wave,flux,model,conti,line
2590.2195006616007,78.67310772743487,62.282946512225074,62.282946512225074,6.816209391633739e-32
2590.8153772537926,78.66533299948833,62.25717163595176,62.25717163595176,7.196631641223565e-32
2591.4128135576075,78.65756352473636,62.23118243405854,62.23118243405854,7.599108687649382e-32
2592.008964669863,78.64979404998441,62.20510529246112,62.20510529246112,8.022884315042407e-32
2592.6066762123,78.64205084120523,62.178818413596865,62.178818413596865,8.47120889557215e-32
2593.2031019710907,78.63432864520428,62.15244970050834,62.15244970050834,8.943237999946162e-32
2593.8010888789518,78.62660119600878,62.12587619197317,62.12587619197317,9.442589914940493e-32
2594.3977894108066,78.61889475959151,62.09922728422961,62.09922728422961,9.968321796028246e-32
2594.9946272128345,75.93689203735177,62.07244245645195,62.07244245645195,1.0523101088676205e-31
2595.5930272424594,65.26990225638383,62.04545992835587,62.04545992835587,1.1109955328507383e-31
2596.1901400073803,61.588600092871275,62.01841090209018,62.01841090209018,1.1727772398464722e-31
2596.788815719615,66.53996185158894,61.991169085631384,61.991169085631384,1.2381280948925328e-31
2597.985155095955,69.40714493520909,61.93637703413574,61.93637703413574,1.3796910487453638e-31
2598.5828181667443,60.55967263428875,61.90883240213344,61.90883240213344,1.4562908119772935e-31
2599.180618729138,62.00036649514186,61.8811705463665,61.8811705463665,1.537110697106053e-31
2599.7799840391613,66.24724334440226,61.85332795822164,61.85332795822164,1.6225904044382287e-31
2600.378060007991,62.622581124619046,61.8254400324015,61.8254400324015,1.712566569631488e-31
2600.977701445328,61.62766284760801,61.79737645608612,61.79737645608612,1.8077263964856014e-31
2601.576052947473,55.66210358784974,61.76927369307447,61.76927369307447,1.9078875835015966e-31
2602.175970639336,70.1025470712748,61.741000505672574,61.741000505672574,2.013814661438005e-31
2602.774597801734,75.69295469483497,61.71269439725263,61.71269439725263,2.1253042154559317e-31
2603.373362677524,67.82340133333447,61.684291034962776,61.684291034962776,2.242918440210966e-31
2603.973694825042,63.26361795019921,61.655725198025294,61.655725198025294,2.3672952574173633e-31
2604.572735551526,70.66883093828801,61.62713584484895,61.62713584484895,2.498194967730346e-31
2605.173344271779,67.13255371695095,61.59838942835686,61.59838942835686,2.6366152209567304e-31
2605.7726609760425,64.92741498395027,61.56962571574134,61.56962571574134,2.782288619266052e-31
2606.3735463964485,68.44142916674856,61.540710668448874,61.540710668448874,2.936324739254006e-31
2606.9731392056333,69.76393665642536,61.51178519703934,61.51178519703934,3.098425311734957e-31
2607.572869950355,66.10961490016507,61.48278327825852,61.48278327825852,3.269405223505226e-31
2608.174170494975,66.77298830900781,61.453638307753195,61.453638307753195,3.4501890047612457e-31
2608.7741775353675,76.10851390357676,61.42449204856569,61.42449204856569,3.6404253540230603e-31
2609.3757550988626,60.96770926842283,61.39520831581211,61.39520831581211,3.841561092630763e-31
2609.9760385622135,67.16220800023348,61.36592947415512,61.36592947415512,4.053204452296852e-31
2610.5778932722073,71.3349570210794,61.336518733016916,61.336518733016916,4.276964091383916e-31
2611.1784532858655,67.39431514860462,61.307119151929115,61.307119151929115,4.512403154083491e-31
2612.3814219614105,61.018807091892995,61.248083923559705,61.248083923559705,5.023197797458704e-31
2612.9823968744736,62.451631667297534,61.21852430211313,61.21852430211313,5.299377599338883e-31
2613.584944844054,65.99433879877417,61.18884648967625,61.18884648967625,5.591336984497984e-31
2614.186196625975,67.34585442880281,61.15919474961888,61.15919474961888,5.898502622289657e-31
2614.7890221891194,68.15918027631687,61.129430529177625,61.129430529177625,6.223204290788871e-31
2615.390550967451,64.62481521779911,61.09969842274122,61.09969842274122,6.564802884550462e-31
2615.9936542520463,68.71864549679323,61.069859521554314,61.069859521554314,6.925887784800649e-31
2616.5954601544013,68.10548737473482,61.04005931341826,61.04005931341826,7.305746631603935e-31
2617.1974045014126,61.03116785868906,61.01022980175938,61.01022980175938,7.706275569513639e-31
2617.8009244424425,62.48352906465652,60.98030251779184,60.98030251779184,8.129625222390427e-31
2618.4031461049294,67.99002741153437,60.95042290990326,60.95042290990326,8.574957508826549e-31
2619.0069440873094,61.44010804228719,60.92045131117794,60.92045131117794,9.045643046354325e-31
2619.609443193031,71.8106390415428,60.890533380068604,60.890533380068604,9.540747909354582e-31
2620.2135193448557,72.92549825671269,60.86052924304161,60.86052924304161,1.006401717404131e-30
2620.8162960216296,65.34426647855345,60.83058473159596,60.83058473159596,1.0614410206359824e-30
2621.4192113663853,61.97001879017762,60.80063135835807,60.80063135835807,1.1194665939348976e-30
2622.023704846754,66.741779080136,60.77060049350236,60.77060049350236,1.1807890483004416e-30
2622.626897954323,69.5444424281891,60.74063814046248,60.74063814046248,1.2452860142560332e-30
2623.231669924551,63.28339097451726,60.710604329013485,60.710604329013485,1.3134446259490622e-30
2623.8351409228994,66.61959502790069,60.68064504666503,60.68064504666503,1.3851285638449166e-30
2624.440191511288,66.89967434897973,60.650620240094696,60.650620240094696,1.46087891793347e-30
2625.043940528439,63.789546776614316,60.62067566901827,60.62067566901827,1.5405438424080554e-30
2625.647828437258,63.50771288855276,60.59074232777751,60.59074232777751,1.6245185534085772e-30
2626.2532970273833,66.36006620393437,60.56075149010281,60.56075149010281,1.7132511894333197e-30
2626.8574631470756,66.67562560106126,60.530848763333765,60.530848763333765,1.80656327995859e-30
2627.4632106762933,69.9450510452175,60.50089422253016,60.50089422253016,1.905158110768249e-30
2628.0676551350307,77.52621453184749,60.47103320098258,60.47103320098258,2.008836930284183e-30
2628.6736817318483,79.67953050052893,60.441125747779346,60.441125747779346,2.118380687200192e-30
2629.278404657861,73.75394805136058,60.411316762092476,60.411316762092476,2.2335680646867433e-30
2629.8832666995886,67.32318689428304,60.381537725487114,60.381537725487114,2.354968743050225e-30
2630.4897119724224,61.20890444338011,60.35172049611177,60.35172049611177,2.4832286006284722e-30
2632.914001004755,68.09562187535403,60.23297584238614,60.23297584238614,3.0686031682364635e-30
2633.519699410644,69.45607844252119,60.20343373711034,60.20343373711034,3.234977427074148e-30
2634.1255371566554,66.0228268728647,60.173940418574844,60.173940418574844,3.410299746534365e-30
2634.732960687688,75.82514082950958,60.144428606618646,60.144428606618646,3.5955000179807635e-30
2635.3390775428616,73.01258046290833,60.115041462411796,60.115041462411796,3.7901999074562195e-30
2635.9467809136263,66.94375915771435,60.085641187054506,60.085641187054506,3.995860686158604e-30
2636.5531770065477,65.66376051840462,60.056370289483844,60.056370289483844,4.212061299765211e-30
2637.1611603459673,59.201721840925984,60.027091536662525,60.027091536662525,4.4404234125689125e-30
2637.7678358052817,59.952308785828336,59.997946793014165,59.997946793014165,4.680478469325686e-30
2638.374650829488,61.08089459837947,59.96886867994115,59.96886867994115,4.933406394129211e-30
2638.983054196748,63.91668984451281,59.93979047154569,59.93979047154569,5.200544572849262e-30
2639.590148780348,66.22103515675009,59.91085298444992,59.91085298444992,5.4813430950353064e-30
2640.198832438751,64.06512410995676,59.88192026848387,59.88192026848387,5.7779049957923574e-30
2640.8062067105384,61.03854334384914,59.85313238532403,59.85313238532403,6.089618468186268e-30
2641.4151707892142,71.18241475749073,59.824354260655745,59.824354260655745,6.418816682198357e-30
2642.022824878041,63.719847391212625,59.795725186355305,59.795725186355305,6.764819030329462e-30
2642.630618756891,65.13197438005683,59.76717878588647,59.76717878588647,7.129320944600385e-30
2643.240003540956,63.4628243410507,59.73864943132884,59.73864943132884,7.514243853625933e-30
2643.8480774301584,54.33967489609131,59.71027509277279,59.71027509277279,7.91878936284732e-30
2644.4577429575043,58.844557142896065,59.68192245760913,59.68192245760913,8.345980946989745e-30
2645.066096986059,61.43049469624521,59.65372862669744,59.65372862669744,8.794930633040202e-30
2645.676043386024,60.36851939069539,59.625561036913986,59.625561036913986,9.268991748139461e-30
2646.2846776829915,68.98381099852078,59.59755583200586,59.59755583200586,9.767176781319407e-30
2646.8934519954796,68.5767987373256,59.56964786134244,59.56964786134244,1.0291919336722718e-29
2647.503819779474,58.44176319693134,59.54177289467793,59.54177289467793,1.0845977036590391e-29
2648.1128745539986,62.42270232486408,59.514065412621996,59.514065412621996,1.1428192029932718e-29
2648.7235235341413,59.536891413339625,59.48639480192107,59.48639480192107,1.2042906521237632e-29
2649.3328588999125,62.63960147498847,59.45889457885353,59.45889457885353,1.2688833165917805e-29
2649.943789205751,66.91088991936205,59.431435275209694,59.431435275209694,1.3370786446058388e-29
2650.553405292036,68.16186991193082,59.40414943108862,59.40414943108862,1.4087335172772224e-29
2651.1631616197005,62.929210090996555,59.376973252541255,59.376973252541255,1.4841968842192208e-29
2651.7745139893036,54.226237412795854,59.349843876737864,59.349843876737864,1.563864101382591e-29
2652.384551231419,62.186487178348216,59.322892204375435,59.322892204375435,1.6475674437512767e-29
2652.9961852507695,60.2106819069918,59.29599165219588,59.29599165219588,1.735929868654039e-29
2653.6065035367533,65.2103520428691,59.26927215964204,59.26927215964204,1.8287649528399219e-29
2654.218419335606,65.68966927396697,59.24260782664106,59.24260782664106,1.9267632020941002e-29
2654.829018794935,58.72839325162477,59.21612712889474,59.21612712889474,2.029717429484333e-29
2655.4397587218673,63.74942287657678,59.18976788436132,59.18976788436132,2.1381274608818583e-29
2656.0520972653167,68.46261530040285,59.163469072508015,59.163469072508015,2.2525595157062412e-29
2656.663118559844,62.794076914174646,59.13735740800259,59.13735740800259,2.3727709029872503e-29
2657.27573920737,63.57621979878968,59.11130959375831,59.11130959375831,2.499654414979788e-29
2657.8870419991176,66.0075768490615,59.08545091525067,59.08545091525067,2.632940391952334e-29
2658.4999448806857,60.11296723500982,59.059659183283564,59.059659183283564,2.773618136504601e-29
2659.1115292993395,54.35893310734264,59.03405841940397,59.03405841940397,2.9213880508020824e-29
2659.7232544121853,70.72873836903273,59.00858822603912,59.00858822603912,3.076965319121576e-29
2660.3365807202804,61.59849711141942,58.98318940733615,58.98318940733615,3.24116001454661e-29
2660.948587654596,63.0745817440129,58.957983968871396,58.957983968871396,3.4136213686283484e-29
2661.56219652183,69.18627962319306,58.93285264066094,58.93285264066094,3.59562754543271e-29
2662.17448540745,65.42982525832713,58.90791615220279,58.90791615220279,3.7867889230274694e-29
2662.7883769639984,61.90006199824256,58.8830564459088,58.8830564459088,3.9885214094621944e-29
2663.400947930818,63.011879613763085,58.85839279343874,58.85839279343874,4.2003922653746094e-29
2664.015122306915,62.685955663772354,58.83380830789289,58.83380830789289,4.4239698526004354e-29
2664.6279754848883,62.69127189666552,58.80942085387996,58.80942085387996,4.658773586873315e-29
2665.24096964893,63.303468684119714,58.785172475285144,58.785172475285144,4.9059353743596225e-29
2665.855568329972,63.05350067424979,58.761006480236084,58.761006480236084,5.1667370716198e-29
2666.468844900134,61.99895863900019,58.7370386575995,58.7370386575995,5.440616360019933e-29
2667.083726726497,64.00628833090197,58.713155205107526,58.713155205107526,5.72959758680405e-29
2667.697285832884,67.21637894252035,58.68947017464724,58.68947017464724,6.033056404931719e-29
2668.3124509350127,70.7308554064398,58.665870880655305,58.665870880655305,6.353234454736333e-29
2668.9262927077893,66.26847150361301,58.64247014147633,58.64247014147633,6.689438582075187e-29
2669.5402756940593,60.314112054653386,58.61921207076385,58.61921207076385,7.043284504769467e-29
2670.1558657855794,66.13141040438813,58.596041937161566,58.596041937161566,7.416601730133334e-29
2670.7701316335206,58.806912750690124,58.57307048900037,58.57307048900037,7.808579607342351e-29
2671.3860053271037,65.1873325443139,58.5501890136632,58.5501890136632,8.222109342262655e-29
2672.00055416703,61.936009608606135,58.52750694830455,58.52750694830455,8.656291151188255e-29
2672.6167115933317,60.611159194156244,58.50491628922736,58.50491628922736,9.114325621153121e-29
2673.2315435556166,63.71441033484462,58.48252502975833,58.48252502975833,9.595214126671419e-29
2673.846516959186,55.321686074072204,58.460279473195094,58.460279473195094,1.0101260568604871e-28
2675.0783567819562,55.65824774304384,58.41617376553062,58.41617376553062,1.1195485077004103e-28
2675.695223942744,58.168250369050384,58.39431409653441,58.39431409653441,1.1786620736440305e-28
2676.310764112749,60.504666434067076,58.372651901739694,58.372651901739694,1.2407185032581942e-28
2676.9279154639453,54.4983476377297,58.351083622265,58.351083622265,1.3061742929700958e-28
2677.5437392130148,63.930011945913066,58.32971180389888,58.32971180389888,1.3748857322814977e-28
2678.1597046315283,58.10593697519789,58.308484670234236,58.308484670234236,1.4471809959983456e-28
2678.7772823443242,63.87262604855642,58.28735168766643,58.28735168766643,1.523431578588334e-28
2679.3935315378144,63.02245954760383,58.266413244581,58.266413244581,1.6034695705507882e-28
2680.01139376837,57.45837568197612,58.24556890753807,58.24556890753807,1.6878828660112302e-28
2680.6279268675717,55.150684084805114,58.22491678983298,58.22491678983298,1.7764852127753485e-28
2681.2460737469637,55.89209895200838,58.204357608895464,58.204357608895464,1.8699270237350778e-28
2681.8628908826718,64.52179481931309,58.18398880598611,58.18398880598611,1.9680017191042823e-28
2682.479849916351,60.816522329030256,58.16376067664052,58.16376067664052,2.071176269819218e-28
2683.0984238451083,56.5987166584564,58.14362478508439,58.14362478508439,2.1799792133812645e-28
2683.7156671115217,59.24697285885259,58.12367637878839,58.12367637878839,2.2941693003698033e-28
2684.334526016995,64.00409774877107,58.1038197383155,58.1038197383155,2.4145835302736046e-28
2684.9520536470886,63.380932291078814,58.084149114505806,58.084149114505806,2.540954384778942e-28
2685.5711976605658,62.97330015292573,58.06457017888729,58.06457017888729,2.6742075950961046e-28
2686.189009785346,60.37738678311007,58.045175248557065,58.045175248557065,2.81404654077736e-28
2686.806964036994,65.60702601717321,58.025916631136816,58.025916631136816,2.961134991824979e-28
2687.42653578871,66.12074641943445,58.0067479453183,58.0067479453183,3.116224125016008e-28
2688.044774731589,59.98386997873559,57.987759502149075,57.987759502149075,3.2789677049987692e-28
2688.6646319197175,62.35620213494849,57.9688596320249,57.9688596320249,3.4505561381931097e-28
2689.283155684984,58.49378032944924,57.95013731344514,57.95013731344514,3.630605611423889e-28
2689.903298441025,59.9054187711995,57.931502206120996,57.931502206120996,3.820432333102794e-28
2690.522107159897,60.786216649622475,57.91304178102902,57.91304178102902,4.019610872637882e-28
2691.1410582349017,59.489591649535214,57.8947101866972,57.8947101866972,4.229083745613113e-28
2691.761629419167,59.86989666959517,57.876463028565844,57.876463028565844,4.4499174287318195e-28
2692.3808656446386,61.68880477907397,57.858386006986365,57.858386006986365,4.6816155684934285e-28
2693.001722725755,53.85962747094982,57.84039160153719,57.84039160153719,4.9258694207481505e-28
2693.6212442330616,60.985002784909284,57.82256428531563,57.82256428531563,5.182128937082465e-28
2694.242387342741,60.61156369013725,57.80481732978894,57.80481732978894,5.452263544014479e-28
2694.8621942633126,59.808155873949545,57.78723356435025,57.78723356435025,5.735663745143452e-28
2695.4821437696514,63.34407587805663,57.76976929235597,57.76976929235597,6.0336664517766415e-28
2696.1037159986536,58.41832344281147,57.752381871907495,57.752381871907495,6.347784192034501e-28
2696.723951115436,59.80198862353791,57.73515263786348,57.73515263786348,6.6773062013843985e-28
2697.34580970247,61.81907349773474,57.71799788147773,57.71799788147773,7.024632789827246e-28
2697.966330561277,60.994164356219244,57.700997798237154,57.700997798237154,7.388976554395246e-28
2698.5884756382666,57.64153881664606,57.68406967831787,57.68406967831787,7.772989877272967e-28
2699.209282370739,56.196574108616915,57.66729247690233,57.66729247690233,8.17580053295638e-28
2699.8302319189847,59.43635577587975,57.650624156127904,57.650624156127904,8.599302869510862e-28
2700.452806807511,58.10244885401108,57.634023733103,57.634023733103,9.045639769616946e-28
2701.074042426919,63.28184653531708,57.61756862183228,57.61756862183228,9.513794573151591e-28
2701.696904135401,62.90638496064003,57.601178612050305,57.601178612050305,1.0007170337818689e-27
2702.3184259577642,58.94123693555002,57.58493007909962,57.58493007909962,1.052464114065312e-27
2702.9415746183404,58.77705359281982,57.5687437914429,57.5687437914429,1.1069966288358322e-27
2703.5633827755123,61.53584751311519,57.552695231536845,57.552695231536845,1.1641898965892041e-27
2704.185333978834,59.819434482666566,57.53674411877802,57.53674411877802,1.2243120563840457e-27
2704.808913144276,59.77440935210598,57.52085095521505,57.52085095521505,1.2876663829119161e-27
2705.4311508802225,62.82447715108447,57.50508966644311,57.50508966644311,1.3541076176528778e-27
2706.0550173282904,64.13019543095244,57.489383235014714,57.489383235014714,1.4241177253125605e-27
2706.677541728867,61.769845811527375,57.47380459603842,57.47380459603842,1.497535887318292e-27
2707.3016955919115,59.0956230704287,57.458277645676695,57.458277645676695,1.5748943630882106e-27
2707.9245067891843,56.98595589533352,57.44287472644299,57.44287472644299,1.6560151234007577e-27
2708.547461263354,66.1218023115407,57.42755728836734,57.42755728836734,1.741277311647822e-27
2709.172046325714,66.62897723338212,57.41228733320678,57.41228733320678,1.831109690305493e-27
2709.7952877947146,63.80515927084207,57.39713569437462,57.39713569437462,1.9253049477682885e-27
2710.4201606031165,65.10999501402422,57.382028214433134,57.382028214433134,2.0245449595405902e-27
2711.0436891991667,63.634614309501565,57.36703507761153,57.36703507761153,2.1286002798740252e-27
2711.668849886175,61.979668908581516,57.35208282531444,57.35208282531444,2.2382237144311333e-27
2712.2926657415533,63.05175661365638,57.33724042017619,57.33724042017619,2.3531613431910665e-27
2712.918114439794,64.69284934052575,57.32243476819929,57.32243476819929,2.474244209012276e-27
2713.5422176868415,65.10529340489438,57.30773429069456,57.30773429069456,2.6011913325377566e-27
2714.166464508021,63.138765275128215,57.29310184991851,57.29310184991851,2.7345936854135502e-27
2714.7923453001185,59.211356199746206,57.27850091528195,57.27850091528195,2.875119455759654e-27
2715.4168797115126,57.93427833661099,57.26399914682566,57.26399914682566,3.0224416490468235e-27
2716.043048846594,57.42108850700015,57.249525490000835,57.249525490000835,3.1776238848273464e-27
2716.667870980695,61.03669421936456,57.23514694341915,57.23514694341915,3.340304404084332e-27
2717.294328591601,60.39045673117153,57.22079293931798,57.22079293931798,3.5116570133456546e-27
2717.919438580963,57.45167785891409,57.206530011064494,57.206530011064494,3.691281529449024e-27
2718.5446923760564,63.20264412095912,57.1923221015851,57.1923221015851,3.880011567683346e-27
2719.1715827778307,57.46819915580045,57.1781336887048,57.1781336887048,4.078789525955535e-27
2719.7971246270513,59.3215261960263,57.16403054701691,57.16403054701691,4.287149906085558e-27
2720.4243038369364,58.23721956040845,57.149943411973084,57.149943411973084,4.506593891098175e-27
2721.05013387299,59.55670121001958,57.13593766044215,57.13593766044215,4.736606656835822e-27
2721.67760202404,64.83828928507137,57.12194537069811,57.12194537069811,4.978844406097821e-27
2722.303720379695,62.07303393546909,57.1080317278311,57.1080317278311,5.232737813635435e-27
2722.9299827730547,58.406036220739225,57.09416170485964,57.09416170485964,5.499461527523586e-27
2723.5578844131087,63.05291231645924,57.08030078229175,57.08030078229175,5.78034328660813e-27
2724.1844353252563,59.9780757051376,57.06651331840671,57.06651331840671,6.0747211596498796e-27
2724.8126262392984,59.23428114079934,57.0527318665337,57.0527318665337,6.384711678761064e-27
2725.4394658031542,64.2892253898208,57.03902051627208,57.03902051627208,6.709583004251111e-27
2726.067946124452,61.17165404076605,57.02531183029621,57.02531183029621,7.051669531354615e-27
2726.695074472998,65.43776808849954,57.01166906586172,57.01166906586172,7.410162202052228e-27
2727.3223470915964,63.93221303443306,56.99805798782846,56.99805798782846,7.786714473469201e-27
2727.951261601161,62.70049650631018,56.98444465988629,56.98444465988629,8.183195020626242e-27
2728.578823203957,61.496884569075064,56.970892361217395,56.970892361217395,8.59866363213812e-27
2729.208027454138,59.712164249782745,56.95733497900213,56.95733497900213,9.036101294095853e-27
2729.8358781742672,60.80053160479429,56.94383582635679,56.94383582635679,9.494468826360488e-27
2730.4653722985486,61.42072900756102,56.930328805900544,56.930328805900544,9.977053073195968e-27
2731.0935122692067,68.32583262048956,56.91687562479184,56.91687562479184,1.0482705572089023e-26
2731.7217967426395,67.91857871234471,56.90344243167234,56.90344243167234,1.1013751313417411e-26
2732.351725755577,63.045746959081505,56.88999604068169,56.88999604068169,1.1572817524537153e-26
2732.980299679369,61.302989157922184,56.87659902695519,56.87659902695519,1.2158570204270091e-26
2733.610518900304,61.991194417442784,56.86318613422938,56.86318613422938,1.2775203453686148e-26
2734.239382407805,62.47479825530036,56.84981988688137,56.84981988688137,1.3421243318912336e-26
2734.869891970436,63.01972263323887,56.836434893922885,56.836434893922885,1.4101312840663685e-26
2735.499045195057,61.56068461698761,56.823093989188706,56.823093989188706,1.4813783577100504e-26
2736.12834315555,58.81423045071006,56.80976454676398,56.80976454676398,1.5561921349576034e-26
2736.7592883083576,58.87824062640493,56.796413552481965,56.796413552481965,1.6349415970450366e-26
2737.3888761861226,63.237451788103506,56.78310347889593,56.78310347889593,1.7174376814991472e-26
2738.0201120150637,61.61851703588173,56.76976974780504,56.76976974780504,1.8042698582766914e-26
2738.6499899436653,62.60953218933583,56.75647474454233,56.75647474454233,1.8952292961440583e-26
2739.2815165826532,62.01998717681773,56.74315432359071,56.74315432359071,1.9909655564068112e-26
2739.911684695718,64.0033360355601,56.72987160077464,56.72987160077464,2.0912479928762872e-26
2740.5419977781294,67.58437047453526,56.71659474156436,56.71659474156436,2.1965348600386853e-26
2741.173960709945,64.10977626370368,56.7032914510953,56.7032914510953,2.3073438286539034e-26
2741.8045641772947,63.058123485461245,56.69002421903226,56.69002421903226,2.423407245057307e-26
2742.436818254133,62.06350989373459,56.67672903348533,56.67672903348533,2.5455527241197518e-26
2743.067712240201,60.7742498724183,56.663468717196245,56.663468717196245,2.673484719324915e-26
2743.7002575961933,60.17886330755119,56.650179284380634,56.650179284380634,2.808114939993114e-26
2744.3314422348217,62.082878422071644,56.63692269687983,56.63692269687983,2.949117069478197e-26
2744.9627720766466,65.67198702108318,56.62366593416117,56.62366593416117,3.097133446420243e-26
2745.5957544292514,62.741319081224,56.61037648495912,56.61037648495912,3.2528895846700715e-26
2746.227375124435,62.10903933097279,56.597117761529844,56.597117761529844,3.4160069892613313e-26
2746.86064909171,61.24818257909374,56.583826143703035,56.583826143703035,3.587646410231434e-26
2747.4925607742484,60.21505256486444,56.57056440538306,56.57056440538306,3.767390040899812e-26
2748.1261264905397,60.38339118449039,56.55726899976718,56.55726899976718,3.9565161920444475e-26
2748.758329294491,60.496828667785856,56.544002674867194,56.544002674867194,4.1545637039002736e-26
2749.3906775358664,58.66570688095862,56.530733149770995,56.530733149770995,4.3624320002819543e-26
2750.0246809536907,61.214677704199865,56.51742841176417,56.51742841176417,4.5811368163516464e-26
2750.657320517601,63.63984649128179,56.50415160086597,56.50415160086597,4.810143506029351e-26
2751.291616020499,64.56924167256513,56.49083911105765,56.49083911105765,5.0510783403332785e-26
2751.924547041157,64.29958994268465,56.47755398771504,56.47755398771504,5.30335132964892e-26
2752.5591347636923,62.465268960371304,56.46423255601675,56.46423255601675,5.568752916148603e-26
2753.1923573753716,61.48238575209371,56.45093844543109,56.45093844543109,5.846632096623306e-26
2753.8257256590796,60.988590716792714,56.437640913435075,56.437640913435075,6.138246949514145e-26
2754.460751789206,60.53923770745632,56.42430862318777,56.42430862318777,6.445018029504817e-26
2755.0944118653824,60.85719256130188,56.411005159807885,56.411005159807885,6.766190952828072e-26
2755.7297305517454,60.65525976247455,56.39766726489065,56.39766726489065,7.104041817291388e-26
2756.3636825548183,58.47256792982216,56.38435883337061,56.38435883337061,7.45773841255872e-26
2756.999293932199,60.34379785710326,56.37101685572285,56.37101685572285,7.829785855098912e-26
2757.6335379966595,57.50350062323333,56.35770552429084,56.35770552429084,8.219266161813963e-26
2758.267927968134,57.98008619316079,56.3443938357253,56.3443938357253,8.62793723223467e-26
2758.903978460301,58.853755486567934,56.33105071910764,56.33105071910764,9.05778368973267e-26
2759.538660694934,59.52842326371138,56.31774018264817,56.31774018264817,9.507742277334544e-26
2760.175004215261,65.22648460335813,56.30439923676062,56.30439923676062,9.980995233223507e-26
2760.8099788476993,62.52403644789684,56.2910920426014,56.2910920426014,1.0476369979003571e-25
2761.4466155311848,62.83502556575786,56.2777557707672,56.2777557707672,1.0997367895155784e-25
2762.081882696135,60.05300201912497,56.26445451619843,56.26445451619843,1.1542695958333438e-25
2762.7188126778387,57.71059205911706,56.25112519911564,56.25112519911564,1.2116206367169753e-25
2763.3543725100703,59.853343853541446,56.237831501157636,56.237831501157636,1.271647341006654e-25
2763.990078552006,61.81300605801971,56.22454238653872,56.22454238653872,1.3346195610790819e-25
2764.6274485594595,60.54826269570777,56.21122712393866,56.21122712393866,1.4008418933145543e-25
2765.2634474708675,59.49590598939449,56.19795000760058,56.19795000760058,1.470149304634323e-25
2765.9011111143814,59.258971155224124,56.18464854603772,56.18464854603772,1.5430306662190843e-25
2766.5374030301864,59.77151484190426,56.1713871014738,56.1713871014738,1.6193040505234317e-25
2767.1753604450387,62.231717183496585,56.15810370550716,56.15810370550716,1.699507149353315e-25
2767.8119455002275,66.47352470000807,56.14486306849391,56.14486306849391,1.7834394292808965e-25
2768.4486770009717,64.86742875528716,56.131634931091945,56.131634931091945,1.8714770462434219e-25
2769.0870751513803,60.09683467452078,56.11838889705052,56.11838889705052,1.9640445215561228e-25
2769.724099994025,62.94832121280024,56.10518922338907,56.10518922338907,2.060909837729213e-25
2770.362792254159,63.00407861984377,56.09197415420267,56.09197415420267,2.1627548517484656e-25
2771.0001105738465,58.5982506096334,56.078807895264646,56.078807895264646,2.2693238750862387e-25
2771.639097079202,64.13113575277839,56.06562885910698,56.06562885910698,2.3813666325623905e-25
2772.2767090111374,63.955342850073976,56.05250108835855,56.05250108835855,2.4986013750116816e-25
2772.91446762486,63.50312684970323,56.03939455253615,56.03939455253615,2.6215518868205926e-25
2773.5538955767233,64.12848288952638,56.02627935457798,56.02627935457798,2.750809208020085e-25
2774.1919480055367,65.20542454637325,56.01321924274717,56.01321924274717,2.886047508415922e-25
2774.8316705415546,64.13931497670592,56.000153281513164,56.000153281513164,3.0282168148243586e-25
2775.4700169208195,60.71540358697439,55.987145360689134,55.987145360689134,3.1769581681368945e-25
2776.1100341767055,65.22561257306143,55.97413477240266,55.97413477240266,3.3333158413918346e-25
2776.748674641845,62.55321269047454,55.96118400417959,55.96118400417959,3.4968944137706354e-25
2777.387462025384,62.52390511803288,55.94826333680331,55.94826333680331,3.6684224700965974e-25
2778.027921439877,64.94462970251834,55.935343725133926,55.935343725133926,3.848722020002727e-25
2778.667003112461,64.37683816866684,55.922488169503794,55.922488169503794,4.0373359931091894e-25
2779.307757586302,61.71322688057626,55.90963704487291,55.90963704487291,4.235586665465799e-25
2779.9471336835095,62.2842018503302,55.896853314335715,55.896853314335715,4.442970652456628e-25
2780.588183352633,60.006931502847245,55.88407753866154,55.88407753866154,4.6609409685366175e-25
2781.2278540101056,62.96939702936879,55.871372817933455,55.871372817933455,4.88894327178328e-25
2781.867671822972,68.46687564118974,55.85871098506518,55.85871098506518,5.127989958674578e-25
2782.509164363949,70.28938744213565,55.846063524829276,55.846063524829276,5.379223064490484e-25
2783.149276940578,68.62901023804217,55.83349231811729,55.83349231811729,5.642002123001308e-25
2783.7910650168646,67.06678897427356,55.820939129139354,55.820939129139354,5.918165585289594e-25
2784.4314724930546,66.77494775057814,55.808465474733985,55.808465474733985,6.207008309683959e-25
2785.0735562408036,68.3149269885862,55.796013471274044,55.796013471274044,6.510549915333021e-25
2785.7142587524145,70.59603216809684,55.7836439813976,55.7836439813976,6.828014123900244e-25
2786.355108656796,72.42781060424386,55.77132880404829,55.77132880404829,7.160806219215205e-25
2786.997635990795,72.99604340643829,55.75904044264427,55.75904044264427,7.5105111846966265e-25
2787.6387811344243,70.89120391714232,55.74683919234931,55.74683919234931,7.876232560062479e-25
2788.2816044804617,71.53562380001813,55.73466854479429,55.73466854479429,8.260523785490815e-25
2788.9230449993543,72.13858547143856,55.72258821142894,55.72258821142894,8.662398185014276e-25
2789.5661644938027,72.51652130075264,55.71054226486298,55.71054226486298,9.08465998250375e-25
2790.207900524038,74.54923968195544,55.698589691338015,55.698589691338015,9.526223305016163e-25
2790.8497841848043,79.02199339084063,55.6867033018571,55.6867033018571,9.989036742162531e-25
2791.4933479810534,83.92999002847819,55.6748565840745,55.6748565840745,1.0475297711030566e-24
2792.135527357317,81.01415185685757,55.663107705819925,55.663107705819925,1.0983752817140026e-24
2792.7793876431024,78.92713120350392,55.65140233300894,55.65140233300894,1.1517944830372553e-24
2793.4218628711005,81.07070249627941,55.639797899823435,55.639797899823435,1.2076494654093373e-24
2794.066019783014,83.66726726222034,55.62824067465049,55.62824067465049,1.2663291839792172e-24
2794.708790999045,82.6949114558379,55.616787543260074,55.616787543260074,1.3276819118402448e-24
2795.3517100837503,82.17094732418765,55.60541287054111,55.60541287054111,1.3919775593895213e-24
2795.9963120141683,81.4792697030639,55.5940917798934,55.5940917798934,1.4595204552706177e-24
2796.6395272913906,84.18587313542095,55.58288006004863,55.58288006004863,1.5301355476548677e-24
2797.2844261896125,84.38920853719539,55.57172593653176,55.57172593653176,1.6043138617957348e-24
2797.9279377958087,80.18369008869378,55.56068408875286,55.56068408875286,1.681862850556789e-24
2798.573133798647,79.640898507746,55.54970337945168,55.54970337945168,1.76332144100046e-24
2799.2169418703347,81.99142465334673,55.53883767033793,55.53883767033793,1.8484778611555117e-24
2799.860898049223,83.77768415864467,55.5280622709578,55.5280622709578,1.937705586187769e-24
2800.506539788427,81.14059099668522,55.51735330707806,55.51735330707806,2.0314256486817406e-24
2801.1507926376216,76.00159563472835,55.506763248299805,55.506763248299805,2.129393836125291e-24
2801.796731823669,70.72730424691828,55.4962429942684,55.4962429942684,2.2322899910392423e-24
2802.4412814798457,67.26839607503825,55.485844111406216,55.485844111406216,2.3398455778156705e-24
2803.08751824977,73.06578481739645,55.47551833516656,55.47551833516656,2.4528065367475345e-24
2803.7323648496676,69.72978038540623,55.4653159418536,55.4653159418536,2.5708776130982513e-24
2804.3773597956783,68.58800905451335,55.45521322560196,55.45521322560196,2.694575041002569e-24
2805.024043020986,67.97578074789182,55.44518748326198,55.44518748326198,2.8244806973557964e-24
2805.669335115863,65.47222379160849,55.43528770938682,55.43528770938682,2.960254258777958e-24
2806.316316267825,66.60881021947216,55.42546799685908,55.42546799685908,3.1028360035701956e-24
2806.9619056484644,62.01496512281983,55.415776090280765,55.415776090280765,3.251851830293973e-24
2807.6091848643373,62.00876635324085,55.40616601102391,55.40616601102391,3.4083331261294405e-24
2808.255071667698,60.83136260365791,55.39668506711508,55.39668506711508,3.5718686958997075e-24
2808.902649084798,61.161384045404255,55.38728996331063,55.38728996331063,3.7435897666307044e-24
2809.548833447903,61.58091992242681,55.378026622435634,55.378026622435634,3.9230444119449684e-24
2810.195166464871,55.838884091131156,55.36887360209641,55.36887360209641,4.1110141407485084e-24
2810.843191263547,62.52227662771975,55.35981043113139,55.35981043113139,4.308379653749404e-24
2811.48982204583,59.38338781514677,55.350881134519554,55.350881134519554,4.5146203562027946e-24
2812.138145389223,59.03612538885955,55.34204427846602,55.34204427846602,4.731160815379977e-24
2812.7850740740005,59.15270428250096,55.333342853222156,55.333342853222156,4.957428996919647e-24
2813.433696099651,55.377264872500746,55.32473531654442,55.32473531654442,5.194986899176695e-24
2814.080922824167,55.750562131019706,55.31626318076324,55.31626318076324,5.443206021808179e-24
2814.7282984423405,59.72388938003724,55.307906596810824,55.307906596810824,5.703164005533459e-24
2815.377368571238,56.918236964280375,55.29964658310993,55.29964658310993,5.97607507213537e-24
2816.025042435052,56.85429508011475,55.29152296828851,55.29152296828851,6.26121556372135e-24
2816.67441159025,58.8597546347537,55.28349747808945,55.28349747808945,6.560551046825355e-24
2817.322383837106,58.54032363323723,55.27560882839626,55.27560882839626,6.87328660880258e-24
2817.9720521563663,57.714206256973284,55.26781950141369,55.26781950141369,7.201576791425004e-24
2818.6203229237294,58.401213788134555,55.26016654880524,55.26016654880524,7.544548489465796e-24
2819.26874282493,56.58608797873786,55.25263132147631,55.25263132147631,7.90368612322781e-24
2819.9188599702743,57.25100582678078,55.24519646076313,55.24519646076313,8.280661977242062e-24
2820.567578598216,57.963065842791366,55.23789757477636,55.23789757477636,8.674471227135822e-24
2821.217995252221,56.04541343519713,55.23069986760157,55.23069986760157,9.087823041733084e-24
2821.867012744527,55.92899739058703,55.223637875557074,55.223637875557074,9.51961400297129e-24
2822.5177290451766,60.877716792441795,55.216678139887755,55.216678139887755,9.972812855165115e-24
2823.1670455395333,57.67261146245937,55.209853773183745,55.209853773183745,1.044620802105401e-23
2823.816511408297,58.24535150558495,55.203148347127,55.203148347127,1.0941842097205558e-23
2824.4676772590324,61.13628428180392,55.19654653046286,55.19654653046286,1.1462015809024377e-23
2825.1174423364137,59.12298170768918,55.190079501386585,55.190079501386585,1.2005335452458224e-23
2825.7689081789476,55.4901717831458,55.18371607725203,55.18371607725203,1.2575531191329969e-23
2826.418972602792,61.50007325817205,55.17748619576936,55.17748619576936,1.317107305050131e-23
2827.070738575331,57.649791585297415,55.17135964482996,55.17135964482996,1.3796047366983913e-23
2827.721102483547,59.56724962469298,55.16536524099663,55.16536524099663,1.44487747208673e-23
2828.371616007126,61.370429669663736,55.15948760871505,55.15948760871505,1.5132062814846769e-23
2829.0238322549208,58.00039504332381,55.153711929113044,55.153711929113044,1.5849073648790424e-23
2829.6746454697713,60.46095460214611,55.14806655009391,55.14806655009391,1.659787625632502e-23
2830.327162193283,58.5101125113315,55.142525068224735,55.142525068224735,1.7383601179361096e-23
2830.978275237473,60.59405479267389,55.13711118148881,55.13711118148881,1.8204129312961072e-23
2831.6310925751295,59.41347286038309,55.13179581928084,55.13179581928084,1.9065079398725405e-23
2832.2825055867906,58.92419557240237,55.12660341145042,55.12660341145042,1.996412607050588e-23
2832.9340684551585,61.4992957853774,55.12152451961955,55.12152451961955,2.0905124666097633e-23
2833.587336794412,59.74300050184093,55.116542862400856,55.116542862400856,2.1892416300963218e-23
2834.239199837484,58.068518470357965,55.11167708592223,55.11167708592223,2.2923328566851728e-23
2834.8927691371514,59.77649487034569,55.10690768763469,55.10690768763469,2.4004910699772087e-23
2835.544932493219,58.511562393029635,55.10225902806305,55.10225902806305,2.5134230830778866e-23
2836.1988028919527,56.906012780542824,55.097708296612716,55.097708296612716,2.6319006651302673e-23
2836.8512666993697,57.86658567153063,55.09327536902708,55.09327536902708,2.755602192875632e-23
2837.5038806052276,58.130464140591364,55.088945394996976,55.088945394996976,2.885056496859686e-23
2838.158202733069,59.70885473721092,55.08470524625293,55.08470524625293,3.0208589420023593e-23
2838.8111172978447,62.549225515804665,55.08057569839374,55.08057569839374,3.162640078843871e-23
2839.4657408715802,61.829290961150946,55.076536239463046,55.076536239463046,3.3113674371181314e-23
2840.118956233786,60.289821283015044,55.07260414651505,55.07260414651505,3.4666358248486215e-23
2840.7738813922915,60.79465328008337,55.06875859098199,55.06875859098199,3.629504201203966e-23
2841.427397690505,60.465325260018744,55.06501700472678,55.06501700472678,3.799528213509329e-23
2842.081064329284,58.80012562332059,55.061369166333186,55.061369166333186,3.9774324869080734e-23
2842.736441945583,61.26551812113667,55.0578041267949,55.0578041267949,4.164032678350714e-23
2843.3904097282725,61.52529909844179,55.05433578382161,55.05433578382161,4.358818598243396e-23
2844.0460892767283,60.39825772509084,55.05094389350142,55.05094389350142,4.5631168161540437e-23
2844.7003583420656,59.20761592522058,55.04764063712492,55.04764063712492,4.776367959079838e-23
2845.3563399617788,55.78842190420255,55.04441217093504,55.04441217093504,5.00002351836972e-23
2846.010910448564,57.124571940147696,55.041274639490304,55.041274639490304,5.2334702510459885e-23
2846.6656315184296,58.82922306797991,55.0382119604022,55.0382119604022,5.477700023151449e-23
2847.3220663257966,59.873348018420074,55.03521271556634,55.03521271556634,5.733829117457303e-23
2847.9770890253485,59.49915246363162,55.03229233530318,55.03229233530318,6.001153760852817e-23
2848.6338262519203,57.42923095856577,55.029442297942175,55.029442297942175,6.281490887366065e-23
2849.2891507201193,56.29142053636997,55.026669352189565,55.026669352189565,6.574069119913972e-23
2849.9461905052203,61.04522540732751,55.02395374506492,55.02395374506492,6.880875894269393e-23
2850.601816881091,58.2477101899417,55.0213160245516,55.0213160245516,7.201065810934484e-23
2851.2575940829483,56.398638237308205,55.018739631041306,55.018739631041306,7.535995106278357e-23
2851.915087786741,57.14487028392159,55.01620662952423,55.01620662952423,7.887189881264188e-23
2852.5711671048443,57.78723616772505,55.01373498020582,55.01373498020582,8.253680388911343e-23
2853.2289637156746,58.52742178740164,55.011306613267635,55.011306613267635,8.637952575192433e-23
2853.8853452892085,57.99491596139933,55.00892673555077,55.00892673555077,9.038943872169982e-23
2854.5434449466256,57.09843729721934,55.006593189207706,55.006593189207706,9.459372691023368e-23
2855.2001289148393,56.40285129934409,55.00431140713832,55.00431140713832,9.89807486234615e-23
2855.8569639523366,55.02042587253346,55.002065458299235,55.002065458299235,1.0356902895783156e-22
2856.5155182606627,52.07473379623707,54.99985005479307,54.99985005479307,1.0837940968622632e-22
2857.172655901751,48.07085396766752,54.997675094329395,54.997675094329395,1.1339854302760474e-22
2857.831513605735,45.388851245427766,54.995527803399796,54.995527803399796,1.1866040618242932e-22
2858.488953989822,50.27596643469542,54.99341485522794,54.99341485522794,1.2415037833506219e-22
2859.148115229238,55.76588044635219,54.99132434592523,54.99132434592523,1.299056027922215e-22
2859.805858495799,54.98901176907385,54.989262674329844,54.989262674329844,1.359100657189652e-22
2860.4653234104853,51.32827586225768,54.98721154863876,54.98721154863876,1.4220436807011744e-22
2861.123369699057,53.887285540300134,54.985182467966126,54.985182467966126,1.487709718355453e-22
2861.7815673703135,54.40592293266809,54.98317304909458,54.98317304909458,1.5563749634100836e-22
2862.441487879102,56.3651123496361,54.98117014044812,54.98117014044812,1.6283500805769752e-22
2863.0999887817134,55.04930793621588,54.97917744853776,54.97917744853776,1.703434108947154e-22
2863.7602133155683,54.70240272715865,54.977182791624024,54.977182791624024,1.782134026778363e-22
2864.4190175892327,57.47657274792664,54.97519444633427,54.97519444633427,1.8642297950758604e-22
2865.079546288217,56.45335551182916,54.97319706782771,54.97319706782771,1.9502754199061344e-22
2865.7386540726984,53.2808094817201,54.97119637257054,54.97119637257054,2.0400299945273659e-22
2866.3979134840597,54.43633892916159,54.96919240436503,54.96919240436503,2.1338698697880714e-22
2867.0588985120667,54.59803751086565,54.96717143980581,54.96717143980581,2.232218295880801e-22
2867.718461643926,55.43935763218178,54.96513257326945,54.96513257326945,2.3347993568413424e-22
2868.379751187422,56.22016095218442,54.963069340508305,54.963069340508305,2.442304312685045e-22
2869.039618179703,51.907582398581326,54.960990207549216,54.960990207549216,2.5544311478919044e-22
2869.701212378978,55.82071329115343,54.95888053448043,54.95888053448043,2.6719350174904575e-22
2870.3613833716704,55.84588134628303,54.95674598894821,54.95674598894821,2.7944853670805664e-22
2871.0217062358315,56.70597638495111,54.95457452136832,54.95457452136832,2.9225944861094e-22
2871.683757500235,56.92520795345945,54.95235516131025,54.95235516131025,3.056838404035524e-22
2872.3443845748266,53.699441809278596,54.95009885064809,54.95009885064809,3.1968387066007974e-22
2873.0067408459336,51.66526303998853,54.9477926506545,54.9477926506545,3.343536929627536e-22
2873.6676722711054,55.640875428639,54.94544412176681,54.94544412176681,3.4965189930376174e-22
2874.3303336894323,53.21866419009348,54.94303960330588,54.94303960330588,3.656813152286222e-22
2874.9915696053986,53.297467361664985,54.940584995579805,54.940584995579805,3.8239663403604723e-22
2875.652957637818,53.959117722692554,54.93806917546321,54.93806917546321,3.9986751526351553e-22
2876.316076858566,52.648366882437585,54.935484365968165,54.935484365968165,4.1817227202578127e-22
2876.9777695921384,54.92223841304122,54.93284028471391,54.93284028471391,4.3725906208560475e-22
2877.641194311597,54.92601020673419,54.930120249588555,54.930120249588555,4.57255993235875e-22
2878.303191886698,53.266783452249,54.927332090406225,54.927332090406225,4.781063547729616e-22
2878.96692224561,55.12760680110978,54.92445878725259,54.92445878725259,4.999500117476089e-22
2879.6292248026803,57.496792293782164,54.921511672848325,54.921511672848325,5.227249333271856e-22
2880.2916797215835,56.606785565298196,54.918482183515074,54.918482183515074,5.465257407045252e-22
2880.9558686213986,55.204839267508305,54.915356597630065,54.915356597630065,5.71458790995879e-22
2881.6186287329692,56.19591745929711,54.91214501993964,54.91214501993964,5.974531385608546e-22
2882.283123624295,51.81253109624049,54.90883466745118,54.90883466745118,6.24682906951324e-22
2882.9461890691346,49.66618086354356,54.905434886560364,54.905434886560364,6.530705122837159e-22
2883.6109900929423,50.58430268930442,54.901921376767,54.901921376767,6.828060013986762e-22
2884.274361011718,52.13759352232364,54.8983107277568,54.8983107277568,7.138045386046959e-22
2884.9378845381016,53.98689661551771,54.89458991105954,54.89458991105954,7.461945161759369e-22
2885.6031448424856,51.759463324810895,54.89074521761448,54.89074521761448,7.801202256448714e-22
2886.266974053843,53.15776915877177,54.88679718334094,54.88679718334094,8.154846844663249e-22
2886.9325408433338,54.65493486112837,54.88272040290397,54.88272040290397,8.525243118330314e-22
2887.596675880495,55.90570997910936,54.87852590633157,54.87852590633157,8.911330838093184e-22
2888.2625492962898,55.98053648240011,54.8741928398897,54.8741928398897,9.315689621600901e-22
2888.926990300147,52.748792202811735,54.86974036496003,54.86974036496003,9.737160489852832e-22
2889.5915841577844,56.15413354977909,54.86515602766852,54.86515602766852,1.0177483774370911e-21
2890.2579175950223,55.48954139979878,54.860426045859285,54.860426045859285,1.0638614973072992e-21
2890.9228176307342,58.18955207298495,54.85556798573692,54.85556798573692,1.1119229782609557e-21
2891.589458047471,57.621282498428634,54.85055458094515,54.85055458094515,1.1622534850074535e-21
2892.2546644023146,52.348877007465035,54.845410001433784,54.845410001433784,1.2147082862651952e-21
2892.921611939975,54.55162028374707,54.84010401101166,54.84010401101166,1.26963716064001e-21
2893.587124755071,51.26717595634819,54.834655841750426,54.834655841750426,1.3268819474062283e-21
2894.2527906705154,55.331935056655766,54.82905337153061,54.82905337153061,1.3866782966988246e-21
2894.9201989716803,53.52838728806592,54.8232768647284,54.8232768647284,1.4492909463860261e-21
2895.5861715590963,50.69143633912972,54.817346757684014,54.817346757684014,1.514539259116568e-21
2896.253887334949,52.60335751146068,54.81123339947403,54.81123339947403,1.582857707901166e-21
2896.9201667356206,50.912259625589286,54.804965637994165,54.804965637994165,1.6540489382040533e-21
2897.5881901278144,51.45202011327684,54.798511449380825,54.798511449380825,1.7285867274223613e-21
2898.25477648309,55.61788744925116,54.791895598713666,54.791895598713666,1.8062554759363994e-21
2898.9215161856805,53.30486911279787,54.78510080039507,54.78510080039507,1.887373930664135e-21
2899.5900010846376,50.90888707468275,54.77810912490708,54.77810912490708,1.9723001195772117e-21
2900.2570479538927,53.27609736620116,54.77094969023343,54.77094969023343,2.0607879186808534e-21
2900.9258408235255,52.849364612633515,54.76358249179443,54.76358249179443,2.1534253825285945e-21
2901.5931950009576,56.349951630140374,54.756037124706694,54.756037124706694,2.2499436932250904e-21
2902.2622959831488,54.496456487688654,54.748274570550215,54.748274570550215,2.350983910659764e-21
2902.929957610334,53.833177636347955,54.740332007268364,54.740332007268364,2.4562524566817745e-21
2903.5977728321986,54.972621802051435,54.732191797730565,54.732191797730565,2.5661800233583254e-21
2904.26733606561,54.90906340108859,54.72383158574179,54.72383158574179,2.681250292785704e-21
2904.935458949631,54.07349552781398,54.71528693732487,54.71528693732487,2.8011282788442952e-21
2905.605330650507,53.64921076291057,54.70651343108908,54.70651343108908,2.926609070240567e-21
2906.273761338424,51.429778087516304,54.69755235135587,54.69755235135587,3.0573269073714815e-21
2906.9439416488744,52.636647005377654,54.68835874177044,54.68835874177044,3.1941482851529333e-21
2907.612680282493,53.95539846094516,54.67897276269869,54.67897276269869,3.3366738790386966e-21
2908.281572758555,53.12659670226186,54.66936888711986,54.66936888711986,3.4854850291763284e-21
2908.9522160658844,54.652954406779834,54.659522126320816,54.659522126320816,3.641234483050464e-21
2909.6214167003927,53.507295711913684,54.64947778855133,54.64947778855133,3.8034668058099826e-21
2910.2923689727763,51.69716043734752,54.63918299078373,54.63918299078373,3.973255879753956e-21
2910.9618779076995,53.07210006191235,54.62868618086961,54.62868618086961,4.150104586379743e-21
2911.6331392874768,55.0652408753117,54.617937182522965,54.617937182522965,4.335182900618658e-21
2912.3029566648497,54.48007177386081,54.60698251715963,54.60698251715963,4.527948253504108e-21
2912.974527294426,53.08138770989172,54.59576579275589,54.59576579275589,4.729675201615392e-21
2913.644653256347,53.73737512718526,54.58433806434683,54.58433806434683,4.939771622772414e-21
2914.3149333798647,53.946184357689624,54.57267287420148,54.57267287420148,5.159091100468076e-21
2914.9869679668277,54.84624570055849,54.560742193998635,54.560742193998635,5.3885918424260345e-21
2915.6575568880808,54.80487154021603,54.54860174508052,54.54860174508052,5.627598930852897e-21
2916.3299010810597,53.44641644017565,54.5361882974465,54.5361882974465,5.8776904500312074e-21
2917.0007989423107,53.91786438582495,54.523555672496556,54.523555672496556,6.138130005203197e-21
2917.6734528839406,54.62825388596593,54.51064111927656,54.51064111927656,6.410636225572057e-21
2918.344659827518,53.79200835059328,54.49750890094482,54.49750890094482,6.6944057110629435e-21
2919.016021181371,55.01587660604582,54.484129678385735,54.484129678385735,6.990587842115724e-21
2919.6891398287985,55.88379365141145,54.47046977747548,54.47046977747548,7.30047264405342e-21
2920.3608104785085,54.9153357153914,54.45659182687299,54.45659182687299,7.623144805806416e-21
2921.034239231378,55.96498702650706,54.442425424198646,54.442425424198646,7.96073063897536e-21
2921.706219319438,56.540059488016595,54.428034177009316,54.428034177009316,8.312231769359204e-21
2922.379958320614,56.65394874604408,54.4133480190474,54.4133480190474,8.679963182720404e-21
2923.052247989582,56.96353000776344,54.398435860511675,54.398435860511675,9.062836000707e-21
2923.7246923179055,57.776388320961814,54.38326070135623,54.38326070135623,9.462396275351704e-21
2924.398896774497,57.81845590298599,54.36778079739161,54.36778079739161,9.880378924376687e-21
2925.0716508976034,55.250547313361494,54.352070991736426,54.352070991736426,1.0315543970978059e-20
2925.7461659598684,53.11634246648374,54.33605747397953,54.33605747397953,1.077075339567212e-20
2926.4192300204804,56.239708089136464,54.31981115757993,54.31981115757993,1.1244655116386597e-20
2927.0940558315156,57.20634841983929,54.30325449788702,54.30325449788702,1.1740364129209192e-20
2927.767429972421,55.846522236019155,54.28646823861773,54.28646823861773,1.2256406242519885e-20
2928.4409590221626,55.841631511885225,54.26941196060362,54.26941196060362,1.2794858888732287e-20
2929.1162510394397,56.24992555255267,54.25204417152608,54.25204417152608,1.3358052849498263e-20
2929.7900903836953,52.649669674688084,54.234448207162515,54.234448207162515,1.3944310149613773e-20
2930.465693507685,55.51685275830823,54.216539310107336,54.216539310107336,1.4557478916679404e-20
2931.139843289407,58.085134324746384,54.1984014873725,54.1984014873725,1.5195730040265706e-20
2931.8157576634353,57.27104151082677,54.179946235851375,54.179946235851375,1.586325058540311e-20
2932.490218025642,55.666905007676185,54.16125904560855,54.16125904560855,1.6558046870906632e-20
2933.1648335465693,56.02459502516194,54.14229871444101,54.14229871444101,1.728290740660977e-20
2933.8412148788784,57.048920685311266,54.12302204925735,54.12302204925735,1.804096018955666e-20
2934.516141194856,55.03429955936235,54.10351954776944,54.10351954776944,1.8829937001893316e-20
2935.1928341357243,55.92600832288326,54.08369863120618,54.08369863120618,1.9655006471399984e-20
2935.8680713899357,56.58915584435999,54.06365388440152,54.06365388440152,2.051369685071941e-20
2936.545076082921,53.92254498217654,54.04328661005584,54.04328661005584,2.1411630321857884e-20
2937.2206244186154,53.36415141339012,54.022693397511,54.022693397511,2.2346113584391906e-20
2937.8963281633164,55.760537947486235,54.00182654394014,54.00182654394014,2.332088567667176e-20
2938.573800567834,56.176023611504206,53.980634058604345,53.980634058604345,2.434014006439771e-20
2939.24981560893,55.88834817109364,53.95921686341684,53.95921686341684,2.5400813998949538e-20
2939.9276001246635,55.13294929997574,53.93747251448265,53.93747251448265,2.6509842441371304e-20
2940.603926605568,54.44448138072722,53.915502140655676,53.915502140655676,2.766388885710918e-20
2941.282023376307,55.863500560832115,53.893198120999116,53.893198120999116,2.8870494491405745e-20
2941.9586614405007,56.94416147942639,53.870667817548565,53.870667817548565,3.012602487237739e-20
2942.635455164392,54.15435269845784,53.84786679240366,53.84786679240366,3.14354882973149e-20
2943.3140204011293,55.05529657801254,53.82473782004022,53.82473782004022,3.2804500698396803e-20
2943.9911259235687,55.27175445979401,53.8013870439251,53.8013870439251,3.422893097840595e-20
2944.670003774989,52.70680867190049,53.77770718219481,53.77770718219481,3.571807427322302e-20
2945.3474212396213,55.74179454930163,53.75380985006835,53.75380985006835,3.726743159647677e-20
2946.026611849745,56.07818811604739,53.72957924607282,53.72957924607282,3.8887107665497036e-20
2946.704341400283,54.26271559580983,53.705135170969626,53.705135170969626,4.0572203278081854e-20
2947.3822268616123,54.581552986341194,53.68042241737826,53.68042241737826,4.2329419790533905e-20
2948.0618866934187,54.52715615668831,53.655381923324406,53.655381923324406,4.416627018899907e-20
2948.7400844562594,53.4163366481339,53.6301344329863,53.6301344329863,4.607718842402159e-20
2949.4200574070283,56.07024003268043,53.604557981239616,53.604557981239616,4.807461993928965e-20
2950.098567615257,56.59081060064591,53.57877418390435,53.57877418390435,5.0152504892218626e-20
2950.778853829241,56.778286608048354,53.55266567839631,53.55266567839631,5.232436862275171e-20
2951.457676626801,55.02584716931779,53.52635829698737,53.52635829698737,5.458361427405464e-20
2952.136655586653,54.48236216668829,53.49978846088413,53.49978846088413,5.693919915868839e-20
2952.8174117792228,55.265608222160616,53.4728895216339,53.4728895216339,5.940116354394496e-20
2953.4967035443597,52.89932774607906,53.44579068960008,53.44579068960008,6.196201614352198e-20
2954.1777733609847,56.51191812476691,53.4183648489745,53.4183648489745,6.463840288200588e-20
2954.8573780755155,54.17222931954029,53.39074311249671,53.39074311249671,6.74221704161189e-20
2955.538761660682,50.90657041588247,53.36279529511959,53.36279529511959,7.033140360370782e-20
2956.218679468783,52.875078999997186,53.3346569778073,53.3346569778073,7.335722932178482e-20
2956.898753691082,57.008323997763455,53.30626455514593,53.30626455514593,7.651160767933851e-20
2957.580608012957,54.719318013636894,53.27755197594002,53.27755197594002,7.980794222815202e-20
2958.260995545128,53.02250990528046,53.24865790182186,53.24865790182186,8.323616148296438e-20
2958.9431639969657,52.71527682152873,53.219444731456726,53.219444731456726,8.681850613753792e-20
2959.6238649833504,53.11044838218914,53.19004972195262,53.19004972195262,9.054401802440988e-20
2960.3063477098704,55.417288961841685,53.160334065386074,53.160334065386074,9.443685313530262e-20
2960.9873622948767,57.29898325268323,53.130448790370636,53.130448790370636,9.848508961634726e-20
2961.668533546393,54.28927574749741,53.100319728926245,53.100319728926245,1.027046801940731e-19
2962.3514877689677,56.36833255790044,53.069871098630244,53.069871098630244,1.0711349947243509e-19
2963.032972835757,57.07994605237354,53.0392618719819,53.0392618719819,1.116980217891288e-19
2963.716241695018,53.568726569080354,53.00834463046222,53.00834463046222,1.1648793177010673e-19
2964.398040721655,52.05244974492007,52.97726130806585,52.97726130806585,1.2146851753928204e-19
2965.0816243625554,54.28767352315709,52.94587050957197,52.94587050957197,1.2667201037112566e-19
2965.7637374936803,53.276396798290996,52.91432606913369,52.91432606913369,1.3208240956370205e-19
2966.4476360612402,55.3004263956941,52.88247945010018,52.88247945010018,1.3773470850902828e-19
2967.130063441561,54.001363913331716,52.85048424158343,52.85048424158343,1.436115063167169e-19
2967.8126478134045,52.62195382019764,52.81826509473978,52.81826509473978,1.4973587104745967e-19
2968.497018855159,54.46777404539944,52.785745424950875,52.785745424950875,1.5613364343643464e-19
2969.179917693298,56.21070520197919,52.75308499885806,52.75308499885806,1.6278509352377473e-19
2969.8646040244676,52.62013096168585,52.72013138906214,52.72013138906214,1.6973318216212196e-19
2970.5478174737777,54.919259851726565,52.687044580425955,52.687044580425955,1.7695645762158054e-19
2971.232819239615,55.66485100860382,52.65367059597176,52.65367059597176,1.845015483330242e-19
2971.916347445038,51.820657788222434,52.62016648289327,52.62016648289327,1.9234513261253205e-19
2972.600032895226,50.586304156431204,52.58645262321151,52.58645262321151,2.0051790525765895e-19
2973.285507897406,53.61286916295512,52.552456894303596,52.552456894303596,2.0905424376355248e-19
2973.9695083211573,52.364079752517235,52.51834347666666,52.51834347666666,2.17927717199466e-19
2974.6552991213466,55.4172101639233,52.483950507176296,52.483950507176296,2.2719552754847796e-19
2975.3396146637683,57.77267956560354,52.4494487705523,52.4494487705523,2.36828946258111e-19
2976.025721407454,56.62434174151258,52.41467376159889,52.41467376159889,2.4689003998211477e-19
2976.7103522137218,53.685347488278246,52.37979222543858,52.37979222543858,2.5734758558551197e-19
2977.3951405184075,52.45472887781807,52.344732719629334,52.344732719629334,2.682423831257901e-19
2978.081721261815,54.14342605377624,52.309411278115434,52.309411278115434,2.796201188444463e-19
2978.7668250481474,54.24209680716786,52.27399282507137,52.27399282507137,2.9144542340486206e-19
2979.4537220989787,55.5238132410982,52.23831198529306,52.23831198529306,3.037943805775961e-19
2980.1391415123003,55.495577320346456,52.2025436987538,52.2025436987538,3.1662855832626963e-19
2980.8263550162774,54.675732258385324,52.166520995374476,52.166520995374476,3.300304860350274e-19
2981.512090201998,54.70176183742251,52.13041614833035,52.13041614833035,3.4395840746620607e-19
2982.197983140197,55.10475540478047,52.094146535200906,52.094146535200906,3.584664976382195e-19
2982.8856714085055,55.8221211472951,52.05762969718518,52.05762969718518,3.7361540761832134e-19
2983.5718803372565,53.804080191688634,52.0210444726401,52.0210444726401,3.8935785825608705e-19
2984.2598854232247,53.53274218635489,51.98421848398254,51.98421848398254,4.0579494129588707e-19
2984.946410488103,53.287654394229776,51.947330528969104,51.947330528969104,4.228752995344808e-19
2985.634732537688,51.4455744435536,51.9102131066672,51.9102131066672,4.407085559480986e-19
2986.3215738843387,52.14774269421059,51.87304516358471,51.87304516358471,4.592389284755186e-19
2987.0085732379384,53.63124483752063,51.83573814915768,51.83573814915768,4.785382758627844e-19
2987.697370817699,52.88524393146781,51.79820553964683,51.79820553964683,4.986870309227744e-19
2988.3846866715753,50.712485889725485,51.76063223277376,51.76063223277376,5.196220629275928e-19
2989.073801580054,51.55458873703083,51.72284488904717,51.72284488904717,5.414775501035048e-19
2989.7614340800187,54.249924067059965,51.68502581169499,51.68502581169499,5.641849376709414e-19
2990.4508664634095,51.74467558212883,51.64699711328041,51.64699711328041,5.878896835109292e-19
2991.1388157553406,52.237992576725,51.608942697318874,51.608942697318874,6.125173493691321e-19
2991.826923309102,52.492483587109746,51.57077502255887,51.57077502255887,6.381631496062486e-19
2992.5168319897466,52.72352959018008,51.53241054167779,51.53241054167779,6.64933638239802e-19
2993.205256554332,52.608085386563296,51.49403837406232,51.49403837406232,6.927446097838429e-19
2993.8954830755792,52.02000076213244,51.45547358722223,51.45547358722223,7.217739704304861e-19
2994.5842247970354,52.24250507085071,51.41690779333671,51.41690779333671,7.519303083081105e-19
2995.274769305314,52.942461726598594,51.378165191980564,51.378165191980564,7.834064272121433e-19
2995.963828329754,54.69761181372132,51.33942717809498,51.33942717809498,8.161031009530443e-19
2996.6530458713178,53.80121194745971,51.3006074948301,51.3006074948301,8.501463576662621e-19
2997.3440674451663,51.36045693212282,51.26162199597352,51.26162199597352,8.856772067785095e-19
2998.0336025089246,50.48664580246259,51.222658312483034,51.222658312483034,9.225834545759739e-19
2998.7249424360843,51.600969191787506,51.1835287390016,51.1835287390016,9.61100737639863e-19
2999.4147951683203,53.21100503242724,51.14442136464153,51.14442136464153,1.0011072983847943e-18
3000.1064535954565,51.21146057486113,51.10516130745986,51.10516130745986,1.0428584284100344e-18
3000.796624142519,50.170235387817236,51.06594056010806,51.06594056010806,1.0862220027032754e-18
3001.486953462408,51.67354732780723,51.02666687278892,51.02666687278892,1.1313646595467227e-18
3002.1790897246706,53.193123158150236,50.98724895024357,50.98724895024357,1.1784728085025714e-18
3002.86973707895,51.81708036272813,50.947877867682344,50.947877867682344,1.2273971270578118e-18
3003.5621922080613,49.0874574318159,50.90837029240532,50.90837029240532,1.278449387109685e-18
3004.2531577432496,51.27745120490454,50.868920826817885,50.868920826817885,1.3314675875056904e-18
3004.9459318861095,51.5485212973158,50.829347738505774,50.829347738505774,1.3867894041420803e-18
3005.6372157487926,50.46756619982625,50.78984466473579,50.78984466473579,1.444239096286643e-18
3006.32865864042,50.382396156449886,50.75032017076518,50.75032017076518,1.504036766067841e-18
3007.021911389203,48.80105851768303,50.71068480657713,50.71068480657713,1.5664285805325185e-18
3007.7136728282426,50.53352005750776,50.671131570603066,50.671131570603066,1.6312160167175477e-18
3008.4072449582386,52.49186371015185,50.63147228803768,50.63147228803768,1.6988111472677936e-18
3009.0993250914453,51.61344027566929,50.59190411793233,50.59190411793233,1.7689986598535655e-18
3009.7932167497925,49.4262096829184,50.55224733387845,50.55224733387845,1.842224730427838e-18
3010.485615723988,48.99731786638723,50.51269192238554,50.51269192238554,1.9182558580854727e-18
3011.178173983658,50.32694343469075,50.47314526543381,50.47314526543381,1.9973824557085905e-18
3011.8725450199686,49.16570901795877,50.433517123034115,50.433517123034115,2.0799292614508468e-18
3012.5654223409,49.05428876137376,50.39400296013377,50.39400296013377,2.165632627005149e-18
3013.260113273618,49.410996431477095,50.35441960221834,50.35441960221834,2.255036620322734e-18
3013.953309802803,48.74792245472418,50.3149607781629,50.3149607781629,2.347855384627722e-18
3014.648320779304,48.53229457768294,50.2754446687152,50.2754446687152,2.4446778378654614e-18
3015.3418366638016,51.19612649994497,50.236062569763895,50.236062569763895,2.5451940715092384e-18
3016.0355120907166,49.59972269918444,50.19672155530902,50.19672155530902,2.6497868659354085e-18
3016.731003218467,47.84187247005866,50.15732956448438,50.15732956448438,2.7588841566910377e-18
3017.4249982213228,48.00133844407538,50.11807846132148,50.11807846132148,2.8721361854392267e-18
3018.120809761505,49.30335322177962,50.078788602350926,50.078788602350926,2.990260539921563e-18
3018.8151244875294,49.79429577243536,50.03965788217864,50.03965788217864,3.112878117372873e-18
3019.511256587759,48.83149552695477,50.00050043861775,50.00050043861775,3.24076542575595e-18
3020.2058911842487,49.76798252089202,49.96150290384299,49.96150290384299,3.3735115922968106e-18
3020.902343992206,50.03648905435875,49.92248950938499,49.92248950938499,3.5119568107610654e-18
3021.597298606526,49.78881669051089,49.88365134003654,49.88365134003654,3.655655815374696e-18
3022.29241309424,49.26382293272719,49.8448982921836,49.8448982921836,3.805153715009441e-18
3022.9893470495417,48.707005322308305,49.80614320775635,49.80614320775635,3.9610597618561985e-18
3023.6847817761713,48.69847413434536,49.7675722605847,49.7675722605847,4.122871735510061e-18
3024.3820368086162,48.43565155739089,49.72900443154707,49.72900443154707,4.2916124095650024e-18
3025.0777919216953,48.54085203161867,49.69063328699253,49.69063328699253,4.466737644630503e-18
3025.7753681792024,51.21619895635286,49.65227966357249,49.65227966357249,4.649353764602997e-18
3026.471443826332,52.18137364577388,49.61412925549137,49.61412925549137,4.838871264453068e-18
3027.1676796047486,49.71838185787101,49.576099344105494,49.576099344105494,5.036006898663647e-18
3027.8657377857403,49.69557248709816,49.53810361634192,49.53810361634192,5.241561596859101e-18
3028.5622943196504,49.05002316739228,49.500324756641895,49.500324756641895,5.454870758402108e-18
3029.260674095715,48.57626906933183,49.46258627065193,49.46258627065193,5.677280105838932e-18
3029.95755153289,48.285373420656924,49.4250745470868,49.4250745470868,5.9080697892050326e-18
3030.6562530521865,49.111821748178045,49.38761658732818,49.38761658732818,6.1486950248186915e-18
3031.3534515404667,50.428997245378014,49.350392670428405,49.350392670428405,6.398376189463467e-18
3032.0508104183427,49.468807837592976,49.31331845985498,49.31331845985498,6.6580547383603036e-18
3032.7499946385146,48.61790063620765,49.27631253626496,49.27631253626496,6.928782471529441e-18
3033.4476747892954,50.4203609935239,49.239555853606134,49.239555853606134,7.209680859721458e-18
3034.1471811233064,50.40282583008775,49.202872467104605,49.202872467104605,7.502518683471098e-18
3034.8451826950013,48.54142462982554,49.1664392412128,49.1664392412128,7.806344674765755e-18
3035.545011291249,48.46205411324173,49.13009530884353,49.13009530884353,8.123070953874013e-18
3036.243334431937,50.878765257084524,49.09401915197503,49.09401915197503,8.451667582718259e-18
3036.941818220946,48.934573710580935,49.05812570736117,49.05812570736117,8.793369857130194e-18
3037.642130296715,49.29724900970269,49.0223343965884,49.0223343965884,9.149557568800403e-18
3038.340935876875,49.818449961015176,48.98681888385302,48.98681888385302,9.519070656713852e-18
3039.041570586085,50.52219417003971,48.95141387065159,48.95141387065159,9.904231508660136e-18
3039.7406981056442,51.300423424708704,48.91629558755289,48.91629558755289,1.0303784404225308e-17
3040.4416555969333,49.39207967787206,48.88129921202825,48.88129921202825,1.0720239178636562e-17
3041.141105204209,49.37111943158379,48.84659286084679,48.84659286084679,1.1152236684273633e-17
3041.8407157189476,51.484516374815485,48.812097977475354,48.812097977475354,1.1601396060804715e-17
3042.5421574696597,50.79942625966806,48.77773859791651,48.77773859791651,1.2069525462082981e-17
3043.242090294631,49.74249927408892,48.74368330564664,48.74368330564664,1.2555094735929423e-17
3043.9438551992253,50.78752252079858,48.70977303766935,48.70977303766935,1.3061149938149674e-17
3044.6441104829178,50.418737756405335,48.67617240837735,48.67617240837735,1.3586035252182126e-17
3045.3461986902707,51.31984448499134,48.6427249659473,48.6427249659473,1.4133041599645604e-17
3046.04677658124,48.336508016489006,48.609595715173405,48.609595715173405,1.4700377337958754e-17
3046.747515639232,48.84180229467848,48.57671025237798,48.57671025237798,1.529016248568053e-17
3047.4500888871685,50.116369130814746,48.54399431254372,48.54399431254372,1.5904764045319524e-17
3048.1511507753125,49.198909207568256,48.511603624552464,48.511603624552464,1.6542165890855537e-17
3048.8540476984113,51.97746039259801,48.479390099707565,48.479390099707565,1.72063590364518e-17
3049.5554325654352,51.95137302842068,48.44751491292524,48.44751491292524,1.7895162456557865e-17
3050.2586533128133,50.344799042994964,48.41582810556834,48.41582810556834,1.861288669583557e-17
3050.960361307513,49.302092455085585,48.38448352979434,48.38448352979434,1.935717255079288e-17
3051.662230729214,48.62256547297557,48.353409824965084,48.353409824965084,2.013079293927246e-17
3052.3659372995953,48.88858199222159,48.32253874464187,48.32253874464187,2.093684316664182e-17
3053.0681300722067,51.435178371522404,48.292015236396345,48.292015236396345,2.1772669666080378e-17
3053.7721608398715,49.66928550152761,48.26169491916442,48.26169491916442,2.2643496049992978e-17
3054.4746771123605,49.54251541044278,48.23173738440531,48.23173738440531,2.3546452604401405e-17
3055.179032226666,50.94767141010789,48.201998940605954,48.201998940605954,2.4487179457971204e-17
3055.8818721480684,50.8078051049888,48.172616124818774,48.172616124818774,2.5462573417867363e-17
3056.584873756871,49.061291269720186,48.14352476496689,48.14352476496689,2.6476257550535517e-17
3057.2897154778625,49.74073945391183,48.11466510993549,48.11466510993549,2.7532275283921317e-17
3057.9930409591725,51.12246095265164,48.08617960760999,48.08617960760999,2.862713785284182e-17
3058.698207400411,49.1465821365714,48.0579301792987,48.0579301792987,2.9767674944936875e-17
3059.401856903437,49.052570966753144,48.030054477952746,48.030054477952746,3.095011478461136e-17
3060.1073482145202,49.95727088041713,48.00242584248514,48.00242584248514,3.218182941876794e-17
3060.811321888539,49.63489808994791,47.97518128082855,47.97518128082855,3.345874146427076e-17
3061.5154575107763,50.547703682815616,47.948256027610185,47.948256027610185,3.478557979287456e-17
3062.2214362134914,50.33235947828053,47.92158814609197,47.92158814609197,3.6167620799729234e-17
3062.9258962306767,51.90927392722915,47.895309916490305,47.895309916490305,3.760028261370592e-17
3063.632200177445,50.6377644503259,47.86930016555708,47.86930016555708,3.9092485400630924e-17
3064.336984739026,49.61834527389419,47.84368502312635,47.84368502312635,4.0639277139211753e-17
3065.0436140796883,49.811310869610224,47.81834251619511,47.81834251619511,4.225028346340428e-17
3065.7487233351817,45.430813763560764,47.793396438350676,47.793396438350676,4.392015277228826e-17
3066.4539948001343,49.8955195783824,47.768790086191444,47.768790086191444,4.56550507417308e-17
3067.1611123186403,51.32434121953338,47.744468240992546,47.744468240992546,4.746185543674572e-17
3067.866708701822,49.19715989378029,47.72054867187576,47.72054867187576,4.9334555902557293e-17
3068.574151989034,47.9954916385318,47.69691982952774,47.69691982952774,5.1284790375382314e-17
3069.2800734401344,49.072191648429005,47.67369826393307,47.67369826393307,5.330606431151667e-17
3069.987842646133,49.400363965690765,47.6507760424885,47.6507760424885,5.541093259590845e-17
3070.6940893149117,50.76459757974545,47.62826460948894,47.62826460948894,5.759237881135261e-17
3071.4004984548083,49.206752227044035,47.60611143823605,47.60611143823605,5.985843351591091e-17
3072.108756626132,48.58433797617363,47.5842665018496,47.5842665018496,6.221805317346161e-17
3072.8154912083846,48.5780183831198,47.56283603982736,47.56283603982736,6.466336055341203e-17
3073.5240756739126,47.816357704088205,47.54172219665891,47.54172219665891,6.720952418657249e-17
3074.231135848452,49.484835334190855,47.52102693279745,47.52102693279745,6.984803574334187e-17
3074.9400467585074,54.584930790442286,47.500651694639814,47.500651694639814,7.259525352629849e-17
3075.6474326753337,51.62309564726775,47.480695435400456,47.480695435400456,7.544198835809381e-17
3076.3566701803093,49.70600533149127,47.46106744894305,47.46106744894305,7.840588011593159e-17
3077.064381989492,50.35468030195944,47.441864765887296,47.441864765887296,8.147700517025823e-17
3077.7722566068473,51.11449185650645,47.423038952343305,47.423038952343305,8.46666259778191e-17
3078.481984091528,53.478886435741515,47.404545907118106,47.404545907118106,8.798729998580379e-17
3079.1901848263833,49.95097230014153,47.386475684024795,47.386475684024795,9.142789272461261e-17
3079.900239282181,50.028614515715624,47.368747617343416,47.368747617343416,9.500969567168298e-17
3080.608766284779,48.98258790884529,47.35145071181063,47.35145071181063,9.872068708395918e-17
3081.3191478623266,48.21273749949705,47.33450250178467,47.33450250178467,1.025838195808002e-16
3082.0280012829794,49.66890201832484,47.31797711950414,47.31797711950414,1.0658611458948817e-16
3082.737017774429,48.641219566852676,47.30183732751969,47.30183732751969,1.1074220570206368e-16
3083.44789012207,49.77817897153,47.28605328247332,47.28605328247332,1.150684055173196e-16
3084.1572332570818,49.43900121166826,47.27070177752817,47.27070177752817,1.1955015862733054e-16
3084.868433103277,49.61048649483474,47.25570819383236,47.25570819383236,1.242151481745852e-16
3085.578103032334,49.8714126685536,47.24114281643022,47.24114281643022,1.2904766373633927e-16
3086.289630527961,49.32962970096106,47.22693803405974,47.22693803405974,1.3407753927669186e-16
3086.9996274016185,49.74076571988462,47.21316219285767,47.21316219285767,1.392878192036771e-16
3087.7097876091243,50.20421830341593,47.199781641547425,47.199781641547425,1.4469749726013427e-16
3088.4218066665057,51.807892525445375,47.18676826826399,47.18676826826399,1.5032774175574243e-16
3089.132294044482,48.49344195072854,47.17418636646299,47.17418636646299,1.5615954589607303e-16
3089.8446411287064,47.90121255579107,47.16197664941559,47.16197664941559,1.622288653162771e-16
3090.5554558278805,52.39397568274945,47.1501954924747,47.1501954924747,1.685151913238967e-16
3091.2681310900684,48.414381372623666,47.13878862306622,47.13878862306622,1.7505726142431997e-16
3091.979273261238,49.56997385839986,47.12781209804608,47.12781209804608,1.81832948305568e-16
3092.690579029729,51.28418580032849,47.117234992634415,47.117234992634415,1.8886687899197206e-16
3093.403746646612,49.95971886908137,47.10703266905828,47.10703266905828,1.9618649388199073e-16
3094.1153801133337,48.095265562780696,47.09725541577323,47.09725541577323,2.0376700031870849e-16
3094.8288762861994,48.69651994596961,47.08785953385417,47.08785953385417,2.1165504925172259e-16
3095.540837602122,49.930679209562186,47.078889293901376,47.078889293901376,2.1982389720993713e-16
3096.254662482336,49.091843849272216,47.070300898101884,47.070300898101884,2.283237893577983e-16
3096.9669517984994,49.617310394566175,47.06213720299239,47.06213720299239,2.371258804604533e-16
3097.6794049758837,49.74744253016843,47.054376467040775,47.054376467040775,2.462620679023967e-16
3098.393723005011,50.10379298304179,47.04699972894315,47.04699972894315,2.5576788500653704e-16
3099.1065044092365,50.714014569342,47.040042055030945,47.040042055030945,2.6561102697721577e-16
3099.821151524341,49.00213504579733,47.033473092087604,47.033473092087604,2.7585195768154345e-16
3100.534261306622,49.98803884094605,47.027325901555685,47.027325901555685,2.864558411966128e-16
3101.2492376593136,49.582439689087096,47.02156772460225,47.02156772460225,2.974877801907366e-16
3101.9626759709327,49.28796136172332,47.01622505762807,47.01622505762807,3.089102126172799e-16
3102.6762784080975,49.31869780308489,47.011284031982484,47.011284031982484,3.2076440899500753e-16
3103.3917487052017,49.05771384422588,47.00673355779503,47.00673355779503,3.3309633380566296e-16
3104.105679898672,49.54631347010855,47.00259538006708,47.00259538006708,3.458639395000562e-16
3104.8214798126032,50.694504204751865,46.99884964688069,46.99884964688069,3.5914551011586616e-16
3105.5357399138347,49.58676832140327,46.995512512397276,46.995512512397276,3.7289571764384034e-16
3106.2518695964472,49.84131711692817,46.99256557343191,46.99256557343191,3.8719882668356666e-16
3106.9664587569687,50.17952828899116,46.99002109090619,46.99002109090619,4.0200597715158206e-16
3107.6812123077884,49.5773178243926,46.98787208256919,46.98787208256919,4.1737051070144237e-16
3108.397836731596,51.29480250653115,46.9861165610777,46.9861165610777,4.3335182235195945e-16
3109.1129195690373,49.286774139753106,46.98476281855571,46.98476281855571,4.498952427191677e-16
3109.829874141377,51.57438802732168,46.983799972817074,46.983799972817074,4.671020211751247e-16
3110.5452864171425,51.17291263319112,46.9832333397507,46.9832333397507,4.8491324137746615e-16
3111.2625712901145,48.98363329456242,46.98306250675203,46.98306250675203,5.034378548593291e-16
3111.9783131559757,49.74789955809502,46.98328679213964,46.98328679213964,5.226123740099119e-16
3112.694219677314,51.25552962401208,46.98390140914402,46.98390140914402,5.425056695593044e-16
3113.4120000895487,50.7353005136929,46.98490466013963,46.98490466013963,5.631944103235067e-16
3114.128236428681,51.33950719222367,46.986288523255745,46.986288523255745,5.846075931702801e-16
3114.8463475220115,50.58064646589174,46.98805968134994,46.98805968134994,6.068760318036339e-16
3115.562913830886,50.242892321755335,46.99021097297111,46.99021097297111,6.299232309236231e-16
3116.281355757657,50.957032602811076,46.9927525117065,46.9927525117065,6.538899129518042e-16
3116.9982521882903,48.726389610229035,46.99567033370434,46.99567033370434,6.786936728799274e-16
3117.7153135400054,50.59823416127347,46.998966385003506,46.998966385003506,7.044233376125449e-16
3118.4342518053954,50.22252568645217,47.00264474650629,47.00264474650629,7.311777689535415e-16
3119.1516435069348,49.437556583164685,47.00668745980568,47.00668745980568,7.5886484971028135e-16
3119.870912986843,49.5909393578827,47.01111444290859,47.01111444290859,7.876534123187162e-16
3120.5886351903996,50.076891373707895,47.015901633499354,47.015901633499354,8.174442449170816e-16
3121.308236037416,50.634854180540515,47.02106885396412,47.02106885396412,8.484189136961222e-16
3122.0262888952516,51.410567155016,47.026589641250204,47.026589641250204,8.804705751543126e-16
3122.7445069402033,50.680289060276664,47.0324756323408,47.0324756323408,9.137136740683672e-16
3123.464604926484,50.849110973802,47.0387389770682,47.0387389770682,9.482755546803148e-16
3124.1831538541483,50.83252138538638,47.04534672178736,47.04534672178736,9.84036836385879e-16
3124.9035835892296,49.912550435140936,47.052330756761016,47.052330756761016,1.021215190011292e-15
3125.6224635520443,50.8089187822352,47.05965362320005,47.05965362320005,1.0596820802784436e-15
3126.343225188763,49.75736581468937,47.067345632174444,47.067345632174444,1.0996715246938668e-15
3127.0624363392362,52.07965078634379,47.075370262182254,47.075370262182254,1.1410451435123631e-15
3127.7818129432894,51.21963979878865,47.08374223751565,47.08374223751565,1.1839502320718337e-15
3128.5030725212087,49.754628900324406,47.09247947669531,47.09247947669531,1.2285506496622055e-15
3129.222780541722,51.66732229225545,47.10154106771902,47.10154106771902,1.2746918506387857e-15
3129.944372403587,50.9312289111399,47.11096705598727,47.11096705598727,1.3226541757432763e-15
3130.6644119932444,46.727606865873895,47.12070808528497,47.12070808528497,1.3722712794937265e-15
3131.386336292137,50.421322328128106,47.13080863557042,47.13080863557042,1.4238444648179345e-15
3132.1067076036925,51.06745475242997,47.141217333701874,47.141217333701874,1.4771947012812967e-15
3132.8289644927677,49.394937415711865,47.151979888801996,47.151979888801996,1.5326457935128185e-15
3133.5496676790444,50.52278252783026,47.163041568278274,47.163041568278274,1.5900050758407793e-15
3134.270536662142,50.140743953566016,47.17442445448058,47.17442445448058,1.649475983396116e-15
3134.9932925254197,52.13527686352336,47.18615419251595,47.18615419251595,1.7112847601036567e-15
3135.714493612516,50.240628194900644,47.198172878738276,47.198172878738276,1.7752163608251169e-15
3136.437582449077,51.264081824753255,47.21053476206438,47.21053476206438,1.8416583107641423e-15
3137.159115793172,50.97443643638326,47.223177994918956,47.223177994918956,1.9103792377264447e-15
3137.8825377564176,47.12398666128274,47.236161474969954,47.236161474969954,1.9817954822015116e-15
3138.6044035105824,50.1348393628823,47.24942097453451,47.24942097453451,2.0556581273275024e-15
3139.326435329015,48.57630058849918,47.26298350165657,47.26298350165657,2.132228371799392e-15
3140.0503570713586,48.80099547934833,47.27687813932143,47.27687813932143,2.2117966308039905e-15
3140.772721529508,49.10577532124125,47.291036402548386,47.291036402548386,2.29408520285031e-15
3141.496976782255,49.380648726512845,47.305522831828576,47.305522831828576,2.379591983321982e-15
3142.2196740333675,49.98549629477976,47.320261806275624,47.320261806275624,2.4680182789486525e-15
3142.944262950166,48.93541947490485,47.33532141912277,47.33532141912277,2.55989884587235e-15
3143.66729314756,49.52596259438906,47.350628304688,47.350628304688,2.6549124406436308e-15
3144.3904896771005,48.094414545262225,47.366212066985305,47.366212066985305,2.7533940730747313e-15
3145.1155791791916,47.83630933702125,47.38210738962943,47.38210738962943,2.855716137081373e-15
3145.839108885031,49.18379051362899,47.39823695005471,47.39823695005471,2.96152040692441e-15
3146.5645324355123,49.46306609594058,47.414676020867674,47.414676020867674,3.0714459074578206e-15
3147.288395471143,48.043206404706325,47.43134027667507,47.43134027667507,3.185107453382974e-15
3148.0141532239104,49.97618763402215,47.44830253268807,47.44830253268807,3.3031911715271398e-15
3148.738349742899,49.29444380380846,47.46547899198446,47.46547899198446,3.4252829246909726e-15
3149.462712862345,49.64402288889596,47.48290594461633,47.48290594461633,3.551811938351115e-15
3150.1889720079,49.94882899676168,47.500621749623946,47.50062174962394,3.68325522159146e-15
3150.913668841092,48.50891786189777,47.51853846409001,47.51853846409,3.81915117486415e-15
3151.6402625738915,49.136369926349744,47.53673538320899,47.536735383208985,3.96031909044117e-15
3152.3652932745704,49.20826514707687,47.55512080123419,47.55512080123418,4.106262782915758e-15
3153.092221748758,49.194680385948686,47.57378269866492,47.573782698664914,4.25786166849068e-15
3153.8175864707378,50.297551811136145,47.59262885312798,47.59262885312797,4.414582431650187e-15
3154.543118061918,50.160816409973904,47.611699512163796,47.61169951216379,4.576974429639356e-15
3155.2705487376916,48.27560247877818,47.63104041441642,47.63104041441641,4.7456480301031574e-15
3155.9964145809317,49.13409003991137,47.650553458159564,47.65055345815956,4.920009072261357e-15
3156.724180383673,50.012781387316416,47.670324672239985,47.67032467223998,5.101106860217235e-15
3157.450380632963,50.47118039768248,47.69025745505994,47.690257455059935,5.288302912500512e-15
3158.178481717064,49.5619259643363,47.710443758726335,47.71044375872633,5.482723196783568e-15
3158.9050165264657,48.55161582726896,47.73078346978938,47.73078346978937,5.68368166548949e-15
3159.6317184742447,49.48167816426121,47.751320312102536,47.75132031210253,5.891880688040052e-15
3160.3603225700344,51.2725237084087,47.7720998537438,47.772099853743796,6.108100448552891e-15
3161.0873593090564,48.232820462294065,47.79301943517477,47.79301943517476,6.331576983487025e-15
3161.8162990724077,50.57446345589642,47.81417568672851,47.814175686728504,6.5636527648697594e-15
3162.54367075691,50.009823838779994,47.83546032546298,47.835460325462975,6.803507096072693e-15
3163.2729463424653,48.41897266466777,47.85696857703082,47.85696857703081,7.052580097231685e-15
3164.0006531267577,50.95244131076697,47.878598772971486,47.87859877297148,7.309990203436177e-15
3164.728527319041,52.07677728892032,47.90039652052493,47.90039652052492,7.576634466804449e-15
3165.458306727693,51.04341613413044,47.92240745001147,47.92240745001146,7.853509080153363e-15
3166.186516251271,48.58794692083529,47.94452472224148,47.944524722241475,8.139632812314949e-15
3166.9166318689504,49.474213374793635,47.96685013864746,47.96685013864745,8.436721399161785e-15
3167.6451768783113,50.30752237440811,47.98927236590867,47.98927236590866,8.743721067704757e-15
3168.3756288599097,49.106311147086224,48.01189362807383,48.01189362807382,9.062471796755175e-15
3169.10450950961,51.72120430884161,48.034601963354355,48.03460196335435,9.391842008529686e-15
3169.8335578373467,48.807976974916535,48.057447208858214,48.05744720885821,9.73297619052704e-15
3170.564514454761,50.0720216623522,48.08048068614899,48.08048068614898,1.0087145005721519e-14
3171.2938986547165,50.04286643255273,48.10358888881898,48.103588888818976,1.0453089528419329e-14
3172.025192023498,49.79991669061292,48.126877796598144,48.12687779659813,1.0833000226430028e-14
3172.754912250409,51.299530381633765,48.15023123689573,48.15023123689571,1.122552552043037e-14
3173.4865425256985,49.196592548767974,48.17375405765614,48.173754057656126,1.1633013789316888e-14
3174.2165989343716,51.07995210228456,48.19732872106038,48.197328721060366,1.2054014109291565e-14
3174.946823291562,49.79037163610019,48.22100914747339,48.221009147473374,1.2489985112231606e-14
3175.678959016697,48.75893840371327,48.24484883765588,48.244848837655866,1.294254583960976e-14
3176.4095197879024,49.686500220095695,48.26872931213233,48.268729312132315,1.341008282869322e-14
3177.141992807619,50.85699601883425,48.29275873523453,48.292758735234514,1.3895389681468313e-14
3177.8728901478253,50.9872804970787,48.31681889519192,48.31681889519191,1.4396734724124592e-14
3178.605700617515,50.36634764707379,48.341020789489434,48.34102078948942,1.4917112045680165e-14
3179.33693468178,51.65407898877356,48.36524295298017,48.365242952980154,1.545466326464627e-14
3180.0683369654794,51.38952285761479,48.389539239344884,48.38953923934487,1.6011245422407123e-14
3180.801653700356,50.103551336092096,48.41396419060108,48.413964190601064,1.6588919272966018e-14
3181.5333929407416,50.334024740955556,48.43839461050803,48.43839461050801,1.7185619208555307e-14
3182.2670475142904,51.21759105291085,48.46294266701247,48.46294266701245,1.780490427309048e-14
3182.999123866597,51.1118547528381,48.487488376175,48.48748837617498,1.8444558206478244e-14
3183.7331164344596,51.70227704884746,48.51214510657538,48.51214510657536,1.9108394321184978e-14
3184.465530053995,50.55684949454189,48.53679074952179,48.53679074952177,1.9794034927277768e-14
3185.1981121643207,50.24068072684622,48.56147858057816,48.56147858057814,2.050384180047154e-14
3185.9326118140284,51.710708426113804,48.586262172425094,48.58626217242507,2.1240435143394333e-14
3186.6655314245854,49.59962288848783,48.61102144548649,48.61102144548647,2.2001173357231443e-14
3187.4003694579333,50.36097888223503,48.63587157495964,48.635871574959616,2.2790585868998743e-14
3188.1336267242073,51.24469228363796,48.66068546912384,48.66068546912382,2.3605839294616436e-14
3188.868803297089,50.984186365483765,48.685575953061154,48.68557595306113,2.4451785191456687e-14
3189.6023983746377,50.38184982421581,48.71042170841986,48.71042170841983,2.532538473472084e-14
3190.337913643018,50.89095266846016,48.73533951516251,48.73533951516248,2.6231834073390425e-14
3191.071846687471,52.08212504098083,48.760206256303924,48.760206256303896,2.716787433399588e-14
3191.8059485722565,49.19278398271309,48.78507555738153,48.785075557381504,2.813671784535129e-14
3192.5419719744455,49.99205753478328,48.810001737018595,48.81000173701857,2.9141927280327064e-14
3193.276412059622,51.73477331038612,48.83486072513402,48.83486072513399,3.0179884208212704e-14
3194.0127745474433,50.37868214789705,48.85976634129226,48.85976634129223,3.125675459300848e-14
3194.747552988818,48.60748355139822,48.8845967677469,48.884596767746864,3.236865884147369e-14
3195.4842547184885,52.34019873005445,48.90946664052035,48.909466640520314,3.3522198873450486e-14
3196.2193716719435,48.65296570988539,48.93425374092716,48.934253740927126,3.4713215451137706e-14
3196.954657738087,48.01296376363325,48.95901416126495,48.95901416126492,3.5945784143112674e-14
3197.691868421238,48.87528090359956,48.983798265183395,48.98379826518336,3.722442386581797e-14
3198.4274932333237,48.91678639380598,49.0084800343131,49.00848003431307,3.854451862594336e-14
3199.165043549087,48.579704658573064,49.03317685159825,49.033176851598206,3.99138966211691e-14
3199.901007263175,48.36821629884389,49.057767324785374,49.05776732478533,4.132761022602562e-14
3200.638897368019,47.06395840706319,49.08236129161544,49.0823612916154,4.279403858857113e-14
3201.3752001402413,47.94370039337991,49.10683232194057,49.10683232194053,4.430787909385163e-14
3202.111672297948,48.012338633480795,49.131238104527704,49.13123810452766,4.5874297064899777e-14
3202.8500721772666,48.05083929639977,49.15563761189183,49.15563761189178,4.7499018260848716e-14
3203.586883627348,49.36422724032309,49.17990942108861,49.17990942108856,4.917616047653018e-14
3204.3256236871407,49.142300783006256,49.20416480046737,49.20416480046732,5.091565175182645e-14
3205.0627745859083,49.79617116289273,49.228284288980696,49.228284288980646,5.2711189228537716e-14
3205.8018549828957,48.61376637209014,49.252378597248985,49.25237859724893,5.4573396474574494e-14
3206.539345486732,49.739625776665434,49.27632866336158,49.276328663361525,5.649552049338396e-14
3207.2770056492905,50.89866961126655,49.300187711956866,49.30018771195681,5.848410083397056e-14
3208.0165966430714,49.577244279668776,49.32400809442958,49.324008094429516,6.05463847289562e-14
3208.7545966453167,49.83853292381219,49.347672097395396,49.34767209739533,6.26748845330927e-14
3209.494528368318,46.64288859722956,49.37128839111021,49.37128839111015,6.488217808783239e-14
3210.232868366814,49.32364631235896,49.39474030872003,49.39474030871997,6.716024476569047e-14
3210.973140976009,48.95615908702166,49.41813560380531,49.41813560380524,6.952253950747365e-14
3211.7118211273923,47.075662524539446,49.441358715812456,49.441358715812385,7.196047152411223e-14
3212.450671211174,48.923531495619045,49.46446135658439,49.464461356584316,7.448231145526845e-14
3213.1914552408066,48.93851885969435,49.48749412407084,49.487494124070764,7.709722259550038e-14
3213.9306457124717,47.89114218182249,49.51034324465242,49.51034324465234,7.979568399135003e-14
3214.6717710209555,48.353297226297855,49.533113651361596,49.53311365136151,8.259361368078343e-14
3215.41130203732,47.810925900914754,49.55569284966376,49.55569284966367,8.548081614714851e-14
3216.152768781882,46.19661921309899,49.578184587224555,49.57818458722447,8.847431430744537e-14
3216.8926404998356,45.71589412585945,49.60047777911325,49.600477779113156,9.156319125334902e-14
3217.6326824243056,47.14261448918705,49.6226221972376,49.622622197237504,9.475789590355844e-14
3218.3746614142783,48.29880058594836,49.64466621870268,49.64466621870258,9.807000193508046e-14
3219.115044275712,46.704224896894175,49.66650097400415,49.66650097400405,1.0148741602355868e-13
3219.8573650950543,47.44259291125354,49.688226780546316,49.68822678054621,1.0503026214155873e-13
3220.5980890505216,48.771272904536545,49.70973630944233,49.70973630944222,1.0868559415156718e-13
3221.3407518567133,48.17589684605855,49.731128394392066,49.73112839439195,1.1247492633861522e-13
3222.081817063355,49.411784410660864,49.75229737979279,49.75229737979268,1.1638440083688064e-13
3222.823052751074,46.77049919944375,49.77329065156934,49.77329065156922,1.2042720460084962e-13
3223.5662286289808,47.645739198023875,49.79415394977238,49.79415394977225,1.2461794026774184e-13
3224.30780580363,49.45560655966756,49.814784220302144,49.814784220302016,1.2894126375104406e-13
3225.0513240623113,49.17301095839503,49.83527626615658,49.83527626615645,1.334225893768455e-13
3225.793242881213,47.62367052768377,49.8555289267368,49.85552892673667,1.380454960823307e-13
3226.537103678404,47.66560677984398,49.87563529280446,49.87563529280432,1.4283714579207227e-13
3227.2793642989536,47.84238728312539,49.895496056855016,49.89549605685487,1.477799664284126e-13
3228.021795675584,47.31081652575449,49.915155788056744,49.91515578805659,1.5289058287184456e-13
3228.7661703721265,48.22836575330848,49.93465718993519,49.93465718993503,1.5818739993544964e-13
3229.5089437865404,48.82697252643994,49.9539039201889,49.953903920188736,1.6365096999994977e-13
3230.253661416153,47.29625992363299,49.972984348583196,49.972984348583026,1.693133545864657e-13
3230.9967770259263,47.155973362949226,49.991804416072355,49.99180441607218,1.7515374751389295e-13
3231.7418377465983,49.978057771284966,50.01045084546089,50.0104508454607,1.8120640463508186e-13
3232.485295709381,46.6836954125597,50.028831602020425,50.02883160202024,1.8744906826816413e-13
3233.22892470369,45.44127287392667,50.046988066164,50.046988066163806,1.939026753610384e-13
3233.9745001526867,46.977905827000995,50.064959473667415,50.064959473667216,2.005903983477986e-13
3234.7184717365217,46.87647714646619,50.08265699914358,50.082656999143374,2.07487615309275e-13
3235.464390671774,46.92129214924444,50.10016200264124,50.10016200264103,2.1463473079135584e-13
3236.2087050029645,48.181207825757156,50.11738791813277,50.11738791813255,2.2200541099351022e-13
3236.954967582717,46.9482357841348,50.13441339331118,50.13441339331095,2.296428127517945e-13
3237.699624819167,46.94824103732935,50.151154039063286,50.15115403906305,2.375187738517168e-13
3238.4444533630362,47.653629496250694,50.16764760490968,50.16764760490943,2.4565963388226327e-13
3239.191231501423,45.93370733183701,50.18392962325614,50.183929623255885,2.5409453703287456e-13
3239.9364031874484,43.489240934544576,50.19991965337277,50.199919653372504,2.6279234410692755e-13
3240.683525366169,46.60176659022591,50.21569112668865,50.21569112668838,2.7180391984778187e-13
3241.429040352437,48.82489226139478,50.23116609861231,50.23116609861203,2.8109597034992465e-13
3242.176506729991,47.510133233691704,50.246415674260554,50.24641567426026,2.907228087533237e-13
3242.9223651746606,46.10427855915032,50.26136453542121,50.26136453542091,3.0064884049165653e-13
3243.67017590962,46.60192943925722,50.27608133750387,50.276081337503555,3.1093205587591867e-13
3244.416377970921,45.87019095643063,50.29049333965794,50.29049333965762,3.215344040627017e-13
3245.1627516950266,49.422311812556025,50.304633282877546,50.30463328287721,3.324912130510395e-13
3245.911079058169,47.57727956653798,50.31853135856395,50.31853135856361,3.4384155907970916e-13
3246.6577966362947,47.23875845599605,50.33211885643973,50.33211885643937,3.555433940879401e-13
3247.406468753499,47.37084477997406,50.34545813892439,50.34545813892402,3.6766499920053123e-13
3248.153530344059,45.321825736056326,50.358483246918404,50.35848324691802,3.8016143467006007e-13
3248.9025473741526,47.505988463185076,50.37125395354018,50.37125395353979,3.9310558242504894e-13
3249.6499531356335,46.223279175483185,50.38370709834299,50.38370709834258,4.0644941641138715e-13
3250.397530836827,50.03500765349327,50.39587113421269,50.39587113421227,4.202372734774367e-13
3251.1470653284787,49.22796987986567,50.40777179905273,50.4077717990523,4.345181813353548e-13
3251.8949874383648,46.368293611269564,50.419350218346445,50.419350218346,4.492390934269804e-13
3252.644867240201,48.11285325816243,50.43065950193686,50.4306595019364,4.644857602803892e-13
3253.3931339174487,48.322875976609794,50.44164366967845,50.441643669677966,4.802015048038706e-13
3254.1433591885543,48.83460016493882,50.452353058520366,50.45235305851987,4.96477827743555e-13
3254.8919705919056,48.961685447697164,50.462734655014664,50.46273465501415,5.132541783505031e-13
3255.640754212326,47.93540034597754,50.4728123702605,50.472812370259966,5.305861408067316e-13
3256.3914977797076,47.422509948456536,50.482607246065285,50.48260724606474,5.485351634891626e-13
3257.140626364387,48.3612715756376,50.49207074658102,50.49207074658045,5.670343968560502e-13
3257.8917157989745,48.188872236617954,50.50124634626981,50.50124634626923,5.861914163767389e-13
3258.6411895068377,47.11877549228075,50.510088506881395,50.51008850688079,6.059348193784814e-13
3259.3926249679707,48.01409845365788,50.5186370700897,50.51863707008908,6.263793603578323e-13
3260.142443958017,48.42745657387968,50.52684942447968,50.52684942447903,6.474487801373497e-13
3260.8924354429355,47.447284013994256,50.53474471623543,50.53474471623476,6.692126897698875e-13
3261.6443900364097,46.994589972918675,50.542339121883295,50.542339121882605,6.917480233891539e-13
3262.39472704205,48.44124095640109,50.54959502485935,50.54959502485863,7.149706279897258e-13
3263.147028060648,47.42546749699295,50.556545617294276,50.55654561729354,7.390153160042501e-13
3263.8977107461915,46.32007453841743,50.56315635511164,50.56315635511088,7.637922305514569e-13
3264.6503583495128,47.33821718857144,50.56945773217811,50.56945773217732,7.894451372424453e-13
3265.401386874213,47.274259544822144,50.57541878103218,50.57541878103136,8.158780971917579e-13
3266.1525881720386,45.32207788939513,50.58105367460797,50.581053674607126,8.431781958729562e-13
3266.9057557451147,47.465244686189635,50.58637349299408,50.586373492993204,8.714416537684992e-13
3267.6573031210214,46.683023003656224,50.591351783172605,50.5913517831717,9.005626501423763e-13
3268.410817678041,46.71108031579297,50.59601126533113,50.5960112653302,9.307099517209753e-13
3269.1627112914684,47.04459513192069,50.60032858915629,50.60032858915533,9.617706002010574e-13
3269.916572992287,47.1172888382207,50.604323485139034,50.60432348513804,9.93924516013282e-13
3270.6688130027455,47.72492585279815,50.60797676857719,50.60797676857616,1.0270511325190855e-12
3271.4212260650293,48.92634195470782,50.611297684132786,50.61129768413173,1.061259280991518e-12
3272.1756085743664,47.39086995763091,50.614292038402986,50.61429203840189,1.0966691756244866e-12
3272.928368272992,48.351348291116665,50.61694480461632,50.61694480461519,1.1331478928949362e-12
3273.683098325994,48.4260119453761,50.6192678958537,50.61926789585253,1.1709064820551706e-12
3274.436204820655,47.39498320897019,50.62124957031143,50.62124957031022,1.2098030978236247e-12
3275.1912825774343,47.81818056259999,50.62289872281897,50.622898722817716,1.2500626695078563e-12
3275.9447360279014,49.12700873364656,50.62420669937094,50.624206699369644,1.2915338446242589e-12
3276.698362809344,49.03994754022915,50.625177054888795,50.62517705488746,1.3343524864652123e-12
3277.453962214759,49.061364814444005,50.62581048193643,50.625810481935055,1.3786686269522638e-12
3278.207936191703,48.318226899425554,50.626103585141124,50.6261035851397,1.4243154788488554e-12
3278.9638837014063,47.39699518248608,50.62605739650632,50.62605739650485,1.4715566879550555e-12
3279.7182050338033,47.054203224768116,50.62567182739979,50.62567182739827,1.5202143274104802e-12
3280.474500808166,46.417258637749,50.6249448665982,50.62494486659663,1.5705692971467752e-12
3281.2291696560433,47.83261108805209,50.62387972978583,50.62387972978421,1.6224318034468166e-12
3281.9840121144985,48.930707359385906,50.62247456924995,50.622474569248276,1.6759712765572106e-12
3282.7408303789693,47.22648174031293,50.620724669639195,50.62072466963746,1.7313747636877813e-12
3283.4960205929865,45.67968910896252,50.6186384288415,50.61863842883971,1.7884332131637227e-12
3284.2531875232726,46.62256924067742,50.61620590521087,50.61620590520902,1.8474756264828247e-12
3285.0087256530633,46.44245821204595,50.613438783109736,50.613438783107824,1.9082790585071845e-12
3285.766241409796,47.83221184526565,50.61032399210915,50.61032399210718,1.9711939359287297e-12
3286.522127615645,46.647957929978475,50.60687651500575,50.60687651500371,2.0359825178142257e-12
3287.278187712122,47.835400534362634,50.60308992802272,50.603089928020616,2.1028558710349043e-12
3288.036226801793,48.521367933001336,50.598954621152835,50.59895462115066,2.17204694327018e-12
3288.792635214798,45.746672592777486,50.5944905290619,50.594490529059655,2.243293991970386e-12
3289.5510235327183,46.76774127230056,50.589676699171854,50.58967669916954,2.3170071407679745e-12
3290.3077804227205,47.09484193787239,50.58453650940188,50.584536509399484,2.392907338185479e-12
3291.066518129779,48.20973792540417,50.579045901971014,50.57904590196854,2.47143128363928e-12
3291.8236236573225,47.41899556129693,50.573231550999125,50.573231550996574,2.5522814983953748e-12
3292.5809033559967,46.471760531293064,50.567081399232954,50.56708139923032,2.6357206397557873e-12
3293.340165240183,47.34158973947797,50.560580301251164,50.56058030124844,2.7220385121883326e-12
3294.097793817256,46.248699383951596,50.553759912763105,50.55375991276029,2.8109077562883976e-12
3294.8574054930327,44.729780202928396,50.54658838289164,50.546588382888736,2.9028390787507956e-12
3295.615383109232,45.78452711276577,50.5391006395973,50.5391006395943,2.9974835799960933e-12
3296.375344737747,46.40680478057766,50.53126177274931,50.53126177274621,3.095384895580627e-12
3297.133671553875,46.218377944960146,50.52310997454542,50.52310997454222,3.1961712012842387e-12
3297.89217282209,47.396532901364935,50.514627861894354,50.51462786189106,3.300169009077899e-12
3298.6526594732845,49.424129417873246,50.50579485371747,50.50579485371406,3.4077384754399612e-12
3299.411510182674,46.86914894005714,50.49665391827434,50.49665391827082,3.5184706175258533e-12
3300.1723471897085,47.38599499308066,50.48716252045093,50.4871625204473,3.633000719558094e-12
3300.931547501261,46.74331917079826,50.47736696975001,50.47736696974626,3.75089302256322e-12
3301.6927350255432,45.73927609483917,50.4672216639261,50.467221663922224,3.872823567233552e-12
3302.452285100319,46.757061527763206,50.45677614337008,50.45677614336608,3.998328106487319e-12
3303.2138233033324,45.508582055804254,50.44598169897909,50.44598169897496,4.128125989940548e-12
3303.973723302468,45.51847382115784,50.4348907866397,50.434890786635435,4.261722663699788e-12
3304.733798115599,45.973426735893554,50.42347909062309,50.42347909061869,4.3995493889347975e-12
3305.4958624304754,45.74809620850283,50.41171955556448,50.41171955555994,4.5420816898469955e-12
3306.256287409713,45.776558016620584,50.39966968045683,50.39966968045214,4.688775913218664e-12
3307.018702807258,46.87188060122753,50.38727342630182,50.38727342629698,4.840471862179772e-12
3307.779478113923,47.27498973886577,50.37459128525544,50.374591285250446,4.996590520927469e-12
3308.5422447558794,46.24903033520877,50.36156431885786,50.3615643188527,5.1580252219027915e-12
3309.303370551367,46.48598092896282,50.34825643862952,50.3482564386242,5.324159341051523e-12
3310.0646714428444,45.66747543161409,50.33463893401369,50.3346389340082,5.4955276875190906e-12
3310.8279650453364,43.85815177560721,50.320680042923016,50.320680042917346,5.672719791287489e-12
3311.5896166677726,43.74232934198222,50.30644786355154,50.306447863545685,5.855058124307589e-12
3312.353261919265,46.08736327267207,50.29187617113474,50.29187617112869,6.043584816164854e-12
3313.1152644342433,46.33544013250094,50.27703611341767,50.277036113411434,6.237578491454707e-12
3313.8792614967406,45.29339544710593,50.261858622385084,50.26185862237865,6.4381473696119564e-12
3314.641615065916,45.626132790438994,50.24641785542759,50.246417855420944,6.6445234581437826e-12
3315.4041440135284,45.749031277134236,50.23067997378356,50.2306799737767,6.857369274509992e-12
3316.168668886602,44.82572454834417,50.21460828184826,50.21460828184118,7.077414912148003e-12
3316.931549130939,46.48474117504702,50.198281239802185,50.19828123979488,7.303816915396206e-12
3317.696426220259,44.703776889864,50.181622847512195,50.181622847504656,7.537867114586293e-12
3318.459657923163,46.88312243758265,50.16471436814126,50.16471436813348,7.778667746325752e-12
3319.2248873909957,46.04054680276704,50.147477234240846,50.14747723423282,8.027592150104693e-12
3319.988470714383,45.060248166212205,50.12999546470534,50.12999546469705,8.283684842587438e-12
3320.75222969911,47.64605964289194,50.112229692904954,50.112229692896406,8.547765676426947e-12
3321.5179878289305,44.98310500412117,50.09413829001409,50.09413829000527,8.820737864653392e-12
3322.2820986770603,47.165208478983004,50.075809518553775,50.07580951854467,9.101552524750086e-12
3323.0482095912885,47.955173370295604,50.057158077265186,50.05715807725579,9.391809320318645e-12
3323.8126724649237,45.8392864128432,50.03827501505157,50.038275015041876,9.690392179753355e-12
3324.579136326087,44.945507890666256,50.0190724087642,50.019072408754205,9.99900118348095e-12
3325.3439513874055,46.55366308765406,49.9996438411456,49.99964384113528,1.0316448871875783e-11
3326.1089423934236,45.224484040888,49.979946556686215,49.97994655667557,1.0643748722644228e-11
3326.8759357693607,46.35677860879742,49.95993530484526,49.959935304834275,1.0982016933401328e-11
3327.641279206373,44.16739420627755,49.939707635573214,49.93970763556188,1.132995057436779e-11
3328.408625935794,44.70093491160788,49.91916927989685,49.91916927988516,1.1689528396796108e-11
3329.1743219661653,47.055238104096134,49.89842039068994,49.898420390677884,1.2059364437220043e-11
3329.942022211861,46.16513681811011,49.877364329597036,49.877364329584594,1.2441561023073104e-11
3330.70807099803,44.38986699582847,49.85610353363632,49.85610353362349,1.2834643996003331e-11
3331.4742960127155,45.454973205335136,49.83459074248656,49.834590742473324,1.3239864860612166e-11
3332.242526627347,45.42873875171017,49.81277731043445,49.81277731042079,1.3658601559300177e-11
3333.0091046415337,45.33746449625688,49.790769717512546,49.790769717498456,1.4089237335240158e-11
3333.777689179645,45.7209214330519,49.76846504934145,49.76846504932691,1.4534217268117698e-11
3334.5446203559595,46.09500667075463,49.74597196629099,49.745971966275995,1.4991822100059234e-11
3335.3135589806034,46.59240014432817,49.72318552609248,49.72318552607702,1.54646488223809e-11
3336.0808434817473,45.546110877729916,49.700216633315954,49.7002166333,1.595086933942045e-11
3336.8483044956815,45.81001035956888,49.677013720613374,49.677013720596925,1.645202744922487e-11
3337.6177743448,45.90962668798102,49.6535225869713,49.65352258695433,1.6969822412631143e-11
3338.38558892766,46.27372560282811,49.629857139611026,49.629857139593526,1.750225022891479e-11
3339.1554132711735,47.08117312563127,49.6059070108083,49.60590701079025,1.8052329000840476e-11
3339.9235815858474,45.419083380111715,49.58178874917716,49.58178874915854,1.8617928335385354e-11
3340.693760587071,45.41656709991821,49.5573897144194,49.5573897144002,1.920225287667419e-11
3341.4622827965236,45.9398430630813,49.53282866582534,49.53282866580554,1.9803038068224488e-11
3342.2309818035005,45.89309488470553,49.50805003291842,49.508050032898,2.042218625054522e-11
3343.001692886118,45.50879218358659,49.4829957452401,49.48299574521904,2.1061790706775526e-11
3343.7707460323627,45.30703799337426,49.457786545770325,49.457786545748604,2.171937013004249e-11
3344.5418121812104,44.75151266881676,49.43230446501514,49.43230446499275,2.2398645987036935e-11
3345.3112196298757,43.176896492487465,49.40667364493094,49.40667364490784,2.3096981291585514e-11
3346.082641008533,44.944856494541,49.38077431400894,49.38077431398512,2.381832632658712e-11
3346.8524029228442,45.218448120340334,49.35473221907902,49.35473221905446,2.4559878907085576e-11
3347.622341919873,44.02104545907332,49.3284886166591,49.32848861663378,2.5323980703066895e-11
3348.3942962382257,44.49001915008557,49.30198353195334,49.30198353192723,2.611320764879327e-11
3349.164589945786,45.06053709191293,49.275346525496886,49.27534652546996,2.692449077551907e-11
3349.9368999031267,44.706392980754124,49.24845343788726,49.248453437859496,2.7762413963597462e-11
3350.707548484632,45.506769703681584,49.22143467877549,49.22143467874687,2.862371670448138e-11
3351.4802142448043,46.113550447546004,49.194163735805205,49.19416373577569,2.951326324482307e-11
3352.2512178637458,45.40569824037675,49.16677294860045,49.16677294857003,3.042758988848299e-11
3353.022398851057,44.345477501809455,49.13919996530081,49.13919996526944,3.13695760402003e-11
3353.7955984106106,44.503041819396,49.11138104473107,49.111381044698724,3.2342388206435643e-11
3354.567134680637,42.89735037065611,49.08345144696654,49.083451446933196,3.334223468885634e-11
3355.3406904528615,45.524646324764035,49.055280369368035,49.05528036933366,3.4374755646452504e-11
3356.1125821692817,46.26076071865782,49.02700437113571,49.027004371100276,3.5435923981684265e-11
3356.886494318284,44.75584655432749,48.998490842523466,48.99849084248694,3.653172300990615e-11
3357.6587416448524,44.73950911925067,48.96987787774203,48.96987787770437,3.765787599872411e-11
3358.4311666259023,44.64983183494315,48.94110030500983,48.941100304971016,3.8817919819584576e-11
3359.2056134353593,44.67112828568315,48.912091069785305,48.91209106974529,4.0015742816776146e-11
3359.978394272233,45.29243936569628,48.882989688779304,48.88298968873806,4.124666543736023e-11
3360.7531978689676,45.3873540849786,48.853659317638325,48.853659317595806,4.251762015562735e-11
3361.5263347256055,44.58489184381142,48.824242061387366,48.82424206134354,4.3823638438256874e-11
3362.30149527399,44.06725781160412,48.794599800845866,48.7945998008007,4.517207231095661e-11
3363.074988314412,45.02469979863509,48.76487596096674,48.764875960920186,4.655764688132157e-11
3363.8505059788936,44.34994797037871,48.73493096057963,48.73493096053164,4.798815844141439e-11
3364.6243553671925,43.575879245800024,48.70490969024646,48.704909690197,4.9458007345466945e-11
3365.398382778526,44.44902847294588,48.674742963239936,48.67474296318896,5.097179385410165e-11
3366.1744362126396,45.408414141963476,48.64436017805699,48.644360178004455,5.253457338079174e-11
3366.9488202180346,45.10210036725948,48.61390829350577,48.61390829345163,5.414022251373336e-11
3367.725231179597,45.98895517900838,48.583244168948035,48.583244168892236,5.5797765497882e-11
3368.4999719433363,46.82729673900985,48.552515958217505,48.55251595816,5.750070336648559e-11
3369.2767405970612,44.91503410903261,48.521579118923405,48.521579118864146,5.925860277488532e-11
3370.0518382835025,45.5173023587713,48.49058312836727,48.490583128306206,6.106456677885671e-11
3370.827114280149,46.68744619347444,48.4594567886526,48.45945678858968,6.292423235474646e-11
3371.6044195677564,44.621553888634935,48.42812787958665,48.4281278795218,6.484379229301767e-11
3372.3800527336866,44.468817256847615,48.39674768810774,48.396747688040925,6.681570804279235e-11
3373.157716125472,47.170640282156455,48.365168313133076,48.365168313064224,6.8851044654026e-11
3373.9337066252338,46.8349296307033,48.333542088957046,48.333542088886105,7.094180370768732e-11
3374.711728286175,45.463152429262664,48.30172004423271,48.30172004415961,7.309971176764021e-11
3375.4880762843927,44.73769151393345,48.2698555615556,48.269855561480284,7.5316283245219e-11
3376.264602880446,44.578892695625655,48.23787455517344,48.23787455509584,7.759841814346288e-11
3377.0431620409154,45.42880704323944,48.20570176800786,48.20570176792791,7.995369446190746e-11
3377.820046382404,46.20956308449104,48.17349200519187,48.173492005109495,8.237284152575757e-11
3378.59896422471,45.49811243904924,48.14109339092688,48.141093390842016,8.48694123034783e-11
3379.3762064764464,44.510590659976515,48.108662001621276,48.108662001533844,8.743357363636932e-11
3380.155483165833,44.73103571642787,48.07604476858491,48.076044768494825,9.007968438382388e-11
3380.9330834927064,45.664423325575626,48.04339872028227,48.04339872018947,9.279731569910591e-11
3381.7108627055127,45.01145124195864,48.01064804527509,48.010648045179494,9.559490465082033e-11
3382.4906777614697,44.95344021444953,47.97771591325207,47.97771591315359,9.848171444178843e-11
3383.2688152967908,45.799115234054625,47.944760778826854,47.94476077872541,1.0144635664236724e-10
3384.048989613174,46.68190407321527,47.91162691440378,47.911626914299276,1.045054139025118e-10
3384.8274856360886,45.99804320559451,47.878473659970254,47.87847365986261,1.0764681056052967e-10
3385.6080193784096,44.57439070788905,47.845144343267016,47.84514434315613,1.1088810997372025e-10
3386.386874054073,45.90097467654323,47.81179897294642,47.8117989728322,1.1421650891143909e-10
3387.165907904231,44.15746566856206,47.77835989191396,47.77835989179631,1.1764231296779794e-10
3387.946980881562,45.393988869705936,47.74474940168023,47.744749401559055,1.2117683327539765e-10
3388.726373632246,44.83736037429117,47.7111291537443,47.711129153619495,1.2480609504438817e-10
3389.507806449527,43.80304051149438,47.67733982222188,47.67733982209333,1.2855036631695517e-10
3390.2875582660818,45.99032100959357,47.64354362798699,47.6435436278546,1.323948335903923e-10
3391.0693510890915,46.58961069801763,47.60958050375814,47.60958050362178,1.363609570497733e-10
3391.8494621369387,45.25085507757149,47.57561338686082,47.57561338672039,1.404330355343226e-10
3392.6297526483063,46.2226067665797,47.54156268139269,47.54156268124807,1.4462364362597943e-10
3393.4120855761676,45.85585498848059,47.50734731125103,47.50734731110209,1.4894657847086935e-10
3394.1927355670045,44.83430301505814,47.47313069444457,47.473130694291186,1.533847101382807e-10
3394.9754289152747,45.60982687452952,47.43875078753872,47.43875078738076,1.5796278479429622e-10
3395.7564385511923,45.17945365713285,47.404372445166864,47.4043724450042,1.626626500644065e-10
3396.539492485917,44.690265673459635,47.36983257736944,47.36983257720193,1.6751049969536967e-10
3397.320861932603,46.21016720186527,47.33529666706203,47.33529666688955,1.7248709954607368e-10
3398.102411132304,46.70084183959853,47.30068364077523,47.300683640597626,1.7760777647251532e-10
3398.8860060431243,45.76723359627931,47.26591174400573,47.26591174382284,1.8288934213484427e-10
3399.6679153021714,45.39239189856017,47.23114770080491,47.2311477006166,1.8831082188211034e-10
3400.4518712147956,45.63105503374027,47.19622648748815,47.19622648729425,1.9390239731095405e-10
3401.2341406990677,45.05543623999665,47.161315187368366,47.161315187168725,1.996418487356439e-10
3402.018457779809,44.924705240214735,47.12624797639303,47.12624797618747,2.0556111358248048e-10
3402.801087655261,45.334816886199405,47.09119260881292,47.09119260860128,2.1163665531242446e-10
3403.583897573688,46.14067794424591,47.05606641507376,47.05606641485587,2.178871356390794e-10
3404.3687565031755,46.56439011094244,47.0207860443098,47.02078604408547,2.2433301759592324e-10
3405.1519270617596,45.20438531850732,46.985520186619105,46.98552018638816,2.3094864673856715e-10
3405.9371475753837,44.41146813185287,46.950101159022346,46.95010115878458,2.377707948391787e-10
3406.7206789402735,45.84346795571173,46.914698237007414,46.91469823676264,2.447722930573514e-10
3407.506261204616,46.127324323678295,46.879142996553064,46.87914299630107,2.519920405545388e-10
3408.290153542034,45.85816639408632,46.84360531037891,46.843605310119514,2.5940126724883996e-10
3409.0742262128547,46.63017586639808,46.808001187294394,46.80800118702737,2.670226712030701e-10
3409.8603512,45.68121253538448,46.77224567382087,46.77224567354599,2.74881133393993e-10
3410.6447850927284,46.08693776391283,46.736509238079414,46.73650923779647,2.8294530948051986e-10
3411.431272247282,45.21043699863867,46.70062178051747,46.700621780226214,2.912599527420528e-10
3412.2160675283326,45.66481731516751,46.664754622125436,46.664754621825644,2.9979187885788537e-10
3413.002917017146,47.37694899205099,46.628736935424946,46.62873693511636,3.0858841586519854e-10
3413.7880738530107,48.07316537327324,46.59274059507753,46.59274059475992,3.1761443456730276e-10
3414.5734113131734,47.898223488087304,46.55668025331715,46.55668025299025,3.2689751309483376e-10
3415.3608044002567,47.24509906182812,46.52046991153738,46.52046991120091,3.364678720245047e-10
3416.1465036650156,48.297776213009456,46.48428224317051,46.48428224282422,3.462872567033283e-10
3416.934259503721,47.83058860814708,46.44794475778791,46.4479447574315,3.5641007641693287e-10
3417.7203207397583,47.803676492424074,46.4116307287249,46.411630728358105,3.6679584344523764e-10
3418.508439497205,49.545714605928886,46.375167033176396,46.37516703279889,3.775020798661915e-10
3419.294862871281,46.90951448704436,46.338727441028865,46.338727440640376,3.884859383388876e-10
3420.081467161021,47.84960517244872,46.30222539485909,46.30222539445931,3.997808906986076e-10
3420.8701303936177,47.571385482243386,46.26557394918343,46.265573948772,4.114236039880536e-10
3421.6570970715807,46.19328343455436,46.22894807049393,46.22894807007056,4.233674404247269e-10
3422.446123640955,46.199518976495256,46.19217323455242,46.192173234116744,4.356784783193003e-10
3423.233452874094,46.48218286929705,46.15542455218361,46.1554245517353,4.4830737278012115e-10
3424.0228429476347,42.62378238423231,46.11852656969111,46.118526569229786,4.613239612547005e-10
3424.810534902978,44.35045227705632,46.08165503627886,46.08165503580418,4.746760392366971e-10
3425.6002886481506,43.28648075757428,46.04463409660184,46.044634096113406,4.884374107475775e-10
3426.3883434928043,42.75569797938716,46.00763941436161,46.00763941385906,5.02552850844321e-10
3427.176579628439,43.63673750475983,45.97058213174714,45.97058213123008,5.170652294831412e-10
3427.9668789783004,43.47151665610432,45.93337339877652,45.9333733982445,5.320214891543641e-10
3428.7554782539487,43.271669375516694,45.896190325994915,45.896190325447556,5.473615554532733e-10
3429.5461416943463,42.99117505206755,45.85885539330906,45.85885539274589,5.631701276675641e-10
3430.335104277307,43.585516231217525,45.82154636562479,45.82154636504541,5.793836697063453e-10
3431.1261319759765,43.901101894317215,45.784084853705814,45.784084853109725,5.960916643088607e-10
3431.915458033626,43.56712479706835,45.7466493442091,45.74664934359587,6.132269201844327e-10
3432.7049656746976,43.651822052934456,45.70915188380139,45.70915188317055,6.308413427787362e-10
3433.4965398581708,45.01748716250631,45.67150283736109,45.6715028367121,6.489917496394263e-10
3434.286411225038,45.405346276341334,45.63388102447694,45.63388102380934,6.676050832229451e-10
3435.0783500863627,44.60613050941129,45.596106721162045,45.59610672047526,6.867839580096077e-10
3435.868585346594,44.640454882656286,45.5583596084051,45.55835960769865,7.064511306184242e-10
3436.660889053777,44.940464823890125,45.52045926327772,45.52045926255101,7.267149777630667e-10
3437.4514883750176,44.34728460073757,45.48258592611007,45.48258592536258,7.474938376414559e-10
3438.242269572594,44.466153887206474,45.4446491694446,45.44464916867575,7.688504887909448e-10
3439.0351206461164,44.00429302162639,45.406557957492204,45.40655795670135,7.908536279883399e-10
3439.8262661562158,44.210543946380774,45.36849343540634,45.36849343459293,8.134145051260785e-10
3440.6194824958516,44.49001915008557,45.33027364259729,45.330273641760634,8.366573068589239e-10
3441.4109924863124,43.9058455290035,45.29208032641545,45.29208032555496,8.60488227263124e-10
3442.2045742603405,42.879111279149136,45.253730970348144,45.253730969463106,8.850383866692108e-10
3442.996448899078,43.11354296611239,45.215407735382264,45.21540773447206,9.102086441198938e-10
3443.788505707536,43.212444860064586,45.177018858882434,45.17701885794636,9.36074848245747e-10
3444.5826357308615,44.07677660014406,45.138472099467315,45.13847209850459,9.627199703012942e-10
3445.3750574395153,44.24471597698357,45.099950740865516,45.09995073987548,9.900363139702648e-10
3446.169553318166,43.42154038967237,45.06127068012411,45.06127067910594,1.0181740130526698e-09
3446.9623400951255,43.38373840162967,45.02261585590455,45.02261585485753,1.0470192714508337e-09
3447.7572019976515,45.05768986046224,44.98380149586885,44.983801494792125,1.076730557074615e-09
3448.550354011103,42.847027393383314,44.945012192784596,44.94501219167741,1.1071876392323177e-09
3449.343688488133,43.64079034436168,44.90615541256535,44.906155411426866,1.1384820603659584e-09
3450.1390995243382,45.29737736858124,44.86713777969852,44.867137778527805,1.170713925591048e-09
3450.9327994901864,45.228571026254485,44.82814496781522,44.82814496661147,1.2037526897242778e-09
3451.7285769718783,44.58705090677495,44.78899125181126,44.78899125057348,1.237779661686571e-09
3452.522642594924,45.50003510825764,44.749860668445855,44.749860667173195,1.2726569452173803e-09
3453.318786690926,43.510101370136226,44.71056437720551,44.71056437589693,1.3085758556337288e-09
3454.1132181396274,43.229520368976864,44.67129165319683,44.67129165185144,1.345390744582413e-09
3454.90783234624,43.29666670182314,44.631951374919375,44.63195137353616,1.3832119780744002e-09
3455.7045264617295,43.25870186474913,44.59244911988824,44.59244911846608,1.4221602046598104e-09
3456.4995067467307,44.03656339579903,44.55296835818648,44.552968356724406,1.4620773545719105e-09
3457.2965678988216,44.26138961651214,44.51332414093076,44.51332413942758,1.5031821520452386e-09
3458.091914430863,42.78844114107006,44.473709266977544,44.473709265432234,1.545307678171388e-09
3458.889342788649,43.743574349092576,44.43392963018984,44.433929628601156,1.5886846582144275e-09
3459.685055736461,44.34020329447276,44.39417217318873,44.39417217155559,1.6331368443749458e-09
3460.48095173699,43.37799665997728,44.354342054720384,44.354342053041584,1.6787971553860302e-09
3461.2789310015023,43.127674059474664,44.314344351808174,44.314344350082365,1.7258108442310988e-09
3462.0751936709426,44.86926827803928,44.27437203407241,44.27437203229842,1.7739867211520548e-09
3462.873540564123,43.67933828603168,44.23423596403483,44.234235962211244,1.8235883655997704e-09
3463.670170071397,43.331308893338935,44.1941248585649,44.194124856690486,1.8744139472533835e-09
3464.4688847626135,44.0643265290405,44.153846363391786,44.15384636146504,1.9267414230003615e-09
3465.2658812767236,44.62157490141317,44.11359260939205,44.11359260741169,1.9803577486834437e-09
3466.063061138835,44.40644082466042,44.07326811311466,44.07326811107924,2.0354228340531225e-09
3466.862327625446,44.03623507113912,44.03277548137008,44.03277547927797,2.0921113678965432e-09
3467.6598747479416,44.143397613534496,43.9923067209581,43.9923067188079,2.150192352228785e-09
3468.4595094562446,43.75978308090271,43.9516695386377,43.95166953642772,2.2099830818686526e-09
3469.2574240083213,44.5740807694101,43.91105874320964,43.911058740938394,2.2712397785365504e-09
3470.0574271079554,45.21850590548047,43.87028227206484,43.870282269730545,2.3342969425085817e-09
3470.855709258888,43.60572001748938,43.829536211696805,43.829536209297906,2.3988973309705227e-09
3471.6541750535807,42.53877518988725,43.78871943692568,43.78871943446045,2.4652331209630843e-09
3472.454730838712,44.813158906960325,43.747731287541065,43.74773128500755,2.533514178399541e-09
3473.253564486218,43.279462489644175,43.70677317155662,43.706773168953156,2.60346171185411e-09
3474.0544890870196,42.3470887470462,43.66565173434654,43.66565173167108,2.6754572709917348e-09
3474.8536907568077,43.52972205181209,43.62455929177678,43.62455928902757,2.749206731294106e-09
3475.654984343194,44.06737863507897,43.58329192521942,43.58329192239431,2.8251122094961805e-09
3476.4545542048127,43.87882046959749,43.54205127786924,43.542051274966376,2.902863432256095e-09
3477.2543080064274,43.835786299774554,43.50074395118984,43.50074394820715,2.982691109216623e-09
3478.056155169849,43.660129980128666,43.459260986423295,43.45926098335845,3.06484709827935e-09
3478.8562774176607,43.17304852747339,43.41780817582849,43.41780817267949,3.1489952919640193e-09
3479.6584939916906,42.61855020245208,43.37619770521831,43.37619770198272,3.2355940175506373e-09
3480.458984855442,42.65016655390218,43.334618535036554,43.334618531712266,3.324288792401261e-09
3481.2615710102677,43.61637086945667,43.29287609156058,43.292876088145015,3.415562502184441e-09
3482.0624306597806,43.49561831273855,43.251173300519994,43.25117329701095,3.5090413177486375e-09
3482.8634745460045,42.14204080384571,43.20939866319347,43.209398659588466,3.6050019126079527e-09
3483.6666151708414,43.75375504014687,43.167455881146886,43.16745587744314,3.703746216538083e-09
3484.468028097603,44.92377542477789,43.12555315600502,43.12555315220015,3.8048694632047e-09
3485.271538728946,42.48803458364705,43.08348773700194,43.083487733093015,3.908921619750018e-09
3486.073320866263,43.927260176621076,43.04145819235366,43.04145818833818,4.015475923810816e-09
3486.877201674572,42.82356137329066,42.99926413562989,42.99926413150478,4.12511163446489e-09
3487.67935319254,42.70163472758873,42.95710777460581,42.95710777036843,4.237378837988851e-09
3488.4836043483565,43.79059832018265,42.91478732139327,42.914787317040386,4.352887592322251e-09
3489.286125417149,43.77182340283071,42.87250551189546,42.8725055074243,4.4711636186099045e-09
3490.0888311048584,42.39634532582363,42.8301678475534,42.83016784296084,4.592555845775996e-09
3490.8936378809594,43.516090011932874,42.78766865567883,42.787668650961386,4.717444882981827e-09
3491.6967133747985,44.78354139603971,42.74520518078535,42.74520517594003,4.8453175090692115e-09
3492.501890925,44.30822184600083,42.702581270603496,42.70258126562663,4.976867848926601e-09
3493.3053363953386,43.05114814774425,42.660003684459134,42.66000367934758,5.111555008039978e-09
3494.1108848904555,42.55027968597028,42.617269519946596,42.61726951469649,5.2501097944194096e-09
3494.9147005077416,43.41365009144556,42.57458088129312,42.57458087590116,5.391962198701035e-09
3495.7187010417533,44.57378659051483,42.53183954315789,42.531839537620364,5.537529648754271e-09
3496.5248060534277,44.13693618422758,42.4889447092718,42.48894470358453,5.687267310935811e-09
3497.329176990105,43.35563118414462,42.44609313375379,42.44609312791323,5.840558660977249e-09
3498.135653373976,41.62814967276132,42.403087204599274,42.40308719860104,5.99823457922276e-09
3498.940394883962,41.52330641576351,42.36014019477255,42.3601401886129,6.159645500002806e-09
3499.747242811121,44.03752473040322,42.3170408325534,42.31704082622774,6.325665947000401e-09
3500.552355065139,43.00700030067492,42.27399323963402,42.273993233138405,6.4956116032144695e-09
3501.3576525341737,41.628803695483846,42.23089741552029,42.23089740885031,6.669981310781159e-09
3502.165057875608,43.078645994660526,42.1876525056622,42.18765249881288,6.849318817333337e-09
3502.9707263448045,42.74562760541858,42.144469259649945,42.144469252617064,7.032884308332503e-09
3503.7785036574965,41.63932321758717,42.10114477099835,42.10114476377668,7.221671300804687e-09
3504.5845432977753,42.72311766673557,42.057882222293195,42.0578822148783,7.414900573866212e-09
3505.392692753092,41.92738476779778,42.0144749245369,42.014474916923284,7.613617511340908e-09
3506.199103735451,42.27831917708136,41.97113075780197,41.97113074998497,7.81700146002379e-09
3507.005700231596,40.908645880061385,41.927746347847524,41.92774633982187,8.025647920141819e-09
3507.814408000355,41.12202276323433,41.88422140375119,41.884221395510984,8.240205766328539e-09
3508.621376095123,43.01005240671339,41.840766591489725,41.84076658302994,8.459788205097168e-09
3509.430456435168,43.58055721555434,41.79717372451101,41.79717371582543,8.685581955632186e-09
3510.2377962997552,42.990145425934095,41.75365084591903,41.75365083700238,8.916653279990076e-09
3511.0472493827288,43.45164907428421,41.70999226538822,41.709992256233974,9.154250468918036e-09
3511.8549611884087,42.12440057651839,41.66640902361761,41.66640901422022,9.39739044236887e-09
3512.6628588071285,41.314857029086404,41.62279882327973,41.62279881363295,9.646783330123182e-09
3513.4728711041603,42.00046195730056,41.579057790443514,41.57905778054031,9.90320263210059e-09
3514.28114092093,42.55541205705391,41.53539418972649,41.5353941795609,1.0165586533081377e-08
3515.0915263902425,41.97126995513918,41.49160400958136,41.49160399914601,1.0435351010366322e-08
3515.9001685765334,41.8271669486087,41.447898643251555,41.44789863254018,1.0711378387195228e-08
3516.7109273900483,41.893572581022234,41.40406477388092,41.40406476288576,1.0995157652140004e-08
3517.519942117411,40.780073943243,41.36031595148223,41.36031594019671,1.1285512432764812e-08
3518.329142957549,40.14899980114296,41.316554321233596,41.31655430965031,1.1583288651191936e-08
3519.1404618871907,41.12767782717652,41.27267343017482,41.272673418285414,1.1889407383900672e-08
3519.9500355257715,40.26242940464659,41.22888525283638,41.22888524063378,1.2202598635662345e-08
3520.761728229659,41.23577018500874,41.18498352056072,41.18498350803617,1.252455012550459e-08
3521.571674838433,40.85264945266545,41.14117313215863,41.1411731193047,1.2853925460742819e-08
3522.3837414887644,40.258098145733136,41.097250112019246,41.09725009882675,1.3192498840941917e-08
3523.194061239556,40.53416927936406,41.05343061603952,41.053430602500654,1.353886412979026e-08
3524.004567403341,40.74195939012407,41.00960896269144,41.00960894879741,1.3894027933920396e-08
3524.817195073325,39.74790263702062,40.96568034202974,40.965680327770656,1.425908589092924e-08
3525.6280746369157,39.89925767863907,40.92185474402632,40.9218547293938,1.4632520664675793e-08
3526.441076684082,38.87330352817663,40.877923934303446,40.877923919287106,1.5016341715255227e-08
3527.2523298195033,38.9445604857649,40.83410104055859,40.83410102514964,1.540895287509543e-08
3528.0657064163274,40.46045382672242,40.79017991890327,40.7901799030908,1.581246592534084e-08
3528.877333295683,41.10245724010133,40.746367949744915,40.746367933519714,1.6225201920895086e-08
3529.6891468887366,40.302826470801165,40.7025651284478,40.702565111799444,1.664835739788247e-08
3530.503085410194,41.89345175754738,40.65867196724656,40.65867195016333,1.7083234244937282e-08
3531.315273005385,40.41653186701911,40.61489574038353,40.61489572285551,1.75280215892605e-08
3532.1295865079346,40.290418425254074,40.571032257948104,40.571032239962996,1.7985109408605038e-08
3532.942148277565,40.0009989242501,40.52729641139631,40.52729639294371,1.8452593341984357e-08
3533.7568369339583,37.54221231859129,40.48347923872252,40.48347921978954,1.893298429586959e-08
3534.569773050411,41.06141140441878,40.43978839191401,40.43978837248973,1.9424279773059e-08
3535.382896181749,40.58932256903336,35.69338289777417,35.69338287784627,1.9927900558425068e-08
3536.198147669219,40.158657799338705,35.684673241530945,35.68467322108555,2.044539196438677e-08
3537.0116454059976,40.39370148346803,35.67598369049463,35.675983669520036,2.0974595151312286e-08
3537.8272724794415,40.59778021227248,35.66727276729537,35.667272745777026,2.1518349629205147e-08
3538.6411449942425,40.58351516244898,35.65858195272048,35.65858193064609,2.2074385813742382e-08
3539.457147826692,40.382378222597254,35.64986976336997,35.649869740724284,2.264568597655783e-08
3540.271395292174,40.4670702252688,35.641177686061575,35.64117766283171,2.3229864320236773e-08
3541.085830074216,39.316318558278226,35.6324849784417,35.6324849546131,2.3828606105872853e-08
3541.9023966456457,39.008171418673335,35.62377089213655,35.623770867692805,2.44437436232854e-08
3542.7172066374055,39.95794374164894,35.61507692299855,35.61507689792584,2.5072706009193396e-08
3543.5341494006675,40.65053541862585,35.606361572572894,35.60636154685403,2.5718863247826206e-08
3544.349334775004,40.4551323406347,35.597666342732815,35.597666316353305,2.637951343785667e-08
3545.16665390341,39.03560360065762,35.588949729006934,35.58894970194874,2.7058194912498554e-08
3545.9822148332623,39.01657915656415,35.58025323928527,35.580253211533204,2.7752068306367348e-08
3546.7979633818345,38.77023847753685,35.57155612068222,35.57155609221909,2.8463130454971892e-08
3547.615847158589,38.68287785202961,35.56283761430552,35.56283758511197,2.919355159603199e-08
3548.4319715221304,39.58477255979938,35.554139237059466,35.55413920711919,2.9940273545678715e-08
3549.250232097553,38.77880906445899,35.54541946945207,35.54541943874478,3.0707291582745726e-08
3550.0667324492024,39.37578734727732,35.53671983439462,35.53671980290322,3.149139264879288e-08
3550.885369996884,39.15968405612853,35.52799880639235,35.52799877409558,3.2296770324226485e-08
3551.7022465098585,38.76383483337009,35.51929791435956,35.51929788123951,3.312004913375976e-08
3552.5212612034707,39.498730486126306,35.51057562680273,35.5105755928371,3.3965630416662563e-08
3553.3385140510672,40.40941378839239,35.50187347863514,35.501873443805174,3.482996838695573e-08
3554.155954906607,38.931501044092556,35.49317070346487,35.493170667749325,3.5715542688215983e-08
3554.975535419956,40.61862226168319,35.484446528911214,35.48444649228617,3.6625046992040495e-08
3555.793352870111,40.4699043237331,35.47574249887487,35.47574246132021,3.755466454952825e-08
3556.6133109638135,40.63057853249825,35.46701706688661,35.46701702837725,3.850936020653653e-08
3557.4315051820795,41.68160618058824,35.458311782836,35.458311743350876,3.9485125532446415e-08
3558.2518410300877,41.287401207726596,35.4495850942692,35.44958505378203,4.0487169746077805e-08
3559.070412190042,39.5664940693332,35.44087855706062,35.440878515549336,4.1511283484101936e-08
3559.8891716612175,40.25471508843748,35.432171394341886,35.43217135178149,4.256039766503551e-08
3560.710074241687,41.506564484705684,35.42344282327021,35.42344277963251,4.3637694983649063e-08
3561.5292109149614,41.365143233997294,35.414734408685966,35.41473436394732,4.47386465243403e-08
3562.3504916848606,40.81517578928265,35.406004583195305,35.40600453732618,4.5869123947660867e-08
3563.1700057340126,40.966853902366445,35.397294917613216,35.397294870588844,4.702437237496817e-08
3563.991664867573,39.82218806127185,35.38856383857562,35.38856379036507,4.821055058619838e-08
3564.811556466459,39.73292052613988,35.37985292286789,35.37985287344522,4.942266691098298e-08
3565.6316366803294,40.15435280639804,35.37114138317037,35.371141332506184,5.066418196991072e-08
3566.4538634605497,40.41945789638817,35.362408426203416,35.36240837426456,5.193885223477216e-08
3567.274321484986,40.44415053741022,35.35369563769666,35.35369558445535,5.3241309608094405e-08
3568.096927064694,40.49223302720384,35.344961429382366,35.34496137480387,5.4578490748534204e-08
3568.917763073753,40.80141767273403,35.33624739295009,35.33624733700533,5.594476148561829e-08
3569.7407476274616,41.416453811847084,35.32751193417657,35.32751187682918,5.734739544475305e-08
3570.561961795281,39.86834262866251,35.3187966507071,35.31879659192662,5.878047972213957e-08
3571.3833648823406,39.65981707066431,35.310080744796224,35.310080684548126,6.024809600611066e-08
3572.2069179983805,40.46159376994161,35.301343412753376,35.3013433509987,6.175467323779111e-08
3573.028699505453,39.988622397870365,35.2926262611459,35.292626197852044,6.329385559236138e-08
3573.8526320320234,40.750191145997185,35.28388768088388,35.28388761601005,6.487382910755484e-08
3574.6747921334468,40.3608847770613,35.275169284479745,35.27516921799182,6.648792501166884e-08
3575.499104245341,39.85639161104201,35.26642945690294,35.26642938875822,6.814472436911357e-08
3576.321643115533,40.335876944365744,35.257709816606706,35.25770974676948,6.983723067724545e-08
3577.1443712097107,40.82792266587876,35.248989555445846,35.24898948387559,7.157025300664789e-08
3577.969252801086,40.240880800567766,35.240247859345125,35.24024778599612,7.334900755655395e-08
3578.792359925707,40.13015659226176,35.231526355657266,35.23152628049129,7.516597725600358e-08
3579.61762153964,40.629073492257255,35.222783414522745,35.22278333749193,7.703081218730179e-08
3580.441107869324,39.81004792864724,35.21406066922415,35.214060590288526,7.893562761964499e-08
3581.2667496808913,39.82495386820688,35.20531648397668,35.205316403086144,8.089053620820209e-08
3582.090615390336,40.504165658643394,35.196592497988426,35.19659241510116,8.28872683187023e-08
3582.914670629005,40.13937332211458,35.18786789274103,35.187867807809546,8.493148396854749e-08
3583.7408828386815,39.95585559681195,35.17912184380141,35.17912175677209,8.70293199689656e-08
3584.565317719208,39.748719508774464,35.1703959992542,35.1703959100823,8.917189555405962e-08
3585.391910564458,39.208113256763,35.161648708523956,35.16164861715338,9.13705744816747e-08
3586.2167252617432,39.47529335860372,35.152921625609814,35.15292153199377,9.361604453920488e-08
3587.0436989179248,40.17145195468584,35.144173094026485,35.14417299810627,9.592021054734645e-08
3587.86889360695,40.18503934241131,35.13544477368306,35.13544467540975,9.827330875853459e-08
3588.6942781309294,40.238112367035455,35.12671583571503,35.12671573503304,1.0068199358233698e-07
3589.5218231053304,40.58316057181628,35.11796544535872,35.117965342205245,1.031534771814391e-07
3590.3475878835684,39.86318399160609,35.10923527137635,35.10923516569907,1.0567727917514677e-07
3591.1755141075473,39.98600893357752,35.10048364253116,35.10048353426439,1.082667669471877e-07
3592.0016593152272,40.37148047048572,35.09175223348413,35.091752122573176,1.1091095439328678e-07
3592.829966964425,39.43905944913673,35.08299936710444,35.0829992534806,1.136238410596646e-07
3593.6564927768104,39.262678188641765,35.0742667239473,35.07426660755338,1.163939117444887e-07
3594.4832087303726,39.532427102621575,35.06553346482945,35.06553334560047,1.192289815789442e-07
3595.312088619384,39.963020954189695,35.05677874468444,35.05677862254693,1.2213751742083117e-07
3596.1391854405947,40.20315235724889,35.04804425289679,35.04804412778962,1.2510716467855327e-07
3596.9684471941787,39.77612279818868,35.039288297623926,35.0392881694703,1.2815363074702155e-07
3597.795925058502,39.0214173487525,35.030552574133175,35.03055244286921,1.3126396892298308e-07
3598.625568852583,39.50537840384004,35.02179538470393,35.021795250249305,1.3445462437416678e-07
3599.4534279355667,39.88477987443594,35.013058430481664,35.013058292769635,1.3771203112085412e-07
3600.281477466444,38.60131412671763,35.00432086199241,35.00432072094706,1.4104535765347634e-07
3601.11169442342,39.742633682878484,34.995561823895194,34.99556167943066,1.4446453313979936e-07
3601.9401254363233,41.1743603406203,34.986823026140506,34.9868228781855,1.4795500954771327e-07
3602.770724873859,38.96044351951242,34.978062756336556,34.97806260480133,1.5153522407969215e-07
3603.5995375445373,38.53432801630539,34.96932273030037,34.96932257511043,1.5518993623829147e-07
3604.430519638839,40.91843783471837,34.960561229778506,34.960561070840065,1.5893844328633243e-07
3605.2597141431224,40.774061662070835,34.951819976449755,34.95181981368498,1.627647807288058e-07
3606.0890994025117,40.53402744311098,34.94307811057795,34.94307794389826,1.6667969325965557e-07
3606.9206555842793,41.075492592432745,34.93431476657638,34.93431459588157,1.7069481241515807e-07
3607.7504229410647,40.77967732705384,34.92557167490418,34.925571500111154,1.7479302605076833e-07
3608.5823622203707,40.316810474715794,34.91680710267797,34.91680692368202,1.789959523300564e-07
3609.412511850584,38.96226112482964,34.908062786206855,34.908062602921184,1.8328567020624308e-07
3610.2448344039217,38.89503599406499,34.8992969867624,34.899296799077604,1.8768479933425142e-07
3611.0753664836757,39.65080521539926,34.890551446498876,34.8905512543243,1.921745732072395e-07
3611.9060896262436,39.527368276261775,34.88180529544689,34.881805098679315,1.9676757020603145e-07
3612.738987193109,38.597032773152485,34.87303765780328,34.87303745632588,2.014774014797233e-07
3613.5700930494345,39.64703867490085,34.86429028447758,34.86429007819362,2.0628396088449418e-07
3614.4033743318146,39.89790235444298,34.85552142215333,34.855521210940765,2.112125690959241e-07
3615.234863078214,39.67005554685875,34.84677282757316,34.846772611330984,2.1624217613329447e-07
3616.0685282528857,40.80106570869862,34.838002741592526,34.83800252019326,2.2139926754053474e-07
3616.9004000657565,40.20682959343981,34.82925292678226,34.829252700120456,2.2666180716640096e-07
3617.734449309579,37.23297776771279,34.820481618174654,34.82048138611716,2.32057496577158e-07
3618.5667043653993,40.73237231005488,34.81173058416386,34.81173034660059,2.3756326931529752e-07
3619.399150880402,39.528261319336714,34.802978941666446,34.80297869847194,2.4319450430748575e-07
3620.233776330643,39.8987087198077,34.794205801787264,34.79420555281943,2.489678346152038e-07
3621.0666063533604,39.38249830332575,34.78545294164275,34.78545268678419,2.548585621159414e-07
3621.901616315151,37.98648286219237,34.77667858173225,34.776678320834584,2.608976655867784e-07
3622.734830022265,38.96121311251523,34.76792450498319,34.76792423792389,2.6705929792343627e-07
3623.5702246727496,40.61087379970946,34.75914892608905,34.75914865271319,2.733758502523219e-07
3624.403822241023,40.198702901457864,34.75039363378326,34.750393353962984,2.798202754580788e-07
3625.2376115773222,39.009130126680255,34.74163773481746,34.74163744840693,2.8641053294684806e-07
3626.0735833637054,39.53770393655555,34.732860330149016,34.73286003698298,2.9316603885700496e-07
3626.9077568263565,39.97903531780117,34.72410321720749,34.724102917149644,3.0005784643308013e-07
3627.744113744545,38.50568234637808,34.715324596197135,34.715324289074985,3.0712215095061833e-07
3628.578671510515,39.15990469029999,34.70656627034095,34.706565956012284,3.1432866851660483e-07
3629.415413737939,37.858507162956364,34.697786434054976,34.69778611233974,3.2171523293077175e-07
3630.2503559842758,38.14714656456841,34.689026896350576,34.68902656710041,3.2925016423485225e-07
3631.0854903079794,39.42668554935426,34.6802667538452,34.68026641689079,3.369544128034179e-07
3631.922810602282,39.006708403988796,34.6714850973798,34.67148475252918,3.4485061915614517e-07
3632.758329671972,37.21048621521072,34.662723744635315,34.662723391730424,3.529048942462648e-07
3633.596035719337,38.689985424267206,34.65394087558297,34.65394051442349,3.611594827060188e-07
3634.4319397122667,37.91492647251426,34.6451783136793,34.64517794410036,3.6957894116870803e-07
3635.2700316904106,38.81256083949711,34.636394233125266,34.636393854917856,3.7820741304054004e-07
3636.1063207839143,39.59277842830648,34.62763046314781,34.62763007613998,3.8700783266911213e-07
3636.9428022646234,39.084093213029526,34.61886609026154,34.618865694256925,3.960046132879684e-07
3637.781473242127,38.24786343724055,34.610080195222544,34.610079789998416,4.0522412686873844e-07
3638.6183400894583,37.42235805814267,34.601314615900264,34.601314201273524,4.146267417640437e-07
3639.4573974422833,38.516388356888235,34.59252751209618,34.592527087834476,4.242617098741901e-07
3640.2946498337747,37.41531352423977,34.58376072743713,34.583760293349535,4.340875948507829e-07
3641.134093739924,37.35214385967424,34.57497241597259,34.574971971816744,4.441558464671564e-07
3641.9717318531953,38.16441644167936,34.56620442708156,34.566203972658414,4.544231453782071e-07
3642.8095626640134,37.31672944855837,34.557435837207606,34.557435372289696,4.64917909505943e-07
3643.649586503507,37.66480612000215,34.548645717054235,34.54864524138341,4.756708242140641e-07
3644.487803302583,38.179740010206395,34.53987592461537,34.53987543797978,4.866355930203797e-07
3645.328214140661,37.7898032579235,34.53108459958711,34.53108410171753,4.97869575515175e-07
3646.1668171058186,37.90121563471667,34.522313605702294,34.522313096377914,5.093243822106048e-07
3647.007615120772,38.445451844168026,34.51352107692359,34.51352055586367,5.210599139058274e-07
3647.8466044299175,38.42738085488691,34.50474888271742,34.50474834969182,5.330255980232328e-07
3648.685786747452,38.482008825100365,34.495976089488785,34.495975544234305,5.452544785632102e-07
3649.52716563124,37.147954813784054,36.25660321703099,36.25660265924877,5.57782221346578e-07
3650.366734559671,38.78954922073376,36.261523651248496,36.26152308069369,5.705548036167234e-07
3651.2085010663122,38.75313932924906,36.26645502835197,36.26645444471301,5.836389552695006e-07
3652.0484567837498,37.362870882962625,36.271372417677924,36.27137182069969,5.969782289762445e-07
3652.8906110918215,38.527842947622965,36.276297836720836,36.27629722607855,6.106422894840715e-07
3653.73095377646,39.06920565965084,36.281206372600145,36.281205748027986,6.245721613706094e-07
3654.571489780828,38.59533336471282,36.28610825489734,36.286107616091115,6.388062264956144e-07
3655.4142258947372,37.98528250723575,36.29101365188923,36.291012998503334,6.533858948596655e-07
3656.2551491336444,37.836425359629864,36.295897745854255,36.29589707760606,6.682481972653267e-07
3657.0982734956815,38.35058703023402,36.30078243575313,36.30078175228245,6.834706808882426e-07
3657.9395841475257,38.95903566337075,36.305643058917205,36.305642359929635,6.989875711064965e-07
3658.783096936557,38.257476783282534,36.310501373743755,36.31050065886395,7.148798007212289e-07
3659.62479517982,36.9407399278282,36.31533279180983,36.31533206073116,7.310786708670906e-07
3660.4666870546575,38.59793894921381,36.32014743723289,36.32014668960417,7.476287156047323e-07
3661.3107825880375,39.59668155186341,36.324955265196486,36.324954500618524,7.645779624463753e-07
3662.1530623220633,38.25899758310721,36.32973188348238,36.329731101629285,7.818530948434317e-07
3662.997546729855,37.0138775290684,36.33449856564075,36.33449776609662,7.995441335024754e-07
3663.8402145017544,37.92345503387992,36.339231079149904,36.33923026157539,8.175745195198709e-07
3664.6850879631124,39.52061792125415,36.34395053191487,36.343949695876695,8.360381748031887e-07
3665.5281439516552,38.433432535018255,36.348633022888926,36.34863216803377,8.548551618868787e-07
3666.3713938841206,37.20188410912124,36.35328835501978,36.35328748094268,8.740770975903404e-07
3667.216851029854,37.217373153276874,36.35792601290095,36.35792511914132,8.937596244065124e-07
3668.060489447163,37.63720846238926,36.36252233211728,36.362521418299806,9.138174719799712e-07
3668.906336094602,38.33236632490798,36.36709767393113,36.3670967395761,9.343550280510542e-07
3669.7503631757304,37.18119440235274,36.37162869090621,36.37162773562294,9.55283279260492e-07
3670.5965995043193,37.881747295683006,36.3761354683922,36.37613449168109,9.767111035293575e-07
3671.4410154283237,38.85076995011809,36.38059506745203,36.38059406890644,9.985455885460085e-07
3672.285625609101,38.628460009598484,36.3850168287798,36.3850158079333,1.0208464959683948e-06
3673.132446563608,38.076446445603324,36.38940976783652,36.3894087241583,1.0436782211421357e-06
3673.9774458558954,38.3797790323954,36.3937515939253,36.3937505269836,1.0669417000094819e-06
3674.8246569404146,38.707210649224415,36.398061673170815,36.39806058241297,1.0907578494639268e-06
3675.6700455234754,38.42739661447059,36.4023181367691,36.40231702174581,1.1150232894929687e-06
3676.517646917739,37.50359608539202,36.4065399230186,36.4065387831545,1.1398640991856643e-06
3677.3634249709203,37.46287332117481,36.410705499277014,36.41070433410461,1.1651724042424684e-06
3678.20939759423,38.5547629431378,36.414823453617046,36.41482226259973,1.1910173218833e-06
3679.0575845574726,37.508691684113735,36.4189019356101,36.418900718136804,1.2174732967681751e-06
3679.9039469199697,38.723621629025054,36.42292005443261,36.42291881000724,1.2444253664805652e-06
3680.752524642545,37.94795330670332,36.426895549030284,36.42689427701684,1.2720134429089516e-06
3681.5992769237805,37.34114629686611,36.43080811582635,36.430806815708756,1.3001175927936099e-06
3682.4482455857096,37.75785070202165,36.43467511034057,36.434673781456915,1.3288836560439505e-06
3683.29538796532,37.474207088434696,36.43847680589451,36.43847544770799,1.358186524882864e-06
3684.144747746709,36.99300133389307,36.44223002307903,36.44222863490082,1.3881782049703292e-06
3684.992280404412,37.50775398888504,36.44591554913259,36.44591413040439,1.4187282025019385e-06
3685.8400080358897,36.990839644332254,36.4495410120696,36.44953956214989,1.4499197152996573e-06
3686.689954601047,37.05268550386905,36.453113446894974,36.45311196505267,1.4818423046684838e-06
3687.538072780242,37.78862128914784,36.4566144367345,36.45661292237751,1.5143569868326367e-06
3688.388410915379,37.71081359794517,36.460059297225605,36.460057749593325,1.5476322771656001e-06
3689.2369198222173,37.27176735633248,36.46343025314311,36.463428671619866,1.581523241102279e-06
3690.0876497077306,36.17921583185512,36.466742046929255,36.46674043072379,1.616205464079474e-06
3690.9365495222196,37.22050931042827,36.4699775860741,36.469975934546284,1.6515278195618217e-06
3691.7856446249957,37.42284135204205,36.47314350515972,36.47314181757343,1.6875862930183466e-06
3692.636962240819,36.575789995462635,36.476245725010216,36.47624400052605,1.7244841670077214e-06
3693.486448521306,37.199120928783486,36.479268097996794,36.47926633593624,1.7620605586847958e-06
3694.338158338752,37.909071787178846,36.48222368740229,36.48222188689232,1.8005099736998023e-06
3695.1880359771653,35.875384191580004,36.48509708462343,36.48509524495874,1.839664693648119e-06
3696.04013817692,36.92720507204832,36.48790075022656,36.48789887049924,1.8797273219175286e-06
3696.8904073535587,38.46565825703715,36.490620159393714,36.49061823887068,1.9205230298692325e-06
3697.7408721335046,38.07019251748147,36.49326094907409,36.493258986911655,1.9621624366951863e-06
3698.5935630116387,37.16997883197041,36.49582800235038,36.49582599758586,2.004764519653091e-06
3699.4444196003055,37.72796527817855,36.49830794187093,36.498305893727675,2.0481432516184486e-06
3700.2975033127223,37.4302325967858,36.50071141911321,36.50070932659032,2.0925228938206168e-06
3701.148751890616,37.003681078430425,36.50302578155812,36.50302364384854,2.137709576399629e-06
3702.0022286182952,37.47841489727603,36.505260854870926,36.505258670934104,2.1839368247492148e-06
3702.853869366005,37.92494431453724,36.50740484125759,36.50740261025498,2.231002613843838e-06
3703.70570603255,37.09561460980081,36.509462045435136,36.509459766400845,2.2790342900825927e-06
3704.5597723882065,36.68531910200659,36.51143596306936,36.5114336349006,2.328168762169561e-06
3705.4120014955006,38.18307578875101,36.51331611351369,36.51331373532252,2.3781911662116616e-06
3706.266461319122,37.294592486689005,36.515110390935824,36.515107961576035,2.4293597907747103e-06
3707.119083047961,36.76322135071132,36.51680916734025,36.51680668588946,2.4814507841403157e-06
3707.973936520819,38.145933076625404,36.5184194643569,36.51841692962388,2.53473302132573e-06
3708.826951052084,39.26016453504553,36.51993253721088,36.51992994823757,2.5889733078606346e-06
3709.680161818221,38.54215002300294,36.52135127192989,36.5213486276118,2.644318088496376e-06
3710.535605870187,39.31587728993532,36.52267766557047,36.52267496464573,2.7009247354435017e-06
3711.3892097101198,39.42202859237819,36.52390436541392,36.52390160686857,2.75854535187267e-06
3712.2450478647543,38.240351369021944,36.525036206288476,36.52503338881138,2.8174770940445495e-06
3713.0990449595715,37.078583753042274,36.526066850701596,36.52606397323982,2.8774617770529295e-06
3713.955277398438,37.432423178916686,36.52700032657508,36.526997387766436,2.938808640730291e-06
3714.8096679293117,38.693780857335696,36.527831311678895,36.52782831043009,3.0012488093902366e-06
3715.664255011605,38.2519162768424,36.52856124376506,36.528558178814556,3.064950508462838e-06
3716.5210789822436,37.85692332479699,36.529190577242574,36.52918744714814,3.1300944364895897e-06
3717.3760597724004,37.54643326041901,36.529715454334536,36.529712257939636,3.1963949011350908e-06
3718.233278481436,37.72322689668682,36.53013754901897,36.530134284825564,3.264193404219583e-06
3719.088653160837,38.44756888157509,36.53045404569361,36.53045071250112,3.3331924907451385e-06
3719.9462667901266,38.07354405560977,36.530665681240606,36.530662277493164,3.403747439072049e-06
3720.802035540237,40.94687075026605,36.53077066326102,36.53076718771245,3.4755485752080064e-06
3721.6580011588235,41.085710055848956,36.53076879434765,36.53076524555871,3.548788935860117e-06
3722.5162072740864,40.605247628337345,36.530658815930224,36.53065519225444,3.623675778690281e-06
3723.372567235628,40.8263624670949,36.53044042191896,36.53043672203874,3.6998802172330015e-06
3724.231168726041,40.51186421526882,36.530111849579654,36.530108071785364,3.7777942905107785e-06
3725.0879232122106,40.328322850590666,36.529673992583604,36.52967013550793,3.857075679205379e-06
3725.946920259923,37.82026915976531,36.529124113754165,36.529120175622054,3.938132110939499e-06
3726.804069452479,38.076685465955734,36.52846420414916,36.528460183541846,4.020607317095864e-06
3727.6614158310795,37.85221908906988,36.527692494793165,36.5276883900706,4.104722565521022e-06
3728.5210063205063,37.05335265957797,36.526806171140194,36.52680198042488,4.190715319029104e-06
3729.378747678177,38.23882794259998,36.525808883482725,36.52580460527534,4.278207385112187e-06
3730.2387341805347,37.9510027861445,36.524695297473386,36.524690929825056,4.367648329716148e-06
3731.0968706992426,37.355521663775335,36.52347013303729,36.523465674392654,4.458644638137325e-06
3731.957253396974,38.04794786512366,36.52212692274184,36.52212237107812,4.5516637217328326e-06
3732.8157852587688,38.01725870251312,36.520671415226715,36.52066676893055,4.646296159854883e-06
3733.674514624691,37.345220149246195,36.5190999073476,36.5190951645523,4.742795305819843e-06
3734.535491721418,37.49769937450015,36.51740771647387,36.517402875040936,4.841432934568831e-06
3735.3946167035515,37.118211226194035,36.51560239242377,36.51559745064914,4.941774636867711e-06
3736.25599045202,37.9143512477101,36.51367474725005,36.51366970291466,5.0443353864070065e-06
3737.115511232625,37.9377988816218,36.511633268748874,36.511628120085554,5.14866331721133e-06
3737.9772818155707,38.402974512968285,36.50946754626346,36.50946229096978,5.255293678227272e-06
3738.837198576992,38.876150759627315,36.507187353274254,36.50718198951777,5.363756487762136e-06
3739.6973131611344,38.17671417014071,36.50478722527361,36.50478175093209,5.474341523178972e-06
3740.559679101903,38.393014456085446,36.50226062472466,36.502255037365174,5.587359491954112e-06
3741.420189940426,37.276072349273136,36.49961927965998,36.499613577348015,5.702311964204914e-06
3742.2829531727743,37.59174731668032,36.496850329057445,36.49684450926925,5.8197881957582396e-06
3743.1438604482337,38.20687538669813,36.4939667395142,36.49396080024431,5.939269891482464e-06
3744.007021155194,38.159297203582135,36.490954548206,36.49094848683668,6.061369316471398e-06
3744.8683250502263,38.218022665551196,36.487827891168216,36.48782170562065,6.185547567398923e-06
3745.7318834149146,38.907302203358995,36.48457162676257,36.48456531432181,6.3124407604885105e-06
3746.5935841122437,39.09790123492645,36.48120104539854,36.48119460390993,6.441488615543124e-06
3747.4554830426855,37.619841401178974,36.477708328999,36.477701755964006,6.573034992347694e-06
3748.3196380002933,37.2102865938175,36.47408448144387,36.474077773995496,6.7074483722946235e-06
3749.181934007164,38.103101154792974,36.47034647955223,36.470339635417304,6.844134924051209e-06
3750.046487080551,38.04110820580855,36.466476216598366,36.466469232804116,6.9837942478902985e-06
3750.9091803467827,37.44632313171837,36.4624919284537,36.4624848026446,7.12580909652254e-06
3751.774131719361,38.820501043072234,36.45837458323923,36.45836731233313,7.270906097159854e-06
3752.6372224279717,38.98117525183739,36.45414378170753,36.45413636326381,7.4184437213571265e-06
3753.5005116894654,39.0665160240369,36.44978979948398,36.44978223066969,7.568814291313741e-06
3754.3660606173275,39.132304406089816,36.44530171754472,36.445293995106695,7.722438029212716e-06
3755.2297475957753,37.8106952126825,36.44070084900052,36.440692970365205,7.87863531331566e-06
3756.0956952816186,36.77288197550434,36.435965229548984,36.435957191344315,8.03820466564509e-06
3756.9597801602476,38.164282485218116,36.43111743339711,36.431109232957226,8.200439889653614e-06
3757.826126787779,37.6537323858729,36.42613437374674,36.42612600757664,8.366170097341305e-06
3758.6906097499023,36.950229823798054,36.42103986580037,36.42103133113882,8.534661544744822e-06
3759.5552915851945,37.564653965745045,36.41582224113176,36.41581353477039,8.706361361005854e-06
3760.422236731928,38.2355131768336,36.41046863592947,36.41045975418122,8.881748253221065e-06
3761.2873169257323,37.59726842416126,36.40500458882141,36.40499552877613,9.060045278225906e-06
3762.154661473684,36.77895204181664,36.39940411006913,36.39939486790625,9.242162873116358e-06
3763.020140209523,36.4965087831863,36.39369398782254,36.39368456052857,9.42729397062408e-06
3763.887884342697,36.767303082883245,36.38784707514087,36.387837458757275,9.616383590235155e-06
3764.7537618041792,37.14642613416754,36.38189134173579,36.38188153314234,9.808593448664056e-06
3765.6198384596337,36.95599257822869,36.37581318047347,36.37580317604089,1.0004432585237323e-05
3766.4881820774817,36.22320082989313,36.369597901496924,36.36958769705119,1.0204445738269661e-05
3767.354657734041,37.76881937225971,36.363275358227064,36.36326495048137,1.0407745693051087e-05
3768.2234013973825,36.17189813183518,36.356815608147066,36.35680499277771,1.0615369354072693e-05
3769.090276238866,35.42224100236968,36.350249645065425,36.35023881867003,1.0826395399687555e-05
3769.9594201320015,36.443020756192034,36.34354639755296,36.34353535565318,1.1041899784615497e-05
3770.826694342313,36.06967884551933,36.336738108051435,36.336726847125576,1.126092585599187e-05
3771.6941680679174,35.8829724311197,36.3298093163304,36.32979783227789,1.1484052505948401e-05
3772.563912412758,36.321264839313244,36.32274344941226,36.32273173751332,1.1711898937147082e-05
3773.4317857830956,37.000983563024654,36.3155745866753,36.31556264322216,1.1943453138266878e-05
3774.301930818743,36.852825090295035,36.308268903943755,36.308256724048995,1.217989475878216e-05
3775.1702040179316,36.47203152314115,36.300861568160464,36.30084914798725,1.242017321692051e-05
3776.040749928985,37.09919991508696,36.293317619382314,36.293304953870106,1.266551220583239e-05
3776.9094231412246,37.578735153759,36.28567345965305,36.28566054483184,1.2914821202367846e-05
3777.7782961905955,36.675235595051625,36.27791178463552,36.277898615877696,1.3168757821320524e-05
3778.6494435219433,36.411680197456235,36.27001414439007,36.270000716364926,1.3428025141794245e-05
3779.518716860716,36.936059331476606,36.262018649246684,36.2620049577766,1.3691470085494028e-05
3780.390265529226,36.819743097563105,36.25388765515904,36.25387369472581,1.3960433230914144e-05
3781.2599393418136,35.71151341392601,36.2456604237679,36.24564619004997,1.4233717933578881e-05
3782.131889532382,36.03876379554276,36.23729822987714,36.237283717162754,1.4512714389389071e-05
3783.001964003283,35.41309256404612,36.228841430332984,36.22882663415213,1.4796180854592502e-05
3783.8722386336726,35.29466454592012,36.22027077176433,36.22025568690077,1.508486355929107e-05
3784.744791214688,36.07533653605879,36.21156590055303,36.211550520993086,1.537955995027159e-05
3785.6154667801875,36.370379581837604,36.20276876334765,36.20275308438997,1.567895768064283e-05
3786.488421345763,35.37384594749984,36.193837846003284,36.19382186142474,1.5984578545512917e-05
3787.359498031083,35.09349346030377,36.184816119893455,36.18479982483241,1.6295061047733972e-05
3788.2328547664133,34.00586943232224,36.17566095963714,36.17564434765433,1.6611982813256316e-05
3789.104332756349,34.168813021136664,36.16641658183897,36.16639964790749,1.6933931482453872e-05
3789.976011228651,34.54214705201753,36.157062060931715,36.15704479917879,1.7261752919973116e-05
3790.8499713261454,34.605794757287875,36.14757550329813,36.14755790694751,1.7596350619295613e-05
3791.7220513803068,34.673970716267604,36.13800295917906,36.13798502294643,1.793623262945211e-05
3792.5964141108034,33.85565433392299,36.128299590939086,36.12828130781452,1.8283124567430214e-05
3793.4688959318323,34.6684706215649,36.118512356953715,36.118493721474614,1.863547909851102e-05
3794.343661480825,34.30727934990591,36.10859522555609,36.1085762304715,1.8995084588058116e-05
3795.216545253815,34.231775184517126,36.09859604926203,36.09857668892562,1.9360336407820638e-05
3796.0896298325697,34.52214551373618,36.08849191725339,36.08847218506108,1.9732192315256605e-05
3796.9649997170113,33.97230414569095,36.07825893440176,36.078238822726924,2.011167483492159e-05
3797.838486525418,34.52078493634554,36.06794646082936,36.06792596373964,2.0497089722184025e-05
3798.7142596923504,34.65153169571113,36.0575059674875,36.05748507709593,2.0890391570887763e-05
3799.588148915715,34.965357538633725,36.04698797460015,36.04696668477634,2.1289823803342006e-05
3800.464325550931,35.34718598511563,36.03634318149315,36.0363214840817,2.1697411453176373e-05
3801.338617374646,35.61147945654648,36.02562321087149,36.02560109953801,2.2111333482373242e-05
3802.213110328047,35.4805672215523,36.01480378095773,36.01478124828457,2.2532673160113833e-05
3803.089892273567,34.436132332633186,36.00385966359394,36.00383670100749,2.2962586458931268e-05
3803.9647881054566,34.802934016080606,35.992843917845015,35.992820518693456,2.3399151557740754e-05
3804.8419739840033,34.27413694543657,35.981704897135906,35.98168105255592,2.3844579982964325e-05
3805.717272879988,33.891260486640256,35.97049655187066,35.97047225499082,2.4296879843419227e-05
3806.5948628776523,35.09718645607837,35.959166237153184,35.95914147881154,2.4758341646012427e-05
3807.470565023424,36.61021155280696,35.947768754379446,35.94774352747838,2.522690106306173e-05
3808.346468623323,35.25603517973446,35.93627811576962,35.93625241198763,2.5703781986409106e-05
3809.2246649077188,36.542847212386505,35.924667473477705,35.92464128318788,2.619028982307605e-05
3810.1009720359907,36.680782968505355,35.9129930734313,35.91296638918426,2.668424704048965e-05
3810.9795729049993,35.90166329735871,35.90120022329211,35.90117303513898,2.7188153125282478e-05
3811.85628374755,35.8650380248971,35.88934608214747,35.889318382395594,2.7699751872222743e-05
3812.735289387562,36.31293327274353,35.877375037097075,35.877346815465856,2.822163121965457e-05
3813.6124041303824,35.195754772176095,35.865345028097266,35.865316276643604,2.875145366076104e-05
3814.491814727876,35.523070818724825,35.85319961047449,35.85317031857601,2.929189847517961e-05
3815.369333557043,35.49735117816659,35.84099764113972,35.84096780059558,2.9840544146024123e-05
3816.247054258263,35.350025336774486,35.82871136808107,35.82868096926085,3.0398820224048992e-05
3817.1270724002566,35.28742827041584,35.81631228647436,35.81628131822383,3.0968250527115165e-05
3818.0051974669877,35.20627692087669,35.80386058901433,35.803829042732005,3.1546282319064325e-05
3818.8856210329222,35.86273449908322,35.79129795649165,35.79126582065527,3.213583637945934e-05
3819.7641506514556,34.69660410502274,35.77868529185172,35.778652557582895,3.2734268830687836e-05
3820.64497982811,35.46980342590201,35.765963444119464,35.76593009951687,3.3344602590813624e-05
3821.5239141848215,35.92359013144574,35.75319400772523,35.75316004362559,3.396409963702676e-05
3822.4030507392267,35.716367365698034,35.740347792864156,35.74031319849309,3.4594371063199516e-05
3823.2844884404135,35.981086345888116,35.727394886895965,35.7273596497626,3.523713336794332e-05
3824.1640300126123,33.6756457425854,35.71439800953283,35.71436212003129,3.5889501542354205e-05
3825.0458737917297,35.09822396200366,35.70129617180599,35.7012596170376,3.655476838932548e-05
3825.9258205683145,35.90789883929961,35.68815280506901,35.68811557512216,3.72299468513188e-05
3826.808070612443,35.90861852695412,35.67490621573057,35.674868297286764,3.7918443807097956e-05
3827.6884227800897,36.05744678198994,35.66162053846354,35.661581921296715,3.8617166823832166e-05
3828.5689774715966,35.9305007088874,35.64826541347404,35.64822608554444,3.932792960627884e-05
3829.4518370218693,35.011646062485624,35.634809892616275,35.634769839952696,4.005266357641942e-05
3830.3327973845044,35.59069256567864,35.62131928405337,35.62127849594152,4.078811185359097e-05
3831.216063667753,35.95859741998334,35.60773048120153,35.60768894321897,4.1537982562511956e-05
3832.0974298884103,34.784595113877,35.59410948739329,35.59406718848859,4.229890470002516e-05
3832.9811030920164,34.24130447944618,35.58039252960009,35.580349454886445,4.307471364703069e-05
3833.8628753576736,36.13259110355148,35.56664597346361,35.56660211154301,4.386192059852304e-05
3834.744850473882,36.0514450072069,35.55283823921157,35.55279357664645,4.466256511407862e-05
3835.6291341668284,35.703919921191755,35.538937172463086,35.53889169364502,4.547881806345294e-05
3836.511515608554,35.85259058039083,35.525010027783395,35.52496372077651,4.6307006881163136e-05
3837.396206690579,35.97159382332098,35.51099147125997,35.510944319957176,4.715130279708555e-05
3838.278994645016,36.43499912810126,35.49694948297051,35.49690147506473,4.800790577608353e-05
3839.1640933038034,37.1444719457918,35.48281828180871,35.48276940067987,4.888112883723986e-05
3840.047287958233,35.82365335816554,35.46866639395776,35.46861662691735,4.9767040411921794e-05
3840.9306857904326,37.63309783764726,35.45446145005523,35.4544107821237,5.0667931525019015e-05
3841.8163959233407,38.20639471939604,35.44017052606157,35.44011893982207,5.158623949795859e-05
3842.700200736502,37.47436468427146,35.42586281925459,35.42581030142692,5.2517827671039465e-05
3843.5863189156494,36.728185169603655,35.41147118462388,35.41141771724084,5.346738304083061e-05
3844.47053089727,36.454060344556645,35.39706531691262,35.39701088628588,5.443062674336122e-05
3845.3570573106413,37.01085168900272,35.38257764322005,35.382522230816484,5.5412403567356715e-05
3846.241676648302,37.56118948393374,35.36807836825612,35.36802195996816,5.640828796226377e-05
3847.1264994914795,37.85309637256115,35.353534254319904,35.35347683346931,5.742085059843499e-05
3848.013638365343,37.36224312621289,35.338911613515414,35.33885316069047,5.845282494283526e-05
3848.898868845985,36.98129721641681,35.324281224652836,35.32422172509601,5.949955682681088e-05
3849.786416424307,37.34721373658113,35.30957435003685,35.30951378372988,6.05663069727384e-05
3850.6720547302107,36.282385946386064,35.29486208540378,35.294800437141014,6.164826276385721e-05
3851.560011201281,36.9451657442437,35.28007529969831,35.280012548838,6.27508603122514e-05
3852.4460575203334,37.587392418391346,35.26528557999984,35.265221710876226,6.386912361589886e-05
3853.3323076731767,37.352298828913725,35.25045902313373,35.250394017199774,6.500593395621744e-05
3854.2208775927006,37.00490507276255,35.23556142522652,35.235495260872966,6.616435355307263e-05
3855.1075360405694,37.71036444981042,35.22066506578265,35.22059772663077,6.733915187252804e-05
3855.996515323833,38.98469751878884,35.20570016142666,35.205631625199594,6.853622706542268e-05
3856.8835822548285,37.99364296637555,35.19073907490135,35.190669324729086,6.975017226680008e-05
3857.7729710904273,36.36471926470086,35.17571146618761,35.175640479107265,7.098708034172611e-05
3858.660446692737,36.5564687458766,35.16069003594943,35.16061779458676,7.224136266370246e-05
3859.5481264576433,37.50468087006834,35.1456402458954,35.1455667296503,7.351624510516424e-05
3860.4381297312502,37.21727859577482,35.13052733263963,35.13045251748523,7.481515439658301e-05
3861.3262184498026,38.03112188295291,35.115424543974775,35.115348411755896,7.613221887640887e-05
3862.2166317474957,36.98188820080463,35.100261022393155,35.100183548349115,7.747404404320056e-05
3863.1051296080996,37.99623804448743,35.085110111325655,35.08503127676341,7.883456224436718e-05
3863.995953118777,38.325876003031006,35.06990049309399,35.06982027249911,8.022059488447912e-05
3864.8848603099245,36.85277781154401,35.054705589506725,35.05462396363437,8.162587235509215e-05
3865.773971993003,36.209193186602995,35.03949024712086,35.0394071931185,8.305400235646322e-05
3866.6654109328397,36.86146396874643,35.02421920679676,35.02413469798147,8.450881528801022e-05
3867.5549322292495,36.015032489124906,35.008966398760585,35.00888041503339,8.598372719902727e-05
3868.446781854583,35.91096933151903,34.99366028717154,34.99357280104397,8.748612757222799e-05
3869.3367129530325,35.54503442517375,34.978375014786884,34.978286005572,8.900921488251716e-05
3870.2289734530655,34.79018713948449,34.96303884643512,34.96294828581739,9.056061772582924e-05
3871.1193145423495,34.95217464688927,34.947725961075896,34.947633827765436,9.213331046012584e-05
3872.0098604534314,35.210279855130246,34.93240083581608,34.93230710449272,9.373132336287422e-05
3872.9027373753743,34.63989061656957,34.917027938386966,34.91693257945364,9.535893332539003e-05
3873.793693560535,33.50169408457373,34.90168173175991,34.90158472299388,9.700876602440204e-05
3874.6869818304526,34.260938294108435,34.886290158746164,34.88619146966735,9.868907880919778e-05
3875.5783484787057,35.75893137460799,34.87092757913004,34.87082718687392,0.00010039225612064165
3876.4720482861053,35.20729604062104,34.8555216034968,34.855419476677,0.0001021268197999962
3877.363825586551,35.14957393881264,34.84014662571465,34.84004274080877,0.00010388490588631549
3878.2558080391923,35.44822330265584,34.82476702646022,34.824661355448455,0.00010567101176559884
3879.150125262853,35.796378772017995,34.809347146401606,34.80923965649402,0.00010748990758610009
3880.0425186513876,35.027066815112,34.793961883282854,34.79385254993976,0.00010933334309481778
3880.9372478865694,34.102625396297306,34.77853908733357,34.778427876798375,0.00011121053519221013
3881.830052400315,34.56908806031061,34.763152615909924,34.763039502943435,0.00011311296648652719
3882.7251938368313,34.46100620886751,34.747730056290116,34.74761500614403,0.00011505014608486442
3883.6184096651928,34.713690120324145,34.732346245358755,34.73222923207714,0.00011701328161909909
3884.513963492945,34.56749108916484,34.71692880737409,34.71680979519131,0.00011901218277567734
3885.4075908254154,34.15670178108213,34.701552168218264,34.70143113044409,0.0001210377741713423
3886.3014237356792,34.10480809863634,34.68618063439474,34.68605753916894,0.0001230952257968842
3887.19759626055,34.63794693458294,34.67077854276308,34.670653352745504,0.0001251900175798745
3888.0918409592114,34.961294192642754,34.655420212874475,34.655292900240205,0.00012731263426981026
3888.98842635034,34.39327414482796,34.640033305411315,34.6399038317365,0.00012947367481885895
3889.883083027111,35.06730365883254,34.62469211633773,34.624560453017764,0.0001316633199618238
3890.7800814747034,34.691878856517405,34.60932446650759,34.609190574007386,0.00013389250020207676
3891.675150319381,33.771700405086904,34.59400457705315,34.59386842596967,0.00013615108348375278
3892.57042507347,34.48418330325944,34.578696841879626,34.57855839705519,0.00013844482443763802
3893.4680432162027,33.674159088525364,34.56336573902894,34.56322495920941,0.00014077981952974954
3894.3637304229464,34.25964075505249,34.54808521869474,34.54794207324396,0.00014314545077692958
3895.2617620979327,35.62242711400632,34.53278331570508,34.53263776218635,0.00014555351873441153
3896.1578619473476,34.77045351412562,34.51753386146755,34.51738586839783,0.00014799306971971998
3897.056307345101,33.7795040256035,34.50226500356579,34.502114527296236,0.00015047626955166858
3897.9528200272916,35.45056097423436,34.487050384187825,34.48689739236854,0.0001529918192814248
3898.849538951047,33.913447353857926,34.47185454806801,34.47169900195081,0.0001555461172014684
3899.7486050435723,34.802776420243845,34.456642189600146,34.456484043661995,0.00015814593815401538
3900.645737085311,33.91137759520189,34.44148664765372,34.44132586820667,0.00016077944705228465
3901.545217377158,34.436683918061824,34.42631649887741,34.42615303910978,0.000163459767637842
3902.442762727203,35.57772768150835,34.41120491608241,34.411038741387806,0.00016617469460270201
3903.342657409195,33.91763152332374,34.39608062000323,34.39591168224964,0.0001689377535943883
3904.2406162579573,35.03328922406649,34.38101641405433,34.38084467769566,0.00017173635866982103
3905.1387816809724,34.81316198588593,34.36597706643397,34.365802488818076,0.0001745776158919084
3906.03929805898,34.67180640010952,34.350927638909596,34.350750169864,0.00017746904559781286
3906.93787726638,34.49199480356788,34.335940693291946,34.3357602958209,0.00018039747105129354
3907.8388085118568,34.529778405429624,34.320945513991575,34.320762136520315,0.0001833774712608728
3908.7378016942707,34.97195817759644,34.306014258472,34.305827863010286,0.0001863954617110364
3909.6391479983454,33.74758036227173,34.29107637627253,34.290886909809444,0.00018946646308568696
3910.538555346493,33.912541177796584,34.276203835095664,34.276011258623896,0.00019257647177091996
3911.4381696021187,33.381133269457,34.26136182341363,34.261166090042494,0.0001957333711339137
3912.340138605068,34.62597753078149,34.24651569701515,34.246316751515394,0.00019894549975151265
3913.240167312556,35.55835652657402,34.23173688885713,34.23153469065332,0.00020219820381118793
3914.142551852197,32.949113175566254,34.2169556422635,34.216750134602634,0.00020550766086384098
3915.0429952024833,33.96291931361225,34.20224314505255,34.20203428628403,0.00020885876851712656
3915.9457954702543,34.65418455896316,34.187529951564706,34.18731768337561,0.00021226818909686373
3916.846653654365,35.1841688515774,34.17288689985259,34.17267117949325,0.00021572035934593856
3917.7477190797167,34.7394334002579,34.15827971266645,34.1580604886512,0.0002192240152435981
3918.6511430508403,33.895468295481585,34.143674429245515,34.14345164085318,0.00022278839233251632
3919.5526235966063,33.925734575930164,34.12914131375292,34.12891491654023,0.00022639721268444876
3920.4564637747253,33.644998605531335,34.11461160326084,34.11438153485326,0.00023006840758272408
3921.358359632152,35.16599542500239,34.10015499652084,34.09992121131458,0.00023378520626201845
3922.262616209012,33.74997844558766,34.08570292351345,34.08546535744203,0.00023756607142012224
3923.164927569432,33.43906024585318,34.07132459930782,34.07108320558168,0.00024139372614194221
3924.0674465053953,34.31760713040785,34.056986046308594,34.05674076846813,0.0002452778404596162
3924.972327791705,32.820877443199606,34.04265376665614,34.04240453802418,0.00024922863195515774
3925.875262517714,33.42567510611821,34.02839660620817,34.02814337816899,0.0002532280391756246
3926.7805606824036,34.067253010737886,34.01414712506723,34.01388982915225,0.0002572959149822211
3927.683911390013,34.33150970980683,33.999973804099334,33.999712390442184,0.00026141365715061414
3928.5896266251375,33.92250123467944,33.98580962612127,33.98554402442092,0.0002656017003516183
3929.49339350599,33.63818258559173,33.971722663152846,33.97145282226566,0.0002698408871846915
3930.3973682972246,33.97271652146378,33.95767973669957,33.95740559478989,0.00027414190967776523
3931.303709249519,33.03915818349288,33.943648049133635,33.94336953307439,0.00027851605924694603
3932.2081005015125,34.26783048536914,33.929694923370455,33.9294119800521,0.000282943318356303
3933.1148590046537,34.436660278686304,33.91575419322014,33.91546674757743,0.00028744564270601086
3934.0196669092675,34.5330064934858,33.90189265921811,33.901600656795964,0.0002920024221511271
3934.926843155622,34.9312012676146,33.888044569300604,33.88774793305203,0.0002966362485718153
3935.8320679048084,34.53341098946681,33.87427628302706,33.87397495712341,0.00030132590365111923
3936.737500899759,34.70313645245619,33.860555214534145,33.86024913133791,0.00030608319623403555
3937.6453038726286,34.70105881400832,33.84684924980831,33.84653832921784,0.00031092059046764506
3938.551154000131,35.32421113871419,33.833224127190356,33.83290831126413,0.0003158159262263284
3939.4593751973994,34.56410803186918,33.8196152856393,33.8192944921818,0.00032079345750142166
3940.365642649626,33.425063108952145,33.80608799210226,33.805762161726676,0.0003258303755849622
3941.2742822639702,34.37028091224557,33.792578099234625,33.79224714760541,0.00033095162921827363
3942.1809672331824,34.226960631704294,33.77915036320237,33.77881422945804,0.00033613374432340425
3943.0878607840805,33.659150711671835,33.76577299744633,33.765431607697685,0.00034138974864460344
3943.9971281359135,33.311179104119226,33.75241471112902,33.75206797774357,0.00034673338544621195
3944.90443949224,33.81623436195628,33.73913952495452,33.73878738480378,0.0003521401507406851
3945.814125743111,34.091898373008924,33.72588441332736,33.72552677652011,0.0003576368072417871
3946.7218550973494,33.301728607108544,33.71271279128104,33.71234959313901,0.00036319814203471555
3947.631960440245,34.10675966041481,33.69956204722076,33.69919319554518,0.00036885167558033235
3948.540107984967,33.45253731649291,33.68649501520275,33.686120443734794,0.00037457146795584354
3949.4484644478375,34.01971422658108,33.67348042353443,33.67310005165889,0.00038037187553606325
3950.3591985408275,33.95106022689652,33.66048744440103,33.66010117636606,0.00038626803496831
3951.2679734830904,33.22020165415847,33.64757798259936,33.64718574971783,0.00039223288153419325
3952.1791271508446,34.02305525832026,33.63469047463504,33.63429217872216,0.00039829591287828453
3953.088320765293,34.72941555823491,33.62188640317322,33.62148197388282,0.0004044292903994487
3953.9998942011102,35.4186583236808,33.60910487229278,33.60869420895564,0.00041066333714173675
3954.909506680625,34.30359160732588,33.59640701773131,33.59599004831013,0.0004169694211783373
3955.821500077892,33.79669773139336,33.58373253071959,33.58330915200841,0.0004233787111728998
3956.7315316154454,34.10582459178341,33.57114207786942,33.57071221610739,0.0004298617620281428
3957.6417725045576,34.036070047838855,33.55860569239249,33.558169257579834,0.0004364348126533989
3958.554395956289,36.36069531766908,33.5460938789505,33.545650763977974,0.0004431149725233805
3959.4650561929475,34.225896859806205,33.53366640526774,33.53321653372855,0.0004498715391923041
3960.3781000898707,34.774083471565525,33.5212641006373,33.52080736275134,0.000456737885959992
3961.2891798672686,35.672679173152574,33.50894614034601,33.50848245790019,0.00046368244581587335
3962.2026444030826,34.475184580980795,33.49665384221295,33.496183102701295,0.0004707395116550411
3963.1141439145017,33.521007454367926,33.4844458509456,33.48396797431499,0.000477876630606396
3964.0258531151853,34.46787738734998,33.4722929362678,33.47180782461595,0.00048511165184642887
3964.9399487218056,33.701945861142356,33.46016638420203,33.45967392083093,0.0004924633711054405
3965.8520779464866,34.04615880798838,33.44812402633773,33.447624128371324,0.0004998979664099305
3966.766594676519,34.59935696735647,33.436108461032276,33.43560100890568,0.0005074521265977454
3967.6791441187006,34.11314754499791,33.42417697546278,33.42366188437405,0.0005150910887275856
3968.5940821661584,33.13133073521568,33.41227267224043,33.41174981970004,0.0005228525403868603
3969.507052019435,32.67749412432364,33.40045228335089,33.399921582596036,0.00053070075485118
3970.4202319002275,33.41829174116629,33.38868757614685,33.38814892081768,0.0005386553291732516
3971.335802036473,34.3390769365683,33.37695089014478,33.37640415325653,0.0005467368882433042
3972.2494026188033,33.626094984912704,33.36529822382529,33.364743315608784,0.0005549082165062552
3973.165394557776,32.44410519648023,33.35367392325214,33.35311071365012,0.0005632096020240958
3974.0794160354617,33.08220023310765,33.342133219681294,33.34156161687483,0.0005716028064668299
3974.995829971487,33.399314575823844,33.3306209093886,33.330040780187396,0.0005801292012043273
3975.910272538434,33.72689853529505,33.31919171524354,33.31860296574281,0.000588749500727914
3976.8249254716916,33.34704791656441,33.307818091377555,33.30722060618067,0.0005974851968861905
3977.741972516129,33.62112546286039,33.296473074321035,33.295866715424864,0.0006063588961712326
3978.6570468295595,33.2015055347249,33.28521068652614,33.28459535682996,0.0006153296961822807
3979.574516357135,31.238628375176862,33.27397716180063,33.27335272001355,0.0006244417870786713
3980.4900122448685,33.71285149304572,33.26282593185096,33.26219227869473,0.0006336531562359841
3981.407904450221,31.648926509568355,33.25170365121151,33.2510606420442,0.0006430091673032777
3982.3238221064753,32.054496768857234,33.240663111059895,33.24001064438852,0.0006524666713734155
3983.2399504683826,32.54342997259437,33.229677578227864,33.229015529016166,0.0006620492116944468
3984.1584768034154,31.595191582429837,33.21872087108931,33.218049089550604,0.0006717815387067803
3985.0750272252253,31.739699084941325,33.20784506304143,33.20716344429157,0.0006816187498653786
3985.9939767249057,31.593591984686782,33.19699821326663,33.19630660400638,0.0006916092602489527
3986.9109494010595,31.931183279791867,33.18623193495791,33.18553022799414,0.0007017069637651128
3987.830322260339,32.019615556989045,33.17549470889499,33.17478274734999,0.0007119615450017299
3988.7477173853704,31.1541911524414,33.16483754033152,33.16411521466498,0.0007223256665400583
3989.6653235559447,31.019310128958296,33.15423468947796,33.15350186438828,0.0007328250896762187
3990.585331567821,32.697472023229466,33.14366094715397,33.142917460272564,0.0007434868814050684
3991.503360479123,31.837618631511077,33.13316654956027,33.13241228775537,0.0007542618048973275
3992.4237923382534,31.8716750918336,33.12270125956847,33.12193605672481,0.0007652028436588603
3993.3422441850403,31.84777830978715,33.112314717012026,33.11153845755413,0.0007762594578900472
3994.2631000866922,32.292138157695724,33.10195711067752,33.10116962467485,0.0007874860026673834
3995.1819750638087,33.22472465467332,33.09167752513898,33.090878694533316,0.0007988306056581707
3996.1010614269067,33.191616395968595,33.08145108156092,33.080640760137676,0.0008103214232458276
3997.022553505721,31.59877163452143,33.07125342017044,33.07043143214826,0.0008219880221807596
3997.9420632914707,31.974338273089643,33.061132942893934,33.060299166418346,0.0008337764755909103
3998.863979901249,31.704686543209167,33.0510411594572,33.05019541475689,0.0008457447003058713
3999.783913304721,32.15758283227524,33.041025907183275,33.04016806982253,0.0008578373607445373
4000.7062546410443,32.982339631148534,33.031039117118056,33.030169003264454,0.0008701138536038291
4001.6266118573994,32.360618801959845,33.02112805980625,33.02024554240306,0.0008825174031878261
4002.547180800723,33.14431400556692,33.011268603316694,33.01037352456797,0.0008950787487230492
4003.4701593404275,32.75362079326761,33.00143711359402,33.0005292834432,0.0009078301508246351
4004.3911523894258,32.46485531498616,32.991680142787914,32.990759430173455,0.0009207126144596672
4005.314556144907,32.63917469661692,32.981950895284236,32.98101710590751,0.0009337893767270769
4006.2359734949664,32.467952073178374,32.972295546818316,32.97134854689669,0.0009469999216253175
4007.15980266212,31.53900866662707,32.96266789884636,32.96170748976553,0.0009604090808333029
4008.0816445087157,31.379550572402195,32.95311367897898,32.9521397241949,0.0009739547840769205
4009.0036984238177,32.204790665174876,32.943609711370506,32.94262204081831,0.0009876705522004826
4009.928165822226,32.135582453464394,32.934133310121354,32.93313171857636,0.0010015915449904699
4010.8506445271296,31.809629610903585,32.924729432691535,32.92371377939346,0.001015653298076651
4011.7755378272304,32.050346745156055,32.915353018169974,32.914323093391545,0.0010299247784321837
4012.6984415176353,32.21321153605209,32.9060485662747,32.90500422639295,0.0010443398817497444
4013.623760915641,31.227184290831246,32.896771499701906,32.89571253041103,0.0010589692908736356
4014.5470897873392,31.856091490175913,32.88756567728617,32.88649193205986,0.0010737452263050672
4015.4706310696306,32.946061069527794,32.87840853861968,32.877319834419104,0.0010887042005734335
4016.3965897284243,33.41334848508677,32.86927792670146,32.86817404221206,0.0011038844893967803
4017.3205564857467,33.211371034105696,32.86021686064689,32.859097644912694,0.00111921573419031
4018.2469417332554,32.92419727377547,32.85118167468184,32.850046901617226,0.0011347730646159597
4019.1713341616246,32.867055649965785,32.84221504520366,32.84106456084736,0.001150484356301172
4020.098146194378,32.66919933011582,32.83327388419267,32.83210745760988,0.0011664265827940631
4021.0229644899005,32.77504069407974,32.82440051161,32.82321798579332,0.001182525816684188
4021.947995538657,32.67822169176998,32.81557334392271,32.81437452213892,0.0011988217837878648
4022.875447863391,32.991141358631246,32.8067712860556,32.80555592995141,0.0012153561041887276
4023.800905073513,33.91956732551853,32.79803608523056,32.79680403315462,0.001232052075931274
4024.7287846750937,32.29561577249342,32.7893258817847,32.788076890336825,0.0012489914478701176
4025.654668242914,32.77659301307176,32.7806819711989,32.779415875579524,0.0012660956193758048
4026.5829753181865,33.23481078822556,32.77206288885145,32.7707794405334,0.0012834483180514543
4027.5092854401273,32.56159814597481,32.76350944440803,32.76220847540272,0.0013009690053093787
4028.43802018603,31.970500814464685,32.754980566170424,32.75366182274311,0.001318743427311984
4029.3647570586045,32.46411986774797,32.74651664363688,32.74517995456924,0.0013366890676405
4030.291707125779,31.955153606562135,32.73809716046846,32.736742310340276,0.0013548501281854253
4031.2210834919765,32.44226657838476,32.729701896568145,32.72832862368428,0.0013732728838684342
4032.1484606046083,31.6836501255998,32.721370412815936,32.71997854103924,0.0013918717766985258
4033.078265134057,31.775517992038207,32.71306253320046,32.71165179542459,0.0014107377758729742
4034.0060694888843,32.61748688288231,32.70481747746602,32.7033876942227,0.0014297832433254692
4034.936302378839,31.684663992149584,32.696595627043095,32.695146525732476,0.001449101310619465
4035.864534172693,31.041063607624896,32.68843592317296,32.6869673209553,0.0014686022176662802
4036.792979505051,31.529726271842268,32.68031853764601,32.678830203715506,0.0014883339305046728
4037.7238550503007,32.15706539261123,32.67222402253128,32.67071567589598,0.001508346635301552
4038.6527281169824,31.54298796150511,32.664190603887185,32.66266205657689,0.001528547310292285
4039.5840325161544,31.38206947919298,32.6561795761271,32.654630541448824,0.0015490346782776772
4040.513333514218,32.95864772368987,32.648228736300105,32.646659022812095,0.001569713488011694
4041.4450669648854,31.031933555482283,32.64029986613477,32.63870918135927,0.0015906847754974694
4042.374796091479,32.14156846866376,32.63243027611954,32.63081842510358,0.0016118510159632172
4043.304739101036,31.785971849209545,32.62460017744023,32.622966913239935,0.0016332642002922487
4044.2371162436657,31.26170565887219,32.616790877328576,32.61513589863487,0.001654978693709389
4045.167487677526,31.383072839353645,32.60903968691409,32.60736279343542,0.001676893478664691
4046.100294365864,30.96109422686141,32.60130913334917,32.59961001778095,0.001699115568220292
4047.031094421403,32.34907490691762,32.59363560577187,32.591914064213285,0.0017215415585845801
4047.96433085334,32.76741568217813,32.58598217648288,32.58423789554896,0.0017442809339176888
4048.8955597280233,34.78752114324607,32.578385012731516,32.576617784873484,0.0017672278580346003
4049.8270028306856,32.09130852972567,32.570825639930206,32.56903520131077,0.0017904386194360605
4050.7608839929267,28.53817643364778,32.56328599949859,32.561472027456276,0.0018139720423149867
4051.6927562109845,33.196662089342006,32.55580180024407,32.55396408168852,0.0018377185555460234
4052.6270676118343,33.89428107351137,32.54833704637419,32.546475252350376,0.001861794023816898
4053.5593691429817,31.780048872344878,32.540926945943234,32.539040859617614,0.0018860863256167555
4054.49411098065,32.275464518167155,32.533535835809445,32.53162512184776,0.0019107139616830928
4055.4268420226704,32.64994111886449,32.5261986926263,32.52426313041445,0.0019355622118578857
4056.359787638242,32.62194159186789,32.51889772863863,32.51693703669154,0.001960691947093695
4057.2951752462304,34.31159222263842,32.51161545030812,32.509629283565616,0.0019861667425055407
4058.2285506694047,32.478032953536065,32.5043863325146,32.502374464624836,0.002011867889764355
4059.164369210021,32.68470150725785,32.49717570682372,32.495137786132524,0.0020379206911910054
4060.0981746388097,32.844558844269166,32.49001780550344,32.487953601786884,0.002064203716554313
4061.034424310584,32.7523941723382,32.48287835225218,32.480787507176,0.0020908450761852096
4061.9686599430916,33.01236163805016,32.47579115705144,32.47367343648385,0.002117720567586909
4062.9031104952783,33.48277470437142,32.46873893464415,32.46659403870318,0.0021448959409748327
4063.8400069790664,33.73619406306625,32.461704699950424,32.45953226012416,0.002172439826257591
4064.774888032179,33.23568807171683,32.454721662792544,32.452521439024025,0.0022002237685203427
4065.7122161437333,33.23670981805844,32.4477562145163,32.445527831398145,0.002228383118160005
4066.6475278961043,32.95333411739398,32.4408412426833,32.43858445616378,0.0022567865195167935
4067.585287834275,33.198385137157175,32.43394340517727,32.43165783286739,0.0022855723098817306
4068.5210304843267,34.551994165217366,32.4270951810111,32.424780574830685,0.0023146061804107817
4069.4569884007456,32.39769847575076,32.42027971386284,32.417935754793625,0.0023439590692122285
4070.3953961943034,32.736952406933604,32.413480447199305,32.41110674222272,0.0023737049765813444
4071.3317853060908,31.65968767862137,32.40672951551703,32.40432581045092,0.0024037050661105176
4072.270625423674,31.744700126160982,32.399994660556146,32.39756055518536,0.002434105370791032
4073.2074459294813,33.35048613240292,32.393307965140124,32.39084320117273,0.0024647639673979708
4074.146718570262,32.87083795004787,32.38663749781359,32.38414166775209,0.002495830061494889
4075.0839706688316,31.859311698440255,32.38001491983299,32.37748776124443,0.00252715858855859
4076.0214383810153,32.544357161433936,32.37342397309316,32.37086514709835,0.0025588259948095726
4076.96135992224,32.04043134042695,32.36684861245341,32.36425770047545,0.0025909119779623344
4077.8992595253544,31.732102965609787,32.360319747811104,32.35769648115103,0.0026232666600749036
4078.8396140879872,32.32298228954574,32.35380587656119,32.35114982914638,0.0026560474148093977
4079.7779457810043,32.60284885624515,32.34733773101001,32.34464862992576,0.0026891010842506747
4080.7187335645385,33.454730525221066,32.34088420200848,32.338161613601564,0.0027225884069205317
4081.657497546522,32.95178705159651,32.3344759153746,32.33171956248614,0.0027563528884570828
4082.5964774899253,31.87320902464467,32.32809741805235,32.32530694123767,0.002790476814682635
4083.5379152206465,31.825152800823844,32.321733460261434,32.3189084143426,0.002825045918833586
4084.4773277516642,32.6775860552284,32.315414147469355,32.31255424887252,0.0028598985968291083
4085.419199202302,32.854232602048576,32.30910909673108,32.306213892487136,0.002895204243938951
4086.3590445202276,32.3437035154816,32.30284819532803,32.29991739755197,0.00293079777606151
4087.3013498905957,33.0519155664781,32.296601462745514,32.29363461059352,0.0029668521519929303
4088.2416281948144,32.664374270913875,32.29039859810619,32.287395399356974,0.0030031987492137834
4089.1821228088206,32.64866984578134,32.28422475504383,32.281184829008325,0.0030399260355030307
4090.125079174807,33.03045889330406,32.278065300400534,32.274988174272195,0.0030771261283356996
4091.0660070742365,32.57565306801599,32.271949426217446,32.268834801228365,0.00311462498907787
4092.0093978597733,34.11149278871199,32.26584767698907,32.26269507225155,0.0031526047375187586
4092.95075924424,32.36013025486591,32.25978882913507,32.25659794148675,0.0031908876483191764
4093.894584649465,33.96596353985888,32.253743724407954,32.2505140647984,0.0032296596095540693
4094.836379718675,34.410536142147066,32.24774096748123,32.24447222833229,0.0032687391489382347
4095.778391446603,32.80126726791287,32.24176599210353,32.2384577708346,0.0033082212689276636
4096.722868897568,33.89741723066277,32.23580452735941,32.2324563225294,0.0033482048300094436
4097.665314609853,33.50848646513783,32.22988481167095,32.22649630904323,0.003388502627724582
4098.610227181132,33.91288788863745,32.22397833529677,32.220549025066575,0.0034293102301947752
4099.55310707771,32.975329243010265,32.21811279106694,32.214642354533694,0.003470436533245756
4100.498454969763,33.01338863758633,32.21225975189398,32.2087476708102,0.003512081083787183
4101.441769250662,34.15024035177521,32.20644669704481,32.20289264822886,0.003554048815946432
4102.38755266404,33.679561999128744,32.20064553519651,32.19704899187993,0.003596543316575548
4103.331301529382,33.122873091976544,32.194883664976174,32.19124429948053,0.003639365495643898
4104.275267502908,32.023613238048036,32.18914709664813,32.18546447735652,0.003682619291606005
4105.221704314727,32.767575904612166,32.183422043352316,32.17969563057521,0.0037264127771062324
4106.16610517293,33.22994370346715,32.17773559149736,32.17396505078714,0.003770540710222418
4107.112978007737,32.57532999655064,32.172060468178984,32.16824525113353,0.0038152170454583143
4108.057813950969,32.35910588192701,32.166423687923974,32.16256345556537,0.003860232358607507
4109.005123009643,31.69229951044031,32.16079834276213,32.15689253790073,0.003905804861396652
4109.950394238345,32.561521974653715,32.15521118151785,32.15125946063456,0.003951720883289222
4110.895882925452,32.96624909621597,32.14964871810073,32.145650626361544,0.003998091739182308
4111.843846436564,32.157317545950036,32.14409765752482,32.14005262442598,0.004045033098838176
4112.789770709859,31.698768819539055,32.13858427507996,32.13449195027614,0.004092324803815481
4113.73817094731,33.0114580885861,32.13308213204925,32.128941936066646,0.00414019598260448
4114.684531007471,33.445461263422665,32.12761727935378,32.12342885728526,0.004188422068516343
4115.633368172463,31.93805708487162,32.1221633891063,32.117926152437036,0.004237236669263204
4116.580164220254,31.681971729938372,32.11674614806361,32.11245973731919,0.004286410744422861
4117.527178077233,31.985369981662416,32.11135224213895,32.10701617877162,0.004336063367328141
4118.4766707503595,32.36449828614127,32.10596858753385,32.1015822693424,0.004386318191447659
4119.424120896173,33.20894143162241,32.10062058149897,32.096183642154095,0.004436939344880385
4120.374051000124,32.11071645702191,32.09528252492295,32.09079435301062,0.004488171912325843
4121.32193763577,31.27017906169499,32.08997975874218,32.08543998335936,0.004539775382825976
4122.27230537207,32.89409646895547,32.08468691658339,32.080094917036924,0.004591999546464537
4123.22062869864,33.30337285700535,32.07942914862272,32.07478454943626,0.004644599186460411
4124.169170185744,32.017401335482646,32.07419375365487,32.06949605213125,0.004697701523615422
4125.120194487583,32.530131510569625,32.068968237695984,32.06421679910784,0.004751438588147506
4126.069172967301,33.12339841143239,32.0637774212246,32.05897186324308,0.004805557981518977
4127.020635405584,31.369819029482642,32.05859654701854,32.05373622547788,0.004860321540663163
4127.970051079237,30.965782703004837,32.053450246153865,32.048534774160935,0.004915471992929349
4128.921951855815,31.184439046709034,32.04831379159351,32.043342515483175,0.004971276110329759
4129.871804924819,31.222041413358514,32.043211384152414,32.038183912474175,0.005027471678240832
4130.821876506274,31.882501925818588,32.03813046478759,32.03304627032766,0.005084194459931492
4131.7744349074965,31.932625281698165,32.03305868926383,32.027917104003116,0.0051415852607154455
4132.724944186478,30.74530612738613,32.028020131700615,32.022820757372415,0.005199374328202301
4133.677941430904,30.967820942493518,32.02299077220432,32.01773293114522,0.005257841059099479
4134.62888860906,31.324898962813222,32.017994598312285,32.01267788772402,0.005316710588271025
4135.5823248988645,31.006468694860136,32.013007730969456,32.00763146348942,0.005376267480035025
4136.533710177935,30.988303148076966,32.00805383057025,32.00261759888248,0.005436231687765706
4137.485314321939,30.51976284561579,32.00312086192887,31.997624114011902,0.0054967479169664175
4138.439409297203,29.930417454490907,31.99819682460205,31.992638858451617,0.005557966150434676
4139.3914518447855,29.67969561120185,31.9933047496885,31.98768515124538,0.005619598443120487
4140.345986371153,30.216826875012885,31.988420854744003,31.982738912175975,0.005681942568027898
4141.298467524285,30.586444270743645,31.983567977965325,31.97782327273942,0.005744705225905329
4142.253441804257,29.787175971868013,31.978722540608207,31.972914351016236,0.005808189591969686
4143.206361765005,30.02743607819389,31.973907181098,31.968035084154636,0.005872096943362414
4144.159500943737,30.441243346550436,31.969109962616415,31.963173381285376,0.005936581331040012
4145.115134971696,30.198269965235113,31.964319223772893,31.958317421452573,0.006001802320321158
4146.068713261196,30.15496525589242,31.959557677953143,31.95349022502733,0.006067452925812062
4147.024787549299,30.19432744271899,31.954802599565216,31.948668749445673,0.006133850119543629
4147.978805151865,29.3823936917629,31.950076673198282,31.943875991879814,0.006200681318467532
4148.935319902939,29.106700788140188,31.945357224074296,31.939088954941646,0.006268269132651986
4149.889777020962,29.744047244543026,31.940666545133542,31.93433024982196,0.0063362953115798475
4150.844453710592,31.059722954696554,31.935993206003104,31.929588282346216,0.006404923656889255
4151.801629273894,30.344319280349513,31.931326049253503,31.924851725530917,0.006474323722584094
4152.756745782622,29.127143594764448,31.92668725251855,31.920143083889187,0.006544168629364268
4153.714362316252,30.903466682555063,31.922054564123442,31.915439768749266,0.006614795374176884
4154.669918846703,30.84246133414763,31.917449916825444,31.91076404558993,0.006685871235516096
4155.627976553816,30.266193770876043,31.912851134390642,31.90609339530614,0.0067577390845012224
4156.583973308707,29.876790217840835,31.908279777889316,31.901449717601842,0.006830060287474466
4157.540189989395,30.41968948927706,31.903724649898084,31.896821641095656,0.006903008802427629
4158.498909574695,31.363039781904945,31.89917485611413,31.89219809153642,0.00697676457770925
4159.455566783954,31.487511600370457,31.894652144008145,31.887601164024222,0.0070509799839238285
4160.414728050912,31.479579276587174,31.890134964287668,31.88300895141898,0.00712601286868814
4161.371825991694,31.034082112056694,31.88564474214402,31.87844323262828,0.007201509515741717
4162.331429143794,31.59021418058569,31.88115972908487,31.873881895202544,0.007277833882328062
4163.288968019144,32.46496300547461,31.87670089822196,31.86934627212643,0.007354626095531684
4164.246727175053,33.29681687019639,31.87225716206158,31.864825091387456,0.007432070674123271
4165.2069932730155,33.62517304926769,31.86781762421769,31.860307265853507,0.00751035836418196
4166.165193668114,30.99745421299781,31.863403154755233,31.85581403482429,0.007589119930940453
4167.125902160213,33.59280023780116,31.858992496263927,31.851323761369173,0.00766873489475291
4168.084543997779,32.761534730869926,31.854606515066592,31.846857687376318,0.0077488276902761034
4169.045695087825,31.88218936074236,31.85022415948121,31.84239437530001,0.007829784181199805
4170.004778571231,32.8634493319014,31.845866184380878,31.837954961978582,0.007911222402294025
4170.964082690533,32.02900826885957,31.841521986656858,31.833528648822384,0.007993337834473419
4171.925897795842,32.88406024075153,31.837181045920623,31.829104713499856,0.008076332420767622
4172.885643866096,33.59083554303629,31.832863768252828,31.82470395378234,0.008159814470489746
4173.847902079167,33.39618104526972,31.828549233754593,31.8203050477633,0.008244185991295913
4174.808090303981,32.42766269751224,31.824257661815537,31.81592861309524,0.008329048720295646
4175.770791828955,32.294567760179014,31.81996826099862,31.8115534497593,0.008414811239319532
4176.731422412029,33.73687435176158,31.815701148912563,31.807200080267783,0.0085010686447792
4177.69456745314,32.90059729722157,31.811435656725468,31.802847420567524,0.00858823615794477
4178.655640598268,32.821108583760186,31.80719183520564,31.798515933039305,0.008675902166334137
4179.61693483701,32.373938276762836,31.802959262369374,31.79419498554227,0.00876427682710388
4180.580745270912,31.624262761116373,31.798727635660047,31.789874058603655,0.00885357705639146
4181.542482377455,31.672361010493663,31.794516912377983,31.785573531322676,0.00894338105530568
4182.506736838367,32.46538588763656,31.790306913927473,31.78127279300472,0.009034120922753113
4183.4689170167385,31.359281121198364,31.78611771616962,31.776992348187626,0.009125367981993288
4184.433615709224,30.156354725853134,31.78192933372752,31.772711772530783,0.009217561196735872
4185.396239163547,30.77614500604159,31.777761731967434,31.768451467021954,0.009310264945478321
4186.359084068132,30.969155253911367,31.773604939186622,31.764201237943745,0.009403701242876511
4187.324449226755,30.299488517987587,31.769448897321773,31.75995079823381,0.009498099087965001
4188.28773771353,30.465660194858174,31.765313099643176,31.75572008732136,0.009593012321816698
4189.253547615425,29.449492745858155,31.76117742078309,31.751488523440848,0.00968889734223927
4190.2172798887495,29.820047836817594,31.7570611132031,31.747275812322822,0.009785300880276354
4191.183534738809,30.236439676896907,31.75294413410121,31.743061447683036,0.009882686418172519
4192.147711003135,29.71491302752179,31.74884584849262,31.738865254980926,0.009980593511694395
4193.112109074943,29.179084555961253,31.74475628106351,31.734677024653443,0.010079256410065653
4194.079031466218,29.46419118423273,31.740665586312293,31.73048666974626,0.010178916566034374
4195.043873835762,28.346920752760525,31.736593160211296,31.72631405755561,0.01027910265568737
4196.011241687724,29.5659797085948,31.73251954324481,31.722139247108956,0.010380296135854556
4196.976528559689,29.274327599903472,31.72846414128628,31.717982122939524,0.010482018346756855
4197.944342077562,28.875255542283412,31.724407556502705,31.713822798460484,0.01058475804221906
4198.910073656732,29.127605875885596,31.72036901915533,31.709680989991906,0.010688029163424281
4199.876027401182,28.643069595993893,31.716338707140558,31.705546628581484,0.010792078559075246
4200.844509537084,29.7659425594627,31.712306742988982,31.701409582496076,0.010897160492907329
4201.810908295966,29.694010566373667,31.708292024414195,31.697289246719134,0.011002777695061272
4202.77983661113,29.78269237031236,31.70427511637275,31.693165678957747,0.011109437415000638
4203.746680589462,29.229806776020496,31.700274932907437,31.689058298078493,0.011216634828944479
4204.716055289441,28.77265014616751,31.69627224770922,31.68494736302179,0.01132488468742839
4205.683344692336,30.173973940402224,31.69228606278001,31.68085238822793,0.01143367455208047
4206.650856618887,30.291346066421966,31.68830669156827,31.67676342734682,0.01154326422144677
4207.620901015443,30.30968496862556,31.684324472944354,31.67267055183283,0.011653921111522145
4208.58885867428,30.30535108311483,31.68035817466972,31.668593053415073,0.011765121254647364
4209.559349969831,30.306724793491867,31.676388628232345,31.664511229837323,0.011877398395021197
4210.527753566302,29.647719415924485,31.672434469432023,31.66044424862972,0.011990220802303048
4211.498691966732,28.26377581588645,31.668476533501458,31.65637240358557,0.012104129915886986
4212.467541706281,29.11582296049096,31.66453338665557,31.652314800470556,0.012218586185015505
4213.43661432844,30.087561516512782,31.66059534549061,31.648261482799214,0.012333862691394379
4214.408223505737,29.793290690334064,31.656652835689034,31.64420259536303,0.01245024032600416
4215.377742579192,28.961381667069418,31.652724546639092,31.640157378933118,0.012567167705973038
4216.349799376378,29.296133610515653,31.64879173496959,31.63610652923394,0.012685205735649246
4217.319765106811,30.67375499090258,31.644873186465436,31.63206939139387,0.01280379507156603
4218.292269730102,29.23512826210822,31.64095018913905,31.628026684643125,0.012923504495927733
4219.262682323287,30.032368827884284,31.637041325729204,31.623997559078866,0.013043766650336032
4220.233318158615,29.95444556640132,31.63313706806154,31.619972199848192,0.013164868213348713
4221.206494640804,29.467660919238597,31.62922793578855,31.615940831936058,0.013287103852492824
4222.177577647601,29.93479599215539,31.625332406876982,31.61192251278474,0.013409894092240207
4223.151202471734,30.933312707438972,31.621431820836182,31.607897993215726,0.013533827620456736
4224.122732856011,31.809868631255995,31.617544721331612,31.603886404516054,0.013658316815559469
4225.096806228639,33.34423483087836,31.61365254457775,31.599868586164824,0.013783958412926907
4226.068784196505,33.024927279434,31.60977383503846,31.595863678444015,0.013910156594445949
4227.040985766624,32.16682582810086,31.605899253085948,31.591862041158983,0.014037211926964053
4228.015732081927,32.50284641803296,31.60201933442958,31.58785390129731,0.014165433132270354
4228.988381544849,33.43197105979653,31.598152164431745,31.583857952421376,0.014294212010368079
4229.963576925318,33.044547961109856,31.594278903837328,31.579854738228825,0.014424165608502827
4230.936674487386,32.10076953312546,31.590417804467627,31.575863127058348,0.014554677409278611
4231.912319139905,33.07891961310588,31.58655035855993,31.57186398589743,0.014686372662500844
4232.885865007558,33.44787510632227,31.582694953564307,31.567876327077077,0.014818626487229355
4233.85963483816,32.24753853589437,31.578842329518686,31.56389057591361,0.01495175360507639
4234.835953518879,31.882281291647132,31.574983289279626,31.559897212236407,0.015086077043218278
4235.81017196478,32.177240286313015,31.57113626604871,31.555915306751864,0.015220959296847717
4236.786940435053,32.465564496251545,31.567283077997008,31.55192603170166,0.015357046295347263
4237.76160770293,32.79820728208256,31.563442181560326,31.54794848949938,0.01549369206094815
4238.738826169974,32.82647997519621,31.559595222184083,31.54396367131966,0.01563155086442481
4239.713942466599,32.22306652904377,31.5557603465034,31.539990378289666,0.015769968213736933
4240.689283087447,31.180601588084073,31.55192824623081,31.53601897300679,0.015909273224018257
4241.667176669968,30.417740554095875,31.54808969910345,31.532039895653835,0.01604980344961455
4242.642966629777,30.081533475756945,31.544262816387622,31.528071924829664,0.01619089155795677
4243.621310727409,30.40630960273666,31.540429157612333,31.5240959447878,0.01633321282453315
4244.59755023319,30.56997550580286,31.536606843592878,31.520130752287123,0.016476091305754736
4245.576345053484,30.572554824331068,31.53277753997804,31.516157329238546,0.016620210739494348
4246.553034312342,31.10921592722912,31.52895940332784,31.512194516792693,0.016764886535145317
4247.529948257281,31.18758833684683,31.525143221380798,31.508232758971154,0.01691046240964311
4248.5094192820825,31.48366363535638,31.52131977866152,31.50426248802738,0.017057290634142512
4249.486783290813,30.91480570300951,31.5175072054326,31.500302531843854,0.017204673588747842
4250.466705557452,30.567622074640667,31.513687330935177,31.496334014640645,0.01735331629453235
4251.444519837317,30.977295078879706,31.509878383550415,31.492375871148663,0.017502512401751904
4252.424893553679,31.20546495792928,31.506062191320243,31.48840921582488,0.01765297549536335
4253.40315831212,31.178376860188564,31.50225685987318,31.484452869407594,0.01780399046558749
4254.383983686189,29.902696346805897,31.49844412294417,31.48048784345771,0.017956279486462685
4255.36269913074,29.641497006969985,31.49464202327199,31.47653290461225,0.01810911865974102
4256.341639727493,30.424971576405596,31.490841402396466,31.472578531667473,0.018262870728993047
4257.323142708886,31.141396997094265,31.487033373105096,31.46861546599529,0.018417907109808625
4258.302534303108,30.966807075943738,31.48323640788112,31.464662917203988,0.018573490677129947
4259.284489462459,29.894367406833453,31.479432393751726,31.460702028580624,0.018730365171103686
4260.264332261924,30.25263264912337,31.475639323355264,31.45675153874019,0.018887784615073518
4261.2467398075505,29.78967123928328,31.47183894232002,31.452792440907718,0.019046501412303074
4262.227034020129,30.884686512008557,31.46804932397517,31.44884356326262,0.01920576071255014
4263.207553748103,32.54235044111261,31.464261485512125,31.444895545304316,0.019365940207809094
4264.1906399941045,30.587870513066264,31.460466527775473,31.440939101447224,0.019527426328250958
4265.171611447052,29.543874265892786,31.456682633353353,31.436993182471767,0.01968945088158449
4266.155150600422,30.507627966185737,31.452891808963724,31.43303902097007,0.019852787993652542
4267.136573986452,31.110376883226536,31.449112109919866,31.429095449367697,0.020016660552167716
4268.120566255842,31.179290916041737,31.445325417899603,31.42514356650269,0.020181851396913544
4269.102441783162,30.83271928483896,31.441549643035213,31.42120206855465,0.02034757448056441
4270.084543189657,30.106457257339574,31.437775629918747,31.41726140738671,0.02051422253203485
4271.069215254234,30.999608022766783,31.433994219206042,31.413312022145533,0.02068219706050991
4272.051769114381,31.050915974019293,31.4302232642259,31.409372565628132,0.020850698597769876
4273.0368948169125,31.02980338508883,31.42644466180404,31.405424130001425,0.021020531802617443
4274.019901339157,30.907543161532434,31.422676375104622,31.401485486861297,0.021190888243326093
4275.0054808886325,30.63234143160094,31.41890044787431,31.39753786655566,0.02136258131865194
4275.988940281515,30.374974297195422,31.41513492601103,31.393600132385302,0.021534793625729885
4276.97262591794,29.40937409901517,31.41137091070695,31.389662977730396,0.021707932976553285
4277.958886359181,29.951608841339752,31.407599539072105,31.38571712309229,0.021882415979813143
4278.943025179112,30.116603802629243,31.40383888961169,31.38178147783987,0.022057411771823385
4279.929739990071,30.470330284820648,31.40007112328906,31.37783736768623,0.022233755602831348
4280.914332202289,31.455186067654953,31.396314275629063,31.37390366800038,0.022410607628684
4281.901501592294,31.142928303308054,31.39255047398271,31.36996166214349,0.02258881183922186
4282.886547405677,28.09439706373792,31.38879767408866,31.366030154678583,0.022767519410079352
4283.8718198275565,31.058491080572594,31.385046917823388,31.362099764585892,0.022947153237496926
4284.859671207676,31.498963564507903,31.381289232038462,31.358161087034862,0.023128145003601507
4285.845397544092,31.20202148889621,31.37754247212171,31.354232839697048,0.023309632424661383
4286.833704026873,32.345297860030094,31.37378872474517,31.350296243438493,0.02349248130667859
4287.819884486946,32.2878909498952,31.37004585097724,31.34637003058058,0.023675820396660625
4288.808646282056,33.07905882276169,31.366296002644624,31.34243547843266,0.0238605242119655
4289.795281074998,33.857600642506895,31.36255710845083,31.338511395911883,0.024045712538944632
4290.782142841978,32.79589587647684,31.358820330911175,31.33458850759948,0.024231823311694472
4291.771587727322,32.613302713416495,31.355076840933243,31.33065753772259,0.024419303210651333
4292.75890414105,34.02399295354895,31.351344487822466,31.326737229214437,0.024607258608028777
4293.748804863184,33.983577501213404,31.347605465146025,31.322808879415522,0.02479658573050405
4294.736576133116,32.58721797583644,31.343877602700314,31.31889122067833,0.024986382021981803
4295.726932902044,33.79231919372887,31.34014319638377,31.314965644020827,0.02517755236294459
4296.715159237731,34.42672123458169,31.336420083320586,31.311050898034225,0.02536918528636289
4297.703612913588,33.756334811003406,31.33269939958394,31.307137665916166,0.025561733667775224
4298.694653874644,32.93870134395139,31.328972410572934,31.303216751513588,0.025755659059345834
4299.6835629306415,32.92238229505552,31.32525680580331,31.29930676913213,0.025950036671179226
4300.675060463797,33.45539242773543,31.3215345724969,31.29538877958568,0.026145792911221884
4301.664425109729,32.70603735695704,31.317823456851947,31.291481462718483,0.026341994133462724
4302.656379425328,32.52299504576195,31.314105742039843,31.28756616672844,0.02653957531140224
4303.646199871082,33.405100969629984,31.310398932216426,31.28366133824695,0.026737593969476503
4304.636248023729,34.139962476621584,31.306693985343745,31.279757467567855,0.026936517775892357
4305.62888763513,33.61646850588432,31.30298194421329,31.27584512123906,0.027136822974230417
4306.619391902491,33.17893781090175,31.299280471800824,31.271942917895277,0.027337553905547048
4307.6124888224895,33.16774062670038,31.295571956846388,31.268032290035777,0.027539666810612602
4308.603449414698,33.5447230012021,31.291874170612473,31.264131973333278,0.02774219727919606
4309.597003853976,33.718981971095445,31.288169620092912,31.26022351009551,0.02794610999740109
4310.588420981259,33.16724157321733,31.28447602247758,31.256325590637722,0.028150431839857472
4311.58006618275,32.29657710709762,31.280784557791257,31.25242891272714,0.028355645064117908
4312.574307023281,32.75513633989772,31.277086382117794,31.24852414174872,0.028562240369071568
4313.566409075245,33.65216396290908,31.27339904536346,31.244629813727773,0.028769231635685174
4314.561107962061,33.19244114751427,31.269704882568,31.240727278092287,0.028977604475713643
4315.55366707497,33.26769578616154,31.266021440508503,31.23683507635087,0.029186364157632573
4316.548824219091,33.49047588759414,31.262331062423637,31.232934557838483,0.029396504585155147
4317.541840603513,31.89948287722882,31.258651232196424,31.22904420973609,0.02960702246033357
4318.53508543005,33.21346443213725,31.254973160757185,31.22515474638701,0.0298184143701764
4319.530930082658,32.71109880991412,31.251288076193028,31.221256891017973,0.030031185175053262
4320.524632496616,33.18137791977416,31.24761350117222,31.217369182347063,0.030244318825158194
4321.520935934383,33.927394585410646,31.243931903376506,31.213473073652498,0.03045882972400961
4322.5150961465715,33.53756289701892,31.24026080195346,31.209587108570197,0.030673693383263187
4323.5118585808605,32.8344490713414,31.23658259280092,31.205692660490126,0.03088993231079418
4324.506476802187,33.28641554497062,31.232914563871592,31.20180805023556,0.031106513636034352
4325.503698444458,34.45525921402054,31.22923893581001,31.19791446789882,0.03132446791118865
4326.498774885928,34.73890545420477,31.2255729912178,31.194030237275037,0.03154275394276123
4327.494080243425,34.95637457593875,31.22190786380203,31.190145977536055,0.031761886265974634
4328.49199082045,35.09941381057116,31.21823473135874,31.186252343936847,0.03198238742189437
4329.487754714653,34.45308176487607,31.214570961760703,31.18236775790541,0.032203203855291705
4330.486125028609,35.76079888527352,31.21089894832824,31.178473562385378,0.03242538594286107
4331.482347670767,35.84019304123286,31.207236048591437,31.174588176623583,0.03264787196785168
4332.481177933452,35.895151962703494,31.203564598262478,31.17069287814416,0.032871720118319424
4333.477859534909,35.347264783034014,31.19990190850851,31.166806047922613,0.03309586058589953
4334.474770421658,35.04429991986104,31.196239080819392,31.16291825940003,0.03332082141936082
4335.474290730421,36.58956124499764,31.19256721375047,31.159020075326374,0.03354713842409255
4336.471660893543,35.9834161376748,31.188903551522788,31.155129821725957,0.03377372979682944
4337.471641680838,35.182466816540455,31.185230296834114,31.15122862391128,0.034001672922835194
4338.469471331921,34.78601084981051,31.181564704302364,31.14733482620695,0.03422987809541192
4339.469912809891,34.63115980721341,31.177888984992574,31.143429554750504,0.034459430242068975
4340.468202160622,34.727046367489045,31.17422028077373,31.13953104894032,0.03468923183341078
4341.4667211665055,35.10075862837812,31.17054962510477,31.135629801130456,0.03491982397431332
4342.467853803668,34.89688740075872,31.166868100922127,31.13171634568189,0.03515175524023577
4343.466832826784,34.259070783442894,31.16319309662596,31.127809180095447,0.035383916530512316
4344.468426685277,34.72346106220289,31.159506821997944,31.123889410746557,0.035617411251388564
4345.467865937557,34.771756306376126,31.155826540885563,31.11997541819057,0.035851122694994214
4346.469921229866,34.17397953798491,31.152134402251978,31.116048240748057,0.03608616150391912
4347.469820923334,34.51159447246551,31.14844765612819,31.112126252673377,0.03632140345481216
4348.469950642413,33.834415668323125,31.14475725546896,31.10819985328053,0.0365574021884298
4349.472698208824,33.21131324896555,31.14105433159035,31.104259613097653,0.03679471849269553
4350.473288687191,33.45674775193152,31.137356219283387,31.100324002229037,0.03703221705434898
4351.47649821893,33.73793812365967,31.133644858213867,31.096373832030103,0.03727102618376285
4352.477549668855,33.53726083833181,31.129937763508295,31.092427760212928,0.03751000329536754
4353.481221378752,33.31858348184938,31.12621695117657,31.088466667583802,0.03775028359276882
4354.482734012606,33.04079718019511,31.122499733235898,31.08450901591494,0.03799071732095986
4355.484477043125,32.742872757200985,31.11877696843673,31.080545098363956,0.038231870072775814
4356.488842143832,32.77947439028708,31.115039371398765,31.076565057171685,0.03847431422708015
4357.491046676891,32.92239017484736,31.111304259544294,31.072587370065577,0.038716889478715745
4358.495874488122,32.65751885201507,31.107553430950727,31.068592683156005,0.03896074779472215
4359.498540736334,31.871260089463476,31.103804286706502,31.064599564734912,0.03920472197158984
4360.503831471263,31.485885736654613,31.10003833708614,31.060588366597116,0.03944997048902402
4361.5069596473395,31.84864771348657,31.096273061405604,31.056577742046365,0.039695319359240186
4362.510318591736,31.471822934821603,31.092499091878125,31.05255774639879,0.039941345479335304
4363.516303835986,31.205076221531957,31.088706932510398,31.04851830037704,0.04018863213335739
4364.520125027371,30.817823851668436,31.084913994896866,31.044477999514946,0.04043599538191804
4365.526573728547,29.4370925801029,31.081101688721695,31.040417079251696,0.04068460946999725
4366.53085737988,30.73183430994095,31.077288111474797,31.036354827501725,0.04093328397307046
4367.537769751495,30.917891954812603,31.073454475314666,31.032271276084014,0.04118319923065055
4368.54251607583,30.66733558715214,31.06961829339322,31.028185134934855,0.041433158458364545
4369.547493540736,30.845082678232302,31.065770097117476,31.02408634797192,0.04168374914555486
4370.555101541987,31.158829723236522,31.061899961940917,31.019964397209414,0.04193556473150425
4371.5605419995345,30.63897096313372,31.058025456237676,31.015838057100037,0.042187399137638186
4372.568614205314,29.36760069588627,31.054127583319264,31.011687135942417,0.04244044737684606
4373.574517868804,30.293061234445307,31.050224551684046,31.007531054346188,0.04269349733785954
4374.583054492971,31.595099651525064,31.046297365185644,31.003349615513113,0.042947749672530997
4375.589421575802,30.610377825152,31.04236405659347,30.999162070220095,0.043201986373376196
4376.596020172058,29.622451550098276,31.038414668495065,30.994957863749136,0.04345680474592843
4377.605253547982,32.003750909422486,31.034439163340526,30.990726355769596,0.04371280757092954
4378.6123158837345,30.464585916570968,31.030455688595573,30.98648692033283,0.04396876826274243
4379.622014212997,31.082763466029974,31.02644453109306,30.982218630131598,0.044225900961462374
4380.629540501889,30.01610756412856,31.022424281986794,30.977941308446596,0.04448297354019876
4381.639703998693,29.444867308049425,31.01837512730563,30.973633922020284,0.044741205285346225
4382.647694454469,31.108125889358238,31.01431569049747,30.969316331821158,0.04499935867631219
4383.655916797125,31.99757315262173,31.010235685284957,30.964977645289693,0.04525803999526419
4384.666778169619,30.830820255006074,31.006124388954863,30.960606528467338,0.045517860487525735
4385.67546499983,30.91764242807108,31.00200059960478,30.956223024776293,0.04577757482848856
4386.686792075678,30.983767014575733,30.99784429548111,30.95180588096561,0.04603841451549963
4387.695943607434,30.98683750679516,30.993674566856797,30.947375437644084,0.04629912921271217
4388.707736601187,30.703635161551123,30.989470693373185,30.942909738338678,0.0465609550345069
4389.717353048575,29.64572845518683,30.985252196301698,30.938429559509462,0.04682263679223654
4390.7272017569,30.09627393968799,30.981008518027508,30.933923729185018,0.04708478884249162
4391.739693752087,30.18629005504454,30.976728756624023,30.929380726667773,0.047348029956251245
4392.750007697234,30.304313577189532,30.97243257883742,30.92482148086523,0.04761109797219103
4393.762966147003,29.858842678631845,30.968098740216313,30.920223500368508,0.04787523984780412
4394.773745543304,29.76496809187211,30.96374711933329,30.915607930354884,0.048139188978408465
4395.787170662551,31.346534244602253,30.95935614836783,30.910951951994406,0.04840419637342467
4396.798415724442,30.53709050786688,30.95494590382952,30.90627691267558,0.048668991153939134
4397.80989342193,28.944571444482335,30.950505132247507,30.9015709374602,0.048934194787305804
4398.824018670171,29.457858458192504,30.94602244019333,30.896822007622667,0.049200432570665226
4399.835962354956,30.047587332520152,30.941518526001133,30.892052098461395,0.04946642753973596
4400.8505548102185,29.503763498841636,30.936971206883825,30.88723776679307,0.049733440090754505
4401.862964696978,29.506981080508695,30.932401327264692,30.882401137843743,0.0500001894209486
4402.878024574505,29.44074617691831,30.927786110206046,30.877518170827535,0.05026793937851197
4403.890900878019,29.68866544091043,30.92314640404469,30.872610998543024,0.05053540550166616
4404.906428393149,29.774032479082738,30.918458912843985,30.867655057931124,0.050803854912861025
4405.919771328297,29.62925706364877,30.913744882392667,30.86267288271896,0.0510719996737072
4406.933347381654,30.27014154658673,30.908992277023284,30.8576518081411,0.05134046888218455
4407.94957647823,31.80343609451916,30.90418882588166,30.85257893121821,0.0516098946634515
4408.963619485595,30.499976688311335,30.899356633817117,30.847477649602833,0.05187898421428288
4409.980316758432,31.039729296207042,30.89447171351625,30.842322701470323,0.052149012045926785
4410.994826934931,30.321297155197044,30.88955601467411,30.837137332327245,0.05241868234686483
4412.01199259972,29.834622825120054,30.884584798551835,30.831895526292286,0.05268927225955004
4413.026970160575,30.437011898333598,30.8795814264006,30.826621943244163,0.05295948315643606
4414.042181215684,30.11433704917727,30.87453352204216,30.821303573220042,0.05322994882211621
4415.06004959364,30.452850279927365,30.86942792143491,30.815926616028726,0.05350130540618108
4416.075728356001,29.774455361244694,30.864288225494793,30.810515975069805,0.05377225042498625
4417.094065665437,30.030264923463623,30.859089113120728,30.805045046358416,0.05404406676231321
4418.110212350522,29.895704344848582,30.85385440514722,30.79953895553625,0.05431544961097067
4419.129018807473,28.963871681290133,30.84855817802178,30.79397049421074,0.054587683811041086
4420.145633630854,29.075633395521436,30.843224703796032,30.788365241362555,0.0548594624334762
4421.1624823251395,29.071407200499156,30.837840464804636,30.782709042007408,0.0551314227972264
4422.181992628805,29.688544617435582,30.832391479986498,30.776987276093948,0.055404203892548555
4423.199309784803,28.52500667488971,30.826902747116684,30.771226251124205,0.05567649599247969
4424.219289776382,27.441191212963076,30.821347099076405,30.76539751112298,0.05594958795342386
4425.23707560991,27.68419348684847,30.81575006579391,30.75952789735195,0.05622216844195785
4426.257525505788,27.62718056630547,30.810084027314115,30.75358849974839,0.05649552756572675
4427.275780232768,27.639244527608984,30.80437507124711,30.747606718651657,0.056768352595453674
4428.294269207909,28.905193498072094,30.798608860424483,30.74156757724425,0.057041283180233
4429.3154240858785,29.127936827142776,30.792770511875315,30.735455551958232,0.05731495991708417
4430.334382278407,28.180142331918432,30.786886943435775,30.72929887505206,0.057588068383714545
4431.356007601945,27.771288826030514,30.780929075565187,30.723067174659167,0.05786190090602068
4432.37543522803,28.88652101801404,30.77492424042101,30.71678909821823,0.058135142202783124
4433.39753121387,29.22642109212757,30.76884285446404,30.710433769346196,0.05840908511784515
4434.41742848978,28.768150785028187,30.762712896720696,30.704030482990724,0.05868241372997154
4435.437560391718,28.37494129253537,30.756518931664175,30.697563162898746,0.058955768765428546
4436.460362496857,28.946864463907108,30.750245023144995,30.691015231997625,0.05922979114736853
4437.480964373078,29.63510386919234,30.743920192547115,30.68441702813707,0.05950316441004584
4438.504237682662,28.719511456611375,30.737513401874132,30.67773622012464,0.059777181749493966
4439.525309749684,27.825966701592282,30.731054140031233,30.671003613414356,0.0600505266168778
4440.549054480797,28.178939350364548,30.724510568005563,30.664186076038817,0.06032449196674692
4441.5705969552355,29.010795841683603,30.71791292498958,30.657315163595833,0.060597761393746986
4442.592374434179,29.668782099506647,30.711244693379818,30.65037371797667,0.06087097540314667
4443.616826423633,29.461596106120854,30.704488690287484,30.64334391636686,0.06114477392062478
4444.639074634976,28.396868126622394,30.697676182553828,30.636258341368816,0.06141784118501068
4445.663998588978,28.778925087067595,30.69077391168901,30.629082443114463,0.06169146857454751
4446.686717749587,28.175117651323266,30.683814058621465,30.62184971757474,0.06196434104672633
4447.712113885567,29.599728857035647,30.676762632676045,30.614524883720957,0.06223774895508945
4448.73530421241,29.68526399743382,30.66965219036152,30.607141812152204,0.06251037820931914
4449.758729922841,28.266013676768353,30.662464957997877,30.599682090243643,0.06278286775423474
4450.784834458043,29.828786525965597,30.655182682250516,30.592126827094894,0.0630558551556217
4451.808731660215,29.5240539628237,30.647839232639736,30.584511204447274,0.06332802819246264
4452.835308921291,29.471540403420025,30.64039868569121,30.576798012034075,0.06360067365713443
4453.859677832418,29.84850439174079,30.632895475658028,30.569022994785634,0.06387248087239378
4454.886728037151,29.24763086515736,30.625292845999976,30.561148111198538,0.06414473480143872
4455.91156887455,28.45653391041742,30.61762612267982,30.553209996129336,0.06441612655048243
4456.936645475237,29.66572999346818,30.609876358521124,30.5451890663937,0.06468729212742384
4457.964405221913,30.044162249668037,30.602023869917282,30.53706500457593,0.06495886534135221
4458.989954074903,28.828010937021872,30.594105268914582,30.528875728489332,0.06522954042524844
4460.018187310007,30.018899637036384,30.586082089059047,30.520581492312544,0.06550059674650435
4461.044208632868,30.38443267399794,30.577991880656032,30.51222114972849,0.06577073092754246
4462.072915574536,28.807400028171745,30.569795334959938,30.503754115276386,0.06604121968355238
4463.099409584935,29.318312597941485,30.56153078885765,30.49522002658623,0.06631076227141604
4464.12613973893,29.90012753466681,30.553178129268453,30.486598138915276,0.06657999035317787
4465.155557367104,30.599503712415984,30.54471638492132,30.477866852366496,0.06684953255482233
4466.1827605351955,30.74355944019544,30.53618509986342,30.469067007317985,0.06711809254543427
4467.212652415583,30.29228376165065,30.527542836119057,30.460155896752056,0.0673869393669993
4468.240328815687,29.914513407965163,30.518830125346128,30.451175345404863,0.06765477994126469
4469.270695166775,30.29937820090186,30.510004557112097,30.442081677292734,0.06792287981936515
4470.29884501691,30.84604926603106,30.50110723651228,30.432917287087097,0.06818994942518401
4471.327231391566,29.810200723617754,30.492116439850278,30.423659825211836,0.0684566146384428
4472.35830957557,29.85782881208206,30.48300982415397,30.4142863267029,0.06872349745107147
4473.387169727342,30.073264947521924,30.473830287633817,30.4048409736259,0.06898931400791435
4474.418722928576,29.46368687755512,30.464533168535255,30.395277848461056,0.06925532007419814
4475.448057075732,29.29375391338067,30.455162106961446,30.38564187103638,0.06952023592506446
4476.480085513039,29.65139665211541,30.445671938439748,30.37588662545609,0.06978531298365827
4477.5098938739475,29.58692419529939,30.436107100061253,30.366057824152865,0.07004927590838794
4478.539939140916,29.273103605571354,30.42644431168943,30.356131568351636,0.07031274333779576
4479.572680559398,29.252805261797448,30.416659427801243,30.34608309864164,0.07057632915960392
4480.603200367734,30.10661485317633,30.40679843671795,30.335959671637625,0.07083876508032595
4481.636417569696,31.362446170919842,30.39681383699479,30.32571254639771,0.0711012905970815
4482.667412138019,30.4562096978475,30.38675290583548,30.315390263400104,0.07136264243537387
4483.701105342658,30.671322761822015,30.37656715077093,30.30494309588127,0.0716240548896601
4484.732574889689,30.44317389555067,30.366304525801745,30.294420255841814,0.07188426995993029
4485.766744316296,30.767458848839173,30.355915497935744,30.28377098144493,0.07214451649081088
4486.798689060859,31.815208503524676,30.345448928378428,30.27304538636562,0.07240354201280928
4487.830871202955,31.49741387211316,30.334879561778756,30.262217608095114,0.07266195368364255
4488.865755089849,30.663726642490477,30.324181170503053,30.25126081771372,0.07292035278933111
4489.898412757768,30.66873819009925,30.31340411346729,30.24022661783369,0.07317749563359785
4490.933773415179,30.61410234009395,30.302496429902263,30.22906183354595,0.07343459635631494
4491.9669068279945,31.168655823658128,30.29150965984772,30.217819242414265,0.073690417433454
4493.00274447557,31.69790729563147,30.28039111956729,30.20644495287989,0.07394616668739792
4494.03635385246,30.67027737610488,30.26919360103737,30.194992988013755,0.074200613023614
4495.070201009828,31.32392449522263,30.25789051870187,30.18343616573233,0.07445435296954091
4496.106754270188,31.0607289414545,30.246454266812233,30.171746290507457,0.07470797630477718
4497.141077720453,31.28130007457526,30.234939074261533,30.159978812204017,0.07496026205751678
4498.178108520407,31.848621447513782,30.22328980658503,30.148077405411094,0.0752124011739354
4499.212908482994,31.796698872497927,30.211561743279084,30.136098563523962,0.07546317975512311
4500.250417042547,31.22926192927912,30.199698669331045,30.123984887770426,0.07571378156061884
4501.285693736987,31.53210859557453,30.18775688702032,30.111793886998527,0.07596300002179437
4502.321208595469,31.64918916929628,30.175708102869603,30.099496683326702,0.07621141954290146
4503.359433922163,31.741763590402797,30.163522991435563,30.087063374531276,0.07645961690428915
4504.39542584185,31.858607770369417,30.151259355962186,30.07455295895189,0.07670639701029548
4505.434129478459,31.63137821314581,30.138858448471872,30.06190552389837,0.0769529245735018
4506.470598679132,31.42701318523791,30.12637915877856,30.04918114630763,0.07719801247092811
4507.509780846014,33.35229060473376,30.113761762905906,30.03631894554446,0.07744281736144593
4508.546727547558,32.57760725639174,30.10106620337067,30.023380043019493,0.07768616035117787
4509.583912797326,31.8636692233265,30.088262470224915,30.010333857994233,0.0779286122306824
4510.6238128875675,32.68910893749239,30.075319615484396,29.997148880190075,0.07817073529432182
4511.66147596809,33.600827119086496,30.06229933008419,29.983887966617782,0.07841136346640683
4512.70185513981,32.78945020675361,30.04913953109344,29.97048789889553,0.07865163219791212
4513.739996271221,32.31201624590495,30.03590297306138,29.95701258878049,0.07889038428089092
4514.780854745131,32.55093153442386,30.022526566618463,29.943397820367167,0.07912874625129727
4515.81947414767,31.857869696533957,30.00907405123659,29.929708481213304,0.07936557002328293
4516.858332483236,31.104537957474804,29.995513726178228,29.9159123148864,0.07960141129183003
4517.899910038591,31.401837250316476,29.981812870688344,29.901976054297386,0.07983681639095869
4518.9392469756995,32.16974397767808,29.96803685116371,29.887966199776322,0.08007065138738596
4519.981304385341,32.36817026913764,29.954120042591445,29.873816023124174,0.08030401946726967
4521.021120144484,32.243771995395946,29.9401288410563,29.85959304460482,0.0805357964514799
4522.063657629479,32.04200729879449,29.925996689016372,29.845229613257032,0.08076707575934082
4523.10395243125,31.641874095873618,29.911791210982535,29.83079446776549,0.08099674321704729
4524.144486551473,31.20298019690313,29.8974793100584,29.816253972101308,0.08122533795709376
4525.187744277863,31.161120116064012,29.88302684133758,29.801573452440024,0.08145338889755477
4526.2287577716625,31.13429205145394,29.868502954058552,29.78682315672374,0.08167979733481229
4527.272496126392,30.914385447444833,29.853838575246357,29.771932944021472,0.08190563122488449
4528.313989214615,30.76858565907196,29.839103891732886,29.756974089240742,0.08212980249214566
4529.358208419109,30.590455084789028,29.8242290329864,29.7418756644992,0.08235336848719622
4530.400181322703,30.687071839108288,29.80928539317183,29.7267101411626,0.08257525200923145
4531.442393930794,31.512687535291892,29.794238282796293,29.71144230861361,0.08279597418268321
4532.487334538508,31.701403296610128,29.779051969323074,29.696035924243866,0.08301604507920914
4533.530027293454,30.902035187037885,29.763799107894982,29.680564703631873,0.08323440426310821
4534.575449304809,30.63480255325158,29.74840716830607,29.664955086760088,0.08345208154598156
4535.618622427813,31.014563867674724,29.732949725798953,29.64928169782157,0.08366802797738329
4536.664526064594,31.5418506448832,29.717353384963612,29.633470123021695,0.08388326194191692
4537.708179776961,31.904384107751866,29.701692967721883,29.61759622150611,0.0840967462157747
4538.752073580492,31.55295064498523,29.685932152433466,29.60162316993599,0.08430898249747415
4539.798699784189,31.255914011871486,29.670033634854178,29.58551317424083,0.08452046061334609
4540.843074509101,31.274906936797606,29.6540737508401,29.56934358946915,0.08473016137095085
4541.890182892993,31.48205615782149,29.63797691639428,29.55303784280691,0.08493907358737213
4542.935038760846,32.0200515721374,29.621820411900842,29.536674221508672,0.08514619039216775
4543.982629547073,32.32134066624622,29.605527814839064,29.520175326464454,0.08535248837460867
4545.027966779529,30.014079831028994,29.589177479096694,29.50362050587565,0.08555697322104573
4546.073544490442,33.14844564308715,29.57273146937531,29.48697134355494,0.08576012582036774
4547.121859009159,34.0624200717441,29.556150943550808,29.470188529158243,0.08596241439256404
4548.167918417227,32.9275199193337,29.53951564679399,29.45335278290693,0.08616286388706187
4549.2167158939465,32.20548408685659,29.52274696786083,29.43638454850723,0.08636241935359848
4550.263257221088,31.361159138253015,29.505925541837176,29.41936542296127,0.08656011887590433
4551.312537878308,32.69520526977749,29.48897186500712,29.402214970507586,0.08675689449953183
4552.359561346542,31.65294520340558,29.47196762649015,29.38501582882055,0.08695179766960166
4553.40682568115,32.22060278079584,29.45487359667707,29.367728309554973,0.08714528712209832
4554.4568312383135,32.26348986117114,29.437649561292282,29.350311753138456,0.08733780815382754
4555.504578047104,31.040619712684705,29.420378417714765,29.332849985050473,0.08752843266429222
4556.555067341329,31.951841467393027,29.402978626010672,29.31526056675746,0.08771805925321276
4557.603296846578,31.262233604925314,29.385534012192764,29.29762823845438,0.08790577373838485
4558.654270100724,31.743586448914584,29.367962313732995,29.279869852765927,0.08809246096706819
4559.702982524807,31.10258114250178,29.35034820920299,29.262070988309333,0.08827722089365805
4560.751936203807,31.29731969138129,29.33265089900733,29.244190410202712,0.08846048880461878
4561.803635527234,31.943360184778385,29.31482878138556,29.22618609557851,0.08864268580705172
4562.853072458696,30.08591989321326,29.296967691288284,29.20814475783335,0.08882293345493504
4563.905256299503,32.19049934937857,29.27898347489763,29.189981393579547,0.08900208131808139
4564.955176706062,31.502743237992718,29.260962986417233,29.171783720796572,0.08917926562066052
4566.007845287466,31.775310490853144,29.242821519480515,29.1534661980171,0.08935532146341427
4567.058249391858,32.2407934340813,29.224646655034004,29.13511725508485,0.08952939994915404
4568.111402937178,31.693055970456726,29.20635276081611,29.11665043930504,0.08970232151106776
4569.162290962244,31.836237041342205,29.188028030525487,29.098154778189425,0.08987325233606215
4570.213420742718,31.470068367839076,29.169630082476235,29.079587486735896,0.09004259574033785
4571.267301863582,31.674908809854518,29.151115858612975,29.060905118654034,0.09021073995894184
4572.318915899049,32.022972348311896,29.13257467194543,29.0421977977713,0.09037687417413062
4573.373282542447,32.343320032278825,29.11391919909372,29.023377417783266,0.09054178131045335
4574.425381056,32.58221430801951,29.095239489571792,29.004534823437716,0.09070466613407739
4575.480233445611,33.16549225942936,29.076447679512153,28.985581383281026,0.09086629623112577
4576.53281666045,35.69063984534796,29.057634673308314,28.966608781162353,0.09102589214596246
4577.5856420206765,35.169848643211026,29.03875734541006,28.947573514420935,0.09118383098912305
4578.641223159485,32.32839833313551,29.01977205104173,28.92843157691002,0.09134047413170868
4579.694533555855,31.560830436822926,29.000770658477155,28.909275592344496,0.09149506613265908
4580.750601000394,33.011114004342524,28.981663739083018,28.89001540364205,0.09164833544096794
4581.804396656365,32.53783006719505,28.96254357428282,28.870744031418333,0.09179954286448407
4582.860950630675,32.807523822632,28.943320365861496,28.85137096497927,0.09194940088222542
4583.9152317698035,31.670905875600965,28.924087309719212,28.831990122986102,0.09209718673311104
4584.969755444924,31.13829761230477,28.904800341430576,28.812557091210017,0.09224325022055836
4586.02703934398,31.07462364106164,28.88541479552453,28.79302687073299,0.09238792479153654
4587.082048837656,30.909355513655104,28.86602440992177,28.773493897266622,0.09253051265514761
4588.1398198269035,30.90200104127325,28.846537969278636,28.753866283651625,0.09267168562701134
4589.195315362954,29.83261610479872,28.827049555795664,28.734238793009123,0.09281076278654087
4590.253573666794,29.772721807040398,28.807467424833224,28.71451902544296,0.09294839939026192
4591.309555469137,29.930811444082792,28.787886143102,28.694802211544975,0.09308393155702487
4592.3657801987065,30.22385302273483,28.76826052404692,28.67504284329395,0.09321768075296864
4593.424769604735,30.509140886218578,28.74854505387007,28.655195102354988,0.09334995151508226
4594.481480936537,29.975038089070498,28.728835108769136,28.635355002949535,0.0934801058196025
4595.540958218483,28.99300064511681,28.709038102231062,28.61542934538793,0.09360875684313179
4596.5981563766945,28.776337888747552,28.689249796430747,28.595514512423847,0.0937352840069012
4597.658121759323,28.339915617816818,28.66937737558866,28.575517092204002,0.09386028338465836
4598.715806968224,28.40181663589647,28.64951720044837,28.555534048450518,0.09398315199785165
4599.773735496218,29.10944558229699,28.629623618990983,28.535519436969473,0.09410418202151091
4600.834433160377,28.99222317232216,28.609650536407127,28.515426888231133,0.09422364817599349
4601.8928490755425,28.43535565655498,28.589694494472294,28.495353520317863,0.09434097415443202
4602.954035402612,28.68655816714613,28.56966183805242,28.475205125401484,0.09445671265093498
4604.012938929488,28.88163292047739,28.549649560080244,28.455079254751567,0.09457030532867575
4605.074614144595,28.512107455651403,28.529563694764175,28.434881407480965,0.09468228728320842
4606.1340055078235,28.557676291848797,28.50950152692919,28.414709408640906,0.09479211828828253
4607.193640582644,29.815976611034785,28.48941691685129,28.394516856496267,0.09490006035502163
4608.256049260527,29.21121309388082,28.46926347994112,28.37425712237693,0.09500635756418664
4609.316172508724,28.947132376829586,28.449138751787178,28.354028254688725,0.09511049709845147
4610.379070637781,30.14841189568074,28.428948297826654,28.333735328329322,0.09521296949733152
4611.4396822842555,30.27988096929812,28.408790026052383,28.313476745666122,0.09531328038626022
4612.503070089978,29.2164006235073,28.388569322598862,28.2931574203378,0.09541190226106158
4613.564170359735,29.92635673509722,28.36838417084085,28.272875811525793,0.09550835931505909
4614.6255147342135,29.67816430498806,28.348188564645543,28.25258568203748,0.09560288260806414
4615.689637185863,31.127252770745603,28.327935827915255,28.232240143069184,0.09569568484606936
4616.7514705211925,31.171216756005382,28.30772370077029,28.211937382482564,0.0957863182877242
4617.81608321355,30.63297969473979,28.28745760222749,28.19158239240183,0.0958752098256618
4618.878405734993,30.96610052127562,28.267235898166756,28.171273967587496,0.0959619305792613
4619.943508893914,31.019588548269898,28.2469637413032,28.150916852298064,0.09604688900513836
4621.00632082684,30.310625290451526,28.226739100717346,28.130609425524874,0.0961296751924721
4622.069377258254,30.790347017530397,28.206515170424197,28.11030468187252,0.09621048855167634
4623.13521624816,32.83652933638655,28.186245230374624,28.089955720604337,0.09628950977028608
4624.198762429169,32.68945827493054,28.16602729556236,28.06966093798738,0.09636635757498029
4625.2650924505915,30.618746164083635,28.14576630926772,28.049324915361126,0.0964413939065939
4626.3291286068215,31.328463255321143,28.125560163763705,28.029045907050115,0.09651425671359125
4627.39594988598,30.604541525997547,28.105313874388134,28.008728585224866,0.09658528916326775
4628.460476243163,30.330135655041662,28.085125432580323,27.988471284062,0.09665414851832127
4629.525247493234,30.431955698571077,28.064948371942112,27.968227370007593,0.09672100193451802
4630.592805790349,30.241196444569596,28.044736414872865,27.9479504173409,0.09678599753196532
4631.658067580031,29.859515087535332,28.024587602030834,27.927738780334995,0.09684882169584097
4632.726117700748,29.860405504012988,28.004407412113114,27.907497641808835,0.09690977030428001
4633.791870256031,29.470741917847135,27.984293550528392,27.887325001261885,0.09696854926650644
4634.860412426931,29.562714848176714,27.964151602034914,27.86712616662879,0.09702543540612495
4635.926655973912,28.986352727403077,27.94407905370967,27.846998899477917,0.09708015423175456
4636.993144808819,28.64461666179136,27.924029532950975,27.826896692815815,0.09713284013515903
4638.062425186561,29.232099795445265,27.90395690775395,27.806773299536395,0.09718360821755609
4639.129405352369,29.35938732619411,27.88395836280745,27.786726149302147,0.09723221350530405
4640.199178347074,27.964737715645924,27.863940014086428,27.766661129183795,0.09727888490263302
4641.266650070138,28.414489967768763,27.84399875961632,27.746675362414475,0.09732339720184568
4642.336915908755,27.9033646436194,27.82404109637806,27.72667513634844,0.09736596002962018
4643.404879415536,27.396042632330367,27.804163863161495,27.706757495159444,0.09740636800205293
4644.473088605919,28.090199761285703,27.784321406499178,27.686876684163146,0.09744472233603121
4645.54409384218,28.160768550386823,27.764468374748763,27.66698726998655,0.09748110476221383
4646.612795156029,27.03023905584905,27.744700948720304,27.647185609002392,0.09751533971791043
4647.684293803895,27.723332412906302,27.724926091248612,27.627378502821998,0.09754758842661422
4648.753487467934,28.479453598275995,27.705239087204852,27.607661391933007,0.09757769527184504
4649.825479754719,28.67630655796529,27.685547012505786,27.58794121047015,0.09760580203563698
4650.895165995772,28.63511888602966,27.665944699213295,27.568312926125525,0.09763177308777123
4651.9676521488955,28.45812037517408,27.646339874150936,27.548684143417965,0.09765573073297133
4653.037831193892,28.465608804017165,27.62682738026817,27.52914982090597,0.09767755936219968
4654.108256432172,27.86169893097895,27.60736215152756,27.50966483443196,0.09769731709560121
4655.1814835168525,28.064017839606322,27.587899682544165,27.49018464014008,0.09771504240408689
4656.252401899533,28.227589185170473,27.56853443549926,27.47080378574661,0.09773064975264825
4657.326123419423,27.714231253333768,27.54917563568282,27.451431423043008,0.09774421263980997
4658.397535173694,27.74142704156293,27.52991696610202,27.432161300485518,0.09775566561650324
4659.471751356579,28.323213085718184,27.5106678561698,27.412902793552558,0.09776506261724278
4660.543656709738,27.736607235555542,27.491521181132608,27.39374882283684,0.09777235829576801
4661.615808653313,27.975669613522086,27.472432281994376,27.37465470495603,0.09777757703834632
4662.690766962955,27.962455202610276,27.453357109007058,27.3555763854821,0.09778072352495992
4663.763412846424,27.11631790188403,27.434387821265595,27.33660603869373,0.09778178257186598
4664.838866388849,27.384091614709863,27.415435200644858,27.31765444147853,0.09778075916632815
4665.9120064397675,28.098541834244546,27.39659080725137,27.29881314900446,0.09777765824691174
4666.98795544313,28.32081762899952,27.377765981331383,27.27999351612062,0.0977724652107642
4668.061589889161,26.61264160761857,27.35905164398285,27.261286438865362,0.09776520511748579
4669.135471323386,26.416844540035527,27.34040417289276,27.2426483043486,0.09775586854416193
4670.212163650631,27.918893086734215,27.321780572968116,27.224036146602216,0.09774442636589914
4671.286539821523,26.762583539900792,27.30327078740058,27.205539853602446,0.0977309337981362
4672.363728180414,27.15754234618157,27.28478771421031,27.187072386908895,0.0977153273014161
4673.438599315898,26.33859032729538,27.266420550188357,27.168722868002003,0.09769768218635262
4674.516283934954,27.00675727617272,27.24808279199934,27.150404876641346,0.09767791535799333
4675.591650263062,27.610372970315666,27.22986295723344,27.132206835030722,0.09765612220271941
4676.667263977779,26.77239388073872,27.211718519818383,27.114086260301438,0.09763225951694643
4677.745693119776,26.441810347174624,27.193607651722555,27.0960013872618,0.09760626446075316
4678.821802369222,26.1248772396707,27.175617690522962,27.0780394280484,0.09757826247456233
4679.900728343013,25.47774145520816,27.15766373915887,27.0601156174495,0.09754812170937036
4680.97733335548,24.904384161721964,27.139832152601265,27.0423161547212,0.09751599788006772
4682.056756389955,25.003110073656448,27.122040469445782,27.024556799905284,0.09748366954049696
4683.133857393842,25.40781618244046,27.104503738052884,27.00692284919875,0.09758088885413345
4684.211206183398,25.235600705230354,27.090231174418065,26.989372724545294,0.10085844987277233
4685.291374941806,25.587015781816035,27.10181397619426,26.971865841057323,0.12994813513694045
4686.369220065439,24.904967266317954,27.16454541420935,26.954486606429086,0.21005880778026476
4687.4498864570805,25.701942545768816,27.178252004413523,26.937153091342157,0.241098913071367
4688.528228143451,25.447724701501105,27.084750829471222,26.919948796201115,0.1648020332701075
4689.609392397588,24.0812427201754,27.011625759213953,26.90279252080736,0.10883323840659345
4690.688230875462,25.68445991427825,26.98364382813525,26.88576686898815,0.09787695914710033
4691.767317538711,25.061754111109853,26.96593061402624,26.86883192279692,0.09709869122932105
4692.849228719708,24.563698735021944,26.948975141926052,26.851948601839645,0.09702654008640851
4693.92881251767,25.292358845837274,26.932167843252724,26.83519816618003,0.09696967707269177
4695.011222134635,25.220411093164557,26.91541227962639,26.818501485091527,0.09691079453486366
4696.091303296342,24.178371660964103,26.898788849462143,26.8019388213931,0.0968500280690424
4697.174211578905,24.56665628355836,26.88221885155866,26.785431760546444,0.09678709101221718
4698.254790333491,24.04346962470277,26.865781794830063,26.769059507782416,0.09672228704764936
4699.335617673799,24.760932551316728,26.849438693821764,26.752783220988093,0.0966554728336722
4700.419274088091,24.972793887859556,26.833151448409584,26.736564962457336,0.09658648595224702
4701.500599365043,25.07984873976648,26.81699833240953,26.720482673136708,0.09651565927282155
4702.584755019331,25.211396611302238,26.800903048443452,26.704460389223335,0.09644265922011735
4703.666578462325,24.32894397659334,26.78494295352308,26.68857511550003,0.09636783802304995
4704.75123358661,24.97211885235879,26.769042646857738,26.672751803569337,0.09629084328840208
4705.833555425152,24.31703235793202,26.753278604878346,26.657066558363752,0.09621204651459317
4706.916126250409,24.62383993292451,26.737613211698594,26.641481939977744,0.09613127172085001
4708.001530713237,24.818993484174147,26.722010001121596,26.625961676967055,0.09604832415454177
4709.084600278361,24.108519932920217,26.70654409438104,26.610580490353197,0.0959636040278446
4710.17050478651,24.273911510398875,26.69114192641749,26.595265214106604,0.09587671231088736
4711.254073321269,24.10529184486404,26.675877155949415,26.580089087709666,0.09578806823974881
4712.34047810511,24.755398310849387,26.66067755602332,26.564980301726763,0.09569725429655622
4713.424545839379,24.50813832277436,26.64561590123149,26.55001119259645,0.09560470863504153
4714.508862962007,24.107227647058835,26.63065619717794,26.535145974005687,0.09551022317225531
4715.59601829315,24.596646771292626,26.615763455703366,26.520349884287928,0.09541357141543694
4716.6808349601615,25.088382554326703,26.60100875829685,26.505693538621387,0.09531521967546414
4717.768491143252,24.753935296164855,26.58632176200419,26.491107057307833,0.09521470469635575
4718.853807584786,25.057506903309335,26.571772537802424,26.476660026378163,0.09511251142426116
4719.941964850564,24.915323939389964,26.557291847477366,26.462283688969887,0.0950081585074776
4721.02778129687,24.523186098587075,26.542948931665038,26.448046782254544,0.09490214941049548
4722.113847533822,24.41102251497205,26.528709557070073,26.43391531246386,0.09479424460621308
4723.202756557611,24.38393179063405,26.51454043699909,26.41985625041164,0.09468418658744973
4724.289323144764,24.73668905842942,26.500509269046194,26.40593676267516,0.09457250637103233
4725.378733828424,24.77965756332037,26.486549111430875,26.392090433459174,0.09445867797170096
4726.465800996289,24.317210966547012,26.47272638707443,26.378383136420734,0.09434325065369578
4727.555713570934,24.52156548806579,26.45897501430679,26.36474933343952,0.09422568086727112
4728.6432815501275,25.4061666793491,26.445360363808323,26.351253827756615,0.09410653605170678
4729.731099722905,25.19619649284732,26.431849610317546,26.337864064031734,0.09398554628581228
4730.821765268225,24.269766739892248,26.418411085485044,26.324548661193326,0.09386242429171937
4731.910084598319,23.7130594465591,26.405108892543147,26.31137112778062,0.09373776476252646
4733.001252612739,24.221177316823745,26.39187958481659,26.29826860331577,0.09361098150082017
4734.090073331033,24.83278837308467,26.378786154151026,26.28530346658198,0.09348268756904561
4735.18174404604,24.728013407616118,26.365765998079283,26.272413717448636,0.09335228063064697
4736.271066383522,24.332778808621015,26.352880973434793,26.25966058085854,0.09322039257625118
4737.36324003071,23.995949226726907,26.340069444193787,26.246983038203204,0.09308640599058385
4738.453064218476,24.380769367509856,26.32739239109386,26.234441418541934,0.09295097255192399
4739.543139118866,24.72072985336081,26.31481924233191,26.22200545127602,0.09281379105589377
4740.636067298799,24.720653682039714,26.302320464791595,26.209645918415852,0.09267454637574273
4741.726644396178,24.235410847479898,26.28995552154769,26.197421597789052,0.09253392375863843
4742.820076087606,23.270564482718786,26.277665195538276,26.185273916401037,0.09239127913723766
4743.911155613337,23.24394654589105,26.265507721781823,26.173260396434692,0.09224732534712934
4745.005091048227,23.48207122862891,26.253424770215336,26.16132335264485,0.09210141757048779
4746.096673233777,24.181547217074694,26.241473596812572,26.149519292675294,0.09195430413727675
4747.188506536375,23.86200327187521,26.229625064334705,26.13781935645965,0.09180570787505404
4748.28319772115,23.260320753329783,26.217851156947273,26.12619579987,0.09165535707727211
4749.375534030833,24.71330971604698,26.20620792169525,26.114703840380987,0.09150408131426195
4750.470729539317,23.258327165994846,26.194639562957434,26.103288257055034,0.09135130590240012
4751.56356908782,24.369325283164244,26.18320093355472,26.09200298506991,0.09119794848480905
4752.659269152356,24.655897552717533,26.171837262672167,26.080793738856233,0.09104352381593502
4753.752612171521,24.121652919316375,26.160602568113667,26.069713482986195,0.09088908512747275
4754.84620671281,24.300342958819783,26.14946950856541,26.05873483385851,0.09073467470690229
4755.942663746332,24.360360706650226,26.13841160463658,26.047831151513773,0.09058045312280817
4757.036762106109,23.29711150141998,26.127481463860466,26.03705363169024,0.09042783217022561
4758.133724276866,23.849172344166163,26.116626955927764,26.02635000265353,0.0902769532742326
4759.228326687237,24.03077790664952,26.105899905225197,26.01577026369909,0.09012964152610771
4760.325794227948,23.925614204783642,26.0952504913765,26.00526388554364,0.08998660583285925
4761.420900921131,23.99853905164423,26.084731278514447,25.99488096693831,0.08985031157613652
4762.516259542171,23.56706266339029,26.074318190809347,25.984595529481403,0.08972266132794429
4763.614485272935,24.030628190604602,26.063988903891815,25.97438267959439,0.08960622429742314
4764.710348525171,24.838532741334348,26.053795609843338,25.96429049907936,0.08950511076397567
4765.809080208009,24.09877263041699,26.04369344443561,25.954270150195573,0.08942329424003936
4766.905448323926,24.033732828588654,26.03373545011948,25.944368757913615,0.08936669220586257
4768.004686191929,25.150047178651224,26.02388044844335,25.934538539416288,0.08934190902706288
4769.101559404117,24.44789731417518,26.014183293805907,25.924825769197454,0.08935752460845371
4770.1986849505465,24.870579854738256,26.004630071570976,25.91520624560424,0.08942382596673819
4771.2986822316425,24.828160308678665,25.99521041274428,25.905656480648084,0.08955393209619653
4772.396313223291,24.4612378017564,25.985983721834003,25.896220944764607,0.08976277706939598
4773.496817272613,24.18574451952691,25.976923964971263,25.886853645997,0.09007031897426407
4774.594953942339,24.23447577884849,25.968096341434634,25.877598373326073,0.09049796810856223
4775.695964993354,24.56811929824289,25.959485671697333,25.86841024826866,0.09107542342867381
4776.794607574124,24.532555171082098,25.951165359049615,25.859332333879152,0.09183302517046174
4777.893502896175,24.209420667401904,25.943153335134305,25.850341906194934,0.0928114289393694
4778.995274585294,24.388189504823686,25.935477957974395,25.841417023236342,0.09406093473805271
4780.094676167899,24.225991869636573,25.928230686018637,25.832599331812887,0.09563135420574874
4781.196955442713,24.017634413864243,25.92144201717724,25.82384583445807,0.09759618271917371
4782.2968635191055,25.158042540769202,25.915220743777727,25.815197399987966,0.10002334378976185
4783.399650613459,24.330856139412617,25.909627049878836,25.806611966700316,0.10301508317851774
4784.500065416981,25.24497503091993,25.904791957378244,25.798129596978008,0.10666236040023674
4785.600733369482,24.408466835819354,25.90082212631259,25.789728860172737,0.11109326613985432
4786.704282328927,23.926470475496675,25.897851208969943,25.78138908545289,0.11646212351705398
4787.805457358632,24.81765129296446,25.89605390577966,25.773149142140888,0.12290476363877112
4788.909514722558,23.63860329348472,25.89560575390305,25.764968840089555,0.13063691381349515
4790.011197063078,24.386048828041112,25.896717628353734,25.756886254227936,0.13983137412579663
4791.115763065708,24.23926406568853,25.89963181298655,25.748861913779123,0.15076989920742495
4792.21795295076,25.748853573175893,25.904600408853142,25.74093317145377,0.1636672373993744
4793.320396393147,25.81747342709582,25.911925399857893,25.733079995783765,0.1788454040741295
4794.425725489833,23.783257885443845,25.92196519827931,25.7252830331516,0.19668216512770714
4795.528676827391,24.934324744107926,25.935039172666425,25.71757836034929,0.21746081231713593
4796.634515148669,25.894779438218166,25.951615182663172,25.70992796565851,0.24168721700466406
4797.737974615386,24.599307514336488,25.9720568430444,25.70236714746862,0.26968969557577815
4798.844322395853,23.85029127460712,25.99694472917672,25.694858687582908,0.30208604159381314
4799.948290225822,24.78348188895893,26.026680723651268,25.68743717808195,0.33924354556931624
4801.05251202214,26.170188669334724,26.06187635919311,25.68008358417849,0.3817927750146219
4802.159624127613,26.25539023187844,26.103232348895947,25.672779553506693,0.4304527953892528
4803.26435463839,25.460705345255064,26.151182042930948,25.665558809953595,0.48562323297735427
4804.371976789885,24.89215735138714,26.20661795865916,25.65838580563501,0.5482321530241483
4805.477216249484,26.01131367970584,26.269964533472894,25.651293633309884,0.6186709001630107
4806.585348681979,26.63099626940584,26.342236174650054,25.64424743342693,0.6979887412231242
4807.691097324873,26.01732070768344,26.423813066892464,25.637279813583532,0.7865332533089316
4808.797100343788,26.581729184239297,26.51558590187255,25.63037300084647,0.8852129010260824
4809.905998334224,26.12763254021661,26.618539796879254,25.623509772343326,0.9950300245359271
4811.012510888206,27.237359384302867,26.732898804316857,25.6167219037278,1.1161769005890576
4812.121919747419,26.801486072203488,26.859899862114744,25.609976096289778,1.2499237658249687
4813.22894207121,26.32538642277268,26.999588487571124,25.603303449312396,1.3962850382587273
4814.33886203456,27.175925900538914,27.15323104390048,25.596671020934146,1.5565600229663334
4815.446394363012,27.080031460471446,27.3206260731808,25.59010925103781,1.730516822142993
4816.554181477819,27.39642874213041,27.50256910544492,25.583601052820107,1.9189680526248112
4817.664868234031,27.75038636488239,27.69989535755399,25.577129892861795,2.122765464692195
4818.7731657058375,28.165874655497646,27.91189812803447,25.57072549385778,2.341172634176689
4819.884364154912,28.13554271011708,28.13969147249475,25.564356267871577,2.5753352046231734
4820.9931722188385,27.940071340596663,28.382145724787993,25.55805150836692,2.8240942164210745
4822.104882596511,28.561983911386733,28.64021125703707,25.551780007175378,3.0884312498616926
4823.214201487787,28.508298889596517,28.912278396875983,25.54557051441691,3.366707882459076
4824.326424029904,29.573426111881417,29.199077176995523,25.539392318596676,3.659684858398849
4825.436253983867,29.101358289274234,29.498479648376744,25.53327385703326,3.9652057913434815
4826.546339252752,28.933216664444217,29.810189403993093,25.52719939389732,4.282990010095775
4827.659330178479,29.58672720050345,30.133820495319384,25.521153558690138,4.612666936629245
4828.76992686312,28.18682176879952,30.466453185670822,25.515163982491075,4.9512892031797495
4829.883430543239,29.590357157943345,30.808089034737684,25.50920088783429,5.298888146903394
4830.994538879248,29.13941243065574,31.155440347310666,25.503291499028148,5.6521488482825175
4832.108555549983,29.681586761242897,31.510281683853325,25.497406488169304,6.012875195684021
4833.2201757730745,30.77941774625151,31.879132754649092,25.491572835211194,6.387559919437897
4834.332051722939,30.816339824205674,32.26074040187564,25.4857754719984,6.774964929877236
4835.446838016765,30.629102837155642,32.61104086503414,25.479999590873085,7.131041274161057
4836.5592262073515,30.766358304579175,32.92963401125711,25.474271602174355,7.455362409082753
4837.674526082695,30.86708043044587,33.25609963820418,25.468563101514516,7.78753653668966
4838.787426749994,31.918688556534562,33.58278113566319,25.462900246311055,8.119880889352135
4839.90324044346,32.752885346029416,33.898980671461445,25.45725496778971,8.441725703671736
4841.016653823568,32.61779944795853,34.19883539021378,25.451653092869638,8.74718229734414
4842.130323342963,32.98454859946037,34.48041037928689,25.44608011556253,9.034330263724359
4843.246907901,34.063462830863955,34.74177592021466,25.440521928441935,9.30125399177272
4844.361090487413,33.88569472700556,34.97928817045308,25.435004269785683,9.544283900667399
4845.478189455428,34.2478525864633,35.19183958661735,25.429500086167337,9.762339500450013
4846.59288534523,35.62164701461439,35.376382995975725,25.424034844942668,9.952348151033055
4847.710498960209,36.554572342641,35.531989201682364,25.41858164379818,10.113407557884186
4848.82570838988,36.20062785287542,35.65637197038059,25.413165500968304,10.243206469412286
4849.941174372014,37.84745181500807,35.74867843023142,25.4077723522671,10.340906077964322
4851.059560095048,38.52048584864384,35.808054185934715,25.402388280704095,10.40566590523062
4852.175539971831,39.22505480921405,35.83357855351669,25.39703776237417,10.436540791142518
4853.294440934637,40.25633307236149,35.82506461764849,25.391694082226696,10.433370535421794
4854.410934942821,40.876506835752714,35.7825803948286,25.386381549538964,10.39619884528964
4855.53035138277,40.7979059121717,35.706286577996835,25.381073780692706,10.325212797304125
4856.647359759214,41.03629850783205,35.597237680534604,25.375795125878287,10.221442554656313
4857.764625101967,41.39235478181013,35.45629861818079,25.370532015501254,10.085766602679533
4858.88481489546,40.27636612981019,35.28433146296616,25.365271002237407,9.91906046072875
4860.002594961827,39.167062167885895,35.08374445950941,25.360036172006414,9.723708287502996
4861.123300826226,39.027379724576356,34.85543001103736,25.354801584425502,9.500628426611861
4862.241595853339,38.05549145250962,34.60254496376288,25.349591274922847,9.252953688840034
4863.3628180264,36.66818580795416,34.32615263403292,25.344379545634194,8.981773088398725
4864.481628251502,36.799778331643665,34.02999143408485,25.339190366113876,8.690801067970973
4865.600695857426,34.96407050596691,33.715969826415275,25.334010461712964,8.381959364702315
4866.722692631529,33.00705853814338,33.3859120329936,25.328826662546128,8.05708537044747
4867.842275791368,32.685943887770925,33.04407030257818,25.323662887952544,7.720407414625631
4868.964789468851,31.541624757517184,32.691514687899875,25.318493682111665,7.37302100578821
4870.084888420123,30.836173260261152,32.332594573276076,25.313342709525806,7.01925186375027
4871.207919239126,29.99618219716831,31.96821984122082,25.308184434639614,6.660035406581205
4872.328534219452,29.66439568205033,31.602653892219035,25.303042566395547,6.299611325823489
4873.449406995783,29.775934135512898,31.23744280520993,25.297904159223897,5.9395386459860315
4874.573213665338,29.538124644448544,30.87399668647717,25.292756340518945,5.581240345958223
4875.694602827225,28.45527051712611,30.516161317862338,25.287623023583887,5.22853829427845
4876.8189272339805,27.61541341049451,30.16417268808612,25.282479140126963,4.881693547959154
4877.940833019323,27.477913669524014,29.821454188151918,25.277348579722798,4.54410560842912
4879.065675401799,27.493255624232006,29.48792205451281,25.272206178738976,4.215715875773834
4880.188098048605,27.59172412963312,29.16650604707487,25.2670756580784,3.899430388996466
4881.310778907265,27.54509940132948,28.8575312264567,25.261943949479107,3.5955872769775943
4882.436398391821,26.820978050612666,28.56123494151075,25.2567979877526,3.3044369537581515
4883.55959646902,26.373429513607107,28.279755011486202,25.251661733474904,3.0280932780112977
4884.685734525939,25.98313029089968,28.01228249022971,25.246510247915218,2.765772242314492
4885.80945005996,26.334681950543885,27.760439784394737,25.24136767273306,2.5190721116616777
4886.936106928147,26.910411061373225,27.52320156572986,25.23620893208155,2.2869926336483095
4888.060340157383,26.806326890989112,27.3017148745121,25.231057947636167,2.070656926875935
4889.184832014995,26.11095364749349,27.095280882359287,25.225901718410913,1.8693791639483721
4890.312267238805,25.956220801773956,26.90368089221834,25.220727350782685,1.6829535414356553
4891.437277149284,25.78622742586208,26.73453868794697,25.215558971862304,1.5189797160846668
4892.565231781969,25.557666183817904,26.616145700740017,25.210371342718474,1.4057743580215412
4893.690759983978,25.598853855753532,26.537359989012167,25.20518856503177,1.3321714239803992
4894.819234264827,25.638160884037234,26.382694709559917,25.19998532050326,1.1827093890566591
4895.945280997146,25.20943454313465,26.18476404478327,25.19478591504748,0.9899781297357922
4897.071586775037,25.93356114704602,26.04111049075731,25.189577574118523,0.8515329166387844
4898.200840667077,24.92145704403697,25.934329097560298,25.184347475024147,0.7499816225361496
4899.327665333505,25.44087190919959,25.841535620145084,25.179120138667145,0.6624154814779408
4900.457439472277,25.705414907371964,25.757998370831007,25.173870108925026,0.5841282619059818
4901.584783266296,24.783213976036453,25.683221170718166,25.168621809484986,0.5145993612331795
4902.715077891478,25.791577804519875,25.616133925017184,25.16334972941292,0.45278419560426236
4903.842941052248,24.34706224462548,25.556370439651836,25.158078577581563,0.39829186207027306
4904.971063676455,24.67957632718981,25.503105311466754,25.152795460859977,0.35030985060677766
4906.102139170421,25.236921883661807,25.455607232429504,25.14748740786969,0.308119824559815
4907.230781520187,25.639363865591122,25.413511463917423,25.142179400640163,0.2713320632772604
4908.362378100097,26.064980315315097,25.376061622106942,25.1368458316795,0.23921579042743976
4909.491540414858,25.845906342643502,25.342920881262337,25.131511865627353,0.21140901563498382
4910.623658320776,26.283983369860156,25.31345339536007,25.12615182418245,0.18730157117762178
4911.7533408400795,26.34430317637771,25.28736218267639,25.120791007545634,0.1665711751307557
4912.88598031218,26.199236208645743,25.264122166964473,25.115403517302227,0.14871864966224507
4914.016183275685,26.135296951077407,25.243481621241706,25.110014630683512,0.13346699055819566
4915.146646240897,26.350953720688725,25.22505549847024,25.10461111630824,0.12044438216199838
4916.280068201729,26.82073115046842,25.208513655224717,25.09917972008016,0.10933393514456013
4917.411051970692,26.72659127738348,25.193673024502548,25.093746065421175,0.09992695908137425
4918.544996098483,27.073273225671986,25.180229509148024,25.088283945613604,0.09194556353441874
4919.676500911133,27.481475335434652,25.168041674983083,25.08281906089919,0.08522261408389295
4920.810967446447,27.08897765080451,25.156870155816716,25.07732500278587,0.0795451530308476
4921.942993542828,26.379318344707148,25.146610201349667,25.071827665219672,0.07478253612999351
4923.075280060324,26.593488460258413,25.137096953004622,25.066313870021318,0.07078308298330314
4924.210530346603,25.512018549702137,25.128191348283558,25.06077042140369,0.06742092687986752
4925.343338507962,26.046759609989067,25.11985177681471,25.055223779135595,0.06462799767911255
4926.479111803509,26.577510869008847,25.112933585175707,25.04964751684225,0.06328606833345767
4927.61244184905,26.146199956383498,25.125287284714673,25.04406820068262,0.08121908403205194
4928.748738394816,25.2908249130262,25.253384199647044,25.038459151367597,0.21492504827944875
4929.882590564972,24.9063147107222,25.517805222364117,25.03284698369707,0.48495823866704796
4931.016703576331,25.052768521817598,25.515061825245702,25.027218239856392,0.48784358538931005
4932.153785137332,24.831706215005628,25.236822513912998,25.021559378698683,0.2152631352143135
4933.288420634017,24.687190832702303,25.09200567691975,25.01589728974919,0.07610838717056008
4934.426026047953,24.638664447968495,25.064700574680018,25.01020482202812,0.05449575265189823
4935.561184270674,24.344054790740756,25.05727463703365,25.004508980377516,0.052765656656134974
4936.699313778887,23.96606380288381,25.050955511609924,24.998782507932603,0.052173003677320806
4937.834994968462,24.534102236879566,25.044717548398438,24.99305264805701,0.05166490034142793
4938.970937420002,24.36030817470464,25.03851333653573,24.987305800670832,0.05120753586489726
4940.109853209759,24.466435837771996,25.032318036545274,24.981528226934405,0.05078980961086973
4941.246318989449,24.876003778119866,25.026153039760526,24.975747474709166,0.050405565051359597
4942.385759477171,25.343698316257136,25.019982234868895,24.969935876016063,0.050046358852832096
4943.522748826106,25.941241317490494,25.013829610172237,24.96412101592339,0.04970859424884965
4944.662714253521,24.890279334332494,25.00766166723712,24.958275279967538,0.049386387269581174
4945.800227412909,25.284951841509837,25.001504576782658,24.952426707191044,0.04907786959161496
4946.938002255706,25.782213985219418,24.995341143168314,24.946561589679327,0.048779553488988575
4948.0787552330185,25.696227070089208,24.989154571339498,24.940665959675556,0.04848861166394063
4949.217054248146,25.68206445755959,24.982972642674746,24.934767907980934,0.04820473469381133
4950.358332769814,26.222161149698877,24.97676446024864,24.928839229294503,0.04792523095413577
4951.497156198759,26.234960558240576,24.970558414054118,24.9229080256008,0.04765038845331747
4952.638960506901,25.95508085855477,24.96432408204817,24.916946002245272,0.04737807980289682
4953.778308591258,26.04188989863337,24.958090677124595,24.910981706165806,0.047108970958790214
4954.917918781145,25.343212395760474,24.951842385400138,24.90500046150313,0.04684192389700765
4956.0605119095835,23.775333441452407,24.945563894395562,24.8989879610472,0.046575933348359855
4957.200647117345,23.372649812573403,24.9392861544101,24.892974174733098,0.04631197967700531
4958.343766637897,22.97371433801186,24.93297964191984,24.886931057195994,0.04604858472384426
4959.484427105408,23.200870350511654,24.9266744372807,24.880887598769018,0.04578683851168108
4960.62807326058,23.25060759659118,24.920340472332917,24.874815104128277,0.04552536820464103
4961.769259229828,23.498813159686733,24.914007886452747,24.868742558925252,0.045265327527494736
4962.910707727408,23.777673739628202,24.907661560247956,24.862655534302085,0.04500602594587179
4964.055143975325,22.95911308373661,24.901286238546525,24.856539439596467,0.044746798950059126
4965.197118337687,23.422027214825675,24.894912404078106,24.850423413900856,0.044488990177248146
4966.3420818268405,23.63871361057045,24.888529386803814,24.84427832779471,0.044251059009102145
4967.48458229625,23.377167559893678,24.883135718580927,24.838133596547515,0.04500212203341414
4968.630073269539,23.64450263097388,24.89528287952501,24.831960115934294,0.06332276359071379
4969.773100088373,24.207629328057465,25.007092401432597,24.825787549317518,0.1813048521150815
4970.916389859025,23.477792501661042,25.22301631944728,24.819601431233927,0.4034148882133528
4972.0626721995595,23.37432295504027,25.20574890694737,24.813387105863832,0.3923618010835389
4973.206488683266,23.109228371439258,24.975705184262758,24.807174291551704,0.16853089271105406
4974.353299115532,23.127144391480897,24.860120477827863,24.80093359479148,0.059186883036381435
4975.49764255495,23.758100336703365,24.837718298579425,24.794695026514407,0.04302327206501626
4976.644981322238,24.634270150720344,24.830384126646813,24.78842906102838,0.04195506561843223
4977.789851960137,24.929817503176768,24.82385441151915,24.782165641543784,0.04168876997536408
4978.934985974021,24.654035295246562,24.817327979151937,24.775889921350092,0.041438057801842766
4980.083117385109,26.27257605787645,24.810774464594914,24.769586978553576,0.04118748604133931
4981.228778961691,26.279153057463645,24.804225250373555,24.76328709912558,0.04093815124797417
4982.377439316377,25.67127176933923,24.797649452182178,24.756960582797127,0.04068886938505133
4983.523628698703,26.304318485995967,24.791078773576736,24.750637939694844,0.04044083388189201
4984.672818240669,26.704244187731778,24.78448217270598,24.74428930552027,0.040192867185711294
4985.819535671901,27.347250961271357,24.77789126303345,24.737945106603675,0.039946156429776204
4986.966516903971,27.63833835154765,24.771290355180742,24.731590238468474,0.03970011671226849
4988.116500368353,28.08324190509302,24.764663707142184,24.725209537656006,0.03945416948617758
4989.264010014133,29.40991255145741,24.758043041133114,24.718833549026492,0.03920949210662066
4990.414523275352,30.382000444917367,24.751397129348007,24.71243220655699,0.03896492279101612
4991.562561578282,29.427334771210553,24.744758118729838,24.706036486538405,0.038721632191431044
4992.713604880415,31.88228917143897,24.738094828966663,24.699616363970833,0.03847846499583066
4993.8621720840465,31.5188075069525,24.731439186828347,24.6932026018021,0.03823658502624712
4995.013745671283,32.340165488946475,24.7247595682597,24.68676472471288,0.03799484354681933
4996.162842019281,33.78250885289095,24.71808798451895,24.680333587087453,0.03775439743149361
4997.312202715383,33.85642130032853,24.71140885030805,24.673894174423875,0.037514675884175085
4998.464571872064,34.31756510485139,24.70470642925128,24.667431314302476,0.03727511494880473
4999.614462078093,34.652282902532995,24.69801271977678,24.660975858903456,0.03703686087332562
5000.767362130698,35.007879521987206,24.691295975200852,24.65449719294361,0.03679878225724394
5001.917782090602,33.13416746027725,24.68458868628701,24.64802647239169,0.0365622138953199
5003.071213283713,30.189428838793223,24.677891972712395,24.641533192754,0.03635877995839399
5004.222163241547,28.09483833208083,24.673191774222303,24.63504852924018,0.038143244982123826
5005.373377973906,26.702153416297506,24.711056058829183,24.628557077897945,0.08249898093123625
5006.527606019796,26.604000102569902,25.05012952330716,24.62204308819034,0.4280864351168204
5007.679351116236,26.46062729008304,25.86161338040347,24.615537560639588,1.246075819763881
5008.83411091444,26.296262712140564,26.020796316660626,24.60900961941625,1.4117866972443776
5009.986386619301,26.05812752301358,25.214037849864294,24.602490605123776,0.6115472447405188
5011.141678414796,25.56761836090891,24.719246395727005,24.595949664817315,0.12329673090968903
5012.294484972527,25.36873504152277,24.62892082248749,24.589418177468655,0.0395026450188344
5013.447556731891,26.88568164798926,24.61722078565641,24.58288070810245,0.03434007755395924
5014.603646665571,26.11431569201091,24.6103280438779,24.576321659266668,0.03400638461123132
5015.757249644549,25.615146638676606,24.603550402987747,24.569772239346204,0.033778163641542125
5016.913872188313,25.868537104801362,24.596752311008842,24.563201296714006,0.03355101429483745
5018.068006631635,25.839397634585566,24.58996550065391,24.556640279441446,0.03332522121246324
5019.225162030857,25.619438498630874,24.5831577487027,24.55005804025695,0.033099708445751705
5020.379828183371,25.196837382583453,24.57636165004037,24.543486096152733,0.032875553887635446
5021.534759965315,25.48762796736719,24.569561152657215,24.53690892909232,0.032652223564894854
5022.692714790199,24.451973793152547,24.562740112643542,24.530310921345453,0.032429191298089924
5023.848178648668,23.485827262738216,24.555931035212385,24.523723512279613,0.03220752293277403
5025.006666942791,23.914414393985,24.549101433982475,24.517115269876363,0.03198616410611286
5026.162663122911,23.87745029047437,24.542283914823503,24.51051774228616,0.03176617253734112
5027.321685132041,23.698928353196834,24.53544626036032,24.503899758650487,0.03154650170983247
5028.478213879054,23.65692643610464,24.52862145910423,24.497293257956116,0.03132820114811183
5029.635008683987,23.485604001969477,24.52179359493073,24.490682844723143,0.031110750207589556
5030.794831408333,23.386192548145118,24.51494648826202,24.484052851980437,0.03089363628158168
5031.952159148083,23.294579461642797,24.508112674686377,24.47743477820047,0.03067789648590386
5033.11251620221,22.685382248281485,24.501259340711716,24.470796836502522,0.03046250420919498
5034.2703771223005,22.57215751936565,24.494419035930953,24.464170547716087,0.03024848821486623
5035.431268752372,23.123081045489926,24.48755914184867,24.457524311882956,0.03003482996571541
5036.58966309844,23.19463218197348,24.480712391839134,24.450889842024225,0.02982254981490947
5037.748323931605,22.748701628891922,24.473862426628724,24.444251285759087,0.029611140869636978
5038.910017568529,22.4441371679759,24.46699275992864,24.43759265544553,0.029400104483110288
5040.06921219619,22.59823963034842,24.46013602008807,24.430945571791803,0.029190448296265117
5041.231441024822,22.952888048184835,24.453259461910495,24.424278287707924,0.02898117420257184
5042.391169692899,22.47318208068964,24.446395869786507,24.417622588485386,0.02877328130111972
5043.553933959801,22.333339414946067,24.43951244511783,24.410946665365643,0.028565779752187014
5044.714196914326,22.181661301862277,24.432641802660797,24.404282142595328,0.028359660065468584
5045.874726785818,21.662073081279235,24.425767262486517,24.397612833024553,0.028154429461962102
5047.038294353292,21.62940477761879,24.418872225862,24.390922622280307,0.02794960358169232
5048.199358880346,20.98561265149272,24.411989454764694,24.3842432947921,0.027746159972593092
5049.363462502846,22.042202119321473,24.40508610560491,24.37754297594097,0.027543129663940034
5050.525061931778,21.933617274499397,24.398194987262862,24.370853505754866,0.02734148150799671
5051.689701856265,21.634618573218066,24.39128307677835,24.364142821819208,0.02714025495914387
5052.851836433502,22.301350086682305,24.384383111919192,24.357442701782773,0.026940410136418805
5054.014238358273,21.900476183328696,24.377478432371046,24.350736963694043,0.02674146867700231
5055.1796828791375,22.42751343379564,24.370552326962304,24.344009366186285,0.026542960776018514
5056.342620321923,22.332737924169127,24.363637598064646,24.337291764671086,0.02634583339355958
5057.508601762526,21.41708247325346,24.356701069568448,24.33055192236175,0.026149147206697167
5058.672074970041,21.42074920305527,24.349775587539728,24.323821747179196,0.025953840360531995
5059.8385935777405,22.235041638368102,24.342827839570102,24.317068857487882,0.02575898208222061
5061.00260279681,21.282171243901647,24.33589052861579,24.310325026941857,0.025565501673930718
5062.16687979467,21.324733939512956,24.328946659727595,24.303573724294164,0.025372935433431745
5063.334204296644,21.15512929999841,24.32197934025792,24.296798511935545,0.025180828322374116
5064.499017676366,21.404181940716512,24.315021627979167,24.29003153164186,0.0249900963373091
5065.666879964185,21.725936167526473,24.30804032138481,24.283240491184863,0.024799830199945198
5066.832229972878,21.534744838272562,24.301068499490416,24.27645756248467,0.02461093700574589
5068.000630294298,21.339030508503814,24.29407262933621,24.26965011321689,0.024422516119318637
5069.166517179189,21.501058728166413,24.28708574301,24.262850277293655,0.024235465716344957
5070.332672274824,20.909759148665785,24.280090947970848,24.256041611027374,0.02404933694347489
5071.501879790509,20.780522682735754,24.273071238001855,24.249207548316395,0.02386368968545911
5072.668572133244,21.016764095224406,24.26605963815388,24.242380229439675,0.023679408714205843
5073.838318302277,21.09867584467588,24.259022144456733,24.2355265293748,0.02349561508193275
5075.005548139621,21.24659923694901,24.2519917856047,24.228678600999494,0.023313184605207163
5076.17583321016,20.597825769082878,24.244934802010274,24.221803554969185,0.023131247041088855
5077.343600789736,20.862257136870884,24.237884668741653,24.21493399950069,0.022950669240961733
5078.511637012711,21.539246826009162,24.230824447829633,24.208053430495013,0.02277101733461853
5079.6827305796,21.456646908070528,24.223736991567364,24.201145125333554,0.022591866233808815
5080.851304916308,20.78347891797353,24.216655828155012,24.194241758820652,0.022414069334358414
5082.022938005448,21.044097779810727,24.209546942284764,24.1873101640863,0.02223677819846502
5083.192050703799,21.30095929423999,24.202443805541066,24.180382968298296,0.02206083724276953
5084.364223563747,20.92442475457438,24.195312041443394,24.173426634676666,0.021885406766728243
5085.533874871765,21.148803140451378,24.188185075704325,24.166473753497975,0.021711322206348655
5086.706587751194,21.37152677004247,24.18102829444828,24.159490541845898,0.021537752602380045
5087.876777917014,20.840201599517176,24.173875237198263,24.152509712787186,0.021365524411076284
5089.047237283545,20.640810033557504,24.16670843539714,24.145514212255925,0.02119422314121646
5090.220760336586,21.30181031175846,24.15951033364707,24.138486890549494,0.02102344309757636
5091.391758933192,20.84709379077788,24.15231476684109,24.131460769562338,0.02085399727875093
5092.565822627747,21.544463248205716,24.145086848041878,24.12440177146545,0.020685076576426712
5093.737360702851,21.92032406566921,24.137860375947792,24.117342890926256,0.020517485021536688
5094.911965287995,21.173636304427877,24.130600225659695,24.110249803416067,0.02035042224362567
5096.084043090135,22.05856056717653,24.12334040288591,24.10315571957125,0.02018468331465776
5097.256390527233,20.97899887954361,24.11606322147132,24.096043352628534,0.02001986884278813
5098.431806592882,21.51888281730328,24.108750838747223,24.088895250535174,0.019855588212049694
5099.604694129888,21.43852076024655,24.101437489208603,24.08174486612632,0.019692623082282288
5100.78065170916,21.02372720461165,24.09408758567161,24.074557390779315,0.01953019489229273
5101.954079594899,21.32830217191679,24.086735427566,24.067366351191993,0.019369076374009593
5103.130578937271,21.176660831194912,24.07934528897588,24.06013679130137,0.01920849767451023
5104.304547420681,21.343238317345143,24.071951819416885,24.052902596803023,0.01904922261386375
5105.478785973996,21.200968675715558,24.06453700370159,24.0456461368288,0.018890866872790776
5106.656098105875,21.072726376855712,24.057082739323548,24.038349684461227,0.018733054862318795
5107.830877630336,20.826460555850876,24.04962412705441,24.031047589979913,0.01857653707449728
5109.008732149355,20.823154983174962,24.04212504270083,24.02370447734027,0.018420565360562132
5110.184052894186,21.863823331595654,24.03462055558253,24.016354674233007,0.018265881349524938
5111.362450050224,21.587467212159936,24.027074194652588,24.00896244910587,0.01811174554671881
5112.5383122647645,21.37165941320507,24.019521283455852,24.001562392714813,0.017958890741038926
5113.714444984863,21.797809062176725,24.01194328098138,23.99413633336599,0.01780694761539192
5114.893656241519,21.758951182027776,24.004321423454165,23.986665867940577,0.017655555513588325
5116.070330805404,20.922700393460563,23.996691447262794,23.97918601324615,0.017505434016643437
5117.250085324127,20.857738076251962,23.989016410202538,23.97166054503306,0.01735586516947866
5118.427301981425,21.09630534063138,23.981332322419856,23.964124762641475,0.017207559778379188
5119.607600012497,21.337926024347897,23.973601903891364,23.956542095426165,0.01705980846519756
5120.785359012952,21.455990258750717,23.965861402611445,23.948948089320666,0.016913313290780524
5121.963388955315,21.653229328240062,23.95809192051524,23.941324200686275,0.016767719828967003
5123.144502400233,21.744504896992,23.950274302709108,23.933651620486216,0.01662268222289204
5124.323075060433,21.279984601666687,23.942445173024446,23.925966283545314,0.01647888947913044
5125.504732643755,21.639494851066956,23.934566469946347,23.918230816407224,0.016335653539122714
5126.683848271822,21.652903630177434,23.926674979743204,23.910481324998486,0.01619365474471708
5127.866050244232,21.888081270768,23.91873232620852,23.902680112692764,0.01605221351575495
5129.045709090308,22.14805136307723,23.91077568808856,23.89486368652402,0.0159120015645419
5130.225639315353,22.10288964945812,23.9027856722086,23.887012993002134,0.015772679206465422
5131.408658016955,22.286147341630112,23.894742440184675,23.879108524970615,0.0156339152140593
5132.589131835295,22.569893392510952,23.886683493431892,23.871187125002052,0.015496368429839301
5133.7726955530525,22.62523579718436,23.878569640400247,23.863210260078368,0.015359380321878198
5134.953713215121,21.815755288087075,23.870438830805032,23.85521522960709,0.015223601197942105
5136.137822200121,21.561287917077838,23.862251580963143,23.847163200076892,0.01508838088625165
5137.3193839564665,22.435810854600735,23.854046248435523,23.839091887235128,0.014954361200395635
5138.5012175295415,22.36016747955614,23.845802802252305,23.830981585239716,0.014821217012590331
5139.686144561201,21.894907797096725,23.837500885140166,23.822812253619006,0.014688631521159084
5140.868522604443,22.695163696549344,23.829179388404363,23.814622154521697,0.014557233882664845
5142.053995531425,22.556875976395077,23.82079791494479,23.80637152028984,0.014426394654951075
5143.236918295671,21.939647941852517,23.812395734373574,23.798098999765514,0.014296734608057962
5144.422937369469,22.16780862781161,23.80393210055984,23.789764468036207,0.014167632523635405
5145.60640510567,22.616612678316642,23.795446665974634,23.78140696514397,0.014039700830664009
5146.790145097069,23.385751279802207,23.786918647300947,23.77300601856004,0.013912628740909138
5147.976983537121,22.711908254204445,23.77832683150029,23.764540717856306,0.013786113643983296
5149.161268876973,22.662213033681383,23.769711416003485,23.756050660453184,0.013660755550299919
5150.34865409293,23.27433890300904,23.761030576415706,23.747494622806336,0.01353595360936919
5151.533485032477,23.72512603445989,23.752325119848877,23.738912820239047,0.013412299609828262
5152.72141727624,24.348585671047434,23.743553067836878,23.730263867064675,0.013289200772201146
5153.906794066839,23.987029302366636,23.734755607017917,23.721588366304687,0.013167240713228383
5155.092443551812,23.88320253851589,23.725911351208197,23.71286522847101,0.013046122737188325
5156.281196483548,24.156862455844475,23.716998489592978,23.704072931430606,0.012925558162370643
5157.467392196677,24.373554104783807,23.70805866146806,23.695252543019514,0.012806118448545612
5158.656692786326,24.38757488106035,23.699048538241673,23.686361307458434,0.012687230783239942
5159.843434979256,24.55732661002253,23.6900106654734,23.677441206889377,0.012569458584023625
5161.033283479123,24.81223787597196,23.680901410787026,23.668449173845215,0.012452236941813142
5162.220572403619,24.759606119690716,23.671763523596223,23.659427402310435,0.012336121285787026
5163.408134462373,24.569125285000837,23.66257462243174,23.650353793693014,0.01222082873872626
5164.598804974067,24.54057417257559,23.65331185278438,23.641205768524756,0.012106084259625538
5165.786914142098,24.825315703825254,23.644018715018,23.632026283615083,0.01199243140291557
5166.978133195133,24.914764474169488,23.634650483437287,23.62277115864671,0.011879324790578384
5168.166789724493,23.363858591479815,23.62525140692593,23.61348410679834,0.011767300127590247
5169.3585575715815,24.14686562659972,23.615776188033458,23.604120368275005,0.011655819758451029
5170.547761714442,24.216173649006805,23.606269372687095,23.594723961091148,0.01154541159594772
5171.737239432154,23.768315173522296,23.596707822944335,23.585272016661236,0.011435806283101138
5172.929830617058,23.724981571609536,23.58706785221564,23.57574111010665,0.01132674210898746
5174.11985632659,22.485190883450286,23.57739473250413,23.566175997092103,0.011218735412026611
5175.312996937688,23.285677923463485,23.567641797455508,23.556530529854797,0.011111267600711275
5176.503570891499,23.606813586614184,23.557855126348468,23.546850278980184,0.011004847368282092
5177.697261181911,23.204707809136607,23.547987667824867,23.53708870417167,0.010898963653198966
5178.8883836325795,23.28968085771703,23.53808598221536,23.527291864651563,0.010794117563797542
5180.082623855542,23.56947913288718,23.528102234522066,23.51741242901052,0.010689805511546057
5181.274295055759,22.34340978891464,23.51808322889597,23.50749670781505,0.010586521080921067
5182.466240398368,23.004093562143453,23.508004584039153,23.497520572213052,0.010484011826100245
5183.6613056671995,23.561956558279462,23.497841530344385,23.48745949765724,0.010382032687141912
5184.853800138463,23.386599670723403,23.487642182624718,23.477361116541502,0.010281066083217705
5186.049415973297,22.92858677015738,23.477357650628388,23.46717702377873,0.01018062684965572
5187.242459826199,22.858766561280845,23.467036674662307,23.456955484624793,0.010081190037515184
5188.438626480681,23.46751199991013,23.456629635859596,23.446647358109814,0.009982277749782976
5189.63221996832,24.210093076305384,23.446185693286495,23.4363013355536,0.009884357732894792
5190.826088040572,24.18028119718611,23.43567978185804,23.42589259155523,0.009787190302808363
5192.023081071806,24.33273152986999,23.42508635956284,23.41539581661414,0.009690542948699761
5193.2174991585125,24.287509404513457,23.414455585348026,23.404860712763302,0.00959487258472366
5194.415043643868,23.51191725351282,23.40373616264007,23.39423644342634,0.009499719213729583
5195.610011998421,22.96257231235336,23.392978795258543,23.383573262651986,0.009405532606556227
5196.808108191954,23.054429672402648,23.382131937855345,23.372820078035264,0.00931185982007919
5198.003627067862,22.903211213842724,23.37124688774936,23.362027744202038,0.00921914354732266
5199.199420971316,23.183343066867337,23.360297515142634,23.351170358635926,0.009127156506708603
5200.398344874629,23.598668508451286,23.34925708069727,23.3402214023275,0.00903567836976852
5201.594689679768,23.513805776956588,23.338177777553874,23.329232636213018,0.008945141340854815
5202.794165926756,23.073869118866245,23.327006378458023,23.318151268624245,0.008855109833777278
5203.991061887379,22.262510592714307,23.315795793277122,23.3070297841362,0.008766009140920666
5205.191090732505,22.996216396903037,23.30449226885655,23.29581485834695,0.008677410509598393
5206.388538102529,22.75106556644323,23.293149370796478,23.284559638409135,0.00858973238734319
5207.586260943749,21.85940145507607,23.2817399653682,23.273237205845685,0.008502759522513727
5208.787118833836,21.804148354710154,23.270236334368747,23.261820050978336,0.008416283390411198
5209.9853934654,21.891512920113318,23.25869308047782,23.250362368175843,0.008330712301976797
5211.186804590148,21.967692121002873,23.247055005574964,23.23880937127194,0.008245634303022492
5212.385631266267,22.32143042288203,23.235377353222393,23.227215902193365,0.0081614510290293
5213.587595880551,21.62797328210161,23.223604118643955,23.215526361510697,0.008077757133256366
5214.786974855551,21.67073165921022,23.2117910182352,23.203796070591125,0.007994947644074454
5215.9866297461085,22.758469944173385,23.199909865643114,23.191997046686716,0.007912818956399673
5217.189424742688,21.444123292243148,23.187931940110865,23.180100766149682,0.007831173961181576
5218.389632313685,21.702675022021598,23.175914264393857,23.168163866485113,0.007750397908743757
5219.592981437349,22.20725486575111,23.16379950779186,23.15612940611169,0.007670101680171631
5220.793741943405,22.33959071647064,23.151645331565113,23.14405466747443,0.007590664090683849
5221.997645449441,23.167835636530754,23.139393418673755,23.13188171627526,0.0075117023984975825
5223.198959145292,24.390458884872942,23.12710195046779,23.11966836141485,0.007433589052939669
5224.40054920178,23.64718176019869,23.114741868809666,23.107385737106164,0.007356131703501539
5225.605284429604,23.59069415911154,23.102283486464728,23.095004342203424,0.00727914426130538
5226.80742805806,24.01532300825852,23.089786215668436,23.082583225907708,0.007202989760726976
5228.0127183068325,23.72168256542682,23.077190492483926,23.070063191375894,0.0071273011080305254
5229.21541576229,23.696950525445573,23.06455624708335,23.057503811937906,0.007052435145444351
5230.421261287708,24.205438745926585,23.051823106226436,23.044845075303442,0.0069780309229958565
5231.624512825313,23.3982854020187,23.039051675798717,23.032147236638213,0.006904439160503904
5232.828041169353,24.04151018313246,23.026211668741944,23.019380190378364,0.006831478363578995
5234.0347197582105,23.782228259310386,23.013272163305203,23.006513190242448,0.006758973062754519
5235.238802567188,22.972098980685132,23.000294799924912,22.993607534996162,0.006687264928750965
5236.446037072299,23.337217015276565,22.987217661289453,22.980601653215757,0.00661600807369645
5237.650674601657,24.352646390441123,22.974103081873178,22.96755754365263,0.006545538220548002
5238.858465279131,23.202128490608402,22.960888605274647,22.954413089884717,0.006475515389930555
5240.063657784427,23.126072739790974,22.94763731738213,22.94123104795515,0.006406269426981722
5241.269127542674,22.79428097147843,22.934317993899455,22.92798036460892,0.006337629290533278
5242.4777526274065,22.953014124854235,22.920898744895748,22.914629315169314,0.006269429726433685
5243.683777745001,22.961821105531502,22.90744364417404,22.901241652276383,0.0062019918976567445
5244.892959642736,22.674479242975394,22.89388866384274,22.887753673545163,0.006134990297578145
5246.09954037553,23.621089142826804,22.88029853819781,22.87422979781168,0.006068740386130074
5247.309279342792,23.075045834447337,22.86660857505378,22.860605652724693,0.006002922329087954
5248.516415946758,22.59303634113826,22.85288413344719,22.846946287494,0.005937845953190807
5249.723830250912,22.653243203972806,22.83909286644993,22.83321951618488,0.005873350265051377
5250.9344049714155,22.885192756507195,22.82520180037681,22.819392520556576,0.005809279820235582
5252.142375530767,23.092686061774657,22.811277277332234,22.805531341202474,0.0057459361297598705
5253.35350796247,23.479439378155124,22.79725303040228,22.791570017160282,0.0056830132420004785
5254.5620350332865,23.323138453859883,22.783196075096615,22.77757526788764,0.005620807208975486
5255.773725433127,22.96537751824758,22.7690395964869,22.763480578971368,0.005559017515528778
5256.982809271792,23.16501467105286,22.754851279997514,22.749353345173354,0.0054979348241585265
5258.1921712586045,23.368846499713072,22.740597777281966,22.735160369498907,0.005437407783060499
5259.40469875984,22.95066857348388,22.726245133081242,22.72086784272912,0.005377290352122851
5260.614617899147,22.60790813493327,22.711861951131855,22.706544085889227,0.005317865242627111
5261.827704011228,22.94203232162977,22.697379863405065,22.692121018171594,0.005258845233469056
5263.038180559709,23.915622628733445,22.682868227140524,22.67766771932117,0.005200507819352769
5264.251825539986,23.75548424581325,22.668258188719033,22.66311561773822,0.00514257098081083
5265.462859754439,23.310233981427018,22.653619727667355,22.648534420602527,0.00508530706482745
5266.674172565722,24.13152367189173,22.63891851891998,22.633889944964096,0.005028573955884175
5267.888655997725,25.049487901815837,22.624119609914835,22.619147375300244,0.004972234614590035
5269.100526860246,23.44079687898307,22.609293827700252,22.6043772739023,0.00491655379795207
5270.315569804191,23.719318627875513,22.59437082031363,22.589509558117804,0.0048612621958274375
5271.527998975043,24.146434864645926,22.579422001021634,22.57461538143304,0.0048066195885929815
5272.743601688696,24.055570358368186,22.564376365698443,22.559624004063583,0.004752361634860396
5273.956589425093,24.277948590417054,22.549306220315128,22.54460747710875,0.004698743206376035
5275.17275216634,24.59940469843582,22.53414013624973,22.529494631385305,0.004645504864425083
5276.386298725612,23.974647522792342,22.518950581456338,22.514357684816495,0.004592896639841854
5277.600124459674,23.642020496545,22.503701963153933,22.49916117545264,0.0045407877012907825
5278.8171273920525,23.658084765504782,22.48835818910704,22.483869137112567,0.004489051994473285
5280.031512335056,23.72665996727096,22.472992819880318,22.46855488746235,0.004437932417968509
5281.249075940109,23.685057292965215,22.457532997653036,22.45314581615358,0.004387181499457618
5282.464020349679,23.53862974784261,22.442052808543774,22.43771577107926,0.004337037464512233
5283.682144885707,23.327855822573387,22.426478818693386,22.42219156117914,0.004287257514246487
5284.897649019592,22.92261388794441,22.410885724725276,22.406647649457454,0.004238075267819511
5286.113432778605,22.670518334278313,22.39523707296086,22.391047704745695,0.0041893682151660115
5287.332398861078,23.051424845115207,22.379495841302933,22.37535482290843,0.004141018394502803
5288.548742731093,23.000077494903508,22.363737523898088,22.35964427125596,0.004093252642126996
5289.768270390664,21.004719833400486,22.3478874226591,22.343841583102154,0.004045839556943276
5290.985174629722,22.167162484880922,22.332021468490346,22.32802246695664,0.003999001533708142
5292.2052641251075,22.393724886395603,22.316064644868053,22.31211213324891,0.0039525116191447855
5293.4227289913715,22.096622588349877,22.300093765652104,22.296187177820343,0.00390658783176212
5294.640473933829,21.799121047517705,22.284071358422757,22.280210242832194,0.0038611155905625676
5295.861406333161,21.485963673602672,22.26795947695845,22.26414349232028,0.0038159846381693842
5297.079712290135,21.599862124720634,22.25183542289903,22.248064016346238,0.003771406552793171
5298.301207172444,21.735456269365045,22.235622811191917,22.23189564597172,0.003727165220196968
5299.520074402396,22.08617661097037,22.219399433813475,22.215715965809725,0.0036834680037505954
5300.742132026818,22.865837361156537,22.20308847185929,22.199448368843623,0.003640103015667115
5301.961560788324,23.229211335154563,22.18676828606921,22.1831710126009,0.0035972734683072235
5303.181270077815,22.632317103449168,22.1704007564257,22.16684588410156,0.003554872324142893
5304.4041719658735,22.398607730737698,22.153947226860844,22.150434430211565,0.00351279664927948
5305.6244431748555,24.054997760161314,22.137486619109342,22.134015375558675,0.003471243550668482
5306.847908453235,23.713679323517002,22.120941024863885,22.117511013431766,0.003430011432118553
5308.068741840584,23.667543142307295,22.104390027696237,22.101000734289094,0.003389293407141224
5309.292770768837,24.014792435608115,22.08775517217986,22.084406280290445,0.003348891889416202
5310.514166593549,23.943966239973637,22.071116171331315,22.067807175270076,0.0033089960612399587
5311.735843398766,24.491096959626702,22.05443419604316,22.05116468999259,0.003269506050570437
5312.960717952538,23.363858591479815,22.037670001211104,22.034439675336913,0.0032303258741908326
5314.18295758368,24.308514302955473,22.020904109668926,22.017712470733464,0.0031916389354633965
5315.408396436579,24.1176657446465,22.004057183772478,22.000903926367663,0.003153257404815477
5316.631199152939,23.075542261333112,21.987210157913072,21.984094797005277,0.0031153609077964003
5317.857202564937,23.11339152812684,21.970283356017774,21.967205590604376,0.0030777654133981006
5319.080568625929,23.037417201825065,21.953358137758535,21.950317490928676,0.0030406468298578467
5320.304216120675,22.67163201152471,21.936394898381746,21.9333909863006,0.003003912081145087
5321.531066522273,21.574318466180102,21.91935358964628,21.916386117875412,0.0029674717708684066
5322.755277750841,21.85018078532733,21.902316068198086,21.89938457185233,0.0029314963457543787
5323.982693361837,22.46495557801109,21.88520172255207,21.88230591154166,0.0028958110104092844
5325.207468583937,21.928410045393324,21.868092743697716,21.865232161054514,0.002860582643200514
5326.435449664724,21.773699525750658,21.85090832995015,21.84808268990847,0.0028256400416824994
5327.660789140187,21.878596627992696,21.83373109911791,21.830939952543375,0.002791146574535749
5328.886410503388,21.790462469586718,21.816520759577294,21.813763743975734,0.002757015601558359
5330.115239940055,21.408760099774216,21.79923672604557,21.796513562086567,0.00272316395900498
5331.341425946437,21.097927264451304,21.781962009738063,21.779272259876187,0.0026897498618765224
5332.570821504243,21.50011446644453,21.76461499556187,21.761958384724984,0.002656610836887986
5333.797572413936,22.485306453730573,21.747278934147666,21.744655032414038,0.0026239017336264006
5335.027534353693,21.41233883856717,21.72987173625917,21.727280272786988,0.002591463472181134
5336.254850426949,20.917478718069447,21.712477236095683,21.709917788502203,0.0025594475934819813
5337.482448842654,21.023229464427235,21.695054758020635,21.692526984477695,0.0025277735429388186
5338.713260506777,21.040823726302165,21.67756326427175,21.675066900226195,0.0024963640455551305
5339.941424476491,21.040911717311022,21.660086900311793,21.657621534525422,0.0024653657863724244
5341.172803174964,21.495053013487453,21.642542927212897,21.640108299289217,0.0024346279236810114
5342.401532959237,20.88397121657829,21.625015478001274,21.62261118402801,0.002404293973263492
5343.633478953292,20.45590283829415,21.60742181536409,21.605047599070538,0.0023742162935528463
5344.862774812794,20.812213892208323,21.589846474788406,21.58750193950256,0.002344535285848335
5346.092353470192,21.246616309831328,21.572248151512202,21.56993297537071,0.0023151761414926153
5347.325150559306,20.993129972905876,21.55458557604183,21.552299508900692,0.002286067141140182
5348.555295683009,20.585960115873945,21.53694366427004,21.534686320152446,0.002257344117595676
5349.788660721158,21.2767893460765,21.519238909534643,21.517010042341948,0.0022288671926937306
5351.019372572136,21.359189642621917,21.501556293375625,21.4993555241565,0.0022007692191276618
5352.253305820972,21.392798268108322,21.48381224258739,21.481639329255167,0.0021729133322240333
5353.4845846603175,21.604789621216472,21.466092272401507,21.463946842944203,0.0021454294573048744
5354.71614675374,21.587475091951777,21.44835472152685,21.44623647332387,0.0021182482029790312
5355.950932470539,21.300717647290302,21.43055776735802,21.42846646427435,0.0020913030836716335
5357.183061944034,21.41510201890492,21.412787118589982,21.410722398857054,0.0020647197329275993
5358.418416526027,21.372488104646663,21.39495852376861,21.392920155177237,0.002038368591373792
5359.651113640987,21.740159191793513,21.377157378103895,21.375145005609475,0.0020123724944192856
5360.8870373502505,21.38690681041101,21.35929961631883,21.35731301160253,0.001986604716299805
5362.120302368187,20.18847846290646,21.341471032348288,21.339509847003335,0.001961185344954259
5363.35385109712,20.718506094375815,21.32362968219994,21.32169363211096,0.0019360500889804648
5364.590628649463,20.856915951303563,21.305733355300312,21.30382221791407,0.0019111373862405856
5365.824745673711,20.63643543578894,21.287867986506363,21.285981423207627,0.0018865632987374859
5367.062093008885,20.73342516692185,21.269949257439528,21.268087049474516,0.0018622079650114137
5368.296778590261,20.83733204198961,21.252063299640323,21.250225114816708,0.001838184823613986
5369.534695970767,20.533773567831535,21.234125550341666,21.232311173667945,0.0018143766737200755
5370.769950371204,20.26352428707003,21.21622221099567,21.214431316616672,0.0017908943789992746
5372.00843805966,19.898217137474493,21.19826827908576,21.196500655734646,0.0017676233511140472
5373.244261541215,20.396613971208694,21.18034982870144,21.178605156774623,0.0017446719268179934
5374.4803693223375,20.505503501315165,21.162424970053696,21.16070298812901,0.0017219819246871704
5375.719712625209,19.777069277865852,21.1444516438031,21.142752146127172,0.0016994976759280027
5376.956389880599,19.039596933178704,21.12651620467384,21.124838880856853,0.0016773238169880897
5378.196304148342,19.181984771685848,21.108533876335517,21.106878524253116,0.001655352082402422
5379.433551140359,19.472742524003593,21.090590726236826,21.08895704153787,0.0016336846989537463
5380.674036636017,19.668665668256043,21.07260157701678,21.07098936116708,0.0016122158497020665
5381.911853627135,19.513257787035744,21.054652971518653,21.053061926121032,0.0015910453976219414
5383.149955376428,19.361121332726725,21.036702799287426,21.035132679707157,0.0015701195802672774
5384.391297866694,19.349608956851856,21.01870882468029,21.017159437692815,0.0015493869874733555
5385.629970008875,19.018724677899286,21.000757371366397,20.99922842734388,0.0015289440225180967
5386.871884385038,19.502957585805238,20.982763401613987,20.98125471082365,0.0015086907903382157
5388.111127182888,19.78040899630639,20.96481322463349,20.96332450319111,0.001488721442379967
5389.353613708415,19.466190477090553,20.94682170747188,20.94535276909668,0.0014689383751998464
5390.593427424834,19.29215870786186,20.92887515699699,20.92742572346483,0.0014494335321616188
5391.833526358768,19.60296659051062,20.910931417879812,20.90950126058823,0.0014301572915827805
5393.076871261324,19.33081827991623,20.89294821875936,20.891537156528514,0.0014110622308482145
5394.3175415082505,18.50880496190109,20.875011686575803,20.873619449512624,0.0013922370631794133
5395.561459219214,19.473349267975095,20.85703670335485,20.855663113631188,0.0013735897236638861
5396.802701042334,19.456246179791382,20.839109457374395,20.83775425055023,0.0013552068241655052
5398.047191825597,19.045776003278093,20.82114506802663,20.819808069585086,0.0013369984415431931
5399.289005488236,19.596486775022754,20.803229880304915,20.801910831176958,0.001319049127957717
5400.531104828478,19.09091145092441,20.7853220674264,20.784020754290026,0.001301313136374346
5401.77645537342,18.995332202530452,20.767379859958485,20.76609611318576,0.0012837467727234147
5403.0191269482375,19.826463753000443,20.749489511014776,20.748223079437185,0.001266431577592488
5404.265051225585,19.7632271102043,20.731566320608003,20.73031703780737,0.0012492828006327185
5405.508295298609,19.535139968969023,20.713696202062682,20.712463822038437,0.0012323800242455185
5406.75479357268,20.041659554789252,20.69579427646184,20.69457863596481,0.0012156404970292618
5407.998610407658,19.684992596943744,20.67794626001147,20.676747118128688,0.001199141882783355
5409.242713381065,19.963197840864044,20.660110201055268,20.65892735900018,0.0011828420550872082
5410.490072803698,20.503844805133326,20.642244641702476,20.641077940901038,0.001166700801436299
5411.734748934755,20.447208801299897,20.62443492343039,20.623284130448628,0.0011507929817609693
5412.982683015282,20.132966642708542,20.606595917977387,20.605460877308197,0.0011350406691909153
5414.227932568043,20.204734473467628,20.588813191643286,20.587693674741857,0.0011195169014309378
5415.476441571211,20.316007640604997,20.57100242915736,20.56989828354267,0.0011041456146912156
5416.72226480985,20.060953225103848,20.553248870641838,20.552159872579843,0.0010889980619942263
5417.968374648488,20.13728082873968,20.535510675011455,20.53443663951595,0.0010740354955065356
5419.217746189337,20.394563912032254,20.517746130848984,20.516686909899757,0.001059220949226805
5420.464430110187,20.597012837224955,20.500040328654077,20.49899570558477,0.0010446230693090003
5421.714377235913,20.681532797774707,20.48230921772779,20.481279047442275,0.001030170285513209
5422.961635503454,20.661751893664817,20.464637676215627,20.46362174666499,0.0010159295506355442
5424.2121584792285,20.59797942502371,20.446941798976688,20.445939967948178,0.0010018310285114906
5425.459991358062,20.410257830775667,20.42930636690938,20.42831842689526,0.0009879400141207819
5426.70811129921,19.84486963343466,20.411689730427963,20.410715509519896,0.0009742209080672826
5427.959498204028,19.58255004985915,20.3940503633321,20.393089723564543,0.0009606397675546648
5429.208193153441,20.106745322069973,20.376472745169117,20.375525485701925,0.0009472594671927457
5430.460156571613,20.398083552386428,20.358873441766615,20.35793942741622,0.0009340143503953482
5431.7094267941975,19.678889698165452,20.341336662092804,20.340415696372474,0.0009209657203305526
5432.961966991323,19.706836693216474,20.323779153484423,20.322871103952195,0.0009080495322267674
5434.211812752105,19.574658438333703,20.30628504450531,20.30538971895391,0.0008953255513958297
5435.461946038264,19.230780382640773,20.288813092352637,20.287930331244205,0.0008827611084329339
5436.715351558039,19.108882629508912,20.271322055336917,20.270451730264902,0.0008703250720158644
5437.966060780009,18.82106797944255,20.253895512943817,20.2530374379805,0.0008580749633183619
5439.220043743113,19.196905157530527,20.236450810445966,20.235604859826108,0.0008459506198570535
5440.471329166229,19.25513419261381,20.21907153865122,20.218237530544727,0.0008340081064945878
5441.725889838689,18.852438744047053,20.2016751875969,20.20085299884,0.0008221887569027226
5442.9777517284065,18.855907165754275,20.184344929168667,20.183534381957354,0.0008105472113111239
5444.229901607307,19.190908635942037,20.167039713454912,20.166240659931564,0.000799053523349291
5445.485328998271,18.39756988042427,20.149718777647106,20.14893109847434,0.0007876791727674313
5446.7380557420265,18.716139358033164,20.132464758194455,20.13168828147257,0.0007764767218865988
5447.994061507794,18.69485735357819,20.11519555053038,20.1144301594247,0.000765391105680571
5449.247365382166,18.503378411922203,20.09799389460394,20.097239421065254,0.0007544735386861174
5450.503949789195,18.484385486996075,20.080778142578044,20.080034472235234,0.0007436703428121416
5451.757831060068,18.66886586020155,20.063630648026088,20.06289761661145,0.000733031414637958
5453.01200078468,18.78034652852398,20.046510662619685,20.045788133284578,0.0007225293351054769
5454.269453308318,17.829960895083676,20.029377693411895,20.0286655554062,0.0007121380056962633
5455.524200828328,18.627625656320337,20.012313681611236,20.011611776209637,0.0007019054015975334
5456.782232659746,18.829830307966066,19.995237702508412,19.9945459213275,0.0006917811809128089
5458.0375582413435,18.387134409433887,19.97823147164636,19.977549659573196,0.0006818120731655761
5459.296169647431,18.5492558732999,19.961214120993418,19.960542171972982,0.0006719490204378432
5460.552073556928,18.480940704664366,19.94426697821118,19.943604740676555,0.0006622375346247723
5461.808266385469,18.576198194891617,19.927349812116802,19.92669715957759,0.0006526525392113651
5463.067747308528,18.59822089977934,19.910422671300978,19.909779501122145,0.0006431701788323169
5464.32451886451,18.714480661851326,19.893566384244856,19.89293255005375,0.000633834191104489
5465.584580029831,18.498167242920207,19.876700817476394,19.87607621887178,0.0006245986046129646
5466.841930579873,17.973861653623658,19.859906704896314,19.859291198889075,0.0006155060072379005
5468.102572254776,18.34568407777033,19.84310423983456,19.842497728219904,0.0006065116146570949
5469.3605020656205,18.85932174221728,19.826373662535843,19.825776005644524,0.0005976568913189578
5470.621724517545,18.575219787405103,19.809635253166185,19.80904635495279,0.0005888982133945418
5471.880233856057,18.444570212138842,19.792969028350637,19.792388752402914,0.0005802759477234246
5473.139032712988,18.336355717533138,19.776335410696387,19.775763642921063,0.0005717677753226049
5474.401126485735,18.032030276969525,19.759695062226307,19.75913170974697,0.0005633524793351122
5475.660505270703,18.476461043004637,19.743127469092098,19.74257240026391,0.0005550688281869946
5476.9231804894525,18.302146914568425,19.726553836672814,19.72600696068745,0.0005468759853649128
5478.18313946963,18.157110152705172,19.71005341683888,19.709514605154727,0.0005388116841527258
5479.446396402254,18.436342396161653,19.69354763058398,19.693016794424828,0.000530836159150382
5480.706935844936,18.679741286236208,19.6771152304358,19.676592244303123,0.0005229861326761518
5481.967765273061,18.50092385676476,19.66071713602992,19.660201894784542,0.0005152412453773846
5483.231894932036,18.32810688877771,19.64431462042412,19.643807038270108,0.000507582154009813
5484.49330522368,18.03122128500752,19.6279860010749,19.62748595696555,0.0005000441093491047
5485.758017266591,17.963744000904057,19.611653350581005,19.611160760664042,0.0004925899169625942
5487.020008689358,18.220312649736687,19.595394759527814,19.594909505652716,0.00048525387509725085
5488.285303384507,18.46773154694711,19.579133067479074,19.578655067702428,0.0004779997766466163
5489.547876206125,18.373096560275034,19.562945739144965,19.562474878155037,0.0004708609899269302
5490.81073948096,18.244621807555976,19.546794146634152,19.546330327670017,0.0004638189641344541
5492.076908310258,18.973241206113475,19.530640183172977,19.53018332708893,0.0004568560840464217
5493.340353385606,18.61733070828439,19.51456107927734,19.514111074912314,0.00045000436502463963
5494.607105538283,18.327707645991268,19.498480442901695,19.498037212933408,0.00044322996828706073
5495.871132682178,18.52521988159765,19.48247519842485,19.48203863439101,0.0004365640338407131
5497.138468426971,18.68684623187653,19.466468940644095,19.46603896701228,0.0004299736318156089
5498.403077907572,18.727031856950134,19.450537847821607,19.450114358773654,0.00042348904795206976
5499.667978309922,18.53853541650472,19.43464383999088,19.434226746592483,0.00041709339839868345
5500.9361895989305,18.977213934498312,19.418749173321153,19.418338402661533,0.00041077065962102135
5502.201672740297,18.58276074819378,19.402929715044987,19.40252516516992,0.00040454987506907697
5503.470468293645,18.184015701934985,19.38711034945803,19.38671194916433,0.0003984002937006749
5504.736534442494,19.008251121248353,19.371366666928694,19.370974316773108,0.00039235015558680936
5506.005914529353,19.420608507906767,19.35562371203115,19.35523734248582,0.0003863695453297375
5507.272563954277,18.645952738836176,19.339956674386247,19.339576188466978,0.0003804859192679835
5508.539504770236,18.976419388821345,19.324328275693706,19.323953591765694,0.0003746839280110476
5509.809761813653,18.56747395202865,19.308701557736363,19.308332608724108,0.00036894901225376114
5511.077286308646,18.170916861303457,19.293150962619755,19.29278765513061,0.0003633074891465015
5512.34812855888,19.055561391441874,19.277602261513405,19.277244530068202,0.0003577314452021962
5513.616237001806,19.337572574819774,19.262129498438348,19.261777251977136,0.0003522464612108402
5514.887664728463,19.889051626268614,19.246658840091076,19.246312014700095,0.00034682539098068293
5516.156357388349,18.358658155031097,19.231263989111763,19.230922496014546,0.0003414930972161449
5517.425341909313,19.296555631707296,19.21590813716658,19.215571901525365,0.00033623564121485714
5518.697648007147,21.47754411602409,19.20055499534635,19.200223955537425,0.00033103980892832275
5519.967217148679,20.917487911159924,19.18527794372037,19.184952014300592,0.00032592941977609033
5521.24010939733,19.17935292121206,19.17000430566333,19.169683426498764,0.00032087916456650234
5522.510263428764,19.479348416160864,19.15480684670544,19.15449093451678,0.0003159121886624076
5523.7837420982705,20.58951258869411,19.139612992037485,19.139301988150976,0.0003110038865075557
5525.054481289064,20.3922249271551,19.12449507232947,19.12418889558309,0.00030617674637986543
5526.325512811738,20.568350094415337,19.109416888406436,19.109115470281616,0.00030141812482045407
5527.599871269326,21.34771535240759,19.0943426653081,19.09404594926594,0.00029671604216117867
5528.87148835562,18.793099971613287,19.07934428392275,19.07905219189029,0.0002920920324608645
5530.1464339095455,20.190910691987032,19.064350117134257,19.06406259396057,0.00028752317368610486
5531.4186368292285,19.2502408418826,19.04943152896979,19.04914849858612,0.0002830303836685504
5532.694169749966,19.289729105378573,19.03451743343393,19.03423884204912,0.0002785913848101449
5533.966958772931,19.907982826158673,19.019679028854856,19.019404802360405,0.00027422649445204937
5535.2400405993385,19.217762966524905,19.00488092622797,19.0046110019711,0.0002699242568705796
5536.516454727345,19.882577063975308,18.99008802703412,18.989822353210513,0.00026567382360673296
5537.790123061946,18.479379192581863,18.975370719403806,18.975109224763436,0.000261494640369034
5539.067125233337,17.923659499825707,18.96065863525842,18.960401269287953,0.00025736597046757236
5540.341380346335,18.516093769350963,18.946021805987755,18.94576849929078,0.0002533066969761776
5541.618970832021,18.494543851973507,18.931390391267293,18.93114109459462,0.00024929667267277537
5542.893812993747,17.87002963657835,18.916834128981055,18.91658877474849,0.0002453542325658204
5544.168948431236,19.078345809540565,18.902318240226162,18.90207677121746,0.00024146900870426822
5545.447421545668,17.588153722960328,18.887808386078753,18.887570754890767,0.00023763118798447063
5546.723144437449,17.715295477560176,18.873373848107885,18.873139989797643,0.0002338583102421927
5548.002206543839,18.377794229508936,18.858945774195938,18.85871564255909,0.00023013163684588333
5549.278517160551,18.292303741264504,18.844592713363,18.844366245168413,0.00022646819458609663
5550.558168530247,17.76629086373646,18.830245825981848,18.83002297619851,0.00022284978333958773
5551.835067142655,17.531504586140503,18.815973487466934,18.815754194536616,0.00021929293031943951
5553.112259503911,17.681770903186703,18.80174175134993,18.801525963087386,0.00021578826254309245
5554.392794926124,18.31581047361499,18.787517082952604,18.787304756039262,0.00021232691334244352
5555.670575689296,17.84001682276721,18.77336720180413,18.773158277118693,0.00020892468543726593
5556.951701053571,17.537855698361685,18.759224362458514,18.759018797793797,0.00020556466471748945
5558.230070489734,18.207363525150072,18.745155678588045,18.744953416401373,0.0002022621866733501
5559.5117860678565,17.106930895536383,18.731094013263096,18.730895012434566,0.00019900082853056505
5560.790744448214,17.457069445844358,18.71710651137446,18.71691071590348,0.00019579547098017675
5562.069997051265,17.502717079960124,18.703159819415145,18.702967181765164,0.00019263764998025552
5563.352598107972,17.353963682946755,18.689220819323232,18.6890312999603,0.0001895193629343565
5564.632440062091,17.47933642427904,18.675355764301116,18.67516930946984,0.00018645483127699634
5565.915632012497,17.730150198472874,18.66149828360169,18.661314854796828,0.00018342880486390097
5567.196063589197,17.55218247322125,18.647714363125058,18.647533908044892,0.00018045508016471324
5568.479846705526,17.16731111379136,18.633938384028344,18.633760865173574,0.00017751885476947288
5569.760868176447,17.68180767554861,18.620236024322008,18.62006139081037,0.00017463351163889387
5571.045242731049,17.73747315168737,18.606541886528785,18.606370101844522,0.00017178468426402746
5572.326854367954,17.596749262556614,18.59292114925895,18.592752163905665,0.00016898535328521022
5573.608760837932,17.99410877875062,18.579341187061516,18.57917495895433,0.00016622810718685117
5574.894022708084,17.85347156733008,18.56576972264319,18.56560621669994,0.00016350594324736535
5576.176519751765,17.707447204889835,18.55227128077984,18.552110449520583,0.00016083125925944673
5577.46237374145,17.328434470691267,18.538781369412842,18.538623178684627,0.00015819072821406067
5578.745461630911,17.080747660558362,18.525364217609372,18.52520862123696,0.00015559637241169957
5580.03190801292,17.100837189848562,18.511955829950484,18.511802794689057,0.00015303526142588613
5581.315587020364,17.172859800543737,18.498620117166933,18.498469598114575,0.0001505190523566627
5582.599561336476,17.281688918912778,18.48532504535087,18.485177004281432,0.0001480410694381906
5583.886896465365,18.151674409635802,18.47203869520278,18.47189310019437,0.00014559500840843326
5585.171462307835,17.2501067132273,18.458824150284183,18.45868095828665,0.00014319199753350513
5586.459390511408,16.916238619765526,18.445618299664222,18.44547747961268,0.00014082005153990223
5587.744548152753,17.270012380707954,18.43248405525867,18.432345565300515,0.00013848995815263833
5589.033069704238,17.12476943095828,18.419358607926256,18.419222417833794,0.00013619009246122068
5590.3188194171,17.403405436832372,18.40630428527528,18.40617035436418,0.00013393091110222924
5591.604864914993,17.332157672334578,18.393289847082244,18.39315814067454,0.00013170640770257116
5592.894276646998,17.70632433455296,18.380284301796287,18.380154790883203,0.00012951091308499054
5594.180914625443,17.44783695640786,18.367349347330617,18.367221992925952,0.00012735440466319134
5595.470920388821,16.95141795042491,18.35442313429626,18.354297908180428,0.00012522611583180938
5596.758151120772,17.0833414253716,18.34156722957859,18.341444093863043,0.00012313571554893244
5598.048751189193,17.162772353692844,18.328720368914443,18.328599296150188,0.00012107276425566
5599.336574947733,17.72229929920525,18.315943741434445,18.31582469480332,0.00011904663112387285
5600.624694968436,17.558453474225416,18.303206660705463,18.303089608787413,0.00011705191804984934
5601.9161866533295,17.365963292616925,18.290478766961144,18.290363683428538,0.00011508353260743443
5603.204900110314,16.851441778185517,18.27782054800956,18.277707397599315,0.00011315041024631855
5604.496986784815,16.009011919518912,18.265171500262188,18.265060257372305,0.00011124288988360221
5605.786293951479,16.48310090873247,18.252591860700427,18.252482491072502,0.0001093696279251333
5607.078975889697,16.3257480322269,18.240021594289484,18.23991407302975,0.00010752125973279113
5608.368877039562,18.045322172501074,18.227520587473208,18.2274148813026,0.00010570617060819689
5609.659074929491,17.626802788625586,18.21505893202254,18.214955012508042,0.00010391951449610903
5610.952649922449,16.653450188575675,18.202607070634468,18.202504913912364,0.00010215672210510156
5612.243442205935,17.744167034853493,18.19022419662764,18.190123770840955,0.00010042578668513442
5613.53761314828,17.013806202299865,18.17785075349732,18.17775203544852,9.871804880188163e-05
5614.829000099158,17.562733514491928,18.165545370034767,18.165448328785185,9.70412495834913e-05
5616.123767265442,17.445210359128627,18.153249219614235,18.153153832616262,9.53869979726027e-05
5617.415749157677,17.367285784347022,18.141020833535755,18.14092707074552,9.376279023619385e-05
5618.7080282686475,17.298723715567235,18.128830828224636,18.128738663943906,9.216428073026391e-05
5620.00368993026,17.031609278658493,18.116650167664798,18.11655958029071,9.058737408807142e-05
5621.296564393605,17.59663763217225,18.104536937277786,18.104447898065153,8.903921263271687e-05
5622.592822965931,17.191850098872578,18.092433268233858,18.092345756190504,8.75120433533201e-05
5623.886293055928,16.87669388442805,18.08039655313003,18.08031054034897,8.601278105886947e-05
5625.183148813963,17.237781405494502,18.068369271437394,18.068284737521985,8.453391540832191e-05
5626.477214805018,17.506977420747035,18.056408687497612,18.056325605357284,8.308214032688046e-05
5627.771578494253,17.41607614210739,18.04448608971774,18.04440443615452,8.165356322225674e-05
5629.069330190529,18.07816777147787,18.032573115409196,18.032492870891645,8.024451755097049e-05
5630.364290192502,17.16986679294405,18.020726463698825,18.020647602320732,7.88613780942813e-05
5631.66263976237,17.12162802061232,18.008889582753593,18.008812085542502,7.749721109255502e-05
5632.958196351802,17.389093108257843,17.997118705200876,17.9970425470146,7.615818627310465e-05
5634.2571440707015,17.305977063953833,17.985357485577246,17.98528264798821,7.483758903492509e-05
5635.55329752244,16.970556651500033,17.97366188529423,17.973588343904133,7.35413900976262e-05
5636.849749152577,16.675637055793345,17.962003809562177,17.96193154345563,7.226610654677074e-05
5638.149594254956,17.049126055913693,17.95035549611459,17.950284487655203,7.10084593854964e-05
5639.446643159745,17.063862579948818,17.9387723014915,17.938702527359577,6.977413192365599e-05
5640.747087100147,16.481783670196933,17.9271987768357,17.92713021990573,6.855692996651376e-05
5642.044733554751,16.6331426517113,17.915689918586022,17.91562255623378,6.736235224122886e-05
5643.3457766090605,17.830517733706873,17.904190953000285,17.904124768598045,6.618440223947072e-05
5644.644020888771,17.707740070486466,17.892756534971536,17.892691506571925,6.502839961138714e-05
5645.942563827871,17.426390789622932,17.881358879403738,17.881294988172282,6.389123145408306e-05
5647.244505713233,17.295842338351918,17.86997093759629,17.869908167627692,6.276996859538209e-05
5648.54364689045,17.585369529844346,17.858646917483235,17.85858524781106,6.166967217346413e-05
5649.84618857982,17.91778642830934,17.84733254481312,17.847271959998302,6.058481481966162e-05
5651.145928270762,17.550536910025812,17.836081506411,17.836021986119277,5.9520291721637026e-05
5652.449070040471,16.638293408975873,17.82483997915509,17.824781508401475,5.8470753615319143e-05
5653.749408520872,17.435509022077785,17.813661407557795,17.813603966623052,5.744093474436757e-05
5655.050046142432,17.195167491236248,17.80251846443827,17.802462036382273,5.642805599470169e-05
5656.354088193099,17.314011825031002,17.791384341482324,17.791328911978727,5.542950359632496e-05
5657.655325017795,17.657650860371522,17.780312390722113,17.780257940942555,5.444977955902786e-05
5658.959967840017,17.28226939691149,17.76924943901974,17.769195955062703,5.348395703962644e-05
5660.2618041439,17.551389240842926,17.758247748299656,17.758195211910625,5.253638903197128e-05
5661.567048014453,18.442409835876674,17.7472551565724,17.747203554263436,5.160230896621803e-05
5662.869484073704,18.044922929714634,17.736324112065038,17.73627342613967,5.068592536661379e-05
5664.17221975666,17.39456562368912,17.72542819015097,17.72537840539109,4.978475987991698e-05
5665.478365360415,17.342725786487563,17.714541154683673,17.7144922582009,4.889648277485748e-05
5666.781701213082,17.678387845891056,17.703714779717554,17.70366675462335,4.802509420446047e-05
5668.088448557498,17.794027731005144,17.69289754074493,17.69285037453742,4.716620750956574e-05
5669.3923848563745,17.260162640910835,17.682140901461906,17.68209457777271,4.632368919765033e-05
5670.699734218672,17.50316491479623,17.671393497840377,17.671348004543706,4.5493296670763523e-05
5672.004271240384,17.949732417718,17.660706584983203,17.66066190621629,4.467876691344065e-05
5673.312222897914,17.7798375392041,17.650029295302158,17.64998541930512,4.387599703619239e-05
5674.617360919212,17.177583735750435,17.63941251065554,17.63936942205703,4.308859850858825e-05
5675.922799185797,17.126161527516274,17.628830633388727,17.628788318952836,4.231443589166178e-05
5677.231654447216,16.901073960373882,17.618258341223992,17.618216789720883,4.1551503110006187e-05
5678.537694128592,17.147633960273993,17.607745716413646,17.607704913182943,4.080323070178334e-05
5679.8471523790095,17.28224575753598,17.597242248277773,17.597202182431065,4.006584670694289e-05
5681.153793752248,16.899068553351185,17.586797746860203,17.58675840419452,3.9342665682599494e-05
5682.4638552694605,16.720578135241,17.57636218696254,17.576323556921473,3.863004106838141e-05
5683.77109861176,17.530066524130124,17.565985049216085,17.565947118041016,3.793117506828739e-05
5685.078642683672,16.03230589748978,17.55564131708668,17.555604072918396,3.724416828328943e-05
5686.389609262379,16.880533969650287,17.545306309181445,17.545269741944146,3.656723729746904e-05
5687.697755719226,17.253039309089562,17.535029046728827,17.5349931433064,3.590342242636564e-05
5689.009326259615,16.944298558499554,17.52476038654297,17.524725137168975,3.524937399536136e-05
5690.318075378913,17.33187531312706,17.514549246229706,17.514514638201113,3.4608028590836924e-05
5691.630250159229,16.538319863333758,17.504346957706183,17.5043129815572,3.397614898272355e-05
5692.9396022186265,16.801930419472,17.49420200805882,17.494168651487513,3.335657130758596e-05
5694.249255492744,16.469709202504305,17.48408982199426,17.484057074386136,3.274760812260562e-05
5695.562336794512,16.494066952373263,17.47398616354347,17.4739540158676,3.2147675868834324e-05
5696.8725934252725,16.63139596452061,17.46393888435024,17.463907324884236,3.155946600760928e-05
5698.186279662972,16.34499442379047,17.45389980035733,17.453868820349925,3.098000740726539e-05
5699.497139928341,16.89396901473356,17.443916932201894,17.443886520303025,3.0411898868920262e-05
5700.811431380668,16.868106224623602,17.43394277347476,17.433912921204758,2.9852270004843236e-05
5702.12289555874,16.22527280650445,17.424024711319078,17.423995407689162,2.9303629915799542e-05
5703.4346614374235,17.02075223880479,17.41413899182136,17.41411022734001,2.8764481350586205e-05
5704.749860873514,18.175726160921727,17.40426221152701,17.40423397810698,2.823342002852101e-05
5706.0622310821145,17.67456089365521,17.394441414889783,17.394413702063872,2.7712825911558482e-05
5707.378036429962,16.893196795133463,17.38462950845785,17.384602308390903,2.7200066946463266e-05
5708.691011246896,16.89796932238983,17.37487290261194,17.374846205171522,2.669744042015349e-05
5710.007422785644,17.12806581054372,17.365124738448326,17.365098536043835,2.6202404490422098e-05
5711.321002489453,17.001751434086827,17.355431201361277,17.355405484184843,2.571717643639161e-05
5712.634884380547,17.08454309362685,17.345768869271915,17.34574362884231,2.5240429605214903e-05
5713.952205367729,17.689004552093706,17.336114688667557,17.336089917747053,2.4770920503792085e-05
5715.266692563588,17.5559962924707,17.326514466902353,17.32649015615108,2.4310751273025164e-05
5716.584620439924,17.165372684999284,17.316922232027782,17.316898374434317,2.3857593465597244e-05
5717.89971321941,17.304159458636605,17.307383728268995,17.307360314793456,2.3413475539914136e-05
5719.218248264494,16.81174995340041,17.297853370964344,17.297830394814522,2.297614982252571e-05
5720.5339469066,16.229122084817163,17.288376328562745,17.288353780989254,2.254757348852894e-05
5721.84994822345,16.45927898470848,17.27892961603741,17.278907489464466,2.2126572944555926e-05
5723.169394184001,16.280574498920036,17.269490621282173,17.269468909233193,2.1712048979971068e-05
5724.486001782035,16.301488779755914,17.260104210921025,17.2600829050648,2.1305856225086522e-05
5725.806055610714,16.51010232876297,17.250725457737886,17.250704551799757,2.0905938128218267e-05
5727.123269769243,16.526104872686687,17.241398914494855,17.241378400411136,2.0514083719796046e-05
5728.443931746096,16.39544347773267,17.23208000040888,17.232059872100056,2.0128308827323128e-05
5729.761752744564,16.4378144317426,17.222813061088186,17.22279331074915,1.9750339034429212e-05
5731.07987690602,16.751896367899917,17.213575808620362,17.213556429482118,1.937913824562702e-05
5732.4014512677395,17.295180435837555,17.204346159763563,17.20432714602661,1.9013736954166517e-05
5733.720182688373,17.38332510063265,17.195167901838907,17.195149246069406,1.8655769500389417e-05
5735.042365898774,16.770851207165496,17.185997074951292,17.18597877152817,1.830342312227679e-05
5736.361704858347,16.276744920086912,17.176877240205854,17.17685928193205,1.795827380637238e-05
5737.684497197926,16.470778227596952,17.167764729956396,17.167747111382607,1.761857378863943e-05
5739.004443976333,16.48785767640516,17.158702805336258,17.15868551949363,1.728584262783838e-05
5740.324694406761,16.719411926049023,17.149669676057083,17.149652716888966,1.6959168117870765e-05
5741.648400602978,17.114022708190305,17.14064402291535,17.140627385217545,1.663769780336055e-05
5742.969259272154,16.92131057911172,17.13166905687489,17.13165273400478,1.6322870109144085e-05
5744.293575299187,16.40060736798364,17.12270201629743,17.122686003205935,1.6013091498017852e-05
5745.615042487326,16.70710631779582,17.11378532966754,17.113769619919026,1.5709748512966562e-05
5746.939968626125,18.040129389680033,17.10487603190272,17.10486062059647,1.5411306250829318e-05
5748.262044613571,17.22063497845568,17.096016792874778,17.096001673773692,1.5119101087203275e-05
5749.5844247428595,16.179914098089398,17.08718644820995,17.08717161587685,1.4832333098306157e-05
5750.910266212441,16.70932710579541,17.078363793546643,17.078349243290408,1.4550256233819383e-05
5752.233255561628,17.347382743463644,17.069590883987566,17.06957660985283,1.4274134733653715e-05
5753.559707845745,16.552204056551776,17.060825757752763,17.060811755179436,1.4002573327297949e-05
5754.8833066954985,16.2236797752546,17.0521097670899,17.05209603029978,1.373679011938973e-05
5756.210370075554,15.781681238300054,17.043400963575557,17.04338748813238,1.347544317564326e-05
5757.534578706671,17.07277462451725,17.034740512980594,17.034727293274614,1.3219705979171209e-05
5758.859091970242,17.064976257195212,17.02610738680177,17.026094417920337,1.2968881431531623e-05
5760.187072157601,16.257717849396162,17.017481011184213,17.017468288862773,1.2722321439888578e-05
5761.512195623805,16.693399419894153,17.008902529101327,17.00889004796603,1.2481135295367347e-05
5762.840787611007,16.56424700507705,17.00033111041612,17.000318866307232,1.2244108886615165e-05
5764.166521560964,16.680045799326535,16.99180740659922,16.9917953942888,1.2012310421354584e-05
5765.495725629864,16.648516125586642,16.983290440347606,16.9832786557726,1.1784575004461259e-05
5766.822070344823,16.15965383997605,16.974820621039513,16.974809059108434,1.15619310778136e-05
5768.151886777408,16.18642017955006,16.96635741729243,16.9663460740304,1.1343262026826619e-05
5769.478842538749,16.90651758323509,16.95794114458864,16.957930015030854,1.1129557788698215e-05
5770.806103564519,16.296380048047812,16.949551955636814,16.94954103539326,1.0920243554715777e-05
5772.136838706364,16.48714061534793,16.941170160246404,16.941159445457473,1.0714788932619128e-05
5773.464711200659,16.451839147915052,16.932835517591208,16.932825003462845,1.0514128363926386e-05
5774.796059411554,16.092967161653633,16.924507146570747,16.92449682930814,1.0317262606819265e-05
5776.124543656078,15.695683816780729,16.916224094093142,16.916213969002644,1.0125090499054357e-05
5777.456505218462,15.630819996970105,16.907946990200166,16.90793705354138,9.936658783974772e-06
5778.785601495048,16.15144703677709,16.899715164204775,16.899705411373024,9.752831752711377e-06
5780.1150035284845,16.126563967452288,16.891508934416418,16.89149936129064,9.573125777859707e-06
5781.447885282102,16.586821295393406,16.883309135522115,16.883299738422473,9.397099643799857e-06
5782.777899770425,16.708996154538227,16.875154720516896,16.87514549494921,9.22556768798817e-06
5784.111395582035,16.375351321845187,16.867006650087802,16.866997592397354,9.057690448116429e-06
5785.442022807403,16.234052207910285,16.858903867315355,16.858894973065272,8.894250082990486e-06
5786.776132959901,16.239428852540872,16.850807682480312,16.850798948027666,8.734452644412922e-06
5788.107373204601,15.993830187244955,16.842756609132802,16.842748030083857,8.579048943541616e-06
5789.43891969937,16.712739055661135,16.83473142874114,16.834723001093764,8.427647375166895e-06
5790.7739515274625,16.689565901165114,16.826713032664674,16.82670475276618,8.279898494989127e-06
5792.10611146507,16.150332046232055,16.81873947509661,16.8187313385891,8.13650751124654e-06
5793.4417583416935,16.45884953605332,16.81077262321885,16.81076462642296,7.996795891657593e-06
5794.774532004753,16.75692367509237,16.802850510506744,16.802842649067493,7.861439252218191e-06
5796.11079421326,16.072804087639614,16.794935422352204,16.794927692545716,7.729806488893654e-06
5797.4441818845135,16.292752717205193,16.787064751159505,16.787057148615318,7.602544186930864e-06
5798.77787629985,16.520624477463574,16.779219364805872,16.77921188544701,7.4793588623888245e-06
5800.115061670708,16.630245514912303,16.771380511405933,16.77137315140469,7.360001245896081e-06
5801.449370518429,16.666689552161642,16.763585477192873,16.763578232117624,7.245075249545579e-06
5802.787171929954,15.797013999917567,16.75579696841555,16.755789834341826,7.1340737211799385e-06
5804.122095493129,18.114405620840785,16.748051908980955,16.748044881408415,7.027572540772127e-06
5805.46051322913,15.968088220609843,16.74031313770446,16.74030621258735,6.9251171138657775e-06
5806.796051790956,15.29407709278621,16.732617342341833,16.73261051508633,6.827255505689226e-06
5808.131897591675,16.6922673564668,16.724945961357385,16.724939227551797,6.733805589098912e-06
5809.471239979183,16.36443387025406,16.7172807100037,16.71727406536907,6.644634626005083e-06
5810.807701203428,16.502460243979044,16.709658047712136,16.709651487463013,6.5602491225230585e-06
5812.14766062534,16.469891751015215,16.702041545077357,16.70203506474096,6.480336396600204e-06
5813.484737556638,16.23598013031324,16.694467327756225,16.694460922381083,6.405375142322856e-06
5814.825314297221,16.548985161586078,16.68689906610852,16.686892730993733,6.3351147847949345e-06
5816.1630072192265,16.756261772578,16.679372668141887,16.67936639813593,6.270005958879952e-06
5817.5010078757305,16.532335161433025,16.67186996401358,16.67186375401262,6.210000961831159e-06
5818.8425107593785,17.49302493599976,16.664373015249968,16.664366860139005,6.155110961870506e-06
5820.18112783215,17.07086377499661,16.656917412413176,16.65691130666948,6.10574369639814e-06
5821.523248745541,16.94941123010358,16.649467463080118,16.649461401258616,6.06182150136826e-06
5822.862482518564,16.774122634076775,16.642058541004623,16.64205251728194,6.023722683849094e-06
5824.205221746423,16.734323118803218,16.634655176160425,16.634649184713048,5.9914473785101566e-06
5825.545072503811,17.345796278706985,16.627292488797966,16.627286523454405,5.965343563031311e-06
5826.885231492105,17.300262901572868,16.619952677807053,16.61994673227238,5.945534674859322e-06
5828.2288983569915,14.72329780452958,16.61261822676278,16.61261229454427,5.932218511444469e-06
5829.569674755896,16.125504135450115,16.605324091200355,16.605318165504983,5.925695372948183e-06
5830.913960647471,16.628811392797843,16.598035615623463,16.59802968943599,5.926187473156056e-06
5832.255354741427,16.10946350586585,16.59078778747713,16.590781853515672,5.933961458405979e-06
5833.600259944875,17.261332789998736,16.583546266957686,16.58354031761608,5.949341606621977e-06
5834.942272018454,16.538251571804498,16.576345668153426,16.57633969559435,5.972559075422874e-06
5836.284592820147,16.53075263657229,16.569168627499938,16.569162623535792,6.003964146735901e-06
5837.630427156996,16.46613571690591,16.5619978858087,16.561991841803337,6.044005364012459e-06
5838.973366365246,16.701209606903948,16.554867330007596,16.55486123715111,6.092856486247329e-06
5840.319820727337,16.822029141852685,16.547742705233247,16.547736554094833,6.1511384147497725e-06
5841.663378627043,16.382781965548137,16.540657766063283,16.54065154708001,6.218983272143977e-06
5843.01045330002,16.49691418382395,16.533578574237186,16.533572277086925,6.297150260541955e-06
5844.3546301762135,16.694191338973837,16.52653878648081,16.526532400754135,6.385726672803011e-06
5845.699116278532,16.712325366589656,16.51952146061679,16.519514975245066,6.48537172444614e-06
5847.047121583698,16.88833365027097,16.51250974467087,16.512503147792295,6.596878574842325e-06
5848.392227090125,17.007326386812,16.50553684449355,16.505530124233328,6.720260225457385e-06
5849.740853420696,16.707969155002047,16.49856934550123,16.49856248881879,6.856682438902805e-06
5851.086578616593,16.524959676272942,16.491640420062723,16.49163341395959,7.006103131648875e-06
5852.435826258675,17.102490632835842,16.484717092914778,16.484709923035503,7.169879275425373e-06
5853.782171429531,17.403115197833017,16.477832475314045,16.477825127405517,7.347908530146087e-06
5855.1288263253255,16.820378325462684,16.470970060432577,16.470962519154913,7.541277664672717e-06
5856.479006100802,16.39658604754914,16.46411344389731,16.464105692637784,7.751259526498315e-06
5857.826281399867,17.012224990737767,16.457295086294152,16.457287108644003,7.977650150484027e-06
5859.177083202526,17.213206961350014,16.450482252051902,16.45047402967971,8.22237219195945e-06
5860.524979190684,16.593327376854067,16.443707236531427,16.443698751386233,8.48514519613362e-06
5861.876403307092,17.051538585514663,16.43693762073598,16.436928852576926,8.768159051169948e-06
5863.2249202702915,17.088850713164792,16.430205613024974,16.43019654197621,9.071048766049787e-06
5864.573747458047,17.09612507432962,16.423495008595133,16.42348561309753,9.395497603175435e-06
5865.926105211476,17.82173307910648,16.416789709451873,16.41677996600196,9.74344991136849e-06
5867.275553803277,17.079331924624856,16.410121487429723,16.410111373033153,1.0114396570107938e-05
5868.628534587282,17.170619313064552,16.403458376751967,16.403447865431684,1.051132028294643e-05
5869.9786048694095,17.19052235394793,16.39683200851064,16.396821074908146,1.0933602491917654e-05
5871.33220897102,17.709239857532907,16.39021067502032,16.390199290419293,1.1384601027943174e-05
5872.682901229888,18.026970137311086,16.383625830479478,16.383613966903788,1.1863575691177724e-05
5874.037128936266,17.49410315418288,16.37704594095996,16.37703356666227,1.237429768795851e-05
5875.388443458416,17.839310268099098,16.37050216503523,16.370489249143752,1.2915891478210355e-05
5876.740068848696,17.97525243688301,16.363978593612867,16.36396510244373,1.3491169139218133e-05
5878.095232128966,17.936935635773583,16.357459552122958,16.357445448774655,1.410334830392833e-05
5879.447480212423,17.85681259906926,16.350975988277924,16.350961236956756,1.4751321166842683e-05
5880.803267815774,17.652535562170215,16.344496949618907,16.344481509533246,1.544008566169614e-05
5882.156138879282,17.530200480591365,16.33805336664687,16.338037198290102,1.6168356768444497e-05
5883.512551093339,18.060846675719976,16.331614600226427,16.3315976585139,1.6941712525519925e-05
5884.866045423904,17.954912067552645,16.325211437518952,16.325193678848567,1.7758670385261048e-05
5886.219851124062,18.27085232128502,16.318828579962407,16.318809956637814,1.862332459153252e-05
5887.577200421188,17.940067853029063,16.312450823577457,16.312431283237338,1.9540340119145182e-05
5888.931629818989,17.237652702227823,16.30610838923753,16.306087881342577,2.05078949536066e-05
5890.289604446292,17.371326804261116,16.29977088626427,16.299749352977955,2.1533286314324888e-05
5891.644657829075,17.85608503162291,16.29346838513264,16.293445770699634,2.261443300868584e-05
5893.003258074646,17.64443119626515,16.28717066964892,16.28714691020504,2.375944388034847e-05
5894.35893572988,17.369233406229572,16.280907557123086,16.280882591174247,2.4965948839529105e-05
5895.714925256977,17.08918954421381,16.274663847396198,16.27463760757032,2.6239825876903457e-05
5897.074464097227,16.937851575477683,16.268424556779845,16.26839696902629,2.758775355194458e-05
5898.431078328056,17.034099292879205,16.262219351052654,16.262190344187136,2.9006865516928276e-05
5899.791243507205,16.96015401297564,16.256018616634652,16.25598810896394,3.0507670712667827e-05
5901.148482729567,16.60579714743722,16.249851829383395,16.249819742459152,3.2086924243718455e-05
5902.509274536169,16.795358673079367,16.243689450267823,16.243655694002292,3.3756265530817284e-05
5903.867139037998,16.8648308578164,16.237560691139258,16.23752517911111,3.551202814999962e-05
5905.22531591477,16.653077211762028,16.23145074122375,16.23141337866426,3.736255949011983e-05
5906.587047830101,16.70188201580743,16.225344993185473,16.225305675860735,3.931732473708406e-05
5907.945850418318,17.06988668080874,16.219272433163994,16.219231061229475,4.13719345190206e-05
5909.308209682895,16.813060625442745,16.21320390581768,16.213160364455334,4.354136234340373e-05
5910.667638270819,16.157236057180512,16.20716799642497,16.207122175756613,4.58206683587419e-05
5912.030625173665,15.967534008583927,16.201135482686347,16.201087256294095,4.822639225086628e-05
5913.390680049695,16.415529067126958,16.195134988132388,16.195084235150215,5.0752982174265425e-05
5914.751047804563,16.666616007437828,16.189152137377405,16.1890987251926,5.341218480630899e-05
5916.1149763326275,15.994654938790632,16.183172735567233,16.183116518268164,5.6217299069943744e-05
5917.475970808275,16.6827827136915,16.177225397250737,16.177166235524915,5.9161725821871794e-05
5918.840527697566,16.774272350121695,16.171281694737527,16.171219428127454,6.226661007330163e-05
5920.202149182724,16.452566715361403,16.16536947123974,16.165303946682673,6.552455706384964e-05
5921.567334722726,16.436532652270333,16.1594602627609,16.1593913038921,6.895886879718084e-05
5922.929583506256,16.49941076453786,16.153582194933442,16.153509633665728,7.256126771271922e-05
5924.2921456733275,15.74890918404708,16.147721323966657,16.14764497581548,7.634815117628798e-05
5925.658274357488,15.752988289621728,16.141863525886887,16.141783187827613,8.033805927262399e-05
5927.021464256305,16.579649371522464,16.136036324361566,16.135951803153997,8.452120756988917e-05
5928.388222315302,16.40174993780011,16.130211776660303,16.13012284943974,8.892722056477562e-05
5929.75204023506,16.055664227093988,16.124417605469713,16.124324060297678,9.354517203406977e-05
5931.119427958847,16.569950661068905,16.11862610355267,16.118527695914082,9.84076385897369e-05
5932.4838741888725,15.658413714687072,16.112864455316046,16.11276095288624,0.0001035024298057894
5933.84863430796,16.546660622993954,16.107118596990688,16.107009744725737,0.00010885226495039296
5935.216966697294,16.366100446227733,16.101374880487732,16.101260397685202,0.00011448280253169293
5936.582355560721,16.359309378962283,16.095660831360423,16.09554045166028,0.000120379700143727
5937.951318340138,16.525800187402297,16.089949157787217,16.089822573628194,0.00012658415902171212
5939.317336237567,15.900117136217887,16.08426675303839,16.08413367282777,0.00013308021061544806
5940.686929697487,15.874798051744733,16.0785862690821,16.078446356011746,0.00013991307035106606
5942.0535769187145,16.012287286326114,16.07293458116571,16.07278751619249,0.0001470649732189356
5943.420538535339,15.531321865435531,16.067297987620087,16.067143420444808,0.00015456717528092228
5944.791078184646,16.019515682038563,16.06166291498213,16.06150046004383,0.00016245493829893784
5946.15866955984,16.526195490292825,16.056056052837114,16.05588534538917,0.00017070744794181705
5947.529840616113,15.756458024627593,16.050450567322994,16.05027118571544,0.00017938160755214964
5948.898062040005,16.04856978784278,16.04487307480224,16.044684620497176,0.00018845430506486357
5950.269864794133,15.522453159722204,16.03929683390419,16.03909884603813,0.00019798786606041533
5951.638716556987,15.685424327808052,16.033748197086663,16.033540240440775,0.00020795664588657813
5953.007883222389,15.759066235725868,16.028213629972765,16.027995226622263,0.00021840335050308135
5954.380633692206,15.800052972969638,16.022679790909383,16.02245041480058,0.00022937610880190346
5955.750431132042,16.26175755601162,16.017173077786573,16.016932232796844,0.0002408449897283675
5957.12381402735,16.05263970032695,16.011667204606816,16.01141431655442,0.0002528880523974177
5958.494242532216,16.259786294753553,16.00618827784766,16.00592280570259,0.00026547214506998754
5959.868258144374,16.30276661933226,16.000709913207526,16.000431230605706,0.00027868260182048845
5961.239318005002,16.152328260164268,15.995258080533285,15.994965597804052,0.0002924827292322288
5962.610693276151,16.01866203792281,15.98981972133608,15.989512790850752,0.0003069304853286812
5963.985658132757,16.062911008987385,15.984381755684144,15.984059664563796,0.00032209112034767545
5965.357665195844,16.26941014718466,15.97896974034611,15.978631818382066,0.0003379219640450513
5966.733263498107,16.13589101439084,15.973557363715457,15.973202834328625,0.00035452938683304934
5968.105902644197,16.181551781493,15.968170204290312,15.967798338049775,0.0003718662405364588
5969.482134683946,15.887950737620486,15.962782499397242,15.962392450807261,0.0003900485899812644
5970.855406204239,15.684210839865045,15.957419879892303,15.957010855518124,0.00040902437417781955
5972.228993643841,16.027065835917714,15.952069221617409,15.951640349889734,0.0004288717276744493
5973.606176459269,15.80453000803209,15.946717501317035,15.946267822792842,0.00044967852419332087
5974.980396709953,16.230528627660192,15.94139011605674,15.940918731620505,0.0004713844362348743
5976.35821399285,16.052115694169743,15.936061487499579,15.935567354036506,0.0004941334630727153
5977.733067346153,15.732951292277109,15.930756821307495,15.930238962205873,0.0005178591016217534
5979.11151938882,16.298897641539952,15.925450690244807,15.924907972063671,0.0005427181811348216
5980.487006136411,17.124116721534396,15.920168106156932,15.919599468718026,0.000568637438905824
5981.866093231279,15.942413232205354,15.914883504175398,15.914287716589186,0.000595787586211413
5983.242213664962,16.474274228575613,15.909621770371665,15.908997682405303,0.0006240879663622651
5984.618650673341,16.020672698140064,15.90437015221864,15.903716500028306,0.000653652190333111
5985.998690516316,15.68525228568626,15.899116098646747,15.898431490791445,0.0006846078553009405
5987.375761648574,15.896991485455601,15.893884608331655,15.893167746421828,0.0007168619098273124
5988.7564372752495,15.865456558521146,15.888650492982165,15.887899868097072,0.0007506248850924568
5990.134142823525,16.031146254790997,15.883438265812636,15.882652471308392,0.0007857945042447953
5991.515454526807,16.424539609093358,15.878222754424586,15.877400154917144,0.0008225995074430695
5992.893794783376,15.87170523344844,15.873028688741568,15.872167761191522,0.0008609275500464759
5994.2724521253085,15.854888444368159,15.867843676871361,15.866942747373104,0.0009009294982581018
5995.654718113575,16.259980662952216,15.862655101714616,15.861712327109853,0.0009427746047619762
5997.034010602291,15.959843331750335,15.857487301567883,15.856500967870684,0.0009863336971980955
5998.416913399845,15.803833959753094,15.8523153142646,15.851283426702647,0.0010318875619529475
5999.796841327958,15.834244703052038,15.84716370080728,15.846084406269508,0.001079294537773234
6001.180381228173,15.628674066992973,15.842007947532723,15.840879088403309,0.0011288591294142168
6002.560944888428,15.436439978619207,15.836872708694772,15.835692282616854,0.0011804260779180546
6003.9418261455385,15.326263415845917,15.831745308626475,15.830511114218996,0.0012341944074779998
6005.326321870098,15.375799727233584,15.826612935653548,15.825322548508591,0.0012903871449575258
6006.707839298549,15.894648560682526,15.821499664352709,15.820150837982887,0.001348826369822658
6008.092972859634,15.297867272660142,15.816381054402909,15.814971170264442,0.0014098841384657798
6009.475126752509,15.21712829889384,15.81128162854408,15.809808262784006,0.0014733657600736
6010.860898443968,15.759935639425295,15.80617707924658,15.804637405277228,0.0015396739693518146
6012.243689094486,16.088193321098633,15.801091616586532,15.799483020728006,0.0016085958585262399
6013.626797854176,15.535180336838723,15.796012856449543,15.794332464188134,0.0016803922614087449
6015.013526911822,14.604046348156544,15.790928362911675,15.789173007785415,0.0017553551262598657
6016.397272869061,15.182145963030393,15.785861997694564,15.784028756420826,0.001833241273738697
6017.784640792128,16.442413603578533,15.780789296299224,15.778874755800224,0.0019145404989989476
6019.169024240475,16.191138861562198,15.775734394094668,15.773735406809589,0.0019989872850788293
6020.557031323284,15.157140756932108,15.770673080626093,15.768585969798046,0.0020871108280462953
6021.942052556428,15.155749973672755,15.765629183538145,15.763450562135647,0.002178621402498736
6023.3273924118885,15.162869365598112,15.760590367063278,15.758316508456154,0.002273858607123039
6024.716358405214,15.665309845843694,15.755544449035707,15.753171246946701,0.0023732020890049493
6026.102336486089,15.795847790725588,15.750515446639788,15.74803912462776,0.002476322012028558
6027.491942375388,15.405199230580026,15.745479316285007,15.74289545730263,0.0025838589823771337
6028.878558975708,15.243631978739929,15.740459902010986,15.737764448360066,0.002695453650920246
6030.268805055782,15.55918218277634,15.735432947805574,15.732621150937184,0.002811796868389224
6031.656060469712,15.163332960017899,15.73042209848608,15.727489601111198,0.0029324973748812953
6033.043635019926,15.298537054966348,15.725415211420959,15.722357217001408,0.0030579944195507506
6034.434841557338,15.530554899029994,15.720400454380169,15.71721167594788,0.0031887784322897376
6035.82305536249,15.20858135134722,15.715401721367702,15.71207731593322,0.0033244054344817877
6037.214902828094,15.318537279949055,15.71039502707638,15.706929319244168,0.003465707832211875
6038.603756182688,16.320715471839893,15.705403962222523,15.701791759253988,0.0036122029685343253
6039.996244871758,15.75670098487592,15.700404541952386,15.696639755088071,0.0037647868643146637
6041.385738070434,15.170935645842633,15.695420534424866,15.691497599286055,0.003922935138810032
6042.775550920194,15.130353404579864,15.6904400586431,15.686352846438727,0.004087212204373451
6044.169001615918,15.31130494434069,15.6854511637261,15.681192916314163,0.00425824741193624
6045.559454751799,15.262372750327245,15.680477390718323,15.676041943067107,0.004435447651217333
6046.953547409598,15.188427470423676,15.675494754160326,15.670874866649244,0.004619887511081779
6048.34464112658,15.798243247444248,15.670526875653312,15.665715952051855,0.004810923601457743
6049.739376042205,15.14288490019908,15.665550108143613,15.660540397669134,0.005009710474478867
6051.131110635402,14.94752122116711,15.660588046146296,15.655372495518996,0.005215550627299248
6052.523165395314,15.256561403846947,15.65562866653667,15.650199502000152,0.005429164536517119
6053.918863869407,15.582189861643771,15.650660013903918,15.645008659426077,0.005651354477840455
6055.311559948288,15.67182512039483,15.64570587337725,15.639824539305648,0.005881334071600826
6056.707901420005,15.567970777272649,15.640742547160079,15.634622065658814,0.0061204815012652425
6058.101239113308,16.15751053659619,15.635793050009092,15.629425104452784,0.00636794555630846
6059.49822387888,16.659906364688027,15.630833719048287,15.624208514843998,0.0066252042042887855
6060.892203482199,14.336251622552481,15.62588849450052,15.61899715787641,0.006891336624108975
6062.2865037686925,12.797756412007175,15.620945765670685,15.613778509209613,0.0071672564610711555
6063.68445364705,15.535502095005429,15.615993760190445,15.608539780543907,0.007453979646538776
6065.079396287025,15.857040940838488,15.611055962296037,15.603305490932442,0.007750471363594767
6066.477990200229,16.197475527498344,15.606108750064761,15.598050262457768,0.008058487606992976
6067.873575489616,15.657068896880107,15.601175737116632,15.592798826469394,0.008376910647237152
6069.272813734374,15.410058435546604,15.596233505255757,15.58752588516965,0.00870762008610557
6070.669041969242,15.731041756055106,15.59130564008242,15.582256230705426,0.009049409376992971
6072.065591404582,15.673508769250816,15.586380422718129,15.5769769932234,0.009403429494728352
6073.46579631895,15.28382023041081,15.581446197710784,15.571675239333803,0.009770958376980575
6074.862989143953,16.15218511061255,15.576526635258421,15.566375990801934,0.010150644456487636
6076.263839132061,15.906147803571002,15.571598859689992,15.5610541492406,0.010544710449391526
6077.661675643135,15.30023777670465,15.566687261481473,15.555735561863393,0.010951699618079559
6079.063171002169,15.255920514110814,15.56176772807429,15.55039374140867,0.01137398666562114
6080.461651495862,15.494628301444664,15.55686280608141,15.545052803622031,0.011810002459379885
6081.860453708154,15.43170685032203,15.551960719145864,15.539699531756629,0.012261187389235772
6083.262917296135,15.534876964852971,15.547050174788454,15.534321036521867,0.012729138266588119
6084.662363935944,15.265993514676667,15.54215498674577,15.528942883762461,0.013212102983307725
6086.065473638236,15.870620448772115,15.537251897773862,15.523539021234477,0.013712876539385637
6087.465565002448,16.236448977927584,15.532364503677918,15.518134929157497,0.014229574520419978
6088.869321116715,15.130847204868362,15.52746983386197,15.51270465644684,0.014765177415130558
6090.270057502355,15.334564776546928,15.522591533116866,15.507273873368252,0.015317659748614605
6091.674460326398,15.194318928120994,15.517706574075822,15.5018163759846,0.015890198091222947
6093.0758420306265,15.620567074490625,15.5128383400113,15.49635772333492,0.016480616676378117
6094.477546120875,15.405608979755584,15.50797507010229,15.490884251327977,0.017090818774312885
6095.882919182499,14.891646930544654,15.503105281585624,15.485382371631946,0.017722909953678315
6097.285269037157,15.253921673581317,15.498252558912364,15.479878088196738,0.018374470715626944
6098.691289553485,15.456989162433276,15.493394224333162,15.474345007135593,0.019049217197569315
6100.094285470057,15.728379699712605,15.488553636296318,15.468809081964,0.0197445543323175
6101.500953739371,15.051601451655301,15.483707673897293,15.463243238659114,0.02046443523817849
6102.904596015496,15.131586592002463,15.478879854622535,15.457673776385363,0.021206078237172653
6104.308561197681,15.600373794607892,15.47405911146016,15.452087282141331,0.0219718293188287
6105.716201269671,15.205928488095196,15.469234302375835,15.446470022960039,0.022764279415795268
6107.12081325795,15.512469463463844,15.464428930354483,15.440848585225744,0.023580345128739365
6108.529101829053,14.97186189815375,15.45962066722257,15.435196038064323,0.024424629158246572
6109.93436092141,15.762654167609298,15.454832970789381,15.4295391393748,0.025293831414580307
6111.34329829039,15.416580276590937,15.450043247698343,15.423850408883595,0.026192838814747692
6112.749204784945,14.251011974348216,15.445274418776131,15.418156297270944,0.027118121505188074
6114.15543470644,14.586671407154427,15.440515242263649,15.41244269028235,0.028072551981298093
6115.5653454457115,15.052661283657473,15.435755096650174,15.406695799628515,0.029059297021659044
6116.972223216666,15.304852708124258,15.431017606229556,15.400943149821753,0.030074456407802215
6118.382783501147,15.638165276261475,15.42628089458194,15.39515720152773,0.031123693054208677
6119.790309420023,15.867958392429614,15.421568028016923,15.389365186460523,0.032202841556399235
6121.2015195489585,15.955228400330725,15.416856922824492,15.383539019776467,0.033317903048024
6122.609693914359,16.25798182242272,15.412170578458937,15.377706146834484,0.03446443162445414
6124.018192228421,16.78215214195939,15.407498377034923,15.371852455987522,0.03564592104740036
6125.430377297794,15.411658033289656,15.402829846579603,15.365963630714273,0.036866215865331196
6126.839524506361,15.756580161401077,15.398187821959095,15.360067402545923,0.038120419413171354
6128.252360168726,16.317634473231355,15.393550755856078,15.354135303270375,0.03941545258570199
6129.662156570745,15.83218939068104,15.388941407874702,15.34819531092143,0.04074609695327307
6131.07564312583,15.23962773118774,15.384338769247346,15.34221909652807,0.04211967271927705
6132.486089020383,15.547784063883114,15.379765686477922,15.336235064530587,0.04353062194733426
6133.896859386159,15.862606700473181,15.37521181920815,15.330228653524607,0.044983165683543117
6135.31132245436,15.777001955247101,15.37066668308503,15.324184743307317,0.04648193977771296
6136.722742761377,16.497041573791993,15.366152450453189,15.31813160804726,0.0480208424059288
6138.137857472043,17.184848903824786,15.361648754190607,15.312040478926264,0.04960827526434421
6139.5499280197255,16.503391372714532,15.357178578975768,15.30594082948642,0.05123774948934706
6140.965694673067,16.229291500341677,15.352721890589851,15.299803756160998,0.0529181344288537
6142.3784157609825,16.000692172636946,15.34830034228347,15.293657808424303,0.054642533859166106
6143.791461843525,15.978656334762833,15.343903755411706,15.287487742029285,0.05641601338242049
6145.208206585199,16.478707924782952,15.339522406791058,15.28127828166949,0.058244125121568374
6146.621903657403,16.141096930198273,15.335178161589173,15.275058839267356,0.06011932232181717
6148.03930109271,14.822801189258712,15.33085126588724,15.268799530180793,0.06205173570644804
6149.453649454485,16.19370110720809,15.32656331363481,15.262529956588793,0.06403335704601831
6150.8716998841155,15.945705671894872,15.322295074859987,15.256220214577883,0.06607486028210423
6152.286699835511,15.904574471800744,15.318068072647504,15.249900319932099,0.06816775271540602
6153.702025305784,15.488367806829617,15.313873210377343,15.243555137706583,0.07031807267076026
6155.121055401505,14.909511731939347,15.309701665773776,15.237169241388333,0.07253242438544348
6156.537032911553,15.122006078426466,15.305574328716695,15.230772784749451,0.07480154396724353
6157.956716753764,15.22174454361209,15.301472472127235,15.224334907728316,0.0771375643989184
6159.373346603979,15.254410220675254,15.29741656072203,15.217885884255228,0.07953067646680345
6160.793684493865,15.209760693525595,15.293388374390975,15.21139473550324,0.08199363888773456
6162.2109669847805,14.930557342639192,15.289408555128947,15.204892483696192,0.0845160714327554
6163.6285755196695,14.965613223226457,15.285468984221067,15.198363860789332,0.08710512343173607
6165.0498946559455,15.540467677161816,15.281561884802903,15.191793287899277,0.08976859690362715
6166.468156282414,15.32884667427004,15.277707190554347,15.185211984928635,0.09249520562571244
6167.890130219743,15.23066315467372,15.273887444681057,15.17858806291149,0.09529938176956677
6169.309045238671,14.356245281041993,15.270121675660162,15.17195247510142,0.09816920055874159
6170.731674278717,14.489600251505863,15.266393014247395,15.165273205447633,0.10111980879976132
6172.151242991122,15.253670833541152,15.262720809572826,15.15858219473414,0.10413861483868626
6173.571138273444,15.026227208639286,15.259097946045621,15.151863919899728,0.10723402614589297
6174.9947501427305,15.148599062580047,15.255517550409412,15.145102353971275,0.11041519643813645
6176.415299570137,15.706886254176652,15.25199800700143,15.138329527509391,0.11366847949203691
6177.839567296736,14.941892423197716,15.248523726624933,15.131512801711477,0.11701092491345697
6179.26077117059,14.979694411240418,15.245112629111132,15.124684483427984,0.12042814568314829
6180.685695056657,15.521797823701036,15.241749802552363,15.117811802122855,0.12393800042950753
6182.107553678461,14.906748551601597,15.238452608484938,15.110927277920236,0.12752533056470064
6183.529739396972,15.063088874856021,15.235214460772788,15.104014504884901,0.13119995588788746
6184.955647697682,14.96888596343638,15.23202959198915,15.097057050175088,0.13497254181406113
6186.378488616481,14.79498158417573,15.228915076811406,15.090088363020648,0.13882671379075867
6187.80505383247,14.930862027923581,15.225857418682125,15.083074943862258,0.14278247481986678
6189.228550253404,15.397546639406984,15.22287239500501,15.076049795909618,0.1468225990953914
6190.6557726873125,15.62823805184462,15.219947119684765,15.068979122439753,0.15096799724501148
6192.079924912373,14.948155544410044,15.21709738250748,15.061896823206393,0.1552005593010883
6193.504404761782,14.72777746618931,15.214318006118,15.054786329866115,0.15953167625188677
6194.932613198295,14.57571849650003,15.211604126969744,15.047630438462505,0.1639736885072395
6196.357749304894,14.980478450528267,15.208970401371014,15.040463303802106,0.1685070975689083
6197.786615716358,15.379404731999331,15.206406067373052,15.033250858804465,0.17315520856858785
6199.2124083824865,14.944298386305492,15.203924969122202,15.026027414761476,0.17789755436072627
6200.641933072027,14.787952809856508,15.201516816936087,15.018758368087617,0.18275844884846998
6202.068382600162,14.83415728259547,15.199194573896174,15.01147815223731,0.1877164216588634
6203.49856587105,14.8330278457654,15.196948643715695,15.004151819161237,0.1927968245544574
6204.925672563805,14.88857775162387,15.194791567476273,14.996814418491564,0.19797714898470947
6206.3531075605815,14.899710584191894,15.192719931044651,14.989448889181357,0.2032710418632947
6207.7842788795815,14.794560015312415,15.190730737338674,14.982037500800477,0.20869323653819716
6209.212371494982,14.95746026527172,15.188835236553139,14.974615634904673,0.21421960164846698
6210.6442021539315,14.76630570837972,15.187026326853951,14.967148116906912,0.21987820994703816
6212.072952690924,14.743556749344293,15.185314227369153,14.959670424075924,0.2256438032932292
6213.505442993578,15.080164383768306,15.183692373366044,14.95214677978927,0.23154559357677454
6214.934851755264,15.444816197342675,15.18217019481055,14.944613034717985,0.23755716009256306
6216.364589350559,15.293252341240532,15.18074534204967,14.937051257524391,0.2436940845252787
6217.798069295149,14.691824602631186,15.179416502019885,14.929443360643305,0.24997314137658005
6219.228465569875,15.386950945982562,15.178191931789012,14.921825832232098,0.25636609955691453
6220.662605917996,15.174541963907018,15.177067610199993,14.914162467941317,0.2629051422586754
6222.093661175608,14.955471931131344,15.176050638574148,14.906489852418996,0.2695607861551519
6223.528462231507,15.38914809460664,15.17513787784839,14.89877142586161,0.27636645198677956
6224.9601767755985,15.734718992246032,15.17433524724208,14.891043878822074,0.2832913684200062
6226.392220683739,15.633072304137045,15.173642070925325,14.88328886908339,0.29035320184193447
6227.828012977966,16.454297642968413,15.173059025002656,14.875488110430116,0.29757091457254137
6229.260716628056,15.934831559158852,15.172590842044142,14.867679104605337,0.304911737438806
6230.697170391113,15.916777642760053,15.172237111219047,14.859824809278397,0.3124123019406504
6232.130534087096,16.416456255966523,15.172000982658835,14.851962520161166,0.3200384624976695
6233.56764962372,16.148456655774684,15.171882825128911,14.844054644463071,0.32782818066583913
6235.001673669677,16.74419518467721,15.171884813825516,14.836138914098143,0.3357458997273723
6236.436027610982,16.138604289380282,15.172008310103395,14.82819680168625,0.343811508417145
6237.874135984904,16.528422844785613,15.172255922002618,14.820209634061193,0.35204628794142545
6239.30915073239,16.686224869425928,15.172628330405704,14.81221582862701,0.3604125017786937
6240.747921642158,16.49681437312734,15.173128888241106,14.804177345448789,0.36895154279231673
6242.183597500258,16.8041945463267,15.173756467517416,14.796132288552965,0.37762417896445166
6243.623031251101,16.243570996450217,15.174515142423209,14.78804192599775,0.3864732164254594
6245.0593685243875,16.279320298719202,15.175403010745592,14.779945115585338,0.3954578951602535
6246.496036225176,15.954074010826504,15.176423507093354,14.771823060798468,0.4046004462948849
6247.936464414865,15.637931509103623,15.177581098693434,14.763656519006581,0.4139245796868528
6249.373793987783,15.859529641760561,15.178871941286832,14.755484756004872,0.4233871852819606
6250.814885782056,16.204275787854275,15.18030375050603,14.74726905721774,0.4330346932882907
6252.252877532028,15.613118044606722,15.181870930123841,14.739048541621795,0.44282238850204597
6253.694633236608,15.377744722518857,15.183582311157213,14.73078412653184,0.45279818462537175
6255.133287468695,15.497224692855184,15.185431113284459,14.722515380915176,0.4629157323692818
6256.5722726612985,15.420005359443053,15.187422466157175,14.71422276410009,0.47319970205708484
6258.015024408855,15.424160636338799,15.189562993984262,14.705886679275828,0.48367631470843425
6259.454672541254,15.857455943208608,15.191843943069559,14.69754722357245,0.4942967194971086
6260.898088963858,15.7474776885299,15.194277561213411,14.689164951507099,0.5051126097063118
6262.338400341469,15.583163015935726,15.196853327199042,14.680779893222454,0.5160734339765886
6263.782481745334,14.518108025076005,15.199584402833024,14.67235198039042,0.527232422442604
6265.223456673713,14.436402463510944,15.202458777457842,14.663921478160137,0.5385372992977041
6266.664763096482,14.938749699553115,15.20548392462257,14.655468682794844,0.5500152418277261
6268.109842150043,14.562726033058313,15.208668783168266,14.646973751711151,0.5616950314571141
6269.551812581997,15.141207817836289,15.211998867732675,14.638477102026382,0.5735217657062921
6270.997557382793,14.847321788158979,15.21549087863064,14.629938315959954,0.5855525626706857
6272.440192129842,14.993111070142731,15.219129350941918,14.62139860751693,0.5977307434249872
6273.886602984582,14.798631241095222,15.222932866081083,14.61281787064938,0.6101149954317021
6275.329902352775,14.478160107056171,15.226884041773928,14.604237195814427,0.622646845959502
6276.773533750091,15.056611685965436,15.23099178808065,14.595635775889026,0.6353560121916239
6278.220943863837,15.633822197660265,15.235267081744778,14.586993235688428,0.6482738460563507
6279.665240341455,15.700479983412608,15.239690480537428,14.578351323130448,0.6613391574069805
6281.113317276354,14.908040837462977,15.244284000518379,14.569669427502532,0.6746145730158462
6282.558279140672,14.698127122802703,15.24902618986652,14.560989114604403,0.688037075262117
6284.007023203929,15.08107975292012,15.253939848895504,14.552268980861985,0.7016708680335185
6285.452650761495,15.063787549732298,15.259001807722878,14.543550710735566,0.7154510969873131
6286.898610883779,15.281726832379263,15.264223865410642,14.534813853678504,0.7294100117321384
6288.34835581795,15.543655052960162,15.26961939220751,14.526037892058515,0.7435815001489944
6289.794982093377,15.486488476476326,15.275163049036692,14.51726510673765,0.7578979422990422
6291.245394924353,15.929931641934447,15.280881484383855,14.508454018281249,0.7724274661026057
6292.692687659819,16.41805060051502,15.286747457717372,14.49964685428479,0.7871006034325805
6294.143768695297,16.08354293061575,15.292788793524739,14.490801754938705,0.8019870385860347
6295.591728197842,15.986027880026997,15.29897656761532,14.481961111976492,0.8170154556388283
6297.040020801566,15.01640242151632,15.305324863515775,14.473104279907623,0.832220583608151
6298.492104322466,15.00344279054059,15.311849217627831,14.464210455394234,0.8476387622335978
6299.941064153906,15.074976854141823,15.318518158352425,14.455322245987727,0.8631959123646993
6301.393816648995,15.015967719666607,15.325362912602031,14.446397361059272,0.8789655515427581
6302.843444015543,15.404239209274467,15.3323505275566,14.437478760298415,0.894871767258184
6304.296865793018,15.32806526157947,15.339513962980835,14.428524382126884,0.9109895808539504
6305.747161002206,15.398917723186742,15.346818471441559,14.419577213528285,0.9272412579132729
6307.197789849902,15.854964615689257,15.354279964091521,14.41061606025982,0.9436639038317024
6308.652215729909,15.866730458201575,15.36191587869472,14.40161970616023,0.9602961725344915
6310.1035128816275,15.30047417045978,15.36968924869425,14.392631621950226,0.9770576267440237
6311.558608814947,14.895005035166152,15.37763625412035,14.383609307111026,0.9940269470093245
6313.010574578574,15.03037723234047,15.385717865037185,14.3745959471939,1.0111219178432853
6314.466340873902,15.145944886029383,15.393971344538176,14.365548708160759,1.0284226363774176
6315.918975557469,15.599124847601615,15.402355980775631,14.356510848103621,1.0458451326720097
6317.375412523637,15.644467796432991,15.410910385149819,14.347439496309569,1.0634708888402504
6318.828716435314,15.262396389702758,15.41959261828757,14.338378410329106,1.0812142079584648
6320.282354677646,15.15060709620002,15.428421388962906,14.329306376015307,1.0991150129476004
6321.739797829402,15.215176737115371,15.43741651347644,14.320201873726575,1.117214639749866
6323.194105762183,15.199319969340651,15.446533373690679,14.311108511930453,1.1354248617602258
6324.6522203573095,15.309813037086087,15.45581390095614,14.3019834364538,1.1538304645023414
6326.107198289066,15.145021637085733,15.465212365570391,14.29287078582573,1.1723415797446597
6327.565984636894,15.153745879948701,15.474771204106824,14.283726960823508,1.1910442432833173
6329.021632876295,15.479325745695862,15.48444255860272,14.274595572350727,1.2098469862519934
6330.477615985658,14.521069513508339,15.494247150796934,14.265455483324466,1.2287916674724686
6331.937410142155,15.606966553778761,15.504206862280839,14.25628545455644,1.2479214077243987
6333.394064022248,15.579660448463871,15.51427205807295,14.247129634400771,1.2671424236721778
6334.854530705221,15.358374880883161,15.524488303089896,14.237944632757067,1.2865436703328288
6336.311855665065,15.194405605831207,15.534804343213818,14.228774459523116,1.3060298836907016
6337.772995184347,14.617587770429623,15.545266707075161,14.219575610844661,1.3256910962304997
6339.230991533109,15.656561963605213,15.555822784619716,14.21039216629043,1.3454306183292866
6340.689323292016,15.644140785071727,15.566494403709742,14.201202445067853,1.3652919586418886
6342.151472245663,15.393609370085414,15.577304352951105,14.191984657144715,1.38531969580639
6343.61047585732,15.416728679337213,15.588197981701764,14.182782866973259,1.4054151147285057
6345.073298422298,15.525075817105517,15.599224490036578,14.173553802452112,1.4256706875844665
6346.532974196226,15.227984025448905,15.610328637558734,14.164342208441042,1.4459864291176925
6347.996470682866,14.587422613976289,15.621559944938772,14.155104266720684,1.4664556782180884
6349.456818928731,15.72235297225541,15.63286133617752,14.145884087411993,1.486977248765527
6350.917503125792,15.19254991485343,15.644255816924234,14.136659860036083,1.5075959568881518
6352.382010675119,14.874432211976568,15.655767095855527,14.127409639620218,1.5283574562353097
6353.843367808696,15.269220289434202,15.667337071195252,14.118178172436295,1.549158898758957
6355.308550055957,15.030726569778608,15.679018076022041,14.108922586003779,1.570095490018262
6356.770580436074,15.508920930539604,15.690750418168394,14.099687046313456,1.5910633718549385
6358.236437692101,15.37427630081163,15.702585733795441,14.090427364585224,1.6121583692102177
6359.699141628921,15.343556932332376,15.714463485276122,14.081187788226472,1.63327569704965
6361.162182058858,15.804318566951112,15.726407762006245,14.071946678962973,1.6544610830432713
6362.62905200852,15.846464946893661,15.738443311007059,14.062682489756003,1.6757608212510544
6364.0927664604915,15.109016241582026,15.750508737873583,14.053439836568884,1.6970689013046987
6365.560312196443,15.71988922400749,15.762657200127734,14.044174846554018,1.7184823535737166
6367.024700980968,15.801571146197034,15.774826264373162,14.034931798674243,1.7398944656989188
6368.492922814546,15.623579781569903,15.787069434985625,14.025666828451673,1.761402606533952
6369.957986242288,15.177859356270687,15.79932382807309,14.016424369744328,1.7828994583287625
6371.423386705948,15.014721399257612,15.811613905364588,14.007182688813689,1.8044312165508984
6372.892622866739,15.348691930013274,15.823964361603283,13.997920024609417,1.826044336993865
6374.358698439697,14.731018687231881,15.83631173676851,13.98868095335095,1.8476307834175592
6375.82861147689,15.181053298562233,15.848710286022698,13.979421894296642,1.8692883917260545
6377.29536247017,15.049530379700627,15.86109595485396,13.970187176560202,1.890908778293758
6378.765952695603,14.897386045599776,15.873522782700723,13.960932972907802,1.912589809792921
6380.23337942037,15.060739383589748,15.885926546946285,13.951703681562122,1.9342228653841624
6381.7011437247265,14.945388424176373,15.898331776449869,13.942477644068347,1.9558541323815206
6383.172749913587,14.646479027202531,15.91076276574197,13.933233040089647,1.9775297256523234
6384.641190416261,14.92433624698333,15.923154777559601,13.924013892526862,1.999140885032739
6386.113474573394,15.249333008134501,15.935561590093418,13.91477643187141,2.020785158222007
6387.582591585914,15.422324644840616,15.94791893244809,13.9055650881537,2.042353844294389
6389.05555402366,15.32860502732035,15.96028069860339,13.896336490260985,2.0639442083424036
6390.525347857691,14.99988900442179,15.972582768374673,13.887135029941266,2.0854477384334076
6391.995479815861,15.006205970878343,15.98484921349182,13.877939048098934,2.1069101653928866
6393.469459855886,15.478961961972688,15.997103652255758,13.868726839268223,2.128376812987535
6394.940269103154,14.750020805248482,16.009282243555546,13.859542526712826,2.1497397168427206
6396.414928205084,14.979171718381851,16.021437694007638,13.850342598281077,2.171095095726561
6397.886415053474,15.885018141758223,16.03350683804237,13.841171291464235,2.1923355465781356
6399.361753530155,15.34296594794455,16.045542036726797,13.831985269038718,2.2135567676880803
6400.833918291837,15.098588650383476,16.057480710566267,13.82282861319398,2.234652097372287
6402.3064217230885,15.854065006121118,16.0693461528572,13.813679515328964,2.255666637528235
6403.782779443545,15.79386602307841,16.081160880722155,13.804516044752244,2.2766448359699125
6405.25596125643,15.677249043776442,16.09286323682132,13.79538169063813,2.2974815461831892
6406.732999134188,15.858824400391086,16.104504169346267,13.786233011317755,2.318271158028513
6408.206859641235,15.902934161799864,16.116023743255166,13.777113874271862,2.3389098689833028
6409.684577989643,16.30730931932669,16.12747279657454,13.767981111236168,2.3594916853383743
6411.159117503527,15.82603264665852,16.138792981528297,13.758878492122637,2.3799144894056585
6412.633996233289,15.96088609087019,16.150008327819105,13.74978454420966,2.400223783609443
6414.112735469617,16.3648528125201,16.161142492798305,13.740677929774485,2.4204645630238186
6415.58829367531,16.25922814283172,16.17214056058174,13.731602481969382,2.440538078612358
6417.0677141661035,15.974428826441908,16.183053907610333,13.722515288343338,2.460538619266995
6418.543952160763,16.705075958098977,16.193830296830964,13.713459864383445,2.4803704324475175
6420.024054219874,16.24737036941463,16.204522022403516,13.704393143065051,2.5001288793384635
6421.500972316678,16.245898161639616,16.21508065491924,13.695358648169648,2.5197220067495922
6422.978230176548,15.766025405217192,16.225536285640057,13.686335451769331,2.539200833870725
6424.459354770377,15.642290347288508,16.235919505752086,13.67730219900529,2.5586173067467963
6425.937293202243,16.76231345270935,16.246188953705264,13.668301767149742,2.5778871865555235
6427.419100149471,15.455914884146068,16.256404599400593,13.659291113443299,2.597113485957293
6428.897719466872,15.495512151429127,16.26653224566035,13.650313355179616,2.616218890480735
6430.380209081858,15.953857316550966,16.276638679112345,13.64132601588851,2.6353126632238357
6431.8595095984765,16.11687576338784,16.286698479770266,13.632372218112454,2.65432626165781
6433.3426821957255,16.1613860808817,16.29678730968752,13.6234093553029,2.6733779543846197
6434.822664225391,16.281035466742537,16.306890333219904,13.614480090390707,2.6924102428291974
6436.30298672298,16.142429928317483,16.317071327992107,13.605563056658617,2.7115082713334897
6437.787183976237,17.104196607768703,16.32740287354347,13.596637467238292,2.7307654063051783
6439.268188457699,16.634071153849504,16.337892548256782,13.587746562235402,2.7501459860213804
6440.753069479929,16.220546244700472,16.34865648869565,13.578847984835459,2.7698085038601916
6442.234756259451,16.434703227265345,16.359719851563614,13.569983779732937,2.7897360718306765
6443.720321365664,16.35134684931029,16.371224398128017,13.561111260090449,2.810113138037569
6445.202690757584,16.790848805550926,16.383218956669797,13.552273506855915,2.8309454498138815
6446.685401166634,16.418440650210982,16.395848965000805,13.543450143418688,2.8523988215821174
6448.171992581733,16.8597720314566,16.409282205221366,13.534620276625773,2.874661928595593
6449.655386074765,16.6842050161182,16.42360850624741,13.525826244565572,2.897782261681841
6451.1426623618245,17.038854747253257,16.439070625532644,13.517026026270553,2.9220445992620894
6452.626739253536,19.072604067888165,16.45579029226314,13.508260840134891,2.9475294521282476
6454.114700728075,17.60292701935737,16.474068451217608,13.499489206750347,2.9745792444672596
6455.599461333308,16.966325203283194,16.494064676423033,13.490753544687248,3.0033111317357846
6457.084563505766,16.687347739762803,16.51609374386062,13.482032971037508,3.0340607728231115
6458.573552944732,16.72074229757095,16.540519509247858,13.473306856456226,3.0672126527916337
6460.059339303057,16.952484348920283,16.567560140748434,13.464616963259683,3.10294317748875
6461.549014718751,16.86619800170024,16.59771290342313,13.45592190210095,3.1417910013221775
6463.035485578147,16.64607864331151,16.631235255923055,13.447263205420448,3.183972050502607
6464.5258472866,17.771938047886806,16.668724718962082,13.43859970310579,3.23012501585629
6466.013002962417,16.551771981299343,16.710474642101953,13.429972763186928,3.2805018789150258
6467.500500756442,15.941974590459724,16.75707656261635,13.421361899744252,3.3357146628720993
6468.991892087533,16.61437824074847,16.809204614948705,13.412746843034945,3.396457771913758
6470.480075171086,16.35539312241895,16.86719031922287,13.404168858767829,3.4630214604550433
6471.972153585456,16.76830603440192,16.931926230647996,13.395586951103535,3.5363392795444586
6473.461022274251,17.125716319277448,17.0037502174464,13.387041691978332,3.6167085254680655
6474.953788088439,16.924076386046753,17.08368404442374,13.378492598861659,3.7051914455620842
6476.443342698334,18.58666255845208,17.17205068107001,13.36998076608122,3.8020699149887904
6477.933239978308,18.912453865280217,17.269755324435724,13.361485992896451,3.908269331539272
6479.427037076021,15.37943756446532,17.37780995313897,13.35298813114752,4.024821821991453
6480.917620750966,17.71217901988837,17.49645533604717,13.344527714469663,4.151927621577505
6482.412106040295,17.493323054790952,17.627020530313935,13.33606449232595,4.290956037987987
6483.903376426432,17.55721503360826,17.769641158022296,13.327638783124517,4.442002374897778
6485.398550224424,17.923316728880764,17.925746127811323,13.319210323840121,4.6065358039712025
6486.890507638122,17.82703749231189,18.095316756968828,13.310819237193144,4.784497519775682
6488.38280827466,17.939466362252123,18.27940081204222,13.302445705931039,4.976955106111182
6489.879015019745,19.005670489421504,18.479141824642817,13.29407010470511,5.185071719937706
6491.372003158481,18.172847410303692,18.694184188723963,13.285732177042664,5.408452011681298
6492.868899205301,19.026596589945147,18.92608457937874,13.277392125191593,5.648692454187145
6494.362575162964,19.477143387744945,19.17418739193625,13.269089799379792,5.905097592556459
6495.860160829085,19.043620880210483,19.44003353843649,13.260785568588393,6.179247969848099
6497.3545249225535,19.690614828419942,19.722606822962806,13.252519187795134,6.4700876351676735
6498.849232792519,20.143905107077902,20.02265072508869,13.244271191322245,6.7783795337664445
6500.3478530719785,20.490973165166455,20.34094444773905,13.236021743850664,7.104922703888389
6501.843249553151,20.689822338787966,20.675832435878586,13.227810049517533,7.448022386361052
6503.342560246263,21.105692799307352,21.028624121504954,13.219597150786129,7.809026970718827
6504.838645655886,21.631341893112225,21.397198105439465,13.211422200980799,8.185775904458668
6506.338647080723,22.120162153166348,21.782718110814372,13.203246216823121,8.579471893991252
6507.835421736184,23.249013252042687,22.18261117614587,13.195108243491841,8.987502932654026
6509.332540722688,23.473337792675466,22.59691736417539,13.186988705487217,9.409928658688175
6510.8335784298015,23.52075312676016,23.0257275011393,13.178868307252351,9.84685919388695
6512.3313871383125,24.08887035867429,23.466025201158157,13.170786040553928,10.295239160604229
6513.833116372788,24.423955879974983,23.918997331083716,13.162703208567933,10.756294122515781
6515.331615121061,24.124867874386155,24.381768918742438,13.154658192051642,11.227110726690796
6516.834036201482,25.288342778597325,24.856206312996605,13.14661310008525,11.709593212911354
6518.333225307417,24.887537166772972,25.340327260951767,13.138606899097834,12.201720361853932
6519.832759299837,25.26887443956366,25.836451408129612,13.130620763535358,12.705830644594252
6521.336218334164,25.882689210941862,26.348321493146063,13.122635090897283,13.22568640224878
6522.836443161183,26.3866465511162,26.877751542230634,13.114687426426254,13.763064115804381
6524.340594838375,27.2440073020166,27.433753796010546,13.106739609195213,14.327014186815333
6525.841510818261,27.47751705333485,28.02281722146006,13.098829299781823,14.923987921678236
6527.346355457417,28.144163202387517,28.659982495642716,13.090918712717666,15.569063782925047
6528.847962908582,28.266452318513988,29.357671999552846,13.083045669277013,16.274626330275833
6530.349915802569,28.09281322557854,30.135963145684627,13.075191572856024,17.060771572828603
6531.855800069958,30.47399701462246,31.018451994008462,13.067337736579862,17.9511142574286
6533.35844491293,35.706690981321344,32.02411223190482,13.05952128950624,18.96459094239858
6534.8650229404875,35.99204976293163,33.18122645172018,13.051705276686778,20.1295211750334
6536.368360051227,34.98792788905417,34.50577046334443,13.043927344482338,21.4618431188621
6537.875632158566,34.2372043610933,36.02098378453152,13.036150516194848,22.98483326833668
6539.379661855999,36.195905230967355,37.728809257253275,13.028411678075237,24.70039757917804
6540.884037553489,39.45524979476591,39.63088596626295,13.020691982729542,26.61019398353341
6542.392350966087,41.15140388039982,41.716832271845306,13.012972716958132,28.703859554887174
6543.897419728746,44.159073146096944,43.94504637108088,13.00529052513772,30.93975584594316
6545.406428020619,47.61149362269725,46.277116464268076,12.997608885493673,33.2795075787744
6546.9121901677445,48.45122727925673,48.63621280209627,12.989964796820384,35.64624800527588
6548.421893659022,48.45100139189071,50.95294383163471,12.98232206222431,37.9706217694104
6549.928349510054,51.72701959521783,53.12519513227207,12.974717200626976,40.15047793164509
6551.4387485210145,58.61927389425637,55.06688750383918,12.967113859666291,42.09977364417289
6552.945898395544,61.13052152737328,56.674399391146174,12.959547591068741,43.71485180007743
6554.453394987921,59.468563111717685,57.867611513717094,12.951999430774087,44.91561208294301
6555.964837464373,59.94364101480688,58.578768094676775,12.944451661129726,45.63431643354705
6557.473028559715,59.90208824584944,58.75786814858115,12.93694056488513,45.820927583696026
6558.985167357,58.721170109106886,58.385712373198984,12.92943046835179,45.456281904847195
6560.494053275266,57.975747054455496,57.47264223613688,12.92195721381287,44.55068502232401
6562.006888714178,53.85892354287898,56.05089691236205,12.914485041134707,43.136411871227345
6563.51646977547,54.57831701849319,54.18848942090624,12.907049305511748,41.28144011539449
6565.026398113901,50.227542487255505,51.96320184991073,12.899632193646973,39.06356965626376
6566.540278701523,46.095873447856775,49.46216076878119,12.89221616161944,36.569944607161744
6568.050902663225,44.98819009645377,46.79617598562082,12.884836621488724,33.9113393641321
6569.565480694915,42.726240690900575,44.04988335699002,12.877458438246808,31.17242491874321
6571.07680060036,40.215925499817786,41.32521925177575,12.870116738553456,28.455102513222293
6572.592076397432,37.743060332742296,38.68518272426567,12.862776297658044,25.822406426607625
6574.10409256724,37.703012604025844,36.20187856575028,12.855471917601097,23.34640664814918
6575.616456574381,37.05901297671471,33.910800748278334,12.848186124682439,21.0626146235959
6577.132779206094,34.49896053955241,31.832073605875596,12.840901981832491,18.991171624043105
6578.645839958616,31.53869610155084,29.985000715318833,12.833654589459524,17.15134612585931
6580.162861159447,28.13392997938763,28.35735209045702,12.826409616647247,15.530942473809773
6581.67661897834,27.240703042639325,26.943787857762235,12.819201394890559,14.124586462871676
6583.19433907012,26.11580234607095,25.717912460211718,12.811994854127743,12.905917606083975
6584.708794276523,24.657013856561207,24.66242131830642,12.804823528125816,11.857597790180606
6586.223597881356,23.962386566692885,23.7499958986189,12.797670325186026,10.952325573432875
6587.742366496427,23.762371183879395,22.9554827000005,12.790518766070704,10.164963933929794
6589.257867970562,22.114430917903064,22.261311242700536,12.78340350042625,9.477907742274287
6590.777336281615,21.918351491112507,21.64556907912789,12.776290333148342,8.869278745979546
6592.29353594656,21.778902814960816,21.095745325400266,12.769212591569062,8.326532733831202
6593.813704275944,20.59761038810598,20.59677573247115,12.7621360036709,7.83463972880025
6595.330602453357,19.46458956604886,20.141402281235813,12.755094631315519,7.386307649920296
6596.847849591202,19.56639516329324,19.721125566584046,12.748071932460771,6.973053634123275
6598.369068135253,18.825420251134236,19.329708780200626,12.74105100266463,6.588657777535995
6599.887014268135,17.909624277264133,18.96516111337879,12.734065150315597,6.2310959630631935
6601.408933636848,18.42803184237016,18.62298790879294,12.727080963208731,5.8959069455842075
6602.927579086795,18.434502464767547,18.30286051177922,12.720131632066295,5.582728879712925
6604.4501996030385,17.73074249615934,18.00182192015201,12.71318399141774,5.28863792873427
6605.969544692223,17.82566772183077,17.720223407223507,12.706271214050485,5.01395219317302
6607.48923930475,17.37402037977097,17.456449116319774,12.69937690131258,4.757072215007194
6609.012911729765,17.019202546410046,17.209163757519505,12.69248454246138,4.516679215058124
6610.5333064648785,17.024874683234547,16.978826358796773,12.68562663512769,4.293199723669084
6612.057680845058,16.68561549885715,16.76362972770537,12.678770170229903,4.084859557475469
6613.578776025307,16.321802883113495,16.563886866758125,12.671947798170251,3.8919390685878725
6615.103852684039,16.59193396699743,16.377915801541825,12.665127190365315,3.7127886111765087
6616.625648632116,16.17011426364059,16.20586013610079,12.658341074407307,3.5475190616934813
6618.147794667349,15.608416435476899,16.046507194670053,12.651573210303727,3.394933984366324
6619.673924931691,15.805644998577122,15.898758332226551,12.644807316961856,3.2539510152646955
6621.196772218882,15.850253813468953,15.76255456343599,12.638075551849631,3.1244790115863577
6622.723605570712,15.434462150867946,15.636486655019832,12.631345695866234,3.0051409591535982
6624.247154432926,15.242341006177186,15.520410282783162,12.624649648904391,2.8957606338787705
6625.774691196158,15.303049549092066,15.413042298847952,12.617955477161953,2.7950868216859996
6627.29894195661,15.723021441262974,15.31418980972699,12.611295129851488,2.7028946798755027
6628.823543368947,15.093884414656372,15.222910531885852,12.604652676698983,2.6182578551868687
6630.35213543736,14.868779774631664,15.138364459455385,12.59801232912049,2.5403521303348944
6631.877439232845,15.114532095868412,15.060338801540933,12.591405664514316,2.4689331370266174
6633.406735522899,14.696899188574662,14.987878043361846,12.584801036444002,2.403077006917843
6634.93274202512,15.092044483262272,14.920781364197305,12.57822973357326,2.3425516306240453
6636.462742861249,14.812833252584028,14.858217036494912,12.571660260785997,2.2865567757089145
6637.989452393942,14.664039143312834,14.800009384532332,12.56512391419217,2.234885470340162
6639.516513144156,14.914684815280795,14.745567015252124,12.558604992624616,2.1869620226275086
6641.047570987782,15.26427440675741,14.694369604746376,12.552087975919449,2.142281628826927
6642.575335254161,15.294710102730505,14.64629216647363,12.54560407175057,2.1006880947230595
6644.107098455409,14.785326212577274,14.600767873750318,12.539122366506106,2.0616455072442106
6645.63556656206,13.894543324597295,14.557708285020516,12.532673658981636,2.0250346260388787
6647.1680354458895,14.668143201561636,14.516631461371365,12.526227307244561,1.9904041541268032
6648.697207717073,14.711957470776497,14.477485075103152,12.519814011201191,1.9576710639019599
6650.226731772327,13.99985148931353,14.439947141537575,12.513418181824743,1.9265289597128306
6651.760259368714,14.897257342333093,14.403735057998064,12.507024304139655,1.8967107538584091
6653.290488074977,15.534375284772636,14.368845398023993,12.500662762236676,1.8681826357873161
6654.824722166799,14.388813774005826,14.334955982200345,12.494303467468086,1.8406525147322597
6656.3556558487,13.570317469747579,14.302091486940705,12.487976819515495,1.81411466742521
6657.890596761443,13.66196470201453,14.26997467649158,12.481652559401613,1.7883221170899675
6659.422235743766,14.071927945252924,14.238653627639104,12.475360595954935,1.7632930316841697
6660.957883803058,14.107913641277037,14.207887626032491,12.469070897904832,1.7388167281276603
6662.490228410734,13.769103605034388,14.177744672326767,12.46281354558625,1.714931126740517
6664.022925532274,14.055004778982836,14.14808339513219,12.456573689504054,1.6915097056281356
6665.55963450047,14.53788104939406,14.118776526645272,12.450336415909714,1.6684401107355582
6667.093037734847,14.106163014190429,14.089914081503606,12.444131295091566,1.6457827864120393
6668.630454664137,13.649152160486437,14.061316365498941,12.437928787412808,1.6233875780861335
6670.1645643366555,14.25120502924824,14.033084089111432,12.431758229803236,1.601325859308195
6671.702689553197,13.452441037050223,14.005052567969873,12.425589850812582,1.5794627171572913
6673.237505989315,14.28747308447987,13.977330802956065,12.4194530481894,1.5578777547666647
6674.772675507938,14.010121484675324,13.949831587696913,12.413333085962488,1.536498501734424
6676.3118633447375,13.822520713902124,13.922473533274987,12.407215313695122,1.515258219579864
6677.8477401152295,14.037641657668475,13.895373798198268,12.401128902321982,1.4942448958762855
6679.387637055134,13.40721497179777,13.86839291740946,12.395045042701824,1.4733478747076363
6680.924221403327,13.512913186209973,13.84165192482689,12.388993086661348,1.4526588381655414
6682.464827773022,14.13849905329505,13.815017711561351,12.382944295472377,1.4320734160889743
6684.002120024895,13.553496740771381,13.788613325395747,12.376927243799202,1.4116860815965464
6685.53976592883,13.27640123420156,13.76237297328533,12.370926941238338,1.3914460320469937
6687.0814366329005,13.631259779820311,13.736234771262517,12.364928984504413,1.371305786758104
6688.619790929573,13.437458926169485,13.71032558993362,12.358962093148861,1.351363496784759
6690.1621718806055,13.67946309308877,13.684526355109652,12.352998080673078,1.331528274436573
6691.701234896375,13.607935595980736,13.658966141323408,12.347065111476944,1.3119010298464642
6693.244326421579,12.91475687451191,13.633531444873054,12.341134594149015,1.2923968507240389
6694.784098482951,12.75603160092794,13.608354683902588,12.335234962705762,1.2731197211968261
6696.324224766861,13.41696490089828,13.583388560063115,12.329352154853066,1.2540364052100499
6697.868382343319,13.776362206615547,13.558589835436162,12.323472182716891,1.2351176527192715
6699.409218162679,13.234568732633875,13.53409390913577,12.317623086105225,1.2164708230305439
6700.954087131801,13.838264537993838,13.509802228912761,12.311776973628799,1.198025255283963
6702.495632813491,13.691663637450803,13.485848788885344,12.305961677863117,1.1798871110222269
6704.041213503015,13.57746050104845,13.4621363527287,12.300149374447276,1.1619869782814243
6705.58346937407,13.962829600662758,13.438792212222493,12.294367680532034,1.1444245316904593
6707.126080039062,14.103978998552748,13.415769704558182,12.288602718181984,1.127166986376198
6708.6727284994895,14.272079911124933,13.393019570120781,12.282840869624355,1.110178700496426
6710.216049844484,14.205867333611423,13.370647590862424,12.27710961939665,1.0935379714657736
6711.763410845122,13.838822689915675,13.348536403486913,12.271381599068732,1.0771548044181805
6713.307443197528,13.388792018481242,13.326772534719495,12.265684110714346,1.0610884240051484
6714.855517066647,13.258690088747699,13.305225302988251,12.259989971591462,1.0452353313967893
6716.400260754026,13.486866534290472,13.283963620940566,12.25432626595952,1.029637354981046
6717.94535980766,13.264405564427307,13.262896867331797,12.248679334470111,1.0142175328616863
6719.4945031701045,13.239367525863031,13.241932966165919,12.24303568068597,0.9988972854799493
6721.040314050139,13.731573469810087,13.221128344872632,12.237422151996721,0.9837061928759099
6722.590171102199,14.429250239119597,13.200341455709616,12.231812050333502,0.9685294053761132
6724.136694136573,14.27851638775769,13.179632353511025,12.226232216856495,0.9534001366545298
6725.6872652070415,13.116157787390193,13.158867788998428,12.220656074548078,0.9382117144503505
6727.234500723845,13.352776116588416,13.138118047908822,12.215110152913937,0.9230078949948848
6728.782092180146,12.819312895877829,13.11731148922495,12.209581090849984,0.9077303983749662
6730.333734469142,12.600077387473561,13.096382537101096,12.204055696762602,0.8923268403384949
6731.882038900093,12.601440591461484,13.07542173410514,12.198560215547936,0.8768615185572036
6733.434396029957,12.7889192254612,13.054326393135407,12.193068352378116,0.8612580407572902
6734.9834137640255,13.220844761849891,13.033200830661958,12.18760623885499,0.8455945918069687
6736.536486064082,12.74014331398587,13.01195464792316,12.18214783763154,0.8298068102916195
6738.086217429887,12.774139362570963,12.990705999385376,12.176719177557167,0.813986821828209
6739.6363053093555,12.912219581540171,12.969427736304864,12.171307113464596,0.7981206228402669
6741.190450555925,13.092648428442432,12.948098906490468,12.165898742216864,0.7822001642736044
6742.741252560145,13.243084161013144,12.926856891897053,12.160519927303476,0.766336964593577
6744.296113800694,12.964026586275736,12.905641040562385,12.15514516020924,0.7504958803531442
6745.847630258662,12.174501650007416,12.884596170840235,12.14980019105078,0.7347959797894542
6747.4032078230475,12.43069732202639,12.863666921723345,12.144459606812479,0.719207314910867
6748.955439063913,12.360458170883817,12.842996754338865,12.139148799356569,0.7038479549822955
6750.508027393535,12.41110815951788,12.822576110227658,12.133855031282597,0.6887210789450622
6752.064679635207,12.593199642497893,12.802392647034871,12.128565881300052,0.6738267657348197
6753.617983241535,12.379055792919416,12.782570912794622,12.123306617889131,0.659264294905491
6755.175352632156,12.84279336225552,12.763036777572026,12.118052128331357,0.6449846492406691
6756.729371844721,12.409874972095281,12.743895311812341,12.112827325793656,0.6310679860186851
6758.2874587146825,12.428796978894868,12.725059263894494,12.107607174201348,0.6174520896931457
6759.84219386316,12.67231275254835,12.706615368097127,12.102416464474423,0.6041989036227032
6761.397286676417,12.797560730509874,12.688509632781532,12.097242719856823,0.5912669129247083
6762.956449957228,12.791707358473104,12.670687001764039,12.09207366684592,0.5786133349181195
6764.5122592010075,12.087116071826017,12.653216572642428,12.086933966629939,0.5662826060124888
6766.0721407876035,12.599102919882968,12.635997802484086,12.081799150654547,0.5541986518295388
6767.628666791963,12.771281624731161,12.619095406430016,12.07669367294054,0.5424017334894768
6769.1892670152665,12.649385184897938,12.602412118472188,12.071593085892221,0.5308190325799657
6770.746510110417,13.76489579619306,12.586012250280978,12.066521529007215,0.5194907212737641
6772.304111447296,15.57771807977588,12.569842615590758,12.061466792553134,0.5083758230376239
6773.865789817812,13.190382799904,12.553854349904439,12.056416972974365,0.4974373769300751
6775.424108740889,12.627836580819123,12.538114456470549,12.05139623495985,0.4867182215106991
6776.986506575888,12.765047396088903,12.522540343461378,12.04638067265265,0.47615967080872784
6778.545543415755,12.80540243668702,12.507200155371109,12.041394135982284,0.46580601938882565
6780.108661046696,12.674601832077201,12.492015850940392,12.036412757774823,0.4556030931655696
6781.6684161340945,12.586050044703825,12.477056005586428,12.031460281367696,0.4455957242187327
6783.232253892587,13.081179391422666,12.462246375891908,12.026513245075762,0.4357331308161456
6784.792727558416,12.392978071797984,12.447655069673765,12.021595247583114,0.4260598220906505
6786.353560209161,12.068760096740107,12.433244473014103,12.01669442131153,0.41655005170257187
6787.918478351529,12.517489289222683,12.41897889855185,12.011799000375621,0.4071798981762299
6789.480030077137,12.99943180430114,12.40492455602607,12.006932212285452,0.3979923437406186
6791.045669176551,12.820117947943913,12.391012824776295,12.00207083062499,0.38894199415130354
6792.607940308297,12.477998399129433,12.377308618641656,11.997238150050052,0.38007046859160515
6794.174300696904,12.41149032942201,12.363745195619694,11.992411230740682,0.3713339648790123
6795.737291566219,12.070748430880485,12.350385763952978,11.987613123233118,0.3627726407198616
6797.300641999532,11.841784006153944,12.33719634337202,11.982832280829218,0.3543640625428007
6798.868084514783,12.262767138277356,12.324144594112138,11.9780573507485,0.3460872433636373
6800.432155182898,12.85397347357457,12.311291199117948,11.973311081266623,0.3379801178513252
6802.000319818173,12.142497875458618,12.298573172311587,11.968570685260321,0.33000248705126467
6803.565111052903,12.58210358229178,12.286049418410219,11.963858593829539,0.32219082458068093
6805.133998140883,13.055550368470563,12.27365857064452,11.959152265498176,0.31450630514634287
6806.699510274193,12.740557003057347,12.261458355192055,11.954474384187503,0.30698397100455177
6808.265382551512,12.514622358292401,12.249417698504974,11.949813909676521,0.2996037888284521
6809.835353511718,13.400764048879978,12.237506734750397,11.94515966712882,0.2923470676215763
6811.401947185654,13.915343348451529,12.225780352420754,11.940533586346813,0.28524676607394023
6812.972641430736,14.540686255288279,12.214180818332084,11.935913441356437,0.27826737697564613
6814.539956833634,13.77015687054336,12.20276183916586,11.93132132627699,0.2714405128888689
6816.111374696811,12.662176713647796,12.191467411213326,11.926735462783565,0.264731948429761
6817.679412161173,12.346493866448782,12.180349757454252,11.922177772042545,0.2581719854117061
6819.247810350491,12.51035019781773,12.169380090220367,11.917637247940693,0.2517428422796735
6820.820313834292,12.391039643005913,12.15853103854996,11.913103059368868,0.24542797918109185
6822.389434583913,12.641861296991578,12.147852612948478,11.908596813501756,0.2392557994467215
6823.962662519323,12.199223183599543,12.137292318170086,11.904097155216789,0.23319516295329748
6825.53250616213,11.77110358666846,12.126898875544873,11.899625623877764,0.22727325166710938
6827.106458882903,12.121838374558822,12.116620993580328,11.895160882362909,0.22146011121741999
6828.677025751932,12.733550554814999,12.106505754670245,11.89072401657031,0.21578173809993487
6830.247953927806,12.444213791625318,12.096526720443178,11.886304258256942,0.21022246218623572
6831.822994020419,12.591065532208518,12.086658858147821,11.881891108336472,0.20476774981135015
6833.394645922158,12.117989096246106,12.076947500806225,11.877505613690882,0.19944188711534247
6834.970411634995,12.41521353106532,12.067344549150812,11.873126790342294,0.19421775880851758
6836.542787596021,12.903488772184007,12.057893918026346,11.86877536309894,0.1891185549274051
6838.119279263375,12.262290410871175,12.048548883365603,11.864430637719263,0.18411824564634077
6839.69237961726,13.654601036542203,12.03935236975371,11.86011340941954,0.17923896033416953
6841.265841860814,11.08685923584494,12.030280337440502,11.855813349915525,0.1744669875249768
6842.84342265405,12.085508594291127,12.021309893774955,11.851520248479304,0.16978964529565096
6844.417609790914,13.48765714007152,12.012482071134535,11.847254532711897,0.16522753842263807
6845.995917374874,12.604244484057062,12.003753080851508,11.84299585781968,0.16075722303182863
6847.570829739006,11.976946075545925,11.995162952866378,11.838764622405382,0.1563983304609963
6849.149864448521,11.8537599764486,11.986669144096208,11.83454074349675,0.15212840059945829
6850.725502374032,12.188096917524717,11.978310436549178,11.830344310982461,0.14796612556671698
6852.301502772978,11.828448771767285,11.970064770270534,11.826165178125073,0.14389959214546158
6853.881628365247,14.026053110472503,11.961911230362896,11.821993419676435,0.13991781068646042
6855.458354826828,15.497077603407547,11.953887209965844,11.817849081823617,0.13603812814222652
6857.039208382209,11.667175698822462,11.945952766555948,11.813712349730029,0.1322404168259194
6858.616661240923,13.208980421939602,11.938143955227623,11.80960278734064,0.1285411678869826
6860.198243094788,12.220917563827356,11.930422134125443,11.805500997421532,0.12492113670391093
6861.776422685287,11.778117914702648,11.922822676640532,11.80142668559768,0.12139599104285334
6863.354965333928,12.429612537350067,11.915325523441942,11.797370071056935,0.11795545238500627
6864.937639830249,12.360203390947733,11.907911415942875,11.793321353028922,0.11459006291395299
6866.51690971274,11.591834382464981,11.900613929728175,11.789299614486904,0.11131431524127068
6868.100313346452,13.71174397365053,11.893396574910978,11.78528552616352,0.10811104874745944
6869.680310797828,12.479146222140459,11.886292193118837,11.781298182116238,0.10499401100260018
6871.2644439048445,12.76129530187552,11.879265426364242,11.777318599617331,0.10194682674691044
6872.845169260298,13.219216271536768,11.872348343620601,11.77336581491755,0.09898252870305096
6874.426258259541,12.512896683879944,11.865522641151776,11.769430330880205,0.09609231027157067
6876.01148577156,12.243726934600204,11.858770843304024,11.76550275579958,0.09326808750444282
6877.593303177756,12.115288954243056,11.852123569341925,11.761601693005655,0.09052187633626933
6879.179261003337,11.619701266298991,11.84554754506672,11.757708398425539,0.08783914664118171
6880.761807152064,12.456750540439089,11.839072552707375,11.753841280807645,0.08523127189973015
6882.348495627663,11.090229160154195,11.832666191576877,11.749981777372092,0.08268441420478487
6883.931770854649,9.659882779282613,11.826357751621696,11.746148419349865,0.08020933227183119
6885.515410312019,12.732407984998531,11.820130739678111,11.742332206995254,0.07779853268285673
6887.10319495801,12.140283653952226,11.813969131866875,11.738523979160124,0.07544515270675053
6888.687563997328,12.343462773188548,11.807900877635811,11.73474179811327,0.07315907952254157
6890.276080134952,12.11360136549115,11.801895749956305,11.730967655486204,0.07092809447010075
6891.861179092336,11.973402795816241,11.795981214543094,11.727219678668245,0.06876153587484818
6893.45042705859,12.152696952693873,11.79012773866928,11.723479948774006,0.06664778989527428
6895.036256270313,12.035973596202098,11.784361746816982,11.71976607578128,0.06459567103570164
6896.62245029996,12.486362798165146,11.778667978606912,11.716069131611942,0.0625988469949697
6898.21279620484,11.8797435900334,11.773031866404782,11.71238033524929,0.06065153115549301
6899.799720993326,12.959817464135767,11.767478950904112,11.70871715308251,0.0587617978216016
6901.390799569809,12.817903726437521,11.761981502494153,11.70506206052611,0.056919441968042536
6902.978455453793,11.28239627029734,11.756564530398785,11.701432457130338,0.05513207326844736
6904.570267039423,11.738537720301908,11.751201026829424,11.69781101616013,0.053390010669293594
6906.158654355719,12.288193913238956,11.745915323456975,11.694214901911469,0.051700421545506414
6907.751199288192,12.188672142328869,11.740681010426343,11.690626883434465,0.050054126991877744
6909.340318373772,11.943764272117393,11.735521943639979,11.68706406999041,0.04845787364956982
6910.929803034109,12.36646519886142,11.730424464972513,11.683517852129668,0.04690661284284513
6912.523448182929,12.454277599100692,11.72537550041069,11.67997975709078,0.04539574331990899
6914.113665118096,11.267399713131567,11.720398034336958,11.676466614719331,0.043931419617626574
6915.708044458481,11.929526801565318,11.71546721233742,11.672961586032223,0.04250562630519767
6917.298994005836,11.996075583530569,11.710605447857043,11.669481300086904,0.041124147770138626
6918.894107876027,12.015022543004308,11.705788610929167,11.666009211942349,0.039779398986818156
6920.485790373084,11.374991704182094,11.701038510467555,11.66256169734055,0.03847681312700529
6922.077839034609,11.119112537135265,11.696342407194457,11.659130217257609,0.0372121899368479
6923.674054895908,12.44396951807835,11.691688517307009,11.655706808331875,0.03598170897513413
6925.266837013496,11.659407537369134,11.687098136411764,11.652307825728585,0.03479031068318038
6926.8637882506855,11.863353623010994,11.682548304231302,11.648916900960831,0.03363140327047035
6928.45730416224,12.143452643569617,11.678059776827054,11.645550156711746,0.03250962011530781
6930.054991114109,11.879747529929318,11.673610264083205,11.64219152872726,0.031418735355946165
6931.649241157687,11.613143966191389,11.669220089726906,11.638856997989599,0.03036309173730751
6933.243857956395,11.874910651039613,11.664877702362338,11.635538483867442,0.029339218494895587
6934.842648676996,11.815894950071197,11.66057220955628,11.632228244866589,0.028343964689691616
6936.438000114906,12.743106115716841,11.656323674799252,11.628942408217753,0.027381266581497914
6938.037527397635,11.152059260107308,11.652110822619875,11.62566508320062,0.026445739419255543
6939.633613813196,10.890144829162127,11.64795260949288,11.622411542564116,0.025541066928762797
6941.233877997384,12.449201699858577,11.643828380625369,11.619166207627394,0.024662172997975004
6942.830699729201,11.725919546972477,11.639757028130989,11.615944525214644,0.023812502916344094
6944.427888807757,11.28575568821748,11.635727859823884,11.612738651772656,0.0229892080512282
6946.029258541173,12.608296010360277,11.631730392611232,11.609540685658231,0.022189706953000463
6947.627183443979,13.229414035473383,11.627782903915431,11.606365791473799,0.021417112441632007
6949.229290927671,12.169085606417639,11.623865956823348,11.603198901746271,0.020667055077076283
6950.827951993724,11.534498390456633,11.619997503118281,11.600055061359413,0.01994244175886753
6952.430797567574,12.840542368387219,11.616158433608279,11.596919272278956,0.01923916132932254
6954.030195136022,11.72270065200678,11.612366427797218,11.593806501063192,0.018559926734025484
6955.62996064378,11.84956530059367,11.608611589590732,11.590709173919517,0.017902415671214915
6957.233913550219,12.155881701894941,11.604884337018545,11.587619809712304,0.01726452730624079
6958.834416069187,11.781624422070422,11.601201677413233,11.584552972461086,0.016648704952145654
6960.4391079159695,11.323373814450633,11.597545412142669,11.581493985579456,0.016051426563212394
6962.04034778569,11.740357952216415,11.59393232896853,11.578457360012717,0.015474968955813309
6963.645778913245,12.283758903732974,11.590344509459868,11.575428484900531,0.014916024559336577
6965.247756473413,11.80337002094518,11.586798416678114,11.572421702932864,0.014376713745250819
6966.8501025664145,11.590191445866823,11.583284846719128,11.569429690735149,0.013855155983978584
6968.456642812799,11.996363195932645,11.57979488970691,11.566445236797424,0.013349652909486668
6970.059727105886,12.28346341153906,11.576344661851413,11.563482553799396,0.012862108052017221
6971.667007484601,11.92373646786325,11.57291721840266,11.560527517213867,0.012389701188793414
6973.270830317861,11.954525441170404,11.569528333526282,11.557594131173396,0.011934202352887365
6974.878851169884,11.657997054630188,11.56616130632169,11.55466833825766,0.011492968064030757
6976.483412883564,11.742067867045193,11.562831633342478,11.551763990126336,0.0110676432161429
6978.088343724557,12.156458239997733,11.559530644798235,11.548873929604955,0.01065671519328056
6979.6974754845305,12.28804813708996,11.556249942683193,11.545991122604669,0.010258820078524319
6981.3031457164025,11.960918578948055,11.553004587749422,11.543129157921815,0.009875429827607767
6982.913018802615,12.122921845936503,11.549778677123395,11.540274376050036,0.009504301073359589
6984.5194287660015,11.88267881249294,11.546587070564426,11.537440270944742,0.009146799619683899
6986.130043519982,11.500770254794022,11.543413969991013,11.534613143338895,0.008800826652118883
6987.737193555676,11.395401678340363,11.540274089806317,11.531806441102542,0.008467648703775353
6989.3447133141235,11.562002803866108,11.537159299006595,11.52901324180024,0.008146057206354437
6990.956440768064,11.724964778861478,11.53406159127802,11.526226627214086,0.00783496406393298
6992.564701110103,11.895764520138075,11.530995500131327,11.52346000110882,0.00753549902250709
6994.177171086117,11.835422387543645,11.527946174056613,11.52070028475243,0.007245889304182546
6995.786172352932,12.34643082811408,11.524927719605193,11.517960538663853,0.006967180941340508
6997.3993851931,12.129963753242123,11.52192520291532,11.515227484413352,0.006697718501967695
6999.009127726036,11.486232038853473,11.51895243399516,11.51251396407994,0.0064384699152209585
7000.619240578127,11.971129475871066,11.51600186182322,11.509813385853292,0.006188475969928712
7002.233567913153,11.74734338768053,11.513066100473463,11.507119226138453,0.005946874335009591
7003.844422543471,11.87266359706723,11.510158700981107,11.504444175348013,0.00571452563309323
7005.459493598336,11.388521306767416,11.507265399420314,11.50177536128016,0.005490038140153564
7007.071090348619,11.60855530074457,11.504399623910558,11.499125416910118,0.0052742070004403565
7008.686905465951,11.97897774854141,11.50154739610012,11.496481661052247,0.00506573504787253
7010.299244678093,11.102454657190378,11.498722060931287,11.493856704451897,0.004865356479391186
7011.911954806751,12.440726983737136,11.495916302552049,11.49124398750418,0.004672315047868499
7013.528886216738,11.780525191109064,11.493122863333657,11.488636931491587,0.004485931842069461
7015.1423393201885,11.79913331953378,11.490354641162545,11.486047783596803,0.004306857565742146
7016.760015649708,12.386234283283558,11.48759811914646,11.483464112362803,0.004134006783657711
7018.374212070238,12.082109777411802,11.484866149830525,11.480898170429207,0.0039679794013192105
7019.992633662476,11.2780952172526,11.482145332712046,11.478337567089557,0.0038077656224886187
7021.607573742531,12.531046471079435,11.479448317006952,11.475794398827237,0.0036539181797160727
7023.222885337431,11.543745326178168,11.47676836003296,11.4732625152375,0.0035058447954596735
7024.842425023015,12.01398372378037,11.474098795708569,11.470735781231117,0.0033630144774519566
7026.4584807912,12.40663506435135,11.47145194234883,11.468226026827328,0.0032259155215018658
7028.07876659795,12.112633464393753,11.46881473436282,11.46572102746866,0.0030937068941588727
7029.69556688226,12.83927109530407,11.466199375853538,11.463232538051862,0.002966837801675833
7031.316599153914,12.268037405718133,11.463593076922992,11.460748549645192,0.002844527277799527
7032.934144297349,12.900376254408116,11.46100796709864,11.458280778785447,0.002727188313192193
7034.555923377801,12.406539193550657,11.458431385757235,11.455817289652181,0.002614096105054418
7036.174213723518,11.864283438447842,11.455875298357233,11.453369668243859,0.0025056301133733958
7037.792876354802,11.906730563778865,11.45333332412086,11.45093196215441,0.002401361966450421
7039.415775848134,11.54839571666105,11.450799242278924,11.44849833402451,0.0023009082544143836
7041.035184196526,11.99193475291986,11.448284857954759,11.446080255149827,0.002204602804932897
7042.658831358885,12.923181685285044,11.44577774028306,11.443665894728337,0.0021118455547229006
7044.278985767935,12.170574887074963,11.443289479789549,11.441266537036537,0.0020229427530123133
7045.903380943773,11.254520193372855,11.44080800749958,11.438870668973184,0.0019373385263960984
7047.52428175719,11.571664741957761,11.438345172329106,11.436489858679696,0.0018553136494097614
7049.145555456709,12.316986672613893,11.435894635150008,11.434118097473434,0.0017765376765751825
7050.771072852769,12.447566643052255,11.433449863497994,11.431749148287373,0.0017007152106205574
7052.393093472314,12.600349240291962,11.431022322165745,11.429394229708834,0.001628092456912491
7054.019359743467,12.557715626554113,11.428600171268696,11.427041959925056,0.001558211343640208
7055.642127627141,12.027632836541898,11.426194494908055,11.42470319766333,0.0014912972447251784
7057.269143118396,12.138497567802347,11.423793584383741,11.42236665777401,0.0014269266097308797
7058.892658610464,13.389028412236371,11.421408774139609,11.420043468524842,0.001365305614767396
7060.516547590139,12.071289509920009,11.419034296536452,11.417728115501586,0.0013061810348663422
7062.144687111871,12.146818627982952,11.41666441899945,11.415415092227779,0.0012493267716701538
7063.769324216429,11.780171913775007,11.414310195979409,11.413115272954691,0.001194923024718655
7065.398213821266,11.624786358631582,11.41195997522108,11.410817352840684,0.0011426223803955437
7067.0235993953675,11.912557669842842,11.409624426460095,11.408531837029773,0.001092589430321865
7068.653239428874,11.52620359624882,11.407292000326697,11.406247496788357,0.0010445035383398744
7070.279373817339,11.490772112250625,11.40497373900997,11.403975224064496,0.000998514945474257
7071.905882295883,11.507726797688067,11.402663913494335,11.401709482615093,0.000954430879242154
7073.5366481730425,12.396438613713372,11.400356802678887,11.39944472326426,0.0009120794146277794
7075.163905983271,11.712023534066702,11.39806316506573,11.397191573635034,0.0008715914306971242
7076.795423153498,10.52883339067762,11.395771399070677,11.394938693926271,0.0008327051444065954
7078.423430640629,12.018163953350268,11.393491618200482,11.392696078365272,0.0007955398352088904
7080.055699450042,11.589604401374913,11.391212722896071,11.390452868551442,0.0007598543446291742
7081.6844569594505,11.778811336384365,11.38894578922663,11.388220031914944,0.0007257573116854594
7083.313589162384,11.78022838561651,11.386685783352986,11.38599268040376,0.0006931029492255518
7084.946985631552,11.532201431135945,11.384427235492781,11.38376547411314,0.0006617613796412386
7086.5768683749175,11.50671818433284,11.382180586635974,11.381548759708842,0.0006318269271309363
7088.211017349065,11.641793576014607,11.379934679948796,11.37933157634168,0.0006031036071151754
7089.841650978638,11.155615672823389,11.377699655757668,11.3771239785647,0.0005756771929670467
7091.476552804443,10.993835009954354,11.375464473950515,11.37491510647606,0.0005493674744560464
7093.107937666156,11.263950990903936,11.373239693007209,11.372715440607756,0.0005242523994533958
7094.739697825814,11.499793160606146,11.371019753220013,11.37051953078199,0.0005002224380221556
7096.375729130403,11.473172597181133,11.368799144866108,11.368321964749246,0.0004771801168620057
7098.008241041192,11.499304613512209,11.36658831206162,11.366133119175188,0.0004551928864305333
7099.645026064629,11.931525642094812,11.364376355488256,11.363942240519528,0.00043411496872808124
7101.278290072881,11.746238903524615,11.362173408754142,11.361759401192057,0.00041400756208572544
7102.915829162402,11.315143371876161,11.359968682070843,11.359573945201575,0.000394736869268374
7104.549845614608,11.382704707092557,11.35777238919204,11.35739603081186,0.00037635838017905743
7106.184237970152,11.374169579233694,11.355578924364139,11.355220134019607,0.0003587903445317185
7107.822908360423,10.72283386572167,11.353382596479886,11.35304063639435,0.00034196008553480427
7109.458053679751,11.70626077963607,11.351193719007385,11.35086780354958,0.0003259154578058052
7111.097479004691,10.583773925967307,11.349001894574974,11.348691345848295,0.0003105487266795535
7112.733377634694,11.884639567361887,11.346817390356456,11.34652148714375,0.00029590321270507553
7114.373558242106,12.261960772912632,11.344629484928703,11.344347604711022,0.00028188021768131344
7116.010210529829,11.409242532703274,11.342448255791068,11.34217973685897,0.0002685189320981166
7117.647239327263,13.261214248733042,11.340268250433756,11.340012491694445,0.00025575873931050607
7119.288553060327,12.817017249855782,11.33808404079118,11.33784049498713,0.00024354580405044934
7120.926336036151,11.761798865806782,11.335905780442346,11.33567386663358,0.00023191380876560797
7122.568405921675,10.84804966786652,11.333722812605785,11.333502028959487,0.00022078364629912444
7124.206943423339,11.406119508538268,11.331545276023586,11.33133509028563,0.0002101857379565562
7125.849769809681,12.303659318019074,11.329362527113966,11.329162479368662,0.00020004774530432714
7127.489062184795,11.387552092371381,11.327184709272858,11.326994312146752,0.0001903971261059069
7129.128731676967,11.458220692169107,11.32500636872292,11.324825179494859,0.00018118922806197792
7130.772693016808,10.964926023649811,11.322822040469092,11.32264965603672,0.00017238443237097058
7132.413117903936,10.906034429402839,11.320641895839076,11.320477889583003,0.00016400625607240827
7134.057836615989,11.424013202503033,11.318455307131185,11.318299310145346,0.00015599698583956972
7135.699017246086,11.69753522347446,11.316272447737447,11.316124069924943,0.0001483778125033494
7137.344493679268,11.241539549618892,11.314082646453054,11.31394155039506,0.0001410960579932014
7138.986430400504,11.165674227104205,11.311896078546914,11.311761907742671,0.0001341708042424697
7140.628744847124,10.846440877032991,11.309707293348318,11.309579723974512,0.000127569373805908
7142.275358064603,11.38884831812868,11.307510818010293,11.30738955521046,0.0001212627998331298
7143.91842912471,11.690853159996097,11.305316868887797,11.30520160151952,0.00011526736827598036
7145.565800936119,11.545157122215755,11.30311472958284,11.303005188338673,0.00010954124416664404
7147.209628958283,11.873627558268709,11.300914643769968,11.300810544702003,0.00010409906796495358
7148.857759713105,11.200801025818011,11.298705867294109,11.298606964569306,9.890272480212238e-05
7150.502345046061,11.387034652707372,11.296498677651186,11.29640471228424,9.396536694767674e-05
7152.147308713711,11.052586081246888,11.294287580622049,11.294198317385522,8.926323652713086e-05
7153.796578086578,11.217993418309222,11.292067045606201,11.291982270313778,8.477529242378817e-05
7155.4422995882105,11.711598025307469,11.28984741117428,11.28976689845453,8.051271974960706e-05
7157.092328778695,11.06641905581796,11.287617847215902,11.28754140182805,7.644538785162701e-05
7158.738808463444,11.351733185274497,11.28538873593354,11.285316152605883,7.258332765570471e-05
7160.389597821595,10.70487910337016,11.283149201950884,11.283080302812667,6.88991382175807e-05
7162.036836038753,11.277468773801502,11.28090967553917,11.280844273730025,6.540180914539011e-05
7163.688385914779,11.764178562941767,11.278659232425715,11.278597165990739,6.206643497677178e-05
7165.336383013803,11.625150142354755,11.27640835734969,11.2763494562832,5.890106649028747e-05
7166.984759232394,11.844506474233867,11.274151470239007,11.274095580153485,5.589008552098925e-05
7168.6374500885795,10.671004534909232,11.271882937037597,11.271829917362222,5.3019675374788594e-05
7170.286585713313,12.950125320175403,11.269613334656205,11.26956303800554,5.029665066476814e-05
7171.940037963393,13.43842814056552,11.267331602770868,11.26728390133195,4.7701438917836995e-05
7173.5899333441275,12.210945687256753,11.265048380062431,11.265003139930098,4.524013233366458e-05
7175.244147338874,11.275198080453606,11.262752542690336,11.262709647716754,4.289497358156285e-05
7176.894802825628,11.044305733324109,11.260454800558655,11.2604141291535,4.0671405155685515e-05
7178.5458380435075,11.473034700823973,11.258149475159222,11.258110916918742,3.8558240479199385e-05
7180.201194858933,11.03079845681566,11.255830819296998,11.255794273705362,3.654559163538973e-05
7181.852990707955,11.230999014737337,11.253509659386483,11.253475021338211,3.463804827158999e-05
7183.509110145479,11.052583454649609,11.251174697730235,11.25114187601097,3.282171926572147e-05
7185.161666976066,10.77619647269586,11.248836838342111,11.248805737644684,3.1100697427792056e-05
7186.818549387031,11.724428953016513,11.24648471125393,11.246455248850946,2.9462402983179914e-05
7188.471867549765,10.87040529395938,11.244129310927429,11.2441014004444,2.791048302849658e-05
7190.125566056169,11.43106430289913,11.241764840106095,11.24173840312881,2.6436977283813024e-05
7191.7835931313,11.46692523555248,11.239385411781837,11.239360376926477,2.5034855359879688e-05
7193.438053495824,11.180752208785634,11.237002153687603,11.236978446506498,2.3707181104728363e-05
7195.09684442324,11.198698434695986,11.234603489124277,11.23458104496562,2.244415865693167e-05
7196.752066996869,11.223133669184678,11.232200638781102,11.23217939026793,2.1248513170478097e-05
7198.41162212848,11.488198046916978,11.229781931952004,11.229761820562231,2.011138977256974e-05
7200.067607262363,11.24965048201716,11.227358691167272,11.227339655956722,1.903521054906707e-05
7201.723973353451,10.357926615561896,11.224924986124481,11.224906971776615,1.8014347865950747e-05
7203.3846749956865,10.31234530302743,11.222474788596072,11.22245774476061,1.7043835460845602e-05
7205.041804173848,11.314520868320983,11.220019586192699,11.220003460492606,1.6125700092347588e-05
7206.7032709005425,11.691300994832204,11.21754748331667,11.217532230238696,1.5253077974849821e-05
7208.361163517328,11.15499054267093,11.21507007300542,11.215055645238373,1.4427767047094443e-05
7210.023395680957,11.864207267126744,11.212575346079303,11.212561702505095,1.3643574208400009e-05
7211.6820520880865,11.703267772036385,11.2100749954872,11.210062093394022,1.2902093179043746e-05
7213.341090066942,11.930671997979061,11.207562922326234,11.20755072295496,1.2199371275052133e-05
7215.004470590636,12.297205768504,11.205032928329032,11.205021396405975,1.1531923057817424e-05
7216.664272887502,11.215998517675644,11.202496892975725,11.202485991899,1.090107672568823e-05
7218.328419729812,12.606071282464768,11.199942541585914,11.199932239532256,1.0302053658354895e-05
7219.98898669681,12.279078307381383,11.197381869215238,11.19737213318636,9.736028879145878e-06
7221.653900210783,12.155630861854775,11.19480247639275,11.194793277694163,9.19869858654023e-06
7223.315232200194,13.100533473474684,11.192216463650622,11.19220777254916,8.691101461461703e-06
7224.976946376848,12.735307748394803,11.189617519159848,11.189609308680566,8.210479280865046e-06
7226.643010103307,9.954520015781783,11.18699921895635,11.18699146455463,7.754401719354681e-06
7228.305489830893,11.402807369369159,11.184373869620146,11.184366545889368,7.323730776642385e-06
7229.972321112118,10.293274893481566,11.181728794371995,11.181721879211224,6.915160771823633e-06
7231.635566743329,10.893819438755772,11.179076465781616,11.179069936329487,6.529452128783585e-06
7233.303165932935,13.275996738220556,11.176404108936564,11.176397945303496,6.163633069102855e-06
7234.967177820618,13.798543820638656,11.17372432922372,11.17371851084987,5.818373850626145e-06
7236.631572512049,11.288877399083844,11.171030649933655,11.17102515817141,5.49176224415913e-06
7238.300323769554,11.806148960866608,11.168316461233806,11.168311279119209,5.182114597811259e-06
7239.965485246829,11.116287631761454,11.165594574937515,11.165589684952788,4.889984725977293e-06
7241.635005297246,11.802256343698788,11.162851895164485,11.162847282064025,4.613100459449349e-06
7243.300933913625,12.371518772026661,11.160101393718671,11.160097041769767,4.351948904010541e-06
7244.971223111138,11.638235849999887,11.157329885156777,11.157325780665648,4.104491129116278e-06
7246.637919220041,11.25026379248186,11.154550480546265,11.154546609391073,3.871155192373574e-06
7248.304998750194,11.53577491673434,11.151756505415955,11.151752854791983,3.6506239719820217e-06
7249.976441874006,11.713830632994814,11.148941286237735,11.148937844499105,3.4417386299445924e-06
7251.644289426908,11.63617265783705,11.146118187408913,11.146114942557677,3.2448512364608704e-06
7253.316502583773,11.728921747662639,11.143273544115148,11.143270485705184,3.058409964213252e-06
7254.985118513252,11.587484737370573,11.140420779070027,11.140417896346516,2.8827235102484685e-06
7256.658102057928,10.8557797436593,11.137546047896837,11.137543331494953,2.716401883915248e-06
7258.327486717975,11.66054748058832,11.134662677893632,11.134660118178129,2.559715502257979e-06
7259.9972554177675,11.272515011332871,11.13176394204741,11.131761530284386,2.4117630235510933e-06
7261.671394750144,10.967173077622194,11.128843072597547,11.128840800845559,2.2717519878523735e-06
7263.345920135352,11.079148859531756,11.125906951007927,11.125904811409857,2.139598070542364e-06
7265.012854978091,11.054755650599532,11.122969438313657,11.122967422860015,2.015453642798004e-06
7266.688150896646,10.718093514281975,11.120002253132986,11.12000035540331,1.8977296768847572e-06
7268.363833134741,11.046653911291742,11.117019605974507,11.117017819318757,1.7866557500928337e-06
7270.039901781461,12.745347916494667,11.114021483090117,11.11401980122017,1.6818699462844489e-06
7271.70837289018,14.453538384160652,11.111022078921353,11.111020495435017,1.5834863365430698e-06
7273.385212780378,13.087252084332249,11.107992504207548,11.107991013967933,1.4902396146026333e-06
7275.062439346153,10.728379269227446,11.104947131263806,11.10494572895751,1.4023062964342783e-06
7276.732063125137,11.77486487397232,11.101900763145622,11.101899443367788,1.3197778344184928e-06
7278.410061467208,10.52750170585705,11.098824161618513,11.098822920029487,1.2415890254433394e-06
7280.088446751992,11.532465404162508,11.095731652730873,11.095730484846367,1.1678845055607187e-06
7281.7672190687135,11.911818282708737,11.092623046664837,11.092621948248649,1.0984161877716535e-06
7283.438381591834,11.368704943594253,11.08951346345266,11.089512430200873,1.033251786968782e-06
7285.117926396132,11.125585786129932,11.086373316134992,11.086372344588813,9.71546178700133e-07
7286.797858499753,11.54961708439589,11.083217423718828,11.083216510308901,9.134099271693867e-07
7288.47017555251,12.107801838698606,11.080060875858612,11.080060016961774,8.588968374778639e-07
7290.150880677383,12.363104467642643,11.076873433949034,11.076872626651664,8.072973705046814e-07
7291.831973369144,11.854253776737096,11.07367016319363,11.073669404491909,7.587017201146003e-07
7293.513453717169,11.81670919522776,11.07045101750368,11.070450304562673,7.129410082015469e-07
7295.187311996213,12.19198559479662,11.067231398191106,11.067230728136547,6.700545592243899e-07
7296.869566077914,11.8333224230189,11.063980516046973,11.063979886565505,6.294814676994552e-07
7298.55220808369,12.435325386432396,11.060713864603049,11.060713273312786,5.912902630456833e-07
7300.227222754749,11.560453111471361,11.057447314065397,11.057446758553539,5.55511858112455e-07
7301.910639028738,11.91693358091004,11.054149835671653,11.05414931399504,5.216766129518579e-07
7303.594443494802,12.227904312590113,11.050836960064524,11.050836470224354,4.898401704399064e-07
7305.278636242458,11.699065216389613,11.047508475955118,11.04750801606675,4.5988836695117446e-07
7306.955194625959,11.745649232435426,11.04418031740847,11.044179885565033,4.318434381974492e-07
7308.640162355403,11.337864751640154,11.040820772691529,11.040820367356062,4.0533546703825235e-07
7310.325518634683,11.763057005903534,11.03744591666324,11.03744553625678,3.8040646074062727e-07
7312.003235275577,11.373780842836368,11.034071893236662,11.034071536162998,3.570736649210886e-07
7313.689367072045,11.02742196601321,11.030666387020508,11.030666051992316,3.3502819218490725e-07
7315.375887686781,11.387980227727894,11.027245601032376,11.027245286728395,3.1430398196855855e-07
7317.062797209447,11.37206436151439,11.023809908619222,11.023809613794832,2.948243902421947e-07
7318.742060052947,10.988961358702738,11.020376028132821,11.020375751531251,2.7660156951924645e-07
7320.429745807525,13.559493262359865,11.016911075863415,11.016910816470315,2.593931008185497e-07
7322.117820738711,13.56009081324089,11.013431306516852,11.013431063292419,2.4322443207247633e-07
7323.798243707993,11.00054990589871,11.009953392897623,11.009953164792801,2.281048214183104e-07
7325.487095407354,10.051488734136457,11.006444309878177,11.006444096045783,2.1383239344886346e-07
7327.176336552187,12.323151296428252,11.002920810538207,11.002920610110607,2.0042759980616716e-07
7328.865967232297,11.48959670996817,10.999383007185257,10.999382819345918,1.8783933875730325e-07
7330.547938898369,11.516788558301414,10.99584800381153,10.995847827737578,1.7607395197202187e-07
7332.238347062534,11.097477255346234,10.992282039603904,10.992281874630326,1.6497357739775485e-07
7333.9291450310875,10.929344166957378,10.988702062760343,10.988701908206906,1.5455343736959154e-07
7335.6122786943415,11.338538473842279,10.985125418684646,10.985125273866405,1.4481824020170487e-07
7337.303854684077,11.027386506949938,10.981518060460221,10.98151792482334,1.356368818025832e-07
7338.995820747501,10.50408690441134,10.97789720800726,10.977897080985734,1.270215257146565e-07
7340.688176974561,11.051783655778083,10.974262966271242,10.97426284733291,1.1893833355100968e-07
7342.372861832811,10.89925912172106,10.970632896099167,10.970632784708773,1.1139039419068369e-07
7344.065996798089,11.119494707039394,10.966972495061519,10.966972390785962,1.042755574142454e-07
7345.7595221965485,11.78368104774006,10.96329941113273,10.963299313529927,9.760280428409131e-08
7347.445370926401,11.095555899436476,10.95963142324903,10.959631331874697,9.137433373453354e-08
7349.139675601071,10.600697092237398,10.955933465011679,10.955933379506138,8.550553996894244e-08
7350.834370978656,11.57966929716622,10.952222963085402,10.952222883081848,8.000355417298053e-08
7352.529457149253,10.84617033751323,10.948500040432974,10.948499965586851,7.484612225425506e-08
7354.216859576338,10.65811582206004,10.944782945800553,10.944782875765974,7.003457966300795e-08
7355.912725741335,11.685500154741021,10.941036428630447,10.941036363127203,6.550324344209039e-08
7357.608982969324,11.37951733129421,10.937278411401905,10.937278350144574,6.125733232613448e-08
7359.297551145453,12.056157682994353,10.933526865037988,10.933526807740268,5.7297719582077065e-08
7360.994588906706,11.080691985433305,10.929745836442475,10.929745782872324,5.357015062993193e-08
7362.692018001116,10.274647722226577,10.925953419572316,10.925953369493577,5.007874006969858e-08
7364.389838518928,10.33869795352996,10.92215024294896,10.92215019614001,4.680895188661368e-08
7366.079962898562,10.89925321187718,10.918354937636563,10.918354893875339,4.37612248183285e-08
7367.778564668984,11.240537502756867,10.914531376429347,10.914531335535756,4.089359077003258e-08
7369.477558133222,10.383723740739867,10.910697609932807,10.910697571723777,3.820903073414638e-08
7371.168850142375,10.071517195039917,10.906872014946522,10.906871979238762,3.57077601375261e-08
7372.868625398955,11.238387632883814,10.903018173769432,10.903018140414225,3.3355206828917324e-08
7374.568792619957,12.179597248729126,10.899154612372561,10.899154581218859,3.1153702163847704e-08
7376.269351895763,11.681258200135062,10.895281666156897,10.895281637063082,2.9093815860945556e-08
7377.962202618736,10.61453532000303,10.891418247228396,10.891418220052831,2.7175564115724766e-08
7379.663544407394,10.258077176641224,10.887527782191134,10.887527756818834,2.537230042428447e-08
7381.365278521711,10.31483663054678,10.883628946418018,10.883628922732324,2.3685694238959995e-08
7383.059298757707,10.871619438551706,10.87974041725904,10.879740395143372,2.211566673047241e-08
7384.761815925476,11.250627576205034,10.87582524581193,10.875825225171603,2.0640326609097117e-08
7386.464725689945,11.904203777196246,10.871902331436038,10.87190231217507,1.926096713262362e-08
7388.168028141644,13.26866984511014,10.867971940346212,10.8679719223747,1.7971511766978504e-08
7389.863609605825,11.829043696051032,10.864052957416623,10.864052940644818,1.677180575949939e-08
7391.5676958326485,11.036177728043526,10.860107994195618,10.86010797855058,1.5645037208536505e-08
7393.272175017993,10.527552924503993,10.856156005658919,10.8561559910668,1.4592119351959603e-08
7394.968927881741,10.33838604510305,10.852216217664202,10.852216204051334,1.361286763121821e-08
7396.674191383683,11.41801536761591,10.848251343707545,10.848251331014037,1.2693507655217563e-08
7398.379848115622,12.5006028953145,10.84428060332882,10.84428059149408,1.1834738697878594e-08
7400.085898168236,8.18721009655485,10.840304176087425,10.840304165054754,1.1032671678053363e-08
7401.7842147785905,10.413826515507822,10.836341140549656,10.83634113026255,1.0287106520149652e-08
7403.491049870639,11.932638006042568,10.83235379499586,10.832353785408358,9.587502991312784e-09
7405.198278555087,10.887132122082846,10.828361407844142,10.828361398909795,8.934346353508566e-09
7406.897768454598,10.08282732292429,10.824383401180441,10.824383392853004,8.327437140992711e-09
7408.605782720829,10.685024654536448,10.820382086383413,10.82038207862525,7.75816282467965e-09
7410.314190851377,10.064796389251683,10.494736533678397,10.494736526451508,7.2268894875963865e-09
7412.022992937068,10.916579560829634,10.492397600413987,10.492397593682842,6.7311448062635306e-09
7413.724049105666,15.28413673538296,10.490078977586277,10.490078971315537,6.270740176678452e-09
7415.433637497139,17.46865536644305,10.487758487136698,10.48775848129759,5.839108985980641e-09
7417.143620115919,13.65259562951951,10.485447254725434,10.485447249288935,5.436499503697599e-09
7418.845851466307,9.159441139566527,10.483156229887365,10.48315622482463,5.062735768692712e-09
7420.556620934091,13.242667845344386,10.480863498684753,10.480863493972286,4.712466629007379e-09
7422.267784901537,12.282932838888655,10.478580054824977,10.478580050439103,4.385875612798641e-09
7423.979343459614,10.095861155273157,10.476305908108651,10.47630590402725,4.081401594315571e-09
7425.683143605644,11.249142235443628,10.474051831226703,10.474051827427814,3.798888377800402e-09
7427.395489737895,12.348748800213002,10.471796263844016,10.471796260309745,3.534270673616751e-09
7429.108230733382,9.477387456970918,10.46955002301049,10.46955001972282,3.2876689324027145e-09
7430.8132079568895,14.130061109535518,10.467323748347308,10.467323745288365,3.058942523028325e-09
7432.526737070649,11.44607661964858,10.465096145594513,10.465096142749726,2.8447875738659438e-09
7434.2406613204375,9.5149169355459,10.462877898872463,10.462877896227173,2.6452904515489964e-09
7435.954980797374,10.674204387044654,10.460669018040885,10.460669015581413,2.4594720008070386e-09
7437.66152934715,11.630994321301046,10.45847996456915,10.458479962281938,2.2872119750882455e-09
7439.376637668696,10.571042808954873,10.456289800414618,10.456289798288608,2.1260094450278045e-09
7441.092141490435,10.341548468227247,10.454109031733422,10.454109029757504,1.975918190903535e-09
7442.799869016436,10.138739042557972,10.451947985941727,10.451947984104894,1.836832389145421e-09
7444.516162227762,11.78591102883013,10.449785993038253,10.449785991331527,1.7067250138251256e-09
7446.232851212511,12.90747594685388,10.447633425266993,10.44763342368136,1.5856326317734754e-09
7447.949936061949,12.391777716841377,10.445490292546896,10.445490291073952,1.472945210708478e-09
7449.659237448928,12.34988349023763,10.443366742826614,10.44336674145804,1.3685745394066513e-09
7451.3771124154655,12.177954312130964,10.441242464952692,10.4412424636817,1.2709917422793022e-09
7453.095383520174,11.911906273717591,10.43912765189034,10.439127650710123,1.1802173590254184e-09
7454.805865785189,11.183734709996203,10.437032316545693,10.437032315449517,1.0961750113976934e-09
7456.524927552852,11.029901473844802,10.434936417784655,10.434936416767027,1.0176288754161273e-09
7458.244385732363,11.74436745296316,10.432850013671857,10.432850012727265,9.445913021132094e-10
7459.964240415133,12.274531667491035,10.430773114185651,10.430773113308966,8.766847646454615e-10
7461.676299079922,12.504932840929314,10.428715551441075,10.428715550627228,8.138467867041004e-10
7463.396945154329,11.161047475996838,10.426657645798228,10.426657645043079,7.551486060601896e-10
7465.117988005922,12.052879689589874,10.424609274720527,10.424609274019932,7.005952580806325e-10
7466.831229453623,11.623149988526622,10.422580134285246,10.422580133635112,6.501333178793203e-10
7468.553064243589,7.431767886581838,10.420550816861768,10.420550816258753,6.030140714131365e-10
7470.275296084854,6.754093968852318,10.418531064018538,10.418531063459298,5.592390205435253e-10
7471.997925068979,19.709289935075276,10.416520885793538,10.416520885274963,5.185760826806359e-10
7473.712745459351,15.217362066051694,10.414529796141546,10.414529795660563,4.809822025597152e-10
7475.436167111709,12.834624644717112,10.412538751588297,10.4125387511424,4.458967203107756e-10
7477.159986181294,11.89246551395536,10.410557311770708,10.41055731135739,4.13318215566531e-10
7478.875991262526,8.22139526014405,10.408594853604626,10.408594853221416,3.8321024005515164e-10
7480.600603547962,8.718839952364533,10.406632607626882,10.40663260727176,3.551220411973414e-10
7482.325613525183,11.06812897064674,10.40467999657911,10.40467999625006,3.290509488005268e-10
7484.051021285895,12.967336098847568,10.40273703055923,10.402737030254375,3.0485523909611903e-10
7485.768607856794,10.282997674977253,10.400812903021185,10.400812902738679,2.825058967397942e-10
7487.494809564394,9.622843161100208,10.398889211336252,10.398889211074586,2.616665978252136e-10
7489.2214093302955,11.823366306031973,10.396975194976328,10.396975194733994,2.4233383475524424e-10
7490.948407246288,9.482924980684858,10.395070864073707,10.395070863849305,2.2440101565296864e-10
7492.667576764374,8.860422082156276,10.393185227851351,10.393185227643507,2.0784518445044968e-10
7494.3953693589665,9.558037783079046,10.391300252052764,10.391300251860347,1.9241591273385426e-10
7496.123560378715,9.43964259741904,10.389424992111687,10.389424991933577,1.7810946538625397e-10
7497.843917592274,9.571700028826967,10.387568318626766,10.38756831846186,1.649066558006354e-10
7499.5729038396275,11.960411645673162,10.385712474522645,10.385712474370038,1.5260699979191024e-10
7501.302288787393,14.489577925428991,10.383866376753733,10.383866376612527,1.4120683555399182e-10
7503.032072527508,8.850546733035685,10.38203003551269,10.382030035382048,1.3064174820144045e-10
7504.754015241707,6.219210415662986,10.38021213581524,10.380212135694343,1.2089670435702382e-10
7506.484594942318,8.693843939356727,10.378395291661521,10.378395291549698,1.1182295891306306e-10
7508.215573710786,13.25212096895234,10.37658823461699,10.376588234513573,1.0341713303589795e-10
7509.938706036332,13.385619088967928,10.374799510056462,10.374799509960795,9.566674743426359e-11
7511.670481315189,3.336652873193515,10.373012011193905,10.373012011105452,8.845304288219764e-11
7516.859950379418,17.708030309485824,10.367716810408451,10.367716810338564,6.988775892996489e-11
