wave,flux,model,conti,line
2715.5777843843475,76.91065732802998,77.5521921751306,77.5521921751306,0.0
2716.2024994849708,76.90301602098545,77.49327018485671,77.49327018485671,0.0
2716.828849782237,76.89537471394091,77.43394764256291,77.43394764256291,0.0
2717.4538526888105,76.8877484389758,77.37451606229897,77.37451606229897,0.0
2718.080491545362,76.88013218539697,77.31470071980229,77.31470071980229,0.0
2718.705782390479,76.87253096389759,77.25479620438526,77.25479620438526,0.0
2719.332709939254,70.37934408220849,77.19452678811928,77.19452678811928,0.0
2719.9582888555665,74.28333545284728,77.13418984215433,77.13418984215433,0.0
2720.5840116854865,80.88758935876537,77.07365291307805,77.07365291307805,0.0
2721.211372349789,85.7435021915071,77.01278185945519,77.01278185945519,0.0
2721.8373834499203,87.20050152252111,76.95187767226017,76.95187767226017,0.0
2722.4650331389835,76.94724039867403,76.89066096049979,76.89066096049979,0.0
2723.091332642132,80.21655733292641,76.82943459616608,76.82943459616608,0.0
2723.7192714891094,80.74124705480291,76.76791786759605,76.76791786759605,0.0
2724.345859528142,72.95007518902332,76.70641595266113,76.70641595266113,0.0
2724.972591712929,70.89743472121438,76.64479523454767,76.64479523454767,0.0
2725.600964374093,79.65185221560228,76.58292119892926,76.58292119892926,0.0
2726.227985294101,74.71130376496592,76.5211012793252,76.5211012793252,0.0
2726.856647446252,71.89677237253865,76.45905324934388,76.45905324934388,0.0
2727.4839572345004,75.60154359446678,76.3970856121379,76.3970856121379,0.0
2728.112909011007,84.85649926977727,76.33491620187465,76.33491620187465,0.0
2728.7405078005777,88.36338318737103,76.27285459800822,76.27285459800822,0.0
2729.3682509684245,82.51440108042812,76.21076595136567,76.21076595136567,0.0
2729.997637258905,85.29559633136866,76.14851518900153,76.14851518900153,0.0
2730.625669627732,81.26864255097713,76.08641220260834,76.08641220260834,0.0
2731.255345876177,70.97780122855033,76.0241744573448,76.0241744573448,0.0
2731.883667579219,77.68201345199726,75.96211221462914,75.96211221462914,0.0
2732.513633919214,80.25176246295587,75.89994320589365,75.89994320589365,0.0
2734.4014024263756,73.03550249643469,75.71412132223007,75.71412132223007,0.0
2735.0304478755925,80.51177234088904,75.65240667849659,75.65240667849659,0.0
2735.6611398561736,81.01356319509763,75.59065691608703,75.59065691608703,0.0
2736.29047510633,72.3951158698642,75.52918027346857,75.52918027346857,0.0
2736.921457646408,73.64490800729608,75.46769752803912,75.46769752803912,0.0
2737.551082831016,66.3650122378466,75.40651538970168,75.40651538970168,0.0
2738.180852860071,78.48098350588089,75.34550161738744,75.34550161738744,0.0
2738.812271317083,75.03597663792186,75.28452626162371,75.28452626162371,0.0
2739.4423314808914,74.37772187960003,75.22389405857064,75.22389405857064,0.0
2740.0740408320876,78.4268179129947,75.16332969025335,75.16332969025335,0.0
2740.704391264315,81.93767531025162,75.10313553434199,75.10313553434199,0.0
2741.9670324780823,81.08164849353773,74.98333758635995,74.98333758635995,0.0
2742.599324019752,75.33521022178593,74.9237626758441,74.9237626758441,0.0
2743.230255390058,83.19493839116114,74.86461018200939,74.86461018200939,0.0
2743.8613319052965,80.07018496480511,74.80575072263451,74.80575072263451,0.0
2744.4940602682304,69.01445632325989,74.74705780196379,74.74705780196379,0.0
2745.1254275201204,83.21747648892269,74.68882394668734,74.68882394668734,0.0
2745.758447380711,80.12985730945651,74.63078417470494,74.63078417470494,0.0
2746.3901055031947,76.87135345100876,74.57322760718513,74.57322760718513,0.0
2747.0234169957353,72.27996012002974,74.51589244532052,74.51589244532052,0.0
2747.6553661228163,75.8001123530687,74.45906366191993,74.45906366191993,0.0
2748.2874606289633,87.10143009767877,74.4026148682809,74.4026148682809,0.0
2749.553595359192,86.9824561996686,74.29077213393832,74.29077213393832,0.0
2750.1876363455062,86.02357989548183,74.23540371466234,74.23540371466234,0.0
2750.820313397091,89.53428196125128,74.18059405687517,74.18059405687517,0.0
2751.454646485787,89.98725864285143,74.1260924521069,74.1260924521069,0.0
2752.087615011389,74.56703087727193,74.07216913286686,74.07216913286686,0.0
2752.7207291505683,80.0273385277311,74.01870478990276,74.01870478990276,0.0
2753.35550047094,74.35861109594896,73.96558405543831,73.96558405543831,0.0
2753.988906285503,68.58553597944389,73.91306955282319,73.91306955282319,0.0
2754.6239700447213,79.4213152347419,73.86092018820727,73.86092018820727,0.0
2755.257667669043,88.3712098900619,73.80939353186338,73.80939353186338,0.0
2755.8930240018335,79.43260432639524,73.75825248659416,73.75825248659416,0.0
2756.5270135703504,83.34829065483201,73.70774952463744,73.70774952463744,0.0
2757.1611489873344,73.96200471221835,73.65777151914868,73.65777151914868,0.0
2757.796944258713,74.0990672124782,73.60821051010714,73.60821051010714,0.0
2758.431371821583,81.83892958046364,73.55931032683378,73.55931032683378,0.0
2759.067460003542,78.44798308083479,73.51084465833173,73.51084465833173,0.0
2759.7021798468895,63.615254075691276,73.46305126998129,73.46305126998129,0.0
2760.3385610743717,70.05690597839477,73.41570921080007,73.41570921080007,0.0
2760.97357333285,73.01619629575102,73.36905015540124,73.36905015540124,0.0
2761.6087316750636,81.4054344738072,73.32296535956597,73.32296535956597,0.0
2762.2455525491873,76.43770301286487,73.27735124329594,73.27735124329594,0.0
2762.881003508548,69.9961563347174,73.23242952595848,73.23242952595848,0.0
2763.5181177657464,76.82244908592374,73.18799059732898,73.18799059732898,0.0
2764.153861477063,65.11540549606104,73.14425029391461,73.14425029391461,0.0
2764.7912692524974,67.7244383412683,73.10100367626973,73.10100367626973,0.0
2765.4273058506406,79.80303985983495,73.05846014191748,73.05846014191748,0.0
2766.063488768167,77.91760121154675,73.01651847711844,73.01651847711844,0.0
2766.7013368994376,71.09335282314318,72.97508286624947,72.97508286624947,0.0
2767.3378129061325,78.34576995139118,72.93435275551252,72.93435275551252,0.0
2767.9759548937345,82.21655545856494,72.89413552179927,72.89413552179927,0.0
2768.612724124624,79.14315161554818,72.8546241058489,72.8546241058489,0.0
2769.251160103937,69.96836201984787,72.81563093135652,72.81563093135652,0.0
2769.8882226941096,73.95087095205248,72.77734215534878,72.77734215534878,0.0
2770.5254318396937,83.27263419905137,72.73966451963908,72.73966451963908,0.0
2771.1643088851815,78.70695574528715,72.70251055759121,72.70251055759121,0.0
2771.8018115927166,71.66037288069981,72.6660566985522,72.6660566985522,0.0
2772.4409829685565,71.06718197285228,72.63012796386295,72.63012796386295,0.0
2773.078779373287,68.28927373661419,72.59489415330805,72.59489415330805,0.0
2773.7182452150764,77.08559064707185,72.56018537615823,72.56018537615823,0.0
2774.356335452308,80.56955565422516,72.52616477262566,72.52616477262566,0.0
2774.9945724813606,66.49318576846908,72.49274643902481,72.49274643902481,0.0
2775.6344801008095,77.91045095243032,72.45985032311174,72.45985032311174,0.0
2776.2730111653586,78.9773377580283,72.42763020577799,72.42763020577799,0.0
2776.9132135899445,82.57224953277512,72.39592862502597,72.39592862502597,0.0
2777.552038825452,79.45521257386076,72.36489248033828,72.36489248033828,0.0
2778.192536190991,72.50983568939512,72.33436920448612,72.33436920448612,0.0
2778.831655732982,76.7143183278771,72.30449935521382,72.30449935521382,0.0
2779.4709223035843,88.26927234874121,72.27520437095416,72.27520437095416,0.0
2780.111862159415,80.53378431587043,72.24641041735991,72.24641041735991,0.0
2780.751423239823,79.20444241408507,72.21824789893623,72.21824789893623,0.0
2781.3926583763423,84.3407486244696,72.19057685736804,72.19057685736804,0.0
2782.0325141022363,86.76527271603688,72.16352334868449,72.16352334868449,0.0
2782.6740446554786,84.88098151647864,72.13695132344503,72.13695132344503,0.0
2783.3141951626026,86.43898639988858,72.11097982057562,72.11097982057562,0.0
2783.9544929355093,88.30817537031089,72.08553730725734,72.08553730725734,0.0
2784.5964666928257,87.37236829735889,72.06055736170947,72.06055736170947,0.0
2785.2370594506133,90.95840112385464,72.03615107833546,72.03615107833546,0.0
2785.8793289649348,95.07262113604133,72.01219358640768,72.01219358640768,0.0
2786.520216843502,92.73334897762538,71.98878992419876,71.98878992419876,0.0
2787.162782251085,93.61156314358072,71.96581844505258,71.96581844505258,0.0
2787.803965386394,97.972649985584,71.94337862216423,71.94337862216423,0.0
2788.44529602504,105.65062528254839,71.92140569863163,71.92140569863163,0.0
2789.0883053516304,109.37380078039428,71.89983888036816,71.89983888036816,0.0
2789.7299314509983,111.66676411277378,71.87877054804092,71.87877054804092,0.0
2790.3732370116804,115.33344905611466,71.85808961732296,71.85808961732296,0.0
2791.015158707888,110.16406726028686,71.83788396516465,71.83788396516465,0.0
2791.6587606391367,113.62752851109508,71.81804605062024,71.81804605062024,0.0
2792.3009780683656,107.78741533101697,71.79865870534913,71.79865870534913,0.0
2792.944876506719,115.65413341732801,71.77961805996998,71.77961805996998,0.0
2793.587389805213,123.52419864665923,71.76100282678276,71.76100282678276,0.0
2794.230050913047,111.62855256685795,71.74275415651518,71.74275415651518,0.0
2794.874394191338,120.76450929069256,71.72481762125712,71.72481762125712,0.0
2795.5173513728396,123.4798439909489,71.70726665218476,71.70726665218476,0.0
2796.161991499773,120.3198303169388,71.69000506647853,71.69000506647853,0.0
2796.8052448913436,128.17277901849027,71.67310251727392,71.67310251727392,0.0
2797.450182003678,131.9958376734678,71.65646596217266,71.65646596217266,0.0
2798.0937317417806,116.66995123840275,71.64016273874248,71.64016273874248,0.0
2798.737429527655,117.53845468104511,71.62414105283507,71.62414105283507,0.0
2799.3828121974993,123.45839822429275,71.6083512317472,71.6083512317472,0.0
2800.0268065346386,128.01362938285186,71.59285520466457,71.59285520466457,0.0
2800.6724865319725,120.57003426838924,71.577565818513,71.577565818513,0.0
2801.3167775569977,111.74856868904205,71.56254264392898,71.56254264392898,0.0
2801.9627550188006,114.79922899587838,71.54770051826536,71.54770051826536,0.0
2802.6073428683953,113.5559357274542,71.53309723861332,71.53309723861332,0.0
2803.252079004578,113.26830189821841,71.51868425903278,71.51868425903278,0.0
2803.89850274262,111.44049123177888,71.5044143423661,71.5044143423661,0.0
2804.543535908435,100.51788167498923,71.4903418606173,71.4903418606173,0.0
2805.1902574535875,92.33611124655863,71.47638600083776,71.47638600083776,0.0
2805.8355877858758,97.85769466347529,71.46259962298979,71.46259962298979,0.0
2806.4826072753367,96.85607714677053,71.44890325843737,71.44890325843737,0.0
2807.1282349110033,97.48566071892265,71.43534857115276,71.43534857115276,0.0
2807.774011072459,99.48562878040231,71.42188924768215,71.42188924768215,0.0
2808.421477558049,93.29560887669527,71.40847894456459,71.40847894456459,0.0
2809.067551228276,88.0758595933844,71.39516732546224,71.39516732546224,0.0
2809.715316001369,93.99072229378409,71.38187769020665,71.38187769020665,0.0
2810.36168731743,92.82906323806128,71.36866005943247,71.36866005943247,0.0
2811.0097505154467,94.81203502839662,71.35543796694871,71.35543796694871,0.0
2811.6564196144664,89.60620545063968,71.34226115633336,71.34226115633336,0.0
2812.3032374788627,83.15311914618168,71.32908537998736,71.32908537998736,0.0
2812.951748394058,80.28547941712156,71.31586652938229,71.31586652938229,0.0
2813.5988642471375,80.85691389533805,71.302654845525,71.302654845525,0.0
2814.247673931005,84.39630719004982,71.28937458146258,71.28937458146258,0.0
2814.895087910051,77.21967679560419,71.2760763714813,71.2760763714813,0.0
2815.544196500232,72.30887181947037,71.26268413730125,71.26268413730125,0.0
2816.1919087425913,75.16015664610859,71.2492492508802,71.2492492508802,0.0
2816.839769990301,81.70014841245542,71.23572768352867,71.23572768352867,0.0
2817.4893270198745,80.38858946063796,71.22207474453278,71.22207474453278,0.0
2818.1374867369536,64.70177778772042,71.20834353514579,71.20834353514579,0.0
2818.787343017143,71.7623104220205,71.19445643158002,71.19445643158002,0.0
2819.4358013410965,66.5345089548273,71.18046735154356,71.18046735154356,0.0
2820.085957009766,68.97020689210558,71.16629809407297,71.16629809407297,0.0
2820.734714078162,79.23044290080908,71.1520049040201,71.1520049040201,0.0
2821.383620392269,76.06877068736833,71.13754276845218,71.13754276845218,0.0
2822.034225223709,70.1036908202799,71.1228652028849,71.1228652028849,0.0
2822.683430488648,74.65527920492333,71.10803109748818,71.10803109748818,0.0
2823.334335053426,71.67528470349625,71.09295909664137,71.09295909664137,0.0
2823.983839406922,71.93049934809062,71.07771096968739,71.07771096968739,0.0
2824.635043843124,74.73920831508462,71.06220392774011,71.06220392774011,0.0
2825.284847422968,70.43919180111993,71.04650178005485,71.04650178005485,0.0
2825.9348004892718,68.63936585588944,71.03055910650619,71.03055910650619,0.0
2826.5864548127906,66.42086142362916,71.01432839145686,71.01432839145686,0.0
2827.2367073121636,68.76421729695744,70.99787788227908,70.99787788227908,0.0
2827.8886618525203,72.4343746506471,70.98112010667714,70.98112010667714,0.0
2828.5392139229116,74.86083286976793,70.96412607577379,70.96412607577379,0.0
2829.191468818416,75.95750323541358,70.94680600723598,70.94680600723598,0.0
2829.842320597838,75.03735457853645,70.92923402547335,70.92923402547335,0.0
2830.4933221048564,76.1571292502689,70.91136045093772,70.91136045093772,0.0
2831.1460276133917,77.20356240645322,70.89313211893895,70.89313211893895,0.0
2831.7973290364953,70.08462513286715,70.87462810428008,70.87462810428008,0.0
2832.450335246149,65.79431934221545,70.85575293833979,70.85575293833979,0.0
2833.10193672351,73.62193397923102,70.8365892733071,70.8365892733071,0.0
2833.7552437728145,69.88853165667832,70.81703870932877,70.81703870932877,0.0
2834.407145442667,67.49389133902163,70.797187696181,70.797187696181,0.0
2835.059197081642,75.51193235828022,70.77698368362695,70.77698368362695,0.0
2835.7129554708627,79.73952431354213,70.7563710293688,70.7563710293688,0.0
2836.365307509718,77.35530122693173,70.73544195675359,70.73544195675359,0.0
2837.019367085119,74.51657319731227,70.71409081918483,70.71409081918483,0.0
2837.67201966225,67.8074555052774,70.69241384210508,70.69241384210508,0.0
2838.3263805625866,75.53670522518395,70.67030226337805,70.67030226337805,0.0
2838.9793338164504,73.65945906018612,70.64785629663287,70.64785629663287,0.0
2839.6324372813524,76.24370901710337,70.62501933156959,70.62501933156959,0.0
2840.287250249662,79.91185207214914,70.60173136064292,70.60173136064292,0.0
2840.940654599021,73.8329893851477,70.57809929577226,70.57809929577226,0.0
2841.595769239355,80.67438436548993,70.55400627990002,70.55400627990002,0.0
2842.2494746117873,75.31337362106457,70.52956313624804,70.52956313624804,0.0
2842.9048910631254,71.02495686172814,70.5046495618899,70.5046495618899,0.0
2843.558897597313,73.32909403981864,70.47938080943737,70.47938080943737,0.0
2844.2146159986996,74.22445980840577,70.45363303071922,70.45363303071922,0.0
2844.8689238333877,73.03330280214448,70.4275258030217,70.4275258030217,0.0
2846.179553597928,72.16302056343604,70.37397531360597,70.37397531360597,0.0
2846.8343134639285,67.83158199276558,70.34658997300252,70.34658997300252,0.0
2847.4907871689798,74.42448166801945,70.31871034787103,70.31871034787103,0.0
2848.14584868254,77.12377713952198,70.29046912384035,70.29046912384035,0.0
2848.802624824716,73.44142876941305,70.26172660798198,70.26172660798198,0.0
2849.457988124805,77.92033705000335,70.23261482299374,70.23261482299374,0.0
2850.1135021903597,71.00194775881107,70.2030653964776,70.2030653964776,0.0
2850.770732069089,74.29762594969385,70.17301044402552,70.17301044402552,0.0
2851.426548129663,71.71489924349237,70.14258566198055,70.14258566198055,0.0
2852.0840807938857,63.87588026888114,70.11164081852847,70.11164081852847,0.0
2852.740198988608,69.4865337671248,70.08032897525457,70.08032897525457,0.0
2853.3980345778173,80.73562505709538,70.04850265365494,70.04850265365494,0.0
2854.0544550458812,70.24846978798145,70.0163132882364,70.0163132882364,0.0
2854.7110265226106,73.0848277597438,69.98368475800937,69.98368475800937,0.0
2855.369316580296,70.11441871430112,69.95053382328142,69.95053382328142,0.0
2856.026190539194,62.200194246292206,69.91701667729782,69.91701667729782,0.0
2856.684783870797,67.5946764209192,69.88297639939924,69.88297639939924,0.0
2857.3419604512164,68.24372152524245,69.84857613555018,69.84857613555018,0.0
2858.0008571964554,69.98995309660519,69.81365167977295,69.81365167977295,0.0
2858.6583365378137,71.96340958066016,69.77836952966746,69.77836952966746,0.0
2859.3159671314306,72.89857528488973,69.74264918046411,69.74264918046411,0.0
2859.97531907825,71.69844913790077,69.7064055078022,69.7064055078022,0.0
2860.6332526419696,68.98500346895969,69.669810880363,69.669810880363,0.0
2861.292908351918,69.17851643817939,69.63269006376447,69.63269006376447,0.0
2861.9511450253185,73.77334209396203,69.59521848152151,69.59521848152151,0.0
2862.6111046383403,64.25775020407536,69.55721618187425,69.55721618187425,0.0
2863.269644561064,66.39954092430163,69.51887179498029,69.51887179498029,0.0
2863.9283359800315,77.20439418151511,69.48009910983795,69.48009910983795,0.0
2864.5887515289205,71.91329763852742,69.44079728014628,69.44079728014628,0.0
2865.2477464067124,64.70421799528151,69.40115292670926,69.40115292670926,0.0
2865.9084662087316,68.77451427136829,69.36098399598035,69.36098399598035,0.0
2866.5677646851514,63.678970049709854,69.32049343529116,69.32049343529116,0.0
2867.2287888804703,62.59648495635474,69.27948146012122,69.27948146012122,0.0
2867.8883910953855,69.28708813722268,69.23814244265544,69.23814244265544,0.0
2868.5481450509237,69.93285123753664,69.19639429217608,69.19639429217608,0.0
2869.2096259175805,61.975264231059896,69.1541239724231,69.1541239724231,0.0
2869.8696838214532,65.7686345291595,69.111525238656,69.111525238656,0.0
2870.5314694320323,65.09089318520081,69.06840869669612,69.06840869669612,0.0
2871.191831424268,67.48020212535232,69.02497384249503,69.02497384249503,0.0
2871.853921919164,70.6819448518653,68.98101321621257,68.98101321621257,0.0
2872.514588139857,66.67170173310888,68.93675461822026,68.93675461822026,0.0
2873.1754063459452,68.56273231494572,68.8920887317398,68.8920887317398,0.0
2873.8379542488374,66.84886982129296,68.84690074042514,68.84690074042514,0.0
2874.49907689356,69.45222555116813,68.80141210784868,68.80141210784868,0.0
2875.1619300319567,70.46119375471507,68.75540998672828,68.75540998672828,0.0
2875.8233572555687,67.69227971267038,68.70911556342952,68.70911556342952,0.0
2876.4865157700915,65.74451305236448,68.66230903011332,68.66230903011332,0.0
2877.148247712912,65.42007067129316,68.61521666150104,68.61521666150104,0.0
2877.810131886296,67.2831616281593,68.56772702680719,68.56772702680719,0.0
2878.473748546661,70.48648773370577,68.51971996899346,68.51971996899346,0.0
2879.13593764977,70.7105659311036,68.47143447916268,68.47143447916268,0.0
2879.7998600380156,68.46985911752245,68.42264786613359,68.42264786613359,0.0
2880.462354211331,68.22914541888667,68.37358669105919,68.37358669105919,0.0
2881.126582468306,69.46918173676728,68.32401539602289,68.32401539602289,0.0
2881.7893818523726,63.43527999934657,68.27417273435626,68.27417273435626,0.0
2882.452333712566,63.23196110364416,68.22394547160219,68.22394547160219,0.0
2883.1170208544195,65.57399415398244,68.17320940506224,68.17320940506224,0.0
2883.7802781362207,66.5772651994247,68.12220872875417,68.12220872875417,0.0
2884.445271499125,65.49343222961386,68.07071254170529,68.07071254170529,0.0
2885.108834343242,61.202785711828376,68.01895749030267,68.01895749030267,0.0
2885.774134068273,73.05616158426722,67.96669085252091,67.96669085252091,0.0
2886.4380026154777,67.07602959497433,67.91417280067964,67.91417280067964,0.0
2887.1020238847686,64.2444969207096,67.86128241553511,67.86128241553511,0.0
2887.7677832349063,67.87542054708206,67.80789231918652,67.80789231918652,0.0
2888.4321104184814,61.912329925171775,67.75425779780328,67.75425779780328,0.0
2889.0981764836356,61.29914635167984,67.70011898749078,67.70011898749078,0.0
2889.762809722429,58.04528239508341,67.6457330922855,67.6457330922855,0.0
2890.4291826439044,60.803663960139495,67.59084734268357,67.59084734268357,0.0
2891.094122078916,61.14016206891518,67.53572554266667,67.53572554266667,0.0
2891.759214482371,59.45736086206182,67.48023917782115,67.48023917782115,0.0
2892.426047770374,63.14555671106974,67.42425751911584,67.42425751911584,0.0
2893.091446581584,65.60281065025335,67.36804507848902,67.36804507848902,0.0
2893.758587079367,68.00833419341872,67.31133268643188,67.31133268643188,0.0
2894.424292439494,65.31601861746573,67.25439438911823,67.25439438911823,0.0
2895.091740288588,63.09962869771221,67.19696055197674,67.19696055197674,0.0
2895.7577523388586,65.64949527827561,67.13930485807298,67.13930485807298,0.0
2896.42550768086,67.80698951081503,67.08115104646215,67.08115104646215,0.0
2897.0918265625664,60.49620281813304,67.02277717498195,67.02277717498195,0.0
2897.758298730056,62.40795762681331,66.96404799531616,66.96404799531616,0.0
2898.4265153936367,67.81735663492987,66.90482499422265,66.90482499422265,0.0
2899.093294604538,65.004719284511,66.84538684239578,66.84538684239578,0.0
2899.7618191152187,62.16668774123855,66.78545068993081,66.78545068993081,0.0
2900.4289055109866,69.34115351624598,66.72531105923903,66.72531105923903,0.0
2901.097738010593,66.50819780512838,66.66467613355262,66.66467613355262,0.0
2901.765131732747,62.382513327028285,66.60383090689747,66.60383090689747,0.0
2902.432678987949,64.6403366683892,66.54263714424285,66.54263714424285,0.0
2903.101973553293,66.45319041579398,66.48094569884354,66.48094569884354,0.0
2903.7698283472,64.02901707274681,66.41905140083122,66.41905140083122,0.0
2904.439431256233,62.04845542581371,66.35666751530404,66.35666751530404,0.0
2905.107593730527,64.41335226896786,66.29408618067055,66.29408618067055,0.0
2905.7775051253025,60.11079032288604,66.23100421962332,66.23100421962332,0.0
2906.4459754217314,63.90478194693549,66.16772700005207,66.16772700005207,0.0
2907.1145994988733,65.86876822094838,66.1041081366387,66.1041081366387,0.0
2907.784973704747,59.00967547242169,66.03999724444164,66.03999724444164,0.0
2908.453905816684,53.7822297644417,65.9757020054308,65.9757020054308,0.0
2909.1245888636363,63.3335729499105,65.91091375466404,65.91091375466404,0.0
2909.7938291522805,59.920273748166444,65.84594190198695,65.84594190198695,0.0
2910.4648211825943,62.55488117118046,65.7804824644941,65.7804824644941,0.0
2911.134369789922,60.661440445941366,65.71484403905319,65.71484403905319,0.0
2911.8040724260272,56.31590178476381,65.64886991480402,65.64886991480402,0.0
2912.4755280140002,60.74217273387683,65.58240763968429,65.58240763968429,0.0
2913.145539181792,58.438902405700226,65.5157703169262,65.5157703169262,0.0
2913.8173041090363,60.95957167731377,65.44863693294778,65.44863693294778,0.0
2914.4876239506557,60.08041049035421,65.38133147511357,65.38133147511357,0.0
2915.1596983596833,58.816327856075766,65.3135377566392,65.3135377566392,0.0
2915.830327017336,61.64197296589635,65.24558053692189,65.24558053692189,0.0
2916.5011099522303,65.6992264077294,65.17729674311754,65.17729674311754,0.0
2917.1736486666828,63.174007426741134,65.10852608060175,65.10852608060175,0.0
2917.8447406309565,62.29941599192887,65.03960008730937,65.03960008730937,0.0
2918.517589183676,61.04609632652364,64.97018986084397,64.97018986084397,0.0
2919.1889903197,62.9120283464024,64.90062342719422,64.90062342719422,0.0
2919.862148853429,66.53120690804542,64.83056806670396,64.83056806670396,0.0
2920.533859303638,65.4812061383426,64.76036142680569,64.76036142680569,0.0
2921.2057242799533,60.12233997058286,64.68984423888914,64.68984423888914,0.0
2921.8793478680786,62.468772409501526,64.61885344062942,64.61885344062942,0.0
2922.5515223722705,66.66693155323584,64.54773002873713,64.54773002873713,0.0
2923.2254562984635,64.34627411984968,64.47613468343398,64.47613468343398,0.0
2923.897940473131,61.89910169527173,64.40441025508991,64.40441025508991,0.0
2924.572184880364,66.84012616175676,64.3322201578455,64.3322201578455,0.0
2925.2449788681715,65.01167412659481,64.25991127141094,64.25991127141094,0.0
2925.9179276313516,66.12803651629623,64.18731346862708,64.18731346862708,0.0
2926.5926378431627,64.26133786036644,64.11425372242921,64.11425372242921,0.0
2927.265896633519,66.37512882730427,64.04108522397563,64.04108522397563,0.0
2927.9409176840045,67.61136703978174,63.967462558118356,63.967462558118356,0.0
2928.614486644366,60.54620953570976,63.893736393054304,63.893736393054304,0.0
2929.28981867673,62.34739337878228,63.819561633821316,63.819561633821316,0.0
2929.9636979499924,63.19742239580285,63.74529750117165,63.74529750117165,0.0
2930.6377322482963,64.8114317964828,63.67076813562905,63.67076813562905,0.0
2931.3135308366273,64.78666895096535,63.595795422945805,63.595795422945805,0.0
2931.987875662213,63.38426613244793,63.52073973101903,63.52073973101903,0.0
2932.6639855906333,64.40568590845761,63.44524993112322,63.44524993112322,0.0
2933.3386410865605,67.40179479903567,63.36969369673818,63.36969369673818,0.0
2934.0150624985044,64.02272364215798,63.2937154814041,63.2937154814041,0.0
2934.690028807898,64.677155241611,63.217676974188024,63.217676974188024,0.0
2935.3651503924048,68.72547962826151,63.14139780810863,63.14139780810863,0.0
2936.0420391129187,67.01987475691,63.06470047395108,63.06470047395108,0.0
2936.7174717256194,60.69947160690401,62.98796253075413,62.98796253075413,0.0
2937.394672288446,70.00824212658064,62.910827189992325,62.910827189992325,0.0
2938.070416072631,65.66245293074587,62.8336683943153,62.8336683943153,0.0
2938.747928621436,65.72583318832382,62.756121952914654,62.756121952914654,0.0
2939.423983720462,62.58784151068142,62.67855894247742,62.67855894247742,0.0
2940.100194345075,58.88822629199843,62.60079799884413,62.60079799884413,0.0
2940.7781749562664,64.279421451923,62.52265906451287,62.52265906451287,0.0
2941.454697110794,62.415458634449806,62.44452050727004,62.44452050727004,0.0
2942.1329900673313,63.79617517304019,62.36601359461348,62.36601359461348,0.0
2942.8098238952944,63.211387197595066,62.28751469547882,62.28751469547882,0.0
2943.488429341076,61.222552896281286,62.20866012035332,62.20866012035332,0.0
2944.165574986063,61.302929425003526,62.12983395696923,62.12983395696923,0.0
2944.844493065051,63.40721510704725,62.050660829020515,62.050660829020515,0.0
2945.5219506707153,63.1178776421425,61.97152723519356,61.97152723519356,0.0
2946.1995641246117,68.71149979438985,61.89225515619621,61.89225515619621,0.0
2946.8789512370035,66.69348822689881,61.812661157804484,61.812661157804484,0.0
2947.5568768670964,63.59111255612368,61.733133319829356,61.733133319829356,0.0
2948.2365769728085,62.35270972420801,61.653300968588276,61.653300968588276,0.0
2948.914814922918,61.172886905838375,61.573550963606266,61.573550963606266,0.0
2949.5948281661467,67.42625700296446,61.49350951141224,61.49350951141224,0.0
2950.2733785801584,62.36531161746507,61.41356384744096,61.41356384744096,0.0
2950.952085093801,64.3684113621597,61.33352930303786,61.33352930303786,0.0
2951.6325681270314,66.73277206114744,61.25322756086066,61.25322756086066,0.0
2952.3115873204433,63.498850663263966,61.17305334462909,61.17305334462909,0.0
2952.9923838518844,61.666936239139545,61.09263117346723,61.09263117346723,0.0
2953.6717158691167,66.50804748433404,61.01235355089156,61.01235355089156,0.0
2954.352826043197,62.49161114885169,60.93184533948383,60.93184533948383,0.0
2955.032471028368,62.781224201879354,60.851494549588566,60.851494549588566,0.0
2955.712272364974,65.1415713356588,60.771118629347,60.771118629347,0.0
2956.393853086876,65.19513564536773,60.69053519154779,60.69053519154779,0.0
2957.0739676076355,64.01385471529319,60.61013540100277,60.61013540100277,0.0
2957.7558623334526,62.94969873745868,60.52954481431454,60.52954481431454,0.0
2958.43629018265,61.11453738417698,60.44915553656428,60.44915553656428,0.0
2959.1184990570437,62.23399137154821,60.36858955243288,60.36858955243288,0.0
2959.799240379028,62.046285795682365,60.28823688683879,60.28823688683879,0.0
2960.4801383046592,61.07309394118329,60.20791858492398,60.20791858492398,0.0
2961.1628184859164,62.47174876122904,60.12746312408804,60.12746312408804,0.0
2961.8440301008986,61.06415486461447,60.04725834390167,60.04725834390167,0.0
2962.5270247925914,64.50965278050161,59.966926474357734,59.966926474357734,0.0
2963.208550241442,66.67460793513239,59.8868643601889,59.8868643601889,0.0
2963.8918595884656,63.76093496815873,59.80669624360818,59.80669624360818,0.0
2964.5736990157675,59.82805695154503,59.72681173865582,59.72681173865582,0.0
2965.2556952993336,61.20106203338685,59.647034869852874,59.647034869852874,0.0
2965.939476713486,64.84220246307986,59.56718705122649,59.56718705122649,0.0
2966.6217871924164,60.88123450070111,59.48765876914906,59.48765876914906,0.0
2967.305883624342,60.40885140455442,59.40808112132489,59.40808112132489,0.0
2967.988508443387,64.11918449587235,59.328840545484525,59.328840545484525,0.0
2968.6729200382147,66.12893343036899,59.24956954741965,59.24956954741965,0.0
2969.35585934219,62.947889877233706,59.17066221422988,59.17066221422988,0.0
2970.0389557554545,60.05993178747485,59.09193942774516,59.09193942774516,0.0
2970.7238401789036,65.00323110864724,59.01322027746666,59.01322027746666,0.0
2971.407251294362,65.32828980497527,58.93488574999359,58.93488574999359,0.0
2972.0924512437405,60.54878002129261,58.85657278490419,58.85657278490419,0.0
2972.776177206376,59.919271609537645,58.77866507806807,58.77866507806807,0.0
2973.4616928270457,66.45035937416766,58.700798872014964,58.700798872014964,0.0
2974.1457337819083,65.13221136086588,58.623355173205,58.623355173205,0.0
2974.829932099493,65.00785597841913,58.54615976965256,58.54615976965256,0.0
2975.5159213115057,59.642891797103175,58.46904121281107,58.46904121281107,0.0
2976.200434838931,59.96858184076734,58.392378122432575,58.392378122432575,0.0
2976.886740085848,64.01393989707663,58.31581467517331,58.31581467517331,0.0
2977.5715689683316,61.175667840533265,58.23972338097648,58.23972338097648,0.0
2978.2581903957503,62.57024395635983,58.16374599674345,58.16374599674345,0.0
2978.943334778575,63.670261465025646,58.08825586561969,58.08825586561969,0.0
2979.6286367779644,59.80719242529358,58.0130919409182,58.0130919409182,0.0
2980.315732560677,59.31439576527839,57.93807573870596,57.93807573870596,0.0
2981.0013502783727,63.201230522592255,57.863570863987135,57.863570863987135,0.0
2981.688762605787,63.0250345088781,57.789248016089076,57.789248016089076,0.0
2982.3746961872403,58.47370166958501,57.715463550939354,57.715463550939354,0.0
2983.0624252051875,64.61267764223454,57.64186730449333,57.64186730449333,0.0
2983.7486747959165,62.777962240642644,57.568826376255664,57.568826376255664,0.0
2984.435082257462,57.032040070284665,57.49617688941852,57.49617688941852,0.0
2985.1232863958867,57.32336176967443,57.42375613540316,57.42375613540316,0.0
2985.8100100850243,62.296720239017425,57.3519176899494,57.3519176899494,0.0
2986.498531278769,59.82328176097884,57.28032469538354,57.28032469538354,0.0
2987.1855713411846,59.97592751691639,57.20932617797765,57.20932617797765,0.0
2987.874409736317,58.900537565053135,57.13859584046259,57.13859584046259,0.0
2988.5617663177636,57.62054096934946,57.06848050430824,57.06848050430824,0.0
2989.249281024689,57.89312267638082,56.99882094780754,56.99882094780754,0.0
2989.9385953067163,58.31814470093082,56.92946240519405,56.92946240519405,0.0
2990.626426751341,56.62022122216899,56.860736564265835,56.860736564265835,0.0
2991.3160586001313,58.352603237681826,56.79232160151249,56.79232160151249,0.0
2992.0042069283763,57.603850350486944,56.72456046928788,56.72456046928788,0.0
2992.6941564902327,56.994319572296945,56.65713596491849,56.65713596491849,0.0
2993.3826218480863,56.2760968384282,56.59037588005158,56.59037588005158,0.0
2994.0712455864905,53.83831445280203,56.52413244807345,56.52413244807345,0.0
2994.7616718028958,56.613722353161286,56.458252741336246,56.458252741336246,0.0
2995.4506127899303,54.367593969598374,56.393058187305016,56.393058187305016,0.0
2996.141357085366,55.13498663528878,56.328256208496356,56.328256208496356,0.0
2996.8306154671864,55.30735949013411,56.264157037250946,56.264157037250946,0.0
2997.5216779881916,54.783591735796115,56.20045454100043,56.20045454100043,0.0
2998.211253911022,57.4032522611617,56.1374604891208,56.1374604891208,0.0
2998.9026348042034,56.557482333313494,56.07488391998652,56.07488391998652,0.0
2999.592528414334,52.05355065116226,56.013029800047796,56.013029800047796,0.0
3000.2825807335835,56.598895712148305,55.95175147560477,55.95175147560477,0.0
3000.974439270155,55.01651881728617,55.8909112724629,55.8909112724629,0.0
3001.6648094961806,50.312505147203524,55.830807306752284,55.830807306752284,0.0
3002.3569867716524,57.266615669819096,55.77116097489268,55.77116097489268,0.0
3003.0476750509138,56.66178492179813,55.71226025058508,55.71226025058508,0.0
3003.7401712121277,54.907696583585675,55.65383109944161,55.65383109944161,0.0
3004.4311776911522,52.91211287860699,55.596164652989344,55.596164652989344,0.0
3005.122343135309,52.65640217539136,55.5391227782778,55.5391227782778,0.0
3005.8153177104014,53.23580866639986,55.48257126120524,55.48257126120524,0.0
3006.5068015741504,52.63497645150778,55.42678395648398,55.42678395648398,0.0
3007.2000954023006,53.54223760561865,55.37150371596194,55.37150371596194,0.0
3007.891897832338,52.895903286286284,55.317001406117285,55.317001406117285,0.0
3008.5855110606262,53.50489792030987,55.263019701957894,55.263019701957894,0.0
3009.2776322037153,53.844858418048034,55.20981882285194,55.20981882285194,0.0
3009.9699125683637,51.838476669344125,55.157272647047655,55.157272647047655,0.0
3010.664004982261,49.95533792920901,55.105261962235076,55.105261962235076,0.0
3011.356604280145,53.87932196549218,55.054045325223434,55.054045325223434,0.0
3012.051016462088,50.77889545435006,55.00338417456794,55.00338417456794,0.0
3012.7439348401404,54.346498951462316,54.953515894408426,54.953515894408426,0.0
3013.438666937446,54.19153324459911,54.90421350087758,54.90421350087758,0.0
3014.1319045426667,49.7875598799767,54.855718872739835,54.855718872739835,0.0
3014.8253016262875,51.799879300056205,54.80790726245201,54.80790726245201,0.0
3015.5205136821774,51.49172668239589,54.76067459525445,54.76067459525445,0.0
3016.2142302135057,51.893383844815624,54.71425431286598,54.71425431286598,0.0
3016.90976255326,50.363594174499326,54.66842438476033,54.66842438476033,0.0
3017.603798679466,49.251736397934344,54.623397037253795,54.623397037253795,0.0
3018.2996514506394,49.8658118748059,54.57895816691629,54.57895816691629,0.0
3018.994007318959,50.61917459969323,54.53533199344833,54.53533199344833,0.0
3019.688522922934,50.79950443525116,54.49241351251965,54.49241351251965,0.0
3020.3848564269138,49.79891411064091,54.450100546749404,54.450100546749404,0.0
3021.0796919938985,51.40345831197192,54.40859386588676,54.40859386588676,0.0
3021.7763462983935,52.00758255225958,54.367695101789046,54.367695101789046,0.0
3022.471501975794,50.050861783305436,54.327600638543,54.327600638543,0.0
3023.1684772285967,48.513455859410335,54.288123343790446,54.288123343790446,0.0
3023.8639531638887,49.223005083446886,54.24945511485187,54.24945511485187,0.0
3024.559589092505,53.47239856457816,54.21150248835348,54.21150248835348,0.0
3025.257045853585,54.46101834326749,54.1741758150833,54.1741758150833,0.0
3025.9530022613444,52.196911592704055,54.137654510492055,54.137654510492055,0.0
3026.6507803404234,50.49316067781581,54.10176363625836,54.10176363625836,0.0
3027.34705737497,51.53698827356528,54.06666948781097,54.06666948781097,0.0
3028.0451569200795,52.3589022913551,54.03221117614533,54.03221117614533,0.0
3028.741754729125,51.38654221191792,53.99855741746429,53.99855741746429,0.0
3029.438512789582,54.20585881629768,53.96561990438328,53.96561990438328,0.0
3030.1370946196907,54.38050151513722,53.93331863783092,53.93331863783092,0.0
3030.8341736762554,50.796913906895725,53.9018065642873,53.9018065642873,0.0
3031.5330773426817,50.35019057033924,53.87093538878966,53.87093538878966,0.0
3032.230477543238,52.753669750701874,53.840852428944785,53.840852428944785,0.0
3032.929703194252,49.934237900379806,53.81141469589305,53.81141469589305,0.0
3033.6274246867497,50.674773250818596,53.78276385231491,53.78276385231491,0.0
3034.32530668916,53.98523799716918,53.754824817549995,53.754824817549995,0.0
3035.0250154031487,55.01845795553288,53.72752708613551,53.72752708613551,0.0
3035.723218919466,53.18088144815579,53.700995005701095,53.700995005701095,0.0
3036.4232499889276,53.738015408139404,53.67509992155201,53.67509992155201,0.0
3037.1217751672743,53.52314686474018,53.649968071585235,53.649968071585235,0.0
3037.8221287407177,51.429153146414144,53.62548546688077,53.62548546688077,0.0
3038.520975729283,53.2356533349124,53.60175978623986,53.60175978623986,0.0
3039.219983486679,55.51765327069291,53.578725397059756,53.578725397059756,0.0
3039.920820902327,51.793881500362886,53.556335167565884,53.556335167565884,0.0
3040.6201506922657,52.39237372155674,53.53469276856476,53.53469276856476,0.0
3041.321310983378,50.18084918484601,53.51369002352677,53.51369002352677,0.0
3042.02096295422,54.238428321733416,53.4934242634328,53.4934242634328,0.0
3042.7224462695463,57.48601387982046,53.4737911628381,53.4737911628381,0.0
3043.422420569719,55.53305614141744,53.45488000655959,53.45488000655959,0.0
3044.12255589806,53.544687834566055,53.43664604405732,53.43664604405732,0.0
3044.824523836078,53.837086832981754,53.41904242091957,53.41904242091957,0.0
3045.524981716432,50.819752646245895,53.40214843601623,53.40214843601623,0.0
3046.227273050746,52.72571008295859,53.38588541453769,53.38588541453769,0.0
3046.928053631714,54.69935697335302,53.37032537070331,53.37032537070331,0.0
3047.6306685113127,53.84134091146098,53.355386368698774,53.355386368698774,0.0
3048.3317719415627,54.21037846151353,53.3411342066339,53.3411342066339,0.0
3049.0330366597345,56.36206530069911,53.327531757014015,53.327531757014015,0.0
3049.7361369437704,55.92036267867286,53.31454608808644,53.31454608808644,0.0
3050.437724734266,54.21733330359734,53.30223118130522,53.30223118130522,0.0
3051.1411489362695,53.87874573578063,53.29052524722771,53.29052524722771,0.0
3051.843059947927,55.17636493927159,53.27948215167261,53.27948215167261,0.0
3052.546808217127,55.47894065546268,53.26904449495591,53.26904449495591,0.0
3053.2490425988553,52.71094357026334,53.25924961682768,53.25924961682768,0.0
3053.9531150845487,53.434487660250966,53.25004494689409,53.25004494689409,0.0
3054.6556729853237,52.910118622735695,53.24148136400021,53.24148136400021,0.0
3055.3583925086205,55.4101638813687,53.23353108811206,53.23353108811206,0.0
3056.0629514057446,56.62398926341325,53.22616915604307,53.22616915604307,0.0
3056.765994671593,51.40155925927036,53.21942579027437,53.21942579027437,0.0
3057.470878158667,57.08766377487575,53.21326179651596,53.21326179651596,0.0
3058.174245316214,56.0633628503083,53.2077020573002,53.2077020573002,0.0
3058.879453542777,52.95102091086983,53.20271974103472,53.20271974103472,0.0
3059.5831447412397,52.038037545188566,53.19833046546583,53.19833046546583,0.0
3060.2869978229387,52.3453834412527,53.19451305737933,53.19451305737933,0.0
3060.992693245563,52.665752128797976,53.19125623320189,53.19125623320189,0.0
3061.6968705920426,56.2680596866253,53.18857190652052,53.18857190652052,0.0
3062.4028911282135,53.51933873795076,53.18644255463659,53.18644255463659,0.0
3063.1073928888627,58.048920158305926,53.18487171326928,53.18487171326928,0.0
3063.81373868836,56.35579191288287,53.18384478422463,53.18384478422463,0.0
3064.5185650126364,50.683085990744424,53.183361008035476,53.183361008035476,0.0
3065.223553481283,55.85702751733322,53.18341396360866,53.18341396360866,0.0
3065.9303872627393,53.84933296702559,53.184001874791484,53.184001874791484,0.0
3066.6357005192385,54.695443622007595,53.18511446951572,53.18511446951572,0.0
3067.3428599386825,53.42740254014541,53.186745914046234,53.186745914046234,0.0
3068.048498132665,54.91864995879837,53.18888736818214,53.18888736818214,0.0
3068.7559833401183,57.72810551907082,53.191547483780134,53.191547483780134,0.0
3069.4619466212826,54.59722401499972,53.19470504516417,53.19470504516417,0.0
3070.1680723083714,51.77472562047353,53.19835891435905,53.19835891435905,0.0
3070.876046284948,52.77506541042658,53.20251473712338,53.20251473712338,0.0
3071.5824972838063,51.344778084563025,53.20714805233797,53.20714805233797,0.0
3072.2907974236587,54.27755682449458,53.21226636561722,53.21226636561722,0.0
3072.997573884157,57.50549044407103,53.21783920581714,53.21783920581714,0.0
3073.706200337548,51.989393736147015,53.22390251778864,53.22390251778864,0.0
3074.413302409627,53.430058207511706,53.23041222226425,53.23041222226425,0.0
3075.120567149608,54.19150819113338,53.23736626307687,53.23736626307687,0.0
3075.829683160557,52.886047252872125,53.24478217023868,53.24478217023868,0.0
3076.5372737370685,53.26129806242318,53.25262569388956,53.25262569388956,0.0
3077.2467164374275,53.67316701747029,53.26092866160939,53.26092866160939,0.0
3077.9546330005824,51.23680265800385,53.269636887895565,53.269636887895565,0.0
3078.6644025408573,53.66533029339314,53.27878650359115,53.27878650359115,0.0
3079.372645240837,52.49399558920936,53.28833212452251,53.28833212452251,0.0
3080.0810508711193,52.70439459432419,53.29829158646876,53.29829158646876,0.0
3080.7913107586587,52.882199040537564,53.3086808250763,53.3086808250763,0.0
3081.500042751079,53.6824919174112,53.319442255721384,53.319442255721384,0.0
3082.2106298550116,56.34589579392355,53.33062423064253,53.33062423064253,0.0
3082.9196883599247,53.07349728338761,53.342168640901,53.342168640901,0.0
3083.630602830999,55.038044755032615,53.35412288734469,53.35412288734469,0.0
3084.3399879988297,53.357463285242034,53.36642022587486,53.36642022587486,0.0
3085.0495363597856,51.426061548744315,53.379083665505995,53.379083665505995,0.0
3085.760941969105,52.084717162517684,53.39214022010184,53.39214022010184,0.0
3086.4708172186542,51.82981318089821,53.40552079786679,53.40552079786679,0.0
3087.182550572201,50.78050889754241,53.41928195105848,53.41928195105848,0.0
3087.892752860941,55.92138486007423,53.43335210077311,53.43335210077311,0.0
3088.604814109706,50.64841199418822,53.447794122598005,53.447794122598005,0.0
3089.315343588304,50.47134411986702,53.46253343596058,53.46253343596058,0.0
3090.026036523275,56.64909283606449,53.47759745757156,53.47759745757156,0.0
3090.7385897025406,53.20780390241828,53.49301643735278,53.49301643735278,0.0
3091.4496100534097,52.265402757288825,53.50870918861144,53.50870918861144,0.0
3092.1624915055872,53.898683283800445,53.52474468801099,53.52474468801099,0.0
3092.873839423195,52.372401098684925,53.54104337165468,53.54104337165468,0.0
3093.5870492995195,50.72493529988276,53.55767526284835,53.55767526284835,0.0
3094.2987249347757,52.71071808907186,53.57455233500325,53.57455233500325,0.0
3095.0105642900767,55.51073851415424,53.591707080276485,53.591707080276485,0.0
3095.7242668904364,51.58748102837695,53.60917924870841,53.60917924870841,0.0
3096.436434189791,51.66297714197697,53.6268811269602,53.6268811269602,0.0
3097.1504655926,54.82898861568037,53.64488655905622,53.64488655905622,0.0
3097.8629609870914,54.56308616260993,53.66310079201358,53.66310079201358,0.0
3098.577321343829,50.85467717745929,53.68160567184841,53.68160567184841,0.0
3099.2901449846113,50.078631044709255,53.70031248132345,53.70031248132345,0.0
3100.0031326095354,53.23442571509213,53.719262924726834,53.719262924726834,0.0
3100.7179864851223,53.22323683730168,53.73849378942912,53.73849378942912,0.0
3101.431302583107,53.63642861533879,53.75789669163118,53.75789669163118,0.0
3102.146485791536,52.43339125563318,53.77756312698674,53.77756312698674,0.0
3102.8601305139086,50.30765479624017,53.79740067542961,53.79740067542961,0.0
3103.575643206903,51.50570150557439,53.81749797935253,53.81749797935253,0.0
3104.289616705061,53.79110370199965,53.83774940409178,53.83774940409178,0.0
3105.003754451884,54.14302973496558,53.858194110239246,53.858194110239246,0.0
3105.7197614598235,54.26017974067133,53.87887710628002,53.87887710628002,0.0
3106.434228209568,54.593571219697765,53.89969331412954,53.89969331412954,0.0
3107.1505650815966,53.85468939799648,53.920735987604886,53.920735987604886,0.0
3107.8653609858343,52.378864892840625,53.94190113521698,53.94190113521698,0.0
3108.5820278739197,54.570116165090894,53.963285867343195,53.963285867343195,0.0
3109.2971530842915,53.81746996932316,53.984781917111576,53.984781917111576,0.0
3110.0141501404732,52.06900362881822,54.006482684104185,54.006482684104185,0.0
3110.72960480869,53.48369266692465,54.028281700117034,54.028281700117034,0.0
3111.4452240663136,56.34973899556496,54.050225064727535,54.050225064727535,0.0
3112.1627164629194,55.540176336375,54.072353569525816,54.072353569525816,0.0
3112.8786654059954,53.480105010633565,54.09455458162944,54.09455458162944,0.0
3113.596488351008,54.96450281175874,54.116930401779456,54.116930401779456,0.0
3114.3127671314223,55.55478751758279,54.13937218748539,54.13937218748539,0.0
3115.0309207771256,54.82055060842595,54.1619797101944,54.1619797101944,0.0
3115.747529546835,54.860956837938836,54.18463854075913,54.18463854075913,0.0
3116.46430317145,56.415624599714874,54.207399124754154,54.207399124754154,0.0
3117.1829529566116,56.9528460651444,54.23030924725974,54.23030924725974,0.0
3117.900056798496,56.91502034260066,54.25325227416302,54.25325227416302,0.0
3118.619037665273,56.328869458620375,54.27633227966789,54.27633227966789,0.0
3119.336471876557,58.350583928344804,54.2994382061196,54.2994382061196,0.0
3120.0557839774788,59.672484950811395,54.322676453678056,54.322676453678056,0.0
3120.7735487103637,56.18613986441471,54.345926337877295,54.345926337877295,0.0
3121.4914785640826,58.21938393906339,54.36923690048719,54.36923690048719,0.0
3122.211287604787,56.31107648726618,54.39265955576525,54.39265955576525,0.0
3122.929548208449,55.188776426189186,54.4160783606009,54.4160783606009,0.0
3123.649688864837,56.73740630272676,54.43960063798924,54.43960063798924,0.0
3124.368280370818,57.71629030463737,54.46310891797295,54.46310891797295,0.0
3125.0887527956656,55.84759238214315,54.48670823380045,54.48670823380045,0.0
3125.807675356413,56.89277286504148,54.51027793832438,54.51027793832438,0.0
3126.526763304351,58.61395097068442,54.53386764801598,54.53386764801598,0.0
3127.247733470595,58.35445218345195,54.55753042636602,54.55753042636602,0.0
3127.96715270201,57.118389345234505,54.58115027707311,54.58115027707311,0.0
3128.688455018868,56.835024626557356,54.60483342968771,54.60483342968771,0.0
3129.4082056863813,57.5159728141282,54.628457153113274,54.628457153113274,0.0
3130.1298403068745,57.06112213329221,54.65213223874403,54.65213223874403,0.0
3130.8499225631795,59.98020163816819,54.675744552448464,54.675744552448464,0.0
3131.570170473461,61.470351715022616,54.699344266171465,54.699344266171465,0.0
3132.2923036382595,58.90168000308996,54.72297811426036,54.72297811426036,0.0
3133.012883366412,56.744381187583144,54.746523852600646,54.746523852600646,0.0
3133.7353492176167,58.412796694420194,54.77008645652391,54.77008645652391,0.0
3134.4562609165087,54.20024182928331,54.793551380383846,54.793551380383846,0.0
3135.1790596073893,54.88842545775401,54.817029028135345,54.817029028135345,0.0
3135.9003034299585,56.08234836663076,54.840403775728234,54.840403775728234,0.0
3136.621713173721,57.10600792247579,54.86372552551,54.86372552551,0.0
3137.345011213109,56.868225479329226,54.8870411796137,54.8870411796137,0.0
3138.066753309999,54.10664208135416,54.91022979750898,54.91022979750898,0.0
3138.790384572451,54.52687388325854,54.93339974417045,54.93339974417045,0.0
3139.512459175583,55.53195879961891,54.95643819595215,54.95643819595215,0.0
3140.2364238146147,55.23056059631665,54.9794475892251,54.9794475892251,0.0
3140.9588310771737,54.4544994314872,55.0023114793749,55.0023114793749,0.0
3141.6814045285746,55.051413284340704,55.025079914857656,55.025079914857656,0.0
3142.405869321614,57.525868933087516,55.04780379740266,55.04780379740266,0.0
3143.128775662261,58.47693857735601,55.07036741873548,55.07036741873548,0.0
3143.853574215887,53.42320357929077,55.09287246371056,55.09287246371056,0.0
3144.5768135991425,54.86305631836615,55.115209833276545,55.115209833276545,0.0
3145.3019460671185,56.434865661387676,55.13747703707265,55.13747703707265,0.0
3146.0255186464155,54.79285149672614,55.15956022277789,55.15956022277789,0.0
3146.7492576826326,55.119824277835164,55.18151058472643,55.18151058472643,0.0
3147.4748911114166,53.27537309946456,55.20337285726222,55.20337285726222,0.0
3148.1989635738646,53.720933955211656,55.22503713791409,55.22503713791409,0.0
3148.9249313016253,54.25010323675883,55.246605737797054,55.246605737797054,0.0
3149.649337343914,53.31214156575493,55.26796865320433,55.26796865320433,0.0
3150.375639524662,53.23097334751594,55.28922037057108,55.28922037057108,0.0
3151.1003793004706,55.58751235450598,55.31025573766079,55.31025573766079,0.0
3151.8252858017127,54.636532902714066,55.33111910918353,55.33111910918353,0.0
3152.5520897513693,58.10443863834099,55.3518525667333,55.3518525667333,0.0
3153.277330216693,53.894709804137285,55.372351128215364,55.372351128215364,0.0
3154.0044690045847,52.00273220129623,55.392706619158396,55.392706619158396,0.0
3154.730043587847,55.10712217071523,55.41281681073617,55.41281681073617,0.0
3155.4575173682333,53.60156421244313,55.43277309109314,55.43277309109314,0.0
3156.1834262233615,54.247978702865794,55.452474197284914,55.452474197284914,0.0
3156.9095020728682,54.93084598591077,55.47196261797243,55.47196261797243,0.0
3157.637478431568,56.22384031962986,55.49128109862597,55.49128109862597,0.0
3158.3638887838742,55.87393860669409,55.5103330172538,55.5103330172538,0.0
3159.0922005209377,54.05364397997051,55.52920333169008,55.52920333169008,0.0
3159.8189455301485,53.63058614713293,55.547795799469704,55.547795799469704,0.0
3160.5475928000833,53.79459114442784,55.566195842757935,55.566195842757935,0.0
3161.2746726203764,54.099897688382384,55.584310369836636,55.584310369836636,0.0
3162.0019197044253,56.584710439857766,55.602173803896264,55.602173803896264,0.0
3162.7310703633843,56.2974223484489,55.61982493668743,55.61982493668743,0.0
3163.458652489821,54.616119338845586,55.637175934206844,55.637175934206844,0.0
3164.1881390681415,56.536938491423264,55.65430069303075,55.65430069303075,0.0
3164.9160563913183,53.71079732298142,55.671112994158904,55.671112994158904,0.0
3165.6458790437605,54.994060890614946,55.687690442649235,55.687690442649235,0.0
3166.3741317181034,56.12302517357342,55.70395084535005,55.70395084535005,0.0
3167.1042905994955,56.398893895307204,55.71996324176144,55.71996324176144,0.0
3167.8328787795003,56.463917660236355,55.73564339834357,55.73564339834357,0.0
3168.5616345702583,56.39795188499614,55.751025729710946,55.751025729710946,0.0
3169.2922978849765,57.941906784830394,55.76614032900073,55.76614032900073,0.0
3170.0213894131816,58.82179953298897,55.78090911552714,55.78090911552714,0.0
3170.7523893441426,56.79060984252931,55.7953962388929,55.7953962388929,0.0
3171.48181676447,56.59066815400593,55.80952328754424,55.80952328754424,0.0
3172.213153466752,57.61592111027074,55.82335156417644,55.82335156417644,0.0
3172.942916933946,55.730277023563644,55.83681525773116,55.83681525773116,0.0
3173.6728482822655,57.59789263633878,55.84994218676489,55.84994218676489,0.0
3174.404690231577,54.215539475451806,55.862757771505876,55.862757771505876,0.0
3175.1349578589234,56.529357312696455,55.8752001864213,55.8752001864213,0.0
3175.867136967474,58.19817868567816,55.88732042161077,55.88732042161077,0.0
3176.5977410287696,56.06035643442193,55.899052720328626,55.899052720328626,0.0
3177.3302574518884,56.57145715649199,55.910450256293736,55.910450256293736,0.0
3178.0611981021293,57.30788373855273,55.9214543355367,55.9214543355367,0.0
3178.792306904306,57.69191829318516,55.93208719292842,55.93208719292842,0.0
3179.5253293894684,57.04329909777914,55.942367394620234,55.942367394620234,0.0
3180.2567750131234,56.48403559320934,55.95224062197609,55.95224062197609,0.0
3180.990135201398,55.55903658536886,55.96175035497816,55.96175035497816,0.0
3181.7219178017044,54.047886693548094,55.970849023797356,55.970849023797356,0.0
3182.4556158486703,56.74925659201222,55.979569772881455,55.979569772881455,0.0
3183.1877355808742,56.73950077246093,55.9878642667018,55.9878642667018,0.0
3183.9200237362606,56.51022648627282,55.9957558120341,55.9957558120341,0.0
3184.6542286615995,57.76388687881184,56.00325431856282,56.00325431856282,0.0
3185.3868541817924,57.53126544960356,56.010316567329106,56.010316567329106,0.0
3186.121397354992,54.35766778648019,56.01697459485529,56.01697459485529,0.0
3186.8543603954145,57.238179986227124,56.023191583808156,56.023191583808156,0.0
3187.589241972307,57.62974060196177,56.028991101568074,56.028991101568074,0.0
3188.322542688454,56.284123968844824,56.03434052470732,56.03434052470732,0.0
3189.0560120994674,56.34876191040189,56.03924986435535,56.03924986435535,0.0
3189.7914013723794,56.603731031032225,56.043725186741185,56.043725186741185,0.0
3190.525208692403,55.36974763046954,56.047741143756525,56.047741143756525,0.0
3191.2609367588043,59.073326307429404,56.05131284875722,56.05131284875722,0.0
3191.9950821435127,56.94643237792014,56.054418092008106,56.054418092008106,0.0
3192.7311491594855,57.34854050272281,56.05706464357517,56.05706464357517,0.0
3193.4656327646244,56.09780134428672,56.059232519376835,56.059232519376835,0.0
3194.2002853367508,53.44470947426464,56.06092404655168,56.06092404655168,0.0
3194.9368608677096,56.3040915810235,56.06214109600953,56.06214109600953,0.0
3195.671851893928,57.51359273488481,56.06287486766523,56.06287486766523,0.0
3196.4087667648846,58.141963719296086,56.06312444413631,56.06312444413631,0.0
3197.144096401121,54.917873301361055,56.06288436660195,56.06288436660195,0.0
3197.881350768409,54.203969784982405,56.06215222973159,56.06215222973159,0.0
3198.61701917066,56.1452275548943,56.06092880608776,56.06092880608776,0.0
3199.35285681246,54.40410187984526,56.059206781033645,56.059206781033645,0.0
3200.0906205150204,55.16132784914657,56.05697837209897,56.05697837209897,0.0
3200.8267971568735,57.051356292354626,56.05425116497716,56.05425116497716,0.0
3201.564900746822,55.73868997735235,56.051005187656756,56.051005187656756,0.0
3202.3014165449044,55.53472470223437,56.047253670987324,56.047253670987324,0.0
3203.039860178827,57.96796739987212,56.04297785014527,56.04297785014527,0.0
3203.776715289389,57.89409475085074,56.03819597384771,56.03819597384771,0.0
3204.5137399125,53.79154464299632,56.03289506761422,56.03289506761422,0.0
3205.2526937033053,54.598040757982176,56.02705636424196,56.02705636424196,0.0
3205.990057873311,57.61658753245888,56.02070371785899,56.02070371785899,0.0
3206.7293520997773,57.28463412236477,56.01380819780801,56.01380819780801,0.0
3207.4670559731067,54.17165081420387,56.00640057331378,56.00640057331378,0.0
3208.2066907920725,53.418258025157684,55.99843573185565,55.99843573185565,0.0
3208.944734525227,54.22960950180005,55.989948232743565,55.989948232743565,0.0
3209.6829480443716,55.94939463474896,55.98092027826303,55.98092027826303,0.0
3210.4230938431547,55.265655491096936,55.971329861796654,55.971329861796654,0.0
3211.1616474569187,54.35976726690751,55.961220099112424,55.961220099112424,0.0
3211.902134240521,53.10103104221367,55.9505395337185,55.9505395337185,0.0
3212.6410281055832,51.42219329363718,55.9393372108821,55.9393372108821,0.0
3213.381856031096,58.339470210951504,55.92755635894713,55.92755635894713,0.0
3214.121090304212,54.603166697068446,55.91525097408224,55.91525097408224,0.0
3214.860494637202,52.5585383275967,55.90239420713217,55.90239420713217,0.0
3215.601834366794,53.630135184749975,55.888952859994426,55.888952859994426,0.0
3216.3415793430095,54.279170267686936,55.874990944256226,55.874990944256226,0.0
3217.0832606074637,54.784979697796985,55.86044225884601,55.86044225884601,0.0
3217.8233463838387,56.05637293337247,55.84536864746088,55.84536864746088,0.0
3218.5653693404997,52.65450813338293,55.829694301357435,55.829694301357435,0.0
3219.305796074041,54.401090453265745,55.81349954623845,55.81349954623845,0.0
3220.04639314178,55.309443938482,55.796747293272006,55.796747293272006,0.0
3220.788928728113,53.52045111182872,55.77939018604741,55.77939018604741,0.0
3221.5298669885697,55.35890950119916,55.76150427316097,55.76150427316097,0.0
3222.2727446606964,54.3813884078237,55.74301045494211,55.74301045494211,0.0
3223.014024271058,54.139837923432886,55.72400276039515,55.72400276039515,0.0
3223.7572441865755,54.50561852294186,55.70438813066751,55.70438813066751,0.0
3224.4988653041023,53.828618761568464,55.68425960423742,55.68425960423742,0.0
3225.242427620683,52.88631281960875,55.66352177304511,55.66352177304511,0.0
3225.9843904027066,53.0837541722533,55.642273999096794,55.642273999096794,0.0
3226.726523872294,51.402586451364876,55.62046838701798,55.62046838701798,0.0
3227.47059988202,54.570912865300784,55.598051858659495,55.598051858659495,0.0
3228.213075252145,52.46902730527302,55.57513224638164,55.57513224638164,0.0
3228.957494057336,51.329866261766604,55.55160147544137,55.55160147544137,0.0
3229.700311485512,54.04878360762086,55.527573064655144,55.527573064655144,0.0
3230.4450732440932,54.253946438400256,55.502933890316044,55.502933890316044,0.0
3231.188232887906,55.426127949725355,55.47780296254905,55.47780296254905,0.0
3231.931563494618,55.16554685277379,55.45212413911087,55.45212413911087,0.0
3232.6768397749847,54.338987922439514,55.425836232372674,55.425836232372674,0.0
3233.4205128337553,53.231940411292726,55.39906628021651,55.39906628021651,0.0
3234.1661324625516,53.08088805577495,55.37168917728609,55.37168917728609,0.0
3234.9101481311473,54.540397744054076,55.34383915597368,55.34383915597368,0.0
3235.656111266553,53.284226994249934,55.31538601344079,55.31538601344079,0.0
3236.4004697028145,52.10227964198725,55.286467722744234,55.286467722744234,0.0
3237.1449993777564,51.47739610000417,55.25702007122077,55.25702007122077,0.0
3237.8914778649237,51.82993844822681,55.226973874278244,55.226973874278244,0.0
3238.6363505443333,52.752772836629106,55.1964753515703,55.1964753515703,0.0
3239.3831729337858,53.087807823006756,55.16538216324325,55.16538216324325,0.0
3240.128388775686,53.30993185007844,55.133844794817335,55.133844794817335,0.0
3240.8755552258585,55.9089232662252,55.101715602730295,55.101715602730295,0.0
3241.6211143883443,54.137753475085,55.06915166816397,55.06915166816397,0.0
3242.366845065735,52.692864989399936,55.036081108110785,55.036081108110785,0.0
3243.1145276989846,53.48747574024833,55.002427233464836,55.002427233464836,0.0
3243.860601934145,51.92961115624644,54.96835454984469,54.96835454984469,0.0
3244.6086290244293,51.72588138370622,54.93370497835275,54.93370497835275,0.0
3245.355046975636,53.956882484667524,54.89864831134203,54.89864831134203,0.0
3246.103418681646,53.07916938802657,54.8630222061454,54.8630222061454,0.0
3246.8501805072497,54.294678362967495,54.82700112576797,54.82700112576797,0.0
3247.5971141244295,56.146054319263044,54.79050568081922,54.79050568081922,0.0
3248.346002846172,52.437690430350706,54.75345216058519,54.75345216058519,0.0
3249.093280575315,55.95280691677999,54.71602220244736,54.71602220244736,0.0
3249.842514309737,53.99166170577974,54.6780424897576,54.6780424897576,0.0
3250.5901363093762,52.492281932154135,54.639699373844806,54.639699373844806,0.0
3251.339715215424,51.71647130198187,54.60081545534808,54.60081545534808,0.0
3252.0876816441637,52.01317949650138,54.56158160858114,54.56158160858114,0.0
3252.8358201415963,54.674037940896596,54.521911604955015,54.521911604955015,0.0
3253.585916897376,52.66774638466927,54.48171514632466,54.48171514632466,0.0
3254.3344000618613,55.4404384893445,54.441189744098864,54.441189744098864,0.0
3255.084842386861,54.620448577721966,54.400148235787825,54.400148235787825,0.0
3255.8336703771843,52.53100456877064,54.358791982265146,54.358791982265146,0.0
3256.584458430608,52.89468067715916,54.31692970471599,54.31692970471599,0.0
3257.333631405631,53.93117762883901,54.27476735304425,54.27476735304425,0.0
3258.0829767269133,54.62583507285172,54.232212378958394,54.232212378958394,0.0
3258.8342834654127,54.63333608048822,54.18916855594967,54.18916855594967,0.0
3259.5839740097294,54.92140082933441,54.14584770081273,54.14584770081273,0.0
3260.335626874886,54.844927630571306,54.10204999332486,54.10204999332486,0.0
3261.085662801281,55.4087959621404,54.05799099728443,54.05799099728443,0.0
3261.837661952558,56.6565838223147,54.01346749610261,54.01346749610261,0.0
3262.588043420148,51.57965933637922,53.968698701099775,53.968698701099775,0.0
3263.3385975120095,51.3576104697047,53.92358630880881,53.92358630880881,0.0
3264.091116185054,54.656771092322515,53.87802880782375,53.87802880782375,0.0
3264.842016056829,55.62011192410058,53.8322505026126,53.8322505026126,0.0
3265.594881414869,54.80921140984117,53.78604049165323,53.78604049165323,0.0
3266.3461272258596,56.330492923199024,53.7396267766559,53.7396267766559,0.0
3267.099339428614,54.206349864225785,53.69279592633413,53.69279592633413,0.0
3267.850931338193,54.530411432618166,53.64577886664989,53.64577886664989,0.0
3268.6026961505036,52.67802331630753,53.5984720520315,53.5984720520315,0.0
3269.3564287130675,52.13742965439212,53.55076922894957,53.55076922894957,0.0
3270.1085398630703,54.16377901527472,53.50290544831502,53.50290544831502,0.0
3270.8626196698688,54.39528807060504,53.45466028453846,53.45466028453846,0.0
3271.6150773171225,54.49919481433131,53.40627039909613,53.40627039909613,0.0
3272.36950452813,54.22241915713847,53.35751184767947,53.35751184767947,0.0
3273.122308832265,56.19444258295426,53.308624676720925,53.308624676720925,0.0
3273.8752863180403,54.78011431475421,53.25950110591924,53.25950110591924,0.0
3274.6302347282517,51.5783916310138,53.210031195128714,53.210031195128714,0.0
3275.383559110398,54.40650200186121,53.16045867255917,53.16045867255917,0.0
3276.1388553249844,54.78611211444752,53.110554716778545,53.110554716778545,0.0
3276.892526763316,54.73618055726798,53.06056558963419,53.06056558963419,0.0
3277.6481709425098,54.02953252456177,53.01026260765028,53.01026260765028,0.0
3278.4021895969163,53.81769545051464,52.95989347720661,52.95989347720661,0.0
3279.1563817123238,54.581766026650605,52.909346343368526,52.909346343368526,0.0
3279.912547931469,54.7296516241014,52.85850807162991,52.85850807162991,0.0
3280.667087502826,53.09962303744021,52.807628765978514,52.807628765978514,0.0
3281.42360208739,54.78812641309139,52.75647355744841,52.75647355744841,0.0
3282.1784892747696,55.214832030537764,52.705294009585565,52.705294009585565,0.0
3282.9353523852437,52.68007268980342,52.653853766197905,52.653853766197905,0.0
3283.690587348793,51.48600447082549,52.60240568305545,52.60240568305545,0.0
3284.4477991457434,54.44842146070358,52.55071211866955,52.55071211866955,0.0
3285.2033820456822,52.022313990102816,52.49902706977342,52.49902706977342,0.0
3285.9591387664746,54.56326153686996,52.44723542789342,52.44723542789342,0.0
3286.7168736863714,53.8681531304743,52.39522105762099,52.39522105762099,0.0
3287.4729785839263,52.73875291721231,52.343239060533485,52.343239060533485,0.0
3288.2310625919417,53.72315870296757,52.291048666449825,52.291048666449825,0.0
3288.9875158266645,53.24895171451647,52.238905881037084,52.238905881037084,0.0
3289.7459490836236,53.033597133882274,52.186569411232654,52.186569411232654,0.0
3290.502750815993,51.4053824181392,52.134296029118936,52.134296029118936,0.0
3291.259726649606,51.83698348278722,52.081968636957164,52.081968636957164,0.0
3292.0186838733616,52.28594158848591,52.02946952802314,52.02946952802314,0.0
3292.7760084453835,52.146193356700905,51.97705602182325,51.97705602182325,0.0
3293.5353153203723,53.80528897429019,51.92448522376572,51.92448522376572,0.0
3294.2929887914647,54.176706603586126,51.872014349370495,51.872014349370495,0.0
3295.052645478771,52.999013329802665,51.819400312877065,51.819400312877065,0.0
3295.8106680096726,52.2176508516269,51.76690129378231,51.76690129378231,0.0
3296.568864922661,52.11182000173335,51.714395317431794,51.714395317431794,0.0
3297.3290464219767,53.23269201526432,51.661762033433234,51.661762033433234,0.0
3298.0875926359236,55.02747720319201,51.60926234210925,51.60926234210925,0.0
3298.8481243504957,52.320871130392455,51.55665568451927,51.55665568451927,0.0
3299.607020026323,53.23319809527187,51.50419786273357,51.50419786273357,0.0
3300.3679021174958,51.11208149495758,51.45163892837766,51.45163892837766,0.0
3301.127147416202,51.96736171839302,51.39924205550527,51.39924205550527,0.0
3301.886567378291,54.9875920857661,51.346892264158306,51.346892264158306,0.0
3302.6479751280476,51.02840291945347,51.29446352365122,51.29446352365122,0.0
3303.407744954554,51.04726817914048,51.24220872947786,51.24220872947786,0.0
3304.1695034845006,51.960948031168755,51.18988417991846,51.18988417991846,0.0
3304.929623336605,50.95910503327252,51.137745548374085,51.137745548374085,0.0
3305.691732808345,50.95017597808999,51.08555340827272,51.08555340827272,0.0
3306.452202847305,51.39356720370575,51.03356321356682,51.03356321356682,0.0
3307.2128478313984,49.28876542026819,50.98165230902356,50.98165230902356,0.0
3307.975483809664,51.32135309411502,50.92970130103526,50.92970130103526,0.0
3308.7364792225408,48.9898475100722,50.8779629875928,50.8779629875928,0.0
3309.49946654684,48.662373659648786,50.826195530361844,50.826195530361844,0.0
3310.260812549943,49.76911050782065,50.77464852306329,50.77464852306329,0.0
3311.0241513821406,50.21370931048409,50.723079486931596,50.723079486931596,0.0
3311.7858481369863,50.55065337094959,50.67173956886034,50.67173956886034,0.0
3312.5477201191693,49.190014679787055,50.620511728299164,50.620511728299164,0.0
3313.3115863072017,50.03390559770629,50.5692805637155,50.5692805637155,0.0
3314.073809283446,49.44491866140652,50.518295847300095,50.518295847300095,0.0
3314.838027384269,49.06216684421895,50.46731079413058,50.46731079413058,0.0
3315.600601516276,50.09530663149235,50.416569051403044,50.416569051403044,0.0
3316.3651716920167,50.11382615335243,50.36584050577204,50.36584050577204,0.0
3317.128097141565,49.048893518080604,50.315371472877196,50.315371472877196,0.0
3317.8911981011115,50.17167460569942,50.26503764934731,50.26503764934731,0.0
3318.6562964833643,51.205996916554795,50.2147117618156,50.2147117618156,0.0
3319.4197490031606,50.59907169879966,50.16464534248754,50.16464534248754,0.0
3320.185199865876,49.92473762617885,50.11460516391663,50.11460516391663,0.0
3320.949004107886,50.69920539058853,50.06481775600106,50.06481775600106,0.0
3321.714807613451,48.706598037337365,50.01506243989291,50.01506243989291,0.0
3322.478963739713,49.79590769475453,49.96558786046674,49.96558786046674,0.0
3323.2432956590883,49.36854066581316,49.91626348002404,49.91626348002404,0.0
3324.0096282232175,48.615689031626516,49.86698132162935,49.86698132162935,0.0
3324.7743122699458,49.05836873881584,49.81797939541894,49.81797939541894,0.0
3325.540997883124,49.12832803649178,49.76900748224017,49.76900748224017,0.0
3326.30603421943,49.68205973583065,49.720307635238456,49.720307635238456,0.0
3327.0730730443065,49.184092040490896,49.671657498972245,49.671657498972245,0.0
3327.8384618324894,47.25445406797985,49.623284221622136,49.623284221622136,0.0
3328.6040266973578,47.59010035892107,49.57506956150697,49.57506956150697,0.0
3329.3715954342247,49.20304248196135,49.52689916997477,49.52689916997477,0.0
3330.1375129944627,47.705211012517225,49.47900352111087,49.47900352111087,0.0
3330.9054353498827,48.99968851140693,49.43115204904687,49.43115204904687,0.0
3331.671705767978,50.01184351579343,49.38357439462819,49.38357439462819,0.0
3332.439981904863,48.827465977355935,49.33605035419551,49.33605035419551,0.0
3333.206605343377,48.89348185952758,49.28879652875103,49.28879652875103,0.0
3333.9734051426044,49.63949389757272,49.24169291964244,49.24169291964244,0.0
3334.742212046282,47.573449825603696,49.19463549710599,49.19463549710599,0.0
3335.509365109814,49.64085179541473,49.147850739034894,49.147850739034894,0.0
3336.2785262024677,48.754149515273525,49.10111302608311,49.10111302608311,0.0
3337.046032693052,48.163113205477885,49.054640739721336,49.054640739721336,0.0
3337.8155481378562,49.43836467477422,49.00821505622007,49.00821505622007,0.0
3338.5834082183173,50.2469251953354,48.962054186430954,48.962054186430954,0.0
3339.351444943981,48.70299033827371,48.91603441543882,48.91603441543882,0.0
3340.121492011758,49.350607395050936,48.870055677800465,48.870055677800465,0.0
3340.8898825715773,48.66634713931194,48.82434257211466,48.82434257211466,0.0
3341.660284399674,49.51310918440266,48.77866386556396,48.77866386556396,0.0
3342.4290289566593,49.41408786649174,48.73323299690543,48.73323299690543,0.0
3343.199785708513,48.429481653010725,48.687832629590254,48.687832629590254,0.0
3343.9688844257516,50.27403304524421,48.642677977366894,48.642677977366894,0.0
3344.739996264875,50.38111656842375,48.59755629261212,48.59755629261212,0.0
3345.5094493055276,49.106566596167575,48.552681073887356,48.552681073887356,0.0
3346.2790793578415,49.10038340082793,48.50793539368718,48.50793539368718,0.0
3347.050723922814,49.35668035514141,48.46320842153087,48.46320842153087,0.0
3347.8207085433287,48.835072209548464,48.4187094555677,48.4187094555677,0.0
3348.5927086045867,48.78332177075766,48.37422094521412,48.37422094521412,0.0
3349.36304795665,49.76451570220763,48.32995473430853,48.32995473430853,0.0
3350.1354036779703,47.43018408723162,48.28569793742665,48.28569793742665,0.0
3350.9060979250085,47.75359927620843,48.24165433055995,48.24165433055995,0.0
3351.676969469245,47.87858600599134,48.19771353452246,48.19771353452246,0.0
3352.4498587757553,46.332401347708014,48.153768152656326,48.153768152656326,0.0
3353.221085460147,46.8456015502054,48.110025633735795,48.110025633735795,0.0
3353.994330836394,46.34389086708712,48.06627278582465,48.06627278582465,0.0
3354.7659128245537,47.94101423187192,48.02271176801237,48.02271176801237,0.0
3355.53951443458,51.384422688718026,47.97912835487408,47.97912835487408,0.0
3356.3114518901953,49.85501383108067,47.9357302935318,47.9357302935318,0.0
3357.083566929008,45.21590867998487,47.892409320140864,47.892409320140864,0.0
3357.857702984951,46.54449897779864,47.849049038274764,47.849049038274764,0.0
3358.6301737367967,46.65122674176496,47.80585751125444,47.80585751125444,0.0
3359.404666436854,50.45456831922104,47.762628870254645,47.762628870254645,0.0
3360.177493065609,49.50218587334882,47.71955874970351,47.71955874970351,0.0
3360.952342574085,48.47999445059497,47.676439430639476,47.676439430639476,0.0
3361.725525243701,49.52226372077667,47.633471112589866,47.633471112589866,0.0
3362.4988857829744,47.27503799541523,47.59053795802932,47.59053795802932,0.0
3363.2742705994847,48.155927871509455,47.547538987083776,47.547538987083776,0.0
3364.047987425592,46.573530933874736,47.50467950122514,47.50467950122514,0.0
3364.8237294615196,47.690654948934025,47.46174498894295,47.46174498894295,0.0
3365.597802738602,48.143987389747394,47.41893199897634,47.41893199897634,0.0
3366.373902158518,46.59552286608357,47.376029262326284,47.376029262326284,0.0
3367.1483320507914,47.25019998950063,47.333234601867204,47.333234601867204,0.0
3367.922940099644,45.95091222519273,47.29044375514755,47.29044375514755,0.0
3368.6995756911,44.93407723340977,47.24754963463868,47.24754963463868,0.0
3369.4745406015136,46.75660161858241,47.20474596806792,47.20474596806792,0.0
3370.2515339886186,48.05885571323154,47.16182780489769,47.16182780489769,0.0
3371.026855924999,46.96314740066953,47.11899682522233,47.11899682522233,0.0
3371.8042072725884,46.19934740196334,47.076037787641894,47.076037787641894,0.0
3372.579886399418,46.656047028569446,47.03315479425923,47.03315479425923,0.0
3373.3557439702104,46.96238076461851,46.99024442768178,46.99024442768178,0.0
3374.1336323542396,47.74957067892069,46.9471948984959,46.9471948984959,0.0
3374.9098473622475,47.40002973589128,46.904201136663396,46.904201136663396,0.0
3375.6880941190866,47.29689463890918,46.86105166410632,46.86105166410632,0.0
3376.464666728981,49.75335688857604,46.81795067319088,46.81795067319088,0.0
3377.243272023732,47.16979840731267,46.77468467016513,46.77468467016513,0.0
3378.020202400259,47.14600262557201,46.73145184847324,46.73145184847324,0.0
3378.7973115085983,46.33201552433593,46.68814595488945,46.68814595488945,0.0
3379.576454706084,47.258713157152215,46.644662339594696,46.644662339594696,0.0
3380.3539218282212,48.58005298198668,46.601205349255025,46.601205349255025,0.0
3381.133423976608,45.38955425088875,46.55756044660838,46.55756044660838,0.0
3381.91124927748,47.60398498962297,46.51392459361136,46.51392459361136,0.0
3382.6911105421377,46.41586446340693,46.47007973172707,46.47007973172707,0.0
3383.469294186756,46.29567797765594,46.42622923114212,46.42622923114212,0.0
3384.2476568515003,46.10999171112713,46.38226638459627,46.38226638459627,0.0
3385.0280568865837,45.69897457391449,46.33808158081804,46.33808158081804,0.0
3385.8067781426384,47.80634183224175,46.293877012947604,46.293877012947604,0.0
3386.587537707648,46.692299393465994,46.24943668605788,46.24943668605788,0.0
3387.3666177202163,46.70322771521297,46.20496919161986,46.20496919161986,0.0
3388.1477369807876,48.384039676888165,46.16025934966172,46.16025934966172,0.0
3388.927175915148,47.286687856974936,46.11551304198922,46.11551304198922,0.0
3389.706794158411,44.44898200875684,46.07061872342475,46.07061872342475,0.0
3390.4884530585,45.7471573991868,46.02546764325875,46.02546764325875,0.0
3391.2684304715185,45.92464617173209,45.9802667751562,45.9802667751562,0.0
3392.0504494814923,46.29938087988933,45.93479343588758,45.93479343588758,0.0
3392.8307862297347,46.898349116931854,45.88926352184609,45.88926352184609,0.0
3393.613165515496,47.0212764518326,45.84345862763333,45.84345862763333,0.0
3394.3938617645085,46.01473843446047,45.79759302971229,45.79759302971229,0.0
3395.1747376116673,44.85680733443679,45.75155031894825,45.75155031894825,0.0
3395.9576574074404,47.19510240768966,45.705211841889934,45.705211841889934,0.0
3396.7388930037314,48.06951846824189,45.65879384189244,45.65879384189244,0.0
3397.522173490283,47.968668247333426,45.61207606622836,45.61207606622836,0.0
3398.303769001443,48.08416472430167,45.56528164160352,45.56528164160352,0.0
3399.0874103449437,48.47118565204789,45.51818281386357,45.51818281386357,0.0
3399.869365936785,48.35200130492569,45.470992960390646,45.470992960390646,0.0
3400.653368303481,47.6474727954194,45.423479052213146,45.423479052213146,0.0
3401.435684141893,47.96558166035675,45.3758629674152,45.3758629674152,0.0
3402.2181799510363,46.56681660506183,45.3280306650846,45.3280306650846,0.0
3403.002723949056,46.09556091487252,45.27986840925994,45.27986840925994,0.0
3403.785580253647,47.31163108744556,45.23160543005979,45.23160543005979,0.0
3404.5704856907146,47.50110042729808,45.18300791961514,45.18300791961514,0.0
3405.353702656834,50.10067809454268,45.134303919188085,45.134303919188085,0.0
3406.1389696994643,48.88059936745447,45.08525996939703,45.08525996939703,0.0
3406.9225474932687,48.057497815389524,45.03611075164962,45.03611075164962,0.0
3407.7063055481144,47.6562966260459,44.98673220518204,44.98673220518204,0.0
3408.4921150957757,47.17329587112715,44.93700098113617,44.93700098113617,0.0
3409.2762342275864,48.10877223833165,44.887157849299186,44.887157849299186,0.0
3410.0624057973337,48.22500528719206,44.836959854288054,44.836959854288054,0.0
3410.8468861724564,47.790969025676084,44.78664034792253,44.78664034792253,0.0
3411.633419931073,48.04850863188927,44.73595815128879,44.73595815128879,0.0
3412.4182617159327,48.40387200035196,44.68515117254488,44.68515117254488,0.0
3413.203284052613,47.96871334357172,44.634096248998524,44.634096248998524,0.0
3413.9903611913765,47.53336428045202,44.582670634720834,44.582670634720834,0.0
3414.775745187476,49.227544771435305,44.531119226233635,44.531119226233635,0.0
3415.5631849323045,48.43584022261041,44.47919689648082,44.47919689648082,0.0
3416.3489307544382,47.67975168065277,44.42715227519929,44.42715227519929,0.0
3417.136733272383,48.025554646596795,44.37473105232493,44.37473105232493,0.0
3417.922841087245,48.83745729948498,44.322178210681585,44.322178210681585,0.0
3418.7091297451766,49.28885561274478,44.26937068902605,44.26937068902605,0.0
3419.4974765197962,48.75420463289811,44.21618076758793,44.21618076758793,0.0
3420.2841274205393,48.285729877403696,44.162862752811115,44.162862752811115,0.0
3421.0728373861443,48.31774820659359,44.10916692512651,44.10916692512651,0.0
3421.859850696585,47.60886540474519,44.05534904212769,44.05534904212769,0.0
3422.6489240204974,47.574141301257555,44.0011520322778,44.0011520322778,0.0
3423.4362999075965,50.28324770993595,43.946836266188186,43.946836266188186,0.0
3424.2238569294836,49.027122056370104,43.892273381017716,43.892273381017716,0.0
3425.0134753880125,48.837156657896344,43.83733388672115,43.83733388672115,0.0
3425.801395237046,48.27950158582576,43.782284109433924,43.782284109433924,0.0
3426.591377472424,48.153242139984286,43.72686515332863,43.72686515332863,0.0
3427.3796603157593,48.32934295052871,43.671338139235374,43.671338139235374,0.0
3428.1700064955785,47.19985254479013,43.61542835660462,43.61542835660462,0.0
3428.9586525004456,48.31308826196972,43.559409409010996,43.559409409010996,0.0
3429.74747993229,48.471200684127325,43.50315529457025,43.50315529457025,0.0
3430.538372126083,48.10839142565272,43.44652734661035,43.44652734661035,0.0
3431.327562970351,47.35560994117009,43.38980102810713,43.38980102810713,0.0
3432.118819527803,47.140200242911305,43.33271012698651,43.33271012698651,0.0
3432.9083739519187,48.018549697581534,43.27552337598936,43.27552337598936,0.0
3433.6999950408917,45.83173288876367,43.217969245886614,43.217969245886614,0.0
3434.489913212357,47.21491969907402,43.160324634948296,43.160324634948296,0.0
3435.2800131034587,48.29411276703354,43.10245521992765,43.10245521992765,0.0
3436.0721810871814,47.354282107486945,43.04422933878234,43.04422933878234,0.0
3436.862644976929,46.48065773645147,42.985928032942674,42.985928032942674,0.0
3437.6551779120673,47.070787110788054,42.927269619120196,42.927269619120196,0.0
3438.4460059681533,45.13600816711131,42.86853778341188,42.86853778341188,0.0
3439.2389040228386,49.11857722763364,42.80946039374176,42.80946039374176,0.0
3440.0300964130356,47.962089207235415,42.75032683395684,42.75032683395684,0.0
3440.821470816003,45.97106022232459,42.69099992492741,42.69099992492741,0.0
3441.6149166476353,47.23995312202124,42.63134036670292,42.63134036670292,0.0
3442.4066556364146,46.343835749462535,42.571637560716994,42.571637560716994,0.0
3443.200467008165,46.963563288200476,42.51161013750769,42.51161013750769,0.0
3443.992570750721,47.94681661453262,42.45154677772697,42.45154677772697,0.0
3444.7867478309945,45.836493047250435,42.39116376693279,42.39116376693279,0.0
3445.579216495369,45.40163002136569,42.3307523325725,42.3307523325725,0.0
3446.371867466118,47.743412537046765,42.27017407879569,42.27017407879569,0.0
3447.16659320696,46.95453401915506,42.2092913276147,42.2092913276147,0.0
3447.959609351635,46.101047623865156,42.14840445720237,42.14840445720237,0.0
3448.754701222249,47.60445098408536,42.08722639756547,42.08722639756547,0.0
3449.5480827090864,46.534688040622775,42.026043028437336,42.026043028437336,0.0
3450.3435408781475,46.75756868235919,41.96457867119435,41.96457867119435,0.0
3451.1372878754605,49.16756677450212,41.90313513145026,41.90313513145026,0.0
3451.9312174732263,48.0423003830839,41.84155419483947,41.84155419483947,0.0
3452.7272251879003,47.92107167315896,41.779702348912494,41.779702348912494,0.0
3453.521520548656,46.763145583828425,41.717888348771794,41.717888348771794,0.0
3454.3178949837074,45.58163416186926,41.655815281587024,41.655815281587024,0.0
3455.112556275959,46.467489634869146,41.59378259681099,41.59378259681099,0.0
3455.9092976003344,48.0364529041849,41.531500971880966,41.531500971880966,0.0
3456.704324992667,46.87908801248648,41.469274130222246,41.469274130222246,0.0
3457.4995352800056,46.75675695006987,41.40696368011895,41.40696368011895,0.0
3458.296827036468,48.23756208421082,41.3444280666899,41.3444280666899,0.0
3459.092403676809,47.246336745086644,41.28196770620397,41.28196770620397,0.0
3459.8900627452053,46.65390245190383,41.219290022767204,41.219290022767204,0.0
3460.6860059073283,47.63652443089985,41.15669934639134,41.15669934639134,0.0
3461.4840324568795,46.8130120019971,41.09390245390904,41.09390245390904,0.0
3462.2803423096393,47.52426987239574,41.03121207573928,41.03121207573928,0.0
3463.078736509643,45.02853380986654,40.968339099267126,40.968339099267126,0.0
3463.8754132219747,45.504770129040935,40.90558222520596,40.90558222520596,0.0
3464.672273208737,47.63065690922827,40.84279018430989,40.84279018430989,0.0
3465.4712189827237,48.96729438023124,35.948498852631225,35.948498852631225,0.0
3466.2684460825044,49.88179097524199,35.93215009664946,35.93215009664946,0.0
3467.06775993043,46.155934756564086,35.91577796547887,35.91577796547887,0.0
3467.8653543123573,47.58863723652303,35.899460407716674,35.899460407716674,0.0
3468.6650364037937,49.20795296124243,35.88311952129197,35.88311952129197,0.0
3469.4629982370748,49.07588612204711,35.86683310603619,35.86683310603619,0.0
3470.2611436404272,48.39556928181242,35.85056222263847,35.85056222263847,0.0
3471.0613781955917,47.678163290926136,35.834268080161245,35.834268080161245,0.0
3471.859891304153,46.797393671467375,35.81802825587387,35.81802825587387,0.0
3472.660494526997,47.88488945796644,35.801765218795175,35.801765218795175,0.0
3473.4593755101682,45.9355895255585,35.78555639809224,35.78555639809224,0.0
3474.2603475705378,45.55358931234253,35.76932441079109,35.76932441079109,0.0
3475.0595965978,47.95643714536903,35.7531465382214,35.7531465382214,0.0
3475.8590294912506,46.443408243619274,35.736984100536965,35.736984100536965,0.0
3476.660554906528,45.22811472848355,35.72079856533866,35.72079856533866,0.0
3477.4603560983332,45.625793400546975,35.70466699278356,35.70466699278356,5e-324
3478.2622507759897,46.77082196572496,35.68851236867065,35.68851236867065,2e-323
3479.062420435825,47.33193942675803,35.672411605979995,35.672411605979995,6.4e-323
3479.8646845459793,47.23097395990726,35.65628783759305,35.65628783759305,2e-322
3480.6652228435973,47.624784376863545,35.64021782957638,35.64021782957638,6.13e-322
3481.465945303999,48.27200057818925,35.6241631599281,35.6241631599281,1.887e-321
3482.268763661679,47.64119940760316,35.60808555317141,35.60808555317141,5.805e-321
3483.0698550145385,48.30435462381979,35.592061555583385,35.592061555583385,1.784e-320
3483.873043230256,48.96320565462577,35.57601466651246,35.57601466651246,5.491e-320
3484.674503645522,47.53589969118286,35.56002128597956,35.56002128597956,1.68407e-319
3485.4780618896693,45.361624647304325,35.544005059495134,35.544005059495134,5.174e-319
3486.2798915373683,46.539102461282596,35.528042241086304,35.528042241086304,1.58405e-318
3487.0819056449245,47.87499333900712,35.512094664982655,35.512094664982655,4.845504e-318
3487.886019030656,48.12764250871181,35.49612431102125,35.49612431102125,1.4848945e-317
3488.688402625731,47.67828354756159,35.48020721481619,35.48020721481619,4.5344302e-317
3489.492886466118,47.36439869694459,35.464267386049876,35.464267386049876,1.38718466e-316
3490.295639718935,47.27271804448958,35.4483807149968,35.4483807149968,4.2288075e-316
3491.100494184646,46.02758084098844,35.43247135658525,35.43247135658525,1.2914699e-315
3491.9036172655055,46.408869535777974,35.41661505601118,35.41661505601118,3.930289273e-315
3492.706925103775,45.90389689142296,35.40077390213053,35.40077390213053,1.19507038e-314
3493.51233560657,46.09812638976223,35.38491012849328,35.38491012849328,3.6403448843e-314
3494.3160135283792,47.05078943445051,35.36909926325252,35.36909926325252,1.1050147941e-313
3495.1217950834116,45.690456395569754,35.353265823224156,35.353265823224156,3.36025287543e-313
3495.9258432592587,45.54592796252542,35.33748519213388,35.33748519213388,1.018249296697e-312
3496.731996037471,44.2170821193613,35.3216820311317,35.3216820311317,3.09109824692e-312
3497.5364146379316,45.410078050006405,35.30593157977581,35.30593157977581,9.35086014436e-312
3498.341018293834,46.151700720857434,35.290196179950755,35.290196179950755,2.826305183108e-311
3499.147728006075,45.20925949018283,35.27443831732604,35.27443831732604,8.5577662675667e-311
3499.9527023425,46.28917409795508,35.25873301578067,35.25873301578067,2.58216808749324e-310
3500.759783705523,45.26396122723543,35.243005296078664,35.243005296078664,7.8051399811851e-310
3501.5651288932436,43.872416580760955,35.2273300385795,35.2273300385795,2.351047374383926e-309
3502.3725820782684,44.772221823473615,35.21163240747387,35.21163240747387,7.094346369275756e-309
3503.1782982881346,46.60338464362644,35.195987139860435,35.195987139860435,2.133288871057316e-308
3503.9841998519564,46.4063541678197,35.180356829062205,35.180356829062205,6.409375085400314e-308
3504.792210869401,44.35447532536864,35.164704211282384,35.164704211282384,1.9290761491728056e-307
3505.598483711691,46.22906081230701,35.14910380929772,35.14910380929772,5.7859141703874505e-307
3506.4068669794283,43.634213239390306,35.133481144649984,35.133481144649984,1.73844314441031e-306
3507.2135112712353,44.615647684111195,35.11791059750012,35.11791059750012,5.205227342873073e-306
3508.022266960761,45.93219728630004,35.10231783191324,35.10231783191324,1.5612880235986535e-305
3508.8292828732096,44.830155457604064,35.08677708569198,35.08677708569198,4.666796187472461e-305
3509.6364844386094,46.09517008080729,35.07125120201506,35.07125120201506,1.3937451886744002e-304
3510.445798860396,44.73167028385956,35.05570316604095,35.05570316604095,4.169743907176786e-304
3511.2533723031743,42.94855500026415,35.04020700260115,35.04020700260115,1.2431700103607681e-303
3512.0630595757307,43.47548951266913,35.024688730859665,35.024688730859665,3.712883714315271e-303
3512.8710050672107,43.72659538888547,35.009222233931645,35.009222233931645,1.1050682085810547e-302
3513.68106536231,42.95345545815894,34.99373367260544,34.99373367260544,3.2947671613507356e-302
3514.489383073895,43.58741336542573,34.978296788536056,34.978296788536056,9.789467333445098e-302
3515.297886737908,41.279460544506094,34.96287467318279,34.96287467318279,2.906177492614905e-301
3516.10850666656,43.061631312443865,34.94743055908827,34.94743055908827,8.642521218865573e-301
3516.9173828078274,43.57942130986112,34.93203797628097,34.93203797628097,2.5612980760218084e-300
3517.7283761886965,42.57171580098645,34.91662343840642,34.91662343840642,7.60384514755081e-300
3518.5376249788187,42.505810154063965,34.90126033467192,34.90126033467192,2.249621883325648e-299
3519.348991983954,43.151397880117884,34.88587531945259,34.88587531945259,6.667107990550309e-299
3520.1586135946104,42.857555802076725,34.87054164138957,34.87054164138957,1.9691116839229203e-298
3520.9684214576537,43.55159192013957,34.855222638654894,34.855222638654894,5.810746767114732e-298
3521.7803489990883,42.86032170469218,34.83988178961161,34.83988178961161,1.7176812962713726e-297
3522.5905299402307,41.79999640176624,34.82459213261267,34.82459213261267,5.0601196032604214e-297
3523.402831536299,41.462062729404806,34.80928067265913,34.80928067265913,1.493228397885382e-296
3524.213385727416,40.84487060139771,34.794020308173764,34.794020308173764,4.391380119726797e-296
3525.0260615504444,41.163495567728894,34.77873818399659,34.77873818399659,1.2936634586185163e-295
3525.8369891634943,40.4940870064686,34.76350705887404,34.76350705887404,3.7979802076669717e-295
3526.6500393858887,41.64170610000202,34.74825421723146,34.74825421723146,1.1169347370958549e-294
3527.461340592905,41.565313072329225,34.73305227839245,34.73305227839245,3.273525884440066e-294
3528.272828438697,39.67434762950325,34.71786489545083,34.71786489545083,9.585891333350628e-294
3529.086440360249,40.60859136619433,34.70265586055066,34.70265586055066,2.811837883989554e-293
3529.8983020581077,40.650583480087285,34.68749758443874,34.68749758443874,8.21984437854926e-293
3530.7122888102854,40.54529127970671,34.67231769931298,34.67231769931298,2.4070005687408683e-292
3531.5245245324436,40.63459686361148,34.65718847712942,34.65718847712942,7.024349398534934e-292
3532.338886287933,40.04570011978831,34.64203768878603,34.64203768878603,2.053399842205247e-291
3533.1514962067026,39.53781375737009,34.62693746770054,34.62693746770054,5.982187657343098e-291
3533.9642930653167,41.01463539046159,34.61185171012319,34.61185171012319,1.7413067409907284e-290
3534.7792174260408,41.23633100326947,34.596744450471945,34.596744450471945,5.0772129092977475e-290
3535.592388739782,39.03752861645126,34.581687614911566,34.581687614911566,1.4753573335742257e-289
3536.407688535773,39.9861355050395,34.56660931990531,34.56660931990531,4.294396450640148e-289
3537.221234477153,41.45673886793935,34.55158135370872,34.55158135370872,1.245749078797983e-288
3538.0369098813735,40.92016879261855,34.53653197060403,34.53653197060403,3.619847805249557e-288
3538.8508306229833,40.857828253867986,34.521532821188714,34.521532821188714,1.0482752835496776e-287
3539.6649386059894,38.899699480140384,34.50654804332569,34.50654804332569,3.03311670916588e-287
3540.4811775229846,39.054191676501496,34.49154191216706,34.49154191216706,8.79086344309832e-287
3541.295660565153,39.15894021667595,34.476585872375125,34.476585872375125,2.5392292058663837e-286
3542.1122755230303,38.72487138565453,34.461608521600404,34.461608521600404,7.346815574503736e-286
3542.9271337971504,38.60145300282568,34.4466811674733,34.4466811674733,2.1184884674549434e-285
3543.7441249691515,38.92573253636982,34.431732544586445,34.431732544586445,6.118967670163199e-285
3544.5593586480923,39.32514240291449,34.41683382378829,34.41683382378829,1.7614151203099675e-284
3545.3747798704685,39.937388976788505,34.40194938301778,34.40194938301778,5.066103081649293e-284
3546.1923354642486,39.71516473585393,34.38704373662879,34.38704373662879,1.4595156374645222e-283
3547.008132350796,38.75532888393008,34.37218785084614,34.37218785084614,4.190613907535861e-283
3547.8260645920504,38.74691091944823,34.357310801444044,34.357310801444044,1.2052224178838458e-282
3548.6422373158366,40.42415276225836,34.342483418488726,34.342483418488726,3.45455963417698e-282
3549.460546378087,39.2348096269152,34.32763491382361,34.32763491382361,9.918296028910092e-282
3550.27709511226,39.183968628930025,34.312835981605105,34.312835981605105,2.8380441979156225e-281
3551.0938316923966,38.89265444557998,34.29805123831874,34.29805123831874,8.113906213029729e-281
3551.912706086895,39.342201307723094,34.28324543599487,34.28324543599487,2.323576799960617e-280
3552.7298189371872,40.49391914824827,34.268489065471535,34.268489065471535,6.631693648750359e-280
3553.549070586731,39.709337299727515,34.253711677597444,34.253711677597444,1.8958602674808163e-279
3554.3665598805255,39.073590575008325,34.238983627921144,34.238983627921144,5.40169855498322e-279
3555.1861889589163,40.03216122691333,34.22423460249185,34.22423460249185,1.5415834340938405e-278
3556.004054869641,39.936973089257556,34.20953482181625,34.20953482181625,4.384778399116701e-278
3556.8221089293434,39.499649813039134,34.19484913940439,34.19484913940439,1.2461117901677432e-277
3557.642304251921,39.746684501076004,34.18014254344492,34.18014254344492,3.5471240030824914e-277
3558.4607351887416,39.27088912289827,34.16548505242547,34.16548505242547,1.0063344078441093e-276
3559.2813083749156,38.0159284554884,34.150806689234315,34.150806689234315,2.859673883447505e-276
3560.10011636248,39.921467499323576,34.136177337934654,34.136177337934654,8.099142781796933e-276
3560.921067586332,39.9839809069876,34.121527155750606,34.121527155750606,2.297566358146921e-275
3561.740252798348,39.53766594192235,34.10692589256741,34.10692589256741,6.496017781750132e-275
3562.559626462846,40.05300821573878,34.092338637404495,34.092338637404495,1.8350803603581363e-274
3563.381144844295,39.10896356325811,34.07773061309785,34.07773061309785,5.192383619648144e-274
3564.2008959938516,39.878340463433524,34.063171368806834,34.063171368806834,1.4643040000700367e-273
3565.022792848429,39.77305828443924,34.04859139643857,34.04859139643857,4.136164032672592e-273
3565.8429216569525,40.5120578574294,34.03406011158897,34.03406011158897,1.1644445877137261e-272
3566.665197159021,40.15563472736676,34.019508139640436,34.019508139640436,3.283523680566554e-272
3567.485703800497,38.690167324939466,34.00500476287078,34.00500476287078,9.228217480767803e-272
3568.3063991984477,39.96566431819986,33.990515304300885,33.990515304300885,2.5913389916165433e-271
3569.1292427729973,40.88968123018413,33.976005219910114,33.976005219910114,7.288333412840326e-271
3569.950316264928,39.971604494922026,33.961543592537566,33.961543592537566,2.0431075842060594e-270
3570.773538923122,40.951974167349825,33.9470613801026,33.9470613801026,5.736540431393231e-270
3571.5949906832216,42.11673484212872,33.932627532737904,33.932627532737904,1.6053497266643216e-269
3572.4185925997035,41.93760757292535,33.91817314098153,33.91817314098153,4.499697333047038e-269
3573.24042280224,42.024112179362646,33.90376702250382,33.90376702250382,1.2570701021062448e-268
3574.0624420657346,39.36451893498628,33.88937473282619,33.88937473282619,3.508847010649673e-268
3574.8866129710564,41.189606289702056,33.874961959574534,33.874961959574534,9.809813541543005e-268
3575.7090109384358,41.122776169894514,33.86059732226154,33.86059732226154,2.7335201750742692e-267
3576.5335615389017,41.22791303878763,33.846212241826436,33.846212241826436,7.629102053485095e-267
3577.356338384635,43.01788295060397,33.83187520592839,33.83187520592839,2.1222256080362682e-266
3578.181268855172,41.4992671259987,33.81751776727278,33.81751776727278,5.9128588613810784e-266
3579.004424753808,40.81502190233915,33.80320828190833,33.80320828190833,1.6419965269618323e-265
3579.8277700183767,41.96347277093446,33.78891253636311,33.78891253636311,4.555915877490863e-265
3580.65327039559,40.401138648648164,33.77459644841967,33.77459644841967,1.2660892872812368e-264
3581.476994974932,39.850010004397575,33.76032817724412,33.76032817724412,3.506908153038477e-264
3582.3028756597782,41.62847536475539,33.74603960381711,33.74603960381711,9.728992093929543e-264
3583.126979728643,40.113186640397714,33.73179875630024,33.73179875630024,2.6901995976944325e-263
3583.9532408963287,39.67999217532992,33.71753764659171,33.71753764659171,7.450454781845691e-263
3584.7777246295477,40.5041635103811,33.70332417209046,33.70332417209046,2.056629360479041e-262
3585.6023980341656,41.03375870084552,33.6891243488444,33.6891243488444,5.672284698581513e-262
3586.4292300278453,40.80098444549634,33.67490432330981,33.67490432330981,1.5668916854911321e-261
3587.25428335911,40.48359712037171,33.6607317972722,33.6607317972722,4.314173038027792e-261
3588.0814962738978,40.63717235988748,33.646539108789085,33.646539108789085,1.1896887011686932e-260
3588.906929706841,40.127216581200805,33.63239382948643,33.63239382948643,3.270005752031068e-260
3589.7345237182262,40.87072076732739,33.618228427494714,33.618228427494714,9.002002191858969e-260
3590.560337427961,40.39177867385524,33.60411034452115,33.60411034452115,2.470079260860166e-259
3591.388312711514,40.319977946448894,33.5899721785286,33.5899721785286,6.78822623929645e-259
3592.2145068732334,41.8272169922708,33.57588124154584,33.57588124154584,1.8594507432530982e-258
3593.040891099833,42.49302286516058,33.56180384255509,33.56180384255509,5.089109428448415e-258
3593.8694383935854,42.71225071159507,33.54770641986504,33.54770641986504,1.394986112028222e-257
3594.696203335007,41.248046003840045,33.53365609151407,33.53365609151407,3.811391755867306e-257
3595.5251323401044,40.584853207424835,33.519585778918334,33.519585778918334,1.0429572464341706e-256
3596.352278171742,40.45920506614692,33.505562471037315,33.505562471037315,2.844702192853655e-256
3597.181589064039,40.41039840957819,33.491519218280025,33.491519218280025,7.770957688338271e-256
3598.0091159613703,41.165975860835154,33.477522880766365,33.477522880766365,2.1159307071877657e-255
3598.836833230176,40.2157505183614,33.46353999362583,33.46353999362583,5.756481044404786e-255
3599.666717055382,41.205161986567475,33.44953722047735,33.44953722047735,1.5684746046918052e-254
3600.4948156531414,41.451001624289525,33.435581228705956,33.435581228705956,4.259805052960227e-254
3601.325081805432,40.949982416825094,33.42160539008063,33.42160539008063,1.1586838613129862e-253
3602.1535619078227,40.93294606013564,33.407676243743474,33.407676243743474,3.1414762899202195e-253
3602.9842105633365,41.13222132647088,33.39372728962073,33.39372728962073,8.530290884275273e-253
3603.813072346117,41.34730282432873,33.37982493884981,33.37982493884981,2.308815687217572e-252
3604.642124807462,40.241781069244276,33.36593595124327,33.36593595124327,6.243720144206604e-252
3605.473347320084,39.92275023676842,33.35202721427024,33.35202721427024,1.6910488729013233e-251
3606.302781725505,40.97585262552735,33.33816494758283,33.33816494758283,4.565274743059544e-251
3607.134387181945,41.397612688840645,33.324282970383756,33.324282970383756,1.2343390549514127e-250
3607.9642037074027,39.564833920148885,33.31044737491431,33.31044737491431,3.326609515409627e-250
3608.7961922840823,39.88175525081113,33.29659210770281,33.29659210770281,8.978921982895439e-250
3609.6263911056203,39.82718880247342,33.282783133816764,33.282783133816764,2.4157286409363507e-249
3610.4567809133064,40.19551984479268,33.2689874362947,33.2689874362947,6.493828866272076e-249
3611.2893442727836,41.30936686653581,33.25517212500246,33.25517212500246,1.748259462990122e-248
3612.12011664066,41.41163511360401,33.24140297476613,33.24140297476613,4.6915373051934656e-248
3612.9530635616825,39.658934737392435,33.22761424931667,33.22761424931667,1.2608837376643892e-247
3613.7842186659955,41.95150723570669,33.21387159689755,33.21387159689755,3.377854395353913e-247
3614.61754932527,40.231185958591375,33.20010940773754,33.20010940773754,9.062658508642074e-247
3615.449087342345,40.02948301142789,33.186393203733395,33.186393203733395,2.4236957013288364e-246
3616.2808166536483,40.86213494462522,33.1726901896991,33.1726901896991,6.476335073946202e-246
3617.1147230229044,40.228562860730506,33.158967696450674,33.158967696450674,1.733112188345623e-245
3617.9468355115073,40.01813379145682,33.145291056881426,33.145291056881426,4.623112795177352e-245
3618.781126061032,40.94799818234009,33.13159497635873,33.13159497635873,1.2350560767674178e-244
3619.613621903464,40.61290557299129,33.11794466201756,33.11794466201756,3.288903153170602e-244
3620.4482968102498,40.928671938883845,33.104274944899174,33.104274944899174,8.771181414399773e-244
3621.2811761831213,41.190280227929925,33.09065090661505,33.09065090661505,2.3317344934833522e-243
3622.114247158798,41.03640434682552,33.07703997231098,33.07703997231098,6.193395891378721e-243
3622.9494987042444,41.57098016627504,33.063409692313385,33.063409692313385,1.6474738346535238e-242
3623.782953475325,39.06023707777968,33.04982496046253,33.04982496046253,4.368424815492962e-242
3624.6185898207627,39.404945207271744,33.036220920883835,33.036220920883835,1.1600304004302474e-241
3625.4524285640614,39.324556151816644,33.022662342479606,33.022662342479606,3.070664059138853e-241
3626.2884498867675,38.55151392960642,33.009084494229185,33.009084494229185,8.140135461279074e-241
3627.1226727791795,39.08291296960267,32.99555202033068,32.99555202033068,2.151053254222587e-240
3627.9570875834715,40.645302209513545,32.98203256482489,32.98203256482489,5.679360459798624e-240
3628.7936864750154,39.94782374526079,32.96849389611556,32.96849389611556,1.501693965535497e-239
3629.6284856938128,39.69597378111258,32.95500047185605,32.95500047185605,3.9580958045112905e-239
3630.4654700060687,40.47312978239398,32.94148787206512,32.94148787206512,1.0447758494915437e-238
3631.30065381647,39.87458995961527,32.92802043027471,32.92802043027471,2.7490623302180204e-238
3632.1380237270027,38.46036190527809,32.91453385054123,32.91453385054123,7.243963127930276e-238
3632.9735923061894,39.88842949407888,32.90109234250798,32.90109234250798,1.9028050182599047e-237
3633.80935310683,39.47605445902423,32.88766376768054,32.88766376768054,4.993914307449617e-237
3634.6473015178776,39.954400280012244,32.87421611111375,32.87421611111375,1.3125486384841315e-236
3635.4834473531228,39.27922942163639,32.86081339712686,32.86081339712686,3.4388940751337415e-236
3636.3217818066064,39.29880870509641,32.8473916387804,32.8473916387804,9.022937309583192e-236
3637.1583128538414,40.48016980626125,32.834014737085035,32.834014737085035,2.3599778581506114e-235
3637.9970335276107,39.32225624366357,32.82061882832662,32.82061882832662,6.1814717740160925e-235
3638.833949964302,38.77701015316399,32.8072676904388,32.8072676904388,1.6140183732376174e-234
3639.6710589325207,38.93793357417537,32.79392940096848,32.79392940096848,4.210695135950365e-234
3640.5103590399854,38.947143228173964,32.7805721602019,32.7805721602019,1.1000702921105806e-233
3641.3478536639086,38.74548537724877,32.76725956196366,32.76725956196366,2.8649850248287286e-233
3642.1875404365355,38.9651917448785,32.75392804951802,32.75392804951802,7.472119609928365e-233
3643.0254208938345,39.78052672257031,32.74064109418998,32.74064109418998,1.942684746982705e-232
3643.865494509759,39.412478784413686,32.727335261660514,32.727335261660514,5.057997500453965e-232
3644.703760978188,38.286360575160984,32.71407390098551,32.71407390098551,1.3127853476464816e-231
3645.542220288716,37.83001420242152,32.70082530433641,32.70082530433641,3.4043764053076054e-231
3646.382874273023,38.49941023694897,32.68755788581776,32.68755788581776,8.84090100621421e-231
3647.2217198613575,38.86635081192077,32.674334811585766,32.674334811585766,2.288742710524426e-230
3648.0627611345562,37.57286041958043,32.66109295228354,32.66109295228354,5.933497326400571e-230
3648.901993178656,38.3530153207085,32.64789535237281,32.64789535237281,1.5334435487642913e-229
3649.7434219191705,38.07046734501382,32.63467900410866,32.63467900410866,3.968591434965502e-229
3650.583040597075,37.177972703598186,32.62150683048782,32.62150683048782,1.0238822822776713e-228
3651.4228524281534,37.479819363936834,32.60834733689606,32.60834733689606,2.6393221688752024e-228
3652.2648624732433,38.99076381733869,32.59516914984988,32.59516914984988,6.813082993510662e-228
3653.1050612052336,39.48238797515819,32.58203501064998,32.58203501064998,1.7532451752302173e-227
3653.947459163952,38.87753968971123,32.568882214506765,32.568882214506765,4.518026222648036e-227
3654.7880449751005,39.91260859384505,32.55577338182788,32.55577338182788,1.1606581242488491e-226
3655.6308310261584,38.61526247313043,32.54264592863469,32.54264592863469,2.985831060819881e-226
3656.471804094791,37.470176284981285,32.52956235467012,32.52956235467012,7.657330555469845e-226
3657.3149784169836,38.214126422797676,32.5164601965382,32.5164601965382,1.9664962942107522e-225
3658.156338921511,37.398039841134285,32.50340183354517,32.50340183354517,5.034564294402027e-225
3658.9978929799167,38.564088264051186,32.49035604315839,32.49035604315839,1.287832530781513e-224
3659.8416498126267,38.785087390512054,32.47729172294968,32.47729172294968,3.298813809484072e-224
3660.683591574588,39.958245987000225,32.4642710720686,32.4642710720686,8.423874713477685e-224
3661.527737125671,40.3039362123485,32.45123192750806,32.45123192750806,2.1540963898244286e-223
3662.3700667698026,39.2783249915239,32.43823636854957,32.43823636854957,5.491308252051841e-223
3663.2146012183407,39.92136478011412,32.425222351972494,32.425222351972494,1.4017929718051504e-222
3664.0573189233405,38.60793934510053,32.41225183741716,32.41225183741716,3.567394710158208e-222
3664.90023049444,37.56069195128032,32.39929381236665,32.39929381236665,9.070833398817006e-222
3665.7453483931454,37.92628715514297,32.386317383614674,32.386317383614674,2.3096061169823588e-221
3666.588648293207,38.308274841626094,32.37338433183573,32.37338433183573,5.862603769388135e-221
3667.4341555373267,37.87173072819155,32.36043291221266,32.36043291221266,1.4901709561634825e-220
3668.2778439452522,37.82113274882386,32.347524786344735,32.347524786344735,3.7761158666149184e-220
3669.123740714159,37.94934636499148,32.334598328408774,32.334598328408774,9.581768735690396e-220
3669.967817808934,38.49813251019726,32.32171508115471,32.32171508115471,2.4238821308718186e-219
3670.8120890825353,38.49373061627029,32.30884424069274,32.30884424069274,6.126409891208464e-219
3671.6585702427737,38.141849679542645,32.29595512165356,32.29595512165356,1.550561865489881e-218
3672.5032304717506,38.242241422028435,32.283109089006544,32.283109089006544,3.9123729469321674e-218
3673.350101605458,38.78607449706141,32.27024481335583,32.27024481335583,9.885032848865394e-218
3674.1951509690025,38.63257191259624,32.25742354138473,32.25742354138473,2.489922677575954e-217
3675.0424122558393,39.24240583772144,32.244584061902586,32.244584061902586,6.280273415112317e-217
3675.887850933225,38.83294953142315,32.231787503531464,32.231787503531464,1.579220927464092e-216
3676.7334841026664,38.01181718176378,32.21900326962655,32.21900326962655,3.967673897597167e-216
3677.581330723518,37.91862831067243,32.20620088127714,32.20620088127714,9.981856837959313e-216
3678.4273534757594,37.89526344854215,32.19344129050443,32.19344129050443,2.503577339465794e-215
3679.275590699148,37.734227286935045,32.18066358057822,32.18066358057822,6.287691127337963e-215
3680.122003213671,37.93284865781499,32.16792858601911,32.16792858601911,1.5743361578673725e-214
3680.9706312195453,37.521262806930515,32.15517550751706,32.15517550751706,3.947139528700481e-214
3681.8174336759125,37.4402048239407,32.14246506231582,32.14246506231582,9.866096171238938e-214
3682.6644309380717,37.8810706602119,32.12976685963996,32.12976685963996,2.4639787101187435e-213
3683.513645222165,37.197008326852085,32.11705062566533,32.11705062566533,6.161757968412635e-213
3684.3610326955613,37.4312983168773,32.10437690220911,32.10437690220911,1.5362179567000228e-212
3685.2106382122715,39.43085049082601,33.048576689002196,33.048576689002196,3.8350880792152204e-212
3686.0584160766753,37.91859824651357,33.12438757721223,33.12438757721223,9.545092465698722e-212
3686.908413006245,36.85127049991894,33.20587071819591,33.20587071819591,2.378797461804049e-211
3687.7565814415093,38.54701683250971,33.29266688912429,33.29266688912429,5.910427016645473e-211
3688.6049449968073,37.75816336808373,33.38499218830541,33.38499218830541,1.4672664665392878e-210
3689.455529150321,39.79372739365807,33.483099091807524,33.483099091807524,3.647279069770407e-210
3690.3042835463066,38.71726014276885,33.58649871861573,33.58649871861573,9.038902939701592e-210
3691.1552595635367,37.22393078111458,33.69563527778783,33.69563527778783,2.2430065733299308e-209
3692.004404980271,37.75875964056786,33.8099146730203,33.8099146730203,5.549244626479347e-209
3692.8557730417488,38.44901017996046,33.929777824425784,33.929777824425784,1.3746860154405563e-208
3693.705309659373,36.45250450744329,34.05452211368315,34.05452211368315,3.3951849243880077e-208
3694.5550417117797,37.804524806398206,34.18426974391784,34.18426974391784,8.378226435280742e-208
3695.406997944455,39.15175488270751,34.31916245962879,34.31916245962879,2.0701623885797424e-207
3696.2571214680156,38.5529369664593,34.45834780993825,34.45834780993825,5.0997591883946135e-207
3697.1094701965226,38.5744228186606,34.60225616184915,34.60225616184915,1.2579309726527202e-206
3697.959985371588,39.5703757467661,34.74994449332954,34.74994449332954,3.093560835601667e-206
3698.812726776751,37.77831637590874,34.90183848543359,34.90183848543359,7.61764313502634e-206
3699.663633783753,36.93362124173991,35.05691655958746,35.05691655958746,1.870161314950505e-205
3700.514736540795,38.44047696953629,35.21521837611143,35.21521837611143,4.587396255495953e-205
3701.3680670659346,38.40911253580169,35.37679884965397,35.37679884965397,1.12670674410373e-204
3702.219561925613,37.961645111313324,35.54054011471089,35.54054011471089,2.759018901481692e-204
3703.0732855797214,38.47744335820585,35.70686075755336,35.70686075755336,6.764787128759865e-204
3703.925172722678,37.81291771741434,35.874596839327054,35.874596839327054,1.6536915687497203e-203
3704.779289686868,37.96777819972152,36.044166548842284,36.044166548842284,4.047704433633538e-203
3705.631569293828,37.132177473608984,36.21437438082403,36.21437438082403,9.877925924623278e-203
3706.484044966591,37.68220877606103,36.385230964335165,36.385230964335165,2.4085267730155024e-202
3707.338752001069,38.676307747703284,36.5567503197557,36.5567503197557,5.880150398347689e-202
3708.1916204089703,38.56129480262342,36.72772067691545,36.72772067691545,1.4313002359173208e-201
3709.0467212065746,38.2418781467755,36.89856359304148,36.89856359304148,3.488369815992451e-201
3709.8999825305477,37.46142510940536,37.068076465822784,37.068076465822784,8.476594809102594e-201
3710.755477272684,38.03586600350821,37.23668507799199,37.23668507799199,2.06237683568185e-200
3711.609131693743,37.914897849626755,37.403212436392245,37.403212436392245,5.0029195742803094e-200
3712.4629824968815,37.74923180755463,37.56769977382788,37.56769977382788,1.2125726301735904e-199
3713.319068261149,37.90925079845352,37.73018095145782,37.73018095145782,2.9426393295339134e-199
3714.1733124329467,37.22350236685077,37.889544796950744,37.889544796950744,7.1199651914911585e-199
3715.0297925955206,39.917794661249054,38.046231165151646,38.046231165151646,1.724892228492944e-198
3715.8844303172027,38.723039977310414,38.19919197373727,38.19919197373727,4.1663849718265665e-198
3716.7413050597816,38.84417348406561,38.34887392472131,38.34887392472131,1.0076235569362112e-197
3717.5963365126577,40.01066284797918,38.49430536995032,38.49430536995032,2.429698234368367e-197
3718.4515646643954,39.616273695964765,38.6356111526572,38.6356111526572,5.853762587795792e-197
3719.309031382485,39.0306940310029,38.77290135107165,38.77290135107165,1.4120715287806808e-196
3720.1646535374266,38.768807648487325,38.90533714174899,38.90533714174899,3.39622190269125e-196
3721.0225152900266,39.05919485360573,39.0333893441918,39.0333893441918,8.1784776546551605e-196
3721.8785316296894,40.070608275406926,39.1563143933659,39.1563143933659,1.9636696539061863e-195
3722.7367885987915,41.80857971912184,39.274593688049194,39.274593688049194,4.7206267466949055e-195
3723.593199304777,43.572050580246355,39.38758426121992,39.38758426121992,1.1314938957015969e-194
3724.4518516724584,44.530576135913066,39.49577311672412,39.49577311672412,2.715427866005969e-194
3725.3086569264497,46.155624093589154,39.598618138153284,39.598618138153284,6.497516909029755e-194
3726.1656592873637,46.837759815435106,39.69637866678507,39.69637866678507,1.5534071757394595e-193
3727.0249048586356,47.78164913642832,39.78929086977729,39.78929086977729,3.7183822895162344e-193
3727.882302040131,47.93134359410408,39.876955960346606,39.876955960346606,8.874594571336216e-193
3728.74194346543,45.70275764723817,39.9598558992434,39.9598558992434,2.1206650245153657e-192
3729.5997356494,42.64146464955036,40.0376784099367,40.0376784099367,5.0526958105105275e-192
3730.459773111096,42.95864653625609,40.11089276258012,40.11089276258012,1.2053176774737211e-191
3731.317960479519,38.9638689218885,40.1792610059479,40.1792610059479,2.866877925612133e-191
3732.176345272819,37.99124327571469,40.2430858767674,40.2430858767674,6.813113374879218e-191
3733.036976895003,37.93724554104881,40.30263459658375,40.30263459658375,1.6210882753961077e-190
3733.89575714577,35.9394295722745,40.357760462763075,40.357760462763075,3.845914945568194e-190
3734.756785260534,37.16472693627213,40.4088670558998,40.4088670558998,9.135147104205726e-190
3735.615961150955,37.90190762765105,40.45585075692845,40.45585075692845,2.163541107140747e-189
3736.477385940964,38.02420110986907,40.499073319456045,40.499073319456045,5.130218260270772e-189
3737.336957653311,38.25927276802475,40.53845868520613,40.53845868520613,1.2129476109339322e-188
3738.196727109,38.84981051385257,40.5742366373756,40.5742366373756,2.8653454288421104e-188
3739.058747017939,39.572633064027464,40.60659311776427,40.60659311776427,6.776888684644742e-188
3739.918912569009,40.09506045794945,40.635470133643565,40.635470133643565,1.5981660085102505e-187
3740.7813296101112,40.24850541944347,40.661090331672916,40.661090331672916,3.773375950714207e-187
3741.641891439043,39.284555788448415,40.68340671707455,40.68340671707455,8.88337938025488e-187
3742.504705795267,38.794414795799526,40.70257735906552,40.70257735906552,2.093829039087584e-186
3743.365664084625,38.957690737242,40.71854176831399,40.71854176831399,4.920915942850931e-186
3744.2268204363068,38.90544925052308,40.73136106329957,40.73136106329957,1.1555251844979625e-185
3745.0902308714485,38.26037261516984,40.74104611320066,40.74104611320066,2.7165962691388038e-185
3745.9517839574523,37.765980049388304,40.74752344135574,40.74752344135574,6.36817755744738e-185
3746.8155921653724,39.24487109874827,40.75077605105288,40.75077605105288,1.49456796627787e-184
3747.6775421684756,39.292507758467885,40.750722111720684,40.750722111720684,3.497537091589308e-184
3748.5417483324272,38.64345513810492,40.74727693260196,40.74727693260196,8.194409358592095e-184
3749.4040954354873,39.11887721964343,40.74035405419356,40.74035405419356,1.914348094530402e-183
3750.2666409203653,39.36589186490773,40.729833669459474,40.729833669459474,4.468408874507159e-183
3751.131444124771,38.53421952222005,40.71555048806913,40.71555048806913,1.0442173579930549e-182
3751.994386983945,38.43951241110609,40.69743682735394,40.69743682735394,2.4332094744844524e-182
3752.8595886027765,39.484737990242714,40.67526460549309,40.67526460549309,5.67639125720134e-182
3753.7229290193172,39.79585693824425,40.648994509237035,40.648994509237035,1.3204364626404922e-181
3754.588529236125,39.64287797121261,40.618356852461346,40.618356852461346,3.075141846403044e-181
3755.4522673931856,41.13339883935971,40.58335863496407,40.58335863496407,7.141129922417756e-181
3756.3162042520744,37.97901718444343,40.54380224118407,40.54380224118407,1.6569044201159212e-180
3757.182402472423,38.599007784571434,40.49945834806794,40.49945834806794,3.848821562273392e-180
3758.0467373466136,39.089985562975365,40.45043290384092,40.45043290384092,8.914867532259342e-180
3758.9133346240715,39.486291305117334,40.39640425370057,40.39640425370057,2.067283488070533e-179
3759.7780676969282,40.575510770057925,40.337565002566976,40.337565002566976,4.7801744746770377e-179
3760.645064215341,39.324541119737205,40.27359255764785,40.27359255764785,1.106582279139268e-178
3761.5101956703147,38.857995481103224,40.2047789077738,40.2047789077738,2.5543712596485757e-178
3762.375526147643,39.601467097724374,40.13099562105281,40.13099562105281,5.891326169201019e-178
3763.2431216342375,39.680453159099166,40.05209687429554,40.05209687429554,1.3603031576185512e-177
3764.108850768906,39.01765871278889,39.968541291679216,39.968541291679216,3.1319970922830565e-177
3764.97684595633,38.57172456040258,39.880045440543746,39.880045440543746,7.2193618417569395e-177
3765.842973932001,38.64106503747525,39.78717685617461,39.78717685617461,1.659361650875818e-176
3766.711369004396,38.71866313684916,39.68967187110396,39.68967187110396,3.8183288557738276e-176
3767.577896004815,36.39311025626137,39.58820119904098,39.58820119904098,8.761372882233426e-176
3768.444622348631,36.79297108518899,39.4827702571077,39.4827702571077,2.008629050727182e-175
3769.313617355405,37.284031540029794,39.37337212551529,39.37337212551529,4.610146174654079e-175
3770.180742999637,35.55787531074833,39.26080514678952,39.26080514678952,1.0551127389886754e-174
3771.050138351999,36.46487841416229,39.14482847835703,39.14482847835703,2.417512030141335e-174
3771.9176634806036,37.38965194081129,39.0263067461176,39.0263067461176,5.523437065058023e-174
3772.7874593629926,36.51703722444433,38.9049997503524,38.9049997503524,1.2633800317506084e-173
3773.6553841600135,36.53575717403015,38.781820301256374,38.781820301256374,2.881584568674423e-173
3774.5235086219927,37.346913233639896,38.65682417910897,38.65682417910897,6.566855678989871e-173
3775.3939054065154,37.39384088027965,38.53005430143209,38.53005430143209,1.4981825902319565e-172
3776.2624298130227,37.06755205878478,38.402463780696706,38.402463780696706,3.408375566942561e-172
3777.133227588932,38.076853473425786,38.27379286453486,38.27379286453486,7.762641659871545e-172
3778.0021521242215,36.69506715184918,38.14500039283152,38.14500039283152,1.7629858694063414e-171
3778.8733510762527,36.14073416933303,38.01581581754721,38.01581581754721,4.0083510302536706e-171
3779.7426759246646,36.85614840969459,37.88719493700673,37.88719493700673,9.087860162154378e-171
3780.612200760115,37.38597158669706,37.75916746958347,37.75916746958347,2.058667766016174e-170
3781.484001583597,37.40479175014576,37.6317649750696,37.6317649750696,4.6685913025701656e-170
3782.3539270087267,36.03052898432481,37.50592541864465,37.50592541864465,1.0557645629499527e-169
3783.226129470435,36.307838280337485,37.38137782990449,37.38137782990449,2.390129839627377e-169
3784.096455669796,37.22548159064264,37.25904116895699,37.25904116895699,5.395843105937516e-169
3784.9690599547644,36.33461291915223,37.13865565352518,37.13865565352518,1.219462774610732e-168
3785.839787112993,34.61016283088629,37.02111510002605,37.02111510002605,2.748292560690631e-168
3786.7107145808595,35.795695334093466,36.90644879307587,36.90644879307587,6.188510294143581e-168
3787.5839217081593,35.11864797113521,36.79471210699299,36.79471210699299,1.3950122706065517e-167
3788.4552504118974,35.04676206194541,36.6867533128966,36.6867533128966,3.1358680366577214e-167
3789.328859825307,34.73253147350147,36.582372072233284,36.582372072233284,7.056746386768767e-167
3790.200589949766,35.61557093695444,36.482376157447746,36.482376157447746,1.5835830902147924e-166
3791.0746018346176,36.985073544288646,36.38659470623942,36.38659470623942,3.557479513845007e-166
3791.946733564732,34.62100847619638,36.295780330393995,36.295780330393995,7.969578435133282e-166
3792.821148106445,33.99143743077713,36.20978706516104,36.20978706516104,1.7872764071566559e-165
3793.693681627233,34.694517849964825,36.129297578169805,36.129297578169805,3.9970654461047217e-165
3794.566415873212,33.73005462292253,36.054356647266644,36.054356647266644,8.931399931120828e-165
3795.441434507879,33.072859626200625,35.98504420675958,35.98504420675958,1.997830254690153e-164
3796.314570822111,33.96391619868393,35.921905438441776,35.921905438441776,4.456495357688322e-164
3797.1899925774483,33.01637658773536,35.86482897646537,35.86482897646537,9.951472072831825e-164
3798.0635311451665,32.41024305949696,35.814249453134494,35.814249453134494,2.2160461303792285e-163
3798.9393562068917,34.274120695186696,35.77005543971356,35.77005543971356,4.9400061302612503e-163
3799.8132972134135,33.6609245949619,35.732554419635925,35.732554419635925,1.09818511085977e-162
3800.6874392689156,32.93653119248638,35.701696179911295,35.701696179911295,2.4392277680839264e-162
3801.563869398059,34.22394862473624,35.67745193350565,35.67745193350565,5.423550924333052e-162
3802.4384141703918,33.144349690632055,35.659920201539805,35.659920201539805,1.2025887083742567e-161
3803.31524807048,33.315610171599424,35.64896081921818,35.64896081921818,2.6693364066554383e-161
3804.1901957451746,33.62760098020801,35.644527426652225,35.644527426652225,5.908718561125557e-161
3805.067433602225,34.52578025299545,35.6464638915121,35.6464638915121,1.309285365702271e-160
3805.942784364898,34.79843962577053,35.65458905505289,35.65458905505289,2.8932163037505585e-160
3806.818336500865,33.9852442140512,35.66869165516041,35.66869165516041,6.387872431989068e-160
3807.6961804013686,34.20748599241176,35.68858901678136,35.68858901678136,1.4118219164345496e-159
3808.572135903789,34.86308257802074,35.71392210709292,35.71392210709292,3.111801211217096e-159
3809.4503842265617,33.33355095840136,35.744525078682436,35.744525078682436,6.865787402122817e-159
3810.3267432812663,33.402961585178055,35.77994995432717,35.77994995432717,1.510702239059696e-158
3811.2053962126247,35.1871817266117,35.82004793204878,35.82004793204878,3.3274550695128975e-158
3812.082159005531,35.57211570066346,35.86430402510821,35.86430402510821,7.308989141861528e-158
3812.959123496565,33.88340187590024,35.912482362562244,35.912482362562244,1.6040990225065482e-157
3813.8383834489878,35.90541949255988,35.964387282143335,35.964387282143335,3.5240915078187054e-157
3814.715751957147,34.18620056793623,36.01945606649914,36.01945606649914,7.721072487232899e-157
3815.595416984213,34.15277423397288,36.07764641810629,36.07764641810629,1.693356712239949e-156
3816.473189695628,35.01076273705263,36.138395390870315,36.138395390870315,3.7036974429918703e-156
3817.3532599839546,34.036288145108706,36.20172677413473,36.20172677413473,8.108885099925255e-156
3818.231437084842,34.216159502243954,36.267096352048526,36.267096352048526,1.770536116177881e-155
3819.109816209217,35.23087998152016,36.33443905405644,36.33443905405644,3.862577214702928e-155
3819.9904944977943,35.222218998420836,36.40373686579777,36.40373686579777,8.435007924645529e-155
3820.869278291016,34.989632644064564,36.474504728653855,36.474504728653855,1.837022494970757e-154
3821.7503623076636,35.00563679796636,36.54695851145569,36.54695851145569,4.004770343424194e-154
3822.6295509561614,35.18800097494074,36.62066078409639,36.62066078409639,8.706892671230636e-154
3823.511040887798,35.46159985268031,36.69590116734707,36.69590116734707,1.8948775650436237e-153
3824.3906345780892,35.35622247051629,36.7722875362966,36.7722875362966,4.1126648940096585e-153
3825.2704306177543,35.95704466402208,36.84998527694731,36.84998527694731,8.918549658890746e-153
3826.1525295304073,35.038835145391666,36.92919300351571,36.92919300351571,1.935953284752129e-152
3827.032730891691,34.293211436065185,37.00955808898719,37.00955808898719,4.191045536767387e-152
3827.9152361868946,34.86051209243789,37.091498994603285,37.091498994603285,9.08192349760031e-152
3828.7958430565272,34.00431992285024,37.17466613982152,37.17466613982152,1.962736237203824e-151
3829.6787549215023,34.211326688706606,37.259495595114146,37.259495595114146,4.245924051708155e-151
3830.559767486303,32.85237159044044,37.345616263880736,37.345616263880736,9.16036794493031e-151
3831.4409827268855,33.27606077061415,37.43324738183694,37.43324738183694,1.974614654840749e-150
3832.3245045552267,34.54220781046792,37.52260131029284,37.52260131029284,4.2606446309319976e-150
3833.206125771253,34.4586645236787,37.61322587797877,37.61322587797877,9.168564513688307e-150
3834.090054637682,34.20949528036249,37.705493083271605,37.705493083271605,1.9749182486361353e-149
3834.9720820161842,33.37233873402875,37.79886766152788,37.79886766152788,4.242596711198316e-149
3835.856418108223,34.178591830397124,37.89365974361209,37.89365974361209,9.1229301494122e-149
3836.738851836321,34.480568768757514,37.98923149857322,37.98923149857322,1.9564717129011627e-148
3837.6214885671375,34.22394110869653,38.085572445691945,38.085572445691945,4.192195595516531e-148
3838.5064356064754,33.83456264982607,38.18262712789062,38.18262712789062,8.99138950823169e-148
3839.389478967616,32.4964319922662,38.279589575594635,38.279589575594635,1.9233192186693787e-147
3840.274833701635,33.35369895553322,38.376527802432264,38.376527802432264,4.118048591216746e-147
3841.1582838804334,34.9221686715743,38.47253338255034,38.47253338255034,8.793719766731156e-147
3842.0440464969583,34.87134020032199,38.56756290014866,38.56756290014866,1.8796090969401834e-146
3842.9279036808357,34.842425995534775,38.66062047272824,38.66062047272824,4.006870333494284e-146
3843.811964194897,35.611011206193446,38.75134851427525,38.75134851427525,8.534376129808111e-146
3844.6983387442415,34.64504978190109,38.83933150055599,38.83933150055599,1.8194887373437233e-145
3845.582806544562,35.76895326478416,38.92350217289588,38.92350217289588,3.868765958789619e-145
3846.469589446241,35.44861464139774,39.00359062045042,39.00359062045042,8.233886407132758e-145
3847.354464720458,35.17330210660294,39.07853676301033,39.07853676301033,1.7477710957434155e-144
3848.2416561625996,35.46089585029358,39.14801507657232,39.14801507657232,3.713400463823439e-144
3849.126939098436,35.46366425825562,39.21102001453805,39.21102001453805,7.868791975748396e-144
3850.012425692448,35.24339168230063,39.26706846697611,39.26706846697611,1.665992652596742e-143
3850.90023005452,36.25901158099617,39.31563520121136,39.31563520121136,3.530555085659062e-143
3851.7861245917857,36.02006415169365,39.355895779303395,39.355895779303395,7.462160827063343e-143
3852.6743379649056,36.17102130404169,39.38749263590619,39.38749263590619,1.5786626580212856e-142
3853.5606406333654,36.761829627299285,39.40977835728988,39.40977835728988,3.330945634045827e-142
3854.449263205965,36.89829836042157,39.42242726319463,39.42242726319463,7.034724548087242e-142
3855.3359741936447,36.80905039948795,39.42501275946127,39.42501275946127,1.481773762002433e-141
3856.22288916802,36.25529615202993,39.41728182438918,39.41728182438918,3.118497818856428e-141
3857.1121256492524,36.8323726707265,39.39896571305498,39.39896571305498,6.56912722220495e-141
3857.9994492249375,36.97416275996767,39.370013372300384,39.370013372300384,1.3801548386951647e-140
3858.8890953769946,37.17227805084008,39.33022981065626,39.33022981065626,2.9023171065063986e-140
3859.77682774223,37.68394498123542,39.27983233484964,39.27983233484964,6.087256421643535e-140
3860.6668837538477,36.82851193165909,39.218681900683826,39.218681900683826,1.2778899859518663e-139
3861.555025096963,37.35987088611017,39.14725005209238,39.14725005209238,2.675634561020535e-139
3862.4454911569633,37.04855401572946,39.06545061706014,39.06545061706014,5.607296078941595e-139
3863.3340416663737,36.24229089797479,38.97398978492673,38.97398978492673,1.1720426455554614e-138
3864.222796585662,36.160832059533455,38.87306609035569,38.87306609035569,2.4477219381661854e-138
3865.113877827875,37.117478605271174,38.762841995658206,38.762841995658206,5.1164819632482296e-138
3866.0030421961333,37.91490787101305,38.644323706566915,38.644323706566915,1.0667108414873615e-137
3866.8945339590528,37.592963320473984,38.5174716346728,38.5174716346728,2.225926897037421e-137
3867.7841079649133,39.05077939447046,38.383446638344175,38.383446638344175,4.632791490549851e-137
3868.6760104376654,38.959221503997476,38.24219357826107,38.24219357826107,9.650765512567496e-137
3869.565994269849,37.076345825252425,38.09498719093636,38.09498719093636,2.0051654634368475e-136
3870.456182841643,35.733372332768916,37.942108882877676,37.942108882877676,4.162626155341457e-136
3871.34870148896,35.993106622579155,37.783789996401474,37.783789996401474,8.649063662807134e-136
3872.2393001702076,37.04402184378075,37.621396656505546,37.621396656505546,1.792432798084943e-135
3873.1322300004426,36.22748179438781,37.45476143112389,37.45476143112389,3.7179144149244805e-135
3874.02323898008,34.383531685331604,37.28527426839153,37.28527426839153,7.691831676544283e-135
3874.9165801826643,35.00775381581969,37.11271077114356,37.11271077114356,1.592726108051388e-134
3875.8079996497163,36.97955927648372,36.93846118391952,36.93846118391952,3.289486269839509e-134
3876.6996241866455,34.45728908841068,36.76266803312768,36.76266803312768,6.788030696874367e-134
3877.5935825577476,35.838657017109774,36.58544124995095,36.58544124995095,1.4019670304830026e-133
3878.4856178656783,35.3625434599174,36.408142346066874,36.408142346066874,2.888085961804678e-133
3879.379988082977,35.50636789057501,36.23042566758828,36.23042566758828,5.954687018078242e-133
3880.2724343511513,35.67608507805403,36.05361788665112,36.05361788665112,1.224581939118939e-132
3881.167216604386,34.92333616307684,35.877340180528215,35.877340180528215,2.52052781894037e-132
3882.0600740221325,35.64174930328505,35.702876806451435,35.702876806451435,5.1746025796732655e-132
3882.953136840555,33.871328610769865,35.53023298780113,35.53023298780113,1.0614297280102128e-131
3883.848537257863,33.97766804601753,35.359415236873296,35.359415236873296,2.1791020430857318e-131
3884.7420115099026,34.11505373598516,35.191630602915644,35.191630602915644,4.4621936053952355e-131
3885.637824437758,34.196505058386784,35.02645746509339,35.02645746509339,9.145123010138154e-131
3886.531710312962,34.78305178712544,34.86504491019065,34.86504491019065,1.869463492174509e-130
3887.427935941409,34.49594157532317,34.70696706323777,34.70696706323777,3.824837172970483e-130
3888.322233629411,34.81366962758159,34.55330186514383,34.55330186514383,7.80543270570115e-130
3889.216737049422,34.12653824467112,34.40397365900914,34.40397365900914,1.5915114108955482e-129
3890.113581839104,33.46368116469654,34.2589252610557,34.2589252610557,3.247793405167483e-129
3891.0084973564167,34.16858798153522,34.119108650906966,34.119108650906966,6.61085701390268e-129
3891.9057553220678,34.86827616146446,33.984094549733385,33.984094549733385,1.3467631471380485e-128
3892.8010831265346,33.01100763003161,33.85473600563447,33.85473600563447,2.7366369560671264e-128
3893.698754458505,34.468074605403054,33.730601232099175,33.730601232099175,5.565516421000031e-128
3894.5944947400667,34.05135028869944,33.61243841059802,33.61243841059802,1.1289846246688342e-127
3895.4904410855033,33.89844648206497,33.500072590067354,33.500072590067354,2.2882281660541554e-127
3896.3887325774795,34.51374707341024,33.3933587551166,33.3933587551166,4.641627492614657e-127
3897.2850916849734,34.42172068312829,33.292879924309986,33.292879924309986,9.391569544443743e-127
3898.1837970194133,33.663011548656364,33.198204759698214,33.198204759698214,1.9017961182520844e-126
3899.080569079122,33.87720865917431,33.10980879725855,33.10980879725855,3.8413904020994384e-126
3899.979688446685,34.46455208812285,33.027269667170884,33.027269667170884,7.765493237895554e-126
3900.876873648857,34.822410781771225,32.95095776849849,32.95095776849849,1.5658499093448744e-125
3901.774265247305,34.52693020707199,32.88062721887735,32.88062721887735,3.154713743775878e-125
3902.6740057752545,34.16229705629298,32.81606910992203,32.81606910992203,6.360968317806113e-125
3903.571810801587,34.5758997111679,32.75751459262957,32.75751459262957,1.2793508268227136e-124
3904.4719658395707,32.8268045286734,32.70459597568658,32.70459597568658,2.5751809435327548e-124
3905.370184484253,33.462338298933965,32.657466565887106,32.657466565887106,5.170478860798093e-124
3906.2707542232365,33.4732515886015,32.61579474553663,32.61579474553663,1.038971617501463e-123
3907.169386676823,33.12382839686097,32.57966606598609,32.57966606598609,2.0824917809513036e-123
3908.0682258596244,33.91830135364791,32.54885662080101,32.54885662080101,4.170533836248643e-123
3908.96941776099,34.34805597787238,32.52318924893503,32.52318924893503,8.35886366055035e-123
3909.868671038576,35.536875495782,32.5026599440199,32.5026599440199,1.671137519832003e-122
3910.7702781186235,33.27492334327048,32.48704028615067,32.48704028615067,3.34366380201622e-122
3911.6699456817687,33.31545233476538,32.476270502390314,32.476270502390314,6.673353752562813e-122
3912.5719681317705,34.16664633794193,32.47015952030469,32.47015952030469,1.3329362592682633e-121
3913.472050171335,33.33907775293915,32.46859211881523,32.46859211881523,2.6557520234256785e-121
3914.372339273591,34.921291800274105,32.47139818286159,32.47139818286159,5.2868184962376185e-121
3915.2749848895855,34.54117811302683,32.47844076466105,32.47844076466105,1.053276297753474e-120
3916.175688754604,34.30727645172028,32.489515975442814,32.489515975442814,2.0931761912860633e-120
3917.078750219007,34.549182695324305,32.50449402077394,32.50449402077394,4.163020196295295e-120
3917.979869037868,34.34912576085862,32.5231067682791,32.5231067682791,8.25902133809235e-120
3918.883346542259,33.649420043503376,32.545230483633325,32.545230483633325,1.6397820981878248e-119
3919.7848805061335,33.80220609884896,32.57053242736198,32.57053242736198,3.247602047257496e-119
3920.6866218667114,34.04316532144878,32.59881454612859,32.59881454612859,6.426406790935809e-119
3921.590723542327,32.753227510547504,32.62988920182901,32.62988920182901,1.2726484159430427e-118
3922.492880334722,33.10652897878146,32.66332655487715,32.66332655487715,2.5140299256228673e-118
3923.397398529551,34.03301365713912,32.69898722324123,32.69898722324123,4.9701041828711835e-118
3924.299970945153,33.72900237736229,32.73639206023827,32.73639206023827,9.80130918846627e-118
3925.204905851085,34.199832158634365,32.77539979185263,32.77539979185263,1.9343451107183027e-117
3926.1078940813704,34.06549297009826,32.815498903929324,32.815498903929324,3.8081070857295195e-117
3927.0132458903845,33.25302160353824,32.85655102164357,32.85655102164357,7.502635438717049e-117
3927.91665012692,32.62400423971138,32.89803143053948,32.89803143053948,1.4745029025991024e-116
3928.8202621904134,32.39174608575605,32.939713025554624,32.939713025554624,2.8953839336759046e-116
3929.726239465523,31.88181536053509,32.98137827105487,32.98137827105487,5.689754494986554e-116
3930.6302678226652,30.831676796770807,33.02252360846394,33.02252360846394,1.1153486637605243e-115
3931.536662481076,31.797916314532642,33.06305799455202,33.06305799455202,2.188027821046992e-115
3932.4411073236533,31.2396850127505,33.10252069345416,33.10252069345416,4.281801784690361e-115
3933.3479195576538,30.983844031513115,33.140854856405774,33.140854856405774,8.385395835274977e-115
3934.252781077542,31.9825979370861,33.17766007635309,33.17766007635309,1.6381508171881652e-114
3935.1578507596328,33.11388467631679,33.212837546180616,33.212837546180616,3.1975175576143025e-114
3936.065289468669,33.060052294524674,33.24630404400577,33.24630404400577,6.245865433805961e-114
3936.970776115934,32.33410307182795,33.27776769568621,33.27776769568621,1.2170495877462295e-113
3937.878632881553,32.84090461918049,33.307272244429754,33.307272244429754,2.3732461225660688e-113
3938.7845366860874,33.378622143231276,33.33460026517518,33.33460026517518,4.6165232350629793e-113
3939.692811700888,33.4225734381435,33.359827056261736,33.359827056261736,8.986785030466729e-113
3940.5991328548757,33.328738187636596,33.38279642129806,33.38279642129806,1.745151738643315e-112
3941.5056625068532,33.4460259874038,33.403552058751245,33.403552058751245,3.3860298004652815e-112
3942.414565007258,34.575563994727254,33.42212765343863,33.42212765343863,6.574500749927147e-112
3943.3215122970173,33.21838268183404,33.438434662029096,33.438434662029096,1.2734355107060718e-111
3944.2308335283733,32.79288965212851,33.45255130928632,33.45255130928632,2.468333177083332e-111
3945.1381986483184,33.73806672125971,33.464406801435466,33.464406801435466,4.772814473927772e-111
3946.0479388035346,34.29640324759788,33.47404650342221,33.47404650342221,9.235410383663837e-111
3946.9557219461603,34.33893902169695,33.481398781509895,33.481398781509895,1.7827217627163426e-110
3947.863713923105,33.278638772236725,33.486447082346245,33.486447082346245,3.438267598969119e-110
3948.774082576124,33.87294205396223,33.48913176701751,33.48913176701751,6.635963609652991e-110
3949.682492864542,34.024791109689886,33.4893529965174,33.4893529965174,1.2776641218783674e-109
3950.593280923968,33.80962443004859,33.48700243026077,33.48700243026077,2.461704059131012e-109
3951.502109716575,34.54656711350316,33.48195700994933,33.48195700994933,4.731568598031213e-109
3952.4133173756286,35.18694371868736,33.474032940065385,33.474032940065385,9.100790230707422e-109
3953.322564865229,33.81481049745259,33.463087318911654,33.463087318911654,1.746244288236544e-108
3954.2320215260206,34.38558105882749,33.448902937447414,33.448902937447414,3.3478009919306435e-108
3955.143858696708,34.13216775841835,33.431216036183415,33.431216036183415,6.422679826302373e-108
3956.0537343437513,33.79401111021202,33.40988171266954,33.40988171266954,1.229214014830435e-107
3956.9659915973903,34.71069737812667,33.384561345984565,33.384561345984565,2.35417619212436e-107
3957.8762864237133,34.27939695506729,33.35514093305271,33.35514093305271,4.497868861430965e-107
3958.788963953837,34.411113045742525,33.321250768816,33.321250768816,8.599497416633638e-107
3959.6996781525545,35.20730467027784,33.28283837517257,33.28283837517257,1.6402025828808548e-106
3960.6106018598775,34.64181788482324,33.239635949559,33.239635949559,3.1257241862466917e-106
3961.5239099171017,34.02349584551217,33.19135683262704,33.19135683262704,5.960732195354435e-106
3962.435253286544,34.42613510378811,33.138103541145036,33.138103541145036,1.1339903722369995e-105
3963.3489821043568,33.5336129035602,33.07953424962945,33.07953424962945,2.1588036585874713e-105
3964.2607453292576,33.51747847163665,33.015887433309715,33.015887433309715,4.09995884990157e-105
3965.1748951015043,33.03397414205694,32.94687488383382,32.94687488383382,7.791805390858974e-105
3966.08707837529,31.975074381330447,32.872892808174434,32.872892808174434,1.4772739675837163e-104
3966.9994714956397,31.706305811781647,32.793909575690606,32.793909575690606,2.798418951364371e-104
3967.914252812091,32.78767352056565,32.70990854017153,32.70990854017153,5.304616699299641e-104
3968.827066271519,33.3594762847282,32.62153522786386,32.62153522786386,1.0031417180086748e-103
3969.742269027289,32.24826238223222,32.52867685215302,32.52867685215302,1.8982717643862723e-103
3970.655503019445,32.430210671675646,32.43214067221831,32.43214067221831,3.5836308537575175e-103
3971.5711274086907,33.0417382110835,32.33188186447985,32.33188186447985,6.769774211192292e-103
3972.4847821273133,32.3147668069854,32.22884445824275,32.22884445824275,1.2758383683901088e-102
3973.398647031004,30.92102998226045,32.1233008717634,32.1233008717634,2.402403067599387e-102
3974.3149039832,31.907637967652477,32.01553432853355,32.01553432853355,4.526676582219585e-102
3975.2291899040188,33.07299240956895,31.906631903237887,31.906631903237887,8.509151910587805e-102
3976.145868975358,32.06364088799649,31.79666884735916,31.79666884735916,1.6005700677982055e-101
3977.060576107267,31.818768314051226,31.686775250743693,31.686775250743693,3.0035723433034513e-101
3977.9776774922198,32.58452248308356,31.577039282336372,31.577039282336372,5.6400289305798645e-101
3978.892806029271,32.6516306963606,31.468589496997176,31.468589496997176,1.0565774386193326e-100
3979.8081450904388,32.09383532488198,31.36175804911928,31.36175804911928,1.9776529192279036e-100
3980.725880058731,32.19211255486102,31.25687094084119,31.25687094084119,3.704042707085295e-100
3981.641640816171,32.29598171838871,31.154975986372918,31.154975986372918,6.921198779944179e-100
3982.559798584528,32.18970742215191,31.056104711008558,31.056104711008558,1.2940827685353606e-99
3983.4759812325137,32.62912266275794,30.961203160395545,30.961203160395545,2.4139261911043103e-99
3984.39456199572,33.19339184977855,30.87025404036227,30.87025404036227,4.505671653547689e-99
3985.311166728618,32.142363887981226,30.784075592736276,30.784075592736276,8.39031116693254e-99
3986.2279823252297,32.895213016821295,30.702776811024332,30.702776811024332,1.5610806338944543e-98
3987.1471976938096,32.28085443578709,30.62646247751735,30.62646247751735,2.9063208979347174e-98
3988.0644356669327,31.71940626900653,30.555717174063645,30.555717174063645,5.398180829460675e-98
3988.9840745175966,32.521523038184576,30.490367545768528,30.490367545768528,1.003276126922751e-97
3989.9017350618187,33.319495964132564,30.43083665571214,30.43083665571214,1.860291224772237e-97
3990.8217975896655,31.937634482158785,30.376894907178556,30.376894907178556,3.4515073953633426e-97
3991.739880899666,32.393777921825915,30.328802137666365,30.328802137666365,6.388896649162712e-97
3992.6581754135245,31.23876053986544,30.286378959001574,30.286378959001574,1.1816031986529834e-96
3993.578873570428,30.841267263448344,30.249449584636046,30.249449584636046,2.186664752603451e-96
3994.4975911421343,31.189643220321788,30.218052748715614,30.218052748715614,4.037240256016997e-96
3995.4187134642425,31.200564026029046,30.19186157775104,30.19186157775104,7.45847369999984e-96
3996.3378542886985,32.01853963900771,30.170786622246133,30.170786622246133,1.3747032155297777e-95
3997.259400971424,31.622569613306386,30.154484308513418,30.154484308513418,2.5352987204831918e-95
3998.178965243622,31.6522078632529,30.142764034106563,30.142764034106563,4.664925565267343e-95
3999.1009364824668,30.98492383588564,30.13527530268461,30.13527530268461,8.588547625272343e-95
4000.0209243974896,30.6293500183109,30.131741931027605,30.131741931027605,1.5775818633290874e-94
4000.9411239545225,31.489077231911608,30.131814261561413,30.131814261561413,2.895295010806805e-94
4001.863732141065,31.448034644369447,30.135168295718945,30.135168295718945,5.316802247437189e-94
4002.7843556335984,31.16794942435502,30.141446827218786,30.141446827218786,9.741100410614304e-94
4003.707388865296,31.512660059193653,30.150334561173366,30.150334561173366,1.7857494567947684e-93
4004.628436488635,30.541184367096378,30.16144561546279,30.16144561546279,3.266138782650734e-93
4005.551894961305,29.673174477728708,30.174491073410486,30.174491073410486,5.977257454094399e-93
4006.4733669108477,30.670956308831766,30.189073575714424,30.189073575714424,1.0913716432899264e-92
4007.395050843801,31.44716779445554,30.204895861934745,30.204895861934745,1.991003893749863e-92
4008.319147291631,31.61473789992238,30.221681921382924,30.221681921382924,3.6343112029667214e-92
4009.241255843936,31.00638713996779,30.239047425283545,30.239047425283545,6.618783141374983e-92
4010.165778022561,31.339495514831587,30.256784776443336,30.256784776443336,1.2060990533790234e-91
4011.0883113898385,31.66102167249312,30.274535337619792,30.274535337619792,2.1927827756091623e-91
4012.013259495393,31.311087390051913,30.292128108183434,30.292128108183434,3.9889193608622643e-91
4012.936217873355,32.35486487886994,30.30924360560705,30.30924360560705,7.239765287962714e-91
4013.8593885766795,31.560003593364343,30.325708878238707,30.325708878238707,1.3128722150347678e-90
4014.7849756865135,31.51575917290319,30.34136896898464,30.34136896898464,2.3821262705030243e-90
4015.7085716941433,31.675196923397383,30.355980884250798,30.355980884250798,4.3124030497993855e-90
4016.6345852215195,31.6989876944449,30.36947030673079,30.36947030673079,7.811177144253159e-90
4017.558606729392,31.923935247103202,30.38165731830743,30.38165731830743,1.4116520013969567e-89
4018.485046870761,32.153116835468154,30.392508284537378,30.392508284537378,2.552581467281065e-89
4019.409494074904,31.88489693681862,30.401906008281472,30.401906008281472,4.605188042376588e-89
4020.3341539469125,31.53348199455337,30.40984173708094,30.40984173708094,8.301257116683643e-89
4021.26123412334,31.82844145716564,30.416319491302424,30.416319491302424,1.4971954715273844e-88
4022.186319985712,32.26402101216996,30.421328845094315,30.421328845094315,2.6942109533821613e-88
4023.1138272675375,31.984707438899708,30.424944479829538,30.424944479829538,4.850885881279453e-88
4024.0393393165277,31.31346245860215,30.42722625690991,30.42722625690991,8.714264660349084e-88
4024.967273900518,31.3253854029382,30.428291195777007,30.428291195777007,1.5663002859108653e-87
4025.893212332471,30.855372364648588,30.42826596323323,30.42826596323323,2.808932547987147e-87
4026.819363775344,30.202025580261253,30.427309066651745,30.427309066651745,5.033108982986845e-87
4027.7479394268344,31.181548445547723,30.425595241990642,30.425595241990642,9.02325626195522e-87
4028.674517547237,32.632454773698676,30.42333428459382,30.42333428459382,1.6140422945343284e-86
4029.60352099309,30.435754372654344,30.420736983281984,30.420736983281984,2.8886617390134304e-86
4030.530525987594,32.04787975271216,30.41805508508437,30.41805508508437,5.158279893740403e-86
4031.459957424894,31.04882771089712,30.415528902166223,30.415528902166223,9.21597956526285e-86
4032.3873894901585,30.30208661699953,30.413433435456703,30.413433435456703,1.6428817793601892e-85
4033.3150349099524,30.387779491147516,30.412032879240535,30.412032879240535,2.9261720897951306e-85
4034.24510844886,30.156556045326397,30.411601383194828,30.411601383194828,5.214577648309616e-85
4035.1731812344583,31.070854717957957,30.412415927109524,30.412415927109524,9.271911650378239e-85
4036.103683257804,31.089687408139525,30.41475141731756,30.41475141731756,1.649466049119598e-84
4037.0321836060943,31.465717380474473,30.418859233561886,30.418859233561886,2.9278587577416747e-84
4037.9631143112815,31.132105430949707,30.425011256671812,30.425011256671812,5.199709003797249e-84
4038.8920424192424,30.57795784407989,30.43341404733181,30.43341404733181,9.213876272501945e-84
4039.821184225894,30.79276876450797,30.44429640758534,30.44429640758534,1.631302318273553e-83
4040.7527580684637,31.073735866515733,30.45788528585654,30.45788528585654,2.8896553432441022e-83
4041.682327930305,31.592129652456837,30.47427902865836,30.47427902865836,5.107339398500126e-83
4042.6143309485024,30.20253416561536,30.493692128765144,30.493692128765144,9.031525930102441e-83
4043.544329062738,30.38267610018039,30.516135487555268,30.516135487555268,1.593552592142683e-82
4044.4767614542843,31.32230382665466,30.541785973683425,30.541785973683425,2.8131159706863024e-82
4045.4071880182105,30.79193197875293,30.570558852023943,30.570558852023943,4.955066639687122e-82
4046.3378286255456,30.62073413144987,30.602511586613637,30.602511586613637,8.720474240728145e-82
4047.2709051919214,29.94596412852553,30.63769516401519,30.63769516401519,1.5354794714169433e-81
4048.2019745449425,30.855214527814557,30.675870368345397,30.675870368345397,2.6976848552264007e-81
4049.1354809792497,31.403213994196737,30.717109654786114,30.717109654786114,4.741873301661948e-81
4050.06697927548,31.260429282366488,30.76107607220646,30.76107607220646,8.316751792944509e-81
4051.000915775759,31.09782727915189,30.807808794699383,30.807808794699383,1.4593763151682915e-80
4051.9328432128136,30.513104442717633,30.856884878008806,30.856884878008806,2.5552163845496204e-80
4052.86498503855,31.309431355967835,30.908189338050136,30.908189338050136,4.4700956302492796e-80
4053.799566752778,30.344449522185133,30.961606970025407,30.961606970025407,7.823715385231406e-80
4054.732138015812,30.52625250152738,31.016620365263808,31.016620365263808,1.3663399574129923e-79
4055.6671502913928,31.531174570360577,31.073217371006308,31.073217371006308,2.3873155069461577e-79
4056.6001511895656,31.416487320335083,31.13084736428206,31.13084736428206,4.1620964525656943e-79
4057.535594224858,31.23718968756481,31.18950355601327,31.18950355601327,7.259688919270612e-79
4058.469024956102,30.36804487620003,31.24862970923124,31.24862970923124,1.2635048928424408e-78
4059.402670421859,31.497359907678575,31.308096662710433,31.308096662710433,2.1971746787518754e-78
4060.3387597118976,31.539587524149283,31.367793221561698,31.367793221561698,3.8225496244702934e-78
4061.2728353076777,31.420074976626157,31.427197074794996,31.427197074794996,6.635862595782689e-78
4062.209355853608,32.07601980540864,31.486373651985847,31.486373651985847,1.152499518658839e-77
4063.143861777573,29.996344142741464,31.544848297015342,31.544848297015342,1.9972921756536103e-77
4064.0808137780746,31.179854831265065,31.60273186017577,31.60273186017577,3.4628987182749154e-77
4065.015750228475,31.274717273866486,31.659612462760116,31.659612462760116,5.990971215357335e-77
4065.9509017597784,30.760605125216898,31.715522200785202,31.715522200785202,1.0355794338901992e-76
4066.8885010575,31.17191789332503,31.77051207305108,31.77051207305108,1.7908709083647775e-76
4067.8240834126696,32.41808228892069,31.8242724769622,31.8242724769622,3.090345676673152e-76
4068.7621146619435,32.73218259934288,31.877038906440447,31.877038906440447,5.3351022434663815e-76
4069.6981280394607,31.43060244292161,31.928564227036915,31.928564227036915,9.190563106562123e-76
4070.636591439287,30.93758030171495,31.979121950668066,31.979121950668066,1.5839177595872382e-75
4071.573036037723,31.163409736366592,32.02851479673659,32.02851479673659,2.7238839352489024e-75
4072.511931787192,31.39147644550701,32.07703542358043,32.07703542358043,4.6863414273919225e-75
4073.448807805212,31.495606165078186,32.12451731205132,32.12451731205132,8.045378704879623e-75
4074.3858993503272,31.77284781673342,32.171143016299524,32.171143016299524,1.3800276808999128e-74
4075.325443739864,31.53010979806749,32.21708403023156,32.21708403023156,2.3681859563284734e-74
4076.26296700261,32.47406676341814,32.26217550064739,32.26217550064739,4.055213301197895e-74
4077.2029442398016,32.70850707423768,32.30667376133782,32.30667376133782,6.9469876611613146e-74
4078.1408994190706,32.263419728992695,32.35038860689093,32.35038860689093,1.1875475942289144e-73
4079.0813097033297,32.2218159438184,32.3935252958651,32.3935252958651,2.0309006101541313e-73
4080.0196969981052,32.25978196577018,32.43585020852544,32.43585020852544,3.465770191310677e-73
4080.9583001676447,33.83390123833107,32.477408589973834,32.477408589973834,5.909348388688801e-73
4081.8993601382936,33.193271593143095,32.51820714721855,32.51820714721855,1.0079985709385763e-72
4082.838395721868,33.109923723386494,32.557932811623175,32.557932811623175,1.7157592322180366e-72
4083.7798892383994,33.813941142192114,32.596623029706976,32.596623029706976,2.9216721927514795e-72
4084.719357435222,33.75760090848144,32.633912725648344,32.633912725648344,4.964602829964186e-72
4085.6612846973703,33.87148895295047,32.66977167497009,32.66977167497009,8.439456408488254e-72
4086.601185706746,34.14239959381831,32.7037948972264,32.7037948972264,1.4316079221364203e-71
4087.541302939114,34.84748178491702,32.73581696427621,32.73581696427621,2.426400307725359e-71
4088.483880935662,34.34955668046899,32.76563768282097,32.76563768282097,4.114102350991683e-71
4089.4244312795936,34.08976977838074,32.792835971002575,32.792835971002575,6.960974560956223e-71
4090.367443521378,35.08829569741568,32.81725943153218,32.81725943153218,1.1782501595562138e-70
4091.3084271764064,34.34138925064434,32.838513028693534,32.838513028693534,1.9901648764055292e-70
4092.251873863484,34.09766663077562,32.85642967100995,32.85642967100995,3.362879757186558e-70
4093.1932910292367,34.81603216939897,32.87067136250688,32.87067136250688,5.670475578533895e-70
4094.1349247667713,35.139685366300114,32.88105340443802,32.88105340443802,9.553364989774436e-70
4095.07902323795,34.5962406199858,32.8873820430309,32.8873820430309,1.6101314311097612e-69
4096.021090785701,33.677429818178105,32.88945139982683,32.88945139982683,2.708038343394986e-69
4096.9656242025985,33.12446224954368,32.88713064796385,32.88713064796385,4.556323880869246e-69
4097.908125760421,34.14576928495763,32.88032876623163,32.88032876623163,7.650056885048646e-69
4098.853094323416,34.25647553928025,32.86894686133588,32.86894686133588,1.2849293940824788e-68
4099.79603009126,34.42718484400177,32.85301457264082,32.85301457264082,2.1537036110287723e-68
4100.7391827802385,34.50806494738498,32.83252406864916,32.83252406864916,3.606794086568168e-68
4101.684804178729,34.42373247642559,32.8074590271597,32.8074590271597,6.042527343179495e-68
4102.628391377704,35.034478347702986,32.77802562585423,32.77802562585423,1.010207602145474e-67
4103.574448423525,30.403147287020033,32.74420214312013,32.74420214312013,1.6895176334123616e-67
4104.518470332676,31.654610490615426,32.706295899201216,32.706295899201216,2.819754719704115e-67
4105.464963226528,33.260652889196486,32.66429842276524,32.66429842276524,4.707802658287746e-67
4106.409420046125,34.00792511656733,32.61859909025305,32.61859909025305,7.843744678639933e-67
4107.354094136771,35.3005010574089,32.569305757682244,32.569305757682244,1.3057420428989475e-66
4108.301240919211,33.035607628021864,32.516501500894904,32.516501500894904,2.174437760356092e-66
4109.246350220763,32.969902408825135,32.46065427451988,32.46065427451988,3.613578686207235e-66
4110.193933353276,33.63786287976683,32.40171485135815,32.40171485135815,6.007336095826413e-66
4111.139478066236,33.3707152694501,32.34017568574966,32.34017568574966,9.966187657720525e-66
4112.087497749848,33.40153854832516,32.275949207602714,32.275949207602714,1.6539725436736147e-65
4113.033478074809,34.14900118203548,32.20953782326411,32.20953782326411,2.7392522137752546e-65
4113.9796760213,32.900942744431404,32.14097287092415,32.14097287092415,4.532778397625144e-65
4114.928350648289,33.35273439710301,32.0702511444607,32.0702511444607,7.5031978532814914e-65
4115.874984507725,32.95599021931094,31.997861728769045,31.997861728769045,1.2394684029761268e-64
4116.824096188665,32.81712386951927,31.92360018867582,31.92360018867582,2.0481992006573694e-64
4117.771166161871,33.66135801991886,31.847950628880447,31.847950628880447,3.377674919614268e-64
4118.720715098112,34.064533422361194,31.770671591830475,31.770671591830475,5.571978121013182e-64
4119.668221386007,32.39631333255676,31.69224380818732,31.69224380818732,9.173005513583798e-64
4120.6159456464775,32.17905468852786,31.612594316723918,31.612594316723918,1.5088381185626412e-63
4121.566150582584,32.34919527957754,31.531639751245393,31.531639751245393,2.4826578813810713e-63
4122.514311459173,32.41282607181268,31.449882360244878,31.449882360244878,4.0766597414076605e-63
4123.464954154243,32.04450004018656,31.367057741851823,31.367057741851823,6.6962786073383e-63
4124.413551848098,31.901497363204555,31.283700644607684,31.283700644607684,1.0976849207248881e-62
4125.364632503807,33.170593195973545,31.199571142216627,31.199571142216627,1.7999546761998342e-62
4126.31366721617,31.694227535958134,31.11524698535557,31.11524698535557,2.945522525230354e-62
4127.2629202527205,31.584683762444914,31.030730648479864,31.030730648479864,4.816059765645447e-62
4128.21465796649,32.28494316139257,30.946047043179775,30.946047043179775,7.876955912860971e-62
4129.164348323466,32.01956182040909,30.86185291757772,30.86185291757772,1.2857144636827595e-61
4130.116524502349,30.877178901211096,30.778030958480784,30.778030958480784,2.0992583902941396e-61
4131.0666523812215,30.876239396246607,30.695290557475133,30.695290557475133,3.4206497496374096e-61
4132.01926722722,31.220110739983625,30.613576730155202,30.613576730155202,5.575512540499822e-61
4132.969832829555,32.11439419885165,30.53364563965669,30.53364563965669,9.069515814779784e-61
4133.920617108259,31.868218844688954,30.455691151926242,30.455691151926242,1.474049774214588e-60
4134.873890072219,31.330198173702968,30.37995051143146,30.37995051143146,2.396464574771831e-60
4135.825112376789,32.04609344060634,30.307218065284893,30.307218065284893,3.888263199663699e-60
4136.778824513151,32.41077419297022,30.23759500680889,30.23759500680889,6.310580934304609e-60
4137.730485045386,30.5714840285379,30.171869759699796,30.171869759699796,1.022140455890111e-59
4138.684636556479,30.975488700695564,30.110189727102874,30.110189727102874,1.6560715062843233e-59
4139.636735518269,31.461911759031636,30.05330646497889,30.05330646497889,2.677792476730001e-59
4140.589053509174,30.52895827582512,30.001515352358627,30.001515352358627,4.32616908903827e-59
4141.543864199841,29.977501431173607,29.955143988465807,29.955143988465807,6.991247430935142e-59
4142.496620923193,31.606332462173384,29.91482461592178,29.91482461592178,1.127555274636655e-58
4143.451871494692,29.829242537083587,29.88074661714436,29.88074661714436,1.8190466836027224e-58
4144.405067152616,31.979120516044194,29.85341774970957,29.85341774970957,2.9287588121986124e-58
4145.3607578076,31.169555351507654,29.83301328427129,29.83301328427129,4.7167671082744445e-58
4146.31439260231,29.409662125287923,29.81988203490684,29.81988203490684,7.581249545604048e-58
4147.270523543527,31.118937329367384,29.814160096821045,29.814160096821045,1.218867334889321e-57
4148.224597677336,29.6570275190723,29.816011451288603,29.816011451288603,1.9557322280278143e-57
4149.178891294645,30.012145363570937,29.82547817121282,29.82547817121282,3.1353865232488375e-57
4150.135682782933,29.701512452804366,29.84260821716164,29.84260821716164,5.027932158371743e-57
4151.090416042859,29.389170895675704,29.86724226256786,29.86724226256786,8.046883231463811e-57
4152.047648324532,29.728397326868276,29.899337055317197,29.899337055317197,1.2881927252405464e-56
4153.002821429619,30.367957189070015,29.93850393500356,29.93850393500356,2.0581438599122543e-56
4153.9604947077505,30.786279916886546,29.984607231752488,29.984607231752488,3.289150091468807e-56
4154.916107860634,30.29372627548884,30.037022179629325,30.037022179629325,5.2460831835398615e-56
4155.871940851067,30.123415320872255,30.095370682262114,30.095370682262114,8.360175494870536e-56
4156.8302757418005,30.544784550120315,30.159247098775243,30.159247098775243,1.332619100999758e-55
4157.7865490840395,31.326254758198676,30.22770741542127,30.22770741542127,2.1200341209901034e-55
4158.745325479203,31.703229246191256,30.30036903726584,30.30036903726584,3.373559013215053e-55
4159.702039376117,31.045292666884052,30.376109454072278,30.376109454072278,5.357741103170158e-55
4160.661257479111,32.073707370522705,30.45445690077154,30.45445690077154,8.511027734674326e-55
4161.618412133664,31.9167824826402,30.534160490650656,30.534160490650656,1.3493729915297404e-54
4162.5757869803865,31.210184556865443,30.614486553994155,30.614486553994155,2.1375228276166572e-54
4163.535667763232,30.97566156960903,30.694681385069206,30.694681385069206,3.3868325041425307e-54
4164.493483672093,31.558092013929926,30.77339922752968,30.77339922752968,5.355858106531577e-54
4165.453806671559,32.72684120045142,30.850044090513677,30.850044090513677,8.471627304510821e-54
4166.412063845755,32.19580293036154,30.923290924819256,30.923290924819256,1.3373921825782426e-53
4167.372829265572,31.34185555130239,30.992545470700897,30.992545470700897,2.1117931662150306e-53
4168.3315279083945,31.0883395316838,31.05657432126695,31.05657432126695,3.328127183286635e-53
4169.2904470985795,31.762721205889477,31.11468991733608,31.11468991733608,5.240553865082409e-53
4170.251876267217,32.40065760351258,31.1662072883519,31.1662072883519,8.253771942231099e-53
4171.2112372310185,31.252374593137578,31.210155861770332,31.210155861770332,1.2974371678087138e-52
4172.173109329618,31.21397765157542,31.246094096037915,31.246094096037915,2.0399354806986594e-52
4173.132912270561,31.434949219223995,31.27329606787265,31.27329606787265,3.2011564304986263e-52
4174.0952275031805,31.13772742865723,31.291436364278898,31.291436364278898,5.024488019831997e-52
4175.055472624884,31.2424208512071,31.300072717851776,31.300072717851776,7.871162453487238e-52
4176.015938649714,31.772805225841694,31.29902210380449,31.29902210380449,1.232011261133748e-51
4176.97891870185,30.577516903083225,31.28812325266854,31.28812325266854,1.928778120985476e-51
4177.939827212923,31.282974896167733,31.267413317405765,31.267413317405765,3.0138016609672873e-51
4178.903250909511,31.546750309998572,31.236903746805247,31.236903746805247,4.710175427887388e-51
4179.86460211068,31.71278714336336,31.196959379853297,31.196959379853297,7.347271268397419e-51
4180.828469656109,32.34263377690554,31.147715235420947,31.147715235420947,1.1463132448412937e-50
4181.790263751321,32.55299520182177,31.08984232058784,31.08984232058784,1.7850438863282352e-50
4182.752279105999,31.130955476873172,31.023760840170294,31.023760840170294,2.777302762954592e-50
4183.716812543365,31.03841799589054,30.949900459817627,30.949900459817627,4.321983829166502e-50
4184.679271098063,30.981754572472084,30.869312664768756,30.869312664768756,6.712960027934351e-50
4185.644248895526,31.68793911606247,30.782379395027487,30.782379395027487,1.0428666845944734e-49
4186.607150854423,32.08905261827607,30.690339337204264,30.690339337204264,1.61702342970242e-49
4187.5725732167,31.16605287700003,30.59363089682538,30.59363089682538,2.507759395624675e-49
4188.535918784073,31.096058504472072,30.49362410521892,30.49362410521892,3.8817716192865785e-49
4189.499485967827,31.660575720803312,30.391029611095682,30.391029611095682,6.003476782237569e-49
4190.4655752961935,31.27880850481853,30.286547267827306,30.286547267827306,9.286564184412272e-49
4191.429586394893,31.39495386654892,30.18163047123968,30.18163047123968,1.4337865926563214e-48
4192.396120800155,31.626370224056075,30.07673231947242,30.07673231947242,2.2140711113652607e-48
4193.36057601831,31.005229669851534,29.9732863213676,29.9732863213676,3.412538902608479e-48
4194.327555705514,30.895089623854176,29.871714158003307,29.871714158003307,5.2606508975969127e-48
4195.292455247732,30.581109570067444,29.773379786716635,29.773379786716635,8.094352684868591e-48
4196.257576763822,30.157219962167975,29.678879895898117,29.678879895898117,1.2443813828998878e-47
4197.225224492999,29.889846870659767,29.5888085109613,29.5888085109613,1.9133659994886087e-47
4198.190790640112,29.818041132560268,29.504347784612477,29.504347784612477,2.936473116523861e-47
4199.1588841641405,29.8084982674676,29.42579984581078,29.42579984581078,4.5073927059121535e-47
4200.12489514712,29.76647107872265,29.354189336684712,29.354189336684712,6.905735971088508e-47
4201.093434671376,29.676629350651467,29.289762970001554,29.289762970001554,1.0581912333238954e-46
4202.059890695157,29.133838499792432,29.233355498189045,29.233355498189045,1.6184725085653108e-46
4203.026569050879,29.112921361262977,29.185269917211002,29.185269917211002,2.4732911024969157e-46
4203.995777694727,29.878906022179937,29.145819357395453,29.145819357395453,3.780176694808812e-46
4204.962901398707,30.028655597480284,29.11552685122812,29.11552685122812,5.766849318692619e-46
4205.932556556519,28.202488438391985,29.094516591482048,29.094516591482048,8.798938661395581e-46
4206.900125813931,28.76740901552131,29.083084204848184,29.083084204848184,1.3400265067689695e-45
4207.870227691414,29.397638967088994,29.081305826063137,29.081305826063137,2.04107938567434e-45
4208.838242707525,29.98009947556875,29.08924710662567,29.08924710662567,3.1031272906349233e-45
4209.806480414218,30.026330635861488,29.106874411316525,29.106874411316525,4.713766067107926e-45
4210.777252490652,29.394529831993168,29.134178432886195,29.134178432886195,7.16138807599509e-45
4211.7459362639975,29.784965547116997,29.17086611451345,29.17086611451345,1.0859810301933708e-44
4212.717155574668,29.710206005409134,29.216873439931938,29.216873439931938,1.6470479516600984e-44
4213.686285620169,29.634722418541973,29.271673923524595,29.271673923524595,2.4933765399361927e-44
4214.657952371114,29.344888895015973,29.33514323455524,29.33514323455524,3.7750846478879507e-44
4215.627528894367,29.914664833801798,29.40652414341988,29.40652414341988,5.705121726620358e-44
4216.5973284674255,31.202222565459696,29.4854378538575,29.4854378538575,8.614535732769473e-44
4217.5696664984225,30.079085718627656,29.571504573482283,29.571504573482283,1.3009283493129682e-43
4218.539912857685,29.861278403699487,29.663659882012404,29.663659882012404,1.9609970247350695e-43
4219.512698844352,30.41076354059885,29.76162976739235,29.76162976739235,2.956332357528804e-43
4220.4833921956515,31.01220956540107,29.864179100579392,29.864179100579392,4.448702962846423e-43
4221.45662634436,31.45273467453848,29.970983146335406,29.970983146335406,6.695215377194176e-43
4222.427766893627,31.7205887925885,30.080682639187,30.080682639187,1.0057760735448795e-42
4223.401449410848,31.669955738368802,30.19291540905637,30.19291540905637,1.511079327574896e-42
4224.373037364105,31.773090835350903,30.306242740684937,30.306242740684937,2.2661080167765067e-42
4225.344848829894,30.39027231098663,30.420011151768414,30.420011151768414,3.3954918379886224e-42
4226.3192040197655,30.727364186899877,30.53357009880064,30.53357009880064,5.088283854795728e-42
4227.291463198637,31.760849712000212,30.645466133549217,30.645466133549217,7.611145246662713e-42
4228.266267273483,31.017338009833907,30.7553374440931,30.7553374440931,1.1386060075817588e-41
4229.238974371697,31.143885570531154,30.861802258645923,30.861802258645923,1.7002341903894555e-41
4230.214227538318,32.15390601963833,30.96454733942884,30.96454733942884,2.53914222347176e-41
4231.18738276223,31.542436103201627,31.06231985413913,31.06231985413913,3.785113415871737e-41
4232.1607618592225,31.5982577301719,31.154673152466167,31.154673152466167,5.637668137203665e-41
4233.136688783586,32.41736074910796,31.241176579644517,31.241176579644517,8.397702117829294e-41
4234.110516315867,32.239746709234055,31.320874386420815,31.320874386420815,1.2486412294930444e-40
4235.086892849301,31.57512085457967,31.3936905990322,31.3936905990322,1.8567500745068128e-40
4236.061169023465,31.80130354309796,31.45891240046746,31.45891240046746,2.756051007629697e-40
4237.037995373105,31.67758702402705,31.516590153384307,31.516590153384307,4.0912672658191e-40
4238.012720395841,31.93051178185465,31.56628923134196,31.56628923134196,6.062451084062209e-40
4238.987669652787,32.15881900426598,31.60809762528359,31.60809762528359,8.975680489884565e-40
4239.965170847008,31.99049478948098,31.642141785913743,31.642141785913743,1.328986778295119e-39
4240.940569262615,32.57704903425935,31.66841075644609,31.66841075644609,1.9642483303086802e-39
4241.918520791174,30.698733086275297,31.68727893415604,31.68727893415604,2.9033840693982134e-39
4242.894368572367,33.331103234800544,31.699004730052835,31.699004730052835,4.283875268939966e-39
4243.872770642732,32.67017276633982,31.70407594683153,31.70407594683153,6.32120296669915e-39
4244.849067996536,22.98815571436973,31.70298189660639,31.70298189660639,9.310835596258386e-39
4245.825589946264,20.275854988812057,31.696331233429447,31.696331233429447,1.3702705438577968e-38
4246.804667949803,47.996021621206296,31.684738952693273,31.684738952693273,2.0167493038991323e-38
4247.781639782729,39.24104793987943,31.6689660495522,31.6689660495522,2.962962634917728e-38
4248.761168847041,22.18408226951897,31.649688122603244,31.649688122603244,4.353380118847738e-38
4249.738590770427,22.584151042212056,31.62777400921984,31.62777400921984,6.384949165740559e-38
4250.718571103314,31.618696347506106,31.60391834814258,31.60391834814258,9.365105623048221e-38
4251.6964433245175,32.12348610156136,31.579037197122982,31.579037197122982,1.3711978687688964e-37
4252.674540503941,31.846294556837567,31.553873991563417,31.553873991563417,2.0059325236029556e-37
4253.655197860352,31.15349607998127,31.529154656315363,31.529154656315363,2.934635937509536e-37
4254.633745648682,31.58024929901251,31.505755138684,31.505755138684,4.285751810906828e-37
4255.614854793472,31.54207533329526,31.48429102499093,31.48429102499093,6.259213277972957e-37
4256.593853398304,31.056098226649002,31.46553981204232,31.46553981204232,9.125341604250013e-37
4257.575414539612,31.143722723003975,31.450037366765073,31.450037366765073,1.3304442624025843e-36
4258.554864168637,31.166468764530975,31.43842465271694,31.43842465271694,1.9363446561934506e-36
4259.534539118762,31.808761959842744,31.431156502154124,31.431156502154124,2.815771302305404e-36
4260.516778375703,31.0516637632166,31.428662644539234,31.428662644539234,4.0947520400732015e-36
4261.496904661613,30.65922878152833,31.431313851130202,31.431313851130202,5.944275374615008e-36
4262.479596435714,31.1436400465671,31.439402652743162,31.439402652743162,8.629466974470768e-36
4263.460174265339,31.75634008817065,31.453098347754487,31.453098347754487,1.250581151328318e-35
4264.443318765074,32.690801790013495,31.472597618392676,31.472597618392676,1.8123903890597717e-35
4265.424348346441,32.3975083828716,31.497860297281434,31.497860297281434,2.6220215305306334e-35
4266.405603612373,31.803423066297853,31.528910527812986,31.528910527812986,3.790089776481437e-35
4267.38942732161,31.04294265179954,31.565753961408724,31.565753961408724,5.47863092700137e-35
4268.371134651379,30.44745684649206,31.608059804605006,31.608059804605006,7.90572828540966e-35
4269.355411607732,30.485966528649953,31.65581730374256,31.65581730374256,1.1408255849983898e-34
4270.337571209602,30.897692678942466,31.708527105573808,31.708527105573808,1.643409097663747e-34
4271.322301621883,31.06266474001416,31.76611617214858,31.76611617214858,2.3674339784178145e-34
4272.304913704215,31.650070802627003,31.827943168810734,31.827943168810734,3.404559325028937e-34
4273.287751835167,32.65340698708014,31.893731328685945,31.893731328685945,4.8918448746701775e-34
4274.273162552583,32.634466566995975,31.963210100223066,31.963210100223066,7.028902871110982e-34
4275.256453476596,31.249390725370347,32.03558280487367,32.03558280487367,1.0082213918837291e-33
4276.242318172263,31.44615813978703,32.11070850585231,32.11070850585231,1.4461907996045958e-33
4277.226062097938,33.137101722999326,32.18772620211833,32.18772620211833,2.0708591220777176e-33
4278.212380981003,31.301221335251455,32.26648438609291,32.26648438609291,2.9653438719761746e-33
4279.196578117038,32.127384420827354,32.34609148724829,32.34609148724829,4.238933655606668e-33
4280.181001666331,33.58454659936854,32.42621893370688,32.42621893370688,6.054341534339438e-33
4281.1680019519345,31.56483390155512,32.50654581192661,32.50654581192661,8.647172044692234e-33
4282.152879024689,33.25530898495845,32.58618785883699,32.58618785883699,1.2329373022122286e-32
4283.140334020856,33.769005246077086,32.665034576225054,32.665034576225054,1.7579357437625622e-32
4284.125664826011,33.35503179990951,32.74223742874022,32.74223742874022,2.5022257234417566e-32
4285.113574742227,33.146985315225784,32.817710333610194,32.817710333610194,3.561584969960617e-32
4286.099359488818,33.228158544157914,32.89066141285459,32.89066141285459,5.060849157441734e-32
4287.085371013894,32.98619968827587,32.96086707209472,32.96086707209472,7.185090072103106e-32
4288.073963431819,32.60448007387595,33.02810512710572,33.02810512710572,1.0200740934171956e-31
4289.060429211937,34.08678089992037,33.09170219026842,33.09170219026842,1.4457631034421565e-31
4290.049477073921,33.5374310517359,33.1516378921797,33.1516378921797,2.0490448264923865e-31
4291.036397318357,32.73122555695239,33.20733414471153,33.20733414471153,2.899168610710238e-31
4292.025900834221,33.09848932163198,33.25879202460441,33.25879202460441,4.101876848609213e-31
4293.013275752345,33.81369812357463,33.30553598520682,33.30553598520682,5.793769685653965e-31
4294.000877814772,33.9436855251152,33.34749404727874,33.34749404727874,8.176521396919541e-31
4294.991064933292,34.64176276719866,33.38457765888657,33.38457765888657,1.1538793380272551e-30
4295.979121983521,34.31668152275148,33.41647166548079,33.41647166548079,1.625639871480057e-30
4296.969765280776,33.52650272998892,33.44321758150548,33.44321758150548,2.2901871984507474e-30
4297.95827752842,33.73186348314749,33.464604965697234,33.464604965697234,3.2210059263238466e-30
4298.949377214572,34.53130454218667,33.48068013488802,33.48068013488802,4.52994558527728e-30
4299.93834486934,33.223170399133096,33.49133478495972,33.49133478495972,6.360190468632833e-30
4300.929901154648,33.139313944022376,33.49661230294555,33.49661230294555,8.929484835701749e-30
4301.919324426345,33.90309891064914,33.49650375350815,33.49650375350815,1.2515843841274234e-29
4302.908975313565,35.0912795651829,33.4910645468859,33.4910645468859,1.7527606246853714e-29
4303.901216619694,35.13026025249633,33.48032054575933,33.48032054575933,2.4544916923446323e-29
4304.891323438608,34.18658889665489,33.46440007090045,33.46440007090045,3.4314733811759585e-29
4305.884021869836,35.68415229401581,33.44331963257964,33.44331963257964,4.7970518597430155e-29
4306.874584830493,34.11230787614227,33.41728624523309,33.41728624523309,6.694992220185674e-29
4307.867740597418,34.13022110413192,33.38629406714177,33.38629406714177,9.343265220246591e-29
4308.858759909961,35.579113133639005,33.350618427638764,33.350618427638764,1.3017600387026536e-28
4309.850007205195,36.17368198210114,33.31032896784133,33.31032896784133,1.8121407837886345e-28
4310.843849097947,35.178142436179996,33.26545761045381,33.26545761045381,2.522453742172915e-28
4311.8355530603385,34.72138769194931,33.21636816942204,33.21636816942204,3.505426013450009e-28
4312.82985281558,35.6396623495906,33.16298457678951,33.16298457678951,4.871098395519224e-28
4313.822013655518,37.064575707057266,33.1057250059547,33.1057250059547,6.757733988003047e-28
4314.816771484185,36.80755721293105,33.04448630531495,33.04448630531495,9.374368264226584e-28
4315.809389412152,36.521421580945294,32.97973557585535,32.97973557585535,1.298293239299603e-27
4316.8022356905685,37.91520600725511,32.9115122830372,32.9115122830372,1.7965210962217692e-27
4317.797680751854,37.328311035342956,32.839828650898255,32.839828650898255,2.4857412273552883e-27
4318.790984434081,36.08920420104056,32.76521988340126,32.76521988340126,3.433776598594588e-27
4319.786888096434,36.930669943478115,32.68752997199866,32.68752997199866,4.7429708075131335e-27
4320.780649393196,37.5994446520557,32.607334212377616,32.607334212377616,6.540684008306065e-27
4321.7770118678945,37.276094602089756,32.52446294810051,32.52446294810051,9.01895882654718e-27
4322.771230990015,37.468632991492946,32.43953012295695,32.43953012295695,1.2416114704963152e-26
4323.765678830938,38.720925464803656,32.35256837325314,32.35256837325314,1.7078265806499762e-26
4324.762729646833,38.92016315094031,32.26360232444583,32.26360232444583,2.3488737829299827e-26
4325.757635629404,39.38486234915076,32.17330473885911,32.17330473885911,3.225331279235591e-26
4326.755145786136,39.13876967142494,32.081505759959,32.081505759959,4.4283818423157674e-26
4327.750510121423,38.85554525215582,31.988913538409577,31.988913538409577,6.070385957239497e-26
4328.748479830611,39.61698020369806,31.89536781288892,31.89536781288892,8.3203550407906e-26
4329.744302729774,39.952904588108765,31.801605975231787,31.801605975231787,1.1385961137105165e-25
4330.740354716688,41.26228889910175,31.707707269175103,31.707707269175103,1.5567765328655727e-25
4331.739013877436,39.69961655502823,31.613758684196554,31.613758684196554,2.1283081404181686e-25
4332.735524745028,38.94963855335965,31.52052826792582,31.52052826792582,2.9050103275053853e-25
4333.734643987578,39.49497233098924,31.427899935427437,31.427899935427437,3.96470365861757e-25
4334.731613947253,39.323366112194954,31.33664865403118,31.33664865403118,5.402322436902415e-25
4335.731193483566,40.25292735614301,31.24667879481317,31.24667879481317,7.36034842355682e-25
4336.7286227468285,41.35151932260936,31.158759816802224,31.158759816802224,1.0012089855446624e-24
4337.726281467383,41.62736048553086,31.073016647204344,31.073016647204344,1.360754704614087e-24
4338.726551567412,41.357975600725354,30.989593122656167,30.989593122656167,1.849185128990257e-24
4339.724669908865,41.06341448821803,30.909222486769977,30.909222486769977,2.508950502245283e-24
4340.725400832855,40.8371641553423,30.83185223202159,30.83185223202159,3.4036701210754314e-24
4341.723979006955,40.41977592179712,30.75817110774663,30.75817110774663,4.6101574579694725e-24
4342.725170967206,40.39277830713747,30.688137373643688,30.688137373643688,6.2434688416146104e-24
4343.724209185799,39.4818693684178,30.622378673090353,30.622378673090353,8.442106770963261e-24
4344.72347723182,39.58327577626523,30.56099863190703,30.56099863190703,1.1405241170774379e-23
4345.7253608697365,39.991283992244924,30.504124254008516,30.504124254008516,1.5406264111733888e-23
4346.725089278073,39.3340915008696,30.452260889456213,30.452260889456213,2.0778182987563273e-23
4347.727434483308,39.95108320115094,30.40537056651638,30.40537056651638,2.801916917162709e-23
4348.727623466048,40.016938741141985,30.3638610924907,30.3638610924907,3.772437702299102e-23
4349.730430451243,39.82675036682332,30.327690321742374,30.327690321742374,5.0783728636237104e-23
4350.731080220573,40.00711778257983,30.297154351946396,30.297154351946396,6.825712675953851e-23
4351.731960188068,40.42683348309038,30.27225265794487,30.27225265794487,9.166428648239771e-23
4352.735459966676,40.364420289289235,30.25300024811642,30.25300024811642,1.230793930091602e-22
4353.736801039097,39.496663439925335,30.23950696038456,30.23950696038456,1.6500385863011777e-22
4354.740763129577,38.9704404459468,30.231691163124246,30.231691163124246,2.21174016614389e-22
4355.742565519356,38.30476485107875,30.229533469856964,30.229533469856964,2.960052779744236e-22
4356.746990134695,38.961333511157655,30.232932107290097,30.232932107290097,3.960903672007728e-22
4357.74925405436,39.328594770490675,30.24174485183603,30.24174485183603,5.291956015492492e-22
4358.751748543522,37.91291110979518,30.255809629546015,30.255809629546015,7.0642638505479e-22
4359.756867069821,38.319832005362635,30.274981766078756,30.274981766078756,9.428539248145468e-22
4360.759823407719,38.37774058602736,30.29893949978894,30.29893949978894,1.2564687584107038e-21
4361.7654049916455,39.294379252357146,30.32753153571874,30.32753153571874,1.6741101020203241e-21
4362.768823391053,38.519999175077494,30.360328614536233,30.360328614536233,2.2271419262199364e-21
4363.774868245939,36.93584097880268,30.397164357610134,30.397164357610134,2.962340917222355e-21
4364.778748919728,37.24632857946807,30.437516090730085,30.437516090730085,3.9341916219960486e-21
4365.782860534946,37.6760330967611,30.48110062116775,30.48110062116775,5.220411309046624e-21
4366.78960042014,36.26095572993603,30.527646849921616,30.527646849921616,6.925873280291377e-21
4367.7941746291035,35.64376360192893,30.576533950453765,30.576533950453765,9.174456569586977e-21
4368.801378318885,35.4515509075801,30.62758531872783,30.62758531872783,1.215080327563846e-20
4369.80641533471,35.362059928029,30.680142317507663,30.680142317507663,1.6068206072539556e-20
4370.814083042756,35.62677735217091,30.73403754714579,30.73403754714579,2.124451664227454e-20
4371.819583078657,35.404793624507256,30.788599540187064,30.788599540187064,2.804567215847943e-20
4372.825314428521,33.79799210591489,30.843549572703516,30.843549572703516,3.6992492319742506e-20
4373.833678288029,34.38543574872631,30.898625421137687,30.898625421137687,4.878381157629697e-20
4374.839872977849,34.46348731582975,30.95318741831764,30.95318741831764,6.423623292535239e-20
4375.848701390109,33.70888945508244,31.007143589489594,31.007143589489594,8.456624024502991e-20
4376.855359633346,33.97814656721278,31.059909574585795,31.059909574585795,1.1116240970301597e-19
4377.864652812377,33.975044948156665,31.11143431992339,31.11143431992339,1.460931092157469e-19
4378.871774822589,33.5635918806405,31.16120218123984,31.16120218123984,1.9171109920812864e-19
4379.88153298251,34.27799145564041,31.209210331401195,31.209210331401195,2.5152077229422834e-19
4380.889118973354,34.069168313519356,31.25502494032335,31.25502494032335,3.2949435495857984e-19
4381.896936758032,32.65865568814843,31.29859626407064,31.29859626407064,4.312715798895374e-19
4382.907392513614,32.22981301007616,31.33988731799508,31.33988731799508,5.643650566795239e-19
4383.915674599467,33.72716846367161,31.378605725881734,31.378605725881734,7.374279134637791e-19
4384.926595871535,33.40629620146536,31.414874111524544,31.414874111524544,9.633490425521813e-19
4385.935342472468,32.60043894985535,31.448485262251378,31.448485262251378,1.256607715825971e-18
4386.946729475488,32.223434397703905,31.479592711101994,31.479592711101994,1.6387723981626303e-18
4387.9559408055,32.22694188290467,31.508063630637615,31.508063630637615,2.1339846335053045e-18
4388.965384303254,32.54787176808208,31.534007806248148,31.534007806248148,2.776468021681689e-18
4389.977470027226,33.34230714467043,31.5575266175867,31.5575266175867,3.611555307100278e-18
4390.987378575121,32.45545704908148,31.57856532602888,31.57856532602888,4.6908576433296526e-18
4391.999930566508,32.97164111934609,31.597286864892865,31.597286864892865,6.091281476726127e-18
4393.010304378791,32.68719910164299,31.613664673615293,31.613664673615293,7.898111258980526e-18
4394.0233228524,32.16045249023091,31.627830318003028,31.627830318003028,1.0238456363320498e-17
4395.03416214342,33.132354091245425,31.639757164173474,31.639757164173474,1.325273938387061e-17
4396.04523397669,32.704030019913546,31.649506621495547,31.649506621495547,1.7139792988494618e-17
4397.058952298362,32.56470018100606,31.657102290313375,31.657102290313375,2.2161516949377507e-17
4398.070489931946,31.69898268375175,31.66249644431318,31.66249644431318,2.8612512433126124e-17
4399.084675273168,31.868376681522992,31.665677019383086,31.665677019383086,3.693216163608454e-17
4400.09667892166,32.51356605747197,31.66656907983957,31.66656907983957,4.760119251958427e-17
4401.111331497588,31.8363758897591,31.66509375357132,31.66509375357132,6.1336838495285e-17
4402.123801375682,31.362121299723132,31.66114974934944,31.66114974934944,7.89207289391125e-17
4403.136504171141,32.397345535344414,31.654616471354203,31.654616471354203,1.0145875510526863e-16
4404.151857724057,31.065255268369587,31.645343087522875,31.645343087522875,1.3039944989314951e-16
4405.165027071213,30.69644319950851,31.633232840698277,31.633232840698277,1.67351957239008e-16
4406.18084839703,31.883378696796,31.6180827516475,31.6180827516475,2.1471967793433488e-16
4407.194484510825,32.14174757272452,31.599829193876865,31.599829193876865,2.75095495440299e-16
4408.210773825044,32.054235816965274,31.578262607356727,31.578262607356727,3.5235411783068275e-16
4409.224876920515,32.75607358425328,31.55338151414525,31.55338151414525,4.506585122438899e-16
4410.239213309072,33.23139795727548,31.525062941519177,31.525062941519177,5.758966426012176e-16
4411.2562047310275,32.30848840847603,31.493186477548893,31.493186477548893,7.357378427676123e-16
4412.271008423877,31.53742039936452,31.457901364651903,31.457901364651903,9.385915888111496e-16
4413.288468373299,32.33278776487765,31.41908618888567,31.41908618888567,1.1970437597915484e-15
4414.303739585729,31.85045092680048,31.37702329918625,31.37702329918625,1.5244745751340054e-15
4415.321668278467,30.160587147960715,31.331662587012953,31.33166258701295,1.9409233099767876e-15
4416.337407225863,30.412747775083858,31.283432477937808,31.283432477937804,2.467602092437119e-15
4417.353379842668,32.0693981744189,31.232495236003313,31.23249523600331,3.1345169637399336e-15
4418.372011775715,31.828877387469163,31.179042644352098,31.179042644352094,3.9805353984983384e-15
4419.388452450623,29.645197272559418,31.123708956594296,31.123708956594292,5.047700521515068e-15
4420.407553666918,31.562924827467274,31.066657581029027,31.06665758102902,6.399105457264654e-15
4421.424462615564,30.905594542030485,31.008631955034794,31.008631955034787,8.100800796932091e-15
4422.444033331306,30.465625619832057,30.949867628712823,30.949867628712813,1.0251996773137946e-14
4423.461410769422,30.060303135377527,30.891182007198527,30.891182007198513,1.2956083595499106e-14
4424.479022253881,30.198873854273703,30.832993459283596,30.83299345928358,1.6359414748403512e-14
4425.499297344329,31.193995007317312,30.775733888845085,30.775733888845064,2.065051784087962e-14
4426.517377641916,30.213252038250292,30.72024348463952,30.720243484639497,2.603044324970434e-14
4427.538122772616,29.78329949164663,30.666817097741426,30.666817097741394,3.280194289900408e-14
4428.556672099313,31.046232171848548,30.616246265906167,30.616246265906124,4.127687216029533e-14
4429.577887486809,31.538685599383374,30.568801587443172,30.56880158744312,5.192537077023577e-14
4430.5969060586995,30.58462457130793,30.52517795940537,30.525177959405305,6.522940448820067e-14
4431.6161590544725,29.751504138301645,30.485677690617116,30.485677690617035,8.187210596401311e-14
4432.638079952903,29.752563899901592,30.450591428887815,30.450591428887712,1.0272862220710779e-13
4433.657802518049,29.327451682874994,30.420391689368543,30.420391689368415,1.2871839231382459e-13
4434.680194214953,29.90393693978058,30.395177629721754,30.395177629721594,1.6123188430924236e-13
4435.7003865658,29.433788612776087,30.37524683932595,30.375246839325747,2.0167713738727412e-13
4436.723249278075,29.191253527182486,30.360605510057614,30.36060551005736,2.521864871720098e-13
4437.743911631054,31.033244455219407,30.351358930247294,30.351358930246978,3.14908328147913e-13
4438.764808786067,31.006081487686007,30.347435353213985,30.34743535321359,3.928938411227764e-13
4439.788378147337,30.53716328584835,30.34874316715015,30.34874316714966,4.900304196704782e-13
4440.809745629186,30.759587954508675,30.35511846737107,30.35511846737046,6.103384222574005e-13
4441.833786548375,30.236351333643942,30.366377176469264,30.366377176468504,7.599295831213058e-13
4442.855624573739,29.860055794572364,30.382199915876306,30.38219991587536,9.44882089283256e-13
4443.880137268095,30.635653470286,30.402356267877746,30.40235626787657,1.174451477482654e-12
4444.902446053751,29.914955454004147,30.42640909825752,30.426409098256062,1.4577932645532285e-12
4445.9249900202,31.90392754937938,30.454036089628797,30.45403608962699,1.8079463579980424e-12
4446.950210503449,30.941378407118066,30.484933547198754,30.484933547196512,2.2414325697366735e-12
4447.973225555419,29.91569954193602,30.518563565901683,30.51856356589891,2.7750567893033937e-12
4448.998918357258,30.88641861936856,30.554695286541683,30.554695286538248,3.43452619956122e-12
4450.022404711778,31.413814115542777,30.592772090478977,30.592772090474732,4.244921132050903e-12
4451.048570049805,29.131799147682845,30.632603248084617,30.632603248079374,5.244684954197255e-12
4452.072527924002,29.501480571804393,30.673647386775553,30.673647386769083,6.471110157447603e-12
4453.096721358363,30.14199246570348,30.715669383125096,30.71566938311712,7.977501985848216e-12
4454.123595627018,29.773699003582806,30.758476340069137,30.758476340059307,9.831038036688216e-12
4455.148260906809,29.787378195865816,30.801602184986578,30.801602184974477,1.2098850206633356e-11
4456.175608255954,30.758540719641587,30.845025600443375,30.84502560042849,1.4884401499024052e-11
4457.200745598553,29.713833747245364,30.888356499425246,30.88835649940696,1.8286588626368903e-11
4458.228566246134,29.881396336672484,30.931657218913802,30.931657218891345,2.2458192122786625e-11
4459.254175869021,30.724468006262672,30.974618555395896,30.97461855536835,2.7544361330529572e-11
4460.2824700330875,30.254640363619387,31.017386478727172,31.017386478693403,3.3769888412644836e-11
4461.308552153841,29.700562926453586,31.05973597494276,31.059735974901415,4.1347012465225135e-11
4462.334870323439,30.828254493353484,31.101786668080045,31.101786668029465,5.058099696221795e-11
4463.363874888842,30.94955836367558,31.14369177180621,31.143691771744358,6.185388457423478e-11
4464.390665882734,30.488572089084812,31.185334783896234,31.185334783820696,7.553823360591302e-11
4465.420144510052,30.545220480423836,31.227027261660815,31.2270272615686,9.221492992255113e-11
4466.447408546069,30.263321389491296,31.26870789011682,31.268707890004396,1.1242365003561275e-10
4467.4773614537025,30.147393992912672,31.310732540269257,31.31073254013225,1.3700831272375673e-10
4468.5050987497725,30.902655770501557,31.353075235641167,31.35307523547442,1.6674773908358752e-10
4469.533072475457,30.666281332128452,31.396021497469036,31.39602149726627,2.027690800843121e-10
4470.563736930378,30.828570167021553,31.43987091380095,31.439870913554472,2.464754358312929e-10
4471.592184243071,31.350063066672195,31.484614382705228,31.484614382406022,2.9920718302361634e-10
4472.623323524618,31.46634872781061,31.530666085390923,31.530666085027846,3.630770087546882e-10
4473.6522446425,31.069930245072896,31.578004401943918,31.578004401503918,4.400010534472886e-10
4474.683858969425,31.223568118252956,31.627046871646886,31.627046871113876,5.330098941437725e-10
4475.7132541107785,32.891805745483396,31.67774177354859,31.677741772903758,6.448323745581451e-10
4476.742886063131,32.48856019333704,31.73037437494479,31.730374374165343,7.794479821717653e-10
4477.775213085142,32.420928362626455,31.785232932703526,31.78523293176174,9.417841288773379e-10
4478.805319388447,32.723381316835514,31.842195672542083,31.842195671405637,1.1364445916501815e-09
4479.838122003028,32.33335898389607,31.901656530081567,31.901656528710788,1.3707786054866705e-09
4480.868702875818,31.32698381405112,31.963433144868368,31.963433143217088,1.651280345382724e-09
4481.901981302073,31.35135332015676,32.02790046543591,32.02790046344755,1.988358472255335e-09
4482.933036962983,31.103850132310924,32.09480676067238,32.09480675828124,2.391138728298501e-09
4483.964329816894,31.98035815725075,32.16433007688436,32.16433007401131,2.8730527760683093e-09
4484.998322087884,32.88584302064209,32.236647514910274,32.23664751145963,3.450643969314632e-09
4486.030090057923,32.024995917123704,32.311386777311995,32.31138677317299,4.139001439499338e-09
4487.064558688663,30.011516521581374,32.38884794726074,32.38884794229817,4.962573438572959e-09
4488.096801993717,30.7525404146017,32.468578969883836,32.468578963941475,5.942360121144538e-09
4489.131747203664,32.13476016113526,32.55084531568079,32.55084530856824,7.112547141898247e-09
4490.164466062719,31.13327292245225,32.635109343193236,32.63510933469099,8.502248106075649e-09
4491.19742249739,31.41602132587269,32.72138894465586,32.721388934501064,1.0154794307992604e-08
4492.233082703578,32.661246216503855,32.809686299190545,32.80968628706727,1.2123276126492596e-08
4493.266515020789,32.20411316494079,32.89933852256462,32.89933850810976,1.4454861978329764e-08
4494.3026523551425,32.872276568954824,32.99049961274872,32.990499595521406,1.7227316648019328e-08
4495.3365607741325,32.37416606886046,33.0824280166456,33.082427996140204,2.0505397089862114e-08
4496.373175456464,33.34270549477537,33.175224211688416,33.17522418729196,2.439645318549565e-08
4497.4075601965715,33.57631152518645,33.26808042516355,33.268080396174504,2.898904009888906e-08
4498.442182895531,33.36318169230816,33.360823078959776,33.36082304454304,3.441673901265209e-08
4499.479513727465,34.92456378289712,33.45325511427146,33.45325507342909,4.0842366911400497e-08
4500.51461307661,36.18048399804405,33.54449863793581,33.54449858952934,4.840646644927372e-08
4501.5524218063665,35.01162708161997,33.63453294179624,33.634532884450735,5.734550564533639e-08
4502.587998025291,35.68845146873333,33.72246458941904,33.72246452156926,6.784978263432022e-08
4503.626284873038,36.1518153172209,33.80824091975437,33.80824083951282,8.024154587193846e-08
4504.662338181436,35.27656748160678,33.890983577565116,33.89098348278768,9.477743616868494e-08
4505.6986298325355,34.44774622331801,33.97043945057992,33.970439338729044,1.1185087003029305e-07
4506.737633985106,34.06513721088505,34.04634179262623,34.046341660687325,1.3193890290476286e-07
4507.7744030552785,34.93390371491745,34.117912283188886,34.1179121277485,1.5544038886313224e-07
4508.81388587657,35.17328707452351,34.18510402694357,34.18510384390096,1.830426088741332e-07
4509.851132585762,35.085452129056485,34.247250198267906,34.247249982989835,2.1527807331515973e-07
4510.891094296296,35.07255711025051,34.304347566202445,34.30434731313112,2.530713268304447e-07
4511.928818864554,34.939876461145055,34.35587497758638,34.35587468045595,2.971304346510393e-07
4512.966782159986,34.89585752187538,34.40178939094006,34.40178904237803,3.485620291234672e-07
4514.007462332431,35.622858990132336,34.442058650503995,34.44205824180281,4.087011831763911e-07
4515.045903817061,35.565403877197134,34.47643438749634,34.476433908871286,4.7862505272799e-07
4516.087063430368,34.993771476601474,34.505100915015944,34.505100354773425,5.602425216891417e-07
4517.125983324498,34.95691782852766,34.52801085920303,34.52801020423184,6.549711876401934e-07
4518.167622599545,36.03564991271793,34.545432047030125,34.54543128168441,7.653457197251152e-07
4519.207021123577,37.12773298879029,34.55751385632984,34.55751296310585,8.932239937982762e-07
4520.246658759875,35.01391947373333,34.564597052776016,34.56459601119791,1.0415781101115037e-06
4521.289017655784,36.04263732430719,34.56703469534581,34.567033481370146,1.2139756672895217e-06
4522.329134252647,35.891359487597924,34.565224452121335,34.56522303893952,1.4131818168291665e-06
4523.371973362807,34.53220646695257,34.55961006101749,34.559608416755566,1.6442619226939049e-06
4524.4125691408935,35.753923690698855,34.55070696466742,34.55070505386556,1.910801853490765e-06
4525.455888686536,35.921258293587925,34.538987896544235,34.53898567710411,2.2194401275092064e-06
4526.496963866604,34.690469209904506,34.525035565219156,34.52503299041214,2.5748070131866274e-06
4527.538278544649,35.64182947437536,34.50935638622194,34.5093534017007,2.9845212375137427e-06
4528.582318871977,35.554097248117785,34.492431197528866,34.49242773984623,3.457682638578508e-06
4529.6241132832,34.07647891481639,34.474847573454866,34.47484357242572,4.001029144286617e-06
4530.668634599411,34.03205160405549,34.45700165632977,34.45699702893031,4.62739946077781e-06
4531.710908964827,34.56157163412274,34.43941848364107,34.43941313824152,5.345399547408217e-06
4532.755911491513,34.397726979008446,34.422413827022226,34.4224076553867,6.171635527155501e-06
4533.798666032234,34.8708466470473,34.4064118962453,34.406404779194816,7.117050486996572e-06
4534.8441499910905,36.074673190923086,34.391624553564,34.391616350521424,8.20304257459873e-06
4535.887384928334,36.000106560901266,34.37835319409356,34.378343750629384,9.44346417606604e-06
4536.930859860403,34.57794908466378,34.366725292987624,34.366714430821276,1.0862166346299547e-05
4537.977066096238,36.49617770888602,34.356825356075895,34.356812868617794,1.2487458102097898e-05
4539.021021756714,35.98710381219269,34.348748996239,34.34873465734179,1.433889721705851e-05
4540.067709979266,35.226906501857,34.34244634994555,34.3424298937982,1.645614735118171e-05
4541.112146589619,36.19335897407746,34.337888665129604,34.33786980144744,1.8863682165239924e-05
4542.159317020938,36.21405063141543,34.33494939086603,34.33492777892832,2.1611937714475368e-05
4543.2042348027435,33.98549725405497,34.33349707156261,34.33347234016809,2.473139452163081e-05
4544.249392966512,36.07895232286802,34.33334844285158,34.33332016592238,2.827692919851587e-05
4545.2972868399165,35.86251042182158,34.334307057900176,34.33427474453735,3.231336282342648e-05
4546.342926507555,35.65909882829601,34.33615234202259,34.33611545934932,3.68826732649214e-05
4547.39130314517,35.39027764646921,34.33866963492006,34.33862755962938,4.2075290676422866e-05
4548.437424538508,35.46673080245973,34.3416239165725,34.341575973710675,4.7942861827210206e-05
4549.486284162744,35.86320440282203,34.34481097483435,34.3447563759826,5.459885175681901e-05
4550.532887503711,33.72251352974087,34.34800682697282,34.34794472049013,6.210648268692097e-05
4551.579731614402,34.37335246220965,34.35102541460796,34.35095482852213,7.058608583557615e-05
4552.629315847709,34.54957603473611,34.35369638751365,34.35361620838533,8.017912831645778e-05
4553.676642238986,36.6839509291093,34.35584849878177,34.35575752838448,9.097039728828528e-05
4554.72671001525,37.8072431074288,34.35735579357796,34.35725263694864,0.00010315662932226357
4555.774518909299,34.6323526854743,34.35809339232625,34.35797655207041,0.00011684025584206991
4556.825070451291,35.680780097529926,34.357962067356034,34.357829802527895,0.00013226482814044895
4557.873362070401,34.99079261952739,34.356872598183124,34.35672304477186,0.00014955341125929989
4558.921894847618,35.03863972835905,34.35474268472304,34.35457372740158,0.00016895732146377906
4559.973172167551,35.34060664533314,34.35148348187204,34.3512927112199,0.0001907706521412801
4561.022188003322,35.34122045524328,34.34702778207331,34.346812628357,0.00021515371630862387
4562.073949646217,35.46615707809474,34.34126397936199,34.34102146457653,0.00024251478546385288
4563.123448763087,35.58229492378541,34.334118312371714,34.33384526870688,0.00027304366483087367
4564.175694952073,36.649367125029706,34.32543742265878,34.3251301836926,0.00030723896617934675
4565.225677572689,34.372563278039486,34.31512573687108,34.31478041286268,0.00034532400840085124
4566.275901740426,33.95391736051516,34.30300642008526,34.30261862170356,0.00038779838170171946
4567.328874878106,35.487252096230804,34.288861673548304,34.2884264294823,0.00043524406600226864
4568.37958288362,35.01426270621369,34.272555997896035,34.272068055366674,0.00048794252935934206
4569.433041125524,36.02715177714578,34.25378552520086,34.253238823581135,0.0005467016197272036
4570.484233191718,37.42328621854012,34.23239679996786,34.23178495305898,0.0006118469088832241
4571.538176761336,36.29475536053861,34.20803127313291,34.20734692154571,0.0006843515872043612
4572.589853111216,35.0770542073472,34.18053958559772,34.17977499617825,0.0007645894194646351
4573.641771397858,35.301247650687344,34.14960361229374,34.148750107372415,0.0008535049213222357
4574.696443088813,35.61395248306894,34.114879293248705,34.11392709974559,0.0009521935031208064
4575.748845993711,34.78772425848218,34.07629163010082,34.07523052218342,0.001061107917399265
4576.804003571413,35.09303080243672,34.033441362971324,34.032259591339965,0.0011817716313563163
4577.8568913178315,36.64973040028264,33.986350284048086,33.985035590605136,0.0013146934429497346
4578.912535006129,35.41355732681603,33.934659411389624,33.933197727960525,0.0014616834290969473
4579.965907817433,33.37151948569971,33.87853374965065,33.8769104419261,0.0016233077245471144
4581.019522955767,34.31647357898601,33.817834191626474,33.816032928628246,0.001801262998227168
4582.075895939935,33.288878123676405,33.752455139504654,33.75045763103182,0.001997508472830223
4583.129996478265,34.18241498926597,33.68283547937697,33.68062278466455,0.002212694712416385
4584.186856132966,33.890572177789245,33.60885000161438,33.60640044308121,0.0024495585331618126
4585.241442294914,33.392298830167704,33.53114530408478,33.5284365019386,0.0027088021461806897
4586.298788844357,33.52808861436898,33.44972224805135,33.446728615933935,0.0029936321174195563
4587.353860853649,33.73037280193717,33.36542053199415,33.362115737272916,0.0033047947212279396
4588.409175580871,34.197577346719584,33.27857966872875,33.27493448613541,0.0036451825933431128
4589.467252602613,34.053910752896,33.18957976598038,33.18556164407778,0.0040181219026041055
4590.52305351283,33.538082441844615,33.09950518267124,33.095080781452666,0.004424401218572451
4591.581617990155,33.76305504796864,33.00864052043634,33.0037718189775,0.0048687014588360035
4592.63790530735,33.70142101695137,32.91816872336136,32.912816907830255,0.005351815531109049
4593.696957464827,32.27614939492492,32.828440286509725,32.8225611357271,0.005879150782622982
4594.753731413089,32.243143959185666,32.740673063596425,32.73422158613033,0.006451477466091858
4595.810748470808,32.313326232706515,32.65544017610902,32.64836670618064,0.007073469928380007
4596.870532278912,33.12698763888824,32.57332008365246,32.56556960274374,0.007750480908721721
4597.928036303889,32.68821627235122,32.49543914831321,32.48695597043854,0.00848317787467144
4598.98830835389,32.14123898737041,32.42211759774752,32.41283841914131,0.009279178606215072
4600.046299570469,33.304524013018415,32.35432537366826,32.34418635197113,0.010139021697129935
4601.107060087302,32.301784101049414,32.29228601639519,32.281214634416486,0.011071381978705656
4602.1655387199335,31.504931065019093,32.2367548135454,32.22467820611675,0.012076607428650514
4603.224260854184,31.85623827738175,32.18792797639014,32.174766130413,0.01316184597714182
4604.285754201868,32.58344518405761,32.14596262843745,32.131627378694134,0.014335249743317761
4605.344964088905,33.06681923561558,32.11119368157611,32.09559694579761,0.015596735778501222
4606.406946466072,32.85052765536347,32.08346441059521,32.066506318238986,0.016958092356226882
4607.4666443306005,31.58569091176685,32.06280399455162,32.04438516435856,0.01841883019306365
4608.529115962545,33.26849462396678,32.04888765831107,32.028895478570654,0.019992179740416453
4609.589302029378,32.67738565912055,32.041435643581835,32.01975851307207,0.021677130509765847
4610.649731990621,32.6574155415953,32.039959499013825,32.01647549323547,0.023484005778355896
4611.71293763555,33.91973691723365,32.04392039704609,32.018495865448756,0.0254245315973324
4612.773856136374,33.257613903804675,32.052652983575236,32.025156323534866,0.027496660040370668
4613.8375515996395,31.34282261507917,32.06547654469784,32.03575882036987,0.029717724327968393
4614.898958865114,33.141375844251115,32.08154075390896,32.049455969054826,0.03208478485413376
4615.963144372376,33.05299222788483,32.10008378989399,32.06546677928592,0.03461701060807386
4617.025040627674,32.244584533464554,32.12014905068309,32.0828386647144,0.03731038596868807
4618.089716404694,32.20196357758204,32.1409433458692,32.10075732582139,0.04018602004781183
4619.152101875094,32.63468453214774,32.16148323050961,32.118244615244194,0.043238615265419555
4620.214731745874,33.9841794417581,32.18094852138461,32.13446518408325,0.04648333730136217
4621.280143058621,32.03882793554761,32.19854578361453,32.14860846263166,0.049937320982867385
4622.343262482481,32.903871494574055,32.21340583446194,32.15981292118337,0.05359291327857166
4623.409164629715,32.932855849065284,32.22487183120339,32.16739535515666,0.057476476046727135
4624.472773832188,32.13216462208669,32.23224606129092,32.170667595708885,0.06157846558203829
4625.539167040036,33.60310871212033,32.23499975015176,32.16907227234884,0.06592747780291881
4626.603266246764,32.61471691996906,32.23264943041053,32.162137631070955,0.07051179933957914
4627.667610248117,31.58839919141116,32.22484256872597,32.14949211346452,0.07535045526145134
4628.734740178186,32.486746322418924,32.21126936607112,32.13080452189101,0.0804648441801166
4629.799574522315,32.76222170474092,32.191828439357266,32.10598900063059,0.0858394387266704
4630.867196078638,32.63039287346994,32.16636556160156,32.07485694234653,0.09150861925502948
4631.932520991445,33.40282629646317,32.135031111332424,32.03757719133273,0.09745391999969406
4633.000634400511,31.743114363617167,32.097801619790744,31.99408955266557,0.10371206712517014
4634.066450108001,32.935944941388534,32.05506448928049,31.944803160371425,0.11026132890906222
4635.132511004994,33.61215802393832,32.007016665041476,31.889892661008012,0.11712400403346317
4636.20136232469,32.81103086665622,31.95387063245228,31.829545591290156,0.12432504116212376
4637.267914355432,31.995134691332282,31.896271418915287,31.76443423025652,0.13183718865876756
4638.337258094424,32.369423447799704,31.83437191730153,31.69466899256112,0.13970292474041365
4639.404301485181,32.57825911665361,31.76891658388078,31.62102567976045,0.14789090412033148
4640.474137870328,31.434493246147895,31.700050980985818,31.543605182141334,0.1564457988444852
4641.541672847469,32.30771175103871,31.62855704338941,31.463225192072777,0.1653318513166342
4642.609453409629,32.31219381605598,31.554707754534157,31.380134410259704,0.1745733442744516
4643.68002889573,31.55049580312368,31.47872433617074,31.29452707560194,0.18419726056879795
4644.748301383889,32.37176093615137,31.401336571286933,31.207175897884646,0.19416067340228726
4645.819370083608,31.593692988717752,31.32249292837287,31.117979670754853,0.20451325761801928
4646.888134724397,31.194225499201938,31.242835568805223,31.027628576570077,0.21520699223514733
4647.9596968649585,31.148773501693086,31.162194811806767,30.935901473759085,0.2262933380476841
4649.028953885109,31.12221933337668,31.081100679849282,30.8433816232613,0.23771905658798126
4650.098456886433,30.623034039602945,30.99945158735164,30.74994272525864,0.24950886209299902
4651.1707593201945,30.071679914160885,30.91707968897008,30.655389361205224,0.26169032776485673
4652.240755041044,31.159972400869833,30.83434880133118,30.560145407878046,0.2742033934531355
4653.313551484029,30.16525460862431,30.750789584092665,30.46368314855635,0.2871064355363147
4654.3840401514,30.29511674283629,30.66668238977929,30.366343280894306,0.30033910888498494
4655.457330831197,30.688806903157115,30.581479495707267,30.26750814445421,0.31397135125305675
4656.528312672189,30.018518965250053,30.49542867029635,30.167472384824407,0.3279562854719413
4657.599540891146,29.297843497087342,30.40817590597458,30.06581132495579,0.3423645810187924
4658.673573058312,30.635355334043936,30.319388218921237,29.96208155269477,0.3573066662264673
4659.745294791602,31.25864297026067,30.229429994803997,29.85658620230707,0.3728437924969259
4660.819821764879,29.89954757258647,30.13791882226897,29.74864570117367,0.3892731210953017
4661.8920372398625,30.137655710787385,30.045494933996583,29.63862438820579,0.4068705457907902
4662.967059247207,31.187150400482665,29.95213732321136,29.525878778539862,0.4262585446714981
4664.039768691352,29.79987486456685,29.858991316636992,29.410872447871768,0.448118868765225
4665.112724910895,29.244063727573234,29.766865543906118,29.29331235194953,0.47355319195658696
4666.188489601703,29.243214415085333,29.676942308591627,29.172931611634297,0.5040106969573309
4667.261940131667,28.186769893999386,29.59140054146629,29.050385164545197,0.5410153769210919
4668.338200426758,28.482578669099556,29.511858472954664,28.92522405098365,0.5866344219710135
4669.412145494873,29.402737347362972,29.44082274094332,28.798238233647574,0.6425845072957483
4670.488901622571,28.62257743554176,29.379937936383023,28.669076147484734,0.7108617888982882
4671.563341456669,29.255964123790136,29.330968738760564,28.53865634067066,0.7923123980899053
4672.63802846424,29.587408948530143,29.29434122055021,28.40702725973649,0.8873139608137189
4673.715528473426,29.741347463298837,29.269327934974086,28.274269912245877,0.9950580227282092
4674.790710588792,29.1800045210743,29.25381465957999,28.141448910008688,1.1123657495713046
4675.868707001721,28.71847709162398,29.243839265227923,28.008395383254275,1.2354438819736475
4676.944384452978,29.314917433975385,29.23408756193111,27.87622841702671,1.357859144904399
4678.022877498343,29.207032199892808,29.21808581976425,27.744818513749138,1.4732673060151145
4679.099050513692,29.903440881159327,29.189152901388464,27.615298492906014,1.5738544084824517
4680.175471101228,29.67872131503907,29.141018748439553,27.48785656078922,1.653162187650333
4681.254709228039,28.83466003355295,29.068616727976092,27.362691351863536,1.705925376112555
4682.3316257220295,28.0179521259397,28.969539520569736,27.240872524566292,1.7286669960034424
4683.411361053333,28.07640436681055,28.843143034673712,27.122269912406225,1.7208731222674882
4684.488773682242,30.07165987138831,28.692523287815636,27.007870837778633,1.6846524500370017
4685.569006447102,27.951886136836606,28.521816464703026,26.89751498197699,1.6243014827260365
4686.646915439498,28.40924968028429,28.33837904361108,26.792073378302383,1.5463056653086968
4687.725072403441,28.80793299632308,28.14920748039998,26.691579361970565,1.4576281184294144
4688.806051451638,27.687669782009095,27.961195158296505,26.596061496727444,1.3651336615690606
4689.884705121984,27.858632126734392,27.78175755049532,26.506178853104668,1.2755786973906549
4690.966182176715,29.02887449981279,27.615178773598014,26.421658201072404,1.1935205725256117
4692.045332782295,27.261866089328638,27.465693072811394,26.34300824922987,1.1226848235815219
4693.127308072993,27.390014566485377,27.334340085393453,26.2699156568886,1.064424428504854
4694.206955842746,27.28345215539281,27.22199797876425,26.202740931671183,1.0192570470930673
4695.286851984049,26.62128154037896,27.12743505609893,26.141269958544036,0.9861650975548905
4696.369574761916,27.29573336428865,27.048833422934393,26.085303700723273,0.9635297222111194
4697.449968410859,26.406878991442113,26.984526842857985,26.034993982543728,0.9495328603142564
4698.533189998597,26.449307035638586,26.932075297567184,25.989948351253915,0.9421269463132682
4699.614081384381,26.312557703700236,26.88972753242316,25.95019676826873,0.9395307641544314
4700.69780201179,25.82884543035505,26.85551415674796,25.915329407416685,0.9401847493312758
4701.779191363725,25.850905006921323,26.828123412032404,25.885264199764983,0.9428592122674231
4702.863411260713,26.554130736210197,26.806225310650646,25.859583227270107,0.9466420833805379
4703.945298808209,26.214563577883837,26.788966588232242,25.838109762181162,0.9508568260510795
4705.027435242514,25.921235095889926,26.775521567413865,25.82045785859843,0.9550637088154338
4706.112404177366,26.79374458770087,26.76523853471978,25.806258567704816,0.9589799670149642
4707.195039151414,26.5937753403652,26.75762764883397,25.79522219598548,0.9624054528484897
4708.28050793094,26.61810476092569,26.752173945599495,25.786924721759192,0.9652492238403027
4709.363641674407,28.632927022230607,26.748462753067145,25.78102366790286,0.9674390851642847
4710.449610528885,27.078712728184087,26.74605344403364,25.77709629922793,0.9689571448057085
4711.533243271553,26.95654451329466,26.74454744504145,25.774760651402694,0.9697867936387585
4712.6171253025095,26.562987136342144,26.743534696634217,25.773599796910048,0.9699348997241709
4713.703844403128,26.679135003419105,26.74261593506028,25.773206372092755,0.9694095629675239
4714.788225778023,27.066391433743096,26.741405071861557,25.773176185229957,0.9682288866315993
4715.875445529615,26.60707873066241,26.739513983597668,25.773106857835558,0.9664071257621096
4716.960326478494,27.024925442630263,26.7365819643873,25.772605576758814,0.9639763876284888
4718.048047111711,27.2281165656575,26.73223776047213,25.771285877225136,0.9609518832469955
4719.133427864729,28.02368686424296,26.726165177621883,25.768787290351863,0.9573778872700197
4720.219058308164,27.886661944181697,26.71804362893844,25.764762873005246,0.9532807559331913
4721.307530397742,27.171806396105694,26.70755919034732,25.758874324391623,0.9486848659556995
4722.393660990608,27.462867539451963,26.694509856660165,25.75085884648524,0.943651010174925
4723.482634538763,27.098139185503218,26.678616645553408,25.740419524890136,0.9381971206632708
4724.569265511477,26.33852311557223,26.659776142492863,25.727382281136713,0.9323938613561495
4725.658740749229,26.298693115770902,26.637764296086544,25.711503115426552,0.9262611806599939
4726.745872332317,26.177554598322562,26.612596567051977,25.692718053487873,0.9198785135641037
4727.833254008598,25.68730086507793,26.584181054375534,25.670896659649316,0.9132843947262171
4728.923481914888,25.71347171536883,26.552448387981595,25.64593047911525,0.9065179088663459
4730.011364547391,26.528125238793052,26.517608337991664,25.617939150467354,0.8996691875243091
4731.102094721161,26.28263634959109,26.479604550257452,25.586838554211354,0.8927659960460983
4732.190478540677,26.273792476192,26.438782069296494,25.552878363929185,0.8859037053673092
4733.281711213321,26.263986549709273,26.395157329622513,25.516042961088935,0.8791143685335775
4734.370596450747,25.896730301069397,26.349196710879728,25.476699827885067,0.87249688299466
4735.459732184791,25.7089320273804,26.30110209109578,25.434998894210906,0.8661031968848726
4736.551718740105,26.319612759646933,26.25109121162828,25.391102157964244,0.859989053664038
4737.641356238464,26.33401599708924,26.19977729749545,25.345522213417315,0.8542550840781382
4738.733845871467,26.576984507639793,26.147318199501875,25.298371231957752,0.8489469675441227
4739.823985365305,26.200523615694465,26.094385908563304,25.250222000302962,0.844163908260343
4740.916978307763,25.68661440011721,26.041170370289677,25.201212221174593,0.8399581491150858
4742.007620028351,26.473451060552748,25.9883733783244,25.15194812956604,0.8364252487583596
4743.0985126496325,27.171771321253686,25.936318178292737,25.102687861349224,0.8336303169435124
4744.19226069085,25.738201991380837,25.885332498898293,25.05368674527893,0.8316457536193638
4745.283655885845,26.36044239273048,25.836096089085935,25.005538837968246,0.8305572511176893
4746.377907816267,26.91872380144406,25.788796816095356,24.95836097351173,0.8304358425836271
4747.469805816511,26.980838859003143,25.744057443905625,24.91269986801056,0.831357575895067
4748.564561868278,27.622904067776858,25.7020358584263,24.868634088850662,0.8334017695756386
4749.656962905413,25.285428242853015,25.663272334320173,24.826640032458563,0.8366323018616088
4750.749615247971,26.552850504111916,25.627966753761307,24.786841963140553,0.8411247906207526
4751.84512761655,26.52930776237503,25.59631732902936,24.749352076789954,0.8469652522394074
4752.938283343524,25.460541946848082,25.56870641971279,24.714511892873738,0.854194526839053
4754.0343004141305,24.923215256862534,25.54519202247467,24.682278298861014,0.8629137236136535
4755.12795975743,25.070487044403198,25.526037778710606,24.65289263842382,0.8731451402867866
4756.224481762582,25.754987813413095,25.511264332201243,24.62626559374001,0.8849987384612366
4757.318644954223,25.178522599280086,25.501014649591102,24.60253884971614,0.8984757998749613
4758.413059856668,25.22852430616365,25.4952879361565,24.581631210026693,0.913656726129809
4759.510339398647,25.293174774453576,25.494092724070168,24.56345836776009,0.9306343563100749
4760.605258497519,25.23746338273247,25.497409692684542,24.54803559769935,0.9493740949851925
4761.703043555663,25.613791491309485,25.505203896089828,24.53519655261023,0.9700073434795976
4762.798467083244,25.15676867499559,25.51736337128699,24.524890421672943,0.9924729496140474
4763.896757890444,25.05757198282464,25.533852367020327,24.51694200149832,1.0169103655220044
4764.992686079125,24.90369860706682,25.554483772484076,24.511253668392797,1.04323010409128
4766.088866384646,25.575336926776174,25.57917097910503,24.507661539264703,1.071509439840328
4767.187915950657,25.856729937701175,25.607856764415537,24.50601805866733,1.1018387057482055
4768.284601265925,24.954316629207085,25.64026675452923,24.50618329086167,1.1340834636675594
4769.38415716355,27.2730725045451,25.67641332873007,24.508011606687372,1.1684017220426977
4770.481347721223,26.794135421766104,25.715979970364717,24.51135178284769,1.204628187517026
4771.5814101837295,26.141983687693596,25.759009804990054,24.51608186660343,1.2429279383866254
4772.679106216572,25.479732901589443,25.80515605648967,24.522051131185542,1.2831049253041258
4773.777054772944,25.262679695979443,25.85437808623873,24.529149415802657,1.3252286704360723
4774.877877218218,26.549403147228873,25.90666784616224,24.537285969221564,1.3693818769406745
4775.976331598969,27.32195682685756,25.961645079366427,24.54632054158367,1.41532453778276
4777.077661192621,26.01102170633652,26.019444395855487,24.55620279502548,1.4632416008300078
4778.176621630786,25.743460713835418,26.07966798145798,24.566801144499365,1.5128668369586133
4779.278458606459,25.89928575457282,26.142485757845794,24.578089790610345,1.5643959672354495
4780.377925335176,25.911396599901767,26.207486068905368,24.589945416308453,1.6175406525969167
4781.477644994769,26.416419351188214,26.274708761563243,24.602330859554353,1.672377902008889
4782.58024317914,26.822245410303708,26.34421864144353,24.615216971025998,1.7290016704175317
4783.680469479059,27.47338999505428,26.415586123832856,24.62848418185649,1.787101941976368
4784.783575629891,26.860835263551905,26.48905989510449,24.64213982937258,1.846920065731909
4785.884308803545,26.336203164646577,26.56420608170755,24.656063931329943,1.9081421503776061
4786.987923154857,26.54083987264585,26.641308864309106,24.670268091819167,1.9710407724899375
4788.089163435761,26.495442992761586,26.71993887618912,24.68462963041436,2.035309245774759
4789.193286221683,26.23204588626311,26.800422796709388,24.699159850414073,2.1012629462953147
4790.295033843462,27.136636340928252,26.88234553025243,24.713729706890387,2.1686158233620434
4791.397034920836,26.956246377052597,26.965884244111056,24.72830975390719,2.2375744902038655
4792.501920494615,26.60201542524044,27.05125775028313,24.742868860869294,2.3083888894138367
4793.604429263361,26.706039920255595,27.13810392846483,24.757270009981646,2.3808339184831824
4794.709823857401,26.576252946440775,27.22691489729331,24.771509107382094,2.455405789911213
4795.812840551415,26.43811314715498,27.317388152973113,24.785445570305843,2.5319425826672686
4796.91874440022,25.915197210651456,27.410126901061094,24.79907439042716,2.611052510633932
4798.022269253502,25.289526989844777,27.504914050654968,24.81225826707479,2.692655783580178
4799.126047971226,26.336431151184627,27.602252994422773,24.824958137186773,2.777294857236002
4800.232715838344,27.47149595304586,27.70274005172101,24.837131773161037,2.8656082785599706
4801.3370030664,26.795543426539556,27.806325569630555,24.84865240088568,2.9576731687448747
4802.44418077488,28.8639199761671,27.914017185021063,24.859509559449243,3.0545076255718193
4803.548976747538,28.276150638301317,28.025904730492307,24.869592161659078,3.1563125688332296
4804.656664532264,29.238634641551755,28.143223159391525,24.878893466466767,3.264329692924757
4805.761969483904,30.064046123156064,28.266215517716237,24.887320038388445,3.3788954793277903
4806.867528709495,29.326978172372893,28.39606681570466,24.894854326105957,3.501212489598703
4807.975981744973,28.729139846634325,28.534146281211225,24.901478327969958,3.6326679532412673
4809.082050301175,29.225163393034226,28.680952611486074,24.90713493309945,3.7738176783866257
4810.191014000441,29.87533339796829,28.83847708763964,24.911832980716984,3.9266441069226565
4811.297592121903,29.813624206553868,29.00739333862607,24.915542471253247,4.091850867372822
4812.4070667202195,29.831294415926042,29.190073293541523,24.91828334760457,4.27178994593695
4813.514154641697,29.852286714852653,29.387336004343595,24.920052440548396,4.467283563795197
4814.621497247296,29.56464035888399,29.60139947202907,24.92087751901053,4.680521953018538
4815.731738330794,30.756153124358494,29.834726001124185,24.920787474863666,4.9139385262605195
4816.839591088606,30.684437578735587,30.088122988522215,24.91981823383972,5.168304754682494
4817.950343659644,31.4320254797745,30.364694562350856,24.918008542039487,5.4466860203113665
4819.058706804697,30.666346471139324,30.664905645617715,24.91541980135623,5.7494858442614865
4820.169971098919,29.49200535106917,30.9917819990395,24.912100871658005,6.079681127381494
4821.278844866347,31.394365110104506,31.345074585180953,24.90813393141159,6.436940653769363
4822.387973728728,32.68586876261327,31.726488241503738,24.903582838994044,6.8229054025096945
4823.500005744549,32.93025279397699,32.137612358277735,24.898512308394686,7.23910004988305
4824.609645582072,33.217130008548054,32.576683275031954,24.893028734962357,7.683654540069595
4825.722189910514,33.48015131306073,33.04565008200683,24.887192842097704,8.158457239909126
4826.832340958584,33.076963383885534,33.54187346383956,24.881125684386298,8.660747779453262
4827.945397835671,32.3692455681931,34.0671496521281,24.874896374833604,9.192253277294496
4829.056060329803,33.47691691063631,34.61833505549823,24.86863452375475,9.74970053174348
4830.166978330381,34.72584219815429,35.196002726801254,24.862426458913138,10.33357626788812
4831.280804167482,35.181762661976514,35.80099870476785,24.856360676650862,10.94463802811699
4832.392233967456,35.966740355255645,36.42980508718158,24.850572093102627,11.57923299407895
4833.506572943592,36.88836967195681,37.08468790604503,24.84514377542711,12.239544130617926
4834.618514778748,36.95985723104167,37.76157114554115,24.840214485808396,12.92135665973275
4835.733367130322,37.92751477496325,38.46234939440394,24.835871036722303,13.626478357681634
4836.845821236555,39.4991612704576,39.18184417433267,24.832243752623533,14.349600421709136
4837.958531261393,39.58074537622753,39.919245606590025,24.82943122847474,15.089814378115285
4839.074153813391,39.44172118960182,40.673234596479695,24.82753900863375,15.845695587845944
4840.18737646321,39.97127128382795,41.43639675388103,24.826684079703824,16.609712674177203
4841.303512981988,41.03790003872899,42.207886515411985,24.82696911957934,17.380917395832643
4842.417248492954,43.4543193341359,42.97898273172403,24.828496488159033,18.150486243565
4843.533899215297,43.15480515145578,43.747831564652785,24.83137476890796,18.916456795744825
4844.648147823686,44.21213155453506,44.50490106271096,24.835687913231375,19.66921314947958
4845.762652763501,45.11960816845112,45.24593405102662,24.84153481552996,20.404399235496665
4846.880074928681,46.47835281760524,45.96639614437774,24.849024976599644,21.117371167778096
4847.9950933203945,49.65433055997199,46.656605177463526,24.858207211163517,21.79839796630001
4849.113030281436,48.42637502326148,47.31365819308728,24.869203638099176,22.444454554988106
4850.228562361594,50.580031064852626,47.928410002734324,24.88203355953179,23.046376443202536
4851.347014355663,48.65575453400562,48.49800246920998,24.896822228233024,23.601180240976955
4852.463060360922,49.12811758737974,49.01426875645036,24.913554498684313,24.100714257766047
4853.579363111096,52.17895827916925,49.47357344788886,24.932310689976056,24.541262757912804
4854.698587792418,50.377844585800744,49.87220464255321,24.953182716945214,24.919021925607993
4855.815404822742,49.441180684321125,50.204205238988344,24.97610425823732,25.228100980751023
4856.935145130343,51.06592298971544,50.467686476254926,25.00121164443587,25.466474831819053
4858.052476677743,50.935464583019325,50.658581905586985,25.02840605154649,25.6301758540405
4859.1727328491725,52.51352226039137,50.775680645197916,25.057832299004634,25.717848346193282
4860.290579150686,55.095787982823595,50.81704080912116,25.08935881859076,25.7276819905304
4861.4086826112725,53.81409777283727,50.782400600531275,25.123053294972483,25.659347305558793
4862.5297127163785,52.57266347156952,50.67154902867149,25.15900373469419,25.512545293977308
4863.648331286699,52.857731825915614,50.48594037965876,25.197040844907775,25.288899534750982
4864.769877849843,50.50394870015475,50.2264048471836,25.23734233508947,24.98906251209413
4865.889011767209,48.41710524094515,49.89671841674999,25.279711307773695,24.6170071089763
4867.011075026323,48.16833935842703,49.498828107620554,25.32434735806931,24.17448074955124
4868.130724528154,47.66183845266312,49.039457068216336,25.371037886369386,23.66841918184695
4869.250631603881,47.0604650829115,48.524588686756495,25.419890212737233,23.104698474019262
4870.373470045105,46.01295963839436,47.962899942968875,25.471038099340117,22.491861843628758
4871.493893061491,45.910851733506775,47.37178081706364,25.524254271024976,21.847526546038665
4872.617248793852,46.52984270035257,46.76865059240116,25.579816062937347,21.188834529463808
4873.738187988591,46.593959529822655,46.180689413744915,25.637490916756597,20.543198496988314
4874.862061250405,45.37527878612162,45.62843716892502,25.697596119578858,19.930841049346164
4875.9835168613,43.97375784959752,45.12746392211024,25.75989665971959,19.36756726239065
4877.107907890993,42.213065417821326,44.66729772853754,25.82475142086261,18.84254630767493
4878.2298801559555,42.30762220814097,44.215030362008264,25.891924396878352,18.323105965129912
4879.352110529163,41.762326010709955,43.712403799461406,25.961649637260205,17.7507541622012
4880.477278349116,40.35766086423803,43.09621949170875,26.034190195734766,17.062029295973982
4881.600025733325,40.54233747609834,42.32768006234181,26.109294483542648,16.21838557879916
4882.72571191756,40.44462895979115,41.40048502895134,26.18742135827158,15.213063670679759
4883.848976550956,38.89685090108805,40.35885513072389,26.268298984370073,14.090556146353814
4884.975181338282,38.64912473739731,39.26581902628799,26.352411758169133,12.91340726811886
4886.0989634591615,37.84886192468253,38.19824575618792,26.439452411191198,11.758793344996727
4887.223004104642,36.9016129339363,37.20767765262997,26.529698405603867,10.677979247026105
4888.34998693527,37.69191699402745,36.31912088739171,26.62344355458208,9.695677332809629
4889.474545425744,35.9933797053555,35.539268606387466,26.720289134143204,8.818979472244258
4890.602047456827,35.397806212918006,34.851953240535444,26.820718163772888,8.031235076762554
4891.727124030864,35.13385041413398,34.24339398925898,26.924243584632155,7.319150404626829
4892.855145501598,35.02422145883731,33.69561134144017,27.03131156499822,6.664299776441952
4893.980740397878,34.95828574775596,33.20070165609091,27.14132150566125,6.0593801504296545
4895.106594235786,34.63135054684551,32.751000954317085,27.2543900205692,5.496610933747886
4896.235395004886,34.431253526834666,32.34210106147743,27.37060636021704,4.971494701260393
4897.361767523123,33.37657276973539,31.973941641243123,27.489169582011563,4.484772059231561
4898.491088330203,32.74406545813378,31.64335525308704,27.61034068329307,4.03301456979397
4899.617979767724,33.00950442208842,31.35066551428017,27.73316998006431,3.6174955342158586
4900.7478208523635,33.01100011399189,31.093250482669784,27.857807277485684,3.2354432051840996
4901.875231448237,32.202652547889336,30.871189490057592,27.983162100810443,2.8880273892471493
4903.002901403435,33.222073057334576,30.68289478112254,28.108964157431906,2.5739306236906323
4904.133523043529,32.302392900266405,30.527534491778678,28.234889339065774,2.292645152712904
4905.261712515741,32.42690862489378,30.40602692087558,28.35965689509708,2.0463700257785007
4906.392855032687,31.85238755970062,30.31891189758879,28.48312319026799,1.8357887073208026
4907.521564261256,30.992432359561864,30.26888707181856,28.603921612550515,1.6649654592680474
4908.653227895023,32.22841001599585,30.259280450465354,28.72180926983725,1.5374711806281038
4909.782457119397,31.6728619403923,30.29487613225425,28.83538021090343,1.4594959213508183
4910.9119461214705,30.273688513606146,30.38112702785822,28.94406158668379,1.43706544117443
4912.044391569807,30.632271252413833,30.52400876984428,29.047227491279507,1.4767812785647723
4913.174400926929,31.629381650635597,30.727314219050562,29.143531134099533,1.5837830849510295
4914.307368092346,31.457692755404423,30.993921699705737,29.23259412946203,1.7613275702437083
4915.4378980442425,30.28875566789003,31.32028545025014,29.313192704458316,2.0070927457918226
4916.571387167096,30.23738604177817,31.7000163440223,29.3849596812259,2.3150566627963967
4917.702437953605,29.882360895102693,32.11675868103551,29.446859861505697,2.669898819529815
4918.833748936861,29.90773003449056,32.55011016602652,29.498460843433143,3.051649322593374
4919.96802113543,29.97921508822884,32.974042824122535,29.53931876133762,3.4347240627849143
4921.099853313121,29.603578455305698,33.35584875438845,29.568799403876838,3.787049350511608
4922.234648070354,29.053730043153397,33.666071590031784,29.586713525213263,4.0793580648185195
4923.367001682591,29.121427012874847,33.8752402245052,29.592756584088818,4.282483640416378
4924.502319239232,29.245534366010986,33.96309710277392,29.586849689815253,4.376247412958671
4925.635194526241,29.446127444643082,33.917738471922284,29.569039574782607,4.348698897139674
4926.7683304297225,30.788158926815527,33.73931606323785,29.539458616730286,4.199857446507567
4927.904432325259,31.596080584000845,33.43798101944925,29.498244953435226,3.9397360660140257
4929.038090263914,29.58531948948911,33.03579065285945,29.44597048204512,3.5898201708143285
4930.174715561056,28.636647461889993,32.55817940943656,29.382864593195297,3.175314816241266
4931.308895775384,29.425275445124498,32.03769567854328,29.309807947086714,2.7278877314565664
4932.446044715262,29.476587448265207,31.501552416993555,29.22713646014329,2.2744159568502673
4933.580747445878,29.666146980594306,30.978110864145595,29.13600390051726,1.8421069636283347
4934.715711213367,30.094821800446258,30.485970796043127,29.037055876065143,1.4489149199779852
4935.853645757359,29.47187238601674,30.037182343014027,28.930926929249758,1.1062554137642708
4936.989132402118,29.037973918562216,29.64028998683324,28.8190633457873,0.8212266410459386
4938.127591192016,28.557338210807416,29.294132397234673,28.70190916758714,0.5922232296475323
4939.263600954932,29.27309067295619,28.996898937115827,28.58101897846017,0.415879958655657
4940.402584232255,29.792406426435775,28.741134499347975,28.456825038027674,0.2843094613203008
4941.539117354331,29.23574848230084,28.521001466703122,28.330918340450715,0.1900831262524068
4942.675911934359,28.890712152407843,28.329084820700114,28.203987193342396,0.1250976273577176
4943.815682083056,30.093278506957915,28.159759502991275,28.076686009371592,0.08307349361968354
4944.953000383808,29.79460111003283,28.011576208204108,27.950537919006592,0.061038289197515375
4946.093295624073,29.914041002505375,27.88688438480285,27.825816961488158,0.061067423314691595
4947.231137886826,30.021367544302397,27.79814537117777,27.703942520605978,0.09420285057179209
4948.371958460568,29.73684285016242,27.770026200320665,27.58509753864488,0.18492866167578542
4949.510324926712,29.809668264316713,27.843756419370152,27.47055211919515,0.37320430017499995
4950.648953272566,30.00905376590112,28.07332411530256,27.360660980765935,0.7126631345366267
4951.790561986987,30.303386891870392,28.513342109365087,27.255757256382953,1.257584852982133
4952.929714898381,30.5084670462129,29.187475872510312,27.156856290038597,2.030619582471714
4954.071849551395,31.28551531759172,30.06450021397565,27.06393622586083,3.000563988114821
4955.211527269994,32.19497366064622,31.02486360430068,26.977828110792515,4.047035493508166
4956.354188103902,32.369766680280065,31.8865481412112,26.89845556437141,4.988092576839792
4957.494390871486,33.37288239423487,32.43844914363456,26.82646875515753,5.611980388477028
4958.634855941218,34.26235809303125,32.528560754981626,26.761894183343415,5.766666571638211
4959.778306187157,32.46137467768449,32.11530399131362,26.704786555159593,5.410517436154025
4960.919296668605,30.500865824713518,31.292012865944645,26.655551481517218,4.636461384427428
4962.06327370153,29.19997964929269,30.24022669254558,26.614050463700952,3.6261762288446286
4963.204789836754,27.177385802921492,29.17197014570382,26.580546367252857,2.5914237784509617
4964.349293899354,27.053035431167874,28.244458781595796,26.554913865032354,1.68954491656344
4965.49133593052,26.43471589720338,27.544332709055872,26.537282845048374,1.0070498640074985
4966.6363672656,26.295300876512446,27.075025898547853,26.52755436303159,0.5474715355162632
4967.778935434988,26.38490209131271,26.79806372074518,26.525740915962153,0.27232280478302856
4968.921766450682,26.199574089343685,26.655623170409502,26.5317570077272,0.12386616268229925
4970.0675888354635,26.115542259972926,26.597093429772396,26.545573479778863,0.05151994999353401
4971.210946352865,26.73702103596469,26.586875349986137,26.567037443569337,0.01983790641680117
4972.357296617476,26.151887322692634,26.603448621906324,26.596148402310043,0.007300219596280004
4973.501180879142,25.88581200070871,26.63569468456315,26.63264857282014,0.003046111743006811
4974.648059266778,26.665132621428317,26.678807040828914,26.676576604941467,0.0022304358874478095
4975.792470515382,27.552862093664036,26.730771339209035,26.72756893273435,0.0032024064746840946
4976.93714503429,27.533410582879185,26.791430318755395,26.78554410009959,0.005886218655807588
4978.084815747669,27.658079133647448,26.86167649719422,26.85046802245418,0.011208474740039394
4979.230017617586,26.223743167723573,26.942822417654494,26.921811854386576,0.02101056326791796
4980.378217062319,26.851440213906987,27.0381367107283,26.99966475187384,0.03847195885445787
4981.523946526194,28.027612742321253,27.15176909023469,27.08337303975992,0.06839605047477072
4982.672674945868,28.292112201311397,27.29126171088608,27.173021221716436,0.11824048916964246
4983.818932246763,28.84786320998728,27.465982044339306,27.267830883694153,0.19815116064515503
4984.965453242645,29.942163517775843,27.689879225677732,27.367620068736947,0.3222591569407862
4986.114975266166,29.344803713232523,27.981318259865134,27.47221696314233,0.5091012967228024
4987.262024463726,29.765854763465942,28.36016939154089,27.580651001777923,0.779518389762968
4988.412076071499,31.201799161889028,28.852084577463792,27.69292145455111,1.1591631229126813
4989.559653714081,31.7831047055991,29.478767506833275,27.807934292849218,1.6708332139840576
4990.710235150084,31.469174758743804,30.26418330049222,27.925629674595235,2.338553625896987
4991.858341481142,34.18833762856213,31.217949651806112,28.04479965529113,3.173149996514983
4993.006711932553,35.268951228027966,32.34262339523322,28.165036582517573,4.177586812715646
4994.158088252568,35.758167747791795,33.625268276565905,28.28590255239306,5.339365724172844
4995.306987757701,35.75500850576452,35.02328099193863,28.406062224707526,6.617218767231101
4996.45889451624,36.2855557279263,36.48556193571793,28.52529500765009,7.960266928067845
4997.608323318831,37.895561584784225,37.928964814129756,28.64221258524245,9.286752228887305
4998.760760760269,36.589369085323945,39.27139436491997,28.756530902964663,10.51486346195531
4999.910719104164,38.640536409348556,40.41440807577777,28.866851844045627,11.547556231732141
5001.060941994464,40.50489757692669,41.277188662850904,28.972595507527117,12.30459315532379
5002.214175602142,42.355308974792024,41.795101725595856,29.07314263583833,12.721959089757524
5003.364928399584,45.97184189045504,41.92807469378164,29.167174758468118,12.760899935313525
5004.518693301438,50.665202826913635,41.672437155662735,29.25432678675014,12.418110368912597
5005.669976250148,52.616637314600894,41.0589425682104,29.333400152958564,11.725542415251837
5006.824272690946,52.5844937180824,40.14378201533801,29.404020961624553,10.739761053713458
5007.9760860351635,47.78165915781461,39.011179550839465,29.465163588725485,9.54601596211398
5009.128164352527,42.76166115668764,37.749042945129204,29.516378939976807,8.232664005152401
5010.283258243864,38.83366355519616,36.4429070618865,29.55719372477099,6.8857133371155115
5011.435867323163,33.40613084859161,35.17700306816122,29.586932620176142,5.590070447985076
5012.591493365708,31.11967640660612,34.00594941454867,29.60533529897318,4.400614115575484
5013.744633451463,30.121841963225055,32.97504652439707,29.612008796867404,3.3630377275296706
5014.900791890377,30.534860872348702,32.0985812677204,29.60676963937936,2.4918116283410368
5016.054463227223,30.51279628508928,31.382123867553545,29.589522288739246,1.7926015788143006
5017.208399964644,29.309317984387008,30.811504067112335,29.56025707695064,1.2512469901616934
5018.365357140467,28.40166349086434,30.36553542155305,29.518944888668003,0.8465905328850484
5019.519825495995,28.638411225876666,30.02223073147297,29.465964344710173,0.5562663867627982
5020.67731568144,28.45981007945341,29.755590228882614,29.401347709175536,0.3542425197070774
5021.832315899994,27.684625785924144,29.544882208848858,29.325773174274637,0.21910903457422018
5022.9903393406175,27.124921340357673,29.370672076724865,29.239341533339918,0.13133054338494835
5024.145871667224,28.03505111629346,29.21947659662987,29.143009315292318,0.07646728133755269
5025.301669822524,29.881624323210534,29.080394183284845,29.037194907720735,0.043199275564108096
5026.4604932884995,28.557521101107174,28.94593815578681,28.922293691726953,0.023644464059857095
5027.616823919461,28.399128080133497,28.812164240412,28.799590011982097,0.01257422842989993
5028.776181254859,28.22201761492056,28.67575880996655,28.669281070601322,0.006477739365227886
5029.933044606794,28.585137536370098,28.536048069206398,28.532805207825092,0.003242861381306116
5031.0929360575665,29.197892695598227,28.39192970117478,28.390357300121288,0.0015724010534952208
5032.250332375899,28.765344609946,28.24421642566342,28.243475408413502,0.0007410172499180672
5033.4079949517345,28.733812317991067,28.09302838351334,28.09268954205905,0.0003388414542888863
5034.568687718382,26.953753557213474,27.938635865397345,27.938485820133934,0.0001500452634098103
5035.726883628816,27.876562892150048,27.782509083751084,27.782444486252746,6.459749833629079e-05
5036.888111126071,27.760505217549678,27.624673829008813,27.62464689604074,2.693296807284602e-05
5038.046840616813,25.874552973214236,27.466648987281694,27.46663806393549,1.092334620232813e-05
5039.208603091024,26.315654312063202,27.308428810040393,27.30842451640019,4.293640201169217e-06
5040.367866407893,26.102171225318276,27.151474596763453,27.15147295151298,1.6452504744733382e-06
5041.527396411764,25.52534774662547,26.996073758921053,26.99607314369696,6.152240916738972e-07
5042.689961494456,25.281028854272623,26.842479477762556,26.842479252085326,2.256772281528244e-07
5043.85002569325,25.97794361554668,26.691984829789313,26.691984746750485,8.303882574339666e-08
5045.013126369123,26.57775114369082,26.544383706551812,26.544383674881793,3.167001996510481e-08
5046.173725008944,25.774426797465082,26.4008323616634,26.400832348235276,1.342812401610354e-08
5047.337361524747,25.563196017288366,26.261040507833588,26.26104050105365,6.7799371641845916e-09
5048.498494851811,24.4860899030233,26.12601494772324,26.126014943553493,4.1697497164693686e-09
5049.659895296071,25.103595199351904,25.99570094147829,25.99570093851812,2.9601711222028814e-09
5050.824335715043,25.811064985733708,25.870036363158302,25.870036360891937,2.266366034290761e-09
5051.986271215937,25.54889800440208,25.74980585841371,25.749805856619798,1.793911351469551e-09
5053.151248092058,25.536546645802222,25.634573679979898,25.63457367854343,1.4364675082142053e-09
5054.313718896087,25.455696606577874,25.524982702743003,25.524982701587817,1.1551878383247987e-09
5055.479232476502,26.214839166006755,25.420566383411845,25.42056638248276,9.290849902647238e-10
5056.64223883028,25.486600056543242,25.321840943208425,25.321840942461172,7.472544384990607e-10
5057.808289362249,24.729754899920863,25.228323480408342,25.228323479808175,6.001671291936886e-10
5058.971831512502,25.211079577982957,25.14042048081522,25.14042048033342,4.817969328768414e-10
5060.135641334096,25.691139056026202,25.057838381146492,25.057838380760124,3.863668219018256e-10
5061.302497436968,25.122723520428963,24.98031675485505,24.980316754545704,3.0934528676014114e-10
5062.466843425196,26.121364685406206,24.908127233113046,24.9081272328655,2.4754442021491667e-10
5063.634237098121,24.277800399722082,24.84081317012333,24.840813169925557,1.9777264741075343e-10
5064.799119499995,23.4060274798033,24.778574109153432,24.778574108995507,1.5792352868855525e-10
5065.967050990631,24.63960250887476,24.72098431140964,24.72098431128374,1.2590080227086048e-10
5067.132470053273,24.049305276317856,24.668186656321264,24.668186656220946,1.0031822736103784e-10
5068.298157219041,23.946703818155587,24.619905229467378,24.61990522938753,7.984856524047997e-11
5069.466895580047,24.09312378786177,24.575906173871736,24.575906173808285,6.345298984730129e-11
5070.63311977734,23.864799028024436,24.536268960171792,24.536268960121394,5.039762603756626e-11
5071.802396575555,23.47240413188132,24.5006779329997,24.500677932959736,3.9963503697293536e-11
5072.969158051781,23.84362884949121,24.469180356267927,24.469180356236254,3.167322365724827e-11
5074.138973535263,24.976488946369102,24.441505294339784,24.441505294314723,2.5061914750382155e-11
5075.306272537949,24.21307978172814,24.417669518804676,24.417669518784855,1.982045776190838e-11
5076.473840076236,23.56810837093093,24.397498423919828,24.39749842390417,1.565845927524342e-11
5077.644463731652,23.828807219171384,24.380854924574102,24.380854924561753,1.2350209323970672e-11
5078.812569167751,23.936760097611398,24.3677196562682,24.367719656258465,9.735995996350816e-12
5079.98373212893,23.6846846522717,24.357939217906857,24.357939217899194,7.662565177726506e-12
5081.152375710648,23.732198550009286,24.351475179648535,24.351475179642506,6.027690867051889e-12
5082.324078226049,23.161087261500597,24.34821495931358,24.348214959308848,4.7338366734510074e-12
5083.493260201312,23.919197618141823,24.348093283202765,24.34809328319905,3.715872302640264e-12
5084.662711145353,24.369633878317984,24.351020982150004,24.35102098214709,2.9136957899857294e-12
5085.835223136351,24.413074082529533,24.356940622344098,24.356940622341817,2.2809187518050422e-12
5087.0052128458865,24.18871278096907,24.36574620902305,24.365746209021268,1.7846948180734346e-12
5088.178265012603,23.829623962153846,24.377402592253887,24.377402592252494,1.3941133160879124e-12
5089.348793735843,24.841563506735156,24.391779523273026,24.39177952327194,1.0884862415646102e-12
5090.522386327137,23.76777697667797,24.408869883052905,24.408869883052056,8.484486448579737e-13
5091.693454312404,23.742928949377074,24.428513944697414,24.428513944696753,6.610299702781147e-13
5092.8647917003245,24.289512894946085,24.450666629972595,24.45066662997208,5.144612336296539e-13
5094.039195072984,24.245426311318965,24.47530350859338,24.47530350859298,3.9972248782551037e-13
5095.2110720954815,24.086359352117427,24.502217847675897,24.50221784767559,3.10427943409089e-13
5096.386016515217,23.952323310516533,24.53144409117285,24.53144409117261,2.4067735956198455e-13
5097.558433420904,23.17513724507626,24.56274440063912,24.562744400638934,1.8651260405737482e-13
5098.733919136978,24.20626523905236,24.59616569650107,24.596165696500925,1.4429494595638065e-13
5099.9068761745775,24.300614085606526,24.63144451607804,24.63144451607793,1.1158216630311385e-13
5101.080103049403,23.366317736637427,24.668552630615203,24.668552630615117,8.619347141570994e-14
5102.256400854714,24.326699754113974,24.707478199214044,24.707478199213977,6.64692252650283e-14
5103.430168234604,23.594998255687987,24.74792801170851,24.74792801170846,5.123549327022226e-14
5104.607007959756,23.416993381748853,24.789986020503353,24.789986020503314,3.9426268034013605e-14
5105.781316093721,24.486550886792543,24.833342267562987,24.833342267562955,3.032541105878738e-14
5106.958697988377,24.604317207755006,24.87809265588125,24.878092655881225,2.3285734873195e-14
5108.133547125543,24.27349621431142,24.923913859662964,24.923913859662946,1.787235145572427e-14
5109.30866653521,25.526006652773905,24.970802526817224,24.97080252681721,1.370280124577998e-14
5110.486861829087,24.431946858256257,25.018769667188632,25.01876966718862,1.0488078300237473e-14
5111.6625226157075,24.499250488565906,25.067486395233313,25.067486395233306,8.024062536896885e-15
5112.841260703598,24.794866351980037,25.117089279701368,25.11708927970136,6.128431989785827e-15
5114.017463116587,25.16017093564034,25.167253772343688,25.167253772343685,4.678627574867404e-15
5115.196744248556,25.319360656823903,25.21813900778888,25.218139007788878,3.565677379200629e-15
5116.373488537438,24.815610621596026,25.269433344579536,25.269433344579532,2.716325887189442e-15
5117.550503534797,25.049913138354103,25.321201121476694,25.32120112147669,2.0670815651166463e-15
5118.730599378083,24.725641120849676,25.37352332218418,25.37352332218418,1.570306737600584e-15
5119.908156625694,25.278380702946038,25.426120510768317,25.426120510768317,1.1924246816775304e-15
5121.088796138575,25.19215920067137,25.479227806873702,25.479227806873702,9.039123927758655e-16
5122.266895886251,24.222720355337117,25.532590385239516,25.532590385239516,6.849257987246349e-16
5123.448079319197,24.527756321861887,25.58647805125785,25.58647805125785,5.180926275679872e-16
5124.626721816869,25.696873794329466,25.64066635082871,25.64066635082871,3.9173765385661185e-16
5125.805635459698,25.269333896474624,25.69533134765567,25.69533134765567,2.958824036742422e-16
5126.987634918173,24.774886213068502,25.750671597372367,25.750671597372367,2.2309320165521256e-16
5128.167091685959,25.31551996052906,25.80650600943205,25.80650600943205,1.6814380762323147e-16
5129.349635691025,25.999073708534752,25.86319856929022,25.86319856929022,1.2650758914335713e-16
5130.529635833984,25.61057963700421,25.920589162964596,25.920589162964596,9.514409566524326e-17
5131.712724636512,25.950773131973563,25.979069751037507,25.979069751037507,7.143088778274527e-17
5132.893268404978,26.10022958172499,26.038485341939456,26.038485341939456,5.36070652737908e-17
5134.074083755986,25.809459058581073,26.099100260888235,26.099100260888235,4.018777216350927e-17
5135.257989900377,26.087988458374298,26.1611895359369,26.1611895359369,3.00747099289278e-17
5136.439349252458,26.60699354887896,26.224579387560034,26.224579387560034,2.249800804823699e-17
5137.623800821847,26.276981782378133,26.289683902119915,26.289683902119915,1.680041799881011e-17
5138.805704425622,26.91095472172435,26.356290191350425,26.356290191350425,1.2541036424622243e-17
5139.990701671288,26.968763088526202,26.424794031462383,26.424794031462383,9.344970876922752e-18
5141.173149777493,27.323803267281107,26.494921539026414,26.494921539026414,6.960845841121244e-18
5142.35586990433,27.25201256126104,26.56686046202331,26.56686046202331,5.179430307465725e-18
5143.541685810314,26.701136957014228,26.640783763310147,26.640783763310147,3.847067684958454e-18
5144.724950815754,26.830695944290994,26.716297444287747,26.716297444287747,2.8564098812825056e-18
5145.911313026564,27.052787401857245,26.793683685883252,26.793683685883252,2.117078023579169e-18
5147.09512316163,27.007302834842964,26.87245255315022,26.87245255315022,1.5685497031783018e-18
5148.2820319289485,27.681494102709166,26.952815726146973,26.952815726146973,1.1600671414121712e-18
5149.466387444782,27.132369735716168,27.034187074443764,27.034187074443764,8.576602219453825e-19
5150.653843020407,26.14401552376347,27.116707839100066,27.116707839100066,6.329488461552334e-19
5151.838744168266,27.51326008040076,27.199701008758947,27.199701008758947,4.669511790667936e-19
5153.023917901077,27.595119774293607,27.283042999232368,27.283042999232368,3.441202698010175e-19
5154.2121938353675,28.56511731191341,27.36657749362184,27.36657749362184,2.531435753438629e-19
5155.397913577155,28.50434762546348,27.449523662252886,27.449523662252886,1.8615573038241432e-19
5156.586736949605,27.94077241944331,27.53186859573256,27.53186859573256,1.366474614648367e-19
5157.773002951915,28.055953222743486,27.612794101673316,27.612794101673316,1.0027248764230851e-19
5158.96237401473,28.5981202423061,27.69224816295877,27.69224816295877,7.34472351085406e-20
5160.1491865292255,28.47979773440466,27.769408700172626,27.769408700172626,5.378069303277657e-20
5161.33627206838,28.683146694265933,27.844026350425736,27.844026350425736,3.93380883752106e-20
5162.526464813183,28.30752759876879,27.915835916517047,27.915835916517047,2.8721705471508067e-20
5163.714097242083,28.042116193626445,27.984077421505972,27.984077421505972,2.0963693581212472e-20
5164.904838308119,28.154200388563652,28.048678015068162,28.048678015068162,1.5273313968285136e-20
5166.093017878716,27.942363314516513,28.108956749537356,28.108956749537356,1.1124015356158303e-20
5167.2843075185965,28.060863702024562,28.164860385280107,28.164860385280107,8.087151139879332e-21
5168.473034482958,28.27479775115245,28.215820257046133,28.215820257046133,5.877526303081927e-21
5169.662034912396,27.85346610210297,28.261710332443783,28.261710332443783,4.267067545476799e-21
5170.854147559722,28.212552415571622,28.302402393028316,28.302402393028316,3.092194533489199e-21
5172.043695761094,29.33821465174822,28.33752698294864,28.33752698294864,2.2401260981872628e-21
5173.236357614151,29.338650582051745,28.3671181454693,28.3671181454693,1.619862903919099e-21
5174.426453839816,28.911869804208212,28.390952539166847,28.390952539166847,1.1709939168994434e-21
5175.619665151623,28.905666566095988,28.40910592740985,28.40910592740985,8.44945965735769e-22
5176.810309654054,28.266106703894252,28.421497324358164,28.421497324358164,6.095032662979212e-22
5178.001228062689,28.286019198448344,28.42822943491506,28.42822943491506,4.391966839907825e-22
5179.195263709536,28.79705227616097,28.429390950712165,28.429390950712165,3.1589056944151564e-22
5180.386730773717,28.121979126301426,28.425108985685306,28.425108985685306,2.2713831375779417e-22
5181.581316512222,28.473283833317513,28.41553795120326,28.41553795120326,1.6301835604816804e-22
5182.773332484714,29.00563741035768,28.40093173870735,28.40093173870735,1.1696635795574843e-22
5183.968468568302,28.7616517290989,28.38146421843799,28.38146421843799,8.376750548169189e-23
5185.161033701987,28.921422690687166,28.357505321363014,28.357505321363014,5.997506982620693e-23
5186.353873183715,29.14706171899934,28.329317516203503,28.329317516203503,4.289452434503316e-23
5187.549834932081,28.079205344278027,28.297149150192812,28.297149150192812,3.0621029110141454e-23
5188.743223954391,28.537924280221148,28.26151203930575,28.26151203930575,2.1853529965948243e-23
5189.939736681767,28.19744517574259,28.222616810853708,28.222616810853708,1.5567111193280843e-23
5191.133675497835,27.856026566299537,28.181045418157538,28.181045418157538,1.1086145252558709e-23
5192.330739458057,27.88426933820546,28.137016100084924,28.137016100084924,7.880168386390211e-24
5193.525228321171,27.792556116245013,28.091168367494216,28.091168367494216,5.5998804589881024e-24
5194.719991974879,27.52023747060372,28.043840096025793,28.043840096025793,3.975190347228734e-24
5195.91788293176,28.463365166239043,27.995364499605202,27.995364499605202,2.8165416185882734e-24
5197.113197012517,27.806941816261315,27.94642885765689,27.94642885765689,1.995106425815081e-24
5198.311639837193,27.59376939249131,27.897257159355693,27.897257159355693,1.4105640620354418e-24
5199.50750459858,27.648275712511293,27.84853426064805,27.84853426064805,9.970419484041285e-25
5200.706499545297,27.560741408632907,27.800471162470814,27.800471162470814,7.03410232554795e-25
5201.902915241013,27.914288400830912,27.753723736167238,27.753723736167238,4.96135175395191e-25
5203.099606170587,27.982704405018524,27.708584943924365,27.708584943924365,3.4956445937120898e-25
5204.299429447994,27.667173541703733,27.66534120025901,27.66534120025901,2.458248781427489e-25
5205.496671692513,27.45682714886692,27.624554372376615,27.624554372376615,1.7283186083245364e-25
5206.697047727934,27.699555146146565,27.58635381069321,27.58635381069321,1.2128046993491687e-25
5207.894841541387,27.773878757550904,27.55120503419615,27.55120503419615,8.508628574442501e-26
5209.095770589478,27.165981465325842,27.519177741444466,27.519177741444466,5.957926410269564e-26
5210.294116225973,27.804947560390023,27.490616896123576,27.490616896123576,4.170945844082066e-26
5211.492737540307,27.915500988571754,27.465583266616054,27.465583266616054,2.91682169642745e-26
5212.69449625527,27.85140921256738,27.44411818640629,27.44411818640629,2.0358639918605618e-26
5213.8936697738745,27.968882407980914,27.426364103625694,27.426364103625694,1.4206752461444822e-26
5215.095982138508,28.057115703552885,27.41222231571691,27.41222231571691,9.894690091033492e-27
5216.295708115784,27.878998089018012,27.401695780231698,27.401695780231698,6.889996004481571e-27
5217.498574385154,28.00046981756043,27.39462562397031,27.39462562397031,4.788448893692338e-27
5218.698853075619,27.877592589591135,27.390892347192064,27.390892347192064,3.327226388671228e-27
5219.89940788862,27.043753122118687,27.390286265613923,27.390286265613923,2.3094350966776378e-27
5221.103105163197,26.659370324312764,27.392597374063413,27.392597374063413,1.5998709719958315e-27
5222.304213071231,27.120336556130955,27.39756964095526,27.39756964095526,1.1081003443379148e-27
5223.508464888573,27.285250994231493,27.404968642957904,27.404968642957904,7.659965093516364e-28
5224.710126146451,26.782377830303805,27.41449505374401,27.41449505374401,5.294093938948238e-28
5225.914932762034,26.545427162219145,27.425929560445056,27.425929560445056,3.651807258736444e-28
5227.117147624684,27.23281158513339,27.43896392551454,27.43896392551454,2.5185085040456396e-28
5228.319639055282,28.51980060311945,27.45338695858188,27.45338695858188,1.7350616483273101e-28
5229.52527801657,28.35246850557695,27.469028732801686,27.469028732801686,1.192983467368891e-28
5230.7283234344,25.949520458687573,27.485635247323934,27.485635247323934,8.201185501619882e-29
5231.934517832987,26.971158199849015,27.50314144526702,27.50314144526702,5.62684113564136e-29
5233.138117493271,27.865283821882997,27.521364876278376,27.521364876278376,3.859913615548294e-29
5234.344867585044,26.862040335253027,27.540331259682638,27.540331259682638,2.6426162876853275e-29
5235.549021743122,26.425436093500764,27.559930310126717,27.559930310126717,1.8089133355278838e-29
5236.75632778409,27.451292838289422,27.580285812913335,27.580285812913335,1.2357846207984295e-29
5237.9610366954175,27.758495929598954,27.60136794620789,27.60136794620789,8.441063369388441e-30
5239.166022748446,27.465666011572868,27.62332072842755,27.62332072842755,5.759535369877688e-30
5240.374162861858,27.74279742797893,27.64632425963771,27.64632425963771,3.922074022034849e-30
5241.57970405139,27.711480595829187,27.670415252351646,27.670415252351646,2.6704029334385826e-30
5242.788400754379,27.646113598419674,27.695872821754996,27.695872821754996,1.8145696231514334e-30
5243.994497336166,28.092724194380427,27.72274201209221,27.72274201209221,1.2328361717733355e-30
5245.203750885153,28.60845479691551,27.751313356083266,27.751313356083266,8.359315401616224e-31
5246.410403115064,28.09792028317071,27.781596482156374,27.781596482156374,5.6672603608166075e-31
5247.617332933734,28.570561430014326,27.813777522960386,27.813777522960386,3.83805799668153e-31
5248.827421900608,28.171447194365157,27.848028640961722,27.848028640961722,2.594061015930542e-31
5250.034907751274,28.280196773015064,27.884227957060382,27.884227957060382,1.7530297099277001e-31
5251.245554205561,28.750046963777493,27.922540690900192,27.922540690900192,1.1822965821945561e-31
5252.453596344386,27.656240209263615,27.962722129964114,27.962722129964114,7.972715097229071e-32
5253.6648005429215,28.60594945034353,28.004838703247707,28.004838703247707,5.365521089592225e-32
5254.873399226187,29.508718518050845,28.048508650621685,28.048508650621685,3.6104591745735886e-32
5256.08227594599,28.93500667980044,28.093588382904358,28.093588382904358,2.4268832564959302e-32
5257.294316910027,28.466915242331538,28.139885503664722,28.139885503664722,1.628012957691309e-32
5258.503750558763,28.545853702121466,28.186823505431533,28.186823505431533,1.0919808582436286e-32
5259.716349909498,27.983082712350896,28.23421613605273,28.23421613605273,7.309581301282711e-33
5260.926340743741,28.421443202050117,28.281386627474035,28.281386627474035,4.8923823498525376e-33
5262.139498738423,27.74402254245263,28.328077734570662,28.328077734570662,3.267882026605667e-33
5263.35004701487,27.991548278417614,28.373563652292212,28.373563652292212,2.1825539160440427e-33
5264.560873776358,27.6310188853235,28.41744661205805,28.41744661205805,1.4561278447746994e-33
5265.774869886329,26.909829821113533,28.459315098132173,28.459315098132173,9.69502194168849e-34
5266.986254475132,28.190104510286687,28.498475050505252,28.498475050505252,6.454372758431426e-34
5268.200809872535,27.681243568051972,28.53464575213529,28.53464575213529,4.28816844531064e-34
5269.412752545643,27.614526188840163,28.567225753085705,28.567225753085705,2.848707148641786e-34
5270.627867488142,27.94225307926735,28.59599820077529,28.59599820077529,1.8885744163689217e-34
5271.840368502666,28.294016264706105,28.620517826283542,28.620517826283542,1.2519321499173681e-34
5273.053148451455,28.485765469939114,28.640619054119043,28.640619054119043,8.290169249212989e-35
5274.269102861209,28.424815398535998,28.656178938690044,28.656178938690044,5.478390737478944e-35
5275.482441537145,28.203112269688404,28.667046688161722,28.667046688161722,3.6199813288348416e-35
5276.69895613652,28.262143245617384,28.673280768261357,28.673280768261357,2.3870660796957796e-35
5277.912853797009,27.930415316714743,28.674948086495068,28.674948086495068,1.5739411468437202e-35
5279.129928844082,27.87344874636108,28.67223088894039,28.67223088894039,1.0356549938629392e-35
5280.344385746648,28.348169330859434,28.665396514433084,28.665396514433084,6.814121495081846e-36
5281.559122033428,28.69098091299651,28.65477255064272,28.65477255064272,4.478582268621651e-36
5282.777037901904,29.13366813622554,28.640709577189824,28.640709577189824,2.937449989628129e-36
5283.992333817116,27.67124222453663,28.623719852734972,28.623719852734972,1.9265127451428845e-36
5285.2108107788545,27.795096537669,28.60420941733483,28.60420941733483,1.2608700104011701e-36
5286.426666580318,28.321362122539256,28.582782314586055,28.582782314586055,8.251681217001347e-37
5287.6457048938155,28.355484942849614,28.559863433861782,28.559863433861782,5.38901477230398e-37
5288.862120839471,29.215798407548167,28.53608291208153,28.53608291208153,3.5192670396898265e-37
5290.0788166200155,28.671399124189918,28.511893581212497,28.511893581212497,2.295783787257227e-37
5291.298697111246,28.571095068834158,28.487713625655246,28.487713625655246,1.494518266378558e-37
5292.51595342296,28.496678759606652,28.464090508227414,28.464090508227414,9.728608155903333e-38
5293.736395912554,28.292162308242837,28.44129418276385,28.44129418276385,6.319598072163271e-38
5294.954213013673,27.82192378876175,28.419744567498654,28.419744567498654,4.1049669359156637e-38
5296.175217760545,27.272857044739908,28.399579359462827,28.399579359462827,2.6608286830281096e-38
5297.393595909425,28.293106823900477,28.38105740111355,28.38105740111355,1.7246772726606322e-38
5298.612254344599,28.059445675864822,28.364199381725,28.364199381725,1.1166952834399712e-38
5299.83410262772,28.499787894702482,28.348958950437805,28.348958950437805,7.215147975480317e-39
5301.053322498257,28.257631116441246,28.335310127424496,28.335310127424496,4.66168372690521e-39
5302.275733686304,27.66527949969532,28.323000272208866,28.323000272208866,3.0055355526179354e-39
5303.495515250856,28.838177540140013,28.311828953006604,28.311828953006604,1.9377161279386994e-39
5304.718489603159,27.43592754776347,28.301410066045797,28.301410066045797,1.2466304246309282e-39
5305.9388331205,28.39642481118233,28.291397804308374,28.291397804308374,8.020043570413927e-40
5307.159457376264,29.21805321946295,28.28132469705097,28.28132469705097,5.154085848205887e-40
5308.383276625527,28.76211521821472,28.27068056563008,28.27068056563008,3.3052363963890277e-40
5309.6044632223075,28.11793549693425,28.259007655970272,28.259007655970272,2.119571973181231e-40
5310.8288462845185,28.600745845513533,28.245728995478053,28.245728995478053,1.356336816048392e-40
5312.050595481384,29.35511070902965,28.23038891640814,28.23038891640814,8.679284282977432e-41
5313.275542616293,27.948777001740783,28.21240945315993,28.21240945315993,5.542067349526773e-41
5314.497854672434,28.43486935432935,28.191396492025547,28.191396492025547,3.5388233480298194e-41
5315.720447919858,28.924809919252485,28.166871571909997,28.166871571909997,2.2572615464157168e-41
5316.946241314633,28.15088330970235,28.13837440967241,28.13837440967241,1.436723116159306e-41
5318.169397810187,28.321334563726964,28.105709524949233,28.105709524949233,9.144643937428951e-42
5319.395755927398,27.72776033785391,28.068462852092342,28.068462852092342,5.807998558853806e-42
5320.619475930568,27.876184584817683,28.0266253679929,28.0266253679929,3.6888495437865974e-42
5321.846399030383,27.252789218698357,27.979884767405732,27.979884767405732,2.3378634728880403e-42
5323.070682800779,26.8106406449823,27.928435734070387,27.928435734070387,1.4816796262819304e-42
5324.295248216047,27.391024221153884,27.872220418581403,27.872220418581403,9.380487031534217e-43
5325.523018940832,27.651758144246344,27.81121465455403,27.81121465455403,5.925935243169226e-43
5326.748148512807,26.463098968517333,27.74591364429292,27.74591364429292,3.743679842170318e-43
5327.976484870983,27.29367647475306,27.676274036254384,27.676274036254384,2.3599278122365718e-43
5329.202178859571,27.09950209403837,27.6029575613518,27.6029575613518,1.4876858753351843e-43
5330.431081111724,26.619728225504332,27.525999302105237,27.525999302105237,9.35792932437244e-44
5331.657339776952,27.231215679367043,27.446189142444066,27.446189142444066,5.886579361769759e-44
5332.88680818379,27.700033667341813,27.36360574272988,27.36360574272988,3.6948773635824363e-44
5334.113631785803,26.656378940505817,27.27912060077802,27.27912060077802,2.3192843234815337e-44
5335.3407376169735,26.733656355518523,27.19302739606742,27.19302739606742,1.4542660694353122e-44
5336.571055407218,26.4428056612843,27.105605140015925,27.105605140015925,9.098801852741682e-45
5337.798726565464,26.056511284043953,27.017745699221482,27.017745699221482,5.693047518524473e-45
5339.029611162531,26.097448647030095,26.92948810852711,26.92948810852711,3.5542964733291185e-45
5340.257847908298,26.18458209545696,26.84168032582668,26.84168032582668,2.219141413469931e-45
5341.489299573315,26.670980100327313,26.754290501198028,26.754290501198028,1.3824910672756466e-45
5342.718102167169,25.472823155743924,26.66807701267316,26.66807701267316,8.613197473975957e-46
5343.947187445442,26.027025860238325,26.583124133322855,26.583124133322855,5.360464450028515e-46
5345.179489864009,26.81963483917571,26.4994738447819,26.4994738447819,3.3287654663839405e-46
5346.409141381289,26.251281937242766,26.417706110185925,26.417706110185925,2.067245898349593e-46
5347.642011520995,25.95510487619652,26.33755294624673,26.33755294624673,1.2809785426848807e-46
5348.872229538146,26.319046551321666,26.259464294522886,26.259464294522886,7.938207408885506e-47
5350.105667660541,25.82782575430025,26.183079813179667,26.183079813179667,4.908430353300898e-47
5351.33645243855,25.970948687917712,26.108723505959368,26.108723505959368,3.0352755988577658e-47
5352.567520356978,25.98638663349425,26.0361292059644,26.0361292059644,1.8749755625797281e-47
5353.801810605275,25.48462083275138,25.96500468878824,25.96500468878824,1.15568918686266e-47
5355.03344567611,25.748283505986482,25.895528874019345,25.895528874019345,7.124426188451193e-48
5356.268304561339,26.3045230572439,25.827185615193613,25.827185615193613,4.382792051558094e-48
5357.500507045867,25.834221904098513,25.760097372608676,25.760097372608676,2.697217570133192e-48
5358.73593483,25.220629959115342,25.693733423610908,25.693733423610908,1.6572312416066942e-48
5359.968704989628,25.38679707050187,25.62820016527926,25.62820016527926,1.0196862047272491e-48
5361.201758746412,25.760006022596773,25.563137981626095,25.563137981626095,6.285131757895172e-49
5362.438040031012,25.19897123800058,25.498209202819787,25.498209202819787,3.8887251725522594e-49
5363.671661855077,25.090873049459393,25.43356097357426,25.43356097357426,2.436588606776943e-49
5364.908512693878,24.562999032089923,25.368754749197954,25.368754749197954,1.5628887592287533e-49
5366.1427028469325,24.504258676363293,25.304005342555172,25.304005342555172,1.0529728735923914e-49
5367.380123502329,24.725726302633124,25.238947667553614,25.238947667553614,7.711864563897743e-50
5368.614882246203,24.52414862279824,25.173882514208742,25.173882514208742,6.395439935032249e-50
5369.849925044701,24.004138888318213,25.108690031759252,25.108690031759252,6.114547999418701e-50
5371.088200577348,24.437330848039437,25.04329494516398,25.04329494516398,6.628508761498858e-50
5372.32381235948,24.505589015393014,24.978139801739047,24.978139801739047,7.834817561249078e-50
5373.562658365078,24.83107612598485,24.91308788590794,24.91308788590794,9.741724441369554e-50
5374.798839392972,24.582763711196264,24.848665612800076,24.848665612800076,1.2424671723479635e-49
5376.038256134338,24.395168370579597,24.784822607281,24.784822607281,1.605674523681414e-49
5377.275006670245,25.554788074192803,24.722148378943643,24.722148378943643,2.085903739939059e-49
5378.512041718986,23.956176533544237,24.66080134971654,24.66080134971654,2.716719656421164e-49
5379.7523147166075,24.675809777533004,24.60097243736817,24.60097243736817,3.54419447323444e-49
5380.98991966681,24.96240889863458,24.54329055977533,24.54329055977533,4.622215938412815e-49
5382.230764057614,24.41456225839329,24.487832697851236,24.487832697851236,6.031811108979853e-49
5383.468939171831,24.07613753810375,24.435210685368048,24.435210685368048,7.864883248269571e-49
5384.7103552190565,24.110290422572977,24.385512657357072,24.385512657357072,1.0258945404248143e-48
5385.949100759961,24.417864305175158,24.339294050004185,24.339294050004185,1.336949735496742e-48
5387.18813127265,24.360025874214443,24.296723455413964,24.296723455413964,1.7417974684603682e-48
5388.430404957359,23.793727356470527,24.257973391956405,24.257973391956405,2.269975068432907e-48
5389.670006290818,23.4236325501646,24.223446463231024,24.223446463231024,2.955535845392691e-48
5390.912852290425,23.6310652249382,24.193151616565018,24.193151616565018,3.849368792778014e-48
5392.15302470763,23.785231726244945,24.16735893254677,24.16735893254677,5.008806030202163e-48
5393.3964432858,23.22226281409519,24.146013085044856,24.146013085044856,6.519525196532716e-48
5394.63718704985,24.17439723065678,24.12922853169117,24.12922853169117,8.477924994334726e-48
5395.878216245372,23.37107789512419,24.11690396372962,24.11690396372962,1.1021170657841627e-47
5397.122493844484,22.707434136326015,24.108913267505372,24.108913267505372,1.433183733112333e-47
5398.3640947815675,23.652400756345173,24.105122455306322,24.105122455306322,1.861953292274853e-47
5399.608945618778,24.01554573126043,24.105277780759735,24.105277780759735,2.419752926466683e-47
5400.851118560827,24.09435140768204,24.109081004202203,24.109081004202203,3.1417142198474886e-47
5402.096542900228,24.29169505181028,24.1162005063483,24.1162005063483,4.08034619017947e-47
5403.339288110761,23.940490558657075,24.126201612397736,24.126201612397736,5.294456746492005e-47
5404.582319213197,23.431787453256394,24.138650217828896,24.138650217828896,6.867684389863023e-47
5405.828603959228,23.095046325863223,24.153097664507634,24.153097664507634,8.911133732715672e-47
5407.072207725502,22.85732150568782,24.168952312102284,24.168952312102284,1.1551825600649553e-46
5408.319066634325,23.68178095559478,24.185736717756836,24.185736717756836,1.4979639004585853e-46
5409.563243328265,24.266781885498517,24.202799673329572,24.202799673329572,1.9406523749756788e-46
5410.810676664397,23.698917526147117,24.219636384060003,24.219636384060003,2.514933829153969e-46
5412.05542654995,23.72084431934508,24.23558052352512,24.23558052352512,3.2561297461493106e-46
5413.30046278858,24.443591709122817,24.250091839301582,24.250091839301582,4.214454520989661e-46
5414.548757919265,23.9178497416861,24.262630157131394,24.262630157131394,5.4564789578830256e-46
5415.794367745499,24.263675255749263,24.272587579277296,24.272587579277296,7.057987631244257e-46
5417.0432379651575,24.260055029952753,24.27948704094456,24.27948704094456,9.132298468661123e-46
5418.289421643248,24.485666499452634,24.28281166193767,24.28281166193767,1.1805305859031321e-45
5419.538867216826,25.03599593814676,24.282134457870136,24.282134457870136,1.526527169927899e-45
5420.785625011145,24.928541623674562,24.277065874961124,24.277065874961124,1.972106767281913e-45
5422.032669620458,23.62505740385859,24.267277971180192,24.267277971180192,2.546952461979899e-45
5423.282978378751,23.687157429338242,24.252456106685152,24.252456106685152,3.2903373890140475e-45
5424.530597500924,24.368185787999384,24.23246232658467,24.23246232658467,4.24677827053998e-45
5425.78148227587,24.201800711461093,24.207063864609523,24.207063864609523,5.482861441755191e-45
5427.029676175581,24.096588682170818,24.17630977443771,24.17630977443771,7.07221024870773e-45
5428.28113723255,24.361040539576095,24.140054112483853,24.140054112483853,9.124959352902539e-45
5429.529906174598,23.871545926342776,24.09854418617978,24.09854418617978,1.1762714856454396e-44
5430.781943779082,23.81936456794159,24.051721856649777,24.051721856649777,1.516741031064073e-44
5432.03128802839,23.39411706220011,24.000020425506406,24.000020425506406,1.9539651094316637e-44
5433.2809196877015,23.247090798623503,23.943608356870094,23.943608356870094,2.5164407217276785e-44
5434.533822267617,23.49373465259515,23.882664745785373,23.882664745785373,3.2417750028681926e-44
5435.784029631641,23.861431842231696,23.81786753155251,23.81786753155251,4.172357445630292e-44
5437.037509423181,23.991476866743426,23.749343629843047,23.749343629843047,5.371625946706366e-44
5438.288292757145,23.4167478577848,23.677894533732022,23.677894533732022,6.909285513851909e-44
5439.542350026231,23.96853290283724,23.603694222183577,23.603694222183577,8.889666858797494e-44
5440.793709595485,23.5729211416957,23.52763514382051,23.52763514382051,1.1427246636231272e-43
5442.0453570383615,23.31998385713524,23.450101229586757,23.450101229586757,1.4684604245535708e-43
5443.300280678173,23.511572720187644,23.37147400685009,23.37147400685009,1.8875866261825624e-43
5444.552504754433,22.65844208411096,23.292700020128738,23.292700020128738,2.424132062232512e-43
5445.808006536971,23.706651531014817,23.21397299079775,23.21397299079775,3.114074595834563e-43
5447.06080751227,23.12783880714386,23.136220969661878,23.136220969661878,3.996751383989192e-43
5448.316887703883,22.992339643144934,23.059609626264056,23.059609626264056,5.1310702525616464e-43
5449.570265843998,22.985104202245058,22.985015334551274,22.985015334551274,6.581347486945376e-43
5450.823932322106,22.566678755219073,22.9127318337665,22.9127318337665,8.438907239988649e-43
5452.080880281989,22.66255586318215,22.843041666357323,22.843041666357323,1.0823789523024449e-42
5453.33512432365,22.40205243197431,22.77668194064107,22.77668194064107,1.3870096044044587e-42
5454.592651358863,22.56731010255521,22.713697453913518,22.713697453913518,1.7778727958343493e-42
5455.847473230158,22.66911486050759,22.654706389728318,22.654706389728318,2.2768244833035518e-42
5457.10557960748,22.658131421136034,22.59969692279013,22.59969692279013,2.916613354725503e-42
5458.360979574617,22.6408695832551,22.549151256019755,22.549151256019755,3.732814999758807e-42
5459.616668344867,22.413394135905662,22.50310637692028,22.50310637692028,4.775937161353809e-42
5460.875643890257,21.9862225239969,22.461586328604255,22.461586328604255,6.1122373392069e-42
5462.131911155728,22.843196361715002,22.424869215046073,22.424869215046073,7.81539774706893e-42
5463.391466710555,22.583279181605008,22.392824387967494,22.392824387967494,9.995874202512322e-42
5464.6483127377605,22.275166649489847,22.365600053000858,22.365600053000858,1.277322010776646e-41
5465.908448569234,22.478039593502444,22.343023576326022,22.343023576326022,1.6326691381366395e-41
5467.165873624807,21.899722928252746,22.32512543839961,22.32512543839961,2.0850022880401773e-41
5468.423587949363,23.146551240689973,22.31173624146993,22.31173624146993,2.661824506432128e-41
5469.684594350962,22.32245506603596,22.302705769807204,22.302705769807204,3.399143544653682e-41
5470.942888103911,21.734212217668077,22.29792178495952,22.29792178495952,4.3368172992947726e-41
5472.204475450561,22.146953033322234,22.29718770125556,22.29718770125556,5.534639057287273e-41
5473.463348898845,22.22070041501502,22.300320965393542,22.300320965393542,7.056992622881236e-41
5474.725517458189,21.306414269116317,22.30713878950812,22.30713878950812,9.00048538953533e-41
5475.9849708688735,22.08938267444472,22.317405826066548,22.317405826066548,1.1468986182169665e-40
5477.24471401516,21.944568631891176,22.33092962623466,22.33092962623466,1.4609947609401532e-40
5478.507754548948,22.24193823790569,22.34754951067012,22.34754951067012,1.861603663057992e-40
5479.768078058304,22.33033187565826,22.36698478042597,22.36698478042597,2.369952230102802e-40
5481.0317004742665,22.015843236517412,22.389130406674354,22.389130406674354,3.0179097590515565e-40
5482.292604614067,22.434125878788794,22.41369121986496,22.41369121986496,3.83961213158356e-40
5483.556809180278,21.63097440147652,22.44060233865656,22.44060233865656,4.886322230705439e-40
5484.818294218017,22.282898149010975,22.46956222643354,22.46956222643354,6.212865436747983e-40
5486.080069458732,22.485300087868044,22.500469309432326,22.500469309432326,7.89707608595985e-40
5487.34514740597,22.35376187679941,22.533249273689997,22.533249273689997,1.0040454419037268e-39
5488.607503945941,22.47821997845563,22.567599576565296,22.567599576565296,1.2754295716387485e-39
5489.873164713989,22.28835729919132,22.6035469058112,22.6035469058112,1.6205842718812576e-39
5491.136102821019,22.18389436852607,22.64079006961749,22.64079006961749,2.057327689410473e-39
5492.402346678385,22.465923737480352,22.67938163722714,22.67938163722714,2.6124422553471737e-39
5493.665866620401,22.401183076713835,22.719015306047936,22.719015306047936,3.3144180821571385e-39
5494.92967723352,22.232357792614437,22.759657606239927,22.759657606239927,4.2037067335569943e-39
5496.196795880765,22.30690187451711,22.801281090295994,22.801281090295994,5.332955223559046e-39
5497.461188730836,22.36898436257076,22.84355418149859,22.84355418149859,6.759612437547855e-39
5498.7288911390415,22.28482977121797,22.88653803414773,22.88653803414773,8.570090620683171e-39
5499.993866494297,21.6716937993109,22.9298787293004,22.9298787293004,1.085595443041146e-38
5501.262152932402,22.63219356807633,22.97362020600567,22.97362020600567,1.3754972308279753e-38
5502.527711061204,23.016714159943717,23.01737756561469,23.01737756561469,1.741289800469489e-38
5503.793560329991,22.101523583932536,23.061060562240762,23.061060562240762,2.203671843910777e-38
5505.062722969102,22.645957942142786,23.104558634427292,23.104558634427292,2.7895293164451963e-38
5506.329155414047,22.75417137662629,23.147432244434558,23.147432244434558,3.5280565275091277e-38
5507.5989027557835,21.731496421984048,23.18963116399725,23.18963116399725,4.4632132021940166e-38
5508.865918645556,22.564544199939746,23.23067636765419,23.23067636765419,5.641323128389928e-38
5510.136250959291,23.498965816237448,23.270464091304685,23.270464091304685,7.132161445140111e-38
5511.403850562682,22.681563927623756,23.308486754335885,23.308486754335885,9.009138157837249e-38
5512.671741775697,21.876563504541366,23.344507941536534,23.344507941536534,1.137653112759705e-37
5513.942951703841,22.4556192470298,23.37825846629555,23.37825846629555,1.4369522838181813e-37
5515.211427033735,22.35980978342417,23.409216927419664,23.409216927419664,1.8134170626438931e-37
5516.483222607691,23.161415461901527,23.43716048979635,23.43716048979635,2.289065796826612e-37
5517.752282323569,23.82459072089074,23.46158198898835,23.46158198898835,2.886970627416654e-37
5519.024663813141,23.58731936844487,23.48222802879576,23.48222802879576,3.6419253086031997e-37
5520.2943081842295,23.704045970579955,23.498641086416804,23.498641086416804,4.590329513287489e-37
5521.564244635337,23.407024607738947,23.51053018491102,23.51053018491102,5.783905923212807e-37
5522.837505154999,23.135412469830957,23.517583466323217,23.517583466323217,7.289574658287143e-37
5524.108026665227,23.33002027550259,23.51946978684193,23.51946978684193,9.179272968631103e-37
5525.381873775407,23.131346292344634,23.51593276596725,23.51593276596725,1.1561584127479163e-36
5526.652980614293,22.50185291266911,23.506767854967016,23.506767854967016,1.454963768337955e-36
5527.927414585232,22.694103187216513,23.491751921164045,23.491751921164045,1.8314258014951796e-36
5529.199107022436,22.947306038513602,23.470829024201656,23.470829024201656,2.3033126967965897e-36
5530.474128124502,22.355360287912333,23.44382866019832,23.44382866019832,2.8974646241229122e-36
5531.746406429809,22.963295160335978,23.410863035289893,23.410863035289893,3.6417527251364005e-36
5533.018977421068,23.275932348360133,23.37192228161284,23.37192228161284,4.575802764331657e-36
5534.294879376811,22.558027793506028,23.327002910509325,23.327002910509325,5.7507545991597904e-36
5535.568036640922,22.76335096646602,23.27648814783706,23.27648814783706,7.221217338055548e-36
5536.844526404092,22.532282852132372,23.22037269737091,23.22037269737091,9.069765244878336e-36
5538.118270211151,22.59397701146736,23.15921688999859,23.15921688999859,1.1381784679586767e-35
5539.395348052549,22.37893810450123,23.0930760405262,23.0930760405262,1.4286442130115492e-35
5540.669678672776,22.444052061906973,23.022664881189094,23.022664881189094,1.791707632735469e-35
5541.944302451088,23.196653161436416,22.948273099803117,22.948273099803117,2.2463360769827453e-35
5543.22226256707,23.498464746923048,22.87019094964823,22.87019094964823,2.8169604626617576e-35
5544.4974735639535,21.998293283780697,22.789304648642347,22.789304648642347,3.5295316295341705e-35
5545.776022435555,22.72112334999531,22.705765401827037,22.705765401827037,4.423348818138804e-35
5547.051820921539,22.966223910478618,22.620522435344956,22.620522435344956,5.538807268450461e-35
5548.33095882,22.693972909194773,22.533727517764504,22.533727517764504,6.937107982202605e-35
5549.607345065741,22.790095541121904,22.44634791917472,22.44634791917472,8.681050008218456e-35
5550.884024942461,22.724708500939812,22.35872129985937,22.35872129985937,1.0860019177440235e-34
5552.164046538706,22.930527732521057,22.271161056224326,22.271161056224326,1.3588924693422083e-34
5553.44131458124,22.59912800401935,22.184580262250616,22.184580262250616,1.698917008915027e-34
5554.721925882826,22.370264594669038,22.09902770638199,22.09902770638199,2.1244903122038288e-34
5555.9997823621425,22.007973942934825,22.015329373301732,22.015329373301732,2.6544256530210473e-34
5557.280983640749,21.578196770591205,21.93346357903922,21.93346357903922,3.317273255997707e-34
5558.559428827938,22.007267435201527,21.85414456200769,21.85414456200769,4.1421497576360245e-34
5559.838168119763,22.696954271615425,21.77744501534336,21.77744501534336,5.17052778847622e-34
5561.120254521648,21.511780032968034,21.703411176650597,21.703411176650597,6.455618486587198e-34
5562.399582928059,21.63525854411461,21.632555250092864,21.632555250092864,8.053333327108734e-34
5563.682259986541,21.972924144392838,21.564645514072648,21.564645514072648,1.0048627466060452e-33
5564.962177778942,21.22945503311826,21.500060894150838,21.500060894150838,1.2527756472196804e-33
5566.245445766137,21.20924690766867,21.438493747206586,21.438493747206586,1.5621850036399805e-33
5567.525953216058,21.75042180998878,21.38019339676601,21.38019339676601,1.9463805649583655e-33
5568.806755245036,20.280799290271858,21.32492422018728,21.32492422018728,2.424306831132693e-33
5570.090909783303,20.66706861404649,21.272439414782284,21.272439414782284,3.0202232437534227e-33
5571.372301877168,21.8212780217375,21.2228340490757,21.2228340490757,3.7594785367486e-33
5572.657048024822,21.915258582345587,21.175689548293377,21.175689548293377,4.680660707222088e-33
5573.939030455417,22.004977548434738,21.131029163339456,21.131029163339456,5.8227006538265166e-33
5575.224368485013,21.40478670226509,21.088425766175924,21.088425766175924,7.244895168672268e-33
5576.506941524305,21.22663401287821,21.04786071752157,21.04786071752157,9.00695818596127e-33
5577.78980961784,20.769789076170927,21.00900777984832,21.00900777984832,1.1194088039240617e-32
5579.0760356286055,20.37662002793707,20.971561197022506,20.971561197022506,1.3915174564962998e-32
5580.359494738864,20.547591141375364,20.935490807953613,20.935490807953613,1.7283351754383895e-32
5581.646313313342,20.8170624606376,20.90043276561462,20.90043276561462,2.1471184336677528e-32
5582.930363712604,20.62177821139153,20.866380425647577,20.866380425647577,2.6651646779367583e-32
5584.21777512379,21.141760387059264,20.833018592886596,20.833018592886596,3.3088735549020647e-32
5585.502417084461,21.129591918759164,20.800379524592262,20.800379524592262,4.104657815498927e-32
5586.787354575327,20.14035206679327,20.76828229316217,20.76828229316217,5.090240189087933e-32
5588.075655400087,19.48616348595775,20.736582509548903,20.736582509548903,6.313740041518862e-32
5589.361184861046,20.44635384442154,20.70538916355144,20.70538916355144,7.8248631768902e-32
5590.650079205387,20.536481182001925,20.674537545827267,20.674537545827267,9.699587480171123e-32
5591.936200909158,21.298712833754053,20.644187448469424,20.644187448469424,1.201356931378781e-31
5593.225689046511,20.706267266511677,20.614232470991226,20.614232470991226,1.488252638938214e-31
5594.512403265943,20.01086698724038,20.58487812259329,20.58487812259329,1.842146621008475e-31
5595.79941349229,20.389238205946842,20.556137845372625,20.556137845372625,2.279482472418787e-31
5597.089792477932,20.535753378822765,20.528048324584187,20.528048324584187,2.8211953441289835e-31
5598.377395629281,20.828632151107005,20.500862489657678,20.500862489657678,3.4887830213521904e-31
5599.668369091909,20.204475159629798,20.47458443731665,20.47458443731665,4.315180358856377e-31
5600.956565441419,20.31577392841669,20.449481432776818,20.449481432776818,5.3329620397381165e-31
5602.24813365491,20.594493734549392,20.425582329637137,20.425582329637137,6.592066435102048e-31
5603.536923475867,20.328467266823626,20.403151052430594,20.403151052430594,8.141789201306833e-31
5604.826009781229,20.478309539947137,20.38227859001787,20.38227859001787,1.0052698630676716e-30
5606.118470280039,21.144115412836925,20.363068242448694,20.363068242448694,1.2414466036657888e-30
5607.40815046685,20.906570977614706,20.34575307994524,20.34575307994524,1.531861820745029e-30
5608.701206401599,20.52219820119507,20.330384807608375,20.330384807608375,1.8905713173994893e-30
5609.991480743461,20.03337251549647,20.317158407751975,20.317158407751975,2.3313815250644505e-30
5611.285132388466,19.497228349092897,20.3061194123362,20.3061194123362,2.875510210810832e-30
5612.576001159106,19.750439969102988,20.29741502965367,20.29741502965367,3.543757034088148e-30
5613.86716689241,20.743921372815237,20.29109376754035,20.29109376754035,4.365937288441963e-30
5615.161712262081,20.13245521439839,20.287211013749857,20.287211013749857,5.3798647203718444e-30
5616.453472834826,20.242976073074686,20.28583147522439,20.28583147522439,6.623898188492399e-30
5617.748614600935,20.495629000799227,20.286976974581382,20.286976974581382,8.157096525055318e-30
5619.040970287164,20.128034530372137,20.290652127717838,20.290652127717838,1.0037062607836579e-29
5620.336708724471,20.291856637367292,20.2968669149792,20.2968669149792,1.2352551606350196e-29
5621.629659798352,20.02903074988723,20.30557110361837,20.30557110361837,1.518995359058171e-29
5622.922908313927,20.546884633642065,20.316732614602042,20.316732614602042,1.867328595326903e-29
5624.21954191757,20.244227493687394,20.330316110659982,20.330316110659982,2.2959535108251922e-29
5625.513386232124,19.74864363561088,20.346179703274306,20.346179703274306,2.8206950037101905e-29
5626.810617194252,20.006278444993796,20.364311964694515,20.364311964694515,3.4659840711581103e-29
5628.105057582268,20.40225723940813,20.384525310531785,20.384525310531785,4.2554779054734133e-29
5629.402886178086,20.734060328707926,20.40680022215455,20.40680022215455,5.225728760976819e-29
5630.697922914175,20.65618914655767,20.43090257643889,20.43090257643889,6.412057083012102e-29
5631.9963494190115,20.367728552953114,20.45680564696115,20.45680564696115,7.869080625444623e-29
5633.291982777912,20.38567184510163,20.484232971409455,20.484232971409455,9.649465311934825e-29
5634.587914195564,20.676158011409626,20.513081417335837,20.513081417335837,1.182897283036706e-28
5635.8872377237985,20.556958632207994,20.54325111401031,20.54325111401031,1.4503270524332486e-28
5637.183766176439,20.289322479309735,20.574416535994807,20.574416535994807,1.7767996956550862e-28
5638.483688302407,21.268688760435452,20.606536924781487,20.606536924781487,2.1771355812485406e-28
5639.780814065091,20.571152673211547,20.639263949990557,20.639263949990557,2.665549410349695e-28
5641.081335064568,19.714410580051354,20.672552881757607,20.672552881757607,3.2640878033745386e-28
5642.379058412475,20.20377491526293,20.706040507463097,20.706040507463097,3.993850763292425e-28
5643.677080299935,20.24861059751507,20.739597047158416,20.739597047158416,4.885245165081382e-28
5644.978499769798,20.380702490176105,20.77309198377972,20.77309198377972,5.976594040298344e-28
5646.277119655327,20.600038066513182,20.806155273391752,20.806155273391752,7.305955567091015e-28
5647.579138688523,20.399829558579885,20.838734576563994,20.838734576563994,8.932489438583361e-28
5648.878356847616,20.13478268136376,20.870467029985118,20.870467029985118,1.0912506588534235e-27
5650.180975720364,20.29304417164241,20.90129816206201,20.90129816206201,1.3333620638076516e-27
5651.480792428647,20.59656440349113,20.930879067541902,20.930879067541902,1.6279041881894327e-27
5652.780908158055,20.301180284634913,20.959088326005606,20.959088326005606,1.9868913415426077e-27
5654.084426950516,20.702683368240457,20.985799886941365,20.985799886941365,2.4254369604146743e-27
5655.385141642625,20.50057204958574,21.010707833667695,21.010707833667695,2.9584484510561433e-27
5656.689260965575,20.18056287927354,21.033762564578527,21.033762564578527,3.6091752579250515e-27
5657.990574896326,20.185792790242548,21.05470099129564,21.05470099129564,4.399574992847209e-27
5659.29529502643,19.736571623153793,21.073482835554337,21.073482835554337,5.363926038519429e-27
5660.5972084718915,19.931943559529888,21.089891627591808,21.089891627591808,6.534528742755647e-27
5661.8994214208315,20.08833606126584,21.103863415154756,21.103863415154756,7.958116547257532e-27
5663.205042922311,20.300165619273262,21.11532822824745,21.11532822824745,9.693366860501354e-27
5664.507855800138,20.499250479269023,21.1241543863949,21.1241543863949,1.1797756015965565e-26
5665.814078800824,20.602905435664812,21.130327576800248,21.130327576800248,1.436123721690028e-26
5667.117491883927,20.578385608764847,21.13378095159505,21.13378095159505,1.7468087355287625e-26
5668.424316660929,19.978031915068016,21.1345118809746,21.1345118809746,2.1250340410373466e-26
5669.728330225822,20.38094550879359,21.13251859033916,21.13251859033916,2.583141097118971e-26
5671.032643777321,20.14752737937542,21.127828447469007,21.127828447469007,3.139025887760774e-26
5672.340371379704,20.253261773425947,21.12046395049082,21.12046395049082,3.815115866260492e-26
5673.645285827838,21.41211985168127,21.11052145977926,21.11052145977926,4.6332233765278783e-26
5674.953615899707,21.58797513826164,21.09803052713324,21.09803052713324,5.627612227484813e-26
5676.2591315213085,20.038983239144418,21.08314408987344,21.08314408987344,6.830121190130072e-26
5677.568064340222,20.385919874412256,21.065904734283283,21.065904734283283,8.290818852876505e-26
5678.874181412251,20.72183924812981,21.046523549622663,21.046523549622663,1.0056119132468832e-25
5680.180598954797,20.40813728781257,21.025105883045853,21.025105883045853,1.2193487121508013e-25
5681.490436055438,20.359286787678826,21.001748094556692,21.001748094556692,1.4787312094929757e-25
5682.797455463927,20.864210577775683,20.976724174896187,20.976724174896187,1.7919071054316076e-25
5684.1078960059,20.366465858280836,20.950086800954995,20.950086800954995,2.171725334086008e-25
5685.41551755761,20.59751768786177,20.92214397121179,20.92214397121179,2.6300250712109346e-25
5686.72656181892,20.332790242333576,20.89295089812641,20.89295089812641,3.1854983573660765e-25
5688.034785791258,20.160104219166755,20.862838726237054,20.862838726237054,3.855326066962822e-25
5689.343310718803,20.50929441367609,20.831931689820745,20.831931689820745,4.664545940809425e-25
5690.655260720541,20.26040201115609,20.800345745060213,20.800345745060213,5.644418026379392e-25
5691.964388484899,20.289021837721098,20.768420957716142,20.768420957716142,6.824898054608135e-25
5693.276942901381,20.510641037458527,20.736192068993837,20.736192068993837,8.253422069252855e-25
5694.58667378028,20.656230484776106,20.7039948788276,20.7039948788276,9.973320868187297e-25
5695.899832889959,20.42145821553578,20.671851058787798,20.671851058787798,1.2053294529929553e-24
5697.210167161252,20.401831330490893,20.64008017240601,20.64008017240601,1.4555939573873255e-24
5698.520802873223,21.252206085338404,20.608762419290084,20.608762419290084,1.7572730552748075e-24
5699.834869184382,20.39113475330183,20.57797176263659,20.57797176263659,2.1217661946160954e-24
5701.146108705603,20.152267495089603,20.54799043875116,20.54799043875116,2.559913377645187e-24
5702.460780406489,20.18378851298496,20.518798147623087,20.518798147623087,3.088955391448441e-24
5703.772624015137,20.147248033232646,20.490640939231675,20.490640939231675,3.7245012052312375e-24
5705.087901384652,20.065528638747825,20.46347858709469,20.46347858709469,4.491408708739074e-24
5706.400349359028,19.86874869759828,20.43752030137616,20.43752030137616,5.412124738665459e-24
5707.713099260336,19.637475144845727,20.412765886769627,20.412765886769627,6.51954893445278e-24
5709.02928529474,19.87037592019678,20.389213056073647,20.389213056073647,7.854604199642578e-24
5710.342639979305,19.60494447228186,20.36700996487019,20.36700996487019,9.455898362894096e-24
5711.65943237999,19.590358344539798,20.34607232995073,20.34607232995073,1.1385120787513273e-23
5712.973392126436,20.056101019597467,20.326509017393374,20.326509017393374,1.369761233913001e-23
5714.290791172755,19.81096788960872,20.30822254403283,20.30822254403283,1.6481920266264884e-23
5715.605356259834,20.301676343256165,20.29128398133585,20.29128398133585,1.9817267679456546e-23
5716.920223760882,20.329380465649113,20.275621083608414,20.275621083608414,2.3820137998937276e-23
5718.23853293786,20.03266851310974,20.261161218349873,20.261161218349873,2.8635153106755905e-23
5719.554006197744,20.323655748732136,20.247923343043407,20.247923343043407,3.439764780460847e-23
5720.872922719134,21.079765586135636,20.235785443146668,20.235785443146668,4.132492487763425e-23
5722.189002016925,21.00688505435676,20.224739944779337,20.224739944779337,4.961009366806968e-23
5723.508526162532,20.674572127029563,20.214661504672254,20.214661504672254,5.956367225044668e-23
5724.825211777431,20.61726232419554,20.205518843137558,20.205518843137558,7.146085003006797e-23
5726.142200294125,20.29206082311291,20.197203612927566,20.197203612927566,8.570761720760344e-23
5727.462636038524,19.626659563694492,20.1896116938566,20.1896116938566,1.0280710693143001e-22
5728.780231291204,19.45039340027631,20.182688754777978,20.182688754777978,1.2322621805199924e-22
5730.101275359723,20.493032209077374,20.176310696009914,20.176310696009914,1.4771851304241378e-22
5731.419477627912,21.014437421597993,20.170417056374013,20.170417056374013,1.7694718070392707e-22
5732.7411303008075,20.71381587573305,20.164888624855575,20.164888624855575,2.119842261038453e-22
5734.059939864155,20.351368639838086,20.159661993790063,20.159661993790063,2.5377042347843475e-22
5735.38220142181,20.480574373248203,20.154624456567817,20.154624456567817,3.0382883885657214e-22
5736.7016185601,20.91821833382784,20.14971660844389,20.14971660844389,3.634922792449724e-22
5738.021339228567,21.031066659469502,20.144847659128576,20.144847659128576,4.347363134643845e-22
5739.344514276167,20.930023526875004,20.13993224502509,20.13993224502509,5.200034274812321e-22
5740.664842939321,20.21795016616719,20.134926989799464,20.134926989799464,6.215351179117394e-22
5741.988627573038,20.510104893292127,20.129747895177914,20.129747895177914,7.429747439888163e-22
5743.309564510981,20.518264807077063,20.124366272658126,20.124366272658126,8.874875212786996e-22
5744.633959011651,19.821641918678637,20.118710252564863,20.118710252564863,1.060226670900437e-21
5745.955504504615,20.251710963897896,20.1127671806844,20.1127671806844,1.2656559574169302e-21
5747.277354017383,19.062187443601545,20.106491760756818,20.106491760756818,1.5104179601915227e-21
5748.60266348155,20.04998045792212,20.099847043549627,20.099847043549627,1.802710172317159e-21
5749.925121969762,19.744368261685793,20.092852072334836,20.092852072334836,2.1499884218375494e-21
5751.2510420033705,19.23926659198233,20.085468497569043,20.085468497569043,2.564442586119316e-21
5752.574109747581,20.086702575300908,20.077735595861274,20.077735595861274,3.0565529977412054e-21
5753.90064063192,20.19203360855335,20.069629406509396,20.069629406509396,3.643484116286188e-21
5755.224317912814,20.35410447829469,20.06121116439049,20.06121116439049,4.339948430347227e-21
5756.548299703925,20.755548686255796,20.052493739878354,20.052493739878354,5.167931973199119e-21
5757.875747027691,20.290531309030715,20.043493103712496,20.043493103712496,6.1545178676809596e-21
5759.200338776587,19.74734586608659,20.034294783335003,20.034294783335003,7.324112296549594e-21
5760.528397654706,19.90015948024447,20.024904383264243,20.024904383264243,8.716865280027968e-21
5761.8535996423925,19.899568218453485,20.015421593814953,20.015421593814953,1.0366926749889917e-20
5763.182270356607,19.50437109216961,20.0058616322918,20.0058616322918,1.2330578726593956e-20
5764.50808286422,19.225468395737156,19.996332512988364,19.996332512988364,1.465554234579377e-20
5765.834200373259,19.435472808766892,19.98687573780999,19.98687573780999,1.741345146474687e-20
5767.16378900521,19.98021156658564,19.977535943368377,19.977535943368377,2.069238683023239e-20
5768.490517455957,20.262109404844892,19.96842514625002,19.96842514625002,2.457096945919073e-20
5769.820718628761,20.0081562022495,19.95956689070217,19.95956689070217,2.917938350113889e-20
5771.148058302675,20.515619161097053,19.95106659003575,19.95106659003575,3.462713448931153e-20
5772.478872298529,20.27575853296904,19.942943276677745,19.942943276677745,4.10958970228091e-20
5773.806823477202,20.02319955574095,19.93529104187642,19.93529104187642,4.8737993377270324e-20
5775.135080149298,20.043868664959778,19.92814064416795,19.92814064416795,5.77831689210705e-20
5776.466813543584,20.242720527724348,19.921522091059842,19.921522091059842,6.851340705158704e-20
5777.7956821429,20.362597603173697,19.915505662521504,19.915505662521504,8.117793770918692e-20
5779.128029066128,19.13618034925838,19.910094210836146,19.910094210836146,9.61923011423274e-20
5780.457509874578,19.7538722939066,19.90533755579872,19.90533755579872,1.1390203984353323e-19
5781.790470609403,20.67813097183506,19.901228506772746,19.901228506772746,1.348844523217347e-19
5783.120563909031,20.400899341566117,19.897793211497962,19.897793211497962,1.5961798310342186e-19
5784.450963194875,19.047528660808897,19.89502033870608,19.89502033870608,1.8882794886492013e-19
5785.7848448112145,18.465804724221304,19.892897216201344,19.892897216201344,2.2340298166982167e-19
5787.1158570113785,21.00561734899134,19.89141784839982,19.89141784839982,2.6412053013693055e-19
5788.450353146347,21.390796847007156,19.89055194398972,19.89055194398972,3.122863061893002e-19
5789.7819785432,19.859121903395447,19.890272586414227,19.890272586414227,3.6897324373000765e-19
5791.117089479905,19.64035253538364,19.890541743511044,19.890541743511044,4.359872064873182e-19
5792.449328355948,20.395997630998043,19.89131645404952,19.89131645404952,5.148069690707563e-19
5793.781873711793,18.61734311697404,19.892549043860704,19.892549043860704,6.076865442656741e-19
5795.117907015489,19.837788877335047,19.89419325535806,19.89419325535806,7.173825193391865e-19
5796.451066274349,20.501876082476457,19.896188338185215,19.896188338185215,8.46281273401536e-19
5797.787715087955,19.677454212768087,19.898488358345215,19.898488358345215,9.984216542631913e-19
5799.121488532653,20.225231955978643,19.901025557991424,19.901025557991424,1.1770818711189822e-18
5800.458753139734,21.404423427012148,19.90375417477187,19.90375417477187,1.3878228146360862e-18
5801.793141053225,19.222297879650313,19.906604101399203,19.906604101399203,1.6351418734875517e-18
5803.127835940902,21.685746288233133,19.909526006778513,19.909526006778513,1.925933949482591e-18
5804.466024402846,19.69900144596039,19.912473245740333,19.912473245740333,2.26861625173987e-18
5805.801334183826,19.12124222032296,19.915381087201357,19.915381087201357,2.6703963500803664e-18
5807.140139148561,19.432367431690924,19.918215963640797,19.918215963640797,3.1435723980443852e-18
5808.476064106123,18.953229921186168,19.92092102191619,19.92092102191619,3.697999873551472e-18
5809.81548585767,20.835506822100513,19.92346877062852,19.92346877062852,4.3505355719042244e-18
5811.1520262752265,21.273233459117023,19.92581012856086,19.92581012856086,5.114637841167833e-18
5812.48887416215,22.222744777817752,19.927918926792586,19.927918926792586,6.011067181444422e-18
5813.829221258834,21.13766414541408,19.929772157155472,19.929772157155472,7.065122758862249e-18
5815.166685030945,20.19752157021927,19.931338366618352,19.931338366618352,8.298223828765157e-18
5816.5076496249,21.09943506207225,19.932606950582727,19.932606950582727,9.747233418695833e-18
5817.845729565936,20.905535016807196,19.933559064015405,19.933559064015405,1.1441304320737794e-17
5819.187311941645,20.211222057948138,19.934190387874292,19.934190387874292,1.3430737148030354e-17
5820.526008335477,19.915861739884352,19.934491874933407,19.934491874933407,1.5755157859745033e-17
5821.865012694654,20.48430608696717,19.934464231019774,19.934464231019774,1.8476095531859227e-17
5823.207521908174,21.0300119085627,19.934109111577925,19.934109111577925,2.1668398294443444e-17
5824.5471431460255,20.932986099196373,19.933432938649347,19.933432938649347,2.5394694254441078e-17
5825.890270852905,20.892206573044266,19.932440070549482,19.932440070549482,2.976375288421959e-17
5827.230509253625,21.185508748899167,19.93114580976649,19.93114580976649,3.486041933733285e-17
5828.574255738801,21.133242208714535,19.929557084504722,19.929557084504722,4.083244630154155e-17
5829.915111586718,20.859982805435465,19.927695200974547,19.927695200974547,4.7794624594959653e-17
5831.25627589676,20.359732739368642,19.925571158766807,19.925571158766807,5.592644844684328e-17
5832.600950714833,19.971378967246128,19.92319763230393,19.92319763230393,6.544588303812077e-17
5833.942732898636,20.399067933222003,19.920604595131284,19.920604595131284,7.653309141125317e-17
5835.28802720776,20.874012746238552,19.91779636379993,19.91779636379993,8.950399866826306e-17
5836.63042754998,20.950390741831914,19.91480420945968,19.91480420945968,1.0460154539678643e-16
5837.9763416355545,20.776915534494922,19.911631893513764,19.911631893513764,1.2225295740109395e-16
5839.3193604209755,21.286263766637887,19.908311452398593,19.908311452398593,1.427853909144727e-16
5840.665894568531,21.78069892331115,19.904843840048294,19.904843840048294,1.66775840782977e-16
5842.00953208207,20.58835688812133,19.90126235546924,19.90126235546924,1.9466428463341213e-16
5843.353478697653,21.6696018349233,19.89757564521798,19.89757564521798,2.2714540110350625e-16
5844.700943103973,21.66019926923866,19.893789213277,19.893789213277,2.6506086483992055e-16
5846.045508875125,21.42486956038607,19.8899343844051,19.8899343844051,3.0909502797092126e-16
5847.393594057659,21.223429674612646,19.88600636722359,19.88600636722359,3.604638960579038e-16
5848.738779269624,21.186646176242846,19.882036840075195,19.882036840075195,4.200847532064201e-16
5850.087485514362,21.89146029525836,19.878018923881562,19.878018923881562,4.895925081419202e-16
5851.433290452516,21.162008598054005,19.873982249586362,19.873982249586362,5.70215014552287e-16
5852.779404991328,21.074116029615823,19.869925965087596,19.869925965087596,6.639067202410512e-16
5854.129042995433,21.80372556365421,19.865847699507743,19.865847699507743,7.730315288012926e-16
5855.475777688574,22.01619649038406,19.861775042402414,19.861775042402414,8.994859037917675e-16
5856.8260374702695,21.120612756645187,19.857697618873985,19.857697618873985,1.046676793644101e-15
5858.173392603445,20.686870873351413,19.853644516480422,19.853644516480422,1.2171342624242983e-15
5859.524274449181,22.420434159772924,19.849605282700566,19.849605282700566,1.4154183203314373e-15
5860.872250308228,21.85236937269576,19.845606711178238,19.845606711178238,1.644899784029134e-15
5862.220536267351,21.874714558771245,19.841645201646475,19.84164520164647,1.9109908403934623e-15
5863.5723513754765,22.385096246375156,19.837717771335836,19.837717771335832,2.2202262262435695e-15
5864.921258489301,22.262381865933037,19.83385021668499,19.833850216684986,2.5777757190663175e-15
5866.273696378006,22.746913387607268,19.830032397834902,19.8300323978349,2.9930353245641148e-15
5867.623224932698,23.367076856648737,19.826291577885687,19.826291577885684,3.4728696352772188e-15
5868.976285888897,22.871236200548594,19.822620080148354,19.82262008014835,4.029798082732314e-15
5870.326436170755,22.057291690204238,19.819047067199886,19.819047067199882,4.672923408367347e-15
5871.676897052911,22.397382465964142,19.815574159779594,19.815574159779587,5.416996693097313e-15
5873.030892776948,24.00278349582277,19.812203139419267,19.81220313941926,6.27979799413956e-15
5874.381975815792,24.78452177598433,19.808960417020472,19.808960417020465,7.275189663030833e-15
5875.736595325017,23.18446966105688,19.805842630957564,19.805842630957557,8.42867899337252e-15
5877.088300807177,23.280163878720202,19.802878510719356,19.802878510719346,9.758586103123296e-15
5878.443544388968,23.78099267984516,19.800069423771113,19.800069423771102,1.1298744384703173e-14
5879.795872601202,23.16936743192099,19.797442770930225,19.79744277093021,1.3073332480146443e-14
5881.148511914765,21.949569303648843,19.795003704539027,19.795003704539013,1.512192082287058e-14
5882.504691772269,21.91427648648937,19.7927588076862,19.792758807686184,1.7492123841359368e-14
5883.857954246122,22.688851980801648,19.79073078222421,19.790730782224188,2.0220502092121727e-14
5885.214758895045,22.01405441906502,19.788922244133882,19.788922244133857,2.3375214770226812e-14
5886.568644816278,22.11114160942236,19.78735256356611,19.78735256356608,2.700435073719764e-14
5887.926074544458,22.34973327951167,19.786024026621188,19.786024026621156,3.119791033396036e-14
5889.280584200294,21.60835362727812,19.784951473407343,19.784951473407308,3.601905994656928e-14
5890.635405459295,21.232864809802724,19.78413581808617,19.784135818086128,4.157227327442058e-14
5891.993772973498,21.307228506752214,19.78357872245086,19.78357872245081,4.7983048599869296e-14
5893.3492183980115,21.574065454094015,19.783285275045152,19.783285275045095,5.534622127739742e-14
5894.708211711484,21.3407851187373,19.78325065255961,19.783250652559545,6.384106597469296e-14
5896.0642815890615,21.145748898801855,19.78346742632793,19.783467426327856,7.359172890374395e-14
5897.42390099011,21.27545820687294,19.783926778102106,19.78392677810202,8.483386462018329e-14
5898.780595608438,21.040970294468536,19.784613125190187,19.784613125190088,9.772976763748099e-14
5900.137602332578,21.49849919078997,19.785510044698647,19.785510044698533,1.1255091017676195e-13
5901.498161032394,22.07652022514418,19.78659821825083,19.786598218250703,1.2962284691266073e-13
5902.85579292889,21.901900074423793,19.787846651526902,19.787846651526753,1.491875009793332e-13
5904.216978437453,21.89960768231043,19.789231959339677,19.789231959339507,1.717090060902758e-13
5905.57523579432,22.03448552035951,19.790714180041846,19.790714180041647,1.9750254499734663e-13
5906.937048400401,20.90801906793331,19.792263598675227,19.792263598675,2.2717546328349363e-13
5908.295931505789,21.961444646400025,19.793833297165413,19.79383329716515,2.611378250206619e-13
5909.655127220449,21.295956952524875,19.79538559760105,19.795385597600752,3.0008388496337133e-13
5911.017880640482,21.02686769861487,19.796880541995435,19.79688054199509,3.448448132539673e-13
5912.377702535964,21.006253707020623,19.798265819659353,19.79826581965896,3.960274848663421e-13
5913.741083775852,20.365632830545653,19.799504983969584,19.79950498396913,4.548146477527008e-13
5915.101532140636,20.41761000320122,19.80055164417843,19.800551644177908,5.21993158364167e-13
5916.465541489615,21.126633104457653,19.80137287205094,19.80137287205034,5.991037214218867e-13
5917.826616612316,20.894040486734955,19.801928940850868,19.801928940850182,6.871651460070731e-13
5919.18800484856,21.349739227385555,19.802189517027912,19.802189517027124,7.879247820201576e-13
5920.55295652912,21.501918988860723,19.80212683019529,19.80212683019439,9.034711002110403e-13
5921.914971956279,20.65086027439907,19.801721535470815,19.80172153546978,1.0353010163355856e-12
5923.28055246943,20.719227424328523,19.800959579016006,19.80095957901482,1.186381145756518e-12
5924.643195376451,20.513827838298088,19.79984155361827,19.79984155361691,1.3586429817821274e-12
5926.009405011899,20.250369350808597,19.798367579909254,19.798367579907698,1.5559335179639488e-12
5927.3726756878605,20.147840547696916,19.796558797862264,19.796558797860484,1.7807415343717183e-12
5928.73625998245,20.281872831277955,19.794437520847737,19.7944375208457,2.037395164689209e-12
5930.103413469555,20.479183905900754,19.792032623581235,19.792032623578905,2.331058949000853e-12
5931.467625966782,20.393354490364604,19.789400002020827,19.789400002018162,2.665363078217543e-12
5932.835409300851,20.27576730168204,19.786583478966307,19.78658347896326,3.047631498412844e-12
5934.200250290129,21.73009342790374,19.783661904970383,19.783661904966902,3.4825255625202925e-12
5935.568663761331,20.78435015044727,19.78069588718069,19.780695887176712,3.97949973387786e-12
5936.934133532206,19.64230670570979,19.777783491112004,19.77778349110746,4.544531078268299e-12
5938.299917427607,20.639409587891837,19.77500765510242,19.775007655097234,5.188170097977597e-12
5939.669276272996,20.475908165257895,19.772458069129467,19.772458069123545,5.922985532381419e-12
5941.035689384391,19.778982129924263,19.77024860769571,19.770248607688952,6.757632015576058e-12
5942.405679092751,20.061905907604743,19.768473579365978,19.768473579358268,7.709906214174959e-12
5943.772721710018,20.11853175082462,19.767246691253046,19.767246691244257,8.790866816061572e-12
5945.143342571987,19.754417206786005,19.766666699120247,19.766666699110225,1.0023383518449518e-11
5946.511014985141,19.702656746608913,19.766838262230618,19.766838262219196,1.1421566991576687e-11
5947.88226729149,20.251356457357957,19.767859884789846,19.767859884776833,1.301476796687708e-11
5949.250569790676,20.768218223870296,19.769816460477195,19.769816460462373,1.4820966022333484e-11
5950.619187066053,20.86829930338115,19.772790450557654,19.772790450540782,1.6872565562986098e-11
5951.991386707812,20.22659862253366,19.776862343684297,19.776862343665087,1.9208089080142265e-11
5953.360634504519,19.900525260843978,19.782068988788016,19.782068988766163,2.1853324379563376e-11
5954.733466318002,19.809791629393178,19.788477699273855,19.788477699248993,2.486272005140392e-11
5956.103344926521,18.615087052385977,19.796082442571795,19.796082442543526,2.8269018455261693e-11
5957.476809202969,20.0764657292078,19.804926050461354,19.804926050429213,3.214178176425996e-11
5958.847318913912,20.645292141642845,19.81495450894405,19.81495450890753,3.652252337962589e-11
5960.2181439088135,20.477956286080488,19.826153765206946,19.826153765165458,4.1487391951051326e-11
5961.59255704882,20.064724422498216,19.83850086499036,19.83850086494323,4.712676745675794e-11
5962.964013582146,19.79964247043009,19.851862673189387,19.851862673135887,5.349974947712024e-11
5964.339059913635,20.262952453966367,19.86620599645006,19.866205996389326,6.073392605794848e-11
5965.711148276336,20.50474094628152,19.881346510133405,19.8813465100645,6.890396151474613e-11
5967.086828091017,20.96644625533844,19.897220137032434,19.897220136954264,7.817212010169344e-11
5968.459548574177,20.536671588341395,19.913596689902498,19.913596689813865,8.863259486875031e-11
5969.832584849879,20.117049838327294,19.930343746776664,19.930343746676204,1.004614792407741e-10
5971.209215058732,20.35380383670605,19.94731723419484,19.947317234080973,1.1386744241024983e-10
5972.582883891596,20.062944373758825,19.964239665055835,19.96423966492685,1.2898357464511132e-10
5973.960148313333,20.59925389303615,19.98098634534059,19.980986345194484,1.4610413154391425e-10
5975.334449994777,20.395724548221693,19.997266306011948,19.99726630584655,1.6539640979163582e-10
5976.71234892158,19.989988681582787,20.01294297133344,20.01294297114621,1.8723294029697875e-10
5978.087283743157,20.194262114329124,20.027728783282814,20.02772878307099,2.118237132617414e-10
5979.462534866683,20.33583924911167,20.041454327606967,20.041454327367397,2.395694452414259e-10
5980.841385720741,19.40085142448871,20.05394851131775,20.053948511046805,2.709442288525492e-10
5982.217270421807,20.87273752483341,20.064962792495884,20.06496279218964,3.062425226092915e-10
5983.596756511799,19.600057793793212,20.074376407256995,20.07437640691086,3.4613224737051884e-10
5984.973275082295,20.07260499014038,20.081989265640555,20.08198926524957,3.909816626486537e-10
5986.353396700875,21.15421697021515,20.087701397226187,20.087701396784553,4.4163252320025964e-10
5987.730549432824,20.31559229079022,20.091375905578097,20.091375905079552,4.985447118540538e-10
5989.108018976949,20.019104566769045,20.09294381630708,20.092943815744466,5.626155224466297e-10
5990.489094058339,19.97148794982201,20.092342012149896,20.09234201151499,6.349048843349314e-10
5991.86719820203,19.678302272582698,20.089543499042083,20.08954349832603,7.160527262254795e-10
5993.248909544055,19.631013856036592,20.084531988506992,20.084531987699442,8.075511715779698e-10
5994.627648579672,19.909148663744734,20.077357430111807,20.07735742920161,9.101964227622265e-10
5996.009996475457,20.365148045983975,20.0680410777776,20.06804107675174,1.0258603967055786e-09
5997.389370695494,20.63500644129158,20.056707235624533,20.056707234469002,1.155532262073125e-09
5998.769062238757,19.225760268612788,20.043441603819684,20.043441602518495,1.3011891021758403e-09
6000.1523651353855,19.47445224340703,20.028334421987758,20.028334420522594,1.4651627058666205e-09
6001.532692301889,19.783169816719326,20.011604617837744,20.011604616188926,1.6488188199371159e-09
6002.916632485506,20.280226818580164,19.993337926611055,19.993337924755618,1.8554380784148493e-09
6004.29759556808,20.987581359019657,19.973798356259167,19.973798354172455,2.0867108962686226e-09
6005.682173332284,19.84152309640058,19.953081148292643,19.95308114594591,2.3467342081044595e-09
6007.063772623896,18.73465972822683,19.931485470045516,19.931485467407917,2.6375971265495702e-09
6008.445689750609,19.450008829577513,19.909164352304863,19.909164349341278,2.963586097495847e-09
6009.83122405617,19.617674138214085,19.886262542655416,19.886262539325667,3.3297487722579778e-09
6011.213777831448,19.404859979003874,19.863087095710497,19.86308709197155,3.73894686705908e-09
6012.599950452006,19.808349802441,19.83972048808064,19.83972048388236,4.19827906370608e-09
6013.983141169154,19.929282881470446,19.8164587126467,19.816458707935432,4.711268628183099e-09
6015.36995239878,19.86034952321572,19.79336313751972,19.79336313223298,5.286740191120797e-09
6016.753780351236,19.488804121244613,19.77070324209684,19.770703236167815,5.929024855425002e-09
6018.137926651493,20.041435973438386,19.74856937432932,19.748569367682055,6.647266712655228e-09
6019.525695965475,20.227645857400745,19.72703986515955,19.727039857707332,7.45221718917544e-09
6020.910479941277,19.490747017511183,19.706329148017904,19.706329139668142,8.34976159507838e-09
6022.298888599925,19.769914028006983,19.686432058027,19.686432048671982,9.355016664635629e-09
6023.684310545048,18.52289280388371,19.66752224708386,19.66752223660867,1.0475189198910294e-08
6025.073358842906,17.090385740957373,19.649572914867903,19.649572903138917,1.1728985695484842e-08
6026.459419051263,18.656584360330957,19.63271339151471,19.632713378389493,1.3125217390171468e-08
6027.845798120948,20.813732855043444,19.61692769194652,19.61692767726344,1.468307728517324e-08
6029.23580604865,20.205953314107266,19.602197077346375,19.602197060921277,1.642509779503761e-08
6030.622823822516,18.915078503588067,19.588593282077724,19.58859326371457,1.836315423038824e-08
6032.013472126211,21.778932653977904,19.57604097762188,19.576040957092953,2.0528927079448985e-08
6033.4011288985075,21.20663884188724,19.56458009005916,19.564580067122282,2.2936878190486112e-08
6034.792417873217,20.22253369772062,19.554127627916348,19.554127602290315,2.5626032309758864e-08
6036.180713938332,20.350335184377148,19.54469924514797,19.544699216534,2.8613973055086346e-08
6037.56932937913,20.148314058199023,19.53622971882791,19.536229686887573,3.194033664162672e-08
6038.961579531665,19.184399502055985,19.528657708783538,19.528657673131953,3.5651585514974324e-08
6040.350834706939,20.091891148051477,19.52197095648695,19.52197091671573,3.977121991313709e-08
6041.743726268459,20.654095929496776,19.51608604790657,19.51608600354199,4.436457883213655e-08
6043.1336214729345,20.47468555613077,19.510978160867037,19.510978111406917,4.946011991356769e-08
6044.527154738937,19.615304080356996,19.50657157469802,19.50657151956006,5.513796157980342e-08
6045.9176902674735,18.93623365004186,19.50283848538735,19.50283842395484,6.143250812392829e-08
6047.31186553359,19.739846111123374,19.499712222237342,19.49971215379547,6.844187191542061e-08
6048.703041681186,19.97745568535646,19.49715968001243,19.497159603804853,7.620757774871875e-08
6050.094537867026,19.981464239871627,19.495126109187023,19.495126024359074,8.482794913911486e-08
6051.489676304974,19.717896769806263,19.493563624958483,19.49356353054046,9.441802204297997e-08
6052.881813552447,19.677406611183216,19.49243678542849,19.492436680395812,1.0503267975263083e-07
6054.277594730012,19.967321558472808,19.49169949260331,19.491699375769517,1.1683379072626276e-07
6055.670373334456,19.87066403505256,19.491317149565198,19.49131701967788,1.2988731939791043e-07
6057.066797547747,20.1281447656213,19.491251230165602,19.49125108577502,1.4439058192583486e-07
6058.460217804633,19.562758194029588,19.49146645896492,19.491466298542193,1.6042272575522272e-07
6059.853958616019,20.16352276456422,19.491929481643293,19.491929303463913,1.7817938127481214e-07
6061.251347554837,20.76232314338643,19.492610905032134,19.49261070714304,1.9788909287762746e-07
6062.645730461952,19.678290998523128,19.493476298922328,19.49347607926679,2.1965553501852456e-07
6064.043763177192,18.878918836514686,19.49450271930234,19.494502475501804,2.4380053453852383e-07
6065.438788475853,20.822447703094074,19.49566184197097,19.495661571523026,2.7044794480088204e-07
6066.8374652641005,20.00275467504031,19.49693667410842,19.496936374120146,2.99988273497684e-07
6068.2331332502545,20.22782373700736,19.498301602102412,19.498301269533194,3.325692177191337e-07
6069.629122307995,20.996728379353957,19.499744015477738,19.499743646904033,3.6857370647311827e-07
6071.028765377971,20.35697435279289,19.50125805767192,19.50125764922348,4.0844843985988284e-07
6072.425397567208,20.346946703138546,19.502831925314272,19.502831472929184,4.523850882329934e-07
6073.825685452081,20.35439760384361,19.504473882928092,19.50447338191478,5.010133099001774e-07
6075.222961069107,19.485355511688287,19.506184348540963,19.506183793980323,5.545606388115819e-07
6076.623894065946,19.876421321474965,19.507986453715127,19.50798583992752,6.137876060745146e-07
6078.021813407185,20.545599390850644,19.50989377470325,19.509893095739432,6.789638172525004e-07
6079.420054337931,20.116726648619505,19.51194057836948,19.511939827542832,7.508266477403693e-07
6080.821955175208,19.964602004768924,19.514171036721528,19.514170206486504,8.302350225695857e-07
6082.220840274888,19.7191895286374,19.516623767076165,19.516622849540752,9.175354126379173e-07
6083.623386967217,20.733779729891864,19.51936889750058,19.519367883560484,1.0139400967193397e-06
6085.022916532599,19.245958372676085,19.522459956244354,19.522458836386704,1.1198576508601393e-06
6086.426109377524,18.522097356347103,19.525988156702194,19.52598691995659,1.236745603393789e-06
6087.826283705514,20.996856152029128,19.530018643760968,19.530017278676148,1.3650848196791662e-06
6089.226780141767,21.217374251948172,19.53464672310804,19.534645216835948,1.506272093269307e-06
6090.630942388355,20.61229923263645,19.539981506789097,19.539979844856976,1.6619321224716518e-06
6092.032084032653,20.017286937831077,19.546101414160887,19.546099581484377,1.8326765095927662e-06
6093.436893176122,19.9442097363463,19.55314586823358,19.553143847431613,2.0208019689811425e-06
6094.838680325712,20.29763897725542,19.561193247449438,19.56119102042478,2.2270246592404424e-06
6096.244136664088,20.36013610016673,19.57039421382155,19.570391759728306,2.4540932442173546e-06
6097.646569616352,19.764836943178864,19.580816020901995,19.58081331805745,2.7028445444936394e-06
6099.0493251964745,20.437752989639932,19.592588226529198,19.592585250647883,2.975881314112016e-06
6100.455752500258,19.34310443867787,19.6058496111515,19.60584633492485,3.2762266512956847e-06
6101.8591543292105,18.98634809752116,19.620636819733523,19.62063321480037,3.6049331527899658e-06
6103.266229573386,19.89675471425315,19.637109362570765,19.637105396288305,3.966282459069933e-06
6104.670277948897,20.493270217001708,19.655266719550273,19.655262358052504,4.361497768764854e-06
6106.07800143197,20.189025939993684,19.67526111987818,19.675256324198482,4.7956796975639e-06
6107.4826966519,20.47318861155401,19.697046008591208,19.69704073834478,5.2702464288998575e-06
6108.8877150201215,19.655780459573894,19.720698645947696,19.720692855979113,5.789968582581617e-06
6110.2964110348685,19.81072737633781,19.74629373079379,19.746287370414425,6.360379365197551e-06
6111.702076694385,20.480082072646812,19.773699197295617,19.773692214054417,6.983241200628407e-06
6113.111421694719,20.70894297665055,19.803015170333932,19.80300750392561,7.66640832073292e-06
6114.517734943738,21.36470616780656,19.834047093944093,19.834038682032347,8.411911747588162e-06
6115.927729228645,20.01100603397512,19.866858816487188,19.866849587422237,9.22906494934038e-06
6117.334690365512,20.695097178820507,19.901184495625017,19.901174375422535,1.012020248302015e-05
6118.74197517194,20.614170726525717,19.93696590898924,19.93695481506407,1.1093925171300605e-05
6120.152943557313,20.41600407604858,19.974134199739517,19.97412203954491,1.2160194608179374e-05
6121.560876699184,21.208377552408194,20.0123290356287,20.012315713755548,1.3321873149832715e-05
6122.972495117024,20.465844188078254,20.05152035930999,20.051505766172372,1.4593137618134174e-05
6124.381076893025,20.231826028156096,20.09128721600078,20.0912712387451,1.597725567677276e-05
6125.793345642801,20.665946218782242,20.13156349546797,20.131546004507427,1.749096054050246e-05
6127.202576351759,20.141156283042875,20.171882492816177,20.171863354844593,1.9137971583413254e-05
6128.61213125239,18.582666615071275,20.21205037892449,20.212029445384253,2.093354023990305e-05
6130.025375673956,17.96997910020059,20.25185810634825,20.25183521104211,2.2895306140569895e-05
6131.435579955861,20.015082232847735,20.290801227180147,20.29077619942085,2.502775929748748e-05
6132.849475458463,21.090052539160183,20.328744292134747,20.328716936056715,2.735607803199703e-05
6134.260329420811,21.418455873161808,20.36518438933814,20.365154504006007,2.9885332131715132e-05
6135.6748763044,21.13305931841478,20.399976516034,20.39994387093109,3.2645102910589206e-05
6137.086380246501,20.829752041024676,20.43264386434487,20.43260822325029,3.564109457697268e-05
6138.498208903229,20.74821929485947,20.462971661425104,20.4629327615188,3.889990630410175e-05
6139.9137330324675,20.432863805804715,20.49073956393671,20.49069711167734,4.2452259371548334e-05
6141.326212117988,21.02112544427189,20.515550799533283,20.515504494620625,4.630491265859457e-05
6142.74238837852,20.80585354007457,20.537284950388297,20.537234448523602,5.0501864697205904e-05
6144.155518192487,20.838803858189237,20.5556285274729,20.555573476827774,5.505064512520026e-05
6145.572346884751,21.0409377249631,20.570487458889726,20.57042745618211,6.000270761570297e-05
6146.986127726952,21.016207448951096,20.58164750958056,20.581582143177826,6.536640273213552e-05
6148.400233807579,21.38297264966286,20.589042423531534,20.58897123617712,7.118735441493046e-05
6149.818041321889,21.07364251911372,20.59260724835136,20.592529730167854,7.751818350641949e-05
6151.232798880516,21.954352010254755,20.592299546303973,20.592215177752355,8.436855161839002e-05
6152.651259578076,21.34200021182471,20.588131697644375,20.588039883536545,9.181410782826749e-05
6154.066668914839,20.54390953458784,20.580176936186923,20.580077070759984,9.986542694063346e-05
6155.485783096571,21.183657297782474,20.568495100138442,20.568386489571942,0.00010861056649950103
6156.9018445117445,20.836619195978475,20.553277037233922,20.55315897620555,0.00011806102836979742
6158.321612478707,20.71938901918242,20.5346236426501,20.53449532347217,0.000128319177928805
6159.7383262727035,20.117651121504565,20.512832330788463,20.512692933351104,0.00013939743735762183
6161.1553659798465,20.61976266007437,20.488102092216998,20.487950707322696,0.00015138489430091177
6162.576114799464,20.976169505384295,20.460636369423135,20.460471985308374,0.00016438411475942828
6163.993807336129,20.2553224209814,20.43086174689068,20.430683338063766,0.00017840882691482927
6165.415210694055,20.54139040860972,20.39895275663549,20.398759149333078,0.00019360730241228
6166.833556360999,19.720239268851063,20.365398289848898,20.365188295811937,0.0002099940369597068
6168.255614558778,19.652255436947115,20.33039324381909,20.33016550322473,0.00022774059435707434
6169.674613656898,20.145133520725896,20.29446968468432,20.29422282258563,0.00024686209868664857
6171.093939193896,20.481902206931355,20.25791799876444,20.257650493141856,0.0002675056225858579
6172.516979826546,20.58165633871457,20.22102579132266,20.220735951069535,0.000289840253123471
6173.936959246147,20.845186228581355,20.18434593868473,20.18403205702778,0.0003138816569487519
6175.360655472942,20.550710297857478,20.148080013883867,20.147740138420197,0.00033987546367062176
6176.781289076387,20.42516362311574,20.112772012375356,20.11240417505713,0.0003678373182273811
6178.205641199359,20.07955857955091,20.078620535567683,20.078222485451406,0.00039805011627802833
6179.626929288032,20.248530426424765,20.04614598882179,20.045715459764676,0.00043052905711679255
6181.048544342163,20.83840049739115,20.015610692091652,20.015145179200882,0.0004655128907683805
6182.473880484775,20.063830013772023,19.98728202125675,19.986778745538075,0.0005032757186749639
6183.8961504762865,20.320808422353082,19.961612572433683,19.961068741434044,0.0005438309996399438
6185.322143270582,19.5966167002766,19.938783899281553,19.938196320212757,0.0005875790687952358
6186.745068501205,19.475360431539375,19.919191617828,19.918557086546564,0.0006345312814398302
6188.171718249706,19.903185938903423,19.903011916682058,19.90232677011691,0.0006851465651456776
6189.595299021308,19.83544763096353,19.89057187558519,19.889832442389636,0.0007394331955555039
6191.019207285795,19.669126440762827,19.882055844252022,19.881258071988135,0.0007977722638861117
6192.4468426412595,19.921556392642458,19.87766260716096,19.876802006491914,0.0008606006690454273
6193.8714068996105,19.9923299279543,19.87759716417344,19.87666924444722,0.0009279197262194149
6195.299699966006,20.198452306470756,19.882020223599852,19.881019852251832,0.0010003713480193272
6196.724920520434,19.839189366068783,19.891042424931985,19.88996447469903,0.0010779502329550164
6198.153871600769,19.365413297228063,19.904811771930106,19.90365038311601,0.0011613888140981727
6199.579748753631,20.71445348643562,19.9233358995008,19.922085226301604,0.0012506731991950848
6201.005953927659,19.87603174008302,19.94668155129777,19.945335149822533,0.0013464014752378394
6202.435892204841,20.544527102517836,19.974928840295654,19.973479581965325,0.0014492583303287842
6203.8627544309165,20.917982831250075,20.007911925369463,20.00635271297243,0.0015592123970335943
6205.293351479986,20.244851324983816,20.045720346541085,20.044043070294403,0.0016772762466811019
6206.720871060812,19.884036322380496,20.088069344893537,20.086265941806726,0.0018034030868102086
6208.152127185263,20.65383036276015,20.13501006944131,20.133071326555772,0.001938742885537165
6209.5803044236845,20.337391311313016,20.18612828866639,20.18404505892316,0.0020832297432293563
6211.008810212401,20.42206075138634,20.241299440645605,20.239061654149324,0.002237786496280055
6212.441055126151,20.53189138708206,20.300390732317002,20.29798726425384,0.0024034680631611722
6213.870219026808,20.25938108242801,20.36280229744935,20.36022212594063,0.002580171508718395
6215.303123775109,19.895573443344464,20.428471044066203,20.42570157592816,0.002769468138044389
6216.732946090899,19.964221192089983,20.496681647280578,20.49371042371439,0.0029712235661877415
6218.166510977739,20.131896522112843,20.56732242167633,20.564135207710557,0.0031872139657744044
6219.59699201199,20.48648198046493,20.63958802432822,20.63617075730205,0.00341726702617005
6221.027802126523,20.75939188789721,20.713141023078855,20.70947824047297,0.003662782605887746
6222.46235739768,20.82056869316509,20.787630465771844,20.783705107239157,0.003925358532687981
6223.893826685755,20.746464299585796,20.86214977929745,20.857945028169684,0.0042047511277654645
6225.329042855845,20.52636083452441,20.936485160532673,20.931981801488114,0.004503359044560741
6226.761171621142,19.842240878193454,21.009705313174212,21.004884433658905,0.0048208795153073525
6228.197048994642,20.649370845862027,21.081576646050664,21.07641663482225,0.005160011228410448
6229.6298375409815,20.87932909166429,21.15118117691579,21.145660795454063,0.0055203814617293175
6231.062955698444,20.87432841990662,21.218126789439534,21.212222711775226,0.00590407766430724
6232.49982505385,21.488943798964446,21.2820127529964,21.27569927415678,0.006313478839622657
6233.9336034481685,21.145297936418903,21.342012265917212,21.335264182531745,0.006748083385466591
6235.371134768606,20.878281856797205,21.397919200535053,21.390707707325266,0.007211493209789205
6236.805573703951,20.97066651163894,21.449018707563493,21.441315605564178,0.007703101999314796
6238.243767294385,21.01152370353478,21.495148911712835,21.48692196853134,0.008226943181495415
6239.678867075068,20.653058716015977,21.535734644087512,21.526952355866797,0.008782288220716056
6241.114296998569,20.41066643517698,21.5705984572633,21.561226260351674,0.009372196911625628
6242.55348417108,21.08417499610232,21.5995636010259,21.58956345014906,0.010000150876838108
6243.989575396466,20.54599774095559,21.62231353915741,21.61164833902094,0.010665200136467925
6245.429425601824,20.81586114695634,21.63885014792997,21.627477482882398,0.011372665047571773
6246.866178433756,21.122990330541995,21.6490507529655,21.636929334522158,0.012121418443341275
6248.306691977423,21.22453453245089,21.652987033532746,21.640069643487536,0.012917390045209308
6249.744106720704,21.300008097931766,21.650731978149732,21.636972729874504,0.013759248275227703
6251.181852139359,21.01288285405008,21.642454081375963,21.627802679803793,0.014651401572169162
6252.6233608678485,21.304490162949037,21.62832983840748,21.612730980573367,0.015598857834113173
6254.061768655136,20.254858931865588,21.608702305834832,21.59210238553322,0.016599920301612565
6255.503941486014,20.815178440015472,21.583804824759312,21.56614250585299,0.017662318906322506
6256.943011947087,21.43450011260876,21.55413422287564,21.535350154376296,0.018784068499343033
6258.385849186305,20.265471579944492,21.519969775378918,21.49999603165456,0.019973743724357756
6259.825582626456,20.567603849792338,21.481927838824085,21.460698808718433,0.021229030105650512
6261.265647275393,21.333048608523033,21.440415881237698,21.417859711014753,0.022556170222946096
6262.7094813047715,21.557324728300046,21.395827819289565,21.371865576078523,0.023962243211040183
6264.150209390809,20.59814277183148,21.348895212162212,21.323450858662085,0.025444353500127907
6265.59470859384,20.40585241173892,21.29992600913257,21.272912461680402,0.02701354745216675
6267.036100422625,21.470780036317596,21.249684455868337,21.221017979921527,0.028666475946810682
6268.481265105753,20.67867588471447,21.19845882041047,21.168043485883608,0.030415334526859298
6269.923320983071,20.936299420037816,21.147006139291726,21.114749878409285,0.032256260882441476
6271.369151452881,21.155304290627388,21.09557848856245,21.061375787532178,0.03420270103027119
6272.811871684658,21.01152370353478,21.04489494858559,21.008644735148078,0.036250213437512585
6274.254923812327,20.93164323343379,20.99527679419731,20.95686847850306,0.038408315694248844
6275.701753140185,21.236442444707507,20.947025241064143,20.906337465960707,0.04068777510343627
6277.1454700812865,21.49804822840702,20.90074790818334,20.857664765492796,0.043083142690543585
6278.592965962731,20.91323394682289,20.85656016233871,20.81094868428238,0.045611478056330104
6280.037348023541,20.38601507758199,20.814969544518608,20.766702987867177,0.048266556651431786
6281.48551076565,20.67629580547109,20.776032681506088,20.72496558350622,0.05106709799986958
6282.930558252593,21.001231739817086,20.740141913004084,20.686135903506333,0.05400600949775206
6284.3759381708105,20.649839345670983,20.707364143674607,20.650267901090768,0.057096242583838386
6285.825101382225,20.575272715649167,20.677746980755714,20.617394560768,0.06035241998771416
6287.271147186285,21.192902026633078,20.651499810504877,20.587733855590685,0.0637659549141936
6288.720978026505,21.250214334813677,20.628522743019143,20.561162426575194,0.06736031644394909
6290.167690023182,21.1447793296785,20.608902759171645,20.537776980195574,0.07112577897607063
6291.618188799783,21.104836589281433,20.592481537965295,20.517393565475782,0.07508797248951195
6293.06556729599,20.973423645541402,20.57923318543711,20.4999972785007,0.07923590693641266
6294.5132787597195,20.79322158265865,20.56897033611357,20.485383435966888,0.08358690014668134
6295.964779619484,20.80267049725487,20.56150267779301,20.47334221529079,0.0881604625022191
6297.413158043198,21.458533902273757,20.556659078047783,20.463715629040212,0.09294344900757066
6298.865327608722,21.83198336763957,20.55417430165178,20.456206691066438,0.09796761058534117
6300.314373299689,21.518499372474086,20.553795757700197,20.45057758204757,0.10321817565262913
6301.7672118790415,21.085698246818087,20.555237052095045,20.446507399352743,0.1087296527423016
6303.216925144672,21.337901464832953,20.558192734999167,20.443707256847944,0.11448547815122323
6304.666971914933,21.628200982821344,20.562356069195314,20.441847665270636,0.12050840392467765
6306.120814193914,20.550027590916617,20.567423675238253,20.44059967275385,0.1268240024844029
6307.571529000034,20.693955993456967,20.57305201864497,20.43963933335284,0.13341268529212785
6309.026041063465,21.489339643722815,20.57894950716454,20.438632815276108,0.1403166918884327
6310.47742421321,20.717463660341853,20.584777809979713,20.437263637941452,0.14751417203826178
6311.932606369657,19.285775845744556,20.590267880538722,20.43521706726329,0.15505081327543005
6313.38465817093,20.715857733189214,20.595113320535763,20.432211028186558,0.16290229234920614
6314.837044014813,20.482656316249518,20.599068559957125,20.427970583323777,0.17109797663334705
6316.293231489957,20.319222537973022,20.601902026537566,20.422231237654252,0.17967078888331361
6317.746286447311,19.961708329478288,20.603387243076423,20.414794971752407,0.18859227132401526
6319.203144787334,19.403607305717887,20.603350843020877,20.405433166936074,0.1979176760848038
6320.656869166417,21.532972759620407,20.60164500323443,20.394029520465647,0.20761548276878236
6322.114398680387,21.100712788823955,20.59814492699782,20.380399761963062,0.21774516503475505
6323.568792789602,21.599647547940492,20.592786097710476,20.364514218857508,0.22827187885296904
6325.02352148027,21.058675578692714,20.585514989664226,20.346282126910076,0.23923286275415048
6326.48205793462,19.926349120634658,20.57629502765563,20.32562528306035,0.25066974459527785
6327.9374568181065,20.042545841969773,20.565194007863525,20.302651831708047,0.2625421761554771
6329.3966652195095,20.6886333846648,20.55221256746287,20.27729135351742,0.2749212139454523
6330.852734604571,21.529783453434277,20.53749549316998,20.249733022611693,0.2877624705582882
6332.312615262593,21.02457029580836,20.521083489560198,20.219941429797835,0.30114205976236186
6333.76935545813,20.823878255986674,20.50319092095751,20.18817967720162,0.315011243755891
6335.226430774835,21.132949083165613,20.483944092933033,20.15452768659074,0.32941640634229374
6336.687319997534,21.071142183234887,20.463471663740254,20.119062429874248,0.3444092338660046
6338.145066588147,20.822943761715322,20.442063285066663,20.082129432682542,0.35993385238412157
6339.606628841819,20.828632151107005,20.419824546045177,20.043744451605075,0.3760800944401016
6341.065047015594,20.579523036108526,20.397077437432852,20.004290538732047,0.3927868987008046
6342.527282610303,21.265782558411956,20.373934010872482,19.963783990879442,0.410150019993041
6343.986372676639,21.38769272260447,20.350722748063465,19.92261989542597,0.4281028526374924
6345.445798404728,20.535179654457778,20.327607180526083,19.88090503619421,0.44670214433187333
6346.909044191032,21.660875712813098,20.30475000280735,19.838739098294003,0.46601090451334815
6348.369142275863,19.739080727745634,20.282468854468473,19.796515333648493,0.4859535208199777
6349.833062178806,20.52630195887997,20.26085722054026,19.754215597997643,0.506641622542617
6351.293832930131,20.846391300282477,20.240206330195324,19.71221321682732,0.5279931133680064
6352.75842726028,19.23168666592881,20.220591742307747,19.67046534857993,0.5501263937278145
6354.2198709879995,19.636420393938923,20.202268590475565,19.629316098899942,0.5729524915756251
6355.681650918927,24.757501613205534,20.185338102003357,19.588798508810548,0.5965395931928074
6357.147257070213,20.918537765515765,20.16989953281681,19.548936429320868,0.6209631034959435
6358.609710442461,20.57104744865552,20.15614942705793,19.510026434841425,0.6461229922165055
6360.075991797807,21.840423880240564,20.14413398079207,19.471978400071734,0.6721555807203348
6361.53911892163,21.65719786404543,20.134005562552794,19.435052605106726,0.6989529574460664
6363.0060757921,20.86549707324039,20.12579725499584,19.39913826488809,0.7266589901077505
6364.469876977896,21.29998805515919,20.11961546299762,19.364457985133154,0.7551574778644633
6365.934014909231,21.263740700955793,20.115498460884975,19.33096958255785,0.7845288783271261
6367.401985233009,21.616027503828093,20.113499921826396,19.298638162890143,0.8148617589362543
6368.866797691997,21.3886021634101,20.113681873900234,19.267655147977347,0.8460267259228851
6370.335444309007,21.29492224439065,20.116091780369494,19.237904432106617,0.8781873482628754
6371.800931606398,21.94303535978912,20.120759911041226,19.209554982782084,0.9112049282591435
6373.2702548282095,21.625502724563322,20.12774759782866,19.182496382519716,0.9452512153089438
6374.736417274904,21.230487235905915,20.137061293919302,19.15688348339001,0.9801778105292903
6376.202917010343,20.843250848354504,20.148754583512066,19.132676650105893,1.0160779334061718
6377.6732553202655,21.114822900717343,20.16290088513641,19.109847223346662,1.0530536617897466
6379.140430671437,21.474325101716946,20.179472936332004,19.088531609061747,1.0909413272702588
6380.611446365521,21.141647646463525,20.198593638746043,19.068659921901492,1.12993371684455
6382.079297643682,20.90247724131609,20.220215203697503,19.050358688924476,1.169856514773027
6383.550991034001,21.787303016874887,20.24448507017176,19.033573962631497,1.2109111075402619
6385.019518550549,20.512364715900052,20.27133305508573,19.018420874555268,1.252912180530462
6386.491889949314,20.327675577306877,20.300933484330045,19.004863694922324,1.29606978940772
6387.961094015794,21.10396973936753,20.333187975420216,18.993000685798677,1.3401872896215377
6389.430636070738,21.07547893815098,20.3682007039488,18.98282638397788,1.3853743199709212
6390.9040246634595,21.438333292863888,20.40609932224088,18.974349332274905,1.4317499899659758
6392.374243735732,20.546258296999074,20.446732742102743,18.967632641979563,1.4791001001231794
6393.84831111788,20.464860839548752,20.490316904752067,18.9626603966302,1.5276565081218694
6395.319207519382,21.592978315365883,20.536656958855886,18.959463988518777,1.5771929703371068
6396.793954003675,21.79620200789856,20.585977069036073,18.958027021826577,1.6279500472094937
6398.265528046451,20.624073108851462,20.638033052132666,18.958343831670707,1.6796892204619611
6399.737440622903,21.38915835034908,20.69291790971262,18.96038565155852,1.7325322581540998
6401.213205941991,21.57166032138491,20.750738628896766,18.964128138572136,1.78661049032463
6402.685796627868,20.934416652088974,20.811167800029374,18.969501154663376,1.8416666453659973
6404.162241831339,20.920198810292987,20.874429734056577,18.976467014582617,1.8979627194739574
6405.635510939048,21.59666869086641,20.940146660827228,18.984917896815876,1.955228764011351
6407.1126363401245,22.145853186177135,21.008535967681514,18.99480082581887,2.013735141862642
6408.5865841822115,22.073511303911236,21.07916152960124,19.005962381589608,2.0731991480116316
6410.060871104064,20.311013769929932,21.1520595288474,19.018306004278205,2.133753524569194
6411.539016983419,20.93776504778242,21.227272653090314,19.03173240571035,2.195540247379964
6413.013983108557,21.324375098690837,21.304290809863513,19.046033352133236,2.2582574577302785
6414.4928099690205,20.844980790162456,21.383317216298813,19.061121577917838,2.3221956383809763
6415.968455610352,21.29890073474695,21.463803209625354,19.076762977165572,2.387040232459783
6417.447963765649,23.255724222910544,21.545948537036683,19.09285914686801,2.453089390168676
6418.924289236228,25.293740982778846,21.629164981408366,19.109148975122366,2.520016006285998
6420.400954333542,19.912949274494423,21.71344627588146,19.125483987227206,2.5879622886542526
6421.8814846132545,20.022709760486123,21.79879326917557,19.141714329496626,2.657078939678943
6423.358830009479,23.300013739609998,21.8845923230991,19.157571792894345,2.727020530204753
6424.840042368787,21.683914879889016,21.971042019158958,19.172938662954984,2.7981033562039754
6426.318068377335,21.762835802252937,22.05752106371966,19.1875507870347,2.86997027668496
6427.799963130477,22.09732963377104,22.144237304151567,19.201292778739383,2.9429445254121824
6429.278670064908,22.06370537742851,22.23057694733424,19.213919095012937,3.016657852321302
6430.757717173923,21.403704392545993,22.316550720827358,19.225289432080743,3.0912612887466144
6432.240635700272,21.490920517409734,22.402174723485867,19.235261117652314,3.1669136058335545
6433.720364205591,23.167548550309736,22.48686258140404,19.24363102318084,3.243231558223201
6435.203965911801,24.11231223725656,22.57084897578031,19.250292967547303,3.32055600823301
6436.68437612734,22.011508986947888,22.65357882637908,19.25508349950666,3.3984953268724185
6438.168661328154,21.967186900743002,22.735306697520812,19.25790836131585,3.4773983362049647
6439.649753567978,22.466214357682702,22.815519957949586,19.258653053311356,3.55686690463823
6441.1311865311245,23.05715546430861,22.894310189923416,19.25724330399794,3.6370668859254773
6442.616497156595,23.949216680767282,22.971774619074065,19.253601569506657,3.7181730495674095
6444.098612615206,23.541872381629165,23.047480433152725,19.24769774804491,3.7997826851078154
6445.584607522579,24.344863516760824,23.12174929698773,19.239476800853414,3.882272496134318
6447.067405791079,21.393209495755972,23.19421240555203,19.228970681266485,3.9652417242855442
6448.554085295599,21.203008594704443,23.265228516997155,19.216143829567066,4.049084687430088
6450.03756668856,23.334542426065013,23.33450107895343,19.201092768938917,4.133408310014513
6451.521389354464,23.36586176356133,23.40227126343632,19.183843866143945,4.218427397292373
6453.009095937758,23.041785163089514,23.468799206951807,19.164423647662908,4.304375559288901
6454.493602200062,22.954436254857455,23.533905794488124,19.143019326245966,4.390886468242158
6455.981994169072,22.95887071828986,23.598075016095777,19.119640870549393,4.478434145546385
6457.467184342707,23.25916406375387,23.661214284925748,19.0945301505863,4.566684134339445
6458.956262013193,23.6407483894389,23.723881529562654,19.067715370418597,4.656166159144058
6460.442136413237,23.68262525738953,23.786078157646905,19.03948545743252,4.7465927002143875
6461.928352636733,23.562055453613027,23.848300567455418,19.009950950175046,4.838349617280372
6463.418459042775,24.173846054410944,23.911097952362656,18.97922046963894,4.931877482723716
6464.90535996538,23.549258143323357,23.974627434783525,18.94763153222363,5.026995902559893
6466.396152862737,24.06939815582513,24.039709369189982,18.915228198532155,5.124481170657828
6467.883738799893,24.41020796605119,24.106618644886296,18.882363717529827,5.224254927356469
6469.37521850483,23.4983169314753,24.176338235030705,18.849083754383297,5.327254480647406
6470.863489772122,24.98033214801052,24.249275714768316,18.81574312084491,5.433532593923406
6472.352103414263,24.071234574862387,24.32641944052257,18.782452444555886,5.5439669959666835
6473.844613514212,25.0861604925575,24.408896251054042,18.749315312428493,5.659580938625549
6475.3339129599535,25.487359176554552,24.497347038757216,18.716662768899983,5.780684269857233
6476.827110658596,24.653772749085874,24.593350170073098,18.684501829912243,5.908848340160855
6478.3170962238855,24.37795162893696,24.697729463322233,18.653134155403457,6.044595307918774
6479.810981838003,24.831549636486955,24.81240824307607,18.622543597951353,6.189864645124719
6481.301653838936,24.975504345166318,24.938413729708515,18.592994359303205,6.345419370405308
6482.792668767003,24.890670804892522,25.077738347771184,18.56451369383916,6.513224653932024
6484.287586438261,25.275479511615686,25.23267510156314,18.537121737161186,6.6955533644019525
6485.7792882762005,26.0604947850934,25.404576995441065,18.511015807311498,6.893561188129568
6487.274894655323,26.51685368456572,25.596549275040402,18.486117167265782,7.110432107774622
6488.76728371959,26.32053222183885,25.81015365581877,18.462575062090174,7.347578593728596
6490.263579123862,26.641161465427615,26.04909698520098,18.44029442776088,7.608802557440099
6491.756655731065,26.758747401436892,26.315120179323245,18.419382894232246,7.8957372850909975
6493.250075818578,27.132071599474106,26.611831067676185,18.399773084527435,8.212057983148751
6494.7474049448065,27.498618835034108,26.94332058881602,18.38139736028509,8.561923228530935
6496.241513050246,27.548698207661403,27.311451939938323,18.364306491119848,8.947145448818473
6497.739531995293,28.09849150218912,27.721594092340883,18.34837223468996,9.373221857650922
6499.234328435629,28.738439693109516,28.175527982918624,18.333614877725132,9.84191310519349
6500.733037517294,29.110801838063082,28.67926999387522,18.319900675276095,10.359369318599125
6502.228522609641,30.098517186639928,29.234327573070892,18.307227646702238,10.927099926368655
6503.72792214587,31.08619746036476,29.84729513903725,18.295464791354807,11.551830347682444
6505.22409620749,31.287449445145285,30.51916473607836,18.284595701072817,12.23456903500554
6506.720614461988,31.8618402323167,31.255157782378866,18.27451785575958,12.980639926619286
6508.2210498646755,32.967199139873976,32.06098337632649,18.265135864962918,13.795847511363572
6509.718257564423,33.19837247876365,32.936346014873635,18.256422099891278,14.679923914982353
6511.219384216991,34.13392150101873,33.88876294321122,18.248264654077246,15.64049828913397
6512.717281679616,35.594353156836355,34.916787826480146,18.24063510659339,16.67615271988676
6514.21909990052,36.30448111593103,36.02818229676664,18.233430584904788,17.79475171186185
6515.717687443795,36.682011790862596,37.220290751736044,18.226622333936284,18.99366841779976
6517.216619735166,37.44834720029962,38.49816805259778,18.220136813984926,20.27803123861285
6518.719475493488,39.00445303100799,39.867699015413336,18.213909809804875,21.653789205608465
6520.219098342255,39.90221641626449,41.325096432821425,18.207925023352107,23.11717140946932
6521.722646465513,41.88392551192754,42.88054679742291,18.20210870261587,24.67843809480704
6523.222960189815,44.985201335557576,44.5306934584038,18.196449622423522,26.33424383598028
6524.72720099698,44.29295904564026,46.28869447522135,18.19088760621932,28.097806869002024
6526.228205915105,46.65265980000413,48.15304286528004,18.185419139649902,29.96762372563014
6527.729556137438,49.061365133315924,50.136579054349916,18.180007823865566,31.95657123048435
6529.234836155674,50.83156786067934,52.255407521302494,18.174624965478728,34.08078255582377
6530.7368780493425,52.36232960546556,54.51240965712971,18.169283201120344,36.343126456009365
6532.242851549371,54.521161693074426,56.93300816965697,18.163948289171614,38.76905988048536
6533.745585433028,58.56976166784785,59.521016292661905,18.158642000030255,41.36237429263165
6535.252252734334,63.16723798030364,62.30346018354275,18.1533389650386,44.15012121850415
6536.755678926778,64.21897746052741,65.27897331124495,18.14806678457481,47.13090652667015
6538.259450980443,66.68469446043117,68.46052206377702,18.14281822970202,50.317703834075004
6539.767159169174,72.40973206176513,71.85479482341974,18.13759602160111,53.717198801818625
6541.271624009911,78.24680876179798,75.43271235274105,18.132446318014665,57.30026603472639
6542.78002679909,81.6342978831575,79.18424733253424,18.127369521917004,61.05687781061724
6544.285184746066,86.51184187820174,83.04825259267452,18.122417132309177,64.92583546036533
6545.794282455694,90.5126197976092,86.9823723865473,18.117594449084528,68.86477793746278
6547.300133828222,93.4557406081899,90.89036886141383,18.112954792203958,72.77741406920988
6548.8063316198795,96.61755813173181,94.68952879824398,18.1085253905528,76.58100340769118
6550.316471895992,98.30525979647997,98.28535318791722,18.104343467285656,80.18100972063156
6551.823363592258,94.97025267511027,101.55271610302614,18.10048176341057,83.45223433961557
6553.33419958928,98.33117510142053,104.40067471024113,18.096973477718564,86.30370123252257
6554.841785509837,99.38609637179073,106.71875619330132,18.093884610647443,88.62487158265388
6556.353317548286,100.48799790107864,108.43746492253374,18.09124970003362,90.3462152225001
6557.861598012962,105.01624146636436,109.49122730309307,18.08912911666965,91.40209818642342
6559.370225455576,112.02429711136779,109.85503237817036,18.087562567444415,91.76746981072594
6560.882801742275,117.18953005327239,109.5270915039487,18.0865958901223,91.4404956138264
6562.392124208835,117.10851716652088,108.53818673098166,18.08627923545367,90.45190749552799
6563.905397338714,116.39481407786798,106.93956921907237,18.086653003260125,88.85291621581224
6565.41541514942,110.65789111239657,104.81620394713973,18.08775167504619,86.72845227209353
6566.929385443511,101.21638232064335,102.25059601220426,18.08960872832387,84.16098728388039
6568.440098918706,94.79549974102156,99.35497540627827,18.09223282783587,81.2627425784424
6569.951159931552,93.38553077585675,96.22392590397439,18.09563814071572,78.12828776325867
6571.466176158372,89.38230763819502,92.9436918205504,18.099838151642203,74.8438536689082
6572.97793331631,86.37211368918929,89.61305047540766,18.104803463091233,71.50824701231643
6574.493647510388,85.25732465713509,86.28489606210977,18.110533569724815,68.17436249238494
6576.006101134131,83.60518889232276,83.02747624230804,18.11696656635616,64.91050967595189
6577.52251361702,81.92939263448467,79.8616560853622,18.12409107683509,61.73756500852711
6579.03566402743,85.6865306104603,76.82413101862838,18.13181862928268,58.692312389345695
6580.5491625361055,87.4705578402079,73.91653403316582,18.14009795605461,55.776436077111214
6582.066622638918,85.00142855827312,71.13229916065265,18.14886813148274,52.98343102916991
6583.5808184156385,80.61548867827584,68.4781747227373,18.157995819481584,50.32017890325571
6585.098977611602,75.85109114511533,65.9312965357963,18.167424786137694,47.76387174965861
6586.613870977598,70.14038913686626,63.49229736665899,18.177001370460076,45.31529599619891
6588.132729588783,63.2618649203273,61.13843646570855,18.186656479320785,42.95177998638776
6589.648320865435,60.43567364495402,58.87146587097406,18.19622519791816,40.6752406730559
6591.164260801869,55.629206332156855,56.67847916897309,18.205608110277495,38.472871058695596
6592.684168722897,51.60445725674868,54.54972390097922,18.214703334985145,36.33502056599407
6594.200807052141,50.15653730171153,52.49287240035807,18.22334540823088,34.26952699212719
6595.721415194029,48.80429653225826,50.497605098353816,18.231457035114847,32.26614806323897
6597.238752237832,45.09134284842605,48.57443008349438,18.23888657579369,30.335543507700688
6598.760060923169,44.465086376521526,46.716199539770194,18.245563193974263,28.47063634579593
6600.278097003429,41.860979042674785,44.93434477249764,18.251358080594535,26.682986691903107
6601.796482305894,40.28150083379643,43.227090944546276,18.25620140045598,24.970889544090298
6603.318841993719,40.17640906114161,41.5932116811597,18.2600280647771,23.333183616382605
6604.837926815572,39.008313770075404,40.042659308973754,18.26276214597709,21.779897162996665
6606.360987853784,36.88320114197882,38.5696410822364,18.264372012850558,20.30526906938584
6607.880772517295,35.73957807622771,37.182110616116425,18.264818877469335,18.91729173864709
6609.404535229004,34.69236074656635,35.87368235782799,18.264089097795335,17.60959326003265
6610.925020056588,33.81217487285887,34.650123777370624,18.262185618580506,16.387938158790114
6612.4458546697115,33.22181250129108,33.507097826695585,18.25912507420083,15.247972752494752
6613.970670079282,32.278306498323396,32.440426464425975,18.254927870418445,14.185498594007532
6615.49220534019,30.380083066478395,31.452915084560665,18.249658444086606,13.20325664047406
6617.017723231497,30.320428259252996,30.53710358599828,18.243346083066,12.293757502932278
6618.539959462976,29.89620544025945,29.69423404310472,18.236085340903106,11.458148702201616
6620.066180159654,29.446488214549447,28.91685441954329,18.227917047219606,10.688937372323686
6621.589117684645,28.637752319728236,28.20502792445003,18.21896578067779,9.986062143772235
6623.116041510473,27.194454729116387,27.551554445784667,18.20928041578423,9.342274030000436
6624.639680652059,26.696642365264097,26.955669505513576,18.199002083528285,8.75666742198529
6626.163670304828,26.08910333759883,26.411852337996066,18.18820561185299,8.223646726143075
6627.691649012386,25.593971694578556,25.9151047275062,18.17696106789348,7.738143659612721
6629.216340766465,25.974493753317063,25.46398442247952,18.165418053752,7.298566368727521
6630.74502341309,25.535890245000363,25.052626116373002,18.15361478921819,6.899011327154812
6632.270417591938,23.806885436666565,24.6794283920054,18.141697659947845,6.537730732057556
6633.799804501933,24.489334326834012,24.33920365724232,18.129696654630003,6.209507002612315
6635.325901429156,24.25378414748309,24.03035722168817,18.117748183027924,5.912609038660245
6636.85234943297,24.297497434470984,23.749025925993042,18.105895680297273,5.643130245695769
6638.38279292633,23.915126429962356,23.4918125326206,18.09417549978766,5.39763703283294
6639.909944164016,23.212837700291406,23.257331767993385,18.082700409992814,5.17463135800057
6641.441092731967,22.87748453489911,23.04205460341324,18.07146546426442,4.970589139148822
6642.9689475275045,22.582121711488753,22.84480680394548,18.060564320944422,4.784242483001057
6644.500801494874,22.753547545329866,22.662638686450666,18.049976219506647,4.61266246694402
6646.029360172392,22.33360636362784,22.494605921736504,18.03977416281599,4.454831758920512
6647.558270492826,22.065854964787267,22.338628801755437,18.02994651524288,4.308682286512557
6649.091182747934,22.180762685311098,22.192915186695444,18.020479308298484,4.172435878396959
6650.620797436628,22.123575644459095,22.056859723164706,18.011420178016426,4.0454395451482785
6652.154415903687,21.790121531768367,21.92865681860572,18.00272150263991,3.9259353159658086
6653.684735285141,22.056159273553703,21.80789996320949,17.994414761049853,3.813485202159636
6655.2190602895,21.39242532227894,21.693116212583547,17.986445075879598,3.7066711367039495
6656.750084688368,21.535696071344148,21.584071329789925,17.978831798585112,3.6052395312048118
6658.281461297387,21.957456134657434,21.479807651026295,17.971534720718978,3.5082729303073177
6659.816846296612,21.368404059346805,21.3795046521016,17.96451465020441,3.4149900018971873
6661.348928410109,21.42578150653827,21.283132863877785,17.957779829257504,3.32535303462028
6662.8850207604755,21.621812349062797,21.189795286981877,17.951271465776188,3.238523821205688
6664.417808703476,21.116002918952745,21.099564250571444,17.944993628990176,3.154570621581268
6665.95460873086,21.128975603502454,21.01169412164984,17.93889196690952,3.0728021547403204
6667.48810282854,21.609999639975914,20.92633918329923,17.932972870892694,2.993366312406537
6669.02194970452,21.11866610235876,20.843065162256984,17.927199064213248,2.915866098043735
6670.559811436649,19.45867732871656,20.761495185370276,17.92153643170433,2.839958753665948
6672.09436495516,20.36223432792076,20.681865981969388,17.91599397339282,2.7658720085765687
6673.63293517946,20.900609505446685,20.603676628682308,17.910532081878515,2.693144546803795
6675.168195666049,20.71231642580972,20.52720125576643,17.905162864873276,2.6220383908931533
6676.707474708923,20.290243194174934,20.451997167515074,17.899846899700236,2.5521502678148393
6678.243442489288,20.093787695406466,20.378372031967604,17.89460338760219,2.4837686443654143
6679.779763617025,20.528472841684593,20.306117000264873,17.889416491035593,2.4167005092292797
6681.320106077283,20.498917268174953,20.23505849343631,17.8842722398518,2.3507862535845105
6682.857134987435,21.23871228870172,20.165553959350007,17.879194330079002,2.2863596292710047
6684.398187082733,20.317604084087524,20.097322043497673,17.8741593465737,2.223162696923975
6685.935924101374,19.229937934021567,20.03077741472192,17.869194265298916,2.1615831494230067
6687.477686158644,20.14141809175965,19.965742397653205,17.864280624806668,2.101461772846537
6689.016131612,19.840097554201122,19.902727019134826,17.85944785161887,2.043279167515955
6690.554930982712,19.321862857767346,19.841848168165725,17.854689993124538,1.987158175041188
6692.097758172767,19.620849664994072,19.78333136630199,17.85000087884139,1.933330487460603
6693.637266467618,20.05251085795982,19.727919963572614,17.845407653435053,1.8825123101375618
6695.180804437427,20.00453221843313,19.675929343691553,17.840893980380446,1.835035363311108
6696.721021983021,19.755119956499442,19.628300523626645,17.836486285237413,1.7918142383892313
6698.265271060041,19.97197398705697,19.585610515820353,17.832167247373945,1.7534432684464079
6699.806198183129,19.624989750204268,19.548952200669063,17.827958961688257,1.7209932389808074
6701.347479794475,19.403609811064456,19.519157341572804,17.823849982594087,1.6953073589787164
6702.892795722448,19.683552226324284,19.49712390904431,17.819828184709596,1.6772957243347126
6704.434787401503,20.010830659715086,19.483833097076435,17.815910281149197,1.667922815927236
6705.980815255791,19.855168466504864,19.479950161254525,17.812072808790518,1.667877352464008
6707.5235173296805,19.672308230909238,19.485981500179584,17.808326522679295,1.6776549775002898
6709.070257438269,20.369784189815423,19.50212000336439,17.804643827608615,1.6974761757557728
6710.613670234273,20.247268984425773,19.528055506599085,17.801032480608477,1.7270230259906085
6712.157438090362,21.664508465342465,19.56313326579878,17.79747394475337,1.7656593210454086
6713.705246770844,23.453335939121985,19.606311663874834,17.793947760807516,1.8123639030673184
6715.249725840052,23.215383132408533,19.655776134325556,17.79045971138573,1.8653164229398262
6716.798247595258,23.02012143128161,19.70974934904188,17.786984937559943,1.9227644114819358
6718.343438205241,22.39120177597107,19.76565548983727,17.783532144468897,1.982123345368373
6719.892673363686,21.260641587246255,19.8212372286284,17.780076746864758,2.0411604817636437
6721.438575842251,19.771240609016846,19.873645076584804,17.77662694144537,2.0970181351394315
6722.98483395365,18.84935324161876,19.92049604290756,17.773169141141146,2.147326901766412
6724.535139407704,19.39094027344996,19.95953171053907,17.769691777141837,2.1898399333972334
6726.082109879481,20.905581365718778,19.988489609195796,17.766209352239734,2.222280256956063
6727.633129558522,22.055019340863453,20.005756676800182,17.76270319888937,2.243053477910811
6729.180812718863,21.00904967379495,20.009874041365926,17.75919005119047,2.250683990175457
6730.732546951935,21.63632832710084,19.999868426375794,17.75565910338736,2.244209322988437
6732.2809431291735,22.322652988415143,19.975179259839358,17.752133565931118,2.223045693908239
6733.829695512918,20.120787815412683,19.93556758560351,17.74861056860592,2.1869570169975923
6735.382501768094,19.34112772023258,19.88102501544713,17.74508593058093,2.1359390848661977
6736.931967661328,19.029015402315256,19.81232814301521,17.741582900162022,2.0707452428531887
6738.48548929361,18.56216160605291,19.73005176801498,17.73809381163919,1.9919579563757925
6740.035669025047,17.76439537119711,19.635869842002386,17.73464466778163,1.9012251742207558
6741.589906364008,17.741302339169895,19.530990519724224,17.731227239100733,1.7997632806234907
6743.140800262511,18.693587076525805,19.417904176808776,17.727864245990872,1.6900399308179046
6744.695753637879,18.305163154699272,19.298349811331,17.724544574207496,1.5738052371235058
6746.247362032465,18.341899051484205,19.175362890220644,17.721288019364188,1.4540748708564573
6747.799327372526,17.40270725531346,19.05120972043584,17.718089709985357,1.3331200104504837
6749.355354993954,17.58108041519867,18.92810124810672,17.714943638983215,1.2131576091235075
6750.9080353237105,18.38315208813842,18.808955963569442,17.711865022794314,1.0970909407751286
6752.464779806328,17.903896826344777,18.69525218845747,17.708838403483007,0.9864137849744643
6754.018175455175,17.476603705127275,18.589185257009866,17.705876209887897,0.8833090471219678
6755.575637129237,18.42025376552286,18.49145721854929,17.702959671789817,0.7884975467594737
6757.129748426723,17.976608247230047,18.40326350672708,17.700093539479564,0.7031699672475153
6758.684217245472,17.769602734046973,18.32463464839232,17.697261400717256,0.6273732476750636
6760.242754898465,17.988110293342007,18.2552830791778,17.6944470415859,0.5608360375919005
6761.797939860261,17.845033708636123,18.19506724295058,17.69165340992428,0.5034138330262964
6763.3571955308125,18.162904565649143,18.142973770865513,17.68885715796232,0.4541166129031922
6764.913096965583,15.71202297547137,18.098364481006993,17.686062819473193,0.41230166153379866
6766.473070984483,16.573307261966566,18.060058938591933,17.68325064864751,0.3768082899444237
6768.029689222307,17.601168284012804,18.027265637612512,17.680427452758178,0.34683818485433465
6769.586665558111,17.68794847857302,17.998959280348473,17.677578928587682,0.3213803517607909
6771.147717291606,18.27895221886323,17.974240913829806,17.67468905324584,0.29955186058396754
6772.70541092567,18.000115914114932,17.95249121797929,17.67176385824442,0.28072735973486745
6774.267181834957,18.053925747787904,17.932985826126707,17.66878442232136,0.26420140380534823
6775.82559309774,17.618636812985926,17.915316174840076,17.665763549371743,0.24955262546833415
6777.388083514146,17.570337489098023,17.89900151063279,17.66268753578156,0.23631397485122882
6778.94721273626,17.565153927040598,17.883816567555712,17.659573336713738,0.22424323084197414
6780.5067006340005,17.293789818443233,17.86949564467188,17.656417834618864,0.21307781005301446
6782.0702705034655,18.250025487343155,17.855842586432495,17.653218454380326,0.2026241320521698
6783.6304768565415,17.420219627851594,17.842804697177083,17.649996055363633,0.1928086418134492
6785.194767061903,17.555895418783848,17.830238442114222,17.646742850738327,0.183495591375895
6786.755692201307,17.65204686219656,17.818148641355787,17.643482741303743,0.17466590005204405
6788.320703074425,17.57901600962336,17.806439877969876,17.64020826025672,0.16623161771315684
6789.882347331301,17.88738408708886,17.79514371049066,17.63694423340292,0.158199477087739
6791.444350842386,17.039374379405302,17.784216963782242,17.633693202471864,0.15052376131037878
6793.010442909831,15.286736636858024,17.773626326735485,17.630458727233815,0.14316759950166902
6794.573166035192,17.53139438198318,17.76341770106523,17.62726793169349,0.1361497693717417
6796.139979600511,18.70067344930465,17.753538754381353,17.624115994335966,0.1294227600453879
6797.703422671676,17.595863212646634,17.744028569262763,17.62102244965381,0.12300611960895302
6799.270958067261,17.224872744941226,17.734831676698086,17.617973995206803,0.1168576814912815
6800.8351214159065,17.419895185470526,17.72598203393822,17.61498613160532,0.11099590233289941
6802.399644598276,17.95743608258798,17.717453774634176,17.61205826608055,0.10539550855362861
6803.968262932265,17.866567162422285,17.709223447091205,17.6091893284537,0.10003411863750568
6805.533506889723,17.85958225617961,17.701322024290096,17.60639435558793,0.09492766870216701
6807.102847885434,17.708310682836785,17.69369810222741,17.603655641947295,0.09004246028011419
6808.668812950041,17.342591464318815,17.686371935758814,17.60097919362376,0.08539274213505331
6810.238876940406,18.155588953658963,17.67929192170628,17.598344375148926,0.08094754655735281
6811.805563444375,16.744483813823766,17.672477529664942,17.595757972881714,0.07671955678322828
6813.372610362517,17.30888453153941,17.665896921766574,17.593207197964908,0.07268972380166652
6814.943759038175,17.884719651009565,17.65951742103612,17.590676277635602,0.0688411434005191
6816.511527894089,17.84526545319403,17.653349893771246,17.588165481810005,0.06518441196124058
6818.083400397198,17.863655949705645,17.64734341717538,17.585648852847427,0.06169456432795374
6819.65189152348,16.877035437580762,17.641502557247055,17.583121585690186,0.05838097155686851
6821.224488187506,19.50133837014423,17.63577542951189,17.580554646671708,0.0552207828401855
6822.793701916907,16.57257820611412,17.63016729602408,17.577945029841544,0.052222266182534345
6824.363276641863,16.014790350675213,17.624646803456788,17.57527563566205,0.049371167794740024
6825.93695974089,18.32400336092056,17.619181297397123,17.572526432143523,0.04665486525359934
6827.50725756818,17.88215668146643,17.613774674480563,17.569694494041855,0.04408018043870687
6829.0816656622665,17.84649683103416,17.60837922048735,17.566750314845265,0.041628905642083776
6830.652686925019,17.238069658009124,17.603000717643233,17.56369369430442,0.039307023338814195
6832.227820348167,17.009682264507493,17.59759545143479,17.560497504294872,0.03709794713991499
6833.799565379671,17.144558849883282,17.592171354834388,17.557164444765256,0.035006910069132736
6835.3716719890535,17.31974771427551,17.58669735075159,17.553673918395813,0.033023432355776795
6836.947893599736,17.39613948927502,17.581142184155546,17.5500039320553,0.031138252100246355
6838.5207244778885,17.334705885983514,17.575519742084772,17.546164112407194,0.0293556296775773
6840.097672253119,16.947936745567777,17.56979235287222,17.542129847500888,0.027662505371332812
6841.671227733712,17.768669492448907,17.563976604599496,17.53791402374841,0.026062580851086987
6843.248902008035,17.603731253555935,17.558037502358047,17.533493486585126,0.02454401577292083
6844.8231824248915,16.414282893656747,17.551996996882078,17.52888697971873,0.023110017163346597
6846.397825002889,16.204770781228408,17.54583361844013,17.524080604132024,0.021753014308105622
6847.976589220103,17.24363403274549,17.539526847173576,17.519060518431818,0.02046632874175713
6849.55195723519,18.676964102020722,17.53310355989867,17.51385102755998,0.01925253233869148
6851.13144878833,19.49479941559136,17.526532256167595,17.508429843844088,0.018102412323507684
6852.707542574714,17.111103704434356,17.519845578949806,17.502827399183804,0.017018179766002707
6854.287761798864,15.32753244776285,17.513013804016992,17.49702228241868,0.01599152159831142
6855.864581690908,17.400156812503184,17.506070303680588,17.491045971347745,0.015024332332842182
6857.441764328298,16.67724908054484,17.499000236804424,17.48488899919235,0.014111237612074026
6859.023075253528,16.77984803336054,17.491788093291287,17.47854058849778,0.013247504793509555
6860.60098449821,16.85617341667589,17.484469795479214,17.472035168918083,0.012434626561132285
6862.183023932635,16.959658009504782,17.477010892487993,17.465344681717028,0.011666210770966346
6863.761660119357,17.160539202992652,17.469446588256083,17.458503063656966,0.01094352459911864
6865.344428398599,16.856346285589353,17.461741800305745,17.451480972939052,0.010260827366692591
6866.923791862265,15.950329036051473,17.4539327712816,17.444313580924177,0.00961919035742262
6868.507289322102,17.783552503759754,17.445978693815917,17.436965228901098,0.009013464914817951
6870.087380397767,16.929045179741763,17.437909951541176,17.42946539886264,0.008444552678535338
6871.6678349713075,15.967946633145631,17.429702099304734,17.421793017696466,0.007909081608268911
6873.252426397007,16.532059236005498,17.421333493617556,17.413929404991958,0.007404088625597586
6874.833609085221,17.088208594786323,17.412835437447537,17.405905173838036,0.006930263609502655
6876.418930531439,16.891766875424,17.40415585573946,17.39767214849552,0.006483707243941611
6878.000841669768,17.408423203517433,17.39532539129832,17.389260398614944,0.006064992683376254
6879.586893472825,17.600707300243556,17.38628947686168,17.38061883767218,0.005670639189500722
6881.169533396865,17.816029311372322,17.377079209418156,17.37177808939229,0.0053011200258662365
6882.752537405138,17.702616030078673,17.367664794239225,17.362710659765295,0.004954134473929181
6884.339684938737,17.06998595649503,17.358013220696126,17.35338555665102,0.004627664045107581
6885.923418236209,17.499353504674136,17.348161095345844,17.343839036112037,0.004322059233806609
6887.511296967924,17.577918667824836,17.33805716820269,17.33402245343738,0.004034714765308515
6889.095759890573,17.721894671950054,17.32774726158362,17.323981346980162,0.0037659146034584247
6890.684370157269,17.527253044099695,17.31718125271046,17.313667908654324,0.003513344056135464
6892.269563041235,17.269093364609947,17.306410796232637,17.30313356526507,0.0032772309675666114
6893.8551205967415,17.539749712800727,17.29541554975519,17.29235951739136,0.0030560323638300865
6895.444828361504,17.84488464051509,17.284177629249413,17.281329232630416,0.002848396618997047
6897.0311163826245,17.799287332905067,17.27276823597803,17.27011375205653,0.0026544839214991405
6898.621556525,17.099936122089762,17.261156957154846,17.258684375159675,0.0024725819951725387
6900.208575348261,17.137436149579145,17.24942796976089,17.247125154608984,0.00230281515190864
6901.799748205656,17.409441626898943,17.23755464904314,17.23541097982078,0.002143669222359218
6903.387498167735,16.957956879182404,17.225628263413242,17.223633024589397,0.0019952388238465985
6904.975613389607,17.307076923987722,17.213664458158043,17.211807951411263,0.001856506746779917
6906.5678855154465,17.187679622406907,17.201682462120306,17.199955878865577,0.001726583254728066
6908.156732381248,17.68726577163216,17.189788850803943,17.18818332271524,0.001605528088701814
6909.7497380661,17.63206797595831,17.17797759301961,17.176485358811316,0.0014922342082935227
6911.3393169128985,17.140052984073577,17.16636172660005,17.164974983181764,0.0013867434182867184
6912.933056494716,17.354595832418457,17.154948321776203,17.15366024043876,0.0012880813374433525
6914.523367659735,17.75251000705964,17.143858247594775,17.14266197226116,0.0011962753336150881
6916.114044673751,17.51993993745609,17.133123478665187,17.132012812507917,0.0011106661572705488
6917.708885297243,17.609066389080965,17.122775183863506,17.121744505849655,0.0010306780138504025
6919.300295135403,17.303303872050325,17.11292205225867,17.11196573027114,0.0009563219875320505
6920.895870501215,17.093220540603568,17.103579666890937,17.102692772914917,0.0008868939760201782
6922.4880135011335,17.74133490867533,17.094854272105504,17.094031875000944,0.0008223971045598553
6924.084323947759,17.769459929292367,17.086755979320564,17.08599376478331,0.00076221453725467
6925.677200447203,17.383895860577752,17.079372450450332,17.078666107144812,0.000706343305519419
6927.2704433857925,17.436850118396396,17.072731401607744,17.07207703825319,0.0006543633545518458
6928.867856650187,17.18808423587828,17.06686163599556,17.06625572766514,0.0006059083304209216
6930.461833595042,17.04723991496803,17.061827957568454,17.061266988650615,0.0005609689178385467
6932.059982786971,17.41842329435949,17.057638751197764,17.057119646639013,0.000519104558752163
6933.65469407625,16.768853319929406,17.05434434541799,17.053864042244417,0.0004803031735762618
6935.253579534753,17.55052896642667,17.05195482556796,17.051510644962786,0.0004441806051749827
6936.849025506767,17.518903976648573,17.050499854404876,17.050089131480842,0.0004107229240348754
6938.444838509029,17.073290508623472,17.049983579187337,17.049603912209133,0.00037966697820650724
6940.044828564259,16.962859842423768,17.050414885042596,17.05006410145989,0.00035078358270641585
6941.641376756816,17.052595093265637,17.051795961056627,17.051471903703575,0.0003240573530496507
6943.242103926705,16.95580979717022,17.054132572971163,17.053833355874286,0.00029921709687617066
6944.839387648258,17.143567985314068,17.057408562209293,17.057132315086026,0.00027624712326729093
6946.440852272394,17.36001614972693,17.06163084887785,17.06137593681956,0.00025491205829034856
6948.0388718618005,17.705052479619923,17.066766619532448,17.066531423236825,0.00023519629562337768
6949.637259073512,17.45292191665564,17.072807680496982,17.072590742759903,0.0002169377370804301
6951.239830076203,16.593909979501234,17.079748358989175,17.07954836358325,0.0001999954059261074
6952.838953664146,17.35397074844875,17.087529937965012,17.087345583616393,0.00018435434861846712
6954.44226297054,17.788752350569894,17.096161222542115,17.095991372213557,0.00016985032855870025
6956.042123273961,16.853865992483094,17.105566808462694,17.105410339394464,0.00015646906823157134
6957.646171224191,16.593194703054934,17.115752996776944,17.115608928091905,0.000144068685037737
6959.246768582496,17.21614662283102,17.126629049595508,17.126496413894937,0.00013263570056959713
6960.847734156119,17.25740717552495,17.138171978102125,17.13804990617244,0.0001220719296845656
6962.452890269605,17.040129741396758,17.150359791236976,17.150247499136864,0.0001122921001112529
6964.05459340731,18.3290691716891,17.163075985748137,17.162972701684467,0.00010328406366997834
6965.660489015457,17.667494829159384,17.176315153236107,17.176220203272635,9.494996347232991e-05
6967.262930057037,17.47857917089928,17.18994733317702,17.189860054600814,8.727857620457819e-05
6968.8695655005295,17.707311049554562,17.203972835891157,17.203892650134982,8.01857561763356e-05
6970.472744785937,16.903588353223885,17.218255948343323,17.218182287138447,7.366120487456948e-05
6972.076292880633,17.70829314541078,17.232754446415132,17.232686799976335,6.764643879651239e-05
6973.6840382749615,17.422979267100633,17.247419917944395,17.247357827207654,6.209073674131384e-05
6975.288325123505,16.87983641504823,17.26210172888426,17.26204474373746,5.6985146802303675e-05
6976.8968112053735,17.22091930805064,17.276789930546787,17.276737658243494,5.22723032938992e-05
6978.501837148107,17.653633999249905,17.29133163044663,17.291283686339654,4.7944106977848435e-05
6980.111064258753,17.06274425222873,17.305714107859107,17.305670156400726,4.3951458380861046e-05
6981.716829636178,16.802442501419932,17.319789679355505,17.31974939229087,4.028706463553981e-05
6983.326798116989,17.727068212621194,17.333551150893946,17.333514241936946,3.690895700040887e-05
6984.933303269761,17.846654667868194,17.34686439818656,17.34683058758902,3.38105975390494e-05
6986.540177996934,17.037152136995957,17.35970006786294,17.359669105189635,3.096267330271557e-05
6988.151258731224,16.982301331822327,17.372031533939314,17.37200319413179,2.833980752343253e-05
6989.758873744822,18.16119341394048,17.383751034393853,17.383725097901674,2.5936492178384132e-05
6991.370696703243,17.77737056109339,17.39487361617875,17.394849891640106,2.37245386427823e-05
6992.979052344314,17.640186551524806,17.40532182226631,17.40530012320951,2.1699056799184608e-05
6994.5916178688085,17.497704986629774,17.415131500964293,17.415111664901044,1.9836063248131915e-05
6996.200714478561,17.308725442032085,17.42425215220744,17.424234020975916,1.8131231525772417e-05
6997.810181258876,17.300252359925654,17.4327223745251,17.43270580677048,1.656775461936974e-05
6999.423860831028,17.595139167487332,17.44058678401456,17.440571652911828,1.5131102732660254e-05
7001.034069091924,17.931451880616695,17.44784480027317,17.447830982576065,1.3817697103999974e-05
7002.648492085488,17.920739018674908,17.454581526087516,17.454568914473064,1.2611614450973983e-05
7004.259442168567,17.749588772956713,17.46082473750844,17.46081322779497,1.1509713471839385e-05
7005.874608926039,17.61084643782036,17.466672306003918,17.46666180749503,1.0498508889837047e-05
7007.486301173059,17.75146402486584,17.472176965808004,17.4721673905566,9.575251402946679e-06
7009.09836418776,18.000198590551808,17.477442784559376,17.47743405409627,8.73046310448056e-06
7010.714646789965,17.601666847980624,17.482576925639417,17.482568969677644,7.955961774854047e-06
7012.327452481331,17.703375150089986,17.487652807847066,17.487645558339256,7.249507810605491e-06
7013.944479704164,17.652251047942176,17.49279240843991,17.492785806189087,6.602250825762945e-06
7015.55802841435,17.206777879325106,17.498062535041523,17.498056522797597,6.012243924456804e-06
7017.175800600857,17.259778486055325,17.503573951035126,17.50356847900877,5.472026356760463e-06
7018.790092672169,18.00962996772202,17.509380015753592,17.50937503584362,4.979909971230111e-06
7020.40475610925,17.576686037311422,17.515566963718506,17.51556243308082,4.530637687003296e-06
7022.023645940458,18.13787991141493,17.522212936088437,17.52220881641093,4.1196775049323565e-06
7023.63905325222,17.581191903121127,17.529332336866016,17.529328591193536,3.7456724800099913e-06
7025.258688905206,17.725979639535666,17.536983021823072,17.536979618040753,3.4037823186253186e-06
7026.8748404343505,18.394170602361985,17.545136490479603,17.545133397642147,3.092837456859796e-06
7028.495222252714,18.094995894142357,17.553823712879137,17.55382090410275,2.8087763849601584e-06
7030.112118342101,18.383440202994198,17.562971583280632,17.56296903268729,2.5505933431109654e-06
7031.729386396309,18.05386937749003,17.572549422869905,17.57254710744975,2.3154201555218314e-06
7033.35088766225,18.352150929656748,17.58251140086651,17.582509300078762,2.100787751494203e-06
7034.968900791084,18.486983671467527,17.59271894626861,17.592717040371276,1.9058973340100762e-06
7036.591149081889,18.35458362117814,17.603112358089923,17.603110629945792,1.7281441305743862e-06
7038.209907628604,18.242097318116127,17.613517612692863,17.613516045847902,1.5668449598643828e-06
7039.832903288428,17.316589724921528,17.62384347487957,17.623842055055373,1.4198241992932694e-06
7041.452407596438,18.098150125476483,17.63388949044325,17.633888203944476,1.2864987736762116e-06
7043.072284469286,18.387988659695623,17.64352337569205,17.643522210362633,1.1653294177848476e-06
7044.69640138247,18.254620292956165,17.652599982663947,17.652598927670997,1.0549929500290057e-06
7046.317024531824,18.73775257856994,17.66090446586188,17.660903510830526,9.55031352678531e-07
7047.941889674901,19.25744538670861,17.66830724117528,17.668306377109975,8.640653059915957e-07
7049.563259444572,17.608133147482903,17.674610348386217,17.67460956668034,7.817058782659147e-07
7051.18887316225,18.44873579802641,17.67968839592146,17.679687689115166,7.068062922836335e-07
7052.810989896207,18.338345217371852,17.683373751748466,17.68337311271154,6.390369281903441e-07
7054.433479795986,18.128265643944957,17.68554748850114,17.685546910915967,5.775851713650734e-07
7056.060216575719,18.218833922522013,17.68608921271937,17.68608869096588,5.217534898834654e-07
7057.683453955825,17.79154581199765,17.684898545121314,17.684898073835704,4.7128561088951466e-07
7059.310940172422,17.635784657597842,17.68189388597495,17.681893460512146,4.2546280498722135e-07
7060.934925377222,17.549272535120824,17.677038753882407,17.677038369813495,3.8406891181485633e-07
7062.563161375946,18.275873147926266,17.670284150416354,17.67028380390724,3.46509116023713e-07
7064.187894749959,18.381207939198564,17.661657841431204,17.661657528829775,3.1260142892576135e-07
7065.813001891748,18.34204561425867,17.651164925393434,17.651164643469606,2.819238282039959e-07
7067.442362764144,19.106187592771935,17.638820133140776,17.63881987902619,2.541145849122986e-07
7069.068218592023,18.54426967350912,17.624753574965382,17.624753345931804,2.2903357683931034e-07
7070.6983301102,18.37077191805298,17.60899726393229,17.608997057620023,2.063122686168051e-07
7072.324934969089,17.892947209151945,17.591745801097403,17.59174561526418,1.8583322182077368e-07
7073.9557974788695,17.720332588362425,17.57305413929654,17.573053972003706,1.672928371005399e-07
7075.583151713846,17.808644802351413,17.55316604429294,17.55316589370008,1.5059286179731617e-07
7077.210880319525,17.588907117889537,17.532209555775307,17.532209420257626,1.3551767978982687e-07
7078.842869517513,17.571546318819003,17.510316146108895,17.510316024226146,1.2188275038756543e-07
7080.4713480169885,17.719845298454178,17.48778522280744,17.487785113194313,1.0961312393782469e-07
7082.104089071625,17.741699436601554,17.464714539268087,17.464714440745244,9.852284279123215e-08
7083.7333178103745,17.644336658121293,17.44142518604728,17.441425097497806,8.854947327046816e-08
7085.366811068041,18.148443705235678,17.41801566751338,17.418015587972857,7.95405248690438e-08
7086.996790391698,17.727178447870358,17.394807703451967,17.39480763200789,7.144407840886661e-08
7088.6271446899555,13.398837738236155,17.371956056825717,17.37195599267396,6.415175697270889e-08
7090.261766453292,19.90330243751902,17.3496102407989,17.34961018322796,5.757094045530782e-08
7091.892871855003,16.208759292971,17.328072833634184,17.32807278197181,5.166237638100805e-08
7093.52824668781,12.438866597597412,17.307432009141422,17.307431962807694,4.6333727354304405e-08
7095.160103539006,14.891197530767073,17.28796795367662,17.28796791212413,4.155248795218031e-08
7096.796231788225,17.90623932538958,17.269758542268175,17.26975850502489,3.724328520865714e-08
7098.428840435096,20.07597468127969,17.25304364655271,17.253043613173467,3.337924541933564e-08
7100.061824661444,14.857989161955489,17.23790933710895,17.237909307202173,2.9906774582317786e-08
7101.699083236727,13.83700656892262,17.22444310681547,17.224443080035332,2.6780138970066455e-08
7103.332819778133,16.897843593534336,17.21281851870802,17.212818494728822,2.397919654194874e-08
7104.970832637665,18.10789592364148,17.203070078033626,17.2030700565748,2.1458826447264215e-08
7106.605321840721,15.948809543355566,17.195314971730607,17.195314952528165,1.9202443972839506e-08
7108.244089332002,17.34851034559512,17.189566974815467,17.189566957642082,1.717338623961287e-08
7109.879331543459,18.384293273501957,17.185877785173957,17.18587776981594,1.5358019519163616e-08
7111.518854014144,16.537565987770705,17.18423326241091,17.18423324868432,1.3726592375716267e-08
7113.154849580914,15.928368420674786,17.184634993322767,17.184634981054852,1.226791485360795e-08
7114.791221506313,17.147538959630655,17.187046565106705,17.18704655414588,1.0960826413261033e-08
7116.431876647976,17.380028858143902,17.19142482353551,17.191424813748206,9.787304950894765e-09
7118.069002449146,17.25953296209127,17.19767328835515,17.197673279616097,8.739053646009774e-09
7119.710413439855,17.492594079622936,17.20573267487068,17.20573266707216,7.798522268093992e-09
7121.348293464103,16.67778647738453,17.21546138747683,17.2154613805179,6.9589279510877605e-09
7122.990460652079,16.57237527304179,17.22677559209629,17.226775585890195,6.2060938993716956e-09
7124.629095246878,17.115826282722537,17.23947181626785,17.239471810733367,5.534483589970169e-09
7126.268106807414,16.85692251530091,17.253408718271466,17.25340871333745,4.934014219106044e-09
7127.91140849348,16.950602434320363,17.26844621798251,17.2684462135864,4.396111482946819e-09
7129.551175145864,17.581526366888486,17.284324715649365,17.284324711732662,3.916703790942063e-09
7131.195233900236,17.194911305286926,17.300917865501933,17.30091786201441,3.4875233169889375e-09
7132.835755992341,18.146983088184218,17.31793082547576,17.3179308223705,3.105259429434322e-09
7134.480572163802,18.828101639321943,17.33522096170417,17.335220958940905,2.7632639535198668e-09
7136.121850043657,16.515336047637533,17.35248200387427,17.352482001415424,2.4588491145541653e-09
7137.763505497329,14.85806933304579,17.369529486387332,17.369529484200044,2.187287735955506e-09
7139.409457996943,10.887147628736585,17.38617758591238,17.386177583967815,1.944566048476082e-09
7141.051869760507,11.805794330343815,17.40212757552896,17.40212757380024,1.7287232607433593e-09
7142.698580549656,15.922112570284554,17.41724077392023,17.417240772384304,1.5359261959028606e-09
7144.34174897154,18.181168542158872,17.431238357793713,17.431238356429123,1.3645889893575666e-09
7145.98921839957,17.123460073727358,17.44399370454802,17.44399370333638,1.2116434126639263e-09
7147.633143828367,17.14874027331192,17.455270270606345,17.455270269530537,1.0758087667685548e-09
7149.277447440047,16.713619196730267,17.46494267062247,17.464942669667565,9.549043315589159e-10
7150.926055029244,17.390290757702733,17.472889753810882,17.472889752963802,8.470813588494667e-10
7152.571116170818,17.16124946874581,17.478957561758588,17.478957561007174,7.514129011686724e-10
7154.22048327275,16.73204977878703,17.483083892047468,17.483083891381316,6.661499497730298e-10
7155.866302293213,17.52477901435987,17.485185429088627,17.48518542849808,5.905467183464878e-10
7157.516429257786,16.041995909100336,17.48522984962272,17.48522984909951,5.232095996057825e-10
7159.163006506291,16.021636210183146,17.483197414531503,17.483197414067963,4.6353945195720695e-10
7160.809962547729,17.605796911804532,17.47910235634966,17.479102355939112,4.1054638571911507e-10
7162.461229509438,17.488306178964994,17.472962252407967,17.472962252044574,3.633925125368028e-10
7164.108944302742,16.635150489422585,17.46486188547891,17.464861885157262,3.2164754667129774e-10
7165.760972002357,17.46446655365932,17.4548427057733,17.454842705488772,2.8452607687363237e-10
7167.409445897088,16.7601635253445,17.44304913844864,17.443049138196955,2.5168369576510197e-10
7169.0622346850805,17.05100169284586,17.42953403577423,17.429534035551733,2.224974336300594e-10
7170.711468030951,16.184536349639817,17.41448817054127,17.414488170344576,1.9669202485173164e-10
7172.361080780787,15.840480862929752,17.398020302984783,17.39802030281096,1.7382531585945565e-10
7174.015011404848,16.75307464721908,17.38023152205473,17.380231521901205,1.5352363656099387e-10
7175.665384130495,17.684578787433708,17.361354801137622,17.361354801002033,1.355908125935749e-10
7177.32007671961,17.924237735162677,17.341451394896094,17.341451394776414,1.196797232617566e-10
7178.97120977119,16.21872305628776,17.320769874652477,17.320769874546844,1.0563414681963479e-10
7180.626664676396,16.44409025449687,17.299362599926404,17.299362599833223,9.318000571370861e-11
7182.278558404189,17.667114016480443,17.277477711402966,17.277477711320774,8.21930740965599e-11
7183.930832147965,17.502595423138278,17.25520841512059,17.25520841504811,7.247900882953317e-11
7185.587430731138,16.741745470020593,17.232634614990022,17.23263461492615,6.38738284907936e-11
7187.240465676643,18.281929823264026,17.20998501437389,17.2099850143176,5.6289670701051864e-11
7188.897827453998,9.80429612844533,17.187262746545766,17.18726274649619,4.95755454469757e-11
7190.5516239519175,13.28268486046605,17.164677685887984,17.16467768584432,4.366183656760744e-11
7192.209749275058,17.95819019190614,17.142214218467316,17.142214218428887,3.842986720589317e-11
7193.864307676242,17.1366269226364,17.12006396478413,17.120063964750305,3.382455725483649e-11
7195.519246706412,17.06640205822382,17.098251261805423,17.098251261775662,2.976184758829214e-11
7197.178517552386,17.25288126694267,17.076795569453914,17.076795569427745,2.6170924878452784e-11
7198.834219012183,16.664846362340256,17.05585524202869,17.055855242005677,2.3013123963935462e-11
7200.49425428345,17.573342652311112,17.035381171626728,17.035381171606506,2.0223804125659037e-11
7202.150718524123,17.413301113293073,17.015525452244972,17.015525452227198,1.777248247680995e-11
7203.811518572853,16.42417274924964,16.996243207165822,16.996243207150215,1.5608582316022725e-11
7205.468745945817,17.05689176263658,16.9776720081434,16.977672008129694,1.3708105614291633e-11
7207.12635456176,17.495055582629906,16.959809785867893,16.959809785855857,1.2035273259407449e-11
7208.788301981172,17.06592854772171,16.942654996468388,16.94265499645783,1.0559992704783407e-11
7210.446674256618,16.59811395104902,16.926326302494548,16.926326302485283,9.265542875057044e-12
7212.109387334417,17.168013904490152,16.910796449552965,16.91079644954484,8.124686716568721e-12
7213.768523621186,17.708789204032033,16.896194345876275,16.89619434586915,7.124306807215008e-12
7215.432002710111,16.661179787632165,16.882507317740963,16.88250731773472,6.243188658078953e-12
7217.0919033601795,15.417787558018405,16.869860240880516,16.869860240875045,5.471056342366614e-12
7218.752185868211,14.502292582398725,16.85828270988097,16.85828270987618,4.792922941419496e-12
7220.416814178645,17.34087530191701,16.847818896685183,16.847818896680987,4.19620396509872e-12
7222.077861578041,17.674597486690946,16.83859024145857,16.838590241454895,3.673792198002428e-12
7223.743256781948,16.051690347660614,16.83063100919044,16.830631009187226,3.214391874770619e-12
7225.405069425094,17.455645228379385,16.824066192431502,16.82406619242869,2.8124548400561494e-12
7227.07123187578,17.17249722218071,16.818959774622908,16.81895977462045,2.459222834382113e-12
7228.733810115223,17.079443639804254,16.81543541541898,16.81543541541683,2.1503708146613958e-12
7230.3967708286045,16.183109554767075,16.813580515531957,16.813580515530077,1.8797208655763244e-12
7232.06408435461,17.343695069483772,16.813501238855356,16.813501238853714,1.6420938922869028e-12
7233.727811193205,18.467093725032584,16.81530719995582,16.815307199954386,1.4345204021970346e-12
7235.395892849761,16.691107405107743,16.819124830382723,16.81912483038147,1.2523895745891255e-12
7237.060386166521,18.097280770216006,16.825055059153993,16.8250550591529,1.0933946022772889e-12
7238.729236307507,17.268772680248734,16.83324626119717,16.833246261196216,9.539766194994662e-13
7240.394496455548,17.168230616968632,16.843779806579445,16.843779806578613,8.323461042135928e-13
7242.064115435002,17.434915990842825,16.856826518571616,16.85682651857089,7.257596973728777e-13
7243.730142767606,17.79355509994838,16.8724421641953,16.872442164194666,6.328310882298031e-13
7245.3965533676055,18.231552314394666,16.89076485078231,16.89076485078176,5.516292613334491e-13
7247.067325810336,16.631319814514033,16.911952988976175,16.911952988975695,4.805388338501948e-13
7248.73450412491,15.928957177119202,16.936004528066647,16.936004528066228,4.1861686199035137e-13
7250.406046291713,17.514731321932942,16.963123906238582,16.963123906238216,3.644399710863641e-13
7252.073992674546,18.160282720461566,16.993260318486776,16.99326031848646,3.172801992311647e-13
7253.746304920033,17.63528233561016,17.02662177357239,17.026621773572113,2.760452930165217e-13
7255.415019724974,17.89271671726732,17.06309047931434,17.0630904793141,2.4017403287189093e-13
7257.084118415564,17.299456912389047,17.10276428779102,17.102764287790812,2.0889896381665162e-13
7258.75758598498,17.40606316704663,17.145752068931646,17.145752068931465,1.8157914250461282e-13
7260.427453628546,17.37372039547566,17.191829326723457,17.1918293267233,1.5783558868392188e-13
7262.101692163677,17.68268349275201,17.241171872634162,17.241171872634023,1.3710796987259253e-13
7263.772329114474,17.790068910193472,17.29346954143649,17.29346954143637,1.1910511486619236e-13
7265.447338970506,17.22637094219127,17.34886461424847,17.348864614248367,1.0339898347798529e-13
7267.118745582954,18.02581450657701,17.406957177521292,17.406957177521203,8.976617488743407e-14
7268.790536700298,17.41223133030684,17.467706452108807,17.46770645210873,7.790650119765673e-14
7270.466703743916,18.17937721935991,17.531060262910096,17.531060262910028,6.756967901851455e-14
7272.139265054633,17.60613137557189,17.596477225588185,17.596477225588128,5.860593178718357e-14
7273.816204307614,16.24639586184856,17.663994677215186,17.663994677215136,5.079814127595199e-14
7275.489536166534,17.318586486139395,17.732986475485625,17.732986475485582,4.4031783750029824e-14
7277.167247984632,18.365005862917574,17.80344706306903,17.80344706306899,3.814175011417032e-14
7278.8413507467485,17.304441299394,17.87467571805072,17.87467571805069,3.3040591428781765e-14
7280.515838634003,18.581580547332322,17.94645256182793,17.9464525618279,2.861274599651761e-14
7282.194709506351,17.886344368261494,18.01854274227119,18.018542742271165,2.4762025996242146e-14
7283.86996882938,15.217570281372105,18.090172582910803,18.090172582910782,2.143022054108477e-14
7285.549613156742,15.669239172061681,18.16123611274964,18.161236112749624,1.8534521013281973e-14
7287.22564427095,18.380242128095063,18.23093686734737,18.230936867347353,1.6030629272000385e-14
7288.906062409656,18.20866722613292,18.29915077210104,18.299150772101026,1.3855856861189942e-14
7290.5828656706035,17.361786177080035,18.365100623464272,18.36510062346426,1.1976538918870106e-14
7292.260054677937,17.679700877658068,18.428503048035637,18.428503048035626,1.0348890764044096e-14
7293.9416337405655,18.27406679304787,18.489057571846775,18.489057571846764,8.936530024968343e-15
7295.619595428079,18.092508084996386,18.546048129428062,18.546048129428055,7.717206651074375e-15
7297.301949193384,19.013345712180808,18.59934186518837,18.599341865188364,6.6598329661509996e-15
7298.980683917052,18.381016280185804,18.648311631543336,18.64831163154333,5.747556990806253e-15
7300.663812741939,18.753344602960652,18.69284780801203,18.692847808012026,4.956950523678542e-15
7302.343320857898,18.13945326906213,18.732435457054038,18.732435457054034,4.275267288707512e-15
7304.023215342492,17.232450165648174,18.766920818484866,18.766920818484863,3.686179592867736e-15
7305.707506963989,18.502480492688505,18.796142172955804,18.7961421729558,3.176143287363721e-15
7307.388175375176,19.015888638951367,18.8197939279784,18.819793927978395,2.736793588279096e-15
7309.073242949024,18.27079481042486,18.837874447770336,18.837874447770332,2.3566426379888385e-15
7310.75468564335,18.5165993732949,18.850230927199068,18.850230927199064,2.029384907578202e-15
7312.440529527031,18.90829026705129,18.85690018967088,18.85690018967088,1.746401937069919e-15
7314.1227468612105,18.424549182220517,18.857884135385348,18.857884135385348,1.5029469035621904e-15
7315.805351187277,17.847881035015178,18.853298447843024,18.853298447843024,1.293027026347518e-15
7317.492359743276,18.69046541469712,18.843258091829973,18.843258091829973,1.1116797097999818e-15
7319.175739244359,17.99633033544467,18.828007999006118,18.828007999006118,9.558117868124814e-16
7320.8635250044,18.42257997981494,18.807726648949988,18.807726648949988,8.212446424764662e-16
7322.54768003762,18.31419868711112,18.782793425319852,18.782793425319852,7.056575466991359e-16
7324.236243359761,17.638538033480447,18.75341003617916,18.75341003617916,6.059297122329287e-16
7325.921174282406,18.419514688284124,18.720081504588027,18.720081504588027,5.203222869530712e-16
7327.606492821195,19.312119564948915,18.683135214755193,18.683135214755193,4.466703641346058e-16
7329.296222694392,17.41735100602668,18.642885413725697,18.642885413725697,3.8318429026665206e-16
7330.982317658634,18.03418612214728,18.599959248425456,18.599959248425456,3.2873893528179856e-16
7332.672825989581,18.396305157641308,18.55460404449096,18.55460404449096,2.8183815821611614e-16
7334.359697736973,17.74858162363478,18.507495013748727,18.507495013748727,2.4164175376435736e-16
7336.050984884308,18.430107293590456,18.45886918009077,18.45886918009077,2.0703735841346044e-16
7337.738633772714,18.569339423981635,18.409411538962082,18.409411538962082,1.7739837738603995e-16
7339.42667090253,18.515787641005574,18.359450459475433,18.359450459475433,1.5195503651422715e-16
7341.119126482685,17.912991234401062,18.309293982238223,18.309293982238223,1.3007209537854223e-16
7342.807941290405,17.999137576278574,18.2595929704094,18.2595929704094,1.1134695142236422e-16
7344.501176584045,18.099192349650426,18.210501972557942,18.210501972557942,9.525229737353628e-17
7346.190769427947,17.223532384525218,18.16260564975431,18.16260564975431,8.148888808928356e-17
7347.884784794282,17.964572562298258,18.115997036073146,18.115997036073146,6.966643882646853e-17
7349.575156032806,17.533609108352806,18.071188212309043,18.071188212309043,5.95628242442524e-17
7351.265916139013,17.548867921649446,18.02831578381708,18.02831578381708,5.090863869786235e-17
7352.961101822972,17.714750676200055,17.98749956297909,17.98749956297909,4.348194893759424e-17
7354.652640861557,17.56773318133645,17.949111355218605,17.949111355218605,3.714102987094041e-17
7356.348607516757,17.35749702374881,17.913105680040427,17.913105680040427,3.170294085583598e-17
7358.040925846576,17.15996547862767,17.879756780845128,17.879756780845128,2.706283122487304e-17
7359.7376738328085,17.09689463135138,17.848971599444187,17.848971599444187,2.3085906296038323e-17
7361.430771812879,16.47634283359125,17.820926916290716,17.820926916290716,1.969469889883124e-17
7363.124259287917,16.507590768710262,17.79554777044152,17.79554777044152,1.6796403273571395e-17
7364.822179479613,16.77502273586291,17.772756124962054,17.772756124962054,1.4314701333402655e-17
7366.516447143527,16.67044080123549,17.75260694161997,17.75260694161997,1.2200509777519983e-17
7368.215149566252,18.575351003081096,17.734928788141474,17.734928788141474,1.0391352230629016e-17
7369.910197778475,17.156167373224548,17.719711364153138,17.719711364153138,8.851084575090928e-18
7371.609682792601,16.829733241628503,17.706772782365547,17.706772782365547,7.533879512647297e-18
7373.305511912731,17.340983031819604,17.696055190335482,17.696055190335482,6.41315642678778e-18
7375.0057798787975,17.31514915064264,17.687380921881847,17.687380921881847,5.4553435299345205e-18
7376.702390266601,17.188656707569976,17.680659324714224,17.680659324714224,4.640919175696526e-18
7378.399390957393,18.022769257818766,17.67573218136345,17.67573218136345,3.946848324193332e-18
7380.100833560716,17.68293528008249,17.67246155684358,17.67246155684358,3.3542312911979904e-18
7381.7986160589235,16.982857518761307,17.670734086069324,17.670734086069324,2.8508093623696745e-18
7383.500842516046,16.852999142569193,17.670416388241378,17.670416388241378,2.4212455552540245e-18
7385.199407181845,16.98817010616719,17.67139240191168,17.67139240191168,2.056566442876399e-18
7386.90241785389,16.870938676697847,17.673556381317056,17.673556381317056,1.745586988836159e-18
7388.601765047624,17.332385935057857,17.6767971393391,17.6767971393391,1.4817472950680056e-18
7390.301503173949,17.12650782783217,17.681030228470775,17.681030228470775,1.2573938182967785e-18
7392.005690378061,17.33268532397321,17.68618782644181,17.68618782644181,1.0662581662765925e-18
7393.706211572935,16.918044202944206,17.692169151297545,17.692169151297545,9.042495191830169e-19
7395.411183895284,16.559857308894895,17.698935954407766,17.698935954407766,7.663151769835325e-19
7397.112488519465,17.276499169076715,17.706401852874134,17.706401852874134,6.494744657969678e-19
7398.818246321755,16.18653060551111,17.714564810962493,17.714564810962493,5.50059047834359e-19
7400.520334736169,15.975337405532969,17.72335117268865,17.72335117268865,4.658999947216869e-19
7402.222814713787,17.21762853532835,17.732746591707958,17.732746591707958,3.9449420611483133e-19
7403.929750946011,17.14006175278658,17.742745973678247,17.742745973678247,3.337952551439474e-19
7405.633015255347,16.65003099538686,17.75327148799066,17.75327148799066,2.8245991294294265e-19
7407.340737872284,17.907493251348857,17.76434150824222,17.76434150824222,2.3884955783430616e-19
7409.04478687468,16.973376034659655,17.775869328601875,17.775869328601875,2.0198998733357178e-19
7410.753296238618,17.050337776004287,17.787875327411868,17.787875327411868,1.7069686838952566e-19
7412.458130295581,17.281737848758727,17.80026504802194,17.80026504802194,1.4426457220706923e-19
7414.163356547379,16.85382715961123,17.81301807057121,17.81301807057121,1.2188727331085378e-19
7415.873046242177,16.387552098407014,17.826110165149878,17.826110165149878,1.0290734458442871e-19
7417.579058090901,16.734188092086217,17.83941644695665,17.83941644695665,8.689079677408926e-20
7419.289535438931,17.12137061468633,17.852928217052515,17.852928217052515,7.331450061187045e-20
7420.996333246505,18.100416211450835,17.866498782576336,17.866498782576336,6.186514381341675e-20
7422.707598610639,18.007938858785938,17.880097572315833,17.880097572315833,5.216632212586361e-20
7424.415182739153,17.292818996646588,17.893548790930815,17.893548790930815,4.399214147146822e-20
7426.123159695154,17.268553462423682,17.90675948973627,17.90675948973627,3.708724033285937e-20
7427.835607294142,17.902220749488123,17.919618859990038,17.919618859990038,3.1243595681173644e-20
7429.544371114315,17.1571732698732,17.9319144293052,17.9319144293052,2.6323229044392322e-20
7431.257607637102,17.612122911898783,17.943545321801196,17.943545321801196,2.2161734314128148e-20
7432.967158683957,17.832449352805074,17.954289444317446,17.954289444317446,1.8659956888409724e-20
7434.6811844939975,18.314107241961242,17.96402585116705,17.96402585116705,1.5700132163602562e-20
7436.39152313021,18.29687546823917,17.97252851426554,17.97252851426554,1.3211098744388394e-20
7438.102255227576,16.95391700783509,17.979628133493115,17.979628133493115,1.1113199220810418e-20
7439.817465179538,17.284005187406365,17.98514106215392,17.98514106215392,9.341660299366076e-21
7441.528985410372,16.825345127107685,17.988848559364197,17.988848559364197,7.853314140650009e-21
7443.244985558746,16.964390609179247,17.990580635709755,17.990580635709755,6.597296937927109e-21
7444.957294286138,17.370009977202557,17.990151356709713,17.990151356709713,5.542729310424217e-21
7446.6740849949665,17.51273706606165,17.987390957031838,17.987390957031838,4.653340389614564e-21
7448.387182582178,17.539928845080627,17.982156839434097,17.982156839434097,3.9070700546939005e-21
7450.100674265238,17.60574555219981,17.97430574700648,17.97430574700648,3.2794582418466067e-21
7451.81865102613,18.17543129850904,17.96368910404941,17.96368910404941,2.7506514137851224e-21
7453.532932113997,17.659991316176303,17.950261558977136,17.950261558977136,2.3073591614823777e-21
7455.251700345967,17.27541811203091,17.933887059355065,17.933887059355065,1.934090285894778e-21
7456.966771202319,16.890834886499224,17.914599624074043,17.914599624074043,1.6213811786827646e-21
7458.68633127,18.059888472629215,17.892293500954484,17.892293500954484,1.3582345082302398e-21
7460.40219225868,18.589701628245393,17.867086448928205,17.867086448928205,1.1379203973297587e-21
7462.118447978928,15.335045982132215,17.8389674517039,17.8389674517039,9.530452805830699e-22
7463.839196011894,16.097166145961896,17.807931704389016,17.807931704389016,7.976189554670506e-22
7465.556242410338,17.734881135905912,17.774229460913343,17.774229460913343,6.676146491629205e-22
7467.277783191108,17.543992517220374,17.73783477391979,17.73783477391979,5.583877472230562e-22
7468.995620632013,17.11331216743756,17.699086510283145,17.699086510283145,4.670840201108765e-22
7470.717954525805,16.440193187904157,17.657989587373102,17.657989587373102,3.9042095792024985e-22
7472.436583373606,17.70757160559805,17.614947036779487,17.614947036779487,3.263780854761804e-22
7474.155607589713,17.51077537969579,17.57008729647429,17.57008729647429,2.7275541992189727e-22
7475.879131365101,17.449775201361234,17.52353926362361,17.52353926362361,2.277738176254046e-22
7477.59894753485,17.838077613879026,17.475789929328506,17.475789929328506,1.9023259748050092e-22
7479.323265336824,17.21121484810408,17.42688286684504,17.42688286684504,1.5876085916971143e-22
7481.043873825068,17.47836997446052,17.377321973930737,17.377321973930737,1.3251142242452206e-22
7482.768986019434,17.4527916386339,16.43414246877134,16.43414246877134,1.1051975396277515e-22
7484.490387191194,18.00515416607118,16.431815468662492,16.431815468662492,9.218887667540275e-23
7486.212184369029,17.83002918801654,16.42949176970438,16.42949176970438,7.687438733952239e-23
7487.9384883643925,17.558351911097674,16.427165845470142,16.427165845470142,6.405610975516168e-23
7489.6610787733725,18.573964293753505,16.424848779349656,16.424848779349656,5.338170518913334e-23
7491.3881780761685,18.01727378011313,16.422529518957337,16.422529518957337,4.4452831099904807e-23
7493.111562081732,16.794429150409456,16.420219115973733,16.420219115973733,3.7022014502918023e-23
7494.839457058359,17.18366730987188,16.417906549841526,16.417906549841526,3.081024277799097e-23
7496.563635026118,16.423785673204264,16.41560284038705,16.41560284038705,2.564392393471866e-23
7498.288209638752,15.878550856764265,16.41330248511617,16.41330248511617,2.1337246298580938e-23
7500.017298338871,18.073372247879607,16.41100001358636,16.41100001358636,1.774049537624447e-23
7501.742667462211,16.713314797121768,16.408706397589363,16.408706397589363,1.4751913982344454e-23
7503.472552752675,17.77277700815367,16.4064106967551,16.4064106967551,1.2257554548539605e-23
7505.198716752753,17.013439031692176,16.40412385065723,16.40412385065723,1.0186270425250407e-23
7506.929399000552,16.868955694886125,16.40183495126366,16.40183495126366,8.458605215975282e-24
7508.656358243566,17.735107869770676,16.399554905783614,16.399554905783614,7.024879211335923e-24
7510.387837815853,17.0450251885984,16.397272838669686,16.397272838669686,5.829757721555705e-24
7512.115592668173,17.02647184455961,16.394999624619835,16.394999624619835,4.838595865781412e-24
7513.843744988225,16.407435781475527,16.39272983377944,16.39272983377944,4.014696547828395e-24
7515.57642076044,13.452559884779106,16.390458069004925,16.390458069004925,3.328562132666685e-24
7517.305369239446,15.313155516459545,16.388195155970685,16.388195155970685,2.7600616387234057e-24
7519.038843254567,19.956360667220398,16.385930300965924,16.385930300965924,2.2869191728568604e-24
7520.76858825932,18.817825960356974,16.3836742967849,16.3836742967849,1.895141608077346e-24
7522.502860885097,16.87712061936421,16.381416382718243,16.381416382718243,1.569284886471727e-24
7524.233402782552,16.95482519596743,16.37916731853166,16.37916731853166,1.2996349492319795e-24
7525.964342788898,17.626139073295718,16.376921731895266,16.376921731895266,1.0759832287239892e-24
7527.699813544194,17.40510737732942,16.37467428370935,16.37467428370935,8.901391979641758e-25
7529.431550993779,17.060867747646313,16.3724356839375,16.3724356839375,7.364966650773556e-25
7531.16782127963,17.476055034228015,16.370195255005434,16.370195255005434,6.089074665233498e-25
7532.900356539837,15.968598023254346,16.367963673475412,16.367963673475412,5.034923734201535e-25
7534.6374267245865,14.030912877554101,16.36573029529684,16.36573029529684,4.160078274985366e-25
7536.370760162967,15.941420023641514,16.36350576348063,16.36350576348063,3.4377305821913006e-25
7538.104492352425,17.424468695637675,16.361284764132918,16.361284764132918,2.8399239081227696e-25
7539.842762599399,17.126774647242087,16.359062017114667,16.359062017114667,2.3442698824526726e-25
7541.577293518457,17.85426465808058,16.356848114847814,16.356848114847814,1.9354021208675534e-25
7543.316364585708,17.91930596043574,16.35463249772919,16.35463249772919,1.5966150097976609e-25
7545.051694602337,18.21545796801627,16.352425724252605,16.352425724252605,1.3173238375676829e-25
7546.791566858806,17.533194473495143,16.35021726886641,16.35021726886641,1.0860495418304779e-25
7548.527696341152,16.44313195943309,16.34801765598473,16.34801765598473,8.955105733238532e-26
7550.264225217802,16.1013588434501,16.34582163107074,16.34582163107074,7.381698962498524e-26
7552.005299472319,16.552926267603514,16.343623973872624,16.343623973872624,6.080029892835094e-26
7553.742628367,16.375957354471893,16.34143515742041,16.34143515742041,5.0086428526864816e-26
7555.4845047336,17.10264690708064,16.33924474193601,16.33924474193601,4.1228500572252813e-26
7557.222634014878,17.277505065725368,16.33706316598897,16.33706316598897,3.3942250091493946e-26
7558.965312863094,17.134175441015714,16.33488002438614,16.33488002438614,2.792197895776691e-26
7560.70424289971,17.20717247141019,16.33270572108351,16.33270572108351,2.2973016395622005e-26
7562.443572974895,17.266878638240318,16.33053506183195,16.33053506183195,1.8895325619248516e-26
7564.187455760104,16.862861439349786,16.32836288720321,16.32836288720321,1.5529313065183176e-26
7565.92758714383,16.522293395067923,16.326199548965576,16.326199548965576,1.2764897783502266e-26
7567.672273335011,15.060096722590346,16.324034729039603,16.324034729039603,1.0484393131737273e-26
7569.413206396441,15.549803037608996,16.321878744195253,16.321878744195253,8.61265660510359e-27
7571.158696363724,16.850381055401474,16.31972131147694,16.31972131147694,7.069540365164482e-27
7572.900431472189,15.687696060257451,16.317572712501573,16.317572712501573,5.803817550279621e-27
7574.642567264528,16.669588983401017,16.315427814248235,16.315427814248235,4.763222350622799e-27
7576.389263110877,17.487782561531446,16.313281519058293,16.313281519058293,3.906134563255685e-27
7578.13220150435,15.883155683763563,16.311144055549,16.311144055549,3.2037826296140983e-27
7579.879702052645,14.272923093040875,16.309005229232664,16.309005229232664,2.625653896209872e-27
7581.62344341701,14.394145539599378,16.306875233184638,16.306875233184638,2.152197184279594e-27
7583.371749037981,14.424605543221505,16.304743908585735,16.304743908585735,1.7627250889647076e-27
7585.1162937431645,12.163250915867396,16.302621412813085,16.302621412813085,1.4439691163701966e-27
7586.8612397785655,16.473355207804165,16.300502675024365,16.300502675024365,1.1824853099972948e-27
7588.61075322381,18.036672678619965,16.298382660286567,16.298382660286567,9.675882362946849e-28
7590.3565031550215,16.518056854014702,16.296271472156754,16.296271472156754,7.918759761458115e-28
7592.10682260028,15.52280417027606,16.294159041651906,16.294159041651906,6.475601037651761e-28
7593.853376797658,16.251035763699864,16.292055436238016,16.292055436238016,5.296334551767604e-28
7595.604502614256,16.83819379700208,16.289950623150833,16.289950623150833,4.328390324540847e-28
7597.351861448324,17.132838838619566,16.28785463360734,16.28785463360734,3.537940152537649e-28
7599.099622259995,15.748001004918281,16.285762459903992,16.285762459903992,2.890939995739374e-28
7600.85195784921,15.536406949488624,16.28366913079931,16.28366913079931,2.3603824850451563e-28
7602.600523853458,16.60787478129345,16.28158462286128,16.28158462286128,1.9275236575680982e-28
7604.353666742847,16.366830376910173,16.279498994544245,16.279498994544245,1.572791356659711e-28
7606.103038310625,16.37990953868919,16.277422185770263,16.277422185770263,1.2835629889779877e-28
7607.856988872113,16.792387292953293,16.275344291768473,16.275344291768473,1.0466866224558403e-28
7609.607166374544,16.452798839181074,16.273275215655335,16.273275215655335,8.536728785550366e-29
7611.357746503008,16.651565520162197,16.27121001383632,16.27121001383632,6.960345939480347e-29
7613.112908788598,16.43606312408025,16.269143779737362,16.269143779737362,5.670516406511306e-29
7614.868475810736,14.646396359199116,16.267081455342264,16.267081455342264,4.6182589531506155e-29
7616.61608493259,15.95235961944806,16.265032841763368,16.265032841763368,3.7637719502511075e-29
7618.372459779408,15.965238353501322,16.26297834349764,16.26297834349764,3.0634259427130927e-29
7620.129239642387,15.906853756987914,16.260927780360248,16.260927780360248,2.4926158589785959e-29
7621.886424614923,15.129710282439362,16.25888116086427,16.25888116086427,2.0275296094408554e-29
7623.635644353083,14.69570157973567,16.25684821114395,16.25684821114395,1.6503307705316895e-29
7625.3936378948,16.119677937584413,16.254809485638994,16.254809485638994,1.3415635918367755e-29
7627.152036825946,16.023852189226066,16.252774729348527,16.252774729348527,1.090223184577352e-29
7628.902465019901,17.19823339484137,16.250753611769873,16.250753611769873,8.865708448513702e-30
7630.661673078831,17.884863708437454,16.248726800606168,16.248726800606168,7.200224042296683e-30
7632.4212868072555,14.80813527051967,16.246703984341725,16.246703984341725,5.84577988352418e-30
7634.181306298718,13.484583224662146,16.244685171576688,16.244685171576688,4.7446348027354885e-30
7635.9333477070695,19.184063785615336,16.24267995569174,16.24267995569174,3.853537534381763e-30
7637.69417707202,18.268662760492106,16.240669156609023,16.240669156609023,3.1257075387691437e-30
7639.455412480332,18.541189349898875,16.238662386859943,16.238662386859943,2.5345506258248424e-30
7641.208664293838,16.785497589880354,16.236669182330402,16.236669182330402,2.0566103333561657e-30
7642.970710135142,16.157960885877547,16.234670477921124,16.234670477921124,1.666606451825967e-30
7644.733162300325,16.730883539957777,16.23267582879206,16.23267582879206,1.3501374608680855e-30
7646.496020883085,15.467310743706719,16.230685243630887,16.230685243630887,1.093419461139718e-30
7648.2508885132675,16.40173110733113,16.228708181056767,16.228708181056767,8.861283150169574e-31
7650.014558275923,16.080732325122995,16.22672573048888,16.22672573048888,7.171893653416194e-31
7651.778634736929,15.928244406019475,16.22474736998578,16.22474736998578,5.802764581749152e-31
7653.5347147247785,16.124421811318456,16.222782499805234,16.222782499805234,4.69828119655563e-31
7655.299602926086,15.973021212627176,16.22081232607762,16.22081232607762,3.7989933352272186e-31
7657.064898106716,15.554807467386526,16.218846268624695,16.218846268624695,3.070873598031712e-31
7658.830600360516,15.810867666448956,16.2168843362222,16.2168843362222,2.481528303111018e-31
7660.588298771518,13.289563289479418,16.21493585069934,16.21493585069934,2.006698190060044e-31
7662.35481351373,16.7375515198591,16.21298217502774,16.21298217502774,1.6205698930669392e-31
7664.121735610338,18.679920410975658,16.21103265076765,16.21103265076765,1.3083301724392803e-31
7665.880648334662,16.56731948365953,16.209096540511453,16.209096540511453,1.056998626684989e-31
7667.648383480992,16.56179519446832,16.207155325692195,16.207155325692195,8.52810284015562e-32
7669.416526263144,16.268715994458322,16.20521828875918,16.20521828875918,6.878509130506308e-32
7671.1850767751175,17.571104125149052,16.203285438576692,16.203285438576692,5.54625828861057e-32
7672.945610533274,18.405231707477274,16.201365958135053,16.201365958135053,4.4752358510289506e-32
7674.714974844285,14.857716079179141,16.199441488054802,16.199441488054802,3.606202547586154e-32
7676.484747166798,10.699675050101945,16.197521231351867,16.197521231351867,2.9050137140414335e-32
7678.2464971970885,12.892514712078851,16.195614310895504,16.195614310895504,2.34184563233272e-32
7680.017083880856,16.12494041805886,16.193702487535532,16.193702487535532,1.8853185922178635e-32
7681.788078858001,16.813861871095018,16.191794904293975,16.191794904293975,1.517312794406876e-32
7683.559482222678,16.63860661501863,16.189891570124196,16.189891570124196,1.220757420614425e-32
7685.322855901696,16.790078616087214,16.18800152710798,16.18800152710798,9.828748483833741e-33
7687.095074378152,17.08498922444133,16.186106697652605,16.186106697652605,7.902798153079123e-33
7688.867701524274,16.919752849306295,16.184216144163024,16.184216144163024,6.352247940535136e-33
7690.632293437397,16.68872482051779,16.182338847706855,16.182338847706855,5.109642668268057e-33
7692.405736258421,17.146161019016063,16.180456852706268,16.180456852706268,4.104549487439535e-33
7694.179588031444,16.098014205776508,16.178579160680457,16.178579160680457,3.296130106659612e-33
7695.953848850767,16.87866391285255,16.176705780672386,16.176705780672386,2.6461050362579684e-33
7697.720067031729,18.888923938049885,16.174845611764948,16.174845611764948,2.1258319967342503e-33
7699.495144277691,17.889516137021616,16.17298086233145,16.17298086233145,1.7055328465344006e-33
7701.270630852545,16.73778827511015,16.17112045207847,16.17112045207847,1.3679024253039736e-33
7703.038069232747,16.850037822921113,16.1692732181727,16.1692732181727,1.0979213226811653e-33
7704.81437279827,18.323627558934763,16.167421492805822,16.167421492805822,8.80024303859761e-34
7706.591085975471,17.93098212813445,16.16557413389791,16.16557413389791,7.0515078956158675e-34
7708.368208858808,15.487600292919893,16.163731150582006,16.163731150582006,5.648501002061423e-34
7710.137276130187,14.686759997820277,16.161901296830866,16.161901296830866,4.528017343379919e-34
7711.91521675714,16.70588018116942,16.160067071204885,16.160067071204885,3.624830557142405e-34
7713.693567373276,17.017308539472594,16.158237248604042,16.158237248604042,2.9008897421312546e-34
7715.463856812201,16.525090614515538,16.156420520173832,16.156420520173832,2.3232734730091e-34
7717.243025736896,16.12461722835107,16.154599510114483,16.154599510114483,1.8581135945820248e-34
7719.022604934014,16.799816898212498,16.15278293062969,16.15278293062969,1.485621142100559e-34
7720.802594498166,17.912587873602973,16.150970790943138,16.150970790943138,1.1874293115083928e-34
7722.574515455835,15.455873836605633,16.14917169778518,16.14917169778518,9.498076169602716e-35
7724.355324082708,16.472773967399462,16.147368444166347,16.147368444166347,7.586889469226223e-35
7726.136543360118,16.416114302000867,16.145569658050785,16.145569658050785,6.058369387975825e-35
7727.909688456813,17.315150403315926,16.143783882421484,16.143783882421484,4.841476990098829e-35
7729.691727362796,18.347750288403066,16.141994037768356,16.141994037768356,3.863654464584384e-35
7731.474177203016,15.832061645774617,16.140208688440467,16.140208688440467,3.082354394369954e-35
7733.257038072232,15.21412668250892,16.138427843752638,16.138427843752638,2.458276585385639e-35
7735.031817319476,18.492211077089962,16.13665996103944,16.13665996103944,1.9620570851336967e-35
7736.815498572646,18.063303260006823,16.134888132066884,16.134888132066884,1.5638252751581248e-35
7738.599591138774,16.749232698250953,16.133120835712848,16.133120835712848,1.2460305797095982e-35
7740.375596499707,17.656654194542426,16.13136646463541,16.13136646463541,9.935822740262715e-36
7742.1605100165525,16.298269062621387,16.129608239937664,16.129608239937664,7.911753040059048e-36
7743.945835130513,7.801631061380945,16.127854575954554,16.127854575954554,6.298041147681239e-36
7745.7315719365015,18.633393619787427,16.126105482092616,16.126105482092616,5.011897128206788e-36
7747.509214084037,21.31072095987355,16.124369264115934,16.124369264115934,3.9914992672412657e-36
7749.295772597343,17.544726583765968,16.122629316893875,16.122629316893875,3.174396147903494e-36
7751.082743087095,16.50527207045789,16.12089396804648,16.12089396804648,2.5237717600427713e-36
7752.861613326166,17.213276748332817,16.11917145772304,16.11917145772304,2.0080671054412504e-36
7754.649406090914,17.261085024292615,16.117445312005955,16.117445312005955,1.5954955232807504e-36
7756.437611116728,15.750408642973953,16.115723793035386,16.115723793035386,1.2672924321640396e-36
7758.226228498667,11.335334087691109,16.11400691031004,16.11400691031004,1.0062872644360334e-36
7760.006738164645,12.327741950397268,16.11230281582755,16.11230281582755,7.99666482531547e-37
7761.796178579401,17.429000867586385,16.110595211951114,16.110595211951114,6.345742470666312e-37
7763.586031635163,17.20748188171183,16.108892272850046,16.108892272850046,5.034077258997393e-37
7765.3677713737125,16.762903121820955,16.107202083959685,16.107202083959685,3.996695240306642e-37
7767.158448030886,16.522877140819194,16.10550848075061,16.10550848075061,3.1685960877005376e-37
7768.949537614141,15.368144115694635,16.103819570966056,16.103819570966056,2.511288532012256e-37
7770.741040218699,17.425755191102382,16.102135364197462,16.102135364197462,1.9897120431376425e-37
7772.524422028718,17.30944698184482,16.10046385645853,16.10046385645853,1.577720821050945e-37
7774.316748993725,8.988208294108645,16.098789062039796,16.098789062039796,1.2492581377159109e-37
7776.109489265372,11.20003785676451,16.097118999445396,16.097118999445396,9.888674934412321e-38
7777.894103132196,16.851675066905898,16.095461597169955,16.095461597169955,7.833796199841768e-38
7779.687668333805,17.90103321521301,16.093801004524323,16.093801004524323,6.197072794073614e-38
7781.48164712759,17.99780097388242,16.092145172631096,16.092145172631096,4.900775515555899e-38
7783.2760396089225,17.361352752123082,16.090494111174998,16.090494111174998,3.8744218496110064e-38
7785.062298196044,13.319648743789031,16.088855657946624,16.088855657946624,3.0654895846558475e-38
7786.857516367605,14.665051169774076,16.087214143640686,16.087214143640686,2.42197890075002e-38
7788.65314851251,14.144551640039225,16.085577428860077,16.085577428860077,1.9129549802084545e-38
7790.440641143871,15.062976618474837,16.083953282910276,16.083953282910276,1.5121397464934585e-38
7792.237099549435,17.190169936899455,16.082326173437767,16.082326173437767,1.1935888081527992e-38
7794.033972214341,17.71122064288014,16.080703892699226,16.080703892699226,9.418493238358026e-39
7795.831259234115,16.33229918510858,16.079086450473156,16.079086450473156,7.429712457594208e-39
7797.6203992388755,17.693353763802065,16.07748152406618,16.07748152406618,5.865674471595892e-39
7799.4185132808,16.053703393631196,16.07587376509744,16.07587376509744,4.624203606057e-39
7801.2170419638505,16.369325702095868,16.07427087401085,16.07427087401085,3.644347841492112e-39
7803.007418003491,16.65227328056878,16.072680458652492,16.072680458652492,2.874484778518706e-39
7804.806774280043,15.944174652197404,16.071087309543465,16.071087309543465,2.263973309400467e-39
7806.606545484179,16.29314562888169,16.06949905780736,16.06949905780736,1.7825695157424735e-39
7808.4067317115805,15.406458380819913,16.06791571331705,16.06791571331705,1.4030900065456525e-39
7810.198757782002,16.203693482202457,16.06634479061246,16.06634479061246,1.105311004254842e-39
7811.999772365626,16.476678550031895,16.064771266801117,16.064771266801117,8.694647209900971e-40
7813.801202259233,15.240660808052752,16.063202679888356,16.063202679888356,6.837279276990438e-40
7815.594466358383,15.53202885635409,16.06164647396868,16.06164647396868,5.3811676394811135e-40
7817.396725180487,18.429053795356936,16.060087767020626,16.060087767020626,4.228986428638693e-40
7819.199399599495,15.212641011991735,16.058534026745697,16.058534026745697,3.3224614032251116e-40
7821.002489711242,15.5596290068643,16.056985263111716,16.056985263111716,2.6094409947385286e-40
7822.797406502841,17.231098531172595,16.05544882558706,16.05544882558706,2.0511596033933205e-40
7824.601326307034,18.598693317092227,16.053910021375724,16.053910021375724,1.6099611870455919e-40
7826.405662091149,19.377578007508305,16.0523762237428,16.0523762237428,1.2632672611079869e-40
7828.201818908544,18.10810261473367,16.050854710717054,16.050854710717054,9.92068030642785e-41
7830.006984958301,10.966965465173274,16.04933093236134,16.04933093236134,7.779464523953583e-41
7833.618565955717,10.177412382717067,16.046298495628427,16.046298495628427,4.779229156919786e-41
7835.416378131524,22.90962312072446,16.044797029384537,16.044797029384537,3.7485459593601274e-41
7837.223207842703,17.957218117436216,16.04329343386496,16.04329343386496,2.935805445625932e-41
7839.0304542048225,10.282697067057926,16.041794915270934,16.041794915270934,2.2985586354950795e-41
7840.829508406714,16.782122888047894,16.040308583229038,16.040308583229038,1.8011704443318974e-41
7842.6375863737785,22.614483273159014,16.03882022455774,16.03882022455774,1.4093262534211483e-41
7844.44608127963,18.56864794832777,16.037336973159086,16.037336973159086,1.1023821079364405e-41
7846.254993220411,15.97346966966356,16.035858839192322,16.035858839192322,8.620186320458627e-42
7848.055705450976,17.90583095389835,16.03439283498001,16.03439283498001,6.746439800571475e-42
7849.8654497631205,16.112067947372026,16.03292494192014,16.03292494192014,5.272147614770119e-42
7851.675611398305,15.867457182143541,16.031462196804085,16.031462196804085,4.1187398064864626e-42
7853.486190452764,16.173660640170855,16.03000460984623,16.03000460984623,3.216659092929088e-42
7855.288562240062,16.917856301951304,16.028559095290476,16.028559095290476,2.514327260390419e-42
7857.0999744330065,17.81685732841436,16.027111830663067,16.027111830663067,1.9624151952694276e-42
7858.911804333601,17.730847527925025,16.025669754871146,16.025669754871146,1.531171635839202e-42
7860.715421297009,17.07251760920602,16.024239708118266,16.024239708118266,1.1957348396036661e-42
7862.528084911665,19.634180614103574,16.022808015989277,16.022808015989277,9.323871418260486e-43
7864.341166522548,16.431963124415205,16.021381543497377,16.021381543497377,7.2681110041872e-43
7866.154666226046,13.426312621417766,16.019960300953887,16.019960300953887,5.6638365380706695e-43
7867.959945423221,14.834641837251214,16.01855102911819,16.01855102911819,4.4175399951784774e-43
7869.774279609142,16.901706837948325,16.017140252433478,16.017140252433478,3.440313855206172e-43
7871.589032176516,17.25101227839997,16.015734736665113,16.015734736665113,2.6784251988260872e-43
7873.395558558398,22.133649643025027,16.01434114750362,16.01434114750362,2.087101361670697e-43
7878.843577545343,28.340913847186986,16.01017206995119,16.01017206995119,9.821205761772008e-44
7880.651768842344,21.249740824311573,16.00879954366827,16.00879954366827,7.643417822001557e-44
