,wave,flux,error,model,cont,OIIIb_na,OIIIa_na,NII6583_na,NII6548_na,hbeta_br,hbeta_na,halpha_br,halpha_na
0,2900.3694,57.246693,2.2331598,64.33022687160852,64.33022687160852,0.0,0.0,0.0,0.0,0.0,0.0,0.0,0.0
1,2901.0366,58.977264,2.222419,64.30663110834526,64.30663110834526,0.0,0.0,0.0,0.0,0.0,0.0,0.0,0.0
2,2901.7053,61.16521,2.262246,64.2829976676912,64.2829976676912,0.0,0.0,0.0,0.0,0.0,0.0,0.0,0.0
3,2902.373,62.1366,2.2506618,64.25941283836801,64.25941283836801,0.0,0.0,0.0,0.0,0.0,0.0,0.0,0.0
4,2903.0422,62.635468,2.1651578,64.23579039076726,64.23579039076726,0.0,0.0,0.0,0.0,0.0,0.0,0.0,0.0
5,2903.71,61.84995,2.2602696,64.21223373146394,64.21223373146394,0.0,0.0,0.0,0.0,0.0,0.0,0.0,0.0
6,2904.3794,60.692245,2.193943,64.18863088700209,64.18863088700209,0.0,0.0,0.0,0.0,0.0,0.0,0.0,0.0
7,2905.0476,60.781563,2.1821136,64.1650851558859,64.1650851558859,0.0,0.0,0.0,0.0,0.0,0.0,0.0,0.0
8,2905.716,61.398743,2.0829377,64.14154487912072,64.14154487912072,0.0,0.0,0.0,0.0,0.0,0.0,0.0,0.0
9,2906.386,60.444054,2.0640388,64.11796711090028,64.11796711090028,0.0,0.0,0.0,0.0,0.0,0.0,0.0,0.0
10,2907.0547,60.193123,2.0581722,64.09444636457928,64.09444636457928,0.0,0.0,0.0,0.0,0.0,0.0,0.0,0.0
11,2907.725,64.54048,2.0961878,64.07087959571518,64.07087959571518,0.0,0.0,0.0,0.0,0.0,0.0,0.0,0.0
12,2908.3938,62.840466,2.2168832,64.04738694372665,64.04738694372665,0.0,0.0,0.0,0.0,0.0,0.0,0.0,0.0
13,2909.0645,62.883087,2.1894436,64.02383974828454,64.02383974828454,0.0,0.0,0.0,0.0,0.0,0.0,0.0,0.0
14,2909.734,60.636913,2.1579523,64.00034945639452,64.00034945639452,0.0,0.0,0.0,0.0,0.0,0.0,0.0,0.0
15,2910.403,57.974274,2.0059905,63.97688174299633,63.97688174299633,0.0,0.0,0.0,0.0,0.0,0.0,0.0,0.0
16,2911.0745,57.220863,1.9718912,63.953351040506874,63.953351040506874,0.0,0.0,0.0,0.0,0.0,0.0,0.0,0.0
17,2911.7444,57.10449,2.141476,63.92988570960751,63.92988570960751,0.0,0.0,0.0,0.0,0.0,0.0,0.0,0.0
18,2912.4158,63.626026,2.1956189,63.90638312058861,63.90638312058861,0.0,0.0,0.0,0.0,0.0,0.0,0.0,0.0
19,2913.086,60.145638,2.0519323,63.88293727986243,63.88293727986243,0.0,0.0,0.0,0.0,0.0,0.0,0.0,0.0
20,2913.7578,58.384384,1.9683992,63.859445695638286,63.859445695638286,0.0,0.0,0.0,0.0,0.0,0.0,0.0,0.0
21,2914.428,59.517445,1.9478246,63.83602786293194,63.83602786293194,0.0,0.0,0.0,0.0,0.0,0.0,0.0,0.0
22,2915.0986,59.39711,1.9639939,63.812606952146126,63.812606952146126,0.0,0.0,0.0,0.0,0.0,0.0,0.0,0.0
23,2915.7708,59.71418,1.945142,63.789148908827485,63.789148908827485,0.0,0.0,0.0,0.0,0.0,0.0,0.0,0.0
24,2916.4414,58.85824,1.9262955,63.765755972225485,63.765755972225485,0.0,0.0,0.0,0.0,0.0,0.0,0.0,0.0
25,2917.1138,58.02095,1.9289106,63.742317432813266,63.742317432813266,0.0,0.0,0.0,0.0,0.0,0.0,0.0,0.0
26,2917.785,59.615864,1.9311682,63.71893542298976,63.71893542298976,0.0,0.0,0.0,0.0,0.0,0.0,0.0,0.0
27,2918.4578,61.213264,1.9793533,63.695507878708,63.695507878708,0.0,0.0,0.0,0.0,0.0,0.0,0.0,0.0
28,2919.1292,61.445393,1.9740305,63.672145303310025,63.672145303310025,0.0,0.0,0.0,0.0,0.0,0.0,0.0,0.0
29,2919.8022,62.689037,2.0179174,63.64873725155854,63.64873725155854,0.0,0.0,0.0,0.0,0.0,0.0,0.0,0.0
30,2920.4739,62.317375,2.0318944,63.625394094802644,63.625394094802644,0.0,0.0,0.0,0.0,0.0,0.0,0.0,0.0
31,2921.146,64.752945,2.053283,63.602047908392024,63.602047908392024,0.0,0.0,0.0,0.0,0.0,0.0,0.0,0.0
32,2921.8196,63.472275,2.1327004,63.57866482048581,63.57866482048581,0.0,0.0,0.0,0.0,0.0,0.0,0.0,0.0
33,2922.4917,60.645824,2.1979609,63.55534652199176,63.55534652199176,0.0,0.0,0.0,0.0,0.0,0.0,0.0,0.0
34,2923.1655,61.41442,2.115161,63.53198289710385,63.53198289710385,0.0,0.0,0.0,0.0,0.0,0.0,0.0,0.0
35,2923.838,63.728664,2.1249602,63.50868398794121,63.50868398794121,0.0,0.0,0.0,0.0,0.0,0.0,0.0,0.0
36,2924.5122,60.721447,2.0867558,63.485331357765205,63.485331357765205,0.0,0.0,0.0,0.0,0.0,0.0,0.0,0.0
37,2925.185,60.8199,2.0394423,63.462043379802985,63.462043379802985,0.0,0.0,0.0,0.0,0.0,0.0,0.0,0.0
38,2925.8584,62.481617,2.0204165,63.43875241287278,63.43875241287278,0.0,0.0,0.0,0.0,0.0,0.0,0.0,0.0
39,2926.5332,63.11312,2.0122564,63.4154247264969,63.4154247264969,0.0,0.0,0.0,0.0,0.0,0.0,0.0,0.0
40,2927.2063,63.128326,2.0222833,63.39217001937077,63.39217001937077,0.0,0.0,0.0,0.0,0.0,0.0,0.0,0.0
41,2927.8813,63.63461,2.0043974,63.368861765716474,63.368861765716474,0.0,0.0,0.0,0.0,0.0,0.0,0.0,0.0
42,2928.5547,60.40023,2.0680754,63.34562640781595,63.34562640781595,0.0,0.0,0.0,0.0,0.0,0.0,0.0,0.0
43,2929.23,60.095665,2.038795,63.32233757100298,63.32233757100298,0.0,0.0,0.0,0.0,0.0,0.0,0.0,0.0
44,2929.904,62.72858,2.013266,63.29910472226935,63.29910472226935,0.0,0.0,0.0,0.0,0.0,0.0,0.0,0.0
45,2930.578,63.266186,2.0000165,63.275894146284976,63.275894146284976,0.0,0.0,0.0,0.0,0.0,0.0,0.0,0.0
46,2931.254,62.073204,1.9943153,63.25262179555543,63.25262179555543,0.0,0.0,0.0,0.0,0.0,0.0,0.0,0.0
47,2931.9282,64.257996,1.9924748,63.229422147342326,63.229422147342326,0.0,0.0,0.0,0.0,0.0,0.0,0.0,0.0
48,2932.6042,59.732002,1.9693465,63.20617759597104,63.20617759597104,0.0,0.0,0.0,0.0,0.0,0.0,0.0,0.0
49,2933.2788,61.975445,2.0872028,63.18299726684553,63.18299726684553,0.0,0.0,0.0,0.0,0.0,0.0,0.0,0.0
50,2933.9553,63.246758,2.122703,63.15976370979846,63.15976370979846,0.0,0.0,0.0,0.0,0.0,0.0,0.0,0.0
51,2934.6304,61.239212,1.9634502,63.13659431193712,63.13659431193712,0.0,0.0,0.0,0.0,0.0,0.0,0.0,0.0
52,2935.3054,60.4192,1.9586521,63.113438739568785,63.113438739568785,0.0,0.0,0.0,0.0,0.0,0.0,0.0,0.0
53,2935.9824,62.931473,1.9833119,63.09023004503516,63.09023004503516,0.0,0.0,0.0,0.0,0.0,0.0,0.0,0.0
54,2936.658,62.915787,1.9747695,63.067085405243866,63.067085405243866,0.0,0.0,0.0,0.0,0.0,0.0,0.0,0.0
55,2937.3352,62.220444,1.9579993,63.04389607739062,63.04389607739062,0.0,0.0,0.0,0.0,0.0,0.0,0.0,0.0
56,2938.011,64.61846,1.9760438,63.02077073137374,63.02077073137374,0.0,0.0,0.0,0.0,0.0,0.0,0.0,0.0
57,2938.6885,64.66848,2.05617,62.997600754289174,62.997600754289174,0.0,0.0,0.0,0.0,0.0,0.0,0.0,0.0
58,2939.3645,60.804146,2.009366,62.97449468622338,62.97449468622338,0.0,0.0,0.0,0.0,0.0,0.0,0.0,0.0
59,2940.0405,60.967453,1.9191412,62.95140240356906,62.95140240356906,0.0,0.0,0.0,0.0,0.0,0.0,0.0,0.0
60,2940.7185,60.90404,1.9061388,62.928257238075005,62.928257238075005,0.0,0.0,0.0,0.0,0.0,0.0,0.0,0.0
61,2941.395,62.429066,1.9057341,62.905175877566016,62.905175877566016,0.0,0.0,0.0,0.0,0.0,0.0,0.0,0.0
62,2942.0732,63.64332,1.9074281,62.882050033078784,62.882050033078784,0.0,0.0,0.0,0.0,0.0,0.0,0.0,0.0
63,2942.7502,60.828327,1.8730462,62.85897960377604,62.85897960377604,0.0,0.0,0.0,0.0,0.0,0.0,0.0,0.0
64,2943.4287,58.280792,2.0637922,62.83587306936862,62.83587306936862,0.0,0.0,0.0,0.0,0.0,0.0,0.0,0.0
65,2944.106,64.72555,2.165373,62.812821887534895,62.812821887534895,0.0,0.0,0.0,0.0,0.0,0.0,0.0,0.0
66,2944.7832,64.88461,2.0636158,62.78978446101061,62.78978446101061,0.0,0.0,0.0,0.0,0.0,0.0,0.0,0.0
67,2945.4624,62.300133,2.0634449,62.76669439978358,62.76669439978358,0.0,0.0,0.0,0.0,0.0,0.0,0.0,0.0
68,2946.14,61.685005,2.0168536,62.74367619699709,62.74367619699709,0.0,0.0,0.0,0.0,0.0,0.0,0.0,0.0
69,2946.8193,61.2349,2.1598613,62.72060542594831,62.72060542594831,0.0,0.0,0.0,0.0,0.0,0.0,0.0,0.0
70,2947.4973,61.849968,2.1850615,62.69759814860824,62.69759814860824,0.0,0.0,0.0,0.0,0.0,0.0,0.0,0.0
71,2948.177,67.106674,2.0810568,62.674546656776435,62.674546656776435,0.0,0.0,0.0,0.0,0.0,0.0,0.0,0.0
72,2948.8552,62.851772,1.9790946,62.65155858636682,62.65155858636682,0.0,0.0,0.0,0.0,0.0,0.0,0.0,0.0
73,2949.5334,64.16214,1.9891673,62.62858423126253,62.62858423126253,0.0,0.0,0.0,0.0,0.0,0.0,0.0,0.0
74,2950.2139,64.1326,1.9904641,62.605549215829235,62.605549215829235,0.0,0.0,0.0,0.0,0.0,0.0,0.0,0.0
75,2950.8923,63.27476,1.991044,62.58259404392399,62.58259404392399,0.0,0.0,0.0,0.0,0.0,0.0,0.0,0.0
76,2951.5728,63.862457,2.0004532,62.55958654051578,62.55958654051578,0.0,0.0,0.0,0.0,0.0,0.0,0.0,0.0
77,2952.252,61.77585,2.0454743,62.53663403526152,62.53663403526152,0.0,0.0,0.0,0.0,0.0,0.0,0.0,0.0
78,2952.9324,61.43186,2.049914,62.51365401316882,62.51365401316882,0.0,0.0,0.0,0.0,0.0,0.0,0.0,0.0
79,2953.6118,62.11153,2.034625,62.4907206791795,62.4907206791795,0.0,0.0,0.0,0.0,0.0,0.0,0.0,0.0
80,2954.2913,58.685703,1.9190347,62.46780103038966,62.46780103038966,0.0,0.0,0.0,0.0,0.0,0.0,0.0,0.0
81,2954.9727,60.478397,2.0912337,62.44482922976896,62.44482922976896,0.0,0.0,0.0,0.0,0.0,0.0,0.0,0.0
82,2955.6523,68.01152,2.16608,62.421928733415264,62.421928733415264,0.0,0.0,0.0,0.0,0.0,0.0,0.0,0.0
83,2956.334,64.60001,2.0665853,62.39897615104492,62.39897615104492,0.0,0.0,0.0,0.0,0.0,0.0,0.0,0.0
84,2957.0142,62.21128,1.9966072,62.37608657781264,62.37608657781264,0.0,0.0,0.0,0.0,0.0,0.0,0.0,0.0
85,2957.696,64.243004,2.003573,62.353153202675664,62.353153202675664,0.0,0.0,0.0,0.0,0.0,0.0,0.0,0.0
86,2958.3765,62.041527,2.0605032,62.330282764918465,62.330282764918465,0.0,0.0,0.0,0.0,0.0,0.0,0.0,0.0
87,2959.057,61.68703,2.0766225,62.30742597243262,62.30742597243262,0.0,0.0,0.0,0.0,0.0,0.0,0.0,0.0
88,2959.7393,66.81669,2.1186442,62.28451726295332,62.28451726295332,0.0,0.0,0.0,0.0,0.0,0.0,0.0,0.0
89,2960.4204,65.929565,2.1200604,62.26166319934722,62.26166319934722,0.0,0.0,0.0,0.0,0.0,0.0,0.0,0.0
90,2961.103,60.687115,2.0714207,62.2387736719967,62.2387736719967,0.0,0.0,0.0,0.0,0.0,0.0,0.0,0.0
91,2961.784,63.316067,1.9791375,62.21595508711523,62.21595508711523,0.0,0.0,0.0,0.0,0.0,0.0,0.0,0.0
92,2962.4673,64.64078,2.0206213,62.19306836756172,62.19306836756172,0.0,0.0,0.0,0.0,0.0,0.0,0.0,0.0
93,2963.149,64.14405,1.9803709,62.17025252875813,62.17025252875813,0.0,0.0,0.0,0.0,0.0,0.0,0.0,0.0
94,2963.8306,64.96467,2.018371,62.14745030510739,62.14745030510739,0.0,0.0,0.0,0.0,0.0,0.0,0.0,0.0
95,2964.514,63.66361,1.9912695,62.124604567651524,62.124604567651524,0.0,0.0,0.0,0.0,0.0,0.0,0.0,0.0
96,2965.1958,59.33457,2.0548418,62.1018214198248,62.1018214198248,0.0,0.0,0.0,0.0,0.0,0.0,0.0,0.0
97,2965.88,60.962738,2.0692148,62.078978513792286,62.078978513792286,0.0,0.0,0.0,0.0,0.0,0.0,0.0,0.0
98,2966.562,66.24237,2.0344126,62.05621443567415,62.05621443567415,0.0,0.0,0.0,0.0,0.0,0.0,0.0,0.0
99,2967.246,66.06138,2.0396357,62.03339881438196,62.03339881438196,0.0,0.0,0.0,0.0,0.0,0.0,0.0,0.0
100,2967.929,59.730118,2.0426679,62.01063751460709,62.01063751460709,0.0,0.0,0.0,0.0,0.0,0.0,0.0,0.0
101,2968.6116,59.174255,2.0357327,61.98789793031935,61.98789793031935,0.0,0.0,0.0,0.0,0.0,0.0,0.0,0.0
102,2969.2964,64.605034,1.995159,61.96509877958011,61.96509877958011,0.0,0.0,0.0,0.0,0.0,0.0,0.0,0.0
103,2969.9797,64.0319,2.065936,61.94236199358484,61.94236199358484,0.0,0.0,0.0,0.0,0.0,0.0,0.0,0.0
104,2970.6643,61.57429,2.0787401,61.919598198769485,61.919598198769485,0.0,0.0,0.0,0.0,0.0,0.0,0.0,0.0
105,2971.3477,62.48868,1.9950495,61.89688856718972,61.89688856718972,0.0,0.0,0.0,0.0,0.0,0.0,0.0,0.0
106,2972.033,65.80358,2.023352,61.874127634161745,61.874127634161745,0.0,0.0,0.0,0.0,0.0,0.0,0.0,0.0
107,2972.7166,65.465355,2.011257,61.85143702522099,61.85143702522099,0.0,0.0,0.0,0.0,0.0,0.0,0.0,0.0
108,2973.402,61.062157,1.9767761,61.828695179540645,61.828695179540645,0.0,0.0,0.0,0.0,0.0,0.0,0.0,0.0
109,2974.0862,61.81682,1.9535532,61.80601548568617,61.80601548568617,0.0,0.0,0.0,0.0,0.0,0.0,0.0,0.0
110,2974.7703,63.82455,1.9920007,61.78334932426607,61.78334932426607,0.0,0.0,0.0,0.0,0.0,0.0,0.0,0.0
111,2975.4565,65.83669,1.9967853,61.76062394578331,61.76062394578331,0.0,0.0,0.0,0.0,0.0,0.0,0.0,0.0
112,2976.1409,65.68666,1.9651165,61.737976781862486,61.737976781862486,0.0,0.0,0.0,0.0,0.0,0.0,0.0,0.0
113,2976.8271,59.624348,1.9887999,61.71527854740491,61.71527854740491,0.0,0.0,0.0,0.0,0.0,0.0,0.0,0.0
114,2977.512,60.06604,1.9837161,61.69264229274317,61.69264229274317,0.0,0.0,0.0,0.0,0.0,0.0,0.0,0.0
115,2978.1987,63.396362,1.9079934,61.669955041594754,61.669955041594754,0.0,0.0,0.0,0.0,0.0,0.0,0.0,0.0
116,2978.8838,60.360188,1.8949515,61.64733776716102,61.64733776716102,0.0,0.0,0.0,0.0,0.0,0.0,0.0,0.0
117,2979.569,58.19422,1.8463515,61.62472593230414,61.62472593230414,0.0,0.0,0.0,0.0,0.0,0.0,0.0,0.0
118,2980.2563,61.690086,1.9078122,61.60206320218289,61.60206320218289,0.0,0.0,0.0,0.0,0.0,0.0,0.0,0.0
119,2980.9417,61.553005,1.902016,61.57947837687661,61.57947837687661,0.0,0.0,0.0,0.0,0.0,0.0,0.0,0.0
120,2981.6292,63.337223,1.9793152,61.556834672186845,61.556834672186845,0.0,0.0,0.0,0.0,0.0,0.0,0.0,0.0
121,2982.315,61.237106,1.9328991,61.53426074877073,61.53426074877073,0.0,0.0,0.0,0.0,0.0,0.0,0.0,0.0
122,2983.0027,60.69377,1.8684444,61.51163605836401,61.51163605836401,0.0,0.0,0.0,0.0,0.0,0.0,0.0,0.0
123,2983.689,60.498165,1.839456,61.489073044974496,61.489073044974496,0.0,0.0,0.0,0.0,0.0,0.0,0.0,0.0
124,2984.3755,59.53133,1.8408502,61.466515474670906,61.466515474670906,0.0,0.0,0.0,0.0,0.0,0.0,0.0,0.0
125,2985.0635,61.72304,1.8463026,61.44392327713043,61.44392327713043,0.0,0.0,0.0,0.0,0.0,0.0,0.0,0.0
126,2985.7502,59.580177,1.8199285,61.42138463652464,61.42138463652464,0.0,0.0,0.0,0.0,0.0,0.0,0.0,0.0
127,2986.4387,58.50335,1.8173503,61.39880340827117,61.39880340827117,0.0,0.0,0.0,0.0,0.0,0.0,0.0,0.0
128,2987.1257,62.44391,1.8677969,61.37628368626424,61.37628368626424,0.0,0.0,0.0,0.0,0.0,0.0,0.0,0.0
129,2987.8147,63.44768,1.8503051,61.35371343526505,61.35371343526505,0.0,0.0,0.0,0.0,0.0,0.0,0.0,0.0
130,2988.502,59.506413,1.8980442,61.331212620748886,61.331212620748886,0.0,0.0,0.0,0.0,0.0,0.0,0.0,0.0
131,2989.19,60.755375,1.8687794,61.30870127106899,61.30870127106899,0.0,0.0,0.0,0.0,0.0,0.0,0.0,0.0
132,2989.8792,57.02113,1.7602273,61.286163455534286,61.286163455534286,0.0,0.0,0.0,0.0,0.0,0.0,0.0,0.0
133,2990.567,54.234753,1.717173,61.263686975902665,61.263686975902665,0.0,0.0,0.0,0.0,0.0,0.0,0.0,0.0
134,2991.2566,57.370857,1.758468,61.241160131138486,61.241160131138486,0.0,0.0,0.0,0.0,0.0,0.0,0.0,0.0
135,2991.9446,59.865837,1.799292,61.21870252884161,61.21870252884161,0.0,0.0,0.0,0.0,0.0,0.0,0.0,0.0
136,2992.6345,58.63673,1.7905153,61.19619462490333,61.19619462490333,0.0,0.0,0.0,0.0,0.0,0.0,0.0,0.0
137,2993.323,60.70589,1.8182825,61.173747926617644,61.173747926617644,0.0,0.0,0.0,0.0,0.0,0.0,0.0,0.0
138,2994.0117,58.930336,1.794673,61.1513066684572,61.1513066684572,0.0,0.0,0.0,0.0,0.0,0.0,0.0,0.0
139,2994.7021,59.928642,1.7708257,61.12882316591261,61.12882316591261,0.0,0.0,0.0,0.0,0.0,0.0,0.0,0.0
140,2995.391,56.49125,1.7427405,61.10640076916201,61.10640076916201,0.0,0.0,0.0,0.0,0.0,0.0,0.0,0.0
141,2996.0818,54.3684,1.7184787,61.08393618180549,61.08393618180549,0.0,0.0,0.0,0.0,0.0,0.0,0.0,0.0
142,2996.771,58.14885,1.7671145,61.06153263056962,61.06153263056962,0.0,0.0,0.0,0.0,0.0,0.0,0.0,0.0
143,2997.4622,58.540108,1.7694726,61.03907901346485,61.03907901346485,0.0,0.0,0.0,0.0,0.0,0.0,0.0,0.0
144,2998.1516,57.03429,1.7440523,61.01669429658879,61.01669429658879,0.0,0.0,0.0,0.0,0.0,0.0,0.0,0.0
145,2998.8413,55.852398,1.7476938,60.99431501345301,60.99431501345301,0.0,0.0,0.0,0.0,0.0,0.0,0.0,0.0
146,2999.5327,58.195328,1.8083775,60.97189367854528,60.97189367854528,0.0,0.0,0.0,0.0,0.0,0.0,0.0,0.0
147,3000.223,58.783455,1.81949,60.94952530064565,60.94952530064565,0.0,0.0,0.0,0.0,0.0,0.0,0.0,0.0
148,3000.9146,56.841415,1.8139983,60.9271228392677,60.9271228392677,0.0,0.0,0.0,0.0,0.0,0.0,0.0,0.0
149,3001.605,59.52767,1.766892,60.904773274935486,60.904773274935486,0.0,0.0,0.0,0.0,0.0,0.0,0.0,0.0
150,3002.2974,54.39412,1.726059,60.88237387937265,60.88237387937265,0.0,0.0,0.0,0.0,0.0,0.0,0.0,0.0
151,3002.988,56.12034,1.7133449,60.86004312213644,60.86004312213644,0.0,0.0,0.0,0.0,0.0,0.0,0.0,0.0
152,3003.6787,56.887638,1.72907,60.8377256880517,60.8377256880517,0.0,0.0,0.0,0.0,0.0,0.0,0.0,0.0
153,3004.3716,56.411503,1.6980464,60.81535063042983,60.81535063042983,0.0,0.0,0.0,0.0,0.0,0.0,0.0,0.0
154,3005.0627,57.979668,1.7347894,60.793044097861845,60.793044097861845,0.0,0.0,0.0,0.0,0.0,0.0,0.0,0.0
155,3005.7556,58.31068,1.7342945,60.7706957679203,60.7706957679203,0.0,0.0,0.0,0.0,0.0,0.0,0.0,0.0
156,3006.447,57.41949,1.7836789,60.748408007421034,60.748408007421034,0.0,0.0,0.0,0.0,0.0,0.0,0.0,0.0
157,3007.1404,56.411064,1.785999,60.726070639814,60.726070639814,0.0,0.0,0.0,0.0,0.0,0.0,0.0,0.0
158,3007.832,54.655552,1.7413741,60.703801640183855,60.703801640183855,0.0,0.0,0.0,0.0,0.0,0.0,0.0,0.0
159,3008.524,54.43889,1.6644425,60.68153807067941,60.68153807067941,0.0,0.0,0.0,0.0,0.0,0.0,0.0,0.0
160,3009.2178,55.74309,1.6782618,60.659224992459315,60.659224992459315,0.0,0.0,0.0,0.0,0.0,0.0,0.0,0.0
161,3009.9102,54.667328,1.6756203,60.63697232522659,60.63697232522659,0.0,0.0,0.0,0.0,0.0,0.0,0.0,0.0
162,3010.604,55.457905,1.669414,60.61468589997284,60.61468589997284,0.0,0.0,0.0,0.0,0.0,0.0,0.0,0.0
163,3011.2966,51.882957,1.6557267,60.59245197264053,60.59245197264053,0.0,0.0,0.0,0.0,0.0,0.0,0.0,0.0
164,3011.9912,55.0665,1.6644759,60.57016867064159,60.57016867064159,0.0,0.0,0.0,0.0,0.0,0.0,0.0,0.0
165,3012.684,57.135868,1.6772741,60.54795347665514,60.54795347665514,0.0,0.0,0.0,0.0,0.0,0.0,0.0,0.0
166,3013.377,52.12638,1.6420082,60.52575153624509,60.52575153624509,0.0,0.0,0.0,0.0,0.0,0.0,0.0,0.0
167,3014.072,53.9233,1.6657187,60.50349249366317,60.50349249366317,0.0,0.0,0.0,0.0,0.0,0.0,0.0,0.0
168,3014.7659,58.112583,1.7010123,60.481285823835925,60.481285823835925,0.0,0.0,0.0,0.0,0.0,0.0,0.0,0.0
169,3015.461,56.1576,1.6885195,60.45905337827357,60.45905337827357,0.0,0.0,0.0,0.0,0.0,0.0,0.0,0.0
170,3016.155,53.657677,1.657864,60.436865434695704,60.436865434695704,0.0,0.0,0.0,0.0,0.0,0.0,0.0,0.0
171,3016.8503,54.737827,1.6699654,60.41465174939129,60.41465174939129,0.0,0.0,0.0,0.0,0.0,0.0,0.0,0.0
172,3017.5444,56.81457,1.7681302,60.392490308883154,60.392490308883154,0.0,0.0,0.0,0.0,0.0,0.0,0.0,0.0
173,3018.2385,55.60625,1.7457328,60.37034209184183,60.37034209184183,0.0,0.0,0.0,0.0,0.0,0.0,0.0,0.0
174,3018.9346,57.876873,1.6772113,60.348144819640474,60.348144819640474,0.0,0.0,0.0,0.0,0.0,0.0,0.0,0.0
175,3019.6292,56.14636,1.6616089,60.326007496266804,60.326007496266804,0.0,0.0,0.0,0.0,0.0,0.0,0.0,0.0
176,3020.3254,53.47565,1.687355,60.30382896298724,60.30382896298724,0.0,0.0,0.0,0.0,0.0,0.0,0.0,0.0
177,3021.0205,53.63831,1.6944128,60.28170254060381,60.28170254060381,0.0,0.0,0.0,0.0,0.0,0.0,0.0,0.0
178,3021.717,56.10987,1.7186077,60.259542734895575,60.259542734895575,0.0,0.0,0.0,0.0,0.0,0.0,0.0,0.0
179,3022.412,57.184883,1.673611,60.23744274125971,60.23744274125971,0.0,0.0,0.0,0.0,0.0,0.0,0.0,0.0
180,3023.1077,56.93471,1.6766382,60.21534042049628,60.21534042049628,0.0,0.0,0.0,0.0,0.0,0.0,0.0,0.0
181,3023.8044,55.105396,1.6436509,60.19321253656433,60.19321253656433,0.0,0.0,0.0,0.0,0.0,0.0,0.0,0.0
182,3024.5,54.83703,1.6370649,60.17113661142266,60.17113661142266,0.0,0.0,0.0,0.0,0.0,0.0,0.0,0.0
183,3025.1975,56.40813,1.6603264,60.14901192241867,60.14901192241867,0.0,0.0,0.0,0.0,0.0,0.0,0.0,0.0
184,3025.8936,57.594715,1.7381275,60.126946888911846,60.126946888911846,0.0,0.0,0.0,0.0,0.0,0.0,0.0,0.0
185,3026.5913,56.02926,1.706548,60.10484089467674,60.10484089467674,0.0,0.0,0.0,0.0,0.0,0.0,0.0,0.0
186,3027.2876,51.63789,1.67832,60.08279448784411,60.08279448784411,0.0,0.0,0.0,0.0,0.0,0.0,0.0,0.0
187,3027.9858,55.711,1.6186552,60.060699449145574,60.060699449145574,0.0,0.0,0.0,0.0,0.0,0.0,0.0,0.0
188,3028.6824,56.041393,1.6501575,60.03867165767402,60.03867165767402,0.0,0.0,0.0,0.0,0.0,0.0,0.0,0.0
189,3029.3792,52.618446,1.6811894,60.016649293635616,60.016649293635616,0.0,0.0,0.0,0.0,0.0,0.0,0.0,0.0
190,3030.0776,52.190865,1.7322938,59.99458610355266,59.99458610355266,0.0,0.0,0.0,0.0,0.0,0.0,0.0,0.0
191,3030.7747,53.660007,1.6806517,59.972582335624004,59.972582335624004,0.0,0.0,0.0,0.0,0.0,0.0,0.0,0.0
192,3031.4736,53.878403,1.6717165,59.95053009336804,59.95053009336804,0.0,0.0,0.0,0.0,0.0,0.0,0.0,0.0
193,3032.171,55.17045,1.6223722,59.92854491022958,59.92854491022958,0.0,0.0,0.0,0.0,0.0,0.0,0.0,0.0
194,3032.87,56.656258,1.635894,59.906511313803726,59.906511313803726,0.0,0.0,0.0,0.0,0.0,0.0,0.0,0.0
195,3033.5676,55.993977,1.6240009,59.884544699540385,59.884544699540385,0.0,0.0,0.0,0.0,0.0,0.0,0.0,0.0
196,3034.2656,54.454227,1.6234443,59.86257582382676,59.86257582382676,0.0,0.0,0.0,0.0,0.0,0.0,0.0,0.0
197,3034.9653,56.018955,1.6191415,59.84056631720103,59.84056631720103,0.0,0.0,0.0,0.0,0.0,0.0,0.0,0.0
198,3035.6636,54.59086,1.6003668,59.81861600945375,59.81861600945375,0.0,0.0,0.0,0.0,0.0,0.0,0.0,0.0
199,3036.3638,56.333565,1.6043307,59.79661745439948,59.79661745439948,0.0,0.0,0.0,0.0,0.0,0.0,0.0,0.0
200,3037.0623,52.375088,1.618476,59.77468570326282,59.77468570326282,0.0,0.0,0.0,0.0,0.0,0.0,0.0,0.0
201,3037.7625,50.436867,1.6162905,59.75271342446493,59.75271342446493,0.0,0.0,0.0,0.0,0.0,0.0,0.0,0.0
202,3038.4614,55.235523,1.6374304,59.73079255511321,59.73079255511321,0.0,0.0,0.0,0.0,0.0,0.0,0.0,0.0
203,3039.1602,53.587475,1.580344,59.70889241677701,59.70889241677701,0.0,0.0,0.0,0.0,0.0,0.0,0.0,0.0
204,3039.861,54.811306,1.590197,59.686936533065975,59.686936533065975,0.0,0.0,0.0,0.0,0.0,0.0,0.0,0.0
205,3040.5603,56.08834,1.5990341,59.66504726636244,59.66504726636244,0.0,0.0,0.0,0.0,0.0,0.0,0.0,0.0
206,3041.2617,55.352516,1.605651,59.64310233310339,59.64310233310339,0.0,0.0,0.0,0.0,0.0,0.0,0.0,0.0
207,3041.9612,55.695774,1.5970153,59.621231580987555,59.621231580987555,0.0,0.0,0.0,0.0,0.0,0.0,0.0,0.0
208,3042.6628,57.333843,1.6059222,59.59930523190651,59.59930523190651,0.0,0.0,0.0,0.0,0.0,0.0,0.0,0.0
209,3043.3628,55.21273,1.5915849,59.57744535607569,59.57744535607569,0.0,0.0,0.0,0.0,0.0,0.0,0.0,0.0
210,3044.0627,55.432575,1.5962335,59.55559852229392,59.55559852229392,0.0,0.0,0.0,0.0,0.0,0.0,0.0,0.0
211,3044.7651,53.836594,1.6522744,59.53368858700478,59.53368858700478,0.0,0.0,0.0,0.0,0.0,0.0,0.0,0.0
212,3045.4653,55.095985,1.6677735,59.511860241667094,59.511860241667094,0.0,0.0,0.0,0.0,0.0,0.0,0.0,0.0
213,3046.1677,56.60147,1.6009504,59.48997647745839,59.48997647745839,0.0,0.0,0.0,0.0,0.0,0.0,0.0,0.0
214,3046.8687,54.59378,1.5820674,59.46815140082025,59.46815140082025,0.0,0.0,0.0,0.0,0.0,0.0,0.0,0.0
215,3047.5713,52.44187,1.701257,59.44628618294241,59.44628618294241,0.0,0.0,0.0,0.0,0.0,0.0,0.0,0.0
216,3048.2722,51.508232,1.6641065,59.42448717615445,59.42448717615445,0.0,0.0,0.0,0.0,0.0,0.0,0.0,0.0
217,3048.9739,54.477524,1.5725485,59.40267841417293,59.40267841417293,0.0,0.0,0.0,0.0,0.0,0.0,0.0,0.0
218,3049.6765,54.310665,1.5700312,59.38085234551222,59.38085234551222,0.0,0.0,0.0,0.0,0.0,0.0,0.0,0.0
219,3050.3784,52.188496,1.5453318,59.359062052524905,59.359062052524905,0.0,0.0,0.0,0.0,0.0,0.0,0.0,0.0
220,3051.0815,53.3011,1.5669053,59.33724690414549,59.33724690414549,0.0,0.0,0.0,0.0,0.0,0.0,0.0,0.0
221,3051.7832,56.751007,1.5967454,59.315490204569734,59.315490204569734,0.0,0.0,0.0,0.0,0.0,0.0,0.0,0.0
222,3052.4873,55.97812,1.597096,59.29367084726129,59.29367084726129,0.0,0.0,0.0,0.0,0.0,0.0,0.0,0.0
223,3053.1892,53.59022,1.6320822,59.27193257574349,59.27193257574349,0.0,0.0,0.0,0.0,0.0,0.0,0.0,0.0
224,3053.892,53.49017,1.618354,59.250177050567736,59.250177050567736,0.0,0.0,0.0,0.0,0.0,0.0,0.0,0.0
225,3054.5957,54.113953,1.5649989,59.22841186499783,59.22841186499783,0.0,0.0,0.0,0.0,0.0,0.0,0.0,0.0
226,3055.2988,52.753193,1.6135254,59.206674775604796,59.206674775604796,0.0,0.0,0.0,0.0,0.0,0.0,0.0,0.0
227,3056.0034,51.476246,1.612772,59.184905417882135,59.184905417882135,0.0,0.0,0.0,0.0,0.0,0.0,0.0,0.0
228,3056.7065,55.259365,1.576886,59.16319429816129,59.16319429816129,0.0,0.0,0.0,0.0,0.0,0.0,0.0,0.0
229,3057.4114,57.000412,1.6646056,59.1414434108496,59.1414434108496,0.0,0.0,0.0,0.0,0.0,0.0,0.0,0.0
230,3058.1143,57.027283,1.6537583,59.11976574966427,59.11976574966427,0.0,0.0,0.0,0.0,0.0,0.0,0.0,0.0
231,3058.818,55.120934,1.5691823,59.09807092192604,59.09807092192604,0.0,0.0,0.0,0.0,0.0,0.0,0.0,0.0
232,3059.5234,53.263588,1.6284095,59.07634393415493,59.07634393415493,0.0,0.0,0.0,0.0,0.0,0.0,0.0,0.0
233,3060.2273,55.884266,1.6383271,59.05467502271924,59.05467502271924,0.0,0.0,0.0,0.0,0.0,0.0,0.0,0.0
234,3060.9329,55.225887,1.5755874,59.03296647433279,59.03296647433279,0.0,0.0,0.0,0.0,0.0,0.0,0.0,0.0
235,3061.6372,58.261436,1.5844982,59.01130843104486,59.01130843104486,0.0,0.0,0.0,0.0,0.0,0.0,0.0,0.0
236,3062.3433,56.103844,1.5718205,58.98961081012813,58.98961081012813,0.0,0.0,0.0,0.0,0.0,0.0,0.0,0.0
237,3063.048,53.254,1.5380983,58.967963645940095,58.967963645940095,0.0,0.0,0.0,0.0,0.0,0.0,0.0,0.0
238,3063.7527,54.844475,1.5536883,58.94633689484547,58.94633689484547,0.0,0.0,0.0,0.0,0.0,0.0,0.0,0.0
239,3064.4592,53.589233,1.5464865,58.924663150054386,58.924663150054386,0.0,0.0,0.0,0.0,0.0,0.0,0.0,0.0
240,3065.1643,56.4931,1.5704764,58.90304726309482,58.90304726309482,0.0,0.0,0.0,0.0,0.0,0.0,0.0,0.0
241,3065.8706,56.974533,1.5833822,58.88140688456089,58.88140688456089,0.0,0.0,0.0,0.0,0.0,0.0,0.0,0.0
242,3066.5762,56.82859,1.5767348,58.85980185921505,58.85980185921505,0.0,0.0,0.0,0.0,0.0,0.0,0.0,0.0
243,3067.2832,55.4657,1.5620583,58.83816491437199,58.83816491437199,0.0,0.0,0.0,0.0,0.0,0.0,0.0,0.0
244,3067.9893,53.3511,1.5385929,58.81657076594523,58.81657076594523,0.0,0.0,0.0,0.0,0.0,0.0,0.0,0.0
245,3068.6948,54.821148,1.5420426,58.79500442939852,58.79500442939852,0.0,0.0,0.0,0.0,0.0,0.0,0.0,0.0
246,3069.4026,54.60413,1.7157907,58.773383854461315,58.773383854461315,0.0,0.0,0.0,0.0,0.0,0.0,0.0,0.0
247,3070.1084,53.291996,1.687726,58.75183582217735,58.75183582217735,0.0,0.0,0.0,0.0,0.0,0.0,0.0,0.0
248,3070.8167,55.587902,1.6865778,58.73022617244265,58.73022617244265,0.0,0.0,0.0,0.0,0.0,0.0,0.0,0.0
249,3071.523,56.842495,1.5843887,58.70868899057697,58.70868899057697,0.0,0.0,0.0,0.0,0.0,0.0,0.0,0.0
250,3072.2314,54.466335,1.5261551,58.687097714633744,58.687097714633744,0.0,0.0,0.0,0.0,0.0,0.0,0.0,0.0
251,3072.9385,55.928196,1.5473623,58.66556395600863,58.66556395600863,0.0,0.0,0.0,0.0,0.0,0.0,0.0,0.0
252,3073.6453,56.76221,1.5608834,58.6440504789494,58.6440504789494,0.0,0.0,0.0,0.0,0.0,0.0,0.0,0.0
253,3074.354,54.859673,1.5316731,58.62249043814275,58.62249043814275,0.0,0.0,0.0,0.0,0.0,0.0,0.0,0.0
254,3075.061,55.056034,1.5286828,58.6009952318197,58.6009952318197,0.0,0.0,0.0,0.0,0.0,0.0,0.0,0.0
255,3075.7703,55.53673,1.5215347,58.57944610457928,58.57944610457928,0.0,0.0,0.0,0.0,0.0,0.0,0.0,0.0
256,3076.4778,54.865215,1.5282605,58.55796174619082,58.55796174619082,0.0,0.0,0.0,0.0,0.0,0.0,0.0,0.0
257,3077.1877,56.44042,1.5362221,58.53641613622677,58.53641613622677,0.0,0.0,0.0,0.0,0.0,0.0,0.0,0.0
258,3077.895,51.697533,1.4857073,58.51496484815005,58.51496484815005,0.0,0.0,0.0,0.0,0.0,0.0,0.0,0.0
259,3078.6035,56.30009,1.5124182,58.49348935701984,58.49348935701984,0.0,0.0,0.0,0.0,0.0,0.0,0.0,0.0
260,3079.3132,57.782486,1.5487628,58.47198971851942,58.47198971851942,0.0,0.0,0.0,0.0,0.0,0.0,0.0,0.0
261,3080.0217,56.495922,1.5379705,58.45053988019735,58.45053988019735,0.0,0.0,0.0,0.0,0.0,0.0,0.0,0.0
262,3080.732,57.12595,1.5328519,58.42905114789027,58.42905114789027,0.0,0.0,0.0,0.0,0.0,0.0,0.0,0.0
263,3081.4404,53.524807,1.561423,58.4076269287544,58.4076269287544,0.0,0.0,0.0,0.0,0.0,0.0,0.0,0.0
264,3082.1511,52.535454,1.5563284,58.38614910427317,58.38614910427317,0.0,0.0,0.0,0.0,0.0,0.0,0.0,0.0
265,3082.8599,57.866375,1.6454786,58.364743099193056,58.364743099193056,0.0,0.0,0.0,0.0,0.0,0.0,0.0,0.0
266,3083.5713,57.95753,1.6399094,58.34326882141543,58.34326882141543,0.0,0.0,0.0,0.0,0.0,0.0,0.0,0.0
267,3084.2805,55.17754,1.5033207,58.32187366050529,58.32187366050529,0.0,0.0,0.0,0.0,0.0,0.0,0.0,0.0
268,3084.9902,55.25692,1.5696175,58.3004765452787,58.3004765452787,0.0,0.0,0.0,0.0,0.0,0.0,0.0,0.0
269,3085.7014,53.384823,1.6309605,58.27904807571645,58.27904807571645,0.0,0.0,0.0,0.0,0.0,0.0,0.0,0.0
270,3086.4111,52.51156,1.5470376,58.25767651506453,58.25767651506453,0.0,0.0,0.0,0.0,0.0,0.0,0.0,0.0
271,3087.1228,54.98306,1.5119916,58.23625894129406,58.23625894129406,0.0,0.0,0.0,0.0,0.0,0.0,0.0,0.0
272,3087.8333,54.03846,1.4994304,58.214890879353796,58.214890879353796,0.0,0.0,0.0,0.0,0.0,0.0,0.0,0.0
273,3088.5454,52.946384,1.4997691,58.19348421609454,58.19348421609454,0.0,0.0,0.0,0.0,0.0,0.0,0.0,0.0
274,3089.2556,55.132862,1.5052443,58.172149013211076,58.172149013211076,0.0,0.0,0.0,0.0,0.0,0.0,0.0,0.0
275,3089.9666,54.374332,1.5070553,58.150804551023256,58.150804551023256,0.0,0.0,0.0,0.0,0.0,0.0,0.0,0.0
276,3090.6787,54.38717,1.4913456,58.12943621185381,58.12943621185381,0.0,0.0,0.0,0.0,0.0,0.0,0.0,0.0
277,3091.3901,56.25792,1.5073967,58.10810260188223,58.10810260188223,0.0,0.0,0.0,0.0,0.0,0.0,0.0,0.0
278,3092.103,54.085884,1.4836942,58.08673784056028,58.08673784056028,0.0,0.0,0.0,0.0,0.0,0.0,0.0,0.0
279,3092.814,52.6643,1.47524,58.0654443380221,58.0654443380221,0.0,0.0,0.0,0.0,0.0,0.0,0.0,0.0
280,3093.5276,55.622093,1.4964607,58.04408316911356,58.04408316911356,0.0,0.0,0.0,0.0,0.0,0.0,0.0,0.0
281,3094.239,55.26608,1.5639911,58.02280049561461,58.02280049561461,0.0,0.0,0.0,0.0,0.0,0.0,0.0,0.0
282,3094.9512,55.17117,1.5532322,58.00150862457588,58.00150862457588,0.0,0.0,0.0,0.0,0.0,0.0,0.0,0.0
283,3095.6643,54.287613,1.4746213,57.980200292011375,57.980200292011375,0.0,0.0,0.0,0.0,0.0,0.0,0.0,0.0
284,3096.3767,54.38812,1.4724126,57.95892655806571,57.95892655806571,0.0,0.0,0.0,0.0,0.0,0.0,0.0,0.0
285,3097.0906,56.36708,1.5075531,57.93762181713601,57.93762181713601,0.0,0.0,0.0,0.0,0.0,0.0,0.0,0.0
286,3097.8032,57.64537,1.5233282,57.91636621302803,57.91636621302803,0.0,0.0,0.0,0.0,0.0,0.0,0.0,0.0
287,3098.5173,55.43745,1.508171,57.89507964181967,57.89507964181967,0.0,0.0,0.0,0.0,0.0,0.0,0.0,0.0
288,3099.2302,57.969593,1.5112873,57.87384215158803,57.87384215158803,0.0,0.0,0.0,0.0,0.0,0.0,0.0,0.0
289,3099.9436,56.951523,1.5789623,57.852602800477,57.852602800477,0.0,0.0,0.0,0.0,0.0,0.0,0.0,0.0
290,3100.6582,55.53884,1.5557584,57.83133981726112,57.83133981726112,0.0,0.0,0.0,0.0,0.0,0.0,0.0,0.0
291,3101.3718,55.09402,1.4767025,57.81011857780809,57.81011857780809,0.0,0.0,0.0,0.0,0.0,0.0,0.0,0.0
292,3102.0867,55.51465,1.482382,57.78887373731047,57.78887373731047,0.0,0.0,0.0,0.0,0.0,0.0,0.0,0.0
293,3102.8005,57.74074,1.4996918,57.76767059354309,57.76767059354309,0.0,0.0,0.0,0.0,0.0,0.0,0.0,0.0
294,3103.516,55.73203,1.4827358,57.746429389910425,57.746429389910425,0.0,0.0,0.0,0.0,0.0,0.0,0.0,0.0
295,3104.2302,54.98546,1.4598074,57.72524433451581,57.72524433451581,0.0,0.0,0.0,0.0,0.0,0.0,0.0,0.0
296,3104.9443,55.993244,1.4698355,57.70407192140963,57.70407192140963,0.0,0.0,0.0,0.0,0.0,0.0,0.0,0.0
297,3105.6604,55.915474,1.450747,57.682854284548455,57.682854284548455,0.0,0.0,0.0,0.0,0.0,0.0,0.0,0.0
298,3106.3745,54.601322,1.4654702,57.661707159187806,57.661707159187806,0.0,0.0,0.0,0.0,0.0,0.0,0.0,0.0
299,3107.0908,55.92827,1.4714643,57.64050763494736,57.64050763494736,0.0,0.0,0.0,0.0,0.0,0.0,0.0,0.0
300,3107.8057,56.818764,1.5534586,57.61936410281823,57.61936410281823,0.0,0.0,0.0,0.0,0.0,0.0,0.0,0.0
301,3108.5222,55.119717,1.5359282,57.59818268381628,57.59818268381628,0.0,0.0,0.0,0.0,0.0,0.0,0.0,0.0
302,3109.2375,53.65362,1.4609368,57.577049982474655,57.577049982474655,0.0,0.0,0.0,0.0,0.0,0.0,0.0,0.0
303,3109.9526,54.741497,1.4707884,57.55593709946268,57.55593709946268,0.0,0.0,0.0,0.0,0.0,0.0,0.0,0.0
304,3110.6702,58.108326,1.4943478,57.53476479201808,57.53476479201808,0.0,0.0,0.0,0.0,0.0,0.0,0.0,0.0
305,3111.3855,60.22264,1.5138121,57.51366993055127,57.51366993055127,0.0,0.0,0.0,0.0,0.0,0.0,0.0,0.0
306,3112.103,56.169445,1.4751186,57.49252291158376,57.49252291158376,0.0,0.0,0.0,0.0,0.0,0.0,0.0,0.0
307,3112.8196,56.386997,1.4626297,57.47141729596175,57.47141729596175,0.0,0.0,0.0,0.0,0.0,0.0,0.0,0.0
308,3113.537,58.282932,1.4926836,57.45029554513614,57.45029554513614,0.0,0.0,0.0,0.0,0.0,0.0,0.0,0.0
309,3114.2534,57.901924,1.4920719,57.429222322655654,57.429222322655654,0.0,0.0,0.0,0.0,0.0,0.0,0.0,0.0
310,3114.9697,57.087242,1.4760334,57.4081616738225,57.4081616738225,0.0,0.0,0.0,0.0,0.0,0.0,0.0,0.0
311,3115.6882,59.649445,1.5556179,57.38704904288315,57.38704904288315,0.0,0.0,0.0,0.0,0.0,0.0,0.0,0.0
312,3116.4048,55.439407,1.5363222,57.366006381249186,57.366006381249186,0.0,0.0,0.0,0.0,0.0,0.0,0.0,0.0
313,3117.1238,58.105934,1.4825065,57.34490463923377,57.34490463923377,0.0,0.0,0.0,0.0,0.0,0.0,0.0,0.0
314,3117.8406,57.566086,1.5635648,57.323879953125726,57.323879953125726,0.0,0.0,0.0,0.0,0.0,0.0,0.0,0.0
315,3118.5596,57.37315,1.677694,57.302803414548414,57.302803414548414,0.0,0.0,0.0,0.0,0.0,0.0,0.0,0.0
316,3119.277,61.59861,1.6283616,57.28178238313356,57.28178238313356,0.0,0.0,0.0,0.0,0.0,0.0,0.0,0.0
317,3119.9946,58.22841,1.5066051,57.26077389536507,57.26077389536507,0.0,0.0,0.0,0.0,0.0,0.0,0.0,0.0
318,3120.7144,54.77702,1.5311649,57.23971366491479,57.23971366491479,0.0,0.0,0.0,0.0,0.0,0.0,0.0,0.0
319,3121.432,58.919647,1.5737047,57.218730271680954,57.218730271680954,0.0,0.0,0.0,0.0,0.0,0.0,0.0,0.0
320,3122.1519,59.250534,1.506031,57.197688058544564,57.197688058544564,0.0,0.0,0.0,0.0,0.0,0.0,0.0,0.0
321,3122.8699,57.077637,1.506862,57.176715464621445,57.176715464621445,0.0,0.0,0.0,0.0,0.0,0.0,0.0,0.0
322,3123.5903,57.871605,1.4983271,57.15568413231307,57.15568413231307,0.0,0.0,0.0,0.0,0.0,0.0,0.0,0.0
323,3124.3086,57.590008,1.5486463,57.13472946777477,57.13472946777477,0.0,0.0,0.0,0.0,0.0,0.0,0.0,0.0
324,3125.027,60.83629,1.559206,57.11378018366819,57.11378018366819,0.0,0.0,0.0,0.0,0.0,0.0,0.0,0.0
325,3125.748,60.16265,1.5123162,57.09277227469008,57.09277227469008,0.0,0.0,0.0,0.0,0.0,0.0,0.0,0.0
326,3126.467,57.102062,1.4770955,57.0718337968579,57.0718337968579,0.0,0.0,0.0,0.0,0.0,0.0,0.0,0.0
327,3127.1882,59.089687,1.5041386,57.050843878877636,57.050843878877636,0.0,0.0,0.0,0.0,0.0,0.0,0.0,0.0
328,3127.9075,63.494434,1.585474,57.02992331182431,57.02992331182431,0.0,0.0,0.0,0.0,0.0,0.0,0.0,0.0
329,3128.6292,57.21076,1.5432237,57.00894427380904,57.00894427380904,0.0,0.0,0.0,0.0,0.0,0.0,0.0,0.0
330,3129.3484,58.200317,1.4881492,56.98804869656336,56.98804869656336,0.0,0.0,0.0,0.0,0.0,0.0,0.0,0.0
331,3130.0686,58.627796,1.4845754,56.967137231503855,56.967137231503855,0.0,0.0,0.0,0.0,0.0,0.0,0.0,0.0
332,3130.7903,59.02908,1.4922402,56.94619575453591,56.94619575453591,0.0,0.0,0.0,0.0,0.0,0.0,0.0,0.0
333,3131.5105,57.952324,1.52952,56.925309268084725,56.925309268084725,0.0,0.0,0.0,0.0,0.0,0.0,0.0,0.0
334,3132.2327,56.28679,1.5999911,56.90437865217823,56.90437865217823,0.0,0.0,0.0,0.0,0.0,0.0,0.0,0.0
335,3132.9531,59.748802,1.5421137,56.88351004185806,56.88351004185806,0.0,0.0,0.0,0.0,0.0,0.0,0.0,0.0
336,3133.676,58.140472,1.4518275,56.86258322675484,56.86258322675484,0.0,0.0,0.0,0.0,0.0,0.0,0.0,0.0
337,3134.397,56.2884,1.4395998,56.84172542389514,56.84172542389514,0.0,0.0,0.0,0.0,0.0,0.0,0.0,0.0
338,3135.1182,59.52307,1.462312,56.8208730093062,56.8208730093062,0.0,0.0,0.0,0.0,0.0,0.0,0.0,0.0
339,3135.8408,58.883423,1.5365691,56.799990721729166,56.799990721729166,0.0,0.0,0.0,0.0,0.0,0.0,0.0,0.0
340,3136.5625,53.41048,1.4886448,56.779149111766635,56.779149111766635,0.0,0.0,0.0,0.0,0.0,0.0,0.0,0.0
341,3137.2856,60.181713,1.6527795,56.75827767560749,56.75827767560749,0.0,0.0,0.0,0.0,0.0,0.0,0.0,0.0
342,3138.007,60.658966,1.5798442,56.73746799983828,56.73746799983828,0.0,0.0,0.0,0.0,0.0,0.0,0.0,0.0
343,3138.7312,56.83808,1.5320381,56.71659333994327,56.71659333994327,0.0,0.0,0.0,0.0,0.0,0.0,0.0,0.0
344,3139.4531,54.580933,1.4954257,56.69579445792006,56.69579445792006,0.0,0.0,0.0,0.0,0.0,0.0,0.0,0.0
345,3140.1772,55.358772,1.4450188,56.674944735432405,56.674944735432405,0.0,0.0,0.0,0.0,0.0,0.0,0.0,0.0
346,3140.8994,56.26775,1.4284128,56.6541636712905,56.6541636712905,0.0,0.0,0.0,0.0,0.0,0.0,0.0,0.0
347,3141.622,54.88644,1.4303029,56.63338096366976,56.63338096366976,0.0,0.0,0.0,0.0,0.0,0.0,0.0,0.0
348,3142.3464,57.44795,1.4366094,56.61256155298108,56.61256155298108,0.0,0.0,0.0,0.0,0.0,0.0,0.0,0.0
349,3143.069,58.034718,1.4549762,56.59180366682131,56.59180366682131,0.0,0.0,0.0,0.0,0.0,0.0,0.0,0.0
350,3143.7942,59.52423,1.4658234,56.57098809616466,56.57098809616466,0.0,0.0,0.0,0.0,0.0,0.0,0.0,0.0
351,3144.517,58.79148,1.4532892,56.55024800061338,56.55024800061338,0.0,0.0,0.0,0.0,0.0,0.0,0.0,0.0
352,3145.2424,55.73858,1.4413974,56.52945029211991,56.52945029211991,0.0,0.0,0.0,0.0,0.0,0.0,0.0,0.0
353,3145.966,58.97634,1.4597039,56.50871398329881,56.50871398329881,0.0,0.0,0.0,0.0,0.0,0.0,0.0,0.0
354,3146.6897,56.585567,1.4489088,56.48799004761339,56.48799004761339,0.0,0.0,0.0,0.0,0.0,0.0,0.0,0.0
355,3147.4153,55.52478,1.4367208,56.467222589876826,56.467222589876826,0.0,0.0,0.0,0.0,0.0,0.0,0.0,0.0
356,3148.1396,56.51204,1.4428574,56.44650245878334,56.44650245878334,0.0,0.0,0.0,0.0,0.0,0.0,0.0,0.0
357,3148.8652,56.720554,1.4484856,56.425759808768476,56.425759808768476,0.0,0.0,0.0,0.0,0.0,0.0,0.0,0.0
358,3149.5896,56.233826,1.4376272,56.40506442316695,56.40506442316695,0.0,0.0,0.0,0.0,0.0,0.0,0.0,0.0
359,3150.3162,58.414196,1.4432096,56.384318664085896,56.384318664085896,0.0,0.0,0.0,0.0,0.0,0.0,0.0,0.0
360,3151.0405,57.56847,1.4413683,56.363647999678356,56.363647999678356,0.0,0.0,0.0,0.0,0.0,0.0,0.0,0.0
361,3151.7659,58.000416,1.4484907,56.34296181934667,56.34296181934667,0.0,0.0,0.0,0.0,0.0,0.0,0.0,0.0
362,3152.4924,59.65057,1.4671214,56.32225320631035,56.32225320631035,0.0,0.0,0.0,0.0,0.0,0.0,0.0,0.0
363,3153.2178,59.95066,1.5191265,56.30159173573676,56.30159173573676,0.0,0.0,0.0,0.0,0.0,0.0,0.0,0.0
364,3153.9448,58.11399,1.4941599,56.28089395726112,56.28089395726112,0.0,0.0,0.0,0.0,0.0,0.0,0.0,0.0
365,3154.67,56.94385,1.4269793,56.26026410786823,56.26026410786823,0.0,0.0,0.0,0.0,0.0,0.0,0.0,0.0
366,3155.3977,57.38392,1.4386274,56.2395702205356,56.2395702205356,0.0,0.0,0.0,0.0,0.0,0.0,0.0,0.0
367,3156.1235,56.57838,1.4299881,56.218944200352894,56.218944200352894,0.0,0.0,0.0,0.0,0.0,0.0,0.0,0.0
368,3156.8499,55.604435,1.4234574,56.19831662199658,56.19831662199658,0.0,0.0,0.0,0.0,0.0,0.0,0.0,0.0
369,3157.5774,56.555546,1.4184315,56.17766671783254,56.17766671783254,0.0,0.0,0.0,0.0,0.0,0.0,0.0,0.0
370,3158.304,58.005146,1.428125,56.15705684935693,56.15705684935693,0.0,0.0,0.0,0.0,0.0,0.0,0.0,0.0
371,3159.0325,56.050453,1.4139183,56.13640392688054,56.13640392688054,0.0,0.0,0.0,0.0,0.0,0.0,0.0,0.0
372,3159.759,57.638336,1.4198923,56.11581867974534,56.11581867974534,0.0,0.0,0.0,0.0,0.0,0.0,0.0,0.0
373,3160.4878,60.378056,1.457504,56.09518351347901,56.09518351347901,0.0,0.0,0.0,0.0,0.0,0.0,0.0,0.0
374,3161.2148,58.762047,1.4409242,56.07460903754849,56.07460903754849,0.0,0.0,0.0,0.0,0.0,0.0,0.0,0.0
375,3161.9421,56.6023,1.4283141,56.054039934037384,56.054039934037384,0.0,0.0,0.0,0.0,0.0,0.0,0.0,0.0
376,3162.6711,58.6531,1.5240921,56.03343481405771,56.03343481405771,0.0,0.0,0.0,0.0,0.0,0.0,0.0,0.0
377,3163.399,59.59884,1.5424728,56.0128764867184,56.0128764867184,0.0,0.0,0.0,0.0,0.0,0.0,0.0,0.0
378,3164.1282,54.15709,1.4882914,55.99228908702357,55.99228908702357,0.0,0.0,0.0,0.0,0.0,0.0,0.0,0.0
379,3164.857,58.665012,1.4998766,55.97172776817867,55.97172776817867,0.0,0.0,0.0,0.0,0.0,0.0,0.0,0.0
380,3165.5864,60.581543,1.4533769,55.9511580851009,55.9511580851009,0.0,0.0,0.0,0.0,0.0,0.0,0.0,0.0
381,3166.3145,57.52325,1.4863765,55.93064196600057,55.93064196600057,0.0,0.0,0.0,0.0,0.0,0.0,0.0,0.0
382,3167.0435,56.227856,1.4648329,55.91011058852841,55.91011058852841,0.0,0.0,0.0,0.0,0.0,0.0,0.0,0.0
383,3167.7737,56.29908,1.4582689,55.889557122106986,55.889557122106986,0.0,0.0,0.0,0.0,0.0,0.0,0.0,0.0
384,3168.5024,54.534218,1.5346172,55.86905713990648,55.86905713990648,0.0,0.0,0.0,0.0,0.0,0.0,0.0,0.0
385,3169.2332,55.73044,1.518609,55.848514496753786,55.848514496753786,0.0,0.0,0.0,0.0,0.0,0.0,0.0,0.0
386,3169.9622,56.678074,1.4051604,55.82803214210539,55.82803214210539,0.0,0.0,0.0,0.0,0.0,0.0,0.0,0.0
387,3170.693,57.011967,1.4089018,55.80750718001451,55.80750718001451,0.0,0.0,0.0,0.0,0.0,0.0,0.0,0.0
388,3171.4224,57.523285,1.4271756,55.78704243697174,55.78704243697174,0.0,0.0,0.0,0.0,0.0,0.0,0.0,0.0
389,3172.152,56.736664,1.4122908,55.76657621072554,55.76657621072554,0.0,0.0,0.0,0.0,0.0,0.0,0.0,0.0
390,3172.8835,59.314243,1.4366336,55.74607431045915,55.74607431045915,0.0,0.0,0.0,0.0,0.0,0.0,0.0,0.0
391,3173.6135,61.100212,1.4476188,55.725625692367835,55.725625692367835,0.0,0.0,0.0,0.0,0.0,0.0,0.0,0.0
392,3174.3452,57.36623,1.4754924,55.70514144540705,55.70514144540705,0.0,0.0,0.0,0.0,0.0,0.0,0.0,0.0
393,3175.076,56.758247,1.4729605,55.68469676192812,55.68469676192812,0.0,0.0,0.0,0.0,0.0,0.0,0.0,0.0
394,3175.8076,62.57184,1.4634984,55.66423698513368,55.66423698513368,0.0,0.0,0.0,0.0,0.0,0.0,0.0,0.0
395,3176.5386,60.294785,1.4465197,55.64380989830065,55.64380989830065,0.0,0.0,0.0,0.0,0.0,0.0,0.0,0.0
396,3177.269,58.40483,1.4133615,55.6234086380982,55.6234086380982,0.0,0.0,0.0,0.0,0.0,0.0,0.0,0.0
397,3178.0015,57.768394,1.4106015,55.602965045053544,55.602965045053544,0.0,0.0,0.0,0.0,0.0,0.0,0.0,0.0
398,3178.7327,59.341488,1.4218426,55.58256771630042,55.58256771630042,0.0,0.0,0.0,0.0,0.0,0.0,0.0,0.0
399,3179.4658,58.67069,1.5658038,55.56212812405828,55.56212812405828,0.0,0.0,0.0,0.0,0.0,0.0,0.0,0.0
400,3180.1975,56.952812,1.5720643,55.54174155991252,55.54174155991252,0.0,0.0,0.0,0.0,0.0,0.0,0.0,0.0
401,3180.9307,62.683147,1.4941412,55.521326385866004,55.521326385866004,0.0,0.0,0.0,0.0,0.0,0.0,0.0,0.0
402,3181.6626,55.562107,1.5014858,55.50095737878928,55.50095737878928,0.0,0.0,0.0,0.0,0.0,0.0,0.0,0.0
403,3182.3943,57.12479,1.4559014,55.480607315294094,55.480607315294094,0.0,0.0,0.0,0.0,0.0,0.0,0.0,0.0
404,3183.1282,59.113728,1.4057581,55.4602083325326,55.4602083325326,0.0,0.0,0.0,0.0,0.0,0.0,0.0,0.0
405,3183.8606,58.85896,1.4229124,55.43986223001449,55.43986223001449,0.0,0.0,0.0,0.0,0.0,0.0,0.0,0.0
406,3184.5945,59.519707,1.4300888,55.41948761324011,55.41948761324011,0.0,0.0,0.0,0.0,0.0,0.0,0.0,0.0
407,3185.3276,58.467342,1.4385296,55.399145492216064,55.399145492216064,0.0,0.0,0.0,0.0,0.0,0.0,0.0,0.0
408,3186.0618,61.117985,1.4520346,55.3787884454046,55.3787884454046,0.0,0.0,0.0,0.0,0.0,0.0,0.0,0.0
409,3186.795,61.391766,1.4441108,55.35847062183737,55.35847062183737,0.0,0.0,0.0,0.0,0.0,0.0,0.0,0.0
410,3187.528,60.02454,1.42956,55.33816492385048,55.33816492385048,0.0,0.0,0.0,0.0,0.0,0.0,0.0,0.0
411,3188.263,58.927773,1.4657404,55.31782405117886,55.31782405117886,0.0,0.0,0.0,0.0,0.0,0.0,0.0,0.0
412,3188.9963,58.358814,1.5273857,55.297535850786744,55.297535850786744,0.0,0.0,0.0,0.0,0.0,0.0,0.0,0.0
413,3189.7317,57.880222,1.5260141,55.277205772524105,55.277205772524105,0.0,0.0,0.0,0.0,0.0,0.0,0.0,0.0
414,3190.4658,59.233913,1.5427783,55.256921570524206,55.256921570524206,0.0,0.0,0.0,0.0,0.0,0.0,0.0,0.0
415,3191.2012,59.373272,1.4692355,55.23661577812241,55.23661577812241,0.0,0.0,0.0,0.0,0.0,0.0,0.0,0.0
416,3191.9358,60.73543,1.4689889,55.21634233041908,55.21634233041908,0.0,0.0,0.0,0.0,0.0,0.0,0.0,0.0
417,3192.6694,61.589535,1.4660712,55.19610791275236,55.19610791275236,0.0,0.0,0.0,0.0,0.0,0.0,0.0,0.0
418,3193.406,60.099495,1.4097335,55.17580482603533,55.17580482603533,0.0,0.0,0.0,0.0,0.0,0.0,0.0,0.0
419,3194.1404,59.828537,1.5159545,55.155574399139745,55.155574399139745,0.0,0.0,0.0,0.0,0.0,0.0,0.0,0.0
420,3194.8772,59.42584,1.5072088,55.13528884277526,55.13528884277526,0.0,0.0,0.0,0.0,0.0,0.0,0.0,0.0
421,3195.612,60.2354,1.4083887,55.11506914639827,55.11506914639827,0.0,0.0,0.0,0.0,0.0,0.0,0.0,0.0
422,3196.3489,59.88913,1.4053818,55.09480781986116,55.09480781986116,0.0,0.0,0.0,0.0,0.0,0.0,0.0,0.0
423,3197.0845,59.460457,1.4048474,55.07459214664132,55.07459214664132,0.0,0.0,0.0,0.0,0.0,0.0,0.0,0.0
424,3197.822,60.35628,1.4161961,55.05433491147786,55.05433491147786,0.0,0.0,0.0,0.0,0.0,0.0,0.0,0.0
425,3198.5571,60.068142,1.4210593,55.03415679088588,55.03415679088588,0.0,0.0,0.0,0.0,0.0,0.0,0.0,0.0
426,3199.2937,59.36874,1.4114548,55.01395052734919,55.01395052734919,0.0,0.0,0.0,0.0,0.0,0.0,0.0,0.0
427,3200.031,57.974438,1.4099065,54.99373625729586,54.99373625729586,0.0,0.0,0.0,0.0,0.0,0.0,0.0,0.0
428,3200.7673,59.472546,1.418245,54.97356081900813,54.97356081900813,0.0,0.0,0.0,0.0,0.0,0.0,0.0,0.0
429,3201.5054,59.754112,1.4253083,54.95335063631961,54.95335063631961,0.0,0.0,0.0,0.0,0.0,0.0,0.0,0.0
430,3202.242,57.22961,1.3978084,54.93319261638627,54.93319261638627,0.0,0.0,0.0,0.0,0.0,0.0,0.0,0.0
431,3202.9802,60.292805,1.4253296,54.91299989598433,54.91299989598433,0.0,0.0,0.0,0.0,0.0,0.0,0.0,0.0
432,3203.717,60.197563,1.4621551,54.8928592784632,54.8928592784632,0.0,0.0,0.0,0.0,0.0,0.0,0.0,0.0
433,3204.4543,59.54734,1.4504464,54.87271734194924,54.87271734194924,0.0,0.0,0.0,0.0,0.0,0.0,0.0,0.0
434,3205.1929,58.002674,1.4479115,54.85255410976604,54.85255410976604,0.0,0.0,0.0,0.0,0.0,0.0,0.0,0.0
435,3205.9307,57.64649,1.4476122,54.83242290815134,54.83242290815134,0.0,0.0,0.0,0.0,0.0,0.0,0.0,0.0
436,3206.6697,59.196865,1.382478,54.812270446681396,54.812270446681396,0.0,0.0,0.0,0.0,0.0,0.0,0.0,0.0
437,3207.4075,58.620884,1.3788235,54.79216329109562,54.79216329109562,0.0,0.0,0.0,0.0,0.0,0.0,0.0,0.0
438,3208.1472,59.280556,1.3848867,54.77201495262175,54.77201495262175,0.0,0.0,0.0,0.0,0.0,0.0,0.0,0.0
439,3208.885,58.8306,1.3882797,54.75193181518823,54.75193181518823,0.0,0.0,0.0,0.0,0.0,0.0,0.0,0.0
440,3209.6235,58.37672,1.3814403,54.73184073698534,54.73184073698534,0.0,0.0,0.0,0.0,0.0,0.0,0.0,0.0
441,3210.3635,58.651695,1.3842385,54.71172183660011,54.71172183660011,0.0,0.0,0.0,0.0,0.0,0.0,0.0,0.0
442,3211.102,58.53197,1.3797662,54.6916547566273,54.6916547566273,0.0,0.0,0.0,0.0,0.0,0.0,0.0,0.0
443,3211.8423,57.093536,1.3652952,54.67155325437379,54.67155325437379,0.0,0.0,0.0,0.0,0.0,0.0,0.0,0.0
444,3212.5815,58.27511,1.3792329,54.65149026535257,54.65149026535257,0.0,0.0,0.0,0.0,0.0,0.0,0.0,0.0
445,3213.3223,57.798405,1.3757745,54.63139953327935,54.63139953327935,0.0,0.0,0.0,0.0,0.0,0.0,0.0,0.0
446,3214.0613,57.166687,1.3648005,54.61136712652375,54.61136712652375,0.0,0.0,0.0,0.0,0.0,0.0,0.0,0.0
447,3214.8008,57.75437,1.3735628,54.591333444356046,54.591333444356046,0.0,0.0,0.0,0.0,0.0,0.0,0.0,0.0
448,3215.542,58.66417,1.4570284,54.57126546040368,54.57126546040368,0.0,0.0,0.0,0.0,0.0,0.0,0.0,0.0
449,3216.282,58.427032,1.5469197,54.55124249670178,54.55124249670178,0.0,0.0,0.0,0.0,0.0,0.0,0.0,0.0
450,3217.0234,58.25043,1.4260384,54.53119188260089,54.53119188260089,0.0,0.0,0.0,0.0,0.0,0.0,0.0,0.0
451,3217.7637,54.486816,1.3987671,54.51118623735034,54.51118623735034,0.0,0.0,0.0,0.0,0.0,0.0,0.0,0.0
452,3218.5056,56.007385,1.3918386,54.49114638484704,54.49114638484704,0.0,0.0,0.0,0.0,0.0,0.0,0.0,0.0
453,3219.2458,59.058075,1.3769094,54.471164634366794,54.471164634366794,0.0,0.0,0.0,0.0,0.0,0.0,0.0,0.0
454,3219.9866,56.92634,1.3532233,54.451181633912746,54.451181633912746,0.0,0.0,0.0,0.0,0.0,0.0,0.0,0.0
455,3220.7292,55.9348,1.3440641,54.431157914486974,54.431157914486974,0.0,0.0,0.0,0.0,0.0,0.0,0.0,0.0
456,3221.4702,56.110798,1.342172,54.411192208396294,54.411192208396294,0.0,0.0,0.0,0.0,0.0,0.0,0.0,0.0
457,3222.2126,58.794285,1.3674065,54.39119897951843,54.39119897951843,0.0,0.0,0.0,0.0,0.0,0.0,0.0,0.0
458,3222.954,58.892124,1.3751516,54.37124397533955,54.37124397533955,0.0,0.0,0.0,0.0,0.0,0.0,0.0,0.0
459,3223.6978,57.96191,1.3715944,54.351241797229605,54.351241797229605,0.0,0.0,0.0,0.0,0.0,0.0,0.0,0.0
460,3224.4392,58.894222,1.3730791,54.33131063597932,54.33131063597932,0.0,0.0,0.0,0.0,0.0,0.0,0.0,0.0
461,3225.1812,58.2338,1.359413,54.31137824997143,54.31137824997143,0.0,0.0,0.0,0.0,0.0,0.0,0.0,0.0
462,3225.9246,58.573555,1.3640246,54.29141844090496,54.29141844090496,0.0,0.0,0.0,0.0,0.0,0.0,0.0,0.0
463,3226.6672,59.655926,1.3692575,54.27149021105447,54.27149021105447,0.0,0.0,0.0,0.0,0.0,0.0,0.0,0.0
464,3227.4111,58.09717,1.3583074,54.25154115405994,54.25154115405994,0.0,0.0,0.0,0.0,0.0,0.0,0.0,0.0
465,3228.1536,57.076824,1.3471944,54.23164327246039,54.23164327246039,0.0,0.0,0.0,0.0,0.0,0.0,0.0,0.0
466,3228.898,58.237965,1.3932824,54.21170496327293,54.21170496327293,0.0,0.0,0.0,0.0,0.0,0.0,0.0,0.0
467,3229.6406,55.63104,1.4698666,54.19182431194068,54.19182431194068,0.0,0.0,0.0,0.0,0.0,0.0,0.0,0.0
468,3230.3838,57.477573,1.5450372,54.17194246084839,54.17194246084839,0.0,0.0,0.0,0.0,0.0,0.0,0.0,0.0
469,3231.129,57.856174,1.5138671,54.152020269756676,54.152020269756676,0.0,0.0,0.0,0.0,0.0,0.0,0.0,0.0
470,3231.8726,57.16033,1.5538716,54.132149126728905,54.132149126728905,0.0,0.0,0.0,0.0,0.0,0.0,0.0,0.0
471,3232.6174,57.61936,1.4872601,54.112257255530196,54.112257255530196,0.0,0.0,0.0,0.0,0.0,0.0,0.0,0.0
472,3233.3616,58.45941,1.4671642,54.09239681631897,54.09239681631897,0.0,0.0,0.0,0.0,0.0,0.0,0.0,0.0
473,3234.107,56.596664,1.353012,54.072515683800695,54.072515683800695,0.0,0.0,0.0,0.0,0.0,0.0,0.0,0.0
474,3234.8506,56.86273,1.3456801,54.052691980481455,54.052691980481455,0.0,0.0,0.0,0.0,0.0,0.0,0.0,0.0
475,3235.595,56.416683,1.3406574,54.032860592129005,54.032860592129005,0.0,0.0,0.0,0.0,0.0,0.0,0.0,0.0
476,3236.341,54.83965,1.3235689,54.01299555030283,54.01299555030283,0.0,0.0,0.0,0.0,0.0,0.0,0.0,0.0
477,3237.0857,55.16656,1.3251241,53.99318135545478,53.99318135545478,0.0,0.0,0.0,0.0,0.0,0.0,0.0,0.0
478,3237.8323,56.76944,1.3260552,53.97332705900345,53.97332705900345,0.0,0.0,0.0,0.0,0.0,0.0,0.0,0.0
479,3238.5774,54.063564,1.3092079,53.95352355884573,53.95352355884573,0.0,0.0,0.0,0.0,0.0,0.0,0.0,0.0
480,3239.3237,57.020435,1.3332585,53.93369946368818,53.93369946368818,0.0,0.0,0.0,0.0,0.0,0.0,0.0,0.0
481,3240.0688,57.843212,1.3889016,53.91391961194831,53.91391961194831,0.0,0.0,0.0,0.0,0.0,0.0,0.0,0.0
482,3240.8142,57.58653,1.4083962,53.89414508493767,53.89414508493767,0.0,0.0,0.0,0.0,0.0,0.0,0.0,0.0
483,3241.5615,57.604134,1.33965,53.87433058553861,53.87433058553861,0.0,0.0,0.0,0.0,0.0,0.0,0.0,0.0
484,3242.3076,56.320328,1.3999534,53.8545602731187,53.8545602731187,0.0,0.0,0.0,0.0,0.0,0.0,0.0,0.0
485,3243.055,53.245884,1.3633801,53.83476944444503,53.83476944444503,0.0,0.0,0.0,0.0,0.0,0.0,0.0,0.0
486,3243.801,56.079315,1.4003325,53.81502274452872,53.81502274452872,0.0,0.0,0.0,0.0,0.0,0.0,0.0,0.0
487,3244.549,58.5341,1.4262992,53.79523617994465,53.79523617994465,0.0,0.0,0.0,0.0,0.0,0.0,0.0,0.0
488,3245.2954,58.3508,1.425492,53.77550661305881,53.77550661305881,0.0,0.0,0.0,0.0,0.0,0.0,0.0,0.0
489,3246.0425,57.0716,1.326256,53.75576947198227,53.75576947198227,0.0,0.0,0.0,0.0,0.0,0.0,0.0,0.0
490,3246.7908,56.50833,1.3223042,53.73601189310078,53.73601189310078,0.0,0.0,0.0,0.0,0.0,0.0,0.0,0.0
491,3247.5376,56.231483,1.3222368,53.716304768997645,53.716304768997645,0.0,0.0,0.0,0.0,0.0,0.0,0.0,0.0
492,3248.2866,55.33638,1.3115295,53.69655147209725,53.69655147209725,0.0,0.0,0.0,0.0,0.0,0.0,0.0,0.0
493,3249.0334,56.710125,1.3063141,53.67686788553815,53.67686788553815,0.0,0.0,0.0,0.0,0.0,0.0,0.0,0.0
494,3249.783,54.54272,1.3439356,53.657125318139244,53.657125318139244,0.0,0.0,0.0,0.0,0.0,0.0,0.0,0.0
495,3250.5305,53.498535,1.4095534,53.637445962723355,53.637445962723355,0.0,0.0,0.0,0.0,0.0,0.0,0.0,0.0
496,3251.2786,57.748775,1.3765961,53.61776550537171,53.61776550537171,0.0,0.0,0.0,0.0,0.0,0.0,0.0,0.0
497,3252.0278,57.7481,1.3882276,53.59806470725879,53.59806470725879,0.0,0.0,0.0,0.0,0.0,0.0,0.0,0.0
498,3252.776,58.488846,1.3407876,53.57840775155193,53.57840775155193,0.0,0.0,0.0,0.0,0.0,0.0,0.0,0.0
499,3253.5264,59.593662,1.341235,53.558698425430116,53.558698425430116,0.0,0.0,0.0,0.0,0.0,0.0,0.0,0.0
500,3254.2747,57.027187,1.32149,53.539058545737994,53.539058545737994,0.0,0.0,0.0,0.0,0.0,0.0,0.0,0.0
501,3255.0251,54.71144,1.3446788,53.519372762485446,53.519372762485446,0.0,0.0,0.0,0.0,0.0,0.0,0.0,0.0
502,3255.7737,56.242603,1.3606874,53.499749939080424,53.499749939080424,0.0,0.0,0.0,0.0,0.0,0.0,0.0,0.0
503,3256.525,55.893093,1.3012683,53.48006848037574,53.48006848037574,0.0,0.0,0.0,0.0,0.0,0.0,0.0,0.0
504,3257.2742,56.577568,1.3144091,53.46044992382984,53.46044992382984,0.0,0.0,0.0,0.0,0.0,0.0,0.0,0.0
505,3258.0232,56.65398,1.3031287,53.44084946073617,53.44084946073617,0.0,0.0,0.0,0.0,0.0,0.0,0.0,0.0
506,3258.7747,56.017822,1.3103362,53.421196857455925,53.421196857455925,0.0,0.0,0.0,0.0,0.0,0.0,0.0,0.0
507,3259.5242,55.84247,1.3033024,53.40160704324531,53.40160704324531,0.0,0.0,0.0,0.0,0.0,0.0,0.0,0.0
508,3260.2761,55.89874,1.3097429,53.38196516097879,53.38196516097879,0.0,0.0,0.0,0.0,0.0,0.0,0.0,0.0
509,3261.026,54.184013,1.289903,53.362392374141955,53.362392374141955,0.0,0.0,0.0,0.0,0.0,0.0,0.0,0.0
510,3261.778,54.42435,1.2908392,53.342767583665804,53.342767583665804,0.0,0.0,0.0,0.0,0.0,0.0,0.0,0.0
511,3262.5283,57.22811,1.3175886,53.323205444396876,53.323205444396876,0.0,0.0,0.0,0.0,0.0,0.0,0.0,0.0
512,3263.2788,57.971634,1.3247288,53.30364861441951,53.30364861441951,0.0,0.0,0.0,0.0,0.0,0.0,0.0,0.0
513,3264.0312,56.15296,1.3064202,53.28405260126252,53.28405260126252,0.0,0.0,0.0,0.0,0.0,0.0,0.0,0.0
514,3264.7822,55.08253,1.2961485,53.26450642163663,53.26450642163663,0.0,0.0,0.0,0.0,0.0,0.0,0.0,0.0
515,3265.5352,55.906105,1.357667,53.244921115435936,53.244921115435936,0.0,0.0,0.0,0.0,0.0,0.0,0.0,0.0
516,3266.2864,53.334007,1.3375239,53.22539193795899,53.22539193795899,0.0,0.0,0.0,0.0,0.0,0.0,0.0,0.0
517,3267.0396,54.61497,1.3590766,53.205823682847814,53.205823682847814,0.0,0.0,0.0,0.0,0.0,0.0,0.0,0.0
518,3267.7915,55.547527,1.3496189,53.186298816918054,53.186298816918054,0.0,0.0,0.0,0.0,0.0,0.0,0.0,0.0
519,3268.543,55.210873,1.2983702,53.16679827302484,53.16679827302484,0.0,0.0,0.0,0.0,0.0,0.0,0.0,0.0
520,3269.297,55.952892,1.3048658,53.14723973163753,53.14723973163753,0.0,0.0,0.0,0.0,0.0,0.0,0.0,0.0
521,3270.049,56.75605,1.3817687,53.12774982794296,53.12774982794296,0.0,0.0,0.0,0.0,0.0,0.0,0.0,0.0
522,3270.8032,56.8593,1.3837732,53.10821465022987,53.10821465022987,0.0,0.0,0.0,0.0,0.0,0.0,0.0,0.0
523,3271.5554,58.458576,1.336082,53.088741704412406,53.088741704412406,0.0,0.0,0.0,0.0,0.0,0.0,0.0,0.0
524,3272.3096,56.258293,1.4465652,53.069229855504574,53.069229855504574,0.0,0.0,0.0,0.0,0.0,0.0,0.0,0.0
525,3273.0625,54.21761,1.4332994,53.04976122611682,53.04976122611682,0.0,0.0,0.0,0.0,0.0,0.0,0.0,0.0
526,3273.8157,57.08026,1.3177935,53.03029790727904,53.03029790727904,0.0,0.0,0.0,0.0,0.0,0.0,0.0,0.0
527,3274.5708,57.67951,1.3216785,53.01079577712343,53.01079577712343,0.0,0.0,0.0,0.0,0.0,0.0,0.0,0.0
528,3275.324,56.178482,1.3054914,52.991355709985946,52.991355709985946,0.0,0.0,0.0,0.0,0.0,0.0,0.0,0.0
529,3276.079,57.88767,1.3673496,52.971876872534395,52.971876872534395,0.0,0.0,0.0,0.0,0.0,0.0,0.0,0.0
530,3276.8328,58.107914,1.3656396,52.95244743447706,52.95244743447706,0.0,0.0,0.0,0.0,0.0,0.0,0.0,0.0
531,3277.5884,56.3851,1.3227977,52.93297928209903,52.93297928209903,0.0,0.0,0.0,0.0,0.0,0.0,0.0,0.0
532,3278.3425,56.000927,1.3067254,52.91356047979123,52.91356047979123,0.0,0.0,0.0,0.0,0.0,0.0,0.0,0.0
533,3279.0967,56.860474,1.3111863,52.894153265528246,52.894153265528246,0.0,0.0,0.0,0.0,0.0,0.0,0.0,0.0
534,3279.8528,57.200527,1.3116807,52.874707413261525,52.874707413261525,0.0,0.0,0.0,0.0,0.0,0.0,0.0,0.0
535,3280.6074,56.90204,1.3291938,52.855310829695696,52.855310829695696,0.0,0.0,0.0,0.0,0.0,0.0,0.0,0.0
536,3281.3635,57.023975,1.3087115,52.835888203045855,52.835888203045855,0.0,0.0,0.0,0.0,0.0,0.0,0.0,0.0
537,3282.119,55.65314,1.3061856,52.81649598347316,52.81649598347316,0.0,0.0,0.0,0.0,0.0,0.0,0.0,0.0
538,3282.8755,53.21979,1.3306149,52.79708403112149,52.79708403112149,0.0,0.0,0.0,0.0,0.0,0.0,0.0,0.0
539,3283.631,55.531067,1.3483092,52.77770871748188,52.77770871748188,0.0,0.0,0.0,0.0,0.0,0.0,0.0,0.0
540,3284.3865,56.45192,1.3021891,52.758351224328834,52.758351224328834,0.0,0.0,0.0,0.0,0.0,0.0,0.0,0.0
541,3285.144,54.785126,1.346446,52.73894902231517,52.73894902231517,0.0,0.0,0.0,0.0,0.0,0.0,0.0,0.0
542,3285.8994,54.45867,1.3459953,52.71961465090321,52.71961465090321,0.0,0.0,0.0,0.0,0.0,0.0,0.0,0.0
543,3286.6572,54.93346,1.2806587,52.70022937531212,52.70022937531212,0.0,0.0,0.0,0.0,0.0,0.0,0.0,0.0
544,3287.4136,54.698856,1.2805073,52.68089313246415,52.68089313246415,0.0,0.0,0.0,0.0,0.0,0.0,0.0,0.0
545,3288.1716,55.643337,1.2713352,52.661524778545385,52.661524778545385,0.0,0.0,0.0,0.0,0.0,0.0,0.0,0.0
546,3288.9282,51.85965,1.3090892,52.64220540092173,52.64220540092173,0.0,0.0,0.0,0.0,0.0,0.0,0.0,0.0
547,3289.6846,53.964653,1.3243345,52.62290378059706,52.62290378059706,0.0,0.0,0.0,0.0,0.0,0.0,0.0,0.0
548,3290.443,55.522507,1.2845368,52.60355764918836,52.60355764918836,0.0,0.0,0.0,0.0,0.0,0.0,0.0,0.0
549,3291.2004,55.272484,1.338415,52.58425419225088,52.58425419225088,0.0,0.0,0.0,0.0,0.0,0.0,0.0,0.0
550,3291.9587,55.59275,1.4559208,52.564937388477354,52.564937388477354,0.0,0.0,0.0,0.0,0.0,0.0,0.0,0.0
551,3292.7166,53.45384,1.4207921,52.54564455461003,52.54564455461003,0.0,0.0,0.0,0.0,0.0,0.0,0.0,0.0
552,3293.4758,54.700043,1.272158,52.526325979582005,52.526325979582005,0.0,0.0,0.0,0.0,0.0,0.0,0.0,0.0
553,3294.2332,54.07903,1.2499061,52.507068607373874,52.507068607373874,0.0,0.0,0.0,0.0,0.0,0.0,0.0,0.0
554,3294.9912,53.447422,1.2539979,52.48780411208776,52.48780411208776,0.0,0.0,0.0,0.0,0.0,0.0,0.0,0.0
555,3295.7507,54.2584,1.2679433,52.46851392118538,52.46851392118538,0.0,0.0,0.0,0.0,0.0,0.0,0.0,0.0
556,3296.5093,54.542576,1.2715775,52.44926004265398,52.44926004265398,0.0,0.0,0.0,0.0,0.0,0.0,0.0,0.0
557,3297.2695,52.367176,1.2479037,52.429974317327044,52.429974317327044,0.0,0.0,0.0,0.0,0.0,0.0,0.0,0.0
558,3298.0278,53.577637,1.2528869,52.41074962862263,52.41074962862263,0.0,0.0,0.0,0.0,0.0,0.0,0.0,0.0
559,3298.7886,52.823135,1.2541629,52.39147456651017,52.39147456651017,0.0,0.0,0.0,0.0,0.0,0.0,0.0,0.0
560,3299.547,54.133522,1.3075032,52.37226665789671,52.37226665789671,0.0,0.0,0.0,0.0,0.0,0.0,0.0,0.0
561,3300.3066,56.115204,1.3757384,52.35304549774797,52.35304549774797,0.0,0.0,0.0,0.0,0.0,0.0,0.0,0.0
562,3301.0671,54.786026,1.3171399,52.33381112084593,52.33381112084593,0.0,0.0,0.0,0.0,0.0,0.0,0.0,0.0
563,3301.8274,52.9336,1.3015095,52.31459440808519,52.31459440808519,0.0,0.0,0.0,0.0,0.0,0.0,0.0,0.0
564,3302.5884,52.29394,1.2940661,52.295370676733036,52.295370676733036,0.0,0.0,0.0,0.0,0.0,0.0,0.0,0.0
565,3303.3484,52.332294,1.3713796,52.276183083439385,52.276183083439385,0.0,0.0,0.0,0.0,0.0,0.0,0.0,0.0
566,3304.11,51.268074,1.4261668,52.25696383458883,52.25696383458883,0.0,0.0,0.0,0.0,0.0,0.0,0.0,0.0
567,3304.8699,51.151295,1.3337538,52.237805315416104,52.237805315416104,0.0,0.0,0.0,0.0,0.0,0.0,0.0,0.0
568,3305.6306,53.30389,1.2875497,52.21863361833055,52.21863361833055,0.0,0.0,0.0,0.0,0.0,0.0,0.0,0.0
569,3306.3926,53.365597,1.236359,52.19944263080482,52.19944263080482,0.0,0.0,0.0,0.0,0.0,0.0,0.0,0.0
570,3307.1536,52.110954,1.229251,52.18028768975046,52.18028768975046,0.0,0.0,0.0,0.0,0.0,0.0,0.0,0.0
571,3307.916,52.55933,1.2320648,52.16110734356117,52.16110734356117,0.0,0.0,0.0,0.0,0.0,0.0,0.0,0.0
572,3308.6768,53.198387,1.2330415,52.141981418607934,52.141981418607934,0.0,0.0,0.0,0.0,0.0,0.0,0.0,0.0
573,3309.44,52.806824,1.2316111,52.12280557636524,52.12280557636524,0.0,0.0,0.0,0.0,0.0,0.0,0.0,0.0
574,3310.2012,52.357304,1.2401136,52.10369023588757,52.10369023588757,0.0,0.0,0.0,0.0,0.0,0.0,0.0,0.0
575,3310.9648,52.94683,1.2357768,52.08452504713261,52.08452504713261,0.0,0.0,0.0,0.0,0.0,0.0,0.0,0.0
576,3311.726,50.651985,1.2229174,52.065432540223256,52.065432540223256,0.0,0.0,0.0,0.0,0.0,0.0,0.0,0.0
577,3312.4878,53.677444,1.241722,52.04633918199836,52.04633918199836,0.0,0.0,0.0,0.0,0.0,0.0,0.0,0.0
578,3313.2522,53.921356,1.2393929,52.02718995729604,52.02718995729604,0.0,0.0,0.0,0.0,0.0,0.0,0.0,0.0
579,3314.0142,50.584568,1.2160404,52.00811329834814,52.00811329834814,0.0,0.0,0.0,0.0,0.0,0.0,0.0,0.0
580,3314.7783,49.771297,1.2638873,51.98899305546252,51.98899305546252,0.0,0.0,0.0,0.0,0.0,0.0,0.0,0.0
581,3315.5408,51.666245,1.2844083,51.969926969416655,51.969926969416655,0.0,0.0,0.0,0.0,0.0,0.0,0.0,0.0
582,3316.3054,51.640602,1.2199259,51.950817360823436,51.950817360823436,0.0,0.0,0.0,0.0,0.0,0.0,0.0,0.0
583,3317.0686,52.3121,1.2514052,51.931755757769785,51.931755757769785,0.0,0.0,0.0,0.0,0.0,0.0,0.0,0.0
584,3317.8313,53.51408,1.25064,51.91271771607177,51.91271771607177,0.0,0.0,0.0,0.0,0.0,0.0,0.0,0.0
585,3318.5967,53.365536,1.2438216,51.893624051843474,51.893624051843474,0.0,0.0,0.0,0.0,0.0,0.0,0.0,0.0
586,3319.3599,51.394604,1.2266948,51.87459657624707,51.87459657624707,0.0,0.0,0.0,0.0,0.0,0.0,0.0,0.0
587,3320.1252,50.821175,1.2165986,51.85552571663985,51.85552571663985,0.0,0.0,0.0,0.0,0.0,0.0,0.0,0.0
588,3320.8894,54.850838,1.2447311,51.836496650338056,51.836496650338056,0.0,0.0,0.0,0.0,0.0,0.0,0.0,0.0
589,3321.6548,52.922028,1.227085,51.81744857216916,51.81744857216916,0.0,0.0,0.0,0.0,0.0,0.0,0.0,0.0
590,3322.4194,51.93973,1.2187376,51.79843009114972,51.79843009114972,0.0,0.0,0.0,0.0,0.0,0.0,0.0,0.0
591,3323.1833,51.913322,1.2058069,51.77944116523928,51.77944116523928,0.0,0.0,0.0,0.0,0.0,0.0,0.0,0.0
592,3323.9502,49.662834,1.2086865,51.76039080365414,51.76039080365414,0.0,0.0,0.0,0.0,0.0,0.0,0.0,0.0
593,3324.7148,51.084564,1.2137864,51.74140637962071,51.74140637962071,0.0,0.0,0.0,0.0,0.0,0.0,0.0,0.0
594,3325.4812,51.723595,1.2262022,51.72239088983669,51.72239088983669,0.0,0.0,0.0,0.0,0.0,0.0,0.0,0.0
595,3326.2466,52.87559,1.2317536,51.70341097719431,51.70341097719431,0.0,0.0,0.0,0.0,0.0,0.0,0.0,0.0
596,3327.0132,52.698765,1.2965177,51.68441214992862,51.68441214992862,0.0,0.0,0.0,0.0,0.0,0.0,0.0,0.0
597,3327.779,52.130024,1.2757903,51.66544281415465,51.66544281415465,0.0,0.0,0.0,0.0,0.0,0.0,0.0,0.0
598,3328.5442,52.131107,1.2685037,51.64650292799334,51.64650292799334,0.0,0.0,0.0,0.0,0.0,0.0,0.0,0.0
599,3329.3115,50.62171,1.2117548,51.62751999425178,51.62751999425178,0.0,0.0,0.0,0.0,0.0,0.0,0.0,0.0
600,3330.078,53.901794,1.2276917,51.6085725473682,51.6085725473682,0.0,0.0,0.0,0.0,0.0,0.0,0.0,0.0
601,3330.8455,52.84927,1.2250396,51.58960625809357,51.58960625809357,0.0,0.0,0.0,0.0,0.0,0.0,0.0,0.0
602,3331.6118,51.660194,1.2698233,51.570681442410304,51.570681442410304,0.0,0.0,0.0,0.0,0.0,0.0,0.0,0.0
603,3332.3801,51.798836,1.2598789,51.55171973104306,51.55171973104306,0.0,0.0,0.0,0.0,0.0,0.0,0.0,0.0
604,3333.1465,52.40716,1.2171834,51.532817519908114,51.532817519908114,0.0,0.0,0.0,0.0,0.0,0.0,0.0,0.0
605,3333.9136,55.71235,1.2380749,51.513908533635274,51.513908533635274,0.0,0.0,0.0,0.0,0.0,0.0,0.0,0.0
606,3334.6821,53.36749,1.2298963,51.4949747569917,51.4949747569917,0.0,0.0,0.0,0.0,0.0,0.0,0.0,0.0
607,3335.4497,54.568005,1.2276437,51.47607633682173,51.47607633682173,0.0,0.0,0.0,0.0,0.0,0.0,0.0,0.0
608,3336.2188,53.06036,1.3628913,51.457153165057036,51.457153165057036,0.0,0.0,0.0,0.0,0.0,0.0,0.0,0.0
609,3336.9858,52.60108,1.3352956,51.43828932458151,51.43828932458151,0.0,0.0,0.0,0.0,0.0,0.0,0.0,0.0
610,3337.7554,57.230053,1.276285,51.41937674896998,51.41937674896998,0.0,0.0,0.0,0.0,0.0,0.0,0.0,0.0
611,3338.5234,55.587112,1.2608659,51.40051145331995,51.40051145331995,0.0,0.0,0.0,0.0,0.0,0.0,0.0,0.0
612,3339.292,58.002064,1.3154836,51.38164543400983,51.38164543400983,0.0,0.0,0.0,0.0,0.0,0.0,0.0,0.0
613,3340.0615,54.942245,1.2944843,51.362766727896634,51.362766727896634,0.0,0.0,0.0,0.0,0.0,0.0,0.0,0.0
614,3340.83,55.105083,1.2907138,51.34392324115378,51.34392324115378,0.0,0.0,0.0,0.0,0.0,0.0,0.0,0.0
615,3341.6006,57.115578,1.2532536,51.325043155589334,51.325043155589334,0.0,0.0,0.0,0.0,0.0,0.0,0.0,0.0
616,3342.3691,55.653507,1.2426281,51.306222178418956,51.306222178418956,0.0,0.0,0.0,0.0,0.0,0.0,0.0,0.0
617,3343.1404,57.769627,1.378315,51.28734672090548,51.28734672090548,0.0,0.0,0.0,0.0,0.0,0.0,0.0,0.0
618,3343.9092,56.80621,1.3638244,51.26854225697273,51.26854225697273,0.0,0.0,0.0,0.0,0.0,0.0,0.0,0.0
619,3344.6785,55.332233,1.2348193,51.249737075696586,51.249737075696586,0.0,0.0,0.0,0.0,0.0,0.0,0.0,0.0
620,3345.4497,56.45605,1.2434354,51.23089541321852,51.23089541321852,0.0,0.0,0.0,0.0,0.0,0.0,0.0,0.0
621,3346.219,55.996506,1.2335949,51.212112691269134,51.212112691269134,0.0,0.0,0.0,0.0,0.0,0.0,0.0,0.0
622,3346.991,52.06897,1.2036632,51.193275659907165,51.193275659907165,0.0,0.0,0.0,0.0,0.0,0.0,0.0,0.0
623,3347.761,52.977825,1.1988713,51.17449751485072,51.17449751485072,0.0,0.0,0.0,0.0,0.0,0.0,0.0,0.0
624,3348.5334,51.708946,1.1937908,51.15567108985485,51.15567108985485,0.0,0.0,0.0,0.0,0.0,0.0,0.0,0.0
625,3349.3035,52.113262,1.1786691,51.136915379586334,51.136915379586334,0.0,0.0,0.0,0.0,0.0,0.0,0.0,0.0
626,3350.074,52.14869,1.1896996,51.118158972418136,51.118158972418136,0.0,0.0,0.0,0.0,0.0,0.0,0.0,0.0
627,3350.8464,52.09566,1.1854768,51.099366253748315,51.099366253748315,0.0,0.0,0.0,0.0,0.0,0.0,0.0,0.0
628,3351.6172,52.90114,1.1951945,51.080626312795,51.080626312795,0.0,0.0,0.0,0.0,0.0,0.0,0.0,0.0
629,3352.3906,51.534554,1.1827015,51.06183231361306,51.06183231361306,0.0,0.0,0.0,0.0,0.0,0.0,0.0,0.0
630,3353.1616,50.703938,1.1687813,51.04310883368581,51.04310883368581,0.0,0.0,0.0,0.0,0.0,0.0,0.0,0.0
631,3353.9346,51.94674,1.1834116,51.02434913280834,51.02434913280834,0.0,0.0,0.0,0.0,0.0,0.0,0.0,0.0
632,3354.7065,52.100132,1.1732271,51.00562432732074,51.00562432732074,0.0,0.0,0.0,0.0,0.0,0.0,0.0,0.0
633,3355.478,50.957508,1.1654236,50.98692253248385,50.98692253248385,0.0,0.0,0.0,0.0,0.0,0.0,0.0,0.0
634,3356.252,50.912632,1.1672881,50.96817276199054,50.96817276199054,0.0,0.0,0.0,0.0,0.0,0.0,0.0,0.0
635,3357.024,52.35003,1.1738809,50.949481482768036,50.949481482768036,0.0,0.0,0.0,0.0,0.0,0.0,0.0,0.0
636,3357.7983,52.887814,1.1821958,50.9307422941714,50.9307422941714,0.0,0.0,0.0,0.0,0.0,0.0,0.0,0.0
637,3358.5706,53.68541,1.1916372,50.9120674383396,50.9120674383396,0.0,0.0,0.0,0.0,0.0,0.0,0.0,0.0
638,3359.3447,52.066734,1.1782049,50.89335653000581,50.89335653000581,0.0,0.0,0.0,0.0,0.0,0.0,0.0,0.0
639,3360.1182,50.469547,1.1727175,50.874674493336414,50.874674493336414,0.0,0.0,0.0,0.0,0.0,0.0,0.0,0.0
640,3360.8906,51.332195,1.169577,50.85602717922234,50.85602717922234,0.0,0.0,0.0,0.0,0.0,0.0,0.0,0.0
641,3361.6663,50.05487,1.1634128,50.83731443495594,50.83731443495594,0.0,0.0,0.0,0.0,0.0,0.0,0.0,0.0
642,3362.4392,50.956375,1.1581604,50.81867762349088,50.81867762349088,0.0,0.0,0.0,0.0,0.0,0.0,0.0,0.0
643,3363.2146,51.842083,1.1699474,50.79999311278159,50.79999311278159,0.0,0.0,0.0,0.0,0.0,0.0,0.0,0.0
644,3363.9883,51.903217,1.1697485,50.78136092097644,50.78136092097644,0.0,0.0,0.0,0.0,0.0,0.0,0.0,0.0
645,3364.7642,51.573242,1.1743367,50.762686977090695,50.762686977090695,0.0,0.0,0.0,0.0,0.0,0.0,0.0,0.0
646,3365.538,52.130783,1.1780812,50.744071169263705,50.744071169263705,0.0,0.0,0.0,0.0,0.0,0.0,0.0,0.0
647,3366.3125,54.08956,1.1882528,50.72545473175945,50.72545473175945,0.0,0.0,0.0,0.0,0.0,0.0,0.0,0.0
648,3367.0884,51.875786,1.169752,50.70681422147528,50.70681422147528,0.0,0.0,0.0,0.0,0.0,0.0,0.0,0.0
649,3367.8635,49.5385,1.1538253,50.68820243433585,50.68820243433585,0.0,0.0,0.0,0.0,0.0,0.0,0.0,0.0
650,3368.6396,50.680725,1.1508703,50.66957833251461,50.66957833251461,0.0,0.0,0.0,0.0,0.0,0.0,0.0,0.0
651,3369.4148,51.55115,1.1606346,50.6509887746373,50.6509887746373,0.0,0.0,0.0,0.0,0.0,0.0,0.0,0.0
652,3370.1917,49.924644,1.1456075,50.63236936247059,50.63236936247059,0.0,0.0,0.0,0.0,0.0,0.0,0.0,0.0
653,3370.9668,52.406277,1.1634133,50.61380200756011,50.61380200756011,0.0,0.0,0.0,0.0,0.0,0.0,0.0,0.0
654,3371.7444,50.9694,1.1544753,50.59518730066596,50.59518730066596,0.0,0.0,0.0,0.0,0.0,0.0,0.0,0.0
655,3372.5198,50.92279,1.1502029,50.57663628319411,50.57663628319411,0.0,0.0,0.0,0.0,0.0,0.0,0.0,0.0
656,3373.2961,50.54072,1.1391033,50.558072986774455,50.558072986774455,0.0,0.0,0.0,0.0,0.0,0.0,0.0,0.0
657,3374.0737,50.584835,1.1460766,50.53949161178913,50.53949161178913,0.0,0.0,0.0,0.0,0.0,0.0,0.0,0.0
658,3374.8499,52.118572,1.1646883,50.52095631813034,50.52095631813034,0.0,0.0,0.0,0.0,0.0,0.0,0.0,0.0
659,3375.6284,51.406387,1.158122,50.50237382884011,50.50237382884011,0.0,0.0,0.0,0.0,0.0,0.0,0.0,0.0
660,3376.4048,53.62694,1.1716892,50.48385485408594,50.48385485408594,0.0,0.0,0.0,0.0,0.0,0.0,0.0,0.0
661,3377.183,51.53331,1.1577084,50.46530037864886,50.46530037864886,0.0,0.0,0.0,0.0,0.0,0.0,0.0,0.0
662,3377.9604,51.4963,1.1550219,50.44678025541814,50.44678025541814,0.0,0.0,0.0,0.0,0.0,0.0,0.0,0.0
663,3378.7378,52.5318,1.1562558,50.428271187893124,50.428271187893124,0.0,0.0,0.0,0.0,0.0,0.0,0.0,0.0
664,3379.5168,50.649708,1.154606,50.40973251133599,50.40973251133599,0.0,0.0,0.0,0.0,0.0,0.0,0.0,0.0
665,3380.2942,51.955154,1.1615503,50.3912455520645,50.3912455520645,0.0,0.0,0.0,0.0,0.0,0.0,0.0,0.0
666,3381.074,53.62162,1.1746761,50.3727116110261,50.3727116110261,0.0,0.0,0.0,0.0,0.0,0.0,0.0,0.0
667,3381.8516,52.21166,1.1650807,50.354240936278444,50.354240936278444,0.0,0.0,0.0,0.0,0.0,0.0,0.0,0.0
668,3382.6313,51.287582,1.1551312,50.33572913179575,50.33572913179575,0.0,0.0,0.0,0.0,0.0,0.0,0.0,0.0
669,3383.41,52.59994,1.1539397,50.31725735050099,50.31725735050099,0.0,0.0,0.0,0.0,0.0,0.0,0.0,0.0
670,3384.1877,53.453365,1.1590252,50.298813957058776,50.298813957058776,0.0,0.0,0.0,0.0,0.0,0.0,0.0,0.0
671,3384.9688,51.160294,1.14773,50.28030637202049,50.28030637202049,0.0,0.0,0.0,0.0,0.0,0.0,0.0,0.0
672,3385.747,52.86947,1.1551682,50.26187344691291,50.26187344691291,0.0,0.0,0.0,0.0,0.0,0.0,0.0,0.0
673,3386.5276,51.206112,1.2088445,50.243399522785886,50.243399522785886,0.0,0.0,0.0,0.0,0.0,0.0,0.0,0.0
674,3387.3071,51.002922,1.1967511,50.224959737153,50.224959737153,0.0,0.0,0.0,0.0,0.0,0.0,0.0,0.0
675,3388.088,52.10483,1.1526095,50.206502110459056,50.206502110459056,0.0,0.0,0.0,0.0,0.0,0.0,0.0,0.0
676,3388.8674,50.752594,1.1366863,50.188084349745694,50.188084349745694,0.0,0.0,0.0,0.0,0.0,0.0,0.0,0.0
677,3389.6472,49.841347,1.1249378,50.1696718162197,50.1696718162197,0.0,0.0,0.0,0.0,0.0,0.0,0.0,0.0
678,3390.4285,49.77238,1.1283121,50.15123571330172,50.15123571330172,0.0,0.0,0.0,0.0,0.0,0.0,0.0,0.0
679,3391.2087,51.141285,1.1416562,50.13283365503579,50.13283365503579,0.0,0.0,0.0,0.0,0.0,0.0,0.0,0.0
680,3391.9907,51.191513,1.1426325,50.11440231154177,50.11440231154177,0.0,0.0,0.0,0.0,0.0,0.0,0.0,0.0
681,3392.7712,50.531303,1.1316302,50.096016486078355,50.096016486078355,0.0,0.0,0.0,0.0,0.0,0.0,0.0,0.0
682,3393.5532,50.93039,1.1393516,50.077607157985845,50.077607157985845,0.0,0.0,0.0,0.0,0.0,0.0,0.0,0.0
683,3394.3337,50.52799,1.1890363,50.05924328850136,50.05924328850136,0.0,0.0,0.0,0.0,0.0,0.0,0.0,0.0
684,3395.115,50.477985,1.1927763,50.0408731562493,50.0408731562493,0.0,0.0,0.0,0.0,0.0,0.0,0.0,0.0
685,3395.8977,53.062973,1.1613132,50.0224795764404,50.0224795764404,0.0,0.0,0.0,0.0,0.0,0.0,0.0,0.0
686,3396.6794,51.801773,1.190169,50.00411992263657,50.00411992263657,0.0,0.0,0.0,0.0,0.0,0.0,0.0,0.0
687,3397.4624,49.556934,1.2366059,49.98574258660478,49.98574258660478,0.0,0.0,0.0,0.0,0.0,0.0,0.0,0.0
688,3398.2437,51.660458,1.1994183,49.96741631359448,49.96741631359448,0.0,0.0,0.0,0.0,0.0,0.0,0.0,0.0
689,3399.0276,51.980625,1.1989566,49.94903802976687,49.94903802976687,0.0,0.0,0.0,0.0,0.0,0.0,0.0,0.0
690,3399.8096,52.398396,1.150114,49.9307164886861,49.9307164886861,0.0,0.0,0.0,0.0,0.0,0.0,0.0,0.0
691,3400.5916,52.115467,1.1563766,49.912405879325625,49.912405879325625,0.0,0.0,0.0,0.0,0.0,0.0,0.0,0.0
692,3401.3757,51.033165,1.1882461,49.89405478836881,49.89405478836881,0.0,0.0,0.0,0.0,0.0,0.0,0.0,0.0
693,3402.158,52.121235,1.2188988,49.87576033783377,49.87576033783377,0.0,0.0,0.0,0.0,0.0,0.0,0.0,0.0
694,3402.9429,54.64668,1.164368,49.85741404631022,49.85741404631022,0.0,0.0,0.0,0.0,0.0,0.0,0.0,0.0
695,3403.7256,50.976723,1.1395526,49.83913004431938,49.83913004431938,0.0,0.0,0.0,0.0,0.0,0.0,0.0,0.0
696,3404.5105,50.762344,1.1334988,49.820805667752076,49.820805667752076,0.0,0.0,0.0,0.0,0.0,0.0,0.0,0.0
697,3405.294,52.129955,1.1488941,49.802526417646824,49.802526417646824,0.0,0.0,0.0,0.0,0.0,0.0,0.0,0.0
698,3406.077,53.474663,1.1601144,49.78426945915507,49.78426945915507,0.0,0.0,0.0,0.0,0.0,0.0,0.0,0.0
699,3406.8625,52.882965,1.1490607,49.76596082214162,49.76596082214162,0.0,0.0,0.0,0.0,0.0,0.0,0.0,0.0
700,3407.6462,50.661194,1.1841733,49.74770861234476,49.74770861234476,0.0,0.0,0.0,0.0,0.0,0.0,0.0,0.0
701,3408.432,51.161213,1.1812806,49.72942184396184,49.72942184396184,0.0,0.0,0.0,0.0,0.0,0.0,0.0,0.0
702,3409.216,51.277637,1.1947778,49.7111800752564,49.7111800752564,0.0,0.0,0.0,0.0,0.0,0.0,0.0,0.0
703,3410.0022,51.58202,1.256661,49.69290379778882,49.69290379778882,0.0,0.0,0.0,0.0,0.0,0.0,0.0,0.0
704,3410.7869,54.76819,1.2161903,49.6746724747873,49.6746724747873,0.0,0.0,0.0,0.0,0.0,0.0,0.0,0.0
705,3411.5715,56.248215,1.1788465,49.656452031903974,49.656452031903974,0.0,0.0,0.0,0.0,0.0,0.0,0.0,0.0
706,3412.358,53.998016,1.1649163,49.63820281207727,49.63820281207727,0.0,0.0,0.0,0.0,0.0,0.0,0.0,0.0
707,3413.143,57.43536,1.183409,49.61999280485406,49.61999280485406,0.0,0.0,0.0,0.0,0.0,0.0,0.0,0.0
708,3413.9302,54.92064,1.1718383,49.6017484063321,49.6017484063321,0.0,0.0,0.0,0.0,0.0,0.0,0.0,0.0
709,3414.7158,57.02563,1.1760858,49.58354884270389,49.58354884270389,0.0,0.0,0.0,0.0,0.0,0.0,0.0,0.0
710,3415.5032,57.756653,1.198175,49.56532058784832,49.56532058784832,0.0,0.0,0.0,0.0,0.0,0.0,0.0,0.0
711,3416.2888,57.20108,1.1917309,49.54714276317853,49.54714276317853,0.0,0.0,0.0,0.0,0.0,0.0,0.0,0.0
712,3417.0747,59.599648,1.2138233,49.52897013896828,49.52897013896828,0.0,0.0,0.0,0.0,0.0,0.0,0.0,0.0
713,3417.8633,60.01498,1.2237179,49.510746312679196,49.510746312679196,0.0,0.0,0.0,0.0,0.0,0.0,0.0,0.0
714,3418.65,61.175648,1.2659631,49.492578489467924,49.492578489467924,0.0,0.0,0.0,0.0,0.0,0.0,0.0,0.0
715,3419.438,60.65615,1.2674648,49.474387708697876,49.474387708697876,0.0,0.0,0.0,0.0,0.0,0.0,0.0,0.0
716,3420.2249,62.328106,1.2392145,49.456235954847294,49.456235954847294,0.0,0.0,0.0,0.0,0.0,0.0,0.0,0.0
717,3421.0132,64.75534,1.3011867,49.43806127259013,49.43806127259013,0.0,0.0,0.0,0.0,0.0,0.0,0.0,0.0
718,3421.8003,64.29329,1.3022388,49.41992557236947,49.41992557236947,0.0,0.0,0.0,0.0,0.0,0.0,0.0,0.0
719,3422.5876,63.61725,1.3089653,49.40179507374998,49.40179507374998,0.0,0.0,0.0,0.0,0.0,0.0,0.0,0.0
720,3423.3767,61.64297,1.3001424,49.383636076901496,49.383636076901496,0.0,0.0,0.0,0.0,0.0,0.0,0.0,0.0
721,3424.164,62.32557,1.2771542,49.36552723188594,49.36552723188594,0.0,0.0,0.0,0.0,0.0,0.0,0.0,0.0
722,3424.954,62.451443,1.3404125,49.34736747723429,49.34736747723429,0.0,0.0,0.0,0.0,0.0,0.0,0.0,0.0
723,3425.7417,60.368362,1.2785102,49.32927465662674,49.32927465662674,0.0,0.0,0.0,0.0,0.0,0.0,0.0,0.0
724,3426.532,57.73628,1.1935933,49.31113098891208,49.31113098891208,0.0,0.0,0.0,0.0,0.0,0.0,0.0,0.0
725,3427.3198,56.25929,1.1686112,49.293054177004166,49.293054177004166,0.0,0.0,0.0,0.0,0.0,0.0,0.0,0.0
726,3428.1084,56.58865,1.1706882,49.27497135420892,49.27497135420892,0.0,0.0,0.0,0.0,0.0,0.0,0.0,0.0
727,3428.8992,54.26329,1.1414285,49.256848981392245,49.256848981392245,0.0,0.0,0.0,0.0,0.0,0.0,0.0,0.0
728,3429.688,52.35567,1.1268381,49.238782170507136,49.238782170507136,0.0,0.0,0.0,0.0,0.0,0.0,0.0,0.0
729,3430.479,52.28944,1.1236033,49.22067585855245,49.22067585855245,0.0,0.0,0.0,0.0,0.0,0.0,0.0,0.0
730,3431.2678,52.099075,1.1154561,49.20263062722182,49.20263062722182,0.0,0.0,0.0,0.0,0.0,0.0,0.0,0.0
731,3432.0588,51.109135,1.1076055,49.18454593702661,49.18454593702661,0.0,0.0,0.0,0.0,0.0,0.0,0.0,0.0
732,3432.8489,53.109818,1.124894,49.16649436607673,49.16649436607673,0.0,0.0,0.0,0.0,0.0,0.0,0.0,0.0
733,3433.6401,51.525257,1.1097858,49.14842570519236,49.14842570519236,0.0,0.0,0.0,0.0,0.0,0.0,0.0,0.0
734,3434.4304,51.076633,1.1135,49.130390125682766,49.130390125682766,0.0,0.0,0.0,0.0,0.0,0.0,0.0,0.0
735,3435.2202,53.443336,1.1299711,49.11237644528914,49.11237644528914,0.0,0.0,0.0,0.0,0.0,0.0,0.0,0.0
736,3436.0122,54.35324,1.1360561,49.09432343793756,49.09432343793756,0.0,0.0,0.0,0.0,0.0,0.0,0.0,0.0
737,3436.803,51.39631,1.107149,49.07630902530122,49.07630902530122,0.0,0.0,0.0,0.0,0.0,0.0,0.0,0.0
738,3437.5955,51.369766,1.1039137,49.058266467775574,49.058266467775574,0.0,0.0,0.0,0.0,0.0,0.0,0.0,0.0
739,3438.386,53.384644,1.2345825,49.04027912743723,49.04027912743723,0.0,0.0,0.0,0.0,0.0,0.0,0.0,0.0
740,3439.1792,53.859715,1.2375919,49.02224146383378,49.02224146383378,0.0,0.0,0.0,0.0,0.0,0.0,0.0,0.0
741,3439.9705,52.81235,1.1238426,49.004258966406496,49.004258966406496,0.0,0.0,0.0,0.0,0.0,0.0,0.0,0.0
742,3440.7617,51.94085,1.1090237,48.986287198948595,48.986287198948595,0.0,0.0,0.0,0.0,0.0,0.0,0.0,0.0
743,3441.555,50.677147,1.1017872,48.968281831270346,48.968281831270346,0.0,0.0,0.0,0.0,0.0,0.0,0.0,0.0
744,3442.3467,51.139557,1.100383,48.95032044987546,48.95032044987546,0.0,0.0,0.0,0.0,0.0,0.0,0.0,0.0
745,3443.1406,51.258,1.1014723,48.932319983133695,48.932319983133695,0.0,0.0,0.0,0.0,0.0,0.0,0.0,0.0
746,3443.9329,51.80415,1.0987902,48.91436899526524,48.91436899526524,0.0,0.0,0.0,0.0,0.0,0.0,0.0,0.0
747,3444.727,52.033253,1.1020818,48.89638450395166,48.89638450395166,0.0,0.0,0.0,0.0,0.0,0.0,0.0,0.0
748,3445.5193,50.92419,1.086263,48.8784549577022,48.8784549577022,0.0,0.0,0.0,0.0,0.0,0.0,0.0,0.0
749,3446.3118,50.53418,1.0824491,48.86053058544043,48.86053058544043,0.0,0.0,0.0,0.0,0.0,0.0,0.0,0.0
750,3447.1067,50.43864,1.0801616,48.8425617348292,48.8425617348292,0.0,0.0,0.0,0.0,0.0,0.0,0.0,0.0
751,3447.8997,52.26125,1.1059169,48.824647743293646,48.824647743293646,0.0,0.0,0.0,0.0,0.0,0.0,0.0,0.0
752,3448.6948,51.560234,1.1009349,48.80669484523404,48.80669484523404,0.0,0.0,0.0,0.0,0.0,0.0,0.0,0.0
753,3449.488,50.798225,1.0935118,48.78879674237355,48.78879674237355,0.0,0.0,0.0,0.0,0.0,0.0,0.0,0.0
754,3450.2834,52.568504,1.0981966,48.770859781110545,48.770859781110545,0.0,0.0,0.0,0.0,0.0,0.0,0.0,0.0
755,3451.0774,49.61203,1.0780442,48.752966550088836,48.752966550088836,0.0,0.0,0.0,0.0,0.0,0.0,0.0,0.0
756,3451.871,51.10681,1.0871023,48.73508949482952,48.73508949482952,0.0,0.0,0.0,0.0,0.0,0.0,0.0,0.0
757,3452.6672,52.041473,1.0961034,48.71716816248465,48.71716816248465,0.0,0.0,0.0,0.0,0.0,0.0,0.0,0.0
758,3453.4614,52.312622,1.1050278,48.699301475862036,48.699301475862036,0.0,0.0,0.0,0.0,0.0,0.0,0.0,0.0
759,3454.2578,51.684032,1.103562,48.68139606069427,48.68139606069427,0.0,0.0,0.0,0.0,0.0,0.0,0.0,0.0
760,3455.0525,49.938934,1.1372706,48.66353974344252,48.66353974344252,0.0,0.0,0.0,0.0,0.0,0.0,0.0,0.0
761,3455.849,50.16513,1.135159,48.64565023299199,48.64565023299199,0.0,0.0,0.0,0.0,0.0,0.0,0.0,0.0
762,3456.644,51.785778,1.0977145,48.62780976344863,48.62780976344863,0.0,0.0,0.0,0.0,0.0,0.0,0.0,0.0
763,3457.4395,51.936615,1.100342,48.60996898809764,48.60996898809764,0.0,0.0,0.0,0.0,0.0,0.0,0.0,0.0
764,3458.2366,49.43328,1.1196818,48.59210056232329,48.59210056232329,0.0,0.0,0.0,0.0,0.0,0.0,0.0,0.0
765,3459.0327,48.697163,1.1267053,48.57426469191823,48.57426469191823,0.0,0.0,0.0,0.0,0.0,0.0,0.0,0.0
766,3459.8303,52.275635,1.0979133,48.55640668336678,48.55640668336678,0.0,0.0,0.0,0.0,0.0,0.0,0.0,0.0
767,3460.626,52.635426,1.1464276,48.53860304457159,48.53860304457159,0.0,0.0,0.0,0.0,0.0,0.0,0.0,0.0
768,3461.4243,50.20168,1.1303196,48.52074998601449,48.52074998601449,0.0,0.0,0.0,0.0,0.0,0.0,0.0,0.0
769,3462.2205,50.75788,1.0896101,48.50295670169552,48.50295670169552,0.0,0.0,0.0,0.0,0.0,0.0,0.0,0.0
770,3463.0173,52.155388,1.0998887,48.48515767679246,48.48515767679246,0.0,0.0,0.0,0.0,0.0,0.0,0.0,0.0
771,3463.8154,52.287373,1.0997347,48.46734203532614,48.46734203532614,0.0,0.0,0.0,0.0,0.0,0.0,0.0,0.0
772,3464.6123,51.719193,1.0918535,48.449564267251404,48.449564267251404,0.0,0.0,0.0,0.0,0.0,0.0,0.0,0.0
773,3465.4114,51.556004,1.0995524,48.4317481306051,48.4317481306051,0.0,0.0,0.0,0.0,0.0,0.0,0.0,0.0
774,3466.2085,52.143482,1.0985568,48.41398615869665,48.41398615869665,0.0,0.0,0.0,0.0,0.0,0.0,0.0,0.0
775,3467.0076,52.38193,1.1045864,48.3961913008925,48.3961913008925,0.0,0.0,0.0,0.0,0.0,0.0,0.0,0.0
776,3467.8054,51.385067,1.0934591,48.37843424226491,48.37843424226491,0.0,0.0,0.0,0.0,0.0,0.0,0.0,0.0
777,3468.603,50.579643,1.0831257,48.36069321035577,48.36069321035577,0.0,0.0,0.0,0.0,0.0,0.0,0.0,0.0
778,3469.403,51.342136,1.0849141,48.34290850606365,48.34290850606365,0.0,0.0,0.0,0.0,0.0,0.0,0.0,0.0
779,3470.2012,52.126324,1.0927252,48.32517781867875,48.32517781867875,0.0,0.0,0.0,0.0,0.0,0.0,0.0,0.0
780,3471.0012,53.881596,1.1060365,48.307414357208465,48.307414357208465,0.0,0.0,0.0,0.0,0.0,0.0,0.0,0.0
781,3471.8,50.251648,1.074525,48.289688595873045,48.289688595873045,0.0,0.0,0.0,0.0,0.0,0.0,0.0,0.0
782,3472.6006,48.801205,1.0587206,48.271935526693575,48.271935526693575,0.0,0.0,0.0,0.0,0.0,0.0,0.0,0.0
783,3473.3997,50.000263,1.0612553,48.25422552998999,48.25422552998999,0.0,0.0,0.0,0.0,0.0,0.0,0.0,0.0
784,3474.1987,49.42329,1.0637562,48.236526102285616,48.236526102285616,0.0,0.0,0.0,0.0,0.0,0.0,0.0,0.0
785,3474.9995,50.97629,1.0772703,48.21879941478553,48.21879941478553,0.0,0.0,0.0,0.0,0.0,0.0,0.0,0.0
786,3475.799,52.281254,1.0924829,48.20111032216058,48.20111032216058,0.0,0.0,0.0,0.0,0.0,0.0,0.0,0.0
787,3476.6003,51.287933,1.0724021,48.183394010331675,48.183394010331675,0.0,0.0,0.0,0.0,0.0,0.0,0.0,0.0
788,3477.4001,50.32903,1.0723205,48.16572064969297,48.16572064969297,0.0,0.0,0.0,0.0,0.0,0.0,0.0,0.0
789,3478.2024,50.87762,1.067415,48.1480039340474,48.1480039340474,0.0,0.0,0.0,0.0,0.0,0.0,0.0,0.0
790,3479.0024,52.039066,1.0849609,48.13034629941366,48.13034629941366,0.0,0.0,0.0,0.0,0.0,0.0,0.0,0.0
791,3479.803,51.936787,1.082987,48.112688431355004,48.112688431355004,0.0,0.0,0.0,0.0,0.0,0.0,0.0,0.0
792,3480.6052,49.78666,1.0714326,48.09500343887196,48.09500343887196,0.0,0.0,0.0,0.0,0.0,0.0,0.0,0.0
793,3481.4055,50.52621,1.1325742,48.07737203723554,48.07737203723554,0.0,0.0,0.0,0.0,0.0,0.0,0.0,0.0
794,3482.2085,52.546833,1.1586653,48.05969203673176,48.05969203673176,0.0,0.0,0.0,0.0,0.0,0.0,0.0,0.0
795,3483.0098,52.127148,1.0846843,48.04206020680293,48.04206020680293,0.0,0.0,0.0,0.0,0.0,0.0,0.0,0.0
796,3483.813,50.021355,1.0652446,48.02439595928596,48.02439595928596,0.0,0.0,0.0,0.0,0.0,0.0,0.0,0.0
797,3484.6143,51.979656,1.0743263,48.006785190621,48.006785190621,0.0,0.0,0.0,0.0,0.0,0.0,0.0,0.0
798,3485.4158,49.579514,1.0628203,47.989179565657736,47.989179565657736,0.0,0.0,0.0,0.0,0.0,0.0,0.0,0.0
799,3486.22,50.38906,1.0643727,47.97152550670869,47.97152550670869,0.0,0.0,0.0,0.0,0.0,0.0,0.0,0.0
800,3487.0217,50.31171,1.112296,47.95393555851699,47.95393555851699,0.0,0.0,0.0,0.0,0.0,0.0,0.0,0.0
801,3487.8254,49.62663,1.1012474,47.93631329012187,47.93631329012187,0.0,0.0,0.0,0.0,0.0,0.0,0.0,0.0
802,3488.6282,51.231796,1.0675961,47.91872294871223,47.91872294871223,0.0,0.0,0.0,0.0,0.0,0.0,0.0,0.0
803,3489.4326,50.26512,1.0648614,47.90110569149296,47.90110569149296,0.0,0.0,0.0,0.0,0.0,0.0,0.0,0.0
804,3490.2356,50.608395,1.0653112,47.8835310211866,47.8835310211866,0.0,0.0,0.0,0.0,0.0,0.0,0.0,0.0
805,3491.0386,50.571407,1.0689108,47.8659668395509,47.8659668395509,0.0,0.0,0.0,0.0,0.0,0.0,0.0,0.0
806,3491.8438,50.37378,1.0691477,47.84836511844125,47.84836511844125,0.0,0.0,0.0,0.0,0.0,0.0,0.0,0.0
807,3492.647,50.364563,1.0702529,47.83081658447776,47.83081658447776,0.0,0.0,0.0,0.0,0.0,0.0,0.0,0.0
808,3493.4526,50.44709,1.0694895,47.81322522830075,47.81322522830075,0.0,0.0,0.0,0.0,0.0,0.0,0.0,0.0
809,3494.2563,50.753284,1.1252753,47.795687003637894,47.795687003637894,0.0,0.0,0.0,0.0,0.0,0.0,0.0,0.0
810,3495.0618,50.391853,1.1094902,47.77812198408065,47.77812198408065,0.0,0.0,0.0,0.0,0.0,0.0,0.0,0.0
811,3495.8657,49.10087,1.0639211,47.760599382239185,47.760599382239185,0.0,0.0,0.0,0.0,0.0,0.0,0.0,0.0
812,3496.672,49.11544,1.0505041,47.74303406983996,47.74303406983996,0.0,0.0,0.0,0.0,0.0,0.0,0.0,0.0
813,3497.4766,50.30302,1.0610561,47.72552177152215,47.72552177152215,0.0,0.0,0.0,0.0,0.0,0.0,0.0,0.0
814,3498.281,50.96661,1.0762694,47.708019922040464,47.708019922040464,0.0,0.0,0.0,0.0,0.0,0.0,0.0,0.0
815,3499.088,50.929375,1.0731891,47.69047544393978,47.69047544393978,0.0,0.0,0.0,0.0,0.0,0.0,0.0,0.0
816,3499.8928,48.220467,1.0534558,47.67298389045681,47.67298389045681,0.0,0.0,0.0,0.0,0.0,0.0,0.0,0.0
817,3500.7,48.370705,1.0520958,47.655455067675014,47.655455067675014,0.0,0.0,0.0,0.0,0.0,0.0,0.0,0.0
818,3501.5051,49.60855,1.0643382,47.637979107811546,47.637979107811546,0.0,0.0,0.0,0.0,0.0,0.0,0.0,0.0
819,3502.3132,50.23048,1.065125,47.620450042061165,47.620450042061165,0.0,0.0,0.0,0.0,0.0,0.0,0.0,0.0
820,3503.1187,49.761253,1.1112268,47.60298966970356,47.60298966970356,0.0,0.0,0.0,0.0,0.0,0.0,0.0,0.0
821,3503.9243,47.29636,1.0900428,47.58553442315769,47.58553442315769,0.0,0.0,0.0,0.0,0.0,0.0,0.0,0.0
822,3504.7327,49.22861,1.0500708,47.56803145596875,47.56803145596875,0.0,0.0,0.0,0.0,0.0,0.0,0.0,0.0
823,3505.539,48.148003,1.0442466,47.55058121357471,47.55058121357471,0.0,0.0,0.0,0.0,0.0,0.0,0.0,0.0
824,3506.347,48.077595,1.0370811,47.53310971375397,47.53310971375397,0.0,0.0,0.0,0.0,0.0,0.0,0.0,0.0
825,3507.154,49.310352,1.0530525,47.515664482017435,47.515664482017435,0.0,0.0,0.0,0.0,0.0,0.0,0.0,0.0
826,3507.9624,48.673084,1.0469416,47.498203304467104,47.498203304467104,0.0,0.0,0.0,0.0,0.0,0.0,0.0,0.0
827,3508.7698,49.045475,1.0507427,47.48077364038662,47.48077364038662,0.0,0.0,0.0,0.0,0.0,0.0,0.0,0.0
828,3509.5767,48.91832,1.0879365,47.463364911755576,47.463364911755576,0.0,0.0,0.0,0.0,0.0,0.0,0.0,0.0
829,3510.3857,48.114086,1.1486188,47.445919201687694,47.445919201687694,0.0,0.0,0.0,0.0,0.0,0.0,0.0,0.0
830,3511.1938,48.171394,1.0805074,47.42850496035084,47.42850496035084,0.0,0.0,0.0,0.0,0.0,0.0,0.0,0.0
831,3512.0034,48.812366,1.0468434,47.41106957754584,47.41106957754584,0.0,0.0,0.0,0.0,0.0,0.0,0.0,0.0
832,3512.811,49.025726,1.0422199,47.3936866466319,47.3936866466319,0.0,0.0,0.0,0.0,0.0,0.0,0.0,0.0
833,3513.6213,49.313934,1.0424833,47.37625633161685,47.37625633161685,0.0,0.0,0.0,0.0,0.0,0.0,0.0,0.0
834,3514.4294,46.9526,1.0205894,47.35888366685218,47.35888366685218,0.0,0.0,0.0,0.0,0.0,0.0,0.0,0.0
835,3515.238,47.53618,1.0242646,47.341510876883675,47.341510876883675,0.0,0.0,0.0,0.0,0.0,0.0,0.0,0.0
836,3516.0488,48.226543,1.02986,47.32410128696393,47.32410128696393,0.0,0.0,0.0,0.0,0.0,0.0,0.0,0.0
837,3516.8574,47.41125,1.0297453,47.306749249426986,47.306749249426986,0.0,0.0,0.0,0.0,0.0,0.0,0.0,0.0
838,3517.6685,47.002377,1.0188868,47.28935521666552,47.28935521666552,0.0,0.0,0.0,0.0,0.0,0.0,0.0,0.0
839,3518.4775,47.87074,1.0211791,47.272013437705624,47.272013437705624,0.0,0.0,0.0,0.0,0.0,0.0,0.0,0.0
840,3519.2888,48.21835,1.0255699,47.25463494960087,47.25463494960087,0.0,0.0,0.0,0.0,0.0,0.0,0.0,0.0
841,3520.0989,46.202232,0.9989855,47.23729297914115,47.23729297914115,0.0,0.0,0.0,0.0,0.0,0.0,0.0,0.0
842,3520.9082,45.816437,1.0031297,47.21997702702065,47.21997702702065,0.0,0.0,0.0,0.0,0.0,0.0,0.0,0.0
843,3521.7207,47.211544,1.0124612,47.20260355523364,47.20260355523364,0.0,0.0,0.0,0.0,0.0,0.0,0.0,0.0
844,3522.5305,47.209503,1.0148838,47.18529785403347,47.18529785403347,0.0,0.0,0.0,0.0,0.0,0.0,0.0,0.0
845,3523.3425,46.12541,0.9973091,47.16795555997336,47.16795555997336,0.0,0.0,0.0,0.0,0.0,0.0,0.0,0.0
846,3524.1536,45.89041,0.999625,47.15064447192583,47.15064447192583,0.0,0.0,0.0,0.0,0.0,0.0,0.0,0.0
847,3524.9658,47.08953,1.0028783,47.13331768658825,47.13331768658825,0.0,0.0,0.0,0.0,0.0,0.0,0.0,0.0
848,3525.7769,47.19062,1.005628,47.11602727471123,47.11602727471123,0.0,0.0,0.0,0.0,0.0,0.0,0.0,0.0
849,3526.5881,46.167187,0.99208474,47.09874198016825,47.09874198016825,0.0,0.0,0.0,0.0,0.0,0.0,0.0,0.0
850,3527.4014,45.94102,0.99013335,47.08142542436222,47.08142542436222,0.0,0.0,0.0,0.0,0.0,0.0,0.0,0.0
851,3528.2126,46.182194,1.0390979,47.0641607764423,47.0641607764423,0.0,0.0,0.0,0.0,0.0,0.0,0.0,0.0
852,3529.0264,45.53958,1.0913926,47.04685451815152,47.04685451815152,0.0,0.0,0.0,0.0,0.0,0.0,0.0,0.0
853,3529.8381,44.43297,1.0779822,47.02960011340057,47.02960011340057,0.0,0.0,0.0,0.0,0.0,0.0,0.0,0.0
854,3530.6523,44.30835,0.97629297,47.01230415562914,47.01230415562914,0.0,0.0,0.0,0.0,0.0,0.0,0.0,0.0
855,3531.4644,46.09053,0.98975646,46.99506517864512,46.99506517864512,0.0,0.0,0.0,0.0,0.0,0.0,0.0,0.0
856,3532.2769,48.00592,1.0131719,46.9778261273482,46.9778261273482,0.0,0.0,0.0,0.0,0.0,0.0,0.0,0.0
857,3533.0913,46.03835,1.0363574,46.96055595960138,46.96055595960138,0.0,0.0,0.0,0.0,0.0,0.0,0.0,0.0
858,3533.904,45.231644,1.0349419,46.943332325154024,46.943332325154024,0.0,0.0,0.0,0.0,0.0,0.0,0.0,0.0
859,3534.7188,47.360462,1.0578763,46.926077612859125,46.926077612859125,0.0,0.0,0.0,0.0,0.0,0.0,0.0,0.0
860,3535.5322,46.992096,1.0577043,46.90885904753659,46.90885904753659,0.0,0.0,0.0,0.0,0.0,0.0,0.0,0.0
861,3536.3474,44.76415,0.9806078,46.891614618276435,46.891614618276435,0.0,0.0,0.0,0.0,0.0,0.0,0.0,0.0
862,3537.1614,45.05044,1.0342438,46.874406300408445,46.874406300408445,0.0,0.0,0.0,0.0,0.0,0.0,0.0,0.0
863,3537.9749,45.628017,1.0332427,46.85721856865802,46.85721856865802,0.0,0.0,0.0,0.0,0.0,0.0,0.0,0.0
864,3538.7905,45.396446,1.0334163,46.839994704659595,46.839994704659595,0.0,0.0,0.0,0.0,0.0,0.0,0.0,0.0
865,3539.6047,46.235813,1.0405774,46.82281204330297,46.82281204330297,0.0,0.0,0.0,0.0,0.0,0.0,0.0,0.0
866,3540.4207,45.949413,1.0440136,46.80560360179892,46.80560360179892,0.0,0.0,0.0,0.0,0.0,0.0,0.0,0.0
867,3541.2354,45.939167,0.9941465,46.78843117061691,46.78843117061691,0.0,0.0,0.0,0.0,0.0,0.0,0.0,0.0
868,3542.052,47.57726,1.0063506,46.771227856191814,46.771227856191814,0.0,0.0,0.0,0.0,0.0,0.0,0.0,0.0
869,3542.8665,45.681633,0.9908109,46.75408107632554,46.75408107632554,0.0,0.0,0.0,0.0,0.0,0.0,0.0,0.0
870,3543.682,46.075092,0.9915263,46.736923980513275,46.736923980513275,0.0,0.0,0.0,0.0,0.0,0.0,0.0,0.0
871,3544.499,46.805477,1.0404245,46.7197412003353,46.7197412003353,0.0,0.0,0.0,0.0,0.0,0.0,0.0,0.0
872,3545.3142,46.53906,1.0508897,46.70260972949499,46.70260972949499,0.0,0.0,0.0,0.0,0.0,0.0,0.0,0.0
873,3546.132,45.824093,0.98065597,46.68543208963104,46.68543208963104,0.0,0.0,0.0,0.0,0.0,0.0,0.0,0.0
874,3546.948,45.666763,0.9891755,46.6683057114753,46.6683057114753,0.0,0.0,0.0,0.0,0.0,0.0,0.0,0.0
875,3547.7664,45.712036,1.029433,46.65113835310565,46.65113835310565,0.0,0.0,0.0,0.0,0.0,0.0,0.0,0.0
876,3548.5823,45.022522,1.0251821,46.63403243659358,46.63403243659358,0.0,0.0,0.0,0.0,0.0,0.0,0.0,0.0
877,3549.3984,46.872566,0.99438,46.61693160905816,46.61693160905816,0.0,0.0,0.0,0.0,0.0,0.0,0.0,0.0
878,3550.2173,47.560787,0.99777067,46.599784762901145,46.599784762901145,0.0,0.0,0.0,0.0,0.0,0.0,0.0,0.0
879,3551.0337,45.976925,0.98662454,46.58269925375161,46.58269925375161,0.0,0.0,0.0,0.0,0.0,0.0,0.0,0.0
880,3551.8525,45.17807,0.97854185,46.56557288706925,46.56557288706925,0.0,0.0,0.0,0.0,0.0,0.0,0.0,0.0
881,3552.6697,46.344563,0.9824563,46.54849247440326,46.54849247440326,0.0,0.0,0.0,0.0,0.0,0.0,0.0,0.0
882,3553.489,45.208435,0.9821191,46.53137636522108,46.53137636522108,0.0,0.0,0.0,0.0,0.0,0.0,0.0,0.0
883,3554.307,46.21632,0.9861577,46.51430106706201,46.51430106706201,0.0,0.0,0.0,0.0,0.0,0.0,0.0,0.0
884,3555.1243,46.481304,0.9908509,46.49724614652343,46.49724614652343,0.0,0.0,0.0,0.0,0.0,0.0,0.0,0.0
885,3555.9438,45.501312,0.9831422,46.4801555924279,46.4801555924279,0.0,0.0,0.0,0.0,0.0,0.0,0.0,0.0
886,3556.762,45.92191,0.9875261,46.46310577532799,46.46310577532799,0.0,0.0,0.0,0.0,0.0,0.0,0.0,0.0
887,3557.582,46.774467,0.98856544,46.4460254641894,46.4460254641894,0.0,0.0,0.0,0.0,0.0,0.0,0.0,0.0
888,3558.4006,45.41196,0.9854924,46.428985848845635,46.428985848845635,0.0,0.0,0.0,0.0,0.0,0.0,0.0,0.0
889,3559.2214,47.19143,0.9980511,46.41191070599441,46.41191070599441,0.0,0.0,0.0,0.0,0.0,0.0,0.0,0.0
890,3560.0398,48.320465,1.0671695,46.39489652109173,46.39489652109173,0.0,0.0,0.0,0.0,0.0,0.0,0.0,0.0
891,3560.8606,47.235394,1.053962,46.37784176907835,46.37784176907835,0.0,0.0,0.0,0.0,0.0,0.0,0.0,0.0
892,3561.6802,46.798813,0.9950632,46.36082255625844,46.36082255625844,0.0,0.0,0.0,0.0,0.0,0.0,0.0,0.0
893,3562.4993,47.700752,0.99974626,46.34382363311154,46.34382363311154,0.0,0.0,0.0,0.0,0.0,0.0,0.0,0.0
894,3563.321,46.39296,0.9913183,46.32677916442375,46.32677916442375,0.0,0.0,0.0,0.0,0.0,0.0,0.0,0.0
895,3564.1406,47.1461,0.9943517,46.30979042518882,46.30979042518882,0.0,0.0,0.0,0.0,0.0,0.0,0.0,0.0
896,3564.9624,47.028168,0.9922938,46.29276631454074,46.29276631454074,0.0,0.0,0.0,0.0,0.0,0.0,0.0,0.0
897,3565.7827,46.00449,1.028352,46.27578270269564,46.27578270269564,0.0,0.0,0.0,0.0,0.0,0.0,0.0,0.0
898,3566.605,46.673103,1.0336452,46.258768825245625,46.258768825245625,0.0,0.0,0.0,0.0,0.0,0.0,0.0,0.0
899,3567.4253,47.123135,0.99139106,46.24180549981765,46.24180549981765,0.0,0.0,0.0,0.0,0.0,0.0,0.0,0.0
900,3568.246,47.61438,0.993787,46.22484220478707,46.22484220478707,0.0,0.0,0.0,0.0,0.0,0.0,0.0,0.0
901,3569.0688,45.927246,1.024919,46.20784870339193,46.20784870339193,0.0,0.0,0.0,0.0,0.0,0.0,0.0,0.0
902,3569.8896,45.178223,1.0165813,46.19090566856199,46.19090566856199,0.0,0.0,0.0,0.0,0.0,0.0,0.0,0.0
903,3570.7134,46.022903,0.9842184,46.17391231856139,46.17391231856139,0.0,0.0,0.0,0.0,0.0,0.0,0.0,0.0
904,3571.5347,46.482742,0.9917201,46.15697945833544,46.15697945833544,0.0,0.0,0.0,0.0,0.0,0.0,0.0,0.0
905,3572.3586,46.832832,0.99441993,46.14000137945076,46.14000137945076,0.0,0.0,0.0,0.0,0.0,0.0,0.0,0.0
906,3573.1807,46.645065,0.9975117,46.123073667351925,46.123073667351925,0.0,0.0,0.0,0.0,0.0,0.0,0.0,0.0
907,3574.0024,47.457623,1.0029247,46.106161080363336,46.106161080363336,0.0,0.0,0.0,0.0,0.0,0.0,0.0,0.0
908,3574.8267,47.67146,1.0062319,46.08920838074032,46.08920838074032,0.0,0.0,0.0,0.0,0.0,0.0,0.0,0.0
909,3575.649,47.006687,1.0379487,46.07230595673724,46.07230595673724,0.0,0.0,0.0,0.0,0.0,0.0,0.0,0.0
910,3576.4736,47.09247,1.0461644,46.05536347534697,46.05536347534697,0.0,0.0,0.0,0.0,0.0,0.0,0.0,0.0
911,3577.2961,48.20263,1.0036857,46.03847622789723,46.03847622789723,0.0,0.0,0.0,0.0,0.0,0.0,0.0,0.0
912,3578.121,47.402645,0.99892646,46.02154897224113,46.02154897224113,0.0,0.0,0.0,0.0,0.0,0.0,0.0,0.0
913,3578.9443,48.14363,1.0016526,46.004666875775186,46.004666875775186,0.0,0.0,0.0,0.0,0.0,0.0,0.0,0.0
914,3579.7678,48.116142,1.0024322,45.98778985080119,45.98778985080119,0.0,0.0,0.0,0.0,0.0,0.0,0.0,0.0
915,3580.5933,47.8885,1.0020239,45.97088290436527,45.97088290436527,0.0,0.0,0.0,0.0,0.0,0.0,0.0,0.0
916,3581.4167,49.083385,1.0117989,45.95402603733811,45.95402603733811,0.0,0.0,0.0,0.0,0.0,0.0,0.0,0.0
917,3582.2427,48.022224,1.0038348,45.937129293720155,45.937129293720155,0.0,0.0,0.0,0.0,0.0,0.0,0.0,0.0
918,3583.0667,49.821327,1.0243956,45.92028257699151,45.92028257699151,0.0,0.0,0.0,0.0,0.0,0.0,0.0,0.0
919,3583.893,47.6778,1.0406426,45.90339603858852,45.90339603858852,0.0,0.0,0.0,0.0,0.0,0.0,0.0,0.0
920,3584.7175,47.855347,1.0603513,45.88655947459917,45.88655947459917,0.0,0.0,0.0,0.0,0.0,0.0,0.0,0.0
921,3585.5425,49.27307,1.0008317,45.869722993307725,45.869722993307725,0.0,0.0,0.0,0.0,0.0,0.0,0.0,0.0
922,3586.369,46.641094,0.98871875,45.85286669137649,45.85286669137649,0.0,0.0,0.0,0.0,0.0,0.0,0.0,0.0
923,3587.194,46.80026,0.98390627,45.836045341702345,45.836045341702345,0.0,0.0,0.0,0.0,0.0,0.0,0.0,0.0
924,3588.0212,46.372974,0.9859105,45.81919425183338,45.81919425183338,0.0,0.0,0.0,0.0,0.0,0.0,0.0,0.0
925,3588.8467,46.090885,0.97858256,45.8023880242709,45.8023880242709,0.0,0.0,0.0,0.0,0.0,0.0,0.0,0.0
926,3589.674,45.448097,0.9751018,45.785552093346425,45.785552093346425,0.0,0.0,0.0,0.0,0.0,0.0,0.0,0.0
927,3590.5002,45.983334,1.0252591,45.7687510457218,45.7687510457218,0.0,0.0,0.0,0.0,0.0,0.0,0.0,0.0
928,3591.326,47.759296,1.035212,45.751969947404675,45.751969947404675,0.0,0.0,0.0,0.0,0.0,0.0,0.0,0.0
929,3592.1538,45.35531,1.0167714,45.735154240463295,45.735154240463295,0.0,0.0,0.0,0.0,0.0,0.0,0.0,0.0
930,3592.9807,45.689316,1.0281907,45.7183684048101,45.7183684048101,0.0,0.0,0.0,0.0,0.0,0.0,0.0,0.0
931,3593.8096,46.613705,0.97638035,45.70155297838186,45.70155297838186,0.0,0.0,0.0,0.0,0.0,0.0,0.0,0.0
932,3594.6362,46.773235,0.98398405,45.68479214939592,45.68479214939592,0.0,0.0,0.0,0.0,0.0,0.0,0.0,0.0
933,3595.465,46.306774,0.9693901,45.667996808848294,45.667996808848294,0.0,0.0,0.0,0.0,0.0,0.0,0.0,0.0
934,3596.2922,45.846375,1.0216321,45.65124611061715,45.65124611061715,0.0,0.0,0.0,0.0,0.0,0.0,0.0,0.0
935,3597.1199,45.883816,1.0072176,45.63449552712594,45.63449552712594,0.0,0.0,0.0,0.0,0.0,0.0,0.0,0.0
936,3597.949,46.57912,0.9741413,45.617725320808724,45.617725320808724,0.0,0.0,0.0,0.0,0.0,0.0,0.0,0.0
937,3598.7769,46.15011,0.97536933,45.600989808267045,45.600989808267045,0.0,0.0,0.0,0.0,0.0,0.0,0.0,0.0
938,3599.6067,45.5154,0.9601509,45.58422483592282,45.58422483592282,0.0,0.0,0.0,0.0,0.0,0.0,0.0,0.0
939,3600.4346,45.954987,0.9693804,45.56750931270359,45.56750931270359,0.0,0.0,0.0,0.0,0.0,0.0,0.0,0.0
940,3601.2651,47.014214,0.97059953,45.55074958537914,45.55074958537914,0.0,0.0,0.0,0.0,0.0,0.0,0.0,0.0
941,3602.0935,46.5063,0.9740961,45.5340441831864,45.5340441831864,0.0,0.0,0.0,0.0,0.0,0.0,0.0,0.0
942,3602.922,45.683537,0.9645149,45.517343827659076,45.517343827659076,0.0,0.0,0.0,0.0,0.0,0.0,0.0,0.0
943,3603.753,46.646545,1.0316216,45.50060919020023,45.50060919020023,0.0,0.0,0.0,0.0,0.0,0.0,0.0,0.0
944,3604.582,47.23895,1.035175,45.48391895317603,45.48391895317603,0.0,0.0,0.0,0.0,0.0,0.0,0.0,0.0
945,3605.4128,46.881447,1.0302039,45.46720430285789,45.46720430285789,0.0,0.0,0.0,0.0,0.0,0.0,0.0,0.0
946,3606.2427,46.68138,1.0096601,45.45051927333427,45.45051927333427,0.0,0.0,0.0,0.0,0.0,0.0,0.0,0.0
947,3607.0742,46.196053,1.0161246,45.43380987267934,45.43380987267934,0.0,0.0,0.0,0.0,0.0,0.0,0.0,0.0
948,3607.904,47.454308,1.0256643,45.41714477485507,45.41714477485507,0.0,0.0,0.0,0.0,0.0,0.0,0.0,0.0
949,3608.7341,45.36134,0.96526253,45.400484721723785,45.400484721723785,0.0,0.0,0.0,0.0,0.0,0.0,0.0,0.0
950,3609.5662,46.327625,0.9678679,45.383795444447976,45.383795444447976,0.0,0.0,0.0,0.0,0.0,0.0,0.0,0.0
951,3610.3967,47.74403,1.0306239,45.36714550280462,45.36714550280462,0.0,0.0,0.0,0.0,0.0,0.0,0.0,0.0
952,3611.2292,44.09691,0.99444026,45.35046637903486,45.35046637903486,0.0,0.0,0.0,0.0,0.0,0.0,0.0,0.0
953,3612.0598,45.565006,0.9575557,45.333836324728146,45.333836324728146,0.0,0.0,0.0,0.0,0.0,0.0,0.0,0.0
954,3612.8928,45.761005,0.9579138,45.317167350694554,45.317167350694554,0.0,0.0,0.0,0.0,0.0,0.0,0.0,0.0
955,3613.724,45.778503,0.9608591,45.300542513589654,45.300542513589654,0.0,0.0,0.0,0.0,0.0,0.0,0.0,0.0
956,3614.5554,46.096165,0.96794516,45.28392759721558,45.28392759721558,0.0,0.0,0.0,0.0,0.0,0.0,0.0,0.0
957,3615.3892,46.060776,0.9583954,45.26727384143205,45.26727384143205,0.0,0.0,0.0,0.0,0.0,0.0,0.0,0.0
958,3616.2207,45.956696,0.96989816,45.250673898722944,45.250673898722944,0.0,0.0,0.0,0.0,0.0,0.0,0.0,0.0
959,3617.0544,47.32615,0.9761607,45.23404003361484,45.23404003361484,0.0,0.0,0.0,0.0,0.0,0.0,0.0,0.0
960,3617.8867,45.283283,0.9682591,45.21744531335839,45.21744531335839,0.0,0.0,0.0,0.0,0.0,0.0,0.0,0.0
961,3618.721,45.51126,0.95872366,45.200821587651724,45.200821587651724,0.0,0.0,0.0,0.0,0.0,0.0,0.0,0.0
962,3619.5535,45.748432,0.9677757,45.184241827741374,45.184241827741374,0.0,0.0,0.0,0.0,0.0,0.0,0.0,0.0
963,3620.3857,45.167664,0.9578133,45.167676817983065,45.167676817983065,0.0,0.0,0.0,0.0,0.0,0.0,0.0,0.0
964,3621.2207,45.699635,0.9615576,45.15106828332364,45.15106828332364,0.0,0.0,0.0,0.0,0.0,0.0,0.0,0.0
965,3622.0542,46.232426,0.9656978,45.13449879437061,45.13449879437061,0.0,0.0,0.0,0.0,0.0,0.0,0.0,0.0
966,3622.8894,47.166965,0.9753084,45.11790525312771,45.11790525312771,0.0,0.0,0.0,0.0,0.0,0.0,0.0,0.0
967,3623.7224,46.690395,0.9694789,45.10136525062593,45.10136525062593,0.0,0.0,0.0,0.0,0.0,0.0,0.0,0.0
968,3624.5583,45.90594,0.963227,45.0847769921497,45.0847769921497,0.0,0.0,0.0,0.0,0.0,0.0,0.0,0.0
969,3625.392,45.938877,0.95974755,45.06824222127774,45.06824222127774,0.0,0.0,0.0,0.0,0.0,0.0,0.0,0.0
970,3626.228,45.7676,0.9587168,45.05167377727841,45.05167377727841,0.0,0.0,0.0,0.0,0.0,0.0,0.0,0.0
971,3627.0625,43.872993,0.99538034,45.035144248704185,45.035144248704185,0.0,0.0,0.0,0.0,0.0,0.0,0.0,0.0
972,3627.8965,46.94858,1.0191267,45.01863424862456,45.01863424862456,0.0,0.0,0.0,0.0,0.0,0.0,0.0,0.0
973,3628.7332,46.899277,0.97002023,45.00208097704337,45.00208097704337,0.0,0.0,0.0,0.0,0.0,0.0,0.0,0.0
974,3629.568,45.56326,0.96269655,44.98557138763297,44.98557138763297,0.0,0.0,0.0,0.0,0.0,0.0,0.0,0.0
975,3630.405,45.436558,0.959243,44.96903306605217,44.96903306605217,0.0,0.0,0.0,0.0,0.0,0.0,0.0,0.0
976,3631.24,45.565407,0.9567212,44.952543195841166,44.952543195841166,0.0,0.0,0.0,0.0,0.0,0.0,0.0,0.0
977,3632.0776,45.089836,0.9496218,44.93601017139758,44.93601017139758,0.0,0.0,0.0,0.0,0.0,0.0,0.0,0.0
978,3632.9128,44.58359,0.9445708,44.91953518198452,44.91953518198452,0.0,0.0,0.0,0.0,0.0,0.0,0.0,0.0
979,3633.7488,46.018497,0.96269196,44.9030555833137,44.9030555833137,0.0,0.0,0.0,0.0,0.0,0.0,0.0,0.0
980,3634.587,46.340473,0.96465445,44.886542541182244,44.886542541182244,0.0,0.0,0.0,0.0,0.0,0.0,0.0,0.0
981,3635.4229,45.024765,0.94909513,44.87008262908026,44.87008262908026,0.0,0.0,0.0,0.0,0.0,0.0,0.0,0.0
982,3636.2612,44.756947,0.94922096,44.85358450602057,44.85358450602057,0.0,0.0,0.0,0.0,0.0,0.0,0.0,0.0
983,3637.0977,45.94835,0.954476,44.837134650697855,44.837134650697855,0.0,0.0,0.0,0.0,0.0,0.0,0.0,0.0
984,3637.9365,45.60565,0.9475573,44.8206466370001,44.8206466370001,0.0,0.0,0.0,0.0,0.0,0.0,0.0,0.0
985,3638.7734,43.8618,0.98317564,44.804206840319765,44.804206840319765,0.0,0.0,0.0,0.0,0.0,0.0,0.0,0.0
986,3639.6104,44.82561,0.98559976,44.787776852225505,44.787776852225505,0.0,0.0,0.0,0.0,0.0,0.0,0.0,0.0
987,3640.4497,46.687347,0.9556368,44.77130877874305,44.77130877874305,0.0,0.0,0.0,0.0,0.0,0.0,0.0,0.0
988,3641.2874,45.803085,0.9552011,44.754884054888635,44.754884054888635,0.0,0.0,0.0,0.0,0.0,0.0,0.0,0.0
989,3642.1272,46.769524,0.95602787,44.73842608664164,44.73842608664164,0.0,0.0,0.0,0.0,0.0,0.0,0.0,0.0
990,3642.9653,46.383728,0.95641726,44.72201142314338,44.72201142314338,0.0,0.0,0.0,0.0,0.0,0.0,0.0,0.0
991,3643.8052,44.740494,0.9824044,44.70557311617289,44.70557311617289,0.0,0.0,0.0,0.0,0.0,0.0,0.0,0.0
992,3644.6433,43.83967,0.9790746,44.68917805770479,44.68917805770479,0.0,0.0,0.0,0.0,0.0,0.0,0.0,0.0
993,3645.482,44.549294,0.98486483,44.67278323672128,44.67278323672128,0.0,0.0,0.0,0.0,0.0,0.0,0.0,0.0
994,3646.3225,45.554325,0.9407833,44.65636005063605,44.65636005063605,0.0,0.0,0.0,0.0,0.0,0.0,0.0,0.0
995,3647.1614,44.62695,0.92754394,44.63998004595003,44.63998004595003,0.0,0.0,0.0,0.0,0.0,0.0,0.0,0.0
996,3648.0024,43.5167,0.96457744,44.62356694832721,44.62356694832721,0.0,0.0,0.0,0.0,0.0,0.0,0.0,0.0
997,3648.8416,45.103535,1.0045544,44.60720174745483,44.60720174745483,0.0,0.0,0.0,0.0,0.0,0.0,0.0,0.0
998,3649.6829,44.92599,1.0238045,44.59080349435312,44.59080349435312,0.0,0.0,0.0,0.0,0.0,0.0,0.0,0.0
999,3650.5227,43.375103,0.9749847,44.57444357323348,44.57444357323348,0.0,0.0,0.0,0.0,0.0,0.0,0.0,0.0
1000,3651.3623,44.07411,0.93817437,44.55809816722056,44.55809816722056,0.0,0.0,0.0,0.0,0.0,0.0,0.0,0.0
1001,3652.2043,44.01777,0.9315177,44.54171502406797,44.54171502406797,0.0,0.0,0.0,0.0,0.0,0.0,0.0,0.0
1002,3653.0447,45.19104,0.94590664,44.52537490039999,44.52537490039999,0.0,0.0,0.0,0.0,0.0,0.0,0.0,0.0
1003,3653.8867,43.953693,0.9317566,44.509011326250786,44.509011326250786,0.0,0.0,0.0,0.0,0.0,0.0,0.0,0.0
1004,3654.7278,43.70181,0.935581,44.49267649513681,44.49267649513681,0.0,0.0,0.0,0.0,0.0,0.0,0.0,0.0
1005,3655.5703,44.87231,0.94074446,44.476322991409255,44.476322991409255,0.0,0.0,0.0,0.0,0.0,0.0,0.0,0.0
1006,3656.4111,44.994255,0.9423659,44.460012406791506,44.460012406791506,0.0,0.0,0.0,0.0,0.0,0.0,0.0,0.0
1007,3657.2527,45.833138,0.94514555,44.443697356815406,44.443697356815406,0.0,0.0,0.0,0.0,0.0,0.0,0.0,0.0
1008,3658.0962,44.87163,0.98232466,44.427354214488076,44.427354214488076,0.0,0.0,0.0,0.0,0.0,0.0,0.0,0.0
1009,3658.9377,44.853878,0.98560417,44.41105865633784,44.41105865633784,0.0,0.0,0.0,0.0,0.0,0.0,0.0,0.0
1010,3659.7815,45.512882,0.94326067,44.39473031168084,44.39473031168084,0.0,0.0,0.0,0.0,0.0,0.0,0.0,0.0
1011,3660.6235,45.079613,1.0413197,44.378444775115504,44.378444775115504,0.0,0.0,0.0,0.0,0.0,0.0,0.0,0.0
1012,3661.4678,44.04057,0.97585917,44.362126498006255,44.362126498006255,0.0,0.0,0.0,0.0,0.0,0.0,0.0,0.0
1013,3662.3098,45.87623,0.97307277,44.34586041417459,44.34586041417459,0.0,0.0,0.0,0.0,0.0,0.0,0.0,0.0
1014,3663.1523,44.462982,0.96736723,44.32959460807779,44.32959460807779,0.0,0.0,0.0,0.0,0.0,0.0,0.0,0.0
1015,3663.9973,43.351173,0.92774427,44.313291415465,44.313291415465,0.0,0.0,0.0,0.0,0.0,0.0,0.0,0.0
1016,3664.84,43.755737,0.9262866,44.29704033285048,44.29704033285048,0.0,0.0,0.0,0.0,0.0,0.0,0.0,0.0
1017,3665.685,44.273422,0.9353491,44.2807566130374,44.2807566130374,0.0,0.0,0.0,0.0,0.0,0.0,0.0,0.0
1018,3666.5286,44.117542,0.98508847,44.26451083440185,44.26451083440185,0.0,0.0,0.0,0.0,0.0,0.0,0.0,0.0
1019,3667.374,45.117584,0.9920108,44.248237167825714,44.248237167825714,0.0,0.0,0.0,0.0,0.0,0.0,0.0,0.0
1020,3668.2175,44.732395,0.94210833,44.23201079403659,44.23201079403659,0.0,0.0,0.0,0.0,0.0,0.0,0.0,0.0
1021,3669.0618,45.31568,0.9453041,44.21578002256652,44.21578002256652,0.0,0.0,0.0,0.0,0.0,0.0,0.0,0.0
1022,3669.9075,46.40068,0.95499885,44.19953080217593,44.19953080217593,0.0,0.0,0.0,0.0,0.0,0.0,0.0,0.0
1023,3670.7517,45.783108,0.94831055,44.18331941544575,44.18331941544575,0.0,0.0,0.0,0.0,0.0,0.0,0.0,0.0
1024,3671.5984,44.05554,0.95561576,44.16707086184151,44.16707086184151,0.0,0.0,0.0,0.0,0.0,0.0,0.0,0.0
1025,3672.4426,46.239746,1.0607387,44.15087883896634,44.15087883896634,0.0,0.0,0.0,0.0,0.0,0.0,0.0,0.0
1026,3673.2896,45.24754,1.0322728,44.13464501085971,44.13464501085971,0.0,0.0,0.0,0.0,0.0,0.0,0.0,0.0
1027,3674.1348,43.5736,0.9257659,44.11845362062069,44.11845362062069,0.0,0.0,0.0,0.0,0.0,0.0,0.0,0.0
1028,3674.9797,43.89138,0.9188303,44.10227656537995,44.10227656537995,0.0,0.0,0.0,0.0,0.0,0.0,0.0,0.0
1029,3675.8276,44.95879,0.9367327,44.08605311991988,44.08605311991988,0.0,0.0,0.0,0.0,0.0,0.0,0.0,0.0
1030,3676.673,44.866,0.92878884,44.069886053343154,44.069886053343154,0.0,0.0,0.0,0.0,0.0,0.0,0.0,0.0
1031,3677.521,45.75158,0.94319695,44.05368198732842,44.05368198732842,0.0,0.0,0.0,0.0,0.0,0.0,0.0,0.0
1032,3678.367,44.426327,0.93692863,44.037524905310384,44.037524905310384,0.0,0.0,0.0,0.0,0.0,0.0,0.0,0.0
1033,3679.2153,43.997208,0.92882246,44.021330874740656,44.021330874740656,0.0,0.0,0.0,0.0,0.0,0.0,0.0,0.0
1034,3680.0613,44.454384,0.9316396,44.00519309068892,44.00519309068892,0.0,0.0,0.0,0.0,0.0,0.0,0.0,0.0
1035,3680.9082,43.99193,0.9230683,43.98904631695687,43.98904631695687,0.0,0.0,0.0,0.0,0.0,0.0,0.0,0.0
1036,3681.757,42.820953,0.9171897,43.97287197724432,43.97287197724432,0.0,0.0,0.0,0.0,0.0,0.0,0.0,0.0
1037,3682.6038,44.381794,0.92780256,43.95674914015515,43.95674914015515,0.0,0.0,0.0,0.0,0.0,0.0,0.0,0.0
1038,3683.4531,43.849728,0.92489016,43.940584825419435,43.940584825419435,0.0,0.0,0.0,0.0,0.0,0.0,0.0,0.0
1039,3684.3003,42.96428,0.9109164,43.92447195845613,43.92447195845613,0.0,0.0,0.0,0.0,0.0,0.0,0.0,0.0
1040,3685.15,42.94393,0.91093427,43.90832230936056,43.90832230936056,0.0,0.0,0.0,0.0,0.0,0.0,0.0,0.0
1041,3685.9978,43.453644,0.9243707,43.892214774604106,43.892214774604106,0.0,0.0,0.0,0.0,0.0,0.0,0.0,0.0
1042,3686.8457,43.85236,0.92723197,43.876116851608096,43.876116851608096,0.0,0.0,0.0,0.0,0.0,0.0,0.0,0.0
1043,3687.6958,44.303085,0.9330154,43.85998685331313,43.85998685331313,0.0,0.0,0.0,0.0,0.0,0.0,0.0,0.0
1044,3688.5444,43.50712,0.92851835,43.84389427013216,43.84389427013216,0.0,0.0,0.0,0.0,0.0,0.0,0.0,0.0
1045,3689.3948,42.93104,0.9149573,43.82777891308656,43.82777891308656,0.0,0.0,0.0,0.0,0.0,0.0,0.0,0.0
1046,3690.2434,43.778473,0.9277973,43.811705550278305,43.811705550278305,0.0,0.0,0.0,0.0,0.0,0.0,0.0,0.0
1047,3691.0945,44.80021,0.9364056,43.795595576515915,43.795595576515915,0.0,0.0,0.0,0.0,0.0,0.0,0.0,0.0
1048,3691.9436,44.301987,0.9330259,43.779532176164174,43.779532176164174,0.0,0.0,0.0,0.0,0.0,0.0,0.0,0.0
1049,3692.7957,43.75242,0.92521256,43.7634229863375,43.7634229863375,0.0,0.0,0.0,0.0,0.0,0.0,0.0,0.0
1050,3693.645,43.127254,0.91939735,43.74737416694301,43.74737416694301,0.0,0.0,0.0,0.0,0.0,0.0,0.0,0.0
1051,3694.4949,42.809437,0.9216978,43.73132570310105,43.73132570310105,0.0,0.0,0.0,0.0,0.0,0.0,0.0,0.0
1052,3695.347,44.43293,0.931043,43.71524536019381,43.71524536019381,0.0,0.0,0.0,0.0,0.0,0.0,0.0,0.0
1053,3696.1968,45.19264,0.94206214,43.6992160661553,43.6992160661553,0.0,0.0,0.0,0.0,0.0,0.0,0.0,0.0
1054,3697.0488,42.64676,0.9225643,43.68315492671089,43.68315492671089,0.0,0.0,0.0,0.0,0.0,0.0,0.0,0.0
1055,3697.8997,43.32915,0.92669106,43.66712637906794,43.66712637906794,0.0,0.0,0.0,0.0,0.0,0.0,0.0,0.0
1056,3698.7522,44.115276,0.94175154,43.65107523197234,43.65107523197234,0.0,0.0,0.0,0.0,0.0,0.0,0.0,0.0
1057,3699.603,44.420372,0.92889374,43.63506582918006,43.63506582918006,0.0,0.0,0.0,0.0,0.0,0.0,0.0,0.0
1058,3700.4546,43.03911,0.9625862,43.61905220827199,43.61905220827199,0.0,0.0,0.0,0.0,0.0,0.0,0.0,0.0
1059,3701.3074,42.798176,0.9646224,43.60302521211681,43.60302521211681,0.0,0.0,0.0,0.0,0.0,0.0,0.0,0.0
1060,3702.159,45.5163,0.9354141,43.58703071598501,43.58703071598501,0.0,0.0,0.0,0.0,0.0,0.0,0.0,0.0
1061,3703.013,44.14043,0.92994,43.5709999488328,43.5709999488328,0.0,0.0,0.0,0.0,0.0,0.0,0.0,0.0
1062,3703.865,44.827133,0.93309265,43.555015402046664,43.555015402046664,0.0,0.0,0.0,0.0,0.0,0.0,0.0,0.0
1063,3704.7185,44.833336,0.9306868,43.53901293809471,43.53901293809471,0.0,0.0,0.0,0.0,0.0,0.0,0.0,0.0
1064,3705.571,43.242382,0.9134343,43.523038330917245,43.523038330917245,0.0,0.0,0.0,0.0,0.0,0.0,0.0,0.0
1065,3706.4233,41.993023,0.9097688,43.50707782823716,43.50707782823716,0.0,0.0,0.0,0.0,0.0,0.0,0.0,0.0
1066,3707.278,42.994286,0.91424036,43.491081168124914,43.491081168124914,0.0,0.0,0.0,0.0,0.0,0.0,0.0,0.0
1067,3708.131,44.562054,0.9275612,43.475126030841224,43.475126030841224,0.0,0.0,0.0,0.0,0.0,0.0,0.0,0.0
1068,3708.986,44.231358,0.92882746,43.45914391598404,43.45914391598404,0.0,0.0,0.0,0.0,0.0,0.0,0.0,0.0
1069,3709.8394,44.184338,0.9204573,43.443203275416096,43.443203275416096,0.0,0.0,0.0,0.0,0.0,0.0,0.0,0.0
1070,3710.695,44.681244,0.9299479,43.42722657676332,43.42722657676332,0.0,0.0,0.0,0.0,0.0,0.0,0.0,0.0
1071,3711.5486,44.36072,0.9249296,43.41130042315502,43.41130042315502,0.0,0.0,0.0,0.0,0.0,0.0,0.0,0.0
1072,3712.4026,43.305294,0.9141003,43.395374667234826,43.395374667234826,0.0,0.0,0.0,0.0,0.0,0.0,0.0,0.0
1073,3713.2585,44.546867,0.92537653,43.37942202501254,43.37942202501254,0.0,0.0,0.0,0.0,0.0,0.0,0.0,0.0
1074,3714.1125,43.722366,0.920768,43.36351529017993,43.36351529017993,0.0,0.0,0.0,0.0,0.0,0.0,0.0,0.0
1075,3714.9695,44.103622,0.92446464,43.347563523556,43.347563523556,0.0,0.0,0.0,0.0,0.0,0.0,0.0,0.0
1076,3715.824,44.574448,0.92408335,43.331666708002494,43.331666708002494,0.0,0.0,0.0,0.0,0.0,0.0,0.0,0.0
1077,3716.6804,43.982967,0.9151866,43.3157430724351,43.3157430724351,0.0,0.0,0.0,0.0,0.0,0.0,0.0,0.0
1078,3717.536,43.553493,0.911873,43.29984709607958,43.29984709607958,0.0,0.0,0.0,0.0,0.0,0.0,0.0,0.0
1079,3718.391,44.57915,0.9228883,43.28396514118149,43.28396514118149,0.0,0.0,0.0,0.0,0.0,0.0,0.0,0.0
1080,3719.2483,44.40085,0.9177214,43.26805642398171,43.26805642398171,0.0,0.0,0.0,0.0,0.0,0.0,0.0,0.0
1081,3720.1042,43.66725,0.91747844,43.25217985320081,43.25217985320081,0.0,0.0,0.0,0.0,0.0,0.0,0.0,0.0
1082,3720.962,43.34867,0.90358937,43.23628108828728,43.23628108828728,0.0,0.0,0.0,0.0,0.0,0.0,0.0,0.0
1083,3721.8176,43.17676,0.9098213,43.22042800275956,43.22042800275956,0.0,0.0,0.0,0.0,0.0,0.0,0.0,0.0
1084,3722.676,43.006424,0.9047798,43.204534664078686,43.204534664078686,0.0,0.0,0.0,0.0,0.0,0.0,0.0,0.0
1085,3723.5325,44.572453,0.920416,43.18868696206142,43.18868696206142,0.0,0.0,0.0,0.0,0.0,0.0,0.0,0.0
1086,3724.389,45.76437,0.9302238,43.1728487157706,43.1728487157706,0.0,0.0,0.0,0.0,0.0,0.0,0.0,0.0
1087,3725.2478,44.509468,0.9258115,43.156974808886815,43.156974808886815,0.0,0.0,0.0,0.0,0.0,0.0,0.0,0.0
1088,3726.1047,46.596176,0.94123584,43.14114646120119,43.14114646120119,0.0,0.0,0.0,0.0,0.0,0.0,0.0,0.0
1089,3726.9639,50.21406,0.9833084,43.12528700739216,43.12528700739216,0.0,0.0,0.0,0.0,0.0,0.0,0.0,0.0
1090,3727.8215,49.490124,0.97191465,43.109464053853046,43.109464053853046,0.0,0.0,0.0,0.0,0.0,0.0,0.0,0.0
1091,3728.6812,50.176834,0.9802797,43.09361454321378,43.09361454321378,0.0,0.0,0.0,0.0,0.0,0.0,0.0,0.0
1092,3729.5386,50.35102,0.9839591,43.077814987814556,43.077814987814556,0.0,0.0,0.0,0.0,0.0,0.0,0.0,0.0
1093,3730.397,50.165134,1.015681,43.06200687612935,43.06200687612935,0.0,0.0,0.0,0.0,0.0,0.0,0.0,0.0
1094,3731.2573,48.793865,0.9990771,43.046172264485385,43.046172264485385,0.0,0.0,0.0,0.0,0.0,0.0,0.0,0.0
1095,3732.1152,46.332344,0.9447992,43.03039201755466,43.03039201755466,0.0,0.0,0.0,0.0,0.0,0.0,0.0,0.0
1096,3732.976,44.15038,0.91715974,43.01456734061404,43.01456734061404,0.0,0.0,0.0,0.0,0.0,0.0,0.0,0.0
1097,3733.835,42.952644,0.9000796,42.99878800188191,42.99878800188191,0.0,0.0,0.0,0.0,0.0,0.0,0.0,0.0
1098,3734.6958,41.443317,0.8951716,42.982982228487124,42.982982228487124,0.0,0.0,0.0,0.0,0.0,0.0,0.0,0.0
1099,3735.5552,41.575413,0.8892508,42.96721277756131,42.96721277756131,0.0,0.0,0.0,0.0,0.0,0.0,0.0,0.0
1100,3736.4143,43.49726,0.9045135,42.95145721342022,42.95145721342022,0.0,0.0,0.0,0.0,0.0,0.0,0.0,0.0
1101,3737.2756,44.04179,0.9048185,42.935670787513274,42.935670787513274,0.0,0.0,0.0,0.0,0.0,0.0,0.0,0.0
1102,3738.1357,42.273506,0.8975431,42.919916152634165,42.919916152634165,0.0,0.0,0.0,0.0,0.0,0.0,0.0,0.0
1103,3738.9978,44.474277,0.91022545,42.904135177816606,42.904135177816606,0.0,0.0,0.0,0.0,0.0,0.0,0.0,0.0
1104,3739.8577,42.089787,0.90049756,42.88840382877512,42.88840382877512,0.0,0.0,0.0,0.0,0.0,0.0,0.0,0.0
1105,3740.7205,43.131443,0.905128,42.87262831121353,42.87262831121353,0.0,0.0,0.0,0.0,0.0,0.0,0.0,0.0
1106,3741.581,44.15714,0.9106989,42.856902371816155,42.856902371816155,0.0,0.0,0.0,0.0,0.0,0.0,0.0,0.0
1107,3742.4414,43.555836,0.91012037,42.84119027275148,42.84119027275148,0.0,0.0,0.0,0.0,0.0,0.0,0.0,0.0
1108,3743.3047,44.442013,0.916714,42.825434088411996,42.825434088411996,0.0,0.0,0.0,0.0,0.0,0.0,0.0,0.0
1109,3744.1658,45.29658,0.9252336,42.80972739763034,42.80972739763034,0.0,0.0,0.0,0.0,0.0,0.0,0.0,0.0
1110,3745.029,46.075478,0.933338,42.793990033714294,42.793990033714294,0.0,0.0,0.0,0.0,0.0,0.0,0.0,0.0
1111,3745.8914,44.96483,0.9164312,42.77827986679207,42.77827986679207,0.0,0.0,0.0,0.0,0.0,0.0,0.0,0.0
1112,3746.7546,44.034832,0.91706145,42.762561305459926,42.762561305459926,0.0,0.0,0.0,0.0,0.0,0.0,0.0,0.0
1113,3747.6172,44.119293,0.91612226,42.74686546299464,42.74686546299464,0.0,0.0,0.0,0.0,0.0,0.0,0.0,0.0
1114,3748.479,44.15325,0.9183089,42.731192307756174,42.731192307756174,0.0,0.0,0.0,0.0,0.0,0.0,0.0,0.0
1115,3749.3433,44.57095,0.92047745,42.71548413999874,42.71548413999874,0.0,0.0,0.0,0.0,0.0,0.0,0.0,0.0
1116,3750.206,44.801197,0.9248478,42.69981196524404,42.69981196524404,0.0,0.0,0.0,0.0,0.0,0.0,0.0,0.0
1117,3751.0713,46.063267,0.93507564,42.68410483667397,42.68410483667397,0.0,0.0,0.0,0.0,0.0,0.0,0.0,0.0
1118,3751.9343,46.131954,0.9382766,42.668446959155226,42.668446959155226,0.0,0.0,0.0,0.0,0.0,0.0,0.0,0.0
1119,3752.7993,45.179546,0.92372066,42.65276302139253,42.65276302139253,0.0,0.0,0.0,0.0,0.0,0.0,0.0,0.0
1120,3753.6626,45.645046,0.9283307,42.63711942070475,42.63711942070475,0.0,0.0,0.0,0.0,0.0,0.0,0.0,0.0
1121,3754.5261,46.50494,0.93724984,42.62148073280864,42.62148073280864,0.0,0.0,0.0,0.0,0.0,0.0,0.0,0.0
1122,3755.392,45.655106,0.9258215,42.60580720044677,42.60580720044677,0.0,0.0,0.0,0.0,0.0,0.0,0.0,0.0
1123,3756.2559,44.88748,0.92248946,42.59018277730881,42.59018277730881,0.0,0.0,0.0,0.0,0.0,0.0,0.0,0.0
1124,3757.1223,44.951782,0.9248419,42.574519140082586,42.574519140082586,0.0,0.0,0.0,0.0,0.0,0.0,0.0,0.0
1125,3757.9863,45.35692,0.9296866,42.558908969243454,42.558908969243454,0.0,0.0,0.0,0.0,0.0,0.0,0.0,0.0
1126,3758.8528,45.317375,0.927103,42.54326403906927,42.54326403906927,0.0,0.0,0.0,0.0,0.0,0.0,0.0,0.0
1127,3759.7175,44.62326,0.92337054,42.52765929418579,42.52765929418579,0.0,0.0,0.0,0.0,0.0,0.0,0.0,0.0
1128,3760.5847,43.331997,0.90898967,42.512019842976756,42.512019842976756,0.0,0.0,0.0,0.0,0.0,0.0,0.0,0.0
1129,3761.4497,43.98754,0.91421264,42.49642933864731,42.49642933864731,0.0,0.0,0.0,0.0,0.0,0.0,0.0,0.0
1130,3762.3152,43.951,0.9104044,42.48083934182703,42.48083934182703,0.0,0.0,0.0,0.0,0.0,0.0,0.0,0.0
1131,3763.1826,43.299946,0.91067284,42.46522349775311,42.46522349775311,0.0,0.0,0.0,0.0,0.0,0.0,0.0,0.0
1132,3764.0483,43.980885,0.91824013,42.44964772938465,42.44964772938465,0.0,0.0,0.0,0.0,0.0,0.0,0.0,0.0
1133,3764.9165,42.874294,0.90818584,42.43403736848659,42.43403736848659,0.0,0.0,0.0,0.0,0.0,0.0,0.0,0.0
1134,3765.7825,43.321198,0.90456045,42.41847581873262,42.41847581873262,0.0,0.0,0.0,0.0,0.0,0.0,0.0,0.0
1135,3766.651,42.91702,0.90594834,42.40287971872379,42.40287971872379,0.0,0.0,0.0,0.0,0.0,0.0,0.0,0.0
1136,3767.5176,42.074192,0.8917138,42.387323611123655,42.387323611123655,0.0,0.0,0.0,0.0,0.0,0.0,0.0,0.0
1137,3768.384,42.238594,0.8985906,42.37178116481367,42.37178116481367,0.0,0.0,0.0,0.0,0.0,0.0,0.0,0.0
1138,3769.253,42.354656,0.89546835,42.356204234153104,42.356204234153104,0.0,0.0,0.0,0.0,0.0,0.0,0.0,0.0
1139,3770.1204,39.141228,0.87546754,42.34066285549086,42.34066285549086,0.0,0.0,0.0,0.0,0.0,0.0,0.0,0.0
1140,3770.9895,41.164402,0.8827427,42.32510016100601,42.32510016100601,0.0,0.0,0.0,0.0,0.0,0.0,0.0,0.0
1141,3771.857,41.27433,0.8863912,42.309577344625424,42.309577344625424,0.0,0.0,0.0,0.0,0.0,0.0,0.0,0.0
1142,3772.7268,40.670097,0.8795941,42.29402013855298,42.29402013855298,0.0,0.0,0.0,0.0,0.0,0.0,0.0,0.0
1143,3773.5947,41.278534,0.8840822,42.2785071367389,42.2785071367389,0.0,0.0,0.0,0.0,0.0,0.0,0.0,0.0
1144,3774.463,41.66302,0.88750684,42.26299903071159,42.26299903071159,0.0,0.0,0.0,0.0,0.0,0.0,0.0,0.0
1145,3775.3335,41.04443,0.87804455,42.247456605796856,42.247456605796856,0.0,0.0,0.0,0.0,0.0,0.0,0.0,0.0
1146,3776.2017,40.441887,0.8717809,42.23196702440787,42.23196702440787,0.0,0.0,0.0,0.0,0.0,0.0,0.0,0.0
1147,3777.0723,39.915745,0.90833485,42.21644316085357,42.21644316085357,0.0,0.0,0.0,0.0,0.0,0.0,0.0,0.0
1148,3777.9417,39.782215,0.8680846,42.20095032645873,42.20095032645873,0.0,0.0,0.0,0.0,0.0,0.0,0.0,0.0
1149,3778.8127,40.695087,0.87002087,42.18543631297193,42.18543631297193,0.0,0.0,0.0,0.0,0.0,0.0,0.0,0.0
1150,3779.682,42.09691,0.8853111,42.16996633030909,42.16996633030909,0.0,0.0,0.0,0.0,0.0,0.0,0.0,0.0
1151,3780.5515,41.35532,0.8809665,42.154496892446396,42.154496892446396,0.0,0.0,0.0,0.0,0.0,0.0,0.0,0.0
1152,3781.4233,41.490437,0.8739794,42.13899763418002,42.13899763418002,0.0,0.0,0.0,0.0,0.0,0.0,0.0,0.0
1153,3782.2932,41.82321,0.8955686,42.123542337075385,42.123542337075385,0.0,0.0,0.0,0.0,0.0,0.0,0.0,0.0
1154,3783.1653,42.277702,0.88363653,42.10805725611167,42.10805725611167,0.0,0.0,0.0,0.0,0.0,0.0,0.0,0.0
1155,3784.0356,42.159363,0.8957291,42.09261175348216,42.09261175348216,0.0,0.0,0.0,0.0,0.0,0.0,0.0,0.0
1156,3784.9082,41.18147,0.87108785,42.07713650866675,42.07713650866675,0.0,0.0,0.0,0.0,0.0,0.0,0.0,0.0
1157,3785.7793,41.65537,0.8800948,42.06169647493221,42.06169647493221,0.0,0.0,0.0,0.0,0.0,0.0,0.0,0.0
1158,3786.65,41.05293,0.87730753,42.04627430416736,42.04627430416736,0.0,0.0,0.0,0.0,0.0,0.0,0.0,0.0
1159,3787.5232,40.35149,0.86648273,42.03081380145483,42.03081380145483,0.0,0.0,0.0,0.0,0.0,0.0,0.0,0.0
1160,3788.394,41.13015,0.8757506,42.01540572920705,42.01540572920705,0.0,0.0,0.0,0.0,0.0,0.0,0.0,0.0
1161,3789.268,41.374607,0.8702672,41.99995074021446,41.99995074021446,0.0,0.0,0.0,0.0,0.0,0.0,0.0,0.0
1162,3790.1394,39.394737,0.8636906,41.984552443460636,41.984552443460636,0.0,0.0,0.0,0.0,0.0,0.0,0.0,0.0
1163,3791.0134,40.496834,0.86835235,41.96911591324921,41.96911591324921,0.0,0.0,0.0,0.0,0.0,0.0,0.0,0.0
1164,3791.886,40.590885,0.87074983,41.953714463241376,41.953714463241376,0.0,0.0,0.0,0.0,0.0,0.0,0.0,0.0
1165,3792.758,39.835945,0.8624981,41.93833081771301,41.93833081771301,0.0,0.0,0.0,0.0,0.0,0.0,0.0,0.0
1166,3793.6323,39.437958,0.85739654,41.92291762201315,41.92291762201315,0.0,0.0,0.0,0.0,0.0,0.0,0.0,0.0
1167,3794.5056,39.911438,0.85719836,41.90753084189256,41.90753084189256,0.0,0.0,0.0,0.0,0.0,0.0,0.0,0.0
1168,3795.3804,40.437958,0.8631708,41.89212746155921,41.89212746155921,0.0,0.0,0.0,0.0,0.0,0.0,0.0,0.0
1169,3796.2534,39.483017,0.85360694,41.87676335678607,41.87676335678607,0.0,0.0,0.0,0.0,0.0,0.0,0.0,0.0
1170,3797.129,39.195663,0.84331304,41.86136549186164,41.86136549186164,0.0,0.0,0.0,0.0,0.0,0.0,0.0,0.0
1171,3798.0024,38.92506,0.886061,41.84601115678131,41.84601115678131,0.0,0.0,0.0,0.0,0.0,0.0,0.0,0.0
1172,3798.876,38.458843,0.87985927,41.830665982646046,41.830665982646046,0.0,0.0,0.0,0.0,0.0,0.0,0.0,0.0
1173,3799.7522,38.59052,0.8818415,41.8152828278,41.8152828278,0.0,0.0,0.0,0.0,0.0,0.0,0.0,0.0
1174,3800.627,39.136616,0.8868167,41.79993456917701,41.79993456917701,0.0,0.0,0.0,0.0,0.0,0.0,0.0,0.0
1175,3801.5034,37.67726,0.84118736,41.78456551576902,41.78456551576902,0.0,0.0,0.0,0.0,0.0,0.0,0.0,0.0
1176,3802.3777,38.92788,0.84384733,41.76924414949103,41.76924414949103,0.0,0.0,0.0,0.0,0.0,0.0,0.0,0.0
1177,3803.2544,39.160183,0.8450957,41.753889174771835,41.753889174771835,0.0,0.0,0.0,0.0,0.0,0.0,0.0,0.0
1178,3804.1294,38.940456,0.84739697,41.738573286861524,41.738573286861524,0.0,0.0,0.0,0.0,0.0,0.0,0.0,0.0
1179,3805.0046,39.42336,0.84785396,41.723262267956585,41.723262267956585,0.0,0.0,0.0,0.0,0.0,0.0,0.0,0.0
1180,3805.882,39.860863,0.85317427,41.70792198190241,41.70792198190241,0.0,0.0,0.0,0.0,0.0,0.0,0.0,0.0
1181,3806.7578,39.344368,0.85046333,41.692620721648446,41.692620721648446,0.0,0.0,0.0,0.0,0.0,0.0,0.0,0.0
1182,3807.6355,38.835125,0.8438289,41.677294497117664,41.677294497117664,0.0,0.0,0.0,0.0,0.0,0.0,0.0,0.0
1183,3808.5112,39.73418,0.8591992,41.66201151204006,41.66201151204006,0.0,0.0,0.0,0.0,0.0,0.0,0.0,0.0
1184,3809.39,40.586143,0.8593754,41.64668656092686,41.64668656092686,0.0,0.0,0.0,0.0,0.0,0.0,0.0,0.0
1185,3810.2659,40.237034,0.86791444,41.63141757665302,41.63141757665302,0.0,0.0,0.0,0.0,0.0,0.0,0.0,0.0
1186,3811.1423,39.956474,0.8546394,41.61614919493485,41.61614919493485,0.0,0.0,0.0,0.0,0.0,0.0,0.0,0.0
1187,3812.0215,41.803528,0.8727501,41.60084318047542,41.60084318047542,0.0,0.0,0.0,0.0,0.0,0.0,0.0,0.0
1188,3812.8982,39.93366,0.8551996,41.5855887898252,41.5855887898252,0.0,0.0,0.0,0.0,0.0,0.0,0.0,0.0
1189,3813.7776,40.680866,0.86978155,41.57029681225841,41.57029681225841,0.0,0.0,0.0,0.0,0.0,0.0,0.0,0.0
1190,3814.6553,40.460346,0.8570943,41.555043672881084,41.555043672881084,0.0,0.0,0.0,0.0,0.0,0.0,0.0,0.0
1191,3815.5347,39.09581,0.84871453,41.53976996386281,41.53976996386281,0.0,0.0,0.0,0.0,0.0,0.0,0.0,0.0
1192,3816.412,40.269974,0.8603657,41.52453927898666,41.52453927898666,0.0,0.0,0.0,0.0,0.0,0.0,0.0,0.0
1193,3817.2905,39.458073,0.8578882,41.50930074181985,41.50930074181985,0.0,0.0,0.0,0.0,0.0,0.0,0.0,0.0
1194,3818.1704,41.038578,0.869193,41.49404591221489,41.49404591221489,0.0,0.0,0.0,0.0,0.0,0.0,0.0,0.0
1195,3819.0488,39.98666,0.8584577,41.47882557563575,41.47882557563575,0.0,0.0,0.0,0.0,0.0,0.0,0.0,0.0
1196,3819.9292,39.56793,0.86552346,41.46358050902325,41.46358050902325,0.0,0.0,0.0,0.0,0.0,0.0,0.0,0.0
1197,3820.8083,40.365257,0.8604558,41.448365676246,41.448365676246,0.0,0.0,0.0,0.0,0.0,0.0,0.0,0.0
1198,3821.6895,39.70421,0.858039,41.43312615393171,41.43312615393171,0.0,0.0,0.0,0.0,0.0,0.0,0.0,0.0
1199,3822.5684,41.110355,0.8667624,41.41793371572557,41.41793371572557,0.0,0.0,0.0,0.0,0.0,0.0,0.0,0.0
1200,3823.45,40.2597,0.8596871,41.40270395922253,41.40270395922253,0.0,0.0,0.0,0.0,0.0,0.0,0.0,0.0
1201,3824.3298,40.325428,0.8594759,41.387512808840334,41.387512808840334,0.0,0.0,0.0,0.0,0.0,0.0,0.0,0.0
1202,3825.2092,40.271416,0.8574136,41.37233914767024,41.37233914767024,0.0,0.0,0.0,0.0,0.0,0.0,0.0,0.0
1203,3826.0913,39.2202,0.84991235,41.35712823881807,41.35712823881807,0.0,0.0,0.0,0.0,0.0,0.0,0.0,0.0
1204,3826.9714,38.50383,0.8353421,41.341960077039055,41.341960077039055,0.0,0.0,0.0,0.0,0.0,0.0,0.0,0.0
1205,3827.8542,38.788006,0.8423257,41.32675472297033,41.32675472297033,0.0,0.0,0.0,0.0,0.0,0.0,0.0,0.0
1206,3828.7349,39.314518,0.8419202,41.31159627705711,41.31159627705711,0.0,0.0,0.0,0.0,0.0,0.0,0.0,0.0
1207,3829.6177,40.093033,0.9000475,41.296409086635144,41.296409086635144,0.0,0.0,0.0,0.0,0.0,0.0,0.0,0.0
1208,3830.4985,40.64838,0.8952667,41.28126454793068,41.28126454793068,0.0,0.0,0.0,0.0,0.0,0.0,0.0,0.0
1209,3831.38,40.630604,0.85708195,41.26612065599771,41.26612065599771,0.0,0.0,0.0,0.0,0.0,0.0,0.0,0.0
1210,3832.2634,39.65501,0.84344435,41.25094807980393,41.25094807980393,0.0,0.0,0.0,0.0,0.0,0.0,0.0,0.0
1211,3833.1448,37.46939,0.82379115,41.23582227646048,41.23582227646048,0.0,0.0,0.0,0.0,0.0,0.0,0.0,0.0
1212,3834.029,38.835445,0.8283118,41.22065526029404,41.22065526029404,0.0,0.0,0.0,0.0,0.0,0.0,0.0,0.0
1213,3834.911,40.04456,0.8429426,41.205539155669186,41.205539155669186,0.0,0.0,0.0,0.0,0.0,0.0,0.0,0.0
1214,3835.7954,38.297234,0.8245895,41.19038607450543,41.19038607450543,0.0,0.0,0.0,0.0,0.0,0.0,0.0,0.0
1215,3836.678,36.92778,0.8255543,41.1752754874608,41.1752754874608,0.0,0.0,0.0,0.0,0.0,0.0,0.0,0.0
1216,3837.5603,39.153847,0.8378912,41.16017809356908,41.16017809356908,0.0,0.0,0.0,0.0,0.0,0.0,0.0,0.0
1217,3838.445,37.979477,0.83215946,41.14504796682072,41.14504796682072,0.0,0.0,0.0,0.0,0.0,0.0,0.0,0.0
1218,3839.3284,38.502377,0.8395052,41.1299519143902,41.1299519143902,0.0,0.0,0.0,0.0,0.0,0.0,0.0,0.0
1219,3840.2136,38.583206,0.8342767,41.11483152147761,41.11483152147761,0.0,0.0,0.0,0.0,0.0,0.0,0.0,0.0
1220,3841.097,38.54067,0.83293945,41.09975350050231,41.09975350050231,0.0,0.0,0.0,0.0,0.0,0.0,0.0,0.0
1221,3841.9827,39.290134,0.8339507,41.08464283642849,41.08464283642849,0.0,0.0,0.0,0.0,0.0,0.0,0.0,0.0
1222,3842.8665,39.933136,0.8367995,41.069574499484936,41.069574499484936,0.0,0.0,0.0,0.0,0.0,0.0,0.0,0.0
1223,3843.7505,38.645073,0.8268493,41.05451099339194,41.05451099339194,0.0,0.0,0.0,0.0,0.0,0.0,0.0,0.0
1224,3844.6367,39.121326,0.8307349,41.039419067646705,41.039419067646705,0.0,0.0,0.0,0.0,0.0,0.0,0.0,0.0
1225,3845.5217,39.528473,0.8498355,41.02435693547599,41.02435693547599,0.0,0.0,0.0,0.0,0.0,0.0,0.0,0.0
1226,3846.4082,39.706898,0.8445408,41.0092788873578,41.0092788873578,0.0,0.0,0.0,0.0,0.0,0.0,0.0,0.0
1227,3847.293,39.66542,0.8499458,40.99423889577548,40.99423889577548,0.0,0.0,0.0,0.0,0.0,0.0,0.0,0.0
1228,3848.1804,39.323982,0.84780467,40.9791622662082,40.9791622662082,0.0,0.0,0.0,0.0,0.0,0.0,0.0,0.0
1229,3849.0657,39.935177,0.84248334,40.96413195122221,40.96413195122221,0.0,0.0,0.0,0.0,0.0,0.0,0.0,0.0
1230,3849.9507,39.213673,0.8425141,40.94911474504056,40.94911474504056,0.0,0.0,0.0,0.0,0.0,0.0,0.0,0.0
1231,3850.8389,40.223343,0.8446846,40.934052687284144,40.934052687284144,0.0,0.0,0.0,0.0,0.0,0.0,0.0,0.0
1232,3851.7246,40.683422,0.86883485,40.91904100632046,40.91904100632046,0.0,0.0,0.0,0.0,0.0,0.0,0.0,0.0
1233,3852.6128,40.634975,0.87361085,40.9039969401176,40.9039969401176,0.0,0.0,0.0,0.0,0.0,0.0,0.0,0.0
1234,3853.4998,41.89385,0.8978831,40.88898252863873,40.88898252863873,0.0,0.0,0.0,0.0,0.0,0.0,0.0,0.0
1235,3854.3882,40.470478,0.89195955,40.87395230749864,40.87395230749864,0.0,0.0,0.0,0.0,0.0,0.0,0.0,0.0
1236,3855.2751,40.737442,0.8876037,40.85895583306929,40.85895583306929,0.0,0.0,0.0,0.0,0.0,0.0,0.0,0.0
1237,3856.1616,41.360867,0.8819411,40.84397655695541,40.84397655695541,0.0,0.0,0.0,0.0,0.0,0.0,0.0,0.0
1238,3857.0508,41.410442,0.88123,40.82896087499123,40.82896087499123,0.0,0.0,0.0,0.0,0.0,0.0,0.0,0.0
1239,3857.939,41.20073,0.8690876,40.8139706494581,40.8139706494581,0.0,0.0,0.0,0.0,0.0,0.0,0.0,0.0
1240,3858.8284,41.084618,0.8629528,40.79896879249847,40.79896879249847,0.0,0.0,0.0,0.0,0.0,0.0,0.0,0.0
1241,3859.716,40.518406,0.85388356,40.78400470526554,40.78400470526554,0.0,0.0,0.0,0.0,0.0,0.0,0.0,0.0
1242,3860.6064,41.25926,0.8612583,40.769004315457344,40.769004315457344,0.0,0.0,0.0,0.0,0.0,0.0,0.0,0.0
1243,3861.4944,42.82108,0.8781566,40.75405399396672,40.75405399396672,0.0,0.0,0.0,0.0,0.0,0.0,0.0,0.0
1244,3862.3826,42.647686,0.8738925,40.7391084834352,40.7391084834352,0.0,0.0,0.0,0.0,0.0,0.0,0.0,0.0
1245,3863.2734,41.27944,0.86538476,40.72412673896983,40.72412673896983,0.0,0.0,0.0,0.0,0.0,0.0,0.0,0.0
1246,3864.1619,42.02227,0.8734208,40.70919497682206,40.70919497682206,0.0,0.0,0.0,0.0,0.0,0.0,0.0,0.0
1247,3865.053,44.6619,0.8927544,40.694227024806516,40.694227024806516,0.0,0.0,0.0,0.0,0.0,0.0,0.0,0.0
1248,3865.9424,43.96209,0.88750464,40.679296704794744,40.679296704794744,0.0,0.0,0.0,0.0,0.0,0.0,0.0,0.0
1249,3866.8337,43.74778,0.88580954,40.66434253767859,40.66434253767859,0.0,0.0,0.0,0.0,0.0,0.0,0.0,0.0
1250,3867.7231,43.974693,0.8923796,40.64943005063794,40.64943005063794,0.0,0.0,0.0,0.0,0.0,0.0,0.0,0.0
1251,3868.613,43.806866,0.891294,40.63451827965381,40.63451827965381,0.0,0.0,0.0,0.0,0.0,0.0,0.0,0.0
1252,3869.5051,43.97643,0.89313513,40.619578620524834,40.619578620524834,0.0,0.0,0.0,0.0,0.0,0.0,0.0,0.0
1253,3870.3953,44.630318,0.89966744,40.60468057534643,40.60468057534643,0.0,0.0,0.0,0.0,0.0,0.0,0.0,0.0
1254,3871.2878,42.500313,0.8766496,40.58975059364029,40.58975059364029,0.0,0.0,0.0,0.0,0.0,0.0,0.0,0.0
1255,3872.1785,42.23392,0.878322,40.574862181833495,40.574862181833495,0.0,0.0,0.0,0.0,0.0,0.0,0.0,0.0
1256,3873.071,41.12426,0.90097237,40.55995003249041,40.55995003249041,0.0,0.0,0.0,0.0,0.0,0.0,0.0,0.0
1257,3873.9622,39.167862,0.88817286,40.54507124897756,40.54507124897756,0.0,0.0,0.0,0.0,0.0,0.0,0.0,0.0
1258,3874.8538,40.025455,0.84812784,40.53019319828856,40.53019319828856,0.0,0.0,0.0,0.0,0.0,0.0,0.0,0.0
1259,3875.7468,40.914963,0.8539593,40.515299606484476,40.515299606484476,0.0,0.0,0.0,0.0,0.0,0.0,0.0,0.0
1260,3876.6387,40.220394,0.84349626,40.500435256494264,40.500435256494264,0.0,0.0,0.0,0.0,0.0,0.0,0.0,0.0
1261,3877.5327,40.562317,0.8542268,40.48554318841913,40.48554318841913,0.0,0.0,0.0,0.0,0.0,0.0,0.0,0.0
1262,3878.4246,40.825382,0.90334654,40.47069659459077,40.47069659459077,0.0,0.0,0.0,0.0,0.0,0.0,0.0,0.0
1263,3879.3186,40.813103,0.89817375,40.45582231169435,40.45582231169435,0.0,0.0,0.0,0.0,0.0,0.0,0.0,0.0
1264,3880.2114,41.54097,0.8653629,40.440977212036756,40.440977212036756,0.0,0.0,0.0,0.0,0.0,0.0,0.0,0.0
1265,3881.1042,40.907272,0.85774463,40.42614097325806,40.42614097325806,0.0,0.0,0.0,0.0,0.0,0.0,0.0,0.0
1266,3881.9988,40.678135,0.8532238,40.41128521486704,40.41128521486704,0.0,0.0,0.0,0.0,0.0,0.0,0.0,0.0
1267,3882.8923,40.374622,0.86099267,40.39645454013893,40.39645454013893,0.0,0.0,0.0,0.0,0.0,0.0,0.0,0.0
1268,3883.7876,39.95983,0.8571605,40.38160437955643,40.38160437955643,0.0,0.0,0.0,0.0,0.0,0.0,0.0,0.0
1269,3884.6807,40.17139,0.8569159,40.36679951334501,40.36679951334501,0.0,0.0,0.0,0.0,0.0,0.0,0.0,0.0
1270,3885.577,40.956966,0.8586393,40.35195090901869,40.35195090901869,0.0,0.0,0.0,0.0,0.0,0.0,0.0,0.0
1271,3886.4707,40.174313,0.84749526,40.33715160142849,40.33715160142849,0.0,0.0,0.0,0.0,0.0,0.0,0.0,0.0
1272,3887.3645,40.21462,0.85093886,40.32236112280558,40.32236112280558,0.0,0.0,0.0,0.0,0.0,0.0,0.0,0.0
1273,3888.261,40.93859,0.84890056,40.30753506553003,40.30753506553003,0.0,0.0,0.0,0.0,0.0,0.0,0.0,0.0
1274,3889.1558,40.95746,0.85903496,40.292746113510184,40.292746113510184,0.0,0.0,0.0,0.0,0.0,0.0,0.0,0.0
1275,3890.0522,40.5749,0.85238576,40.27793776682579,40.27793776682579,0.0,0.0,0.0,0.0,0.0,0.0,0.0,0.0
1276,3890.9473,40.49898,0.85368353,40.26316244784448,40.26316244784448,0.0,0.0,0.0,0.0,0.0,0.0,0.0,0.0
1277,3891.8447,38.56013,0.8782291,40.248355677850135,40.248355677850135,0.0,0.0,0.0,0.0,0.0,0.0,0.0,0.0
1278,3892.74,38.13076,0.87606907,40.233593984330255,40.233593984330255,0.0,0.0,0.0,0.0,0.0,0.0,0.0,0.0
1279,3893.6375,39.35813,0.8365802,40.21880490005295,40.21880490005295,0.0,0.0,0.0,0.0,0.0,0.0,0.0,0.0
1280,3894.5334,39.739746,0.84308505,40.20404877572258,40.20404877572258,0.0,0.0,0.0,0.0,0.0,0.0,0.0,0.0
1281,3895.4292,38.879303,0.83736736,40.189305475111624,40.189305475111624,0.0,0.0,0.0,0.0,0.0,0.0,0.0,0.0
1282,3896.3274,38.9285,0.84404004,40.174530821554185,40.174530821554185,0.0,0.0,0.0,0.0,0.0,0.0,0.0,0.0
1283,3897.224,39.991302,0.8502139,40.15978907723812,40.15978907723812,0.0,0.0,0.0,0.0,0.0,0.0,0.0,0.0
1284,3898.1226,37.277107,0.8235786,40.14502806239044,40.14502806239044,0.0,0.0,0.0,0.0,0.0,0.0,0.0,0.0
1285,3899.0193,37.874855,0.83228785,40.13030392575996,40.13030392575996,0.0,0.0,0.0,0.0,0.0,0.0,0.0,0.0
1286,3899.9182,38.812172,0.8292949,40.11555252724324,40.11555252724324,0.0,0.0,0.0,0.0,0.0,0.0,0.0,0.0
1287,3900.8157,38.3627,0.828971,40.10083396565228,40.10083396565228,0.0,0.0,0.0,0.0,0.0,0.0,0.0,0.0
1288,3901.713,38.863544,0.8345012,40.086128188787896,40.086128188787896,0.0,0.0,0.0,0.0,0.0,0.0,0.0,0.0
1289,3902.6125,37.77007,0.82291144,40.07139120435003,40.07139120435003,0.0,0.0,0.0,0.0,0.0,0.0,0.0,0.0
1290,3903.5105,37.95058,0.8209108,40.05669100190614,40.05669100190614,0.0,0.0,0.0,0.0,0.0,0.0,0.0,0.0
1291,3904.4106,38.06614,0.82759327,40.041963632654046,40.041963632654046,0.0,0.0,0.0,0.0,0.0,0.0,0.0,0.0
1292,3905.3086,37.787434,0.8180499,40.027280988609064,40.027280988609064,0.0,0.0,0.0,0.0,0.0,0.0,0.0,0.0
1293,3906.2092,38.19364,0.82732105,40.012563229275,40.012563229275,0.0,0.0,0.0,0.0,0.0,0.0,0.0,0.0
1294,3907.108,39.05867,0.83188283,39.99788616115994,39.99788616115994,0.0,0.0,0.0,0.0,0.0,0.0,0.0,0.0
1295,3908.0068,36.987774,0.81508034,39.983213866736634,39.983213866736634,0.0,0.0,0.0,0.0,0.0,0.0,0.0,0.0
1296,3908.9082,37.35733,0.81218046,39.96851051418624,39.96851051418624,0.0,0.0,0.0,0.0,0.0,0.0,0.0,0.0
1297,3909.8071,37.36603,0.82541597,39.953855746053996,39.953855746053996,0.0,0.0,0.0,0.0,0.0,0.0,0.0,0.0
1298,3910.7087,37.959602,0.8265618,39.93916597630848,39.93916597630848,0.0,0.0,0.0,0.0,0.0,0.0,0.0,0.0
1299,3911.6084,38.58751,0.83916354,39.92451678533251,39.92451678533251,0.0,0.0,0.0,0.0,0.0,0.0,0.0,0.0
1300,3912.5105,37.557423,0.82797176,39.90983661655941,39.90983661655941,0.0,0.0,0.0,0.0,0.0,0.0,0.0,0.0
1301,3913.4104,38.394226,0.8288282,39.89520095296736,39.89520095296736,0.0,0.0,0.0,0.0,0.0,0.0,0.0,0.0
1302,3914.3105,36.57286,0.8181417,39.88057005276749,39.88057005276749,0.0,0.0,0.0,0.0,0.0,0.0,0.0,0.0
1303,3915.2134,37.080963,0.81379855,39.865904268987556,39.865904268987556,0.0,0.0,0.0,0.0,0.0,0.0,0.0,0.0
1304,3916.1143,37.950146,0.8234364,39.851278956565494,39.851278956565494,0.0,0.0,0.0,0.0,0.0,0.0,0.0,0.0
1305,3917.017,37.370407,0.8136942,39.8366306922571,39.8366306922571,0.0,0.0,0.0,0.0,0.0,0.0,0.0,0.0
1306,3917.9185,37.01755,0.81492215,39.82201493177155,39.82201493177155,0.0,0.0,0.0,0.0,0.0,0.0,0.0,0.0
1307,3918.8223,37.28826,0.81380254,39.80736834181851,39.80736834181851,0.0,0.0,0.0,0.0,0.0,0.0,0.0,0.0
1308,3919.7239,37.514687,0.82684225,39.79276609030068,39.79276609030068,0.0,0.0,0.0,0.0,0.0,0.0,0.0,0.0
1309,3920.6255,38.896515,0.8300166,39.77817255178488,39.77817255178488,0.0,0.0,0.0,0.0,0.0,0.0,0.0,0.0
1310,3921.5295,38.33659,0.8249736,39.76354823769891,39.76354823769891,0.0,0.0,0.0,0.0,0.0,0.0,0.0,0.0
1311,3922.4316,36.74069,0.8139489,39.74896423557906,39.74896423557906,0.0,0.0,0.0,0.0,0.0,0.0,0.0,0.0
1312,3923.3364,37.75129,0.8209428,39.73434555664432,39.73434555664432,0.0,0.0,0.0,0.0,0.0,0.0,0.0,0.0
1313,3924.2388,37.525696,0.8164197,39.719775033770425,39.719775033770425,0.0,0.0,0.0,0.0,0.0,0.0,0.0,0.0
1314,3925.1436,37.831497,0.8484651,39.70517381490647,39.70517381490647,0.0,0.0,0.0,0.0,0.0,0.0,0.0,0.0
1315,3926.0469,37.728916,0.84142506,39.69060494515028,39.69060494515028,0.0,0.0,0.0,0.0,0.0,0.0,0.0,0.0
1316,3926.9497,37.005836,0.80797136,39.67605263894429,39.67605263894429,0.0,0.0,0.0,0.0,0.0,0.0,0.0,0.0
1317,3927.8552,36.071213,0.8042943,39.661465763441036,39.661465763441036,0.0,0.0,0.0,0.0,0.0,0.0,0.0,0.0
1318,3928.7593,35.779816,0.8053203,39.6469111872145,39.6469111872145,0.0,0.0,0.0,0.0,0.0,0.0,0.0,0.0
1319,3929.665,36.932816,0.81485754,39.63233781030064,39.63233781030064,0.0,0.0,0.0,0.0,0.0,0.0,0.0,0.0
1320,3930.569,35.65135,0.796177,39.61780061938016,39.61780061938016,0.0,0.0,0.0,0.0,0.0,0.0,0.0,0.0
1321,3931.4756,35.937386,0.8043042,39.60323287941623,39.60323287941623,0.0,0.0,0.0,0.0,0.0,0.0,0.0,0.0
1322,3932.38,36.113754,0.79839987,39.58870913213526,39.58870913213526,0.0,0.0,0.0,0.0,0.0,0.0,0.0,0.0
1323,3933.2842,35.97823,0.80379444,39.57419404885314,39.57419404885314,0.0,0.0,0.0,0.0,0.0,0.0,0.0,0.0
1324,3934.1912,36.627686,0.8044719,39.559644554656636,39.559644554656636,0.0,0.0,0.0,0.0,0.0,0.0,0.0,0.0
1325,3935.0964,33.423004,0.78203577,39.545131151935166,39.545131151935166,0.0,0.0,0.0,0.0,0.0,0.0,0.0,0.0
1326,3936.004,35.84157,0.798588,39.53059121525452,39.53059121525452,0.0,0.0,0.0,0.0,0.0,0.0,0.0,0.0
1327,3936.9092,36.58299,0.8058357,39.51609514875684,39.51609514875684,0.0,0.0,0.0,0.0,0.0,0.0,0.0,0.0
1328,3937.8171,36.89513,0.8133635,39.50156476419919,39.50156476419919,0.0,0.0,0.0,0.0,0.0,0.0,0.0,0.0
1329,3938.7231,37.436165,0.8162237,39.487074299201524,39.487074299201524,0.0,0.0,0.0,0.0,0.0,0.0,0.0,0.0
1330,3939.6292,35.977665,0.80406433,39.47259248073631,39.47259248073631,0.0,0.0,0.0,0.0,0.0,0.0,0.0,0.0
1331,3940.5378,36.519485,0.8036126,39.458076413665324,39.458076413665324,0.0,0.0,0.0,0.0,0.0,0.0,0.0,0.0
1332,3941.4443,36.62439,0.8105728,39.44360409925267,39.44360409925267,0.0,0.0,0.0,0.0,0.0,0.0,0.0,0.0
1333,3942.353,36.98055,0.8087801,39.42910537097017,39.42910537097017,0.0,0.0,0.0,0.0,0.0,0.0,0.0,0.0
1334,3943.26,37.42763,0.81318426,39.4146425552573,39.4146425552573,0.0,0.0,0.0,0.0,0.0,0.0,0.0,0.0
1335,3944.1694,37.75915,0.8221438,39.40014947294517,39.40014947294517,0.0,0.0,0.0,0.0,0.0,0.0,0.0,0.0
1336,3945.0767,37.742443,0.81762624,39.385700044817234,39.385700044817234,0.0,0.0,0.0,0.0,0.0,0.0,0.0,0.0
1337,3945.984,36.37117,0.8043023,39.371259236447955,39.371259236447955,0.0,0.0,0.0,0.0,0.0,0.0,0.0,0.0
1338,3946.8945,37.027416,0.81438035,39.356772683810455,39.356772683810455,0.0,0.0,0.0,0.0,0.0,0.0,0.0,0.0
1339,3947.802,37.583378,0.81121653,39.34234524569095,39.34234524569095,0.0,0.0,0.0,0.0,0.0,0.0,0.0,0.0
1340,3948.7126,37.683228,0.8204912,39.32787599660377,39.32787599660377,0.0,0.0,0.0,0.0,0.0,0.0,0.0,0.0
1341,3949.6208,37.753494,0.8090184,39.31345416041341,39.31345416041341,0.0,0.0,0.0,0.0,0.0,0.0,0.0,0.0
1342,3950.5317,37.99208,0.82208645,39.29899831984669,39.29899831984669,0.0,0.0,0.0,0.0,0.0,0.0,0.0,0.0
1343,3951.4404,38.943253,0.8271764,39.28458596515191,39.28458596515191,0.0,0.0,0.0,0.0,0.0,0.0,0.0,0.0
1344,3952.349,39.761333,0.84366596,39.270182208113035,39.270182208113035,0.0,0.0,0.0,0.0,0.0,0.0,0.0,0.0
1345,3953.2612,38.782684,0.82890004,39.25573291158751,39.25573291158751,0.0,0.0,0.0,0.0,0.0,0.0,0.0,0.0
1346,3954.1702,38.322544,0.8255711,39.24134249670747,39.24134249670747,0.0,0.0,0.0,0.0,0.0,0.0,0.0,0.0
1347,3955.082,38.804375,0.8259273,39.22691432101169,39.22691432101169,0.0,0.0,0.0,0.0,0.0,0.0,0.0,0.0
1348,3955.9922,38.612118,0.8268116,39.212521791031484,39.212521791031484,0.0,0.0,0.0,0.0,0.0,0.0,0.0,0.0
1349,3956.9043,39.632027,0.8347809,39.19810699323223,39.19810699323223,0.0,0.0,0.0,0.0,0.0,0.0,0.0,0.0
1350,3957.8145,38.9165,0.82250017,39.183731654110034,39.183731654110034,0.0,0.0,0.0,0.0,0.0,0.0,0.0,0.0
1351,3958.7253,38.83795,0.827544,39.16935333276775,39.16935333276775,0.0,0.0,0.0,0.0,0.0,0.0,0.0,0.0
1352,3959.638,38.951557,0.86885464,39.15495664164627,39.15495664164627,0.0,0.0,0.0,0.0,0.0,0.0,0.0,0.0
1353,3960.5488,38.7403,0.8847956,39.14059549383078,39.14059549383078,0.0,0.0,0.0,0.0,0.0,0.0,0.0,0.0
1354,3961.462,38.796253,0.8329233,39.1262083028349,39.1262083028349,0.0,0.0,0.0,0.0,0.0,0.0,0.0,0.0
1355,3962.3735,38.57369,0.8228608,39.111852774536565,39.111852774536565,0.0,0.0,0.0,0.0,0.0,0.0,0.0,0.0
1356,3963.287,38.9687,0.8287893,39.097475085092334,39.097475085092334,0.0,0.0,0.0,0.0,0.0,0.0,0.0,0.0
1357,3964.1987,39.150608,0.82950777,39.08313670336431,39.08313670336431,0.0,0.0,0.0,0.0,0.0,0.0,0.0,0.0
1358,3965.1138,38.117615,0.8175617,39.06875316394814,39.06875316394814,0.0,0.0,0.0,0.0,0.0,0.0,0.0,0.0
1359,3966.0256,37.06582,0.8152893,39.05442807993766,39.05442807993766,0.0,0.0,0.0,0.0,0.0,0.0,0.0,0.0
1360,3966.9382,37.625854,0.813966,39.040100044036706,39.040100044036706,0.0,0.0,0.0,0.0,0.0,0.0,0.0,0.0
1361,3967.8528,37.410343,0.8104257,39.025749921558564,39.025749921558564,0.0,0.0,0.0,0.0,0.0,0.0,0.0,0.0
1362,3968.7654,37.58936,0.8160877,39.01143899799103,39.01143899799103,0.0,0.0,0.0,0.0,0.0,0.0,0.0,0.0
1363,3969.6807,37.387165,0.8087725,38.99709453508127,38.99709453508127,0.0,0.0,0.0,0.0,0.0,0.0,0.0,0.0
1364,3970.594,36.752106,0.8136633,38.98278923403654,38.98278923403654,0.0,0.0,0.0,0.0,0.0,0.0,0.0,0.0
1365,3971.5098,36.208122,0.7997057,38.96845426397831,38.96845426397831,0.0,0.0,0.0,0.0,0.0,0.0,0.0,0.0
1366,3972.423,36.11605,0.8015675,38.95416605062773,38.95416605062773,0.0,0.0,0.0,0.0,0.0,0.0,0.0,0.0
1367,3973.3372,35.983116,0.7978453,38.93987491131793,38.93987491131793,0.0,0.0,0.0,0.0,0.0,0.0,0.0,0.0
1368,3974.2534,34.679783,0.779927,38.92555797755421,38.92555797755421,0.0,0.0,0.0,0.0,0.0,0.0,0.0,0.0
1369,3975.1677,36.015892,0.7988079,38.911280097241445,38.911280097241445,0.0,0.0,0.0,0.0,0.0,0.0,0.0,0.0
1370,3976.0842,36.844948,0.7986691,38.89697645390833,38.89697645390833,0.0,0.0,0.0,0.0,0.0,0.0,0.0,0.0
1371,3976.9993,35.534397,0.7919609,38.882704204347164,38.882704204347164,0.0,0.0,0.0,0.0,0.0,0.0,0.0,0.0
1372,3977.9163,35.290836,0.78972983,38.86841003681181,38.86841003681181,0.0,0.0,0.0,0.0,0.0,0.0,0.0,0.0
1373,3978.831,37.315075,0.8090626,38.854158637551265,38.854158637551265,0.0,0.0,0.0,0.0,0.0,0.0,0.0,0.0
1374,3979.7466,36.60709,0.8284067,38.8399043380756,38.8399043380756,0.0,0.0,0.0,0.0,0.0,0.0,0.0,0.0
1375,3980.6643,35.414337,0.80515516,38.825624365324444,38.825624365324444,0.0,0.0,0.0,0.0,0.0,0.0,0.0,0.0
1376,3981.5798,35.179207,0.8139655,38.81138709201056,38.81138709201056,0.0,0.0,0.0,0.0,0.0,0.0,0.0,0.0
1377,3982.4988,35.876694,0.81368196,38.79710520614712,38.79710520614712,0.0,0.0,0.0,0.0,0.0,0.0,0.0,0.0
1378,3983.4148,36.28846,0.7973127,38.78287736026448,38.78287736026448,0.0,0.0,0.0,0.0,0.0,0.0,0.0,0.0
1379,3984.3335,34.706608,0.7850209,38.76861632628923,38.76861632628923,0.0,0.0,0.0,0.0,0.0,0.0,0.0,0.0
1380,3985.2498,36.221268,0.7994064,38.75440168647757,38.75440168647757,0.0,0.0,0.0,0.0,0.0,0.0,0.0,0.0
1381,3986.167,35.758194,0.8015252,38.740180387858175,38.740180387858175,0.0,0.0,0.0,0.0,0.0,0.0,0.0,0.0
1382,3987.0857,34.168724,0.77862316,38.72594488675263,38.72594488675263,0.0,0.0,0.0,0.0,0.0,0.0,0.0,0.0
1383,3988.0032,34.24971,0.7767983,38.711736792732054,38.711736792732054,0.0,0.0,0.0,0.0,0.0,0.0,0.0,0.0
1384,3988.9226,35.725258,0.79029256,38.697506959050294,38.697506959050294,0.0,0.0,0.0,0.0,0.0,0.0,0.0,0.0
1385,3989.8403,35.44515,0.7885141,38.683312059580395,38.683312059580395,0.0,0.0,0.0,0.0,0.0,0.0,0.0,0.0
1386,3990.7607,35.944588,0.79276127,38.66908412844149,38.66908412844149,0.0,0.0,0.0,0.0,0.0,0.0,0.0,0.0
1387,3991.6785,35.49843,0.79994553,38.654906186331615,38.654906186331615,0.0,0.0,0.0,0.0,0.0,0.0,0.0,0.0
1388,3992.597,35.193504,0.78650135,38.640725394938094,38.640725394938094,0.0,0.0,0.0,0.0,0.0,0.0,0.0,0.0
1389,3993.5173,35.417953,0.7928833,38.62652293698608,38.62652293698608,0.0,0.0,0.0,0.0,0.0,0.0,0.0,0.0
1390,3994.4365,35.011806,0.78459764,38.612347789583815,38.612347789583815,0.0,0.0,0.0,0.0,0.0,0.0,0.0,0.0
1391,3995.3574,35.00155,0.7870422,38.598154772703204,38.598154772703204,0.0,0.0,0.0,0.0,0.0,0.0,0.0,0.0
1392,3996.2764,35.40093,0.7936781,38.584000316914896,38.584000316914896,0.0,0.0,0.0,0.0,0.0,0.0,0.0,0.0
1393,3997.198,35.20103,0.7920569,38.569812976147034,38.569812976147034,0.0,0.0,0.0,0.0,0.0,0.0,0.0,0.0
1394,3998.1174,35.346985,0.8081011,38.555667914856514,38.555667914856514,0.0,0.0,0.0,0.0,0.0,0.0,0.0,0.0
1395,3999.037,35.661404,0.7874424,38.54152753921311,38.54152753921311,0.0,0.0,0.0,0.0,0.0,0.0,0.0,0.0
1396,3999.9595,35.10609,0.78653055,38.5273543450819,38.5273543450819,0.0,0.0,0.0,0.0,0.0,0.0,0.0,0.0
1397,4000.88,35.377254,0.78254634,38.51321961419152,38.51321961419152,0.0,0.0,0.0,0.0,0.0,0.0,0.0,0.0
1398,4001.8022,34.306576,0.77334845,38.49906335128234,38.49906335128234,0.0,0.0,0.0,0.0,0.0,0.0,0.0,0.0
1399,4002.7227,34.665615,0.77850026,38.48494550178017,38.48494550178017,0.0,0.0,0.0,0.0,0.0,0.0,0.0,0.0
1400,4003.6462,34.73363,0.77868074,38.47078743492823,38.47078743492823,0.0,0.0,0.0,0.0,0.0,0.0,0.0,0.0
1401,4004.567,34.356346,0.77847403,38.45668271085174,38.45668271085174,0.0,0.0,0.0,0.0,0.0,0.0,0.0,0.0
1402,4005.488,35.198208,0.78455746,38.442578924655834,38.442578924655834,0.0,0.0,0.0,0.0,0.0,0.0,0.0,0.0
1403,4006.412,33.907284,0.7705204,38.42843873542432,38.42843873542432,0.0,0.0,0.0,0.0,0.0,0.0,0.0,0.0
1404,4007.3335,33.99528,0.76774246,38.4143480640638,38.4143480640638,0.0,0.0,0.0,0.0,0.0,0.0,0.0,0.0
1405,4008.2576,34.116085,0.76834667,38.40022476400138,38.40022476400138,0.0,0.0,0.0,0.0,0.0,0.0,0.0,0.0
1406,4009.1794,34.307636,0.77143234,38.38614346270029,38.38614346270029,0.0,0.0,0.0,0.0,0.0,0.0,0.0,0.0
1407,4010.1045,34.130836,0.7699812,38.37202212506778,38.37202212506778,0.0,0.0,0.0,0.0,0.0,0.0,0.0,0.0
1408,4011.0269,33.157307,0.7637261,38.35795019713908,38.35795019713908,0.0,0.0,0.0,0.0,0.0,0.0,0.0,0.0
1409,4011.9492,34.248337,0.77427155,38.343886663504435,38.343886663504435,0.0,0.0,0.0,0.0,0.0,0.0,0.0,0.0
1410,4012.8748,34.18971,0.776941,38.3297831683065,38.3297831683065,0.0,0.0,0.0,0.0,0.0,0.0,0.0,0.0
1411,4013.7979,34.404457,0.81904906,38.31572528050791,38.31572528050791,0.0,0.0,0.0,0.0,0.0,0.0,0.0,0.0
1412,4014.7231,34.068466,0.77973753,38.30164234714698,38.30164234714698,0.0,0.0,0.0,0.0,0.0,0.0,0.0,0.0
1413,4015.6467,33.42724,0.7643328,38.287593820950846,38.287593820950846,0.0,0.0,0.0,0.0,0.0,0.0,0.0,0.0
1414,4016.5728,33.981647,0.78838617,38.27351657384297,38.27351657384297,0.0,0.0,0.0,0.0,0.0,0.0,0.0,0.0
1415,4017.4968,33.910408,0.783805,38.259477410287126,38.259477410287126,0.0,0.0,0.0,0.0,0.0,0.0,0.0,0.0
1416,4018.421,34.08533,0.7772922,38.24544662348479,38.24544662348479,0.0,0.0,0.0,0.0,0.0,0.0,0.0,0.0
1417,4019.348,33.465683,0.7722546,38.2313797630117,38.2313797630117,0.0,0.0,0.0,0.0,0.0,0.0,0.0,0.0
1418,4020.2725,33.034313,0.8040951,38.21735833263338,38.21735833263338,0.0,0.0,0.0,0.0,0.0,0.0,0.0,0.0
1419,4021.1992,33.41856,0.8059072,38.203311974257495,38.203311974257495,0.0,0.0,0.0,0.0,0.0,0.0,0.0,0.0
1420,4022.1243,33.753544,0.7728579,38.18929989246727,38.18929989246727,0.0,0.0,0.0,0.0,0.0,0.0,0.0,0.0
1421,4023.052,33.459385,0.76828814,38.17525552786692,38.17525552786692,0.0,0.0,0.0,0.0,0.0,0.0,0.0,0.0
1422,4023.9775,33.072117,0.7544606,38.16125279785994,38.16125279785994,0.0,0.0,0.0,0.0,0.0,0.0,0.0,0.0
1423,4024.903,32.762207,0.7662779,38.147258422634835,38.147258422634835,0.0,0.0,0.0,0.0,0.0,0.0,0.0,0.0
1424,4025.8313,33.88069,0.76630497,38.13323182544294,38.13323182544294,0.0,0.0,0.0,0.0,0.0,0.0,0.0,0.0
1425,4026.7576,35.023415,0.77849156,38.11924310537502,38.11924310537502,0.0,0.0,0.0,0.0,0.0,0.0,0.0,0.0
1426,4027.686,33.500908,0.7706868,38.10522957871316,38.10522957871316,0.0,0.0,0.0,0.0,0.0,0.0,0.0,0.0
1427,4028.6128,32.518288,0.75960153,38.091250202922076,38.091250202922076,0.0,0.0,0.0,0.0,0.0,0.0,0.0,0.0
1428,4029.5415,33.343723,0.76144683,38.077249734478094,38.077249734478094,0.0,0.0,0.0,0.0,0.0,0.0,0.0,0.0
1429,4030.4688,33.31407,0.80932873,38.063279699500804,38.063279699500804,0.0,0.0,0.0,0.0,0.0,0.0,0.0,0.0
1430,4031.3958,32.966797,0.79441476,38.04932167670814,38.04932167670814,0.0,0.0,0.0,0.0,0.0,0.0,0.0,0.0
1431,4032.3254,32.878857,0.7984502,38.035331579337644,38.035331579337644,0.0,0.0,0.0,0.0,0.0,0.0,0.0,0.0
1432,4033.2532,32.623608,0.75965214,38.02137921389556,38.02137921389556,0.0,0.0,0.0,0.0,0.0,0.0,0.0,0.0
1433,4034.183,33.23679,0.760658,38.007402158276264,38.007402158276264,0.0,0.0,0.0,0.0,0.0,0.0,0.0,0.0
1434,4035.1113,31.962269,0.7629109,37.99345912386443,37.99345912386443,0.0,0.0,0.0,0.0,0.0,0.0,0.0,0.0
1435,4036.0417,32.729374,0.75009096,37.979491433690775,37.979491433690775,0.0,0.0,0.0,0.0,0.0,0.0,0.0,0.0
1436,4036.97,33.190548,0.76408803,37.96556505263694,37.96556505263694,0.0,0.0,0.0,0.0,0.0,0.0,0.0,0.0
1437,4037.901,32.62048,0.75558734,37.95160672217727,37.95160672217727,0.0,0.0,0.0,0.0,0.0,0.0,0.0,0.0
1438,4038.83,33.731422,0.77179164,37.93768234152963,37.93768234152963,0.0,0.0,0.0,0.0,0.0,0.0,0.0,0.0
1439,4039.759,34.11987,0.77212554,37.92376992637512,37.92376992637512,0.0,0.0,0.0,0.0,0.0,0.0,0.0,0.0
1440,4040.6907,32.40158,0.7638757,37.90982562637964,37.90982562637964,0.0,0.0,0.0,0.0,0.0,0.0,0.0,0.0
1441,4041.6204,32.430347,0.7621393,37.89591887365353,37.89591887365353,0.0,0.0,0.0,0.0,0.0,0.0,0.0,0.0
1442,4042.5522,33.779175,0.77005714,37.88198758085531,37.88198758085531,0.0,0.0,0.0,0.0,0.0,0.0,0.0,0.0
1443,4043.4822,34.10103,0.81758726,37.868093791008974,37.868093791008974,0.0,0.0,0.0,0.0,0.0,0.0,0.0,0.0
1444,4044.4146,32.84619,0.8019985,37.85417184657936,37.85417184657936,0.0,0.0,0.0,0.0,0.0,0.0,0.0,0.0
1445,4045.3452,32.72277,0.79947275,37.84028372301643,37.84028372301643,0.0,0.0,0.0,0.0,0.0,0.0,0.0,0.0
1446,4046.2756,33.669277,0.82248163,37.826407527748664,37.826407527748664,0.0,0.0,0.0,0.0,0.0,0.0,0.0,0.0
1447,4047.2087,33.41457,0.8049489,37.812499593449175,37.812499593449175,0.0,0.0,0.0,0.0,0.0,0.0,0.0,0.0
1448,4048.14,32.75893,0.83256525,37.79862906242955,37.79862906242955,0.0,0.0,0.0,0.0,0.0,0.0,0.0,0.0
1449,4049.0737,32.696125,0.84113806,37.78472683950754,37.78472683950754,0.0,0.0,0.0,0.0,0.0,0.0,0.0,0.0
1450,4050.005,33.008705,0.82415694,37.77087287832453,37.77087287832453,0.0,0.0,0.0,0.0,0.0,0.0,0.0,0.0
1451,4050.9395,33.904976,0.803893,37.756976371854684,37.756976371854684,0.0,0.0,0.0,0.0,0.0,0.0,0.0,0.0
1452,4051.8713,34.513638,0.7849849,37.743128078663744,37.743128078663744,0.0,0.0,0.0,0.0,0.0,0.0,0.0,0.0
1453,4052.8032,34.226795,0.77469915,37.72928804750606,37.72928804750606,0.0,0.0,0.0,0.0,0.0,0.0,0.0,0.0
1454,4053.7378,33.30623,0.7788237,37.715416422451355,37.715416422451355,0.0,0.0,0.0,0.0,0.0,0.0,0.0,0.0
1455,4054.6704,32.95531,0.75172055,37.7015820572012,37.7015820572012,0.0,0.0,0.0,0.0,0.0,0.0,0.0,0.0
1456,4055.6052,33.768932,0.77209926,37.68772338159423,37.68772338159423,0.0,0.0,0.0,0.0,0.0,0.0,0.0,0.0
1457,4056.538,33.570423,0.7663845,37.673901921805204,37.673901921805204,0.0,0.0,0.0,0.0,0.0,0.0,0.0,0.0
1458,4057.4736,33.88262,0.77000207,37.660048953218805,37.660048953218805,0.0,0.0,0.0,0.0,0.0,0.0,0.0,0.0
1459,4058.407,34.467403,0.7759534,37.64623677698664,37.64623677698664,0.0,0.0,0.0,0.0,0.0,0.0,0.0,0.0
1460,4059.3406,34.710518,0.7773445,37.63242923121935,37.63242923121935,0.0,0.0,0.0,0.0,0.0,0.0,0.0,0.0
1461,4060.2769,34.07661,0.77140695,37.61859024030995,37.61859024030995,0.0,0.0,0.0,0.0,0.0,0.0,0.0,0.0
1462,4061.211,33.296387,0.7612002,37.604791975950135,37.604791975950135,0.0,0.0,0.0,0.0,0.0,0.0,0.0,0.0
1463,4062.1475,35.15676,0.7842148,37.59096591204328,37.59096591204328,0.0,0.0,0.0,0.0,0.0,0.0,0.0,0.0
1464,4063.082,35.86359,0.78643686,37.57717692548179,37.57717692548179,0.0,0.0,0.0,0.0,0.0,0.0,0.0,0.0
1465,4064.0188,35.30866,0.78992784,37.563363776299965,37.563363776299965,0.0,0.0,0.0,0.0,0.0,0.0,0.0,0.0
1466,4064.954,35.413254,0.7894781,37.549580467158506,37.549580467158506,0.0,0.0,0.0,0.0,0.0,0.0,0.0,0.0
1467,4065.8887,35.784275,0.7926979,37.535816168725646,37.535816168725646,0.0,0.0,0.0,0.0,0.0,0.0,0.0,0.0
1468,4066.8267,34.863728,0.7845156,37.522009782909166,37.522009782909166,0.0,0.0,0.0,0.0,0.0,0.0,0.0,0.0
1469,4067.7622,35.573006,0.79291207,37.50824756077351,37.50824756077351,0.0,0.0,0.0,0.0,0.0,0.0,0.0,0.0
1470,4068.7,36.29209,0.8024494,37.494461255781765,37.494461255781765,0.0,0.0,0.0,0.0,0.0,0.0,0.0,0.0
1471,4069.6362,36.953346,0.79991496,37.48070470951144,37.48070470951144,0.0,0.0,0.0,0.0,0.0,0.0,0.0,0.0
1472,4070.5745,36.015167,0.7941642,37.46692770211001,37.46692770211001,0.0,0.0,0.0,0.0,0.0,0.0,0.0,0.0
1473,4071.511,34.845425,0.78104854,37.45318400441355,37.45318400441355,0.0,0.0,0.0,0.0,0.0,0.0,0.0,0.0
1474,4072.4478,36.05859,0.79164934,37.439444927799954,37.439444927799954,0.0,0.0,0.0,0.0,0.0,0.0,0.0,0.0
1475,4073.3865,35.548355,0.7879456,37.425685429573235,37.425685429573235,0.0,0.0,0.0,0.0,0.0,0.0,0.0,0.0
1476,4074.3237,36.055447,0.7927927,37.4119556089584,37.4119556089584,0.0,0.0,0.0,0.0,0.0,0.0,0.0,0.0
1477,4075.2632,36.002796,0.79119086,37.39820182268594,37.39820182268594,0.0,0.0,0.0,0.0,0.0,0.0,0.0,0.0
1478,4076.201,35.969173,0.8891069,37.384481258673524,37.384481258673524,0.0,0.0,0.0,0.0,0.0,0.0,0.0,0.0
1479,4077.141,36.26466,0.84380984,37.37073319345832,37.37073319345832,0.0,0.0,0.0,0.0,0.0,0.0,0.0,0.0
1480,4078.0786,36.195923,0.79560727,37.35703258703455,37.35703258703455,0.0,0.0,0.0,0.0,0.0,0.0,0.0,0.0
1481,4079.0168,36.72606,0.7987519,37.3433294569184,37.3433294569184,0.0,0.0,0.0,0.0,0.0,0.0,0.0,0.0
1482,4079.9573,35.416214,0.79113024,37.32960244024007,37.32960244024007,0.0,0.0,0.0,0.0,0.0,0.0,0.0,0.0
1483,4080.896,36.842136,0.8003462,37.315908554334044,37.315908554334044,0.0,0.0,0.0,0.0,0.0,0.0,0.0,0.0
1484,4081.8374,38.33611,0.84007275,37.30218369856363,37.30218369856363,0.0,0.0,0.0,0.0,0.0,0.0,0.0,0.0
1485,4082.7761,37.84283,0.8120572,37.28850617187166,37.28850617187166,0.0,0.0,0.0,0.0,0.0,0.0,0.0,0.0
1486,4083.7178,37.9715,0.8138952,37.27479415450376,37.27479415450376,0.0,0.0,0.0,0.0,0.0,0.0,0.0,0.0
1487,4084.6572,39.41488,0.87703395,37.261122306335295,37.261122306335295,0.0,0.0,0.0,0.0,0.0,0.0,0.0,0.0
1488,4085.5967,37.782177,0.85399866,37.24745861517398,37.24745861517398,0.0,0.0,0.0,0.0,0.0,0.0,0.0,0.0
1489,4086.5386,38.68963,0.82236904,37.2337675975187,37.2337675975187,0.0,0.0,0.0,0.0,0.0,0.0,0.0,0.0
1490,4087.4795,39.32408,0.82687855,37.220098947973725,37.220098947973725,0.0,0.0,0.0,0.0,0.0,0.0,0.0,0.0
1491,4088.4219,38.36108,0.8222982,37.20641719998591,37.20641719998591,0.0,0.0,0.0,0.0,0.0,0.0,0.0,0.0
1492,4089.3628,39.197662,0.8740663,37.192764880727246,37.192764880727246,0.0,0.0,0.0,0.0,0.0,0.0,0.0,0.0
1493,4090.3057,39.50569,0.8771673,37.17909239650906,37.17909239650906,0.0,0.0,0.0,0.0,0.0,0.0,0.0,0.0
1494,4091.2466,38.97392,0.8288226,37.16545638474359,37.16545638474359,0.0,0.0,0.0,0.0,0.0,0.0,0.0,0.0
1495,4092.1875,39.798355,0.83642995,37.151828508166226,37.151828508166226,0.0,0.0,0.0,0.0,0.0,0.0,0.0,0.0
1496,4093.1316,40.397144,0.8493333,37.138162832773574,37.138162832773574,0.0,0.0,0.0,0.0,0.0,0.0,0.0,0.0
1497,4094.073,39.446342,0.8266184,37.12454417228258,37.12454417228258,0.0,0.0,0.0,0.0,0.0,0.0,0.0,0.0
1498,4095.017,38.514484,0.8249501,37.110894820106694,37.110894820106694,0.0,0.0,0.0,0.0,0.0,0.0,0.0,0.0
1499,4095.959,39.726894,0.8361612,37.09728536985111,37.09728536985111,0.0,0.0,0.0,0.0,0.0,0.0,0.0,0.0
1500,4096.904,40.838142,0.8442654,37.083641744818166,37.083641744818166,0.0,0.0,0.0,0.0,0.0,0.0,0.0,0.0
1501,4097.846,39.426037,0.82537025,37.0700415052561,37.0700415052561,0.0,0.0,0.0,0.0,0.0,0.0,0.0,0.0
1502,4098.7886,38.723614,0.8194596,37.05644937908482,37.05644937908482,0.0,0.0,0.0,0.0,0.0,0.0,0.0,0.0
1503,4099.7344,39.447727,0.82557386,37.04281610588239,37.04281610588239,0.0,0.0,0.0,0.0,0.0,0.0,0.0,0.0
1504,4100.6772,38.600185,0.819253,37.02923318371251,37.02923318371251,0.0,0.0,0.0,0.0,0.0,0.0,0.0,0.0
1505,4101.6226,38.197662,0.81759745,37.01562322399807,37.01562322399807,0.0,0.0,0.0,0.0,0.0,0.0,0.0,0.0
1506,4102.5664,38.407562,0.8116046,37.00204247212374,37.00204247212374,0.0,0.0,0.0,0.0,0.0,0.0,0.0,0.0
1507,4103.5127,38.141,0.8121482,36.98843472804883,36.98843472804883,0.0,0.0,0.0,0.0,0.0,0.0,0.0,0.0
1508,4104.4565,37.43089,0.80519885,36.974870200456934,36.974870200456934,0.0,0.0,0.0,0.0,0.0,0.0,0.0,0.0
1509,4105.4004,36.96428,0.8189915,36.96131376447711,36.96131376447711,0.0,0.0,0.0,0.0,0.0,0.0,0.0,0.0
1510,4106.3477,37.012672,0.8141101,36.947716365274175,36.947716365274175,0.0,0.0,0.0,0.0,0.0,0.0,0.0,0.0
1511,4107.292,36.923077,0.80094934,36.93416911901831,36.93416911901831,0.0,0.0,0.0,0.0,0.0,0.0,0.0,0.0
1512,4108.2393,38.03512,0.822151,36.92058796161201,36.92058796161201,0.0,0.0,0.0,0.0,0.0,0.0,0.0,0.0
1513,4109.184,37.181057,0.8071432,36.90704989919389,36.90704989919389,0.0,0.0,0.0,0.0,0.0,0.0,0.0,0.0
1514,4110.132,36.365257,0.8056815,36.89347797075734,36.89347797075734,0.0,0.0,0.0,0.0,0.0,0.0,0.0,0.0
1515,4111.0776,36.99118,0.8036085,36.87994210448951,36.87994210448951,0.0,0.0,0.0,0.0,0.0,0.0,0.0,0.0
1516,4112.0254,37.139366,0.804107,36.86638638922056,36.86638638922056,0.0,0.0,0.0,0.0,0.0,0.0,0.0,0.0
1517,4112.971,36.522354,0.79957587,36.85286668931879,36.85286668931879,0.0,0.0,0.0,0.0,0.0,0.0,0.0,0.0
1518,4113.9175,36.733883,0.79717517,36.83934808078101,36.83934808078101,0.0,0.0,0.0,0.0,0.0,0.0,0.0,0.0
1519,4114.866,36.90768,0.8043433,36.82580269223555,36.82580269223555,0.0,0.0,0.0,0.0,0.0,0.0,0.0,0.0
1520,4115.8125,36.46671,0.7963216,36.81230023078708,36.81230023078708,0.0,0.0,0.0,0.0,0.0,0.0,0.0,0.0
1521,4116.762,36.237377,0.7971572,36.79875709565591,36.79875709565591,0.0,0.0,0.0,0.0,0.0,0.0,0.0,0.0
1522,4117.709,36.74671,0.8000198,36.78526380607409,36.78526380607409,0.0,0.0,0.0,0.0,0.0,0.0,0.0,0.0
1523,4118.6587,35.488136,0.7917018,36.77173684864956,36.77173684864956,0.0,0.0,0.0,0.0,0.0,0.0,0.0,0.0
1524,4119.6064,35.795185,0.7928036,36.758245776511856,36.758245776511856,0.0,0.0,0.0,0.0,0.0,0.0,0.0,0.0
1525,4120.554,37.5274,0.8061847,36.74476275575559,36.74476275575559,0.0,0.0,0.0,0.0,0.0,0.0,0.0,0.0
1526,4121.5044,37.568367,0.8113365,36.731253078680865,36.731253078680865,0.0,0.0,0.0,0.0,0.0,0.0,0.0,0.0
1527,4122.4526,35.73678,0.78657264,36.71777922536319,36.71777922536319,0.0,0.0,0.0,0.0,0.0,0.0,0.0,0.0
1528,4123.4033,35.057457,0.7840854,36.704278752147204,36.704278752147204,0.0,0.0,0.0,0.0,0.0,0.0,0.0,0.0
1529,4124.3516,35.211937,0.7921066,36.69082099224696,36.69082099224696,0.0,0.0,0.0,0.0,0.0,0.0,0.0,0.0
1530,4125.3022,35.90012,0.79937243,36.677336640533326,36.677336640533326,0.0,0.0,0.0,0.0,0.0,0.0,0.0,0.0
1531,4126.252,35.132935,0.78774875,36.66387418891685,36.66387418891685,0.0,0.0,0.0,0.0,0.0,0.0,0.0,0.0
1532,4127.201,34.17943,0.77041894,36.650426690563236,36.650426690563236,0.0,0.0,0.0,0.0,0.0,0.0,0.0,0.0
1533,4128.153,34.715298,0.7797907,36.63695265898696,36.63695265898696,0.0,0.0,0.0,0.0,0.0,0.0,0.0,0.0
1534,4129.1025,35.64918,0.7903347,36.623514313480314,36.623514313480314,0.0,0.0,0.0,0.0,0.0,0.0,0.0,0.0
1535,4130.0547,33.851715,0.7830623,36.61004947099703,36.61004947099703,0.0,0.0,0.0,0.0,0.0,0.0,0.0,0.0
1536,4131.005,35.8308,0.78394926,36.59662027650738,36.59662027650738,0.0,0.0,0.0,0.0,0.0,0.0,0.0,0.0
1537,4131.9575,33.941563,0.89984804,36.58316462123817,36.58316462123817,0.0,0.0,0.0,0.0,0.0,0.0,0.0,0.0
1538,4132.908,29.626358,1.4397639,36.56974457592255,36.56974457592255,0.0,0.0,0.0,0.0,0.0,0.0,0.0,0.0
1539,4133.859,30.924868,1.8012385,36.55633253850107,36.55633253850107,0.0,0.0,0.0,0.0,0.0,0.0,0.0,0.0
1540,4134.812,39.188354,3.5947568,36.54289409036909,36.54289409036909,0.0,0.0,0.0,0.0,0.0,0.0,0.0,0.0
1541,4135.763,37.740807,2.1758783,36.52949119112347,36.52949119112347,0.0,0.0,0.0,0.0,0.0,0.0,0.0,0.0
1542,4136.717,33.329006,1.5205396,36.516061917240016,36.516061917240016,0.0,0.0,0.0,0.0,0.0,0.0,0.0,0.0
1543,4137.6685,32.38154,0.8887914,36.50266815430914,36.50266815430914,0.0,0.0,0.0,0.0,0.0,0.0,0.0,0.0
1544,4138.6226,33.536617,0.7623648,36.489248052764395,36.489248052764395,0.0,0.0,0.0,0.0,0.0,0.0,0.0,0.0
1545,4139.5747,34.00875,0.77030504,36.47586342427428,36.47586342427428,0.0,0.0,0.0,0.0,0.0,0.0,0.0,0.0
1546,4140.527,33.778652,0.76299375,36.46248678196916,36.46248678196916,0.0,0.0,0.0,0.0,0.0,0.0,0.0,0.0
1547,4141.4814,33.994415,0.76942897,36.449083850877514,36.449083850877514,0.0,0.0,0.0,0.0,0.0,0.0,0.0,0.0
1548,4142.4346,33.033783,0.756462,36.43570948242465,36.43570948242465,0.0,0.0,0.0,0.0,0.0,0.0,0.0,0.0
1549,4143.3896,33.198284,0.77179754,36.42231571476046,36.42231571476046,0.0,0.0,0.0,0.0,0.0,0.0,0.0,0.0
1550,4144.3433,33.82489,0.771709,36.408950480114015,36.408950480114015,0.0,0.0,0.0,0.0,0.0,0.0,0.0,0.0
1551,4145.2983,33.816162,0.7709213,36.39557271123219,36.39557271123219,0.0,0.0,0.0,0.0,0.0,0.0,0.0,0.0
1552,4146.252,33.36112,0.75860286,36.3822234376119,36.3822234376119,0.0,0.0,0.0,0.0,0.0,0.0,0.0,0.0
1553,4147.206,32.56354,0.74585265,36.36887529934017,36.36887529934017,0.0,0.0,0.0,0.0,0.0,0.0,0.0,0.0
1554,4148.1626,34.193535,0.7698585,36.355501001796405,36.355501001796405,0.0,0.0,0.0,0.0,0.0,0.0,0.0,0.0
1555,4149.1167,33.769943,0.76197016,36.342168809426,36.342168809426,0.0,0.0,0.0,0.0,0.0,0.0,0.0,0.0
1556,4150.073,32.543114,0.759572,36.32881048535694,36.32881048535694,0.0,0.0,0.0,0.0,0.0,0.0,0.0,0.0
1557,4151.0283,32.62801,0.7551703,36.31548058682098,36.31548058682098,0.0,0.0,0.0,0.0,0.0,0.0,0.0,0.0
1558,4151.9854,32.92274,0.7605686,36.30213140918375,36.30213140918375,0.0,0.0,0.0,0.0,0.0,0.0,0.0,0.0
1559,4152.9404,32.210564,0.7487682,36.288817432296334,36.288817432296334,0.0,0.0,0.0,0.0,0.0,0.0,0.0,0.0
1560,4153.8955,34.126648,0.7701141,36.27551139823631,36.27551139823631,0.0,0.0,0.0,0.0,0.0,0.0,0.0,0.0
1561,4154.854,32.565548,0.7666657,36.26216572435484,36.26216572435484,0.0,0.0,0.0,0.0,0.0,0.0,0.0,0.0
1562,4155.8096,32.02502,0.7602302,36.248868792110656,36.248868792110656,0.0,0.0,0.0,0.0,0.0,0.0,0.0,0.0
1563,4156.7676,33.76144,0.7697194,36.235545848773214,36.235545848773214,0.0,0.0,0.0,0.0,0.0,0.0,0.0,0.0
1564,4157.7236,32.647144,0.7611157,36.22225800827437,36.22225800827437,0.0,0.0,0.0,0.0,0.0,0.0,0.0,0.0
1565,4158.6826,33.705765,0.76278776,36.20893741183845,36.20893741183845,0.0,0.0,0.0,0.0,0.0,0.0,0.0,0.0
1566,4159.6396,33.578487,0.7647083,36.19565188885953,36.19565188885953,0.0,0.0,0.0,0.0,0.0,0.0,0.0,0.0
1567,4160.5967,32.79597,0.7605832,36.182374295149366,36.182374295149366,0.0,0.0,0.0,0.0,0.0,0.0,0.0,0.0
1568,4161.556,32.311733,0.7469295,36.16907078307739,36.16907078307739,0.0,0.0,0.0,0.0,0.0,0.0,0.0,0.0
1569,4162.5137,33.089478,0.757699,36.15580228426156,36.15580228426156,0.0,0.0,0.0,0.0,0.0,0.0,0.0,0.0
1570,4163.473,34.82637,0.7953257,36.14251466260106,36.14251466260106,0.0,0.0,0.0,0.0,0.0,0.0,0.0,0.0
1571,4164.4307,34.03353,0.79282784,36.12926200872821,36.12926200872821,0.0,0.0,0.0,0.0,0.0,0.0,0.0,0.0
1572,4165.391,34.746857,0.7783213,36.1159767470872,36.1159767470872,0.0,0.0,0.0,0.0,0.0,0.0,0.0,0.0
1573,4166.3496,34.33495,0.76463634,36.10272642395836,36.10272642395836,0.0,0.0,0.0,0.0,0.0,0.0,0.0,0.0
1574,4167.308,32.97516,0.7624566,36.089484008438575,36.089484008438575,0.0,0.0,0.0,0.0,0.0,0.0,0.0,0.0
1575,4168.2686,32.873863,0.7585563,36.0762225341178,36.0762225341178,0.0,0.0,0.0,0.0,0.0,0.0,0.0,0.0
1576,4169.228,34.404034,0.77990097,36.0629824584096,36.0629824584096,0.0,0.0,0.0,0.0,0.0,0.0,0.0,0.0
1577,4170.1895,33.812817,0.7768263,36.04972335912235,36.04972335912235,0.0,0.0,0.0,0.0,0.0,0.0,0.0,0.0
1578,4171.149,33.805813,0.7679648,36.036499101113364,36.036499101113364,0.0,0.0,0.0,0.0,0.0,0.0,0.0,0.0
1579,4172.1104,33.480595,0.7628863,36.023255838606836,36.023255838606836,0.0,0.0,0.0,0.0,0.0,0.0,0.0,0.0
1580,4173.0703,32.2777,0.7499407,36.01004065226969,36.01004065226969,0.0,0.0,0.0,0.0,0.0,0.0,0.0,0.0
1581,4174.0303,31.822193,0.74281394,35.996833351904804,35.996833351904804,0.0,0.0,0.0,0.0,0.0,0.0,0.0,0.0
1582,4174.9927,33.45626,0.76207924,35.98360037180473,35.98360037180473,0.0,0.0,0.0,0.0,0.0,0.0,0.0,0.0
1583,4175.9536,33.226757,0.7581312,35.97039542819629,35.97039542819629,0.0,0.0,0.0,0.0,0.0,0.0,0.0,0.0
1584,4176.916,32.450813,0.75145084,35.95717825555955,35.95717825555955,0.0,0.0,0.0,0.0,0.0,0.0,0.0,0.0
1585,4177.877,32.487186,0.7571409,35.94398908229348,35.94398908229348,0.0,0.0,0.0,0.0,0.0,0.0,0.0,0.0
1586,4178.8403,32.071037,0.7397723,35.930774299350986,35.930774299350986,0.0,0.0,0.0,0.0,0.0,0.0,0.0,0.0
1587,4179.802,31.604692,0.74916106,35.91759418652043,35.91759418652043,0.0,0.0,0.0,0.0,0.0,0.0,0.0,0.0
1588,4180.7637,32.581505,0.7875138,35.904415250229135,35.904415250229135,0.0,0.0,0.0,0.0,0.0,0.0,0.0,0.0
1589,4181.7275,31.4461,0.7826583,35.89121744448458,35.89121744448458,0.0,0.0,0.0,0.0,0.0,0.0,0.0,0.0
1590,4182.6895,32.131573,0.75431466,35.8780542493214,35.8780542493214,0.0,0.0,0.0,0.0,0.0,0.0,0.0,0.0
1591,4183.6543,32.829376,0.75638473,35.864858851942465,35.864858851942465,0.0,0.0,0.0,0.0,0.0,0.0,0.0,0.0
1592,4184.6167,32.18378,0.7517986,35.85170470798243,35.85170470798243,0.0,0.0,0.0,0.0,0.0,0.0,0.0,0.0
1593,4185.5815,31.227154,0.7458905,35.83852507248683,35.83852507248683,0.0,0.0,0.0,0.0,0.0,0.0,0.0,0.0
1594,4186.544,31.586676,0.7449242,35.8253866375173,35.8253866375173,0.0,0.0,0.0,0.0,0.0,0.0,0.0,0.0
1595,4187.51,31.675598,0.7458605,35.812209418035636,35.812209418035636,0.0,0.0,0.0,0.0,0.0,0.0,0.0,0.0
1596,4188.473,31.437916,0.7447528,35.799073362169175,35.799073362169175,0.0,0.0,0.0,0.0,0.0,0.0,0.0,0.0
1597,4189.4365,31.528004,0.74956644,35.78594514403629,35.78594514403629,0.0,0.0,0.0,0.0,0.0,0.0,0.0,0.0
1598,4190.403,31.567087,0.74506265,35.77278486928904,35.77278486928904,0.0,0.0,0.0,0.0,0.0,0.0,0.0,0.0
1599,4191.3667,31.668133,0.7434184,35.75966568697727,35.75966568697727,0.0,0.0,0.0,0.0,0.0,0.0,0.0,0.0
1600,4192.3335,32.227764,0.79124695,35.74651449066988,35.74651449066988,0.0,0.0,0.0,0.0,0.0,0.0,0.0,0.0
1601,4193.2983,31.444748,0.779911,35.73339770596537,35.73339770596537,0.0,0.0,0.0,0.0,0.0,0.0,0.0,0.0
1602,4194.265,30.25334,0.7378293,35.72026222196453,35.72026222196453,0.0,0.0,0.0,0.0,0.0,0.0,0.0,0.0
1603,4195.23,31.064074,0.73188555,35.70716110484664,35.70716110484664,0.0,0.0,0.0,0.0,0.0,0.0,0.0,0.0
1604,4196.1953,31.877153,0.7457305,35.69406117970606,35.69406117970606,0.0,0.0,0.0,0.0,0.0,0.0,0.0,0.0
1605,4197.1626,31.237953,0.746344,35.68094259125761,35.68094259125761,0.0,0.0,0.0,0.0,0.0,0.0,0.0,0.0
1606,4198.1284,30.813555,0.7394213,35.667851694395324,35.667851694395324,0.0,0.0,0.0,0.0,0.0,0.0,0.0,0.0
1607,4199.096,31.487688,0.7490249,35.654742160819545,35.654742160819545,0.0,0.0,0.0,0.0,0.0,0.0,0.0,0.0
1608,4200.0625,31.107325,0.7408944,35.6416602900533,35.6416602900533,0.0,0.0,0.0,0.0,0.0,0.0,0.0,0.0
1609,4201.0312,29.957943,0.73361045,35.62855320471192,35.62855320471192,0.0,0.0,0.0,0.0,0.0,0.0,0.0,0.0
1610,4201.9976,30.041243,0.7373254,35.615486962266075,35.615486962266075,0.0,0.0,0.0,0.0,0.0,0.0,0.0,0.0
1611,4202.964,30.983105,0.7502007,35.60242851443928,35.60242851443928,0.0,0.0,0.0,0.0,0.0,0.0,0.0,0.0
1612,4203.933,30.71985,0.7519897,35.58933829918968,35.58933829918968,0.0,0.0,0.0,0.0,0.0,0.0,0.0,0.0
1613,4204.9004,31.378738,0.7534714,35.57628226754645,35.57628226754645,0.0,0.0,0.0,0.0,0.0,0.0,0.0,0.0
1614,4205.87,30.407677,0.75194234,35.56320110330131,35.56320110330131,0.0,0.0,0.0,0.0,0.0,0.0,0.0,0.0
1615,4206.8374,30.568674,0.74285936,35.55016066689076,35.55016066689076,0.0,0.0,0.0,0.0,0.0,0.0,0.0,0.0
1616,4207.807,30.926924,0.74639237,35.53709512430327,35.53709512430327,0.0,0.0,0.0,0.0,0.0,0.0,0.0,0.0
1617,4208.776,30.675491,0.74904364,35.52405053853546,35.52405053853546,0.0,0.0,0.0,0.0,0.0,0.0,0.0,0.0
1618,4209.7437,30.865335,0.7490262,35.511026879574565,35.511026879574565,0.0,0.0,0.0,0.0,0.0,0.0,0.0,0.0
1619,4210.7144,30.114222,0.7421517,35.497971596777965,35.497971596777965,0.0,0.0,0.0,0.0,0.0,0.0,0.0,0.0
1620,4211.683,30.5526,0.7542798,35.48495036591069,35.48495036591069,0.0,0.0,0.0,0.0,0.0,0.0,0.0,0.0
1621,4212.6543,30.712643,0.7597458,35.47190411831521,35.47190411831521,0.0,0.0,0.0,0.0,0.0,0.0,0.0,0.0
1622,4213.6235,30.983772,0.7755468,35.458891886225686,35.458891886225686,0.0,0.0,0.0,0.0,0.0,0.0,0.0,0.0
1623,4214.595,31.287191,0.7842822,35.44585467153943,35.44585467153943,0.0,0.0,0.0,0.0,0.0,0.0,0.0,0.0
1624,4215.565,30.718704,0.7754399,35.43285143597068,35.43285143597068,0.0,0.0,0.0,0.0,0.0,0.0,0.0,0.0
1625,4216.5347,31.405645,0.78992873,35.41985595981791,35.41985595981791,0.0,0.0,0.0,0.0,0.0,0.0,0.0,0.0
1626,4217.507,31.933537,0.82921016,35.406835548251415,35.406835548251415,0.0,0.0,0.0,0.0,0.0,0.0,0.0,0.0
1627,4218.477,31.244902,0.87323296,35.393849057414265,35.393849057414265,0.0,0.0,0.0,0.0,0.0,0.0,0.0,0.0
1628,4219.45,31.500677,0.82833964,35.38083113530813,35.38083113530813,0.0,0.0,0.0,0.0,0.0,0.0,0.0,0.0
1629,4220.421,32.736847,0.7917875,35.36785363141104,35.36785363141104,0.0,0.0,0.0,0.0,0.0,0.0,0.0,0.0
1630,4221.394,32.413277,0.77720845,35.35485126008795,35.35485126008795,0.0,0.0,0.0,0.0,0.0,0.0,0.0,0.0
1631,4222.3647,32.463535,0.7750237,35.341889255124094,35.341889255124094,0.0,0.0,0.0,0.0,0.0,0.0,0.0,0.0
1632,4223.337,32.24381,0.7707047,35.32891543742824,35.32891543742824,0.0,0.0,0.0,0.0,0.0,0.0,0.0,0.0
1633,4224.3105,31.170185,0.75746435,35.31592983562019,35.31592983562019,0.0,0.0,0.0,0.0,0.0,0.0,0.0,0.0
1634,4225.282,31.378489,0.7616327,35.3029780238174,35.3029780238174,0.0,0.0,0.0,0.0,0.0,0.0,0.0,0.0
1635,4226.257,32.057964,0.76325965,35.28999492278503,35.28999492278503,0.0,0.0,0.0,0.0,0.0,0.0,0.0,0.0
1636,4227.229,30.73565,0.75810033,35.2770520821038,35.2770520821038,0.0,0.0,0.0,0.0,0.0,0.0,0.0,0.0
1637,4228.2036,32.834515,0.77309954,35.2640844886182,35.2640844886182,0.0,0.0,0.0,0.0,0.0,0.0,0.0,0.0
1638,4229.177,33.064747,0.7707702,35.251144121893645,35.251144121893645,0.0,0.0,0.0,0.0,0.0,0.0,0.0,0.0
1639,4230.15,32.11061,0.77247125,35.238211479344926,35.238211479344926,0.0,0.0,0.0,0.0,0.0,0.0,0.0,0.0
1640,4231.125,32.35686,0.7602808,35.22526062170048,35.22526062170048,0.0,0.0,0.0,0.0,0.0,0.0,0.0,0.0
1641,4232.098,33.34087,0.77897906,35.2123434238229,35.2123434238229,0.0,0.0,0.0,0.0,0.0,0.0,0.0,0.0
1642,4233.074,32.832153,0.76861453,35.19939507809304,35.19939507809304,0.0,0.0,0.0,0.0,0.0,0.0,0.0,0.0
1643,4234.048,33.011932,0.7717301,35.186486835456485,35.186486835456485,0.0,0.0,0.0,0.0,0.0,0.0,0.0,0.0
1644,4235.0244,32.425278,0.76987463,35.17354748635056,35.17354748635056,0.0,0.0,0.0,0.0,0.0,0.0,0.0,0.0
1645,4235.9985,33.0056,0.7744826,35.16064819661086,35.16064819661086,0.0,0.0,0.0,0.0,0.0,0.0,0.0,0.0
1646,4236.9727,32.38658,0.76548266,35.147756601843824,35.147756601843824,0.0,0.0,0.0,0.0,0.0,0.0,0.0,0.0
1647,4237.95,31.175222,0.75745094,35.134827502531905,35.134827502531905,0.0,0.0,0.0,0.0,0.0,0.0,0.0,0.0
1648,4238.925,32.626194,0.76439995,35.12194485327842,35.12194485327842,0.0,0.0,0.0,0.0,0.0,0.0,0.0,0.0
1649,4239.9023,30.86734,0.7549965,35.10903119689076,35.10903119689076,0.0,0.0,0.0,0.0,0.0,0.0,0.0,0.0
1650,4240.878,32.77895,0.76324356,35.09615104233606,35.09615104233606,0.0,0.0,0.0,0.0,0.0,0.0,0.0,0.0
1651,4241.856,32.686863,0.76973325,35.08324637029083,35.08324637029083,0.0,0.0,0.0,0.0,0.0,0.0,0.0,0.0
1652,4242.8315,31.857012,0.76012176,35.07038160110901,35.07038160110901,0.0,0.0,0.0,0.0,0.0,0.0,0.0,0.0
1653,4243.8076,32.4678,0.7662137,35.057518072406914,35.057518072406914,0.0,0.0,0.0,0.0,0.0,0.0,0.0,0.0
1654,4244.7866,32.344475,0.76254,35.04462364327258,35.04462364327258,0.0,0.0,0.0,0.0,0.0,0.0,0.0,0.0
1655,4245.763,30.973566,0.75148207,35.0317690556117,35.0317690556117,0.0,0.0,0.0,0.0,0.0,0.0,0.0,0.0
1656,4246.742,32.09359,0.7643164,35.018890030106355,35.018890030106355,0.0,0.0,0.0,0.0,0.0,0.0,0.0,0.0
1657,4247.7188,30.963972,0.74610424,35.006050794946084,35.006050794946084,0.0,0.0,0.0,0.0,0.0,0.0,0.0,0.0
1658,4248.6987,30.905548,0.7517051,34.99317431986041,34.99317431986041,0.0,0.0,0.0,0.0,0.0,0.0,0.0,0.0
1659,4249.676,32.733055,0.76586324,34.98034400942049,34.98034400942049,0.0,0.0,0.0,0.0,0.0,0.0,0.0,0.0
1660,4250.6533,31.62235,0.80003226,34.967514944903265,34.967514944903265,0.0,0.0,0.0,0.0,0.0,0.0,0.0,0.0
1661,4251.634,31.4191,0.7532675,34.954655119530784,34.954655119530784,0.0,0.0,0.0,0.0,0.0,0.0,0.0,0.0
1662,4252.612,31.975609,0.7630794,34.94183497994909,34.94183497994909,0.0,0.0,0.0,0.0,0.0,0.0,0.0,0.0
1663,4253.5923,32.296173,0.7671922,34.9289905151063,34.9289905151063,0.0,0.0,0.0,0.0,0.0,0.0,0.0,0.0
1664,4254.571,32.14686,0.75922513,34.916179294209435,34.916179294209435,0.0,0.0,0.0,0.0,0.0,0.0,0.0,0.0
1665,4255.552,31.748705,0.7588435,34.90334378121373,34.90334378121373,0.0,0.0,0.0,0.0,0.0,0.0,0.0,0.0
1666,4256.5312,31.402248,0.7560384,34.890535093281635,34.890535093281635,0.0,0.0,0.0,0.0,0.0,0.0,0.0,0.0
1667,4257.5103,31.474182,0.75803095,34.87774043081472,34.87774043081472,0.0,0.0,0.0,0.0,0.0,0.0,0.0,0.0
1668,4258.492,32.136612,0.76817644,34.86491514642621,34.86491514642621,0.0,0.0,0.0,0.0,0.0,0.0,0.0,0.0
1669,4259.4717,32.39516,0.7638457,34.85212939272691,34.85212939272691,0.0,0.0,0.0,0.0,0.0,0.0,0.0,0.0
1670,4260.454,32.451237,0.767841,34.839313057775506,34.839313057775506,0.0,0.0,0.0,0.0,0.0,0.0,0.0,0.0
1671,4261.434,32.27432,0.7657711,34.82653621038435,34.82653621038435,0.0,0.0,0.0,0.0,0.0,0.0,0.0,0.0
1672,4262.417,31.634232,0.75795317,34.81372882235673,34.81372882235673,0.0,0.0,0.0,0.0,0.0,0.0,0.0,0.0
1673,4263.397,32.38453,0.7668176,34.80096723544496,34.80096723544496,0.0,0.0,0.0,0.0,0.0,0.0,0.0,0.0
1674,4264.38,32.498386,0.766144,34.788175140854314,34.788175140854314,0.0,0.0,0.0,0.0,0.0,0.0,0.0,0.0
1675,4265.362,31.866188,0.76760036,34.77540339297984,34.77540339297984,0.0,0.0,0.0,0.0,0.0,0.0,0.0,0.0
1676,4266.343,31.878681,0.7602603,34.76265196274055,34.76265196274055,0.0,0.0,0.0,0.0,0.0,0.0,0.0,0.0
1677,4267.326,32.47918,0.7698036,34.749876430815185,34.749876430815185,0.0,0.0,0.0,0.0,0.0,0.0,0.0,0.0
1678,4268.3076,32.28332,0.7687105,34.7371338868479,34.7371338868479,0.0,0.0,0.0,0.0,0.0,0.0,0.0,0.0
1679,4269.2925,32.487926,0.77139455,34.724354606254614,34.724354606254614,0.0,0.0,0.0,0.0,0.0,0.0,0.0,0.0
1680,4270.2744,31.874136,0.77186364,34.71162095363116,34.71162095363116,0.0,0.0,0.0,0.0,0.0,0.0,0.0,0.0
1681,4271.2593,32.347755,0.7668139,34.69885693865109,34.69885693865109,0.0,0.0,0.0,0.0,0.0,0.0,0.0,0.0
1682,4272.242,32.204857,0.7702403,34.686125848534445,34.686125848534445,0.0,0.0,0.0,0.0,0.0,0.0,0.0,0.0
1683,4273.225,31.288748,0.7552141,34.67340235656368,34.67340235656368,0.0,0.0,0.0,0.0,0.0,0.0,0.0,0.0
1684,4274.2104,32.190178,0.7711843,34.660654881453375,34.660654881453375,0.0,0.0,0.0,0.0,0.0,0.0,0.0,0.0
1685,4275.194,32.62677,0.77682453,34.647940274543615,34.647940274543615,0.0,0.0,0.0,0.0,0.0,0.0,0.0,0.0
1686,4276.1797,31.918198,0.78113604,34.63520171718334,34.63520171718334,0.0,0.0,0.0,0.0,0.0,0.0,0.0,0.0
1687,4277.1636,30.779016,0.7854063,34.62249599279932,34.62249599279932,0.0,0.0,0.0,0.0,0.0,0.0,0.0,0.0
1688,4278.1494,32.06514,0.7856275,34.60977265052826,34.60977265052826,0.0,0.0,0.0,0.0,0.0,0.0,0.0,0.0
1689,4279.134,34.30448,0.79909796,34.59707580236439,34.59707580236439,0.0,0.0,0.0,0.0,0.0,0.0,0.0,0.0
1690,4280.118,33.00209,0.78103554,34.58438653098143,34.58438653098143,0.0,0.0,0.0,0.0,0.0,0.0,0.0,0.0
1691,4281.1055,32.88012,0.7835939,34.57166709825259,34.57166709825259,0.0,0.0,0.0,0.0,0.0,0.0,0.0,0.0
1692,4282.09,32.89698,0.7750129,34.55899298415418,34.55899298415418,0.0,0.0,0.0,0.0,0.0,0.0,0.0,0.0
1693,4283.0776,33.82611,0.7969935,34.54628246011293,34.54628246011293,0.0,0.0,0.0,0.0,0.0,0.0,0.0,0.0
1694,4284.063,34.52222,0.7928669,34.533610927209764,34.533610927209764,0.0,0.0,0.0,0.0,0.0,0.0,0.0,0.0
1695,4285.051,33.958412,0.7895635,34.52091558662478,34.52091558662478,0.0,0.0,0.0,0.0,0.0,0.0,0.0,0.0
1696,4286.0366,33.19492,0.78335434,34.50825291723496,34.50825291723496,0.0,0.0,0.0,0.0,0.0,0.0,0.0,0.0
1697,4287.0225,33.871483,0.78549004,34.495597803286984,34.495597803286984,0.0,0.0,0.0,0.0,0.0,0.0,0.0,0.0
1698,4288.011,32.425537,0.7736972,34.48291266415045,34.48291266415045,0.0,0.0,0.0,0.0,0.0,0.0,0.0,0.0
1699,4288.9976,33.795555,0.7900613,34.470266406110554,34.470266406110554,0.0,0.0,0.0,0.0,1.5e-44,0.0,0.0,0.0
1700,4289.987,34.15691,0.7916203,34.457590162743365,34.457590162743365,0.0,0.0,0.0,0.0,1.5e-44,0.0,0.0,0.0
1701,4290.9736,32.153214,0.77943224,34.444952758021365,34.444952758021365,0.0,0.0,0.0,0.0,1.5e-44,0.0,0.0,0.0
1702,4291.9634,33.239353,0.79599994,34.432285407780455,34.432285407780455,0.0,0.0,0.0,0.0,3.1e-44,0.0,0.0,0.0
1703,4292.9507,34.76838,0.81959915,34.41965685377597,34.41965685377597,0.0,0.0,0.0,0.0,3.1e-44,0.0,0.0,0.0
1704,4293.938,34.415398,0.8134876,34.407035833900466,34.407035833900466,0.0,0.0,0.0,0.0,6.2e-44,0.0,0.0,0.0
1705,4294.928,34.170784,0.8042382,34.39438492436474,34.39438492436474,0.0,0.0,0.0,0.0,7.8e-44,0.0,0.0,0.0
1706,4295.9165,34.98946,0.8068683,34.38176651131756,34.38176651131756,0.0,0.0,0.0,0.0,1.1e-43,0.0,0.0,0.0
1707,4296.9067,36.102,0.8201841,34.36913071335091,34.36913071335091,0.0,0.0,0.0,0.0,1.56e-43,0.0,0.0,0.0
1708,4297.895,36.14645,0.81307304,34.356527369587134,34.356527369587134,0.0,0.0,0.0,0.0,2.34e-43,0.0,0.0,0.0
1709,4298.886,35.179195,0.8084918,34.34389421545623,34.34389421545623,0.0,0.0,0.0,0.0,3.27e-43,0.0,0.0,0.0
1710,4299.8755,35.56841,0.80297333,34.33129348816453,34.33129348816453,0.0,0.0,0.0,0.0,4.67e-43,0.0,0.0,0.0
1711,4300.8647,35.553753,0.8099573,34.31870028114052,34.31870028114052,0.0,0.0,0.0,0.0,6.54e-43,0.0,0.0,0.0
1712,4301.856,35.581795,0.80355996,34.30608974723867,34.30608974723867,0.0,0.0,0.0,0.0,9.33e-43,0.0,0.0,0.0
1713,4302.846,36.067036,0.80350244,34.29349916387906,34.29349916387906,0.0,0.0,0.0,0.0,1.338e-42,0.0,0.0,0.0
1714,4303.8384,36.124233,0.81168795,34.28089128570802,34.28089128570802,0.0,0.0,0.0,0.0,1.899e-42,0.0,0.0,0.0
1715,4304.8286,36.474957,0.81150514,34.2683157438159,34.2683157438159,0.0,0.0,0.0,0.0,2.693e-42,0.0,0.0,0.0
1716,4305.821,35.24332,0.7996894,34.2557229243073,34.2557229243073,0.0,0.0,0.0,0.0,3.813e-42,0.0,0.0,0.0
1717,4306.8115,35.496395,0.8131978,34.2431562072952,34.2431562072952,0.0,0.0,0.0,0.0,5.4e-42,0.0,0.0,0.0
1718,4307.8027,36.596928,0.8127627,34.23059080125423,34.23059080125423,0.0,0.0,0.0,0.0,7.658e-42,0.0,0.0,0.0
1719,4308.7954,36.945484,0.81820285,34.21801434244462,34.21801434244462,0.0,0.0,0.0,0.0,1.0849e-41,0.0,0.0,0.0
1720,4309.7866,36.897213,0.8224184,34.20546394160497,34.20546394160497,0.0,0.0,0.0,0.0,1.5362e-41,0.0,0.0,0.0
1721,4310.781,37.126442,0.82361674,34.192883966970115,34.192883966970115,0.0,0.0,0.0,0.0,2.1729e-41,0.0,0.0,0.0
1722,4311.7725,36.886444,0.8127264,34.18034238433506,34.18034238433506,0.0,0.0,0.0,0.0,3.0725e-41,0.0,0.0,0.0
1723,4312.7666,36.72377,0.82250184,34.1677774367005,34.1677774367005,0.0,0.0,0.0,0.0,4.3442e-41,0.0,0.0,0.0
1724,4313.759,37.391197,0.8213135,34.155244665895815,34.155244665895815,0.0,0.0,0.0,0.0,6.134e-41,0.0,0.0,0.0
1725,4314.751,37.919098,0.8332082,34.1427193728095,34.1427193728095,0.0,0.0,0.0,0.0,8.6555e-41,0.0,0.0,0.0
1726,4315.746,37.196396,0.81261504,34.13016460024776,34.13016460024776,0.0,0.0,0.0,0.0,1.22183e-40,0.0,0.0,0.0
1727,4316.739,38.750427,0.88081104,34.117648111276566,34.117648111276566,0.0,0.0,0.0,0.0,1.72224e-40,0.0,0.0,0.0
1728,4317.7344,38.851086,0.88555455,34.10510218194959,34.10510218194959,0.0,0.0,0.0,0.0,2.42841e-40,0.0,0.0,0.0
1729,4318.7275,39.31693,0.8883209,34.09259449438907,34.09259449438907,0.0,0.0,0.0,0.0,3.41942e-40,0.0,0.0,0.0
1730,4319.7236,40.466316,0.9112848,34.08005740554046,34.08005740554046,0.0,0.0,0.0,0.0,4.81636e-40,0.0,0.0,0.0
1731,4320.7173,41.0766,0.8752959,34.067558516676414,34.067558516676414,0.0,0.0,0.0,0.0,6.77441e-40,0.0,0.0,0.0
1732,4321.7114,40.78552,0.8539747,34.05506094783332,34.05506094783332,0.0,0.0,0.0,0.0,9.52377e-40,0.0,0.0,0.0
1733,4322.7075,41.543106,0.8546361,34.04254630544221,34.04254630544221,0.0,0.0,0.0,0.0,1.338974e-39,0.0,0.0,0.0
1734,4323.702,41.102505,0.85497415,34.03005753122288,34.03005753122288,0.0,0.0,0.0,0.0,1.880363e-39,0.0,0.0,0.0
1735,4324.6997,40.31456,0.85823834,34.017539456795895,34.017539456795895,0.0,0.0,0.0,0.0,2.64162e-39,0.0,0.0,0.0
1736,4325.6943,41.083454,0.8538555,34.00506560358944,34.00506560358944,0.0,0.0,0.0,0.0,3.705036e-39,0.0,0.0,0.0
1737,4326.692,42.398582,0.8691389,33.99256248173957,33.99256248173957,0.0,0.0,0.0,0.0,5.198459e-39,0.0,0.0,0.0
1738,4327.687,41.783154,0.8618958,33.980097410358574,33.980097410358574,0.0,0.0,0.0,0.0,7.283172e-39,0.0,0.0,0.0
1739,4328.6826,42.751198,0.8777374,33.967633663403994,33.967633663403994,0.0,0.0,0.0,0.0,1.0199307e-38,0.0,0.0,0.0
1740,4329.6807,41.961075,0.86766595,33.95514681686462,33.95514681686462,0.0,0.0,0.0,0.0,1.428579e-38,0.0,0.0,0.0
1741,4330.677,43.531513,0.88117456,33.942691851275505,33.942691851275505,0.0,0.0,0.0,0.0,1.9983456e-38,0.0,0.0,0.0
1742,4331.676,44.685375,0.88849926,33.93020771765408,33.93020771765408,0.0,0.0,0.0,0.0,2.7963805e-38,0.0,0.0,0.0
1743,4332.6724,43.625904,0.9249863,33.91776153430685,33.91776153430685,0.0,0.0,0.0,0.0,3.9074103e-38,0.0,0.0,0.0
1744,4333.671,43.822563,0.91639763,33.90529840686318,33.90529840686318,0.0,0.0,0.0,0.0,5.460031e-38,0.0,0.0,0.0
1745,4334.668,44.27602,0.8940742,33.89286099570439,33.89286099570439,0.0,0.0,0.0,0.0,7.6209197e-38,0.0,0.0,0.0
1746,4335.665,43.534153,0.88074297,33.88043100591491,33.88043100591491,0.0,0.0,0.0,0.0,1.0630442e-37,0.0,0.0,0.0
1747,4336.665,44.227646,0.8766837,33.86797194108282,33.86797194108282,0.0,0.0,0.0,0.0,1.4833412e-37,0.0,0.0,0.0
1748,4337.663,44.740585,0.9028321,33.85554464124091,33.85554464124091,0.0,0.0,0.0,0.0,2.06716e-37,0.0,0.0,0.0
1749,4338.6626,43.981953,0.8767876,33.84310653553003,33.84310653553003,0.0,0.0,0.0,0.0,2.8803434e-37,0.0,0.0,0.0
1750,4339.661,43.9912,0.8862423,33.830688004555675,33.830688004555675,0.0,0.0,0.0,0.0,4.009561e-37,0.0,0.0,0.0
1751,4340.6616,44.380833,0.881223,33.81825261726527,33.81825261726527,0.0,0.0,0.0,0.0,5.5815677e-37,0.0,0.0,0.0
1752,4341.6606,44.602688,0.88431484,33.80584285597821,33.80584285597821,0.0,0.0,0.0,0.0,7.761189e-37,0.0,0.0,0.0
1753,4342.6616,44.014233,0.8881946,33.793416262341495,33.793416262341495,0.0,0.0,0.0,0.0,1.0792128e-36,0.0,0.0,0.0
1754,4343.6606,42.82051,0.96851546,33.78102132424504,33.78102132424504,0.0,0.0,0.0,0.0,1.4987388e-36,0.0,0.0,0.0
1755,4344.6597,41.9132,0.9188113,33.768633781320425,33.768633781320425,0.0,0.0,0.0,0.0,2.080031e-36,0.0,0.0,0.0
1756,4345.662,41.920834,0.8750894,33.75621128379025,33.75621128379025,0.0,0.0,0.0,0.0,2.8881896e-36,0.0,0.0,0.0
1757,4346.6616,41.67864,0.8661347,33.74383249265017,33.74383249265017,0.0,0.0,0.0,0.0,4.0039846e-36,0.0,0.0,0.0
1758,4347.6636,40.361206,0.87170327,33.73143087620634,33.73143087620634,0.0,0.0,0.0,0.0,5.551734e-36,0.0,0.0,0.0
1759,4348.664,40.443058,0.87895316,33.71905478855065,33.71905478855065,0.0,0.0,0.0,0.0,7.689142e-36,0.0,0.0,0.0
1760,4349.667,41.538307,0.8955393,33.70665591387964,33.70665591387964,0.0,0.0,0.0,0.0,1.0650991e-35,0.0,0.0,0.0
1761,4350.6675,41.64663,0.88628536,33.694294610606285,33.694294610606285,0.0,0.0,0.0,0.0,1.4732935e-35,0.0,0.0,0.0
1762,4351.668,40.290436,0.85663974,33.68194068135635,33.68194068135635,0.0,0.0,0.0,0.0,2.0366206e-35,0.0,0.0,0.0
1763,4352.672,40.347515,0.8494197,33.6695519530934,33.6695519530934,0.0,0.0,0.0,0.0,2.8166515e-35,0.0,0.0,0.0
1764,4353.6733,41.029785,0.855924,33.657200738258766,33.657200738258766,0.0,0.0,0.0,0.0,3.8898824e-35,0.0,0.0,0.0
1765,4354.6772,40.530907,0.8482145,33.64482681026986,33.64482681026986,0.0,0.0,0.0,0.0,5.372867e-35,0.0,0.0,0.0
1766,4355.679,39.565754,0.8418116,33.6324843344402,33.6324843344402,0.0,0.0,0.0,0.0,7.411779e-35,0.0,0.0,0.0
1767,4356.6836,39.719143,0.8396497,33.62011917637509,33.62011917637509,0.0,0.0,0.0,0.0,1.0225903e-34,0.0,0.0,0.0
1768,4357.686,40.815926,0.8431404,33.60778543668213,33.60778543668213,0.0,0.0,0.0,0.0,1.4090754e-34,0.0,0.0,0.0
1769,4358.6885,39.97941,0.8288871,33.59545905705896,33.59545905705896,0.0,0.0,0.0,0.0,1.9404023e-34,0.0,0.0,0.0
1770,4359.6934,39.55614,0.82332385,33.583110037896425,33.583110037896425,0.0,0.0,0.0,0.0,2.6724256e-34,0.0,0.0,0.0
1771,4360.697,38.018776,0.8114771,33.57078638781464,33.57078638781464,0.0,0.0,0.0,0.0,3.6765381e-34,0.0,0.0,0.0
1772,4361.702,38.15582,0.81725305,33.558446127710624,33.558446127710624,0.0,0.0,0.0,0.0,5.05781e-34,0.0,0.0,0.0
1773,4362.7056,39.462337,0.82281375,33.546137198108,33.546137198108,0.0,0.0,0.0,0.0,6.9493247e-34,0.0,0.0,0.0
1774,4363.7114,37.35983,0.8268677,33.533805690552335,33.533805690552335,0.0,0.0,0.0,0.0,9.549392e-34,0.0,0.0,0.0
1775,4364.7153,37.157284,0.89885265,33.52150547984124,33.52150547984124,0.0,0.0,0.0,0.0,1.31058565e-33,0.0,0.0,0.0
1776,4365.7197,37.49802,1.033402,33.50920663084106,33.50920663084106,0.0,0.0,0.0,0.0,1.7977933e-33,0.0,0.0,0.0
1777,4366.726,37.159733,1.0855821,33.49689122718773,33.49689122718773,0.0,0.0,0.0,0.0,2.4660815e-33,0.0,0.0,0.0
1778,4367.7305,37.100082,0.9757475,33.48460706640879,33.48460706640879,0.0,0.0,0.0,0.0,3.3785346e-33,0.0,0.0,0.0
1779,4368.738,37.22305,0.90328175,33.47229443430273,33.47229443430273,0.0,0.0,0.0,0.0,4.6298333e-33,0.0,0.0,0.0
1780,4369.743,35.917522,0.88574445,33.46001301863215,33.46001301863215,0.0,0.0,0.0,0.0,6.336687e-33,0.0,0.0,0.0
1781,4370.751,34.979084,0.9395511,33.44770913592248,33.44770913592248,0.0,0.0,0.0,0.0,8.673787e-33,0.0,0.0,0.0
1782,4371.7563,35.51761,0.91537035,33.43544239193699,33.43544239193699,0.0,0.0,0.0,0.0,1.18561154e-32,0.0,0.0,0.0
1783,4372.7617,35.436626,0.850935,33.42318296580782,33.42318296580782,0.0,0.0,0.0,0.0,1.619587e-32,0.0,0.0,0.0
1784,4373.7705,35.669167,0.8024276,33.41088921033447,33.41088921033447,0.0,0.0,0.0,0.0,2.2133078e-32,0.0,0.0,0.0
1785,4374.777,36.756557,0.79890054,33.398632536248364,33.398632536248364,0.0,0.0,0.0,0.0,3.020436e-32,0.0,0.0,0.0
1786,4375.7856,36.921432,0.7978475,33.38635346791711,33.38635346791711,0.0,0.0,0.0,0.0,4.122372e-32,0.0,0.0,0.0
1787,4376.7925,36.483063,0.8013685,33.3741054952235,33.3741054952235,0.0,0.0,0.0,0.0,5.6193314e-32,0.0,0.0,0.0
1788,4377.802,36.639206,0.8042415,33.361835158759625,33.361835158759625,0.0,0.0,0.0,0.0,7.6606414e-32,0.0,0.0,0.0
1789,4378.8086,35.982742,0.79663736,33.34960181549343,33.34960181549343,0.0,0.0,0.0,0.0,1.0429e-31,0.0,0.0,0.0
1790,4379.816,34.588947,0.78624874,33.33736984157258,33.33736984157258,0.0,0.0,0.0,0.0,1.4190623e-31,0.0,0.0,0.0
1791,4380.826,33.95292,0.7698626,33.325109622050036,33.325109622050036,0.0,0.0,0.0,0.0,1.9313882e-31,0.0,0.0,0.0
1792,4381.834,34.704018,0.7737659,33.312886338601544,33.312886338601544,0.0,0.0,0.0,0.0,2.6250326e-31,0.0,0.0,0.0
1793,4382.844,34.0621,0.7830092,33.30064076382788,33.30064076382788,0.0,0.0,0.0,0.0,3.5681484e-31,0.0,0.0,0.0
1794,4383.8525,33.75694,0.77281195,33.28842616435253,33.28842616435253,0.0,0.0,0.0,0.0,4.8440763e-31,0.0,0.0,0.0
1795,4384.8633,34.5394,0.80805683,33.276189303879235,33.276189303879235,0.0,0.0,0.0,0.0,6.576864e-31,0.0,0.0,0.0
1796,4385.872,34.808075,0.8063699,33.263983385408,33.263983385408,0.0,0.0,0.0,0.0,8.918461e-31,0.0,0.0,0.0
1797,4386.881,34.09144,0.7895072,33.25178474974678,33.25178474974678,0.0,0.0,0.0,0.0,1.208591e-30,0.0,0.0,0.0
1798,4387.8926,33.842537,0.7779022,33.23955799577943,33.23955799577943,0.0,0.0,0.0,0.0,1.6382175e-30,0.0,0.0,0.0
1799,4388.902,33.255207,0.7615414,33.2273680331364,33.2273680331364,0.0,0.0,0.0,0.0,2.217502e-30,0.0,0.0,0.0
1800,4389.914,33.947266,0.7685153,33.21514998946087,33.21514998946087,0.0,0.0,0.0,0.0,3.002289e-30,0.0,0.0,0.0
1801,4390.9243,33.392075,0.7652874,33.20296280823392,33.20296280823392,0.0,0.0,0.0,0.0,4.0598272e-30,0.0,0.0,0.0
1802,4391.9365,33.2011,0.77031803,33.190759360428956,33.190759360428956,0.0,0.0,0.0,0.0,5.4895e-30,0.0,0.0,0.0
1803,4392.947,33.79931,0.7800719,33.178586734853255,33.178586734853255,0.0,0.0,0.0,0.0,7.413522e-30,0.0,0.0,0.0
1804,4393.9575,32.59773,0.75912184,33.166415492982885,33.166415492982885,0.0,0.0,0.0,0.0,1.0006857e-29,0.0,0.0,0.0
1805,4394.971,32.42885,0.74961436,33.15421626654336,33.15421626654336,0.0,0.0,0.0,0.0,1.3510256e-29,0.0,0.0,0.0
1806,4395.982,31.954561,0.7705109,33.142059565277314,33.142059565277314,0.0,0.0,0.0,0.0,1.8212662e-29,0.0,0.0,0.0
1807,4396.9956,31.623857,0.78612024,33.12987490952024,33.12987490952024,0.0,0.0,0.0,0.0,2.4556854e-29,0.0,0.0,0.0
1808,4398.007,31.214102,0.7637689,33.117726860764016,33.117726860764016,0.0,0.0,0.0,0.0,3.306579e-29,0.0,0.0,0.0
1809,4399.0215,31.830967,0.78438973,33.10554503403289,33.10554503403289,0.0,0.0,0.0,0.0,4.4538698e-29,0.0,0.0,0.0
1810,4400.033,34.328533,0.78126585,33.09340563826917,33.09340563826917,0.0,0.0,0.0,0.0,5.9901826e-29,0.0,0.0,0.0
1811,4401.0454,32.75684,0.7571291,33.08126762974072,33.08126762974072,0.0,0.0,0.0,0.0,8.052373e-29,0.0,0.0,0.0
1812,4402.0605,32.645138,0.7484436,33.069101762734874,33.069101762734874,0.0,0.0,0.0,0.0,1.0826645e-28,0.0,0.0,0.0
1813,4403.073,33.06716,0.7463477,33.05697240616027,33.05697240616027,0.0,0.0,0.0,0.0,1.4536867e-28,0.0,0.0,0.0
1814,4404.0884,33.59419,0.7540679,33.04482107108399,33.04482107108399,0.0,0.0,0.0,0.0,1.9519749e-28,0.0,0.0,0.0
1815,4405.1016,33.331352,0.75013286,33.03270035992957,33.03270035992957,0.0,0.0,0.0,0.0,2.6178665e-28,0.0,0.0,0.0
1816,4406.117,31.299349,0.73115283,33.02055770016459,33.02055770016459,0.0,0.0,0.0,0.0,3.5111063e-28,0.0,0.0,0.0
1817,4407.131,31.86289,0.73999995,33.008445631383054,33.008445631383054,0.0,0.0,0.0,0.0,4.703383e-28,0.0,0.0,0.0
1818,4408.145,32.285698,0.76098484,32.996334960257514,32.996334960257514,0.0,0.0,0.0,0.0,6.297352e-28,0.0,0.0,0.0
1819,4409.161,32.710575,0.7527123,32.98420821437655,32.98420821437655,0.0,0.0,0.0,0.0,8.430614e-28,0.0,0.0,0.0
1820,4410.176,32.338146,0.74056697,32.97210618452747,32.97210618452747,0.0,0.0,0.0,0.0,1.1274482e-27,0.0,0.0,0.0
1821,4411.1924,31.73498,0.7324504,32.959988102749016,32.959988102749016,0.0,0.0,0.0,0.0,1.5076165e-27,0.0,0.0,0.0
1822,4412.2075,32.840485,0.74911743,32.9478947111039,32.9478947111039,0.0,0.0,0.0,0.0,2.0138228e-27,0.0,0.0,0.0
1823,4413.225,32.998856,0.76774013,32.93577947860962,32.93577947860962,0.0,0.0,0.0,0.0,2.690099e-27,0.0,0.0,0.0
1824,4414.24,32.470158,0.76842207,32.92370053380063,32.92370053380063,0.0,0.0,0.0,0.0,3.5886172e-27,0.0,0.0,0.0
1825,4415.258,32.713936,0.750357,32.91159977090296,32.91159977090296,0.0,0.0,0.0,0.0,4.7874316e-27,0.0,0.0,0.0
1826,4416.274,32.462288,0.73276925,32.89952364641477,32.89952364641477,0.0,0.0,0.0,0.0,6.37988e-27,0.0,0.0,0.0
1827,4417.29,31.421135,0.7190631,32.88745472964437,32.88745472964437,0.0,0.0,0.0,0.0,8.496481e-27,0.0,0.0,0.0
1828,4418.308,31.494307,0.7190508,32.87536983710479,32.87536983710479,0.0,0.0,0.0,0.0,1.1313995e-26,0.0,0.0,0.0
1829,4419.3247,31.468481,0.7245125,32.863309540804984,32.863309540804984,0.0,0.0,0.0,0.0,1.5049856e-26,0.0,0.0,0.0
1830,4420.3438,31.649904,0.72366923,32.85122750395706,32.85122750395706,0.0,0.0,0.0,0.0,2.0019747e-26,0.0,0.0,0.0
1831,4421.361,31.553942,0.7213939,32.839175828484095,32.839175828484095,0.0,0.0,0.0,0.0,2.659876e-26,0.0,0.0,0.0
1832,4422.3804,31.46354,0.7129392,32.827102442026735,32.827102442026735,0.0,0.0,0.0,0.0,3.534061e-26,0.0,0.0,0.0
1833,4423.398,31.26864,0.7188748,32.815059384266405,32.815059384266405,0.0,0.0,0.0,0.0,4.6898964e-26,0.0,0.0,0.0
1834,4424.415,30.672653,0.7396521,32.80302928690476,32.80302928690476,0.0,0.0,0.0,0.0,6.218866e-26,0.0,0.0,0.0
1835,4425.435,31.557325,0.75345564,32.790971742262904,32.790971742262904,0.0,0.0,0.0,0.0,8.2475266e-26,0.0,0.0,0.0
1836,4426.4536,29.84543,0.7172431,32.778938707202265,32.778938707202265,0.0,0.0,0.0,0.0,1.092632e-25,0.0,0.0,0.0
1837,4427.474,29.84648,0.7183174,32.76688980161711,32.76688980161711,0.0,0.0,0.0,0.0,1.4473421e-25,0.0,0.0,0.0
1838,4428.493,31.002926,0.71939135,32.75486537990957,32.75486537990957,0.0,0.0,0.0,0.0,1.9151728e-25,0.0,0.0,0.0
1839,4429.5137,31.119202,0.7245565,32.74283086662827,32.74283086662827,0.0,0.0,0.0,0.0,2.5335456e-25,0.0,0.0,0.0
1840,4430.533,30.704895,0.7240684,32.73081505169031,32.73081505169031,0.0,0.0,0.0,0.0,3.348499e-25,0.0,0.0,0.0
1841,4431.5527,30.372835,0.7164952,32.718806409438514,32.718806409438514,0.0,0.0,0.0,0.0,4.4226584e-25,0.0,0.0,0.0
1842,4432.574,29.81745,0.7062074,32.706781949484245,32.706781949484245,0.0,0.0,0.0,0.0,5.8406157e-25,0.0,0.0,0.0
1843,4433.594,29.486675,0.6943475,32.69478190585006,32.69478190585006,0.0,0.0,0.0,0.0,7.7050707e-25,0.0,0.0,0.0
1844,4434.616,29.954819,0.70805585,32.68276606696516,32.68276606696516,0.0,0.0,0.0,0.0,1.0163305e-24,0.0,0.0,0.0
1845,4435.6367,30.772865,0.704509,32.67077461879358,32.67077461879358,0.0,0.0,0.0,0.0,1.3391711e-24,0.0,0.0,0.0
1846,4436.659,30.759531,0.6990233,32.65876739779074,32.65876739779074,0.0,0.0,0.0,0.0,1.7643138e-24,0.0,0.0,0.0
1847,4437.6797,30.534159,0.6927184,32.64679027089082,32.64679027089082,0.0,0.0,0.0,0.0,2.3216693e-24,0.0,0.0,0.0
1848,4438.7007,30.55868,0.7008467,32.63481456335266,32.63481456335266,0.0,0.0,0.0,0.0,3.0534768e-24,0.0,0.0,0.0
1849,4439.7246,30.788994,0.7049136,32.62281166885896,32.62281166885896,0.0,0.0,0.0,0.0,4.0164466e-24,0.0,0.0,0.0
1850,4440.746,30.738743,0.7012941,32.610844548867085,32.610844548867085,0.0,0.0,0.0,0.0,5.2761163e-24,0.0,0.0,0.0
1851,4441.7695,30.84056,0.7032928,32.59886170852612,32.59886170852612,0.0,0.0,0.0,0.0,6.9299285e-24,0.0,0.0,0.0
1852,4442.792,31.572912,0.71164894,32.58689745418849,32.58689745418849,0.0,0.0,0.0,0.0,9.093631e-24,0.0,0.0,0.0
1853,4443.817,30.017626,0.7037419,32.57491180017383,32.57491180017383,0.0,0.0,0.0,0.0,1.19328055e-23,0.0,0.0,0.0
1854,4444.839,29.826477,0.69440836,32.56296754735731,32.56296754735731,0.0,0.0,0.0,0.0,1.5635733e-23,0.0,0.0,0.0
1855,4445.8613,30.40705,0.6957333,32.55102471692515,32.55102471692515,0.0,0.0,0.0,0.0,2.0476873e-23,0.0,0.0,0.0
1856,4446.8867,31.262547,0.70512843,32.53905482195142,32.53905482195142,0.0,0.0,0.0,0.0,2.6819794e-23,0.0,0.0,0.0
1857,4447.9097,31.86212,0.70947325,32.52712056108884,32.52712056108884,0.0,0.0,0.0,0.0,3.5081566e-23,0.0,0.0,0.0
1858,4448.9355,31.52174,0.7071423,32.51515927153291,32.51515927153291,0.0,0.0,0.0,0.0,4.58929e-23,0.0,0.0,0.0
1859,4449.959,31.703365,0.71103895,32.50323357703716,32.50323357703716,0.0,0.0,0.0,0.0,5.9957783e-23,0.0,0.0,0.0
1860,4450.985,31.599182,0.71161246,32.491286574288125,32.491286574288125,0.0,0.0,0.0,0.0,7.8331364e-23,0.0,0.0,0.0
1861,4452.0093,31.195166,0.703962,32.47936375830861,32.47936375830861,0.0,0.0,0.0,0.0,1.022269e-22,0.0,0.0,0.0
1862,4453.033,30.87932,0.69264716,32.46745373694715,32.46745373694715,0.0,0.0,0.0,0.0,1.3330765e-22,0.0,0.0,0.0
1863,4454.06,30.97609,0.6938306,32.4555167728873,32.4555167728873,0.0,0.0,0.0,0.0,1.7385202e-22,0.0,0.0,0.0
1864,4455.0845,31.444979,0.7027647,32.443615303085835,32.443615303085835,0.0,0.0,0.0,0.0,2.2643547e-22,0.0,0.0,0.0
1865,4456.112,31.747116,0.704768,32.43168692626337,32.43168692626337,0.0,0.0,0.0,0.0,2.94947e-22,0.0,0.0,0.0
1866,4457.137,31.735552,0.7018447,32.419788340500865,32.419788340500865,0.0,0.0,0.0,0.0,3.8373953e-22,0.0,0.0,0.0
1867,4458.165,31.04961,0.6878896,32.40786855103775,32.40786855103775,0.0,0.0,0.0,0.0,4.9923793e-22,0.0,0.0,0.0
1868,4459.1904,30.86339,0.6932686,32.39598417807115,32.39598417807115,0.0,0.0,0.0,0.0,6.4866465e-22,0.0,0.0,0.0
1869,4460.2163,31.288816,0.6906425,32.384101240085926,32.384101240085926,0.0,0.0,0.0,0.0,8.423535e-22,0.0,0.0,0.0
1870,4461.245,30.920519,0.6866947,32.372191487434364,32.372191487434364,0.0,0.0,0.0,0.0,1.0939605e-21,0.0,0.0,0.0
1871,4462.271,31.40096,0.6989856,32.36032274387398,32.36032274387398,0.0,0.0,0.0,0.0,1.4187122e-21,0.0,0.0,0.0
1872,4463.3003,32.95276,0.70393175,32.34842157037459,32.34842157037459,0.0,0.0,0.0,0.0,1.8402273e-21,0.0,0.0,0.0
1873,4464.3267,32.21154,0.69696623,32.336561360461694,32.336561360461694,0.0,0.0,0.0,0.0,2.3836213e-21,0.0,0.0,0.0
1874,4465.356,30.860483,0.6995843,32.32467440010589,32.32467440010589,0.0,0.0,0.0,0.0,3.0876843e-21,0.0,0.0,0.0
1875,4466.384,31.05375,0.70390666,32.312811449378955,32.312811449378955,0.0,0.0,0.0,0.0,3.995532e-21,0.0,0.0,0.0
1876,4467.411,31.597868,0.6876174,32.300961211000725,32.300961211000725,0.0,0.0,0.0,0.0,5.166226e-21,0.0,0.0,0.0
1877,4468.4414,31.975517,0.6960715,32.2890842786425,32.2890842786425,0.0,0.0,0.0,0.0,6.680315e-21,0.0,0.0,0.0
1878,4469.469,32.517326,0.7015671,32.27724256914664,32.27724256914664,0.0,0.0,0.0,0.0,8.627082e-21,0.0,0.0,0.0
1879,4470.5,31.848295,0.7017812,32.26537420101445,32.26537420101445,0.0,0.0,0.0,0.0,1.11418094e-20,0.0,0.0,0.0
1880,4471.5283,31.56305,0.6960504,32.25354101712894,32.25354101712894,0.0,0.0,0.0,0.0,1.4371184e-20,0.0,0.0,0.0
1881,4472.5596,32.00711,0.69991267,32.24168120990333,32.24168120990333,0.0,0.0,0.0,0.0,1.8537487e-20,0.0,0.0,0.0
1882,4473.5884,31.323841,0.69804144,32.2298565483486,32.2298565483486,0.0,0.0,0.0,0.0,2.3881097e-20,0.0,0.0,0.0
1883,4474.617,32.616127,0.6972023,32.218038941053045,32.218038941053045,0.0,0.0,0.0,0.0,3.0744633e-20,0.0,0.0,0.0
1884,4475.6494,32.309917,0.68948436,32.2061891561915,32.2061891561915,0.0,0.0,0.0,0.0,3.958698e-20,0.0,0.0,0.0
1885,4476.679,32.383774,0.70162797,32.19437446259052,32.19437446259052,0.0,0.0,0.0,0.0,5.090753e-20,0.0,0.0,0.0
1886,4477.711,32.673367,0.70629406,32.18254443104385,32.18254443104385,0.0,0.0,0.0,0.0,6.5452643e-20,0.0,0.0,0.0
1887,4478.741,32.52641,0.7206419,32.17073825155717,32.17073825155717,0.0,0.0,0.0,0.0,8.406659e-20,0.0,0.0,0.0
1888,4479.774,32.820526,0.6969035,32.15891116554521,32.15891116554521,0.0,0.0,0.0,0.0,1.0796504e-19,0.0,0.0,0.0
1889,4480.8047,33.032127,0.6969311,32.14711350020725,32.14711350020725,0.0,0.0,0.0,0.0,1.3849878e-19,0.0,0.0,0.0
1890,4481.8354,32.45988,0.6947156,32.13532287502771,32.13532287502771,0.0,0.0,0.0,0.0,1.7754718e-19,0.0,0.0,0.0
1891,4482.869,32.360077,0.6963798,32.12350580223907,32.12350580223907,0.0,0.0,0.0,0.0,2.2761273e-19,0.0,0.0,0.0
1892,4483.9,32.732742,0.69241655,32.11172925989461,32.11172925989461,0.0,0.0,0.0,0.0,2.9139112e-19,0.0,0.0,0.0
1893,4484.934,33.077354,0.7041285,32.099920724626266,32.099920724626266,0.0,0.0,0.0,0.0,3.7309467e-19,0.0,0.0,0.0
1894,4485.9663,33.199635,0.69983816,32.088141534155284,32.088141534155284,0.0,0.0,0.0,0.0,4.7716074e-19,0.0,0.0,0.0
1895,4487.0005,32.569893,0.6980189,32.07634710670511,32.07634710670511,0.0,0.0,0.0,0.0,6.101256e-19,0.0,0.0,0.0
1896,4488.0327,33.798767,0.71547633,32.06458198575474,32.06458198575474,0.0,0.0,0.0,0.0,7.7924994e-19,0.0,0.0,0.0
1897,4489.0654,33.777946,0.71419257,32.05281832384116,32.05281832384116,0.0,0.0,0.0,0.0,9.946933e-19,0.0,0.0,0.0
1898,4490.1,33.290375,0.69849604,32.041039454017834,32.041039454017834,0.0,0.0,0.0,0.0,1.2694252e-18,0.0,0.0,0.0
1899,4491.1333,33.387077,0.6975333,32.0292842862996,32.0292842862996,0.0,0.0,0.0,0.0,1.6183883e-18,0.0,0.0,0.0
1900,4492.169,32.757683,0.6938473,32.017508381842404,32.017508381842404,0.0,0.0,0.0,0.0,2.0630521e-18,0.0,0.0,0.0
1901,4493.202,33.267082,0.7047239,32.0057672553664,32.0057672553664,0.0,0.0,0.0,0.0,2.6266026e-18,0.0,0.0,0.0
1902,4494.2383,33.326817,0.71234506,31.993999869920167,31.993999869920167,0.0,0.0,0.0,0.0,3.3441198e-18,0.0,0.0,0.0
1903,4495.2725,33.543396,0.72388357,31.98226168385546,31.98226168385546,0.0,0.0,0.0,0.0,4.252806e-18,0.0,0.0,0.0
1904,4496.309,33.426277,0.7210163,31.970502817341654,31.970502817341654,0.0,0.0,0.0,0.0,5.407788e-18,0.0,0.0,0.0
1905,4497.3433,33.528755,0.6985435,31.9587786525491,31.9587786525491,0.0,0.0,0.0,0.0,6.867868e-18,0.0,0.0,0.0
1906,4498.378,34.907013,0.7171808,31.94705595090517,31.94705595090517,0.0,0.0,0.0,0.0,8.717242e-18,0.0,0.0,0.0
1907,4499.415,33.29771,0.72340685,31.935312607607106,31.935312607607106,0.0,0.0,0.0,0.0,1.1063262e-17,0.0,0.0,0.0
1908,4500.45,35.15789,0.72977626,31.923598381743375,31.923598381743375,0.0,0.0,0.0,0.0,1.4024753e-17,0.0,0.0,0.0
1909,4501.4883,35.905865,0.71695405,31.911858021630067,31.911858021630067,0.0,0.0,0.0,0.0,1.7778864e-17,0.0,0.0,0.0
1910,4502.524,35.004875,0.71378684,31.900152271466027,31.900152271466027,0.0,0.0,0.0,0.0,2.250994e-17,0.0,0.0,0.0
1911,4503.562,34.578156,0.7070907,31.888425935673602,31.888425935673602,0.0,0.0,0.0,0.0,2.8496293e-17,0.0,0.0,0.0
1912,4504.5977,34.68614,0.73055,31.876734165269724,31.876734165269724,0.0,0.0,0.0,0.0,3.6030108e-17,0.0,0.0,0.0
1913,4505.6343,34.06871,0.7239732,31.865038352950016,31.865038352950016,0.0,0.0,0.0,0.0,4.5534688e-17,0.0,0.0,0.0
1914,4506.6733,34.81626,0.70480895,31.85332200019343,31.85332200019343,0.0,0.0,0.0,0.0,5.753906e-17,0.0,0.0,0.0
1915,4507.71,34.85895,0.72270906,31.841640159267047,31.841640159267047,0.0,0.0,0.0,0.0,7.2618093e-17,0.0,0.0,0.0
1916,4508.7495,34.251774,0.725166,31.829932301635466,31.829932301635466,0.0,0.0,0.0,0.0,9.1647066e-17,0.0,0.0,0.0
1917,4509.7866,34.515896,0.70006216,31.8182589179656,31.8182589179656,0.0,0.0,0.0,0.0,1.1551911e-16,0.0,0.0,0.0
1918,4510.8267,35.719734,0.7085424,31.806559552016665,31.806559552016665,0.0,0.0,0.0,0.0,1.4560543e-16,0.0,0.0,0.0
1919,4511.8643,35.269657,0.7142057,31.794894622200268,31.794894622200268,0.0,0.0,0.0,0.0,1.8330226e-16,0.0,0.0,0.0
1920,4512.9023,36.54577,0.7175322,31.7832311667951,31.7832311667951,0.0,0.0,0.0,0.0,2.3062582e-16,0.0,0.0,0.0
1921,4513.943,35.501743,0.71176857,31.771547265111586,31.771547265111586,0.0,0.0,0.0,0.0,2.901238e-16,0.0,0.0,0.0
1922,4514.9814,34.521923,0.69977754,31.759892261728293,31.759892261728293,0.0,0.0,0.0,0.0,3.6456507e-16,0.0,0.0,0.0
1923,4516.023,35.6768,0.7112609,31.74821136518794,31.74821136518794,0.0,0.0,0.0,0.0,4.580859e-16,0.0,0.0,0.0
1924,4517.0615,35.343124,0.7100016,31.736570285040145,31.736570285040145,0.0,0.0,0.0,0.0,5.748337e-16,0.0,0.0,0.0
1925,4518.103,33.634674,0.7050379,31.724903339456283,31.724903339456283,0.0,0.0,0.0,0.0,7.2130006e-16,0.0,0.0,0.0
1926,4519.1426,35.137848,0.7072982,31.713265229836264,31.713265229836264,0.0,0.0,0.0,0.0,9.040817e-16,0.0,0.0,0.0
1927,4520.1816,34.364307,0.7018564,31.701639526536045,31.701639526536045,0.0,0.0,0.0,0.0,1.1322824e-15,0.0,0.0,0.0
1928,4521.2246,34.018353,0.7027522,31.689977089208366,31.689977089208366,0.0,0.0,0.0,0.0,1.4183054e-15,0.0,0.0,0.0
1929,4522.2646,35.54953,0.7217211,31.678354361084228,31.678354361084228,0.0,0.0,0.0,0.0,1.7742366e-15,0.0,0.0,0.0
1930,4523.307,34.057644,0.7124848,31.6667113080236,31.666711308023597,0.0,0.0,0.0,0.0,2.2191348e-15,0.0,0.0,0.0
1931,4524.3477,34.457787,0.6954918,31.65509700995407,31.655097009954066,0.0,0.0,0.0,0.0,2.772504e-15,0.0,0.0,0.0
1932,4525.391,34.32603,0.69185036,31.643456969255357,31.643456969255354,0.0,0.0,0.0,0.0,3.463651e-15,0.0,0.0,0.0
1933,4526.432,33.90667,0.6959113,31.63185110104537,31.631851101045367,0.0,0.0,0.0,0.0,4.3218615e-15,0.0,0.0,0.0
1934,4527.4736,33.81544,0.692015,31.620246718148422,31.620246718148415,0.0,0.0,0.0,0.0,5.3895495e-15,0.0,0.0,0.0
1935,4528.5176,33.745575,0.69009125,31.608622082454183,31.608622082454175,0.0,0.0,0.0,0.0,6.7198495e-15,0.0,0.0,0.0
1936,4529.559,33.256096,0.6918053,31.597031559769974,31.597031559769967,0.0,0.0,0.0,0.0,8.3683814e-15,0.0,0.0,0.0
1937,4530.6035,33.94508,0.71344286,31.585415376246274,31.585415376246264,0.0,0.0,0.0,0.0,1.04206194e-14,0.0,0.0,0.0
1938,4531.6465,34.14539,0.719827,31.57382241669667,31.573822416696657,0.0,0.0,0.0,0.0,1.296313e-14,0.0,0.0,0.0
1939,4532.691,33.73957,0.7007103,31.56222011088108,31.56222011088106,0.0,0.0,0.0,0.0,1.6119774e-14,0.0,0.0,0.0
1940,4533.734,33.812965,0.69786775,31.55064099810663,31.55064099810661,0.0,0.0,0.0,0.0,2.002514e-14,0.0,0.0,0.0
1941,4534.777,34.14687,0.6884513,31.539068795278045,31.53906879527802,0.0,0.0,0.0,0.0,2.4859404e-14,0.0,0.0,0.0
1942,4535.8223,33.289665,0.6871306,31.527476432451007,31.527476432450975,0.0,0.0,0.0,0.0,3.0855056e-14,0.0,0.0,0.0
1943,4536.866,33.25503,0.6968445,31.51590722930157,31.51590722930153,0.0,0.0,0.0,0.0,3.825864e-14,0.0,0.0,0.0
1944,4537.9126,34.523895,0.69364905,31.50431789998193,31.504317899981885,0.0,0.0,0.0,0.0,4.742946e-14,0.0,0.0,0.0
1945,4538.9565,34.611374,0.6923668,31.49276251870317,31.49276251870311,0.0,0.0,0.0,0.0,5.8728426e-14,0.0,0.0,0.0
1946,4540.0034,34.40642,0.68786645,31.481181632194804,31.481181632194733,0.0,0.0,0.0,0.0,7.2712446e-14,0.0,0.0,0.0
1947,4541.048,35.22985,0.7059693,31.46963465644539,31.4696346564453,0.0,0.0,0.0,0.0,8.991848e-14,0.0,0.0,0.0
1948,4542.0923,35.50704,0.69804484,31.458094570028152,31.45809457002804,0.0,0.0,0.0,0.0,1.1111926e-13,0.0,0.0,0.0
1949,4543.1396,33.54786,0.6842386,31.446529025726186,31.446529025726047,0.0,0.0,0.0,0.0,1.3730507e-13,0.0,0.0,0.0
1950,4544.185,35.787933,0.6940109,31.43499194611722,31.434991946117048,0.0,0.0,0.0,0.0,1.6947637e-13,0.0,0.0,0.0
1951,4545.233,35.029778,0.69666654,31.423434832544952,31.423434832544743,0.0,0.0,0.0,0.0,2.091433e-13,0.0,0.0,0.0
1952,4546.279,33.984123,0.70134526,31.411906152920068,31.41190615291981,0.0,0.0,0.0,0.0,2.5781357e-13,0.0,0.0,0.0
1953,4547.3276,35.663548,0.7180948,31.40035208914202,31.400352089141705,0.0,0.0,0.0,0.0,3.1777426e-13,0.0,0.0,0.0
1954,4548.3735,35.057175,0.6968084,31.38883718335289,31.3888371833525,0.0,0.0,0.0,0.0,3.9118006e-13,0.0,0.0,0.0
1955,4549.42,33.45269,0.6832884,31.377323775354053,31.377323775353574,0.0,0.0,0.0,0.0,4.812533e-13,0.0,0.0,0.0
1956,4550.4688,35.567585,0.69576305,31.365790398068658,31.365790398068064,0.0,0.0,0.0,0.0,5.9194153e-13,0.0,0.0,0.0
1957,4551.5156,35.460777,0.7044714,31.35428537482317,31.354285374822442,0.0,0.0,0.0,0.0,7.272996e-13,0.0,0.0,0.0
1958,4552.5654,34.58048,0.70496523,31.342755048045117,31.342755048044225,0.0,0.0,0.0,0.0,8.935006e-13,0.0,0.0,0.0
1959,4553.613,35.09229,0.7050577,31.331258409220975,31.331258409219878,0.0,0.0,0.0,0.0,1.0963909e-12,0.0,0.0,0.0
1960,4554.6626,34.122955,0.68956244,31.31974185526344,31.319741855262095,0.0,0.0,0.0,0.0,1.3450517e-12,0.0,0.0,0.0
1961,4555.7104,33.94666,0.6883333,31.30825359411978,31.30825359411813,0.0,0.0,0.0,0.0,1.6483312e-12,0.0,0.0,0.0
1962,4556.7583,34.198467,0.687057,31.296772187575325,31.296772187573307,0.0,0.0,0.0,0.0,2.018588e-12,0.0,0.0,0.0
1963,4557.8096,34.085052,0.6797619,31.28526021250635,31.28526021250388,0.0,0.0,0.0,0.0,2.4719146e-12,0.0,0.0,0.0
1964,4558.858,33.849033,0.67192084,31.273787178327083,31.27378717832406,0.0,0.0,0.0,0.0,3.0232162e-12,0.0,0.0,0.0
1965,4559.909,33.88303,0.67551714,31.262288954326188,31.26228895432249,0.0,0.0,0.0,0.0,3.6969715e-12,0.0,0.0,0.0
1966,4560.958,34.019615,0.6711302,31.25082428576917,31.250824285764654,0.0,0.0,0.0,0.0,4.5156066e-12,0.0,0.0,0.0
1967,4562.01,34.21126,0.6736459,31.23933446069532,31.239334460689808,0.0,0.0,0.0,0.0,5.5147267e-12,0.0,0.0,0.0
1968,4563.0596,34.15172,0.6779591,31.227872824801103,31.227872824794375,0.0,0.0,0.0,0.0,6.7276826e-12,0.0,0.0,0.0
1969,4564.1094,33.999523,0.6758709,31.216418029331685,31.21641802932348,0.0,0.0,0.0,0.0,8.2017e-12,0.0,0.0,0.0
1970,4565.1616,34.79449,0.69116765,31.204943453429767,31.20494345341977,0.0,0.0,0.0,0.0,9.996267e-12,0.0,0.0,0.0
1971,4566.2114,35.253532,0.6861928,31.19350233772793,31.193502337715763,0.0,0.0,0.0,0.0,1.2169348e-11,0.0,0.0,0.0
1972,4567.2646,33.05815,0.68218493,31.182030828702416,31.1820308286876,0.0,0.0,0.0,0.0,1.4813902e-11,0.0,0.0,0.0
1973,4568.316,33.88137,0.6912821,31.17058743596411,31.170587435946096,0.0,0.0,0.0,0.0,1.80139e-11,0.0,0.0,0.0
1974,4569.3687,34.54447,0.6859769,31.159134943429706,31.15913494340781,0.0,0.0,0.0,0.0,2.189574e-11,0.0,0.0,0.0
1975,4570.4204,35.034065,0.7182265,31.147699909785867,31.147699909759275,0.0,0.0,0.0,0.0,2.659054e-11,0.0,0.0,0.0
1976,4571.4717,34.601894,0.6975826,31.136277006367262,31.136277006334996,0.0,0.0,0.0,0.0,3.2266436e-11,0.0,0.0,0.0
1977,4572.5254,33.82311,0.66829324,31.12483441308514,31.124834413045996,0.0,0.0,0.0,0.0,3.9143796e-11,0.0,0.0,0.0
1978,4573.5776,34.647564,0.6875439,31.11341455304648,31.11341455299904,0.0,0.0,0.0,0.0,4.744103e-11,0.0,0.0,0.0
1979,4574.6323,33.74305,0.6919834,31.10197503618069,31.101975036123207,0.0,0.0,0.0,0.0,5.7481974e-11,0.0,0.0,0.0
1980,4575.6846,34.06086,0.69552666,31.090568817569412,31.090568817499843,0.0,0.0,0.0,0.0,6.956806e-11,0.0,0.0,0.0
1981,4576.7397,34.7796,0.67409986,31.079137674302494,31.079137674218313,0.0,0.0,0.0,0.0,8.418074e-11,0.0,0.0,0.0
1982,4577.7925,35.62101,0.7171637,31.067739792698827,31.06773979259708,0.0,0.0,0.0,0.0,1.01746264e-10,0.0,0.0,0.0
1983,4578.848,35.87941,0.683277,31.05631701938727,31.056317019264313,0.0,0.0,0.0,0.0,1.2295459e-10,0.0,0.0,0.0
1984,4579.902,34.358067,0.67773604,31.04492219248986,31.04492219234143,0.0,0.0,0.0,0.0,1.4842728e-10,0.0,0.0,0.0
1985,4580.955,33.9884,0.6709365,31.033539441898952,31.033539441719917,0.0,0.0,0.0,0.0,1.790351e-10,0.0,0.0,0.0
1986,4582.011,33.692795,0.67134446,31.022131845773377,31.02213184555746,0.0,0.0,0.0,0.0,2.159147e-10,0.0,0.0,0.0
1987,4583.0654,33.809643,0.67066896,31.0107521476329,31.010752147372784,0.0,0.0,0.0,0.0,2.601172e-10,0.0,0.0,0.0
1988,4584.1226,33.04646,0.67615944,30.999347643097067,30.999347642783757,0.0,0.0,0.0,0.0,3.1330852e-10,0.0,0.0,0.0
1989,4585.177,31.923748,0.6623346,30.987981538577227,30.987981538200312,0.0,0.0,0.0,0.0,3.769158e-10,0.0,0.0,0.0
1990,4586.2344,33.235184,0.66626364,30.976585394358963,30.976585393905577,0.0,0.0,0.0,0.0,4.5338733e-10,0.0,0.0,0.0
1991,4587.2896,33.75444,0.66086984,30.965222350785886,30.96522235024113,0.0,0.0,0.0,0.0,5.447563e-10,0.0,0.0,0.0
1992,4588.3447,33.275185,0.664043,30.95386608750781,30.953866086853736,0.0,0.0,0.0,0.0,6.540731e-10,0.0,0.0,0.0
1993,4589.403,33.51716,0.65801686,30.94248509658201,30.94248509579684,0.0,0.0,0.0,0.0,7.851706e-10,0.0,0.0,0.0
1994,4590.4585,33.47261,0.66508543,30.931137148632253,30.931137147690777,0.0,0.0,0.0,0.0,9.414771e-10,0.0,0.0,0.0
1995,4591.517,32.413086,0.65547466,30.91976450572426,30.91976450459559,0.0,0.0,0.0,0.0,1.1286676e-09,0.0,0.0,0.0
1996,4592.573,32.105724,0.6617957,30.90842486947836,30.908424868126808,0.0,0.0,0.0,0.0,1.3515523e-09,0.0,0.0,0.0
1997,4593.6323,32.758236,0.6628772,30.897060570923188,30.897060569305076,0.0,0.0,0.0,0.0,1.6181115e-09,0.0,0.0,0.0
1998,4594.689,32.34324,0.66014004,30.885729242758533,30.885729240823473,0.0,0.0,0.0,0.0,1.9350603e-09,0.0,0.0,0.0
1999,4595.7466,31.888899,0.6600106,30.874394211285836,30.874394208973005,0.0,0.0,0.0,0.0,2.31283e-09,0.0,0.0,0.0
2000,4596.806,31.946846,0.65282685,30.8630450327206,30.86304502995731,0.0,0.0,0.0,0.0,2.7632896e-09,0.0,0.0,0.0
2001,4597.8633,31.827053,0.65797836,30.851728767114686,30.85172876381689,0.0,0.0,0.0,0.0,3.2977945e-09,0.0,0.0,0.0
2002,4598.924,31.188671,0.67950916,30.840382695292252,30.84038269135713,0.0,0.0,0.0,0.0,3.9351193e-09,0.0,0.0,0.0
2003,4599.9814,32.425156,0.68161374,30.829074725628207,30.829074720938205,0.0,0.0,0.0,0.0,4.69e-09,0.0,0.0,0.0
2004,4601.0425,31.889505,0.64668924,30.81773698851201,30.81773698292315,0.0,0.0,0.0,0.0,5.5888583e-09,0.0,0.0,0.0
2005,4602.101,31.01541,0.6359762,30.80643209833311,30.806432091680552,0.0,0.0,0.0,0.0,6.6525607e-09,0.0,0.0,0.0
2006,4603.159,32.138054,0.6490351,30.795139163765842,30.795139155853395,0.0,0.0,0.0,0.0,7.912447e-09,0.0,0.0,0.0
2007,4604.2207,33.773453,0.6738871,30.783816516694696,30.783816507285234,0.0,0.0,0.0,0.0,9.409462e-09,0.0,0.0,0.0
2008,4605.2803,32.192963,0.6665522,30.772521455878895,30.77252144470068,0.0,0.0,0.0,0.0,1.1178214e-08,0.0,0.0,0.0
2009,4606.3423,32.080265,0.64806163,30.761207134557733,30.761207121282542,0.0,0.0,0.0,0.0,1.3275191e-08,0.0,0.0,0.0
2010,4607.402,32.31551,0.64945495,30.749925567073184,30.749925551325124,0.0,0.0,0.0,0.0,1.5748059e-08,0.0,0.0,0.0
2011,4608.4644,32.098324,0.6405325,30.738619564888104,30.738619546211098,0.0,0.0,0.0,0.0,1.8677007e-08,0.0,0.0,0.0
2012,4609.5244,32.301907,0.6425857,30.72734628066386,30.727346258537644,0.0,0.0,0.0,0.0,2.2126216e-08,0.0,0.0,0.0
2013,4610.5845,32.857563,0.6540349,30.71607972230852,30.716079696114804,0.0,0.0,0.0,0.0,2.6193717e-08,0.0,0.0,0.0
2014,4611.6484,32.358055,0.66384625,30.7047784049909,30.70477837398496,0.0,0.0,0.0,0.0,3.100594e-08,0.0,0.0,0.0
2015,4612.709,32.84972,0.669258,30.69352012495823,30.693520088302087,0.0,0.0,0.0,0.0,3.6656143e-08,0.0,0.0,0.0
2016,4613.773,33.322227,0.6690353,30.682232309583792,30.682232266255497,0.0,0.0,0.0,0.0,4.3328296e-08,0.0,0.0,0.0
2017,4614.834,33.402084,0.6597829,30.670982301668108,30.67098225051343,0.0,0.0,0.0,0.0,5.115468e-08,0.0,0.0,0.0
2018,4615.8984,33.580215,0.6541323,30.659702797156097,30.659702736772413,0.0,0.0,0.0,0.0,6.0383684e-08,0.0,0.0,0.0
2019,4616.96,33.792854,0.6522837,30.648461058456732,30.64846098726271,0.0,0.0,0.0,0.0,7.119402e-08,0.0,0.0,0.0
2020,4618.0225,33.402298,0.65057987,30.637215693791433,30.637215609898924,0.0,0.0,0.0,0.0,8.389251e-08,0.0,0.0,0.0
2021,4619.0874,33.75789,0.6540182,30.625951226617847,30.625951127796025,0.0,0.0,0.0,0.0,9.882182e-08,0.0,0.0,0.0
2022,4620.15,33.198174,0.6577676,30.61471929992053,30.61471918363955,0.0,0.0,0.0,0.0,1.1628098e-07,0.0,0.0,0.0
2023,4621.215,32.737686,0.6719564,30.603468291246294,30.603468154469063,0.0,0.0,0.0,0.0,1.3677723e-07,0.0,0.0,0.0
2024,4622.2783,32.577015,0.6930416,30.59223947396019,30.59223931322549,0.0,0.0,0.0,0.0,1.607347e-07,0.0,0.0,0.0
2025,4623.344,32.386333,0.75439435,30.580991607813726,30.58099141899113,0.0,0.0,0.0,0.0,1.888226e-07,0.0,0.0,0.0
2026,4624.4077,32.375645,0.7467158,30.56977621273187,30.569775991154547,0.0,0.0,0.0,0.0,2.2157732e-07,0.0,0.0,0.0
2027,4625.4717,32.68512,0.6677431,30.558562369059693,30.558562109213334,0.0,0.0,0.0,0.0,2.5984636e-07,0.0,0.0,0.0
2028,4626.538,32.454124,0.65829283,30.547329514529448,30.54732920991321,0.0,0.0,0.0,0.0,3.0461624e-07,0.0,0.0,0.0
2029,4627.6025,32.85712,0.6626825,30.53612393847767,30.536123581739457,0.0,0.0,0.0,0.0,3.567382e-07,0.0,0.0,0.0
2030,4628.67,33.002235,0.66918385,30.52489424404774,30.524893826387878,0.0,0.0,0.0,0.0,4.1765986e-07,0.0,0.0,0.0
2031,4629.735,32.318737,0.65324116,30.51369693975126,30.513696451296273,0.0,0.0,0.0,0.0,4.88455e-07,0.0,0.0,0.0
2032,4630.8022,32.298805,0.64024144,30.502480681397426,30.502480110354124,0.0,0.0,0.0,0.0,5.710433e-07,0.0,0.0,0.0
2033,4631.867,32.575863,0.63879263,30.491296774790808,30.491296107914334,0.0,0.0,0.0,0.0,6.668765e-07,0.0,0.0,0.0
2034,4632.933,32.40306,0.66753066,30.480109307529464,30.480108529189696,0.0,0.0,0.0,0.0,7.7833977e-07,0.0,0.0,0.0
2035,4634.0015,32.703007,0.66478395,30.468902934296647,30.46890202619785,0.0,0.0,0.0,0.0,9.080988e-07,0.0,0.0,0.0
2036,4635.0674,32.3656,0.63158464,30.457728869782816,30.45772781142964,0.0,0.0,0.0,0.0,1.0583532e-06,0.0,0.0,0.0
2037,4636.136,31.099234,0.62416303,30.4465308108543,30.446529577764224,0.0,0.0,0.0,0.0,1.2330901e-06,0.0,0.0,0.0
2038,4637.2036,31.307156,0.642246,30.435354809928786,30.43535337458903,0.0,0.0,0.0,0.0,1.4353398e-06,0.0,0.0,0.0
2039,4638.273,32.88563,0.67566156,30.424165082567093,30.424163412555195,0.0,0.0,0.0,0.0,1.6700119e-06,0.0,0.0,0.0
2040,4639.34,30.995955,0.69637394,30.413007608679923,30.413005667704088,0.0,0.0,0.0,0.0,1.9409758e-06,0.0,0.0,0.0
2041,4640.407,31.74994,0.68686223,30.40185173152434,30.401849477095247,0.0,0.0,0.0,0.0,2.254429e-06,0.0,0.0,0.0
2042,4641.477,32.60795,0.665203,30.390677066252113,30.390674448755693,0.0,0.0,0.0,0.0,2.6174964e-06,0.0,0.0,0.0
2043,4642.5444,31.014847,0.63393974,30.37953461720945,30.379531581410497,0.0,0.0,0.0,0.0,3.035799e-06,0.0,0.0,0.0
2044,4643.615,31.796204,0.64988357,30.368363230201766,30.368359710141448,0.0,0.0,0.0,0.0,3.5200603e-06,0.0,0.0,0.0
2045,4644.6836,32.5113,0.65508497,30.357224047794396,30.357219970558297,0.0,0.0,0.0,0.0,4.077236e-06,0.0,0.0,0.0
2046,4645.7544,31.510437,0.6476285,30.346066165007155,30.346061444248075,0.0,0.0,0.0,0.0,4.720759e-06,0.0,0.0,0.0
2047,4646.823,30.977097,0.6337273,30.33493538489968,30.334929924489032,0.0,0.0,0.0,0.0,5.4604106e-06,0.0,0.0,0.0
2048,4647.8926,31.186174,0.63342303,30.323806277855407,30.323799966063586,0.0,0.0,0.0,0.0,6.311792e-06,0.0,0.0,0.0
2049,4648.9644,31.52579,0.62755775,30.312658555124695,30.31265126209905,0.0,0.0,0.0,0.0,7.2930256e-06,0.0,0.0,0.0
2050,4650.0337,32.061314,0.6310179,30.30154301635067,30.301534598456065,0.0,0.0,0.0,0.0,8.417895e-06,0.0,0.0,0.0
2051,4651.106,31.78477,0.6356628,30.290403850038462,30.290394137047958,0.0,0.0,0.0,0.0,9.7129905e-06,0.0,0.0,0.0
2052,4652.176,31.781206,0.6407935,30.279296876249738,30.27928568069374,0.0,0.0,0.0,0.0,1.1195556e-05,0.0,0.0,0.0
2053,4653.2485,32.024067,0.644178,30.26816635799337,30.268153457995187,0.0,0.0,0.0,0.0,1.2899998e-05,0.0,0.0,0.0
2054,4654.3193,31.408094,0.6823686,30.257062991912274,30.257048142647758,0.0,0.0,0.0,0.0,1.48492645e-05,0.0,0.0,0.0
2055,4655.39,30.614023,0.66569215,30.24596653571624,30.245949455071045,0.0,0.0,0.0,0.0,1.7080645e-05,0.0,0.0,0.0
2056,4656.4634,31.8795,0.6402559,30.23485174687979,30.234832107642283,0.0,0.0,0.0,0.0,1.9639238e-05,0.0,0.0,0.0
2057,4657.5347,32.200306,0.63758737,30.223764179776488,30.223741620848166,0.0,0.0,0.0,0.0,2.2558928e-05,0.0,0.0,0.0
2058,4658.6084,31.83938,0.63569695,30.2126584013279,30.212632499473585,0.0,0.0,0.0,0.0,2.5901854e-05,0.0,0.0,0.0
2059,4659.68,31.217333,0.6471413,30.201579920646516,30.201550209635577,0.0,0.0,0.0,0.0,2.9711011e-05,0.0,0.0,0.0
2060,4660.755,30.548206,0.66961193,30.190478334261453,30.190444266099686,0.0,0.0,0.0,0.0,3.406816e-05,0.0,0.0,0.0
2061,4661.827,30.521692,0.6734961,30.179409195990743,30.179370172396162,0.0,0.0,0.0,0.0,3.9023595e-05,0.0,0.0,0.0
2062,4662.9023,31.658316,0.65302473,30.168317139864623,30.168272456226216,0.0,0.0,0.0,0.0,4.468364e-05,0.0,0.0,0.0
2063,4663.975,31.598349,0.6342967,30.15725766626874,30.15720655481291,0.0,0.0,0.0,0.0,5.1111456e-05,0.0,0.0,0.0
2064,4665.048,31.653889,0.6255518,30.146205677235976,30.146147255996603,0.0,0.0,0.0,0.0,5.842124e-05,0.0,0.0,0.0
2065,4666.123,31.062656,0.63265294,30.135136155542977,30.135069407763194,0.0,0.0,0.0,0.0,6.674778e-05,0.0,0.0,0.0
2066,4667.197,30.864876,0.68104374,30.124089451598866,30.124013260157245,0.0,0.0,0.0,0.0,7.619144e-05,2.4e-44,0.0,0.0
2067,4668.2734,31.034485,0.78850484,30.11302050949123,30.11293357095817,0.0,0.0,0.0,0.0,8.693853e-05,7e-44,0.0,0.0
2068,4669.347,29.396994,0.9313494,30.101989725719143,30.101890632327816,0.0,0.0,0.0,0.0,9.909339e-05,2.31e-43,0.0,0.0
2069,4670.424,28.87776,1.0839673,30.090937081921062,30.0908241771833,0.0,0.0,0.0,0.0,0.00011290474,7.17e-43,0.0,0.0
2070,4671.498,32.307972,1.135834,30.079917920132793,30.079789411369056,0.0,0.0,0.0,0.0,0.00012850876,2.267e-42,0.0,0.0
2071,4672.5728,32.531094,0.9642319,30.06890238739115,30.068756216633208,0.0,0.0,0.0,0.0,0.00014617076,7.008e-42,0.0,0.0
2072,4673.6504,30.191582,0.77253395,30.057865750905442,30.057699554907707,0.0,0.0,0.0,0.0,0.000166196,2.1717e-41,0.0,0.0
2073,4674.7256,29.90085,0.6860018,30.046863304041246,30.046674533191755,0.0,0.0,0.0,0.0,0.00018877085,6.6633e-41,0.0,0.0
2074,4675.8037,31.875902,0.67703986,30.035840404176895,30.035626075463995,0.0,0.0,0.0,0.0,0.00021432871,2.03624e-40,0.0,0.0
2075,4676.8794,32.036903,0.66409653,30.02485232061102,30.024609222892682,0.0,0.0,0.0,0.0,0.00024309772,6.16702e-40,0.0,0.0
2076,4677.9575,31.385706,0.63366264,30.013849565652595,30.013573961604084,0.0,0.0,0.0,0.0,0.00027560405,1.860189e-39,0.0,0.0
2077,4679.034,30.988737,0.6496707,30.002872451386352,30.002560277938315,0.0,0.0,0.0,0.0,0.00031217345,5.565763e-39,0.0,0.0
2078,4680.1104,31.466606,0.65577835,29.991911474162077,29.99155815881171,0.0,0.0,0.0,0.0,0.00035331535,1.6535987e-38,0.0,0.0
2079,4681.1895,32.118065,0.69106334,29.980932396547576,29.980532677933514,0.0,0.0,0.0,0.0,0.0003997186,4.8951066e-38,0.0,0.0
2080,4682.266,31.40739,0.6736773,29.969990469489424,29.969538712295183,0.0,0.0,0.0,0.0,0.0004517572,1.436054e-37,0.0,0.0
2081,4683.346,30.697756,0.66523504,29.959026825241935,29.9585164342776,0.0,0.0,0.0,0.0,0.00051039096,4.1994695e-37,0.0,0.0
2082,4684.4233,31.060768,0.6736716,29.948106640504168,29.94753062121706,0.0,0.0,0.0,0.0,0.0005760193,1.2164646e-36,0.0,0.0
2083,4685.504,31.119753,0.68006194,29.93716638700277,29.93651653252015,0.0,0.0,0.0,0.0,0.0006498545,3.5123655e-36,0.0,0.0
2084,4686.5815,30.567938,0.70989233,29.92627124025049,29.92553886814304,0.0,0.0,0.0,0.0,0.0007323721,1.0045955e-35,0.0,0.0
2085,4687.6597,29.94231,0.6849805,29.915387587394246,29.914562782219758,0.0,0.0,0.0,0.0,0.0008248052,2.855785e-35,0.0,0.0
2086,4688.7407,29.721478,0.68341464,29.904491959518182,29.903563445230375,0.0,0.0,0.0,0.0,0.0009285143,8.0876594e-35,0.0,0.0
2087,4689.8193,30.359447,0.6998427,29.893639716679207,29.892595505119278,0.0,0.0,0.0,0.0,0.0010442116,2.2700408e-34,0.0,0.0
2088,4690.901,28.732767,0.67915505,29.882778173937016,29.881604344626442,0.0,0.0,0.0,0.0,0.0011738293,6.347281e-34,0.0,0.0
2089,4691.98,28.517794,0.63556015,29.871962757036673,29.87064454641717,0.0,0.0,0.0,0.0,0.0013182106,1.758997e-33,0.0,0.0
2090,4693.062,29.188892,0.645077,29.861141275789542,29.85966155846878,0.0,0.0,0.0,0.0,0.0014797173,4.8558573e-33,0.0,0.0
2091,4694.1416,29.374823,0.6322818,29.850369247435196,29.848709898246057,0.0,0.0,0.0,0.0,0.0016593492,1.3286176e-32,0.0,0.0
2092,4695.2217,30.259129,0.6147833,29.83961932994904,29.83775982300764,0.0,0.0,0.0,0.0,0.0018595069,3.6129903e-32,0.0,0.0
2093,4696.304,28.884363,0.5950528,29.828874347866314,29.826791552728775,0.0,0.0,0.0,0.0,0.0020827951,9.7820155e-32,0.0,0.0
2094,4697.385,28.232983,0.58381534,29.81818030038853,29.815849612560168,0.0,0.0,0.0,0.0,0.0023306878,2.626265e-31,0.0,0.0
2095,4698.468,28.766354,0.5951496,29.8074963078581,29.804889501978476,0.0,0.0,0.0,0.0,0.0026068059,7.0198896e-31,0.0,0.0
2096,4699.5483,29.08902,0.6180029,29.796873367623842,29.79396062996187,0.0,0.0,0.0,0.0,0.0029127377,1.8598807e-30,0.0,0.0
2097,4700.6323,28.694159,0.6177471,29.78625702945964,29.783003738098607,0.0,0.0,0.0,0.0,0.0032532914,4.9101253e-30,0.0,0.0
2098,4701.7134,28.831966,0.61280817,29.77571286019613,29.772082987387897,0.0,0.0,0.0,0.0,0.0036298728,1.2843327e-29,0.0,0.0
2099,4702.7954,29.095058,0.6703649,29.765206334398716,29.76115889403376,0.0,0.0,0.0,0.0,0.0040474404,3.3401367e-29,0.0,0.0
2100,4703.88,28.622856,0.6729314,29.75472747774285,29.750216694618135,0.0,0.0,0.0,0.0,0.004510783,8.647543e-29,0.0,0.0
2101,4704.962,28.872126,0.96716297,29.744327854284847,29.739305650735105,0.0,0.0,0.0,0.0,0.0050222035,2.219273e-28,0.0,0.0
2102,4706.047,29.28674,1.3052765,29.733960659621722,29.728371600067682,0.0,0.0,0.0,0.0,0.0055890596,5.6720866e-28,0.0,0.0
2103,4707.1294,28.612667,1.7981802,29.72368243572083,29.717468670595107,0.0,0.0,0.0,0.0,0.006213765,1.4370369e-27,0.0,0.0
2104,4708.215,27.789066,0.7006307,29.713447880831,29.70654276469016,0.0,0.0,0.0,0.0,0.006905116,3.6257295e-27,0.0,0.0
2105,4709.298,29.740486,0.66588145,29.70331379403839,29.695647945678925,0.0,0.0,0.0,0.0,0.0076658484,9.068262e-27,0.0,0.0
2106,4710.3813,28.194408,0.95213187,29.693259162358153,29.684754718556214,0.0,0.0,0.0,0.0,0.008504444,2.2539659e-26,0.0,0.0
2107,4711.468,28.124765,0.8105581,29.68326892807786,29.67383856337224,0.0,0.0,0.0,0.0,0.009430365,5.578789e-26,0.0,0.0
2108,4712.552,29.590355,0.6727445,29.673400308963327,29.662953446645705,0.0,0.0,0.0,0.0,0.010446862,1.3688274e-25,0.0,0.0
2109,4713.638,29.466969,0.60241234,29.663617257644677,29.65205033091947,0.0,0.0,0.0,0.0,0.011566927,3.3430113e-25,0.0,0.0
2110,4714.722,27.935707,0.5981373,29.65397279575609,29.64117821358286,0.0,0.0,0.0,0.0,0.012794582,8.0939663e-25,0.0,0.0
2111,4715.8096,27.825851,0.66125923,29.644424767690918,29.630278329822442,0.0,0.0,0.0,0.0,0.014146438,1.9520389e-24,0.0,0.0
2112,4716.895,27.568357,0.75428945,29.63503110747512,29.619404526089387,0.0,0.0,0.0,0.0,0.015626581,4.6690346e-24,0.0,0.0
2113,4717.98,28.346582,0.75794494,29.625790021441418,29.608542100585538,0.0,0.0,0.0,0.0,0.01724792,1.1089172e-23,0.0,0.0
2114,4719.068,29.415346,0.72445184,29.616685129704816,29.597656849774463,0.0,0.0,0.0,0.0,0.01902828,2.6222713e-23,0.0,0.0
2115,4720.1533,29.23431,0.64729375,29.607774563790045,29.586802514926276,0.0,0.0,0.0,0.0,0.020972049,6.1476896e-23,0.0,0.0
2116,4721.2417,28.320099,0.58009994,29.599028469291028,29.57592538487583,0.0,0.0,0.0,0.0,0.023103084,1.4349478e-22,0.0,0.0
2117,4722.3276,29.11116,0.5775266,29.590505196667387,29.565079136706068,0.0,0.0,0.0,0.0,0.02542606,3.3206977e-22,0.0,0.0
2118,4723.417,28.063345,0.56788695,29.582175250098253,29.554205250859404,0.0,0.0,0.0,0.0,0.02797,7.65338e-22,0.0,0.0
2119,4724.504,28.376423,0.573857,29.574101006388343,29.543362218662775,0.0,0.0,0.0,0.0,0.030738788,1.7488513e-21,0.0,0.0
2120,4725.5903,29.512787,0.5795884,29.566285439225847,29.53253052422684,0.0,0.0,0.0,0.0,0.033754915,3.9681607e-21,0.0,0.0
2121,4726.6797,28.781893,0.5721806,29.55872454345878,29.521676106757482,0.0,0.0,0.0,0.0,0.037048437,8.9632564e-21,0.0,0.0
2122,4727.7676,26.97718,0.57056415,29.55147041232294,29.510842761406362,0.0,0.0,0.0,0.0,0.04062765,2.0088815e-20,0.0,0.0
2123,4728.8574,29.05265,0.5758779,29.544522889780502,29.499996450620394,0.0,0.0,0.0,0.0,0.04452644,4.4786802e-20,0.0,0.0
2124,4729.946,28.406351,0.5656043,29.537927859812157,29.489171189605372,0.0,0.0,0.0,0.0,0.04875667,9.90747e-20,0.0,0.0
2125,4731.036,27.59569,0.61751336,29.531690135596136,29.4783329814652,0.0,0.0,0.0,0.0,0.053357154,2.1800477e-19,0.0,0.0
2126,4732.1245,28.137474,0.8201982,29.525859068680138,29.467520650077194,0.0,0.0,0.0,0.0,0.05833842,4.758212e-19,0.0,0.0
2127,4733.213,28.670137,0.67649806,29.520451431963423,29.456714769694784,0.0,0.0,0.0,0.0,0.06373666,1.0315869e-18,0.0,0.0
2128,4734.3047,27.83944,0.59618294,29.515482630875997,29.445881430355005,0.0,0.0,0.0,0.0,0.0696012,2.2268575e-18,0.0,0.0
2129,4735.394,27.45623,0.61638623,29.511011836503968,29.43507877496384,0.0,0.0,0.0,0.0,0.07593306,4.766626e-18,0.0,0.0
2130,4736.486,28.078758,0.59396285,29.507052864950143,29.424258377473794,0.0,0.0,0.0,0.0,0.08279449,1.0151678e-17,0.0,0.0
2131,4737.5757,27.99806,0.55356747,29.503657612444098,29.41346378946417,0.0,0.0,0.0,0.0,0.09019382,2.1446388e-17,0.0,0.0
2132,4738.668,27.96067,0.5546682,29.500850359138788,29.402651483353914,0.0,0.0,0.0,0.0,0.098198876,4.507791e-17,0.0,0.0
2133,4739.759,28.401167,0.563262,29.49868155489173,29.391860129632615,0.0,0.0,0.0,0.0,0.106821425,9.401784e-17,0.0,0.0
2134,4740.849,27.710188,0.5573594,29.497189073090322,29.381080044631727,0.0,0.0,0.0,0.0,0.11610903,1.9471011e-16,0.0,0.0
2135,4741.942,27.870285,0.55509895,29.496414345591923,29.370282274573704,0.0,0.0,0.0,0.0,0.12613207,4.0118082e-16,0.0,0.0
2136,4743.0327,27.492746,0.57559025,29.496406702370074,29.359510241121676,0.0,0.0,0.0,0.0,0.13689646,8.1997284e-16,0.0,0.0
2137,4744.1274,27.242353,0.57518035,29.497216251978518,29.348706093916537,0.0,0.0,0.0,0.0,0.14851016,1.6688853e-15,0.0,0.0
2138,4745.2188,27.43204,0.5744875,29.49888839637283,29.33794211660865,0.0,0.0,0.0,0.0,0.16094628,3.3663192e-15,0.0,0.0
2139,4746.313,27.794962,0.69514394,29.501484643296337,29.327155690268604,0.0,0.0,0.0,0.0,0.17432895,6.7570715e-15,0.0,0.0
2140,4747.405,27.87981,0.8108629,29.50504744674494,29.316399759309775,0.0,0.0,0.0,0.0,0.18864769,1.3450864e-14,0.0,0.0
2141,4748.5,26.932077,0.67299175,29.509654239402675,29.305616602884168,0.0,0.0,0.0,0.0,0.20403764,2.6652147e-14,0.0,0.0
2142,4749.5923,27.260075,0.60626066,29.515338251495415,29.294868717098236,0.0,0.0,0.0,0.0,0.22046953,5.235744e-14,0.0,0.0
2143,4750.6846,27.540363,0.57451653,29.522171460443264,29.28412724321427,0.0,0.0,0.0,0.0,0.23804422,1.0216189e-13,0.0,0.0
2144,4751.78,27.133226,0.57406896,29.530240664658795,29.273363391337444,0.0,0.0,0.0,0.0,0.25687727,1.9834935e-13,0.0,0.0
2145,4752.873,27.06034,0.57157123,29.53957730088062,29.26262515339641,0.0,0.0,0.0,0.0,0.27695215,3.8204482e-13,0.0,0.0
2146,4753.969,27.935709,0.58712786,29.550293108155202,29.251864572693044,0.0,0.0,0.0,0.0,0.29842854,7.321642e-13,0.0,0.0
2147,4755.063,26.67661,0.5759726,29.5624067160602,29.241134372661666,0.0,0.0,0.0,0.0,0.32127234,1.3916341e-12,0.0,0.0
2148,4756.159,28.267904,0.5785101,29.57604470919212,29.23038664530094,0.0,0.0,0.0,0.0,0.34565806,2.6309432e-12,0.0,0.0
2149,4757.2534,28.037457,0.56881785,29.591227791650617,29.21966447625414,0.0,0.0,0.0,0.0,0.37156332,4.934647e-12,0.0,0.0
2150,4758.3477,27.097542,0.54413635,29.60805523722978,29.208948704885305,0.0,0.0,0.0,0.0,0.39910653,9.192918e-12,0.0,0.0
2151,4759.4453,27.242765,0.55022126,29.626665409166435,29.198205884041055,0.0,0.0,0.0,0.0,0.42845953,1.7042572e-11,0.0,0.0
2152,4760.54,25.857393,0.5329531,29.64703215682219,29.187498137559064,0.0,0.0,0.0,0.0,0.45953402,3.132911e-11,0.0,0.0
2153,4761.638,27.464506,0.54190475,29.669356247916866,29.17676337667044,0.0,0.0,0.0,0.0,0.49259287,5.7309244e-11,0.0,0.0
2154,4762.7334,26.380255,0.54117936,29.693593307990156,29.166063650999146,0.0,0.0,0.0,0.0,0.52752966,1.03954706e-10,0.0,0.0
2155,4763.8315,26.823137,0.53812706,29.71995743860021,29.15534171194168,0.0,0.0,0.0,0.0,0.5646157,1.8758248e-10,0.0,0.0
2156,4764.9272,27.759697,0.5462106,29.74840666667667,29.144650000157448,0.0,0.0,0.0,0.0,0.60375667,3.357485e-10,0.0,0.0
2157,4766.0234,27.1406,0.54162794,29.779097752883384,29.133959905816482,0.0,0.0,0.0,0.0,0.64513785,5.970235e-10,0.0,0.0
2158,4767.1226,27.604492,0.54164654,29.812196873210905,29.123247644821827,0.0,0.0,0.0,0.0,0.6889492,1.0560087e-09,0.0,0.0
2159,4768.219,27.35627,0.5414016,29.847631681649663,29.112565563940684,0.0,0.0,0.0,0.0,0.7350661,1.8528086e-09,0.0,0.0
2160,4769.319,27.096802,0.5469049,29.885665288677075,29.101861345624222,0.0,0.0,0.0,0.0,0.78380394,3.2335166e-09,0.0,0.0
2161,4770.416,27.770706,0.55521435,29.92620257664258,29.09118727410876,0.0,0.0,0.0,0.0,0.8350153,5.597789e-09,0.0,0.0
2162,4771.516,28.180756,0.55400807,29.969531335679903,29.08049109433645,0.0,0.0,0.0,0.0,0.88904023,9.638742e-09,0.0,0.0
2163,4772.614,27.572166,0.54449415,30.01552878944063,29.069825028088424,0.0,0.0,0.0,0.0,0.94570374,1.6463899e-08,0.0,0.0
2164,4773.712,27.427855,0.5390297,30.064397000120263,29.059160584930353,0.0,0.0,0.0,0.0,1.0052364,2.7937102e-08,0.0,0.0
2165,4774.8125,27.67537,0.53989375,30.116319440948256,29.048478817639236,0.0,0.0,0.0,0.0,1.0678406,4.7137146e-08,0.0,0.0
2166,4775.911,27.618843,0.5400657,30.171174854223157,29.037822376434097,0.0,0.0,0.0,0.0,1.1333524,7.8916685e-08,0.0,0.0
2167,4777.012,27.769135,0.5485382,30.229265732128873,29.027148634512677,0.0,0.0,0.0,0.0,1.202117,1.3136864e-07,0.0,0.0
2168,4778.1113,27.835999,0.54562443,30.290442640274026,29.016500191148612,0.0,0.0,0.0,0.0,1.2739422,2.1699346e-07,0.0,0.0
2169,4779.213,27.273428,0.54478425,30.355028399821904,29.00583447045217,0.0,0.0,0.0,0.0,1.3491936,3.563717e-07,0.0,0.0
2170,4780.3125,26.801107,0.5386741,30.42284159616736,28.9951940208133,0.0,0.0,0.0,0.0,1.427647,5.807633e-07,0.0,0.0
2171,4781.412,28.332504,0.54166466,30.494063390560303,28.984559920479956,0.0,0.0,0.0,0.0,1.5095025,9.399824e-07,0.0,0.0
2172,4782.5146,27.218536,0.54269373,30.56896345359526,28.973903857159556,0.0,0.0,0.0,0.0,1.5950581,1.5129015e-06,0.0,0.0
2173,4783.615,27.62736,0.5503235,30.64727569651716,28.963273026537014,0.0,0.0,0.0,0.0,1.6840003,2.4163028e-06,0.0,0.0
2174,4784.7183,28.005215,0.5498438,30.729373420478307,28.95262497970921,0.0,0.0,0.0,0.0,1.7767446,3.8366584e-06,0.0,0.0
2175,4785.819,26.687468,0.5406585,30.8149432990749,28.942006847529672,0.0,0.0,0.0,0.0,1.8729304,6.044021e-06,0.0,0.0
2176,4786.9224,27.596436,0.546348,30.90445238273743,28.931366810209067,0.0,0.0,0.0,0.0,1.9730761,9.467411e-06,0.0,0.0
2177,4788.0234,27.99507,0.55117565,30.99750710303718,28.920756654509688,0.0,0.0,0.0,0.0,2.0767357,1.4713588e-05,0.0,0.0
2178,4789.125,28.404682,0.5518373,31.094377804557205,28.9101481273052,0.0,0.0,0.0,0.0,2.184207,2.2714667e-05,0.0,0.0
2179,4790.2295,28.196161,0.55381125,31.195323967030955,28.89951774103417,0.0,0.0,0.0,0.0,2.2957714,3.48656e-05,0.0,0.0
2180,4791.3315,27.658157,0.55514175,31.299875888050618,28.88891718973292,0.0,0.0,0.0,0.0,2.4109056,5.3098724e-05,0.0,0.0
2181,4792.4365,27.679329,0.57083064,31.408557331608744,28.878294808168857,0.0,0.0,0.0,0.0,2.5301821,8.0400256e-05,0.0,0.0
2182,4793.5386,28.570484,0.57764846,31.520798240734692,28.867706918358707,0.0,0.0,0.0,0.0,2.6529706,0.00012076993,0.0,0.0
2183,4794.644,29.574333,0.58174545,31.637244045150833,28.857092534510553,0.0,0.0,0.0,0.0,2.7799711,0.0001803879,0.0,0.0
2184,4795.7476,28.863554,0.5735431,31.757327420618942,28.84650323564359,0.0,0.0,0.0,0.0,2.9105568,0.00026739176,0.0,0.0
2185,4796.8506,29.155554,0.58602315,31.881178152952327,28.83592493893344,0.0,0.0,0.0,0.0,3.0448596,0.00039356627,0.0,0.0
2186,4797.9565,29.558271,0.5880712,32.00917120979875,28.82532488098377,0.0,0.0,0.0,0.0,3.1832705,0.0005758744,0.0,0.0
2187,4799.0605,29.033195,0.5707807,32.14072136143018,28.81474986432381,0.0,0.0,0.0,0.0,3.3251352,0.0008362661,0.0,0.0
2188,4800.167,29.859182,0.5769924,32.27632422430172,28.804157793630946,0.0,0.0,0.0,0.0,3.4709594,0.0012070057,0.0,0.0
2189,4801.271,30.582918,0.58509463,32.41535308327764,28.793595407151198,0.0,0.0,0.0,0.0,3.620029,0.0017287035,0.0,0.0
2190,4802.378,30.17625,0.5646797,32.558461242294655,28.7830113167267,0.0,0.0,0.0,0.0,3.7729888,0.0024611293,0.0,0.0
2191,4803.4834,29.941137,0.5591824,32.7050678334158,28.772447548569748,0.0,0.0,0.0,0.0,3.9291422,0.0034780481,0.0,0.0
2192,4804.5884,30.720675,0.5661479,32.85528911440633,28.761894748779017,0.0,0.0,0.0,0.0,4.088514,0.0048805145,0.0,0.0
2193,4805.6963,31.709177,0.5762172,33.00961332240705,28.751320290692195,0.0,0.0,0.0,0.0,4.251486,0.006807207,0.0,0.0
2194,4806.802,31.49476,0.5778444,33.167336496218326,28.74077543771941,0.0,0.0,0.0,0.0,4.417139,0.009422005,0.0,0.0
2195,4807.91,31.71912,0.57366174,33.32930779850207,28.730208954979698,0.0,0.0,0.0,0.0,4.586137,0.012962026,0.0,0.0
2196,4809.016,31.551912,0.58002055,33.49487333736026,28.71967204465174,0.0,0.0,0.0,0.0,4.757505,0.017696353,0.0,0.0
2197,4810.125,31.766495,0.57783866,33.66503380462244,28.709113533046988,0.0,0.0,0.0,0.0,4.931908,0.02401214,0.0,0.0
2198,4811.232,32.09473,0.57406276,33.83931738258683,28.698579916072713,0.0,0.0,0.0,0.0,5.1083984,0.03233903,0.0,0.0
2199,4812.339,32.47978,0.58265686,34.018394073981234,28.688052585858294,0.0,0.0,0.0,0.0,5.2870893,0.04325214,0.0,0.0
2200,4813.448,33.826477,0.5973976,34.20316463344002,28.677508339362383,0.0,0.0,0.0,0.0,5.468173,0.057483267,0.0,0.0
2201,4814.555,34.23318,0.59933054,34.39345049129143,28.666993580919648,0.0,0.0,0.0,0.0,5.6506367,0.07582024,0.0,0.0
2202,4815.6655,33.908363,0.6124986,34.59106412495535,28.656452655448135,0.0,0.0,0.0,0.0,5.835215,0.09939638,0.0,0.0
2203,4816.774,34.00451,0.6268868,34.79605288415794,28.645936559733194,0.0,0.0,0.0,0.0,6.020779,0.12933719,0.0,0.0
2204,4817.885,34.785267,0.65565145,35.01043621758251,28.635403598940655,0.0,0.0,0.0,0.0,6.20781,0.1672227,0.0,0.0
2205,4818.9927,36.05645,0.66236657,35.23460392669273,28.62490469232631,0.0,0.0,0.0,0.0,6.3951397,0.21455954,0.0,0.0
2206,4820.1016,37.211834,0.6421034,35.47100147650098,28.614402801249973,0.0,0.0,0.0,0.0,6.583153,0.2734459,0.0,0.0
2207,4821.213,36.041107,0.62785906,35.72195423186256,28.603884076480405,0.0,0.0,0.0,0.0,6.771819,0.34625104,0.0,0.0
2208,4822.322,37.669495,0.6618489,35.9885759375148,28.59339472866585,0.0,0.0,0.0,0.0,6.960014,0.43516734,0.0,0.0
2209,4823.434,36.569603,0.6357506,36.27479806574078,28.582879335005007,0.0,0.0,0.0,0.0,7.1484337,0.54348505,0.0,0.0
2210,4824.544,36.091637,0.6233623,36.58187740361318,28.572393291350448,0.0,0.0,0.0,0.0,7.335775,0.6737092,0.0,0.0
2211,4825.6562,38.83947,0.6392856,36.914138293649316,28.561890459443685,0.0,0.0,0.0,0.0,7.5225472,0.8297006,0.0,0.0
2212,4826.766,38.12649,0.6344313,37.27325696359313,28.551416939598685,0.0,0.0,0.0,0.0,7.7076087,1.0142313,0.0,0.0
2213,4827.8765,38.87474,0.6402225,37.66335476469436,28.540945063347014,0.0,0.0,0.0,0.0,7.8911266,1.2312831,0.0,0.0
2214,4828.9897,38.514576,0.64673465,38.08871811123707,28.53045182915547,0.0,0.0,0.0,0.0,8.073168,1.4850985,0.0,0.0
2215,4830.1006,39.023495,0.64564073,38.55051402241778,28.51998786122393,0.0,0.0,0.0,0.0,8.252517,1.7780094,0.0,0.0
2216,4831.215,39.85916,0.64938915,39.05424150595568,28.509497968052848,0.0,0.0,0.0,0.0,8.42978,2.1149635,0.0,0.0
2217,4832.326,40.392387,0.65918714,39.59971915877779,28.49904190696199,0.0,0.0,0.0,0.0,8.603609,2.4970682,0.0,0.0
2218,4833.4404,42.35698,0.67132354,40.19199352783302,28.488564544144666,0.0,0.0,0.0,0.0,8.774582,2.928847,0.0,0.0
2219,4834.5522,42.893223,0.6824367,40.82974325594084,28.478116382924487,0.0,0.0,0.0,0.0,8.941535,3.4100919,0.0,0.0
2220,4835.6675,43.225227,0.68965995,41.51706534292789,28.46764236357303,0.0,0.0,0.0,0.0,9.105008,3.9444149,0.0,0.0
2221,4836.7793,43.263702,0.6857398,42.24942012238792,28.457206682446515,0.0,0.0,0.0,0.0,9.263667,4.5285463,0.0,0.0
2222,4837.892,43.78332,0.68018764,43.02806641738238,28.446768066094535,0.0,0.0,0.0,0.0,9.417827,5.1634717,0.0,0.0
2223,4839.0083,45.05981,0.69763494,43.85219815290442,28.43630364454261,0.0,0.0,0.0,0.0,9.567475,5.848419,0.0,0.0
2224,4840.121,45.580204,0.70355344,44.71258728466267,28.425877499201242,0.0,0.0,0.0,0.0,9.711378,6.5753317,0.0,0.0
2225,4841.2373,45.53505,0.7430956,45.6088459867683,28.415425576612055,0.0,0.0,0.0,0.0,9.850111,7.3433094,0.0,0.0
2226,4842.351,48.799034,0.79037005,46.52915492908133,28.40500274554861,0.0,0.0,0.0,0.0,9.982639,8.141513,0.0,0.0
2227,4843.468,49.616234,0.77455294,47.46930582696535,28.39455874139406,0.0,0.0,0.0,0.0,10.109306,8.965441,0.0,0.0
2228,4844.5815,48.39044,0.7534511,48.41434550274926,28.384148359194576,0.0,0.0,0.0,0.0,10.229168,9.801029,0.0,0.0
2229,4845.6963,49.21782,0.7435793,49.35631143603615,28.37373506579689,0.0,0.0,0.0,0.0,10.342395,10.640182,0.0,0.0
2230,4846.814,51.808903,0.7536147,50.28448995198295,28.36330064381644,0.0,0.0,0.0,0.0,10.448895,11.472294,0.0,0.0
2231,4847.9287,51.763485,0.75942475,51.18091988601189,28.3528997901867,0.0,0.0,0.0,0.0,10.547869,12.280151,0.0,0.0
2232,4849.047,53.09552,0.7698669,52.03708768904603,28.342473278645645,0.0,0.0,0.0,0.0,10.639647,13.054968,0.0,0.0
2233,4850.162,54.322636,0.78525484,52.83444350289099,28.33208029793494,0.0,0.0,0.0,0.0,10.723494,13.77887,0.0,0.0
2234,4851.281,54.195503,0.79266125,53.56405423251108,28.32166169253306,0.0,0.0,0.0,0.0,10.799687,14.442705,0.0,0.0
2235,4852.3965,53.87549,0.79571724,54.20901694455732,28.31127658048261,0.0,0.0,0.0,0.0,10.867614,15.030127,0.0,0.0
2236,4853.5127,55.397896,0.802338,54.75994139311462,28.300893121935424,0.0,0.0,0.0,0.0,10.927348,15.5317,0.0,0.0
2237,4854.6323,57.102646,0.8326134,55.207533499099455,28.29048409114047,0.0,0.0,0.0,0.0,10.978862,15.938188,0.0,0.0
2238,4855.749,55.995083,0.82800055,55.54075341300896,28.280108500289234,0.0,0.0,0.0,0.0,11.021738,16.238907,0.0,0.0
2239,4856.8687,55.75256,0.8357267,55.75496523704921,28.269711903003802,0.0,0.0,0.0,0.0,11.0561,16.429153,0.0,0.0
2240,4857.986,55.96344,0.9015632,55.84498984852641,28.259344172867227,0.0,0.0,0.0,0.0,11.081697,16.503948,0.0,0.0
2241,4859.107,55.302517,0.8700409,55.80943987860536,28.248946409367075,0.0,0.0,0.0,0.0,11.098593,16.4619,0.0,0.0
2242,4860.2246,56.024044,0.8164694,55.64931499566347,28.238586541073623,0.0,0.0,0.0,0.0,11.106634,16.304094,0.0,0.0
2243,4861.343,56.98172,0.8044754,55.36785769504094,28.228228331027264,0.0,0.0,0.0,0.0,11.105864,16.033766,0.0,0.0
2244,4862.464,56.838814,0.8029479,54.96957438313261,28.217849186294234,0.0,0.0,0.0,0.0,11.096239,15.655486,0.0,0.0
2245,4863.582,56.481968,0.8045383,54.46436694221198,28.207503348156802,0.0,0.0,0.0,0.0,11.077837,15.179027,0.0,0.0
2246,4864.704,54.79052,0.8030496,53.85875533938666,28.19712756991645,0.0,0.0,0.0,0.0,11.050575,14.6110525,0.0,0.0
2247,4865.823,51.631996,0.78657347,53.167594278157154,28.186785066426197,0.0,0.0,0.0,0.0,11.014675,13.966134,0.0,0.0
2248,4866.945,50.019394,0.76346785,52.40014197387674,28.17642619171121,0.0,0.0,0.0,0.0,10.970053,13.253663,0.0,0.0
2249,4868.065,49.01422,0.7385047,51.57228171355618,28.16608702666653,0.0,0.0,0.0,0.0,10.91696,12.489235,0.0,0.0
2250,4869.1846,47.406063,0.7293628,50.69714227922025,28.15575853593412,0.0,0.0,0.0,0.0,10.855499,11.685884,0.0,0.0
2251,4870.307,47.937035,0.7241703,49.78563556821799,28.14540920408225,0.0,0.0,0.0,0.0,10.785601,10.854626,0.0,0.0
2252,4871.4277,47.110126,0.71462804,48.85503663405198,28.13508405073899,0.0,0.0,0.0,0.0,10.70772,10.012233,0.0,0.0
2253,4872.5513,43.92322,0.6869397,47.91397511147652,28.124738089076615,0.0,0.0,0.0,0.0,10.621691,9.167546,0.0,0.0
2254,4873.6724,44.82762,0.68912506,46.97862613761347,28.11442077720087,0.0,0.0,0.0,0.0,10.528121,8.336084,0.0,0.0
2255,4874.796,43.264126,0.6905436,46.0554192662518,28.104087173966644,0.0,0.0,0.0,0.0,10.42682,7.5245123,0.0,0.0
2256,4875.917,44.47188,0.71083313,45.157442328266285,28.093782183460373,0.0,0.0,0.0,0.0,10.3184595,6.7452006,0.0,0.0
2257,4877.039,43.275394,0.70382893,44.28951523008709,28.08347437086468,0.0,4.6e-44,0.0,0.0,10.202974,6.0030665,0.0,0.0
2258,4878.1636,41.385933,0.6769631,43.45673241771384,28.0731503025405,0.0,7.23e-43,0.0,0.0,10.080443,5.3031387,0.0,0.0
2259,4879.286,41.997494,0.6625385,42.66692861615806,28.06285032331138,0.0,1.1855e-41,0.0,0.0,9.951618,4.65246,0.0,0.0
2260,4880.411,41.384,0.6597171,41.92014122698808,28.052534110288857,0.0,1.88775e-40,0.0,0.0,9.8162775,4.0513296,0.0,0.0
2261,4881.5337,39.89304,0.6475174,41.221351000186644,28.042246433612544,0.0,2.869105e-39,0.0,0.0,9.67531,3.5037944,0.0,0.0
2262,4882.6597,40.67194,0.6627159,40.56748562286262,28.03193359802131,0.0,4.2230447e-38,0.0,0.0,9.528282,3.0072699,0.0,0.0
2263,4883.7827,40.039818,0.6493022,39.96171697885558,28.021653740711653,0.0,5.9290866e-37,0.0,0.0,9.376339,2.5637243,0.0,0.0
2264,4884.9062,39.206142,0.6363403,39.40060794712747,28.011375550048005,0.0,8.005383e-36,0.0,0.0,9.219359,2.169873,0.0,0.0
2265,4886.0327,39.625675,0.64411134,38.88098646857799,28.00107671477855,0.0,1.0451712e-34,0.0,0.0,9.057316,1.8225939,0.0,0.0
2266,4887.1562,38.264915,0.63004524,38.402861523868495,27.990810799838957,0.0,1.3019634e-33,0.0,0.0,8.891391,1.5206599,0.0,0.0
2267,4888.2837,39.005867,0.63053185,37.96028922616529,27.980515347114075,0.0,1.5713012e-32,0.0,0.0,8.720911,1.2588629,0.0,0.0
2268,4889.408,38.048973,0.6327541,37.5527018617841,27.970252783224222,0.0,1.8096274e-31,0.0,0.0,8.547255,1.0351945,0.0,0.0
2269,4890.5356,37.910393,0.62819725,37.17456852313235,27.959969629013084,0.0,2.0142402e-30,0.0,0.0,8.369864,0.84473443,0.0,0.0
2270,4891.6606,37.860847,0.62111896,36.82433703816306,27.94971487200629,0.0,2.1420965e-29,0.0,0.0,8.189936,0.6846865,0.0,0.0
2271,4892.786,36.908268,0.6122666,36.49775942020461,27.939461786079853,0.0,2.1901788e-28,0.0,0.0,8.007354,0.55094385,0.0,0.0
2272,4893.914,37.750076,0.62119645,36.19127457800623,27.92919259730097,0.0,2.161355e-27,0.0,0.0,7.8221445,0.43993747,0.0,0.0
2273,4895.04,38.402,0.6312606,35.90323529162983,27.918947314411202,0.0,2.0402898e-26,0.0,0.0,7.6353717,0.3489163,0.0,0.0
2274,4896.1694,37.719707,0.64232767,35.62970587737162,27.90867707259257,0.0,1.8620623e-25,0.0,0.0,7.446485,0.27454376,0.0,0.0
2275,4897.2954,37.114098,0.6328167,35.37004120970872,27.898444029938243,0.0,1.6211309e-24,0.0,0.0,7.256966,0.21463107,0.0,0.0
2276,4898.425,36.813545,0.62327826,35.120648014473545,27.888186055349934,0.0,1.364172e-23,0.0,0.0,7.066,0.16646197,0.0,0.0
2277,4899.5513,36.12936,0.6108777,34.881205365666894,27.877960801729706,0.0,1.096319e-22,0.0,0.0,6.874983,0.12826173,0.0,0.0
2278,4900.6787,35.183624,0.6016318,34.64940509630537,27.86773278994656,0.0,8.476357e-22,0.0,0.0,6.6835756,0.098096676,0.0,0.0
2279,4901.8086,35.17192,0.62363535,34.42377022151465,27.85748875383849,0.0,6.3205186e-21,0.0,0.0,6.491839,0.074442536,0.0,0.0
2280,4902.9365,34.74868,0.6260884,34.204204524264384,27.847268535152725,0.0,4.5099276e-20,0.0,0.0,6.300823,0.056112777,0.0,0.0
2281,4904.067,35.034424,0.6210008,33.98907361861122,27.837032313754683,0.0,3.1029272e-19,0.0,0.0,6.1100755,0.04196583,0.0,0.0
2282,4905.1953,35.026722,0.6236637,33.77861857241933,27.826819883799,0.0,2.0430941e-18,0.0,0.0,5.9206233,0.031175386,0.0,0.0
2283,4906.326,34.387268,0.599606,33.57156992086571,27.816591472713167,0.0,1.2968734e-17,0.0,0.0,5.732001,0.02297762,0.0,0.0
2284,4907.455,35.068344,0.60668856,33.36841386612377,27.806386827117414,0.0,7.8789714e-17,0.0,0.0,5.5452046,0.0168224,0.0,0.0
2285,4908.584,33.472847,0.5915121,33.168569849248286,27.796188271048724,0.0,4.596292e-16,0.0,0.0,5.360154,0.012227426,0.0,0.0
2286,4909.716,34.57194,0.59971637,32.971400165258544,27.785969356334405,0.0,2.5859702e-15,0.0,0.0,5.1766148,0.008816048,0.0,0.0
2287,4910.845,35.1758,0.61072236,32.777774921722624,27.775778575438906,0.0,1.3917262e-14,0.0,0.0,4.9956813,0.0063150604,0.0,0.0
2288,4911.9775,34.027164,0.5962694,32.586763478129456,27.76556746267083,0.0,7.2220035e-14,0.0,0.0,4.816709,0.004486974,0.0,0.0
2289,4913.108,32.916386,0.57848316,32.399215379935825,27.75538005327877,0.0,3.587838e-13,0.0,0.0,4.6406684,0.0031669345,0.0,0.0
2290,4914.2407,33.27594,0.573897,32.21445851655578,27.745176740677184,0.0,1.7170046e-12,0.0,0.0,4.4670644,0.0022173952,0.0,0.0
2291,4915.3716,34.143105,0.582088,32.03328230597094,27.734997105586082,0.0,7.86728e-12,0.0,0.0,4.296743,0.0015422843,0.0,0.0
2292,4916.502,33.967083,0.5853768,31.855524124870062,27.724827937224738,0.0,3.4586493e-11,0.0,0.0,4.129631,0.0010651451,0.0,0.0
2293,4917.6357,33.583683,0.5879824,31.680671296719797,27.714634112340338,0.0,1.4661229e-10,0.0,0.0,3.9653077,0.0007294717,0.0,0.0
2294,4918.767,33.200275,0.5815281,31.509723715358174,27.704468315037534,0.0,5.947733e-10,0.0,0.0,3.804759,0.00049637415,0.0,0.0
2295,4919.9014,32.932,0.5737553,31.34195875115761,27.694282281898047,0.0,2.3244802e-09,0.0,0.0,3.6473415,0.00033497714,0.0,0.0
2296,4921.033,33.2501,0.5748034,31.178257271109565,27.68412424530115,0.0,8.695219e-09,0.0,0.0,3.4939084,0.00022461181,0.0,0.0
2297,4922.168,31.959581,0.5598054,31.017919778229317,27.673945999476757,0.0,3.132708e-08,0.0,0.0,3.3438244,0.00014936083,0.0,0.0
2298,4923.3003,31.716766,0.548822,30.86177621361316,27.66379571918987,0.0,1.0804365e-07,0.0,0.0,3.1978817,9.868777e-05,0.0,0.0
2299,4924.4355,32.208096,0.55726606,30.709146439580515,27.65362525624807,2.41e-43,3.5880467e-07,0.0,0.0,3.0554562,6.466303e-05,0.0,0.0
2300,4925.5684,32.198837,0.558144,30.56080425860886,27.643482727872644,3.963e-42,1.1408208e-06,0.0,0.0,2.9172783,4.210012e-05,0.0,0.0
2301,4926.7017,31.703054,0.55892974,30.416396645218093,27.63334188269797,6.4893e-41,3.483565e-06,0.0,0.0,2.783024,2.7206308e-05,0.0,0.0
2302,4927.8374,31.913803,0.5542345,30.275719285151194,27.62318526251313,1.023605e-39,1.02339545e-05,0.0,0.0,2.6525064,1.7437213e-05,0.0,0.0
2303,4928.971,31.453594,0.55017173,30.139345057549978,27.613052165264268,1.5436162e-38,2.880403e-05,0.0,0.0,2.526253,1.1103255e-05,0.0,0.0
2304,4930.108,31.468952,0.55293584,30.00671866143614,27.602898954228863,2.2515662e-37,7.801283e-05,0.0,0.0,2.4037347,7.0103847e-06,0.0,0.0
2305,4931.242,31.655687,0.5510221,29.87851283647056,27.5927736030993,3.1364914e-36,0.00020236048,0.0,0.0,2.2855325,4.3983778e-06,0.0,0.0
2306,4932.3794,31.078445,0.5432276,29.75421337871679,27.58262816462942,4.2249778e-35,0.0005049881,0.0,0.0,2.1710775,2.7361634e-06,0.0,0.0
2307,4933.5137,30.17488,0.5380826,29.634663526946216,27.57251490743562,5.4300543e-34,0.001206662,0.0,0.0,2.0609403,1.6918149e-06,0.0,0.0
2308,4934.649,30.78391,0.5462694,29.51987217345852,27.56239898264398,6.718257e-33,0.0027694178,0.0,0.0,1.9547027,1.0380394e-06,0.0,0.0
2309,4935.7866,31.124939,0.5485875,29.41058695348195,27.55226735973306,8.0260873e-32,0.006110467,0.0,0.0,1.8522085,6.315921e-07,0.0,0.0
2310,4936.922,30.571768,0.53986675,29.308934532830882,27.542163517063877,9.160666e-31,0.012917194,0.0,0.0,1.7538534,3.8189813e-07,0.0,0.0
2311,4938.0605,30.028746,0.5370396,29.217380978538376,27.53203530855173,1.0114865e-29,0.026261836,0.0,0.0,1.6590836,2.2888366e-07,0.0,0.0
2312,4939.197,29.951157,0.53275263,29.14142929508141,27.521934854694578,1.0671092e-28,0.05116068,0.0,0.0,1.5683336,1.363259e-07,0.0,0.0
2313,4940.3354,29.850607,0.5330911,29.08874151042949,27.511818745007727,1.0866094e-27,0.09577361,0.0,0.0,1.4811491,8.051385e-08,0.0,0.0
2314,4941.472,29.354807,0.5302069,29.07139303401766,27.501726019974782,1.0584222e-26,0.17186676,0.0,0.0,1.3978002,4.7246957e-08,0.0,0.0
2315,4942.609,30.453552,0.5386794,29.10567456409094,27.49163931761377,9.901479e-26,0.295976,0.0,0.0,1.3180592,2.7523082e-08,0.0,0.0
2316,4943.7485,30.47583,0.541521,29.21294356628256,27.48153265957129,8.9462e-25,0.4897553,0.0,0.0,1.2416556,1.589363e-08,0.0,0.0
2317,4944.8857,30.548101,0.5444218,29.417137165236674,27.471453676805922,7.72595e-24,0.77681446,0.0,0.0,1.168869,9.121671e-09,0.0,0.0
2318,4946.026,30.454802,0.54118764,29.744228161882056,27.461354764587647,6.442509e-23,1.1836022,0.0,0.0,1.0992712,5.189308e-09,0.0,0.0
2319,4947.164,29.822756,0.5592482,30.21352590671987,27.451279175843027,5.1401813e-22,1.7291718,0.0,0.0,1.033075,2.9334217e-09,0.0,0.0
2320,4948.305,30.324844,0.54028517,30.837128941638987,27.441183689007364,3.9588808e-21,2.426037,0.0,0.0,0.9699082,1.6436155e-09,0.0,0.0
2321,4949.4434,31.693045,0.55094767,31.60420976165262,27.43112013728584,2.9125905e-20,3.2630885,0.0,0.0,0.91000116,9.1554636e-10,0.0,0.0
2322,4950.582,32.12698,0.5518229,32.48601172237214,27.421058275477765,2.0594993e-19,4.211885,0.0,0.0,0.8530685,5.0613086e-10,0.0,0.0
2323,4951.723,32.321465,0.55598724,33.428594333863394,27.41098086303165,1.4041304e-18,5.218687,0.0,0.0,0.7989264,2.7738972e-10,0.0,0.0
2324,4952.8623,33.487953,0.5714738,34.35034745816429,27.40092670787208,9.162125e-18,6.201733,0.0,0.0,0.74768764,1.5106724e-10,0.0,0.0
2325,4954.0044,34.839405,0.5782666,35.163321761161825,27.390852717348594,5.7676035e-17,7.073432,0.0,0.0,0.6990371,8.153897e-11,0.0,0.0
2326,4955.1445,34.110325,0.57396406,35.77218304881817,27.380801963855458,3.4751006e-16,7.7382936,0.0,0.0,0.65308744,4.3733746e-11,0.0,0.0
2327,4956.287,34.578606,0.64290804,36.102934720003,27.370735706746558,2.0179287e-15,8.122635,0.0,0.0,0.6095641,2.325306e-11,0.0,0.0
2328,4957.4272,36.20565,0.62053514,36.108162212134935,27.36069695924635,1.12085295e-14,8.17891,0.0,0.0,0.568555,1.22892885e-11,0.0,0.0
2329,4958.5674,36.987335,0.6162087,35.78194779406731,27.350664200883006,5.9778164e-14,7.9014163,0.0,0.0,0.5298673,6.4472585e-12,0.0,0.0
2330,4959.711,36.84252,0.6216881,35.15539738730335,27.340607376847416,3.0760382e-13,7.3214917,0.0,0.0,0.4932983,3.350969e-12,0.0,0.0
2331,4960.852,36.038147,0.5926791,34.29869364705728,27.33057801928837,1.5143535e-12,6.5091724,0.0,0.0,0.4589432,1.7312692e-12,0.0,0.0
2332,4961.996,33.578846,0.5649011,33.29629104884165,27.32052892000362,7.186122e-12,5.549215,0.0,0.0,0.4265473,8.8634975e-13,0.0,0.0
2333,4963.1377,30.999063,0.5394469,32.246416051183694,27.31050725674754,3.2629385e-11,4.539737,0.0,0.0,0.39617157,4.5108275e-13,0.0,0.0
2334,4964.2827,28.64438,0.51858526,31.228053276749932,27.300461595126436,1.4286303e-10,3.5600197,0.0,0.0,0.36757195,2.2740864e-13,0.0,0.0
2335,4965.4243,28.692127,0.52012116,30.311235090842136,27.2904519042853,5.978581e-10,2.6799526,0.0,0.0,0.34083056,1.1403419e-13,0.0,0.0
2336,4966.5664,28.951004,0.52062565,29.531300933602147,27.280443905813716,2.4034703e-09,1.9350942,0.0,0.0,0.3157628,5.6744645e-14,0.0,0.0
2337,4967.712,27.664072,0.5077961,28.9014602839591,27.270411952921865,9.313268e-09,1.3388199,0.0,0.0,0.29222846,2.7969384e-14,0.0,0.0
2338,4968.855,27.905075,0.507516,28.419840672664996,27.260407362661134,3.454265e-08,0.88916504,0.0,0.0,0.27026823,1.3705018e-14,0.0,0.0
2339,4970.001,28.020462,0.5120689,28.065847863070957,27.250383123864047,1.2338506e-07,0.56576455,0.0,0.0,0.24970007,6.6535315e-15,0.0,0.0
2340,4971.144,27.72848,0.5075582,27.816632906175517,27.240390484617066,4.2169387e-07,0.34568968,0.0,0.0,0.23055232,3.2122376e-15,0.0,0.0
2341,4972.2905,27.809774,0.5161371,27.64529142444368,27.230373952840377,1.3883866e-06,0.20227145,0.0,0.0,0.21264464,1.5359894e-15,0.0,0.0
2342,4973.4346,27.74492,0.51198167,27.530031720031797,27.220384723052643,4.3765945e-06,0.113644056,0.0,0.0,0.19599856,7.301758e-16,0.0,0.0
2343,4974.5786,27.46359,0.52166927,27.452161696587883,27.210401454030308,1.3243234e-05,0.06124156,0.0,0.0,0.18050544,3.4454505e-16,0.0,0.0
2344,4975.725,28.15619,0.5173758,27.39811898687352,27.200402855463686,3.8552633e-05,0.031608384,0.0,0.0,0.1660692,1.611146e-16,0.0,0.0
2345,4976.8706,27.261536,0.50516444,27.3588518214164,27.19041874229145,0.0001076214,0.015654404,0.0,0.0,0.15267105,7.483014e-17,0.0,0.0
2346,4978.018,28.421003,0.5127613,27.328354711208917,27.180423582381295,0.00028883116,0.007425828,0.0,0.0,0.14021647,3.4451857e-17,0.0,0.0
2347,4979.163,28.08648,0.51331055,27.303275601443765,27.17045564632297,0.00074244046,0.0033836062,0.0,0.0,0.12869391,1.5770202e-17,0.0,0.0
2348,4980.311,27.168964,0.50606513,27.281773206777178,27.160468175075255,0.0018359548,0.0014754613,0.0,0.0,0.117993616,7.150778e-18,0.0,0.0
2349,4981.457,27.92285,0.5116407,27.263580831371208,27.150503653123003,0.0043506124,0.000617874,0.0,0.0,0.10810869,3.2226899e-18,0.0,0.0
2350,4982.6035,28.054678,0.5098955,27.249652697759245,27.140540835909576,0.009898257,0.00024804153,0.0,0.0,0.09896556,1.4411331e-18,0.0,0.0
2351,4983.7524,27.92423,0.5047911,27.242809328043737,27.130562768889437,0.021648468,9.529215e-05,0.0,0.0,0.0905028,6.3855557e-19,0.0,0.0
2352,4984.899,28.624615,0.51166666,27.248721299996415,27.120611852862222,0.04536399,3.5177392e-05,0.0,0.0,0.08271028,2.8132604e-19,0.0,0.0
2353,4986.0483,28.601608,0.51371473,27.277553129266455,27.110641468260912,0.09139122,1.24194985e-05,0.0,0.0,0.07550802,1.2276072e-19,0.0,0.0
2354,4987.1953,29.004295,0.51606345,27.346021822116047,27.100698204544035,0.17643078,4.213864e-06,0.0,0.0,0.06888863,5.3264218e-20,0.0,0.0
2355,4988.345,30.898727,0.5607944,27.4808950859953,27.090735497824696,0.32737613,1.367045e-06,0.0,0.0,0.062782094,2.2889435e-20,0.0,0.0
2356,4989.493,31.690928,0.57198465,27.720291662696262,27.080795655254825,0.58231765,4.2605296e-07,0.0,0.0,0.05717793,9.7771836e-21,0.0,0.0
2357,4990.641,30.6469,0.5393903,28.116886548812367,27.070861745076748,0.9939942,1.2732328e-07,0.0,0.0,0.0520305,4.1452294e-21,0.0,0.0
2358,4991.792,31.679502,0.5483608,28.738411395512305,27.060908432706302,1.6302077,3.6366956e-08,0.0,0.0,0.04729527,1.7405122e-21,0.0,0.0
2359,4992.9404,32.75066,0.5593558,29.656796099106224,27.05098216862239,2.5628502,9.98594e-09,0.0,0.0,0.042963684,7.267002e-22,0.0,0.0
2360,4994.0913,33.36859,0.5577861,30.949575199339566,27.041040744398806,3.8695464,2.6216165e-09,0.0,0.0,0.03898804,3.0058885e-22,0.0,0.0
2361,4995.24,34.700123,0.5738751,32.668679559542106,27.031122119374672,5.602201,6.613797e-10,0.0,0.0,0.035356455,1.2359175e-22,0.0,0.0
2362,4996.392,36.587967,0.58943695,34.84216798526284,27.02118414308818,7.7889557,1.5939342e-10,0.0,0.0,0.032028154,5.0322242e-23,0.0,0.0
2363,4997.5415,37.889736,0.6037799,37.423746192998564,27.011273155122687,10.383478,3.6940017e-11,0.0,0.0,0.028994873,2.0375346e-23,0.0,0.0
2364,4998.6914,38.63063,0.6082508,40.31112461759093,27.001363873830606,13.283535,8.202754e-12,0.0,0.0,0.02622574,8.185164e-24,0.0,0.0
2365,4999.844,40.743702,0.63779366,43.32830549772379,26.99143528188886,16.313175,1.7393562e-12,0.0,0.0,0.023695014,3.2559323e-24,0.0,0.0
2366,5000.994,43.42071,0.6505231,46.21455800331826,26.98153783738275,19.211624,3.5498278e-13,0.0,0.0,0.02139602,1.2884974e-24,0.0,0.0
2367,5002.1475,45.24732,0.669793,48.706466216868705,26.97161690359461,21.715551,6.911871e-14,0.0,0.0,0.019297937,5.046926e-25,0.0,0.0
2368,5003.2983,47.448517,0.6853873,50.52233432387561,26.961722885869438,23.543217,1.2946065e-14,0.0,0.0,0.017394733,1.9659375e-25,0.0,0.0
2369,5004.4517,51.00164,0.72096014,51.457973945898416,26.951813802135586,24.490498,2.3160602e-15,0.0,0.0,0.015662555,7.5853216e-26,0.0,0.0
2370,5005.603,54.33984,0.75124794,51.39537103222224,26.941927408143012,24.43935,3.983499e-16,0.0,0.0,0.014093496,2.9094475e-26,0.0,0.0
2371,5006.755,56.9089,0.7714477,50.342479209176915,26.93204272421421,23.397766,6.5629674e-17,0.0,0.0,0.012670372,1.1071573e-26,0.0,0.0
2372,5007.9097,56.42231,0.76883006,48.418323110194194,26.922138820738784,21.484806,1.0316055e-17,0.0,0.0,0.011378229,4.171231e-27,0.0,0.0
2373,5009.0615,51.204674,0.7224551,45.85240009051401,26.91226594519455,18.929922,1.5616379e-18,0.0,0.0,0.010212041,1.5635942e-27,0.0,0.0
2374,5010.2163,43.40517,0.65330774,42.905150803243465,26.90237387034083,15.993622,2.2549254e-19,0.0,0.0,0.009155107,5.8026107e-28,0.0,0.0
2375,5011.369,36.417355,0.5877573,39.86688451378568,26.892504425746935,12.966178,3.1310938e-20,0.0,0.0,0.008202148,2.1407937e-28,0.0,0.0
2376,5012.525,33.015823,0.55537033,36.96705190131295,26.882615812046858,10.077096,4.1459197e-21,0.0,0.0,0.007340104,7.8189024e-29,0.0,0.0
2377,5013.6777,31.81978,0.53746504,34.39680015541694,26.87275815675116,7.517477,5.28879e-22,0.0,0.0,0.006564963,2.8415146e-29,0.0,0.0
2378,5014.834,30.620195,0.53606504,32.242893647204426,26.862877181067407,5.3741517,6.4263676e-23,0.0,0.0,0.0058647594,1.02179754e-29,0.0,0.0
2379,5015.9873,29.544073,0.55713844,30.546658935959705,26.853027129083195,3.6883955,7.5242516e-24,0.0,0.0,0.0052363067,3.6561963e-30,0.0,0.0
2380,5017.1416,30.555494,0.5524439,29.275277234720175,26.843174619240795,2.4274318,8.428334e-25,0.0,0.0,0.0046707937,1.2972871e-30,0.0,0.0
2381,5018.299,29.622736,0.5223723,28.367986246673073,26.833303005629833,1.5305216,8.997032e-26,0.0,0.0,0.00416161,4.556304e-31,0.0,0.0
2382,5019.453,29.495638,0.5223815,27.75384566838868,26.82346226623297,0.9266775,9.2566325e-27,0.0,0.0,0.003705877,1.592412e-31,0.0,0.0
2383,5020.6104,29.32551,0.5196397,27.354312498678105,26.813602443175974,0.5374138,9.073885e-28,0.0,0.0,0.0032962796,5.50869e-32,0.0,0.0
2384,5021.765,28.749538,0.53295285,27.105971905952593,26.80376929821474,0.29927242,8.566074e-29,0.0,0.0,0.0029301897,1.89552e-32,0.0,0.0
2385,5022.9233,28.445461,0.53237724,26.95606162415613,26.793912940591394,0.15954705,7.694967e-30,0.0,0.0,0.0026016377,6.452677e-33,0.0,0.0
2386,5024.079,28.56515,0.50723684,26.868075341862493,26.784083236419463,0.08168356,6.6577837e-31,0.0,0.0,0.0023085442,2.1850027e-33,0.0,0.0
2387,5025.2344,28.394041,0.51010543,26.816432284422206,26.77426354726589,0.0401219,5.5262564e-32,0.0,0.0,0.0020468354,7.346366e-34,0.0,0.0
2388,5026.3936,27.945837,0.50511444,26.78508181064403,26.764416541298985,0.018852757,4.358256e-33,0.0,0.0,0.001812512,2.4422642e-34,0.0,0.0
2389,5027.5503,28.39999,0.512215,26.76470915058078,26.754596146917063,0.008508944,3.3111734e-34,0.0,0.0,0.0016040597,8.07656e-35,0.0,0.0
2390,5028.7095,28.973509,0.51295054,26.74985534067563,26.74476090549323,0.0036764282,2.3972521e-35,0.0,0.0,0.001418007,2.644476e-35,0.0,0.0
2391,5029.866,28.60376,0.5131162,26.737731058361287,26.734952241160254,0.001526025,1.6722808e-36,0.0,0.0,0.0012527922,8.613503e-36,0.0,0.0
2392,5031.026,28.005999,0.5092535,26.726836178119992,26.725124608102487,0.0006060333,1.1101649e-37,0.0,0.0,0.0011055367,2.7763905e-36,0.0,0.0
2393,5032.1836,26.899448,0.4992668,26.716525504300105,26.71531938839328,0.00023115196,7.093966e-39,0.0,0.0,0.00097496394,8.898284e-37,0.0,0.0
2394,5033.341,28.87702,0.5151119,26.706467864602985,26.705524152222154,8.458465e-05,4.3487e-40,0.0,0.0,0.00085912773,2.831721e-37,0.0,0.0
2395,5034.5015,29.515076,0.5204201,26.696491566939148,26.695705852871033,2.9589452e-05,2.533e-41,0.0,0.0,0.0007561246,8.912718e-38,0.0,0.0
2396,5035.6597,28.12676,0.504343,26.686589088944178,26.68591405940811,9.947464e-06,1.425e-42,0.0,0.0,0.0006650821,2.7907658e-38,0.0,0.0
2397,5036.821,27.413445,0.49949375,26.676690871204592,26.67610336185482,3.1975082e-06,8e-44,0.0,0.0,0.00058431184,8.646564e-39,0.0,0.0
2398,5037.98,27.825844,0.49762827,26.666829030448543,26.666315018850145,9.873777e-07,0.0,0.0,0.0,0.0005130242,2.663884e-39,0.0,0.0
2399,5039.1416,26.861761,0.49310616,26.656962137299683,26.65651192094411,2.915967e-07,0.0,0.0,0.0,0.00044992476,8.12439e-40,0.0,0.0
2400,5040.301,26.58356,0.49175194,26.64712971112248,26.64673527009917,8.2781845e-08,0.0,0.0,0.0,0.00039435824,2.46505e-40,0.0,0.0
2401,5041.46,26.96612,0.49137557,26.63730983417583,26.636964451939463,2.253447e-08,0.0,0.0,0.0,0.0003453597,7.422e-41,0.0,0.0
2402,5042.6226,27.34836,0.49995673,26.627472754477328,26.62717067711052,5.8583205e-09,0.0,0.0,0.0,0.0003020715,2.2111e-41,0.0,0.0
2403,5043.7827,27.429895,0.4967444,26.617667366562173,26.61740330779035,1.4643189e-09,0.0,0.0,0.0,0.0002640573,6.545e-42,0.0,0.0
2404,5044.946,27.252806,0.50081646,26.607847674763846,26.607617123517237,3.4965267e-10,0.0,0.0,0.0,0.0002305509,1.92e-42,0.0,0.0
2405,5046.1064,26.647282,0.49604234,26.598058496320828,26.597857315430435,8.028577e-11,0.0,0.0,0.0,0.00020118081,5.55e-43,0.0,0.0
2406,5047.2705,27.012453,0.4929256,26.58824994617192,26.588074614828006,1.759505e-11,0.0,0.0,0.0,0.00017533133,1.63e-43,0.0,0.0
2407,5048.431,27.142155,0.49660692,26.57847919951004,26.578326465630887,3.713343e-12,0.0,0.0,0.0,0.00015273388,4.6e-44,0.0,0.0
2408,5049.593,26.481274,0.49059853,26.568708854887173,26.56857593536442,7.503445e-13,0.0,0.0,0.0,0.00013291952,2.4e-44,0.0,0.0
2409,5050.757,26.045397,0.48838156,26.558926291679555,26.55881074915963,1.4485127e-13,0.0,0.0,0.0,0.00011554252,0.0,0.0,0.0
2410,5051.919,26.831215,0.48965326,26.54916814583626,26.549067771083283,2.6880274e-14,0.0,0.0,0.0,0.00010037475,0.0,0.0,0.0
2411,5053.084,26.408005,0.48620903,26.53939315881802,26.53930606676225,4.7610036e-15,0.0,0.0,0.0,8.7092056e-05,0.0,0.0,0.0
2412,5054.246,26.18999,0.48379925,26.529650255481066,26.52957472628983,8.1189045e-16,0.0,0.0,0.0,7.552919e-05,0.0,0.0,0.0
2413,5055.4116,26.38638,0.48626053,26.51988601182871,26.519820594123082,1.3201522e-16,0.0,0.0,0.0,6.5417706e-05,0.0,0.0,0.0
2414,5056.5747,26.350977,0.49013367,26.510149337228803,26.51009270904732,2.0654731e-17,0.0,0.0,0.0,5.662818e-05,0.0,0.0,0.0
2415,5057.7383,26.109135,0.48532715,26.500415522648446,26.500366548119537,3.095299e-18,0.0,0.0,0.0,4.897453e-05,0.0,0.0,0.0
2416,5058.905,26.55993,0.4948767,26.490664028058596,26.490621724742446,4.4244655e-19,0.0,0.0,0.0,4.2303316e-05,0.0,0.0,0.0
2417,5060.0684,26.159918,0.50278264,26.480943705369082,26.480907182572064,6.091701e-20,0.0,0.0,0.0,3.6522797e-05,0.0,0.0,0.0
2418,5061.235,25.732346,0.52283865,26.471205490895045,26.471173997567348,7.998319e-21,0.0,0.0,0.0,3.1493328e-05,0.0,0.0,0.0
2419,5062.3994,25.466715,0.5581669,26.46149005362787,26.461462913896696,1.0099754e-21,0.0,0.0,0.0,2.7139731e-05,0.0,0.0,0.0
2420,5063.567,25.90939,0.56065893,26.451756575768574,26.451733216714107,1.2158574e-22,0.0,0.0,0.0,2.3359054e-05,0.0,0.0,0.0
2421,5064.7314,26.579998,0.5404053,26.442053828075142,26.442033732824267,1.410354e-23,0.0,0.0,0.0,2.009525e-05,0.0,0.0,0.0
2422,5065.8965,25.709658,0.5517667,26.43235324264462,26.432335971121955,1.5666072e-24,0.0,0.0,0.0,1.7271523e-05,0.0,0.0,0.0
2423,5067.065,25.934872,0.5642114,26.42263039439431,26.422615569282335,1.6568576e-25,0.0,0.0,0.0,1.4825112e-05,0.0,0.0,0.0
2424,5068.231,25.67384,0.5527224,26.412933992273775,26.412921273968987,1.6872233e-26,0.0,0.0,0.0,1.2718305e-05,0.0,0.0,0.0
2425,5069.3994,24.98062,0.49051887,26.403223382424553,26.403212484496148,1.6385906e-27,0.0,0.0,0.0,1.0897928e-05,0.0,0.0,0.0
2426,5070.5654,24.994303,0.49385342,26.393539100752783,26.393529767696414,1.5325218e-28,0.0,0.0,0.0,9.333056e-06,0.0,0.0,0.0
2427,5071.735,25.658379,0.49157512,26.383832451508002,26.3838244691695,1.3639315e-29,0.0,0.0,0.0,7.9823385e-06,0.0,0.0,0.0
2428,5072.9014,25.30927,0.49197173,26.374156091738676,26.374149267877236,1.1703359e-30,0.0,0.0,0.0,6.8238614e-06,0.0,0.0,0.0
2429,5074.069,25.729723,0.4853395,26.36447757304734,26.364471745344986,9.6037706e-32,0.0,0.0,0.0,5.8277024e-06,0.0,0.0,0.0
2430,5075.2383,24.526981,0.47506043,26.354788794926733,26.35478382358731,7.519844e-33,0.0,0.0,0.0,4.9713394e-06,0.0,0.0,0.0
2431,5076.406,24.194124,0.47155488,26.34512209657339,26.34511785831262,5.666387e-34,0.0,0.0,0.0,4.2382608e-06,0.0,0.0,0.0
2432,5077.5767,24.743382,0.47715333,26.33543299496248,26.335429386501325,4.060023e-35,0.0,0.0,0.0,3.6084612e-06,0.0,0.0,0.0
2433,5078.745,24.730064,0.472678,26.325769963986954,26.32576689337527,2.802773e-36,0.0,0.0,0.0,3.0706117e-06,0.0,0.0,0.0
2434,5079.916,24.816721,0.4702765,26.316092605760286,26.3160899959832,1.8434464e-37,0.0,0.0,0.0,2.609777e-06,0.0,0.0,0.0
2435,5081.085,24.77954,0.4662897,26.30643722857509,26.306435011794758,1.1670136e-38,0.0,0.0,0.0,2.2167803e-06,0.0,0.0,0.0
2436,5082.2534,24.472599,0.4655228,26.296791700450605,26.296789818991535,7.08756e-40,0.0,0.0,0.0,1.8814591e-06,0.0,0.0,0.0
2437,5083.4253,24.765244,0.46698573,26.287123784481544,26.287122189777513,4.0907e-41,0.0,0.0,0.0,1.594704e-06,0.0,0.0,0.0
2438,5084.595,24.700583,0.4687377,26.277477791028765,26.277476440178,2.274e-42,0.0,0.0,0.0,1.3508508e-06,0.0,0.0,0.0
2439,5085.767,24.124886,0.4774995,26.267821502209486,26.267820359235444,1.04e-43,0.0,0.0,0.0,1.142974e-06,0.0,0.0,0.0
2440,5086.9375,25.223396,0.5721142,26.258183075800964,26.258182109356206,0.0,0.0,0.0,0.0,9.664448e-07,0.0,0.0,0.0
2441,5088.1104,24.557869,0.6347837,26.24853034144569,26.248529525264008,0.0,0.0,0.0,0.0,8.161817e-07,0.0,0.0,0.0
2442,5089.2812,25.299555,0.6463043,26.238899461720763,26.23889877284543,0.0,0.0,0.0,0.0,6.8887533e-07,0.0,0.0,0.0
2443,5090.452,25.445726,0.59117204,26.229274349217985,26.229273768298594,0.0,0.0,0.0,0.0,5.809194e-07,0.0,0.0,0.0
2444,5091.6255,24.730164,0.5813639,26.219634945306908,26.219634456026668,0.0,0.0,0.0,0.0,4.8928024e-07,0.0,0.0,0.0
2445,5092.797,24.645245,0.6434618,26.21001734901493,26.210016937159974,0.0,0.0,0.0,0.0,4.1185496e-07,0.0,0.0,0.0
2446,5093.971,25.017612,0.6155441,26.200381470649102,26.200381124419362,0.0,0.0,0.0,0.0,3.4622974e-07,0.0,0.0,0.0
2447,5095.143,24.281933,0.5449935,26.190771379877443,26.190771088964905,0.0,0.0,0.0,0.0,2.9091254e-07,0.0,0.0,0.0
2448,5096.318,24.427864,0.5184781,26.18114302773691,26.181142783624523,0.0,0.0,0.0,0.0,2.4411239e-07,0.0,0.0,0.0
2449,5097.49,24.113884,0.5073897,26.171540431654382,26.171540226917163,0.0,0.0,0.0,0.0,2.0473722e-07,0.0,0.0,0.0
2450,5098.6655,23.802746,0.4960705,26.161919595766314,26.1619194242786,0.0,0.0,0.0,0.0,1.7148771e-07,0.0,0.0,0.0
2451,5099.839,24.347498,0.4992784,26.15232049177622,26.152320348222045,0.0,0.0,0.0,0.0,1.4355417e-07,0.0,0.0,0.0
2452,5101.012,24.32639,0.4977965,26.142727121258496,26.14272700119252,0.0,0.0,0.0,0.0,1.2006598e-07,0.0,0.0,0.0
2453,5102.1885,24.6295,0.48837984,26.133115546769435,26.13311544648153,0.0,0.0,0.0,0.0,1.00287906e-07,0.0,0.0,0.0
2454,5103.362,24.550661,0.47927022,26.123533641310562,26.12353355757855,0.0,0.0,0.0,0.0,8.373201e-08,0.0,0.0,0.0
2455,5104.539,24.528214,0.4889042,26.113925582113858,26.113925512308036,0.0,0.0,0.0,0.0,6.980582e-08,0.0,0.0,0.0
2456,5105.713,24.654816,0.4943808,26.104351143987977,26.104351085812347,0.0,0.0,0.0,0.0,5.817563e-08,0.0,0.0,0.0
2457,5106.8906,24.603088,0.51778555,26.0947505847226,26.094750536311565,0.0,0.0,0.0,0.0,4.8411035e-08,0.0,0.0,0.0
2458,5108.065,24.346409,0.51486087,26.08518360782104,26.085183567549397,0.0,0.0,0.0,0.0,4.0271644e-08,0.0,0.0,0.0
2459,5109.24,24.318136,0.5063045,26.075614388886972,26.075614355420782,0.0,0.0,0.0,0.0,3.346619e-08,0.0,0.0,0.0
2460,5110.4185,24.844044,0.49392265,26.06602704915655,26.066027021383036,0.0,0.0,0.0,0.0,2.7773513e-08,0.0,0.0,0.0
2461,5111.5947,24.42862,0.48521873,26.056461322870632,26.056461299834645,0.0,0.0,0.0,0.0,2.303599e-08,0.0,0.0,0.0
2462,5112.773,24.330837,0.49359137,26.046885438502528,26.046885419418675,0.0,0.0,0.0,0.0,1.9083851e-08,0.0,0.0,0.0
2463,5113.949,25.103792,0.50058424,26.037331138843193,26.037331123042392,0.0,0.0,0.0,0.0,1.5800802e-08,0.0,0.0,0.0
2464,5115.129,24.022104,0.5054686,26.027754802775526,26.027754789711732,0.0,0.0,0.0,0.0,1.30637945e-08,0.0,0.0,0.0
2465,5116.305,25.494661,0.5187021,26.018211917499194,26.018211906701826,0.0,0.0,0.0,0.0,1.0797368e-08,0.0,0.0,0.0
2466,5117.483,25.40012,0.5171339,26.00866285053666,26.008662841622467,0.0,0.0,0.0,0.0,8.91419e-09,0.0,0.0,0.0
2467,5118.663,24.312593,0.47342497,25.999099707517917,25.9990997001679,0.0,0.0,0.0,0.0,7.3500175e-09,0.0,0.0,0.0
2468,5119.841,24.756931,0.48334488,25.98956204983589,25.989562043778513,0.0,0.0,0.0,0.0,6.057376e-09,0.0,0.0,0.0
2469,5121.021,26.007292,0.48785904,25.980010330187547,25.98001032520188,0.0,0.0,0.0,0.0,4.985665e-09,0.0,0.0,0.0
2470,5122.199,24.092485,0.47959274,25.970480114377658,25.97048011027639,0.0,0.0,0.0,0.0,4.101268e-09,0.0,0.0,0.0
2471,5123.3804,24.842714,0.4945166,25.960931909431956,25.96093190606282,0.0,0.0,0.0,0.0,3.369136e-09,0.0,0.0,0.0
2472,5124.559,24.151976,0.5134105,25.95140913302279,25.95140913025641,0.0,0.0,0.0,0.0,2.7663796e-09,0.0,0.0,0.0
2473,5125.738,24.50665,0.5035758,25.941892038683438,25.94189203641399,0.0,0.0,0.0,0.0,2.2694502e-09,0.0,0.0,0.0
2474,5126.92,25.311684,0.4938867,25.93235304920558,25.93235304734651,0.0,0.0,0.0,0.0,1.8590703e-09,0.0,0.0,0.0
2475,5128.099,24.842592,0.47320822,25.922843384739636,25.922843383217327,0.0,0.0,0.0,0.0,1.5223091e-09,0.0,0.0,0.0
2476,5129.282,25.153364,0.47762424,25.91330791912542,25.913307917880804,0.0,0.0,0.0,0.0,1.2446167e-09,0.0,0.0,0.0
2477,5130.462,24.60874,0.48386595,25.903805682123902,25.903805681106633,0.0,0.0,0.0,0.0,1.0172692e-09,0.0,0.0,0.0
2478,5131.645,25.228542,0.52570397,25.89428160637772,25.89428160554749,0.0,0.0,0.0,0.0,8.302297e-10,0.0,0.0,0.0
2479,5132.8257,25.820702,0.56765157,25.884782862574113,25.884782861896852,0.0,0.0,0.0,0.0,6.7726225e-10,0.0,0.0,0.0
2480,5134.0063,26.335299,0.53753,25.875289786671054,25.875289786119065,0.0,0.0,0.0,0.0,5.519899e-10,0.0,0.0,0.0
2481,5135.19,26.681473,0.49782085,25.86577883905224,25.865778838602978,0.0,0.0,0.0,0.0,4.4926224e-10,0.0,0.0,0.0
2482,5136.371,25.43889,0.47855318,25.856293178778426,25.856293178412944,0.0,0.0,0.0,0.0,3.6548314e-10,0.0,0.0,0.0
2483,5137.5557,26.50572,0.48862693,25.8467857523965,25.846785752099613,0.0,0.0,0.0,0.0,2.968853e-10,0.0,0.0,0.0
2484,5138.738,25.8606,0.479922,25.837303589901893,25.83730358966084,0.0,0.0,0.0,0.0,2.4105226e-10,0.0,0.0,0.0
2485,5139.923,25.879793,0.47935024,25.827803607164256,25.827803606968814,0.0,0.0,0.0,0.0,1.954433e-10,0.0,0.0,0.0
2486,5141.1055,26.388197,0.48530826,25.81832886019495,25.81832886003656,0.0,0.0,0.0,0.0,1.5839198e-10,0.0,0.0,0.0
2487,5142.288,25.71423,0.47980565,25.80885976701887,25.80885976689062,0.0,0.0,0.0,0.0,1.2825066e-10,0.0,0.0,0.0
2488,5143.4736,25.4967,0.4925364,25.799372886263164,25.799372886159468,0.0,0.0,0.0,0.0,1.0369823e-10,0.0,0.0,0.0
2489,5144.6567,26.70307,0.5193065,25.789911196850007,25.789911196766198,0.0,0.0,0.0,0.0,8.38081e-11,0.0,0.0,0.0
2490,5145.8433,27.834927,0.5232037,25.780427841709688,25.78042784164206,0.0,0.0,0.0,0.0,6.7631185e-11,0.0,0.0,0.0
2491,5147.027,27.415304,0.50766337,25.770973553659772,25.770973553605216,0.0,0.0,0.0,0.0,5.455692e-11,0.0,0.0,0.0
2492,5148.214,26.345463,0.48632255,25.761497627815505,25.76149762777156,0.0,0.0,0.0,0.0,4.3943616e-11,0.0,0.0,0.0
2493,5149.3984,26.320755,0.5171901,25.752046841933318,25.75204684189794,0.0,0.0,0.0,0.0,3.537912e-11,0.0,0.0,0.0
2494,5150.583,27.420033,0.5689085,25.74260169575747,25.742601695729014,0.0,0.0,0.0,0.0,2.8458525e-11,0.0,0.0,0.0
2495,5151.7705,28.875841,0.6234119,25.733138845743685,25.733138845720827,0.0,0.0,0.0,0.0,2.2858822e-11,0.0,0.0,0.0
2496,5152.956,27.924417,0.55893975,25.723697203939704,25.723697203921354,0.0,0.0,0.0,0.0,1.835119e-11,0.0,0.0,0.0
2497,5154.144,27.379572,0.5156122,25.71424177130203,25.71424177128732,0.0,0.0,0.0,0.0,1.4712613e-11,0.0,0.0,0.0
2498,5155.33,27.851032,0.4928323,25.704807523584474,25.704807523572686,0.0,0.0,0.0,0.0,1.1789224e-11,0.0,0.0,0.0
2499,5156.5186,27.960554,0.4960972,25.69535950354852,25.695359503539088,0.0,0.0,0.0,0.0,9.433923e-12,0.0,0.0,0.0
2500,5157.7046,28.044992,0.4954489,25.68593652337693,25.685936523369385,0.0,0.0,0.0,0.0,7.545879e-12,0.0,0.0,0.0
2501,5158.891,29.02543,0.5067829,25.67651528830978,25.67651528830375,0.0,0.0,0.0,0.0,6.02977e-12,0.0,0.0,0.0
2502,5160.0806,28.364641,0.5042157,25.667076432744278,25.667076432739467,0.0,0.0,0.0,0.0,4.811269e-12,0.0,0.0,0.0
2503,5161.268,28.62905,0.50361264,25.657658706320436,25.6576587063166,0.0,0.0,0.0,0.0,3.8369898e-12,0.0,0.0,0.0
2504,5162.458,29.081057,0.5007716,25.64822725605692,25.648227256053865,0.0,0.0,0.0,0.0,3.055838e-12,0.0,0.0,0.0
2505,5163.646,28.277416,0.49517617,25.638816911726476,25.638816911724042,0.0,0.0,0.0,0.0,2.4324308e-12,0.0,0.0,0.0
2506,5164.837,28.697605,0.50109315,25.62938899765207,25.62938899765014,0.0,0.0,0.0,0.0,1.9333788e-12,0.0,0.0,0.0
2507,5166.025,28.360218,0.5056531,25.619989894982737,25.619989894981202,0.0,0.0,0.0,0.0,1.5362025e-12,0.0,0.0,0.0
2508,5167.2134,27.887133,0.5130831,25.610592539539663,25.610592539538445,0.0,0.0,0.0,0.0,1.219411e-12,0.0,0.0,0.0
2509,5168.405,28.122232,0.5109065,25.601177646542624,25.601177646541657,0.0,0.0,0.0,0.0,9.665268e-13,0.0,0.0,0.0
2510,5169.5938,28.189259,0.49858043,25.591787658993518,25.59178765899275,0.0,0.0,0.0,0.0,7.657604e-13,0.0,0.0,0.0
2511,5170.7856,27.679491,0.4931146,25.582380156858065,25.582380156857457,0.0,0.0,0.0,0.0,6.058022e-13,0.0,0.0,0.0
2512,5171.975,28.219393,0.5087974,25.572997532444113,25.572997532443633,0.0,0.0,0.0,0.0,4.790581e-13,0.0,0.0,0.0
2513,5173.168,27.92288,0.53148425,25.563593568179726,25.56359356817935,0.0,0.0,0.0,0.0,3.7823317e-13,0.0,0.0,0.0
2514,5174.358,28.161434,0.5333272,25.554218304437335,25.554218304437036,0.0,0.0,0.0,0.0,2.9853325e-13,0.0,0.0,0.0
2515,5175.5483,27.76426,0.50941014,25.544844789982033,25.5448447899818,0.0,0.0,0.0,0.0,2.353925e-13,0.0,0.0,0.0
2516,5176.742,27.508112,0.48654333,25.535449979202603,25.53544997920242,0.0,0.0,0.0,0.0,1.8531189e-13,0.0,0.0,0.0
2517,5177.933,28.159798,0.49218073,25.526083822866433,25.526083822866287,0.0,0.0,0.0,0.0,1.4584022e-13,0.0,0.0,0.0
2518,5179.127,27.768415,0.4976414,25.516700234376007,25.516700234375893,0.0,0.0,0.0,0.0,1.1460457e-13,0.0,0.0,0.0
2519,5180.3184,28.047533,0.49306202,25.507341429094033,25.507341429093945,0.0,0.0,0.0,0.0,9.0022126e-14,0.0,0.0,0.0
2520,5181.513,27.03911,0.48945546,25.497961382344986,25.497961382344915,0.0,0.0,0.0,0.0,7.0599905e-14,0.0,0.0,0.0
2521,5182.705,26.809696,0.4783624,25.488609925633007,25.48860992563295,0.0,0.0,0.0,0.0,5.53507e-14,0.0,0.0,0.0
2522,5183.897,27.080858,0.486199,25.479264047771586,25.479264047771544,0.0,0.0,0.0,0.0,4.335619e-14,0.0,0.0,0.0
2523,5185.0923,26.565174,0.47961563,25.469896967186486,25.46989696718645,0.0,0.0,0.0,0.0,3.3906397e-14,0.0,0.0,0.0
2524,5186.285,26.655367,0.48161533,25.460554603175726,25.4605546031757,0.0,0.0,0.0,0.0,2.6505635e-14,0.0,0.0,0.0
2525,5187.481,27.201183,0.48416892,25.451194889039606,25.451194889039584,0.0,0.0,0.0,0.0,2.0688805e-14,0.0,0.0,0.0
2526,5188.6743,27.292887,0.48529065,25.441859863950203,25.441859863950185,0.0,0.0,0.0,0.0,1.614211e-14,0.0,0.0,0.0
2527,5189.871,26.824074,0.4828563,25.432503695305854,25.43250369530584,0.0,0.0,0.0,0.0,1.257427e-14,0.0,0.0,0.0
2528,5191.0654,26.293505,0.48692554,25.423172192766415,25.423172192766405,0.0,0.0,0.0,0.0,9.791133e-15,0.0,0.0,0.0
2529,5192.262,26.487268,0.4892365,25.413827201651383,25.413827201651376,0.0,0.0,0.0,0.0,7.6131635e-15,0.0,0.0,0.0
2530,5193.457,27.542051,0.49274895,25.404503035296578,25.40450303529657,0.0,0.0,0.0,0.0,5.9167335e-15,0.0,0.0,0.0
2531,5194.6514,27.130037,0.48538876,25.39518824067736,25.395188240677356,0.0,0.0,0.0,0.0,4.5946167e-15,0.0,0.0,0.0
2532,5195.849,27.111532,0.48523948,25.385852368260206,25.385852368260203,0.0,0.0,0.0,0.0,3.5621115e-15,0.0,0.0,0.0
2533,5197.0444,26.734718,0.49086162,25.37654109105874,25.376541091058737,0.0,0.0,0.0,0.0,2.760568e-15,0.0,0.0,0.0
2534,5198.2427,26.50237,0.50024027,25.367212567976033,25.36721256797603,0.0,0.0,0.0,0.0,2.1360924e-15,0.0,0.0,0.0
2535,5199.4385,27.151178,0.49405512,25.357908612711316,25.357908612711316,0.0,0.0,0.0,0.0,1.6522445e-15,0.0,0.0,0.0
2536,5200.6377,27.30663,0.4847501,25.348583638461243,25.348583638461243,0.0,0.0,0.0,0.0,1.2758888e-15,0.0,0.0,0.0
2537,5201.834,27.24385,0.47401524,25.33928700260522,25.33928700260522,0.0,0.0,0.0,0.0,9.849906e-16,0.0,0.0,0.0
2538,5203.0312,26.17915,0.46983245,25.329988330574736,25.329988330574736,0.0,0.0,0.0,0.0,7.59561e-16,0.0,0.0,0.0
2539,5204.231,25.76179,0.46436024,25.320676264716315,25.320676264716315,0.0,0.0,0.0,0.0,5.8488027e-16,0.0,0.0,0.0
2540,5205.428,26.158686,0.46775317,25.31138870057902,25.31138870057902,0.0,0.0,0.0,0.0,4.502018e-16,0.0,0.0,0.0
2541,5206.6284,26.150972,0.46268588,25.302083971697627,25.302083971697627,0.0,0.0,0.0,0.0,3.459978e-16,0.0,0.0,0.0
2542,5207.826,25.541893,0.46191102,25.292803717238364,25.292803717238364,0.0,0.0,0.0,0.0,2.6581143e-16,0.0,0.0,0.0
2543,5209.027,26.030012,0.469557,25.283506320500127,25.283506320500127,0.0,0.0,0.0,0.0,2.0389102e-16,0.0,0.0,0.0
2544,5210.2256,25.568949,0.461781,25.27422959333569,25.27422959333569,0.0,0.0,0.0,0.0,1.5631912e-16,0.0,0.0,0.0
2545,5211.424,25.253214,0.46420932,25.264962178106344,25.264962178106344,0.0,0.0,0.0,0.0,1.1975074e-16,0.0,0.0,0.0
2546,5212.6255,25.685034,0.46420065,25.255673878904673,25.255673878904673,0.0,0.0,0.0,0.0,9.1583115e-17,0.0,0.0,0.0
2547,5213.8247,26.095713,0.48829034,25.2464099882781,25.2464099882781,0.0,0.0,0.0,0.0,7.001539e-17,0.0,0.0,0.0
2548,5215.027,25.757076,0.49092942,25.237129013647174,25.237129013647174,0.0,0.0,0.0,0.0,5.3442373e-17,0.0,0.0,0.0
2549,5216.2266,25.531637,0.4809864,25.227872420390764,25.227872420390764,0.0,0.0,0.0,0.0,4.0777503e-17,0.0,0.0,0.0
2550,5217.4297,25.83669,0.4944996,25.218595001426394,25.218595001426394,0.0,0.0,0.0,0.0,3.106144e-17,0.0,0.0,0.0
2551,5218.63,26.42099,0.47622508,25.20934570297282,25.20934570297282,0.0,0.0,0.0,0.0,2.3654467e-17,0.0,0.0,0.0
2552,5219.8306,26.8816,0.48030037,25.20009816303431,25.20009816303431,0.0,0.0,0.0,0.0,1.79953e-17,0.0,0.0,0.0
2553,5221.034,26.848013,0.47809187,25.19083359716674,25.19083359716674,0.0,0.0,0.0,0.0,1.3668342e-17,0.0,0.0,0.0
2554,5222.236,26.356585,0.47293904,25.181589591978614,25.181589591978614,0.0,0.0,0.0,0.0,1.0376929e-17,0.0,0.0,0.0
2555,5223.4404,26.695047,0.47983038,25.17232858763354,25.17232858763354,0.0,0.0,0.0,0.0,7.865554e-18,0.0,0.0,0.0
2556,5224.642,26.437828,0.49226427,25.1630956270075,25.1630956270075,0.0,0.0,0.0,0.0,5.9604923e-18,0.0,0.0,0.0
2557,5225.8467,25.927551,0.48137677,25.153845684988,25.153845684988,0.0,0.0,0.0,0.0,4.5096626e-18,0.0,0.0,0.0
2558,5227.049,26.001629,0.47575352,25.144620004538833,25.144620004538833,0.0,0.0,0.0,0.0,3.4107531e-18,0.0,0.0,0.0
2559,5228.2515,26.37216,0.4757213,25.135396084284384,25.135396084284384,0.0,0.0,0.0,0.0,2.5769786e-18,0.0,0.0,0.0
2560,5229.457,25.779655,0.47269243,25.126155218180454,25.126155218180454,0.0,0.0,0.0,0.0,1.9438924e-18,0.0,0.0,0.0
2561,5230.6597,26.210135,0.47489956,25.116942314748382,25.116942314748382,0.0,0.0,0.0,0.0,1.4659901e-18,0.0,0.0,0.0
2562,5231.8657,26.481602,0.4702858,25.107708745997652,25.107708745997652,0.0,0.0,0.0,0.0,1.1036827e-18,0.0,0.0,0.0
2563,5233.07,26.132818,0.46858191,25.098495638577393,25.098495638577393,0.0,0.0,0.0,0.0,8.3053e-19,0.0,0.0,0.0
2564,5234.2764,25.618244,0.46345478,25.08926936678932,25.08926936678932,0.0,0.0,0.0,0.0,6.240418e-19,0.0,0.0,0.0
2565,5235.481,25.64693,0.46350402,25.08006353381315,25.08006353381315,0.0,0.0,0.0,0.0,4.686765e-19,0.0,0.0,0.0
2566,5236.685,26.318382,0.47232467,25.070866923607603,25.070866923607603,0.0,0.0,0.0,0.0,3.5170882e-19,0.0,0.0,0.0
2567,5237.8926,26.452894,0.47606623,25.061649716762776,25.061649716762776,0.0,0.0,0.0,0.0,2.6347398e-19,0.0,0.0,0.0
2568,5239.097,25.727419,0.47317615,25.05246036483846,25.05246036483846,0.0,0.0,0.0,0.0,1.9732989e-19,0.0,0.0,0.0
2569,5240.3057,26.183544,0.47742513,25.043246721220513,25.043246721220513,0.0,0.0,0.0,0.0,1.4751781e-19,0.0,0.0,0.0
2570,5241.511,26.826609,0.47782537,25.034060905616272,25.034060905616272,0.0,0.0,0.0,0.0,1.1025417e-19,0.0,0.0,0.0
2571,5242.7197,25.955025,0.4631852,25.02485826794847,25.02485826794847,0.0,0.0,0.0,0.0,8.226969e-20,0.0,0.0,0.0
2572,5243.926,25.452875,0.46371454,25.01567970762007,25.01567970762007,0.0,0.0,0.0,0.0,6.13678e-20,0.0,0.0,0.0
2573,5245.1323,26.086182,0.4685322,25.00650291067277,25.00650291067277,0.0,0.0,0.0,0.0,4.572836e-20,0.0,0.0,0.0
2574,5246.342,26.100006,0.46888295,24.997309326866098,24.997309326866098,0.0,0.0,0.0,0.0,3.4018743e-20,0.0,0.0,0.0
2575,5247.5483,25.544159,0.4691686,24.988143490625756,24.988143490625756,0.0,0.0,0.0,0.0,2.5302295e-20,0.0,0.0,0.0
2576,5248.759,25.433483,0.46850482,24.97895347297195,24.97895347297195,0.0,0.0,0.0,0.0,1.8783711e-20,0.0,0.0,0.0
2577,5249.9663,26.077805,0.47488132,24.96979117607509,24.96979117607509,0.0,0.0,0.0,0.0,1.3941627e-20,0.0,0.0,0.0
2578,5251.177,26.342276,0.47438088,24.960612136204613,24.960612136204613,0.0,0.0,0.0,0.0,1.0330663e-20,0.0,0.0,0.0
2579,5252.3853,26.210344,0.46785396,24.95145338265366,24.95145338265366,0.0,0.0,0.0,0.0,7.651572e-21,0.0,0.0,0.0
2580,5253.5933,25.558563,0.4634336,24.942303792794274,24.942303792794274,0.0,0.0,0.0,0.0,5.66268e-21,0.0,0.0,0.0
2581,5254.8047,25.595339,0.46638277,24.933133795594383,24.933133795594383,0.0,0.0,0.0,0.0,4.183306e-21,0.0,0.0,0.0
2582,5256.013,25.935606,0.4716968,24.92399143900274,24.92399143900274,0.0,0.0,0.0,0.0,3.0898051e-21,0.0,0.0,0.0
2583,5257.2256,25.883167,0.46358743,24.91482501076664,24.91482501076664,0.0,0.0,0.0,0.0,2.2777929e-21,0.0,0.0,0.0
2584,5258.435,26.491133,0.47224388,24.905686196426572,24.905686196426572,0.0,0.0,0.0,0.0,1.6788472e-21,0.0,0.0,0.0
2585,5259.6475,27.003428,0.49864554,24.896530717821708,24.896530717821708,0.0,0.0,0.0,0.0,1.2353288e-21,0.0,0.0,0.0
2586,5260.8574,26.639729,0.49178952,24.887399133651865,24.887399133651865,0.0,0.0,0.0,0.0,9.086948e-22,0.0,0.0,0.0
2587,5262.0674,26.600407,0.49553776,24.878272997581945,24.878272997581945,0.0,0.0,0.0,0.0,6.67807e-22,0.0,0.0,0.0
2588,5263.2817,26.886797,0.4878859,24.869119189024058,24.869119189024058,0.0,0.0,0.0,0.0,4.8976857e-22,0.0,0.0,0.0
2589,5264.4927,26.644125,0.4740155,24.859996600666587,24.859996600666587,0.0,0.0,0.0,0.0,3.5917493e-22,0.0,0.0,0.0
2590,5265.7065,26.234556,0.46957314,24.850857404661376,24.850857404661376,0.0,0.0,0.0,0.0,2.6295947e-22,0.0,0.0,0.0
2591,5266.9175,26.97248,0.47509202,24.841745711686542,24.841745711686542,0.0,0.0,0.0,0.0,1.9248291e-22,0.0,0.0,0.0
2592,5268.1323,27.097725,0.47828725,24.83261008683309,24.83261008683309,0.0,0.0,0.0,0.0,1.406222e-22,0.0,0.0,0.0
2593,5269.344,27.213755,0.5062946,24.82350193842495,24.82350193842495,0.0,0.0,0.0,0.0,1.0271552e-22,0.0,0.0,0.0
2594,5270.5566,27.245615,0.49907145,24.81439555774279,24.81439555774279,0.0,0.0,0.0,0.0,7.494816e-23,0.0,0.0,0.0
2595,5271.772,26.540632,0.49481776,24.8052726258288,24.8052726258288,0.0,0.0,0.0,0.0,5.459427e-23,0.0,0.0,0.0
2596,5272.985,25.90641,0.49057922,24.79617345976614,24.79617345976614,0.0,0.0,0.0,0.0,3.975581e-23,0.0,0.0,0.0
2597,5274.2007,27.135546,0.502253,24.787057764112557,24.787057764112557,0.0,0.0,0.0,0.0,2.890137e-23,0.0,0.0,0.0
2598,5275.414,27.185154,0.46947044,24.777965807791695,24.777965807791695,0.0,0.0,0.0,0.0,2.1004253e-23,0.0,0.0,0.0
2599,5276.631,26.990997,0.4759297,24.768853688035264,24.768853688035264,0.0,0.0,0.0,0.0,1.523681e-23,0.0,0.0,0.0
2600,5277.844,26.911068,0.47198293,24.759772592033727,24.759772592033727,0.0,0.0,0.0,0.0,1.1052683e-23,0.0,0.0,0.0
2601,5279.0586,26.69414,0.4667583,24.750689609637917,24.750689609637917,0.0,0.0,0.0,0.0,8.008007e-24,0.0,0.0,0.0
2602,5280.276,27.178432,0.4699639,24.741590153795343,24.741590153795343,0.0,0.0,0.0,0.0,5.7920507e-24,0.0,0.0,0.0
2603,5281.4907,26.84152,0.47150838,24.73251437331192,24.73251437331192,0.0,0.0,0.0,0.0,4.1881055e-24,0.0,0.0,0.0
2604,5282.7085,26.241177,0.46326032,24.723422140917823,24.723422140917823,0.0,0.0,0.0,0.0,3.0231114e-24,0.0,0.0,0.0
2605,5283.924,26.125282,0.45985368,24.714353557460658,24.714353557460658,0.0,0.0,0.0,0.0,2.1815475e-24,0.0,0.0,0.0
2606,5285.142,26.492748,0.46989968,24.705268543598837,24.705268543598837,0.0,0.0,0.0,0.0,1.5715434e-24,0.0,0.0,0.0
2607,5286.358,26.771883,0.4726883,24.696207152281794,24.696207152281794,0.0,0.0,0.0,0.0,1.131785e-24,0.0,0.0,0.0
2608,5287.5776,26.571234,0.47532636,24.68712208033461,24.68712208033461,0.0,0.0,0.0,0.0,8.134607e-25,0.0,0.0,0.0
2609,5288.7935,26.537992,0.47306535,24.678071514291165,24.678071514291165,0.0,0.0,0.0,0.0,5.847326e-25,0.0,0.0,0.0
2610,5290.0103,26.699594,0.4706396,24.669019082472193,24.669019082472193,0.0,0.0,0.0,0.0,4.198133e-25,0.0,0.0,0.0
2611,5291.23,26.422249,0.47635219,24.659950276047933,24.659950276047933,0.0,0.0,0.0,0.0,3.0088203e-25,0.0,0.0,0.0
2612,5292.4473,26.300476,0.47448188,24.650905028492485,24.650905028492485,0.0,0.0,0.0,0.0,2.1558509e-25,0.0,0.0,0.0
2613,5293.668,26.980934,0.4967956,24.641839802727645,24.641839802727645,0.0,0.0,0.0,0.0,1.5417873e-25,0.0,0.0,0.0
2614,5294.8853,27.349758,0.503567,24.63280535954733,24.63280535954733,0.0,0.0,0.0,0.0,1.1026268e-25,0.0,0.0,0.0
2615,5296.1064,27.02043,0.5094061,24.623747338853,24.623747338853,0.0,0.0,0.0,0.0,7.8696345e-26,0.0,0.0,0.0
2616,5297.3247,27.40102,0.50666654,24.614716447302044,24.614716447302044,0.0,0.0,0.0,0.0,5.615941e-26,0.0,0.0,0.0
2617,5298.5435,27.022734,0.4782181,24.60568732703654,24.60568732703654,0.0,0.0,0.0,0.0,4.003318e-26,0.0,0.0,0.0
2618,5299.765,26.722383,0.47692287,24.596641909097933,24.596641909097933,0.0,0.0,0.0,0.0,2.8487576e-26,0.0,0.0,0.0
2619,5300.9844,27.39729,0.48288617,24.5876199602868,24.5876199602868,0.0,0.0,0.0,0.0,2.0266322e-26,0.0,0.0,0.0
2620,5302.2065,26.5876,0.46963897,24.578581735100606,24.578581735100606,0.0,0.0,0.0,0.0,1.4392151e-26,0.0,0.0,0.0
2621,5303.427,26.661127,0.4686538,24.56956334511894,24.56956334511894,0.0,0.0,0.0,0.0,1.0216587e-26,0.0,0.0,0.0
2622,5304.65,27.09292,0.47296295,24.560528704345995,24.560528704345995,0.0,0.0,0.0,0.0,7.239589e-27,0.0,0.0,0.0
2623,5305.87,27.642239,0.4822762,24.551521088039518,24.551521088039518,0.0,0.0,0.0,0.0,5.129429e-27,0.0,0.0,0.0
2624,5307.0903,28.072718,0.4867569,24.54251884543652,24.54251884543652,0.0,0.0,0.0,0.0,3.6309187e-27,0.0,0.0,0.0
2625,5308.3145,27.98175,0.48374504,24.533493179198473,24.533493179198473,0.0,0.0,0.0,0.0,2.5648846e-27,0.0,0.0,0.0
2626,5309.5356,27.383434,0.47848582,24.52449449392942,24.52449449392942,0.0,0.0,0.0,0.0,1.8116362e-27,0.0,0.0,0.0
2627,5310.7603,27.671858,0.5052891,24.515476013936194,24.515476013936194,0.0,0.0,0.0,0.0,1.2771276e-27,0.0,0.0,0.0
2628,5311.9814,27.7032,0.50990355,24.50648807716395,24.50648807716395,0.0,0.0,0.0,0.0,9.003557e-28,0.0,0.0,0.0
2629,5313.2065,27.603182,0.51041365,24.49747677631604,24.49747677631604,0.0,0.0,0.0,0.0,6.334213e-28,0.0,0.0,0.0
2630,5314.4287,27.119972,0.48656303,24.488492395653413,24.488492395653413,0.0,0.0,0.0,0.0,4.4557916e-28,0.0,0.0,0.0
2631,5315.6514,26.408966,0.47882932,24.47950978853306,24.47950978853306,0.0,0.0,0.0,0.0,3.1310014e-28,0.0,0.0,0.0
2632,5316.877,26.832102,0.4780328,24.47051103649431,24.47051103649431,0.0,0.0,0.0,0.0,2.1961382e-28,0.0,0.0,0.0
2633,5318.1,26.411598,0.4747337,24.46153557507133,24.46153557507133,0.0,0.0,0.0,0.0,1.5400334e-28,0.0,0.0,0.0
2634,5319.3267,26.259104,0.47684926,24.4525404100149,24.4525404100149,0.0,0.0,0.0,0.0,1.0778432e-28,0.0,0.0,0.0
2635,5320.5503,26.218378,0.48137558,24.44357209150779,24.44357209150779,0.0,0.0,0.0,0.0,7.542893e-29,0.0,0.0,0.0
2636,5321.7773,26.292755,0.47854334,24.43458409470908,24.43458409470908,0.0,0.0,0.0,0.0,5.2683194e-29,0.0,0.0,0.0
2637,5323.002,26.364614,0.4783659,24.42561934079843,24.42561934079843,0.0,0.0,0.0,0.0,3.6787778e-29,0.0,0.0,0.0
2638,5324.226,25.701876,0.4780677,24.41666350827083,24.41666350827083,0.0,0.0,0.0,0.0,2.5667512e-29,0.0,0.0,0.0
2639,5325.454,26.019854,0.4780441,24.40768446412503,24.40768446412503,0.0,0.0,0.0,0.0,1.7871027e-29,0.0,0.0,0.0
2640,5326.679,26.250185,0.4880062,24.398732193081422,24.398732193081422,0.0,0.0,0.0,0.0,1.24415774e-29,0.0,0.0,0.0
2641,5327.907,25.571695,0.48308113,24.389763873938083,24.389763873938083,0.0,0.0,0.0,0.0,8.645888e-30,0.0,0.0,0.0
2642,5329.1333,24.561676,0.46234143,24.380815167979883,24.380815167979883,0.0,0.0,0.0,0.0,6.005944e-30,0.0,0.0,0.0
2643,5330.362,24.44471,0.45475534,24.37185399975077,24.37185399975077,0.0,0.0,0.0,0.0,4.165055e-30,0.0,0.0,0.0
2644,5331.588,25.233109,0.46345443,24.36291598155442,24.36291598155442,0.0,0.0,0.0,0.0,2.8877578e-30,0.0,0.0,0.0
2645,5332.8145,24.481527,0.4608858,24.353979738941522,24.353979738941522,0.0,0.0,0.0,0.0,1.9999709e-30,0.0,0.0,0.0
2646,5334.044,25.13746,0.4640571,24.34502750269515,24.34502750269515,0.0,0.0,0.0,0.0,1.3825729e-30,0.0,0.0,0.0
2647,5335.2715,26.15683,0.47243866,24.336094827731934,24.336094827731934,0.0,0.0,0.0,0.0,9.554107e-31,0.0,0.0,0.0
2648,5336.5015,25.740656,0.4650712,24.32714973425893,24.32714973425893,0.0,0.0,0.0,0.0,6.5910796e-31,0.0,0.0,0.0
2649,5337.7295,24.380686,0.4595381,24.318224180486585,24.318224180486585,0.0,0.0,0.0,0.0,4.5453146e-31,0.0,0.0,0.0
2650,5338.96,24.682888,0.46630797,24.30928622482055,24.30928622482055,0.0,0.0,0.0,0.0,3.129194e-31,0.0,0.0,0.0
2651,5340.1885,24.558716,0.46201158,24.30036778729687,24.30036778729687,0.0,0.0,0.0,0.0,2.1534854e-31,0.0,0.0,0.0
2652,5341.4175,24.474245,0.45775995,24.29145113052779,24.29145113052779,0.0,0.0,0.0,0.0,1.4803723e-31,0.0,0.0,0.0
2653,5342.649,24.541574,0.45173874,24.282522098856553,24.282522098856553,0.0,0.0,0.0,0.0,1.0159159e-31,0.0,0.0,0.0
2654,5343.878,24.667475,0.45514393,24.273616092442573,24.273616092442573,0.0,0.0,0.0,0.0,6.9703065e-32,0.0,0.0,0.0
2655,5345.1104,24.633259,0.44893637,24.264690653111472,24.264690653111472,0.0,0.0,0.0,0.0,4.772814e-32,0.0,0.0,0.0
2656,5346.34,24.251457,0.4441759,24.25579175059245,24.25579175059245,0.0,0.0,0.0,0.0,3.267889e-32,0.0,0.0,0.0
2657,5347.5728,24.559189,0.44146815,24.246873440139147,24.246873440139147,0.0,0.0,0.0,0.0,2.2329827e-32,0.0,0.0,0.0
2658,5348.8027,24.83404,0.44942588,24.237981636571405,24.237981636571405,0.0,0.0,0.0,0.0,1.5257389e-32,0.0,0.0,0.0
2659,5350.033,24.846596,0.45198193,24.22909161041578,24.22909161041578,0.0,0.0,0.0,0.0,1.04133724e-32,0.0,0.0,0.0
2660,5351.267,24.812057,0.44789165,24.220182215831898,24.220182215831898,0.0,0.0,0.0,0.0,7.092855e-33,0.0,0.0,0.0
2661,5352.498,24.756306,0.44717455,24.211299285430233,24.211299285430233,0.0,0.0,0.0,0.0,4.8308957e-33,0.0,0.0,0.0
2662,5353.732,24.325108,0.4691207,24.20240053191494,24.20240053191494,0.0,0.0,0.0,0.0,3.2841207e-33,0.0,0.0,0.0
2663,5354.964,24.263136,0.47230566,24.19352117190037,24.19352117190037,0.0,0.0,0.0,0.0,2.2317976e-33,0.0,0.0,0.0
2664,5356.1987,24.408613,0.45125127,24.18462601363641,24.18462601363641,0.0,0.0,0.0,0.0,1.5138127e-33,0.0,0.0,0.0
2665,5357.4307,24.676561,0.45450538,24.17575725989096,24.17575725989096,0.0,0.0,0.0,0.0,1.0267694e-33,0.0,0.0,0.0
2666,5358.6636,24.677382,0.45039418,24.166886772378092,24.166886772378092,0.0,0.0,0.0,0.0,6.9553725e-34,0.0,0.0,0.0
2667,5359.8994,24.375788,0.45436135,24.15800051963624,24.15800051963624,0.0,0.0,0.0,0.0,4.70265e-34,0.0,0.0,0.0
2668,5361.1323,24.729519,0.4599199,24.149140628861716,24.149140628861716,0.0,0.0,0.0,0.0,3.1794245e-34,0.0,0.0,0.0
2669,5362.368,25.402767,0.47386083,24.14026498924844,24.14026498924844,0.0,0.0,0.0,0.0,2.1455203e-34,0.0,0.0,0.0
2670,5363.602,24.122633,0.48727158,24.13140867041929,24.13140867041929,0.0,0.0,0.0,0.0,1.447308e-34,0.0,0.0,0.0
2671,5364.839,23.599155,0.5113914,24.1225366274975,24.1225366274975,0.0,0.0,0.0,0.0,9.74468e-35,0.0,0.0,0.0
2672,5366.073,23.953794,0.5936792,24.113687387656682,24.113687387656682,0.0,0.0,0.0,0.0,6.5597624e-35,0.0,0.0,0.0
2673,5367.3076,23.617605,0.6748971,24.104843428383198,24.104843428383198,0.0,0.0,0.0,0.0,4.411549e-35,0.0,0.0,0.0
2674,5368.5454,23.652258,0.6468778,24.09598027843217,24.09598027843217,0.0,0.0,0.0,0.0,2.960712e-35,0.0,0.0,0.0
2675,5369.7803,23.283342,0.6432184,24.087143388615576,24.087143388615576,0.0,0.0,0.0,0.0,1.9869548e-35,0.0,0.0,0.0
2676,5371.0186,23.12424,0.63602287,24.0782873327839,24.0782873327839,0.0,0.0,0.0,0.0,1.3306849e-35,0.0,0.0,0.0
2677,5372.254,24.12915,0.59385985,24.06945750746077,24.06945750746077,0.0,0.0,0.0,0.0,8.9116025e-36,0.0,0.0,0.0
2678,5373.4927,24.26731,0.5021652,24.060608540751073,24.060608540751073,0.0,0.0,0.0,0.0,5.9556413e-36,0.0,0.0,0.0
2679,5374.729,22.57519,0.45942333,24.051782290117387,24.051782290117387,0.0,0.0,0.0,0.0,3.9794685e-36,0.0,0.0,0.0
2680,5375.966,23.109455,0.47029543,24.04295782340994,24.04295782340994,0.0,0.0,0.0,0.0,2.6560399e-36,0.0,0.0,0.0
2681,5377.205,23.201822,0.4900898,24.03412121979123,24.03412121979123,0.0,0.0,0.0,0.0,1.7695875e-36,0.0,0.0,0.0
2682,5378.4424,23.857477,0.48840484,24.0253038134926,24.0253038134926,0.0,0.0,0.0,0.0,1.1786016e-36,0.0,0.0,0.0
2683,5379.682,23.346018,0.45607895,24.01647428650837,24.01647428650837,0.0,0.0,0.0,0.0,7.835919e-37,0.0,0.0,0.0
2684,5380.9204,23.019644,0.44228846,24.007660461197887,24.007660461197887,0.0,0.0,0.0,0.0,5.2070794e-37,0.0,0.0,0.0
2685,5382.161,24.240913,0.4508184,23.998834535559265,23.998834535559265,0.0,0.0,0.0,0.0,3.4540592e-37,0.0,0.0,0.0
2686,5383.3994,23.484358,0.44335097,23.99003123929889,23.99003123929889,0.0,0.0,0.0,0.0,2.2908102e-37,0.0,0.0,0.0
2687,5384.6406,23.19593,0.43782297,23.981212386518614,23.981212386518614,0.0,0.0,0.0,0.0,1.5163758e-37,0.0,0.0,0.0
2688,5385.8794,23.585962,0.45189992,23.972416137808807,23.972416137808807,0.0,0.0,0.0,0.0,1.0035716e-37,0.0,0.0,0.0
2689,5387.118,23.737995,0.45107272,23.963625137360975,23.963625137360975,0.0,0.0,0.0,0.0,6.635432e-38,0.0,0.0,0.0
2690,5388.3604,23.294521,0.44161248,23.954815146742035,23.954815146742035,0.0,0.0,0.0,0.0,4.3778957e-38,0.0,0.0,0.0
2691,5389.6,22.84401,0.44239542,23.946027724370996,23.946027724370996,0.0,0.0,0.0,0.0,2.8879884e-38,0.0,0.0,0.0
2692,5390.843,23.06156,0.455451,23.937224798238155,23.937224798238155,0.0,0.0,0.0,0.0,1.9014021e-38,0.0,0.0,0.0
2693,5392.083,22.45101,0.5573181,23.92844441510963,23.92844441510963,0.0,0.0,0.0,0.0,1.2516496e-38,0.0,0.0,0.0
2694,5393.3267,21.994545,0.74693686,23.9196450947041,23.9196450947041,0.0,0.0,0.0,0.0,8.221805e-39,0.0,0.0,0.0
2695,5394.567,23.07881,0.85556453,23.910875199578676,23.910875199578676,0.0,0.0,0.0,0.0,5.401626e-39,0.0,0.0,0.0
2696,5395.808,23.498407,0.695178,23.90210363549179,23.90210363549179,0.0,0.0,0.0,0.0,3.544174e-39,0.0,0.0,0.0
2697,5397.0522,22.057192,0.51276386,23.893316620219096,23.893316620219096,0.0,0.0,0.0,0.0,2.320861e-39,0.0,0.0,0.0
2698,5398.294,23.044724,0.4713391,23.884552087038713,23.884552087038713,0.0,0.0,0.0,0.0,1.519541e-39,0.0,0.0,0.0
2699,5399.539,22.580465,0.5203953,23.875768679388777,23.875768679388777,0.0,0.0,0.0,0.0,9.92767e-40,0.0,0.0,0.0
2700,5400.7812,23.064915,0.51883113,23.867011174178845,23.867011174178845,0.0,0.0,0.0,0.0,6.48615e-40,0.0,0.0,0.0
2701,5402.0264,22.929281,0.48995394,23.85823825807744,23.85823825807744,0.0,0.0,0.0,0.0,4.22926e-40,0.0,0.0,0.0
2702,5403.269,22.449003,0.45319566,23.849487773790482,23.849487773790482,0.0,0.0,0.0,0.0,2.75729e-40,0.0,0.0,0.0
2703,5404.5127,22.967203,0.44978097,23.8407356396138,23.8407356396138,0.0,0.0,0.0,0.0,1.79525e-40,0.0,0.0,0.0
2704,5405.759,22.928505,0.44339636,23.83197156401654,23.83197156401654,0.0,0.0,0.0,0.0,1.16674e-40,0.0,0.0,0.0
2705,5407.002,22.40455,0.4424229,23.82323331578471,23.82323331578471,0.0,0.0,0.0,0.0,7.5831e-41,0.0,0.0,0.0
2706,5408.249,22.882944,0.455339,23.814472846668757,23.814472846668757,0.0,0.0,0.0,0.0,4.9169e-41,0.0,0.0,0.0
2707,5409.493,22.769424,0.4533841,23.805738179860516,23.805738179860516,0.0,0.0,0.0,0.0,3.1877e-41,0.0,0.0,0.0
2708,5410.7407,22.319633,0.44089985,23.79698474947301,23.79698474947301,0.0,0.0,0.0,0.0,2.0623e-41,0.0,0.0,0.0
2709,5411.9854,22.639856,0.43896708,23.78825709225995,23.78825709225995,0.0,0.0,0.0,0.0,1.3354e-41,0.0,0.0,0.0
2710,5413.23,22.57846,0.4644714,23.779534641777175,23.779534641777175,0.0,0.0,0.0,0.0,8.622e-42,0.0,0.0,0.0
2711,5414.4785,23.263073,0.50358427,23.770790042949155,23.770790042949155,0.0,0.0,0.0,0.0,5.556e-42,0.0,0.0,0.0
2712,5415.724,23.77816,0.49943653,23.76207117572363,23.76207117572363,0.0,0.0,0.0,0.0,3.596e-42,0.0,0.0,0.0
2713,5416.9727,23.164534,0.45400116,23.753337021895785,23.753337021895785,0.0,0.0,0.0,0.0,2.304e-42,0.0,0.0,0.0
2714,5418.219,22.891407,0.43704677,23.744621741093255,23.744621741093255,0.0,0.0,0.0,0.0,1.478e-42,0.0,0.0,0.0
2715,5419.4683,23.632269,0.44706002,23.735894608387145,23.735894608387145,0.0,0.0,0.0,0.0,9.5e-43,0.0,0.0,0.0
2716,5420.7153,22.390657,0.44830704,23.727186327840514,23.727186327840514,0.0,0.0,0.0,0.0,6.07e-43,0.0,0.0,0.0
2717,5421.963,22.547337,0.5073693,23.71847983765998,23.71847983765998,0.0,0.0,0.0,0.0,3.9e-43,0.0,0.0,0.0
2718,5423.2134,23.514038,0.65814847,23.709758116773642,23.709758116773642,0.0,0.0,0.0,0.0,2.5e-43,0.0,0.0,0.0
2719,5424.461,22.877968,0.7233004,23.701062027979802,23.701062027979802,0.0,0.0,0.0,0.0,1.56e-43,0.0,0.0,0.0
2720,5425.7114,22.384405,0.61963505,23.69235072427781,23.69235072427781,0.0,0.0,0.0,0.0,1.1e-43,0.0,0.0,0.0
2721,5426.96,23.407585,0.4612143,23.683658222706942,23.683658222706942,0.0,0.0,0.0,0.0,6.2e-44,0.0,0.0,0.0
2722,5428.211,21.746454,0.41221416,23.674953926576336,23.674953926576336,0.0,0.0,0.0,0.0,4.6e-44,0.0,0.0,0.0
2723,5429.46,22.498016,0.42222986,23.66626841178606,23.66626841178606,0.0,0.0,0.0,0.0,3.1e-44,0.0,0.0,0.0
2724,5430.709,23.119654,0.43731046,23.65758808014376,23.65758808014376,0.0,0.0,0.0,0.0,1.5e-44,0.0,0.0,0.0
2725,5431.9614,22.761623,0.46594292,23.648889194799317,23.648889194799317,0.0,0.0,0.0,0.0,1.5e-44,0.0,0.0,0.0
2726,5433.211,22.264452,0.5058659,23.64021584241827,23.64021584241827,0.0,0.0,0.0,0.0,0.0,0.0,0.0,0.0
2727,5434.464,22.308826,0.49791938,23.631523960157278,23.631523960157278,0.0,0.0,0.0,0.0,0.0,0.0,0.0,0.0
2728,5435.7144,22.20629,0.45565966,23.622854197727566,23.622854197727566,0.0,0.0,0.0,0.0,0.0,0.0,0.0,0.0
2729,5436.968,21.744703,0.4287316,23.614169315524915,23.614169315524915,0.0,0.0,0.0,0.0,0.0,0.0,0.0,0.0
2730,5438.2183,22.187805,0.4237526,23.605509908635884,23.605509908635884,0.0,0.0,0.0,0.0,0.0,0.0,0.0,0.0
2731,5439.4697,22.372602,0.45572916,23.596848910574867,23.596848910574867,0.0,0.0,0.0,0.0,0.0,0.0,0.0,0.0
2732,5440.724,21.985416,0.551923,23.588172824312228,23.588172824312228,0.0,0.0,0.0,0.0,0.0,0.0,0.0,0.0
2733,5441.9756,22.364258,0.6243903,23.579522172244435,23.579522172244435,0.0,0.0,0.0,0.0,0.0,0.0,0.0,0.0
2734,5443.2305,24.09132,0.6584686,23.57085307543274,23.57085307543274,0.0,0.0,0.0,0.0,0.0,0.0,0.0,0.0
2735,5444.4824,22.726292,0.55200696,23.56220938408629,23.56220938408629,0.0,0.0,0.0,0.0,0.0,0.0,0.0,0.0
2736,5445.7383,22.094988,0.44358325,23.553543903519078,23.553543903519078,0.0,0.0,0.0,0.0,0.0,0.0,0.0,0.0
2737,5446.9907,22.53513,0.42909065,23.544907169883096,23.544907169883096,0.0,0.0,0.0,0.0,0.0,0.0,0.0,0.0
2738,5448.2437,22.674618,0.4504704,23.5362722236209,23.5362722236209,0.0,0.0,0.0,0.0,0.0,0.0,0.0,0.0
2739,5449.5,22.171076,0.4517885,23.527618893746634,23.527618893746634,0.0,0.0,0.0,0.0,0.0,0.0,0.0,0.0
2740,5450.754,22.378191,0.42558587,23.518987539560882,23.518987539560882,0.0,0.0,0.0,0.0,0.0,0.0,0.0,0.0
2741,5452.0107,22.291779,0.42873493,23.510341187484677,23.510341187484677,0.0,0.0,0.0,0.0,0.0,0.0,0.0,0.0
2742,5453.2646,21.83801,0.43946993,23.501720142586144,23.501720142586144,0.0,0.0,0.0,0.0,0.0,0.0,0.0,0.0
2743,5454.5225,21.88948,0.48088285,23.493077407142078,23.493077407142078,0.0,0.0,0.0,0.0,0.0,0.0,0.0,0.0
2744,5455.7773,21.86989,0.4955406,23.484459954290458,23.484459954290458,0.0,0.0,0.0,0.0,0.0,0.0,0.0,0.0
2745,5457.032,21.43594,0.46490464,23.475847643172294,23.475847643172294,0.0,0.0,0.0,0.0,0.0,0.0,0.0,0.0
2746,5458.2905,22.418198,0.43555537,23.46721703288654,23.46721703288654,0.0,0.0,0.0,0.0,0.0,0.0,0.0,0.0
2747,5459.5464,22.42924,0.42721534,23.458608314281772,23.458608314281772,0.0,0.0,0.0,0.0,0.0,0.0,0.0,0.0
2748,5460.8057,22.264658,0.4486151,23.449981323995345,23.449981323995345,0.0,0.0,0.0,0.0,0.0,0.0,0.0,0.0
2749,5462.0615,22.175852,0.53485036,23.44138288904924,23.44138288904924,0.0,0.0,0.0,0.0,0.0,0.0,0.0,0.0
2750,5463.3213,22.12355,0.6327449,23.43276286177991,23.43276286177991,0.0,0.0,0.0,0.0,0.0,0.0,0.0,0.0
2751,5464.578,22.258705,0.5778165,23.424168019265046,23.424168019265046,0.0,0.0,0.0,0.0,0.0,0.0,0.0,0.0
2752,5465.835,22.592113,0.47510904,23.415578304702663,23.415578304702663,0.0,0.0,0.0,0.0,0.0,0.0,0.0,0.0
2753,5467.0957,21.736626,0.43048897,23.406967040902746,23.406967040902746,0.0,0.0,0.0,0.0,0.0,0.0,0.0,0.0
2754,5468.3535,22.329191,0.4385136,23.39838092118763,23.39838092118763,0.0,0.0,0.0,0.0,0.0,0.0,0.0,0.0
2755,5469.6143,22.769636,0.44193992,23.389779943845305,23.389779943845305,0.0,0.0,0.0,0.0,0.0,0.0,0.0,0.0
2756,5470.8726,22.414043,0.4361022,23.3812007500451,23.3812007500451,0.0,0.0,0.0,0.0,0.0,0.0,0.0,0.0
2757,5472.1343,22.286346,0.43641916,23.37260339182168,23.37260339182168,0.0,0.0,0.0,0.0,0.0,0.0,0.0,0.0
2758,5473.393,22.416996,0.435838,23.364031120878185,23.364031120878185,0.0,0.0,0.0,0.0,0.0,0.0,0.0,0.0
2759,5474.6523,22.096518,0.4270985,23.355460641930783,23.355460641930783,0.0,0.0,0.0,0.0,0.0,0.0,0.0,0.0
2760,5475.9146,22.01874,0.42009374,23.346875355686713,23.346875355686713,0.0,0.0,0.0,0.0,0.0,0.0,0.0,0.0
2761,5477.1743,22.123701,0.43581533,23.33831179401837,23.33831179401837,0.0,0.0,0.0,0.0,0.0,0.0,0.0,0.0
2762,5478.437,21.686644,0.4437264,23.32973344434597,23.32973344434597,0.0,0.0,0.0,0.0,0.0,0.0,0.0,0.0
2763,5479.6978,21.07223,0.46416995,23.321173480652778,23.321173480652778,0.0,0.0,0.0,0.0,0.0,0.0,0.0,0.0
2764,5480.9614,22.159447,0.46495736,23.31259875218511,23.31259875218511,0.0,0.0,0.0,0.0,0.0,0.0,0.0,0.0
2765,5482.222,21.877335,0.44179732,23.30404901388527,23.30404901388527,0.0,0.0,0.0,0.0,0.0,0.0,0.0,0.0
2766,5483.486,22.593237,0.45279327,23.295484526091183,23.295484526091183,0.0,0.0,0.0,0.0,0.0,0.0,0.0,0.0
2767,5484.7476,22.31697,0.4549593,23.286938383581568,23.286938383581568,0.0,0.0,0.0,0.0,0.0,0.0,0.0,0.0
2768,5486.0093,21.740717,0.46772447,23.27839734095405,23.27839734095405,0.0,0.0,0.0,0.0,0.0,0.0,0.0,0.0
2769,5487.2744,22.48155,0.5259037,23.269838277215026,23.269838277215026,0.0,0.0,0.0,0.0,0.0,0.0,0.0,0.0
2770,5488.5366,21.860258,0.5126135,23.261304135073193,23.261304135073193,0.0,0.0,0.0,0.0,0.0,0.0,0.0,0.0
2771,5489.8022,21.772945,0.451955,23.252751994938457,23.252751994938457,0.0,0.0,0.0,0.0,0.0,0.0,0.0,0.0
2772,5491.0654,21.74293,0.41366762,23.244221451745354,23.244221451745354,0.0,0.0,0.0,0.0,0.0,0.0,0.0,0.0
2773,5492.332,22.014437,0.42110753,23.235672937589793,23.235672937589793,0.0,0.0,0.0,0.0,0.0,0.0,0.0,0.0
2774,5493.595,22.288689,0.42193362,23.227152585185376,23.227152585185376,0.0,0.0,0.0,0.0,0.0,0.0,0.0,0.0
2775,5494.8594,22.20048,0.42549604,23.218630733819833,23.218630733819833,0.0,0.0,0.0,0.0,0.0,0.0,0.0,0.0
2776,5496.1265,22.334658,0.42271143,23.210094236628553,23.210094236628553,0.0,0.0,0.0,0.0,0.0,0.0,0.0,0.0
2777,5497.3906,21.646624,0.41410944,23.20158256453095,23.20158256453095,0.0,0.0,0.0,0.0,0.0,0.0,0.0,0.0
2778,5498.658,22.302711,0.42276964,23.193052977072384,23.193052977072384,0.0,0.0,0.0,0.0,0.0,0.0,0.0,0.0
2779,5499.9233,22.470205,0.41921118,23.184544903917814,23.184544903917814,0.0,0.0,0.0,0.0,0.0,0.0,0.0,0.0
2780,5501.1914,21.814215,0.4135887,23.176022223064617,23.176022223064617,0.0,0.0,0.0,0.0,0.0,0.0,0.0,0.0
2781,5502.457,21.878632,0.41423646,23.167521032396362,23.167521032396362,0.0,0.0,0.0,0.0,0.0,0.0,0.0,0.0
2782,5503.7227,22.645298,0.4256266,23.159024914113594,23.159024914113594,0.0,0.0,0.0,0.0,0.0,0.0,0.0,0.0
2783,5504.9917,22.553526,0.47551402,23.15051093980609,23.15051093980609,0.0,0.0,0.0,0.0,0.0,0.0,0.0,0.0
2784,5506.2583,22.175453,0.47836417,23.14201842152917,23.14201842152917,0.0,0.0,0.0,0.0,0.0,0.0,0.0,0.0
2785,5507.5283,21.62092,0.45868215,23.133508074040986,23.133508074040986,0.0,0.0,0.0,0.0,0.0,0.0,0.0,0.0
2786,5508.795,21.511744,0.45965558,23.125025700473614,23.125025700473614,0.0,0.0,0.0,0.0,0.0,0.0,0.0,0.0
2787,5510.0654,22.087769,0.45391825,23.116522249586513,23.116522249586513,0.0,0.0,0.0,0.0,0.0,0.0,0.0,0.0
2788,5511.333,22.065023,0.4400006,23.108043475660285,23.108043475660285,0.0,0.0,0.0,0.0,0.0,0.0,0.0,0.0
2789,5512.601,22.590858,0.5647055,23.099566497222483,23.099566497222483,0.0,0.0,0.0,0.0,0.0,0.0,0.0,0.0
2790,5513.872,22.819134,0.66347986,23.091075009839255,23.091075009839255,0.0,0.0,0.0,0.0,0.0,0.0,0.0,0.0
2791,5515.1406,22.77213,0.6256414,23.082604896361993,23.082604896361993,0.0,0.0,0.0,0.0,0.0,0.0,0.0,0.0
2792,5516.412,22.711332,0.48349705,23.074120292831502,23.074120292831502,0.0,0.0,0.0,0.0,0.0,0.0,0.0,0.0
2793,5517.681,22.800123,0.44290164,23.065657039239856,23.065657039239856,0.0,0.0,0.0,0.0,0.0,0.0,0.0,0.0
2794,5518.9536,22.997746,0.43477872,23.057176061029192,23.057176061029192,0.0,0.0,0.0,0.0,0.0,0.0,0.0,0.0
2795,5520.223,22.305449,0.42339122,23.04871966419068,23.04871966419068,0.0,0.0,0.0,0.0,0.0,0.0,0.0,0.0
2796,5521.493,22.572912,0.42674652,23.040265062745014,23.040265062745014,0.0,0.0,0.0,0.0,0.0,0.0,0.0,0.0
2797,5522.7666,22.933283,0.42974934,23.031792772692352,23.031792772692352,0.0,0.0,0.0,0.0,0.0,0.0,0.0,0.0
2798,5524.0366,22.57434,0.4196175,23.023348269938914,23.023348269938914,0.0,0.0,0.0,0.0,0.0,0.0,0.0,0.0
2799,5525.311,22.176527,0.41807953,23.014879609923995,23.014879609923995,0.0,0.0,0.0,0.0,0.0,0.0,0.0,0.0
2800,5526.582,22.75281,0.42315975,23.006438709443707,23.006438709443707,0.0,0.0,0.0,0.0,0.0,0.0,0.0,0.0
2801,5527.8564,21.939034,0.41846293,22.99798016568875,22.99798016568875,0.0,0.0,0.0,0.0,0.0,0.0,0.0,0.0
2802,5529.128,22.053686,0.4236703,22.98954610806839,22.98954610806839,0.0,0.0,0.0,0.0,0.0,0.0,0.0,0.0
2803,5530.4004,22.473482,0.42522964,22.981110609714626,22.981110609714626,0.0,0.0,0.0,0.0,0.0,0.0,0.0,0.0
2804,5531.676,22.980225,0.44517785,22.97266074184923,22.97266074184923,0.0,0.0,0.0,0.0,0.0,0.0,0.0,0.0
2805,5532.948,23.330393,0.45565218,22.964235320521908,22.964235320521908,0.0,0.0,0.0,0.0,0.0,0.0,0.0,0.0
2806,5534.224,21.836195,0.4534014,22.955792314337526,22.955792314337526,0.0,0.0,0.0,0.0,0.0,0.0,0.0,0.0
2807,5535.4976,22.501667,0.45868066,22.947370498772212,22.947370498772212,0.0,0.0,0.0,0.0,0.0,0.0,0.0,0.0
2808,5536.7744,22.200396,0.4597738,22.938931124754063,22.938931124754063,0.0,0.0,0.0,0.0,0.0,0.0,0.0,0.0
2809,5538.048,22.223694,0.46609783,22.930519370236738,22.930519370236738,0.0,0.0,0.0,0.0,0.0,0.0,0.0,0.0
2810,5539.322,22.375435,0.48633644,22.922109410788657,22.922109410788657,0.0,0.0,0.0,0.0,0.0,0.0,0.0,0.0
2811,5540.5996,21.64814,0.4963525,22.913678704150716,22.913678704150716,0.0,0.0,0.0,0.0,0.0,0.0,0.0,0.0
2812,5541.8735,22.022562,0.47617733,22.90527879041807,22.90527879041807,0.0,0.0,0.0,0.0,0.0,0.0,0.0,0.0
2813,5543.152,21.090002,0.45071587,22.89685493525499,22.89685493525499,0.0,0.0,0.0,0.0,0.0,0.0,0.0,0.0
2814,5544.427,22.197994,0.46358344,22.88845862296452,22.88845862296452,0.0,0.0,0.0,0.0,0.0,0.0,0.0,0.0
2815,5545.7056,22.325602,0.4778807,22.880041616075616,22.880041616075616,0.0,0.0,0.0,0.0,0.0,0.0,0.0,0.0
2816,5546.9814,21.658249,0.48597345,22.87164890974175,22.87164890974175,0.0,0.0,0.0,0.0,0.0,0.0,0.0,0.0
2817,5548.2573,22.416964,0.4854709,22.86326121111453,22.86326121111453,0.0,0.0,0.0,0.0,0.0,0.0,0.0,0.0
2818,5549.537,22.107182,0.46335757,22.854852859149208,22.854852859149208,0.0,0.0,0.0,0.0,0.0,0.0,0.0,0.0
2819,5550.8135,21.847015,0.44677728,22.846471973626638,22.846471973626638,0.0,0.0,0.0,0.0,0.0,0.0,0.0,0.0
2820,5552.0938,21.48381,0.44022408,22.838070460957827,22.838070460957827,0.0,0.0,0.0,0.0,0.0,0.0,0.0,0.0
2821,5553.3706,21.59531,0.44267184,22.829696383444755,22.829696383444755,0.0,0.0,0.0,0.0,0.0,0.0,0.0,0.0
2822,5554.6514,21.991705,0.45880124,22.82130170494144,22.82130170494144,0.0,0.0,0.0,0.0,0.0,0.0,0.0,0.0
2823,5555.9287,21.901339,0.43492547,22.812934430344193,22.812934430344193,0.0,0.0,0.0,0.0,0.0,0.0,0.0,0.0
2824,5557.207,21.494606,0.42309996,22.8045657546868,22.8045657546868,0.0,0.0,0.0,0.0,0.0,0.0,0.0,0.0
2825,5558.4883,21.90885,0.41933993,22.796182910376736,22.796182910376736,0.0,0.0,0.0,0.0,0.0,0.0,0.0,0.0
2826,5559.767,22.05569,0.42370638,22.787821037636466,22.787821037636466,0.0,0.0,0.0,0.0,0.0,0.0,0.0,0.0
2827,5561.0493,21.781246,0.4231088,22.77944182476688,22.77944182476688,0.0,0.0,0.0,0.0,0.0,0.0,0.0,0.0
2828,5562.3286,21.865837,0.41546643,22.77108675174496,22.77108675174496,0.0,0.0,0.0,0.0,0.0,0.0,0.0,0.0
2829,5563.6113,22.397497,0.42193368,22.76271436081551,22.76271436081551,0.0,0.0,0.0,0.0,0.0,0.0,0.0,0.0
2830,5564.891,21.854038,0.4195177,22.75436608240642,22.75436608240642,0.0,0.0,0.0,0.0,0.0,0.0,0.0,0.0
2831,5566.1714,21.688194,0.41807228,22.746019602065534,22.746019602065534,0.0,0.0,0.0,0.0,0.0,0.0,0.0,0.0
2832,5567.455,21.65887,0.41427508,22.737655838984146,22.737655838984146,0.0,0.0,0.0,0.0,0.0,0.0,0.0,0.0
2833,5568.736,21.360023,0.41410914,22.72931614940651,22.72931614940651,0.0,0.0,0.0,0.0,0.0,0.0,0.0,0.0
2834,5570.02,21.703997,0.41621554,22.720959199234326,22.720959199234326,0.0,0.0,0.0,0.0,0.0,0.0,0.0,0.0
2835,5571.3013,22.565004,0.4234605,22.71262629531096,22.71262629531096,0.0,0.0,0.0,0.0,0.0,0.0,0.0,0.0
2836,5572.586,21.078644,0.42378965,22.704276152908292,22.704276152908292,0.0,0.0,0.0,0.0,0.0,0.0,0.0,0.0
2837,5573.868,21.223932,0.4274758,22.695946858621895,22.695946858621895,0.0,0.0,0.0,0.0,0.0,0.0,0.0,0.0
2838,5575.1504,20.963806,0.43500385,22.6876225348389,22.6876225348389,0.0,0.0,0.0,0.0,0.0,0.0,0.0,0.0
2839,5576.436,20.9653,0.5030419,22.679281007579505,22.679281007579505,0.0,0.0,0.0,0.0,0.0,0.0,0.0,0.0
2840,5577.7183,21.638096,0.59180534,22.670966625705063,22.670966625705063,0.0,0.0,0.0,0.0,0.0,0.0,0.0,0.0
2841,5579.005,22.199465,0.573169,22.662628731928493,22.662628731928493,0.0,0.0,0.0,0.0,0.0,0.0,0.0,0.0
2842,5580.288,22.22041,0.48984239,22.65431795638635,22.65431795638635,0.0,0.0,0.0,0.0,0.0,0.0,0.0,0.0
2843,5581.575,21.932856,0.4517885,22.64598686185567,22.64598686185567,0.0,0.0,0.0,0.0,0.0,0.0,0.0,0.0
2844,5582.859,21.141659,0.4640087,22.637682854654166,22.637682854654166,0.0,0.0,0.0,0.0,0.0,0.0,0.0,0.0
2845,5584.1465,21.58817,0.4561438,22.629358554220012,22.629358554220012,0.0,0.0,0.0,0.0,0.0,0.0,0.0,0.0
2846,5585.4316,22.301872,0.458241,22.62105500243907,22.62105500243907,0.0,0.0,0.0,0.0,0.0,0.0,0.0,0.0
2847,5586.7163,21.530136,0.4352225,22.612759558860297,22.612759558860297,0.0,0.0,0.0,0.0,0.0,0.0,0.0,0.0
2848,5588.0044,21.335878,0.4346932,22.604447012631002,22.604447012631002,0.0,0.0,0.0,0.0,0.0,0.0,0.0,0.0
2849,5589.29,21.374903,0.44610748,22.596155178244075,22.596155178244075,0.0,0.0,0.0,0.0,0.0,0.0,0.0,0.0
2850,5590.579,21.18063,0.4459037,22.58784626687612,22.58784626687612,0.0,0.0,0.0,0.0,0.0,0.0,0.0,0.0
2851,5591.865,20.99571,0.42202422,22.579561192341604,22.579561192341604,0.0,0.0,0.0,0.0,0.0,0.0,0.0,0.0
2852,5593.1543,21.177639,0.41292778,22.57126220531671,22.57126220531671,0.0,0.0,0.0,0.0,0.0,0.0,0.0,0.0
2853,5594.441,21.3557,0.41069543,22.565616995763992,22.565616995763992,0.0,0.0,0.0,0.0,0.0,0.0,0.0,0.0
2854,5595.728,20.63027,0.40206572,22.560770477063233,22.560770477063233,0.0,0.0,0.0,0.0,0.0,0.0,0.0,0.0
2855,5597.0195,21.224539,0.40833637,22.55590957731673,22.55590957731673,0.0,0.0,0.0,0.0,0.0,0.0,0.0,0.0
2856,5598.3066,21.005213,0.4168448,22.551067374913707,22.551067374913707,0.0,0.0,0.0,0.0,0.0,0.0,0.0,0.0
2857,5599.5977,21.283358,0.42029226,22.546212638999634,22.546212638999634,0.0,0.0,0.0,0.0,0.0,0.0,0.0,0.0
2858,5600.8857,21.61126,0.41865468,22.541371076433748,22.541371076433748,0.0,0.0,0.0,0.0,0.0,0.0,0.0,0.0
2859,5602.1777,20.984201,0.4400649,22.53651699378936,22.53651699378936,0.0,0.0,0.0,0.0,0.0,0.0,0.0,0.0
2860,5603.4663,21.749325,0.45004725,22.531677908310797,22.531677908310797,0.0,0.0,0.0,0.0,0.0,0.0,0.0,0.0
2861,5604.7554,21.318998,0.4285619,22.526839141742336,22.526839141742336,0.0,0.0,0.0,0.0,0.0,0.0,0.0,0.0
2862,5606.048,21.533428,0.41231367,22.521989705221724,22.521989705221724,0.0,0.0,0.0,0.0,0.0,0.0,0.0,0.0
2863,5607.3374,21.754032,0.41842765,22.51715341516821,22.51715341516821,0.0,0.0,0.0,0.0,0.0,0.0,0.0,0.0
2864,5608.6304,21.600203,0.41637725,22.5123064652991,22.5123064652991,0.0,0.0,0.0,0.0,0.0,0.0,0.0,0.0
2865,5609.921,21.62119,0.4206429,22.507470821634044,22.507470821634044,0.0,0.0,0.0,0.0,0.0,0.0,0.0,0.0
2866,5611.2144,21.739506,0.4480153,22.50262635829184,22.50262635829184,0.0,0.0,0.0,0.0,0.0,0.0,0.0,0.0
2867,5612.5054,21.480183,0.52930313,22.497793191723925,22.497793191723925,0.0,0.0,0.0,0.0,0.0,0.0,0.0,0.0
2868,5613.7964,22.391876,0.5562349,22.49296217449721,22.49296217449721,0.0,0.0,0.0,0.0,0.0,0.0,0.0,0.0
2869,5615.091,22.228312,0.49808276,22.488120523561605,22.488120523561605,0.0,0.0,0.0,0.0,0.0,0.0,0.0,0.0
2870,5616.383,21.270985,0.42741728,22.48329015609009,22.48329015609009,0.0,0.0,0.0,0.0,0.0,0.0,0.0,0.0
2871,5617.6777,21.4118,0.41661468,22.478450990952847,22.478450990952847,0.0,0.0,0.0,0.0,0.0,0.0,0.0,0.0
2872,5618.97,21.354822,0.40710178,22.47362309986784,22.47362309986784,0.0,0.0,0.0,0.0,0.0,0.0,0.0,0.0
2873,5620.266,21.800316,0.41163823,22.468784596890277,22.468784596890277,0.0,0.0,0.0,0.0,0.0,0.0,0.0,0.0
2874,5621.5586,21.196697,0.41485113,22.463961003945485,22.463961003945485,0.0,0.0,0.0,0.0,0.0,0.0,0.0,0.0
2875,5622.852,21.152206,0.43644312,22.45913591291691,22.45913591291691,0.0,0.0,0.0,0.0,0.0,0.0,0.0,0.0
2876,5624.1484,21.72979,0.4574873,22.454302046176604,22.454302046176604,0.0,0.0,0.0,0.0,0.0,0.0,0.0,0.0
2877,5625.4424,21.465767,0.44416478,22.44947943080933,22.44947943080933,0.0,0.0,0.0,0.0,0.0,0.0,0.0,0.0
2878,5626.7397,20.846947,0.41756275,22.444646229534175,22.444646229534175,0.0,0.0,0.0,0.0,0.0,0.0,0.0,0.0
2879,5628.034,21.056274,0.41755524,22.43982608969426,22.43982608969426,0.0,0.0,0.0,0.0,0.0,0.0,0.0,0.0
2880,5629.332,21.59133,0.4517258,22.434995374000785,22.434995374000785,0.0,0.0,0.0,0.0,0.0,0.0,0.0,0.0
2881,5630.627,21.791155,0.62164867,22.430177708743177,22.430177708743177,0.0,0.0,0.0,0.0,0.0,0.0,0.0,0.0
2882,5631.9224,21.766272,0.8926425,22.425360370095333,22.425360370095333,0.0,0.0,0.0,0.0,0.0,0.0,0.0,0.0
2883,5633.2207,21.258661,1.2135226,22.420534286054547,22.420534286054547,0.0,0.0,0.0,0.0,0.0,0.0,0.0,0.0
2884,5634.517,19.542906,1.0560513,22.415717607592423,22.415717607592423,0.0,0.0,0.0,0.0,0.0,0.0,0.0,0.0
2885,5635.8164,22.192127,1.0076154,22.410892193765875,22.410892193765875,0.0,0.0,0.0,0.0,0.0,0.0,0.0,0.0
2886,5637.113,22.04718,1.0560571,22.40607980373017,22.40607980373017,0.0,0.0,0.0,0.0,0.0,0.0,0.0,0.0
2887,5638.412,19.943665,1.1941552,22.401258685118584,22.401258685118584,0.0,0.0,0.0,0.0,0.0,0.0,0.0,0.0
2888,5639.7095,19.232864,0.89495814,22.396446956598485,22.396446956598485,0.0,0.0,0.0,0.0,0.0,0.0,0.0,0.0
2889,5641.007,20.444405,0.7886265,22.391637368034417,22.391637368034417,0.0,0.0,0.0,0.0,0.0,0.0,0.0,0.0
2890,5642.3076,20.74759,0.6804943,22.38681725533729,22.38681725533729,0.0,0.0,0.0,0.0,0.0,0.0,0.0,0.0
2891,5643.6055,20.985054,0.60880333,22.382010139840155,22.382010139840155,0.0,0.0,0.0,0.0,0.0,0.0,0.0,0.0
2892,5644.907,20.578499,0.5551228,22.377190702864265,22.377190702864265,0.0,0.0,0.0,0.0,0.0,0.0,0.0,0.0
2893,5646.2056,20.695452,0.52145547,22.372386060283244,22.372386060283244,0.0,0.0,0.0,0.0,0.0,0.0,0.0,0.0
2894,5647.508,21.428814,0.50441897,22.36756910781565,22.36756910781565,0.0,0.0,0.0,0.0,0.0,0.0,0.0,0.0
2895,5648.807,21.300266,0.48036695,22.36276513226823,22.36276513226823,0.0,0.0,0.0,0.0,0.0,0.0,0.0,0.0
2896,5650.1064,19.85605,0.5089364,22.35796329299917,22.35796329299917,0.0,0.0,0.0,0.0,0.0,0.0,0.0,0.0
2897,5651.409,21.184238,0.5519886,22.3531509653271,22.3531509653271,0.0,0.0,0.0,0.0,0.0,0.0,0.0,0.0
2898,5652.7095,21.404873,0.553256,22.348349794868984,22.348349794868984,0.0,0.0,0.0,0.0,0.0,0.0,0.0,0.0
2899,5654.013,20.647177,0.6233979,22.343538147570793,22.343538147570793,0.0,0.0,0.0,0.0,0.0,0.0,0.0,0.0
2900,5655.314,20.541183,0.7328755,22.33873945068823,22.33873945068823,0.0,0.0,0.0,0.0,0.0,0.0,0.0,0.0
2901,5656.6177,21.128332,0.693016,22.333932087021964,22.333932087021964,0.0,0.0,0.0,0.0,0.0,0.0,0.0,0.0
2902,5657.919,20.598112,0.5866138,22.32913586194969,22.32913586194969,0.0,0.0,0.0,0.0,0.0,0.0,0.0,0.0
2903,5659.2207,20.877245,0.5429944,22.32433997096642,22.32433997096642,0.0,0.0,0.0,0.0,0.0,0.0,0.0,0.0
2904,5660.5254,20.311655,0.52812517,22.319535426493026,22.319535426493026,0.0,0.0,0.0,0.0,0.0,0.0,0.0,0.0
2905,5661.8276,20.538708,0.5114944,22.314742007475825,22.314742007475825,0.0,0.0,0.0,0.0,0.0,0.0,0.0,0.0
2906,5663.1333,21.446663,0.522832,22.309938147181285,22.309938147181285,0.0,0.0,0.0,0.0,0.0,0.0,0.0,0.0
2907,5664.436,21.473722,0.5149662,22.305147199961468,22.305147199961468,0.0,0.0,0.0,0.0,0.0,0.0,0.0,0.0
2908,5665.7427,21.370148,0.49514714,22.30034402686759,22.30034402686759,0.0,0.0,0.0,0.0,0.0,0.0,0.0,0.0
2909,5667.046,20.502422,0.5030314,22.295555551273427,22.295555551273427,0.0,0.0,0.0,0.0,0.0,0.0,0.0,0.0
2910,5668.3496,21.001648,0.48422045,22.290767411680946,22.290767411680946,0.0,0.0,0.0,0.0,0.0,0.0,0.0,0.0
2911,5669.6567,21.634918,0.48025894,22.28596885636441,22.28596885636441,0.0,0.0,0.0,0.0,0.0,0.0,0.0,0.0
2912,5670.961,21.393015,0.4767546,22.281183187740407,22.281183187740407,0.0,0.0,0.0,0.0,0.0,0.0,0.0,0.0
2913,5672.269,21.13163,0.47912237,22.2763853227606,22.2763853227606,0.0,0.0,0.0,0.0,0.0,0.0,0.0,0.0
2914,5673.5737,21.847485,0.4823636,22.271602124927423,22.271602124927423,0.0,0.0,0.0,0.0,0.0,0.0,0.0,0.0
2915,5674.882,20.64497,0.47322828,22.266808531132153,22.266808531132153,0.0,0.0,0.0,0.0,0.0,0.0,0.0,0.0
2916,5676.1875,21.646471,0.4542861,22.262026014190656,22.262026014190656,0.0,0.0,0.0,0.0,0.0,0.0,0.0,0.0
2917,5677.493,22.0456,0.44759703,22.25724562406608,22.25724562406608,0.0,0.0,0.0,0.0,0.0,0.0,0.0,0.0
2918,5678.8022,20.818039,0.46463284,22.252454853565332,22.252454853565332,0.0,0.0,0.0,0.0,0.0,0.0,0.0,0.0
2919,5680.1084,20.319696,0.4773335,22.247676932588604,22.247676932588604,0.0,0.0,0.0,0.0,0.0,0.0,0.0,0.0
2920,5681.4185,21.025461,0.47019592,22.242886856139723,22.242886856139723,0.0,0.0,0.0,0.0,0.0,0.0,0.0,0.0
2921,5682.7256,21.305395,0.45780548,22.238109619974143,22.238109619974143,0.0,0.0,0.0,0.0,0.0,0.0,0.0,0.0
2922,5684.036,21.25904,0.4288745,22.233322024713093,22.233322024713093,0.0,0.0,0.0,0.0,0.0,0.0,0.0,0.0
2923,5685.3438,21.195047,0.42340162,22.2285472589108,22.2285472589108,0.0,0.0,0.0,0.0,0.0,0.0,0.0,0.0
2924,5686.6543,21.08909,0.42181215,22.2237639256119,22.2237639256119,0.0,0.0,0.0,0.0,0.0,0.0,0.0,0.0
2925,5687.963,20.863466,0.42506427,22.218989847419685,22.218989847419685,0.0,0.0,0.0,0.0,0.0,0.0,0.0,0.0
2926,5689.2715,20.896708,0.42665663,22.214217892650236,22.214217892650236,0.0,0.0,0.0,0.0,0.0,0.0,0.0,0.0
2927,5690.5835,21.536135,0.42113832,22.209435604129816,22.209435604129816,0.0,0.0,0.0,0.0,0.0,0.0,0.0,0.0
2928,5691.8926,21.74714,0.42164233,22.20466611884705,22.20466611884705,0.0,0.0,0.0,0.0,0.0,0.0,0.0,0.0
2929,5693.205,21.548906,0.44414154,22.19988630961821,22.19988630961821,0.0,0.0,0.0,0.0,0.0,0.0,0.0,0.0
2930,5694.5146,21.378336,0.45472544,22.195119292833546,22.195119292833546,0.0,0.0,0.0,0.0,0.0,0.0,0.0,0.0
2931,5695.8276,21.461746,0.46227098,22.190341961897303,22.190341961897303,0.0,0.0,0.0,0.0,0.0,0.0,0.0,0.0
2932,5697.138,21.690594,0.45333955,22.185575637187434,22.185575637187434,0.0,0.0,0.0,0.0,0.0,0.0,0.0,0.0
2933,5698.4487,22.167011,0.44296092,22.180811432196595,22.180811432196595,0.0,0.0,0.0,0.0,0.0,0.0,0.0,0.0
2934,5699.7627,21.944944,0.43154502,22.17603692851395,22.17603692851395,0.0,0.0,0.0,0.0,0.0,0.0,0.0,0.0
2935,5701.0737,21.877426,0.43612856,22.171275191127037,22.171275191127037,0.0,0.0,0.0,0.0,0.0,0.0,0.0,0.0
2936,5702.3887,21.905212,0.43084207,22.166501392543314,22.166501392543314,0.0,0.0,0.0,0.0,0.0,0.0,0.0,0.0
2937,5703.7,21.57883,0.43588996,22.16174212255506,22.16174212255506,0.0,0.0,0.0,0.0,0.0,0.0,0.0,0.0
2938,5705.0156,22.126053,0.43328792,22.156970802708138,22.156970802708138,0.0,0.0,0.0,0.0,0.0,0.0,0.0,0.0
2939,5706.328,22.30172,0.4351085,22.152212229214044,22.152212229214044,0.0,0.0,0.0,0.0,0.0,0.0,0.0,0.0
2940,5707.6406,21.95533,0.44356024,22.147455771732467,22.147455771732467,0.0,0.0,0.0,0.0,0.0,0.0,0.0,0.0
2941,5708.957,21.995607,0.4362662,22.142687282160804,22.142687282160804,0.0,0.0,0.0,0.0,0.0,0.0,0.0,0.0
2942,5710.2705,22.438538,0.4341273,22.13793152361682,22.13793152361682,0.0,0.0,0.0,0.0,0.0,0.0,0.0,0.0
2943,5711.5874,22.621346,0.42658827,22.133165512627098,22.133165512627098,0.0,0.0,0.0,0.0,0.0,0.0,0.0,0.0
2944,5712.901,22.736412,0.42705446,22.12841398790066,22.12841398790066,0.0,0.0,0.0,0.0,0.0,0.0,0.0,0.0
2945,5714.2183,23.133955,0.43672168,22.123650453692914,22.123650453692914,0.0,0.0,0.0,0.0,0.0,0.0,0.0,0.0
2946,5715.533,22.239288,0.47166866,22.11889786464838,22.11889786464838,0.0,0.0,0.0,0.0,0.0,0.0,0.0,0.0
2947,5716.848,22.141476,0.5893405,22.114147389476233,22.114147389476233,0.0,0.0,0.0,0.0,0.0,0.0,0.0,0.0
2948,5718.166,23.096533,0.64930737,22.109388449762726,22.109388449762726,0.0,0.0,0.0,0.0,0.0,0.0,0.0,0.0
2949,5719.482,23.443296,0.6475856,22.10463867866714,22.10463867866714,0.0,0.0,0.0,0.0,0.0,0.0,0.0,0.0
2950,5720.801,23.379686,0.6976467,22.099880452730016,22.099880452730016,0.0,0.0,0.0,0.0,0.0,0.0,0.0,0.0
2951,5722.1167,22.373526,0.6735525,22.095134910364578,22.095134910364578,0.0,0.0,0.0,0.0,0.0,0.0,0.0,0.0
2952,5723.436,22.247515,0.50951546,22.09037916001688,22.09037916001688,0.0,0.0,0.0,0.0,0.0,0.0,0.0,0.0
2953,5724.753,21.311834,0.44330096,22.085634323633357,22.085634323633357,0.0,0.0,0.0,0.0,0.0,0.0,0.0,0.0
2954,5726.07,20.538902,0.44421175,22.080891597404822,22.080891597404822,0.0,0.0,0.0,0.0,0.0,0.0,0.0,0.0
2955,5727.39,21.705336,0.48550248,22.07613867848921,22.07613867848921,0.0,0.0,0.0,0.0,0.0,0.0,0.0,0.0
2956,5728.7075,21.481665,0.47460827,22.071398417206044,22.071398417206044,0.0,0.0,0.0,0.0,0.0,0.0,0.0,0.0
2957,5730.029,21.35118,0.4359377,22.06664621712023,22.06664621712023,0.0,0.0,0.0,0.0,0.0,0.0,0.0,0.0
2958,5731.3467,21.495617,0.41725454,22.061908420551674,22.061908420551674,0.0,0.0,0.0,0.0,0.0,0.0,0.0,0.0
2959,5732.6685,21.766167,0.42422113,22.057158696399245,22.057158696399245,0.0,0.0,0.0,0.0,0.0,0.0,0.0,0.0
2960,5733.988,21.481443,0.4250267,22.052419856658158,22.052419856658158,0.0,0.0,0.0,0.0,0.0,0.0,0.0,0.0
2961,5735.3066,20.625006,0.41891918,22.04768487756845,22.04768487756845,0.0,0.0,0.0,0.0,0.0,0.0,0.0,0.0
2962,5736.629,20.99742,0.41790968,22.04293974035479,22.04293974035479,0.0,0.0,0.0,0.0,0.0,0.0,0.0,0.0
2963,5737.9487,21.383204,0.421269,22.038205473129292,22.038205473129292,0.0,0.0,0.0,0.0,0.0,0.0,0.0,0.0
2964,5739.272,21.326775,0.41643512,22.03346105897015,22.03346105897015,0.0,0.0,0.0,0.0,0.0,0.0,0.0,0.0
2965,5740.5923,21.237112,0.4157744,22.028729256805086,22.028729256805086,0.0,0.0,0.0,0.0,0.0,0.0,0.0,0.0
2966,5741.916,21.176775,0.41910174,22.02398731732694,22.02398731732694,0.0,0.0,0.0,0.0,0.0,0.0,0.0,0.0
2967,5743.2373,20.837143,0.47795972,22.01925623122129,22.01925623122129,0.0,0.0,0.0,0.0,0.0,0.0,0.0,0.0
2968,5744.558,20.39138,0.7177559,22.014528996585092,22.014528996585092,0.0,0.0,0.0,0.0,0.0,0.0,0.0,0.0
2969,5745.883,20.679064,0.8174979,22.009789891841326,22.009789891841326,0.0,0.0,0.0,0.0,0.0,0.0,0.0,0.0
2970,5747.2046,22.983269,0.8218354,22.00506337328871,22.00506337328871,0.0,0.0,0.0,0.0,0.0,0.0,0.0,0.0
2971,5748.53,22.55686,0.5567654,22.000326742204344,22.000326742204344,0.0,0.0,0.0,0.0,0.0,0.0,0.0,0.0
2972,5749.8525,20.849163,0.43612248,21.9956009425974,21.9956009425974,0.0,0.0,0.0,0.0,0.0,0.0,0.0,0.0
2973,5751.178,22.015852,0.47347045,21.99086678491487,21.99086678491487,0.0,0.0,0.0,0.0,0.0,0.0,0.0,0.0
2974,5752.5015,21.34087,0.52649283,21.986143449649457,21.986143449649457,0.0,0.0,0.0,0.0,0.0,0.0,0.0,0.0
2975,5753.8247,21.735104,0.5427626,21.9814222149206,21.9814222149206,0.0,0.0,0.0,0.0,0.0,0.0,0.0,0.0
2976,5755.1514,21.348263,0.46251386,21.97669089237905,21.97669089237905,0.0,0.0,0.0,0.0,0.0,0.0,0.0,0.0
2977,5756.4756,20.965391,0.41488668,21.971970379460004,21.971970379460004,0.0,0.0,0.0,0.0,0.0,0.0,0.0,0.0
2978,5757.803,21.138922,0.41192898,21.967239789840416,21.967239789840416,0.0,0.0,0.0,0.0,0.0,0.0,0.0,0.0
2979,5759.1274,21.400133,0.41074952,21.96252347967911,21.96252347967911,0.0,0.0,0.0,0.0,0.0,0.0,0.0,0.0
2980,5760.4556,21.699886,0.42124724,21.957795362928515,21.957795362928515,0.0,0.0,0.0,0.0,0.0,0.0,0.0,0.0
2981,5761.781,20.903553,0.4434496,21.953079776386716,21.953079776386716,0.0,0.0,0.0,0.0,0.0,0.0,0.0,0.0
2982,5763.106,21.583523,0.46987882,21.94836628664857,21.94836628664857,0.0,0.0,0.0,0.0,0.0,0.0,0.0,0.0
2983,5764.435,21.66934,0.4466766,21.943641007719098,21.943641007719098,0.0,0.0,0.0,0.0,0.0,0.0,0.0,0.0
2984,5765.761,20.923773,0.4242585,21.9389282439175,21.9389282439175,0.0,0.0,0.0,0.0,0.0,0.0,0.0,0.0
2985,5767.091,21.220392,0.4645639,21.934205437569894,21.934205437569894,0.0,0.0,0.0,0.0,0.0,0.0,0.0,0.0
2986,5768.4175,21.703413,0.49037415,21.929495135785146,21.929495135785146,0.0,0.0,0.0,0.0,0.0,0.0,0.0,0.0
2987,5769.748,21.73357,0.4655633,21.924773068489056,21.924773068489056,0.0,0.0,0.0,0.0,0.0,0.0,0.0,0.0
2988,5771.075,21.748972,0.42952722,21.920065228453257,21.920065228453257,0.0,0.0,0.0,0.0,0.0,0.0,0.0,0.0
2989,5772.403,21.299984,0.41544488,21.915357750543507,21.915357750543507,0.0,0.0,0.0,0.0,0.0,0.0,0.0,0.0
2990,5773.734,20.903542,0.41860008,21.910640254629858,21.910640254629858,0.0,0.0,0.0,0.0,0.0,0.0,0.0,0.0
2991,5775.062,21.220934,0.42940947,21.905935237681696,21.905935237681696,0.0,0.0,0.0,0.0,0.0,0.0,0.0,0.0
2992,5776.3936,21.213905,0.52968097,21.901220212222185,21.901220212222185,0.0,0.0,0.0,0.0,0.0,0.0,0.0,0.0
2993,5777.7227,22.80664,0.6604863,21.89651592733228,21.89651592733228,0.0,0.0,0.0,0.0,0.0,0.0,0.0,0.0
2994,5779.055,22.227571,0.64663845,21.891801644953826,21.891801644953826,0.0,0.0,0.0,0.0,0.0,0.0,0.0,0.0
2995,5780.3843,21.00326,0.5094878,21.88710154833842,21.88710154833842,0.0,0.0,0.0,0.0,0.0,0.0,0.0,0.0
2996,5781.7144,20.53282,0.42331207,21.88240008994238,21.88240008994238,0.0,0.0,0.0,0.0,0.0,0.0,0.0,0.0
2997,5783.0474,20.525667,0.41153282,21.877690373813806,21.877690373813806,0.0,0.0,0.0,0.0,0.0,0.0,0.0,0.0
2998,5784.378,21.211452,0.41656855,21.872991376569168,21.872991376569168,0.0,0.0,0.0,0.0,0.0,0.0,0.0,0.0
2999,5785.712,20.523539,0.41562057,21.868282406263724,21.868282406263724,0.0,0.0,0.0,0.0,0.0,0.0,0.0,0.0
3000,5787.043,20.513065,0.44066912,21.8635858698879,21.8635858698879,0.0,0.0,0.0,0.0,0.0,0.0,0.0,0.0
3001,5788.3774,21.086895,0.5103121,21.858879369900475,21.858879369900475,0.0,0.0,0.0,0.0,0.0,0.0,0.0,0.0
3002,5789.7095,21.302376,0.51099145,21.854183572391843,21.854183572391843,0.0,0.0,0.0,0.0,0.0,0.0,3.9e-44,0.0
3003,5791.045,21.009926,0.4526812,21.849477822245156,21.849477822245156,0.0,0.0,0.0,0.0,0.0,0.0,3.9e-44,0.0
3004,5792.377,21.194057,0.41772094,21.844786205983223,21.844786205983223,0.0,0.0,0.0,0.0,0.0,0.0,3.9e-44,0.0
3005,5793.7095,21.552292,0.42359582,21.8400949568978,21.8400949568978,0.0,0.0,0.0,0.0,0.0,0.0,7.7e-44,0.0
3006,5795.0454,21.255548,0.4332643,21.835393768543966,21.835393768543966,0.0,0.0,0.0,0.0,0.0,0.0,7.7e-44,0.0
3007,5796.3784,21.5247,0.5127951,21.83070497817636,21.83070497817636,0.0,0.0,0.0,0.0,0.0,0.0,1.16e-43,0.0
3008,5797.7153,21.944279,0.6867224,21.826004541596763,21.826004541596763,0.0,0.0,0.0,0.0,0.0,0.0,1.54e-43,0.0
3009,5799.049,21.414291,0.755538,21.821318209655104,21.821318209655104,0.0,0.0,0.0,0.0,0.0,0.0,2.31e-43,0.0
3010,5800.386,21.555239,0.56245434,21.816620242435512,21.816620242435512,0.0,0.0,0.0,0.0,0.0,0.0,3.48e-43,0.0
3011,5801.7207,20.994467,0.44348228,21.811934653795127,21.811934653795127,0.0,0.0,0.0,0.0,0.0,0.0,5.02e-43,0.0
3012,5803.055,20.8047,0.414042,21.807251148762173,21.807251148762173,0.0,0.0,0.0,0.0,0.0,0.0,7.34e-43,0.0
3013,5804.3936,21.811378,0.4267748,21.80255602558981,21.80255602558981,0.0,0.0,0.0,0.0,0.0,0.0,1.005e-42,0.0
3014,5805.729,22.382687,0.42969266,21.7978732660853,21.7978732660853,0.0,0.0,0.0,0.0,0.0,0.0,1.467e-42,0.0
3015,5807.0674,21.26328,0.41451252,21.793182322907686,21.793182322907686,0.0,0.0,0.0,0.0,0.0,0.0,2.047e-42,0.0
3016,5808.4033,21.662521,0.4224885,21.788502021174956,21.788502021174956,0.0,0.0,0.0,0.0,0.0,0.0,2.936e-42,0.0
3017,5809.743,22.251991,0.4269083,21.783810124628683,21.783810124628683,0.0,0.0,0.0,0.0,0.0,0.0,4.172e-42,0.0
3018,5811.0796,22.324541,0.44646809,21.77913228112562,21.77913228112562,0.0,0.0,0.0,0.0,0.0,0.0,5.909e-42,0.0
3019,5812.4165,22.32388,0.48634946,21.774454809501744,21.774454809501744,0.0,0.0,0.0,0.0,0.0,0.0,8.381e-42,0.0
3020,5813.7563,22.222244,0.51038754,21.769769174567124,21.769769174567124,0.0,0.0,0.0,0.0,0.0,0.0,1.1896e-41,0.0
3021,5815.094,21.74214,0.46120712,21.76509245312471,21.76509245312471,0.0,0.0,0.0,0.0,0.0,0.0,1.684e-41,0.0
3022,5816.435,21.622719,0.42736813,21.760407577718915,21.760407577718915,0.0,0.0,0.0,0.0,0.0,0.0,2.3906e-41,0.0
3023,5817.7734,21.890505,0.43932435,21.755733314881372,21.755733314881372,0.0,0.0,0.0,0.0,0.0,0.0,3.3832e-41,0.0
3024,5819.1147,22.04394,0.46766892,21.751050905899216,21.751050905899216,0.0,0.0,0.0,0.0,0.0,0.0,4.7891e-41,0.0
3025,5820.453,21.477964,0.5887305,21.746380804011743,21.746380804011743,0.0,0.0,0.0,0.0,0.0,0.0,6.7664e-41,0.0
3026,5821.7925,21.533577,0.7656233,21.741709372903458,21.741709372903458,0.0,0.0,0.0,0.0,0.0,0.0,9.5626e-41,0.0
3027,5823.135,22.917572,0.7493245,21.737029808117352,21.737029808117352,0.0,0.0,0.0,0.0,0.0,0.0,1.35173e-40,0.0
3028,5824.4746,22.141493,0.52716565,21.73236083445367,21.73236083445367,0.0,0.0,0.0,0.0,0.0,0.0,1.90788e-40,0.0
3029,5825.8174,21.85717,0.510417,21.72768373491018,21.72768373491018,0.0,0.0,0.0,0.0,0.0,0.0,2.69344e-40,0.0
3030,5827.1577,22.00438,0.54230434,21.72301721761693,21.72301721761693,0.0,0.0,0.0,0.0,0.0,0.0,3.7976e-40,0.0
3031,5828.5015,22.562098,0.55948955,21.71834088336273,21.71834088336273,0.0,0.0,0.0,0.0,0.0,0.0,5.35558e-40,0.0
3032,5829.842,22.71305,0.46895185,21.713678520236037,21.713678520236037,0.0,0.0,0.0,0.0,0.0,0.0,7.54154e-40,0.0
3033,5831.183,22.251686,0.4544057,21.709014834726773,21.709014834726773,0.0,0.0,0.0,0.0,0.0,0.0,1.061577e-39,0.0
3034,5832.528,23.361324,0.5142708,21.704341346945387,21.704341346945387,0.0,0.0,0.0,0.0,0.0,0.0,1.494712e-39,0.0
3035,5833.8696,23.17629,0.564324,21.699680117385583,21.699680117385583,0.0,0.0,0.0,0.0,0.0,0.0,2.101642e-39,0.0
3036,5835.215,23.517313,0.58501154,21.69500909483409,21.69500909483409,0.0,0.0,0.0,0.0,0.0,0.0,2.955748e-39,0.0
3037,5836.557,23.246534,0.52452177,21.690350320144304,21.690350320144304,0.0,0.0,0.0,0.0,0.0,0.0,4.151223e-39,0.0
3038,5837.9033,22.948341,0.46546862,21.68568006814936,21.68568006814936,0.0,0.0,0.0,0.0,0.0,0.0,5.83236e-39,0.0
3039,5839.2466,23.750748,0.46265045,21.681022055172036,21.681022055172036,0.0,0.0,0.0,0.0,0.0,0.0,8.183108e-39,0.0
3040,5840.5894,22.733976,0.5015348,21.676367805860643,21.676367805860643,0.0,0.0,0.0,0.0,0.0,0.0,1.1472618e-38,0.0
3041,5841.9365,23.073885,0.5259168,21.671700403311792,21.671700403311792,0.0,0.0,0.0,0.0,0.0,0.0,1.6092199e-38,0.0
3042,5843.2803,23.445105,0.54115117,21.667046915597982,21.667046915597982,0.0,0.0,0.0,0.0,0.0,0.0,2.2538364e-38,0.0
3043,5844.6274,23.449463,0.5046423,21.662383668049078,21.662383668049078,0.0,0.0,0.0,0.0,0.0,0.0,3.1573645e-38,0.0
3044,5845.972,23.284203,0.4726746,21.65773094386092,21.65773094386092,0.0,0.0,0.0,0.0,0.0,0.0,4.4176122e-38,0.0
3045,5847.3203,23.105658,0.5080522,21.653068470579917,21.653068470579917,0.0,0.0,0.0,0.0,0.0,0.0,6.1822934e-38,0.0
3046,5848.6655,23.261543,0.5558473,21.64841820090547,21.64841820090547,0.0,0.0,0.0,0.0,0.0,0.0,8.640096e-38,0.0
3047,5850.011,24.4785,0.5942101,21.64376831223464,21.64376831223464,0.0,0.0,0.0,0.0,0.0,0.0,1.2068839e-37,0.0
3048,5851.36,24.121868,0.5404377,21.639110375117067,21.639110375117067,0.0,0.0,0.0,0.0,0.0,0.0,1.6859793e-37,0.0
3049,5852.7065,23.814589,0.4631985,21.63446125476983,21.63446125476983,0.0,0.0,0.0,0.0,0.0,0.0,2.3526568e-37,0.0
3050,5854.0557,23.923765,0.4514447,21.629805779749045,21.629805779749045,0.0,0.0,0.0,0.0,0.0,0.0,3.2828289e-37,0.0
3051,5855.4023,23.461466,0.4441136,21.625160798005787,21.625160798005787,0.0,0.0,0.0,0.0,0.0,0.0,4.5751413e-37,0.0
3052,5856.753,24.086136,0.4451033,21.62050441711232,21.62050441711232,0.0,0.0,0.0,0.0,0.0,0.0,6.378227e-37,0.0
3053,5858.1,24.126875,0.4456752,21.615861888319223,21.615861888319223,0.0,0.0,0.0,0.0,0.0,0.0,8.878833e-37,0.0
3054,5859.4478,24.256016,0.45207563,21.611219742004625,21.611219742004625,0.0,0.0,0.0,0.0,0.0,0.0,1.2353401e-36,0.0
3055,5860.799,24.311886,0.45281798,21.606567894133477,21.606567894133477,0.0,0.0,0.0,0.0,0.0,0.0,1.719148e-36,0.0
3056,5862.1475,24.48075,0.4501496,21.601926519813837,21.601926519813837,0.0,0.0,0.0,0.0,0.0,0.0,2.3894608e-36,0.0
3057,5863.4995,24.63098,0.473385,21.59727545461563,21.59727545461563,0.0,0.0,0.0,0.0,0.0,0.0,3.3217685e-36,0.0
3058,5864.8477,23.171057,0.59948224,21.592639891391695,21.592639891391695,0.0,0.0,0.0,0.0,0.0,0.0,4.6105523e-36,0.0
3059,5866.2,23.338125,0.7561053,21.58799128782388,21.58799128782388,0.0,0.0,0.0,0.0,0.0,0.0,6.402144e-36,0.0
3060,5867.55,25.846704,0.9018067,21.58335481882297,21.58335481882297,0.0,0.0,0.0,0.0,0.0,0.0,8.877924e-36,0.0
3061,5868.9,25.796637,0.7010834,21.57871873524923,21.57871873524923,0.0,0.0,0.0,0.0,0.0,0.0,1.2304824e-35,0.0
3062,5870.253,24.37428,0.53859293,21.574074660030394,21.574074660030394,0.0,0.0,0.0,0.0,0.0,0.0,1.7055556e-35,0.0
3063,5871.6035,25.766655,0.58683383,21.569441028412168,21.569441028412168,0.0,0.0,0.0,0.0,0.0,0.0,2.3611646e-35,0.0
3064,5872.9575,25.352655,0.64442337,21.56479773871245,21.56479773871245,0.0,0.0,0.0,0.0,0.0,0.0,3.2694102e-35,0.0
3065,5874.3086,24.956947,0.5456191,21.560166558692863,21.560166558692863,0.0,0.0,0.0,0.0,0.0,0.0,4.520913e-35,0.0
3066,5875.663,24.616013,0.46644783,21.555525729729776,21.555525729729776,0.0,0.0,0.0,0.0,0.0,0.0,6.252625e-35,0.0
3067,5877.015,24.432278,0.45809713,21.55089532834872,21.55089532834872,0.0,0.0,0.0,0.0,0.0,0.0,8.6371766e-35,0.0
3068,5878.3667,24.842756,0.50567955,21.54626865754263,21.54626865754263,0.0,0.0,0.0,0.0,0.0,0.0,1.192211e-34,0.0
3069,5879.7227,25.53953,0.5578093,21.541629009996633,21.541629009996633,0.0,0.0,0.0,0.0,0.0,0.0,1.6462918e-34,0.0
3070,5881.075,24.800457,0.5402499,21.537003118405224,21.537003118405224,0.0,0.0,0.0,0.0,0.0,0.0,2.270044e-34,0.0
3071,5882.431,24.064188,0.467955,21.532367601414943,21.532367601414943,0.0,0.0,0.0,0.0,0.0,0.0,3.1306505e-34,0.0
3072,5883.784,24.080309,0.4488227,21.527744159045316,21.527744159045316,0.0,0.0,0.0,0.0,0.0,0.0,4.3117978e-34,0.0
3073,5885.141,24.366116,0.4494458,21.523109432985386,21.523109432985386,0.0,0.0,0.0,0.0,0.0,0.0,5.9402055e-34,0.0
3074,5886.4946,24.519983,0.4534839,21.518488439472176,21.518488439472176,0.0,0.0,0.0,0.0,0.0,0.0,8.171812e-34,0.0
3075,5887.8525,24.369059,0.4508731,21.513854506937612,21.513854506937612,0.0,0.0,0.0,0.0,0.0,0.0,1.1246242e-33,0.0
3076,5889.2065,23.610634,0.44587106,21.509235961912893,21.509235961912893,0.0,0.0,0.0,0.0,0.0,0.0,1.5453163e-33,0.0
3077,5890.5615,23.59958,0.4612475,21.504616140924792,21.504616140924792,0.0,0.0,0.0,0.0,0.0,0.0,2.1225033e-33,0.0
3078,5891.9204,23.599764,0.5029396,21.499985064897867,21.499985064897867,0.0,0.0,0.0,0.0,0.0,0.0,2.9160966e-33,0.0
3079,5893.276,23.85551,0.5320401,21.495367694437885,21.495367694437885,0.0,0.0,0.0,0.0,0.0,0.0,4.0006077e-33,0.0
3080,5894.6343,23.853428,0.50481576,21.490742403907678,21.490742403907678,0.0,0.0,0.0,0.0,0.0,0.0,5.488704e-33,0.0
3081,5895.9907,23.131662,0.45314655,21.486125819913838,21.486125819913838,0.0,0.0,0.0,0.0,0.0,0.0,7.5220574e-33,0.0
3082,5897.35,23.392752,0.43531954,21.481501324912387,21.481501324912387,0.0,0.0,0.0,0.0,0.0,0.0,1.0309082e-32,0.0
3083,5898.707,22.871422,0.42634585,21.476887190695077,21.476887190695077,0.0,0.0,0.0,0.0,0.0,0.0,1.4111716e-32,0.0
3084,5900.064,22.717903,0.42783868,21.472275108541556,21.472275108541556,0.0,0.0,0.0,0.0,0.0,0.0,1.9304475e-32,0.0
3085,5901.4243,22.825449,0.45092002,21.46765346748567,21.46765346748567,0.0,0.0,0.0,0.0,0.0,0.0,2.641207e-32,0.0
3086,5902.7817,22.280426,0.5734719,21.463043832694957,21.463043832694957,0.0,0.0,0.0,0.0,0.0,0.0,3.6088905e-32,0.0
3087,5904.144,21.848745,0.73133075,21.45841967693848,21.45841967693848,0.0,0.0,0.0,0.0,0.0,0.0,4.9334834e-32,0.0
3088,5905.502,24.378664,0.79103017,21.453812490602868,21.453812490602868,0.0,0.0,0.0,0.0,0.0,0.0,6.7330424e-32,0.0
3089,5906.8643,23.191198,0.6095031,21.449192452319902,21.449192452319902,0.0,0.0,0.0,0.0,0.0,0.0,9.192381e-32,0.0
3090,5908.2227,22.658146,0.4601919,21.44458771258087,21.44458771258087,0.0,0.0,0.0,0.0,0.0,0.0,1.2530798e-31,0.0
3091,5909.582,23.182148,0.44390407,21.43998171146329,21.43998171146329,0.0,0.0,0.0,0.0,0.0,0.0,1.7074339e-31,0.0
3092,5910.945,23.18103,0.43357658,21.435366185251457,21.435366185251457,0.0,0.0,0.0,0.0,0.0,0.0,2.3268516e-31,0.0
3093,5912.3047,22.68697,0.44364214,21.430762631995183,21.430762631995183,0.0,0.0,0.0,0.0,0.0,0.0,3.1668217e-31,0.0
3094,5913.668,23.562548,0.4784227,21.426149562651716,21.426149562651716,0.0,0.0,0.0,0.0,0.0,0.0,4.3105383e-31,0.0
3095,5915.0283,22.135746,0.5668807,21.42154845613124,21.42154845613124,0.0,0.0,0.0,0.0,0.0,0.0,5.85971e-31,0.0
3096,5916.3926,22.160892,0.5360593,21.41693619211436,21.41693619211436,0.0,0.0,0.0,0.0,0.0,0.0,7.967464e-31,0.0
3097,5917.754,22.727112,0.48490193,21.412335882265147,21.412335882265147,0.0,0.0,0.0,0.0,0.0,0.0,1.0819178e-30,0.0
3098,5919.1147,22.8863,0.44169086,21.407739267290033,21.407739267290033,0.0,0.0,0.0,0.0,0.0,0.0,1.4680595e-30,0.0
3099,5920.48,23.094858,0.4345405,21.403129861558483,21.403129861558483,0.0,0.0,0.0,0.0,0.0,0.0,1.992686e-30,0.0
3100,5921.8413,22.397955,0.43136853,21.39853569050379,21.39853569050379,0.0,0.0,0.0,0.0,0.0,0.0,2.7006693e-30,0.0
3101,5923.207,21.421638,0.47176683,21.393928740602185,21.393928740602185,0.0,0.0,0.0,0.0,0.0,0.0,3.6614215e-30,0.0
3102,5924.57,21.620342,0.641189,21.389333720331244,21.389333720331244,0.0,0.0,0.0,0.0,0.0,0.0,4.9575227e-30,0.0
3103,5925.936,22.481733,0.8197017,21.384729226587247,21.384729226587247,0.0,0.0,0.0,0.0,0.0,0.0,6.713146e-30,0.0
3104,5927.299,22.817425,0.7190547,21.38013829691407,21.38013829691407,0.0,0.0,0.0,0.0,0.0,0.0,9.077675e-30,0.0
3105,5928.6626,22.161232,0.5136757,21.37554612029394,21.37554612029394,0.0,0.0,0.0,0.0,0.0,0.0,1.2269895e-29,0.0
3106,5930.03,21.53329,0.45653182,21.370944484358112,21.370944484358112,0.0,0.0,0.0,0.0,0.0,0.0,1.6586194e-29,0.0
3107,5931.394,21.924747,0.4541716,21.36635475356136,21.36635475356136,0.0,0.0,0.0,0.0,0.0,0.0,2.2391993e-29,0.0
3108,5932.762,22.284096,0.44936365,21.361753930778924,21.361753930778924,0.0,0.0,0.0,0.0,0.0,0.0,3.0236273e-29,0.0
3109,5934.1265,22.191538,0.452146,21.357168286281407,21.357168286281407,0.0,0.0,0.0,0.0,0.0,0.0,4.0767203e-29,0.0
3110,5935.495,21.832123,0.42859992,21.35256991857994,21.35256991857994,0.0,0.0,0.0,0.0,0.0,0.0,5.498314e-29,0.0
3111,5936.861,21.738335,0.42112976,21.34798343732866,21.34798343732866,0.0,0.0,0.0,0.0,0.0,0.0,7.4060186e-29,0.0
3112,5938.2266,22.327976,0.43399727,21.34339899586116,21.34339899586116,0.0,0.0,0.0,0.0,0.0,0.0,9.969081e-29,0.0
3113,5939.5957,22.072004,0.47264054,21.338805127062315,21.338805127062315,0.0,0.0,0.0,0.0,0.0,0.0,1.3420598e-28,0.0
3114,5940.962,22.568432,0.555725,21.33422312889833,21.33422312889833,0.0,0.0,0.0,0.0,0.0,0.0,1.804355e-28,0.0
3115,5942.332,22.084307,0.6196075,21.329630075808538,21.329630075808538,0.0,0.0,0.0,0.0,0.0,0.0,2.4263956e-28,0.0
3116,5943.699,20.990646,0.54786015,21.325048884760307,21.325048884760307,0.0,0.0,0.0,0.0,0.0,0.0,3.2586766e-28,0.0
3117,5945.07,21.435427,0.44000825,21.320458285649167,21.320458285649167,0.0,0.0,0.0,0.0,0.0,0.0,4.3768063e-28,0.0
3118,5946.4375,21.842113,0.45307797,21.315879538534606,21.315879538534606,0.0,0.0,0.0,0.0,0.0,0.0,5.871063e-28,0.0
3119,5947.8057,21.692556,0.5125553,21.311301193799494,21.311301193799494,0.0,0.0,0.0,0.0,0.0,0.0,7.8711394e-28,0.0
3120,5949.177,22.591381,0.65764534,21.306715087923344,21.306715087923344,0.0,0.0,0.0,0.0,0.0,0.0,1.0552253e-27,0.0
3121,5950.546,22.201616,0.7408528,21.302137553996403,21.302137553996403,0.0,0.0,0.0,0.0,0.0,0.0,1.4131628e-27,0.0
3122,5951.918,20.947168,0.7257819,21.297552267806132,21.297552267806132,0.0,0.0,0.0,0.0,0.0,0.0,1.8924282e-27,0.0
3123,5953.287,21.275753,0.6193729,21.29297880926958,21.29297880926958,0.0,0.0,0.0,0.0,0.0,0.0,2.5310448e-27,0.0
3124,5954.6597,21.04626,0.5019237,21.28839597447334,21.28839597447334,0.0,0.0,0.0,0.0,0.0,0.0,3.385375e-27,0.0
3125,5956.03,21.108686,0.4435932,21.28382332808186,21.28382332808186,0.0,0.0,0.0,0.0,0.0,0.0,4.5227252e-27,0.0
3126,5957.4,21.266817,0.43896368,21.27925271529883,21.27925271529883,0.0,0.0,0.0,0.0,0.0,0.0,6.0383077e-27,0.0
3127,5958.7734,21.361135,0.43359473,21.274672740263334,21.274672740263334,0.0,0.0,0.0,0.0,0.0,0.0,8.0622286e-27,0.0
3128,5960.1445,21.202686,0.43574566,21.270102941528666,21.270102941528666,0.0,0.0,0.0,0.0,0.0,0.0,1.0752012e-26,0.0
3129,5961.5186,20.94657,0.42860916,21.265525417170988,21.265525417170988,0.0,0.0,0.0,0.0,0.0,0.0,1.4338525e-26,0.0
3130,5962.89,21.489246,0.4381063,21.260958060565624,21.260958060565624,0.0,0.0,0.0,0.0,0.0,0.0,1.9099071e-26,0.0
3131,5964.265,21.893467,0.44120508,21.25638136083862,21.25638136083862,0.0,0.0,0.0,0.0,0.0,0.0,2.5441627e-26,0.0
3132,5965.637,21.811579,0.44102424,21.251816445932167,21.251816445932167,0.0,0.0,0.0,0.0,0.0,0.0,3.384744e-26,0.0
3133,5967.0093,21.582216,0.45729312,21.24725356081567,21.24725356081567,0.0,0.0,0.0,0.0,0.0,0.0,4.5000965e-26,0.0
3134,5968.3857,21.155825,0.4886194,21.242678099651382,21.242678099651382,0.0,0.0,0.0,0.0,0.0,0.0,5.984513e-26,0.0
3135,5969.759,20.764053,0.49863648,21.238116032506845,21.238116032506845,0.0,0.0,0.0,0.0,0.0,0.0,7.947753e-26,0.0
3136,5971.1353,21.778736,0.48310536,21.23354464501092,21.23354464501092,0.0,0.0,0.0,0.0,0.0,0.0,1.0555405e-25,0.0
3137,5972.509,21.412014,0.43928647,21.228985018122593,21.228985018122593,0.0,0.0,0.0,0.0,0.0,0.0,1.4001093e-25,0.0
3138,5973.886,21.26856,0.43557897,21.224414459857304,21.224414459857304,0.0,0.0,0.0,0.0,0.0,0.0,1.8574137e-25,0.0
3139,5975.2607,21.628494,0.49926698,21.219855653678756,21.219855653678756,0.0,0.0,0.0,0.0,0.0,0.0,2.4609924e-25,0.0
3140,5976.6353,22.06304,0.571425,21.215298874910204,21.215298874910204,0.0,0.0,0.0,0.0,0.0,0.0,3.2585448e-25,0.0
3141,5978.0137,22.030407,0.5694662,21.210731180834753,21.210731180834753,0.0,0.0,0.0,0.0,0.0,0.0,4.315174e-25,0.0
3142,5979.3887,20.977888,0.48566177,21.206176841588146,21.206176841588146,0.0,0.0,0.0,0.0,0.0,0.0,5.706677e-25,0.0
3143,5980.7676,20.948174,0.4525434,21.201611597257145,21.201611597257145,0.0,0.0,0.0,0.0,0.0,0.0,7.547872e-25,0.0
3144,5982.143,21.43175,0.4307837,21.19705969637101,21.19705969637101,0.0,0.0,0.0,0.0,0.0,0.0,9.969634e-25,0.0
3145,5983.523,21.200945,0.4295592,21.192495285823316,21.192495285823316,0.0,0.0,0.0,0.0,0.0,0.0,1.3171394e-24,0.0
3146,5984.8994,20.729935,0.42589897,21.18794420878305,21.18794420878305,0.0,0.0,0.0,0.0,0.0,0.0,1.737792e-24,0.0
3147,5986.276,20.96629,0.43428597,21.18339515532728,21.18339515532728,0.0,0.0,0.0,0.0,0.0,0.0,2.2912745e-24,0.0
3148,5987.6562,20.49899,0.43137315,21.178835223012246,21.178835223012246,0.0,0.0,0.0,0.0,0.0,0.0,3.021421e-24,0.0
3149,5989.0337,20.904171,0.43039617,21.174286994531506,21.174286994531506,0.0,0.0,0.0,0.0,0.0,0.0,3.9792566e-24,0.0
3150,5990.415,21.40364,0.4320606,21.16972789881398,21.16972789881398,0.0,0.0,0.0,0.0,0.0,0.0,5.24132e-24,0.0
3151,5991.793,20.910177,0.42938235,21.165182108928224,21.165182108928224,0.0,0.0,0.0,0.0,0.0,0.0,6.894397e-24,0.0
3152,5993.175,20.464443,0.43111196,21.160625461981883,21.160625461981883,0.0,0.0,0.0,0.0,0.0,0.0,9.069913e-24,0.0
3153,5994.553,21.19778,0.43897036,21.156082109522284,21.156082109522284,0.0,0.0,0.0,0.0,0.0,0.0,1.1915857e-23,0.0
3154,5995.936,20.661402,0.42998084,21.15152630183692,21.15152630183692,0.0,0.0,0.0,0.0,0.0,0.0,1.565808e-23,0.0
3155,5997.315,21.166033,0.43044993,21.14698538634947,21.14698538634947,0.0,0.0,0.0,0.0,0.0,0.0,2.0545997e-23,0.0
3156,5998.695,20.691206,0.46242374,21.142443275520982,21.142443275520982,0.0,0.0,0.0,0.0,0.0,0.0,2.6947e-23,0.0
3157,6000.078,20.388727,0.5012228,21.137891941353985,21.137891941353985,0.0,0.0,0.0,0.0,0.0,0.0,3.5342477e-23,0.0
3158,6001.458,20.864956,0.5325386,21.133353874074473,21.133353874074473,0.0,0.0,0.0,0.0,0.0,0.0,4.6291753e-23,0.0
3159,6002.8423,20.99774,0.5129763,21.128803381225975,21.128803381225975,0.0,0.0,0.0,0.0,0.0,0.0,6.0644976e-23,0.0
3160,6004.224,20.649775,0.46055788,21.1242629373003,21.1242629373003,0.0,0.0,0.0,0.0,0.0,0.0,7.935769e-23,0.0
3161,6005.6084,20.729256,0.48610416,21.119716496956144,21.119716496956144,0.0,0.0,0.0,0.0,0.0,0.0,1.0382501e-22,0.0
3162,6006.99,21.046667,0.4790018,21.115180095654708,21.115180095654708,0.0,0.0,0.0,0.0,0.0,0.0,1.3568016e-22,0.0
3163,6008.372,20.769342,0.4614342,21.110645711836302,21.110645711836302,0.0,0.0,0.0,0.0,0.0,0.0,1.771913e-22,0.0
3164,6009.758,20.400314,0.43180957,21.106100534649574,21.106100534649574,0.0,0.0,0.0,0.0,0.0,0.0,2.3142304e-22,0.0
3165,6011.14,20.84647,0.4307022,21.10156858693573,21.10156858693573,0.0,0.0,0.0,0.0,0.0,0.0,3.018544e-22,0.0
3166,6012.5264,20.723886,0.42871788,21.097025855957533,21.097025855957533,0.0,0.0,0.0,0.0,0.0,0.0,3.9374943e-22,0.0
3167,6013.9097,20.015436,0.4230224,21.092494744121115,21.092494744121115,0.0,0.0,0.0,0.0,0.0,0.0,5.12992e-22,0.0
3168,6015.2964,20.819366,0.42866322,21.087954458874854,21.087954458874854,0.0,0.0,0.0,0.0,0.0,0.0,6.6833553e-22,0.0
3169,6016.6797,20.749166,0.42562655,21.083427380544702,21.083427380544702,0.0,0.0,0.0,0.0,0.0,0.0,8.695716e-22,0.0
3170,6018.064,19.753849,0.41858488,21.078899120610423,21.078899120610423,0.0,0.0,0.0,0.0,0.0,0.0,1.1308519e-21,0.0
3171,6019.452,20.051855,0.41891256,21.07436010475615,21.07436010475615,0.0,0.0,0.0,0.0,0.0,0.0,1.4707569e-21,0.0
3172,6020.837,19.93018,0.41945443,21.069834281063816,21.069834281063816,0.0,0.0,0.0,0.0,0.0,0.0,1.910291e-21,0.0
3173,6022.225,20.351276,0.4259126,21.065299306301775,21.065299306301775,0.0,0.0,0.0,0.0,0.0,0.0,2.481132e-21,0.0
3174,6023.6104,20.509,0.42717555,21.060775916956732,21.060775916956732,0.0,0.0,0.0,0.0,0.0,0.0,3.2186228e-21,0.0
3175,6024.9995,20.767134,0.42428875,21.056241791817115,21.056241791817115,0.0,0.0,0.0,0.0,0.0,0.0,4.1755637e-21,0.0
3176,6026.3857,21.025751,0.4324237,21.051719243690254,21.051719243690254,0.0,0.0,0.0,0.0,0.0,0.0,5.410429e-21,0.0
3177,6027.772,20.77514,0.4328065,21.04719870678804,21.04719870678804,0.0,0.0,0.0,0.0,0.0,0.0,7.0057836e-21,0.0
3178,6029.162,20.753963,0.43308797,21.04266744986381,21.04266744986381,0.0,0.0,0.0,0.0,0.0,0.0,9.0720735e-21,0.0
3179,6030.549,20.366686,0.4412112,21.03814934647217,21.03814934647217,0.0,0.0,0.0,0.0,0.0,0.0,1.1732481e-20,0.0
3180,6031.9395,20.590841,0.4373294,21.03362053309069,21.03362053309069,0.0,0.0,0.0,0.0,0.0,0.0,1.5173808e-20,0.0
3181,6033.327,20.651531,0.45104867,21.0291032729096,21.0291032729096,0.0,0.0,0.0,0.0,0.0,0.0,1.9600743e-20,0.0
3182,6034.7183,20.936974,0.46471128,21.024576902580332,21.024576902580332,0.0,0.0,0.0,0.0,0.0,0.0,2.5318166e-20,0.0
3183,6036.107,21.87339,0.46589705,21.020060487957043,21.020060487957043,0.0,0.0,0.0,0.0,0.0,0.0,3.266655e-20,0.0
3184,6037.4956,20.546133,0.43774465,21.01554608212763,21.01554608212763,0.0,0.0,0.0,0.0,0.0,0.0,4.2119294e-20,0.0
3185,6038.8877,20.239794,0.44199485,21.011022579746548,21.011022579746548,0.0,0.0,0.0,0.0,0.0,0.0,5.43051e-20,0.0
3186,6040.277,20.73881,0.46275258,21.006510606798287,21.006510606798287,0.0,0.0,0.0,0.0,0.0,0.0,6.993184e-20,0.0
3187,6041.6694,20.713526,0.44982496,21.00198954588206,21.00198954588206,0.0,0.0,0.0,0.0,0.0,0.0,9.00505e-20,0.0
3188,6043.059,20.307978,0.43753314,20.997480004621416,20.997480004621416,0.0,0.0,0.0,0.0,0.0,0.0,1.1581694e-19,0.0
3189,6044.4526,20.393202,0.4373257,20.992959800506558,20.992959800506558,0.0,0.0,0.0,0.0,0.0,0.0,1.4896173e-19,0.0
3190,6045.8433,20.244518,0.43656322,20.98845110768736,20.98845110768736,0.0,0.0,0.0,0.0,0.0,0.0,1.9136043e-19,0.0
3191,6047.2344,21.369267,0.44402364,20.98394283776164,20.98394283776164,0.0,0.0,0.0,0.0,0.0,0.0,2.4568355e-19,0.0
3192,6048.629,20.91651,0.4388699,20.979425503400446,20.979425503400446,0.0,0.0,0.0,0.0,0.0,0.0,3.1540733e-19,0.0
3193,6050.0205,20.354612,0.43871844,20.974919666400428,20.974919666400428,0.0,0.0,0.0,0.0,0.0,0.0,4.0443523e-19,0.0
3194,6051.4155,20.583416,0.4547986,20.97040477351801,20.97040477351801,0.0,0.0,0.0,0.0,0.0,0.0,5.1855487e-19,0.0
3195,6052.8076,20.639091,0.45496336,20.965901368243433,20.965901368243433,0.0,0.0,0.0,0.0,0.0,0.0,6.640797e-19,0.0
3196,6054.203,20.947626,0.44871667,20.961388915630312,20.961388915630312,0.0,0.0,0.0,0.0,0.0,0.0,8.5038246e-19,0.0
3197,6055.596,20.536942,0.45277923,20.956886363049925,20.956886363049925,0.0,0.0,0.0,0.0,0.0,0.0,1.087747e-18,0.0
3198,6056.9893,20.944708,0.4511495,20.95238581296975,20.95238581296975,0.0,0.0,0.0,0.0,0.0,0.0,1.3904272e-18,0.0
3199,6058.3857,21.122814,0.45391956,20.947876229049612,20.947876229049612,0.0,0.0,0.0,0.0,0.0,0.0,1.7771899e-18,0.0
3200,6059.78,21.029198,0.43934453,20.943376533372984,20.943376533372984,0.0,0.0,0.0,0.0,0.0,0.0,2.2690234e-18,0.0
3201,6061.1772,21.782352,0.45777196,20.938867813782473,20.938867813782473,0.0,0.0,0.0,0.0,0.0,0.0,2.8967387e-18,0.0
3202,6062.572,22.160099,0.47043973,20.934370549835226,20.934370549835226,0.0,0.0,0.0,0.0,0.0,0.0,3.69371e-18,0.0
3203,6063.9697,21.904371,0.47181764,20.92986427048743,20.92986427048743,0.0,0.0,0.0,0.0,0.0,0.0,4.709536e-18,0.0
3204,6065.3643,21.494434,0.46491894,20.925371009983156,20.925371009983156,0.0,0.0,0.0,0.0,0.0,0.0,5.9971066e-18,0.0
3205,6066.76,21.526026,0.47096622,20.920876602283506,20.920876602283506,0.0,0.0,0.0,0.0,0.0,0.0,7.6328215e-18,0.0
3206,6068.1587,22.13289,0.47590646,20.916373192631607,20.916373192631607,0.0,0.0,0.0,0.0,0.0,0.0,9.713789e-18,0.0
3207,6069.5547,22.762245,0.48029652,20.911881215045177,20.911881215045177,0.0,0.0,0.0,0.0,0.0,0.0,1.23474904e-17,0.0
3208,6070.954,22.68879,0.4857376,20.90738024399748,20.90738024399748,0.0,0.0,0.0,0.0,0.0,0.0,1.5693709e-17,0.0
3209,6072.351,23.207642,0.49084166,20.90288912589184,20.90288912589184,0.0,0.0,0.0,0.0,0.0,0.0,1.9924864e-17,0.0
3210,6073.751,23.671469,0.49080697,20.89839059292926,20.89839059292926,0.0,0.0,0.0,0.0,0.0,0.0,2.5292238e-17,0.0
3211,6075.149,23.612337,0.49634412,20.89390033658696,20.89390033658696,0.0,0.0,0.0,0.0,0.0,0.0,3.207292e-17,0.0
3212,6076.546,23.229038,0.49081913,20.88941521248258,20.88941521248258,0.0,0.0,0.0,0.0,0.0,0.0,4.063703e-17,0.0
3213,6077.947,23.234062,0.49205208,20.884919548775514,20.884919548775514,0.0,0.0,0.0,0.0,0.0,0.0,5.148675e-17,0.0
3214,6079.3457,23.94548,0.4895098,20.880432152053743,20.880432152053743,0.0,0.0,0.0,0.0,0.0,0.0,6.516758e-17,0.0
3215,6080.7466,22.997154,0.46803436,20.875940490712253,20.875940490712253,0.0,0.0,0.0,0.0,0.0,0.0,8.245374e-17,0.0
3216,6082.1465,22.888882,0.463795,20.8714539589983,20.8714539589983,0.0,0.0,0.0,0.0,0.0,0.0,1.0423765e-16,0.0
3217,6083.549,22.874395,0.4609306,20.86696160448611,20.86696160448611,0.0,0.0,0.0,0.0,0.0,0.0,1.317401e-16,0.0
3218,6084.9487,22.241823,0.45809495,20.862479067729172,20.862479067729172,0.0,0.0,0.0,0.0,0.0,0.0,1.6631669e-16,0.0
3219,6086.348,21.669312,0.44849852,20.85800008714032,20.85800008714032,0.0,0.0,0.0,0.0,0.0,0.0,2.0980814e-16,0.0
3220,6087.752,21.121206,0.44556215,20.85350904173435,20.85350904173435,0.0,0.0,0.0,0.0,0.0,0.0,2.6468464e-16,0.0
3221,6089.152,20.916904,0.43803445,20.849032486954485,20.849032486954485,0.0,0.0,0.0,0.0,0.0,0.0,3.3347142e-16,0.0
3222,6090.556,21.175598,0.4390756,20.84454387856851,20.84454387856851,0.0,0.0,0.0,0.0,0.0,0.0,4.201491e-16,0.0
3223,6091.9575,20.577667,0.43794397,20.840066629039796,20.840066629039796,0.0,0.0,0.0,0.0,0.0,0.0,5.287389e-16,0.0
3224,6093.3623,19.889515,0.43091428,20.83558045783564,20.83558045783564,0.0,0.0,0.0,0.0,0.0,0.0,6.6531055e-16,0.0
3225,6094.7637,20.70249,0.43632865,20.831107194126968,20.831107194126968,0.0,0.0,0.0,0.0,0.0,0.0,8.3611787e-16,0.0
3226,6096.1665,20.69709,0.44133556,20.826631246118765,20.826631246118765,0.0,0.0,0.0,0.0,0.0,0.0,1.0503122e-15,0.0
3227,6097.572,20.554346,0.44575363,20.822149504916528,20.822149504916528,0.0,0.0,0.0,0.0,0.0,0.0,1.3189856e-15,0.0
3228,6098.974,20.32488,0.4521226,20.81767909779246,20.81767909779246,0.0,0.0,0.0,0.0,0.0,0.0,1.6544671e-15,0.0
3229,6100.3813,20.367926,0.47061297,20.813195122782965,20.81319512278296,0.0,0.0,0.0,0.0,0.0,0.0,2.0754912e-15,0.0
3230,6101.7837,20.55615,0.46171084,20.808728695650505,20.8087286956505,0.0,0.0,0.0,0.0,0.0,0.0,2.5998251e-15,0.0
3231,6103.1914,20.363998,0.44680697,20.8042471576695,20.804247157669497,0.0,0.0,0.0,0.0,0.0,0.0,3.257169e-15,0.0
3232,6104.595,20.021517,0.43378955,20.799780045546573,20.79978004554657,0.0,0.0,0.0,0.0,0.0,0.0,4.0753813e-15,0.0
3233,6106.0034,20.047983,0.42951494,20.795300944743037,20.795300944743033,0.0,0.0,0.0,0.0,0.0,0.0,5.0991896e-15,0.0
3234,6107.4077,20.463459,0.42666817,20.79083625741929,20.790836257419283,0.0,0.0,0.0,0.0,0.0,0.0,6.3718295e-15,0.0
3235,6108.813,20.739975,0.43749607,20.786370452063224,20.786370452063217,0.0,0.0,0.0,0.0,0.0,0.0,7.95784e-15,0.0
3236,6110.221,20.67678,0.4370725,20.78189732880195,20.78189732880194,0.0,0.0,0.0,0.0,0.0,0.0,9.936387e-15,0.0
3237,6111.6274,20.425415,0.43630505,20.7774323985,20.77743239849999,0.0,0.0,0.0,0.0,0.0,0.0,1.2394513e-14,0.0
3238,6113.036,20.026012,0.43346286,20.77296170794019,20.772961707940176,0.0,0.0,0.0,0.0,0.0,0.0,1.5455966e-14,0.0
3239,6114.4434,20.665817,0.4362585,20.768497654911567,20.76849765491155,0.0,0.0,0.0,0.0,0.0,0.0,1.925589e-14,0.0
3240,6115.853,20.654152,0.43287167,20.764027848596506,20.76402784859648,0.0,0.0,0.0,0.0,0.0,0.0,2.3982539e-14,0.0
3241,6117.26,20.47627,0.4308743,20.75956931740179,20.759569317401763,0.0,0.0,0.0,0.0,0.0,0.0,2.983526e-14,0.0
3242,6118.6665,20.491714,0.4324368,20.755112768405343,20.755112768405308,0.0,0.0,0.0,0.0,0.0,0.0,3.709065e-14,0.0
3243,6120.0776,20.38059,0.43228143,20.750644287679194,20.750644287679147,0.0,0.0,0.0,0.0,0.0,0.0,4.6109733e-14,0.0
3244,6121.4863,20.758953,0.4446623,20.746185524631976,20.74618552463192,0.0,0.0,0.0,0.0,0.0,0.0,5.7260945e-14,0.0
3245,6122.8975,20.08024,0.43346176,20.741721022934268,20.741721022934197,0.0,0.0,0.0,0.0,0.0,0.0,7.108618e-14,0.0
3246,6124.306,20.464754,0.43000293,20.737266229348293,20.737266229348204,0.0,0.0,0.0,0.0,0.0,0.0,8.815556e-14,0.0
3247,6125.7183,20.909266,0.4356717,20.73280261512341,20.7328026151233,0.0,0.0,0.0,0.0,0.0,0.0,1.0930448e-13,0.0
3248,6127.1274,20.532835,0.42904398,20.72835024460674,20.728350244606606,0.0,0.0,0.0,0.0,0.0,0.0,1.3537264e-13,0.0
3249,6128.537,20.192171,0.4259057,20.72389831207226,20.723898312072095,0.0,0.0,0.0,0.0,0.0,0.0,1.6755554e-13,0.0
3250,6129.9507,20.490997,0.42368546,20.719436031015153,20.719436031014947,0.0,0.0,0.0,0.0,0.0,0.0,2.0736651e-13,0.0
3251,6131.3604,20.206411,0.42499053,20.714988062099387,20.71498806209913,0.0,0.0,0.0,0.0,0.0,0.0,2.5630775e-13,0.0
3252,6132.7744,20.41857,0.43614504,20.710528213300233,20.710528213299916,0.0,0.0,0.0,0.0,0.0,0.0,3.1678897e-13,0.0
3253,6134.1846,20.793749,0.44978768,20.706082664360522,20.70608266436013,0.0,0.0,0.0,0.0,0.0,0.0,3.910412e-13,0.0
3254,6135.5996,20.671207,0.47430643,20.701623708280486,20.701623708280003,0.0,0.0,0.0,0.0,0.0,0.0,4.82713e-13,0.0
3255,6137.0107,20.113537,0.5444346,20.69717904115731,20.697179041156712,0.0,0.0,0.0,0.0,0.0,0.0,5.951156e-13,0.0
3256,6138.423,19.868795,0.59724396,20.692733276019244,20.69273327601851,0.0,0.0,0.0,0.0,0.0,0.0,7.332889e-13,0.0
3257,6139.8384,20.455189,0.63007575,20.688278734451085,20.688278734450183,0.0,0.0,0.0,0.0,0.0,0.0,9.033691e-13,0.0
3258,6141.251,21.342234,0.576807,20.683835391664704,20.683835391663592,0.0,0.0,0.0,0.0,0.0,0.0,1.111642e-12,0.0
3259,6142.667,20.798702,0.5596713,20.679383280717524,20.679383280716156,0.0,0.0,0.0,0.0,0.0,0.0,1.3676664e-12,0.0
3260,6144.0796,20.280443,0.6886771,20.674943893223496,20.674943893221815,0.0,0.0,0.0,0.0,0.0,0.0,1.6806422e-12,0.0
3261,6145.4966,22.056395,0.7757872,20.670492677456892,20.670492677454828,0.0,0.0,0.0,0.0,0.0,0.0,2.0651248e-12,0.0
3262,6146.911,22.011675,0.6155062,20.666051109997465,20.66605110999493,0.0,0.0,0.0,0.0,0.0,0.0,2.5348905e-12,0.0
3263,6148.325,20.168943,0.4997657,20.661613050720685,20.661613050717577,0.0,0.0,0.0,0.0,0.0,0.0,3.1091319e-12,0.0
3264,6149.7427,19.714249,0.5869842,20.657166244598617,20.657166244594805,0.0,0.0,0.0,0.0,0.0,0.0,3.812674e-12,0.0
3265,6151.1577,19.70962,0.7304549,20.652729073904016,20.652729073899344,0.0,0.0,0.0,0.0,0.0,0.0,4.670512e-12,0.0
3266,6152.576,20.505772,0.800409,20.648283165967253,20.648283165961534,0.0,0.0,0.0,0.0,0.0,0.0,5.7201618e-12,0.0
3267,6153.9917,22.399876,0.6841949,20.643848416105318,20.64384841609832,0.0,0.0,0.0,0.0,0.0,0.0,6.9978693e-12,0.0
3268,6155.41,19.93697,0.5197043,20.639406465961788,20.63940646595323,0.0,0.0,0.0,0.0,0.0,0.0,8.558545e-12,0.0
3269,6156.827,20.46521,0.471746,20.634971078901657,20.634971078891198,0.0,0.0,0.0,0.0,0.0,0.0,1.04578065e-11,0.0
3270,6158.2427,20.438534,0.4429195,20.63054224746931,20.630542247456543,0.0,0.0,0.0,0.0,0.0,0.0,1.2766967e-11,0.0
3271,6159.6626,19.657854,0.47151235,20.626101643931044,20.626101643915458,0.0,0.0,0.0,0.0,0.0,0.0,1.558473e-11,0.0
3272,6161.08,19.72784,0.53760856,20.621670649454458,20.621670649435455,0.0,0.0,0.0,0.0,0.0,0.0,1.900452e-11,0.0
3273,6162.5,20.593445,0.5373613,20.617233999202373,20.617233999179206,0.0,0.0,0.0,0.0,0.0,0.0,2.316637e-11,0.0
3274,6163.9185,19.994896,0.46850535,20.612803899245257,20.61280389921704,0.0,0.0,0.0,0.0,0.0,0.0,2.8214112e-11,0.0
3275,6165.34,19.478424,0.45342812,20.60836662638245,20.608366626348097,0.0,0.0,0.0,0.0,0.0,0.0,3.4351494e-11,0.0
3276,6166.7583,20.172253,0.4586595,20.603940471028494,20.603940470986718,0.0,0.0,0.0,0.0,0.0,0.0,4.17776e-11,0.0
3277,6168.177,20.34413,0.4453169,20.599516283946624,20.599516283895852,0.0,0.0,0.0,0.0,0.0,0.0,5.0773535e-11,0.0
3278,6169.5996,19.85836,0.42731774,20.59508036635464,20.59508036629294,0.0,0.0,0.0,0.0,0.0,0.0,6.170044e-11,0.0
3279,6171.018,20.170034,0.4253871,20.590660117924017,20.590660117849136,0.0,0.0,0.0,0.0,0.0,0.0,7.4881004e-11,0.0
3280,6172.4414,20.081224,0.41918358,20.586226627934618,20.586226627843743,0.0,0.0,0.0,0.0,0.0,0.0,9.087377e-11,0.0
3281,6173.8613,20.089039,0.42041352,20.581805753791777,20.581805753681625,0.0,0.0,0.0,0.0,0.0,0.0,1.1015333e-10,0.0
3282,6175.2856,20.55754,0.43168852,20.57737317226438,20.577373172130873,0.0,0.0,0.0,0.0,0.0,0.0,1.3350893e-10,0.0
3283,6176.7056,20.522966,0.42455465,20.572956234258434,20.57295623409683,0.0,0.0,0.0,0.0,0.0,0.0,1.616062e-10,0.0
3284,6178.126,20.099367,0.427083,20.568539741412625,20.568539741217133,0.0,0.0,0.0,0.0,0.0,0.0,1.9549282e-10,0.0
3285,6179.551,20.265999,0.42486155,20.56411155679968,20.564111556563223,0.0,0.0,0.0,0.0,0.0,0.0,2.3645655e-10,0.0
3286,6180.972,20.191624,0.43603364,20.559695961775336,20.559695961489666,0.0,0.0,0.0,0.0,0.0,0.0,2.856713e-10,0.0
3287,6182.398,19.914417,0.4442829,20.55526868719033,20.555268686845242,0.0,0.0,0.0,0.0,0.0,0.0,3.4508787e-10,0.0
3288,6183.82,19.230494,0.6287899,20.550855507960076,20.550855507543723,0.0,0.0,0.0,0.0,0.0,0.0,4.163531e-10,0.0
3289,6185.2466,21.49378,0.9844338,20.546429145512842,20.546429145010542,0.0,0.0,0.0,0.0,0.0,0.0,5.02302e-10,0.0
3290,6186.6694,23.414566,1.2492851,20.54201686766691,20.54201686706165,0.0,0.0,0.0,0.0,0.0,0.0,6.052566e-10,0.0
3291,6188.093,19.742458,0.9591361,20.537605038529897,20.53760503780105,0.0,0.0,0.0,0.0,0.0,0.0,7.288447e-10,0.0
3292,6189.519,19.321255,0.5744126,20.53318609639223,20.53318609551485,0.0,0.0,0.0,0.0,0.0,0.0,8.7738217e-10,0.0
3293,6190.9434,18.994942,0.55914134,20.52877517013507,20.528775169079893,0.0,0.0,0.0,0.0,0.0,0.0,1.0551766e-09,0.0
3294,6192.371,20.147524,0.70609874,20.524355627873057,20.524355626604397,0.0,0.0,0.0,0.0,0.0,0.0,1.2686607e-09,0.0
3295,6193.7954,20.220148,0.60751677,20.51994862888581,20.519948627362226,0.0,0.0,0.0,0.0,0.0,0.0,1.5235839e-09,0.0
3296,6195.224,19.560093,0.47429326,20.515530001095858,20.515529999266388,0.0,0.0,0.0,0.0,0.0,0.0,1.8294694e-09,0.0
3297,6196.649,20.69333,0.4420315,20.51112541633286,20.511125414138753,0.0,0.0,0.0,0.0,0.0,0.0,2.1941073e-09,0.0
3298,6198.0747,19.883333,0.44195753,20.506719772700723,20.50671977007083,0.0,0.0,0.0,0.0,0.0,0.0,2.6298923e-09,0.0
3299,6199.5034,19.646723,0.4685058,20.50230704181846,20.5023070386673,0.0,0.0,0.0,0.0,0.0,0.0,3.1511607e-09,0.0
3300,6200.93,20.415483,0.525941,20.497902305494822,20.49790230172268,0.0,0.0,0.0,0.0,0.0,0.0,3.772144e-09,0.0
3301,6202.36,20.452826,0.5138834,20.4934904900468,20.49349048553285,0.0,0.0,0.0,0.0,0.0,0.0,4.5139505e-09,0.0
3302,6203.7866,20.153324,0.44979638,20.489089675383276,20.489089669987457,0.0,0.0,0.0,0.0,0.0,0.0,5.395818e-09,0.0
3303,6205.217,21.063902,0.4338834,20.48468028195224,20.484680275504125,0.0,0.0,0.0,0.0,0.0,0.0,6.4481145e-09,0.0
3304,6206.6455,20.80014,0.42491487,20.480277366744893,20.480277359046124,0.0,0.0,0.0,0.0,0.0,0.0,7.69877e-09,0.0
3305,6208.0728,20.118525,0.4266571,20.47588092244447,20.475880913260674,0.0,0.0,0.0,0.0,0.0,0.0,9.183796e-09,0.0
3306,6209.505,20.479595,0.42384017,20.471471401680457,20.471471390726375,0.0,0.0,0.0,0.0,0.0,0.0,1.0954081e-08,0.0
3307,6210.9326,20.00934,0.43467227,20.467077369100622,20.467077356051373,0.0,0.0,0.0,0.0,0.0,0.0,1.3049247e-08,0.0
3308,6212.3647,19.607975,0.47472543,20.46267177399065,20.46267175844826,0.0,0.0,0.0,0.0,0.0,0.0,1.5542392e-08,0.0
3309,6213.794,21.190453,0.58744705,20.458277149280846,20.458277130788737,0.0,0.0,0.0,0.0,0.0,0.0,1.8492111e-08,0.0
3310,6215.227,19.87374,0.5762596,20.453872476007035,20.453872454010686,0.0,0.0,0.0,0.0,0.0,0.0,2.1996351e-08,0.0
3311,6216.657,20.128479,0.47658727,20.44947876531659,20.449478739179874,0.0,0.0,0.0,0.0,0.0,0.0,2.6136716e-08,0.0
3312,6218.09,20.194822,0.45450157,20.44507951420564,20.445079483162257,0.0,0.0,0.0,0.0,0.0,0.0,3.1043385e-08,0.0
3313,6219.5205,20.200521,0.42195565,20.44068821712481,20.440688180288625,0.0,0.0,0.0,0.0,0.0,0.0,3.6836184e-08,0.0
3314,6220.9517,20.467255,0.43187442,20.43629737622642,20.436297332545156,0.0,0.0,0.0,0.0,0.0,0.0,4.3681265e-08,0.0
3315,6222.3867,20.287659,0.4271534,20.431896512899336,20.431896461113936,0.0,0.0,0.0,0.0,0.0,0.0,5.17854e-08,0.0
3316,6223.8174,19.85382,0.4549978,20.427511080866623,20.427511019549364,0.0,0.0,0.0,0.0,0.0,0.0,6.131726e-08,0.0
3317,6225.253,21.337801,0.8332024,20.423112642104012,20.423112569510547,0.0,0.0,0.0,0.0,0.0,0.0,7.2593465e-08,0.0
3318,6226.6846,21.063593,1.1567056,20.41872812680484,20.418728040962545,0.0,0.0,0.0,0.0,0.0,0.0,8.5842295e-08,0.0
3319,6228.1206,20.5783,0.8802704,20.414332113178514,20.414332011689904,0.0,0.0,0.0,0.0,0.0,0.0,1.0148861e-07,0.0
3320,6229.553,20.674618,0.61370856,20.40994851805783,20.409948398204435,0.0,0.0,0.0,0.0,0.0,0.0,1.198534e-07,0.0
3321,6230.9863,20.013903,0.45989817,20.405565382055563,20.40556524060785,0.0,0.0,0.0,0.0,0.0,0.0,1.4144771e-07,0.0
3322,6232.4233,20.396675,0.4450079,20.401172259575855,20.40117209268767,0.0,0.0,0.0,0.0,0.0,0.0,1.6688819e-07,0.0
3323,6233.857,20.719353,0.4459749,20.39679154198042,20.396791345294574,0.0,0.0,0.0,0.0,0.0,0.0,1.9668585e-07,0.0
3324,6235.295,20.407366,0.44785827,20.392399357571225,20.39239912581778,0.0,0.0,0.0,0.0,0.0,0.0,2.3175345e-07,0.0
3325,6236.7285,20.951256,0.48672903,20.388022551165797,20.388022278424565,0.0,0.0,0.0,0.0,0.0,0.0,2.7274123e-07,0.0
3326,6238.1675,21.985872,0.6248947,20.383631309691467,20.383630988748862,0.0,0.0,0.0,0.0,0.0,0.0,3.209426e-07,0.0
3327,6239.6025,21.455418,0.6231328,20.37925394735799,20.379253570133155,0.0,0.0,0.0,0.0,0.0,0.0,3.7722484e-07,0.0
3328,6241.0386,20.290121,0.5059964,20.374875564151022,20.37487512104452,0.0,0.0,0.0,0.0,0.0,0.0,4.431065e-07,0.0
3329,6242.477,20.020374,0.43604872,20.37049170110065,20.370491180838588,0.0,0.0,0.0,0.0,0.0,0.0,5.2026206e-07,0.0
3330,6243.9136,19.872272,0.4267879,20.36611575236562,20.36611514208524,0.0,0.0,0.0,0.0,0.0,0.0,6.102804e-07,0.0
3331,6245.354,19.799461,0.4278345,20.36172987386838,20.3617291582003,0.0,0.0,0.0,0.0,0.0,0.0,7.156681e-07,0.0
3332,6246.7905,20.368738,0.46928754,20.357357854541842,20.357357016254834,0.0,0.0,0.0,0.0,0.0,0.0,8.38287e-07,0.0
3333,6248.2314,22.218306,0.7487913,20.352974433696108,20.35297345201538,0.0,0.0,0.0,0.0,0.0,0.0,9.816807e-07,0.0
3334,6249.668,24.20736,1.2734956,20.348606350497747,20.348605202275692,0.0,0.0,0.0,0.0,0.0,0.0,1.148222e-06,0.0
3335,6251.1064,17.676903,1.0418161,20.344234300839116,20.344232958503152,0.0,0.0,0.0,0.0,0.0,0.0,1.342336e-06,0.0
3336,6252.5474,18.06069,0.59494233,20.339856812722875,20.33985524417216,0.0,0.0,0.0,0.0,0.0,0.0,1.5685507e-06,0.0
3337,6253.986,21.128365,0.45766348,20.33548872372704,20.3354868926492,0.0,0.0,0.0,0.0,0.0,0.0,1.8310778e-06,0.0
3338,6255.4277,20.975096,0.4306794,20.331112247687646,20.331110110906014,0.0,0.0,0.0,0.0,0.0,0.0,2.1367816e-06,0.0
3339,6256.867,20.25126,0.42083663,20.326745176454786,20.32674268537904,0.0,0.0,0.0,0.0,0.0,0.0,2.4910757e-06,0.0
3340,6258.31,20.06562,0.4146621,20.322369741946932,20.322366838879407,0.0,0.0,0.0,0.0,0.0,0.0,2.9030675e-06,0.0
3341,6259.749,19.689339,0.41271064,20.31800816087153,20.318004781524593,0.0,0.0,0.0,0.0,0.0,0.0,3.379347e-06,0.0
3342,6261.19,20.127619,0.4170715,20.31364267775858,20.31363874602208,0.0,0.0,0.0,0.0,0.0,0.0,3.9317365e-06,0.0
3343,6262.633,20.46836,0.42590618,20.309273311004187,20.30926873896159,0.0,0.0,0.0,0.0,0.0,0.0,4.5720426e-06,0.0
3344,6264.074,20.537834,0.46586698,20.304910423939727,20.304905111980442,0.0,0.0,0.0,0.0,0.0,0.0,5.3119593e-06,0.0
3345,6265.518,20.830072,0.5842742,20.300542208909892,20.30053604019159,0.0,0.0,0.0,0.0,0.0,0.0,6.1687183e-06,0.0
3346,6266.9604,19.675089,0.61253273,20.296180501912243,20.296173344538186,0.0,0.0,0.0,0.0,0.0,0.0,7.157374e-06,0.0
3347,6268.4053,19.386238,0.4962624,20.291813511190007,20.291805210660236,0.0,0.0,0.0,0.0,0.0,0.0,8.30053e-06,0.0
3348,6269.847,20.349417,0.422003,20.28745749108936,20.28744787467628,0.0,0.0,0.0,0.0,0.0,0.0,9.616413e-06,0.0
3349,6271.2896,20.417322,0.4232795,20.283102134785047,20.28309100141211,0.0,0.0,0.0,0.0,0.0,0.0,1.1133373e-05,0.0
3350,6272.736,20.012037,0.439555,20.278737159426726,20.278724274075955,0.0,0.0,0.0,0.0,0.0,0.0,1.2885351e-05,0.0
3351,6274.1787,21.533667,0.650302,20.27438470314839,20.274369806086288,0.0,0.0,0.0,0.0,0.0,0.0,1.4897062e-05,0.0
3352,6275.6255,22.656271,1.0075419,20.27002271028305,20.27000549321547,0.0,0.0,0.0,0.0,0.0,0.0,1.7217068e-05,0.0
3353,6277.0693,19.526453,0.9829905,20.265671835310606,20.26565195724161,0.0,0.0,0.0,0.0,0.0,0.0,1.9878069e-05,0.0
3354,6278.5166,18.950493,0.52887374,20.261312999635802,20.261290058177647,0.0,0.0,0.0,0.0,0.0,0.0,2.2941458e-05,0.0
3355,6279.961,20.083729,0.4318468,20.256965376800302,20.25693892683355,0.0,0.0,0.0,0.0,0.0,0.0,2.6449967e-05,0.0
3356,6281.406,20.412687,0.43479913,20.252618734565768,20.2525882601941,0.0,0.0,0.0,0.0,0.0,0.0,3.0474372e-05,0.0
3357,6282.8545,20.242949,0.4280247,20.24826287241193,20.24822777357075,0.0,0.0,0.0,0.0,0.0,0.0,3.509884e-05,0.0
3358,6284.3,20.275846,0.42598864,20.243919893747083,20.24387951156387,0.0,0.0,0.0,0.0,0.0,0.0,4.0382183e-05,0.0
3359,6285.749,20.379791,0.41850153,20.23956788324613,20.239521438731394,0.0,0.0,0.0,0.0,0.0,0.0,4.6444515e-05,0.0
3360,6287.1943,21.150871,0.42057112,20.23523040526284,20.235177047420578,0.0,0.0,0.0,0.0,0.0,0.0,5.3357842e-05,0.0
3361,6288.644,21.243574,0.44941473,20.230882667627025,20.230821386405164,0.0,0.0,0.0,0.0,0.0,0.0,6.128122e-05,0.0
3362,6290.0913,20.65911,0.417882,20.226545310375627,20.22647499694733,0.0,0.0,0.0,0.0,0.0,0.0,7.031343e-05,0.0
3363,6291.538,20.715853,0.4232566,20.222212620649483,20.22213200629147,0.0,0.0,0.0,0.0,0.0,0.0,8.061436e-05,0.0
3364,6292.9893,20.417593,0.4188515,20.21787015857875,20.21777776355042,0.0,0.0,0.0,0.0,0.0,0.0,9.239503e-05,0.0
3365,6294.4365,21.18136,0.44413176,20.21354295590726,20.21343717489953,0.0,0.0,0.0,0.0,0.0,0.0,0.00010578101,0.0
3366,6295.888,21.426636,0.53265244,20.209206411878622,20.20908534459326,0.0,0.0,0.0,0.0,0.0,0.0,0.000121067285,0.0
3367,6297.3364,21.78194,0.54261625,20.204884110961356,20.204745693827643,0.0,0.0,0.0,0.0,0.0,0.0,0.00013841713,0.0
3368,6298.789,22.052383,0.50333846,20.20055301456712,20.200394813129677,0.0,0.0,0.0,0.0,0.0,0.0,0.00015820144,0.0
3369,6300.238,21.302315,0.47168624,20.196238180608137,20.19605756434635,0.0,0.0,0.0,0.0,0.0,0.0,0.00018061626,8.4e-44
3370,6301.6875,21.818533,0.4411862,20.191925396607086,20.19171932201699,0.0,0.0,0.0,0.0,0.0,0.0,0.00020607459,1.7e-43
3371,6303.1406,22.706669,0.52393353,20.18760780929938,20.18737278771937,0.0,0.0,0.0,0.0,0.0,0.0,0.00023502158,5.93e-43
3372,6304.5903,21.717434,0.6645365,20.183306162795486,20.183038407555284,0.0,0.0,0.0,0.0,0.0,0.0,0.00026775524,1.78e-42
3373,6306.044,21.031197,0.74514484,20.178999214086836,20.178694283010593,0.0,0.0,0.0,0.0,0.0,0.0,0.00030493108,5.594e-42
3374,6307.495,21.25609,0.54823625,20.17470632353805,20.174359385680948,0.0,0.0,0.0,0.0,0.0,0.0,0.00034693786,1.7373e-41
3375,6308.9497,20.733767,0.43336576,20.17041077371291,20.17001621325803,0.0,0.0,0.0,0.0,0.0,0.0,0.00039456045,5.3985e-41
3376,6310.401,21.158783,0.42442083,20.166133430147283,20.16568517545352,0.0,0.0,0.0,0.0,0.0,0.0,0.0004482547,1.65853e-40
3377,6311.8525,20.84862,0.42142367,20.161863511454786,20.16135460688128,0.0,0.0,0.0,0.0,0.0,0.0,0.0005089046,5.0646e-40
3378,6313.3076,20.686817,0.4185822,20.157593281181825,20.157015774223318,0.0,0.0,0.0,0.0,0.0,0.0,0.00057750696,1.540739e-39
3379,6314.761,20.906841,0.42166007,20.153338031156185,20.152683239907223,0.0,0.0,0.0,0.0,0.0,0.0,0.00065479125,4.651453e-39
3380,6316.2163,20.979898,0.42398214,20.1490902356926,20.148348270613386,0.0,0.0,0.0,0.0,0.0,0.0,0.0007419651,1.3965886e-38
3381,6317.6694,20.715288,0.42575043,20.14486103092649,20.144021046882056,0.0,0.0,0.0,0.0,0.0,0.0,0.00083998404,4.1596373e-38
3382,6319.1265,21.117422,0.423647,20.14063468953755,20.139684122811744,0.0,0.0,0.0,0.0,0.0,0.0,0.0009505667,1.2343932e-37
3383,6320.5796,21.104252,0.42098358,20.13643531009227,20.135360751386248,0.0,0.0,0.0,0.0,0.0,0.0,0.0010745587,3.6284996e-37
3384,6322.034,20.749228,0.4187202,20.132248926157114,20.13103494624978,0.0,0.0,0.0,0.0,0.0,0.0,0.0012139799,1.0607625e-36
3385,6323.4917,20.958788,0.416453,20.128073171876398,20.126702358528068,0.0,0.0,0.0,0.0,0.0,0.0,0.0013708133,3.0873616e-36
3386,6324.9473,21.513256,0.4252157,20.123924015282537,20.122377503390307,0.0,0.0,0.0,0.0,0.0,0.0,0.0015465119,8.913902e-36
3387,6326.4053,21.3792,0.42650622,20.119791115214838,20.11804732324069,0.0,0.0,0.0,0.0,0.0,0.0,0.001743792,2.561262e-35
3388,6327.861,21.210064,0.43026274,20.115690710061738,20.11372631838689,0.0,0.0,0.0,0.0,0.0,0.0,0.0019643917,7.2980274e-35
3389,6329.32,21.36069,0.4621026,20.111608972658132,20.10939709528043,0.0,0.0,0.0,0.0,0.0,0.0,0.0022118774,2.0708934e-34
3390,6330.7764,21.477436,0.47808748,20.107565245273012,20.10507704099496,0.0,0.0,0.0,0.0,0.0,0.0,0.0024882043,5.8274944e-34
3391,6332.2354,21.555708,0.44699118,20.10354920597198,20.100751671981165,0.0,0.0,0.0,0.0,0.0,0.0,0.002797534,1.6318942e-33
3392,6333.6924,21.225237,0.49999797,20.099576510835135,20.096434016126835,0.0,0.0,0.0,0.0,0.0,0.0,0.0031424947,4.533493e-33
3393,6335.15,20.44274,0.54651177,20.095644352918427,20.09211683455662,0.0,0.0,0.0,0.0,0.0,0.0,0.0035275184,1.2515753e-32
3394,6336.6104,21.131744,0.59065616,20.091750597531277,20.087792901272255,0.0,0.0,0.0,0.0,0.0,0.0,0.0039576963,3.4394292e-32
3395,6338.069,22.091879,0.5912214,20.087913032661614,20.083476673386482,0.0,0.0,0.0,0.0,0.0,0.0,0.0044363593,9.3768385e-32
3396,6339.53,21.36781,0.6115163,20.08412531468541,20.079155145524894,0.0,0.0,0.0,0.0,0.0,0.0,0.004970169,2.5437604e-31
3397,6340.988,21.030836,0.53536135,20.08040701595166,20.07484420339608,0.0,0.0,0.0,0.0,0.0,0.0,0.0055628126,6.841507e-31
3398,6342.4497,21.601812,0.53263056,20.07674700915705,20.070523635576325,0.0,0.0,0.0,0.0,0.0,0.0,0.0062233736,1.832741e-30
3399,6343.9097,21.240278,0.4576597,20.07316691740591,20.06621076152835,0.0,0.0,0.0,0.0,0.0,0.0,0.006956156,4.8707727e-30
3400,6345.3687,21.133879,0.4477138,20.06967156429831,20.06190268931035,0.0,0.0,0.0,0.0,0.0,0.0,0.007768875,1.2850805e-29
3401,6346.832,21.065664,0.4657016,20.06625653128304,20.057583564661225,0.0,0.0,0.0,0.0,0.0,0.0,0.008672967,3.3779183e-29
3402,6348.2925,21.457146,0.4466194,20.06294794525864,20.053275006412587,0.0,0.0,0.0,0.0,0.0,0.0,0.009672939,8.803263e-29
3403,6349.756,21.514954,0.42296848,20.059742255842252,20.04895972717361,0.0,0.0,0.0,0.0,0.0,0.0,0.010782529,2.2834102e-28
3404,6351.217,21.376192,0.42355308,20.056661840044836,20.044653565139452,0.0,0.0,0.0,0.0,0.0,0.0,0.012008275,5.8742033e-28
3405,6352.681,21.782383,0.42688438,20.053706002535712,20.040339250231575,0.0,0.0,0.0,0.0,0.0,0.0,0.013366752,1.5044773e-27
3406,6354.1426,21.319357,0.42562822,20.05090012495608,20.03603548371435,0.0,0.0,0.0,0.0,0.0,0.0,0.014864641,3.8204803e-27
3407,6355.6045,21.977541,0.43528888,20.048250864949217,20.03173219388365,0.0,0.0,0.0,0.0,0.0,0.0,0.016518671,9.640438e-27
3408,6357.0703,22.812569,0.44308892,20.04576752533478,20.027419326950735,0.0,0.0,0.0,0.0,0.0,0.0,0.018348198,2.4224507e-26
3409,6358.5327,22.98449,0.44870156,20.04347859316791,20.02311843254889,0.0,0.0,0.0,0.0,0.0,0.0,0.02036016,6.033733e-26
3410,6359.9985,22.52813,0.43824896,20.041390755091186,20.01880940503287,0.0,0.0,0.0,0.0,0.0,0.0,0.02258135,1.4960603e-25
3411,6361.4614,22.075357,0.43252975,20.03953187783773,20.014510904080822,0.0,0.0,0.0,0.0,0.0,0.0,0.025020974,3.6781485e-25
3412,6362.9287,22.049362,0.43026134,20.03791336404015,20.01020141007234,0.0,0.0,0.0,0.0,0.0,0.0,0.027711954,9.007027e-25
3413,6364.3926,21.699007,0.4353239,20.036565970117163,20.005903869355034,0.0,0.0,0.0,0.0,0.0,0.0,0.0306621,2.1864096e-24
3414,6365.857,22.260023,0.45036924,20.035508938158433,20.00160680713741,0.0,0.0,0.0,0.0,0.0,0.0,0.03390213,5.2736736e-24
3415,6367.325,22.483654,0.4589543,20.034766630090093,19.997300200916147,0.0,0.0,0.0,0.0,0.0,0.0,0.03746643,1.26651295e-23
3416,6368.789,21.886547,0.44682842,20.034370539788107,19.993008395735124,0.0,0.0,0.0,0.0,0.0,0.0,0.041362144,3.0134824e-23
3417,6370.259,21.601109,0.43113193,20.034348050124702,19.98870133049017,0.0,0.0,0.0,0.0,0.0,0.0,0.04564672,7.146983e-23
3418,6371.7246,21.36498,0.43613663,20.03473176806496,19.984407626085744,0.0,0.0,0.0,0.0,0.0,0.0,0.050324142,1.6798753e-22
3419,6373.194,21.871752,0.4639315,20.03555765131124,19.980105826050124,0.0,0.0,0.0,0.0,0.0,0.0,0.055451825,3.9299341e-22
3420,6374.6597,21.59563,0.4588489,20.03685834605395,19.97581594411432,0.0,0.0,0.0,0.0,0.0,0.0,0.061042402,9.114431e-22
3421,6376.126,21.447956,0.44009992,20.038674980785466,19.971526541199303,0.0,0.0,0.0,0.0,0.0,0.0,0.06714844,2.1003521e-21
3422,6377.5967,21.791922,0.4485191,20.04105694468506,19.967226198570806,0.0,0.0,0.0,0.0,0.0,0.0,0.073830746,4.8197815e-21
3423,6379.0635,21.673891,0.4470409,20.04403591109028,19.962939187414552,0.0,0.0,0.0,0.0,0.0,0.0,0.08109672,1.096207e-20
3424,6380.5347,21.705568,0.4493995,20.04767698120887,19.958641246674606,0.0,0.0,0.0,0.0,0.0,0.0,0.089035735,2.482631e-20
3425,6382.0024,21.382029,0.44859543,20.052012471145268,19.954355200415726,0.0,0.0,0.0,0.0,0.0,0.0,0.09765727,5.574351e-20
3426,6383.4746,21.46462,0.45049936,20.05712076201043,19.9500582359632,0.0,0.0,0.0,0.0,0.0,0.0,0.107062526,1.2462476e-19
3427,6384.943,21.33724,0.442087,20.063031319548916,19.94577458130343,0.0,0.0,0.0,0.0,0.0,0.0,0.11725674,2.7616746e-19
3428,6386.4116,20.96904,0.4439813,20.06982043115871,19.941491407439877,0.0,0.0,0.0,0.0,0.0,0.0,0.12832902,6.080568e-19
3429,6387.8843,21.13481,0.46280426,20.077573191122468,19.937198754147943,0.0,0.0,0.0,0.0,0.0,0.0,0.14037444,1.3326145e-18
3430,6389.353,21.064758,0.47213995,20.08631784702627,19.93291939283697,0.0,0.0,0.0,0.0,0.0,0.0,0.15339845,2.8949626e-18
3431,6390.8276,20.903502,0.51681083,20.096188311233085,19.928624872817558,0.0,0.0,0.0,0.0,0.0,0.0,0.16756344,6.2660544e-18
3432,6392.2974,21.470806,0.5056345,20.107191505539166,19.924346479284512,0.0,0.0,0.0,0.0,0.0,0.0,0.18284503,1.3437384e-17
3433,6393.7715,21.719854,0.52287686,20.119478534811236,19.920057203524806,0.0,0.0,0.0,0.0,0.0,0.0,0.19942133,2.868778e-17
3434,6395.242,21.538734,0.52835566,20.133072504356107,19.91577977831622,0.0,0.0,0.0,0.0,0.0,0.0,0.21729273,6.072809e-17
3435,6396.714,21.95268,0.53881395,20.14810194960604,19.911501416478256,0.0,0.0,0.0,0.0,0.0,0.0,0.23660053,1.277547e-16
3436,6398.1885,21.89785,0.5472732,20.164689110439127,19.907216446321314,0.0,0.0,0.0,0.0,0.0,0.0,0.25747266,2.673466e-16
3437,6399.66,21.485458,0.521081,20.182869325467983,19.902941892930905,0.0,0.0,0.0,0.0,0.0,0.0,0.27992743,5.548882e-16
3438,6401.1367,22.24156,0.53610355,20.202849159835264,19.898655067084714,0.0,0.0,0.0,0.0,0.0,0.0,0.3041941,1.1467033e-15
3439,6402.609,22.094614,0.5120017,20.22461567211636,19.894382902865487,0.0,0.0,0.0,0.0,0.0,0.0,0.33023277,2.3487031e-15
3440,6404.086,21.173187,0.4887558,20.248424346347015,19.890098477502026,0.0,0.0,0.0,0.0,0.0,0.0,0.35832587,4.7895728e-15
3441,6405.5586,21.872755,0.48246935,20.274248984890228,19.885828701095814,0.0,0.0,0.0,0.0,0.0,0.0,0.38842028,9.680778e-15
3442,6407.0327,21.612743,0.46678254,20.30231372287743,19.88155657818785,0.0,0.0,0.0,0.0,0.0,0.0,0.42075714,1.9449025e-14
3443,6408.51,21.015217,0.44377658,20.332790722236947,19.87727787076024,0.0,0.0,0.0,0.0,0.0,0.0,0.45551285,3.8863735e-14
3444,6409.984,20.99106,0.5246865,20.36569752131354,19.873009550913604,0.0,0.0,0.0,0.0,0.0,0.0,0.49268797,7.7029264e-14
3445,6411.462,21.163715,0.52469975,20.40133443398662,19.86873182578258,0.0,0.0,0.0,0.0,0.0,0.0,0.5326026,1.5191829e-13
3446,6412.9365,21.40162,0.62302667,20.439676583371305,19.864465892872655,0.0,0.0,0.0,0.0,0.0,0.0,0.5752107,2.9712628e-13
3447,6414.416,22.033379,0.61086905,20.481100411288306,19.860187740198555,0.0,0.0,0.0,0.0,0.0,0.0,0.6209127,5.7848095e-13
3448,6415.891,22.304419,0.56761193,20.52550936248303,19.855924194120252,0.0,0.0,0.0,0.0,0.0,0.0,0.66958517,1.1164367e-12
3449,6417.367,22.046066,0.57519865,20.573220379451435,19.85165972242491,0.0,0.0,0.0,0.0,0.0,0.0,0.72156066,2.1410445e-12
3450,6418.847,21.614162,0.5646322,20.62451820152524,19.847385869196174,0.0,0.0,0.0,0.0,0.0,0.0,0.77713233,4.0852044e-12
3451,6420.324,21.526299,0.57268286,20.67934627602204,19.843122375696165,0.0,0.0,0.0,0.0,0.0,0.0,0.8362239,7.732095e-12
3452,6421.804,22.050852,0.53744256,20.738105815208396,19.838852327606865,0.0,0.0,0.0,0.0,0.0,0.0,0.8992535,1.4553784e-11
3453,6423.2812,22.78087,0.5273538,20.800751853686428,19.83459262914906,0.0,0.0,0.0,0.0,0.0,0.0,0.9661592,2.7174544e-11
3454,6424.7627,22.606411,0.52467406,20.867794049888776,19.830322159388764,0.0,0.0,0.0,0.0,0.0,0.0,1.0374719,5.048898e-11
3455,6426.2407,22.193344,0.50178635,20.939079925790796,19.82606343952985,0.0,0.0,0.0,0.0,0.0,0.0,1.1130165,9.3037196e-11
3456,6427.719,22.386211,0.5165419,21.014985291763264,19.82180520736443,0.0,0.0,0.0,0.0,0.0,0.0,1.1931801,1.7031535e-10
3457,6429.201,22.688688,0.49729258,21.09588485500903,19.81753903141097,0.0,0.0,0.0,0.0,0.0,0.0,1.2783458,3.1009528e-10
3458,6430.6807,22.684809,0.58371,21.18167126800442,19.813281780177668,0.0,0.0,0.0,0.0,0.0,0.0,1.3683895,5.602113e-10
3459,6432.1636,22.412893,0.51461077,21.272901663757363,19.80901659385738,0.0,0.0,0.0,0.0,0.0,0.0,1.4638851,1.0065501e-09
3460,6433.6436,21.624025,0.4918712,21.36940129953128,19.804761729408288,0.0,0.0,0.0,0.0,0.0,0.0,1.5646396,1.7941334e-09
3461,6435.1265,22.662924,0.47729233,21.471769879356724,19.800500340158518,0.0,0.0,0.0,0.0,0.0,0.0,1.6712695,3.1798362e-09
3462,6436.6064,23.099617,0.47285408,21.579819677131493,19.7962492627192,0.0,0.0,0.0,0.0,0.0,0.0,1.7835704,5.5911853e-09
3463,6438.088,22.398016,0.45584348,21.694081422653447,19.79199587020486,0.0,0.0,0.0,0.0,0.0,0.0,1.9020855,9.769751e-09
3464,6439.5723,22.253622,0.4579482,21.81491331483891,19.787735964033622,0.0,0.0,0.0,0.0,0.0,0.0,2.0271773,1.6973503e-08
3465,6441.054,23.394897,0.46190965,21.942100814818048,19.783484957996198,0.0,0.0,0.0,0.0,0.0,0.0,2.1586158,2.9261427e-08
3466,6442.5386,22.457531,0.44375515,22.076280324096157,19.779228844201477,0.0,0.0,0.0,0.0,0.0,0.0,2.2970514,5.0146145e-08
3467,6444.0215,23.610096,0.45544112,22.217320474931906,19.774978823540398,0.0,0.0,0.0,0.0,0.0,0.0,2.4423416,8.530569e-08
3468,6445.5073,23.869656,0.4640408,22.365863381077297,19.77072230281012,0.0,0.0,0.0,0.0,0.0,0.0,2.595141,1.442767e-07
3469,6446.9893,23.451921,0.45018744,22.52142605105258,19.76647886193826,0.0,0.0,0.0,0.0,0.0,0.0,2.754947,2.4201654e-07
3470,6448.4766,23.367344,0.45511374,22.685200027126108,19.762221937248505,0.0,0.0,0.0,0.0,0.0,0.0,2.9229777,4.0394926e-07
3471,6449.9595,23.268341,0.46784133,22.856315414979353,19.757979480248256,0.0,0.0,0.0,0.0,0.0,0.0,3.0983353,6.686178e-07
3472,6451.444,23.256176,0.45758608,23.03561786832515,19.75373472097883,0.0,0.0,0.0,0.0,0.0,0.0,3.281882,1.0996931e-06
3473,6452.931,23.685575,0.45689374,23.223505995251088,19.74948347764709,0.0,0.0,0.0,0.0,0.0,0.0,3.4740207,1.7980758e-06
3474,6454.416,23.634356,0.4614915,23.419481986451988,19.745241102396026,0.0,0.0,0.0,0.0,0.0,0.0,3.674238,2.9175185e-06
3475,6455.9043,23.70634,0.46279603,23.624494230473744,19.74099085509934,0.0,0.0,0.0,0.0,0.0,0.0,3.8834987,4.7067037e-06
3476,6457.3896,24.003332,0.4595842,23.83783261591301,19.736750863107623,0.0,0.0,0.0,0.0,0.0,0.0,4.101074,7.5340554e-06
3477,6458.8784,23.780735,0.4503471,24.06055559634304,19.73250300644948,0.0,0.0,0.0,0.0,0.0,0.0,4.3280406,1.1990071e-05
3478,6460.3643,23.857916,0.44882607,24.291852922014765,19.72826539633719,0.0,0.0,0.0,0.0,0.0,0.0,4.5635686,1.8933606e-05
3479,6461.8506,24.27267,0.45483044,24.532353226797365,19.7240282788114,0.0,0.0,0.0,0.0,0.0,0.0,4.8082952,2.9698047e-05
3480,6463.341,25.044235,0.45767337,24.78275309633047,19.719781917262498,0.0,0.0,0.0,0.0,0.0,0.0,5.062925,4.631716e-05
3481,6464.828,25.173273,0.4632481,25.042004397691343,19.715545790996984,0.0,0.0,0.0,0.0,0.0,0.0,5.326387,7.1678136e-05
3482,6466.3184,24.576761,0.4562787,25.311199749403325,19.711303210124182,0.0,0.0,0.0,0.0,0.0,0.0,5.5997863,0.00011025769
3483,6467.806,24.547586,0.45620504,25.58943087334234,19.70706946538309,0.0,0.0,0.0,0.0,0.0,0.0,5.882193,0.00016831943
3484,6469.298,25.539555,0.4677165,25.877939105262875,19.70282649504569,0.0,0.0,0.0,0.0,0.0,0.0,6.174857,0.00025547063
3485,6470.785,25.970022,0.47356728,26.175135416293756,19.698597907549242,0.0,0.0,0.0,0.0,0.0,0.0,6.476153,0.00038461186
3486,6472.2744,25.909355,0.47097543,26.48227116767845,19.69436564982931,0.0,0.0,0.0,0.0,0.0,0.0,6.78733,0.00057536724
3487,6473.7666,26.411058,0.47428694,26.79958543203789,19.690126954626937,0.0,0.0,0.0,0.0,0.0,0.0,7.108603,0.00085547677
3488,6475.256,27.209772,0.48040017,27.125809386727457,19.6858984647608,0.0,0.0,0.0,0.0,0.0,0.0,7.4386487,0.0012622213
3489,6476.749,27.106672,0.48275185,27.462418036279125,19.681660771346507,0.0,0.0,0.0,0.0,0.0,0.0,7.778906,0.0018513964
3490,6478.2393,27.188429,0.48542523,27.807843239212147,19.677433275783173,0.0,0.0,0.0,0.0,0.0,0.0,8.127715,0.0026948527
3491,6479.733,27.953138,0.49536496,28.163522216694165,19.67319797069553,0.0,0.0,0.0,0.0,0.0,0.0,8.486425,0.0038988462
3492,6481.223,28.288765,0.4985319,28.52779806117148,19.668974238360235,0.0,0.0,0.0,0.0,0.0,0.0,8.853227,0.005597161
3493,6482.715,28.217653,0.4929901,28.901843579393123,19.664748234581445,0.0,0.0,0.0,0.0,0.0,0.0,9.229113,0.00798272
3494,6484.209,28.419365,0.49797717,29.285962999696036,19.66051719886263,0.0,0.0,0.0,0.0,0.0,0.0,9.614133,0.01131292
3495,6485.7017,29.161,0.5011159,29.679246530609724,19.656292193310854,0.0,0.0,0.0,0.0,0.0,0.0,10.007038,0.01591622
3496,6487.197,29.78065,0.51950943,30.082889228196045,19.652062161893745,0.0,0.0,0.0,0.0,0.0,0.0,10.408577,0.022250101
3497,6488.6895,30.826687,0.53306544,30.49583709695824,19.647840917943796,0.0,0.0,0.0,0.0,0.0,0.0,10.817123,0.030872766
3498,6490.1855,31.25321,0.5537796,30.920123270476633,19.64361189189034,0.0,0.0,0.0,0.0,0.0,0.0,11.233939,0.042572208
3499,6491.679,31.569513,0.6337848,31.354681724103056,19.639391647072397,0.0,0.0,0.0,0.0,0.0,0.0,11.6570215,0.058268555
3500,6493.1724,32.518116,0.76684433,31.800862092604895,19.63517465822961,0.0,0.0,0.0,0.0,0.0,0.0,12.086494,0.07919299
3501,6494.669,33.471046,0.8464816,32.26097035212541,19.630949897599468,0.0,0.0,0.0,0.0,0.0,0.0,12.52306,0.10696061
3502,6496.1636,32.848637,0.8100588,32.734829352044244,19.626732528947965,0.0,0.0,0.0,0.0,0.0,0.0,12.964689,0.14340757
3503,6497.6616,33.933865,0.74196935,33.22604674589128,19.622507398242657,0.0,0.0,0.0,0.0,0.0,0.0,13.412473,0.19106662
3504,6499.1567,36.096428,0.8657349,33.73493810200998,19.61829240823099,0.0,0.0,0.0,0.0,0.0,0.0,13.863988,0.25265777
3505,6500.655,36.54745,0.983277,34.26647171150146,19.6140710390657,0.0,0.0,0.0,0.0,0.0,0.0,14.3204365,0.3319642
3506,6502.151,35.80048,0.8944429,34.82258719016271,19.60985705066877,0.0,0.0,0.0,0.0,0.0,0.0,14.779747,0.43298313
3507,6503.646,36.97128,0.64365166,35.40797424563943,19.605647685618983,0.0,0.0,0.0,0.0,0.0,0.0,15.241593,0.5607332
3508,6505.1455,38.52228,0.7017636,36.03009698189741,19.601427827253396,0.0,0.0,0.0,0.0,0.0,0.0,15.706997,0.72167224
3509,6506.6426,40.75767,0.9267512,36.69235997393494,19.597216715363317,0.0,0.0,0.0,0.0,0.0,0.0,16.173174,0.92196935
3510,6508.142,41.27249,1.0050793,37.40407177126231,19.59300061380686,0.0,0.0,0.0,0.0,0.0,0.0,16.640944,1.1701276
3511,6509.6406,41.157486,0.8378699,38.171828656369456,19.588789134198436,0.0,0.0,0.0,0.0,0.0,0.0,17.108524,1.4745152
3512,6511.1406,41.51705,0.6609079,39.00607144853255,19.584575414864034,0.0,0.0,0.0,0.0,0.0,0.0,17.575941,1.845555
3513,6512.6396,41.902325,0.626051,39.9155730607753,19.580366313720248,0.0,0.0,0.0,0.0,0.0,0.0,18.041668,2.2935388
3514,6514.1377,43.103477,0.6409939,40.91114302891913,19.5761618258399,0.0,0.0,0.0,0.0,0.0,0.0,18.50494,2.8300412
3515,6515.639,44.47668,0.6945907,42.00760640660256,19.5719496206376,0.0,0.0,0.0,0.0,0.0,0.0,18.966314,3.4693425
3516,6517.1387,46.44416,0.78180003,43.213367021062,19.567744767644026,0.0,0.0,0.0,0.0,0.0,0.0,19.423328,4.222294
3517,6518.642,47.478123,0.7593477,44.54581443091968,19.56353083869556,0.0,0.0,0.0,0.0,0.0,0.0,19.87695,5.1053343
3518,6520.1416,47.323433,0.734573,46.01028512110726,19.559329730177083,0.0,0.0,0.0,0.0,0.0,0.0,20.323988,6.1269674
3519,6521.6445,48.076683,0.71449727,47.6255984056588,19.55512092000206,0.0,0.0,0.0,0.0,0.0,0.0,20.7658,7.304677
3520,6523.1455,50.503674,0.73418206,49.396845735668165,19.550919450878123,0.0,0.0,0.0,0.0,0.0,0.0,21.199963,8.645964
3521,6524.646,51.858982,0.7535922,51.334385630102986,19.54672121665084,0.0,0.0,0.0,0.0,0.0,0.0,21.626078,10.161587
3522,6526.1514,54.28978,0.7707124,53.45272275953043,19.542511196420083,0.0,0.0,0.0,0.0,0.0,0.0,22.044794,11.8654175
3523,6527.6523,56.57203,0.79075664,55.742869893267724,19.53831533546743,0.0,0.0,0.0,0.0,0.0,0.0,22.452696,13.751859
3524,6529.1567,58.06757,0.86120623,58.21712284647127,19.534111791478594,0.0,0.0,0.0,0.0,0.0,0.0,22.851093,15.831918
3525,6530.659,60.310455,0.92647296,60.86338114988103,19.529915573709154,0.0,0.0,0.0,0.0,0.0,0.0,23.237728,18.095737
3526,6532.165,62.697712,0.9047837,63.68323769875951,19.525711682524165,0.0,0.0,0.0,0.0,0.0,0.0,23.613157,20.544369
3527,6533.6675,65.65167,0.89114755,66.65077449527405,19.521519200474245,0.0,0.0,0.0,0.0,0.0,0.0,23.97489,23.154366
3528,6535.171,66.76599,0.8478747,69.75583789822961,19.517325859045044,0.0,0.0,0.0,0.0,0.0,0.0,24.32324,25.915272
3529,6536.678,69.33531,0.8814164,72.98111436981351,19.51312349456937,0.0,0.0,0.0,0.0,0.0,0.0,24.658072,28.80992
3530,6538.1816,73.56159,0.91252303,76.2804430572812,19.508933886748974,0.0,0.0,0.0,0.0,0.0,0.0,24.976917,31.794592
3531,6539.689,75.52499,0.93738294,79.63620117491996,19.50473526305472,0.0,0.0,0.0,0.0,0.0,0.0,25.280727,34.85074
3532,6541.194,78.67393,1.0557075,82.99484614851515,19.50054530622999,0.0,0.0,0.0,0.0,0.0,0.0,25.567532,37.92677
3533,6542.7017,84.43331,1.5511746,86.32465907431646,19.496349061499075,0.0,0.0,0.0,0.0,0.0,0.0,25.837698,40.990612
3534,6544.207,85.43651,1.7485001,89.5669505235138,19.49216147627259,0.0,0.0,0.0,0.0,0.0,0.0,26.08964,43.98515
3535,6545.7124,86.72993,1.5524472,92.67830625871474,19.48797575334365,0.0,0.0,0.0,0.0,0.0,0.0,26.323242,46.86709
3536,6547.2227,92.359436,1.2599422,95.61817010840177,19.483778323733805,0.0,0.0,0.0,0.0,0.0,0.0,26.538635,49.595757
3537,6548.728,98.42828,1.2192045,98.31822509658375,19.47959632766284,0.0,0.0,0.0,0.0,0.0,0.0,26.73393,52.1047
3538,6550.238,102.82153,1.3487521,100.74767991472044,19.475403990037815,0.0,0.0,0.0,0.0,0.0,0.0,26.909883,54.362392
3539,6551.7456,102.69869,1.3560945,102.85158621943776,19.471218940385032,0.0,0.0,0.0,0.0,0.0,0.0,27.065292,56.315075
3540,6553.256,103.22821,1.267263,104.5965989883129,19.467028980988694,0.0,0.0,0.0,0.0,0.0,0.0,27.200245,57.929325
3541,6554.764,103.9075,1.1994704,105.94427635713416,19.462846303423223,0.0,0.0,0.0,0.0,0.0,0.0,27.314014,59.167416
3542,6556.2715,104.10145,1.1951575,106.87077375319832,19.458668192895587,0.0,0.0,0.0,0.0,0.0,0.0,27.406467,60.00564
3543,6557.784,105.40767,1.2082522,107.36028264915723,19.45447706138868,0.0,0.0,0.0,0.0,0.0,0.0,27.477682,60.428123
3544,6559.2925,105.98897,1.2370579,107.40014623416701,19.450299966466808,0.0,0.0,0.0,0.0,0.0,0.0,27.527006,60.42284
3545,6560.804,109.434845,1.3044553,106.99100090446602,19.446115269090047,0.0,0.0,0.0,0.0,0.0,0.0,27.554602,59.990284
3546,6562.314,115.20198,1.3235613,106.1427091706077,19.441937838820593,0.0,0.0,0.0,0.0,0.0,0.0,27.560276,59.140495
3547,6563.827,121.40931,1.3540783,104.86953076971687,19.43775281561532,0.0,0.0,0.0,0.0,0.0,0.0,27.543999,57.88778
3548,6565.3374,121.039505,1.3337079,103.20260546484116,19.43357775488021,0.0,0.0,0.0,0.0,0.0,0.0,27.505863,56.263165
3549,6566.8516,108.75457,1.2320105,101.16740607321711,19.429393759374328,0.0,0.0,0.0,0.0,0.0,0.0,27.445776,54.292236
3550,6568.362,98.6444,1.1446596,98.81387521720785,19.425222415694186,0.0,0.0,0.0,0.0,0.0,0.0,27.364185,52.024467
3551,6569.873,92.998215,1.134954,96.17958752326089,19.421050230780416,0.0,0.0,0.0,0.0,0.0,0.0,27.261082,49.497456
3552,6571.3877,89.305,1.109185,93.30693280342977,19.416870471276457,0.0,0.0,0.0,0.0,0.0,0.0,27.136457,46.753605
3553,6572.8994,86.78689,1.1212072,90.25753784227102,19.412700653550317,0.0,0.0,0.0,0.0,0.0,0.0,26.991112,43.853725
3554,6574.415,83.91515,1.1518965,87.06785610511852,19.408521922379272,0.0,0.0,0.0,0.0,0.0,0.0,26.824717,40.834618
3555,6575.928,79.13107,1.0423058,83.80043751947103,19.40435178033529,0.0,0.0,0.0,0.0,0.0,0.0,26.63833,37.757755
3556,6577.444,76.308525,0.9489239,80.49207282687806,19.400176769749145,0.0,0.0,0.0,0.0,0.0,0.0,26.43179,34.660107
3557,6578.957,73.621124,0.9164665,77.19732183270796,19.396010339788035,0.0,0.0,0.0,0.0,0.0,0.0,26.206242,31.59507
3558,6580.471,71.40233,0.8937324,73.94844173873165,19.39184307540156,0.0,0.0,0.0,0.0,0.0,0.0,25.96173,28.59487
3559,6581.9883,71.675575,0.8999112,70.7763548335743,19.38766960713387,0.0,0.0,0.0,0.0,0.0,0.0,25.698423,25.690262
3560,6583.503,73.87221,0.918185,67.72184165492526,19.38350471034518,0.0,0.0,0.0,0.0,0.0,0.0,25.417864,22.920473
3561,6585.0205,74.6328,0.998796,64.79809391522198,19.37933361553937,0.0,0.0,0.0,0.0,0.0,0.0,25.119686,20.299074
3562,6586.5356,72.688095,1.3172511,62.033788104575734,19.375171084922417,0.0,0.0,0.0,0.0,0.0,0.0,24.8056,17.853018
3563,6588.054,64.882996,1.3673298,59.43124748917863,19.3710010215883,0.0,0.0,0.0,0.0,0.0,0.0,24.475094,15.585153
3564,6589.57,56.656933,1.0950255,57.00910999083523,19.366840856313743,0.0,0.0,0.0,0.0,0.0,0.0,24.130268,13.512001
3565,6591.086,52.734547,0.7995419,54.764509013751066,19.362681201556246,0.0,0.0,0.0,0.0,0.0,0.0,23.771149,11.630679
3566,6592.6055,51.56015,0.7228391,52.69269199612643,19.358514025240197,0.0,0.0,0.0,0.0,0.0,0.0,23.397764,9.936414
3567,6594.1226,48.840267,0.6923376,50.79722172208473,19.354355396706307,0.0,0.0,0.0,0.0,0.0,0.0,23.012352,8.430514
3568,6595.6426,48.108067,0.68326145,49.06398577750626,19.350190592417153,0.0,0.0,0.0,0.0,0.0,0.0,22.614359,7.0994363
3569,6597.1606,46.575684,0.6807234,47.4890526678655,19.346032991657005,0.0,0.0,0.0,0.0,0.0,0.0,22.205896,5.9371233
3570,6598.681,45.773094,0.73686564,46.056647074514984,19.34187055855429,0.0,0.0,0.0,0.0,0.0,0.0,21.786625,4.9281516
3571,6600.1987,45.60763,0.9016138,44.75949762705653,19.337717994488177,0.0,0.0,0.0,0.0,0.0,0.0,21.358887,4.062893
3572,6601.7183,44.414223,0.8388141,43.58052186023396,19.333561935536085,0.0,0.0,0.0,0.0,0.0,0.0,20.922178,3.3247817
3573,6603.24,41.952114,0.68684876,42.506983078508,19.329401052980046,0.0,0.0,0.0,0.0,0.0,0.0,20.477196,2.7003863
3574,6604.76,41.82841,0.6346292,41.52976319804674,19.325248694567733,0.0,0.0,0.0,0.0,0.0,0.0,20.026236,2.178279
3575,6606.2827,40.028324,0.612237,40.63316732511744,19.32108884916529,0.0,0.0,0.0,0.0,0.0,0.0,19.568415,1.7436638
3576,6607.8022,38.85686,0.5949696,39.81005883124261,19.316940187481926,0.0,0.0,0.0,0.0,0.0,0.0,19.106657,1.3864616
3577,6609.3257,38.029026,0.6024046,39.046244807655015,19.312782712394394,0.0,0.0,0.0,0.0,0.0,0.0,18.639587,1.0938747
3578,6610.846,37.772907,0.9854783,38.336008393675485,19.308635079771673,0.0,0.0,0.0,0.0,0.0,0.0,18.170137,0.8572359
3579,6612.3677,38.61441,1.5921248,37.66929644047603,19.30448662936077,0.0,0.0,0.0,0.0,0.0,0.0,17.69794,0.666869
3580,6613.8916,35.574978,1.1846467,37.03852837420057,19.30033337212156,0.0,0.0,0.0,0.0,0.0,0.0,17.223354,0.51484066
3581,6615.4136,34.194138,0.8142664,36.43947735708595,19.296187284406425,0.0,0.0,0.0,0.0,0.0,0.0,16.748543,0.3947473
3582,6616.9385,34.86333,0.60047567,35.86513482741189,19.29203506521058,0.0,0.0,0.0,0.0,0.0,0.0,16.272764,0.30033556
3583,6618.4614,35.24329,0.5745695,35.31313254793352,19.287890010673465,0.0,0.0,0.0,0.0,0.0,0.0,15.798302,0.22694084
3584,6619.988,34.353355,0.57352865,34.778096058032084,19.283737503549624,0.0,0.0,0.0,0.0,0.0,0.0,15.32422,0.17013885
3585,6621.5103,33.420174,0.55121726,34.25983003395888,19.2795974673638,0.0,0.0,0.0,0.0,0.0,0.0,14.853502,0.1267303
3586,6623.0337,33.033764,0.54384935,33.754476088204925,19.27545661769206,0.0,0.0,0.0,0.0,0.0,0.0,14.385319,0.093700714
3587,6624.5605,32.660084,0.5433205,33.25963349645932,19.271308325286704,0.0,0.0,0.0,0.0,0.0,0.0,13.919592,0.06873327
3588,6626.085,31.574446,0.53036594,32.77598699104618,19.26716850992869,0.0,0.0,0.0,0.0,0.0,0.0,13.458738,0.050080154
3589,6627.613,31.242476,0.5449535,32.30081099591814,19.263021259975066,0.0,0.0,0.0,0.0,0.0,0.0,13.00159,0.03619996
3590,6629.1367,31.83474,0.6973588,31.835791552460844,19.25888645464843,0.0,0.0,0.0,0.0,0.0,0.0,12.550905,0.02599987
3591,6630.666,31.20427,0.74275935,31.377737824231772,19.254738923520236,0.0,0.0,0.0,0.0,0.0,0.0,12.104482,0.018517204
3592,6632.191,29.081326,0.6426974,30.929392646066837,19.25060515198856,0.0,0.0,0.0,0.0,0.0,0.0,11.665682,0.013105655
3593,6633.7173,28.713152,0.5248393,30.488944580485484,19.246469249655863,0.0,0.0,0.0,0.0,0.0,0.0,11.23327,0.009205639
3594,6635.2466,28.695894,0.50022906,30.05604000226613,19.2423272540329,0.0,0.0,0.0,0.0,0.0,0.0,10.807298,0.0064150416
3595,6636.7734,28.30709,0.50135523,29.632302810704257,19.238193711997862,0.0,0.0,0.0,0.0,0.0,0.0,10.389668,0.004440634
3596,6638.3037,27.61175,0.5596446,29.21625933210456,19.234052761421513,0.0,0.0,0.0,0.0,0.0,0.0,9.979157,0.0030491229
3597,6639.8306,27.42765,0.90803456,28.809939335067526,19.229922899245054,0.0,0.0,0.0,0.0,0.0,0.0,9.577936,0.0020802633
3598,6641.362,29.279806,1.2254332,28.411453639476996,19.225782994617212,0.0,0.0,0.0,0.0,0.0,0.0,9.184263,0.0014074155
3599,6642.8896,25.75509,1.0594977,28.023026780752446,19.221654170021395,0.0,0.0,0.0,0.0,0.0,0.0,8.8004265,0.0009461276
3600,6644.418,25.192326,0.5712526,27.64381162207853,19.217525862649083,0.0,0.0,0.0,0.0,0.0,0.0,8.425654,0.0006313481
3601,6645.95,26.040037,0.50322676,27.27316334011399,19.213388846548206,0.0,0.0,0.0,0.0,0.0,0.0,8.059357,0.0004178041
3602,6647.4795,25.589176,0.481162,26.91288682343535,19.209261579288672,0.0,0.0,0.0,0.0,0.0,0.0,7.7033505,0.00027470017
3603,6649.012,25.819195,0.48185307,26.561615473868983,19.20512692944783,0.0,0.0,0.0,0.0,0.0,0.0,7.3563094,0.00017913051
3604,6650.5415,25.129324,0.49229807,26.2210135328388,19.201003336402312,0.0,0.0,0.0,0.0,0.0,0.0,7.019894,0.00011607336
3605,6652.075,26.185432,0.5072246,25.889425826133042,19.196869735058094,0.0,0.0,0.0,0.0,0.0,0.0,6.6924815,7.457328e-05
3606,6653.605,25.318752,0.4862246,25.568703535057775,19.19274849729967,0.0,0.0,0.0,0.0,0.0,0.0,6.3759074,4.7616646e-05
3607,6655.1367,24.482733,0.46414804,25.257624679620402,19.188623833228757,0.0,0.0,0.0,0.0,0.0,0.0,6.0689707,3.0166155e-05
3608,6656.671,24.85981,0.4776183,24.956135573473503,19.18449443466342,0.0,0.0,0.0,0.0,0.0,0.0,5.771622,1.8957871e-05
3609,6658.202,24.289978,0.482332,24.665267518460777,19.180374756323825,0.0,0.0,0.0,0.0,0.0,0.0,5.484881,1.1837912e-05
3610,6659.738,24.49769,0.47411165,24.383600769377058,19.176245094506516,0.0,0.0,0.0,0.0,0.0,0.0,5.2073483,7.3281603e-06
3611,6661.2695,23.547464,0.54815966,24.11259677687667,19.172127771345913,0.0,0.0,0.0,0.0,0.0,0.0,4.9404645,4.508918e-06
3612,6662.8057,24.255587,0.8146783,23.850708149647083,19.16800047391873,0.0,0.0,0.0,0.0,0.0,0.0,4.682705,2.7501912e-06
3613,6664.339,23.571608,0.9091501,23.599092392991054,19.163882882400856,0.0,0.0,0.0,0.0,0.0,0.0,4.435208,1.6668097e-06
3614,6665.872,21.60126,0.6159578,23.357120057664407,19.15976712228944,0.0,0.0,0.0,0.0,0.0,0.0,4.197352,1.0028493e-06
3615,6667.4087,23.443598,0.6895654,23.124144997242908,19.155644023211195,0.0,0.0,0.0,0.0,0.0,0.0,3.9685004,5.9828403e-07
3616,6668.9424,26.02875,0.56124365,22.900980940001148,19.151530616989305,0.0,0.0,0.0,0.0,0.0,0.0,3.74945,3.5467383e-07
3617,6670.481,25.427649,0.55447793,22.686340153280707,19.147405952524462,0.0,0.0,0.0,0.0,0.0,0.0,3.538934,2.0837038e-07
3618,6672.015,23.522314,0.8868532,22.48134085768983,19.14329490048668,0.0,0.0,0.0,0.0,0.0,0.0,3.3380458,1.2170815e-07
3619,6673.5537,23.022537,1.0243065,22.284614557016457,19.13917390809552,0.0,0.0,0.0,0.0,0.0,0.0,3.1454406,7.0460246e-08
3620,6675.089,23.290956,0.78051645,22.09696846754241,19.135063901243168,0.0,0.0,0.0,0.0,0.0,0.0,2.9619045,4.0542407e-08
3621,6676.624,21.99909,0.526439,21.917743254880655,19.130955721804902,0.0,0.0,0.0,0.0,0.0,0.0,2.7867875,2.3157542e-08
3622,6678.164,22.095612,0.5230944,21.74618961802006,19.126836310540448,0.0,0.0,0.0,0.0,0.0,0.0,2.6193533,1.3107054e-08
3623,6679.7,22.434029,0.4652801,21.5830682543393,19.122729177597982,0.0,0.0,0.0,0.0,0.0,0.0,2.460339,7.3748625e-09
3624,6681.24,22.288935,0.43566352,21.42731733708255,19.118613433585896,0.0,0.0,0.0,0.0,0.0,0.0,2.308704,4.1131076e-09
3625,6682.778,21.456324,0.43329474,21.279351989681704,19.114506043951522,0.0,0.0,0.0,0.0,0.0,0.0,2.164846,2.279255e-09
3626,6684.3193,20.294624,0.41429937,21.138332950697198,19.110390053556042,0.0,0.0,0.0,0.0,0.0,0.0,2.027943,1.2518715e-09
3627,6685.8564,20.07549,0.41724417,21.00477268951226,19.106287624322015,0.0,0.0,0.0,0.0,0.0,0.0,1.8984851,6.837145e-10
3628,6687.398,22.092878,0.44172353,20.87766248255964,19.102175297665074,0.0,0.0,0.0,0.0,0.0,0.0,1.7754872,3.7002856e-10
3629,6688.9365,20.797686,0.4312488,20.757371153409093,19.098072614048387,0.0,0.0,0.0,0.0,0.0,0.0,1.6592985,1.9902235e-10
3630,6690.475,19.50675,0.41045576,20.643406416837706,19.09397175486621,0.0,0.0,0.0,0.0,0.0,0.0,1.5494347,1.06260924e-10
3631,6692.018,19.926659,0.41688338,20.53522489294338,19.089861013683368,0.0,0.0,0.0,0.0,0.0,0.0,1.4453639,5.6215376e-11
3632,6693.5576,20.974194,0.45915627,20.43313695545453,19.08576120488328,0.0,0.0,0.0,0.0,0.0,0.0,1.3473758,2.9562856e-11
3633,6695.1006,21.1266,0.4588726,20.336449078463062,19.08165412319405,0.0,0.0,0.0,0.0,0.0,0.0,1.254795,1.541014e-11
3634,6696.641,21.144651,0.44904745,20.245295591431276,19.077555365631362,0.0,0.0,0.0,0.0,0.0,0.0,1.1677402,7.981937e-12
3635,6698.1855,21.558784,0.4690119,20.1590732165289,19.073448044863426,0.0,0.0,0.0,0.0,0.0,0.0,1.0856252,4.0970265e-12
3636,6699.7266,21.165062,0.525901,20.077962960259857,19.069351638808488,0.0,0.0,0.0,0.0,0.0,0.0,1.0086113,2.0905456e-12
3637,6701.267,21.006338,0.54049015,20.001566020144068,19.065258351457096,0.0,0.0,0.0,0.0,0.0,0.0,0.93630767,1.0591037e-12
3638,6702.813,21.085827,0.48133367,19.929392203061948,19.061152621476484,0.0,0.0,0.0,0.0,0.0,0.0,0.8682396,5.3133225e-13
3639,6704.3545,20.220222,0.45294327,19.861685777714406,19.057060385753996,0.0,0.0,0.0,0.0,0.0,0.0,0.8046254,2.6511473e-13
3640,6705.9004,20.99484,0.45995104,19.797848583317464,19.052958310699992,0.0,0.0,0.0,0.0,0.0,0.0,0.7448903,1.3104371e-13
3641,6707.4434,20.657812,0.49615338,19.73798403915361,19.048865832652538,0.0,0.0,0.0,0.0,0.0,0.0,0.6891182,6.438173e-14
3642,6708.99,20.866892,0.59624577,19.681630615534743,19.04476482087605,0.0,0.0,0.0,0.0,0.0,0.0,0.6368658,3.1340067e-14
3643,6710.5337,20.820038,0.5329446,19.62886351971147,19.040674692673644,0.0,0.0,0.0,0.0,0.0,0.0,0.5881888,1.5167326e-14
3644,6712.0776,20.318329,0.44896653,19.57935267447441,19.03658509015052,0.0,0.0,0.0,0.0,0.0,0.0,0.5427676,7.284501e-15
3645,6713.625,21.063068,0.429338,19.532835932721383,19.032488258828405,0.0,0.0,0.0,0.0,0.0,0.0,0.5003477,3.4670162e-15
3646,6715.17,22.31105,0.43985075,19.489318079516572,19.028399712607545,0.0,0.0,0.0,0.0,0.0,0.0,0.46091837,1.6398156e-15
3647,6716.7183,24.448376,0.46564162,19.44846895593782,19.02430394548555,0.0,0.0,0.0,0.0,0.0,0.0,0.424165,7.685661e-16
3648,6718.264,24.633215,0.4677134,19.410284481946423,19.020216457549527,0.0,0.0,0.0,0.0,0.0,0.0,0.39006802,3.5798132e-16
3649,6719.8125,23.520409,0.49325943,19.374489842926323,19.01612433699256,0.0,0.0,0.0,0.0,0.0,0.0,0.3583655,1.6530163e-16
3650,6721.358,22.17707,0.45121893,19.34105971421771,19.01204177703433,0.0,0.0,0.0,0.0,0.0,0.0,0.32901794,7.587573e-17
3651,6722.9053,20.424768,0.44131657,19.30974542761317,19.007955875639826,0.0,0.0,0.0,0.0,0.0,0.0,0.30178955,3.4535886e-17
3652,6724.4546,19.882141,0.4461472,19.280419494436266,19.00386663846779,0.0,0.0,0.0,0.0,0.0,0.0,0.27655286,1.5587163e-17
3653,6726.002,20.32636,0.44291767,19.253027314084722,18.999784374374105,0.0,0.0,0.0,0.0,0.0,0.0,0.25324294,6.989783e-18
3654,6727.5527,20.549858,0.43302527,19.227353358463592,18.995694914655036,0.0,0.0,0.0,0.0,0.0,0.0,0.23165844,3.105616e-18
3655,6729.101,21.288925,0.42972368,19.203380103154196,18.991613711161627,0.0,0.0,0.0,0.0,0.0,0.0,0.21176639,1.371344e-18
3656,6730.653,22.647276,0.45468038,19.180907180756655,18.987525319904414,0.0,0.0,0.0,0.0,0.0,0.0,0.19338186,5.999488e-19
3657,6732.2007,23.273993,0.47284833,19.159935170327547,18.983449035798433,0.0,0.0,0.0,0.0,0.0,0.0,0.17648613,2.6106446e-19
3658,6733.7495,23.33554,0.461178,19.140294789059165,18.97937199352503,0.0,0.0,0.0,0.0,0.0,0.0,0.1609228,1.1269736e-19
3659,6735.302,21.868256,0.44553667,19.121866740540685,18.975287772969427,0.0,0.0,0.0,0.0,0.0,0.0,0.14657897,4.8197656e-20
3660,6736.852,20.129194,0.43787593,19.10462803957814,18.971210507730188,0.0,0.0,0.0,0.0,0.0,0.0,0.13341753,2.048117e-20
3661,6738.4053,19.134497,0.42199698,19.088441621347947,18.96712735651402,0.0,0.0,0.0,0.0,0.0,0.0,0.121314265,8.624338e-21
3662,6739.9556,19.144924,0.45435005,19.073290045738833,18.963053721368926,0.0,0.0,0.0,0.0,0.0,0.0,0.110236324,3.610428e-21
3663,6741.51,19.659525,0.47361752,19.059033295339727,18.95897164029517,0.0,0.0,0.0,0.0,0.0,0.0,0.100061655,1.4968568e-21
3664,6743.06,19.597641,0.44031042,19.045673649319667,18.954901631483096,0.0,0.0,0.0,0.0,0.0,0.0,0.09077202,6.1732983e-22
3665,6744.612,19.589293,0.4385098,19.033097796875012,18.950829588609707,0.0,0.0,0.0,0.0,0.0,0.0,0.08226821,2.5248527e-22
3666,6746.167,18.81183,0.44144988,19.021232618597402,18.946750393715753,0.0,0.0,0.0,0.0,0.0,0.0,0.074482225,1.02291505e-22
3667,6747.7197,18.75125,0.5144113,19.010066304277736,18.94267941631015,0.0,0.0,0.0,0.0,0.0,0.0,0.06738689,4.1190836e-23
3668,6749.275,19.412964,0.5166132,18.99951043865572,18.93860385334979,0.0,0.0,0.0,0.0,0.0,0.0,0.060906585,1.6439112e-23
3669,6750.827,18.85828,0.46144566,18.98955146490324,18.934537778484707,0.0,0.0,0.0,0.0,0.0,0.0,0.055013686,6.5230573e-24
3670,6752.385,18.985966,0.43508208,18.980090998228288,18.93045945104549,0.0,0.0,0.0,0.0,0.0,0.0,0.049631547,2.5607297e-24
3671,6753.938,18.794046,0.4041409,18.97114570139718,18.92639444096756,0.0,0.0,0.0,0.0,0.0,0.0,0.04475126,1.0003738e-24
3672,6755.4917,19.093248,0.40088558,18.962645578043325,18.92232996116744,0.0,0.0,0.0,0.0,0.0,0.0,0.040315617,3.8776588e-25
3673,6757.0493,18.938179,0.40160894,18.954536498052978,18.91825707675328,0.0,0.0,0.0,0.0,0.0,0.0,0.03627942,1.4882395e-25
3674,6758.6035,18.506748,0.40926275,18.946822327684774,18.91419493884982,0.0,0.0,0.0,0.0,0.0,0.0,0.03262739,5.681005e-26
3675,6760.1626,19.40811,0.42774987,18.939430239572445,18.910121853425423,0.0,0.0,0.0,0.0,0.0,0.0,0.029308386,2.1457795e-26
3676,6761.7173,19.710886,0.42142555,18.932374819944886,18.906062057073502,0.0,0.0,0.0,0.0,0.0,0.0,0.026312763,8.066142e-27
3677,6763.277,19.384222,0.4111561,18.92558668428782,18.901991323248776,0.0,0.0,0.0,0.0,0.0,0.0,0.023595361,3.0001025e-27
3678,6764.833,19.281574,0.40748942,18.919077080694166,18.897931319681135,0.0,0.0,0.0,0.0,0.0,0.0,0.021145761,1.1098738e-27
3679,6766.3887,19.195223,0.40806404,18.912809540595454,18.893874394785207,0.0,0.0,0.0,0.0,0.0,0.0,0.018935146,4.0764305e-28
3680,6767.949,18.687107,0.4211752,18.90674194683422,18.88980654803206,0.0,0.0,0.0,0.0,0.0,0.0,0.016935399,1.481282e-28
3681,6769.506,18.134668,0.43770736,18.90088897261792,18.885750690177318,0.0,0.0,0.0,0.0,0.0,0.0,0.015138282,5.355727e-29
3682,6771.068,18.552689,0.44051218,18.895197791106348,18.881682650245075,0.0,0.0,0.0,0.0,0.0,0.0,0.013515141,1.9150856e-29
3683,6772.6245,18.319708,0.4510445,18.88969094426149,18.877630403533217,0.0,0.0,0.0,0.0,0.0,0.0,0.012060541,6.82043e-30
3684,6774.186,18.669676,0.45241982,18.88431678411715,18.873567255001294,0.0,0.0,0.0,0.0,0.0,0.0,0.010749529,2.4029431e-30
3685,6775.745,18.991741,0.41014338,18.879086894958125,18.869512265591727,0.0,0.0,0.0,0.0,0.0,0.0,0.009574629,8.415905e-31
3686,6777.303,18.842356,0.40111274,18.873983161147038,18.86546161826263,0.0,0.0,0.0,0.0,0.0,0.0,0.008521543,2.9272692e-31
3687,6778.8667,19.04215,0.41002485,18.868973613001653,18.86139881725634,0.0,0.0,0.0,0.0,0.0,0.0,0.0075747957,1.0068173e-31
3688,6780.4263,19.036337,0.4074878,18.864077473474982,18.85734797170976,0.0,0.0,0.0,0.0,0.0,0.0,0.0067295018,3.4459687e-32
3689,6781.99,18.593788,0.40357327,18.859258974788474,18.853287520704555,0.0,0.0,0.0,0.0,0.0,0.0,0.005971454,1.16696144e-32
3690,6783.55,18.673235,0.43770972,18.85453636064358,18.849240281667335,0.0,0.0,0.0,0.0,0.0,0.0,0.005296079,3.934022e-33
3691,6785.114,18.794989,0.4830211,18.84987495116163,18.845183444891312,0.0,0.0,0.0,0.0,0.0,0.0,0.0046915063,1.3121646e-33
3692,6786.675,18.65175,0.47342435,18.845289371851607,18.841136010307594,0.0,0.0,0.0,0.0,0.0,0.0,0.0041533615,4.3524873e-34
3693,6788.236,18.713509,0.4443518,18.840764197951962,18.837090375565772,0.0,0.0,0.0,0.0,0.0,0.0,0.0036738224,1.4328473e-34
3694,6789.8022,18.388618,0.44191134,18.836278137821424,18.833032628824654,0.0,0.0,0.0,0.0,0.0,0.0,0.003245509,4.6632515e-35
3695,6791.364,19.07749,0.4624754,18.831855128478963,18.82898933226872,0.0,0.0,0.0,0.0,0.0,0.0,0.0028657962,1.5115009e-35
3696,6792.929,19.075743,0.4514463,18.82746529138213,18.824937725221123,0.0,0.0,0.0,0.0,0.0,0.0,0.0025275662,4.8483273e-36
3697,6794.4927,18.503439,0.40572003,18.823120676412476,18.820892974932907,0.0,0.0,0.0,0.0,0.0,0.0,0.0022277015,1.5455805e-36
3698,6796.0586,18.174187,0.40274996,18.81880506387953,18.816843712274398,0.0,0.0,0.0,0.0,0.0,0.0,0.0019613516,4.8810046e-37
3699,6797.6226,18.193968,0.40547836,18.814526947815,18.81280130056574,0.0,0.0,0.0,0.0,0.0,0.0,0.0017256472,1.5319556e-37
3700,6799.1904,18.561384,0.40813628,18.810267083983096,18.808750597115765,0.0,0.0,0.0,0.0,0.0,0.0,0.0015164869,4.757847e-38
3701,6800.7534,18.659737,0.42366517,18.806046383490266,18.80471430617612,0.0,0.0,0.0,0.0,0.0,0.0,0.0013320773,1.4718033e-38
3702,6802.319,18.434175,0.43264353,18.801842364864353,18.800673508117836,0.0,0.0,0.0,0.0,0.0,0.0,0.0011688567,4.510176e-39
3703,6803.887,18.221273,0.41930306,18.7976514582813,18.796626950596668,0.0,0.0,0.0,0.0,0.0,0.0,0.0010245077,1.368528e-39
3704,6805.4526,18.501574,0.43705383,18.793487189143544,18.792589750296084,0.0,0.0,0.0,0.0,0.0,0.0,0.00089743885,4.12982e-40
3705,6807.022,19.168087,0.43579292,18.78932947540798,18.788544277985604,0.0,0.0,0.0,0.0,0.0,0.0,0.0007851974,1.2331e-40
3706,6808.5874,18.731049,0.43641675,18.785197306035943,18.784510671704002,0.0,0.0,0.0,0.0,0.0,0.0,0.00068663433,3.6696e-41
3707,6810.1577,18.630177,0.43299398,18.781065963657174,18.780466285342417,0.0,0.0,0.0,0.0,0.0,0.0,0.0005996783,1.0763e-41
3708,6811.7246,18.205963,0.41673362,18.77695593913078,18.77643249911481,0.0,0.0,0.0,0.0,0.0,0.0,0.00052344,3.136e-42
3709,6813.2915,17.936974,0.39402336,18.772857010043808,18.77240050677152,0.0,0.0,0.0,0.0,0.0,0.0,0.00045650327,9.32e-43
3710,6814.863,18.270393,0.40089995,18.768756637996,18.768359006475826,0.0,0.0,0.0,0.0,0.0,0.0,0.00039763152,2.54e-43
3711,6816.43,18.615665,0.40757737,18.764675522284733,18.764329348228557,0.0,0.0,0.0,0.0,0.0,0.0,0.00034617406,8.4e-44
3712,6818.002,18.556597,0.40881872,18.76059119071796,18.760290190783408,0.0,0.0,0.0,0.0,0.0,0.0,0.00030099993,0.0
3713,6819.5703,18.114239,0.40194482,18.756523186839875,18.75626161118689,0.0,0.0,0.0,0.0,0.0,0.0,0.00026157565,0.0
3714,6821.144,18.460419,0.39735186,18.75244804551368,18.752221035476047,0.0,0.0,0.0,0.0,0.0,0.0,0.00022701004,0.0
3715,6822.7124,18.728928,0.40099007,18.748392981563995,18.748196043161045,0.0,0.0,0.0,0.0,0.0,0.0,0.0001969384,0.0
3716,6824.2817,18.185694,0.39672112,18.74434102381281,18.74417033505677,0.0,0.0,0.0,0.0,0.0,0.0,0.00017068876,0.0
3717,6825.856,17.827051,0.39503896,18.740281644002135,18.740133899556422,0.0,0.0,0.0,0.0,0.0,0.0,0.00014774445,0.0
3718,6827.426,18.592949,0.40307537,18.736238350039663,18.73611052421186,0.0,0.0,0.0,0.0,0.0,0.0,0.00012782583,0.0
3719,6829.0015,18.422468,0.40390694,18.73218436755094,18.732073930104956,0.0,0.0,0.0,0.0,0.0,0.0,0.000110437446,0.0
3720,6830.572,18.461538,0.41069436,18.728148267107336,18.728052887131945,0.0,0.0,0.0,0.0,0.0,0.0,9.5379975e-05,0.0
3721,6832.1475,18.0789,0.42753863,18.724102149931337,18.724019886943193,0.0,0.0,0.0,0.0,0.0,0.0,8.226299e-05,0.0
3722,6833.7188,17.689966,0.43584588,18.720070843455396,18.719999925351367,0.0,0.0,0.0,0.0,0.0,0.0,7.0918104e-05,0.0
3723,6835.2905,18.934153,0.42317304,18.716041584731663,18.715980502361724,0.0,0.0,0.0,0.0,0.0,0.0,6.108237e-05,0.0
3724,6836.8677,18.901106,0.42714047,18.712001678679496,18.711949140211924,0.0,0.0,0.0,0.0,0.0,0.0,5.2538468e-05,0.0
3725,6838.4404,18.760466,0.45374432,18.707975970921417,18.707930801354543,0.0,0.0,0.0,0.0,0.0,0.0,4.5169567e-05,0.0
3726,6840.017,19.152102,0.47966164,18.70394306158589,18.703904275496754,0.0,0.0,0.0,0.0,0.0,0.0,3.878609e-05,0.0
3727,6841.591,19.008074,0.5026237,18.69992030634147,18.699887020934497,0.0,0.0,0.0,0.0,0.0,0.0,3.3285407e-05,0.0
3728,6843.1675,18.34504,0.4300348,18.695892611228157,18.695864079257046,0.0,0.0,0.0,0.0,0.0,0.0,2.8531971e-05,0.0
3729,6844.7427,18.552324,0.43410236,18.691871104378304,18.691846664658595,0.0,0.0,0.0,0.0,0.0,0.0,2.443972e-05,0.0
3730,6846.3164,18.441353,0.4153946,18.68785569030035,18.687834770943592,0.0,0.0,0.0,0.0,0.0,0.0,2.0919357e-05,0.0
3731,6847.896,18.51417,0.41170034,18.683827613007935,18.683809732835044,0.0,0.0,0.0,0.0,0.0,0.0,1.7880173e-05,0.0
3732,6849.471,18.52681,0.40814322,18.679812956132462,18.679797680150312,0.0,0.0,0.0,0.0,0.0,0.0,1.5275982e-05,0.0
3733,6851.051,18.456263,0.40769988,18.67578925977402,18.67577622576725,0.0,0.0,0.0,0.0,0.0,0.0,1.3034007e-05,0.0
3734,6852.627,18.110676,0.40206537,18.671776375141462,18.67176525986747,0.0,0.0,0.0,0.0,0.0,0.0,1.1115274e-05,0.0
3735,6854.2065,17.661776,0.40319636,18.667756852965304,18.667747385478343,0.0,0.0,0.0,0.0,0.0,0.0,9.467487e-06,0.0
3736,6855.7837,18.954922,0.4210385,18.663745566055823,18.663737507068745,0.0,0.0,0.0,0.0,0.0,0.0,8.058987e-06,0.0
3737,6857.361,18.352592,0.4204793,18.6597362661412,18.65972941204588,0.0,0.0,0.0,0.0,0.0,0.0,6.8540953e-06,0.0
3738,6858.942,17.654896,0.4108534,18.655719000590825,18.655713178661944,0.0,0.0,0.0,0.0,0.0,0.0,5.821929e-06,0.0
3739,6860.5205,18.181278,0.42208046,18.65170987482314,18.65170493266622,0.0,0.0,0.0,0.0,0.0,0.0,4.942157e-06,0.0
3740,6862.102,18.833902,0.41489872,18.647695226371756,18.64769103597178,0.0,0.0,0.0,0.0,0.0,0.0,4.1904e-06,0.0
3741,6863.681,18.025259,0.39842907,18.643688670640515,18.643685119835183,0.0,0.0,0.0,0.0,0.0,0.0,3.5508053e-06,0.0
3742,6865.263,18.030756,0.4043105,18.639676563603608,18.63967355831138,0.0,0.0,0.0,0.0,0.0,0.0,3.0052922e-06,0.0
3743,6866.8423,18.446106,0.42130566,18.635673749992876,18.63567120783172,0.0,0.0,0.0,0.0,0.0,0.0,2.5421612e-06,0.0
3744,6868.423,18.39629,0.40359044,18.631669074641216,18.63166692644588,0.0,0.0,0.0,0.0,0.0,0.0,2.1481953e-06,0.0
3745,6870.0063,18.24902,0.40821397,18.627658822414283,18.62765700927975,0.0,0.0,0.0,0.0,0.0,0.0,1.8131345e-06,0.0
3746,6871.5874,18.166557,0.40120426,18.62365658667785,18.623655057277244,0.0,0.0,0.0,0.0,0.0,0.0,1.5294006e-06,0.0
3747,6873.1714,17.787416,0.39779374,18.619648763324612,18.6196474747914,0.0,0.0,0.0,0.0,0.0,0.0,1.2885332e-06,0.0
3748,6874.752,18.146458,0.40642357,18.615651404829737,18.615650319774023,0.0,0.0,0.0,0.0,0.0,0.0,1.0850557e-06,0.0
3749,6876.338,18.292896,0.40604177,18.61164227970184,18.61164136732205,0.0,0.0,0.0,0.0,0.0,0.0,9.123798e-07,0.0
3750,6877.92,18.252192,0.41877446,18.607644836929833,18.607644070090114,0.0,0.0,0.0,0.0,0.0,0.0,7.668397e-07,0.0
3751,6879.5024,18.189735,0.42192462,18.603647961423047,18.603647317503242,0.0,0.0,0.0,0.0,0.0,0.0,6.439198e-07,0.0
3752,6881.0884,18.201674,0.4179659,18.599644255861406,18.599643715836365,0.0,0.0,0.0,0.0,0.0,0.0,5.4002504e-07,0.0
3753,6882.671,18.389326,0.42395267,18.595650973462714,18.59565052079208,0.0,0.0,0.0,0.0,0.0,0.0,4.5267063e-07,0.0
3754,6884.259,18.726212,0.4547533,18.591645935772803,18.591645556886604,0.0,0.0,0.0,0.0,0.0,0.0,3.788862e-07,0.0
3755,6885.842,18.310923,0.4470091,18.58765500307968,18.587654686054638,0.0,0.0,0.0,0.0,0.0,0.0,3.1702504e-07,0.0
3756,6887.43,17.878323,0.42686293,18.58365232198626,18.58365205711554,0.0,0.0,0.0,0.0,0.0,0.0,2.6487072e-07,0.0
3757,6889.0146,18.166094,0.44651732,18.579661270938793,18.579661049738213,0.0,0.0,0.0,0.0,0.0,0.0,2.2120058e-07,0.0
3758,6890.599,18.400318,0.47128513,18.575672001564765,18.575671816995932,0.0,0.0,0.0,0.0,0.0,0.0,1.8456883e-07,0.0
3759,6892.188,17.479864,0.44029766,18.57167345473886,18.571673300947655,0.0,0.0,0.0,0.0,0.0,0.0,1.537912e-07,0.0
3760,6893.774,17.881466,0.4374902,18.56768406293527,18.567683934859005,0.0,0.0,0.0,0.0,0.0,0.0,1.2807627e-07,0.0
3761,6895.364,18.434668,0.45543107,18.56368663014393,18.5636865236246,0.0,0.0,0.0,0.0,0.0,0.0,1.0651933e-07,0.0
3762,6896.9497,17.861975,0.5055968,18.55970079789649,18.559700709343453,0.0,0.0,0.0,0.0,0.0,0.0,8.855304e-08,0.0
3763,6898.5396,18.099274,0.9145143,18.555706929779014,18.55570685626018,0.0,0.0,0.0,0.0,0.0,0.0,7.3518834e-08,0.0
3764,6900.1274,19.217577,1.4519016,18.55171974680988,18.55171968581236,0.0,0.0,0.0,0.0,0.0,0.0,6.099752e-08,0.0
3765,6901.715,18.448298,1.5575578,18.54773556507259,18.547735514505412,0.0,0.0,0.0,0.0,0.0,0.0,5.0567177e-08,0.0
3766,6903.306,17.70523,2.299077,18.54374335903693,18.54374331717288,0.0,0.0,0.0,0.0,0.0,0.0,4.1864052e-08,0.0
3767,6904.894,17.203838,1.5875276,18.539761502719955,18.539761468077458,0.0,0.0,0.0,0.0,0.0,0.0,3.4642497e-08,0.0
3768,6906.4863,17.489737,1.9212685,18.535770405387105,18.53577037676077,0.0,0.0,0.0,0.0,0.0,0.0,2.8626337e-08,0.0
3769,6908.0757,17.015676,0.97008604,18.531788426405036,18.531788402762647,0.0,0.0,0.0,0.0,0.0,0.0,2.3642388e-08,0.0
3770,6909.668,16.252645,0.7198729,18.52780088429592,18.527800864793804,0.0,0.0,0.0,0.0,0.0,0.0,1.9502115e-08,0.0
3771,6911.258,18.075157,1.4193336,18.523821229307714,18.5238212132303,0.0,0.0,0.0,0.0,0.0,0.0,1.6077413e-08,0.0
3772,6912.8477,20.025467,2.3158867,18.51984334477885,18.519843331536386,0.0,0.0,0.0,0.0,0.0,0.0,1.3242461e-08,0.0
3773,6914.4414,18.529226,1.3143078,18.515857462268475,18.515857451375897,0.0,0.0,0.0,0.0,0.0,0.0,1.08925775e-08,0.0
3774,6916.032,17.962929,0.57236296,18.511880678438217,18.511880669483233,0.0,0.0,0.0,0.0,0.0,0.0,8.954984e-09,0.0
3775,6917.6274,18.308416,0.5352307,18.50789468514835,18.507894677796806,0.0,0.0,0.0,0.0,0.0,0.0,7.351544e-09,0.0
3776,6919.2188,17.958967,0.5641618,18.503920223277866,18.503920217245064,0.0,0.0,0.0,0.0,0.0,0.0,6.032803e-09,0.0
3777,6920.814,17.616114,0.6645674,18.49993777903234,18.499937774088494,0.0,0.0,0.0,0.0,0.0,0.0,4.943846e-09,0.0
3778,6922.4062,18.358936,0.91753286,18.49596441868137,18.495964414632034,0.0,0.0,0.0,0.0,0.0,0.0,4.049336e-09,0.0
3779,6924.003,18.731934,0.78169364,18.491981866709153,18.491981863397235,0.0,0.0,0.0,0.0,0.0,0.0,3.3119196e-09,0.0
3780,6925.5957,17.385817,0.64475745,18.48801082710498,18.48801082439726,0.0,0.0,0.0,0.0,0.0,0.0,2.707718e-09,0.0
3781,6927.1895,16.149017,0.6694921,18.48403912013703,18.484039117925512,0.0,0.0,0.0,0.0,0.0,0.0,2.2115183e-09,0.0
3782,6928.786,16.867971,0.61459863,18.480061883803792,18.480061881999823,0.0,0.0,0.0,0.0,0.0,0.0,1.8039699e-09,0.0
3783,6930.3794,18.304682,0.5181303,18.476094927727072,18.476094926256206,0.0,0.0,0.0,0.0,0.0,0.0,1.4708668e-09,0.0
3784,6931.9785,17.036827,0.49184388,18.472115155719123,18.47211515452182,0.0,0.0,0.0,0.0,0.0,0.0,1.1973035e-09,0.0
3785,6933.5728,17.178724,0.5218099,18.468149302545275,18.468149301570904,0.0,0.0,0.0,0.0,0.0,0.0,9.743705e-10,0.0
3786,6935.1724,17.285713,0.56580037,18.464171860025896,18.464171859234206,0.0,0.0,0.0,0.0,0.0,0.0,7.916893e-10,0.0
3787,6936.767,17.436968,0.57276165,18.460208324198316,18.46020832355522,0.0,0.0,0.0,0.0,0.0,0.0,6.4309524e-10,0.0
3788,6938.3633,17.746458,0.5613137,18.45624291171515,18.45624291119332,0.0,0.0,0.0,0.0,0.0,0.0,5.218295e-10,0.0
3789,6939.9634,17.318386,0.49044725,18.45226956511154,18.452269564688702,0.0,0.0,0.0,0.0,0.0,0.0,4.2283554e-10,0.0
3790,6941.559,17.713938,0.47160548,18.448308894799506,18.448308894456993,0.0,0.0,0.0,0.0,0.0,0.0,3.4251407e-10,0.0
3791,6943.1606,17.581404,0.49923745,18.444335450945786,18.444335450668795,0.0,0.0,0.0,0.0,0.0,0.0,2.7698935e-10,0.0
3792,6944.7573,17.97888,0.55413383,18.440375885122066,18.44037588489812,0.0,0.0,0.0,0.0,0.0,0.0,2.239456e-10,0.0
3793,6946.359,17.917622,0.6260077,18.436405978602586,18.436405978421806,0.0,0.0,0.0,0.0,0.0,0.0,1.8078096e-10,0.0
3794,6947.957,16.686008,0.9079508,18.43244630835411,18.432446308208235,0.0,0.0,0.0,0.0,0.0,0.0,1.4587269e-10,0.0
3795,6949.555,15.279651,3.012789,18.4284883989398,18.428488398822196,0.0,0.0,0.0,0.0,0.0,0.0,1.1760029e-10,0.0
3796,6951.158,13.754576,6.9386115,18.424520164637727,18.424520164543065,0.0,0.0,0.0,0.0,0.0,0.0,9.466045e-11,0.0
3797,6952.757,14.822656,4.8167305,18.42056457078179,18.420564570705615,0.0,0.0,0.0,0.0,0.0,0.0,7.617258e-11,0.0
3798,6954.36,15.347728,1.6892862,18.416599868868524,18.41659986880732,0.0,0.0,0.0,0.0,0.0,0.0,6.120429e-11,0.0
3799,6955.96,16.245138,0.7961786,18.41264417481718,18.41264417476803,0.0,0.0,0.0,0.0,0.0,0.0,4.915315e-11,0.0
3800,6957.564,17.935993,0.5659289,18.408680589530444,18.408680589491027,0.0,0.0,0.0,0.0,0.0,0.0,3.9418368e-11,0.0
3801,6959.1646,17.96023,0.5851337,18.40472721118706,18.40472721115546,0.0,0.0,0.0,0.0,0.0,0.0,3.159825e-11,0.0
3802,6960.7656,18.099676,0.5048218,18.400774385495616,18.40077438547031,0.0,0.0,0.0,0.0,0.0,0.0,2.53052e-11,0.0
3803,6962.371,18.107801,0.4467807,18.39681247533776,18.396812475317525,0.0,0.0,0.0,0.0,0.0,0.0,2.0234914e-11,0.0
3804,6963.9727,17.71395,0.43538374,18.392861964657875,18.3928619646417,0.0,0.0,0.0,0.0,0.0,0.0,1.6174891e-11,0.0
3805,6965.5786,17.940418,0.45973048,18.388902377860614,18.388902377847703,0.0,0.0,0.0,0.0,0.0,0.0,1.2909924e-11,0.0
3806,6967.1807,18.342121,0.49241328,18.384954180653672,18.384954180643373,0.0,0.0,0.0,0.0,0.0,0.0,1.0300465e-11,0.0
3807,6968.7876,17.618954,0.6129445,18.380995713121504,18.380995713113297,0.0,0.0,0.0,0.0,0.0,0.0,8.205405e-12,0.0
3808,6970.391,19.175718,0.7852222,18.377047424358366,18.377047424351833,0.0,0.0,0.0,0.0,0.0,0.0,6.533764e-12,0.0
3809,6971.995,18.273138,0.6324593,18.373099690114422,18.373099690109225,0.0,0.0,0.0,0.0,0.0,0.0,5.197648e-12,0.0
3810,6973.6025,17.535944,0.46826226,18.36914530514834,18.36914530514421,0.0,0.0,0.0,0.0,0.0,0.0,4.1290383e-12,0.0
3811,6975.207,17.85972,0.4719804,18.365199884811634,18.365199884808355,0.0,0.0,0.0,0.0,0.0,0.0,3.278553e-12,0.0
3812,6976.8154,18.021435,0.48220962,18.36124662005913,18.36124662005653,0.0,0.0,0.0,0.0,0.0,0.0,2.5994474e-12,0.0
3813,6978.4204,17.564327,0.4582974,18.35730351262224,18.35730351262018,0.0,0.0,0.0,0.0,0.0,0.0,2.0601715e-12,0.0
3814,6980.0303,18.45965,0.469157,18.35335017040099,18.35335017039936,0.0,0.0,0.0,0.0,0.0,0.0,1.6301526e-12,0.0
3815,6981.6353,16.98415,0.65149415,18.349410573661036,18.349410573659746,0.0,0.0,0.0,0.0,0.0,0.0,1.2896454e-12,0.0
3816,6983.242,17.023153,0.99129075,18.345467936871064,18.345467936870044,0.0,0.0,0.0,0.0,0.0,0.0,1.019052e-12,0.0
3817,6984.8516,17.729753,0.8913228,18.341521068038503,18.3415210680377,0.0,0.0,0.0,0.0,0.0,0.0,8.0422285e-13,0.0
3818,6986.4585,17.400908,0.5612029,18.337581940701693,18.337581940701057,0.0,0.0,0.0,0.0,0.0,0.0,6.343412e-13,0.0
3819,6988.0703,17.446173,0.5376215,18.333632603581574,18.333632603581073,0.0,0.0,0.0,0.0,0.0,0.0,4.9952956e-13,0.0
3820,6989.6777,18.13111,0.610205,18.32969578801159,18.329695788011197,0.0,0.0,0.0,0.0,0.0,0.0,3.932709e-13,0.0
3821,6991.2886,18.573761,0.5431252,18.325752357229852,18.325752357229543,0.0,0.0,0.0,0.0,0.0,0.0,3.0917798e-13,0.0
3822,6992.8975,18.76578,0.47104853,18.321815461200693,18.32181546120045,0.0,0.0,0.0,0.0,0.0,0.0,2.4291924e-13,0.0
3823,6994.5063,18.678293,0.47350648,18.317880316312507,18.317880316312316,0.0,0.0,0.0,0.0,0.0,0.0,1.9068769e-13,0.0
3824,6996.1196,19.284414,0.9468297,18.31393618006013,18.31393618005998,0.0,0.0,0.0,0.0,0.0,0.0,1.4945167e-13,0.0
3825,6997.7285,20.906261,4.19704,18.310004538685607,18.31000453868549,0.0,0.0,0.0,0.0,0.0,0.0,1.1710522e-13,0.0
3826,6999.342,18.620657,4.6539717,18.306063913143852,18.30606391314376,0.0,0.0,0.0,0.0,0.0,0.0,9.161554e-14,0.0
3827,7000.9526,17.231962,1.8534567,18.30213100300361,18.302131003003538,0.0,0.0,0.0,0.0,0.0,0.0,7.163607e-14,0.0
3828,7002.5664,17.333776,0.5917928,18.298192694201457,18.2981926942014,0.0,0.0,0.0,0.0,0.0,0.0,5.593748e-14,0.0
3829,7004.178,17.797096,0.51996213,18.294260903360318,18.294260903360275,0.0,0.0,0.0,0.0,0.0,0.0,4.3652988e-14,0.0
3830,7005.7896,17.977497,0.50974774,18.290332052048186,18.29033205204815,0.0,0.0,0.0,0.0,0.0,0.0,3.403786e-14,0.0
3831,7007.404,17.967047,0.47976905,18.286397809130587,18.286397809130563,0.0,0.0,0.0,0.0,0.0,0.0,2.6504664e-14,0.0
3832,7009.0166,17.47164,0.5448254,18.28246888609011,18.28246888609009,0.0,0.0,0.0,0.0,0.0,0.0,2.0624537e-14,0.0
3833,7010.633,18.108746,1.1180898,18.278533389907953,18.278533389907935,0.0,0.0,0.0,0.0,0.0,0.0,1.6025868e-14,0.0
3834,7012.2456,18.02316,1.895425,18.274607965005874,18.27460796500586,0.0,0.0,0.0,0.0,0.0,0.0,1.244796e-14,0.0
3835,7013.863,17.080862,1.2656507,18.270673596711113,18.270673596711102,0.0,0.0,0.0,0.0,0.0,0.0,9.65337e-15,0.0
3836,7015.476,16.81592,0.6354896,18.266750479159846,18.26675047915984,0.0,0.0,0.0,0.0,0.0,0.0,7.483974e-15,0.0
3837,7017.0903,17.984941,0.47521472,18.26282673257114,18.26282673257113,0.0,0.0,0.0,0.0,0.0,0.0,5.795932e-15,0.0
3838,7018.708,18.045538,0.48270136,18.2588964286158,18.258896428615795,0.0,0.0,0.0,0.0,0.0,0.0,4.482133e-15,0.0
3839,7020.3228,17.900122,0.49811113,18.254974989167515,18.25497498916751,0.0,0.0,0.0,0.0,0.0,0.0,3.4645943e-15,0.0
3840,7021.942,18.492805,0.49830085,18.25104462842575,18.251044628425745,0.0,0.0,0.0,0.0,0.0,0.0,2.6737506e-15,0.0
3841,7023.557,17.632095,0.9643853,18.24712549562057,18.247125495620566,0.0,0.0,0.0,0.0,0.0,0.0,2.0628304e-15,0.0
3842,7025.177,16.235634,2.9532597,18.24319744971479,18.24319744971479,0.0,0.0,0.0,0.0,0.0,0.0,1.5889322e-15,0.0
3843,7026.793,18.149094,1.9620328,18.23927943857427,18.23927943857427,0.0,0.0,0.0,0.0,0.0,0.0,1.22346e-15,0.0
3844,7028.409,17.800772,2.6652794,18.23536316966351,18.23536316966351,0.0,0.0,0.0,0.0,0.0,0.0,9.411922e-16,0.0
3845,7030.0303,17.977272,0.7949832,18.23143681807604,18.23143681807604,0.0,0.0,0.0,0.0,0.0,0.0,7.2281345e-16,0.0
3846,7031.647,18.583258,0.5279215,18.227522853508482,18.227522853508482,0.0,0.0,0.0,0.0,0.0,0.0,5.549936e-16,0.0
3847,7033.269,18.406084,0.46377409,18.22359763416908,18.22359763416908,0.0,0.0,0.0,0.0,0.0,0.0,4.2537582e-16,0.0
3848,7034.8867,18.069279,0.46349382,18.21968479212243,18.21968479212243,0.0,0.0,0.0,0.0,0.0,0.0,3.2596533e-16,0.0
3849,7036.5093,19.05628,0.4998722,18.21576188689236,18.21576188689236,0.0,0.0,0.0,0.0,0.0,0.0,2.4935872e-16,0.0
3850,7038.128,18.30431,0.53946435,18.211850168440606,18.211850168440606,0.0,0.0,0.0,0.0,0.0,0.0,1.9070485e-16,0.0
3851,7039.747,19.124468,0.59206426,18.207939010023814,18.207939010023814,0.0,0.0,0.0,0.0,0.0,0.0,1.4570178e-16,0.0
3852,7041.3696,18.1033,0.5944878,18.204021339880203,18.204021339880203,0.0,0.0,0.0,0.0,0.0,0.0,1.1115359e-16,0.0
3853,7042.99,16.516056,0.8692675,18.200110127709145,18.200110127709145,0.0,0.0,0.0,0.0,0.0,0.0,8.474785e-17,0.0
3854,7044.6143,16.65419,1.3451477,18.19619241195384,18.19619241195384,0.0,0.0,0.0,0.0,0.0,0.0,6.4518526e-17,0.0
3855,7046.235,17.765388,0.9921824,18.19228468212388,18.19228468212388,0.0,0.0,0.0,0.0,0.0,0.0,4.9101084e-17,0.0
3856,7047.8594,19.228298,0.5700139,18.18836927710195,18.18836927710195,0.0,0.0,0.0,0.0,0.0,0.0,3.7308992e-17,0.0
3857,7049.481,18.807287,0.46922067,18.18446267329015,18.18446267329015,0.0,0.0,0.0,0.0,0.0,0.0,2.833688e-17,0.0
3858,7051.107,19.694561,0.4727023,18.180547226864558,18.180547226864558,0.0,0.0,0.0,0.0,0.0,0.0,2.1486625e-17,0.0
3859,7052.729,19.916466,0.4831371,18.176642926201016,18.176642926201016,0.0,0.0,0.0,0.0,0.0,0.0,1.6288212e-17,0.0
3860,7054.3516,18.601622,0.54654986,18.172739187054717,18.172739187054717,0.0,0.0,0.0,0.0,0.0,0.0,1.2335155e-17,0.0
3861,7055.9775,19.32029,1.082373,18.168828965944964,18.168828965944964,0.0,0.0,0.0,0.0,0.0,0.0,9.3274515e-18,0.0
3862,7057.601,20.33128,1.5560043,18.164926354153046,18.164926354153046,0.0,0.0,0.0,0.0,0.0,0.0,7.049572e-18,0.0
3863,7059.229,19.59506,1.1422023,18.161014921589516,18.161014921589516,0.0,0.0,0.0,0.0,0.0,0.0,5.3190236e-18,0.0
3864,7060.852,18.834257,0.62160087,18.157116957005424,18.157116957005424,0.0,0.0,0.0,0.0,0.0,0.0,4.0130188e-18,0.0
3865,7062.4805,18.499804,0.5260927,18.15320783387762,18.15320783387762,0.0,0.0,0.0,0.0,0.0,0.0,3.0220529e-18,0.0
3866,7064.1055,18.710846,0.5327981,18.149308652879707,18.149308652879707,0.0,0.0,0.0,0.0,0.0,0.0,2.2750645e-18,0.0
3867,7065.73,19.61017,0.5123438,18.14541237680661,18.14541237680661,0.0,0.0,0.0,0.0,0.0,0.0,1.7112859e-18,0.0
3868,7067.36,18.71401,0.48856124,18.141504959010213,18.141504959010213,0.0,0.0,0.0,0.0,0.0,0.0,1.284812e-18,0.0
3869,7068.9854,19.337715,0.5302596,18.137609811612414,18.137609811612414,0.0,0.0,0.0,0.0,0.0,0.0,9.644812e-19,0.0
3870,7070.615,19.765268,0.5644538,18.133705872262205,18.133705872262205,0.0,0.0,0.0,0.0,0.0,0.0,7.2278473e-19,0.0
3871,7072.242,19.269268,0.5148497,18.129810685297574,18.129810685297574,0.0,0.0,0.0,0.0,0.0,0.0,5.414357e-19,0.0
3872,7073.873,18.732372,0.49311256,18.125907884774183,18.125907884774183,0.0,0.0,0.0,0.0,0.0,0.0,4.0493389e-19,0.0
3873,7075.5005,18.837852,0.5236584,18.122014997848236,18.122014997848236,0.0,0.0,0.0,0.0,0.0,0.0,3.0274973e-19,0.0
3874,7077.1284,18.30561,0.49997535,18.11812267480532,18.11812267480532,0.0,0.0,0.0,0.0,0.0,0.0,2.2612285e-19,0.0
3875,7078.7603,17.672695,0.48979223,18.114222749246427,18.114222749246427,0.0,0.0,0.0,0.0,0.0,0.0,1.686162e-19,0.0
3876,7080.3887,18.214672,0.6393823,18.110332724934697,18.110332724934697,0.0,0.0,0.0,0.0,0.0,0.0,1.2569414e-19,0.0
3877,7082.0215,17.918259,0.86269325,18.106433939470087,18.106433939470087,0.0,0.0,0.0,0.0,0.0,0.0,9.3537745e-20,0.0
3878,7083.65,16.943825,0.809482,18.102547377968854,18.102547377968854,0.0,0.0,0.0,0.0,0.0,0.0,6.959865e-20,0.0
3879,7085.284,18.203836,0.56829506,18.098648568493065,18.098648568493065,0.0,0.0,0.0,0.0,0.0,0.0,5.168326e-20,0.0
3880,7086.914,17.310373,0.51581305,18.094761974411757,18.094761974411757,0.0,0.0,0.0,0.0,0.0,0.0,3.8374783e-20,0.0
3881,7088.545,18.306112,0.54982936,18.090874781281062,18.090874781281062,0.0,0.0,0.0,0.0,0.0,0.0,2.8461637e-20,0.0
3882,7090.1787,17.879118,0.6719268,18.086982338827365,18.086982338827365,0.0,0.0,0.0,0.0,0.0,0.0,2.1078323e-20,0.0
3883,7091.81,18.48789,1.3061537,18.08309744309248,18.08309744309248,0.0,0.0,0.0,0.0,0.0,0.0,1.560295e-20,0.0
3884,7093.446,19.947464,1.6366901,18.07920381689263,18.07920381689263,0.0,0.0,0.0,0.0,0.0,0.0,1.1529761e-20,0.0
3885,7095.077,17.46181,0.88274795,18.075322380036372,18.075322380036372,0.0,0.0,0.0,0.0,0.0,0.0,8.518849e-21,0.0
3886,7096.7134,18.911615,0.64502925,18.071431058707326,18.071431058707326,0.0,0.0,0.0,0.0,0.0,0.0,6.2826997e-21,0.0
3887,7098.346,18.025959,0.4935098,18.067549595175148,18.067549595175148,0.0,0.0,0.0,0.0,0.0,0.0,4.632148e-21,0.0
3888,7099.979,17.402046,0.47871813,18.063669857773057,18.063669857773057,0.0,0.0,0.0,0.0,0.0,0.0,3.4120417e-21,0.0
3889,7101.616,17.55206,0.5100048,18.05978141042877,18.05978141042877,0.0,0.0,0.0,0.0,0.0,0.0,2.5089141e-21,0.0
3890,7103.2495,17.592995,0.5119419,18.05590396751463,18.05590396751463,0.0,0.0,0.0,0.0,0.0,0.0,1.844468e-21,0.0
3891,7104.8877,17.810852,0.4715476,18.0520166642461,18.0520166642461,0.0,0.0,0.0,0.0,0.0,0.0,1.3534782e-21,0.0
3892,7106.5225,17.697216,0.4619172,18.048139198992775,18.048139198992775,0.0,0.0,0.0,0.0,0.0,0.0,9.929039e-22,0.0
3893,7108.161,17.775747,0.49206725,18.044254199202555,18.044254199202555,0.0,0.0,0.0,0.0,0.0,0.0,7.2716703e-22,0.0
3894,7109.797,17.169422,0.5496185,18.04037787204827,18.04037787204827,0.0,0.0,0.0,0.0,0.0,0.0,5.3235186e-22,0.0
3895,7111.432,16.925625,0.550675,18.036504425392263,18.036504425392263,0.0,0.0,0.0,0.0,0.0,0.0,3.8940118e-22,0.0
3896,7113.072,17.55838,0.49650258,18.03262229826704,18.03262229826704,0.0,0.0,0.0,0.0,0.0,0.0,2.8433286e-22,0.0
3897,7114.7085,17.670273,0.48108432,18.028748833070352,18.028748833070352,0.0,0.0,0.0,0.0,0.0,0.0,2.0753728e-22,0.0
3898,7116.3486,17.53326,0.47779378,18.024869007017397,18.024869007017397,0.0,0.0,0.0,0.0,0.0,0.0,1.5124094e-22,0.0
3899,7117.986,17.674393,0.46805584,18.020997835415617,18.020997835415617,0.0,0.0,0.0,0.0,0.0,0.0,1.1017513e-22,0.0
3900,7119.6274,17.798565,0.49145278,18.017118001316323,18.017118001316323,0.0,0.0,0.0,0.0,0.0,0.0,8.011629e-23,0.0
3901,7121.265,17.623362,0.6080469,18.01324912276144,18.01324912276144,0.0,0.0,0.0,0.0,0.0,0.0,5.8248113e-23,0.0
3902,7122.904,17.38771,0.817019,18.009379658846356,18.009379658846356,0.0,0.0,0.0,0.0,0.0,0.0,4.2301338e-23,0.0
3903,7124.546,17.481894,0.5776249,18.00550385034201,18.00550385034201,0.0,0.0,0.0,0.0,0.0,0.0,3.067095e-23,0.0
3904,7126.1846,17.23483,0.4747886,18.001637830881386,18.001637830881386,0.0,0.0,0.0,0.0,0.0,0.0,2.223222e-23,0.0
3905,7127.8286,17.512283,0.47438616,17.997760866873374,17.997760866873374,0.0,0.0,0.0,0.0,0.0,0.0,1.6083302e-23,0.0
3906,7129.468,17.193083,0.5048315,17.993897138573054,17.993897138573054,0.0,0.0,0.0,0.0,0.0,0.0,1.1635299e-23,0.0
3907,7131.112,17.849255,0.6471518,17.990023625878653,17.990023625878653,0.0,0.0,0.0,0.0,0.0,0.0,8.401397e-24,0.0
3908,7132.7524,19.122177,0.7994739,17.98615988731779,17.98615988731779,0.0,0.0,0.0,0.0,0.0,0.0,6.064749e-24,0.0
3909,7134.393,17.853638,0.64887273,17.982297866897856,17.982297866897856,0.0,0.0,0.0,0.0,0.0,0.0,4.3738606e-24,0.0
3910,7136.039,17.570847,0.53233635,17.97842492838029,17.97842492838029,0.0,0.0,0.0,0.0,0.0,0.0,3.1480551e-24,0.0
3911,7137.68,17.461073,0.5001137,17.974565198249824,17.974565198249824,0.0,0.0,0.0,0.0,0.0,0.0,2.2658852e-24,0.0
3912,7139.326,17.353624,0.48160926,17.970695707592714,17.970695707592714,0.0,0.0,0.0,0.0,0.0,0.0,1.6277907e-24,0.0
3913,7140.969,17.370586,0.46374974,17.966834824332995,17.966834824332995,0.0,0.0,0.0,0.0,0.0,0.0,1.1689747e-24,0.0
3914,7142.6147,17.455439,0.47174564,17.962969925524934,17.962969925524934,0.0,0.0,0.0,0.0,0.0,0.0,8.382793e-25,0.0
3915,7144.2583,17.361607,0.50386405,17.959111332461912,17.959111332461912,0.0,0.0,0.0,0.0,0.0,0.0,6.0080534e-25,0.0
3916,7145.902,17.129438,0.49762237,17.955254455547344,17.955254455547344,0.0,0.0,0.0,0.0,0.0,0.0,4.302009e-25,0.0
3917,7147.5493,17.119892,0.47742197,17.951390133070245,17.951390133070245,0.0,0.0,0.0,0.0,0.0,0.0,3.0750584e-25,0.0
3918,7149.1943,17.346916,0.46539328,17.94753325537434,17.94753325537434,0.0,0.0,0.0,0.0,0.0,0.0,2.1970587e-25,0.0
3919,7150.8423,17.433922,0.4978838,17.943671229109967,17.943671229109967,0.0,0.0,0.0,0.0,0.0,0.0,1.5673243e-25,0.0
3920,7152.4873,17.375633,0.48402527,17.939817784766692,17.939817784766692,0.0,0.0,0.0,0.0,0.0,0.0,1.1177047e-25,0.0
3921,7154.1377,17.634493,0.49437276,17.935953480493726,17.935953480493726,0.0,0.0,0.0,0.0,0.0,0.0,7.954335e-26,0.0
3922,7155.7827,17.813547,0.49078706,17.932103467408677,17.932103467408677,0.0,0.0,0.0,0.0,0.0,0.0,5.6617453e-26,0.0
3923,7157.429,17.56431,0.50400317,17.928251739379483,17.928251739379483,0.0,0.0,0.0,0.0,0.0,0.0,4.02493e-26,0.0
3924,7159.079,17.407993,0.48910448,17.92439373380135,17.92439373380135,0.0,0.0,0.0,0.0,0.0,0.0,2.8565753e-26,0.0
3925,7160.7266,17.223518,0.5088048,17.920543152155666,17.920543152155666,0.0,0.0,0.0,0.0,0.0,0.0,2.0264732e-26,0.0
3926,7162.378,17.076368,0.52426636,17.916685159303082,17.916685159303082,0.0,0.0,0.0,0.0,0.0,0.0,1.4350565e-26,0.0
3927,7164.0254,17.239704,0.51804346,17.91283800597396,17.91283800597396,0.0,0.0,0.0,0.0,0.0,0.0,1.0161179e-26,0.0
3928,7165.677,16.367046,0.52722114,17.908983447245838,17.908983447245838,0.0,0.0,0.0,0.0,0.0,0.0,7.182057e-27,0.0
3929,7167.326,17.453886,0.6819265,17.905135161736883,17.905135161736883,0.0,0.0,0.0,0.0,0.0,0.0,5.073663e-27,0.0
3930,7168.974,17.171778,0.701447,17.90129200374593,17.90129200374593,0.0,0.0,0.0,0.0,0.0,0.0,3.5819215e-27,0.0
3931,7170.628,16.48117,0.5529899,17.89743689825711,17.89743689825711,0.0,0.0,0.0,0.0,0.0,0.0,2.5232558e-27,0.0
3932,7172.2773,16.973745,0.5058936,17.893593748731433,17.893593748731433,0.0,0.0,0.0,0.0,0.0,0.0,1.7774463e-27,0.0
3933,7173.931,17.17297,0.5019428,17.889742075414635,17.889742075414635,0.0,0.0,0.0,0.0,0.0,0.0,1.2497123e-27,0.0
3934,7175.582,17.456215,0.66376495,17.885898937326683,17.885898937326683,0.0,0.0,0.0,0.0,0.0,0.0,8.7839055e-28,0.0
3935,7177.237,17.874935,0.8441612,17.882048421212197,17.882048421212197,0.0,0.0,0.0,0.0,0.0,0.0,6.1629214e-28,0.0
3936,7178.8877,17.836409,0.77070254,17.878208704805534,17.878208704805534,0.0,0.0,0.0,0.0,0.0,0.0,4.323505e-28,0.0
3937,7180.5435,17.084734,0.56433177,17.874359346319846,17.874359346319846,0.0,0.0,0.0,0.0,0.0,0.0,3.0270099e-28,0.0
3938,7182.195,16.624994,0.5251232,17.87052191357196,17.87052191357196,0.0,0.0,0.0,0.0,0.0,0.0,2.1192967e-28,0.0
3939,7183.847,17.521322,0.5819032,17.866683918802142,17.866683918802142,0.0,0.0,0.0,0.0,0.0,0.0,1.4820494e-28,0.0
3940,7185.504,17.138039,0.5720049,17.862837430071206,17.862837430071206,0.0,0.0,0.0,0.0,0.0,0.0,1.0344478e-28,0.0
3941,7187.1562,17.3827,0.49820888,17.859002852001264,17.859002852001264,0.0,0.0,0.0,0.0,0.0,0.0,7.220287e-29,0.0
3942,7188.8145,16.562769,0.63947755,17.855156389565888,17.855156389565888,0.0,0.0,0.0,0.0,0.0,0.0,5.0283976e-29,0.0
3943,7190.4683,16.237843,0.95710194,17.85132182942566,17.85132182942566,0.0,0.0,0.0,0.0,0.0,0.0,3.501907e-29,0.0
3944,7192.127,17.321815,0.96570176,17.847477660508336,17.847477660508336,0.0,0.0,0.0,0.0,0.0,0.0,2.4339123e-29,0.0
3945,7193.7812,17.388332,0.59235996,17.843645383508388,17.843645383508388,0.0,0.0,0.0,0.0,0.0,0.0,1.6916297e-29,0.0
3946,7195.436,16.897089,0.47714654,17.839813679904307,17.839813679904307,0.0,0.0,0.0,0.0,0.0,0.0,1.1744785e-29,0.0
3947,7197.0957,17.186392,0.48967326,17.83597238118132,17.83597238118132,0.0,0.0,0.0,0.0,0.0,0.0,8.137672e-30,0.0
3948,7198.7515,16.799757,0.64780194,17.8321418299667,17.8321418299667,0.0,0.0,0.0,0.0,0.0,0.0,5.637918e-30,0.0
3949,7200.411,16.856512,0.7229348,17.828303951138444,17.828303951138444,0.0,0.0,0.0,0.0,0.0,0.0,3.8989007e-30,0.0
3950,7202.0674,17.567057,0.59372145,17.824475681098725,17.824475681098725,0.0,0.0,0.0,0.0,0.0,0.0,2.6957493e-30,0.0
3951,7203.728,16.760313,0.6765751,17.820638962323507,17.820638962323507,0.0,0.0,0.0,0.0,0.0,0.0,1.8602665e-30,0.0
3952,7205.386,16.716406,1.1436838,17.816809590283107,17.816809590283107,0.0,0.0,0.0,0.0,0.0,0.0,1.2831929e-30,0.0
3953,7207.0435,17.501272,1.345057,17.812984175717,17.812984175717,0.0,0.0,0.0,0.0,0.0,0.0,8.844784e-31,0.0
3954,7208.705,17.427193,0.69806814,17.809150324521546,17.809150324521546,0.0,0.0,0.0,0.0,0.0,0.0,6.084633e-31,0.0
3955,7210.364,17.193285,0.5302602,17.805324936941478,17.805324936941478,0.0,0.0,0.0,0.0,0.0,0.0,4.184616e-31,0.0
3956,7212.0264,17.476143,0.5046914,17.801492247821336,17.801492247821336,0.0,0.0,0.0,0.0,0.0,0.0,2.8725988e-31,0.0
3957,7213.685,17.16395,0.49795523,17.797670265710458,17.797670265710458,0.0,0.0,0.0,0.0,0.0,0.0,1.9717923e-31,0.0
3958,7215.349,16.624266,0.51925117,17.7938376147135,17.7938376147135,0.0,0.0,0.0,0.0,0.0,0.0,1.3505162e-31,0.0
3959,7217.009,17.283802,0.6273671,17.79001678726623,17.79001678726623,0.0,0.0,0.0,0.0,0.0,0.0,9.2502113e-32,0.0
3960,7218.669,17.695393,0.8023963,17.786196535179307,17.786196535179307,0.0,0.0,0.0,0.0,0.0,0.0,6.329066e-32,0.0
3961,7220.3335,17.407215,0.72799844,17.782367875976913,17.782367875976913,0.0,0.0,0.0,0.0,0.0,0.0,4.3218798e-32,0.0
3962,7221.9946,17.12599,0.57880706,17.77854877966317,17.77854877966317,0.0,0.0,0.0,0.0,0.0,0.0,2.9507535e-32,0.0
3963,7223.6597,17.477808,0.56950647,17.774722406787244,17.774722406787244,0.0,0.0,0.0,0.0,0.0,0.0,2.0108427e-32,0.0
3964,7225.322,17.819483,0.61543727,17.770904467148032,17.770904467148032,0.0,0.0,0.0,0.0,0.0,0.0,1.3699267e-32,0.0
3965,7226.988,17.11612,0.56058216,17.767079258638528,17.767079258638528,0.0,0.0,0.0,0.0,0.0,0.0,9.31554e-33,0.0
3966,7228.651,17.401278,0.5008609,17.763262477070594,17.763262477070594,0.0,0.0,0.0,0.0,0.0,0.0,6.332806e-33,0.0
3967,7230.3135,17.404474,0.48762807,17.759448513031746,17.759448513031746,0.0,0.0,0.0,0.0,0.0,0.0,4.301401e-33,0.0
3968,7231.98,16.63685,0.4950343,17.75562728964703,17.75562728964703,0.0,0.0,0.0,0.0,0.0,0.0,2.9161634e-33,0.0
3969,7233.6445,17.351215,0.50918823,17.751812244060183,17.751812244060183,0.0,0.0,0.0,0.0,0.0,0.0,1.9760372e-33,0.0
3970,7235.312,17.143757,0.4942431,17.747992185518,17.747992185518,0.0,0.0,0.0,0.0,0.0,0.0,1.3367681e-33,0.0
3971,7236.977,17.639189,0.50291926,17.744179418347613,17.744179418347613,0.0,0.0,0.0,0.0,0.0,0.0,9.039507e-34,0.0
3972,7238.646,17.882557,0.50377554,17.74035940816467,17.74035940816467,0.0,0.0,0.0,0.0,0.0,0.0,6.1012427e-34,0.0
3973,7240.3105,17.32838,0.48527518,17.736551152542358,17.736551152542358,0.0,0.0,0.0,0.0,0.0,0.0,4.118303e-34,0.0
3974,7241.9766,16.996273,0.4781674,17.73274124044145,17.73274124044145,0.0,0.0,0.0,0.0,0.0,0.0,2.7761852e-34,0.0
3975,7243.646,17.82636,0.4864851,17.72892521168567,17.72892521168567,0.0,0.0,0.0,0.0,0.0,0.0,1.868128e-34,0.0
3976,7245.3125,17.030247,0.48250255,17.725117575489914,17.725117575489914,0.0,0.0,0.0,0.0,0.0,0.0,1.2567401e-34,0.0
3977,7246.9844,17.623148,0.4849159,17.72129936876792,17.72129936876792,0.0,0.0,0.0,0.0,0.0,0.0,8.435423e-35,0.0
3978,7248.651,17.473476,0.5014911,17.717495123244877,17.717495123244877,0.0,0.0,0.0,0.0,0.0,0.0,5.66375e-35,0.0
3979,7250.3228,17.083927,0.4922101,17.713680315825865,17.713680315825865,0.0,0.0,0.0,0.0,0.0,0.0,3.794203e-35,0.0
3980,7251.99,17.295868,0.5125505,17.70987722960843,17.70987722960843,0.0,0.0,0.0,0.0,0.0,0.0,2.541988e-35,0.0
3981,7253.6587,16.969786,0.50682634,17.7060736081842,17.7060736081842,0.0,0.0,0.0,0.0,0.0,0.0,1.7009941e-35,0.0
3982,7255.332,16.961636,0.59983665,17.70226055415682,17.70226055415682,0.0,0.0,0.0,0.0,0.0,0.0,1.1357984e-35,0.0
3983,7257.0,14.168935,1.346543,17.698461431305255,17.698461431305255,0.0,0.0,0.0,0.0,0.0,0.0,7.586393e-36,0.0
3984,7258.6733,14.534983,3.4622314,17.694651771063892,17.694651771063892,0.0,0.0,0.0,0.0,0.0,0.0,5.0557485e-36,0.0
3985,7260.3438,18.013271,2.1046717,17.69085047422807,17.69085047422807,0.0,0.0,0.0,0.0,0.0,0.0,3.3683943e-36,0.0
3986,7262.018,19.32599,1.2274154,17.687041984820617,17.687041984820617,0.0,0.0,0.0,0.0,0.0,0.0,2.2398663e-36,0.0
3987,7263.6885,16.427475,0.8264712,17.683244072427783,17.683244072427783,0.0,0.0,0.0,0.0,0.0,0.0,1.4893999e-36,0.0
3988,7265.3594,18.388006,1.0440174,17.67944673913297,17.67944673913297,0.0,0.0,0.0,0.0,0.0,0.0,9.892971e-37,0.0
3989,7267.0347,17.927803,0.90133816,17.67564111374324,17.67564111374324,0.0,0.0,0.0,0.0,0.0,0.0,6.557689e-37,0.0
3990,7268.7065,17.278353,0.5793478,17.671844943612342,17.671844943612342,0.0,0.0,0.0,0.0,0.0,0.0,4.3462557e-37,0.0
3991,7270.383,16.858284,0.57299066,17.668040489963968,17.668040489963968,0.0,0.0,0.0,0.0,0.0,0.0,2.8746506e-37,0.0
3992,7272.0547,16.522999,0.6076207,17.664247699273037,17.664247699273037,0.0,0.0,0.0,0.0,0.0,0.0,1.9015219e-37,0.0
3993,7273.7324,17.582424,0.7063734,17.66044331075648,17.66044331075648,0.0,0.0,0.0,0.0,0.0,0.0,1.254779e-37,0.0
3994,7275.406,17.023943,0.6920824,17.656650576992828,17.656650576992828,0.0,0.0,0.0,0.0,0.0,0.0,8.280935e-38,0.0
3995,7277.079,17.134537,0.6018966,17.65285952969744,17.65285952969744,0.0,0.0,0.0,0.0,0.0,0.0,5.459686e-38,0.0
3996,7278.7573,17.533737,0.594369,17.649059112824155,17.649059112824155,0.0,0.0,0.0,0.0,0.0,0.0,3.5917124e-38,0.0
3997,7280.4316,17.333376,0.54794633,17.645269229969372,17.645269229969372,0.0,0.0,0.0,0.0,0.0,0.0,2.3628442e-38,0.0
3998,7282.111,17.078989,0.523192,17.641469987068337,17.641469987068337,0.0,0.0,0.0,0.0,0.0,0.0,1.5509871e-38,0.0
3999,7283.786,17.811165,0.5508151,17.63768126999671,17.63768126999671,0.0,0.0,0.0,0.0,0.0,0.0,1.0180936e-38,0.0
4000,7285.4653,16.951658,0.5737544,17.63388540944671,17.63388540944671,0.0,0.0,0.0,0.0,0.0,0.0,6.669742e-39,0.0
4001,7287.142,17.193575,0.5755257,17.63009675548308,17.63009675548308,0.0,0.0,0.0,0.0,0.0,0.0,4.367926e-39,0.0
4002,7288.8174,17.057322,0.5411064,17.626313094519823,17.626313094519823,0.0,0.0,0.0,0.0,0.0,0.0,2.858732e-39,0.0
4003,7290.498,16.761528,0.521323,17.622518992295092,17.622518992295092,0.0,0.0,0.0,0.0,0.0,0.0,1.866633e-39,0.0
4004,7292.176,16.984037,0.5154405,17.61873319037959,17.61873319037959,0.0,0.0,0.0,0.0,0.0,0.0,1.218533e-39,0.0
4005,7293.857,17.057734,0.5069137,17.61494136490307,17.61494136490307,0.0,0.0,0.0,0.0,0.0,0.0,7.93972e-40,0.0
4006,7295.5347,17.33749,0.5090982,17.61115893312912,17.61115893312912,0.0,0.0,0.0,0.0,0.0,0.0,5.17291e-40,0.0
4007,7297.2183,17.021006,0.52628636,17.607364981935692,17.607364981935692,0.0,0.0,0.0,0.0,0.0,0.0,3.36197e-40,0.0
4008,7298.8965,16.946987,0.6151935,17.603584818598993,17.603584818598993,0.0,0.0,0.0,0.0,0.0,0.0,2.18596e-40,0.0
4009,7300.5747,16.695993,1.1331164,17.599806335620432,17.599806335620432,0.0,0.0,0.0,0.0,0.0,0.0,1.41971e-40,0.0
4010,7302.2593,16.28603,0.9959027,17.596015249790383,17.596015249790383,0.0,0.0,0.0,0.0,0.0,0.0,9.1957e-41,0.0
4011,7303.939,16.938747,0.6493719,17.59223683607904,17.59223683607904,0.0,0.0,0.0,0.0,0.0,0.0,5.9592e-41,0.0
4012,7305.623,17.296944,0.5417551,17.588450223466115,17.588450223466115,0.0,0.0,0.0,0.0,0.0,0.0,3.8544e-41,0.0
4013,7307.3037,17.388039,0.5255776,17.584672978475275,17.584672978475275,0.0,0.0,0.0,0.0,0.0,0.0,2.4911e-41,0.0
4014,7308.989,16.831656,0.52279913,17.58088754306066,17.58088754306066,0.0,0.0,0.0,0.0,0.0,0.0,1.6066e-41,0.0
4015,7310.6704,16.988964,0.5333328,17.577111468106636,17.577111468106636,0.0,0.0,0.0,0.0,0.0,0.0,1.0389e-41,0.0
4016,7312.356,17.836325,0.53312284,17.573328306887333,17.573328306887333,0.0,0.0,0.0,0.0,0.0,0.0,6.681e-42,0.0
4017,7314.038,17.062109,0.5907504,17.56955449799646,17.56955449799646,0.0,0.0,0.0,0.0,0.0,0.0,4.287e-42,0.0
4018,7315.7207,16.777437,0.92165905,17.56578127234798,17.56578127234798,0.0,0.0,0.0,0.0,0.0,0.0,2.78e-42,0.0
4019,7317.4077,19.812511,2.3277497,17.561999876452898,17.561999876452898,0.0,0.0,0.0,0.0,0.0,0.0,1.777e-42,0.0
4020,7319.091,18.792267,3.5868945,17.558228915907655,17.558228915907655,0.0,0.0,0.0,0.0,0.0,0.0,1.12e-42,0.0
4021,7320.7793,16.855368,1.9017782,17.55444760608402,17.55444760608402,0.0,0.0,0.0,0.0,0.0,0.0,7.34e-43,0.0
4022,7322.4624,17.676134,0.8045573,17.550680002764633,17.550680002764633,0.0,0.0,0.0,0.0,0.0,0.0,4.64e-43,0.0
4023,7324.152,17.048382,0.58445114,17.54689987404742,17.54689987404742,0.0,0.0,0.0,0.0,0.0,0.0,3.08e-43,0.0
4024,7325.837,17.544268,0.56643474,17.543131257217507,17.543131257217507,0.0,0.0,0.0,0.0,0.0,0.0,1.93e-43,0.0
4025,7327.5215,17.392836,0.5808967,17.539365407558936,17.539365407558936,0.0,0.0,0.0,0.0,0.0,0.0,1.16e-43,0.0
4026,7329.2114,17.377851,0.5979515,17.535589232618673,17.535589232618673,0.0,0.0,0.0,0.0,0.0,0.0,7.7e-44,0.0
4027,7330.898,17.318254,0.58704036,17.531822373342727,17.531822373342727,0.0,0.0,0.0,0.0,0.0,0.0,3.9e-44,0.0
4028,7332.588,16.93905,0.5928829,17.52804956049125,17.52804956049125,0.0,0.0,0.0,0.0,0.0,0.0,3.9e-44,0.0
4029,7334.275,17.218954,0.95682573,17.52428496487232,17.52428496487232,0.0,0.0,0.0,0.0,0.0,0.0,3.9e-44,0.0
4030,7335.9663,18.28417,1.3411111,17.520512243414814,17.520512243414814,0.0,0.0,0.0,0.0,0.0,0.0,0.0,0.0
4031,7337.6533,16.096554,0.8958421,17.51675099919791,17.51675099919791,0.0,0.0,0.0,0.0,0.0,0.0,0.0,0.0
4032,7339.342,16.538628,0.63177454,17.51298816307198,17.51298816307198,0.0,0.0,0.0,0.0,0.0,0.0,0.0,0.0
4033,7341.034,17.184908,0.58137864,17.50921830112796,17.50921830112796,0.0,0.0,0.0,0.0,0.0,0.0,0.0,0.0
4034,7342.723,16.004736,0.5540584,17.505457728000778,17.505457728000778,0.0,0.0,0.0,0.0,0.0,0.0,0.0,0.0
4035,7344.416,17.744898,0.57384217,17.50169013550669,17.50169013550669,0.0,0.0,0.0,0.0,0.0,0.0,0.0,0.0
4036,7346.1055,17.666536,0.5755381,17.49793182375631,17.49793182375631,0.0,0.0,0.0,0.0,0.0,0.0,0.0,0.0
4037,7347.8003,14.732633,0.95541215,17.494163242608213,17.494163242608213,0.0,0.0,0.0,0.0,0.0,0.0,0.0,0.0
4038,7349.49,16.352913,2.150873,17.49040719206169,17.49040719206169,0.0,0.0,0.0,0.0,0.0,0.0,0.0,0.0
4039,7351.181,18.919012,2.3730602,17.48665064218667,17.48665064218667,0.0,0.0,0.0,0.0,0.0,0.0,0.0,0.0
4040,7352.876,17.546402,1.3958435,17.482887090490703,17.482887090490703,0.0,0.0,0.0,0.0,0.0,0.0,0.0,0.0
4041,7354.5674,16.164717,0.73117536,17.479132800836794,17.479132800836794,0.0,0.0,0.0,0.0,0.0,0.0,0.0,0.0
4042,7356.263,16.977842,0.6304964,17.475370432711106,17.475370432711106,0.0,0.0,0.0,0.0,0.0,0.0,0.0,0.0
4043,7357.956,16.381315,0.60800546,17.471616236945,17.471616236945,0.0,0.0,0.0,0.0,0.0,0.0,0.0,0.0
4044,7359.653,16.55211,0.5822653,17.467855054135743,17.467855054135743,0.0,0.0,0.0,0.0,0.0,0.0,0.0,0.0
4045,7361.3457,17.364233,0.5896541,17.464104200830803,17.464104200830803,0.0,0.0,0.0,0.0,0.0,0.0,0.0,0.0
4046,7363.039,17.040081,0.58628327,17.460353933988884,17.460353933988884,0.0,0.0,0.0,0.0,0.0,0.0,0.0,0.0
4047,7364.737,16.064962,0.5793004,17.45659560856719,17.45659560856719,0.0,0.0,0.0,0.0,0.0,0.0,0.0,0.0
4048,7366.431,17.92555,0.5954698,17.452846519447746,17.452846519447746,0.0,0.0,0.0,0.0,0.0,0.0,0.0,0.0
4049,7368.13,15.075101,0.7337116,17.449089380077233,17.449089380077233,0.0,0.0,0.0,0.0,0.0,0.0,0.0,0.0
4050,7369.825,16.713516,1.3504384,17.445341469939716,17.445341469939716,0.0,0.0,0.0,0.0,0.0,0.0,0.0,0.0
4051,7371.525,18.23791,1.8791943,17.441585517871825,17.441585517871825,0.0,0.0,0.0,0.0,0.0,0.0,0.0,0.0
4052,7373.22,15.078391,1.9497283,17.43784094450411,17.43784094450411,0.0,0.0,0.0,0.0,0.0,0.0,0.0,0.0
4053,7374.9165,15.4496975,2.1445034,17.434095880100788,17.434095880100788,0.0,0.0,0.0,0.0,0.0,0.0,0.0,0.0
4054,7376.6177,16.900791,1.2525203,17.430341707960224,17.430341707960224,0.0,0.0,0.0,0.0,0.0,0.0,0.0,0.0
4055,7378.314,13.982924,0.8104011,17.426599977887268,17.426599977887268,0.0,0.0,0.0,0.0,0.0,0.0,0.0,0.0
4056,7380.0156,15.95161,1.2787075,17.422848071069264,17.422848071069264,0.0,0.0,0.0,0.0,0.0,0.0,0.0,0.0
4057,7381.7134,18.750084,1.6370735,17.419106443696556,17.419106443696556,0.0,0.0,0.0,0.0,0.0,0.0,0.0,0.0
4058,7383.4155,17.447407,1.3910024,17.415356801523934,17.415356801523934,0.0,0.0,0.0,0.0,0.0,0.0,0.0,0.0
4059,7385.114,17.547668,1.7342154,17.411617429835218,17.411617429835218,0.0,0.0,0.0,0.0,0.0,0.0,0.0,0.0
4060,7386.813,15.552171,1.5207438,17.407877571697515,17.407877571697515,0.0,0.0,0.0,0.0,0.0,0.0,0.0,0.0
4061,7388.516,16.12352,0.8420756,17.40413078513005,17.40413078513005,0.0,0.0,0.0,0.0,0.0,0.0,0.0,0.0
4062,7390.217,16.30332,0.7009117,17.4003910356741,17.4003910356741,0.0,0.0,0.0,0.0,0.0,0.0,0.0,0.0
4063,7391.9204,16.195229,0.8935382,17.396646512054204,17.396646512054204,0.0,0.0,0.0,0.0,0.0,0.0,0.0,0.0
4064,7393.6206,17.335918,1.1137553,17.39291116450965,17.39291116450965,0.0,0.0,0.0,0.0,0.0,0.0,0.0,0.0
4065,7395.3257,18.4211,0.8921138,17.389166757157586,17.389166757157586,0.0,0.0,0.0,0.0,0.0,0.0,0.0,0.0
4066,7397.0273,17.48554,0.77691656,17.385431519809792,17.385431519809792,0.0,0.0,0.0,0.0,0.0,0.0,0.0,0.0
4067,7398.728,17.679586,0.75038856,17.38170008588179,17.38170008588179,0.0,0.0,0.0,0.0,0.0,0.0,0.0,0.0
4068,7400.4346,17.00148,0.6710632,17.377957462817296,17.377957462817296,0.0,0.0,0.0,0.0,0.0,0.0,0.0,0.0
4069,7402.137,16.274183,0.6372034,17.374225069367167,17.374225069367167,0.0,0.0,0.0,0.0,0.0,0.0,0.0,0.0
4070,7403.8438,16.40866,0.6366872,17.370485778424435,17.370485778424435,0.0,0.0,0.0,0.0,0.0,0.0,0.0,0.0
4071,7405.5474,15.893869,0.6298528,17.366754568857292,17.366754568857292,0.0,0.0,0.0,0.0,0.0,0.0,0.0,0.0
4072,7407.2554,16.709122,0.64866865,17.363015400370447,17.363015400370447,0.0,0.0,0.0,0.0,0.0,0.0,0.0,0.0
4073,7408.959,17.010303,0.6374383,17.359287512846276,17.359287512846276,0.0,0.0,0.0,0.0,0.0,0.0,0.0,0.0
4074,7410.6636,16.049736,0.65229607,17.355559147011896,17.355559147011896,0.0,0.0,0.0,0.0,0.0,0.0,0.0,0.0
4075,7412.3726,16.132671,0.8385102,17.351822833634234,17.351822833634234,0.0,0.0,0.0,0.0,0.0,0.0,0.0,0.0
4076,7414.082,17.617968,1.0062008,17.34808711886841,17.34808711886841,0.0,0.0,0.0,0.0,0.0,0.0,0.0,0.0
4077,7415.7837,17.350677,0.84256643,17.34437013062257,17.34437013062257,0.0,0.0,0.0,0.0,0.0,0.0,0.0,0.0
4078,7417.493,17.479706,0.70354474,17.3406377376104,17.3406377376104,0.0,0.0,0.0,0.0,0.0,0.0,0.0,0.0
4079,7419.204,16.34127,0.7410857,17.336903811451275,17.336903811451275,0.0,0.0,0.0,0.0,0.0,0.0,0.0,0.0
4080,7420.915,12.66009,1.7321001,17.333171550012082,17.333171550012082,0.0,0.0,0.0,0.0,0.0,0.0,0.0,0.0
4081,7422.618,15.760346,3.280825,17.32945798308131,17.32945798308131,0.0,0.0,0.0,0.0,0.0,0.0,0.0,0.0
4082,7424.3296,23.293953,4.204681,17.325727976158255,17.325727976158255,0.0,0.0,0.0,0.0,0.0,0.0,0.0,0.0
4083,7426.0415,17.838608,1.6334139,17.321998568049523,17.321998568049523,0.0,0.0,0.0,0.0,0.0,0.0,0.0,0.0
4084,7427.7456,18.25087,0.9370697,17.318287830251304,17.318287830251304,0.0,0.0,0.0,0.0,0.0,0.0,0.0,0.0
4085,7429.459,15.110153,0.92405754,17.314558550070387,17.314558550070387,0.0,0.0,0.0,0.0,0.0,0.0,0.0,0.0
4086,7431.172,14.817425,1.366953,17.31083199467749,17.31083199467749,0.0,0.0,0.0,0.0,0.0,0.0,0.0,0.0
4087,7432.8853,16.819887,1.593723,17.307106038344436,17.307106038344436,0.0,0.0,0.0,0.0,0.0,0.0,0.0,0.0
4088,7434.592,16.966984,1.2330396,17.303396598163577,17.303396598163577,0.0,0.0,0.0,0.0,0.0,0.0,0.0,0.0
4089,7436.3057,16.421648,0.7924929,17.299672894392597,17.299672894392597,0.0,0.0,0.0,0.0,0.0,0.0,0.0,0.0
4090,7438.02,16.726583,0.7073786,17.295949789627265,17.295949789627265,0.0,0.0,0.0,0.0,0.0,0.0,0.0,0.0
4091,7439.7275,17.050058,0.7441985,17.292243179718863,17.292243179718863,0.0,0.0,0.0,0.0,0.0,0.0,0.0,0.0
4092,7441.443,17.296152,0.7473144,17.288521266766928,17.288521266766928,0.0,0.0,0.0,0.0,0.0,0.0,0.0,0.0
4093,7443.1587,16.799303,0.7621808,17.284799953709122,17.284799953709122,0.0,0.0,0.0,0.0,0.0,0.0,0.0,0.0
4094,7444.8755,16.49259,0.98672616,17.281078182551408,17.281078182551408,0.0,0.0,0.0,0.0,0.0,0.0,0.0,0.0
4095,7446.5835,18.129429,1.1079186,17.27737711135383,17.27737711135383,0.0,0.0,0.0,0.0,0.0,0.0,0.0,0.0
4096,7448.3013,16.77177,0.8336242,17.273656534377988,17.273656534377988,0.0,0.0,0.0,0.0,0.0,0.0,0.0,0.0
4097,7450.0186,17.43792,0.70985353,17.2699386731679,17.2699386731679,0.0,0.0,0.0,0.0,0.0,0.0,0.0,0.0
4098,7451.728,17.584051,0.73400646,17.266239371280772,17.266239371280772,0.0,0.0,0.0,0.0,0.0,0.0,0.0,0.0
4099,7453.4473,16.67929,0.701564,17.26252059132798,17.26252059132798,0.0,0.0,0.0,0.0,0.0,0.0,0.0,0.0
4100,7455.166,16.104786,0.7495024,17.258804525197203,17.258804525197203,0.0,0.0,0.0,0.0,0.0,0.0,0.0,0.0
4101,7456.8843,16.309076,1.0188946,17.25509117035559,17.25509117035559,0.0,0.0,0.0,0.0,0.0,0.0,0.0,0.0
4102,7458.5967,17.409374,1.3665674,17.25139212405938,17.25139212405938,0.0,0.0,0.0,0.0,0.0,0.0,0.0,0.0
4103,7460.3164,16.875269,1.0986269,17.247678908762914,17.247678908762914,0.0,0.0,0.0,0.0,0.0,0.0,0.0,0.0
4104,7462.036,16.569502,0.91645956,17.243967348287157,17.243967348287157,0.0,0.0,0.0,0.0,0.0,0.0,0.0,0.0
4105,7463.749,16.347212,0.9179185,17.240272185173406,17.240272185173406,0.0,0.0,0.0,0.0,0.0,0.0,0.0,0.0
4106,7465.47,15.999089,1.0392396,17.236560766466745,17.236560766466745,0.0,0.0,0.0,0.0,0.0,0.0,0.0,0.0
4107,7467.1914,17.109575,0.98357904,17.23285100204612,17.23285100204612,0.0,0.0,0.0,0.0,0.0,0.0,0.0,0.0
4108,7468.9136,17.742977,0.84105575,17.229140787369246,17.229140787369246,0.0,0.0,0.0,0.0,0.0,0.0,0.0,0.0
4109,7470.6274,16.629536,0.86354244,17.225450097767833,17.225450097767833,0.0,0.0,0.0,0.0,0.0,0.0,0.0,0.0
4110,7472.35,13.138953,1.3628511,17.221742131081665,17.221742131081665,0.0,0.0,0.0,0.0,0.0,0.0,0.0,0.0
4111,7474.073,14.646999,2.754839,17.218034766718134,17.218034766718134,0.0,0.0,0.0,0.0,0.0,0.0,0.0,0.0
4112,7475.7886,20.652807,2.7103953,17.21434585226457,17.21434585226457,0.0,0.0,0.0,0.0,0.0,0.0,0.0,0.0
4113,7477.512,18.220646,1.4857033,17.210640734824644,17.210640734824644,0.0,0.0,0.0,0.0,0.0,0.0,0.0,0.0
4114,7479.237,16.56049,0.93295294,17.20693517072796,17.20693517072796,0.0,0.0,0.0,0.0,0.0,0.0,0.0,0.0
4115,7480.9614,16.740934,0.8334226,17.203231258541436,17.203231258541436,0.0,0.0,0.0,0.0,0.0,0.0,0.0,0.0
4116,7482.6787,17.108952,0.8337665,17.199544716739855,17.199544716739855,0.0,0.0,0.0,0.0,0.0,0.0,0.0,0.0
4117,7484.4043,17.168344,0.8478125,17.19584200300664,17.19584200300664,0.0,0.0,0.0,0.0,0.0,0.0,0.0,0.0
4118,7486.13,16.924662,0.87150705,17.192140939707343,17.192140939707343,0.0,0.0,0.0,0.0,0.0,0.0,0.0,0.0
4119,7487.848,16.432226,0.99044013,17.18845722433899,17.18845722433899,0.0,0.0,0.0,0.0,0.0,0.0,0.0,0.0
4120,7489.5747,17.561802,1.4630395,17.184757359349963,17.184757359349963,0.0,0.0,0.0,0.0,0.0,0.0,0.0,0.0
4121,7491.302,16.727224,1.5756136,17.181058097676836,17.181058097676836,0.0,0.0,0.0,0.0,0.0,0.0,0.0,0.0
4122,7493.0293,16.473106,1.0639089,17.17735943960288,17.17735943960288,0.0,0.0,0.0,0.0,0.0,0.0,0.0,0.0
4123,7494.749,17.587873,0.87918216,17.173679145505258,17.173679145505258,0.0,0.0,0.0,0.0,0.0,0.0,0.0,0.0
4124,7496.4766,18.031214,0.84894985,17.16998377605351,17.16998377605351,0.0,0.0,0.0,0.0,0.0,0.0,0.0,0.0
4125,7498.2056,16.548906,0.85375017,17.166286921625993,17.166286921625993,0.0,0.0,0.0,0.0,0.0,0.0,0.0,0.0
4126,7499.927,17.442802,0.8609483,17.162608408321866,17.162608408321866,0.0,0.0,0.0,0.0,0.0,0.0,0.0,0.0
4127,7501.656,17.167545,0.96778065,17.158914841434996,17.158914841434996,0.0,0.0,0.0,0.0,0.0,0.0,0.0,0.0
4128,7503.386,14.21544,1.9129267,17.155219793206886,17.155219793206886,0.0,0.0,0.0,0.0,0.0,0.0,0.0,0.0
4129,7505.116,13.758204,3.3533175,17.151527434401586,17.151527434401586,0.0,0.0,0.0,0.0,0.0,0.0,0.0,0.0
4130,7506.838,17.233976,2.6340837,17.14785442588291,17.14785442588291,0.0,0.0,0.0,0.0,0.0,0.0,0.0,0.0
4131,7508.57,17.288635,1.3546512,17.144161185000684,17.144161185000684,0.0,0.0,0.0,0.0,0.0,0.0,0.0,0.0
4132,7510.3013,15.593907,0.9930964,17.140470631600984,17.140470631600984,0.0,0.0,0.0,0.0,0.0,0.0,0.0,0.0
4133,7512.0244,18.058071,0.96773696,17.136799404309325,17.136799404309325,0.0,0.0,0.0,0.0,0.0,0.0,0.0,0.0
4134,7513.7573,16.57469,0.9406265,17.133109012911017,17.133109012911017,0.0,0.0,0.0,0.0,0.0,0.0,0.0,0.0
4135,7515.4897,15.433996,0.90456903,17.129421306127053,17.129421306127053,0.0,0.0,0.0,0.0,0.0,0.0,0.0,0.0
4136,7517.2227,18.293804,0.9638329,17.125734204092435,17.125734204092435,0.0,0.0,0.0,0.0,0.0,0.0,0.0,0.0
4137,7518.9478,16.928446,1.0217897,17.122065356816368,17.122065356816368,0.0,0.0,0.0,0.0,0.0,0.0,0.0,0.0
4138,7520.681,16.564903,1.0794992,17.11838049500317,17.11838049500317,0.0,0.0,0.0,0.0,0.0,0.0,0.0,0.0
4139,7522.4155,17.238182,1.0857811,17.114695200553573,17.114695200553573,0.0,0.0,0.0,0.0,0.0,0.0,0.0,0.0
4140,7524.1426,17.124523,1.2204306,17.111027101306902,17.111027101306902,0.0,0.0,0.0,0.0,0.0,0.0,0.0,0.0
4141,7525.8774,16.242826,1.6028174,17.107344047830686,17.107344047830686,0.0,0.0,0.0,0.0,0.0,0.0,0.0,0.0
4142,7527.614,16.295662,1.7937174,17.1036595280235,17.1036595280235,0.0,0.0,0.0,0.0,0.0,0.0,0.0,0.0
4143,7529.349,17.814606,1.4654219,17.099978722176058,17.099978722176058,0.0,0.0,0.0,0.0,0.0,0.0,0.0,0.0
4144,7531.0767,16.31735,1.3234954,17.09631611625231,17.09631611625231,0.0,0.0,0.0,0.0,0.0,0.0,0.0,0.0
4145,7532.814,15.797202,1.2410597,17.09263444401623,17.09263444401623,0.0,0.0,0.0,0.0,0.0,0.0,0.0,0.0
4146,7534.551,15.353974,1.1713179,17.088955447428823,17.088955447428823,0.0,0.0,0.0,0.0,0.0,0.0,0.0,0.0
4147,7536.2793,15.66124,1.210746,17.085295661717097,17.085295661717097,0.0,0.0,0.0,0.0,0.0,0.0,0.0,0.0
4148,7538.0176,15.824971,1.5109599,17.081616835849417,17.081616835849417,0.0,0.0,0.0,0.0,0.0,0.0,0.0,0.0
4149,7539.7563,13.041475,3.0705616,17.077938617396338,17.077938617396338,0.0,0.0,0.0,0.0,0.0,0.0,0.0,0.0
4150,7541.4937,15.001154,4.488719,17.074265135536837,17.074265135536837,0.0,0.0,0.0,0.0,0.0,0.0,0.0,0.0
4151,7543.225,15.740631,2.4282959,17.070605670939617,17.070605670939617,0.0,0.0,0.0,0.0,0.0,0.0,0.0,0.0
4152,7544.9644,16.082735,1.3003942,17.06693132931563,17.06693132931563,0.0,0.0,0.0,0.0,0.0,0.0,0.0,0.0
4153,7546.704,16.90871,1.3703272,17.063257594356056,17.063257594356056,0.0,0.0,0.0,0.0,0.0,0.0,0.0,0.0
4154,7548.437,17.514364,1.5256631,17.059599922193726,17.059599922193726,0.0,0.0,0.0,0.0,0.0,0.0,0.0,0.0
4155,7550.177,17.077568,1.3611822,17.055929454351354,17.055929454351354,0.0,0.0,0.0,0.0,0.0,0.0,0.0,0.0
4156,7551.918,16.016335,1.7211629,17.052257533205005,17.052257533205005,0.0,0.0,0.0,0.0,0.0,0.0,0.0,0.0
4157,7553.6597,17.36259,3.0807376,17.04858621980822,17.04858621980822,0.0,0.0,0.0,0.0,0.0,0.0,0.0,0.0
4158,7555.393,19.61885,2.8845603,17.04493402845509,17.04493402845509,0.0,0.0,0.0,0.0,0.0,0.0,0.0,0.0
4159,7557.1353,19.13655,1.6527216,17.041264951209676,17.041264951209676,0.0,0.0,0.0,0.0,0.0,0.0,0.0,0.0
4160,7558.8784,16.70297,1.3020798,17.037595453965707,17.037595453965707,0.0,0.0,0.0,0.0,0.0,0.0,0.0,0.0
4161,7560.613,17.323305,1.3368204,17.033946082048505,17.033946082048505,0.0,0.0,0.0,0.0,0.0,0.0,0.0,0.0
4162,7562.3564,15.029966,1.6154697,17.0302788207513,17.0302788207513,0.0,0.0,0.0,0.0,0.0,0.0,0.0,0.0
4163,7564.1006,15.669474,1.9182502,17.026612167903863,17.026612167903863,0.0,0.0,0.0,0.0,0.0,0.0,0.0,0.0
4164,7565.844,17.336359,1.7676774,17.02294817539777,17.02294817539777,0.0,0.0,0.0,0.0,0.0,0.0,0.0,0.0
4165,7567.5806,13.03008,2.3117087,17.019301195746657,17.019301195746657,0.0,0.0,0.0,0.0,0.0,0.0,0.0,0.0
4166,7569.326,9.457444,4.170737,17.0156363607048,17.0156363607048,0.0,0.0,0.0,0.0,0.0,0.0,0.0,0.0
4167,7571.0713,21.841427,3.9608774,17.01197418406813,17.01197418406813,0.0,0.0,0.0,0.0,0.0,0.0,0.0,0.0
4168,7572.809,17.864857,1.9226586,17.008328999192827,17.008328999192827,0.0,0.0,0.0,0.0,0.0,0.0,0.0,0.0
4169,7574.555,16.202553,1.3233821,17.004668031433564,17.004668031433564,0.0,0.0,0.0,0.0,0.0,0.0,0.0,0.0
4170,7576.302,16.65614,1.3141993,17.001007672165386,17.001007672165386,0.0,0.0,0.0,0.0,0.0,0.0,0.0,0.0
4171,7578.049,15.706045,1.5411506,16.997347921653144,16.997347921653144,0.0,0.0,0.0,0.0,0.0,0.0,0.0,0.0
4172,7579.788,15.348797,2.3932216,16.99370615697169,16.99370615697169,0.0,0.0,0.0,0.0,0.0,0.0,0.0,0.0
4173,7581.536,19.350355,2.360511,16.990047617017357,16.990047617017357,0.0,0.0,0.0,0.0,0.0,0.0,0.0,0.0
4174,7583.2837,20.007751,2.192115,16.986391729124467,16.986391729124467,0.0,0.0,0.0,0.0,0.0,0.0,0.0,0.0
4175,7585.0244,18.019094,2.2779782,16.982751761244767,16.982751761244767,0.0,0.0,0.0,0.0,0.0,0.0,0.0,0.0
4176,7586.774,18.340754,1.8082975,16.979095042083483,16.979095042083483,0.0,0.0,0.0,0.0,0.0,0.0,0.0,0.0
4177,7588.5225,18.256939,1.4313244,16.975441992941107,16.975441992941107,0.0,0.0,0.0,0.0,0.0,0.0,0.0,0.0
4178,7590.2734,16.337847,1.3455756,16.97178547392286,16.97178547392286,0.0,0.0,0.0,0.0,0.0,0.0,0.0,0.0
4179,7592.0146,17.89432,1.3517601,16.968150965348478,16.968150965348478,0.0,0.0,0.0,0.0,0.0,0.0,0.0,0.0
4180,7593.7656,16.896967,1.3130203,16.96449769765584,16.96449769765584,0.0,0.0,0.0,0.0,0.0,0.0,0.0,0.0
4181,7595.517,15.391937,1.3072582,16.96084504044414,16.96084504044414,0.0,0.0,0.0,0.0,0.0,0.0,0.0,0.0
4182,7597.26,16.166851,1.3261725,16.957212328838125,16.957212328838125,0.0,0.0,0.0,0.0,0.0,0.0,0.0,0.0
4183,7599.011,16.850817,1.3797228,16.953562919091322,16.953562919091322,0.0,0.0,0.0,0.0,0.0,0.0,0.0,0.0
4184,7600.764,16.308094,1.343157,16.949912085357127,16.949912085357127,0.0,0.0,0.0,0.0,0.0,0.0,0.0,0.0
4185,7602.517,17.675402,1.4001414,16.946262879411197,16.946262879411197,0.0,0.0,0.0,0.0,0.0,0.0,0.0,0.0
4186,7604.261,16.101696,1.6309485,16.942633584795143,16.942633584795143,0.0,0.0,0.0,0.0,0.0,0.0,0.0,0.0
4187,7606.015,16.680374,1.6275221,16.93898559225272,16.93898559225272,0.0,0.0,0.0,0.0,0.0,0.0,0.0,0.0
4188,7607.7686,17.307007,1.5406616,16.935340240923583,16.935340240923583,0.0,0.0,0.0,0.0,0.0,0.0,0.0,0.0
4189,7609.515,16.571917,1.4734031,16.93171071630536,16.93171071630536,0.0,0.0,0.0,0.0,0.0,0.0,0.0,0.0
4190,7611.2695,15.273823,1.5904322,16.928066578138594,16.928066578138594,0.0,0.0,0.0,0.0,0.0,0.0,0.0,0.0
4191,7613.025,14.729074,1.7066873,16.92442203677874,16.92442203677874,0.0,0.0,0.0,0.0,0.0,0.0,0.0,0.0
4192,7614.781,15.8268385,1.9349606,16.920778106941412,16.920778106941412,0.0,0.0,0.0,0.0,0.0,0.0,0.0,0.0
4193,7616.5293,18.75588,1.7474022,16.91715099131543,16.91715099131543,0.0,0.0,0.0,0.0,0.0,0.0,0.0,0.0
4194,7618.285,16.7261,1.631322,16.91351030247035,16.91351030247035,0.0,0.0,0.0,0.0,0.0,0.0,0.0,0.0
4195,7620.0425,15.090084,1.6546986,16.909868200612124,16.909868200612124,0.0,0.0,0.0,0.0,0.0,0.0,0.0,0.0
4196,7621.791,12.444104,1.8296309,16.906245926010353,16.906245926010353,0.0,0.0,0.0,0.0,0.0,0.0,0.0,0.0
4197,7623.5483,-3.6096861,4.6830807,16.90260706263549,16.90260706263549,0.0,0.0,0.0,0.0,0.0,0.0,0.0,0.0
4198,7625.306,-0.42930746,7.757732,16.8989688105178,16.8989688105178,0.0,0.0,0.0,0.0,0.0,0.0,0.0,0.0
4199,7627.065,36.894497,21.872122,16.895330159961983,16.895330159961983,0.0,0.0,0.0,0.0,0.0,0.0,0.0,0.0
4200,7628.815,33.22287,8.348699,16.891711302585765,16.891711302585765,0.0,0.0,0.0,0.0,0.0,0.0,0.0,0.0
4201,7630.5747,13.682901,3.962564,16.88807386906318,16.88807386906318,0.0,0.0,0.0,0.0,0.0,0.0,0.0,0.0
4202,7632.334,23.501915,5.5072513,16.884439065920038,16.884439065920038,0.0,0.0,0.0,0.0,0.0,0.0,0.0,0.0
4203,7634.0854,25.613897,4.4197392,16.880822013016317,16.880822013016317,0.0,0.0,0.0,0.0,0.0,0.0,0.0,0.0
4204,7635.8467,14.750005,3.1951175,16.877186410335167,16.877186410335167,0.0,0.0,0.0,0.0,0.0,0.0,0.0,0.0
4205,7637.607,15.619088,2.474907,16.873554443356003,16.873554443356003,0.0,0.0,0.0,0.0,0.0,0.0,0.0,0.0
4206,7639.3677,15.831553,2.3931131,16.86992308786806,16.86992308786806,0.0,0.0,0.0,0.0,0.0,0.0,0.0,0.0
4207,7641.121,15.948041,2.624404,16.866308445873052,16.866308445873052,0.0,0.0,0.0,0.0,0.0,0.0,0.0,0.0
4208,7642.883,19.683544,2.712972,16.86267830694684,16.86267830694684,0.0,0.0,0.0,0.0,0.0,0.0,0.0,0.0
4209,7644.6455,17.369078,2.6215324,16.85904777480596,16.85904777480596,0.0,0.0,0.0,0.0,0.0,0.0,0.0,0.0
4210,7646.409,17.343788,2.039854,16.855416851045927,16.855416851045927,0.0,0.0,0.0,0.0,0.0,0.0,0.0,0.0
4211,7648.1636,16.726925,2.155273,16.851806633187078,16.851806633187078,0.0,0.0,0.0,0.0,0.0,0.0,0.0,0.0
4212,7649.927,14.945332,2.2400334,16.848179942162417,16.848179942162417,0.0,0.0,0.0,0.0,0.0,0.0,0.0,0.0
4213,7651.6914,14.098358,2.3713996,16.844551856146158,16.844551856146158,0.0,0.0,0.0,0.0,0.0,0.0,0.0,0.0
4214,7653.4473,15.838868,2.339118,16.84094344584548,16.84094344584548,0.0,0.0,0.0,0.0,0.0,0.0,0.0,0.0
4215,7655.2114,18.664883,2.150365,16.83731958871138,16.83731958871138,0.0,0.0,0.0,0.0,0.0,0.0,0.0,0.0
4216,7656.9775,18.546398,2.2172952,16.833693336785604,16.833693336785604,0.0,0.0,0.0,0.0,0.0,0.0,0.0,0.0
4217,7658.7427,13.803764,2.7434444,16.83007070566372,16.83007070566372,0.0,0.0,0.0,0.0,0.0,0.0,0.0,0.0
4218,7660.5,12.530587,3.033364,16.826465711767444,16.826465711767444,0.0,0.0,0.0,0.0,0.0,0.0,0.0,0.0
4219,7662.2676,14.354471,2.9291277,16.822841295731543,16.822841295731543,0.0,0.0,0.0,0.0,0.0,0.0,0.0,0.0
4220,7664.034,14.354636,0.7885094,16.819220497230173,16.819220497230173,0.0,0.0,0.0,0.0,0.0,0.0,0.0,0.0
4221,7665.793,14.354798,0.7885094,16.81561731397516,16.81561731397516,0.0,0.0,0.0,0.0,0.0,0.0,0.0,0.0
4222,7667.561,14.35496,0.7885094,16.811996735385232,16.811996735385232,0.0,0.0,0.0,0.0,0.0,0.0,0.0,0.0
4223,7669.3286,14.3551235,0.7885094,16.808378770064035,16.808378770064035,0.0,0.0,0.0,0.0,0.0,0.0,0.0,0.0
4224,7671.0967,14.355286,0.7885094,16.804761418044556,16.804761418044556,0.0,0.0,0.0,0.0,0.0,0.0,0.0,0.0
4225,7672.8584,14.355448,0.7885094,16.801158656131626,16.801158656131626,0.0,0.0,0.0,0.0,0.0,0.0,0.0,0.0
4226,7674.6274,14.355611,0.7885094,16.79754252522241,16.79754252522241,0.0,0.0,0.0,0.0,0.0,0.0,0.0,0.0
4227,7676.397,14.355774,0.7885094,16.793927008352505,16.793927008352505,0.0,0.0,0.0,0.0,0.0,0.0,0.0,0.0
4228,7678.1587,14.355936,0.7885094,16.790329054651828,16.790329054651828,0.0,0.0,0.0,0.0,0.0,0.0,0.0,0.0
4229,7679.9287,14.356098,0.7885094,16.786715755587547,16.786715755587547,0.0,0.0,0.0,0.0,0.0,0.0,0.0,0.0
4230,7681.7,14.356262,0.7885094,16.783101078196715,16.783101078196715,0.0,0.0,0.0,0.0,0.0,0.0,0.0,0.0
4231,7683.4717,14.356424,0.7885094,16.77948801237205,16.77948801237205,0.0,0.0,0.0,0.0,0.0,0.0,0.0,0.0
4232,7685.235,14.356587,0.7885094,16.775893475745395,16.775893475745395,0.0,0.0,0.0,0.0,0.0,0.0,0.0,0.0
4233,7687.007,14.35675,0.7885094,16.77228262746948,16.77228262746948,0.0,0.0,0.0,0.0,0.0,0.0,0.0,0.0
4234,7688.78,14.356912,0.7885094,16.76867139971882,16.76867139971882,0.0,0.0,0.0,0.0,0.0,0.0,0.0,0.0
4235,7690.5444,14.357072,0.7885094,16.76507867798561,16.76507867798561,0.0,0.0,0.0,0.0,0.0,0.0,0.0,0.0
4236,7692.3174,14.357236,0.7885094,16.761470661368453,16.761470661368453,0.0,0.0,0.0,0.0,0.0,0.0,0.0,0.0
4237,7694.092,14.357398,0.7885094,16.757861273438127,16.757861273438127,0.0,0.0,0.0,0.0,0.0,0.0,0.0,0.0
4238,7695.8657,14.35756,0.7885094,16.75425448734423,16.75425448734423,0.0,0.0,0.0,0.0,0.0,0.0,0.0,0.0
4239,7697.6313,14.35772,0.7885094,16.750666174624794,16.750666174624794,0.0,0.0,0.0,0.0,0.0,0.0,0.0,0.0
4240,7699.4077,14.357883,0.7885094,16.747057636127717,16.747057636127717,0.0,0.0,0.0,0.0,0.0,0.0,0.0,0.0
4241,7701.182,14.358045,0.7885094,16.74345467213762,16.74345467213762,0.0,0.0,0.0,0.0,0.0,0.0,0.0,0.0
4242,7702.9497,14.358207,0.7885094,16.73986718425038,16.73986718425038,0.0,0.0,0.0,0.0,0.0,0.0,0.0,0.0
4243,7704.7266,14.35837,0.7885094,16.736262471073108,16.736262471073108,0.0,0.0,0.0,0.0,0.0,0.0,0.0,0.0
4244,7706.503,14.358531,0.7885094,16.732660354990323,16.732660354990323,0.0,0.0,0.0,0.0,0.0,0.0,0.0,0.0
4245,7708.28,14.358691,0.7885094,16.729058854642673,16.729058854642673,0.0,0.0,0.0,0.0,0.0,0.0,0.0,0.0
