,wave,flux,error,model,cont,OIIIb_na,OIIIa_na,NII6583_na,NII6548_na,hbeta_br,hbeta_na,halpha_br,halpha_na
0,2900.551,178.6654,4.976805,186.15714890713357,186.15714890713357,0.0,0.0,0.0,0.0,0.0,0.0,0.0,0.0
1,2901.2205,178.45139,4.9577827,186.04222226191095,186.04222226191095,0.0,0.0,0.0,0.0,0.0,0.0,0.0,0.0
2,2901.8877,183.7166,5.0071216,185.92776980084398,185.92776980084398,0.0,0.0,0.0,0.0,0.0,0.0,0.0,0.0
3,2902.557,186.87822,5.0208535,185.8130794406833,185.8130794406833,0.0,0.0,0.0,0.0,0.0,0.0,0.0,0.0
4,2903.2246,177.7678,4.920884,185.69873697875605,185.69873697875605,0.0,0.0,0.0,0.0,0.0,0.0,0.0,0.0
5,2903.8926,175.37813,5.1513186,185.5844493956099,185.5844493956099,0.0,0.0,0.0,0.0,0.0,0.0,0.0,0.0
6,2904.5623,181.09251,5.2805214,185.46996638058144,185.46996638058144,0.0,0.0,0.0,0.0,0.0,0.0,0.0,0.0
7,2905.2305,180.62445,5.22522,185.3558304560859,185.3558304560859,0.0,0.0,0.0,0.0,0.0,0.0,0.0,0.0
8,2905.9004,170.43507,5.2724442,185.24149945638666,185.24149945638666,0.0,0.0,0.0,0.0,0.0,0.0,0.0,0.0
9,2906.5688,177.82913,5.4686046,185.1275149860423,185.1275149860423,0.0,0.0,0.0,0.0,0.0,0.0,0.0,0.0
10,2907.239,181.42148,5.025298,185.01333579647934,185.01333579647934,0.0,0.0,0.0,0.0,0.0,0.0,0.0,0.0
11,2907.908,176.2166,4.817569,184.89946103347313,184.89946103347313,0.0,0.0,0.0,0.0,0.0,0.0,0.0,0.0
12,2908.577,173.03357,4.77976,184.78568252876025,184.78568252876025,0.0,0.0,0.0,0.0,0.0,0.0,0.0,0.0
13,2909.2476,179.37143,4.885126,184.67170987255327,184.67170987255327,0.0,0.0,0.0,0.0,0.0,0.0,0.0,0.0
14,2909.9167,187.83153,5.133986,184.55808238214192,184.55808238214192,0.0,0.0,0.0,0.0,0.0,0.0,0.0,0.0
15,2910.588,191.45027,5.4704137,184.4442196923541,184.4442196923541,0.0,0.0,0.0,0.0,0.0,0.0,0.0,0.0
16,2911.2576,185.21729,5.413743,184.3307016802999,184.3307016802999,0.0,0.0,0.0,0.0,0.0,0.0,0.0,0.0
17,2911.929,184.74634,5.1417966,184.21699029469627,184.21699029469627,0.0,0.0,0.0,0.0,0.0,0.0,0.0,0.0
18,2912.5984,181.16537,5.1086874,184.10370562366415,184.10370562366415,0.0,0.0,0.0,0.0,0.0,0.0,0.0,0.0
19,2913.2686,171.24165,4.6916437,183.99039284092544,183.99039284092544,0.0,0.0,0.0,0.0,0.0,0.0,0.0,0.0
20,2913.9402,177.68564,4.75284,183.87692847563483,183.87692847563483,0.0,0.0,0.0,0.0,0.0,0.0,0.0,0.0
21,2914.6106,176.48578,4.726664,183.7637661694391,183.7637661694391,0.0,0.0,0.0,0.0,0.0,0.0,0.0,0.0
22,2915.283,171.75343,4.6473694,183.65037024761364,183.65037024761364,0.0,0.0,0.0,0.0,0.0,0.0,0.0,0.0
23,2915.9534,176.49316,4.8361974,183.53739940693848,183.53739940693848,0.0,0.0,0.0,0.0,0.0,0.0,0.0,0.0
24,2916.626,184.86969,4.8996754,183.4241542138405,183.4241542138405,0.0,0.0,0.0,0.0,0.0,0.0,0.0,0.0
25,2917.2969,182.73083,4.894773,183.31129235510267,183.31129235510267,0.0,0.0,0.0,0.0,0.0,0.0,0.0,0.0
26,2917.968,172.7277,4.625243,183.1984848505822,183.1984848505822,0.0,0.0,0.0,0.0,0.0,0.0,0.0,0.0
27,2918.6414,184.8066,5.065446,183.0854038316941,183.0854038316941,0.0,0.0,0.0,0.0,0.0,0.0,0.0,0.0
28,2919.3125,194.21909,5.1825624,182.97278721538956,182.97278721538956,0.0,0.0,0.0,0.0,0.0,0.0,0.0,0.0
29,2919.9858,190.54213,5.136151,182.8598975035162,182.8598975035162,0.0,0.0,0.0,0.0,0.0,0.0,0.0,0.0
30,2920.6575,180.59532,4.718949,182.74738960509632,182.74738960509632,0.0,0.0,0.0,0.0,0.0,0.0,0.0,0.0
31,2921.331,176.78821,4.6484003,182.6346500128185,182.6346500128185,0.0,0.0,0.0,0.0,0.0,0.0,0.0,0.0
32,2922.0032,181.91803,4.690721,182.52225080270745,182.52225080270745,0.0,0.0,0.0,0.0,0.0,0.0,0.0,0.0
33,2922.677,176.88087,4.6392226,182.40966116115484,182.40966116115484,0.0,0.0,0.0,0.0,0.0,0.0,0.0,0.0
34,2923.3494,175.24115,4.6063213,182.29741135110214,182.29741135110214,0.0,0.0,0.0,0.0,0.0,0.0,0.0,0.0
35,2924.022,182.90627,4.7087717,182.18521569967695,182.18521569967695,0.0,0.0,0.0,0.0,0.0,0.0,0.0,0.0
36,2924.696,183.59386,4.661709,182.0728708445793,182.0728708445793,0.0,0.0,0.0,0.0,0.0,0.0,0.0,0.0
37,2925.369,176.0234,4.631546,181.96082432435918,181.96082432435918,0.0,0.0,0.0,0.0,0.0,0.0,0.0,0.0
38,2926.0435,187.78348,4.7085285,181.84858827407007,181.84858827407007,0.0,0.0,0.0,0.0,0.0,0.0,0.0,0.0
39,2926.7166,191.60214,5.0622973,181.73669071730598,181.73669071730598,0.0,0.0,0.0,0.0,0.0,0.0,0.0,0.0
40,2927.3916,191.89911,5.0361824,181.62456344094588,181.62456344094588,0.0,0.0,0.0,0.0,0.0,0.0,0.0,0.0
41,2928.0652,185.85234,4.7572374,181.51277417904708,181.51277417904708,0.0,0.0,0.0,0.0,0.0,0.0,0.0,0.0
42,2928.7385,182.79861,4.637211,181.40111987947728,181.40111987947728,0.0,0.0,0.0,0.0,0.0,0.0,0.0,0.0
43,2929.414,186.39034,4.6825476,181.28919601356608,181.28919601356608,0.0,0.0,0.0,0.0,0.0,0.0,0.0,0.0
44,2930.088,182.77245,4.6148047,181.17764977487622,181.17764977487622,0.0,0.0,0.0,0.0,0.0,0.0,0.0,0.0
45,2930.7634,187.40344,4.6725082,181.0659152471671,181.0659152471671,0.0,0.0,0.0,0.0,0.0,0.0,0.0,0.0
46,2931.4375,193.18077,5.2880917,180.95451733455184,180.95451733455184,0.0,0.0,0.0,0.0,0.0,0.0,0.0,0.0
47,2932.1138,195.54593,5.324965,180.84285088476793,180.84285088476793,0.0,0.0,0.0,0.0,0.0,0.0,0.0,0.0
48,2932.7883,186.91019,4.683532,180.73156090343718,180.73156090343718,0.0,0.0,0.0,0.0,0.0,0.0,0.0,0.0
49,2933.463,175.73671,4.81523,180.62036498038583,180.62036498038583,0.0,0.0,0.0,0.0,0.0,0.0,0.0,0.0
50,2934.1394,186.39494,4.9076705,180.50894146580924,180.50894146580924,0.0,0.0,0.0,0.0,0.0,0.0,0.0,0.0
51,2934.8142,188.04773,5.0091,180.3978934681819,180.3978934681819,0.0,0.0,0.0,0.0,0.0,0.0,0.0,0.0
52,2935.4912,190.8501,4.7194843,180.2865781631352,180.2865781631352,0.0,0.0,0.0,0.0,0.0,0.0,0.0,0.0
53,2936.1665,189.33261,4.9417744,180.17563783230028,180.17563783230028,0.0,0.0,0.0,0.0,0.0,0.0,0.0,0.0
54,2936.8435,191.55579,5.3139763,180.06451085411334,180.06451085411334,0.0,0.0,0.0,0.0,0.0,0.0,0.0,0.0
55,2937.5193,198.69006,5.049433,179.95367812494746,179.95367812494746,0.0,0.0,0.0,0.0,0.0,0.0,0.0,0.0
56,2938.1948,189.58989,4.6719546,179.84297907594973,179.84297907594973,0.0,0.0,0.0,0.0,0.0,0.0,0.0,0.0
57,2938.8726,182.50032,4.5468516,179.73201394356605,179.73201394356605,0.0,0.0,0.0,0.0,0.0,0.0,0.0,0.0
58,2939.5486,185.57854,4.8648047,179.6214222969282,179.6214222969282,0.0,0.0,0.0,0.0,0.0,0.0,0.0,0.0
59,2940.2266,198.4029,5.0145297,179.51060499761326,179.51060499761326,0.0,0.0,0.0,0.0,0.0,0.0,0.0,0.0
60,2940.903,195.33852,4.9175415,179.40012072180258,179.40012072180258,0.0,0.0,0.0,0.0,0.0,0.0,0.0,0.0
61,2941.5813,177.24174,4.57409,179.28945108798433,179.28945108798433,0.0,0.0,0.0,0.0,0.0,0.0,0.0,0.0
62,2942.258,189.74297,5.4574895,179.1791139385476,179.1791139385476,0.0,0.0,0.0,0.0,0.0,0.0,0.0,0.0
63,2942.9353,187.2805,6.3326178,179.06879053732425,179.06879053732425,0.0,0.0,0.0,0.0,0.0,0.0,0.0,0.0
64,2943.614,198.48764,5.7813587,178.95832210562602,178.95832210562602,0.0,0.0,0.0,0.0,0.0,0.0,0.0,0.0
65,2944.291,187.39326,4.8395915,178.84822507153834,178.84822507153834,0.0,0.0,0.0,0.0,0.0,0.0,0.0,0.0
66,2944.97,183.44887,5.135193,178.7379038364994,178.7379038364994,0.0,0.0,0.0,0.0,0.0,0.0,0.0,0.0
67,2945.6472,206.27428,5.4836445,178.62795339504137,178.62795339504137,0.0,0.0,0.0,0.0,0.0,0.0,0.0,0.0
68,2946.3267,190.66603,5.4190326,178.51773957028885,178.51773957028885,0.0,0.0,0.0,0.0,0.0,0.0,0.0,0.0
69,2947.0044,182.98914,4.553434,178.40789600301673,178.40789600301673,0.0,0.0,0.0,0.0,0.0,0.0,0.0,0.0
70,2947.6824,189.37268,4.794948,178.29810573957175,178.29810573957175,0.0,0.0,0.0,0.0,0.0,0.0,0.0,0.0
71,2948.362,190.97414,5.181443,178.18813186793756,178.18813186793756,0.0,0.0,0.0,0.0,0.0,0.0,0.0,0.0
72,2949.0405,190.41258,5.0407596,178.07844841369902,178.07844841369902,0.0,0.0,0.0,0.0,0.0,0.0,0.0,0.0
73,2949.7205,193.82066,4.8092375,177.9686211713023,177.9686211713023,0.0,0.0,0.0,0.0,0.0,0.0,0.0,0.0
74,2950.3992,188.21925,4.754486,177.85908387893753,177.85908387893753,0.0,0.0,0.0,0.0,0.0,0.0,0.0,0.0
75,2951.0793,182.5361,4.5189285,177.74940306562422,177.74940306562422,0.0,0.0,0.0,0.0,0.0,0.0,0.0,0.0
76,2951.7585,180.4178,4.4824443,177.63997241715077,177.63997241715077,0.0,0.0,0.0,0.0,0.0,0.0,0.0,0.0
77,2952.4375,181.81789,4.500638,177.53067357839038,177.53067357839038,0.0,0.0,0.0,0.0,0.0,0.0,0.0,0.0
78,2953.1182,180.67113,4.4618278,177.42119233306138,177.42119233306138,0.0,0.0,0.0,0.0,0.0,0.0,0.0,0.0
79,2953.7976,177.17334,4.4300947,177.31199990618472,177.31199990618472,0.0,0.0,0.0,0.0,0.0,0.0,0.0,0.0
80,2954.4788,182.23021,4.792345,177.20262547151486,177.20262547151486,0.0,0.0,0.0,0.0,0.0,0.0,0.0,0.0
81,2955.1584,184.68338,4.764124,177.0935786093471,177.0935786093471,0.0,0.0,0.0,0.0,0.0,0.0,0.0,0.0
82,2955.8398,187.96759,4.7818785,176.98435007104553,176.98435007104553,0.0,0.0,0.0,0.0,0.0,0.0,0.0,0.0
83,2956.52,183.3576,5.012932,176.87540948847396,176.87540948847396,0.0,0.0,0.0,0.0,0.0,0.0,0.0,0.0
84,2957.2002,178.13033,5.0222764,176.76656099977458,176.76656099977458,0.0,0.0,0.0,0.0,0.0,0.0,0.0,0.0
85,2957.8818,181.87698,4.485797,176.65757038440967,176.65757038440967,0.0,0.0,0.0,0.0,0.0,0.0,0.0,0.0
86,2958.5625,185.54031,4.4824176,176.5488280098824,176.5488280098824,0.0,0.0,0.0,0.0,0.0,0.0,0.0,0.0
87,2959.2446,184.86736,4.45024,176.43994383872513,176.43994383872513,0.0,0.0,0.0,0.0,0.0,0.0,0.0,0.0
88,2959.9253,181.03526,4.5949574,176.33138542047956,176.33138542047956,0.0,0.0,0.0,0.0,0.0,0.0,0.0,0.0
89,2960.608,185.79407,4.6521826,176.2226076264731,176.2226076264731,0.0,0.0,0.0,0.0,0.0,0.0,0.0,0.0
90,2961.2888,184.52975,4.600319,176.11419397909285,176.11419397909285,0.0,0.0,0.0,0.0,0.0,0.0,0.0,0.0
91,2961.9702,174.84517,4.308931,176.00579428588463,176.00579428588463,0.0,0.0,0.0,0.0,0.0,0.0,0.0,0.0
92,2962.6533,190.04402,4.5955744,175.89721469666807,175.89721469666807,0.0,0.0,0.0,0.0,0.0,0.0,0.0,0.0
93,2963.335,188.18724,4.760572,175.7889596418241,175.7889596418241,0.0,0.0,0.0,0.0,0.0,0.0,0.0,0.0
94,2964.018,180.00824,4.7228327,175.6805637428045,175.6805637428045,0.0,0.0,0.0,0.0,0.0,0.0,0.0,0.0
95,2964.7,178.61305,4.5296917,175.5724530956349,175.5724530956349,0.0,0.0,0.0,0.0,0.0,0.0,0.0,0.0
96,2965.3835,182.96054,4.5580893,175.46416320728267,175.46416320728267,0.0,0.0,0.0,0.0,0.0,0.0,0.0,0.0
97,2966.066,185.1323,4.568822,175.35615817697763,175.35615817697763,0.0,0.0,0.0,0.0,0.0,0.0,0.0,0.0
98,2966.748,182.05913,4.51791,175.24828304306666,175.24828304306666,0.0,0.0,0.0,0.0,0.0,0.0,0.0,0.0
99,2967.4324,177.74455,4.4721856,175.14015200354874,175.14015200354874,0.0,0.0,0.0,0.0,0.0,0.0,0.0,0.0
100,2968.1155,179.47356,4.2356024,175.03230523254524,175.03230523254524,0.0,0.0,0.0,0.0,0.0,0.0,0.0,0.0
101,2968.7998,180.43799,4.2512937,174.924357189103,174.924357189103,0.0,0.0,0.0,0.0,0.0,0.0,0.0,0.0
102,2969.4827,177.38794,4.2051344,174.81673135384628,174.81673135384628,0.0,0.0,0.0,0.0,0.0,0.0,0.0,0.0
103,2970.1677,180.06163,4.827797,174.70885058961807,174.70885058961807,0.0,0.0,0.0,0.0,0.0,0.0,0.0,0.0
104,2970.8508,195.05312,4.900559,174.60136843699843,174.60136843699843,0.0,0.0,0.0,0.0,0.0,0.0,0.0,0.0
105,2971.5344,175.04573,4.1661305,174.4939003660775,174.4939003660775,0.0,0.0,0.0,0.0,0.0,0.0,0.0,0.0
106,2972.2195,165.31247,4.035639,174.3862931428288,174.3862931428288,0.0,0.0,0.0,0.0,0.0,0.0,0.0,0.0
107,2972.903,160.18994,4.3462567,174.27900685711649,174.27900685711649,0.0,0.0,0.0,0.0,0.0,0.0,0.0,0.0
108,2973.5886,160.47241,4.405361,174.17150507678923,174.17150507678923,0.0,0.0,0.0,0.0,0.0,0.0,0.0,0.0
109,2974.2727,169.21559,4.020959,174.06432377885966,174.06432377885966,0.0,0.0,0.0,0.0,0.0,0.0,0.0,0.0
110,2974.9587,170.42752,4.087991,173.95692743853922,173.95692743853922,0.0,0.0,0.0,0.0,0.0,0.0,0.0,0.0
111,2975.643,179.58607,4.176817,173.84988929679105,173.84988929679105,0.0,0.0,0.0,0.0,0.0,0.0,0.0,0.0
112,2976.329,176.08762,4.140022,173.74267463784858,173.74267463784858,0.0,0.0,0.0,0.0,0.0,0.0,0.0,0.0
113,2977.014,170.30286,4.0847363,173.63574131728262,173.63574131728262,0.0,0.0,0.0,0.0,0.0,0.0,0.0,0.0
114,2977.6987,173.29546,4.116886,173.5288983836864,173.5288983836864,0.0,0.0,0.0,0.0,0.0,0.0,0.0,0.0
115,2978.3855,179.79063,4.3939795,173.42184140505972,173.42184140505972,0.0,0.0,0.0,0.0,0.0,0.0,0.0,0.0
116,2979.0706,175.75342,4.6699667,173.31514120147332,173.31514120147332,0.0,0.0,0.0,0.0,0.0,0.0,0.0,0.0
117,2979.7576,175.47859,4.8862348,173.208227337683,173.208227337683,0.0,0.0,0.0,0.0,0.0,0.0,0.0,0.0
118,2980.443,165.9699,4.936408,173.1016317227243,173.1016317227243,0.0,0.0,0.0,0.0,0.0,0.0,0.0,0.0
119,2981.1304,168.89241,4.3674355,172.99486080915452,172.99486080915452,0.0,0.0,0.0,0.0,0.0,0.0,0.0,0.0
120,2981.8162,175.54836,4.7824388,172.8884076286383,172.8884076286383,0.0,0.0,0.0,0.0,0.0,0.0,0.0,0.0
121,2982.5027,175.01741,4.993207,172.78193086504373,172.78193086504373,0.0,0.0,0.0,0.0,0.0,0.0,0.0,0.0
122,2983.1904,188.08495,5.163456,172.67535507564395,172.67535507564395,0.0,0.0,0.0,0.0,0.0,0.0,0.0,0.0
123,2983.8765,171.79578,4.2150636,172.56913406440734,172.56913406440734,0.0,0.0,0.0,0.0,0.0,0.0,0.0,0.0
124,2984.5647,168.28853,4.0405755,172.4626630130906,172.4626630130906,0.0,0.0,0.0,0.0,0.0,0.0,0.0,0.0
125,2985.251,173.49164,4.0807776,172.35658394736814,172.35658394736814,0.0,0.0,0.0,0.0,0.0,0.0,0.0,0.0
126,2985.9395,177.06357,4.3370605,172.2502552869861,172.2502552869861,0.0,0.0,0.0,0.0,0.0,0.0,0.0,0.0
127,2986.6265,173.87662,4.288932,172.1442426568688,172.1442426568688,0.0,0.0,0.0,0.0,0.0,0.0,0.0,0.0
128,2987.3135,163.94562,4.1597176,172.03831963367574,172.03831963367574,0.0,0.0,0.0,0.0,0.0,0.0,0.0,0.0
129,2988.0024,179.84439,4.3213444,171.9321853715123,171.9321853715123,0.0,0.0,0.0,0.0,0.0,0.0,0.0,0.0
130,2988.6897,167.93172,4.170139,171.8264039655024,171.8264039655024,0.0,0.0,0.0,0.0,0.0,0.0,0.0,0.0
131,2989.379,168.95358,4.3878655,171.72041170019347,171.72041170019347,0.0,0.0,0.0,0.0,0.0,0.0,0.0,0.0
132,2990.0667,175.52742,4.3940597,171.6147342180946,171.6147342180946,0.0,0.0,0.0,0.0,0.0,0.0,0.0,0.0
133,2990.7563,163.379,3.9638205,171.50884631918436,171.50884631918436,0.0,0.0,0.0,0.0,0.0,0.0,0.0,0.0
134,2991.4443,167.94102,3.9463747,171.40331019141377,171.40331019141377,0.0,0.0,0.0,0.0,0.0,0.0,0.0,0.0
135,2992.1323,166.31023,4.176584,171.2978632507404,171.2978632507404,0.0,0.0,0.0,0.0,0.0,0.0,0.0,0.0
136,2992.8225,160.70679,4.137294,171.19216905683345,171.19216905683345,0.0,0.0,0.0,0.0,0.0,0.0,0.0,0.0
137,2993.5112,166.82588,4.0691004,171.08678846706835,171.08678846706835,0.0,0.0,0.0,0.0,0.0,0.0,0.0,0.0
138,2994.2017,171.16026,4.1141205,170.98123580769015,170.98123580769015,0.0,0.0,0.0,0.0,0.0,0.0,0.0,0.0
139,2994.8904,162.43077,3.9992292,170.87603352063644,170.87603352063644,0.0,0.0,0.0,0.0,0.0,0.0,0.0,0.0
140,2995.581,164.38821,3.8912675,170.77062216880833,170.77062216880833,0.0,0.0,0.0,0.0,0.0,0.0,0.0,0.0
141,2996.27,156.9868,3.8354597,170.66556061861394,170.66556061861394,0.0,0.0,0.0,0.0,0.0,0.0,0.0,0.0
142,2996.9592,160.44196,3.8335836,170.5605506550071,170.5605506550071,0.0,0.0,0.0,0.0,0.0,0.0,0.0,0.0
143,2997.6504,163.22264,3.8708851,170.45533222115114,170.45533222115114,0.0,0.0,0.0,0.0,0.0,0.0,0.0,0.0
144,2998.34,159.72177,3.8455229,170.35042564710497,170.35042564710497,0.0,0.0,0.0,0.0,0.0,0.0,0.0,0.0
145,2999.0315,159.24779,4.0808063,170.24534812821722,170.24534812821722,0.0,0.0,0.0,0.0,0.0,0.0,0.0,0.0
146,2999.7214,167.92816,4.1405506,170.14058196340912,170.14058196340912,0.0,0.0,0.0,0.0,0.0,0.0,0.0,0.0
147,3000.413,165.22371,4.081517,170.03564516482223,170.03564516482223,0.0,0.0,0.0,0.0,0.0,0.0,0.0,0.0
148,3001.1033,157.04002,4.0220337,169.93101921544752,169.93101921544752,0.0,0.0,0.0,0.0,0.0,0.0,0.0,0.0
149,3001.794,163.96184,4.548601,169.82640775565838,169.82640775565838,0.0,0.0,0.0,0.0,0.0,0.0,0.0,0.0
150,3002.486,167.35606,5.1599884,169.72166315264425,169.72166315264425,0.0,0.0,0.0,0.0,0.0,0.0,0.0,0.0
151,3003.1768,155.72588,4.1949973,169.6172286745399,169.6172286745399,0.0,0.0,0.0,0.0,0.0,0.0,0.0,0.0
152,3003.8694,167.16907,3.940046,169.51258750004175,169.51258750004175,0.0,0.0,0.0,0.0,0.0,0.0,0.0,0.0
153,3004.5603,159.23645,3.9184952,169.4082928475575,169.4082928475575,0.0,0.0,0.0,0.0,0.0,0.0,0.0,0.0
154,3005.2532,165.19998,3.9400945,169.30379187002413,169.30379187002413,0.0,0.0,0.0,0.0,0.0,0.0,0.0,0.0
155,3005.9446,164.26057,3.9641747,169.19960007462404,169.19960007462404,0.0,0.0,0.0,0.0,0.0,0.0,0.0,0.0
156,3006.636,156.03777,3.8744338,169.09549634082788,169.09549634082788,0.0,0.0,0.0,0.0,0.0,0.0,0.0,0.0
157,3007.3293,156.622,3.8744018,168.99118686864074,168.99118686864074,0.0,0.0,0.0,0.0,0.0,0.0,0.0,0.0
158,3008.021,156.942,3.851606,168.8872225402016,168.8872225402016,0.0,0.0,0.0,0.0,0.0,0.0,0.0,0.0
159,3008.7146,152.43898,3.8200843,168.78305284293072,168.78305284293072,0.0,0.0,0.0,0.0,0.0,0.0,0.0,0.0
160,3009.407,156.81232,3.8553712,168.67915448702738,168.67915448702738,0.0,0.0,0.0,0.0,0.0,0.0,0.0,0.0
161,3010.1008,163.1013,4.1419373,168.57512443327522,168.57512443327522,0.0,0.0,0.0,0.0,0.0,0.0,0.0,0.0
162,3010.7932,160.18993,4.1010804,168.47140184134514,168.47140184134514,0.0,0.0,0.0,0.0,0.0,0.0,0.0,0.0
163,3011.4858,149.23694,3.7807634,168.36773036970618,168.36773036970618,0.0,0.0,0.0,0.0,0.0,0.0,0.0,0.0
164,3012.1804,146.7072,3.74894,168.2638545428196,168.2638545428196,0.0,0.0,0.0,0.0,0.0,0.0,0.0,0.0
165,3012.8733,152.60075,3.834061,168.16032198832326,168.16032198832326,0.0,0.0,0.0,0.0,0.0,0.0,0.0,0.0
166,3013.568,156.39899,3.874269,168.05658544564918,168.05658544564918,0.0,0.0,0.0,0.0,0.0,0.0,0.0,0.0
167,3014.2615,154.95093,3.881429,167.95315521225166,167.95315521225166,0.0,0.0,0.0,0.0,0.0,0.0,0.0,0.0
168,3014.9565,152.5474,3.8517778,167.8495577915862,167.8495577915862,0.0,0.0,0.0,0.0,0.0,0.0,0.0,0.0
169,3015.6501,154.57498,4.0021505,167.7462661832268,167.7462661832268,0.0,0.0,0.0,0.0,0.0,0.0,0.0,0.0
170,3016.3438,159.2053,4.0260973,167.6430618712236,167.6430618712236,0.0,0.0,0.0,0.0,0.0,0.0,0.0,0.0
171,3017.0396,155.60074,3.8624144,167.5396182356631,167.5396182356631,0.0,0.0,0.0,0.0,0.0,0.0,0.0,0.0
172,3017.7336,151.57413,3.8172538,167.43651601087421,167.43651601087421,0.0,0.0,0.0,0.0,0.0,0.0,0.0,0.0
173,3018.4294,149.31212,3.7893245,167.33324738849063,167.33324738849063,0.0,0.0,0.0,0.0,0.0,0.0,0.0,0.0
174,3019.1235,149.81969,3.7913635,167.2303195591243,167.2303195591243,0.0,0.0,0.0,0.0,0.0,0.0,0.0,0.0
175,3019.82,150.9065,3.7906008,167.12711709946282,167.12711709946282,0.0,0.0,0.0,0.0,0.0,0.0,0.0,0.0
176,3020.515,147.25058,3.7729836,167.0242549997833,167.0242549997833,0.0,0.0,0.0,0.0,0.0,0.0,0.0,0.0
177,3021.2097,152.53215,3.800084,166.92147984619666,166.92147984619666,0.0,0.0,0.0,0.0,0.0,0.0,0.0,0.0
178,3021.9065,153.29495,3.8439667,166.8185030145752,166.8185030145752,0.0,0.0,0.0,0.0,0.0,0.0,0.0,0.0
179,3022.6016,152.47775,3.8391256,166.715865680835,166.715865680835,0.0,0.0,0.0,0.0,0.0,0.0,0.0,0.0
180,3023.2988,154.37968,3.8846438,166.61299102592847,166.61299102592847,0.0,0.0,0.0,0.0,0.0,0.0,0.0,0.0
181,3023.9941,156.695,3.8998423,166.51049135123748,166.51049135123748,0.0,0.0,0.0,0.0,0.0,0.0,0.0,0.0
182,3024.6914,153.65794,3.8579736,166.4077907221526,166.4077907221526,0.0,0.0,0.0,0.0,0.0,0.0,0.0,0.0
183,3025.3875,147.9878,3.7789896,166.30535665708797,166.30535665708797,0.0,0.0,0.0,0.0,0.0,0.0,0.0,0.0
184,3026.0833,153.92021,3.8346944,166.20304507235412,166.20304507235412,0.0,0.0,0.0,0.0,0.0,0.0,0.0,0.0
185,3026.7815,155.34465,3.8380997,166.10046139795392,166.10046139795392,0.0,0.0,0.0,0.0,0.0,0.0,0.0,0.0
186,3027.478,152.95119,3.825149,165.99821544034987,165.99821544034987,0.0,0.0,0.0,0.0,0.0,0.0,0.0,0.0
187,3028.176,155.12048,3.8303437,165.8958411658341,165.8958411658341,0.0,0.0,0.0,0.0,0.0,0.0,0.0,0.0
188,3028.8726,151.38586,3.7846005,165.79376817396442,165.79376817396442,0.0,0.0,0.0,0.0,0.0,0.0,0.0,0.0
189,3029.571,155.05841,3.8051496,165.69149557838793,165.69149557838793,0.0,0.0,0.0,0.0,0.0,0.0,0.0,0.0
190,3030.2678,149.39586,3.7471511,165.58955953878183,165.58955953878183,0.0,0.0,0.0,0.0,0.0,0.0,0.0,0.0
191,3030.9668,148.65971,3.7595718,165.4873885822285,165.4873885822285,0.0,0.0,0.0,0.0,0.0,0.0,0.0,0.0
192,3031.664,153.81377,3.770865,165.385553693304,165.385553693304,0.0,0.0,0.0,0.0,0.0,0.0,0.0,0.0
193,3032.3616,153.46922,3.764013,165.28376925571376,165.28376925571376,0.0,0.0,0.0,0.0,0.0,0.0,0.0,0.0
194,3033.0608,150.94652,3.7520895,165.1818217804383,165.1818217804383,0.0,0.0,0.0,0.0,0.0,0.0,0.0,0.0
195,3033.7585,154.71982,3.7479138,165.0801739703774,165.0801739703774,0.0,0.0,0.0,0.0,0.0,0.0,0.0,0.0
196,3034.4583,153.32117,3.8884,164.97832789806702,164.97832789806702,0.0,0.0,0.0,0.0,0.0,0.0,0.0,0.0
197,3035.1562,161.21269,4.169863,164.87681655549505,164.87681655549505,0.0,0.0,0.0,0.0,0.0,0.0,0.0,0.0
198,3035.8562,163.27394,4.0377445,164.77510730657258,164.77510730657258,0.0,0.0,0.0,0.0,0.0,0.0,0.0,0.0
199,3036.5544,150.73456,4.1098065,164.67373224157552,164.67373224157552,0.0,0.0,0.0,0.0,0.0,0.0,0.0,0.0
200,3037.2532,162.96648,4.3455076,164.5723720306071,164.5723720306071,0.0,0.0,0.0,0.0,0.0,0.0,0.0,0.0
201,3037.9536,147.97157,5.690664,164.47084990654443,164.47084990654443,0.0,0.0,0.0,0.0,0.0,0.0,0.0,0.0
202,3038.652,143.46509,4.3654795,164.36969652058627,164.36969652058627,0.0,0.0,0.0,0.0,0.0,0.0,0.0,0.0
203,3039.353,148.86415,3.620233,164.26827546285267,164.26827546285267,0.0,0.0,0.0,0.0,0.0,0.0,0.0,0.0
204,3040.052,154.36308,3.6686828,164.16722259959784,164.16722259959784,0.0,0.0,0.0,0.0,0.0,0.0,0.0,0.0
205,3040.7532,155.28445,3.6863284,164.06593784875759,164.06593784875759,0.0,0.0,0.0,0.0,0.0,0.0,0.0,0.0
206,3041.453,150.31104,3.6340492,163.9649502467354,163.9649502467354,0.0,0.0,0.0,0.0,0.0,0.0,0.0,0.0
207,3042.1526,157.4901,3.9002857,163.8640480144432,163.8640480144432,0.0,0.0,0.0,0.0,0.0,0.0,0.0,0.0
208,3042.8538,158.66177,3.8643525,163.7630200881771,163.7630200881771,0.0,0.0,0.0,0.0,0.0,0.0,0.0,0.0
209,3043.554,160.28217,3.9110022,163.66221823389543,163.66221823389543,0.0,0.0,0.0,0.0,0.0,0.0,0.0,0.0
210,3044.2559,159.38327,3.8629427,163.56125587544201,163.56125587544201,0.0,0.0,0.0,0.0,0.0,0.0,0.0,0.0
211,3044.956,151.83546,3.63183,163.46062456380938,163.46062456380938,0.0,0.0,0.0,0.0,0.0,0.0,0.0,0.0
212,3045.6584,153.57693,3.8726954,163.35976289409263,163.35976289409263,0.0,0.0,0.0,0.0,0.0,0.0,0.0,0.0
213,3046.359,149.71886,3.8626304,163.2592668039868,163.2592668039868,0.0,0.0,0.0,0.0,0.0,0.0,0.0,0.0
214,3047.06,154.59465,3.811309,163.1587506684974,163.1587506684974,0.0,0.0,0.0,0.0,0.0,0.0,0.0,0.0
215,3047.7627,159.05675,3.8630695,163.05810979990872,163.05810979990872,0.0,0.0,0.0,0.0,0.0,0.0,0.0,0.0
216,3048.4639,155.91275,3.6283681,162.95776373502818,162.95776373502818,0.0,0.0,0.0,0.0,0.0,0.0,0.0,0.0
217,3049.1667,152.50597,3.7891529,162.85725821382835,162.85725821382835,0.0,0.0,0.0,0.0,0.0,0.0,0.0,0.0
218,3049.8682,158.23802,3.8066845,162.75704701758008,162.75704701758008,0.0,0.0,0.0,0.0,0.0,0.0,0.0,0.0
219,3050.5715,146.97453,3.6867473,162.65664181863053,162.65664181863053,0.0,0.0,0.0,0.0,0.0,0.0,0.0,0.0
220,3051.2732,146.60329,3.49636,162.55656533218792,162.55656533218792,0.0,0.0,0.0,0.0,0.0,0.0,0.0,0.0
221,3051.9753,151.91208,3.5406306,162.45650385400984,162.45650385400984,0.0,0.0,0.0,0.0,0.0,0.0,0.0,0.0
222,3052.6792,155.44887,3.7769942,162.35628373091774,162.35628373091774,0.0,0.0,0.0,0.0,0.0,0.0,0.0,0.0
223,3053.3813,156.92369,4.012105,162.25639154598758,162.25639154598758,0.0,0.0,0.0,0.0,0.0,0.0,0.0,0.0
224,3054.0854,154.86284,3.7750294,162.1563062566051,162.1563062566051,0.0,0.0,0.0,0.0,0.0,0.0,0.0,0.0
225,3054.788,157.64217,3.7430978,162.05651371080822,162.05651371080822,0.0,0.0,0.0,0.0,0.0,0.0,0.0,0.0
226,3055.4924,149.91606,3.6357667,161.95656309593136,161.95656309593136,0.0,0.0,0.0,0.0,0.0,0.0,0.0,0.0
227,3056.1953,154.64943,3.7297907,161.85690474912997,161.85690474912997,0.0,0.0,0.0,0.0,0.0,0.0,0.0,0.0
228,3056.8984,160.32681,4.0015597,161.7572960505547,161.7572960505547,0.0,0.0,0.0,0.0,0.0,0.0,0.0,0.0
229,3057.6033,148.11131,3.9409885,161.65752974248602,161.65752974248602,0.0,0.0,0.0,0.0,0.0,0.0,0.0,0.0
230,3058.3066,151.12024,3.570622,161.55805502020326,161.55805502020326,0.0,0.0,0.0,0.0,0.0,0.0,0.0,0.0
231,3059.012,152.96178,3.6252615,161.45838849065615,161.45838849065615,0.0,0.0,0.0,0.0,0.0,0.0,0.0,0.0
232,3059.7156,161.30391,3.6590722,161.35904758642988,161.35904758642988,0.0,0.0,0.0,0.0,0.0,0.0,0.0,0.0
233,3060.4214,157.54561,3.6242793,161.25948079332647,161.25948079332647,0.0,0.0,0.0,0.0,0.0,0.0,0.0,0.0
234,3061.1255,151.46822,3.660986,161.16023915244912,161.16023915244912,0.0,0.0,0.0,0.0,0.0,0.0,0.0,0.0
235,3061.8296,159.60551,3.7308207,161.0610813897226,161.0610813897226,0.0,0.0,0.0,0.0,0.0,0.0,0.0,0.0
236,3062.5356,156.70682,3.6869788,160.9617327076534,160.9617327076534,0.0,0.0,0.0,0.0,0.0,0.0,0.0,0.0
237,3063.2402,152.1481,3.6173975,160.86267404419908,160.86267404419908,0.0,0.0,0.0,0.0,0.0,0.0,0.0,0.0
238,3063.9465,153.7826,3.519822,160.76345914221852,160.76345914221852,0.0,0.0,0.0,0.0,0.0,0.0,0.0,0.0
239,3064.6514,155.44511,3.5430348,160.66453378764146,160.66453378764146,0.0,0.0,0.0,0.0,0.0,0.0,0.0,0.0
240,3065.3582,152.82376,3.5163023,160.56541825593683,160.56541825593683,0.0,0.0,0.0,0.0,0.0,0.0,0.0,0.0
241,3066.0632,149.53703,3.6099164,160.46662605244978,160.46662605244978,0.0,0.0,0.0,0.0,0.0,0.0,0.0,0.0
242,3066.7686,152.67554,3.8157613,160.36788316393992,160.36788316393992,0.0,0.0,0.0,0.0,0.0,0.0,0.0,0.0
243,3067.4756,158.50688,3.75965,160.26898477394823,160.26898477394823,0.0,0.0,0.0,0.0,0.0,0.0,0.0,0.0
244,3068.1814,153.2173,3.481505,160.170340679197,160.170340679197,0.0,0.0,0.0,0.0,0.0,0.0,0.0,0.0
245,3068.889,147.15558,3.4440024,160.07154142304418,160.07154142304418,0.0,0.0,0.0,0.0,0.0,0.0,0.0,0.0
246,3069.595,149.31215,3.453069,159.97303015779096,159.97303015779096,0.0,0.0,0.0,0.0,0.0,0.0,0.0,0.0
247,3070.303,155.41954,3.5347145,159.87432999273506,159.87432999273506,0.0,0.0,0.0,0.0,0.0,0.0,0.0,0.0
248,3071.0093,155.32036,3.5531332,159.77595139944341,159.77595139944341,0.0,0.0,0.0,0.0,0.0,0.0,0.0,0.0
249,3071.7156,158.73306,3.57123,159.6776559459033,159.6776559459033,0.0,0.0,0.0,0.0,0.0,0.0,0.0,0.0
250,3072.4238,157.80109,3.5711112,159.57917207150447,159.57917207150447,0.0,0.0,0.0,0.0,0.0,0.0,0.0,0.0
251,3073.131,155.38731,3.5483613,159.48090723806416,159.48090723806416,0.0,0.0,0.0,0.0,0.0,0.0,0.0,0.0
252,3073.8398,153.59021,3.4992707,159.38252224681253,159.38252224681253,0.0,0.0,0.0,0.0,0.0,0.0,0.0,0.0
253,3074.547,152.68889,3.4763825,159.2844236978165,159.2844236978165,0.0,0.0,0.0,0.0,0.0,0.0,0.0,0.0
254,3075.256,154.07495,3.7378023,159.18617133690375,159.18617133690375,0.0,0.0,0.0,0.0,0.0,0.0,0.0,0.0
255,3075.9636,143.60722,3.633235,159.0882049526212,159.0882049526212,0.0,0.0,0.0,0.0,0.0,0.0,0.0,0.0
256,3076.6711,147.54164,3.676755,158.9903213692379,158.9903213692379,0.0,0.0,0.0,0.0,0.0,0.0,0.0,0.0
257,3077.3806,154.23622,3.4675114,158.89225063044887,158.89225063044887,0.0,0.0,0.0,0.0,0.0,0.0,0.0,0.0
258,3078.0886,155.77483,3.508621,158.79446520020178,158.79446520020178,0.0,0.0,0.0,0.0,0.0,0.0,0.0,0.0
259,3078.7986,157.86517,3.7205215,158.6964930071662,158.6964930071662,0.0,0.0,0.0,0.0,0.0,0.0,0.0,0.0
260,3079.5068,160.05554,3.7190373,158.59883936366893,158.59883936366893,0.0,0.0,0.0,0.0,0.0,0.0,0.0,0.0
261,3080.217,154.29471,3.5086648,158.50099929223038,158.50099929223038,0.0,0.0,0.0,0.0,0.0,0.0,0.0,0.0
262,3080.9255,154.64882,3.4766,158.40347725024503,158.40347725024503,0.0,0.0,0.0,0.0,0.0,0.0,0.0,0.0
263,3081.6345,153.4854,3.4903295,158.30597048940675,158.30597048940675,0.0,0.0,0.0,0.0,0.0,0.0,0.0,0.0
264,3082.3447,147.62285,3.4134984,158.20837848906206,158.20837848906206,0.0,0.0,0.0,0.0,0.0,0.0,0.0,0.0
265,3083.054,145.2431,3.379335,158.1110031376992,158.1110031376992,0.0,0.0,0.0,0.0,0.0,0.0,0.0,0.0
266,3083.765,150.4011,3.5070448,158.01347575503033,158.01347575503033,0.0,0.0,0.0,0.0,0.0,0.0,0.0,0.0
267,3084.4744,146.88826,3.499288,157.9162316849807,157.9162316849807,0.0,0.0,0.0,0.0,0.0,0.0,0.0,0.0
268,3085.1855,146.5579,3.538877,157.81883585952437,157.81883585952437,0.0,0.0,0.0,0.0,0.0,0.0,0.0,0.0
269,3085.8953,146.90007,3.5159717,157.72172288607823,157.72172288607823,0.0,0.0,0.0,0.0,0.0,0.0,0.0,0.0
270,3086.6072,144.2035,3.334452,157.6243917042246,157.6243917042246,0.0,0.0,0.0,0.0,0.0,0.0,0.0,0.0
271,3087.3171,144.09248,3.4670928,157.52740969931747,157.52740969931747,0.0,0.0,0.0,0.0,0.0,0.0,0.0,0.0
272,3088.0273,153.86583,3.5422497,157.43047633588668,157.43047633588668,0.0,0.0,0.0,0.0,0.0,0.0,0.0,0.0
273,3088.7395,146.63606,3.3617513,157.33335865302237,157.33335865302237,0.0,0.0,0.0,0.0,0.0,0.0,0.0,0.0
274,3089.45,144.57698,3.3207119,157.23655601000564,157.23655601000564,0.0,0.0,0.0,0.0,0.0,0.0,0.0,0.0
275,3090.1624,149.90762,3.583299,157.1395693778918,157.1395693778918,0.0,0.0,0.0,0.0,0.0,0.0,0.0,0.0
276,3090.8733,150.1354,3.5459526,157.04286407600733,157.04286407600733,0.0,0.0,0.0,0.0,0.0,0.0,0.0,0.0
277,3091.586,143.7747,3.3518448,156.94600833804915,156.94600833804915,0.0,0.0,0.0,0.0,0.0,0.0,0.0,0.0
278,3092.297,150.61215,3.3557372,156.8494334728516,156.8494334728516,0.0,0.0,0.0,0.0,0.0,0.0,0.0,0.0
279,3093.0085,144.2474,3.3496842,156.75290711052526,156.75290711052526,0.0,0.0,0.0,0.0,0.0,0.0,0.0,0.0
280,3093.722,147.7926,3.3287663,156.65619766622905,156.65619766622905,0.0,0.0,0.0,0.0,0.0,0.0,0.0,0.0
281,3094.4336,149.0498,3.3404982,156.55980154910992,156.55980154910992,0.0,0.0,0.0,0.0,0.0,0.0,0.0,0.0
282,3095.1472,147.10034,3.49583,156.46322267811985,156.46322267811985,0.0,0.0,0.0,0.0,0.0,0.0,0.0,0.0
283,3095.8594,150.88034,3.5329158,156.36692362346673,156.36692362346673,0.0,0.0,0.0,0.0,0.0,0.0,0.0,0.0
284,3096.573,147.81271,3.535358,156.27050814059487,156.27050814059487,0.0,0.0,0.0,0.0,0.0,0.0,0.0,0.0
285,3097.2856,149.93814,3.3729289,156.1743060766564,156.1743060766564,0.0,0.0,0.0,0.0,0.0,0.0,0.0,0.0
286,3097.9978,153.61691,3.5027401,156.07825117865357,156.07825117865357,0.0,0.0,0.0,0.0,0.0,0.0,0.0,0.0
287,3098.7124,151.00362,3.4685338,155.98194854120786,155.98194854120786,0.0,0.0,0.0,0.0,0.0,0.0,0.0,0.0
288,3099.425,148.04498,3.3340585,155.88599038703495,155.88599038703495,0.0,0.0,0.0,0.0,0.0,0.0,0.0,0.0
289,3100.1401,151.29977,3.3457236,155.7897849863525,155.7897849863525,0.0,0.0,0.0,0.0,0.0,0.0,0.0,0.0
290,3100.853,148.83191,3.3482592,155.69395636400117,155.69395636400117,0.0,0.0,0.0,0.0,0.0,0.0,0.0,0.0
291,3101.5684,156.86952,3.8097196,155.59788093157331,155.59788093157331,0.0,0.0,0.0,0.0,0.0,0.0,0.0,0.0
292,3102.2817,160.6342,3.8721588,155.50214890952486,155.50214890952486,0.0,0.0,0.0,0.0,0.0,0.0,0.0,0.0
293,3102.9954,154.97922,3.3965912,155.40646505690856,155.40646505690856,0.0,0.0,0.0,0.0,0.0,0.0,0.0,0.0
294,3103.7114,149.45517,3.4654386,155.3105351302751,155.3105351302751,0.0,0.0,0.0,0.0,0.0,0.0,0.0,0.0
295,3104.425,151.30923,3.4721825,155.21501318449384,155.21501318449384,0.0,0.0,0.0,0.0,0.0,0.0,0.0,0.0
296,3105.141,150.4586,3.3783646,155.1192455437275,155.1192455437275,0.0,0.0,0.0,0.0,0.0,0.0,0.0,0.0
297,3105.8555,158.87325,3.4339128,155.0237873253794,155.0237873253794,0.0,0.0,0.0,0.0,0.0,0.0,0.0,0.0
298,3106.5718,154.4502,3.3960402,154.92814912157124,154.92814912157124,0.0,0.0,0.0,0.0,0.0,0.0,0.0,0.0
299,3107.2864,150.74716,3.3495297,154.8328198346121,154.8328198346121,0.0,0.0,0.0,0.0,0.0,0.0,0.0,0.0
300,3108.0015,155.25064,3.5959635,154.7375060503265,154.7375060503265,0.0,0.0,0.0,0.0,0.0,0.0,0.0,0.0
301,3108.7178,157.24713,3.599894,154.6421103467675,154.6421103467675,0.0,0.0,0.0,0.0,0.0,0.0,0.0,0.0
302,3109.4333,151.78784,3.3715005,154.54689283064988,154.54689283064988,0.0,0.0,0.0,0.0,0.0,0.0,0.0,0.0
303,3110.15,158.51286,3.6997154,154.45162605180016,154.45162605180016,0.0,0.0,0.0,0.0,0.0,0.0,0.0,0.0
304,3110.8652,157.25323,3.661347,154.35660201217993,154.35660201217993,0.0,0.0,0.0,0.0,0.0,0.0,0.0,0.0
305,3111.583,154.98706,3.6655803,154.26133435971047,154.26133435971047,0.0,0.0,0.0,0.0,0.0,0.0,0.0,0.0
306,3112.2986,159.54445,3.5499516,154.16643872427775,154.16643872427775,0.0,0.0,0.0,0.0,0.0,0.0,0.0,0.0
307,3113.015,164.5698,3.8013496,154.07152625413562,154.07152625413562,0.0,0.0,0.0,0.0,0.0,0.0,0.0,0.0
308,3113.7322,160.26807,3.6505089,153.97656480105664,153.97656480105664,0.0,0.0,0.0,0.0,0.0,0.0,0.0,0.0
309,3114.449,162.64308,3.4443905,153.88174829146521,153.88174829146521,0.0,0.0,0.0,0.0,0.0,0.0,0.0,0.0
310,3115.167,154.11844,3.4113116,153.78685070068929,153.78685070068929,0.0,0.0,0.0,0.0,0.0,0.0,0.0,0.0
311,3115.8838,153.41457,3.3663735,153.69219461353475,153.69219461353475,0.0,0.0,0.0,0.0,0.0,0.0,0.0,0.0
312,3116.6023,163.18132,3.6835248,153.59739314766472,153.59739314766472,0.0,0.0,0.0,0.0,0.0,0.0,0.0,0.0
313,3117.319,165.04042,3.6917586,153.50289719226552,153.50289719226552,0.0,0.0,0.0,0.0,0.0,0.0,0.0,0.0
314,3118.0364,158.86984,3.6383374,153.40841678943713,153.40841678943713,0.0,0.0,0.0,0.0,0.0,0.0,0.0,0.0
315,3118.7554,161.95087,3.4708827,153.31379143009562,153.31379143009562,0.0,0.0,0.0,0.0,0.0,0.0,0.0,0.0
316,3119.4727,165.1394,3.6213236,153.21947086014515,153.21947086014515,0.0,0.0,0.0,0.0,0.0,0.0,0.0,0.0
317,3120.192,165.82263,3.9082522,153.12497347916099,153.12497347916099,0.0,0.0,0.0,0.0,0.0,0.0,0.0,0.0
318,3120.9102,166.0546,3.919216,153.03068428212333,153.03068428212333,0.0,0.0,0.0,0.0,0.0,0.0,0.0,0.0
319,3121.6296,167.49031,3.7330058,152.93631477941915,152.93631477941915,0.0,0.0,0.0,0.0,0.0,0.0,0.0,0.0
320,3122.3484,169.2355,3.7398999,152.8421211442537,152.8421211442537,0.0,0.0,0.0,0.0,0.0,0.0,0.0,0.0
321,3123.0664,168.97517,3.7779124,152.7481030471075,152.7481030471075,0.0,0.0,0.0,0.0,0.0,0.0,0.0,0.0
322,3123.7869,174.92902,3.8119154,152.65384510134214,152.65384510134214,0.0,0.0,0.0,0.0,0.0,0.0,0.0,0.0
323,3124.5054,170.29984,3.7784615,152.55992224074024,152.55992224074024,0.0,0.0,0.0,0.0,0.0,0.0,0.0,0.0
324,3125.2253,162.38275,3.6803527,152.4658875025897,152.4658875025897,0.0,0.0,0.0,0.0,0.0,0.0,0.0,0.0
325,3125.9446,167.23895,3.492662,152.37202790570075,152.37202790570075,0.0,0.0,0.0,0.0,0.0,0.0,0.0,0.0
326,3126.6653,162.25566,3.4548998,152.27805674564647,152.27805674564647,0.0,0.0,0.0,0.0,0.0,0.0,0.0,0.0
327,3127.385,166.55392,3.5033534,152.18429234822383,152.18429234822383,0.0,0.0,0.0,0.0,0.0,0.0,0.0,0.0
328,3128.1042,169.78725,3.8720925,152.0906707735216,152.0906707735216,0.0,0.0,0.0,0.0,0.0,0.0,0.0,0.0
329,3128.8257,169.38571,3.8678217,151.99684264712567,151.99684264712567,0.0,0.0,0.0,0.0,0.0,0.0,0.0,0.0
330,3129.5454,169.49084,3.6609898,151.90331600160678,151.90331600160678,0.0,0.0,0.0,0.0,0.0,0.0,0.0,0.0
331,3130.267,171.15201,3.656777,151.80961490990393,151.80961490990393,0.0,0.0,0.0,0.0,0.0,0.0,0.0,0.0
332,3130.987,166.77403,3.4887195,151.71621480624165,151.71621480624165,0.0,0.0,0.0,0.0,0.0,0.0,0.0,0.0
333,3131.7092,159.6963,3.4077103,151.62260893706545,151.62260893706545,0.0,0.0,0.0,0.0,0.0,0.0,0.0,0.0
334,3132.4302,169.1276,3.5136037,151.52924040775517,151.52924040775517,0.0,0.0,0.0,0.0,0.0,0.0,0.0,0.0
335,3133.1504,170.5366,3.5011783,151.43604557569677,151.43604557569677,0.0,0.0,0.0,0.0,0.0,0.0,0.0,0.0
336,3133.873,163.23581,3.4558024,151.3426139474718,151.3426139474718,0.0,0.0,0.0,0.0,0.0,0.0,0.0,0.0
337,3134.5938,166.14642,3.5662677,151.24951368364577,151.24951368364577,0.0,0.0,0.0,0.0,0.0,0.0,0.0,0.0
338,3135.3167,164.04297,3.5588837,151.15620859263055,151.15620859263055,0.0,0.0,0.0,0.0,0.0,0.0,0.0,0.0
339,3136.0378,164.80661,3.439699,151.06320285114265,151.06320285114265,0.0,0.0,0.0,0.0,0.0,0.0,0.0,0.0
340,3136.7615,162.65103,3.4211032,150.9699612545613,150.9699612545613,0.0,0.0,0.0,0.0,0.0,0.0,0.0,0.0
341,3137.4827,160.88904,3.4095588,150.8771128787597,150.8771128787597,0.0,0.0,0.0,0.0,0.0,0.0,0.0,0.0
342,3138.2048,162.07413,3.419533,150.7842173598201,150.7842173598201,0.0,0.0,0.0,0.0,0.0,0.0,0.0,0.0
343,3138.9282,163.6483,3.5695817,150.69124356702184,150.69124356702184,0.0,0.0,0.0,0.0,0.0,0.0,0.0,0.0
344,3139.6504,162.44574,3.5294042,150.59850519840336,150.59850519840336,0.0,0.0,0.0,0.0,0.0,0.0,0.0,0.0
345,3140.3745,158.7591,3.5014558,150.50559471640761,150.50559471640761,0.0,0.0,0.0,0.0,0.0,0.0,0.0,0.0
346,3141.0967,162.07877,3.3962626,150.41301323946422,150.41301323946422,0.0,0.0,0.0,0.0,0.0,0.0,0.0,0.0
347,3141.821,163.73561,3.4318929,150.3202286452137,150.3202286452137,0.0,0.0,0.0,0.0,0.0,0.0,0.0,0.0
348,3142.5437,160.1063,3.3716514,150.2277412838056,150.2277412838056,0.0,0.0,0.0,0.0,0.0,0.0,0.0,0.0
349,3143.2688,157.33171,3.352119,150.1350200123132,150.1350200123132,0.0,0.0,0.0,0.0,0.0,0.0,0.0,0.0
350,3143.9917,157.17307,3.3291516,150.04265795250254,150.04265795250254,0.0,0.0,0.0,0.0,0.0,0.0,0.0,0.0
351,3144.715,156.8032,3.3174133,149.95031162140083,149.95031162140083,0.0,0.0,0.0,0.0,0.0,0.0,0.0,0.0
352,3145.4402,155.47534,3.3160753,149.85782545838498,149.85782545838498,0.0,0.0,0.0,0.0,0.0,0.0,0.0,0.0
353,3146.1636,153.9948,3.2900114,149.76563534109377,149.76563534109377,0.0,0.0,0.0,0.0,0.0,0.0,0.0,0.0
354,3146.8892,154.50041,3.2984111,149.67324344387401,149.67324344387401,0.0,0.0,0.0,0.0,0.0,0.0,0.0,0.0
355,3147.613,157.22408,3.3201134,149.58114716085842,149.58114716085842,0.0,0.0,0.0,0.0,0.0,0.0,0.0,0.0
356,3148.339,157.48335,3.3279626,149.48884950848193,149.48884950848193,0.0,0.0,0.0,0.0,0.0,0.0,0.0,0.0
357,3149.063,157.99632,3.3321652,149.39690903024544,149.39690903024544,0.0,0.0,0.0,0.0,0.0,0.0,0.0,0.0
358,3149.7878,162.59247,3.5686371,149.30492233368128,149.30492233368128,0.0,0.0,0.0,0.0,0.0,0.0,0.0,0.0
359,3150.514,156.55183,3.474537,149.21285870653307,149.21285870653307,0.0,0.0,0.0,0.0,0.0,0.0,0.0,0.0
360,3151.239,150.11162,3.2526824,149.1209967097698,149.1209967097698,0.0,0.0,0.0,0.0,0.0,0.0,0.0,0.0
361,3151.9656,159.24515,3.3011181,149.02902703839405,149.02902703839405,0.0,0.0,0.0,0.0,0.0,0.0,0.0,0.0
362,3152.6904,155.00755,3.296228,148.9373513187892,148.9373513187892,0.0,0.0,0.0,0.0,0.0,0.0,0.0,0.0
363,3153.4177,158.1147,3.297007,148.8454446648748,148.8454446648748,0.0,0.0,0.0,0.0,0.0,0.0,0.0,0.0
364,3154.1428,157.55632,3.316313,148.75389321105672,148.75389321105672,0.0,0.0,0.0,0.0,0.0,0.0,0.0,0.0
365,3154.869,156.2412,3.2860959,148.66229594779944,148.66229594779944,0.0,0.0,0.0,0.0,0.0,0.0,0.0,0.0
366,3155.596,157.0361,3.3016768,148.57065310440805,148.57065310440805,0.0,0.0,0.0,0.0,0.0,0.0,0.0,0.0
367,3156.322,157.5852,3.303348,148.47921078376416,148.47921078376416,0.0,0.0,0.0,0.0,0.0,0.0,0.0,0.0
368,3157.0498,158.98277,3.3108034,148.3876307997517,148.3876307997517,0.0,0.0,0.0,0.0,0.0,0.0,0.0,0.0
369,3157.7761,157.66841,3.3035717,148.29631248406554,148.29631248406554,0.0,0.0,0.0,0.0,0.0,0.0,0.0,0.0
370,3158.5042,156.56044,3.2882662,148.2048567542212,148.2048567542212,0.0,0.0,0.0,0.0,0.0,0.0,0.0,0.0
371,3159.231,154.8999,3.642086,148.11363163601067,148.11363163601067,0.0,0.0,0.0,0.0,0.0,0.0,0.0,0.0
372,3159.958,157.32962,3.929359,148.02245303079457,148.02245303079457,0.0,0.0,0.0,0.0,0.0,0.0,0.0,0.0
373,3160.6863,163.68716,3.4994037,147.93119861907508,147.93119861907508,0.0,0.0,0.0,0.0,0.0,0.0,0.0,0.0
374,3161.4138,155.24844,3.2943475,147.84011312738127,147.84011312738127,0.0,0.0,0.0,0.0,0.0,0.0,0.0,0.0
375,3162.1426,155.12181,3.2649457,147.74895202537343,147.74895202537343,0.0,0.0,0.0,0.0,0.0,0.0,0.0,0.0
376,3162.8704,161.1743,3.3228855,147.65799012644314,147.65799012644314,0.0,0.0,0.0,0.0,0.0,0.0,0.0,0.0
377,3163.5996,158.12776,3.2943254,147.5669222861345,147.5669222861345,0.0,0.0,0.0,0.0,0.0,0.0,0.0,0.0
378,3164.3276,152.19257,3.2061677,147.47608382896786,147.47608382896786,0.0,0.0,0.0,0.0,0.0,0.0,0.0,0.0
379,3165.0554,155.90446,3.2295191,147.38535259110597,147.38535259110597,0.0,0.0,0.0,0.0,0.0,0.0,0.0,0.0
380,3165.7854,150.43332,3.1960824,147.2944244337729,147.2944244337729,0.0,0.0,0.0,0.0,0.0,0.0,0.0,0.0
381,3166.5134,156.27715,3.2617047,147.2038162957878,147.2038162957878,0.0,0.0,0.0,0.0,0.0,0.0,0.0,0.0
382,3167.2434,161.02014,3.3077602,147.1130419339561,147.1130419339561,0.0,0.0,0.0,0.0,0.0,0.0,0.0,0.0
383,3167.9724,159.28326,3.4434166,147.022465731695,147.022465731695,0.0,0.0,0.0,0.0,0.0,0.0,0.0,0.0
384,3168.7026,156.63885,3.4279382,146.93181464218287,146.93181464218287,0.0,0.0,0.0,0.0,0.0,0.0,0.0,0.0
385,3169.432,158.59976,3.3793135,146.84136139297814,146.84136139297814,0.0,0.0,0.0,0.0,0.0,0.0,0.0,0.0
386,3170.161,157.78163,3.342725,146.75101486255136,146.75101486255136,0.0,0.0,0.0,0.0,0.0,0.0,0.0,0.0
387,3170.892,150.60838,3.2171798,146.66047270868475,146.66047270868475,0.0,0.0,0.0,0.0,0.0,0.0,0.0,0.0
388,3171.6213,160.39856,3.4481068,146.5702488162307,146.5702488162307,0.0,0.0,0.0,0.0,0.0,0.0,0.0,0.0
389,3172.3528,163.25397,3.5243552,146.4798296471806,146.4798296471806,0.0,0.0,0.0,0.0,0.0,0.0,0.0,0.0
390,3173.0833,153.98027,3.374505,146.38960765038954,146.38960765038954,0.0,0.0,0.0,0.0,0.0,0.0,0.0,0.0
391,3173.8147,155.0809,3.226711,146.2993415081249,146.2993415081249,0.0,0.0,0.0,0.0,0.0,0.0,0.0,0.0
392,3174.545,163.60365,3.421893,146.20930225994312,146.20930225994312,0.0,0.0,0.0,0.0,0.0,0.0,0.0,0.0
393,3175.275,163.41193,3.4216623,146.1193691810173,146.1193691810173,0.0,0.0,0.0,0.0,0.0,0.0,0.0,0.0
394,3176.0076,158.82678,3.26533,146.02918163567696,146.02918163567696,0.0,0.0,0.0,0.0,0.0,0.0,0.0,0.0
395,3176.7378,159.17146,3.2755125,145.93937068261886,145.93937068261886,0.0,0.0,0.0,0.0,0.0,0.0,0.0,0.0
396,3177.4707,161.52516,3.285013,145.8493057094057,145.8493057094057,0.0,0.0,0.0,0.0,0.0,0.0,0.0,0.0
397,3178.2014,156.25107,3.5824382,145.75958674353234,145.75958674353234,0.0,0.0,0.0,0.0,0.0,0.0,0.0,0.0
398,3178.9343,150.02911,3.558313,145.66967413012597,145.66967413012597,0.0,0.0,0.0,0.0,0.0,0.0,0.0,0.0
399,3179.6658,161.5664,3.2626579,145.58001716506826,145.58001716506826,0.0,0.0,0.0,0.0,0.0,0.0,0.0,0.0
400,3180.3972,161.61891,3.3316715,145.49043598533953,145.49043598533953,0.0,0.0,0.0,0.0,0.0,0.0,0.0,0.0
401,3181.1309,156.90729,3.2353957,145.400661748512,145.400661748512,0.0,0.0,0.0,0.0,0.0,0.0,0.0,0.0
402,3181.8623,158.5222,3.2840931,145.31123212219336,145.31123212219336,0.0,0.0,0.0,0.0,0.0,0.0,0.0,0.0
403,3182.5964,162.49016,3.4089565,145.22155010689073,145.22155010689073,0.0,0.0,0.0,0.0,0.0,0.0,0.0,0.0
404,3183.3281,161.98958,3.4144483,145.13224197173975,145.13224197173975,0.0,0.0,0.0,0.0,0.0,0.0,0.0,0.0
405,3184.0625,162.8692,3.2919078,145.0426818901312,145.0426818901312,0.0,0.0,0.0,0.0,0.0,0.0,0.0,0.0
406,3184.7947,159.38435,3.2722228,144.95346533557952,144.95346533557952,0.0,0.0,0.0,0.0,0.0,0.0,0.0,0.0
407,3185.5273,161.78743,3.2968078,144.8642647259053,144.8642647259053,0.0,0.0,0.0,0.0,0.0,0.0,0.0,0.0
408,3186.262,165.4705,3.3215666,144.7749020152905,144.7749020152905,0.0,0.0,0.0,0.0,0.0,0.0,0.0,0.0
409,3186.9949,159.26904,3.2764199,144.68582263732137,144.68582263732137,0.0,0.0,0.0,0.0,0.0,0.0,0.0,0.0
410,3187.73,162.68784,3.293427,144.59655181242823,144.59655181242823,0.0,0.0,0.0,0.0,0.0,0.0,0.0,0.0
411,3188.4634,165.73656,3.3184056,144.50756390643545,144.50756390643545,0.0,0.0,0.0,0.0,0.0,0.0,0.0,0.0
412,3189.1987,163.46272,3.3020935,144.4184145285267,144.4184145285267,0.0,0.0,0.0,0.0,0.0,0.0,0.0,0.0
413,3189.9321,161.89622,3.2637167,144.3295771667515,144.3295771667515,0.0,0.0,0.0,0.0,0.0,0.0,0.0,0.0
414,3190.666,162.31245,3.2854123,144.2407557846246,144.2407557846246,0.0,0.0,0.0,0.0,0.0,0.0,0.0,0.0
415,3191.402,161.54105,3.2754738,144.15174387753092,144.15174387753092,0.0,0.0,0.0,0.0,0.0,0.0,0.0,0.0
416,3192.136,163.9088,3.2963583,144.06307277895138,144.06307277895138,0.0,0.0,0.0,0.0,0.0,0.0,0.0,0.0
417,3192.8723,163.25987,3.278715,143.97418198252942,143.97418198252942,0.0,0.0,0.0,0.0,0.0,0.0,0.0,0.0
418,3193.6067,158.28683,3.2187219,143.88560199768725,143.88560199768725,0.0,0.0,0.0,0.0,0.0,0.0,0.0,0.0
419,3194.3435,156.23473,3.2052224,143.79680275180695,143.79680275180695,0.0,0.0,0.0,0.0,0.0,0.0,0.0,0.0
420,3195.0784,158.70297,3.214931,143.70831385665474,143.70831385665474,0.0,0.0,0.0,0.0,0.0,0.0,0.0,0.0
421,3195.8135,158.64102,3.1993883,143.61987038547167,143.61987038547167,0.0,0.0,0.0,0.0,0.0,0.0,0.0,0.0
422,3196.55,152.86267,3.1641045,143.53132565135135,143.53132565135135,0.0,0.0,0.0,0.0,0.0,0.0,0.0,0.0
423,3197.286,157.43602,3.1646204,143.4429438229168,143.4429438229168,0.0,0.0,0.0,0.0,0.0,0.0,0.0,0.0
424,3198.023,152.88791,3.172986,143.3544903038269,143.3544903038269,0.0,0.0,0.0,0.0,0.0,0.0,0.0,0.0
425,3198.7585,154.62318,3.1258585,143.26628726483264,143.26628726483264,0.0,0.0,0.0,0.0,0.0,0.0,0.0,0.0
426,3199.4966,162.71146,3.457154,143.1778663875038,143.1778663875038,0.0,0.0,0.0,0.0,0.0,0.0,0.0,0.0
427,3200.2324,160.50534,3.4496858,143.08978336685684,143.08978336685684,0.0,0.0,0.0,0.0,0.0,0.0,0.0,0.0
428,3200.9705,162.90034,3.410753,143.0015120790486,143.0015120790486,0.0,0.0,0.0,0.0,0.0,0.0,0.0,0.0
429,3201.7068,154.75659,3.335856,142.91351971633165,142.91351971633165,0.0,0.0,0.0,0.0,0.0,0.0,0.0,0.0
430,3202.4434,153.74277,3.1436667,142.82557257475426,142.82557257475426,0.0,0.0,0.0,0.0,0.0,0.0,0.0,0.0
431,3203.1816,155.79564,3.159319,142.7374959669795,142.7374959669795,0.0,0.0,0.0,0.0,0.0,0.0,0.0,0.0
432,3203.9185,155.7528,3.1594095,142.64966848611348,142.64966848611348,0.0,0.0,0.0,0.0,0.0,0.0,0.0,0.0
433,3204.6575,155.12445,3.1442652,142.5616536444725,142.5616536444725,0.0,0.0,0.0,0.0,0.0,0.0,0.0,0.0
434,3205.3945,150.5348,3.1250517,142.47394570102915,142.47394570102915,0.0,0.0,0.0,0.0,0.0,0.0,0.0,0.0
435,3206.1338,158.3376,3.1493833,142.38605072872164,142.38605072872164,0.0,0.0,0.0,0.0,0.0,0.0,0.0,0.0
436,3206.8713,155.26398,3.1756525,142.29843315978175,142.29843315978175,0.0,0.0,0.0,0.0,0.0,0.0,0.0,0.0
437,3207.6091,153.81747,3.1262865,142.21086067069692,142.21086067069692,0.0,0.0,0.0,0.0,0.0,0.0,0.0,0.0
438,3208.3486,158.64568,3.2019932,142.12315960596237,142.12315960596237,0.0,0.0,0.0,0.0,0.0,0.0,0.0,0.0
439,3209.0872,156.21841,3.1693795,142.03564848787613,142.03564848787613,0.0,0.0,0.0,0.0,0.0,0.0,0.0,0.0
440,3209.8267,152.12804,3.132308,141.94809580215914,141.94809580215914,0.0,0.0,0.0,0.0,0.0,0.0,0.0,0.0
441,3210.5652,151.85396,3.118441,141.86073270766192,141.86073270766192,0.0,0.0,0.0,0.0,0.0,0.0,0.0,0.0
442,3211.306,153.30179,3.125481,141.77318386327374,141.77318386327374,0.0,0.0,0.0,0.0,0.0,0.0,0.0,0.0
443,3212.0442,153.15497,3.1281884,141.68599741519427,141.68599741519427,0.0,0.0,0.0,0.0,0.0,0.0,0.0,0.0
444,3212.7834,152.94792,3.1299396,141.5987694232567,141.5987694232567,0.0,0.0,0.0,0.0,0.0,0.0,0.0,0.0
445,3213.5242,154.83784,3.141113,141.5114425593618,141.5114425593618,0.0,0.0,0.0,0.0,0.0,0.0,0.0,0.0
446,3214.2637,153.0307,3.1445901,141.42433339084306,141.42433339084306,0.0,0.0,0.0,0.0,0.0,0.0,0.0,0.0
447,3215.0046,154.56245,3.1313586,141.33712553233465,141.33712553233465,0.0,0.0,0.0,0.0,0.0,0.0,0.0,0.0
448,3215.744,155.27301,3.3454976,141.2501924108142,141.2501924108142,0.0,0.0,0.0,0.0,0.0,0.0,0.0,0.0
449,3216.4856,157.20978,3.3256352,141.16304599046364,141.16304599046364,0.0,0.0,0.0,0.0,0.0,0.0,0.0,0.0
450,3217.2256,156.20306,3.3697453,141.07617395410327,141.07617395410327,0.0,0.0,0.0,0.0,0.0,0.0,0.0,0.0
451,3217.9658,148.02179,3.0596936,140.98934671472574,140.98934671472574,0.0,0.0,0.0,0.0,0.0,0.0,0.0,0.0
452,3218.7078,149.34772,3.0603652,140.90239266226797,140.90239266226797,0.0,0.0,0.0,0.0,0.0,0.0,0.0,0.0
453,3219.4482,153.43335,3.1119096,140.8156837193237,140.8156837193237,0.0,0.0,0.0,0.0,0.0,0.0,0.0,0.0
454,3220.191,153.44502,3.2422616,140.72879108795678,140.72879108795678,0.0,0.0,0.0,0.0,0.0,0.0,0.0,0.0
455,3220.9314,153.10594,3.2912223,140.64222884679106,140.64222884679106,0.0,0.0,0.0,0.0,0.0,0.0,0.0,0.0
456,3221.6743,151.45132,3.05289,140.55545469025202,140.55545469025202,0.0,0.0,0.0,0.0,0.0,0.0,0.0,0.0
457,3222.4155,147.25365,3.0579114,140.4689534198951,140.4689534198951,0.0,0.0,0.0,0.0,0.0,0.0,0.0,0.0
458,3223.1567,155.3148,3.1104658,140.38252526066825,140.38252526066825,0.0,0.0,0.0,0.0,0.0,0.0,0.0,0.0
459,3223.9001,156.23851,3.1298401,140.29591424902037,140.29591424902037,0.0,0.0,0.0,0.0,0.0,0.0,0.0,0.0
460,3224.6418,150.98164,3.3377194,140.2095754773453,140.2095754773453,0.0,0.0,0.0,0.0,0.0,0.0,0.0,0.0
461,3225.385,150.33781,3.3048456,140.123139375728,140.123139375728,0.0,0.0,0.0,0.0,0.0,0.0,0.0,0.0
462,3226.128,154.06961,3.1095984,140.03680481469263,140.03680481469263,0.0,0.0,0.0,0.0,0.0,0.0,0.0,0.0
463,3226.8716,153.0304,3.0855854,139.95045830138818,139.95045830138818,0.0,0.0,0.0,0.0,0.0,0.0,0.0,0.0
464,3227.6138,150.19652,3.0484107,139.86435477682818,139.86435477682818,0.0,0.0,0.0,0.0,0.0,0.0,0.0,0.0
465,3228.357,147.12004,3.009956,139.7782108552616,139.7782108552616,0.0,0.0,0.0,0.0,0.0,0.0,0.0,0.0
466,3229.1013,151.24364,3.1719909,139.69199848196283,139.69199848196283,0.0,0.0,0.0,0.0,0.0,0.0,0.0,0.0
467,3229.8442,151.12543,3.153148,139.60602857441373,139.60602857441373,0.0,0.0,0.0,0.0,0.0,0.0,0.0,0.0
468,3230.5889,147.77005,3.051074,139.51993381790152,139.51993381790152,0.0,0.0,0.0,0.0,0.0,0.0,0.0,0.0
469,3231.3323,152.49988,3.237956,139.43405293925358,139.43405293925358,0.0,0.0,0.0,0.0,0.0,0.0,0.0,0.0
470,3232.0771,149.82233,3.2216926,139.34807565292425,139.34807565292425,0.0,0.0,0.0,0.0,0.0,0.0,0.0,0.0
471,3232.8206,140.21307,2.9747243,139.26234004115116,139.26234004115116,0.0,0.0,0.0,0.0,0.0,0.0,0.0,0.0
472,3233.5645,145.46155,2.9856424,139.17662063325668,139.17662063325668,0.0,0.0,0.0,0.0,0.0,0.0,0.0,0.0
473,3234.31,148.42712,3.0215468,139.09077701052215,139.09077701052215,0.0,0.0,0.0,0.0,0.0,0.0,0.0,0.0
474,3235.0542,146.50626,3.1827347,139.0051745421772,139.0051745421772,0.0,0.0,0.0,0.0,0.0,0.0,0.0,0.0
475,3235.8,155.31464,3.3669004,138.91944808327193,138.91944808327193,0.0,0.0,0.0,0.0,0.0,0.0,0.0,0.0
476,3236.545,154.21426,3.3817308,138.8339063340557,138.8339063340557,0.0,0.0,0.0,0.0,0.0,0.0,0.0,0.0
477,3237.2908,149.50784,3.310315,138.7483249181447,138.7483249181447,0.0,0.0,0.0,0.0,0.0,0.0,0.0,0.0
478,3238.036,148.92389,3.1719918,138.66289988808984,138.66289988808984,0.0,0.0,0.0,0.0,0.0,0.0,0.0,0.0
479,3238.7805,146.77303,3.1351604,138.5776029986185,138.5776029986185,0.0,0.0,0.0,0.0,0.0,0.0,0.0,0.0
480,3239.527,143.393,2.9604928,138.49215472298394,138.49215472298394,0.0,0.0,0.0,0.0,0.0,0.0,0.0,0.0
481,3240.2725,144.98987,2.9485126,138.4069183428735,138.4069183428735,0.0,0.0,0.0,0.0,0.0,0.0,0.0,0.0
482,3241.0198,142.84186,2.9227412,138.32153094117558,138.32153094117558,0.0,0.0,0.0,0.0,0.0,0.0,0.0,0.0
483,3241.7656,139.85765,2.8965008,138.23638304474514,138.23638304474514,0.0,0.0,0.0,0.0,0.0,0.0,0.0,0.0
484,3242.513,140.76111,2.8994746,138.15114011593369,138.15114011593369,0.0,0.0,0.0,0.0,0.0,0.0,0.0,0.0
485,3243.2593,142.05124,2.9269683,138.06608062853383,138.06608062853383,0.0,0.0,0.0,0.0,0.0,0.0,0.0,0.0
486,3244.0051,143.7882,2.953493,137.9811486441403,137.9811486441403,0.0,0.0,0.0,0.0,0.0,0.0,0.0,0.0
487,3244.753,147.62419,2.975031,137.8960662872463,137.8960662872463,0.0,0.0,0.0,0.0,0.0,0.0,0.0,0.0
488,3245.4995,143.45976,2.9392538,137.81119469323846,137.81119469323846,0.0,0.0,0.0,0.0,0.0,0.0,0.0,0.0
489,3246.2476,142.46158,2.9274821,137.7262285263443,137.7262285263443,0.0,0.0,0.0,0.0,0.0,0.0,0.0,0.0
490,3246.9949,148.62459,2.9705067,137.6414173891031,137.6414173891031,0.0,0.0,0.0,0.0,0.0,0.0,0.0,0.0
491,3247.7434,148.81671,3.1048427,137.5565396184214,137.5565396184214,0.0,0.0,0.0,0.0,0.0,0.0,0.0,0.0
492,3248.4907,144.45964,3.0250742,137.47187197257225,137.47187197257225,0.0,0.0,0.0,0.0,0.0,0.0,0.0,0.0
493,3249.238,148.89145,3.1372468,137.38727589819408,137.38727589819408,0.0,0.0,0.0,0.0,0.0,0.0,0.0,0.0
494,3249.987,149.63797,3.1580088,137.30255810650766,137.30255810650766,0.0,0.0,0.0,0.0,0.0,0.0,0.0,0.0
495,3250.7349,147.09006,2.9672604,137.21804995090446,137.21804995090446,0.0,0.0,0.0,0.0,0.0,0.0,0.0,0.0
496,3251.4844,144.52605,2.9309914,137.13342034431687,137.13342034431687,0.0,0.0,0.0,0.0,0.0,0.0,0.0,0.0
497,3252.2327,143.42387,2.9176981,137.0490000795144,137.0490000795144,0.0,0.0,0.0,0.0,0.0,0.0,0.0,0.0
498,3252.9822,146.03296,2.9492369,136.96451364622044,136.96451364622044,0.0,0.0,0.0,0.0,0.0,0.0,0.0,0.0
499,3253.731,149.61038,2.957379,136.8801811974982,136.8801811974982,0.0,0.0,0.0,0.0,0.0,0.0,0.0,0.0
500,3254.479,140.64502,2.9014626,136.79600244718003,136.79600244718003,0.0,0.0,0.0,0.0,0.0,0.0,0.0,0.0
501,3255.2297,144.80807,3.0445848,136.71159296868836,136.71159296868836,0.0,0.0,0.0,0.0,0.0,0.0,0.0,0.0
502,3255.9785,146.51402,3.0792387,136.6274743443699,136.6274743443699,0.0,0.0,0.0,0.0,0.0,0.0,0.0,0.0
503,3256.7295,142.59288,2.8902483,136.543180273038,136.543180273038,0.0,0.0,0.0,0.0,0.0,0.0,0.0,0.0
504,3257.4788,140.30396,2.8621387,136.45914920834676,136.45914920834676,0.0,0.0,0.0,0.0,0.0,0.0,0.0,0.0
505,3258.2297,144.9285,2.9118032,136.37499774506358,136.37499774506358,0.0,0.0,0.0,0.0,0.0,0.0,0.0,0.0
506,3258.9795,150.92679,3.1329672,136.29105416529973,136.29105416529973,0.0,0.0,0.0,0.0,0.0,0.0,0.0,0.0
507,3259.7312,143.62079,3.0673842,136.20696315083552,136.20696315083552,0.0,0.0,0.0,0.0,0.0,0.0,0.0,0.0
508,3260.4807,145.90717,3.0892243,136.12318888003446,136.12318888003446,0.0,0.0,0.0,0.0,0.0,0.0,0.0,0.0
509,3261.2314,146.18019,3.0903857,136.03934910531515,136.03934910531515,0.0,0.0,0.0,0.0,0.0,0.0,0.0,0.0
510,3261.9832,140.92299,3.0442963,135.95547132676379,135.95547132676379,0.0,0.0,0.0,0.0,0.0,0.0,0.0,0.0
511,3262.734,143.72327,3.0527327,135.87177340312778,135.87177340312778,0.0,0.0,0.0,0.0,0.0,0.0,0.0,0.0
512,3263.4858,140.79526,2.8872242,135.78801032301647,135.78801032301647,0.0,0.0,0.0,0.0,0.0,0.0,0.0,0.0
513,3264.2368,142.77432,2.886882,135.70442680698164,135.70442680698164,0.0,0.0,0.0,0.0,0.0,0.0,0.0,0.0
514,3264.9895,139.84004,2.8693016,135.62072398147313,135.62072398147313,0.0,0.0,0.0,0.0,0.0,0.0,0.0,0.0
515,3265.7405,140.01312,2.8666472,135.53728186754708,135.53728186754708,0.0,0.0,0.0,0.0,0.0,0.0,0.0,0.0
516,3266.4922,143.31134,2.8878887,135.4538289830676,135.4538289830676,0.0,0.0,0.0,0.0,0.0,0.0,0.0,0.0
517,3267.2449,140.50555,2.8646355,135.3703383889358,135.3703383889358,0.0,0.0,0.0,0.0,0.0,0.0,0.0,0.0
518,3267.997,145.10837,2.8831682,135.28697256364202,135.28697256364202,0.0,0.0,0.0,0.0,0.0,0.0,0.0,0.0
519,3268.7502,141.40692,2.88038,135.20356915157694,135.20356915157694,0.0,0.0,0.0,0.0,0.0,0.0,0.0,0.0
520,3269.5024,142.3908,2.87017,135.12034435795405,135.12034435795405,0.0,0.0,0.0,0.0,0.0,0.0,0.0,0.0
521,3270.2563,141.70512,2.8579106,135.0370010747454,135.0370010747454,0.0,0.0,0.0,0.0,0.0,0.0,0.0,0.0
522,3271.0085,139.76971,2.8487008,134.95391707784054,134.95391707784054,0.0,0.0,0.0,0.0,0.0,0.0,0.0,0.0
523,3271.7612,144.50996,2.869664,134.87084942118742,134.87084942118742,0.0,0.0,0.0,0.0,0.0,0.0,0.0,0.0
524,3272.5156,137.96188,2.830771,134.7876636180088,134.7876636180088,0.0,0.0,0.0,0.0,0.0,0.0,0.0,0.0
525,3273.2683,146.28464,2.9833384,134.70473648627748,134.70473648627748,0.0,0.0,0.0,0.0,0.0,0.0,0.0,0.0
526,3274.0232,143.02666,2.9779577,134.6216376474126,134.6216376474126,0.0,0.0,0.0,0.0,0.0,0.0,0.0,0.0
527,3274.7766,141.91887,2.8740525,134.53877025970488,134.53877025970488,0.0,0.0,0.0,0.0,0.0,0.0,0.0,0.0
528,3275.5317,147.3057,2.9097266,134.4557851965996,134.4557851965996,0.0,0.0,0.0,0.0,0.0,0.0,0.0,0.0
529,3276.285,142.23679,2.8839316,134.3730847979939,134.3730847979939,0.0,0.0,0.0,0.0,0.0,0.0,0.0,0.0
530,3277.0388,144.16884,2.8663094,134.29037393845783,134.29037393845783,0.0,0.0,0.0,0.0,0.0,0.0,0.0,0.0
531,3277.7944,135.76277,2.9634876,134.20754574416534,134.20754574416534,0.0,0.0,0.0,0.0,0.0,0.0,0.0,0.0
532,3278.5486,145.4978,3.118797,134.1249480789325,134.1249480789325,0.0,0.0,0.0,0.0,0.0,0.0,0.0,0.0
533,3279.3044,148.85121,3.0277414,134.04223329047758,134.04223329047758,0.0,0.0,0.0,0.0,0.0,0.0,0.0,0.0
534,3280.059,138.98543,2.9245439,133.9597219713492,133.9597219713492,0.0,0.0,0.0,0.0,0.0,0.0,0.0,0.0
535,3280.8152,141.60469,2.8471606,133.8771204454864,133.8771204454864,0.0,0.0,0.0,0.0,0.0,0.0,0.0,0.0
536,3281.57,136.78809,2.792142,133.79472205771592,133.79472205771592,0.0,0.0,0.0,0.0,0.0,0.0,0.0,0.0
537,3282.325,140.54002,2.8240876,133.7123933193308,133.7123933193308,0.0,0.0,0.0,0.0,0.0,0.0,0.0,0.0
538,3283.082,137.87706,2.7895212,133.62989482211472,133.62989482211472,0.0,0.0,0.0,0.0,0.0,0.0,0.0,0.0
539,3283.8374,138.57887,2.8213441,133.5476522199939,133.5476522199939,0.0,0.0,0.0,0.0,0.0,0.0,0.0,0.0
540,3284.5942,142.40323,2.825003,133.46531984688843,133.46531984688843,0.0,0.0,0.0,0.0,0.0,0.0,0.0,0.0
541,3285.35,137.36491,2.827286,133.38316328362708,133.38316328362708,0.0,0.0,0.0,0.0,0.0,0.0,0.0,0.0
542,3286.1082,145.7116,2.8561485,133.30083765102918,133.30083765102918,0.0,0.0,0.0,0.0,0.0,0.0,0.0,0.0
543,3286.8638,139.19771,2.832057,133.21884660454174,133.21884660454174,0.0,0.0,0.0,0.0,0.0,0.0,0.0,0.0
544,3287.62,140.66876,2.9102063,133.13684544500893,133.13684544500893,0.0,0.0,0.0,0.0,0.0,0.0,0.0,0.0
545,3288.378,141.14798,2.9136488,133.05475499287317,133.05475499287317,0.0,0.0,0.0,0.0,0.0,0.0,0.0,0.0
546,3289.135,136.24144,2.7720394,132.97281329414253,132.97281329414253,0.0,0.0,0.0,0.0,0.0,0.0,0.0,0.0
547,3289.8933,139.46764,2.8004112,132.89080894684997,132.89080894684997,0.0,0.0,0.0,0.0,0.0,0.0,0.0,0.0
548,3290.6501,139.39688,2.792977,132.8090322639177,132.8090322639177,0.0,0.0,0.0,0.0,0.0,0.0,0.0,0.0
549,3291.409,138.02565,2.8128426,132.72711392357172,132.72711392357172,0.0,0.0,0.0,0.0,0.0,0.0,0.0,0.0
550,3292.1658,140.14555,2.8134153,132.64547556741078,132.64547556741078,0.0,0.0,0.0,0.0,0.0,0.0,0.0,0.0
551,3292.9236,137.9227,2.9710064,132.5638009677773,132.5638009677773,0.0,0.0,0.0,0.0,0.0,0.0,0.0,0.0
552,3293.683,136.85143,2.9707747,132.48201147959557,132.48201147959557,0.0,0.0,0.0,0.0,0.0,0.0,0.0,0.0
553,3294.441,145.80536,3.1194384,132.4004750942924,132.4004750942924,0.0,0.0,0.0,0.0,0.0,0.0,0.0,0.0
554,3295.2004,133.42615,2.9445133,132.31882398301136,132.31882398301136,0.0,0.0,0.0,0.0,0.0,0.0,0.0,0.0
555,3295.959,135.9927,2.791341,132.23734687673212,132.23734687673212,0.0,0.0,0.0,0.0,0.0,0.0,0.0,0.0
556,3296.7188,135.72746,2.756405,132.15580772083325,132.15580772083325,0.0,0.0,0.0,0.0,0.0,0.0,0.0,0.0
557,3297.4768,133.59485,2.7523499,132.0745207929883,132.0745207929883,0.0,0.0,0.0,0.0,0.0,0.0,0.0,0.0
558,3298.2356,134.92859,2.7406113,131.99322409252596,131.99322409252596,0.0,0.0,0.0,0.0,0.0,0.0,0.0,0.0
559,3298.996,135.31197,2.7466235,131.91181324840827,131.91181324840827,0.0,0.0,0.0,0.0,0.0,0.0,0.0,0.0
560,3299.7551,135.63434,2.7558048,131.83062797609736,131.83062797609736,0.0,0.0,0.0,0.0,0.0,0.0,0.0,0.0
561,3300.516,137.91072,2.759389,131.7493026859254,131.7493026859254,0.0,0.0,0.0,0.0,0.0,0.0,0.0,0.0
562,3301.2756,133.85294,2.7491455,131.66820264256813,131.66820264256813,0.0,0.0,0.0,0.0,0.0,0.0,0.0,0.0
563,3302.0366,134.24043,2.7184348,131.58701494628357,131.58701494628357,0.0,0.0,0.0,0.0,0.0,0.0,0.0,0.0
564,3302.7961,139.11848,2.7889109,131.5060520841512,131.5060520841512,0.0,0.0,0.0,0.0,0.0,0.0,0.0,0.0
565,3303.556,134.80847,3.0019658,131.42513164428516,131.42513164428516,0.0,0.0,0.0,0.0,0.0,0.0,0.0,0.0
566,3304.3176,133.8103,3.0193918,131.34407183096803,131.34407183096803,0.0,0.0,0.0,0.0,0.0,0.0,0.0,0.0
567,3305.0781,133.062,2.99408,131.26321041864162,131.26321041864162,0.0,0.0,0.0,0.0,0.0,0.0,0.0,0.0
568,3305.8398,134.81062,2.7291954,131.1822877462406,131.1822877462406,0.0,0.0,0.0,0.0,0.0,0.0,0.0,0.0
569,3306.6006,137.84117,2.7560554,131.10153720383826,131.10153720383826,0.0,0.0,0.0,0.0,0.0,0.0,0.0,0.0
570,3307.363,138.71272,2.7719646,131.0206737535293,131.0206737535293,0.0,0.0,0.0,0.0,0.0,0.0,0.0,0.0
571,3308.124,136.6923,2.834904,130.94003396201217,130.94003396201217,0.0,0.0,0.0,0.0,0.0,0.0,0.0,0.0
572,3308.8853,137.1957,2.847391,130.85943649477886,130.85943649477886,0.0,0.0,0.0,0.0,0.0,0.0,0.0,0.0
573,3309.648,136.50658,2.739358,130.77875226258837,130.77875226258837,0.0,0.0,0.0,0.0,0.0,0.0,0.0,0.0
574,3310.4094,135.15808,2.7286856,130.69826532424412,130.69826532424412,0.0,0.0,0.0,0.0,0.0,0.0,0.0,0.0
575,3311.1729,134.39162,2.7105618,130.61764023476886,130.61764023476886,0.0,0.0,0.0,0.0,0.0,0.0,0.0,0.0
576,3311.9343,134.20131,2.6990352,130.5372894573151,130.5372894573151,0.0,0.0,0.0,0.0,0.0,0.0,0.0,0.0
577,3312.6982,134.04074,2.7002246,130.45674927304663,130.45674927304663,0.0,0.0,0.0,0.0,0.0,0.0,0.0,0.0
578,3313.4602,134.44456,2.6959398,130.37648299253854,130.37648299253854,0.0,0.0,0.0,0.0,0.0,0.0,0.0,0.0
579,3314.2227,131.25801,2.664487,130.2962331653688,130.2962331653688,0.0,0.0,0.0,0.0,0.0,0.0,0.0,0.0
580,3314.9866,136.7198,2.728476,130.21589719376712,130.21589719376712,0.0,0.0,0.0,0.0,0.0,0.0,0.0,0.0
581,3315.749,138.42834,2.7326095,130.13578310045568,130.13578310045568,0.0,0.0,0.0,0.0,0.0,0.0,0.0,0.0
582,3316.5142,134.71043,2.7141929,130.05545487534692,130.05545487534692,0.0,0.0,0.0,0.0,0.0,0.0,0.0,0.0
583,3317.2769,138.92453,2.749009,129.97545073349698,129.97545073349698,0.0,0.0,0.0,0.0,0.0,0.0,0.0,0.0
584,3318.042,132.64745,2.683023,129.8952584112779,129.8952584112779,0.0,0.0,0.0,0.0,0.0,0.0,0.0,0.0
585,3318.8052,136.55876,2.7298303,129.8153384820836,129.8153384820836,0.0,0.0,0.0,0.0,0.0,0.0,0.0,0.0
586,3319.5708,137.3143,2.727568,129.73523074623407,129.73523074623407,0.0,0.0,0.0,0.0,0.0,0.0,0.0,0.0
587,3320.3345,135.66138,2.7139475,129.65539499782915,129.65539499782915,0.0,0.0,0.0,0.0,0.0,0.0,0.0,0.0
588,3321.098,136.6349,2.7209997,129.57565221194412,129.57565221194412,0.0,0.0,0.0,0.0,0.0,0.0,0.0,0.0
589,3321.864,137.02907,2.7180097,129.49569662307223,129.49569662307223,0.0,0.0,0.0,0.0,0.0,0.0,0.0,0.0
590,3322.628,133.48561,2.6999884,129.4160378191227,129.4160378191227,0.0,0.0,0.0,0.0,0.0,0.0,0.0,0.0
591,3323.3945,135.30627,2.7025545,129.33616662727556,129.33616662727556,0.0,0.0,0.0,0.0,0.0,0.0,0.0,0.0
592,3324.1587,133.71158,2.68139,129.25661717766678,129.25661717766678,0.0,0.0,0.0,0.0,0.0,0.0,0.0,0.0
593,3324.9255,134.37367,2.8596401,129.17685571143127,129.17685571143127,0.0,0.0,0.0,0.0,0.0,0.0,0.0,0.0
594,3325.6902,136.68645,2.8570213,129.09739009365632,129.09739009365632,0.0,0.0,0.0,0.0,0.0,0.0,0.0,0.0
595,3326.4553,131.71109,2.6797142,129.0179409325743,129.0179409325743,0.0,0.0,0.0,0.0,0.0,0.0,0.0,0.0
596,3327.2224,134.52522,2.6846955,128.93835637320788,128.93835637320788,0.0,0.0,0.0,0.0,0.0,0.0,0.0,0.0
597,3327.9878,131.83818,2.6648443,128.8590163143705,128.8590163143705,0.0,0.0,0.0,0.0,0.0,0.0,0.0,0.0
598,3328.7556,131.86275,2.6606421,128.77949054677921,128.77949054677921,0.0,0.0,0.0,0.0,0.0,0.0,0.0,0.0
599,3329.5212,136.38503,2.7253244,128.70025947209933,128.70025947209933,0.0,0.0,0.0,0.0,0.0,0.0,0.0,0.0
600,3330.2888,137.92313,2.7870777,128.6208934805894,128.6208934805894,0.0,0.0,0.0,0.0,0.0,0.0,0.0,0.0
601,3331.0554,133.2349,2.7426002,128.54169555187133,128.54169555187133,0.0,0.0,0.0,0.0,0.0,0.0,0.0,0.0
602,3331.8215,138.65166,2.793376,128.46261497712857,128.46261497712857,0.0,0.0,0.0,0.0,0.0,0.0,0.0,0.0
603,3332.59,135.53006,2.7637906,128.38334952877364,128.38334952877364,0.0,0.0,0.0,0.0,0.0,0.0,0.0,0.0
604,3333.3567,136.81786,2.8765645,128.30435243188268,128.30435243188268,0.0,0.0,0.0,0.0,0.0,0.0,0.0,0.0
605,3334.1255,137.82864,2.8789694,128.2251959548722,128.2251959548722,0.0,0.0,0.0,0.0,0.0,0.0,0.0,0.0
606,3334.8923,135.06285,2.7186944,128.14630738705466,128.14630738705466,0.0,0.0,0.0,0.0,0.0,0.0,0.0,0.0
607,3335.661,137.01775,2.7349877,128.06730988820408,128.06730988820408,0.0,0.0,0.0,0.0,0.0,0.0,0.0,0.0
608,3336.4285,139.30978,2.7444265,127.98847952157892,127.98847952157892,0.0,0.0,0.0,0.0,0.0,0.0,0.0,0.0
609,3337.1963,135.3696,2.7167766,127.9096907534761,127.9096907534761,0.0,0.0,0.0,0.0,0.0,0.0,0.0,0.0
610,3337.966,133.74443,2.682954,127.83076843379772,127.83076843379772,0.0,0.0,0.0,0.0,0.0,0.0,0.0,0.0
611,3338.7336,134.75705,2.6966543,127.75213798374035,127.75213798374035,0.0,0.0,0.0,0.0,0.0,0.0,0.0,0.0
612,3339.5034,136.76283,2.8627672,127.67334915707161,127.67334915707161,0.0,0.0,0.0,0.0,0.0,0.0,0.0,0.0
613,3340.2717,139.44653,2.8703225,127.59477680523841,127.59477680523841,0.0,0.0,0.0,0.0,0.0,0.0,0.0,0.0
614,3341.042,135.99672,2.7113104,127.51607137650585,127.51607137650585,0.0,0.0,0.0,0.0,0.0,0.0,0.0,0.0
615,3341.8105,136.70992,2.7132938,127.43760702478185,127.43760702478185,0.0,0.0,0.0,0.0,0.0,0.0,0.0,0.0
616,3342.5793,138.08922,2.7137825,127.35918408753219,127.35918408753219,0.0,0.0,0.0,0.0,0.0,0.0,0.0,0.0
617,3343.3503,138.64491,2.7318966,127.28060357676856,127.28060357676856,0.0,0.0,0.0,0.0,0.0,0.0,0.0,0.0
618,3344.1194,137.51132,2.799876,127.20228846363048,127.20228846363048,0.0,0.0,0.0,0.0,0.0,0.0,0.0,0.0
619,3344.8904,134.54301,2.7750952,127.12384088546324,127.12384088546324,0.0,0.0,0.0,0.0,0.0,0.0,0.0,0.0
620,3345.6602,136.7722,2.7849967,127.04558379728945,127.04558379728945,0.0,0.0,0.0,0.0,0.0,0.0,0.0,0.0
621,3346.4314,136.04065,2.7040062,126.96724414043759,126.96724414043759,0.0,0.0,0.0,0.0,0.0,0.0,0.0,0.0
622,3347.2017,132.79538,2.652309,126.8890698953647,126.8890698953647,0.0,0.0,0.0,0.0,0.0,0.0,0.0,0.0
623,3347.9717,131.84026,2.6408215,126.81098649987428,126.81098649987428,0.0,0.0,0.0,0.0,0.0,0.0,0.0,0.0
624,3348.744,133.37778,2.6727493,126.73274656475628,126.73274656475628,0.0,0.0,0.0,0.0,0.0,0.0,0.0,0.0
625,3349.514,132.37802,2.6414187,126.65479526673019,126.65479526673019,0.0,0.0,0.0,0.0,0.0,0.0,0.0,0.0
626,3350.2864,129.61621,2.6161828,126.57666297976463,126.57666297976463,0.0,0.0,0.0,0.0,0.0,0.0,0.0,0.0
627,3351.0574,129.97437,2.6250055,126.49874486460114,126.49874486460114,0.0,0.0,0.0,0.0,0.0,0.0,0.0,0.0
628,3351.83,132.16473,2.6443129,126.42072012913992,126.42072012913992,0.0,0.0,0.0,0.0,0.0,0.0,0.0,0.0
629,3352.6013,134.01846,2.8165004,126.34290921444656,126.34290921444656,0.0,0.0,0.0,0.0,0.0,0.0,0.0,0.0
630,3353.3723,133.51924,2.7834244,126.26518867323895,126.26518867323895,0.0,0.0,0.0,0.0,0.0,0.0,0.0,0.0
631,3354.1455,131.32292,2.6546369,126.18731257769322,126.18731257769322,0.0,0.0,0.0,0.0,0.0,0.0,0.0,0.0
632,3354.9175,134.23715,2.819233,126.10962523993314,126.10962523993314,0.0,0.0,0.0,0.0,0.0,0.0,0.0,0.0
633,3355.6907,133.46358,2.8009388,126.03188089848874,126.03188089848874,0.0,0.0,0.0,0.0,0.0,0.0,0.0,0.0
634,3356.4631,130.79022,2.6260731,125.9542759310064,125.9542759310064,0.0,0.0,0.0,0.0,0.0,0.0,0.0,0.0
635,3357.2368,129.99245,2.6166103,125.87661410904012,125.87661410904012,0.0,0.0,0.0,0.0,0.0,0.0,0.0,0.0
636,3358.009,130.80063,2.6148648,125.79916490484378,125.79916490484378,0.0,0.0,0.0,0.0,0.0,0.0,0.0,0.0
637,3358.7817,130.35632,2.6239965,125.72173223552309,125.72173223552309,0.0,0.0,0.0,0.0,0.0,0.0,0.0,0.0
638,3359.556,130.91075,2.6333175,125.64421841774289,125.64421841774289,0.0,0.0,0.0,0.0,0.0,0.0,0.0,0.0
639,3360.329,129.07895,2.5972896,125.5668678890097,125.5668678890097,0.0,0.0,0.0,0.0,0.0,0.0,0.0,0.0
640,3361.104,130.83673,2.6499116,125.48941200870007,125.48941200870007,0.0,0.0,0.0,0.0,0.0,0.0,0.0,0.0
641,3361.8772,132.67169,2.6220026,125.41219235171013,125.41219235171013,0.0,0.0,0.0,0.0,0.0,0.0,0.0,0.0
642,3362.6526,130.20346,2.6309292,125.33481878796987,125.33481878796987,0.0,0.0,0.0,0.0,0.0,0.0,0.0,0.0
643,3363.4258,127.302795,2.5768812,125.25772976233732,125.25772976233732,0.0,0.0,0.0,0.0,0.0,0.0,0.0,0.0
644,3364.2,131.10182,2.6148162,125.18060861252462,125.18060861252462,0.0,0.0,0.0,0.0,0.0,0.0,0.0,0.0
645,3364.9753,132.39839,2.6319432,125.10343122533206,125.10343122533206,0.0,0.0,0.0,0.0,0.0,0.0,0.0,0.0
646,3365.7502,131.16953,2.6092007,125.02636772433452,125.02636772433452,0.0,0.0,0.0,0.0,0.0,0.0,0.0,0.0
647,3366.5261,127.41835,2.5651412,124.949272423152,124.949272423152,0.0,0.0,0.0,0.0,0.0,0.0,0.0,0.0
648,3367.3005,124.8872,2.5529628,124.87238778064294,124.87238778064294,0.0,0.0,0.0,0.0,0.0,0.0,0.0,0.0
649,3368.0771,128.45894,2.5724635,124.79535024083029,124.79535024083029,0.0,0.0,0.0,0.0,0.0,0.0,0.0,0.0
650,3368.8518,128.69406,2.5792248,124.71857147087634,124.71857147087634,0.0,0.0,0.0,0.0,0.0,0.0,0.0,0.0
651,3369.6272,128.27339,2.5851102,124.64178507426008,124.64178507426008,0.0,0.0,0.0,0.0,0.0,0.0,0.0,0.0
652,3370.4038,131.3333,2.6011508,124.56494287237042,124.56494287237042,0.0,0.0,0.0,0.0,0.0,0.0,0.0,0.0
653,3371.1797,129.78578,2.5958695,124.4882381095362,124.4882381095362,0.0,0.0,0.0,0.0,0.0,0.0,0.0,0.0
654,3371.9568,125.37337,2.5575204,124.41147768763231,124.41147768763231,0.0,0.0,0.0,0.0,0.0,0.0,0.0,0.0
655,3372.7322,130.58075,2.5966477,124.33495086458817,124.33495086458817,0.0,0.0,0.0,0.0,0.0,0.0,0.0,0.0
656,3373.51,130.69084,2.6067574,124.25824804136266,124.25824804136266,0.0,0.0,0.0,0.0,0.0,0.0,0.0,0.0
657,3374.2861,130.25337,2.590903,124.18177851424636,124.18177851424636,0.0,0.0,0.0,0.0,0.0,0.0,0.0,0.0
658,3375.0645,129.18614,2.6048274,124.10515740106023,124.10515740106023,0.0,0.0,0.0,0.0,0.0,0.0,0.0,0.0
659,3375.8406,131.00381,2.6677334,124.02881724824445,124.02881724824445,0.0,0.0,0.0,0.0,0.0,0.0,0.0,0.0
660,3376.6172,134.01274,2.7279074,123.95249362001235,123.95249362001235,0.0,0.0,0.0,0.0,0.0,0.0,0.0,0.0
661,3377.3962,131.32187,2.599648,123.87599486349116,123.87599486349116,0.0,0.0,0.0,0.0,0.0,0.0,0.0,0.0
662,3378.1729,130.25871,2.5869956,123.79980037489807,123.79980037489807,0.0,0.0,0.0,0.0,0.0,0.0,0.0,0.0
663,3378.952,130.9191,2.58551,123.72343102455193,123.72343102455193,0.0,0.0,0.0,0.0,0.0,0.0,0.0,0.0
664,3379.7292,127.66719,2.5533378,123.64729369064054,123.64729369064054,0.0,0.0,0.0,0.0,0.0,0.0,0.0,0.0
665,3380.5085,128.0023,2.5697405,123.5710296467486,123.5710296467486,0.0,0.0,0.0,0.0,0.0,0.0,0.0,0.0
666,3381.2866,131.66351,2.585855,123.49494951367491,123.49494951367491,0.0,0.0,0.0,0.0,0.0,0.0,0.0,0.0
667,3382.0642,127.273605,2.5484343,123.41898139389419,123.41898139389419,0.0,0.0,0.0,0.0,0.0,0.0,0.0,0.0
668,3382.8442,127.864555,2.5454793,123.34283923820635,123.34283923820635,0.0,0.0,0.0,0.0,0.0,0.0,0.0,0.0
669,3383.6223,132.44818,2.592469,123.26695200781562,123.26695200781562,0.0,0.0,0.0,0.0,0.0,0.0,0.0,0.0
670,3384.4023,132.21318,2.5897381,123.19093864945256,123.19093864945256,0.0,0.0,0.0,0.0,0.0,0.0,0.0,0.0
671,3385.1814,130.55963,2.5855703,123.11508471096248,123.11508471096248,0.0,0.0,0.0,0.0,0.0,0.0,0.0,0.0
672,3385.9617,131.3015,2.5821629,123.03917621234692,123.03917621234692,0.0,0.0,0.0,0.0,0.0,0.0,0.0,0.0
673,3386.741,130.685,2.5650146,122.96342687451636,122.96342687451636,0.0,0.0,0.0,0.0,0.0,0.0,0.0,0.0
674,3387.5195,128.91531,2.5516326,122.88781268667623,122.88781268667623,0.0,0.0,0.0,0.0,0.0,0.0,0.0,0.0
675,3388.3013,128.76604,2.5486934,122.8119545057693,122.8119545057693,0.0,0.0,0.0,0.0,0.0,0.0,0.0,0.0
676,3389.0806,129.07758,2.5666058,122.7363972432391,122.7363972432391,0.0,0.0,0.0,0.0,0.0,0.0,0.0,0.0
677,3389.8618,128.75105,2.545824,122.660714695042,122.660714695042,0.0,0.0,0.0,0.0,0.0,0.0,0.0,0.0
678,3390.642,128.58731,2.5558863,122.58519072198547,122.58519072198547,0.0,0.0,0.0,0.0,0.0,0.0,0.0,0.0
679,3391.4238,129.45042,2.551137,122.50958900731001,122.50958900731001,0.0,0.0,0.0,0.0,0.0,0.0,0.0,0.0
680,3392.2043,127.92675,2.5365267,122.43416923075675,122.43416923075675,0.0,0.0,0.0,0.0,0.0,0.0,0.0,0.0
681,3392.9844,127.904335,2.5367947,122.35886034160869,122.35886034160869,0.0,0.0,0.0,0.0,0.0,0.0,0.0,0.0
682,3393.7664,128.92307,2.538503,122.28342674211402,122.28342674211402,0.0,0.0,0.0,0.0,0.0,0.0,0.0,0.0
683,3394.5476,127.17153,2.5259855,122.20812757325761,122.20812757325761,0.0,0.0,0.0,0.0,0.0,0.0,0.0,0.0
684,3395.33,126.15828,2.5187416,122.13277457813683,122.13277457813683,0.0,0.0,0.0,0.0,0.0,0.0,0.0,0.0
685,3396.1113,131.50969,2.537765,122.05760279892525,122.05760279892525,0.0,0.0,0.0,0.0,0.0,0.0,0.0,0.0
686,3396.8943,126.057205,2.5010536,121.9823303324532,121.9823303324532,0.0,0.0,0.0,0.0,0.0,0.0,0.0,0.0
687,3397.6755,130.80579,2.534188,121.90728570852072,121.90728570852072,0.0,0.0,0.0,0.0,0.0,0.0,0.0,0.0
688,3398.4575,128.03247,2.5153959,121.83223422515468,121.83223422515468,0.0,0.0,0.0,0.0,0.0,0.0,0.0,0.0
689,3399.2412,125.27654,2.4880848,121.7570823849125,121.7570823849125,0.0,0.0,0.0,0.0,0.0,0.0,0.0,0.0
690,3400.0234,130.68663,2.541865,121.68213450238787,121.68213450238787,0.0,0.0,0.0,0.0,0.0,0.0,0.0,0.0
691,3400.8074,131.25635,2.5443227,121.60708644313956,121.60708644313956,0.0,0.0,0.0,0.0,0.0,0.0,0.0,0.0
692,3401.5894,125.9309,2.5005474,121.53228869193374,121.53228869193374,0.0,0.0,0.0,0.0,0.0,0.0,0.0,0.0
693,3402.3738,127.51707,2.4976606,121.45732089643418,121.45732089643418,0.0,0.0,0.0,0.0,0.0,0.0,0.0,0.0
694,3403.1565,130.34386,2.5351276,121.38257973236261,121.38257973236261,0.0,0.0,0.0,0.0,0.0,0.0,0.0,0.0
695,3403.9402,131.51804,2.542903,121.30780860075522,121.30780860075522,0.0,0.0,0.0,0.0,0.0,0.0,0.0,0.0
696,3404.7246,131.56248,2.549705,121.2330309336787,121.2330309336787,0.0,0.0,0.0,0.0,0.0,0.0,0.0,0.0
697,3405.508,131.04918,2.6894443,121.15840954780683,121.15840954780683,0.0,0.0,0.0,0.0,0.0,0.0,0.0,0.0
698,3406.2935,131.9448,2.668812,121.08366544773384,121.08366544773384,0.0,0.0,0.0,0.0,0.0,0.0,0.0,0.0
699,3407.077,127.737885,2.5110786,121.009170311107,121.009170311107,0.0,0.0,0.0,0.0,0.0,0.0,0.0,0.0
700,3407.863,129.7208,2.5027618,120.93448308390286,120.93448308390286,0.0,0.0,0.0,0.0,0.0,0.0,0.0,0.0
701,3408.6467,131.56013,2.5382478,120.86009081832403,120.86009081832403,0.0,0.0,0.0,0.0,0.0,0.0,0.0,0.0
702,3409.4312,129.02792,2.5076551,120.78569196340797,120.78569196340797,0.0,0.0,0.0,0.0,0.0,0.0,0.0,0.0
703,3410.217,131.2825,2.5304384,120.7112172491567,120.7112172491567,0.0,0.0,0.0,0.0,0.0,0.0,0.0,0.0
704,3411.0012,131.68367,2.5357473,120.63696734621837,120.63696734621837,0.0,0.0,0.0,0.0,0.0,0.0,0.0,0.0
705,3411.788,132.91893,2.537385,120.56252620881251,120.56252620881251,0.0,0.0,0.0,0.0,0.0,0.0,0.0,0.0
706,3412.573,133.1074,2.5673378,120.48833269733946,120.48833269733946,0.0,0.0,0.0,0.0,0.0,0.0,0.0,0.0
707,3413.3606,132.90247,2.5400612,120.41394836321673,120.41394836321673,0.0,0.0,0.0,0.0,0.0,0.0,0.0,0.0
708,3414.1455,132.66129,2.5428813,120.33988040957733,120.33988040957733,0.0,0.0,0.0,0.0,0.0,0.0,0.0,0.0
709,3414.931,131.0809,2.5160155,120.2658290084142,120.2658290084142,0.0,0.0,0.0,0.0,0.0,0.0,0.0,0.0
710,3415.7183,131.60097,2.5455613,120.19165627172764,120.19165627172764,0.0,0.0,0.0,0.0,0.0,0.0,0.0,0.0
711,3416.5042,135.42169,2.5765579,120.11768418063757,120.11768418063757,0.0,0.0,0.0,0.0,0.0,0.0,0.0,0.0
712,3417.2922,139.62741,2.7811263,120.04356805756036,120.04356805756036,0.0,0.0,0.0,0.0,0.0,0.0,0.0,0.0
713,3418.0784,136.7507,2.7109864,119.96969819080441,119.96969819080441,0.0,0.0,0.0,0.0,0.0,0.0,0.0,0.0
714,3418.8662,132.0995,2.5521646,119.89573036941842,119.89573036941842,0.0,0.0,0.0,0.0,0.0,0.0,0.0,0.0
715,3419.653,139.57242,2.6017892,119.82191675038557,119.82191675038557,0.0,0.0,0.0,0.0,0.0,0.0,0.0,0.0
716,3420.4395,139.30281,2.6122684,119.74821128776581,119.74821128776581,0.0,0.0,0.0,0.0,0.0,0.0,0.0,0.0
717,3421.2285,140.12204,2.627753,119.67431669949168,119.67431669949168,0.0,0.0,0.0,0.0,0.0,0.0,0.0,0.0
718,3422.0154,142.32639,2.6475842,119.6006902449645,119.6006902449645,0.0,0.0,0.0,0.0,0.0,0.0,0.0,0.0
719,3422.8047,142.53545,2.6569917,119.52689784841861,119.52689784841861,0.0,0.0,0.0,0.0,0.0,0.0,0.0,0.0
720,3423.5918,141.89731,2.797882,119.45337314191455,119.45337314191455,0.0,0.0,0.0,0.0,0.0,0.0,0.0,0.0
721,3424.3813,143.13179,2.7843378,119.3796827840053,119.3796827840053,0.0,0.0,0.0,0.0,0.0,0.0,0.0,0.0
722,3425.1694,135.12589,2.5708554,119.30619140154374,119.30619140154374,0.0,0.0,0.0,0.0,0.0,0.0,0.0,0.0
723,3425.957,129.36841,2.509684,119.23280762895685,119.23280762895685,0.0,0.0,0.0,0.0,0.0,0.0,0.0,0.0
724,3426.7476,130.16219,2.5030131,119.15921322159267,119.15921322159267,0.0,0.0,0.0,0.0,0.0,0.0,0.0,0.0
725,3427.5354,133.0996,2.5421073,119.08593089359535,119.08593089359535,0.0,0.0,0.0,0.0,0.0,0.0,0.0,0.0
726,3428.326,133.87384,2.5520813,119.01246097727724,119.01246097727724,0.0,0.0,0.0,0.0,0.0,0.0,0.0,0.0
727,3429.1145,132.54115,2.5306172,118.93923460050743,118.93923460050743,0.0,0.0,0.0,0.0,0.0,0.0,0.0,0.0
728,3429.9055,128.53787,2.489685,118.86584368122219,118.86584368122219,0.0,0.0,0.0,0.0,0.0,0.0,0.0,0.0
729,3430.6943,128.80573,2.484075,118.79271856033301,118.79271856033301,0.0,0.0,0.0,0.0,0.0,0.0,0.0,0.0
730,3431.484,130.16464,2.4869626,118.71958741050926,118.71958741050926,0.0,0.0,0.0,0.0,0.0,0.0,0.0,0.0
731,3432.2747,130.06573,2.498177,118.64640516829735,118.64640516829735,0.0,0.0,0.0,0.0,0.0,0.0,0.0,0.0
732,3433.0647,128.71825,2.4758434,118.57335257713527,118.57335257713527,0.0,0.0,0.0,0.0,0.0,0.0,0.0,0.0
733,3433.856,128.03941,2.4734004,118.50024902794296,118.50024902794296,0.0,0.0,0.0,0.0,0.0,0.0,0.0,0.0
734,3434.646,129.85826,2.4819608,118.42732001282599,118.42732001282599,0.0,0.0,0.0,0.0,0.0,0.0,0.0,0.0
735,3435.438,126.2349,2.44982,118.35427257291033,118.35427257291033,0.0,0.0,0.0,0.0,0.0,0.0,0.0,0.0
736,3436.2283,126.54886,2.4482415,118.28144443596159,118.28144443596159,0.0,0.0,0.0,0.0,0.0,0.0,0.0,0.0
737,3437.0208,128.37134,2.4621592,118.2084756141234,118.2084756141234,0.0,0.0,0.0,0.0,0.0,0.0,0.0,0.0
738,3437.8113,128.08987,2.470068,118.13574822301963,118.13574822301963,0.0,0.0,0.0,0.0,0.0,0.0,0.0,0.0
739,3438.6025,129.56664,2.4755094,118.06301498721918,118.06301498721918,0.0,0.0,0.0,0.0,0.0,0.0,0.0,0.0
740,3439.3953,126.48313,2.4475858,117.99020877201394,117.99020877201394,0.0,0.0,0.0,0.0,0.0,0.0,0.0,0.0
741,3440.1865,125.5152,2.4394295,117.91759858249273,117.91759858249273,0.0,0.0,0.0,0.0,0.0,0.0,0.0,0.0
742,3440.98,126.33879,2.4317214,117.84484838309818,117.84484838309818,0.0,0.0,0.0,0.0,0.0,0.0,0.0,0.0
743,3441.7715,126.81473,2.447421,117.77233867561743,117.77233867561743,0.0,0.0,0.0,0.0,0.0,0.0,0.0,0.0
744,3442.565,127.14033,2.4415927,117.69971154203074,117.69971154203074,0.0,0.0,0.0,0.0,0.0,0.0,0.0,0.0
745,3443.3572,129.2445,2.478724,117.62725750992288,117.62725750992288,0.0,0.0,0.0,0.0,0.0,0.0,0.0,0.0
746,3444.1497,130.2578,2.4842777,117.5548424324343,117.5548424324343,0.0,0.0,0.0,0.0,0.0,0.0,0.0,0.0
747,3444.9438,125.3307,2.4251535,117.48233261600232,117.48233261600232,0.0,0.0,0.0,0.0,0.0,0.0,0.0,0.0
748,3445.736,124.57028,2.4158764,117.41006231846141,117.41006231846141,0.0,0.0,0.0,0.0,0.0,0.0,0.0,0.0
749,3446.531,127.13793,2.4494822,117.33760840430513,117.33760840430513,0.0,0.0,0.0,0.0,0.0,0.0,0.0,0.0
750,3447.3237,127.69525,2.4389865,117.26541591280869,117.26541591280869,0.0,0.0,0.0,0.0,0.0,0.0,0.0,0.0
751,3448.1187,126.93449,2.4520833,117.19308457318441,117.19308457318441,0.0,0.0,0.0,0.0,0.0,0.0,0.0,0.0
752,3448.912,127.380714,2.437865,117.12094762603769,117.12094762603769,0.0,0.0,0.0,0.0,0.0,0.0,0.0,0.0
753,3449.705,127.78746,2.4449964,117.04891599632306,117.04891599632306,0.0,0.0,0.0,0.0,0.0,0.0,0.0,0.0
754,3450.5012,127.98448,2.4304745,116.97665726960388,116.97665726960388,0.0,0.0,0.0,0.0,0.0,0.0,0.0,0.0
755,3451.2947,127.26289,2.435695,116.904703239473,116.904703239473,0.0,0.0,0.0,0.0,0.0,0.0,0.0,0.0
756,3452.0903,126.72409,2.4329662,116.83261098981856,116.83261098981856,0.0,0.0,0.0,0.0,0.0,0.0,0.0,0.0
757,3452.8848,128.37268,2.4454138,116.76069026102299,116.76069026102299,0.0,0.0,0.0,0.0,0.0,0.0,0.0,0.0
758,3453.681,126.95035,2.42623,116.68867581649498,116.68867581649498,0.0,0.0,0.0,0.0,0.0,0.0,0.0,0.0
759,3454.4753,124.59539,2.4158466,116.61687676039203,116.61687676039203,0.0,0.0,0.0,0.0,0.0,0.0,0.0,0.0
760,3455.2703,126.45174,2.4148877,116.54509430343863,116.54509430343863,0.0,0.0,0.0,0.0,0.0,0.0,0.0,0.0
761,3456.0667,126.81422,2.4343593,116.47324041924439,116.47324041924439,0.0,0.0,0.0,0.0,0.0,0.0,0.0,0.0
762,3456.862,123.66626,2.3949735,116.40153537390353,116.40153537390353,0.0,0.0,0.0,0.0,0.0,0.0,0.0,0.0
763,3457.6592,125.16498,2.4003842,116.32973708771526,116.32973708771526,0.0,0.0,0.0,0.0,0.0,0.0,0.0,0.0
764,3458.4548,124.9741,2.404877,116.25813139700118,116.25813139700118,0.0,0.0,0.0,0.0,0.0,0.0,0.0,0.0
765,3459.252,123.89042,2.376576,116.1864545762316,116.1864545762316,0.0,0.0,0.0,0.0,0.0,0.0,0.0,0.0
766,3460.0476,124.06336,2.3925788,116.11496999724281,116.11496999724281,0.0,0.0,0.0,0.0,0.0,0.0,0.0,0.0
767,3460.844,125.546936,2.3981464,116.04348010070247,116.04348010070247,0.0,0.0,0.0,0.0,0.0,0.0,0.0,0.0
768,3461.6418,126.39847,2.4156284,115.97191932392897,115.97191932392897,0.0,0.0,0.0,0.0,0.0,0.0,0.0,0.0
769,3462.4385,125.86408,2.414858,115.90052850124825,115.90052850124825,0.0,0.0,0.0,0.0,0.0,0.0,0.0,0.0
770,3463.2368,128.67601,2.5707927,115.82904507631632,115.82904507631632,0.0,0.0,0.0,0.0,0.0,0.0,0.0,0.0
771,3464.0332,124.1083,2.5315328,115.75779686201825,115.75779686201825,0.0,0.0,0.0,0.0,0.0,0.0,0.0,0.0
772,3464.832,122.56257,2.3711553,115.68639069485526,115.68639069485526,0.0,0.0,0.0,0.0,0.0,0.0,0.0,0.0
773,3465.6292,126.597496,2.4116335,115.61519759084425,115.61519759084425,0.0,0.0,0.0,0.0,0.0,0.0,0.0,0.0
774,3466.4263,127.73987,2.4126353,115.54406465680681,115.54406465680681,0.0,0.0,0.0,0.0,0.0,0.0,0.0,0.0
775,3467.2258,121.454865,2.369852,115.47277423938536,115.47277423938536,0.0,0.0,0.0,0.0,0.0,0.0,0.0,0.0
776,3468.0232,127.27175,2.420432,115.40173989469656,115.40173989469656,0.0,0.0,0.0,0.0,0.0,0.0,0.0,0.0
777,3468.8232,126.27118,2.4138038,115.33052662009045,115.33052662009045,0.0,0.0,0.0,0.0,0.0,0.0,0.0,0.0
778,3469.621,124.187775,2.3862188,115.25956903083969,115.25956903083969,0.0,0.0,0.0,0.0,0.0,0.0,0.0,0.0
779,3470.4211,123.19969,2.3785543,115.18847623077109,115.18847623077109,0.0,0.0,0.0,0.0,0.0,0.0,0.0,0.0
780,3471.2197,123.45785,2.3749099,115.11757365501097,115.11757365501097,0.0,0.0,0.0,0.0,0.0,0.0,0.0,0.0
781,3472.018,127.131775,2.3958838,115.04675266574631,115.04675266574631,0.0,0.0,0.0,0.0,0.0,0.0,0.0,0.0
782,3472.8188,123.98188,2.3871722,114.97577521006302,114.97577521006302,0.0,0.0,0.0,0.0,0.0,0.0,0.0,0.0
783,3473.618,125.65434,2.390142,114.90500917680721,114.90500917680721,0.0,0.0,0.0,0.0,0.0,0.0,0.0,0.0
784,3474.4187,124.78446,2.3789113,114.83415180515327,114.83415180515327,0.0,0.0,0.0,0.0,0.0,0.0,0.0,0.0
785,3475.218,122.54851,2.3555088,114.76348389522761,114.76348389522761,0.0,0.0,0.0,0.0,0.0,0.0,0.0,0.0
786,3476.0193,122.55576,2.3489578,114.69270325319019,114.69270325319019,0.0,0.0,0.0,0.0,0.0,0.0,0.0,0.0
787,3476.8193,122.0628,2.347604,114.62209025887073,114.62209025887073,0.0,0.0,0.0,0.0,0.0,0.0,0.0,0.0
788,3477.619,124.35915,2.3548834,114.55158001226829,114.55158001226829,0.0,0.0,0.0,0.0,0.0,0.0,0.0,0.0
789,3478.4207,120.431885,2.3368592,114.48093581205717,114.48093581205717,0.0,0.0,0.0,0.0,0.0,0.0,0.0,0.0
790,3479.221,123.58714,2.3493087,114.41048035041582,114.41048035041582,0.0,0.0,0.0,0.0,0.0,0.0,0.0,0.0
791,3480.0232,124.477234,2.3629887,114.33991270954856,114.33991270954856,0.0,0.0,0.0,0.0,0.0,0.0,0.0,0.0
792,3480.8242,118.73709,2.3127544,114.26951208517755,114.26951208517755,0.0,0.0,0.0,0.0,0.0,0.0,0.0,0.0
793,3481.6267,123.65545,2.3436043,114.19904241253381,114.19904241253381,0.0,0.0,0.0,0.0,0.0,0.0,0.0,0.0
794,3482.4275,121.180504,2.3364077,114.12878230604055,114.12878230604055,0.0,0.0,0.0,0.0,0.0,0.0,0.0,0.0
795,3483.2288,121.720894,2.3291264,114.05853877881005,114.05853877881005,0.0,0.0,0.0,0.0,0.0,0.0,0.0,0.0
796,3484.0325,120.3258,2.3285544,113.98814087157068,113.98814087157068,0.0,0.0,0.0,0.0,0.0,0.0,0.0,0.0
797,3484.8345,121.17376,2.470546,113.91795213893249,113.91795213893249,0.0,0.0,0.0,0.0,0.0,0.0,0.0,0.0
798,3485.638,124.83157,2.4865415,113.84769472592032,113.84769472592032,0.0,0.0,0.0,0.0,0.0,0.0,0.0,0.0
799,3486.4397,120.66705,2.3257627,113.7776460700449,113.7776460700449,0.0,0.0,0.0,0.0,0.0,0.0,0.0,0.0
800,3487.2437,120.38228,2.3122785,113.7074648769073,113.7074648769073,0.0,0.0,0.0,0.0,0.0,0.0,0.0,0.0
801,3488.046,124.971176,2.3688827,113.63749213259096,113.63749213259096,0.0,0.0,0.0,0.0,0.0,0.0,0.0,0.0
802,3488.8486,122.67091,2.3375554,113.5675359902865,113.5675359902865,0.0,0.0,0.0,0.0,0.0,0.0,0.0,0.0
803,3489.6526,119.524666,2.3072052,113.49753274669249,113.49753274669249,0.0,0.0,0.0,0.0,0.0,0.0,0.0,0.0
804,3490.4553,122.32686,2.4461415,113.42769492010868,113.42769492010868,0.0,0.0,0.0,0.0,0.0,0.0,0.0,0.0
805,3491.2605,122.632545,2.456563,113.35770397838581,113.35770397838581,0.0,0.0,0.0,0.0,0.0,0.0,0.0,0.0
806,3492.0637,120.83285,2.299095,113.28794191206794,113.28794191206794,0.0,0.0,0.0,0.0,0.0,0.0,0.0,0.0
807,3492.8691,119.61033,2.2989626,113.21804821160046,113.21804821160046,0.0,0.0,0.0,0.0,0.0,0.0,0.0,0.0
808,3493.6724,120.35917,2.3036397,113.14840416739081,113.14840416739081,0.0,0.0,0.0,0.0,0.0,0.0,0.0,0.0
809,3494.476,121.377396,2.3169973,113.07877667540573,113.07877667540573,0.0,0.0,0.0,0.0,0.0,0.0,0.0,0.0
810,3495.282,122.12837,2.330691,113.00901791387618,113.00901791387618,0.0,0.0,0.0,0.0,0.0,0.0,0.0,0.0
811,3496.0862,123.77025,2.3375664,112.93946599486517,112.93946599486517,0.0,0.0,0.0,0.0,0.0,0.0,0.0,0.0
812,3496.8926,120.34167,2.3092728,112.869783072748,112.869783072748,0.0,0.0,0.0,0.0,0.0,0.0,0.0,0.0
813,3497.6965,119.58086,2.2992253,112.8003698977333,112.8003698977333,0.0,0.0,0.0,0.0,0.0,0.0,0.0,0.0
814,3498.503,121.0151,2.3170679,112.73080482618204,112.73080482618204,0.0,0.0,0.0,0.0,0.0,0.0,0.0,0.0
815,3499.3083,121.63506,2.3058171,112.66138281173669,112.66138281173669,0.0,0.0,0.0,0.0,0.0,0.0,0.0,0.0
816,3500.115,120.61305,2.299498,112.59191442755436,112.59191442755436,0.0,0.0,0.0,0.0,0.0,0.0,0.0,0.0
817,3500.9207,120.69007,2.3070328,112.5225888669421,112.5225888669421,0.0,0.0,0.0,0.0,0.0,0.0,0.0,0.0
818,3501.7253,124.11011,2.333348,112.45340585348633,112.45340585348633,0.0,0.0,0.0,0.0,0.0,0.0,0.0,0.0
819,3502.533,121.34551,2.3095949,112.38402969731614,112.38402969731614,0.0,0.0,0.0,0.0,0.0,0.0,0.0,0.0
820,3503.3389,119.64158,2.2623062,112.31485894097254,112.31485894097254,0.0,0.0,0.0,0.0,0.0,0.0,0.0,0.0
821,3504.1467,119.257515,2.2861142,112.24557923055202,112.24557923055202,0.0,0.0,0.0,0.0,0.0,0.0,0.0,0.0
822,3504.9526,117.51464,2.2477384,112.17652549109707,112.17652549109707,0.0,0.0,0.0,0.0,0.0,0.0,0.0,0.0
823,3505.7612,117.54538,2.2558932,112.10730027748147,112.10730027748147,0.0,0.0,0.0,0.0,0.0,0.0,0.0,0.0
824,3506.5676,119.178406,2.268122,112.03832160651734,112.03832160651734,0.0,0.0,0.0,0.0,0.0,0.0,0.0,0.0
825,3507.3743,119.98998,2.2822852,111.96938036676013,111.96938036676013,0.0,0.0,0.0,0.0,0.0,0.0,0.0,0.0
826,3508.1829,118.77145,2.2665942,111.9003306717691,111.9003306717691,0.0,0.0,0.0,0.0,0.0,0.0,0.0,0.0
827,3508.99,118.09235,2.2599866,111.83146438841773,111.83146438841773,0.0,0.0,0.0,0.0,0.0,0.0,0.0,0.0
828,3509.7993,119.76096,2.2726912,111.76246907269115,111.76246907269115,0.0,0.0,0.0,0.0,0.0,0.0,0.0,0.0
829,3510.6067,120.92438,2.2807062,111.69369851041608,111.69369851041608,0.0,0.0,0.0,0.0,0.0,0.0,0.0,0.0
830,3511.4165,119.06037,2.2718093,111.62477837337926,111.62477837337926,0.0,0.0,0.0,0.0,0.0,0.0,0.0,0.0
831,3512.2239,120.64419,2.269368,111.55612415601736,111.55612415601736,0.0,0.0,0.0,0.0,0.0,0.0,0.0,0.0
832,3513.0317,120.706406,2.283142,111.48748646165497,111.48748646165497,0.0,0.0,0.0,0.0,0.0,0.0,0.0,0.0
833,3513.842,119.83004,2.261861,111.41869960179888,111.41869960179888,0.0,0.0,0.0,0.0,0.0,0.0,0.0,0.0
834,3514.6504,119.98766,2.272337,111.3501366197147,111.3501366197147,0.0,0.0,0.0,0.0,0.0,0.0,0.0,0.0
835,3515.4612,118.63784,2.2616692,111.28142476785743,111.28142476785743,0.0,0.0,0.0,0.0,0.0,0.0,0.0,0.0
836,3516.2698,119.22555,2.2542028,111.2129571221095,111.2129571221095,0.0,0.0,0.0,0.0,0.0,0.0,0.0,0.0
837,3517.0806,118.08364,2.2574108,111.1443615130821,111.1443615130821,0.0,0.0,0.0,0.0,0.0,0.0,0.0,0.0
838,3517.89,118.380554,2.24343,111.07594778366114,111.07594778366114,0.0,0.0,0.0,0.0,0.0,0.0,0.0,0.0
839,3518.6987,119.64025,2.2510102,111.00763311145268,111.00763311145268,0.0,0.0,0.0,0.0,0.0,0.0,0.0,0.0
840,3519.5103,119.61863,2.2538948,110.9391496072896,110.9391496072896,0.0,0.0,0.0,0.0,0.0,0.0,0.0,0.0
841,3520.3198,118.59241,2.2479722,110.87088873944064,110.87088873944064,0.0,0.0,0.0,0.0,0.0,0.0,0.0,0.0
842,3521.1318,116.36713,2.2235408,110.80247996230746,110.80247996230746,0.0,0.0,0.0,0.0,0.0,0.0,0.0,0.0
843,3521.942,117.905556,2.2429585,110.73429348780967,110.73429348780967,0.0,0.0,0.0,0.0,0.0,0.0,0.0,0.0
844,3522.7537,119.335236,2.2411957,110.66602097039934,110.66602097039934,0.0,0.0,0.0,0.0,0.0,0.0,0.0,0.0
845,3523.5642,117.16748,2.2307427,110.5979087971671,110.5979087971671,0.0,0.0,0.0,0.0,0.0,0.0,0.0,0.0
846,3524.375,113.942444,2.1892133,110.52983370756544,110.52983370756544,0.0,0.0,0.0,0.0,0.0,0.0,0.0,0.0
847,3525.1875,115.38627,2.1991525,110.46167285747508,110.46167285747508,0.0,0.0,0.0,0.0,0.0,0.0,0.0,0.0
848,3525.999,115.67275,2.2064695,110.39365155414575,110.39365155414575,0.0,0.0,0.0,0.0,0.0,0.0,0.0,0.0
849,3526.812,118.19656,2.2194154,110.32556515052983,110.32556515052983,0.0,0.0,0.0,0.0,0.0,0.0,0.0,0.0
850,3527.6233,116.58531,2.2104204,110.25767936150271,110.25767936150271,0.0,0.0,0.0,0.0,0.0,0.0,0.0,0.0
851,3528.437,113.806076,2.1826723,110.18964690871402,110.18964690871402,0.0,0.0,0.0,0.0,0.0,0.0,0.0,0.0
852,3529.2485,114.289215,2.1849337,110.12185558000968,110.12185558000968,0.0,0.0,0.0,0.0,0.0,0.0,0.0,0.0
853,3530.0608,114.34713,2.2023757,110.05406042412449,110.05406042412449,0.0,0.0,0.0,0.0,0.0,0.0,0.0,0.0
854,3530.8745,116.20912,2.2094882,109.98620048027828,109.98620048027828,0.0,0.0,0.0,0.0,0.0,0.0,0.0,0.0
855,3531.6868,114.26691,2.1963441,109.91852000697446,109.91852000697446,0.0,0.0,0.0,0.0,0.0,0.0,0.0,0.0
856,3532.5012,115.171776,2.1925857,109.85071387798058,109.85071387798058,0.0,0.0,0.0,0.0,0.0,0.0,0.0,0.0
857,3533.3137,116.0771,2.2044015,109.78312759229476,109.78312759229476,0.0,0.0,0.0,0.0,0.0,0.0,0.0,0.0
858,3534.1284,115.10236,2.2022116,109.71541587148126,109.71541587148126,0.0,0.0,0.0,0.0,0.0,0.0,0.0,0.0
859,3534.9417,119.69021,2.2507691,109.64788309918426,109.64788309918426,0.0,0.0,0.0,0.0,0.0,0.0,0.0,0.0
860,3535.7546,118.33609,2.2281997,109.58042766359137,109.58042766359137,0.0,0.0,0.0,0.0,0.0,0.0,0.0,0.0
861,3536.5703,116.41108,2.2123072,109.51280667766518,109.51280667766518,0.0,0.0,0.0,0.0,0.0,0.0,0.0,0.0
862,3537.3835,114.449104,2.186533,109.44544514030032,109.44544514030032,0.0,0.0,0.0,0.0,0.0,0.0,0.0,0.0
863,3538.1992,115.4619,2.1961184,109.37793853754404,109.37793853754404,0.0,0.0,0.0,0.0,0.0,0.0,0.0,0.0
864,3539.0137,118.47724,2.2205787,109.31059001888083,109.31059001888083,0.0,0.0,0.0,0.0,0.0,0.0,0.0,0.0
865,3539.8296,115.82312,2.1941986,109.24317747595931,109.24317747595931,0.0,0.0,0.0,0.0,0.0,0.0,0.0,0.0
866,3540.644,115.100655,2.3037696,109.17594290324892,109.17594290324892,0.0,0.0,0.0,0.0,0.0,0.0,0.0,0.0
867,3541.4585,116.01614,2.3223774,109.1087651604788,109.1087651604788,0.0,0.0,0.0,0.0,0.0,0.0,0.0,0.0
868,3542.275,117.140625,2.2188432,109.04148329317488,109.04148329317488,0.0,0.0,0.0,0.0,0.0,0.0,0.0,0.0
869,3543.09,115.77575,2.1824808,108.97435887904965,108.97435887904965,0.0,0.0,0.0,0.0,0.0,0.0,0.0,0.0
870,3543.9067,114.09811,2.1805043,108.907170747689,108.907170747689,0.0,0.0,0.0,0.0,0.0,0.0,0.0,0.0
871,3544.722,117.83416,2.3115225,108.84015987164285,108.84015987164285,0.0,0.0,0.0,0.0,0.0,0.0,0.0,0.0
872,3545.5398,114.38589,2.3006425,108.7729851416491,108.7729851416491,0.0,0.0,0.0,0.0,0.0,0.0,0.0,0.0
873,3546.3552,114.483505,2.1693015,108.7060676174441,108.7060676174441,0.0,0.0,0.0,0.0,0.0,0.0,0.0,0.0
874,3547.1714,115.4992,2.1813235,108.63914660244455,108.63914660244455,0.0,0.0,0.0,0.0,0.0,0.0,0.0,0.0
875,3547.989,115.29958,2.1860795,108.57216220959722,108.57216220959722,0.0,0.0,0.0,0.0,0.0,0.0,0.0,0.0
876,3548.805,115.13018,2.1886554,108.50537436966239,108.50537436966239,0.0,0.0,0.0,0.0,0.0,0.0,0.0,0.0
877,3549.6235,115.57422,2.1843777,108.43842340405473,108.43842340405473,0.0,0.0,0.0,0.0,0.0,0.0,0.0,0.0
878,3550.4402,114.76529,2.174272,108.37168871011652,108.37168871011652,0.0,0.0,0.0,0.0,0.0,0.0,0.0,0.0
879,3551.259,115.431786,2.187932,108.30483109227796,108.30483109227796,0.0,0.0,0.0,0.0,0.0,0.0,0.0,0.0
880,3552.076,115.42112,2.1745439,108.23818938790147,108.23818938790147,0.0,0.0,0.0,0.0,0.0,0.0,0.0,0.0
881,3552.8928,114.70704,2.1759396,108.17160399937067,108.17160399937067,0.0,0.0,0.0,0.0,0.0,0.0,0.0,0.0
882,3553.7126,114.3724,2.17299,108.10483636912274,108.10483636912274,0.0,0.0,0.0,0.0,0.0,0.0,0.0,0.0
883,3554.53,113.90072,2.1772847,108.0383239163582,108.0383239163582,0.0,0.0,0.0,0.0,0.0,0.0,0.0,0.0
884,3555.349,114.493675,2.1815562,107.97172877705562,107.97172877705562,0.0,0.0,0.0,0.0,0.0,0.0,0.0,0.0
885,3556.1675,115.76509,2.1881728,107.90524948661262,107.90524948661262,0.0,0.0,0.0,0.0,0.0,0.0,0.0,0.0
886,3556.9873,115.47457,2.183292,107.83870756538266,107.83870756538266,0.0,0.0,0.0,0.0,0.0,0.0,0.0,0.0
887,3557.806,115.83345,2.1851306,107.77232095328667,107.77232095328667,0.0,0.0,0.0,0.0,0.0,0.0,0.0,0.0
888,3558.6245,117.76294,2.2064376,107.70599046828215,107.70599046828215,0.0,0.0,0.0,0.0,0.0,0.0,0.0,0.0
889,3559.4453,116.87345,2.304206,107.63953823404508,107.63953823404508,0.0,0.0,0.0,0.0,0.0,0.0,0.0,0.0
890,3560.2642,116.54511,2.319276,107.57330023189695,107.57330023189695,0.0,0.0,0.0,0.0,0.0,0.0,0.0,0.0
891,3561.0852,114.18249,2.1617684,107.50694069408263,107.50694069408263,0.0,0.0,0.0,0.0,0.0,0.0,0.0,0.0
892,3561.9045,113.713554,2.1612666,107.44077532627193,107.44077532627193,0.0,0.0,0.0,0.0,0.0,0.0,0.0,0.0
893,3562.7256,113.963486,2.1669185,107.37452805037307,107.37452805037307,0.0,0.0,0.0,0.0,0.0,0.0,0.0,0.0
894,3563.5452,113.46208,2.1587198,107.30845491636694,107.30845491636694,0.0,0.0,0.0,0.0,0.0,0.0,0.0,0.0
895,3564.3672,115.52631,2.1835454,107.24224104871931,107.24224104871931,0.0,0.0,0.0,0.0,0.0,0.0,0.0,0.0
896,3565.187,114.49381,2.1825714,107.17626005744216,107.17626005744216,0.0,0.0,0.0,0.0,0.0,0.0,0.0,0.0
897,3566.007,114.464935,2.1683679,107.11031519386161,107.11031519386161,0.0,0.0,0.0,0.0,0.0,0.0,0.0,0.0
898,3566.8296,115.65785,2.1956599,107.0442299813491,107.0442299813491,0.0,0.0,0.0,0.0,0.0,0.0,0.0,0.0
899,3567.6501,114.50215,2.1784384,106.97835749180267,106.97835749180267,0.0,0.0,0.0,0.0,0.0,0.0,0.0,0.0
900,3568.4731,111.908264,2.146115,106.91234493142628,106.91234493142628,0.0,0.0,0.0,0.0,0.0,0.0,0.0,0.0
901,3569.2937,114.90244,2.1819062,106.846583889957,106.846583889957,0.0,0.0,0.0,0.0,0.0,0.0,0.0,0.0
902,3570.1174,116.02246,2.1982794,106.78062436572812,106.78062436572812,0.0,0.0,0.0,0.0,0.0,0.0,0.0,0.0
903,3570.9387,115.63194,2.182905,106.71491600843376,106.71491600843376,0.0,0.0,0.0,0.0,0.0,0.0,0.0,0.0
904,3571.7598,115.20814,2.1861155,106.64928269012948,106.64928269012948,0.0,0.0,0.0,0.0,0.0,0.0,0.0,0.0
905,3572.5837,115.063255,2.1882904,106.58347091152612,106.58347091152612,0.0,0.0,0.0,0.0,0.0,0.0,0.0,0.0
906,3573.4055,115.971985,2.2009346,106.51789018260048,106.51789018260048,0.0,0.0,0.0,0.0,0.0,0.0,0.0,0.0
907,3574.2292,118.29714,2.2072246,106.45220920283933,106.45220920283933,0.0,0.0,0.0,0.0,0.0,0.0,0.0,0.0
908,3575.052,114.93418,2.1747944,106.38666161292863,106.38666161292863,0.0,0.0,0.0,0.0,0.0,0.0,0.0,0.0
909,3575.876,117.28438,2.2066553,106.32107232480263,106.32107232480263,0.0,0.0,0.0,0.0,0.0,0.0,0.0,0.0
910,3576.699,115.377686,2.1630406,106.25561620819877,106.25561620819877,0.0,0.0,0.0,0.0,0.0,0.0,0.0,0.0
911,3577.5215,112.86856,2.1596606,106.19025422078886,106.19025422078886,0.0,0.0,0.0,0.0,0.0,0.0,0.0,0.0
912,3578.3464,114.95819,2.1601899,106.12475368789643,106.12475368789643,0.0,0.0,0.0,0.0,0.0,0.0,0.0,0.0
913,3579.1702,111.73039,2.1453745,106.05940544186063,106.05940544186063,0.0,0.0,0.0,0.0,0.0,0.0,0.0,0.0
914,3579.995,113.680046,2.1438768,105.99401574115815,105.99401574115815,0.0,0.0,0.0,0.0,0.0,0.0,0.0,0.0
915,3580.8186,112.50512,2.147004,105.92879737143255,105.92879737143255,0.0,0.0,0.0,0.0,0.0,0.0,0.0,0.0
916,3581.6445,114.10637,2.1678092,105.86344100460627,105.86344100460627,0.0,0.0,0.0,0.0,0.0,0.0,0.0,0.0
917,3582.4683,115.917244,2.1690001,105.79831366787555,105.79831366787555,0.0,0.0,0.0,0.0,0.0,0.0,0.0,0.0
918,3583.2925,114.22769,2.1549408,105.73320280052076,105.73320280052076,0.0,0.0,0.0,0.0,0.0,0.0,0.0,0.0
919,3584.119,115.64647,2.163406,105.66797360771413,105.66797360771413,0.0,0.0,0.0,0.0,0.0,0.0,0.0,0.0
920,3584.9434,114.94575,2.1704252,105.60295364583462,105.60295364583462,0.0,0.0,0.0,0.0,0.0,0.0,0.0,0.0
921,3585.77,113.63178,2.1430485,105.53781556589944,105.53781556589944,0.0,0.0,0.0,0.0,0.0,0.0,0.0,0.0
922,3586.5947,114.21395,2.166346,105.47288637014768,105.47288637014768,0.0,0.0,0.0,0.0,0.0,0.0,0.0,0.0
923,3587.4219,113.54724,2.13604,105.4078200665417,105.4078200665417,0.0,0.0,0.0,0.0,0.0,0.0,0.0,0.0
924,3588.2473,111.37717,2.1123164,105.34294315288093,105.34294315288093,0.0,0.0,0.0,0.0,0.0,0.0,0.0,0.0
925,3589.0725,114.80788,2.1457424,105.27814024310798,105.27814024310798,0.0,0.0,0.0,0.0,0.0,0.0,0.0,0.0
926,3589.9006,115.02044,2.1409585,105.21316230386567,105.21316230386567,0.0,0.0,0.0,0.0,0.0,0.0,0.0,0.0
927,3590.726,114.05486,2.137103,105.14844989379128,105.14844989379128,0.0,0.0,0.0,0.0,0.0,0.0,0.0,0.0
928,3591.554,113.676056,2.1221433,105.08360098894082,105.08360098894082,0.0,0.0,0.0,0.0,0.0,0.0,0.0,0.0
929,3592.3806,112.64921,2.1165864,105.01890250916364,105.01890250916364,0.0,0.0,0.0,0.0,0.0,0.0,0.0,0.0
930,3593.2087,111.46704,2.1106415,104.95414423554705,104.95414423554705,0.0,0.0,0.0,0.0,0.0,0.0,0.0,0.0
931,3594.0354,113.57061,2.1258202,104.88955520684257,104.88955520684257,0.0,0.0,0.0,0.0,0.0,0.0,0.0,0.0
932,3594.8623,112.01228,2.1007724,104.82500171587473,104.82500171587473,0.0,0.0,0.0,0.0,0.0,0.0,0.0,0.0
933,3595.6912,111.853424,2.1065629,104.76035050716911,104.76035050716911,0.0,0.0,0.0,0.0,0.0,0.0,0.0,0.0
934,3596.5183,111.650215,2.1176643,104.6958871921028,104.6958871921028,0.0,0.0,0.0,0.0,0.0,0.0,0.0,0.0
935,3597.348,111.68271,2.104364,104.63128832605695,104.63128832605695,0.0,0.0,0.0,0.0,0.0,0.0,0.0,0.0
936,3598.1753,112.26688,2.113113,104.5669150805902,104.5669150805902,0.0,0.0,0.0,0.0,0.0,0.0,0.0,0.0
937,3599.0051,110.9659,2.0992022,104.50240652049392,104.50240652049392,0.0,0.0,0.0,0.0,0.0,0.0,0.0,0.0
938,3599.833,112.71606,2.2667608,104.4381042517013,104.4381042517013,0.0,0.0,0.0,0.0,0.0,0.0,0.0,0.0
939,3600.6611,110.3373,2.2597654,104.37383738342842,104.37383738342842,0.0,0.0,0.0,0.0,0.0,0.0,0.0,0.0
940,3601.4915,111.06175,2.1911314,104.30945452477192,104.30945452477192,0.0,0.0,0.0,0.0,0.0,0.0,0.0,0.0
941,3602.32,115.46551,2.4096963,104.24525855432762,104.24525855432762,0.0,0.0,0.0,0.0,0.0,0.0,0.0,0.0
942,3603.1504,115.87271,2.2623935,104.18098460978483,104.18098460978483,0.0,0.0,0.0,0.0,0.0,0.0,0.0,0.0
943,3603.9795,109.64582,2.0786781,104.11685946317499,104.11685946317499,0.0,0.0,0.0,0.0,0.0,0.0,0.0,0.0
944,3604.8105,113.02258,2.1142552,104.05263765468845,104.05263765468845,0.0,0.0,0.0,0.0,0.0,0.0,0.0,0.0
945,3605.6401,114.53008,2.1261678,103.98858330580364,103.98858330580364,0.0,0.0,0.0,0.0,0.0,0.0,0.0,0.0
946,3606.4695,113.20861,2.106355,103.92460193760068,103.92460193760068,0.0,0.0,0.0,0.0,0.0,0.0,0.0,0.0
947,3607.3008,112.628525,2.1031158,103.86052414707126,103.86052414707126,0.0,0.0,0.0,0.0,0.0,0.0,0.0,0.0
948,3608.1309,114.066956,2.1336129,103.79659459115196,103.79659459115196,0.0,0.0,0.0,0.0,0.0,0.0,0.0,0.0
949,3608.9626,114.31519,2.1110394,103.73258762548444,103.73258762548444,0.0,0.0,0.0,0.0,0.0,0.0,0.0,0.0
950,3609.793,110.79578,2.0854445,103.66874744538912,103.66874744538912,0.0,0.0,0.0,0.0,0.0,0.0,0.0,0.0
951,3610.6255,112.353,2.10175,103.604792499011,103.604792499011,0.0,0.0,0.0,0.0,0.0,0.0,0.0,0.0
952,3611.4558,113.033936,2.0960982,103.54106032031548,103.54106032031548,0.0,0.0,0.0,0.0,0.0,0.0,0.0,0.0
953,3612.287,112.18329,2.1088462,103.47730712197912,103.47730712197912,0.0,0.0,0.0,0.0,0.0,0.0,0.0,0.0
954,3613.1199,113.31268,2.096852,103.41349563676816,103.41349563676816,0.0,0.0,0.0,0.0,0.0,0.0,0.0,0.0
955,3613.951,113.469246,2.0968015,103.34986898116398,103.34986898116398,0.0,0.0,0.0,0.0,0.0,0.0,0.0,0.0
956,3614.7847,107.9935,2.0542502,103.28609074079317,103.28609074079317,0.0,0.0,0.0,0.0,0.0,0.0,0.0,0.0
957,3615.6165,111.601135,2.0702403,103.22251577113674,103.22251577113674,0.0,0.0,0.0,0.0,0.0,0.0,0.0,0.0
958,3616.4504,112.68475,2.0973027,103.1588268159989,103.1588268159989,0.0,0.0,0.0,0.0,0.0,0.0,0.0,0.0
959,3617.2822,110.46051,2.0629861,103.09535941501574,103.09535941501574,0.0,0.0,0.0,0.0,0.0,0.0,0.0,0.0
960,3618.1143,111.244576,2.0774446,103.03192703583704,103.03192703583704,0.0,0.0,0.0,0.0,0.0,0.0,0.0,0.0
961,3618.949,111.02491,2.0685678,102.96834377626121,102.96834377626121,0.0,0.0,0.0,0.0,0.0,0.0,0.0,0.0
962,3619.781,112.6377,2.074055,102.90501871328311,102.90501871328311,0.0,0.0,0.0,0.0,0.0,0.0,0.0,0.0
963,3620.616,110.65289,2.077889,102.84152444271317,102.84152444271317,0.0,0.0,0.0,0.0,0.0,0.0,0.0,0.0
964,3621.4487,113.3642,2.0876193,102.7782508546665,102.7782508546665,0.0,0.0,0.0,0.0,0.0,0.0,0.0,0.0
965,3622.284,114.40214,2.0966358,102.71484546740943,102.71484546740943,0.0,0.0,0.0,0.0,0.0,0.0,0.0,0.0
966,3623.1177,108.74501,2.0557866,102.65160486408053,102.65160486408053,0.0,0.0,0.0,0.0,0.0,0.0,0.0,0.0
967,3623.951,111.568985,2.0550318,102.5884547250367,102.5884547250367,0.0,0.0,0.0,0.0,0.0,0.0,0.0,0.0
968,3624.7864,110.532104,2.0748913,102.52519162601654,102.52519162601654,0.0,0.0,0.0,0.0,0.0,0.0,0.0,0.0
969,3625.6204,110.032104,2.0404902,102.4620928874679,102.4620928874679,0.0,0.0,0.0,0.0,0.0,0.0,0.0,0.0
970,3626.4563,111.32906,2.0666392,102.3988998972721,102.3988998972721,0.0,0.0,0.0,0.0,0.0,0.0,0.0,0.0
971,3627.2908,110.73381,2.0545819,102.33587102736449,102.33587102736449,0.0,0.0,0.0,0.0,0.0,0.0,0.0,0.0
972,3628.1272,108.05302,2.0331278,102.27274810309906,102.27274810309906,0.0,0.0,0.0,0.0,0.0,0.0,0.0,0.0
973,3628.9617,110.164925,2.0419645,102.20982586182755,102.20982586182755,0.0,0.0,0.0,0.0,0.0,0.0,0.0,0.0
974,3629.7983,110.38509,2.0603776,102.14679131503108,102.14679131503108,0.0,0.0,0.0,0.0,0.0,0.0,0.0,0.0
975,3630.6338,112.28155,2.07522,102.08390200786957,102.08390200786957,0.0,0.0,0.0,0.0,0.0,0.0,0.0,0.0
976,3631.4685,111.93039,2.0767426,102.02112094056308,102.02112094056308,0.0,0.0,0.0,0.0,0.0,0.0,0.0,0.0
977,3632.3064,111.08384,2.0609276,101.95815449041477,101.95815449041477,0.0,0.0,0.0,0.0,0.0,0.0,0.0,0.0
978,3633.1418,112.232315,2.0730858,101.89542464805439,101.89542464805439,0.0,0.0,0.0,0.0,0.0,0.0,0.0,0.0
979,3633.9795,110.598206,2.0624163,101.83258303737436,101.83258303737436,0.0,0.0,0.0,0.0,0.0,0.0,0.0,0.0
980,3634.816,111.18312,2.0666823,101.76988611583573,101.76988611583573,0.0,0.0,0.0,0.0,0.0,0.0,0.0,0.0
981,3635.6538,110.436295,2.0548618,101.70713254580475,101.70713254580475,0.0,0.0,0.0,0.0,0.0,0.0,0.0,0.0
982,3636.4902,111.96295,2.0798967,101.6445416882675,101.6445416882675,0.0,0.0,0.0,0.0,0.0,0.0,0.0,0.0
983,3637.3267,113.12974,2.0767686,101.58200373084655,101.58200373084655,0.0,0.0,0.0,0.0,0.0,0.0,0.0,0.0
984,3638.1655,111.075455,2.0700605,101.519336308935,101.519336308935,0.0,0.0,0.0,0.0,0.0,0.0,0.0,0.0
985,3639.0022,111.86616,2.0740116,101.45688591988608,101.45688591988608,0.0,0.0,0.0,0.0,0.0,0.0,0.0,0.0
986,3639.8418,111.3818,2.0681357,101.39426989199063,101.39426989199063,0.0,0.0,0.0,0.0,0.0,0.0,0.0,0.0
987,3640.6792,108.6904,2.034888,101.33187059784537,101.33187059784537,0.0,0.0,0.0,0.0,0.0,0.0,0.0,0.0
988,3641.519,107.58361,2.0205889,101.26934235140006,101.26934235140006,0.0,0.0,0.0,0.0,0.0,0.0,0.0,0.0
989,3642.3567,108.33885,2.030382,101.20703047838903,101.20703047838903,0.0,0.0,0.0,0.0,0.0,0.0,0.0,0.0
990,3643.1946,109.14526,2.0404227,101.14475312320681,101.14475312320681,0.0,0.0,0.0,0.0,0.0,0.0,0.0,0.0
991,3644.035,110.37587,2.059308,101.08234716769964,101.08234716769964,0.0,0.0,0.0,0.0,0.0,0.0,0.0,0.0
992,3644.8728,110.35578,2.0419214,101.02017516966674,101.02017516966674,0.0,0.0,0.0,0.0,0.0,0.0,0.0,0.0
993,3645.7136,107.429955,2.0239987,100.9578385798055,100.9578385798055,0.0,0.0,0.0,0.0,0.0,0.0,0.0,0.0
994,3646.552,108.10194,2.0189283,100.89573558865669,100.89573558865669,0.0,0.0,0.0,0.0,0.0,0.0,0.0,0.0
995,3647.393,110.27292,2.0536866,100.83348638287771,100.83348638287771,0.0,0.0,0.0,0.0,0.0,0.0,0.0,0.0
996,3648.2322,109.5353,2.0414405,100.77143429398255,100.77143429398255,0.0,0.0,0.0,0.0,0.0,0.0,0.0,0.0
997,3649.0715,110.52738,2.0482373,100.70941661764279,100.70941661764279,0.0,0.0,0.0,0.0,0.0,0.0,0.0,0.0
998,3649.9128,109.744835,2.0361521,100.64730723122291,100.64730723122291,0.0,0.0,0.0,0.0,0.0,0.0,0.0,0.0
999,3650.7524,107.19305,2.0254705,100.58537645539512,100.58537645539512,0.0,0.0,0.0,0.0,0.0,0.0,0.0,0.0
1000,3651.5942,109.23537,2.0211627,100.52333614542673,100.52333614542673,0.0,0.0,0.0,0.0,0.0,0.0,0.0,0.0
1001,3652.434,111.03322,2.061038,100.46149215096813,100.46149215096813,0.0,0.0,0.0,0.0,0.0,0.0,0.0,0.0
1002,3653.2766,108.43591,2.021455,100.39950290377719,100.39950290377719,0.0,0.0,0.0,0.0,0.0,0.0,0.0,0.0
1003,3654.117,111.26182,2.0631168,100.33772764694746,100.33772764694746,0.0,0.0,0.0,0.0,0.0,0.0,0.0,0.0
1004,3654.958,108.22169,2.0199633,100.27595081750103,100.27595081750103,0.0,0.0,0.0,0.0,0.0,0.0,0.0,0.0
1005,3655.8005,110.84676,2.056916,100.21411876706047,100.21411876706047,0.0,0.0,0.0,0.0,0.0,0.0,0.0,0.0
1006,3656.6416,111.09409,2.0480342,100.15244644505358,100.15244644505358,0.0,0.0,0.0,0.0,0.0,0.0,0.0,0.0
1007,3657.4849,107.2327,2.0178595,100.0906653336352,100.0906653336352,0.0,0.0,0.0,0.0,0.0,0.0,0.0,0.0
1008,3658.3262,106.57757,2.0042243,100.02907947545866,100.02907947545866,0.0,0.0,0.0,0.0,0.0,0.0,0.0,0.0
1009,3659.1694,110.83427,2.1520283,99.96740286713433,99.96740286713433,0.0,0.0,0.0,0.0,0.0,0.0,0.0,0.0
1010,3660.0117,109.09737,2.1541226,99.90584982211934,99.90584982211934,0.0,0.0,0.0,0.0,0.0,0.0,0.0,0.0
1011,3660.8535,109.22691,2.018429,99.84438446552082,99.84438446552082,0.0,0.0,0.0,0.0,0.0,0.0,0.0,0.0
1012,3661.6975,108.48121,2.043785,99.78281080949851,99.78281080949851,0.0,0.0,0.0,0.0,0.0,0.0,0.0,0.0
1013,3662.5403,107.00761,1.9857993,99.72137824666044,99.72137824666044,0.0,0.0,0.0,0.0,0.0,0.0,0.0,0.0
1014,3663.385,108.060074,2.0235636,99.65985543778237,99.65985543778237,0.0,0.0,0.0,0.0,0.0,0.0,0.0,0.0
1015,3664.228,109.559204,2.0310721,99.59850906684277,99.59850906684277,0.0,0.0,0.0,0.0,0.0,0.0,0.0,0.0
1016,3665.0728,106.83941,1.9976492,99.53709035225461,99.53709035225461,0.0,0.0,0.0,0.0,0.0,0.0,0.0,0.0
1017,3665.916,107.83752,2.004836,99.47583002464033,99.47583002464033,0.0,0.0,0.0,0.0,0.0,0.0,0.0,0.0
1018,3666.7595,108.46797,2.021959,99.41460376320241,99.41460376320241,0.0,0.0,0.0,0.0,0.0,0.0,0.0,0.0
1019,3667.6047,107.137405,1.9944392,99.35330536572411,99.35330536572411,0.0,0.0,0.0,0.0,0.0,0.0,0.0,0.0
1020,3668.4487,106.9504,2.0063043,99.29214729417636,99.29214729417636,0.0,0.0,0.0,0.0,0.0,0.0,0.0,0.0
1021,3669.2944,108.35235,2.009566,99.2309172446469,99.2309172446469,0.0,0.0,0.0,0.0,0.0,0.0,0.0,0.0
1022,3670.1384,106.537346,1.994083,99.16986262701396,99.16986262701396,0.0,0.0,0.0,0.0,0.0,0.0,0.0,0.0
1023,3670.985,109.7308,2.027601,99.10866557438135,99.10866557438135,0.0,0.0,0.0,0.0,0.0,0.0,0.0,0.0
1024,3671.8293,110.286995,2.0331953,99.04769662393096,99.04769662393096,0.0,0.0,0.0,0.0,0.0,0.0,0.0,0.0
1025,3672.674,106.862526,1.998083,98.98674396567836,98.98674396567836,0.0,0.0,0.0,0.0,0.0,0.0,0.0,0.0
1026,3673.5212,105.134514,1.9779934,98.92566688138614,98.92566688138614,0.0,0.0,0.0,0.0,0.0,0.0,0.0,0.0
1027,3674.3662,105.78005,1.9770601,98.86479976571907,98.86479976571907,0.0,0.0,0.0,0.0,0.0,0.0,0.0,0.0
1028,3675.2131,106.23625,1.9898065,98.80384356902424,98.80384356902424,0.0,0.0,0.0,0.0,0.0,0.0,0.0,0.0
1029,3676.059,106.777405,1.983034,98.74300918536818,98.74300918536818,0.0,0.0,0.0,0.0,0.0,0.0,0.0,0.0
1030,3676.9067,105.54984,1.9702362,98.68210350105545,98.68210350105545,0.0,0.0,0.0,0.0,0.0,0.0,0.0,0.0
1031,3677.7524,105.10409,1.969846,98.62138956781868,98.62138956781868,0.0,0.0,0.0,0.0,0.0,0.0,0.0,0.0
1032,3678.5986,106.634705,1.9873881,98.56069192562944,98.56069192562944,0.0,0.0,0.0,0.0,0.0,0.0,0.0,0.0
1033,3679.4468,104.975296,1.9902015,98.49990566762695,98.49990566762695,0.0,0.0,0.0,0.0,0.0,0.0,0.0,0.0
1034,3680.2935,110.28855,2.016048,98.43927574771705,98.43927574771705,0.0,0.0,0.0,0.0,0.0,0.0,0.0,0.0
1035,3681.142,107.96928,2.0198326,98.3785573974436,98.3785573974436,0.0,0.0,0.0,0.0,0.0,0.0,0.0,0.0
1036,3681.9888,106.4934,1.9753754,98.31803004767698,98.31803004767698,0.0,0.0,0.0,0.0,0.0,0.0,0.0,0.0
1037,3682.838,107.6097,1.9969622,98.25737953162574,98.25737953162574,0.0,0.0,0.0,0.0,0.0,0.0,0.0,0.0
1038,3683.6853,107.04605,2.0005832,98.19690231218978,98.19690231218978,0.0,0.0,0.0,0.0,0.0,0.0,0.0,0.0
1039,3684.5325,109.30824,2.0122914,98.13649361586872,98.13649361586872,0.0,0.0,0.0,0.0,0.0,0.0,0.0,0.0
1040,3685.3823,107.568214,2.0009918,98.07594470238891,98.07594470238891,0.0,0.0,0.0,0.0,0.0,0.0,0.0,0.0
1041,3686.2302,106.56422,1.9822774,98.01558607113756,98.01558607113756,0.0,0.0,0.0,0.0,0.0,0.0,0.0,0.0
1042,3687.08,104.593376,1.968201,97.95513959664788,97.95513959664788,0.0,0.0,0.0,0.0,0.0,0.0,0.0,0.0
1043,3687.9285,103.777885,1.9617568,97.89484837364496,97.89484837364496,0.0,0.0,0.0,0.0,0.0,0.0,0.0,0.0
1044,3688.7788,105.93308,1.9806073,97.83446949122005,97.83446949122005,0.0,0.0,0.0,0.0,0.0,0.0,0.0,0.0
1045,3689.6274,104.71553,1.9706748,97.77426294611031,97.77426294611031,0.0,0.0,0.0,0.0,0.0,0.0,0.0,0.0
1046,3690.4758,104.09518,1.9483345,97.71412458374981,97.71412458374981,0.0,0.0,0.0,0.0,0.0,0.0,0.0,0.0
1047,3691.327,102.111984,1.9359924,97.6538468968988,97.6538468968988,0.0,0.0,0.0,0.0,0.0,0.0,0.0,0.0
1048,3692.1765,103.77733,1.9489193,97.59372389365373,97.59372389365373,0.0,0.0,0.0,0.0,0.0,0.0,0.0,0.0
1049,3693.0278,107.17983,2.0783322,97.53353094358155,97.53353094358155,0.0,0.0,0.0,0.0,0.0,0.0,0.0,0.0
1050,3693.877,107.17233,2.0935843,97.47354414177086,97.47354414177086,0.0,0.0,0.0,0.0,0.0,0.0,0.0,0.0
1051,3694.7292,106.53541,1.9798176,97.41338407600996,97.41338407600996,0.0,0.0,0.0,0.0,0.0,0.0,0.0,0.0
1052,3695.579,105.56479,1.9752855,97.35344711405082,97.35344711405082,0.0,0.0,0.0,0.0,0.0,0.0,0.0,0.0
1053,3696.4312,107.48351,1.9806451,97.29340603117069,97.29340603117069,0.0,0.0,0.0,0.0,0.0,0.0,0.0,0.0
1054,3697.2817,106.96002,1.9803529,97.23351889451766,97.23351889451766,0.0,0.0,0.0,0.0,0.0,0.0,0.0,0.0
1055,3698.132,104.912964,1.9642323,97.17369955083265,97.17369955083265,0.0,0.0,0.0,0.0,0.0,0.0,0.0,0.0
1056,3698.9849,104.41192,1.9461185,97.11375922049278,97.11375922049278,0.0,0.0,0.0,0.0,0.0,0.0,0.0,0.0
1057,3699.836,101.16665,2.0699592,97.05398963654719,97.05398963654719,0.0,0.0,0.0,0.0,0.0,0.0,0.0,0.0
1058,3700.6892,102.664375,2.0742712,96.99411645821233,96.99411645821233,0.0,0.0,0.0,0.0,0.0,0.0,0.0,0.0
1059,3701.54,106.13362,1.9722036,96.93446510015097,96.93446510015097,0.0,0.0,0.0,0.0,0.0,0.0,0.0,0.0
1060,3702.394,106.013824,1.9631699,96.87464189117446,96.87464189117446,0.0,0.0,0.0,0.0,0.0,0.0,0.0,0.0
1061,3703.2454,103.880585,1.9437822,96.81505727120637,96.81505727120637,0.0,0.0,0.0,0.0,0.0,0.0,0.0,0.0
1062,3704.0977,104.48621,1.9541274,96.75545471931282,96.75545471931282,0.0,0.0,0.0,0.0,0.0,0.0,0.0,0.0
1063,3704.952,106.309715,1.9820062,96.69576614843135,96.69576614843135,0.0,0.0,0.0,0.0,0.0,0.0,0.0,0.0
1064,3705.804,105.182434,1.9472982,96.63628148140725,96.63628148140725,0.0,0.0,0.0,0.0,0.0,0.0,0.0,0.0
1065,3706.6587,99.97107,1.9140527,96.57665982079854,96.57665982079854,0.0,0.0,0.0,0.0,0.0,0.0,0.0,0.0
1066,3707.5112,99.73846,1.8860937,96.51724175355304,96.51724175355304,0.0,0.0,0.0,0.0,0.0,0.0,0.0,0.0
1067,3708.3662,103.37217,1.9343104,96.45770395276891,96.45770395276891,0.0,0.0,0.0,0.0,0.0,0.0,0.0,0.0
1068,3709.2195,104.40073,1.942688,96.39833544751197,96.39833544751197,0.0,0.0,0.0,0.0,0.0,0.0,0.0,0.0
1069,3710.0728,105.68478,1.9553143,96.3390171258223,96.3390171258223,0.0,0.0,0.0,0.0,0.0,0.0,0.0,0.0
1070,3710.9282,103.70063,1.9449694,96.27959637646386,96.27959637646386,0.0,0.0,0.0,0.0,0.0,0.0,0.0,0.0
1071,3711.7822,102.30056,1.9162612,96.22032757962444,96.22032757962444,0.0,0.0,0.0,0.0,0.0,0.0,0.0,0.0
1072,3712.6382,102.830864,1.9306912,96.1609735134435,96.1609735134435,0.0,0.0,0.0,0.0,0.0,0.0,0.0,0.0
1073,3713.4927,102.38982,1.9191949,96.10177117686473,96.10177117686473,0.0,0.0,0.0,0.0,0.0,0.0,0.0,0.0
1074,3714.3489,100.119,1.8952851,96.04250064287312,96.04250064287312,0.0,0.0,0.0,0.0,0.0,0.0,0.0,0.0
1075,3715.2031,101.563416,1.9065971,95.98341534567165,95.98341534567165,0.0,0.0,0.0,0.0,0.0,0.0,0.0,0.0
1076,3716.0579,100.86994,1.8900499,95.92434623940709,95.92434623940709,0.0,0.0,0.0,0.0,0.0,0.0,0.0,0.0
1077,3716.9148,99.355995,1.8891305,95.86517540133643,95.86517540133643,0.0,0.0,0.0,0.0,0.0,0.0,0.0,0.0
1078,3717.7698,99.38132,1.8648045,95.8061893814726,95.8061893814726,0.0,0.0,0.0,0.0,0.0,0.0,0.0,0.0
1079,3718.6272,101.11401,1.8950138,95.74708498525003,95.74708498525003,0.0,0.0,0.0,0.0,0.0,0.0,0.0,0.0
1080,3719.4824,103.9916,1.9242157,95.68818193644863,95.68818193644863,0.0,0.0,0.0,0.0,0.0,0.0,0.0,0.0
1081,3720.34,107.63235,1.9630415,95.62916071700796,95.62916071700796,0.0,0.0,0.0,0.0,0.0,0.0,0.0,0.0
1082,3721.1963,105.26978,1.9480582,95.5702901714113,95.5702901714113,0.0,0.0,0.0,0.0,0.0,0.0,0.0,0.0
1083,3722.0522,108.03062,1.9858321,95.51148616390492,95.51148616390492,0.0,0.0,0.0,0.0,0.0,0.0,0.0,0.0
1084,3722.9106,111.26307,2.001394,95.4525643361611,95.4525643361611,0.0,0.0,0.0,0.0,0.0,0.0,0.0,0.0
1085,3723.767,111.64913,2.0283306,95.3938263247468,95.3938263247468,0.0,0.0,0.0,0.0,0.0,0.0,0.0,0.0
1086,3724.6255,112.03198,2.016172,95.33500417170463,95.33500417170463,0.0,0.0,0.0,0.0,0.0,0.0,0.0,0.0
1087,3725.4827,113.21296,2.024659,95.27631537529358,95.27631537529358,0.0,0.0,0.0,0.0,0.0,0.0,0.0,0.0
1088,3726.3416,108.93165,1.9773588,95.21755933605428,95.21755933605428,0.0,0.0,0.0,0.0,0.0,0.0,0.0,0.0
1089,3727.1987,107.278656,1.9711314,95.1589698221943,95.1589698221943,0.0,0.0,0.0,0.0,0.0,0.0,0.0,0.0
1090,3728.0564,104.44785,1.9078996,95.10039648763949,95.10039648763949,0.0,0.0,0.0,0.0,0.0,0.0,0.0,0.0
1091,3728.9163,101.66107,1.9134256,95.04172279865388,95.04172279865388,0.0,0.0,0.0,0.0,0.0,0.0,0.0,0.0
1092,3729.7744,102.49122,1.8862945,94.98321529130396,94.98321529130396,0.0,0.0,0.0,0.0,0.0,0.0,0.0,0.0
1093,3730.6343,100.98783,1.8933854,94.92464088078313,94.92464088078313,0.0,0.0,0.0,0.0,0.0,0.0,0.0,0.0
1094,3731.4927,101.65846,1.8962946,94.86621573802185,94.86621573802185,0.0,0.0,0.0,0.0,0.0,0.0,0.0,0.0
1095,3732.3533,99.12019,1.8702391,94.80769061892474,94.80769061892474,0.0,0.0,0.0,0.0,0.0,0.0,0.0,0.0
1096,3733.2117,97.10126,1.8391409,94.74936432196066,94.74936432196066,0.0,0.0,0.0,0.0,0.0,0.0,0.0,0.0
1097,3734.0703,98.23962,1.848307,94.69107073728756,94.69107073728756,0.0,0.0,0.0,0.0,0.0,0.0,0.0,0.0
1098,3734.9316,99.070435,1.8605641,94.63264431617058,94.63264431617058,0.0,0.0,0.0,0.0,0.0,0.0,0.0,0.0
1099,3735.7908,95.437035,1.8267257,94.5744162630948,94.5744162630948,0.0,0.0,0.0,0.0,0.0,0.0,0.0,0.0
1100,3736.652,98.25303,1.8515701,94.5160886831144,94.5160886831144,0.0,0.0,0.0,0.0,0.0,0.0,0.0,0.0
1101,3737.512,97.98137,1.8591989,94.45790957755968,94.45790957755968,0.0,0.0,0.0,0.0,0.0,0.0,0.0,0.0
1102,3738.3738,97.63637,1.865051,94.39964767245822,94.39964767245822,0.0,0.0,0.0,0.0,0.0,0.0,0.0,0.0
1103,3739.2336,98.19879,1.8502429,94.34156699145763,94.34156699145763,0.0,0.0,0.0,0.0,0.0,0.0,0.0,0.0
1104,3740.0942,97.064964,1.8406172,94.28348597783797,94.28348597783797,0.0,0.0,0.0,0.0,0.0,0.0,0.0,0.0
1105,3740.9563,96.61701,1.8364767,94.22535533625518,94.22535533625518,0.0,0.0,0.0,0.0,0.0,0.0,0.0,0.0
1106,3741.817,96.10591,1.8199462,94.1673725691119,94.1673725691119,0.0,0.0,0.0,0.0,0.0,0.0,0.0,0.0
1107,3742.68,96.64245,1.8347936,94.1092745228016,94.1092745228016,0.0,0.0,0.0,0.0,0.0,0.0,0.0,0.0
1108,3743.5405,96.97508,1.8302186,94.0513898463516,94.0513898463516,0.0,0.0,0.0,0.0,0.0,0.0,0.0,0.0
1109,3744.4038,98.1538,1.860186,93.99337366280324,93.99337366280324,0.0,0.0,0.0,0.0,0.0,0.0,0.0,0.0
1110,3745.2656,99.860535,1.8509668,93.93550494750694,93.93550494750694,0.0,0.0,0.0,0.0,0.0,0.0,0.0,0.0
1111,3746.127,96.60977,1.8355421,93.87771790761224,93.87771790761224,0.0,0.0,0.0,0.0,0.0,0.0,0.0,0.0
1112,3746.9912,97.49872,1.83596,93.81978338468093,93.81978338468093,0.0,0.0,0.0,0.0,0.0,0.0,0.0,0.0
1113,3747.8528,98.961464,1.8499223,93.76207775760571,93.76207775760571,0.0,0.0,0.0,0.0,0.0,0.0,0.0,0.0
1114,3748.717,97.85688,1.8453336,93.70424123322053,93.70424123322053,0.0,0.0,0.0,0.0,0.0,0.0,0.0,0.0
1115,3749.5796,95.6049,1.8094344,93.64656792593144,93.64656792593144,0.0,0.0,0.0,0.0,0.0,0.0,0.0,0.0
1116,3750.4443,95.89598,1.8255135,93.58879663770064,93.58879663770064,0.0,0.0,0.0,0.0,0.0,0.0,0.0,0.0
1117,3751.3066,98.93703,1.8470186,93.53123719212844,93.53123719212844,0.0,0.0,0.0,0.0,0.0,0.0,0.0,0.0
1118,3752.17,98.28614,1.8497703,93.47366126075967,93.47366126075967,0.0,0.0,0.0,0.0,0.0,0.0,0.0,0.0
1119,3753.0354,100.03789,1.8705392,93.41598764588474,93.41598764588474,0.0,0.0,0.0,0.0,0.0,0.0,0.0,0.0
1120,3753.8984,100.39739,1.8768306,93.35852538547519,93.35852538547519,0.0,0.0,0.0,0.0,0.0,0.0,0.0,0.0
1121,3754.7642,98.61267,1.8536818,93.30093308766095,93.30093308766095,0.0,0.0,0.0,0.0,0.0,0.0,0.0,0.0
1122,3755.6277,97.88124,1.8454503,93.24353557100211,93.24353557100211,0.0,0.0,0.0,0.0,0.0,0.0,0.0,0.0
1123,3756.494,97.337135,1.840419,93.18600826943513,93.18600826943513,0.0,0.0,0.0,0.0,0.0,0.0,0.0,0.0
1124,3757.3582,98.80965,1.8534774,93.12865925857572,93.12865925857572,0.0,0.0,0.0,0.0,0.0,0.0,0.0,0.0
1125,3758.2224,98.299126,1.8598961,93.07135871931965,93.07135871931965,0.0,0.0,0.0,0.0,0.0,0.0,0.0,0.0
1126,3759.089,95.94382,1.8206624,93.01394493894709,93.01394493894709,0.0,0.0,0.0,0.0,0.0,0.0,0.0,0.0
1127,3759.954,95.36775,1.8235401,92.95669286607705,92.95669286607705,0.0,0.0,0.0,0.0,0.0,0.0,0.0,0.0
1128,3760.821,97.206085,1.836251,92.89936008078743,92.89936008078743,0.0,0.0,0.0,0.0,0.0,0.0,0.0,0.0
1129,3761.686,94.865265,1.8170793,92.84220485946842,92.84220485946842,0.0,0.0,0.0,0.0,0.0,0.0,0.0,0.0
1130,3762.5535,92.7334,1.7966931,92.78493681716535,92.78493681716535,0.0,0.0,0.0,0.0,0.0,0.0,0.0,0.0
1131,3763.419,94.21981,1.7930726,92.72784607074047,92.72784607074047,0.0,0.0,0.0,0.0,0.0,0.0,0.0,0.0
1132,3764.2876,96.06148,1.8435392,92.670594474029,92.670594474029,0.0,0.0,0.0,0.0,0.0,0.0,0.0,0.0
1133,3765.1536,95.45105,1.8033502,92.61356819863458,92.61356819863458,0.0,0.0,0.0,0.0,0.0,0.0,0.0,0.0
1134,3766.0195,93.27636,1.795687,92.55659011738803,92.55659011738803,0.0,0.0,0.0,0.0,0.0,0.0,0.0,0.0
1135,3766.8884,92.822464,1.7823786,92.49946765815221,92.49946765815221,0.0,0.0,0.0,0.0,0.0,0.0,0.0,0.0
1136,3767.7544,94.25268,1.8012345,92.44258597248516,92.44258597248516,0.0,0.0,0.0,0.0,0.0,0.0,0.0,0.0
1137,3768.6233,94.40104,1.8002088,92.38556013085508,92.38556013085508,0.0,0.0,0.0,0.0,0.0,0.0,0.0,0.0
1138,3769.4905,94.010635,1.806342,92.32869462004402,92.32869462004402,0.0,0.0,0.0,0.0,0.0,0.0,0.0,0.0
1139,3770.3596,93.5914,1.7837087,92.27174926689341,92.27174926689341,0.0,0.0,0.0,0.0,0.0,0.0,0.0,0.0
1140,3771.2268,92.3777,1.7735955,92.21497995379946,92.21497995379946,0.0,0.0,0.0,0.0,0.0,0.0,0.0,0.0
1141,3772.0947,90.794426,1.7539619,92.1582107216685,92.1582107216685,0.0,0.0,0.0,0.0,0.0,0.0,0.0,0.0
1142,3772.964,91.57884,1.7604407,92.10139379466915,92.10139379466915,0.0,0.0,0.0,0.0,0.0,0.0,0.0,0.0
1143,3773.8323,95.062805,1.7981944,92.04470464998096,92.04470464998096,0.0,0.0,0.0,0.0,0.0,0.0,0.0,0.0
1144,3774.703,91.926315,1.761641,91.98790420961281,91.98790420961281,0.0,0.0,0.0,0.0,0.0,0.0,0.0,0.0
1145,3775.571,89.77417,1.76702,91.93131098861602,91.93131098861602,0.0,0.0,0.0,0.0,0.0,0.0,0.0,0.0
1146,3776.4414,96.2149,1.8945252,91.87462253280019,91.87462253280019,0.0,0.0,0.0,0.0,0.0,0.0,0.0,0.0
1147,3777.3103,89.70807,1.7502446,91.81807737202753,91.81807737202753,0.0,0.0,0.0,0.0,0.0,0.0,0.0,0.0
1148,3778.1792,91.23907,1.7473358,91.76158000615334,91.76158000615334,0.0,0.0,0.0,0.0,0.0,0.0,0.0,0.0
1149,3779.0505,91.89311,1.7712821,91.70497184010704,91.70497184010704,0.0,0.0,0.0,0.0,0.0,0.0,0.0,0.0
1150,3779.92,90.6455,1.7379771,91.64853836199228,91.64853836199228,0.0,0.0,0.0,0.0,0.0,0.0,0.0,0.0
1151,3780.7915,89.98289,1.7350351,91.59201013031429,91.59201013031429,0.0,0.0,0.0,0.0,0.0,0.0,0.0,0.0
1152,3781.6614,90.38022,1.7422998,91.53564048168933,91.53564048168933,0.0,0.0,0.0,0.0,0.0,0.0,0.0,0.0
1153,3782.5334,90.24474,1.7323507,91.47917627136404,91.47917627136404,0.0,0.0,0.0,0.0,0.0,0.0,0.0,0.0
1154,3783.4036,87.83097,1.7036017,91.422886194712,91.422886194712,0.0,0.0,0.0,0.0,0.0,0.0,0.0,0.0
1155,3784.2742,88.14613,1.7225348,91.36661213935393,91.36661213935393,0.0,0.0,0.0,0.0,0.0,0.0,0.0,0.0
1156,3785.1465,89.52775,1.7351665,91.31027533066683,91.31027533066683,0.0,0.0,0.0,0.0,0.0,0.0,0.0,0.0
1157,3786.017,89.7565,1.726497,91.25409646058732,91.25409646058732,0.0,0.0,0.0,0.0,0.0,0.0,0.0,0.0
1158,3786.8906,89.34734,1.7347721,91.19777625124723,91.19777625124723,0.0,0.0,0.0,0.0,0.0,0.0,0.0,0.0
1159,3787.7617,90.09668,1.7389781,91.141660986735,91.141660986735,0.0,0.0,0.0,0.0,0.0,0.0,0.0,0.0
1160,3788.6348,91.70912,1.7445225,91.08546748308089,91.08546748308089,0.0,0.0,0.0,0.0,0.0,0.0,0.0,0.0
1161,3789.5068,90.83684,1.7494943,91.0293843377592,91.0293843377592,0.0,0.0,0.0,0.0,0.0,0.0,0.0,0.0
1162,3790.3784,90.12456,1.7444625,90.97337997855824,90.97337997855824,0.0,0.0,0.0,0.0,0.0,0.0,0.0,0.0
1163,3791.2524,90.17769,1.7367605,90.91726626375527,90.91726626375527,0.0,0.0,0.0,0.0,0.0,0.0,0.0,0.0
1164,3792.1248,89.11663,1.7207388,90.86130966379939,90.86130966379939,0.0,0.0,0.0,0.0,0.0,0.0,0.0,0.0
1165,3792.999,88.2617,1.7091109,90.8052752330868,90.8052752330868,0.0,0.0,0.0,0.0,0.0,0.0,0.0,0.0
1166,3793.8713,88.59752,1.7180105,90.74941328395568,90.74941328395568,0.0,0.0,0.0,0.0,0.0,0.0,0.0,0.0
1167,3794.7463,88.92295,1.7199429,90.69342677004975,90.69342677004975,0.0,0.0,0.0,0.0,0.0,0.0,0.0,0.0
1168,3795.6196,87.864265,1.7118316,90.63759690205839,90.63759690205839,0.0,0.0,0.0,0.0,0.0,0.0,0.0,0.0
1169,3796.4924,88.078285,1.7137768,90.5818454107,90.5818454107,0.0,0.0,0.0,0.0,0.0,0.0,0.0,0.0
1170,3797.3682,89.73981,1.7233448,90.52595411555087,90.52595411555087,0.0,0.0,0.0,0.0,0.0,0.0,0.0,0.0
1171,3798.2417,84.55872,1.6742406,90.4702502393219,90.4702502393219,0.0,0.0,0.0,0.0,0.0,0.0,0.0,0.0
1172,3799.1174,87.15289,1.6960495,90.41445349916916,90.41445349916916,0.0,0.0,0.0,0.0,0.0,0.0,0.0,0.0
1173,3799.9917,89.250694,1.7148349,90.35879723258208,90.35879723258208,0.0,0.0,0.0,0.0,0.0,0.0,0.0,0.0
1174,3800.8677,88.14894,1.7073222,90.30307936112825,90.30307936112825,0.0,0.0,0.0,0.0,0.0,0.0,0.0,0.0
1175,3801.742,85.660706,1.6777247,90.24751723943415,90.24751723943415,0.0,0.0,0.0,0.0,0.0,0.0,0.0,0.0
1176,3802.617,83.98587,1.7959936,90.19195557992744,90.19195557992744,0.0,0.0,0.0,0.0,0.0,0.0,0.0,0.0
1177,3803.494,84.23924,1.7854642,90.13631703497164,90.13631703497164,0.0,0.0,0.0,0.0,0.0,0.0,0.0,0.0
1178,3804.3684,86.72993,1.6985203,90.08088032697103,90.08088032697103,0.0,0.0,0.0,0.0,0.0,0.0,0.0,0.0
1179,3805.246,86.47008,1.6801504,90.02528950543139,90.02528950543139,0.0,0.0,0.0,0.0,0.0,0.0,0.0,0.0
1180,3806.1213,85.19276,1.6738493,89.96990023628801,89.96990023628801,0.0,0.0,0.0,0.0,0.0,0.0,0.0,0.0
1181,3806.999,85.2111,1.6710626,89.91440346319047,89.91440346319047,0.0,0.0,0.0,0.0,0.0,0.0,0.0,0.0
1182,3807.875,85.64693,1.6674833,89.85906162705473,89.85906162705473,0.0,0.0,0.0,0.0,0.0,0.0,0.0,0.0
1183,3808.7507,84.405075,1.6555923,89.80378197593058,89.80378197593058,0.0,0.0,0.0,0.0,0.0,0.0,0.0,0.0
1184,3809.6287,85.670456,1.6631836,89.74841050479431,89.74841050479431,0.0,0.0,0.0,0.0,0.0,0.0,0.0,0.0
1185,3810.5056,84.55653,1.6649375,89.69314743596232,89.69314743596232,0.0,0.0,0.0,0.0,0.0,0.0,0.0,0.0
1186,3811.3843,85.61753,1.6595806,89.63782354212456,89.63782354212456,0.0,0.0,0.0,0.0,0.0,0.0,0.0,0.0
1187,3812.2607,87.23909,1.6937062,89.5826846862342,89.5826846862342,0.0,0.0,0.0,0.0,0.0,0.0,0.0,0.0
1188,3813.1401,85.18136,1.6670123,89.52740833712822,89.52740833712822,0.0,0.0,0.0,0.0,0.0,0.0,0.0,0.0
1189,3814.0173,87.2536,1.6919641,89.47231676934828,89.47231676934828,0.0,0.0,0.0,0.0,0.0,0.0,0.0,0.0
1190,3814.8945,84.82384,1.6573014,89.4172717602304,89.4172717602304,0.0,0.0,0.0,0.0,0.0,0.0,0.0,0.0
1191,3815.7744,84.761635,1.6727241,89.36210495271888,89.36210495271888,0.0,0.0,0.0,0.0,0.0,0.0,0.0,0.0
1192,3816.6523,85.30741,1.6492797,89.30710718996076,89.30710718996076,0.0,0.0,0.0,0.0,0.0,0.0,0.0,0.0
1193,3817.5322,84.8545,1.671856,89.25203371528332,89.25203371528332,0.0,0.0,0.0,0.0,0.0,0.0,0.0,0.0
1194,3818.4111,85.31619,1.6651605,89.19706793067188,89.19706793067188,0.0,0.0,0.0,0.0,0.0,0.0,0.0,0.0
1195,3819.2913,86.52351,1.6769881,89.14207239085621,89.14207239085621,0.0,0.0,0.0,0.0,0.0,0.0,0.0,0.0
1196,3820.1704,85.1995,1.677698,89.08718436328735,89.08718436328735,0.0,0.0,0.0,0.0,0.0,0.0,0.0,0.0
1197,3821.049,84.02894,1.641828,89.03237319698415,89.03237319698415,0.0,0.0,0.0,0.0,0.0,0.0,0.0,0.0
1198,3821.93,85.229774,1.6769974,88.97747145217991,88.97747145217991,0.0,0.0,0.0,0.0,0.0,0.0,0.0,0.0
1199,3822.8093,87.79884,1.679869,88.92270738694735,88.92270738694735,0.0,0.0,0.0,0.0,0.0,0.0,0.0,0.0
1200,3823.6914,88.033295,1.6975695,88.86782258329976,88.86782258329976,0.0,0.0,0.0,0.0,0.0,0.0,0.0,0.0
1201,3824.5713,84.445755,1.6694363,88.81312084835241,88.81312084835241,0.0,0.0,0.0,0.0,0.0,0.0,0.0,0.0
1202,3825.453,87.61503,1.6798155,88.75835924452552,88.75835924452552,0.0,0.0,0.0,0.0,0.0,0.0,0.0,0.0
1203,3826.333,87.405426,1.689784,88.70373488909935,88.70373488909935,0.0,0.0,0.0,0.0,0.0,0.0,0.0,0.0
1204,3827.2131,85.87911,1.6869498,88.64915670258247,88.64915670258247,0.0,0.0,0.0,0.0,0.0,0.0,0.0,0.0
1205,3828.096,87.15491,1.6871377,88.59445831121786,88.59445831121786,0.0,0.0,0.0,0.0,0.0,0.0,0.0,0.0
1206,3828.9763,89.0913,1.7111806,88.53995734662192,88.53995734662192,0.0,0.0,0.0,0.0,0.0,0.0,0.0,0.0
1207,3829.8596,86.33487,1.6838075,88.48532129006324,88.48532129006324,0.0,0.0,0.0,0.0,0.0,0.0,0.0,0.0
1208,3830.7405,86.16973,1.6791272,88.43088235612107,88.43088235612107,0.0,0.0,0.0,0.0,0.0,0.0,0.0,0.0
1209,3831.6235,86.30596,1.686218,88.3763537963247,88.3763537963247,0.0,0.0,0.0,0.0,0.0,0.0,0.0,0.0
1210,3832.5051,87.48791,1.687605,88.321961752978,88.321961752978,0.0,0.0,0.0,0.0,0.0,0.0,0.0,0.0
1211,3833.389,87.7618,1.688594,88.26748029064501,88.26748029064501,0.0,0.0,0.0,0.0,0.0,0.0,0.0,0.0
1212,3834.2708,85.602394,1.6663412,88.21316523106444,88.21316523106444,0.0,0.0,0.0,0.0,0.0,0.0,0.0,0.0
1213,3835.153,87.69737,1.6838266,88.1588660362329,88.1588660362329,0.0,0.0,0.0,0.0,0.0,0.0,0.0,0.0
1214,3836.0374,87.03846,1.6835415,88.10449269929423,88.10449269929423,0.0,0.0,0.0,0.0,0.0,0.0,0.0,0.0
1215,3836.9197,86.7367,1.6743886,88.05028536224648,88.05028536224648,0.0,0.0,0.0,0.0,0.0,0.0,0.0,0.0
1216,3837.8047,86.17997,1.6740665,87.99595904668757,87.99595904668757,0.0,0.0,0.0,0.0,0.0,0.0,0.0,0.0
1217,3838.6873,84.77444,1.6573901,87.9418284402451,87.9418284402451,0.0,0.0,0.0,0.0,0.0,0.0,0.0,0.0
1218,3839.5728,84.018234,1.644079,87.88756410590109,87.88756410590109,0.0,0.0,0.0,0.0,0.0,0.0,0.0,0.0
1219,3840.456,84.8556,1.6568071,87.83348023687552,87.83348023687552,0.0,0.0,0.0,0.0,0.0,0.0,0.0,0.0
1220,3841.3394,85.59562,1.673263,87.77944207607064,87.77944207607064,0.0,0.0,0.0,0.0,0.0,0.0,0.0,0.0
1221,3842.2249,84.33436,1.6573849,87.72531532154429,87.72531532154429,0.0,0.0,0.0,0.0,0.0,0.0,0.0,0.0
1222,3843.1091,85.33937,1.6724678,87.67130892583228,87.67130892583228,0.0,0.0,0.0,0.0,0.0,0.0,0.0,0.0
1223,3843.9954,87.27003,1.6894087,87.61722905788402,87.61722905788402,0.0,0.0,0.0,0.0,0.0,0.0,0.0,0.0
1224,3844.8794,84.98651,1.6594113,87.56332891621392,87.56332891621392,0.0,0.0,0.0,0.0,0.0,0.0,0.0,0.0
1225,3845.7664,82.72025,1.6380087,87.50929591422603,87.50929591422603,0.0,0.0,0.0,0.0,0.0,0.0,0.0,0.0
1226,3846.651,85.33709,1.661272,87.4554572429085,87.4554572429085,0.0,0.0,0.0,0.0,0.0,0.0,0.0,0.0
1227,3847.536,87.16773,1.6675245,87.4016343792679,87.4016343792679,0.0,0.0,0.0,0.0,0.0,0.0,0.0,0.0
1228,3848.4233,88.467964,1.7132103,87.34770871891037,87.34770871891037,0.0,0.0,0.0,0.0,0.0,0.0,0.0,0.0
1229,3849.3083,88.37285,1.6845465,87.29397691522028,87.29397691522028,0.0,0.0,0.0,0.0,0.0,0.0,0.0,0.0
1230,3850.1958,85.29885,1.6592234,87.24014246773989,87.24014246773989,0.0,0.0,0.0,0.0,0.0,0.0,0.0,0.0
1231,3851.082,84.7057,1.6480464,87.18642757191269,87.18642757191269,0.0,0.0,0.0,0.0,0.0,0.0,0.0,0.0
1232,3851.9697,87.143036,1.676604,87.13266942505561,87.13266942505561,0.0,0.0,0.0,0.0,0.0,0.0,0.0,0.0
1233,3852.856,87.215935,1.6818974,87.07904539788285,87.07904539788285,0.0,0.0,0.0,0.0,0.0,0.0,0.0,0.0
1234,3853.7424,88.12661,1.6857276,87.02545194054186,87.02545194054186,0.0,0.0,0.0,0.0,0.0,0.0,0.0,0.0
1235,3854.631,89.68342,1.7098558,86.97177111176025,86.97177111176025,0.0,0.0,0.0,0.0,0.0,0.0,0.0,0.0
1236,3855.5178,88.72155,1.7034454,86.91825358861686,86.91825358861686,0.0,0.0,0.0,0.0,0.0,0.0,0.0,0.0
1237,3856.4067,89.938805,1.7112192,86.86464884589692,86.86464884589692,0.0,0.0,0.0,0.0,0.0,0.0,0.0,0.0
1238,3857.294,90.07518,1.715213,86.81119243276696,86.81119243276696,0.0,0.0,0.0,0.0,0.0,0.0,0.0,0.0
1239,3858.1833,90.64863,1.7157385,86.75764897654045,86.75764897654045,0.0,0.0,0.0,0.0,0.0,0.0,0.0,0.0
1240,3859.0713,91.20676,1.7260033,86.70423894890021,86.70423894890021,0.0,0.0,0.0,0.0,0.0,0.0,0.0,0.0
1241,3859.9587,92.02595,1.7311802,86.6509034112937,86.6509034112937,0.0,0.0,0.0,0.0,0.0,0.0,0.0,0.0
1242,3860.8489,93.92706,1.7553458,86.59745173661543,86.59745173661543,0.0,0.0,0.0,0.0,0.0,0.0,0.0,0.0
1243,3861.7368,95.31861,1.7684093,86.54417712072733,86.54417712072733,0.0,0.0,0.0,0.0,0.0,0.0,0.0,0.0
1244,3862.6277,98.05928,1.807642,86.49077196365226,86.49077196365226,0.0,0.0,0.0,0.0,0.0,0.0,0.0,0.0
1245,3863.516,99.932686,1.8254069,86.43755823633191,86.43755823633191,0.0,0.0,0.0,0.0,0.0,0.0,0.0,0.0
1246,3864.407,101.30652,1.8457433,86.38424342663308,86.38424342663308,0.0,0.0,0.0,0.0,0.0,0.0,0.0,0.0
1247,3865.2961,103.339836,1.8791264,86.33107592532579,86.33107592532579,0.0,0.0,0.0,0.0,0.0,0.0,0.0,0.0
1248,3866.1853,103.971466,1.8796635,86.27795336516931,86.27795336516931,0.0,0.0,0.0,0.0,0.0,0.0,0.0,0.0
1249,3867.0764,98.23602,1.8237642,86.22475915707851,86.22475915707851,0.0,0.0,0.0,0.0,0.0,0.0,0.0,0.0
1250,3867.9666,98.27577,1.800379,86.17166821172802,86.17166821172802,0.0,0.0,0.0,0.0,0.0,0.0,0.0,0.0
1251,3868.8582,97.72775,1.8050449,86.11853490340287,86.11853490340287,0.0,0.0,0.0,0.0,0.0,0.0,0.0,0.0
1252,3869.7483,95.34906,1.8676021,86.06553377294088,86.06553377294088,0.0,0.0,0.0,0.0,0.0,0.0,0.0,0.0
1253,3870.6406,92.66171,1.8281839,86.01244677548095,86.01244677548095,0.0,0.0,0.0,0.0,0.0,0.0,0.0,0.0
1254,3871.5312,90.88879,1.722163,85.95950629140037,85.95950629140037,0.0,0.0,0.0,0.0,0.0,0.0,0.0,0.0
1255,3872.4216,90.94173,1.7087344,85.90662505191186,85.90662505191186,0.0,0.0,0.0,0.0,0.0,0.0,0.0,0.0
1256,3873.3147,87.85909,1.684529,85.85362919369378,85.85362919369378,0.0,0.0,0.0,0.0,0.0,0.0,0.0,0.0
1257,3874.2063,90.01553,1.7017095,85.80076505072421,85.80076505072421,0.0,0.0,0.0,0.0,0.0,0.0,0.0,0.0
1258,3875.0999,91.17465,1.7229046,85.74782995592156,85.74782995592156,0.0,0.0,0.0,0.0,0.0,0.0,0.0,0.0
1259,3875.991,89.02174,1.6827792,85.69508416095809,85.69508416095809,0.0,0.0,0.0,0.0,0.0,0.0,0.0,0.0
1260,3876.8848,89.21686,1.7067789,85.64222416699907,85.64222416699907,0.0,0.0,0.0,0.0,0.0,0.0,0.0,0.0
1261,3877.7769,90.73258,1.7111114,85.58950989547725,85.58950989547725,0.0,0.0,0.0,0.0,0.0,0.0,0.0,0.0
1262,3878.6687,92.922905,1.7364753,85.53685459310138,85.53685459310138,0.0,0.0,0.0,0.0,0.0,0.0,0.0,0.0
1263,3879.5635,92.099205,1.730649,85.48407102769825,85.48407102769825,0.0,0.0,0.0,0.0,0.0,0.0,0.0,0.0
1264,3880.456,90.40264,1.7051964,85.43146164948973,85.43146164948973,0.0,0.0,0.0,0.0,0.0,0.0,0.0,0.0
1265,3881.3506,90.72567,1.7181685,85.37878176424171,85.37878176424171,0.0,0.0,0.0,0.0,0.0,0.0,0.0,0.0
1266,3882.2434,92.44817,1.7355492,85.32624700777505,85.32624700777505,0.0,0.0,0.0,0.0,0.0,0.0,0.0,0.0
1267,3883.139,92.19121,1.7389857,85.27359882545336,85.27359882545336,0.0,0.0,0.0,0.0,0.0,0.0,0.0,0.0
1268,3884.032,94.081055,1.8532547,85.22113860854355,85.22113860854355,0.0,0.0,0.0,0.0,0.0,0.0,0.0,0.0
1269,3884.9255,94.1887,1.8513374,85.16869406879809,85.16869406879809,0.0,0.0,0.0,0.0,0.0,0.0,0.0,0.0
1270,3885.8215,93.375885,1.7421218,85.11615074379068,85.11615074379068,0.0,0.0,0.0,0.0,0.0,0.0,0.0,0.0
1271,3886.7153,92.79527,1.7408012,85.06378062659583,85.06378062659583,0.0,0.0,0.0,0.0,0.0,0.0,0.0,0.0
1272,3887.6118,91.66567,1.7170647,85.01129760832738,85.01129760832738,0.0,0.0,0.0,0.0,0.0,0.0,0.0,0.0
1273,3888.5063,90.245995,1.7094945,84.95897325816175,84.95897325816175,0.0,0.0,0.0,0.0,0.0,0.0,0.0,0.0
1274,3889.4028,89.41148,1.7054976,84.90657903765165,84.90657903765165,0.0,0.0,0.0,0.0,0.0,0.0,0.0,0.0
1275,3890.2974,89.5546,1.6838745,84.85434319642012,84.85434319642012,0.0,0.0,0.0,0.0,0.0,0.0,0.0,0.0
1276,3891.1926,88.83479,1.6966952,84.80210877477079,84.80210877477079,0.0,0.0,0.0,0.0,0.0,0.0,0.0,0.0
1277,3892.0896,87.05642,1.658538,84.7498189280814,84.7498189280814,0.0,0.0,0.0,0.0,0.0,0.0,0.0,0.0
1278,3892.985,86.844795,1.6749388,84.6976586480837,84.6976586480837,0.0,0.0,0.0,0.0,0.0,0.0,0.0,0.0
1279,3893.8826,89.55913,1.6834117,84.64542883821312,84.64542883821312,0.0,0.0,0.0,0.0,0.0,0.0,0.0,0.0
1280,3894.7786,87.07624,1.6883678,84.59332840361296,84.59332840361296,0.0,0.0,0.0,0.0,0.0,0.0,0.0,0.0
1281,3895.6768,85.48571,1.6355104,84.54114440621404,84.54114440621404,0.0,0.0,0.0,0.0,0.0,0.0,0.0,0.0
1282,3896.5728,84.09385,1.6460885,84.48913211576628,84.48913211576628,0.0,0.0,0.0,0.0,0.0,0.0,0.0,0.0
1283,3897.4714,82.96514,1.6225698,84.43700807498978,84.43700807498978,0.0,0.0,0.0,0.0,0.0,0.0,0.0,0.0
1284,3898.3682,84.6466,1.6339515,84.38504133600595,84.38504133600595,0.0,0.0,0.0,0.0,0.0,0.0,0.0,0.0
1285,3899.2646,85.740295,1.641683,84.33313265164553,84.33313265164553,0.0,0.0,0.0,0.0,0.0,0.0,0.0,0.0
1286,3900.1638,83.228836,1.6172646,84.2811125177716,84.2811125177716,0.0,0.0,0.0,0.0,0.0,0.0,0.0,0.0
1287,3901.061,82.06247,1.6102535,84.22924930432909,84.22924930432909,0.0,0.0,0.0,0.0,0.0,0.0,0.0,0.0
1288,3901.9607,80.96693,1.5769769,84.17728897585357,84.17728897585357,0.0,0.0,0.0,0.0,0.0,0.0,0.0,0.0
1289,3902.8586,80.38632,1.589689,84.12547124722867,84.12547124722867,0.0,0.0,0.0,0.0,0.0,0.0,0.0,0.0
1290,3903.7583,81.60336,1.5866965,84.07359883123996,84.07359883123996,0.0,0.0,0.0,0.0,0.0,0.0,0.0,0.0
1291,3904.6562,78.32925,1.554519,84.0218687536643,84.0218687536643,0.0,0.0,0.0,0.0,0.0,0.0,0.0,0.0
1292,3905.555,79.57834,1.552566,83.97014024861002,83.97014024861002,0.0,0.0,0.0,0.0,0.0,0.0,0.0,0.0
1293,3906.4553,77.95541,1.5586753,83.918357235959,83.918357235959,0.0,0.0,0.0,0.0,0.0,0.0,0.0,0.0
1294,3907.354,77.88886,1.5425283,83.86671624186513,83.86671624186513,0.0,0.0,0.0,0.0,0.0,0.0,0.0,0.0
1295,3908.2551,79.02198,1.5552772,83.81497877845736,83.81497877845736,0.0,0.0,0.0,0.0,0.0,0.0,0.0,0.0
1296,3909.154,75.794754,1.5196903,83.76341114318897,83.76341114318897,0.0,0.0,0.0,0.0,0.0,0.0,0.0,0.0
1297,3910.0557,76.26414,1.5213135,83.71173321782986,83.71173321782986,0.0,0.0,0.0,0.0,0.0,0.0,0.0,0.0
1298,3910.9553,75.99694,1.5259856,83.66021088483042,83.66021088483042,0.0,0.0,0.0,0.0,0.0,0.0,0.0,0.0
1299,3911.8547,75.925,1.52558,83.60874606602441,83.60874606602441,0.0,0.0,0.0,0.0,0.0,0.0,0.0,0.0
1300,3912.7566,75.19634,1.508137,83.55718520603385,83.55718520603385,0.0,0.0,0.0,0.0,0.0,0.0,0.0,0.0
1301,3913.6572,74.18251,1.5117562,83.50573771659106,83.50573771659106,0.0,0.0,0.0,0.0,0.0,0.0,0.0,0.0
1302,3914.5596,74.48971,1.50358,83.45423623185987,83.45423623185987,0.0,0.0,0.0,0.0,0.0,0.0,0.0,0.0
1303,3915.46,74.69726,1.5081666,83.40288970307297,83.40288970307297,0.0,0.0,0.0,0.0,0.0,0.0,0.0,0.0
1304,3916.363,75.573586,1.5108745,83.351433607047,83.351433607047,0.0,0.0,0.0,0.0,0.0,0.0,0.0,0.0
1305,3917.2637,75.067406,1.5040514,83.30016004175079,83.30016004175079,0.0,0.0,0.0,0.0,0.0,0.0,0.0,0.0
1306,3918.165,73.574455,1.4772022,83.24888814935687,83.24888814935687,0.0,0.0,0.0,0.0,0.0,0.0,0.0,0.0
1307,3919.0684,73.60184,1.4898603,83.19754864055734,83.19754864055734,0.0,0.0,0.0,0.0,0.0,0.0,0.0,0.0
1308,3919.9702,75.48398,1.5123739,83.14633576147945,83.14633576147945,0.0,0.0,0.0,0.0,0.0,0.0,0.0,0.0
1309,3920.874,73.74896,1.5048361,83.09505540734129,83.09505540734129,0.0,0.0,0.0,0.0,0.0,0.0,0.0,0.0
1310,3921.7761,73.834496,1.4919004,83.04391533009759,83.04391533009759,0.0,0.0,0.0,0.0,0.0,0.0,0.0,0.0
1311,3922.6807,72.161995,1.4780512,82.99268024986743,82.99268024986743,0.0,0.0,0.0,0.0,0.0,0.0,0.0,0.0
1312,3923.5828,71.25488,1.4700857,82.94162669271631,82.94162669271631,0.0,0.0,0.0,0.0,0.0,0.0,0.0,0.0
1313,3924.485,72.94314,1.4793777,82.8906024680328,82.8906024680328,0.0,0.0,0.0,0.0,0.0,0.0,0.0,0.0
1314,3925.3904,73.87561,1.495584,82.83945589926583,82.83945589926583,0.0,0.0,0.0,0.0,0.0,0.0,0.0,0.0
1315,3926.2935,70.94597,1.475867,82.78847665749342,82.78847665749342,0.0,0.0,0.0,0.0,0.0,0.0,0.0,0.0
1316,3927.1987,73.60912,1.5112308,82.737416621931,82.737416621931,0.0,0.0,0.0,0.0,0.0,0.0,0.0,0.0
1317,3928.1028,71.116714,1.5072203,82.68646859935818,82.68646859935818,0.0,0.0,0.0,0.0,0.0,0.0,0.0,0.0
1318,3929.0085,70.225136,1.4974257,82.63546747521258,82.63546747521258,0.0,0.0,0.0,0.0,0.0,0.0,0.0,0.0
1319,3929.9126,72.507996,1.5091325,82.58460566015438,82.58460566015438,0.0,0.0,0.0,0.0,0.0,0.0,0.0,0.0
1320,3930.8164,70.712715,1.4790133,82.53380055654911,82.53380055654911,0.0,0.0,0.0,0.0,0.0,0.0,0.0,0.0
1321,3931.723,72.28404,1.4985515,82.48288760796768,82.48288760796768,0.0,0.0,0.0,0.0,0.0,0.0,0.0,0.0
1322,3932.628,73.85682,1.5015475,82.43209996048714,82.43209996048714,0.0,0.0,0.0,0.0,0.0,0.0,0.0,0.0
1323,3933.5347,71.95137,1.4850936,82.38125947896444,82.38125947896444,0.0,0.0,0.0,0.0,0.0,0.0,0.0,0.0
1324,3934.4397,71.704544,1.4667602,82.33055776138939,82.33055776138939,0.0,0.0,0.0,0.0,0.0,0.0,0.0,0.0
1325,3935.3472,73.034004,1.4717284,82.27976229959026,82.27976229959026,0.0,0.0,0.0,0.0,0.0,0.0,0.0,0.0
1326,3936.2524,71.45068,1.4679874,82.22913271331336,82.22913271331336,0.0,0.0,0.0,0.0,0.0,0.0,0.0,0.0
1327,3937.1577,73.273254,1.4788555,82.17854591306475,82.17854591306475,0.0,0.0,0.0,0.0,0.0,0.0,0.0,0.0
1328,3938.066,72.15609,1.4677073,82.12783834918376,82.12783834918376,0.0,0.0,0.0,0.0,0.0,0.0,0.0,0.0
1329,3938.9714,72.156944,1.4796927,82.07732350741854,82.07732350741854,0.0,0.0,0.0,0.0,0.0,0.0,0.0,0.0
1330,3939.8796,73.4499,1.4693,82.02670171188392,82.02670171188392,0.0,0.0,0.0,0.0,0.0,0.0,0.0,0.0
1331,3940.7864,73.32454,1.484588,81.97620433908483,81.97620433908483,0.0,0.0,0.0,0.0,0.0,0.0,0.0,0.0
1332,3941.695,71.70731,1.4635028,81.92564102652241,81.92564102652241,0.0,0.0,0.0,0.0,0.0,0.0,0.0,0.0
1333,3942.6018,73.93568,1.4877578,81.87522908796183,81.87522908796183,0.0,0.0,0.0,0.0,0.0,0.0,0.0,0.0
1334,3943.5088,73.34731,1.4921216,81.82484619543003,81.82484619543003,0.0,0.0,0.0,0.0,0.0,0.0,0.0,0.0
1335,3944.4182,74.78468,1.5031644,81.7743704342015,81.7743704342015,0.0,0.0,0.0,0.0,0.0,0.0,0.0,0.0
1336,3945.3257,75.23652,1.5058622,81.72404570250558,81.72404570250558,0.0,0.0,0.0,0.0,0.0,0.0,0.0,0.0
1337,3946.2354,74.60859,1.5114318,81.67364180730915,81.67364180730915,0.0,0.0,0.0,0.0,0.0,0.0,0.0,0.0
1338,3947.143,76.458466,1.5219859,81.62338868942285,81.62338868942285,0.0,0.0,0.0,0.0,0.0,0.0,0.0,0.0
1339,3948.0532,74.865135,1.5209141,81.57304304620094,81.57304304620094,0.0,0.0,0.0,0.0,0.0,0.0,0.0,0.0
1340,3948.9614,74.71639,1.5079478,81.52284795134979,81.52284795134979,0.0,0.0,0.0,0.0,0.0,0.0,0.0,0.0
1341,3949.8704,74.78687,1.5034442,81.47265484706578,81.47265484706578,0.0,0.0,0.0,0.0,0.0,0.0,0.0,0.0
1342,3950.7808,75.49881,1.508208,81.42242339594037,81.42242339594037,0.0,0.0,0.0,0.0,0.0,0.0,0.0,0.0
1343,3951.6897,76.89077,1.5313869,81.3723151981329,81.3723151981329,0.0,0.0,0.0,0.0,0.0,0.0,0.0,0.0
1344,3952.6013,77.84118,1.5340322,81.32210148877263,81.32210148877263,0.0,0.0,0.0,0.0,0.0,0.0,0.0,0.0
1345,3953.5103,79.035385,1.5570097,81.27207807161253,81.27207807161253,0.0,0.0,0.0,0.0,0.0,0.0,0.0,0.0
1346,3954.4216,80.2054,1.562742,81.22196272113804,81.22196272113804,0.0,0.0,0.0,0.0,0.0,0.0,0.0,0.0
1347,3955.3318,76.86469,1.5355046,81.17195685127868,81.17195685127868,0.0,0.0,0.0,0.0,0.0,0.0,0.0,0.0
1348,3956.242,77.718346,1.5427214,81.12199326333767,81.12199326333767,0.0,0.0,0.0,0.0,0.0,0.0,0.0,0.0
1349,3957.1538,80.98065,1.5630023,81.0719782151052,81.0719782151052,0.0,0.0,0.0,0.0,0.0,0.0,0.0,0.0
1350,3958.0645,77.18765,1.5531946,81.02207238599287,81.02207238599287,0.0,0.0,0.0,0.0,0.0,0.0,0.0,0.0
1351,3958.977,81.17221,1.5917208,80.97210184687073,80.97210184687073,0.0,0.0,0.0,0.0,0.0,0.0,0.0,0.0
1352,3959.8877,85.12472,1.6417361,80.92228044438507,80.92228044438507,0.0,0.0,0.0,0.0,0.0,0.0,0.0,0.0
1353,3960.801,85.558876,1.638506,80.87235440194547,80.87235440194547,0.0,0.0,0.0,0.0,0.0,0.0,0.0,0.0
1354,3961.7122,86.92252,1.6526424,80.82259062087073,80.82259062087073,0.0,0.0,0.0,0.0,0.0,0.0,0.0,0.0
1355,3962.6233,88.16056,1.6654122,80.77286889433722,80.77286889433722,0.0,0.0,0.0,0.0,0.0,0.0,0.0,0.0
1356,3963.537,84.826546,1.6273412,80.72304280916211,80.72304280916211,0.0,0.0,0.0,0.0,0.0,0.0,0.0,0.0
1357,3964.4492,85.84219,1.6362875,80.67335200012269,80.67335200012269,0.0,0.0,0.0,0.0,0.0,0.0,0.0,0.0
1358,3965.363,86.118576,1.6466918,80.62361021428248,80.62361021428248,0.0,0.0,0.0,0.0,0.0,0.0,0.0,0.0
1359,3966.2754,86.56675,1.6427517,80.57399018393974,80.57399018393974,0.0,0.0,0.0,0.0,0.0,0.0,0.0,0.0
1360,3967.1902,85.0267,1.6295412,80.52427948259584,80.52427948259584,0.0,0.0,0.0,0.0,0.0,0.0,0.0,0.0
1361,3968.1028,82.79181,1.6057725,80.47473015110485,80.47473015110485,0.0,0.0,0.0,0.0,0.0,0.0,0.0,0.0
1362,3969.0176,83.331184,1.6012856,80.42510354385858,80.42510354385858,0.0,0.0,0.0,0.0,0.0,0.0,0.0,0.0
1363,3969.931,81.203896,1.5892575,80.3755983315229,80.3755983315229,0.0,0.0,0.0,0.0,0.0,0.0,0.0,0.0
1364,3970.844,80.574066,1.5760546,80.32614818565584,80.32614818565584,0.0,0.0,0.0,0.0,0.0,0.0,0.0,0.0
1365,3971.7595,81.342766,1.6012503,80.27660777060147,80.27660777060147,0.0,0.0,0.0,0.0,0.0,0.0,0.0,0.0
1366,3972.6738,82.19689,1.5986763,80.22717528681287,80.22717528681287,0.0,0.0,0.0,0.0,0.0,0.0,0.0,0.0
1367,3973.5896,81.82788,1.5994105,80.17770551035058,80.17770551035058,0.0,0.0,0.0,0.0,0.0,0.0,0.0,0.0
1368,3974.504,80.16572,1.5723907,80.12835665727607,80.12835665727607,0.0,0.0,0.0,0.0,0.0,0.0,0.0,0.0
1369,3975.4202,79.70084,1.5664827,80.07894423428782,80.07894423428782,0.0,0.0,0.0,0.0,0.0,0.0,0.0,0.0
1370,3976.335,79.12469,1.559902,80.02965255545037,80.02965255545037,0.0,0.0,0.0,0.0,0.0,0.0,0.0,0.0
1371,3977.2495,77.511284,1.5439922,79.98041568410244,79.98041568410244,0.0,0.0,0.0,0.0,0.0,0.0,0.0,0.0
1372,3978.1665,77.8363,1.5462211,79.9310891431179,79.9310891431179,0.0,0.0,0.0,0.0,0.0,0.0,0.0,0.0
1373,3979.0818,79.75809,1.5542173,79.88189619410414,79.88189619410414,0.0,0.0,0.0,0.0,0.0,0.0,0.0,0.0
1374,3979.9995,78.69866,1.5405126,79.83261377457931,79.83261377457931,0.0,0.0,0.0,0.0,0.0,0.0,0.0,0.0
1375,3980.9148,74.79558,1.4966155,79.78350405001656,79.78350405001656,0.0,0.0,0.0,0.0,0.0,0.0,0.0,0.0
1376,3981.833,73.011154,1.4878789,79.7342788215457,79.7342788215457,0.0,0.0,0.0,0.0,0.0,0.0,0.0,0.0
1377,3982.7488,73.67276,1.482709,79.68522602104213,79.68522602104213,0.0,0.0,0.0,0.0,0.0,0.0,0.0,0.0
1378,3983.6653,75.97918,1.5231534,79.63617548316348,79.63617548316348,0.0,0.0,0.0,0.0,0.0,0.0,0.0,0.0
1379,3984.5842,75.97379,1.5118169,79.58703591538286,79.58703591538286,0.0,0.0,0.0,0.0,0.0,0.0,0.0,0.0
1380,3985.5005,71.66644,1.4780744,79.53808141451658,79.53808141451658,0.0,0.0,0.0,0.0,0.0,0.0,0.0,0.0
1381,3986.4194,73.363594,1.4837484,79.48902496563258,79.48902496563258,0.0,0.0,0.0,0.0,0.0,0.0,0.0,0.0
1382,3987.3364,73.42104,1.4978101,79.44011420197238,79.44011420197238,0.0,0.0,0.0,0.0,0.0,0.0,0.0,0.0
1383,3988.256,73.342896,1.4955845,79.39110170977827,79.39110170977827,0.0,0.0,0.0,0.0,0.0,0.0,0.0,0.0
1384,3989.1736,73.342705,1.4918588,79.34224769782337,79.34224769782337,0.0,0.0,0.0,0.0,0.0,0.0,0.0,0.0
1385,3990.091,71.88642,1.481329,79.29343497301623,79.29343497301623,0.0,0.0,0.0,0.0,0.0,0.0,0.0,0.0
1386,3991.0112,69.84428,1.4575207,79.24452079301429,79.24452079301429,0.0,0.0,0.0,0.0,0.0,0.0,0.0,0.0
1387,3991.9294,72.54811,1.4696739,79.1957517452698,79.1957517452698,0.0,0.0,0.0,0.0,0.0,0.0,0.0,0.0
1388,3992.8499,70.3094,1.4509045,79.14690736194794,79.14690736194794,0.0,0.0,0.0,0.0,0.0,0.0,0.0,0.0
1389,3993.7688,66.97723,1.4059693,79.09818198900842,79.09818198900842,0.0,0.0,0.0,0.0,0.0,0.0,0.0,0.0
1390,3994.69,68.33944,1.4206502,79.04938145468363,79.04938145468363,0.0,0.0,0.0,0.0,0.0,0.0,0.0,0.0
1391,3995.6091,70.86392,1.4456869,79.00072561148795,79.00072561148795,0.0,0.0,0.0,0.0,0.0,0.0,0.0,0.0
1392,3996.528,67.494286,1.416381,78.95212380501872,78.95212380501872,0.0,0.0,0.0,0.0,0.0,0.0,0.0,0.0
1393,3997.4497,67.48669,1.4106091,78.90342120753846,78.90342120753846,0.0,0.0,0.0,0.0,0.0,0.0,0.0,0.0
1394,3998.3694,67.811676,1.4102885,78.85486294956243,78.85486294956243,0.0,0.0,0.0,0.0,0.0,0.0,0.0,0.0
1395,3999.2915,66.58717,1.399715,78.80621699166618,78.80621699166618,0.0,0.0,0.0,0.0,0.0,0.0,0.0,0.0
1396,4000.2114,66.08502,1.3995675,78.75772801691022,78.75772801691022,0.0,0.0,0.0,0.0,0.0,0.0,0.0,0.0
1397,4001.1338,67.75887,1.4105623,78.70915149345697,78.70915149345697,0.0,0.0,0.0,0.0,0.0,0.0,0.0,0.0
1398,4002.0544,69.09679,1.4294803,78.66070600759994,78.66070600759994,0.0,0.0,0.0,0.0,0.0,0.0,0.0,0.0
1399,4002.9749,66.394806,1.3979908,78.6123143036059,78.6123143036059,0.0,0.0,0.0,0.0,0.0,0.0,0.0,0.0
1400,4003.898,66.20292,1.388622,78.56382246832077,78.56382246832077,0.0,0.0,0.0,0.0,0.0,0.0,0.0,0.0
1401,4004.8193,65.402016,1.3885105,78.51546137520704,78.51546137520704,0.0,0.0,0.0,0.0,0.0,0.0,0.0,0.0
1402,4005.7427,64.9965,1.378714,78.46703878214039,78.46703878214039,0.0,0.0,0.0,0.0,0.0,0.0,0.0,0.0
1403,4006.6643,65.67252,1.3898474,78.41874671286155,78.41874671286155,0.0,0.0,0.0,0.0,0.0,0.0,0.0,0.0
1404,4007.5884,65.690674,1.3945857,78.37036769776,78.37036769776,0.0,0.0,0.0,0.0,0.0,0.0,0.0,0.0
1405,4008.51,66.578094,1.3978366,78.32215732834612,78.32215732834612,0.0,0.0,0.0,0.0,0.0,0.0,0.0,0.0
1406,4009.432,66.52336,1.3942783,78.2739749342393,78.2739749342393,0.0,0.0,0.0,0.0,0.0,0.0,0.0,0.0
1407,4010.3564,66.10796,1.4009888,78.22569306416672,78.22569306416672,0.0,0.0,0.0,0.0,0.0,0.0,0.0,0.0
1408,4011.2793,66.82434,1.3896086,78.17754122765605,78.17754122765605,0.0,0.0,0.0,0.0,0.0,0.0,0.0,0.0
1409,4012.204,67.013245,1.4130738,78.12932831816528,78.12932831816528,0.0,0.0,0.0,0.0,0.0,0.0,0.0,0.0
1410,4013.1272,65.10972,1.3790106,78.08124522501123,78.08124522501123,0.0,0.0,0.0,0.0,0.0,0.0,0.0,0.0
1411,4014.0527,67.942535,1.4140669,78.03307576318453,78.03307576318453,0.0,0.0,0.0,0.0,0.0,0.0,0.0,0.0
1412,4014.976,65.5544,1.3921896,77.98506132411379,77.98506132411379,0.0,0.0,0.0,0.0,0.0,0.0,0.0,0.0
1413,4015.9,65.7476,1.3886784,77.93706210051448,77.93706210051448,0.0,0.0,0.0,0.0,0.0,0.0,0.0,0.0
1414,4016.8262,66.457924,1.3917019,77.88897676358224,77.88897676358224,0.0,0.0,0.0,0.0,0.0,0.0,0.0,0.0
1415,4017.7502,65.23183,1.381641,77.84104609258873,77.84104609258873,0.0,0.0,0.0,0.0,0.0,0.0,0.0,0.0
1416,4018.6765,64.834854,1.3739372,77.79304210393241,77.79304210393241,0.0,0.0,0.0,0.0,0.0,0.0,0.0,0.0
1417,4019.6008,63.415783,1.3607824,77.7451798643449,77.7451798643449,0.0,0.0,0.0,0.0,0.0,0.0,0.0,0.0
1418,4020.5278,65.72363,1.3906862,77.69721918211884,77.69721918211884,0.0,0.0,0.0,0.0,0.0,0.0,0.0,0.0
1419,4021.4526,65.306175,1.3896294,77.64941266981498,77.64941266981498,0.0,0.0,0.0,0.0,0.0,0.0,0.0,0.0
1420,4022.3774,65.163345,1.3837426,77.60164655504917,77.60164655504917,0.0,0.0,0.0,0.0,0.0,0.0,0.0,0.0
1421,4023.3057,66.36899,1.3939269,77.55374448043541,77.55374448043541,0.0,0.0,0.0,0.0,0.0,0.0,0.0,0.0
1422,4024.231,65.11294,1.3896775,77.50603401307319,77.50603401307319,0.0,0.0,0.0,0.0,0.0,0.0,0.0,0.0
1423,4025.159,67.007866,1.3970089,77.45822555749604,77.45822555749604,0.0,0.0,0.0,0.0,0.0,0.0,0.0,0.0
1424,4026.085,64.625595,1.375694,77.4105580975333,77.4105580975333,0.0,0.0,0.0,0.0,0.0,0.0,0.0,0.0
1425,4027.0134,64.433655,1.3673207,77.36280541160157,77.36280541160157,0.0,0.0,0.0,0.0,0.0,0.0,0.0,0.0
1426,4027.9397,65.65406,1.3792605,77.31520604731182,77.31520604731182,0.0,0.0,0.0,0.0,0.0,0.0,0.0,0.0
1427,4028.866,66.01288,1.4011974,77.26764690434494,77.26764690434494,0.0,0.0,0.0,0.0,0.0,0.0,0.0,0.0
1428,4029.7957,65.76032,1.3765671,77.2199526670941,77.2199526670941,0.0,0.0,0.0,0.0,0.0,0.0,0.0,0.0
1429,4030.7224,62.256557,1.3535289,77.17244896745967,77.17244896745967,0.0,0.0,0.0,0.0,0.0,0.0,0.0,0.0
1430,4031.6519,63.460697,1.3493592,77.12484792071375,77.12484792071375,0.0,0.0,0.0,0.0,0.0,0.0,0.0,0.0
1431,4032.5796,63.99065,1.3728974,77.0773746111177,77.0773746111177,0.0,0.0,0.0,0.0,0.0,0.0,0.0,0.0
1432,4033.5093,63.17397,1.3449717,77.0298416165131,77.0298416165131,0.0,0.0,0.0,0.0,0.0,0.0,0.0,0.0
1433,4034.437,63.08027,1.3511246,76.98244861214405,76.98244861214405,0.0,0.0,0.0,0.0,0.0,0.0,0.0,0.0
1434,4035.3655,63.472828,1.3503536,76.93505828535459,76.93505828535459,0.0,0.0,0.0,0.0,0.0,0.0,0.0,0.0
1435,4036.296,61.952877,1.3349988,76.88760846044761,76.88760846044761,0.0,0.0,0.0,0.0,0.0,0.0,0.0,0.0
1436,4037.2244,62.468033,1.3397329,76.84029830633956,76.84029830633956,0.0,0.0,0.0,0.0,0.0,0.0,0.0,0.0
1437,4038.155,63.32214,1.3624341,76.79291631187253,76.79291631187253,0.0,0.0,0.0,0.0,0.0,0.0,0.0,0.0
1438,4039.0845,63.045372,1.3507929,76.74563651278042,76.74563651278042,0.0,0.0,0.0,0.0,0.0,0.0,0.0,0.0
1439,4040.0159,62.666885,1.3545877,76.6982974639185,76.6982974639185,0.0,0.0,0.0,0.0,0.0,0.0,0.0,0.0
1440,4040.945,63.582596,1.3528774,76.65111005375115,76.65111005375115,0.0,0.0,0.0,0.0,0.0,0.0,0.0,0.0
1441,4041.8777,62.98046,1.3592758,76.60378916010696,76.60378916010696,0.0,0.0,0.0,0.0,0.0,0.0,0.0,0.0
1442,4042.8074,62.8907,1.3518671,76.55665685082255,76.55665685082255,0.0,0.0,0.0,0.0,0.0,0.0,0.0,0.0
1443,4043.7375,62.92023,1.359568,76.50953964516714,76.50953964516714,0.0,0.0,0.0,0.0,0.0,0.0,0.0,0.0
1444,4044.67,63.041134,1.3533926,76.46235110581665,76.46235110581665,0.0,0.0,0.0,0.0,0.0,0.0,0.0,0.0
1445,4045.6,63.741463,1.366635,76.41531360247421,76.41531360247421,0.0,0.0,0.0,0.0,0.0,0.0,0.0,0.0
1446,4046.5332,64.75964,1.3773248,76.36816787734932,76.36816787734932,0.0,0.0,0.0,0.0,0.0,0.0,0.0,0.0
1447,4047.464,64.28893,1.3841461,76.3211729770144,76.3211729770144,0.0,0.0,0.0,0.0,0.0,0.0,0.0,0.0
1448,4048.3975,65.034615,1.3740573,76.27409470077185,76.27409470077185,0.0,0.0,0.0,0.0,0.0,0.0,0.0,0.0
1449,4049.3286,63.047836,1.3643072,76.22716699667536,76.22716699667536,0.0,0.0,0.0,0.0,0.0,0.0,0.0,0.0
1450,4050.2605,63.198284,1.3556293,76.18024207941686,76.18024207941686,0.0,0.0,0.0,0.0,0.0,0.0,0.0,0.0
1451,4051.1943,65.14751,1.3837792,76.1332586095632,76.1332586095632,0.0,0.0,0.0,0.0,0.0,0.0,0.0,0.0
1452,4052.1262,62.241768,1.349264,76.08641307654734,76.08641307654734,0.0,0.0,0.0,0.0,0.0,0.0,0.0,0.0
1453,4053.0608,63.677578,1.35091,76.03947229984213,76.03947229984213,0.0,0.0,0.0,0.0,0.0,0.0,0.0,0.0
1454,4053.9932,62.79031,1.3542279,75.99268151752746,75.99268151752746,0.0,0.0,0.0,0.0,0.0,0.0,0.0,0.0
1455,4054.928,63.469646,1.3579355,75.9458079124234,75.9458079124234,0.0,0.0,0.0,0.0,0.0,0.0,0.0,0.0
1456,4055.8606,64.55999,1.3690952,75.89908405043855,75.89908405043855,0.0,0.0,0.0,0.0,0.0,0.0,0.0,0.0
1457,4056.794,63.479874,1.3550779,75.85236301926267,75.85236301926267,0.0,0.0,0.0,0.0,0.0,0.0,0.0,0.0
1458,4057.7295,61.809772,1.3391662,75.80557163623736,75.80557163623736,0.0,0.0,0.0,0.0,0.0,0.0,0.0,0.0
1459,4058.6626,63.488407,1.3524302,75.75894184653013,75.75894184653013,0.0,0.0,0.0,0.0,0.0,0.0,0.0,0.0
1460,4059.5994,64.43152,1.3668144,75.71216867588412,75.71216867588412,0.0,0.0,0.0,0.0,0.0,0.0,0.0,0.0
1461,4060.533,65.64235,1.3782274,75.66559343379139,75.66559343379139,0.0,0.0,0.0,0.0,0.0,0.0,0.0,0.0
1462,4061.4697,66.383316,1.3915066,75.61889940493606,75.61889940493606,0.0,0.0,0.0,0.0,0.0,0.0,0.0,0.0
1463,4062.4036,66.06112,1.3879843,75.57239079762233,75.57239079762233,0.0,0.0,0.0,0.0,0.0,0.0,0.0,0.0
1464,4063.3384,65.78069,1.3888676,75.5258729001111,75.5258729001111,0.0,0.0,0.0,0.0,0.0,0.0,0.0,0.0
1465,4064.2751,65.73425,1.3832227,75.47929725970049,75.47929725970049,0.0,0.0,0.0,0.0,0.0,0.0,0.0,0.0
1466,4065.2102,66.840096,1.392672,75.43284592778113,75.43284592778113,0.0,0.0,0.0,0.0,0.0,0.0,0.0,0.0
1467,4066.1477,66.9156,1.4081609,75.38631272726965,75.38631272726965,0.0,0.0,0.0,0.0,0.0,0.0,0.0,0.0
1468,4067.083,67.14733,1.3952899,75.3399278736436,75.3399278736436,0.0,0.0,0.0,0.0,0.0,0.0,0.0,0.0
1469,4068.0212,67.80215,1.4123579,75.29343710752732,75.29343710752732,0.0,0.0,0.0,0.0,0.0,0.0,0.0,0.0
1470,4068.9568,67.413704,1.4049436,75.24711864497321,75.24711864497321,0.0,0.0,0.0,0.0,0.0,0.0,0.0,0.0
1471,4069.893,69.19929,1.4199312,75.20080309901417,75.20080309901417,0.0,0.0,0.0,0.0,0.0,0.0,0.0,0.0
1472,4070.831,69.41272,1.4269637,75.15444227246768,75.15444227246768,0.0,0.0,0.0,0.0,0.0,0.0,0.0,0.0
1473,4071.768,67.97263,1.4143434,75.10816890441872,75.10816890441872,0.0,0.0,0.0,0.0,0.0,0.0,0.0,0.0
1474,4072.707,68.12964,1.405744,75.0618383342294,75.0618383342294,0.0,0.0,0.0,0.0,0.0,0.0,0.0,0.0
1475,4073.6436,69.43362,1.4271036,75.01566732492998,75.01566732492998,0.0,0.0,0.0,0.0,0.0,0.0,0.0,0.0
1476,4074.583,68.14318,1.4091845,74.9693910676423,74.9693910676423,0.0,0.0,0.0,0.0,0.0,0.0,0.0,0.0
1477,4075.5205,68.32374,1.409264,74.92325010245372,74.92325010245372,0.0,0.0,0.0,0.0,0.0,0.0,0.0,0.0
1478,4076.4578,68.88753,1.4270793,74.87716013889803,74.87716013889803,0.0,0.0,0.0,0.0,0.0,0.0,0.0,0.0
1479,4077.3982,71.57262,1.4520022,74.83095323771535,74.83095323771535,0.0,0.0,0.0,0.0,0.0,0.0,0.0,0.0
1480,4078.3362,71.20317,1.4482319,74.78490530050183,74.78490530050183,0.0,0.0,0.0,0.0,0.0,0.0,0.0,0.0
1481,4079.2766,68.71452,1.4269065,74.73877657698273,74.73877657698273,0.0,0.0,0.0,0.0,0.0,0.0,0.0,0.0
1482,4080.2146,72.0837,1.4580879,74.69280653055647,74.69280653055647,0.0,0.0,0.0,0.0,0.0,0.0,0.0,0.0
1483,4081.156,73.46445,1.471363,74.64670801674568,74.64670801674568,0.0,0.0,0.0,0.0,0.0,0.0,0.0,0.0
1484,4082.0945,72.84879,1.4652324,74.60079185425953,74.60079185425953,0.0,0.0,0.0,0.0,0.0,0.0,0.0,0.0
1485,4083.0337,71.872406,1.4650896,74.55487869134836,74.55487869134836,0.0,0.0,0.0,0.0,0.0,0.0,0.0,0.0
1486,4083.9756,72.78508,1.4631748,74.5088732198785,74.50887321987848,0.0,0.0,0.0,0.0,0.0,0.0,0.0,0.0
1487,4084.9148,74.80027,1.4917984,74.4630377413149,74.46303774131489,0.0,0.0,0.0,0.0,0.0,0.0,0.0,0.0
1488,4085.857,74.651505,1.4949327,74.41709819298991,74.4170981929899,0.0,0.0,0.0,0.0,0.0,0.0,0.0,0.0
1489,4086.7964,74.413704,1.4970665,74.37132835227894,74.37132835227892,0.0,0.0,0.0,0.0,0.0,0.0,0.0,0.0
1490,4087.7395,77.473694,1.5288371,74.32541898206256,74.32541898206253,0.0,0.0,0.0,0.0,0.0,0.0,0.0,0.0
1491,4088.6797,77.06469,1.5138829,74.27969096423003,74.27969096422999,0.0,0.0,0.0,0.0,0.0,0.0,0.0,0.0
1492,4089.62,76.13872,1.519309,74.23398972503394,74.2339897250339,0.0,0.0,0.0,0.0,0.0,0.0,0.0,0.0
1493,4090.5632,77.65549,1.5229673,74.18819676062544,74.18819676062539,0.0,0.0,0.0,0.0,0.0,0.0,0.0,0.0
1494,4091.5044,78.5899,1.545925,74.14253730525058,74.1425373052505,0.0,0.0,0.0,0.0,0.0,0.0,0.0,0.0
1495,4092.4475,80.6454,1.5654877,74.09682180971585,74.09682180971573,0.0,0.0,0.0,0.0,0.0,0.0,0.0,0.0
1496,4093.3892,79.02704,1.5584291,74.05121594121546,74.05121594121532,0.0,0.0,0.0,0.0,0.0,0.0,0.0,0.0
1497,4094.333,80.91906,1.5674404,74.00554234041438,74.0055423404142,0.0,0.0,0.0,0.0,0.0,0.0,0.0,0.0
1498,4095.275,82.83538,1.5945929,73.9600018217524,73.96000182175216,0.0,0.0,0.0,0.0,0.0,0.0,0.0,0.0
1499,4096.217,82.47566,1.5813146,73.91449979043425,73.91449979043394,0.0,0.0,0.0,0.0,0.0,0.0,0.0,0.0
1500,4097.1616,84.209435,1.6156404,73.86889485418835,73.86889485418794,0.0,0.0,0.0,0.0,0.0,0.0,0.0,0.0
1501,4098.1045,82.72817,1.5910174,73.8234227158169,73.82342271581636,0.0,0.0,0.0,0.0,0.0,0.0,0.0,0.0
1502,4099.049,85.89802,1.6405753,73.77791846441175,73.77791846441106,0.0,0.0,0.0,0.0,0.0,0.0,0.0,0.0
1503,4099.9917,85.1014,1.6184373,73.73252322999865,73.73252322999774,0.0,0.0,0.0,0.0,0.0,0.0,0.0,0.0
1504,4100.938,84.30489,1.6144148,73.68700200386857,73.6870020038674,0.0,0.0,0.0,0.0,0.0,0.0,0.0,0.0
1505,4101.881,84.89871,1.6146944,73.6416835873801,73.64168358737858,0.0,0.0,0.0,0.0,0.0,0.0,0.0,0.0
1506,4102.8247,80.53657,1.704411,73.59635657021097,73.59635657020901,0.0,0.0,0.0,0.0,0.0,0.0,0.0,0.0
1507,4103.771,82.59006,1.7105414,73.5509507722417,73.55095077223918,0.0,0.0,0.0,0.0,0.0,0.0,0.0,0.0
1508,4104.715,80.664566,1.5631878,73.50570044423661,73.50570044423334,0.0,0.0,0.0,0.0,0.0,0.0,0.0,0.0
1509,4105.6616,79.33857,1.558513,73.46034807138655,73.46034807138233,0.0,0.0,0.0,0.0,0.0,0.0,0.0,0.0
1510,4106.6064,80.66934,1.557454,73.41512756752664,73.41512756752121,0.0,0.0,0.0,0.0,0.0,0.0,0.0,0.0
1511,4107.5527,81.734406,1.5861981,73.36987527326573,73.36987527325876,0.0,0.0,0.0,0.0,0.0,0.0,0.0,0.0
1512,4108.498,79.85229,1.5679778,73.32470792705035,73.3247079270414,0.0,0.0,0.0,0.0,0.0,0.0,0.0,0.0
1513,4109.443,78.85712,1.5509732,73.27960206867961,73.27960206866813,0.0,0.0,0.0,0.0,0.0,0.0,0.0,0.0
1514,4110.3906,77.05339,1.5322117,73.23439463130771,73.234394631293,0.0,0.0,0.0,0.0,0.0,0.0,0.0,0.0
1515,4111.3364,77.44005,1.5259886,73.18931854094293,73.18931854092412,0.0,0.0,0.0,0.0,0.0,0.0,0.0,0.0
1516,4112.284,78.12282,1.5372767,73.14418758771183,73.1441875876878,0.0,0.0,0.0,0.0,0.0,0.0,0.0,0.0
1517,4113.2305,77.02708,1.5262842,73.09916451982498,73.09916451979431,0.0,0.0,0.0,0.0,0.0,0.0,0.0,0.0
1518,4114.1787,75.77033,1.5222387,73.05408670364051,73.05408670360141,0.0,0.0,0.0,0.0,0.0,0.0,0.0,0.0
1519,4115.125,75.11499,1.4975739,73.00913979463256,73.00913979458282,0.0,0.0,0.0,0.0,0.0,0.0,0.0,0.0
1520,4116.0737,75.177315,1.50648,72.96411504941237,72.96411504934913,0.0,0.0,0.0,0.0,0.0,0.0,0.0,0.0
1521,4117.0215,75.35198,1.5054353,72.9191747248543,72.91917472477402,0.0,0.0,0.0,0.0,0.0,0.0,0.0,0.0
1522,4117.9683,75.01725,1.4995311,72.87431866243833,72.87431866233656,0.0,0.0,0.0,0.0,0.0,0.0,0.0,0.0
1523,4118.918,73.94665,1.4816761,72.82936186985303,72.82936186972411,0.0,0.0,0.0,0.0,0.0,0.0,0.0,0.0
1524,4119.865,72.71701,1.4694126,72.7845585899466,72.7845585897836,0.0,0.0,0.0,0.0,0.0,0.0,0.0,0.0
1525,4120.8154,72.356575,1.4625053,72.73965477186883,72.73965477166284,0.0,0.0,0.0,0.0,0.0,0.0,0.0,0.0
1526,4121.7637,69.36959,1.4230297,72.69488118270672,72.69488118244689,0.0,0.0,0.0,0.0,0.0,0.0,0.0,0.0
1527,4122.714,69.61029,1.4293596,72.65005333832758,72.6500533380001,0.0,0.0,0.0,0.0,0.0,0.0,0.0,0.0
1528,4123.6626,69.33083,1.4362112,72.6053324784347,72.60533247802266,0.0,0.0,0.0,0.0,0.0,0.0,0.0,0.0
1529,4124.611,67.36954,1.4164355,72.56067241264121,72.5606724121235,0.0,0.0,0.0,0.0,0.0,0.0,0.0,0.0
1530,4125.562,69.252426,1.4532033,72.51591226755598,72.51591226690587,0.0,0.0,0.0,0.0,0.0,0.0,0.0,0.0
1531,4126.511,66.50521,1.474362,72.47128183570615,72.47128183489127,0.0,0.0,0.0,0.0,0.0,0.0,0.0,0.0
1532,4127.4634,67.08711,1.4905137,72.42655155420566,72.42655155318486,0.0,0.0,0.0,0.0,0.0,0.0,0.0,0.0
1533,4128.4126,67.5328,1.442637,72.38199664568006,72.38199664440388,0.0,0.0,0.0,0.0,0.0,0.0,0.0,0.0
1534,4129.3647,67.37456,1.4241831,72.33734203907284,72.3373420374784,0.0,0.0,0.0,0.0,0.0,0.0,0.0,0.0
1535,4130.315,66.80969,1.3990196,72.29281674992612,72.29281674793755,0.0,0.0,0.0,0.0,0.0,0.0,0.0,0.0
1536,4131.2646,64.27522,1.3641773,72.2483519512103,72.24835194873371,0.0,0.0,0.0,0.0,0.0,0.0,0.0,0.0
1537,4132.218,63.64027,1.3649822,72.20376488786432,72.20376488478159,0.0,0.0,0.0,0.0,0.0,0.0,0.0,0.0
1538,4133.1685,67.02971,1.38415,72.15932967819055,72.15932967436052,0.0,0.0,0.0,0.0,0.0,0.0,0.0,0.0
1539,4134.121,65.858894,1.3885626,72.11484085101881,72.11484084626447,0.0,0.0,0.0,0.0,0.0,0.0,0.0,0.0
1540,4135.0723,63.499,1.3430341,72.0704580164976,72.07045801060562,0.0,0.0,0.0,0.0,0.0,0.0,0.0,0.0
1541,4136.026,64.92205,1.3935212,72.02599892163421,72.02599891433799,0.0,0.0,0.0,0.0,0.0,0.0,0.0,0.0
1542,4136.977,66.141396,1.3794063,71.98169117121168,71.98169116219336,0.0,0.0,0.0,0.0,0.0,0.0,0.0,0.0
1543,4137.9287,62.9627,1.3600531,71.9373981379056,71.93739812677218,0.0,0.0,0.0,0.0,0.0,0.0,0.0,0.0
1544,4138.8833,63.723263,1.3592868,71.89300635319681,71.89300633946151,0.0,0.0,0.0,0.0,0.0,0.0,0.0,0.0
1545,4139.8354,63.71143,1.3588408,71.8487655804106,71.84876556349678,0.0,0.0,0.0,0.0,0.0,0.0,0.0,0.0
1546,4140.79,61.877438,1.3290881,71.80444890345379,71.80444888264238,0.0,0.0,0.0,0.0,0.0,0.0,0.0,0.0
1547,4141.7427,61.401974,1.33138,71.76026032635289,71.76026030079039,0.0,0.0,0.0,0.0,0.0,0.0,0.0,0.0
1548,4142.6978,63.593037,1.3600447,71.71599599492589,71.71599596355263,0.0,0.0,0.0,0.0,0.0,0.0,0.0,0.0
1549,4143.651,62.78826,1.3521549,71.671859568108,71.67185952967017,0.0,0.0,0.0,0.0,0.0,0.0,0.0,0.0
1550,4144.6035,59.65486,1.3071297,71.62778302983365,71.6277829828074,0.0,0.0,0.0,0.0,0.0,0.0,0.0,0.0
1551,4145.56,61.111,1.321474,71.58356321504891,71.58356315754406,0.0,0.0,0.0,0.0,0.0,0.0,0.0,0.0
1552,4146.5137,62.52715,1.3420817,71.53951615833319,71.5395160881512,0.0,0.0,0.0,0.0,0.0,0.0,0.0,0.0
1553,4147.469,60.060886,1.3068494,71.49541622719062,71.49541614161522,0.0,0.0,0.0,0.0,0.0,0.0,0.0,0.0
1554,4148.424,58.85102,1.2840005,71.45139864599679,71.45139854181117,0.0,0.0,0.0,0.0,0.0,0.0,0.0,0.0
1555,4149.3804,58.691635,1.2796112,71.40732834008205,71.40732821335622,0.0,0.0,0.0,0.0,0.0,0.0,0.0,0.0
1556,4150.335,58.1814,1.2953811,71.36338524075089,71.36338508687425,0.0,0.0,0.0,0.0,0.0,0.0,0.0,0.0
1557,4151.2896,59.605423,1.2854885,71.31947928557508,71.3194790989778,0.0,0.0,0.0,0.0,0.0,0.0,0.0,0.0
1558,4152.2466,60.579025,1.3270086,71.2754982867166,71.27549806063026,0.0,0.0,0.0,0.0,0.0,0.0,0.0,0.0
1559,4153.202,59.18289,1.2859578,71.2316217767348,71.23162150324596,0.0,0.0,0.0,0.0,0.0,0.0,0.0,0.0
1560,4154.1597,58.1894,1.2878783,71.18769280352664,71.18769247300811,0.0,0.0,0.0,0.0,0.0,0.0,0.0,0.0
1561,4155.115,59.286602,1.311553,71.14389053945213,71.14389014069606,0.0,0.0,0.0,0.0,0.0,0.0,0.0,0.0
1562,4156.0737,60.577312,1.3405802,71.0999911799701,71.09999069925276,0.0,0.0,0.0,0.0,0.0,0.0,0.0,0.0
1563,4157.03,59.760242,1.3296819,71.0562407135337,71.05624013505425,0.0,0.0,0.0,0.0,0.0,0.0,0.0,0.0
1564,4157.986,58.69366,1.3160743,71.01252723899898,71.01252654379834,0.0,0.0,0.0,0.0,0.0,0.0,0.0,0.0
1565,4158.945,59.547153,1.3105633,70.96871693667138,70.96871610184279,0.0,0.0,0.0,0.0,0.0,0.0,0.0,0.0
1566,4159.9014,60.700626,1.3147693,70.92505517255978,70.92505417185856,0.0,0.0,0.0,0.0,0.0,0.0,0.0,0.0
1567,4160.861,58.579086,1.3023112,70.8812967742937,70.88129557569792,0.0,0.0,0.0,0.0,0.0,0.0,0.0,0.0
1568,4161.818,60.064644,1.3015922,70.83768669398167,70.83768526092531,0.0,0.0,0.0,0.0,0.0,0.0,0.0,0.0
1569,4162.778,60.22293,1.3143007,70.7939801761824,70.79397846415196,0.0,0.0,0.0,0.0,0.0,0.0,0.0,0.0
1570,4163.7354,59.526905,1.3071885,70.75042176018044,70.75041971851763,0.0,0.0,0.0,0.0,0.0,0.0,0.0,0.0
1571,4164.6934,59.301067,1.2953551,70.70687802812927,70.70687559638736,0.0,0.0,0.0,0.0,0.0,0.0,0.0,0.0
1572,4165.6533,57.380493,1.2741756,70.66328251120741,70.66327961769572,0.0,0.0,0.0,0.0,0.0,0.0,0.0,0.0
1573,4166.613,57.435577,1.2712134,70.61974614010475,70.61974270203629,0.0,0.0,0.0,0.0,0.0,0.0,0.0,0.0
1574,4167.573,58.378098,1.2900887,70.57620244959305,70.57619836922693,0.0,0.0,0.0,0.0,0.0,0.0,0.0,0.0
1575,4168.532,59.79676,1.3621476,70.53276207360122,70.53275723867327,0.0,0.0,0.0,0.0,0.0,0.0,0.0,0.0
1576,4169.493,59.528393,1.3563054,70.48927019122644,70.4892644678745,0.0,0.0,0.0,0.0,0.0,0.0,0.0,0.0
1577,4170.4526,57.478218,1.2754521,70.44588150944232,70.44587474521508,0.0,0.0,0.0,0.0,0.0,0.0,0.0,0.0
1578,4171.4116,57.128345,1.2850548,70.40255173957917,70.4025437564967,0.0,0.0,0.0,0.0,0.0,0.0,0.0,0.0
1579,4172.374,58.330307,1.2858461,70.35910454374279,70.35909512925299,0.0,0.0,0.0,0.0,0.0,0.0,0.0,0.0
1580,4173.3335,58.075397,1.2935131,70.31582650552642,70.31581542336258,0.0,0.0,0.0,0.0,0.0,0.0,0.0,0.0
1581,4174.296,58.8698,1.2818165,70.27245332994275,70.27244029568496,0.0,0.0,0.0,0.0,0.0,0.0,0.0,0.0
1582,4175.2563,59.138783,1.3078014,70.22920513395191,70.2291898292661,0.0,0.0,0.0,0.0,0.0,0.0,0.0,0.0
1583,4176.219,57.965664,1.2862691,70.18588407399692,70.18586612017496,0.0,0.0,0.0,0.0,0.0,0.0,0.0,0.0
1584,4177.1797,57.88912,1.2759129,70.14270984816447,70.14268882329542,0.0,0.0,0.0,0.0,0.0,0.0,0.0,0.0
1585,4178.1406,56.35617,1.2645533,70.09955067305565,70.09952608278,0.0,0.0,0.0,0.0,0.0,0.0,0.0,0.0
1586,4179.1045,58.384136,1.2832448,70.0562971281558,70.05626839271982,0.0,0.0,0.0,0.0,0.0,0.0,0.0,0.0
1587,4180.0654,57.531113,1.2704794,70.01321219702831,70.01317867849238,0.0,0.0,0.0,0.0,0.0,0.0,0.0,0.0
1588,4181.0293,56.326305,1.2702084,69.97003322227631,69.96999415852572,0.0,0.0,0.0,0.0,0.0,0.0,0.0,0.0
1589,4181.991,57.783623,1.2677832,69.92697906693842,69.92693361567193,0.0,0.0,0.0,0.0,0.0,0.0,0.0,0.0
1590,4182.956,57.510986,1.272616,69.88383132120137,69.883778484656,0.0,0.0,0.0,0.0,0.0,0.0,0.0,0.0
1591,4183.918,56.561413,1.2687182,69.84085211356798,69.84079080195444,0.0,0.0,0.0,0.0,0.0,0.0,0.0,0.0
1592,4184.8804,55.645485,1.254835,69.7978886980589,69.79781764174078,0.0,0.0,0.0,0.0,0.0,0.0,0.0,0.0
1593,4185.8457,56.119484,1.2633969,69.75483242106789,69.75475014495392,0.0,0.0,0.0,0.0,0.0,0.0,0.0,0.0
1594,4186.8086,56.47843,1.2516819,69.71192303177034,69.71182792704442,0.0,0.0,0.0,0.0,0.0,0.0,0.0,0.0
1595,4187.774,55.92272,1.2672296,69.66894311672382,69.66883329045828,0.0,0.0,0.0,0.0,0.0,0.0,0.0,0.0
1596,4188.7373,55.995808,1.273788,69.62608857022917,69.625961950435,0.0,0.0,0.0,0.0,0.0,0.0,0.0,0.0
1597,4189.7036,55.06723,1.2599945,69.58314248110969,69.58299663286584,0.0,0.0,0.0,0.0,0.0,0.0,0.0,0.0
1598,4190.6675,56.192406,1.2697275,69.54034385461318,69.54017614307713,0.0,0.0,0.0,0.0,0.0,0.0,0.0,0.0
1599,4191.6333,56.119205,1.2626438,69.49749783219323,69.4973051841751,0.0,0.0,0.0,0.0,0.0,0.0,0.0,0.0
1600,4192.5977,54.677475,1.2374105,69.45475641140013,69.4545354619296,0.0,0.0,0.0,0.0,0.0,0.0,0.0,0.0
1601,4193.5625,54.728413,1.2486467,69.41203334706134,69.41178026015169,0.0,0.0,0.0,0.0,0.0,0.0,0.0,0.0
1602,4194.5293,57.509834,1.2786415,69.36926435439187,69.36897476545806,0.0,0.0,0.0,0.0,0.0,0.0,0.0,0.0
1603,4195.494,57.97782,1.2742978,69.32662271243254,69.3262918904141,0.0,0.0,0.0,0.0,0.0,0.0,0.0,0.0
1604,4196.462,55.570038,1.2595634,69.28389321572118,69.2835156444236,0.0,0.0,0.0,0.0,0.0,0.0,0.0,0.0
1605,4197.4272,55.27746,1.2453399,69.24131362790536,69.24088342201026,0.0,0.0,0.0,0.0,0.0,0.0,0.0,0.0
1606,4198.395,55.95826,1.2514076,69.19866922516754,69.19817954320838,0.0,0.0,0.0,0.0,0.0,0.0,0.0,0.0
1607,4199.3613,55.378067,1.2462523,69.15613291594659,69.15557639069615,0.0,0.0,0.0,0.0,0.0,0.0,0.0,0.0
1608,4200.327,55.43692,1.2539333,69.1136623675418,69.11303076110268,0.0,0.0,0.0,0.0,0.0,0.0,0.0,0.0
1609,4201.296,56.12508,1.252314,69.07110831710028,69.0703921862108,0.0,0.0,0.0,0.0,0.0,0.0,0.0,0.0
1610,4202.2627,55.43614,1.3537552,69.02868626896519,69.02787559399142,0.0,0.0,0.0,0.0,0.0,0.0,0.0,0.0
1611,4203.2314,54.73405,1.3416238,68.98622586253079,68.98530916137135,0.0,0.0,0.0,0.0,0.0,0.0,0.0,0.0
1612,4204.1987,53.751476,1.3143834,68.94387807722518,68.94284306084586,0.0,0.0,0.0,0.0,0.0,0.0,0.0,0.0
1613,4205.1675,52.973682,1.2830521,68.9015158870356,68.90034863344448,0.0,0.0,0.0,0.0,0.0,0.0,0.0,0.0
1614,4206.1357,54.532524,1.2428921,68.85922611672218,68.85791156911078,0.0,0.0,0.0,0.0,0.0,0.0,0.0,0.0
1615,4207.103,55.32615,1.2491262,68.8170314270384,68.81555314814536,0.0,0.0,0.0,0.0,0.0,0.0,0.0,0.0
1616,4208.073,55.002438,1.2347798,68.7747631536311,68.77310238173031,0.0,0.0,0.0,0.0,0.0,0.0,0.0,0.0
1617,4209.041,54.581062,1.2495733,68.73265702825022,68.73079426517226,0.0,0.0,0.0,0.0,0.0,0.0,0.0,0.0
1618,4210.0117,54.243076,1.2227224,68.69048123818699,68.68839397898752,0.0,0.0,0.0,0.0,0.0,0.0,0.0,0.0
1619,4210.9805,52.7525,1.2233001,68.6484499824969,68.6461148198964,0.0,0.0,0.0,0.0,0.0,0.0,0.0,0.0
1620,4211.951,53.82145,1.555982,68.6063958898129,68.60378626877797,0.0,0.0,0.0,0.0,0.0,0.0,0.0,0.0
1621,4212.9204,73.71198,3.1832087,68.56446933185978,68.56155735834798,0.0,0.0,0.0,0.0,0.0,0.0,0.0,0.0
1622,4213.8896,68.45407,5.0745854,68.5226091992512,68.51936414706816,0.0,0.0,0.0,0.0,0.0,0.0,0.0,0.0
1623,4214.8613,27.893757,10.677272,68.48071286106018,68.47710045124872,0.0,0.0,0.0,0.0,0.0,0.0,0.0,0.0
1624,4215.8306,28.730022,8.034346,68.43899356543442,68.43497861286049,0.0,0.0,0.0,0.0,0.0,0.0,0.0,0.0
1625,4216.803,75.37908,4.9335647,68.39720210233115,68.39274400645279,0.0,0.0,0.0,0.0,0.0,0.0,0.0,0.0
1626,4217.773,57.151447,2.0706491,68.35561430428271,68.35067224802543,0.0,0.0,0.0,0.0,0.0,0.0,0.0,0.0
1627,4218.7456,56.380768,1.3829752,68.31398210722769,68.30850908906946,0.0,0.0,0.0,0.0,0.0,0.0,0.0,0.0
1628,4219.716,56.262993,1.2708554,68.2725388434344,68.26648734683181,0.0,0.0,0.0,0.0,0.0,0.0,0.0,0.0
1629,4220.687,55.806103,1.2465804,68.23114186956876,68.22445886408308,0.0,0.0,0.0,0.0,0.0,0.0,0.0,0.0
1630,4221.66,55.86397,1.265406,68.18975367881359,68.18238150253893,0.0,0.0,0.0,0.0,0.0,0.0,0.0,0.0
1631,4222.6313,55.7607,1.2569518,68.148544288798,68.14042412452284,0.0,0.0,0.0,0.0,0.0,0.0,0.0,0.0
1632,4223.605,56.216602,1.2686851,68.10733135927045,68.09839686609381,0.0,0.0,0.0,0.0,0.0,0.0,0.0,0.0
1633,4224.577,54.925705,1.2606301,68.06628459514013,68.05646835741481,0.0,0.0,0.0,0.0,0.0,0.0,0.0,0.0
1634,4225.551,54.794586,1.248223,68.02528466527444,68.01451220606548,0.0,0.0,0.0,0.0,0.0,0.0,0.0,0.0
1635,4226.523,56.282124,1.2690067,67.98445943738041,67.97265462106732,0.0,0.0,0.0,0.0,0.0,0.0,0.0,0.0
1636,4227.495,56.749035,1.2583157,67.94375178226719,67.93083241404483,0.0,0.0,0.0,0.0,0.0,0.0,0.0,0.0
1637,4228.47,55.496677,1.2496582,67.9030443328904,67.88891967306901,0.0,0.0,0.0,0.0,0.0,0.0,0.0,0.0
1638,4229.443,55.73782,1.2633518,67.86256629293847,67.8471472530632,0.0,0.0,0.0,0.0,0.0,0.0,0.0,0.0
1639,4230.418,56.654945,1.2679611,67.82211946799086,67.80530541493223,0.0,0.0,0.0,0.0,0.0,0.0,0.0,0.0
1640,4231.3916,54.961872,1.2422493,67.78187116973012,67.76356179259628,0.0,0.0,0.0,0.0,0.0,0.0,0.0,0.0
1641,4232.367,54.76583,1.2393105,67.74168538873668,67.72176983220156,0.0,0.0,0.0,0.0,0.0,0.0,0.0,0.0
1642,4233.341,55.76855,1.2450006,67.70172823194353,67.68009683091132,0.0,0.0,0.0,0.0,0.0,0.0,0.0,0.0
1643,4234.3145,55.798744,1.2550522,67.66192435155328,67.63845904784914,0.0,0.0,0.0,0.0,0.0,0.0,0.0,0.0
1644,4235.2915,55.57026,1.2698992,67.62214012401571,67.59671045983603,0.0,0.0,0.0,0.0,0.0,0.0,0.0,0.0
1645,4236.2656,55.509007,1.2735891,67.5826393994666,67.55512228563198,0.0,0.0,0.0,0.0,0.0,0.0,0.0,0.0
1646,4237.242,55.967396,1.343849,67.5432095428875,67.51346515248923,0.0,0.0,0.0,0.0,0.0,0.0,0.0,0.0
1647,4238.217,54.4122,1.382943,67.50403331167388,67.4719265060811,0.0,0.0,0.0,0.0,0.0,0.0,0.0,0.0
1648,4239.1943,54.73616,1.2598097,67.46491985564244,67.43029825185549,0.0,0.0,0.0,0.0,0.0,0.0,0.0,0.0
1649,4240.1694,57.42397,1.2768433,67.42608927342953,67.38880910504521,0.0,0.0,0.0,0.0,0.0,0.0,0.0,0.0
1650,4241.145,55.22218,1.2511965,67.38742926189124,67.3473342678827,0.0,0.0,0.0,0.0,0.0,0.0,0.0,0.0
1651,4242.1235,54.51132,1.2434188,67.34884889120809,67.30577009613268,0.0,0.0,0.0,0.0,0.0,0.0,0.0,0.0
1652,4243.099,56.09191,1.2559263,67.31058378607798,67.2643654392736,0.0,0.0,0.0,0.0,0.0,0.0,0.0,0.0
1653,4244.0776,55.149635,1.248112,67.27240858957397,67.22287158280837,0.0,0.0,0.0,0.0,0.0,0.0,0.0,0.0
1654,4245.0537,53.527462,1.2285029,67.23453719288457,67.1815162760054,0.0,0.0,0.0,0.0,0.0,0.0,0.0,0.0
1655,4246.0327,54.577106,1.241546,67.19676532564405,67.14007193935755,0.0,0.0,0.0,0.0,0.0,0.0,0.0,0.0
1656,4247.0093,55.986412,1.2592523,67.15930408722576,67.09876593685564,0.0,0.0,0.0,0.0,0.0,0.0,0.0,0.0
1657,4247.9863,54.634983,1.237144,67.12204382278495,67.05747420795731,0.0,0.0,0.0,0.0,0.0,0.0,0.0,0.0
1658,4248.966,55.764782,1.2607089,67.08491416841126,67.01611432998753,0.0,0.0,0.0,0.0,0.0,0.0,0.0,0.0
1659,4249.944,56.142387,1.2731632,67.04806627013213,66.97485126235014,0.0,0.0,0.0,0.0,0.0,0.0,0.0,0.0
1660,4250.9233,55.39242,1.2624671,67.01139216992851,66.93356136355396,0.0,0.0,0.0,0.0,0.0,0.0,0.0,0.0
1661,4251.9014,55.196014,1.2507498,66.97500357241344,66.89236809522819,0.0,0.0,0.0,0.0,0.0,0.0,0.0,0.0
1662,4252.882,54.765717,1.2479433,66.93875719261622,66.85110694569802,0.0,0.0,0.0,0.0,0.0,0.0,0.0,0.0
1663,4253.8604,52.17904,1.305278,66.90281687683829,66.80996283895739,0.0,0.0,0.0,0.0,0.0,0.0,0.0,0.0
1664,4254.839,52.379223,1.3037641,66.86711102858416,66.76885350927941,0.0,0.0,0.0,0.0,0.0,0.0,0.0,0.0
1665,4255.82,54.88456,1.2444164,66.83155186491865,66.72767648118395,0.0,0.0,0.0,0.0,0.0,0.0,0.0,0.0
1666,4256.7993,55.828056,1.2506834,66.79628134675737,66.68659573950286,0.0,0.0,0.0,0.0,0.0,0.0,0.0,0.0
1667,4257.781,54.56685,1.2368805,66.7611760999479,66.645467920176,0.0,0.0,0.0,0.0,0.0,0.0,0.0,0.0
1668,4258.7603,54.91551,1.2466755,66.72637499926194,66.60445667860611,0.0,0.0,0.0,0.0,0.0,0.0,0.0,0.0
1669,4259.742,53.844513,1.2358198,66.69172076727978,66.56337800469032,0.0,0.0,0.0,0.0,0.0,0.0,0.0,0.0
1670,4260.722,55.91899,1.2543391,66.65736693396704,66.52241572990553,0.0,0.0,0.0,0.0,0.0,0.0,0.0,0.0
1671,4261.7026,55.214916,1.2524669,66.62322526830556,66.48146769064786,0.0,0.0,0.0,0.0,0.0,0.0,0.0,0.0
1672,4262.685,53.257057,1.2223017,66.58924302969993,66.44047280167163,0.0,0.0,0.0,0.0,0.0,0.0,0.0,0.0
1673,4263.6655,53.494774,1.2330306,66.5555523519162,66.39959402724541,0.0,0.0,0.0,0.0,0.0,0.0,0.0,0.0
1674,4264.6494,53.2685,1.2197928,66.52196580079112,66.3586074700645,0.0,0.0,0.0,0.0,0.0,0.0,0.0,0.0
1675,4265.6304,53.67846,1.2387841,66.48869640019763,66.31777754810679,0.0,0.0,0.0,0.0,0.0,0.0,0.0,0.0
1676,4266.614,54.383675,1.2540029,66.45555782601672,66.27688063964682,0.0,0.0,0.0,0.0,0.0,0.0,0.0,0.0
1677,4267.5947,54.536743,1.2546903,66.42271002493752,66.23611977063072,0.0,0.0,0.0,0.0,0.0,0.0,0.0,0.0
1678,4268.5796,54.89367,1.2611945,66.38993606790643,66.19523122235876,0.0,0.0,0.0,0.0,0.0,0.0,0.0,0.0
1679,4269.561,55.140045,1.2516798,66.35747472607822,66.15451906287403,0.0,0.0,0.0,0.0,0.0,0.0,0.0,0.0
1680,4270.5435,53.69789,1.2385625,66.32517440076457,66.11380083318339,0.0,0.0,0.0,0.0,0.0,0.0,0.0,0.0
1681,4271.5283,55.369606,1.2542036,66.29298222550064,66.07301596292167,0.0,0.0,0.0,0.0,0.0,0.0,0.0,0.0
1682,4272.5107,55.665215,1.2659446,66.26105173142197,66.03236662061455,0.0,0.0,0.0,0.0,0.0,0.0,0.0,0.0
1683,4273.496,54.34898,1.2481163,66.22920218370248,65.99163055680086,0.0,0.0,0.0,0.0,0.0,0.0,0.0,0.0
1684,4274.48,54.62015,1.2578503,66.19756932928547,65.95098948850617,0.0,0.0,0.0,0.0,0.0,0.0,0.0,0.0
1685,4275.4653,56.338234,1.2592633,66.16605218730606,65.91032236300148,0.0,0.0,0.0,0.0,0.0,0.0,0.0,0.0
1686,4276.4487,55.147415,1.2637305,66.13475300261278,65.86977018305559,0.0,0.0,0.0,0.0,0.0,0.0,0.0,0.0
1687,4277.4326,56.657494,1.2656822,66.10358622973772,65.82923215931268,0.0,0.0,0.0,0.0,0.0,0.0,0.0,0.0
1688,4278.4194,56.4041,1.2781988,66.07246787074257,65.7886078429525,0.0,0.0,0.0,0.0,0.0,0.0,0.0,0.0
1689,4279.4033,56.0689,1.2623346,66.04157496726964,65.74813841021512,0.0,0.0,0.0,0.0,0.0,0.0,0.0,0.0
1690,4280.39,55.68375,1.2722995,66.01071540868531,65.70758281505357,0.0,0.0,0.0,0.0,0.0,0.0,0.0,0.0
1691,4281.375,55.336426,1.2662758,65.98003379202882,65.66714174247781,0.0,0.0,0.0,0.0,0.0,0.0,0.0,0.0
1692,4282.3623,57.188087,1.2848794,65.94938494075787,65.62663472999584,0.0,0.0,0.0,0.0,0.0,0.0,0.0,0.0
1693,4283.347,57.351433,1.2932308,65.91891157138085,65.58626207220291,0.0,0.0,0.0,0.0,0.0,0.0,0.0,0.0
1694,4284.3325,55.097374,1.2661511,65.88851374369295,65.54590353351267,0.0,0.0,0.0,0.0,0.0,0.0,0.0,0.0
1695,4285.321,54.603275,1.2694042,65.85810730804275,65.50545925844978,0.0,0.0,0.0,0.0,0.0,0.0,0.0,0.0
1696,4286.3066,56.55679,1.2883003,65.8278478646713,65.46514904145772,0.0,0.0,0.0,0.0,0.0,0.0,0.0,0.0
1697,4287.295,57.64117,1.3038403,65.79757568726451,65.42477319130809,0.0,0.0,0.0,0.0,0.0,0.0,0.0,0.0
1698,4288.2812,55.358448,1.2752097,65.76741513721795,65.38451123349519,0.0,0.0,0.0,0.0,0.0,0.0,0.0,0.0
1699,4289.2695,55.522453,1.2729316,65.73723613934659,65.34420367794179,0.0,0.0,0.0,0.0,0.0,0.0,0.0,0.0
1700,4290.257,57.422813,1.2970657,65.70711724794629,65.30397002733471,0.0,0.0,0.0,0.0,0.0,0.0,0.0,0.0
1701,4291.2437,56.811504,1.2941964,65.67703201534366,65.26379027130221,0.0,0.0,0.0,0.0,0.0,0.0,0.0,0.0
1702,4292.233,55.873753,1.2850238,65.64687939849883,65.22354518738776,0.0,0.0,0.0,0.0,0.0,0.0,0.0,0.0
1703,4293.2207,57.19554,1.3111519,65.6167664696488,65.1833937038693,0.0,0.0,0.0,0.0,0.0,0.0,0.0,0.0
1704,4294.211,57.782055,1.318066,65.58656125484784,65.14317705451329,0.0,0.0,0.0,0.0,0.0,0.0,0.0,0.0
1705,4295.1987,58.925056,1.3521558,65.55639967801416,65.10309350969636,0.0,0.0,0.0,0.0,0.0,0.0,0.0,0.0
1706,4296.189,59.394836,1.3519284,65.52611911754875,65.0629448936489,0.0,0.0,0.0,0.0,0.0,0.0,0.0,0.0
1707,4297.1777,57.87892,1.344914,65.49582500565405,65.02288959730025,0.0,0.0,0.0,0.0,0.0,0.0,0.0,0.0
1708,4298.166,56.81142,1.3365678,65.46547317426065,64.98288792292932,0.0,0.0,0.0,0.0,0.0,0.0,0.0,0.0
1709,4299.157,58.807735,1.3617444,65.43494384404624,64.94280161377395,0.0,0.0,0.0,0.0,0.0,0.0,0.0,0.0
1710,4300.146,61.092308,1.3808745,65.40438680725052,64.90284787492706,0.0,0.0,0.0,0.0,0.0,0.0,0.0,0.0
1711,4301.138,56.69935,1.3405571,65.37360563710196,64.86278995707495,0.0,0.0,0.0,0.0,0.0,0.0,0.0,0.0
1712,4302.1274,59.222626,1.3364772,65.34278098978623,64.82288412489518,0.0,0.0,0.0,0.0,0.0,0.0,0.0,0.0
1713,4303.1196,60.353256,1.3619202,65.31171431545722,64.7828939795922,0.0,0.0,0.0,0.0,0.0,0.0,0.0,0.0
1714,4304.1094,59.72155,1.3491232,65.28055735419534,64.74303599189065,0.0,0.0,0.0,0.0,0.0,0.0,0.0,0.0
1715,4305.1,61.2136,1.357415,65.24918617825753,64.70317240576989,0.0,0.0,0.0,0.0,0.0,0.0,0.0,0.0
1716,4306.0923,61.347088,1.3644224,65.21756811608152,64.6632836626895,0.0,0.0,0.0,0.0,0.0,0.0,0.0,0.0
1717,4307.083,61.743603,1.3659552,65.18578002430763,64.6234875080761,0.0,0.0,0.0,0.0,0.0,0.0,0.0,0.0
1718,4308.0767,63.060265,1.3875644,65.1536634784063,64.58360745719277,0.0,0.0,0.0,0.0,0.0,0.0,0.0,0.0
1719,4309.068,64.04983,1.3900423,65.1213758010999,64.54385906649983,0.0,0.0,0.0,0.0,0.0,0.0,0.0,0.0
1720,4310.061,64.27091,1.3989642,65.08875739608538,64.5040660503937,0.0,0.0,0.0,0.0,0.0,0.0,0.0,0.0
1721,4311.0527,64.38649,1.3837979,65.05590514513042,64.46436534496334,0.0,0.0,0.0,0.0,0.0,0.0,0.0,0.0
1722,4312.045,65.23071,1.4090936,65.02273904440052,64.42467867490895,0.0,0.0,0.0,0.0,0.0,0.0,0.0,0.0
1723,4313.039,66.4646,1.414614,64.98919439028002,64.38494753549791,0.0,0.0,0.0,0.0,0.0,0.0,0.0,0.0
1724,4314.031,66.240776,1.4098889,64.9554057426937,64.34534749465064,0.0,0.0,0.0,0.0,0.0,0.0,0.0,0.0
1725,4315.026,67.622955,1.4345381,64.92115988372696,64.30564459203613,0.0,0.0,0.0,0.0,0.0,0.0,0.0,0.0
1726,4316.0186,69.72989,1.4511064,64.88664554132714,64.26607261671319,0.0,0.0,0.0,0.0,0.0,0.0,0.0,0.0
1727,4317.0137,69.99608,1.4619546,64.8516820382204,64.22643688431644,0.0,0.0,0.0,0.0,0.0,0.0,0.0,0.0
1728,4318.007,69.675644,1.4580091,64.81641334416412,64.1869124186232,0.0,0.0,0.0,0.0,0.0,0.0,0.0,0.0
1729,4319.0,71.9524,1.4821514,64.78076284860975,64.14742135738737,0.0,0.0,0.0,0.0,0.0,0.0,0.0,0.0
1730,4319.9966,73.27932,1.4980317,64.74459877330385,64.10782792884432,0.0,0.0,0.0,0.0,0.0,0.0,0.0,0.0
1731,4320.9897,73.22527,1.5039582,64.70816346248772,64.06840368351128,0.0,0.0,0.0,0.0,0.0,0.0,0.0,0.0
1732,4321.9863,74.03074,1.5149812,64.67120245114857,64.02887722865636,0.0,0.0,0.0,0.0,0.0,0.0,0.0,0.0
1733,4322.981,75.96379,1.5351351,64.63391157978639,63.98946163052186,0.0,0.0,0.0,0.0,0.0,0.0,0.0,0.0
1734,4323.9775,76.24297,1.5412004,64.59614435840567,63.950002054462026,0.0,0.0,0.0,0.0,0.0,0.0,0.0,0.0
1735,4324.972,78.64417,1.5638639,64.55805017352915,63.91065313220836,0.0,0.0,0.0,0.0,0.0,0.0,0.0,0.0
1736,4325.9673,79.64236,1.5768206,64.51954019806263,63.871318168853485,0.0,0.0,0.0,0.0,0.0,0.0,0.0,0.0
1737,4326.965,80.39209,1.598531,64.48054252568151,63.831920072468776,0.0,0.0,0.0,0.0,0.0,0.0,0.0,0.0
1738,4327.9604,81.638695,1.5959594,64.44123624816343,63.79263239159987,0.0,0.0,0.0,0.0,0.0,0.0,0.0,0.0
1739,4328.958,82.72984,1.6246483,64.40147719829237,63.75330094545042,0.0,0.0,0.0,0.0,0.0,0.0,0.0,0.0
1740,4329.954,83.31779,1.6228921,64.36141288278708,63.71406048534522,0.0,0.0,0.0,0.0,0.0,0.0,0.0,0.0
1741,4330.9526,84.3136,1.6299483,64.32089956329284,63.67475714013991,0.0,0.0,0.0,0.0,0.0,0.0,0.0,0.0
1742,4331.9487,84.91069,1.6585096,64.28015127137971,63.635583066499954,0.0,0.0,0.0,0.0,0.0,0.0,0.0,0.0
1743,4332.9453,86.16862,1.6582485,64.23906708028409,63.59642291333768,0.0,0.0,0.0,0.0,0.0,0.0,0.0,0.0
1744,4333.945,88.36587,1.6896523,64.1975646020912,63.55718088169325,0.0,0.0,0.0,0.0,0.0,0.0,0.0,0.0
1745,4334.942,90.016304,1.7086408,64.15588825847395,63.51806783582457,0.0,0.0,0.0,0.0,0.0,0.0,0.0,0.0
1746,4335.9414,89.68592,1.7144028,64.1138574380908,63.47889219713545,0.0,0.0,0.0,0.0,0.0,0.0,0.0,0.0
1747,4336.9385,91.0195,1.7124602,64.0717025867313,63.43984531076847,0.0,0.0,0.0,0.0,0.0,0.0,0.0,0.0
1748,4337.939,92.275734,1.7312355,64.02920212247666,63.40069772699174,0.0,0.0,0.0,0.0,0.0,0.0,0.0,0.0
1749,4338.937,91.785225,1.72557,63.98663277197969,63.361678727160815,0.0,0.0,0.0,0.0,0.0,0.0,0.0,0.0
1750,4339.935,92.23806,1.7408091,63.94391997126383,63.322692706859534,0.0,0.0,0.0,0.0,0.0,0.0,0.0,0.0
1751,4340.9355,93.29762,1.7275395,63.9009890024553,63.28364438461167,0.0,0.0,0.0,0.0,0.0,0.0,0.0,0.0
1752,4341.9346,88.96608,1.6969472,63.8580381128561,63.24468623135204,0.0,0.0,0.0,0.0,0.0,0.0,0.0,0.0
1753,4342.9355,88.77613,1.696278,63.81495224216912,63.20568494776223,0.0,0.0,0.0,0.0,0.0,0.0,0.0,0.0
1754,4343.9346,91.99542,1.712363,63.7719313579783,63.16679269850107,0.0,0.0,0.0,0.0,0.0,0.0,0.0,0.0
1755,4344.9365,90.87867,1.7221173,63.7287976027813,63.12781940711403,0.0,0.0,0.0,0.0,0.0,0.0,0.0,0.0
1756,4345.936,88.012764,1.6729935,63.685814841896395,63.08897398343692,0.0,0.0,0.0,0.0,0.0,0.0,0.0,0.0
1757,4346.938,88.53791,1.6924832,63.64280501434342,63.05006662437455,0.0,0.0,0.0,0.0,0.0,0.0,0.0,0.0
1758,4347.9385,89.09413,1.683982,63.59996756180286,63.01124902828693,0.0,0.0,0.0,0.0,0.0,0.0,0.0,0.0
1759,4348.9385,90.21896,1.7031341,63.55729152390641,62.97248317429703,0.0,0.0,0.0,0.0,0.0,0.0,0.0,0.0
1760,4349.941,89.0321,1.689107,63.51468228424049,62.93365555131889,0.0,0.0,0.0,0.0,0.0,0.0,0.0,0.0
1761,4350.9414,87.576935,1.6755335,63.472356000343254,62.894936361709526,0.0,0.0,0.0,0.0,0.0,0.0,0.0,0.0
1762,4351.9453,87.464066,1.6786443,63.430113786621206,62.85611777917873,0.0,0.0,0.0,0.0,0.0,0.0,0.0,0.0
1763,4352.9463,87.341,1.6903445,63.388248882930164,62.817445240657214,0.0,0.0,0.0,0.0,0.0,0.0,0.0,0.0
1764,4353.95,85.224754,1.650847,63.346541136539095,62.77869233492624,0.0,0.0,0.0,0.0,0.0,0.0,0.0,0.0
1765,4354.952,86.21019,1.6527255,63.30521647868013,62.74004756150102,0.0,0.0,0.0,0.0,0.0,0.0,0.0,0.0
1766,4355.954,84.090706,1.6370901,63.264213991057595,62.70143545855256,0.0,0.0,0.0,0.0,0.0,0.0,0.0,0.0
1767,4356.9585,84.97628,1.6495954,63.223453442497366,62.662762026233786,0.0,0.0,0.0,0.0,0.0,0.0,0.0,0.0
1768,4357.961,85.66126,1.6628537,63.18312942129271,62.624196461259295,0.0,0.0,0.0,0.0,0.0,0.0,0.0,0.0
1769,4358.966,82.32304,1.6370983,63.1430790501148,62.5855696874172,0.0,0.0,0.0,0.0,0.0,0.0,0.0,0.0
1770,4359.9688,83.01744,1.6560396,63.103488584365216,62.54705061515745,0.0,0.0,0.0,0.0,0.0,0.0,0.0,0.0
1771,4360.974,83.22731,1.652679,63.064193286975794,62.508470454296045,0.0,0.0,0.0,0.0,0.0,0.0,0.0,0.0
1772,4361.9775,80.06849,1.6049901,63.02537054449152,62.469997829495185,0.0,0.0,0.0,0.0,0.0,0.0,0.0,0.0
1773,4362.981,76.68841,1.5392708,62.98694629455968,62.43155772472783,0.0,0.0,0.0,0.0,0.0,0.0,0.0,0.0
1774,4363.987,74.753525,1.5294403,62.94882840391527,62.39305669542681,0.0,0.0,0.0,0.0,0.0,0.0,0.0,0.0
1775,4364.9907,73.5987,1.511926,62.9111805993108,62.354662938692975,0.0,0.0,0.0,0.0,0.0,0.0,0.0,0.0
1776,4365.997,72.01981,1.4847083,62.87383253834997,62.316208377106534,0.0,0.0,0.0,0.0,0.0,0.0,0.0,0.0
1777,4367.002,68.712006,1.46798,62.83692092248994,62.27784228870469,0.0,0.0,0.0,0.0,0.0,0.0,0.0,0.0
1778,4368.009,71.082184,1.4727631,62.800309104179696,62.23943416521485,0.0,0.0,0.0,0.0,0.0,0.0,0.0,0.0
1779,4369.0137,67.86972,1.4346713,62.764124901919345,62.201132984786014,0.0,0.0,0.0,0.0,0.0,0.0,0.0,0.0
1780,4370.0186,64.29495,1.4001073,62.728280152954355,62.16286417452265,0.0,0.0,0.0,0.0,0.0,0.0,0.0,0.0
1781,4371.0264,67.45297,1.4296669,62.69265272389807,62.12451627026953,0.0,0.0,0.0,0.0,0.0,0.0,0.0,0.0
1782,4372.0317,65.11518,1.4099573,62.65741097579888,62.08629363428048,0.0,0.0,0.0,0.0,0.0,0.0,0.0,0.0
1783,4373.04,63.784607,1.4061487,62.622343007707215,62.0479920546051,0.0,0.0,0.0,0.0,0.0,0.0,0.0,0.0
1784,4374.0464,63.094334,1.3763194,62.587593124884464,62.009797023314334,0.0,0.0,0.0,0.0,0.0,0.0,0.0,0.0
1785,4375.055,62.477253,1.4190848,62.552982008446875,61.97154173849982,0.0,0.0,0.0,0.0,0.0,0.0,0.0,0.0
1786,4376.0615,61.790718,1.385148,62.51864758267707,61.93341133132285,0.0,0.0,0.0,0.0,0.0,0.0,0.0,0.0
1787,4377.068,61.508205,1.3939221,62.48447531587132,61.89531314498433,0.0,0.0,0.0,0.0,0.0,0.0,0.0,0.0
1788,4378.0776,62.109615,1.3847067,62.450317403439584,61.85711791193873,0.0,0.0,0.0,0.0,0.0,0.0,0.0,0.0
1789,4379.0845,61.08248,1.3762212,62.416355586610955,61.81906572636239,0.0,0.0,0.0,0.0,0.0,0.0,0.0,0.0
1790,4380.094,60.4058,1.3429031,62.38235807075903,61.78093510523245,0.0,0.0,0.0,0.0,0.0,0.0,0.0,0.0
1791,4381.1016,59.73218,1.3533596,62.348471221495586,61.74292885975929,0.0,0.0,0.0,0.0,0.0,0.0,0.0,0.0
1792,4382.1123,59.746723,1.3389189,62.31446265233156,61.70482592833635,0.0,0.0,0.0,0.0,0.0,0.0,0.0,0.0
1793,4383.1206,60.289658,1.3577367,62.280494372539486,61.66684720962521,0.0,0.0,0.0,0.0,0.0,0.0,0.0,0.0
1794,4384.1284,58.697,1.3426054,62.246465818792934,61.628918962389584,0.0,0.0,0.0,0.0,0.0,0.0,0.0,0.0
1795,4385.1396,57.94859,1.3398895,62.21220994136083,61.590894283268334,0.0,0.0,0.0,0.0,0.0,0.0,0.0,0.0
1796,4386.1484,59.121704,1.3379511,62.17789087160753,61.552993510805834,0.0,0.0,0.0,0.0,0.0,0.0,0.0,0.0
1797,4387.16,59.08965,1.3377026,62.143292259626264,61.515014838628645,0.0,0.0,0.0,0.0,0.0,0.0,0.0,0.0
1798,4388.1694,58.290565,1.3322812,62.1085652332501,61.477159879703954,0.0,0.0,0.0,0.0,0.0,0.0,0.0,0.0
1799,4389.1807,58.255947,1.3855981,62.07352738520171,61.439263750520006,0.0,0.0,0.0,0.0,0.0,0.0,0.0,0.0
1800,4390.1904,57.464756,1.3871986,62.038267096834254,61.40145452912338,0.0,0.0,0.0,0.0,0.0,0.0,0.0,0.0
1801,4391.2007,58.00086,1.366903,62.002688147925056,61.36365900268427,0.0,0.0,0.0,0.0,0.0,0.0,0.0,0.0
1802,4392.2134,55.506397,1.2974081,61.96669361195625,61.32580420575203,0.0,0.0,0.0,0.0,0.0,0.0,0.0,0.0
1803,4393.2236,54.986095,1.2908379,61.9304323582066,61.28807262462506,0.0,0.0,0.0,0.0,0.0,0.0,0.0,0.0
1804,4394.237,56.420696,1.3121389,61.89368827523653,61.25026364507143,0.0,0.0,0.0,0.0,0.0,0.0,0.0,0.0
1805,4395.248,56.07056,1.2949522,61.85661712241731,61.2125594909247,0.0,0.0,0.0,0.0,0.0,0.0,0.0,0.0
1806,4396.261,54.80722,1.2870241,61.81905688743989,61.174814481548474,0.0,0.0,0.0,0.0,0.0,0.0,0.0,0.0
1807,4397.2725,55.8887,1.3021498,61.78113613118713,61.13717410554474,0.0,0.0,0.0,0.0,0.0,0.0,0.0,0.0
1808,4398.2837,56.165302,1.3099161,61.742768914176,61.0995655364523,0.0,0.0,0.0,0.0,0.0,0.0,0.0,0.0
1809,4399.2983,56.50516,1.3173788,61.70381131841048,61.06186178399428,0.0,0.0,0.0,0.0,0.0,0.0,0.0,0.0
1810,4400.3105,56.983124,1.3909903,61.66447846409031,61.02428059097477,0.0,0.0,0.0,0.0,0.0,0.0,0.0,0.0
1811,4401.325,56.28446,1.3876071,61.6245737691372,60.986640634104546,0.0,0.0,0.0,0.0,0.0,0.0,0.0,0.0
1812,4402.3374,54.557434,1.3723614,61.584284712533254,60.94912301466872,0.0,0.0,0.0,0.0,0.0,0.0,0.0,0.0
1813,4403.353,55.16977,1.3768727,61.543375172976276,60.91151056564214,0.0,0.0,0.0,0.0,0.0,0.0,0.0,0.0
1814,4404.3657,55.600803,1.306726,61.50210072105278,60.87403835361351,0.0,0.0,0.0,0.0,0.0,0.0,0.0,0.0
1815,4405.379,54.79424,1.2905438,61.46032627080625,60.836579756485875,0.0,0.0,0.0,0.0,0.0,0.0,0.0,0.0
1816,4406.3945,54.27036,1.2970899,61.417974053779524,60.79906266824333,0.0,0.0,0.0,0.0,0.0,0.0,0.0,0.0
1817,4407.408,54.570797,1.2885706,61.37523357203103,60.76164941122628,0.0,0.0,0.0,0.0,0.0,0.0,0.0,0.0
1818,4408.4253,53.61891,1.2920067,61.33188647386239,60.72414178010629,0.0,0.0,0.0,0.0,0.0,0.0,0.0,0.0
1819,4409.439,55.26455,1.2957054,61.28823500392253,60.68679183242137,0.0,0.0,0.0,0.0,0.0,0.0,0.0,0.0
1820,4410.456,54.09491,1.2877613,61.24399726862889,60.64934765572529,0.0,0.0,0.0,0.0,0.0,0.0,0.0,0.0
1821,4411.4707,53.960335,1.2922022,61.19944221951119,60.6120249746,0.0,0.0,0.0,0.0,0.0,0.0,0.0,0.0
1822,4412.4854,54.48527,1.2833242,61.15447984459562,60.57473383667631,0.0,0.0,0.0,0.0,0.0,0.0,0.0,0.0
1823,4413.503,53.57913,1.2483902,61.10899637354145,60.53736667049656,0.0,0.0,0.0,0.0,0.0,0.0,0.0,0.0
1824,4414.518,54.3808,1.262158,61.06325030424602,60.500120700383256,0.0,0.0,0.0,0.0,0.0,0.0,0.0,0.0
1825,4415.536,53.42975,1.2614509,61.01701952283516,60.462798846413044,0.0,0.0,0.0,0.0,0.0,0.0,0.0,0.0
1826,4416.5522,53.559586,1.251204,60.97054622344199,60.42558012179557,0.0,0.0,0.0,0.0,0.0,0.0,0.0,0.0
1827,4417.5703,54.66471,1.2664583,60.923674059669494,60.38832141236496,0.0,0.0,0.0,0.0,0.0,0.0,0.0,0.0
1828,4418.5864,53.825924,1.2482013,60.87660556135714,60.35116564331591,0.0,0.0,0.0,0.0,0.0,0.0,0.0,0.0
1829,4419.603,51.520447,1.2360985,60.829251829653614,60.31402343895995,0.0,0.0,0.0,0.0,0.0,0.0,0.0,0.0
1830,4420.622,53.379646,1.2474363,60.78154476690982,60.276823542601804,0.0,0.0,0.0,0.0,0.0,0.0,0.0,0.0
1831,4421.639,52.290283,1.2423993,60.733714341754784,60.23972636425005,0.0,0.0,0.0,0.0,0.0,0.0,0.0,0.0
1832,4422.6587,53.723186,1.2498727,60.6855785613591,60.202571607165986,0.0,0.0,0.0,0.0,0.0,0.0,0.0,0.0
1833,4423.6763,52.05754,1.2286974,60.63736962635284,60.16551940996414,0.0,0.0,0.0,0.0,0.0,0.0,0.0,0.0
1834,4424.6963,49.74978,1.2030015,60.58890408654275,60.12840974707665,0.0,0.0,0.0,0.0,0.0,0.0,0.0,0.0
1835,4425.7144,51.327206,1.219279,60.540415540548985,60.091402486178104,0.0,0.0,0.0,0.0,0.0,0.0,0.0,0.0
1836,4426.735,50.8051,1.2158806,60.49171913996538,60.054337872417776,0.0,0.0,0.0,0.0,0.0,0.0,0.0,0.0
1837,4427.7534,52.02501,1.2298635,60.443048987785936,60.01737550298369,0.0,0.0,0.0,0.0,0.0,0.0,0.0,0.0
1838,4428.7715,50.98594,1.2247741,60.39435917108638,59.98046207397563,0.0,0.0,0.0,0.0,0.0,0.0,0.0,0.0
1839,4429.7935,50.899933,1.2247198,60.34546281840677,59.943438370488835,0.0,0.0,0.0,0.0,0.0,0.0,0.0,0.0
1840,4430.812,52.22999,1.2412056,60.29673326168659,59.90656972084644,0.0,0.0,0.0,0.0,0.0,0.0,0.0,0.0
1841,4431.8335,52.34242,1.2501427,60.247889299271115,59.86962630259753,0.0,0.0,0.0,0.0,0.0,0.0,0.0,0.0
1842,4432.8535,51.544983,1.2718656,60.19916270628953,59.83276708379769,0.0,0.0,0.0,0.0,0.0,0.0,0.0,0.0
1843,4433.8755,53.984905,1.29971,60.150411274398415,59.795868542159646,0.0,0.0,0.0,0.0,0.0,0.0,0.0,0.0
1844,4434.8955,52.11562,1.2665108,60.10184145192558,59.759071680111234,0.0,0.0,0.0,0.0,0.0,0.0,0.0,0.0
1845,4435.9155,51.328876,1.2464417,60.053379289917594,59.72230591636146,0.0,0.0,0.0,0.0,0.0,0.0,0.0,0.0
1846,4436.9385,52.57821,1.2481107,60.004904568362754,59.68546575324587,0.0,0.0,0.0,0.0,0.0,0.0,0.0,0.0
1847,4437.96,52.08632,1.2478906,59.9566433544384,59.64870948746071,0.0,0.0,0.0,0.0,0.0,0.0,0.0,0.0
1848,4438.9834,50.868763,1.228005,59.908451010966125,59.611914118313614,0.0,0.0,0.0,0.0,0.0,0.0,0.0,0.0
1849,4440.0044,52.72262,1.2452132,59.86054999959517,59.57523758542586,0.0,0.0,0.0,0.0,0.0,0.0,0.0,0.0
1850,4441.0283,52.760353,1.2428418,59.81270328937057,59.53848693547729,0.0,0.0,0.0,0.0,0.0,0.0,0.0,0.0
1851,4442.0503,51.593056,1.212129,59.765153021240266,59.50183743300441,0.0,0.0,0.0,0.0,0.0,0.0,0.0,0.0
1852,4443.072,50.950504,1.2156054,59.71784309185748,59.46523640192752,0.0,0.0,0.0,0.0,0.0,0.0,0.0,0.0
1853,4444.096,51.42968,1.2172977,59.67062780346846,59.42856144990897,0.0,0.0,0.0,0.0,0.0,0.0,0.0,0.0
1854,4445.119,52.37182,1.2229847,59.62372100779769,59.391969938371155,0.0,0.0,0.0,0.0,0.0,0.0,0.0,0.0
1855,4446.144,51.302402,1.2333436,59.576976037588786,59.35533959325857,0.0,0.0,0.0,0.0,0.0,0.0,0.0,0.0
1856,4447.1665,51.07244,1.2461866,59.53060202362448,59.318827421092095,0.0,0.0,0.0,0.0,0.0,0.0,0.0,0.0
1857,4448.1924,51.798443,1.2297709,59.48434151784822,59.282224193972795,0.0,0.0,0.0,0.0,0.0,0.0,0.0,0.0
1858,4449.2153,53.170315,1.3095752,59.43848794359593,59.24575638431935,0.0,0.0,0.0,0.0,0.0,0.0,0.0,0.0
1859,4450.2393,52.332897,1.4174405,59.39287144976195,59.20928461390074,0.0,0.0,0.0,0.0,0.0,0.0,0.0,0.0
1860,4451.265,45.81746,1.4559648,59.347454892163896,59.17277419722619,0.0,0.0,0.0,0.0,0.0,0.0,0.0,0.0
1861,4452.289,49.75161,1.384346,59.30241550997771,59.13636412219085,0.0,0.0,0.0,0.0,0.0,0.0,0.0,0.0
1862,4453.316,53.454124,1.3338584,59.25754232747119,59.09988077027362,0.0,0.0,0.0,0.0,0.0,0.0,0.0,0.0
1863,4454.341,54.383038,1.3323866,59.213051768175376,59.063497634760154,0.0,0.0,0.0,0.0,0.0,0.0,0.0,0.0
1864,4455.3677,51.99148,1.3787873,59.16877604331509,59.02707601394192,0.0,0.0,0.0,0.0,0.0,0.0,0.0,0.0
1865,4456.3926,49.53589,1.37925,59.124884546070646,58.99075442579324,0.0,0.0,0.0,0.0,0.0,0.0,0.0,0.0
1866,4457.418,54.643173,1.3075378,59.081272387435575,58.95444625013127,0.0,0.0,0.0,0.0,0.0,0.0,0.0,0.0
1867,4458.446,52.364338,1.2518724,59.03785729023346,58.91808242710957,0.0,0.0,0.0,0.0,0.0,0.0,0.0,0.0
1868,4459.4717,53.06897,1.2408284,58.9948239690777,58.88181842036211,0.0,0.0,0.0,0.0,0.0,0.0,0.0,0.0
1869,4460.5,53.584503,1.2308234,58.95198652961828,58.84549887546875,0.0,0.0,0.0,0.0,0.0,0.0,0.0,0.0
1870,4461.5264,53.075645,1.235934,58.90952580989203,58.80927899301848,0.0,0.0,0.0,0.0,0.0,0.0,0.0,0.0
1871,4462.555,53.287014,1.235653,58.86725729596544,58.77300368142057,0.0,0.0,0.0,0.0,0.0,0.0,0.0,0.0
1872,4463.5815,51.329414,1.2219684,58.825378072546776,58.73684507338887,0.0,0.0,0.0,0.0,0.0,0.0,0.0,0.0
1873,4464.6084,53.267563,1.2275909,58.7837637594246,58.700699836602126,0.0,0.0,0.0,0.0,0.0,0.0,0.0,0.0
1874,4465.638,53.79469,1.240641,58.74231237128232,58.664482153503634,0.0,0.0,0.0,0.0,0.0,0.0,0.0,0.0
1875,4466.6655,52.65364,1.2164086,58.701235389246996,58.6283809150601,0.0,0.0,0.0,0.0,0.0,0.0,0.0,0.0
1876,4467.6953,51.93394,1.2257309,58.66033229567805,58.59222450443307,0.0,0.0,0.0,0.0,0.0,0.0,0.0,0.0
1877,4468.723,52.69666,1.2291564,58.619772185997796,58.55616720529063,0.0,0.0,0.0,0.0,0.0,0.0,0.0,0.0
1878,4469.754,53.851723,1.2716055,58.57935673529843,58.52003773460726,0.0,0.0,0.0,0.0,0.0,0.0,0.0,0.0
1879,4470.7817,54.592026,1.2853885,58.53930947221672,58.48404143787777,0.0,0.0,0.0,0.0,0.0,0.0,0.0,0.0
1880,4471.8105,54.00533,1.2813425,58.49947096211697,58.44804139239575,0.0,0.0,0.0,0.0,0.0,0.0,0.0,0.0
1881,4472.8413,53.169594,1.2481849,58.45979777998127,58.412003523621934,0.0,0.0,0.0,0.0,0.0,0.0,0.0,0.0
1882,4473.8706,53.545574,1.2459178,58.420414734683334,58.376047320715486,0.0,0.0,0.0,0.0,0.0,0.0,0.0,0.0
1883,4474.9023,54.38755,1.2481588,58.38116567746456,58.3400363379782,0.0,0.0,0.0,0.0,0.0,0.0,0.0,0.0
1884,4475.9316,52.98827,1.2417617,58.3422292305993,58.304140968518155,0.0,0.0,0.0,0.0,0.0,0.0,0.0,0.0
1885,4476.964,54.300335,1.2651764,58.303395151383604,58.268173891342606,0.0,0.0,0.0,0.0,0.0,0.0,0.0,0.0
1886,4477.9937,52.56507,1.2544318,58.26485840685913,58.2323222466583,0.0,0.0,0.0,0.0,0.0,0.0,0.0,0.0
1887,4479.024,51.948303,1.2229924,58.22650150573029,58.196483919305344,0.0,0.0,0.0,0.0,0.0,0.0,0.0,0.0
1888,4480.057,53.04586,1.2354394,58.18822727520195,58.16057410258976,0.0,0.0,0.0,0.0,0.0,0.0,0.0,0.0
1889,4481.0874,53.15995,1.2533268,58.150245547500276,58.1247964112282,0.0,0.0,0.0,0.0,0.0,0.0,0.0,0.0
1890,4482.1206,53.95893,1.2458979,58.11233312672589,58.088947337480526,0.0,0.0,0.0,0.0,0.0,0.0,0.0,0.0
1891,4483.152,54.457645,1.2666519,58.07466234250167,58.0531963108311,0.0,0.0,0.0,0.0,0.0,0.0,0.0,0.0
1892,4484.186,53.685585,1.278483,58.03704807648295,58.01737406590813,0.0,0.0,0.0,0.0,0.0,0.0,0.0,0.0
1893,4485.2173,54.671432,1.265481,57.99969657051358,57.9816835290471,0.0,0.0,0.0,0.0,0.0,0.0,0.0,0.0
1894,4486.249,55.226974,1.2326208,57.96247676727474,57.94600626793802,0.0,0.0,0.0,0.0,7.7e-44,0.0,0.0,0.0
1895,4487.2837,53.23111,1.2230045,57.92529475815094,57.910257976832455,0.0,0.0,0.0,0.0,7.7e-44,0.0,0.0,0.0
1896,4488.316,54.62305,1.231267,57.88833725619681,57.87462421860166,0.0,0.0,0.0,0.0,1.54e-43,0.0,0.0,0.0
1897,4489.351,54.795784,1.2271595,57.851405824619604,57.838919565166606,0.0,0.0,0.0,0.0,2.31e-43,0.0,0.0,0.0
1898,4490.3833,51.465042,1.2068133,57.81470348926032,57.80334608590001,0.0,0.0,0.0,0.0,3.84e-43,0.0,0.0,0.0
1899,4491.419,52.809048,1.2106423,57.7779987940957,57.767685011254734,0.0,0.0,0.0,0.0,6.92e-43,0.0,0.0,0.0
1900,4492.452,55.108517,1.2321135,57.74149396665375,57.73213811147939,0.0,0.0,0.0,0.0,1.23e-42,0.0,0.0,0.0
1901,4493.486,51.424088,1.2108967,57.70507977601548,57.696604474228224,0.0,0.0,0.0,0.0,2.152e-42,0.0,0.0,0.0
1902,4494.522,50.70246,1.1884859,57.668682680181384,57.661017055339336,0.0,0.0,0.0,0.0,3.844e-42,0.0,0.0,0.0
1903,4495.556,52.075966,1.1848568,57.632452165918025,57.62552678000701,0.0,0.0,0.0,0.0,6.687e-42,0.0,0.0,0.0
1904,4496.593,52.473797,1.18939,57.59622958763324,57.58998282854267,0.0,0.0,0.0,0.0,1.1684e-41,0.0,0.0,0.0
1905,4497.6274,52.627895,1.2066954,57.56016406078044,57.5545358707771,0.0,0.0,0.0,0.0,2.0446e-41,0.0,0.0,0.0
1906,4498.6646,53.097473,1.2275012,57.524098157909904,57.51903534217665,0.0,0.0,0.0,0.0,3.5743e-41,0.0,0.0,0.0
1907,4499.699,53.615757,1.2477287,57.48819760975143,57.48364835043153,0.0,0.0,0.0,0.0,6.2261e-41,0.0,0.0,0.0
1908,4500.7363,54.550068,1.2301124,57.452289138579296,57.44820786466219,0.0,0.0,0.0,0.0,1.0838e-40,0.0,0.0,0.0
1909,4501.772,55.315796,1.2193192,57.41650445965743,57.41284738082132,0.0,0.0,0.0,0.0,1.88322e-40,0.0,0.0,0.0
1910,4502.808,53.487926,1.2025852,57.38077255583268,57.37750013789993,0.0,0.0,0.0,0.0,3.2668e-40,0.0,0.0,0.0
1911,4503.846,53.247307,1.2046535,57.34503992409149,57.342116236870005,0.0,0.0,0.0,0.0,5.66424e-40,0.0,0.0,0.0
1912,4504.8823,53.82005,1.1990548,57.30943799899667,57.30682879286594,0.0,0.0,0.0,0.0,9.79502e-40,0.0,0.0,0.0
1913,4505.921,52.577705,1.1923628,57.27381298642586,57.27148813077229,0.0,0.0,0.0,0.0,1.693277e-39,0.0,0.0,0.0
1914,4506.958,53.216484,1.1914213,57.238296313726515,57.23622718272096,0.0,0.0,0.0,0.0,2.920288e-39,0.0,0.0,0.0
1915,4507.997,51.694847,1.1854049,57.20276849464363,57.20092972918729,0.0,0.0,0.0,0.0,5.033407e-39,0.0,0.0,0.0
1916,4509.034,52.41984,1.1756383,57.16736079552971,57.165728435253875,0.0,0.0,0.0,0.0,8.653018e-39,0.0,0.0,0.0
1917,4510.071,52.96634,1.194799,57.13202088890113,57.1305734443523,0.0,0.0,0.0,0.0,1.4847944e-38,0.0,0.0,0.0
1918,4511.111,51.786034,1.1917952,57.09661384222179,57.095332377632964,0.0,0.0,0.0,0.0,2.5482486e-38,0.0,0.0,0.0
1919,4512.149,51.302025,1.1928103,57.061320781994134,57.060187262187235,0.0,0.0,0.0,0.0,4.361952e-38,0.0,0.0,0.0
1920,4513.1895,53.835857,1.1897272,57.02599064256521,57.02498930700114,0.0,0.0,0.0,0.0,7.46405e-38,0.0,0.0,0.0
1921,4514.228,53.035583,1.1913491,56.99077111416391,56.98988715498836,0.0,0.0,0.0,0.0,1.2738792e-37,0.0,0.0,0.0
1922,4515.2686,53.42515,1.189368,56.95552829561835,56.954748749053905,0.0,0.0,0.0,0.0,2.1728343e-37,0.0,0.0,0.0
1923,4516.3076,52.850597,1.1910882,56.9203766739467,56.91968950229984,0.0,0.0,0.0,0.0,3.6974415e-37,0.0,0.0,0.0
1924,4517.3467,52.367214,1.1887224,56.88526540652067,56.88465989440131,0.0,0.0,0.0,0.0,6.281695e-37,0.0,0.0,0.0
1925,4518.388,53.455757,1.1807741,56.85011103891366,56.84957769148814,0.0,0.0,0.0,0.0,1.0668417e-36,0.0,0.0,0.0
1926,4519.4277,51.304028,1.1623807,56.81506092910957,56.814590908708745,0.0,0.0,0.0,0.0,1.807132e-36,0.0,0.0,0.0
1927,4520.4697,53.69622,1.1800879,56.779966024808935,56.77955163405172,0.0,0.0,0.0,0.0,3.0599957e-36,0.0,0.0,0.0
1928,4521.51,53.055668,1.1790458,56.74497353690495,56.74460763225616,0.0,0.0,0.0,0.0,5.167992e-36,0.0,0.0,0.0
1929,4522.5522,53.00275,1.1676797,56.709934886442454,56.709611241515915,0.0,0.0,0.0,0.0,8.724901e-36,0.0,0.0,0.0
1930,4523.593,53.951015,1.2367307,56.67499712690616,56.67470997658231,0.0,0.0,0.0,0.0,1.4691719e-35,0.0,0.0,0.0
1931,4524.6333,53.18948,1.24159,56.64009397172697,56.6398382109611,0.0,0.0,0.0,0.0,2.4699358e-35,0.0,0.0,0.0
1932,4525.6772,53.573124,1.1786025,56.60511039095697,56.60488150999415,0.0,0.0,0.0,0.0,4.1528063e-35,0.0,0.0,0.0
1933,4526.7183,51.719467,1.1528744,56.57025863377477,56.57005241510616,0.0,0.0,0.0,0.0,6.9608534e-35,0.0,0.0,0.0
1934,4527.7617,50.11528,1.1326891,56.535358419743915,56.53517117386238,0.0,0.0,0.0,0.0,1.1662928e-34,0.0,0.0,0.0
1935,4528.8037,50.712772,1.1475549,56.500540055720016,56.500368376196825,0.0,0.0,0.0,0.0,1.9495553e-34,0.0,0.0,0.0
1936,4529.848,51.437088,1.1572365,56.46567271119696,56.46551356202238,0.0,0.0,0.0,0.0,3.2575258e-34,0.0,0.0,0.0
1937,4530.8906,50.127712,1.1575948,56.43090280775213,56.430753374513,0.0,0.0,0.0,0.0,5.4290046e-34,0.0,0.0,0.0
1938,4531.9326,50.156578,1.1681939,56.39618110442941,56.39603883528732,0.0,0.0,0.0,0.0,9.031311e-34,0.0,0.0,0.0
1939,4532.9775,52.54364,1.1847116,56.361393579860334,56.36125614442793,0.0,0.0,0.0,0.0,1.5020988e-33,0.0,0.0,0.0
1940,4534.0205,52.285263,1.1817211,56.32670262902804,56.326567847515726,0.0,0.0,0.0,0.0,2.4918943e-33,0.0,0.0,0.0
1941,4535.066,51.516552,1.1912,56.29196192299066,56.29182777492321,0.0,0.0,0.0,0.0,4.13211e-33,0.0,0.0,0.0
1942,4536.1094,52.00575,1.1794976,56.257317365435455,56.257181950521925,0.0,0.0,0.0,0.0,6.834407e-33,0.0,0.0,0.0
1943,4537.1553,52.792408,1.1756417,56.222622938414766,56.22248445195573,0.0,0.0,0.0,0.0,1.1298936e-32,0.0,0.0,0.0
1944,4538.199,53.255066,1.1767942,56.188024325335526,56.187881056040304,0.0,0.0,0.0,0.0,1.8632207e-32,0.0,0.0,0.0
1945,4539.243,54.739204,1.1866719,56.15345661339467,56.15330690930074,0.0,0.0,0.0,0.0,3.0675286e-32,0.0,0.0,0.0
1946,4540.29,52.087105,1.1564196,56.11882284449766,56.11866507583417,0.0,0.0,0.0,0.0,5.049095e-32,0.0,0.0,0.0
1947,4541.3345,50.675945,1.1286299,56.084300668367064,56.084133277948126,0.0,0.0,0.0,0.0,8.2876055e-32,0.0,0.0,0.0
1948,4542.3813,51.19962,1.1365343,56.049728639911024,56.04955004509944,0.0,0.0,0.0,0.0,1.3596981e-31,0.0,0.0,0.0
1949,4543.427,50.579388,1.1418797,56.01523576333242,56.0150444286974,0.0,0.0,0.0,0.0,2.2256246e-31,0.0,0.0,0.0
1950,4544.4746,51.664757,1.1437471,55.9806931677962,55.98048750544731,0.0,0.0,0.0,0.0,3.64124e-31,0.0,0.0,0.0
1951,4545.5195,50.81061,1.1464096,55.94627787108241,55.94605635590617,0.0,0.0,0.0,0.0,5.9394716e-31,0.0,0.0,0.0
1952,4546.5654,52.668926,1.155864,55.911861120063,55.91162215239648,0.0,0.0,0.0,0.0,9.67697e-31,0.0,0.0,0.0
1953,4547.614,52.80655,1.1546704,55.87739485781292,55.87713677918889,0.0,0.0,0.0,0.0,1.5758647e-30,0.0,0.0,0.0
1954,4548.66,51.728508,1.1580503,55.8430235860228,55.84274478439465,0.0,0.0,0.0,0.0,2.5597358e-30,0.0,0.0,0.0
1955,4549.709,53.07933,1.1482065,55.80860298258155,55.808301720217756,0.0,0.0,0.0,0.0,4.15578e-30,0.0,0.0,0.0
1956,4550.7554,52.973537,1.1747552,55.774293302424006,55.77396790480659,0.0,0.0,0.0,0.0,6.7284845e-30,0.0,0.0,0.0
1957,4551.8047,53.182762,1.1705394,55.73991846925411,55.739567091956914,0.0,0.0,0.0,0.0,1.08907885e-29,0.0,0.0,0.0
1958,4552.8525,52.00572,1.1531907,55.70562252541887,55.70524338175775,0.0,0.0,0.0,0.0,1.7587228e-29,0.0,0.0,0.0
1959,4553.8994,51.937798,1.1535789,55.67138939920629,55.670980647141604,0.0,0.0,0.0,0.0,2.8342464e-29,0.0,0.0,0.0
1960,4554.9497,52.80555,1.1504039,55.63707551485631,55.63663513149722,0.0,0.0,0.0,0.0,4.5671078e-29,0.0,0.0,0.0
1961,4555.9976,52.322956,1.1551089,55.602872365017085,55.6023984509312,0.0,0.0,0.0,0.0,7.3393705e-29,0.0,0.0,0.0
1962,4557.048,51.650772,1.1403663,55.56862058763864,55.5681110369601,0.0,0.0,0.0,0.0,1.1788115e-28,0.0,0.0,0.0
1963,4558.0967,51.62266,1.141205,55.53444763387504,55.533900420627994,0.0,0.0,0.0,0.0,1.8889884e-28,0.0,0.0,0.0
1964,4559.1475,50.569324,1.145549,55.50024217748124,55.499655103802624,0.0,0.0,0.0,0.0,3.0247503e-28,0.0,0.0,0.0
1965,4560.1963,52.06153,1.1553394,55.46613139139492,55.465502361343276,0.0,0.0,0.0,0.0,4.8312516e-28,0.0,0.0,0.0
1966,4561.245,53.719086,1.173935,55.4320516806918,55.4313784822596,0.0,0.0,0.0,0.0,7.704019e-28,0.0,0.0,0.0
1967,4562.2974,51.647156,1.154076,55.39789214712184,55.39717237214174,0.0,0.0,0.0,0.0,1.2283592e-27,0.0,0.0,0.0
1968,4563.3467,51.746643,1.1399347,55.36385888612933,55.36309036782115,0.0,0.0,0.0,0.0,1.9528e-27,0.0,0.0,0.0
1969,4564.399,51.982006,1.1416547,55.329761860395244,55.32894212446774,0.0,0.0,0.0,0.0,3.1033996e-27,0.0,0.0,0.0
1970,4565.4487,51.843925,1.1463898,55.295775136880444,55.294901937740256,0.0,0.0,0.0,0.0,4.9185612e-27,0.0,0.0,0.0
1971,4566.502,52.062527,1.1536087,55.261709062512345,55.26077982499435,0.0,0.0,0.0,0.0,7.79433e-27,0.0,0.0,0.0
1972,4567.5522,51.49063,1.1460962,55.22776896386732,55.22678142549795,0.0,0.0,0.0,0.0,1.2315504e-26,0.0,0.0,0.0
1973,4568.603,50.103653,1.1164268,55.193844270230905,55.192795966905244,0.0,0.0,0.0,0.0,1.9431333e-26,0.0,0.0,0.0
1974,4569.6567,52.126915,1.130893,55.15985629660562,55.15874459605683,0.0,0.0,0.0,0.0,3.064719e-26,0.0,0.0,0.0
1975,4570.7075,51.72179,1.1391442,55.12599402172224,55.12481663161622,0.0,0.0,0.0,0.0,4.819678e-26,0.0,0.0,0.0
1976,4571.7617,51.879715,1.1363012,55.09205288638879,55.09080710740347,0.0,0.0,0.0,0.0,7.578282e-26,0.0,0.0,0.0
1977,4572.814,52.22495,1.1335684,55.058205858246126,55.05688932936236,0.0,0.0,0.0,0.0,1.1886165e-25,0.0,0.0,0.0
1978,4573.868,51.98053,1.1358699,55.02432725803797,55.0229373536246,0.0,0.0,0.0,0.0,1.8627795e-25,0.0,0.0,0.0
1979,4574.9204,51.085518,1.1213815,54.990542589233876,54.98907695560592,0.0,0.0,0.0,0.0,2.9120872e-25,0.0,0.0,0.0
1980,4575.9727,49.50022,1.116813,54.95678902189614,54.95524517475063,0.0,0.0,0.0,0.0,4.5449925e-25,0.0,0.0,0.0
1981,4577.028,51.237244,1.117285,54.92297267408695,54.92134790455576,0.0,0.0,0.0,0.0,7.090575e-25,0.0,0.0,0.0
1982,4578.081,50.696518,1.1189405,54.88925003937134,54.887542013210854,0.0,0.0,0.0,0.0,1.1034631e-24,0.0,0.0,0.0
1983,4579.1367,50.721325,1.1208308,54.855480396627975,54.853686435936545,0.0,0.0,0.0,0.0,1.7161917e-24,0.0,0.0,0.0
1984,4580.19,51.16202,1.1193669,54.82181990886083,54.819937735739856,0.0,0.0,0.0,0.0,2.6620066e-24,0.0,0.0,0.0
1985,4581.246,50.16754,1.1098149,54.788096908666446,54.786123794224366,0.0,0.0,0.0,0.0,4.1272923e-24,0.0,0.0,0.0
1986,4582.3003,52.480396,1.1274192,54.75446731840472,54.75240094923626,0.0,0.0,0.0,0.0,6.3834344e-24,0.0,0.0,0.0
1987,4583.357,52.117924,1.131213,54.72079094783203,54.718628612857174,0.0,0.0,0.0,0.0,9.866475e-24,0.0,0.0,0.0
1988,4584.411,51.010036,1.116618,54.68722339920714,54.68496281878106,0.0,0.0,0.0,0.0,1.5209439e-23,0.0,0.0,0.0
1989,4585.466,51.123352,1.1255407,54.6536712889335,54.65130989772816,0.0,0.0,0.0,0.0,2.3411976e-23,0.0,0.0,0.0
1990,4586.523,50.722248,1.1156152,54.62007260874438,54.61760761744867,0.0,0.0,0.0,0.0,3.6014283e-23,0.0,0.0,0.0
1991,4587.578,49.00202,1.1629891,54.58656705775821,54.58399606891499,0.0,0.0,0.0,0.0,5.5264496e-23,0.0,0.0,0.0
1992,4588.636,50.809906,1.1768527,54.552999649317975,54.550319723906036,0.0,0.0,0.0,0.0,8.47648e-23,0.0,0.0,0.0
1993,4589.692,49.58468,1.0906696,54.51954082810594,54.5167495174454,0.0,0.0,0.0,0.0,1.2966869e-22,0.0,0.0,0.0
1994,4590.7505,50.333256,1.1079508,54.48602042382555,54.483114637322444,0.0,0.0,0.0,0.0,1.9826569e-22,0.0,0.0,0.0
1995,4591.806,51.317673,1.1163039,54.45262403177736,54.44960122389426,0.0,0.0,0.0,0.0,3.022937e-22,0.0,0.0,0.0
1996,4592.863,50.87929,1.1147071,54.4192280641319,54.416085158943176,0.0,0.0,0.0,0.0,4.6032086e-22,0.0,0.0,0.0
1997,4593.922,50.774944,1.1157895,54.38578646635852,54.38252008549153,0.0,0.0,0.0,0.0,7.0047163e-22,0.0,0.0,0.0
1998,4594.9785,52.31379,1.1331321,54.35245352813466,54.34906072209081,0.0,0.0,0.0,0.0,1.0631122e-21,0.0,0.0,0.0
1999,4596.038,50.242382,1.1099564,54.31905996532759,54.31553697785011,0.0,0.0,0.0,0.0,1.6126828e-21,0.0,0.0,0.0
2000,4597.095,50.72585,1.1139951,54.28577522394385,54.28211877794143,0.0,0.0,0.0,0.0,2.4399485e-21,0.0,0.0,0.0
2001,4598.156,51.1483,1.1044497,54.25241503166324,54.24862090312234,0.0,0.0,0.0,0.0,3.6903698e-21,0.0,0.0,0.0
2002,4599.2134,50.244473,1.1160055,54.21917927390514,54.21524383625565,0.0,0.0,0.0,0.0,5.5659558e-21,0.0,0.0,0.0
2003,4600.2715,50.347527,1.1033028,54.18596063966964,54.18187958228503,0.0,0.0,0.0,0.0,8.382465e-21,0.0,0.0,0.0
2004,4601.332,50.94283,1.1025413,54.15269818339742,54.14846664197988,0.0,0.0,0.0,0.0,1.2614956e-20,0.0,0.0,0.0
2005,4602.3906,50.24373,1.1063528,54.11953001316064,54.115143455894525,0.0,0.0,0.0,0.0,1.8938738e-20,0.0,0.0,0.0
2006,4603.452,50.83329,1.1000994,54.086303460996724,54.08175632788626,0.0,0.0,0.0,0.0,2.8417186e-20,0.0,0.0,0.0
2007,4604.511,50.271763,1.1034527,54.05318696852489,54.048474179205435,0.0,0.0,0.0,0.0,4.2528444e-20,0.0,0.0,0.0
2008,4605.5728,49.10555,1.0953257,54.02002817218433,54.01514353475775,0.0,0.0,0.0,0.0,6.3600166e-20,0.0,0.0,0.0
2009,4606.6323,50.08159,1.0960492,53.98696470174998,53.98190236704484,0.0,0.0,0.0,0.0,9.488334e-20,0.0,0.0,0.0
2010,4607.692,50.899746,1.1069332,53.95393586429093,53.948689293957095,0.0,0.0,0.0,0.0,1.4131807e-19,0.0,0.0,0.0
2011,4608.755,50.97363,1.1128691,53.92083564870007,53.91539728226088,0.0,0.0,0.0,0.0,2.1039552e-19,0.0,0.0,0.0
2012,4609.815,50.00154,1.0983188,53.88786211231964,53.88222512504326,0.0,0.0,0.0,0.0,3.1237344e-19,0.0,0.0,0.0
2013,4610.878,49.859,1.097856,53.85483338313427,53.84898943595838,0.0,0.0,0.0,0.0,4.6350905e-19,0.0,0.0,0.0
2014,4611.9385,50.08796,1.0916407,53.8219167632439,53.81585813829832,0.0,0.0,0.0,0.0,6.859974e-19,0.0,0.0,0.0
2015,4613.002,49.400215,1.0920506,53.788945966372594,53.782663429128334,0.0,0.0,0.0,0.0,1.0146742e-18,0.0,0.0,0.0
2016,4614.0635,50.206802,1.0972732,53.756072815980815,53.74955772609269,0.0,0.0,0.0,0.0,1.4972534e-18,0.0,0.0,0.0
2017,4615.1245,50.932465,1.1027617,53.72325220575266,53.71649521832995,0.0,0.0,0.0,0.0,2.2052463e-18,0.0,0.0,0.0
2018,4616.189,50.431892,1.0996367,53.69036383670422,53.68335427040833,0.0,0.0,0.0,0.0,3.2466353e-18,0.0,0.0,0.0
2019,4617.2505,49.61911,1.0961088,53.65760422484626,53.6503325010245,0.0,0.0,0.0,0.0,4.7667093e-18,0.0,0.0,0.0
2020,4618.3154,50.508064,1.1289957,53.62477784438403,53.61723243698822,0.0,0.0,0.0,0.0,6.995385e-18,0.0,0.0,0.0
2021,4619.3784,52.56215,1.1651314,53.59205066021809,53.584221048097106,0.0,0.0,0.0,0.0,1.02416325e-17,0.0,0.0,0.0
2022,4620.4434,50.989155,1.1106812,53.55930270389452,53.55117699452474,0.0,0.0,0.0,0.0,1.4979625e-17,0.0,0.0,0.0
2023,4621.506,51.920856,1.114371,53.526669342888866,53.51823658484814,0.0,0.0,0.0,0.0,2.1853753e-17,0.0,0.0,0.0
2024,4622.5693,51.560055,1.1056677,53.49404574129918,53.485293764995426,0.0,0.0,0.0,0.0,3.1839873e-17,0.0,0.0,0.0
2025,4623.6353,51.297558,1.1050645,53.46138733830703,53.452303263549034,0.0,0.0,0.0,0.0,4.6351132e-17,0.0,0.0,0.0
2026,4624.699,52.48997,1.1234033,53.42882893662036,53.41940108182908,0.0,0.0,0.0,0.0,6.7316355e-17,0.0,0.0,0.0
2027,4625.766,53.510468,1.1306791,53.39622125586376,53.38643623141453,0.0,0.0,0.0,0.0,9.7699937e-17,0.0,0.0,0.0
2028,4626.83,52.61149,1.1218592,53.36374340416791,53.35358972499075,0.0,0.0,0.0,0.0,1.4141481e-16,0.0,0.0,0.0
2029,4627.897,52.946465,1.1049167,53.33121648582046,53.32068064308142,0.0,0.0,0.0,0.0,2.0455136e-16,0.0,0.0,0.0
2030,4628.962,52.622368,1.1199371,53.29878932067462,53.28785960764893,0.0,0.0,0.0,0.0,2.951782e-16,0.0,0.0,0.0
2031,4630.0264,52.64803,1.0976425,53.26641700253645,53.255081347420905,0.0,0.0,0.0,0.0,4.2517176e-16,0.0,0.0,0.0
2032,4631.094,52.375805,1.1078515,53.233980657823096,53.22222565981717,0.0,0.0,0.0,0.0,6.120909e-16,0.0,0.0,0.0
2033,4632.16,51.201023,1.0970725,53.20164320419378,53.18945782712496,0.0,0.0,0.0,0.0,8.791174e-16,0.0,0.0,0.0
2034,4633.228,53.179424,1.1176801,53.16928574619252,53.156657735718376,0.0,0.0,0.0,0.0,1.2613401e-15,0.0,0.0,0.0
2035,4634.294,52.80797,1.1235132,53.137026184320824,53.123945337802546,0.0,0.0,0.0,0.0,1.8054977e-15,0.0,0.0,0.0
2036,4635.3633,52.356712,1.1278932,53.10470150378639,53.09115582485789,0.0,0.0,0.0,0.0,2.5830026e-15,0.0,0.0,0.0
2037,4636.429,52.482117,1.1253265,53.07251772394704,53.05849878041373,0.0,0.0,0.0,0.0,3.6848665e-15,0.0,0.0,0.0
2038,4637.496,52.45628,1.1200303,53.04034134272922,53.02583944231707,0.0,0.0,0.0,0.0,5.2496125e-15,0.0,0.0,0.0
2039,4638.5654,51.686928,1.1046152,53.00812759031277,52.99313307241271,0.0,0.0,0.0,0.0,7.47217e-15,0.0,0.0,0.0
2040,4639.6323,50.73933,1.1024867,52.97602271892603,52.96052898511763,0.0,0.0,0.0,0.0,1.0609202e-14,0.0,0.0,0.0
2041,4640.7026,51.714973,1.1400502,52.94384954727406,52.927848127178486,0.0,0.0,0.0,0.0,1.505452e-14,0.0,0.0,0.0
2042,4641.77,52.59067,1.1200354,52.9117979393905,52.89528430678004,0.0,0.0,0.0,0.0,2.1305974e-14,0.0,0.0,0.0
2043,4642.8403,52.557064,1.1174004,52.87969091014185,52.86265873574829,0.0,0.0,0.0,0.0,3.013094e-14,0.0,0.0,0.0
2044,4643.908,52.23875,1.116605,52.84768852305979,52.830135126536746,0.0,0.0,0.0,0.0,4.2505384e-14,0.0,0.0,0.0
2045,4644.9766,52.16944,1.1069995,52.81570177093784,52.79762414597605,0.0,0.0,0.0,0.0,5.986975e-14,0.0,0.0,0.0
2046,4646.048,51.603527,1.0979568,52.78365652566006,52.7650516026203,0.0,0.0,0.0,0.0,8.426354e-14,0.0,0.0,0.0
2047,4647.1167,51.798767,1.0871997,52.751712279177276,52.732580793804374,0.0,0.0,0.0,0.0,1.1830325e-13,0.0,0.0,0.0
2048,4648.188,52.170048,1.0869998,52.71972187998687,52.700063353581015,0.0,0.0,0.0,0.0,1.6594003e-13,0.0,0.0,0.0
2049,4649.2573,52.142147,1.1026249,52.687815346804506,52.667632660877715,0.0,0.0,0.0,0.0,2.3222106e-13,0.0,0.0,0.0
2050,4650.3296,52.63204,1.1094768,52.65584578689768,52.63514063831966,0.0,0.0,0.0,0.0,3.247201e-13,0.0,0.0,0.0
2051,4651.3994,53.86358,1.1208814,52.62397214760797,52.602750031181884,0.0,0.0,0.0,0.0,4.5294603e-13,0.0,0.0,0.0
2052,4652.4697,53.031734,1.1073872,52.59210588605985,52.57037203395586,0.0,0.0,0.0,0.0,6.308307e-13,0.0,0.0,0.0
2053,4653.5425,54.689392,1.1218529,52.560187774059656,52.537947645690636,0.0,0.0,0.0,0.0,8.7773815e-13,0.0,0.0,0.0
2054,4654.613,54.204067,1.1140723,52.52836198812421,52.5056244217413,0.0,0.0,0.0,0.0,1.2182935e-12,0.0,0.0,0.0
2055,4655.686,52.575848,1.108496,52.49646777551809,52.4732401453333,0.0,0.0,0.0,0.0,1.6896079e-12,0.0,0.0,0.0
2056,4656.7573,52.6822,1.1058428,52.46464928496302,52.440942159624754,0.0,0.0,0.0,0.0,2.3378775e-12,0.0,0.0,0.0
2057,4657.831,54.36613,1.1151986,52.43277510955531,52.40859796433919,0.0,0.0,0.0,0.0,3.2317432e-12,0.0,0.0,0.0
2058,4658.903,53.627438,1.1044645,52.40097491690824,52.376339926062634,0.0,0.0,0.0,0.0,4.457114e-12,0.0,0.0,0.0
2059,4659.9746,52.79269,1.0862523,52.369190019573885,52.344109156181354,0.0,0.0,0.0,0.0,6.136644e-12,0.0,0.0,0.0
2060,4661.049,52.85194,1.0926821,52.33734749488206,52.31183229989133,0.0,0.0,0.0,0.0,8.4407585e-12,0.0,0.0,0.0
2061,4662.1216,53.996754,1.1214657,52.30556271503844,52.27962673546684,0.0,0.0,0.0,0.0,1.15851105e-11,0.0,0.0,0.0
2062,4663.197,54.102966,1.1281227,52.27371965545822,52.247375199663736,0.0,0.0,0.0,0.0,1.5884974e-11,0.0,0.0,0.0
2063,4664.269,52.210594,1.1034191,52.24197723926375,52.21523875578326,0.0,0.0,0.0,0.0,2.1724901e-11,0.0,0.0,0.0
2064,4665.3447,53.33308,1.0991589,52.21014755766151,52.18302714996108,0.0,0.0,0.0,0.0,2.9690514e-11,0.0,0.0,0.0
2065,4666.418,53.9749,1.1120051,52.178404193906154,52.15091585044803,0.0,0.0,0.0,0.0,4.0478763e-11,0.0,0.0,0.0
2066,4667.494,52.621696,1.1010356,52.14658863811456,52.118744143850726,0.0,0.0,0.0,0.0,5.51387e-11,0.0,0.0,0.0
2067,4668.568,52.69495,1.10545,52.11486021495547,52.086672586045104,0.0,0.0,0.0,0.0,7.492694e-11,0.0,0.0,0.0
2068,4669.642,53.649323,1.0952675,52.083133001010985,52.05461356605494,0.0,0.0,0.0,0.0,1.01657086e-10,0.0,0.0,0.0
2069,4670.7183,52.660835,1.0801885,52.0513646726299,52.022523430297966,0.0,0.0,0.0,0.0,1.3776232e-10,0.0,0.0,0.0
2070,4671.793,53.06853,1.0841858,52.019657198379505,51.99050408773376,0.0,0.0,0.0,0.0,1.8629394e-10,0.0,0.0,0.0
2071,4672.8706,51.38551,1.0686888,51.9878822126595,51.95842463583491,0.0,0.0,0.0,0.0,2.516959e-10,0.0,0.0,0.0
2072,4673.9453,54.37167,1.1058972,51.956213886639844,51.92645946928354,0.0,0.0,0.0,0.0,3.3919806e-10,0.0,0.0,0.0
2073,4675.0234,55.40483,1.1021601,51.92446678353001,51.89441977803081,0.0,0.0,0.0,0.0,4.5676574e-10,0.0,0.0,0.0
2074,4676.0986,53.8882,1.1102941,51.89282958801257,51.86249419087079,0.0,0.0,0.0,0.0,6.135316e-10,0.0,0.0,0.0
2075,4677.1743,55.43437,1.1056937,51.861203545244216,51.830581097511875,0.0,0.0,0.0,0.0,8.227973e-10,0.0,0.0,0.0
2076,4678.253,54.484943,1.1085129,51.829519047056365,51.798608166580394,0.0,0.0,0.0,0.0,1.1024197e-09,0.0,0.0,0.0
2077,4679.329,54.319042,1.1062174,51.79793608214172,51.76673460071166,0.0,0.0,0.0,0.0,1.4735525e-09,0.0,0.0,0.0
2078,4680.408,55.52059,1.1284765,51.76629934233508,51.734801310539225,0.0,0.0,0.0,0.0,1.967781e-09,0.0,0.0,0.0
2079,4681.485,57.322975,1.1830852,51.73476871650118,51.702967229354435,0.0,0.0,0.0,0.0,2.621541e-09,0.0,0.0,0.0
2080,4682.564,56.89025,1.1238153,51.70320370186753,51.67108795581459,0.0,0.0,0.0,0.0,3.4887386e-09,0.0,0.0,0.0
2081,4683.6416,53.741474,1.0920787,51.67172116652215,51.639278897630284,0.0,0.0,0.0,0.0,4.6330015e-09,0.0,0.0,0.0
2082,4684.719,54.84625,1.1035272,51.640280842994905,51.607496732505695,0.0,0.0,0.0,0.0,6.1419816e-09,0.0,0.0,0.0
2083,4685.8,54.426823,1.113856,51.6088000517353,51.575655137437515,0.0,0.0,0.0,0.0,8.134569e-09,0.0,0.0,0.0
2084,4686.877,53.72072,1.0992973,51.57746632053989,51.543941114821656,0.0,0.0,0.0,0.0,1.0745478e-08,0.0,0.0,0.0
2085,4687.958,54.23419,1.1246749,51.54606924394806,51.51213901005402,0.0,0.0,0.0,0.0,1.4184168e-08,0.0,0.0,0.0
2086,4689.0366,54.239548,1.1016173,51.51479584198592,51.48043558216184,0.0,0.0,0.0,0.0,1.867919e-08,0.0,0.0,0.0
2087,4690.118,52.57916,1.0977976,51.483492919348066,51.44867294908059,0.0,0.0,0.0,0.0,2.4574465e-08,0.0,0.0,0.0
2088,4691.197,53.689194,1.0979595,51.452332476586335,51.417023159410434,0.0,0.0,0.0,0.0,3.225044e-08,0.0,0.0,0.0
2089,4692.276,50.582325,1.0645059,51.421217837334545,51.38538579976985,0.0,0.0,0.0,0.0,4.2256296e-08,0.0,0.0,0.0
2090,4693.358,50.584797,1.078202,51.39008103959486,51.35368939076809,0.0,0.0,0.0,0.0,5.5310895e-08,0.0,0.0,0.0
2091,4694.4375,52.65572,1.0832134,51.35907865133828,51.322091259520285,0.0,0.0,0.0,0.0,7.2229334e-08,0.0,0.0,0.0
2092,4695.5205,53.448944,1.0959916,51.32804428143889,51.29041991747623,0.0,0.0,0.0,0.0,9.423877e-08,0.0,0.0,0.0
2093,4696.6006,52.843803,1.0905029,51.29716140483379,51.25886098402604,0.0,0.0,0.0,0.0,1.2265339e-07,0.0,0.0,0.0
2094,4697.6836,52.97119,1.0890983,51.266263829186755,51.227243224516855,0.0,0.0,0.0,0.0,1.5947208e-07,0.0,0.0,0.0
2095,4698.764,53.27547,1.0811841,51.235505870817136,51.195723434144895,0.0,0.0,0.0,0.0,2.0686129e-07,0.0,0.0,0.0
2096,4699.8447,52.25652,1.0800269,51.20481857532065,51.16423027872427,0.0,0.0,0.0,0.0,2.6786742e-07,0.0,0.0,0.0
2097,4700.929,51.133385,1.0799992,51.17409185063717,51.13265002621593,0.0,0.0,0.0,0.0,3.4658606e-07,0.0,0.0,0.0
2098,4702.0103,50.813984,1.0806826,51.143533420009994,51.10119594999333,0.0,0.0,0.0,0.0,4.472949e-07,0.0,0.0,0.0
2099,4703.0947,50.93797,1.0805819,51.11294987077,51.06966912467548,0.0,0.0,0.0,0.0,5.7672673e-07,0.0,0.0,0.0
2100,4704.177,51.64464,1.079807,51.0825060200749,51.03823989618843,0.0,0.0,0.0,0.0,7.418946e-07,0.0,0.0,0.0
2101,4705.261,53.319363,1.0707957,51.05206360099593,51.006766407153954,0.0,0.0,0.0,0.0,9.53244e-07,0.0,0.0,0.0
2102,4706.3438,51.612946,1.0563966,51.021744783876954,50.975376184715685,0.0,0.0,0.0,0.0,1.2221185e-06,0.0,0.0,0.0
2103,4707.4263,52.206352,1.056577,50.99149306066437,50.944012492886884,0.0,0.0,0.0,0.0,1.5641097e-06,0.0,0.0,0.0
2104,4708.512,54.154488,1.0804137,50.96121127536831,50.91257640042441,0.0,0.0,0.0,0.0,1.999859e-06,0.0,0.0,0.0
2105,4709.595,51.187416,1.0711598,50.9310741330908,50.88125165084061,0.0,0.0,0.0,0.0,2.5508623e-06,0.0,0.0,0.0
2106,4710.681,50.05,1.0879129,50.900915880389796,50.849868739836104,0.0,0.0,0.0,0.0,3.250137e-06,0.0,0.0,0.0
2107,4711.7646,51.42808,1.1235952,50.87088265349813,50.81858287803162,0.0,0.0,0.0,0.0,4.1316302e-06,0.0,0.0,0.0
2108,4712.8516,52.57777,1.1272312,50.84080874583379,50.78722488366157,0.0,0.0,0.0,0.0,5.2469836e-06,0.0,0.0,0.0
2109,4713.9355,52.14544,1.1199331,50.81086608438775,50.75597787905283,0.0,0.0,0.0,0.0,6.6475127e-06,0.0,0.0,0.0
2110,4715.02,51.00862,1.0815235,50.78095607723919,50.72474321976808,0.0,0.0,0.0,0.0,8.408086e-06,0.0,0.0,0.0
2111,4716.1074,51.12647,1.0768015,50.75100729471822,50.69345068563078,0.0,0.0,0.0,0.0,1.0623061e-05,0.0,0.0,0.0
2112,4717.192,52.458797,1.0809939,50.72117654280733,50.66226886536147,0.0,0.0,0.0,0.0,1.3389651e-05,0.0,0.0,0.0
2113,4718.2803,50.116604,1.049664,50.69127100840175,50.63100121253243,0.0,0.0,0.0,0.0,1.6861175e-05,0.0,0.0,0.0
2114,4719.3657,50.078693,1.050412,50.66147358504579,50.59984412157839,0.0,0.0,0.0,0.0,2.118248e-05,0.0,0.0,0.0
2115,4720.454,51.354572,1.0688803,50.631618226820905,50.56862937457012,0.0,0.0,0.0,0.0,2.6580978e-05,0.0,0.0,0.0
2116,4721.5396,51.342453,1.0578929,50.601860390864346,50.53752499023281,0.0,0.0,0.0,0.0,3.327655e-05,0.0,0.0,0.0
2117,4722.626,50.440907,1.0413802,50.57208760249171,50.506418932544086,0.0,0.0,0.0,0.0,4.1594216e-05,0.0,0.0,0.0
2118,4723.715,50.491993,1.035494,50.54225434789612,50.47526935661506,0.0,0.0,0.0,0.0,5.192563e-05,0.0,0.0,0.0
2119,4724.802,49.31431,1.0791034,50.512475666235126,50.44420196762237,0.0,0.0,0.0,0.0,6.468378e-05,0.0,0.0,0.0
2120,4725.891,50.645702,1.1067703,50.48262583567741,50.41309114551443,0.0,0.0,0.0,0.0,8.0474696e-05,0.0,0.0,0.0
2121,4726.979,50.888054,1.0570651,50.45280671941353,50.382048455694786,0.0,0.0,0.0,0.0,9.991522e-05,0.0,0.0,0.0
2122,4728.069,50.4088,1.0872322,50.422919625906886,50.350976356606495,0.0,0.0,0.0,0.0,0.00012388192,0.0,0.0,0.0
2123,4729.1567,51.913067,1.1172708,50.39306697775495,50.31998618950487,0.0,0.0,0.0,0.0,0.00015326857,0.0,0.0,0.0
2124,4730.2446,48.414185,1.0955561,50.363190844133875,50.289022217871185,0.0,0.0,0.0,0.0,0.00018929322,0.0,0.0,0.0
2125,4731.335,50.384556,1.0576724,50.333220128472604,50.258015013409604,0.0,0.0,0.0,0.0,0.0002334839,0.0,0.0,0.0
2126,4732.4233,50.140347,1.0369428,50.303272150511084,50.227089538613264,0.0,0.0,0.0,0.0,0.00028737696,0.0,0.0,0.0
2127,4733.515,49.43084,1.0430549,50.273196170319736,50.196093202461654,0.0,0.0,0.0,0.0,0.00035331523,0.0,0.0,0.0
2128,4734.604,50.805683,1.0671711,50.24316483373451,50.1652062056358,0.0,0.0,0.0,0.0,0.00043337749,0.0,0.0,0.0
2129,4735.696,51.398365,1.0653225,50.21301512726116,50.13426231182878,0.0,0.0,0.0,0.0,0.00053093553,0.0,0.0,0.0
2130,4736.785,48.859848,1.0342574,50.18289487242914,50.103413738936474,0.0,0.0,0.0,0.0,0.0006490138,0.0,0.0,0.0
2131,4737.875,51.36302,1.0426528,50.15272375994798,50.072577425173655,0.0,0.0,0.0,0.0,0.0007920262,0.0,0.0,0.0
2132,4738.968,50.197365,1.0401734,50.12243573408301,50.04168438742596,0.0,0.0,0.0,0.0,0.0009653589,0.0,0.0,0.0
2133,4740.0576,49.617287,1.0415939,50.092196305676275,50.01090024392857,0.0,0.0,0.0,0.0,0.0011739262,0.0,0.0,0.0
2134,4741.151,49.98242,1.0513363,50.06183398299622,49.980045685719276,0.0,0.0,0.0,0.0,0.0014259028,0.0,0.0,0.0
2135,4742.241,47.23267,1.1124465,50.03153133997181,49.949299848866175,0.0,0.0,0.0,0.0,0.001728005,0.0,0.0,0.0
2136,4743.335,50.1391,1.1265353,50.00112025124626,49.9184837277201,0.0,0.0,0.0,0.0,0.0020916644,0.0,0.0,0.0
2137,4744.4263,46.9844,1.1114172,49.970774080244425,49.887762415561426,0.0,0.0,0.0,0.0,0.0025262984,0.0,0.0,0.0
2138,4745.5176,47.595306,1.1023817,49.940437828979306,49.85706706936177,0.0,0.0,0.0,0.0,0.0030458565,0.0,0.0,0.0
2139,4746.612,49.66232,1.0656788,49.91004583366692,49.82631536211364,0.0,0.0,0.0,0.0,0.003667598,0.0,0.0,0.0
2140,4747.704,49.819798,1.0489547,49.879752490467546,49.79564452383962,0.0,0.0,0.0,0.0,0.0044069677,0.0,0.0,0.0
2141,4748.7983,49.656254,1.0614008,49.84947182865696,49.7649448409106,0.0,0.0,0.0,0.0,0.005287731,0.0,0.0,0.0
2142,4749.8906,48.138737,1.0654055,49.819338167903965,49.73432587820852,0.0,0.0,0.0,0.0,0.006331223,0.0,0.0,0.0
2143,4750.9863,46.099545,1.0675775,49.78923422495715,49.70363709728114,0.0,0.0,0.0,0.0,0.007571429,0.0,0.0,0.0
2144,4752.0796,47.91114,1.1323334,49.75935681650279,49.67304261607913,0.0,0.0,0.0,0.0,0.009034908,0.0,0.0,0.0
2145,4753.1753,49.34849,1.1307008,49.72961379107073,49.642405763119314,0.0,0.0,0.0,0.0,0.010766323,0.0,0.0,0.0
2146,4754.2686,48.7226,1.1056165,49.70018513957113,49.61186303841025,0.0,0.0,0.0,0.0,0.012801772,0.0,0.0,0.0
2147,4755.3623,49.24002,1.0895209,49.67104566017871,49.58133249743616,0.0,0.0,0.0,0.0,0.015196203,0.0,0.0,0.0
2148,4756.4585,49.985935,1.1155912,49.64220695384618,49.55075969734069,0.0,0.0,0.0,0.0,0.018013269,0.0,0.0,0.0
2149,4757.553,52.534313,1.1672897,49.613843318975206,49.52025359027707,0.0,0.0,0.0,0.0,0.021309739,0.0,0.0,0.0
2150,4758.6504,50.901756,1.4128965,49.585935249911884,49.48970532974813,0.0,0.0,0.0,0.0,0.02517395,0.0,0.0,0.0
2151,4759.745,51.537483,1.6791517,49.55869865403014,49.45925083928245,0.0,0.0,0.0,0.0,0.029674938,0.0,0.0,0.0
2152,4760.8423,49.746216,2.2265062,49.53211613332694,49.428754254782845,0.0,0.0,0.0,0.0,0.034931112,0.0,0.0,0.0
2153,4761.938,39.980927,2.3618517,49.506400620694876,49.39832416003537,0.0,0.0,0.0,0.0,0.04103607,0.0,0.0,0.0
2154,4763.033,49.307945,1.6714804,49.48165895469405,49.367933337166086,0.0,0.0,0.0,0.0,0.048118763,0.0,0.0,0.0
2155,4764.132,43.767963,1.3042362,49.4579558086225,49.337473468167445,0.0,0.0,0.0,0.0,0.056351036,0.0,0.0,0.0
2156,4765.2275,47.307182,1.1487337,49.43559561035065,49.30712053290038,0.0,0.0,0.0,0.0,0.0658463,0.0,0.0,0.0
2157,4766.326,51.298916,1.130016,49.414646049915035,49.27671218845077,0.0,0.0,0.0,0.0,0.07683595,0.0,0.0,0.0
2158,4767.423,48.16183,1.0850495,49.39541096332142,49.24638358967969,0.0,0.0,0.0,0.0,0.08947521,0.0,0.0,0.0
2159,4768.522,47.28528,1.0296911,49.378047528329574,49.21601319557735,0.0,0.0,0.0,0.0,0.1040422,0.0,0.0,0.0
2160,4769.619,46.978653,1.0041932,49.36288542813248,49.185722423257296,0.0,0.0,0.0,0.0,0.12073226,0.0,0.0,0.0
2161,4770.7163,48.42569,1.0226164,49.350178707396836,49.15545725450501,0.0,0.0,0.0,0.0,0.13984954,0.0,0.0,0.0
2162,4771.8164,46.78866,0.98508656,49.340222057268676,49.12513694943553,0.0,0.0,0.0,0.0,0.16176699,0.0,0.0,0.0
2163,4772.914,47.956146,0.9909382,49.333417332596305,49.094909532792094,0.0,0.0,0.0,0.0,0.18672435,0.0,0.0,0.0
2164,4774.015,50.619312,1.0321339,49.33012095050692,49.06461365477919,0.0,0.0,0.0,0.0,0.21524118,0.0,0.0,0.0
2165,4775.1133,47.51011,1.0143858,49.330780209246,49.03442395964535,0.0,0.0,0.0,0.0,0.24757516,0.0,0.0,0.0
2166,4776.2144,47.86776,1.0287145,49.33586702903229,49.00417933647949,0.0,0.0,0.0,0.0,0.28436124,0.0,0.0,0.0
2167,4777.313,47.55369,1.0319883,49.345869965846525,48.974027309561954,0.0,0.0,0.0,0.0,0.3259276,0.0,0.0,0.0
2168,4778.412,49.391426,1.0541855,49.36135922265269,48.94388737794973,0.0,0.0,0.0,0.0,0.37292323,0.0,0.0,0.0
2169,4779.514,49.37461,1.0421638,49.3830028273676,48.91369268526774,0.0,0.0,0.0,0.0,0.4260806,0.0,0.0,0.0
2170,4780.6133,47.727318,1.0287174,49.41134311135889,48.88360374297977,0.0,0.0,0.0,0.0,0.4857696,0.0,0.0,0.0
2171,4781.716,49.2103,1.0507699,49.447262283513076,48.85344677055789,0.0,0.0,0.0,0.0,0.55304873,0.0,0.0,0.0
2172,4782.8164,49.495396,1.0732826,49.49136873071773,48.823368703180385,0.0,0.0,0.0,0.0,0.62836915,0.0,0.0,0.0
2173,4783.919,50.770397,1.0903176,49.54464811986024,48.79326275890405,0.0,0.0,0.0,0.0,0.71282333,0.0,0.0,0.0
2174,4785.0195,48.72727,1.0768467,49.60779673405822,48.76323557444747,0.0,0.0,0.0,0.0,0.8069935,0.0,0.0,0.0
2175,4786.12,47.749878,1.0411328,49.681846182186504,48.73323376788606,0.0,0.0,0.0,0.0,0.9119633,0.0,0.0,0.0
2176,4787.2236,49.01422,1.0195454,49.76804771791556,48.703177550391935,0.0,0.0,0.0,0.0,1.029063,0.0,0.0,0.0
2177,4788.325,48.38305,1.0119225,49.86710689083468,48.673199920512545,0.0,0.0,0.0,0.0,1.1588588,0.0,0.0,0.0
2178,4789.429,48.812668,1.0182246,49.98056525791787,48.64318127612375,0.0,0.0,0.0,0.0,1.3030126,0.0,0.0,0.0
2179,4790.5312,49.883118,1.0157574,50.10917531161976,48.61324109717679,0.0,0.0,0.0,0.0,1.462153,0.0,0.0,0.0
2180,4791.6357,49.995132,1.0274614,50.25471886150308,48.58325998388,0.0,0.0,0.0,0.0,1.6381819,0.0,0.0,0.0
2181,4792.738,50.640602,1.0281805,50.41786479383165,48.55337045147473,0.0,0.0,0.0,0.0,1.8316326,0.0,0.0,0.0
2182,4793.8403,51.54968,1.0518066,50.60036534447647,48.5234929472623,0.0,0.0,0.0,0.0,2.0443375,0.0,0.0,0.0
2183,4794.9463,50.218544,1.0318278,50.80423156811776,48.49354818730535,0.0,0.0,0.0,0.0,2.278387,0.0,0.0,0.0
2184,4796.0493,48.01854,1.0022928,51.029769939789155,48.46370802954731,0.0,0.0,0.0,0.0,2.5339146,0.0,0.0,0.0
2185,4797.1553,48.902367,1.0199629,51.27969146888104,48.43381393323985,0.0,0.0,0.0,0.0,2.8137908,0.0,0.0,0.0
2186,4798.259,50.78838,1.0373929,51.554331870886365,48.40401106900243,0.0,0.0,0.0,0.0,3.1182067,7.5e-43,0.0,0.0
2187,4799.365,50.92475,1.0463532,51.85661427091605,48.37415436815268,0.0,0.0,0.0,0.0,3.4502316,3.2942e-41,0.0,0.0
2188,4800.469,50.864628,1.0482615,52.18666733682839,48.34438875571577,0.0,0.0,0.0,0.0,3.809851,1.312935e-39,0.0,0.0
2189,4801.5737,52.846855,1.0600371,52.54687242459137,48.31463514890153,0.0,0.0,0.0,0.0,4.199527,4.880102e-38,0.0,0.0
2190,4802.681,51.222797,1.0689224,52.939746506229525,48.28482786910284,0.0,0.0,0.0,0.0,4.621843,1.7044616e-36,0.0,0.0
2191,4803.7856,52.15924,1.0661007,53.364770394779036,48.25512459970195,0.0,0.0,0.0,0.0,5.0761266,5.4896826e-35,0.0,0.0
2192,4804.8936,51.5244,1.0597161,53.82593611872378,48.22535462176982,0.0,0.0,0.0,0.0,5.5665407,1.6632602e-33,0.0,0.0
2193,4805.9985,52.300274,1.0711107,54.32210425196221,48.19568848891189,0.0,0.0,0.0,0.0,6.091781,4.6485832e-32,0.0,0.0
2194,4807.107,54.72573,1.1608276,54.85756601042045,48.165955770974286,0.0,0.0,0.0,0.0,6.656309,1.2215337e-30,0.0,0.0
2195,4808.2134,54.30012,1.2206374,55.43113203225989,48.13630057005543,0.0,0.0,0.0,0.0,7.2587976,2.9702044e-29,0.0,0.0
2196,4809.3193,53.806942,1.2953657,56.04466754938207,48.10668351496301,0.0,0.0,0.0,0.0,7.901154,6.712615e-28,0.0,0.0
2197,4810.428,52.851086,1.2697504,56.70132116471666,48.07701312993902,0.0,0.0,0.0,0.0,8.586619,1.4233291e-26,0.0,0.0
2198,4811.5347,53.008797,1.1653324,57.398917432092695,48.04743311848548,0.0,0.0,0.0,0.0,9.312882,2.7898712e-25,0.0,0.0
2199,4812.644,53.82928,1.0992509,58.141698812432054,48.01779987785912,0.0,0.0,0.0,0.0,10.084329,5.128407e-24,0.0,0.0
2200,4813.7515,54.66556,1.0906574,58.92710203463757,47.988243842223525,0.0,0.0,0.0,0.0,10.8982725,8.72748e-23,0.0,0.0
2201,4814.8613,55.7356,1.09849,59.758723466065355,47.95864771526737,0.0,0.0,0.0,0.0,11.758428,1.3904991e-21,0.0,0.0
2202,4815.969,56.949627,1.1058847,60.633540254357655,47.92912867319902,0.0,0.0,0.0,0.0,12.661662,2.0513679e-20,0.0,0.0
2203,4817.077,58.485523,1.1132798,61.55297730058635,47.899634584190494,0.0,0.0,0.0,0.0,13.609455,2.8161516e-19,0.0,0.0
2204,4818.1875,60.510414,1.1270776,62.51896062954696,47.87010051026376,0.0,0.0,0.0,0.0,14.603799,3.6174883e-18,0.0,0.0
2205,4819.2964,60.973053,1.1403785,63.527632373650675,47.8406303592819,0.0,0.0,0.0,0.0,15.640739,4.3087924e-17,0.0,0.0
2206,4820.407,60.642227,1.1408281,64.58131553936676,47.81113328371122,0.0,0.0,0.0,0.0,16.72269,4.795105e-16,0.0,0.0
2207,4821.5166,62.259163,1.1510482,65.67570013151101,47.78170003340176,0.0,0.0,0.0,0.0,17.845259,4.948717e-15,0.0,0.0
2208,4822.6284,62.826485,1.1524403,66.81326064602855,47.75222697616934,0.0,0.0,0.0,0.0,19.01102,4.7749578e-14,0.0,0.0
2209,4823.738,62.38567,1.1494055,67.98725922703105,47.72284352331672,0.0,0.0,0.0,0.0,20.213118,4.2648448e-13,0.0,0.0
2210,4824.847,64.45221,1.1770871,69.19807581162802,47.69348490169639,0.0,0.0,0.0,0.0,21.451994,3.5439872e-12,0.0,0.0
2211,4825.96,67.908035,1.2077954,70.44718987915773,47.66406074584607,0.0,0.0,0.0,0.0,22.729218,2.7569044e-11,0.0,0.0
2212,4827.0703,70.39791,1.2396188,71.72531217938293,47.63472599372901,0.0,0.0,0.0,0.0,24.035353,1.985914e-10,0.0,0.0
2213,4828.1836,71.55278,1.2534745,73.03552382253525,47.60533873417277,0.0,0.0,0.0,0.0,25.373617,1.3373248e-09,0.0,0.0
2214,4829.2944,72.707794,1.2738681,74.36808911439952,47.57604073745525,0.0,0.0,0.0,0.0,26.73414,8.34128e-09,0.0,0.0
2215,4830.4077,73.110016,1.2765951,75.72508066640752,47.54670319439364,0.0,0.0,0.0,0.0,28.119118,4.8578425e-08,0.0,0.0
2216,4831.5195,72.3675,1.244,77.09767126431294,47.5174290497142,0.0,0.0,0.0,0.0,29.519623,2.6250729e-07,0.0,0.0
2217,4832.6313,73.88667,1.2605687,78.48323423925208,47.48817965839762,0.0,0.0,0.0,0.0,30.933064,1.319336e-06,0.0,0.0
2218,4833.745,76.537094,1.2935362,79.8795364334282,47.4589036766742,0.0,0.0,0.0,0.0,32.35725,6.1834894e-06,0.0,0.0
2219,4834.8574,77.04621,1.3117313,81.27735187359681,47.42969093719616,0.0,0.0,0.0,0.0,33.782856,2.6896581e-05,0.0,0.0
2220,4835.9727,82.303955,1.3458531,82.67703274126626,47.40042604745332,0.0,0.0,0.0,0.0,35.210293,0.00010919566,0.0,0.0
2221,4837.0854,81.0556,1.4273971,84.06656244057851,47.37124994008374,0.0,0.0,0.0,0.0,36.627247,0.00041096707,0.0,0.0
2222,4838.2007,84.64964,1.4665569,85.44691932512109,47.342034566878674,0.0,0.0,0.0,0.0,38.0343,0.0014422085,0.0,0.0
2223,4839.3135,88.42234,1.4250573,86.80779795157747,47.31290781446756,0.0,0.0,0.0,0.0,39.419533,0.0046933354,0.0,0.0
2224,4840.43,88.51564,1.4352264,88.15511833442059,47.28370355846044,0.0,0.0,0.0,0.0,40.784916,0.014256979,0.0,0.0
2225,4841.5435,90.34836,1.4479188,89.48411594458085,47.254613333718595,0.0,0.0,0.0,0.0,42.115498,0.040131062,0.0,0.0
2226,4842.657,92.29928,1.4655802,90.81630797665798,47.22553494554246,0.0,0.0,0.0,0.0,43.41011,0.10508554,0.0,0.0
2227,4843.7734,93.99997,1.4803635,92.19501079508797,47.19641747215524,0.0,0.0,0.0,0.0,44.664883,0.25634372,0.0,0.0
2228,4844.888,97.57091,1.5294511,93.69673246264853,47.16736281782784,0.0,0.0,0.0,0.0,45.869457,0.5806608,0.0,0.0
2229,4846.0054,102.993095,1.5824779,95.46640442070398,47.13826917615567,0.0,0.0,0.0,0.0,47.022137,1.2247454,0.0,0.0
2230,4847.1206,106.03134,1.6155043,97.70359356051131,47.10925097858353,0.0,0.0,0.0,0.0,48.1127,2.3982604,0.0,0.0
2231,4848.238,104.08984,1.5990819,100.67549769637296,47.08020655867765,0.0,0.0,0.0,0.0,49.13948,4.37015,0.0,0.0
2232,4849.353,106.95356,1.6772852,104.62794465805487,47.051237443937815,0.0,0.0,0.0,0.0,50.09366,7.3949447,0.0,0.0
2233,4850.4688,112.11756,1.7383271,109.72075779036234,47.02228014216373,0.0,0.0,0.0,0.0,50.972527,11.635213,0.0,0.0
2234,4851.5874,114.7433,1.7152587,115.8932317296333,46.99327137566277,0.0,0.0,0.0,0.0,51.773033,17.033335,0.0,0.0
2235,4852.703,116.168434,1.8230488,122.7027442473582,46.96436306272066,0.0,0.0,0.0,0.0,52.48675,23.154953,0.0,0.0
2236,4853.8228,118.97681,1.8599248,129.43025628549574,46.93537809026955,0.0,0.0,0.0,0.0,53.114094,29.280748,0.0,0.0
2237,4854.9395,122.71224,1.8889993,135.04934861522034,46.90649343293027,0.0,0.0,0.0,0.0,53.64772,34.391457,0.0,0.0
2238,4856.0586,124.50413,1.8103257,138.6222170705351,46.877570118978895,0.0,0.0,0.0,0.0,54.08734,37.549656,0.0,0.0
2239,4857.176,125.08912,1.8241158,139.48529217989943,46.84872171135448,0.0,0.0,0.0,0.0,54.428757,38.095848,0.0,0.0
2240,4858.293,127.065216,1.9044623,137.52945397449506,46.819897685477855,0.0,0.0,0.0,0.0,54.67093,35.921963,0.0,0.0
2241,4859.413,127.193825,1.9125971,133.1929846398879,46.79102252352724,0.0,0.0,0.0,0.0,54.81276,31.46741,0.0,0.0
2242,4860.5312,124.35717,2.0054128,127.36290735748813,46.762222103748776,0.0,0.0,0.0,0.0,54.852707,25.620613,0.0,0.0
2243,4861.652,121.89538,1.8945067,121.02944314776187,46.733383226378,0.0,0.0,0.0,0.0,54.79065,19.371973,0.0,0.0
2244,4862.7705,119.49612,2.059507,115.08835752233523,46.704618974771684,0.0,0.0,0.0,0.0,54.627098,13.616617,0.0,0.0
2245,4863.8916,117.54962,2.0154033,110.07018558523751,46.67581634066202,0.0,0.0,0.0,0.0,54.362267,8.884916,0.0,0.0
2246,4865.0107,115.55082,1.7217057,106.19114594294732,46.647088216087276,0.0,0.0,0.0,0.0,53.99858,5.3905396,0.0,0.0
2247,4866.13,112.990395,1.681983,103.35826051106025,46.61838437487651,0.0,0.0,0.0,0.0,53.537693,3.038857,0.0,0.0
2248,4867.2524,112.01316,1.6815848,101.33081017459915,46.589617237701866,0.0,0.0,0.0,0.0,52.980293,1.5884787,0.0,0.0
2249,4868.372,113.49832,1.7303737,99.84838691575304,46.560949461887034,0.0,0.0,0.0,0.0,52.332516,0.7727119,0.0,0.0
2250,4869.4946,108.65979,1.6849288,98.66800582954815,46.53223099360398,0.0,0.0,0.0,0.0,51.59451,0.34848252,0.0,0.0
2251,4870.6147,103.81414,1.6357654,97.62769800931332,46.503599231542324,0.0,0.0,0.0,0.0,50.773716,0.14625324,0.0,0.0
2252,4871.738,105.18792,1.6223689,96.61868009451653,46.47491687271621,0.0,0.0,0.0,0.0,49.87054,0.056880318,0.0,0.0
2253,4872.8584,104.83744,1.6226581,95.5903260429948,46.44632108338172,0.0,0.0,0.0,0.0,48.894012,0.02059165,0.0,0.0
2254,4873.9795,100.319,1.5913311,94.51487992268841,46.41773701396624,0.0,0.0,0.0,0.0,47.846848,0.0069218613,0.0,0.0
2255,4875.1035,98.98841,1.5220667,93.381421208545,46.38910250149239,0.0,0.0,0.0,0.0,46.731834,0.0021546655,0.0,0.0
2256,4876.225,96.45296,1.4993939,92.19530141709447,46.3605543644012,0.0,0.0,0.0,0.0,45.55989,0.0006245439,0.0,0.0
2257,4877.3496,93.012024,1.4647856,90.95451091049449,46.331955879489904,0.0,0.0,0.0,0.0,44.3312,0.00016756219,0.0,0.0
2258,4878.4717,91.21085,1.4387046,89.67019193687601,46.30344363371195,0.0,0.0,0.0,0.0,43.05756,4.1872252e-05,0.0,0.0
2259,4879.596,89.86168,1.4316268,88.3426287233421,46.27489352683432,0.0,0.0,0.0,0.0,41.739513,9.687103e-06,0.0,0.0
2260,4880.7188,87.52656,1.4043708,86.98305507130773,46.246417120912625,0.0,0.0,0.0,0.0,40.3883,2.0866141e-06,0.0,0.0
2261,4881.842,84.931046,1.3693025,85.59471342980066,46.21795241066195,0.0,0.0,0.0,0.0,39.007187,4.1714134e-07,0.0,0.0
2262,4882.9673,83.14126,1.3523467,84.18119300626469,46.18944996054821,0.0,0.0,0.0,0.0,37.599754,7.715722e-08,0.0,0.0
2263,4884.091,82.344635,1.3446083,82.75401921003852,46.16102104973658,0.0,0.0,0.0,0.0,36.177494,1.3291144e-08,0.0,0.0
2264,4885.2173,80.52254,1.341769,81.31288606145799,46.13254213338926,0.0,0.0,0.0,0.0,34.740112,2.1158189e-09,0.0,0.0
2265,4886.341,79.09959,1.3249525,79.87101483207088,46.10416132042317,0.0,0.0,0.0,0.0,33.300808,3.1425096e-10,0.0,0.0
2266,4887.468,78.02443,1.3028786,78.42580545265275,46.07571825697484,0.0,0.0,0.0,0.0,31.856997,4.307819e-11,0.0,0.0
2267,4888.5923,75.57454,1.2755573,76.99006723881082,46.04736083268883,0.0,0.0,0.0,0.0,30.421486,5.5063684e-12,0.0,0.0
2268,4889.717,75.15421,1.2779858,75.56567909828047,46.019027377279144,0.0,0.0,0.0,0.0,28.996172,6.535305e-13,0.0,0.0
2269,4890.844,71.30163,1.2357075,74.15372787365766,45.990644141529444,0.0,0.0,0.0,0.0,27.582153,7.160108e-14,0.0,0.0
2270,4891.9697,70.067444,1.212225,72.76477493693083,45.9623340552017,0.0,0.0,0.0,0.0,26.190023,7.310522e-15,0.0,0.0
2271,4893.097,69.88802,1.1948512,71.39809812415626,45.933998836169515,0.0,0.0,0.0,0.0,24.81908,6.9009484e-16,0.0,0.0
2272,4894.2227,68.42537,1.1832143,70.06217909519069,45.90573663179271,0.0,2.38e-43,0.0,0.0,23.477858,6.072293e-17,0.0,0.0
2273,4895.3516,67.07134,1.1682137,68.75411150029355,45.877412589103514,0.0,9.508e-42,0.0,0.0,22.163465,4.922445e-18,0.0,0.0
2274,4896.478,64.56944,1.1391306,67.48374277293888,45.849173724057344,0.0,3.88409e-40,0.0,0.0,20.885834,3.7240408e-19,0.0,0.0
2275,4897.6045,65.40514,1.135147,66.25087600653023,45.82095873062462,0.0,1.474314e-38,0.0,0.0,19.64481,2.6153456e-20,0.0,0.0
2276,4898.7334,62.584427,1.1134324,65.0552711689896,45.79270650987095,0.0,5.2496255e-37,0.0,0.0,18.440197,1.694801e-21,0.0,0.0
2277,4899.861,61.046066,1.0876669,63.90304007324293,45.764514825669075,0.0,1.7318974e-35,0.0,0.0,17.278208,1.02294907e-22,0.0,0.0
2278,4900.99,62.419044,1.0990463,62.79231571947926,45.736298201435744,0.0,5.3499273e-34,0.0,0.0,16.157022,5.701847e-24,0.0,0.0
2279,4902.1177,60.44388,1.0800368,61.72816658336348,45.708154204670855,0.0,1.529184e-32,0.0,0.0,15.081829,2.964438e-25,0.0,0.0
2280,4903.2485,60.940613,1.0883734,60.70651868192112,45.67994877902424,0.0,4.108938e-31,0.0,0.0,14.04859,1.4172878e-26,0.0,0.0
2281,4904.3765,61.23485,1.0923094,59.7337205659672,45.65184023492777,0.0,1.0188635e-29,0.0,0.0,13.063813,6.337896e-28,0.0,0.0
2282,4905.505,60.510635,1.0899262,58.8069544994756,45.62374329208577,0.0,2.3547397e-28,0.0,0.0,12.124748,2.6267816e-29,0.0,0.0
2283,4906.6357,58.624207,1.0405815,57.92479665979692,45.59560938581773,0.0,5.098629e-27,0.0,0.0,11.230055,1.003167e-30,0.0,0.0
2284,4907.7646,57.14062,1.0577819,57.090429461690775,45.56754783460795,0.0,1.0219563e-25,0.0,0.0,10.383076,3.5750586e-32,0.0,0.0
2285,4908.8965,57.71887,1.0619706,56.29979047774246,45.53943727015427,0.0,1.9207797e-24,0.0,0.0,9.579809,1.1718042e-33,0.0,0.0
2286,4910.026,56.930958,1.0690125,55.55592502094787,45.51141108013671,0.0,3.3382255e-23,0.0,0.0,8.823481,3.5900456e-35,0.0,0.0
2287,4911.158,55.85095,1.084556,54.85437774412262,45.48333596937287,0.0,5.4378593e-22,0.0,0.0,8.109698,1.0111245e-36,0.0,0.0
2288,4912.2876,55.704136,1.0821289,54.19766032406722,45.45535719105636,0.0,8.183558e-21,0.0,0.0,7.4411626,2.6668047e-38,0.0,0.0
2289,4913.418,56.79421,1.0584332,53.58211261843919,45.42737788771867,0.0,1.1487131e-19,0.0,0.0,6.8142986,6.50577e-40,0.0,0.0
2290,4914.551,57.539326,1.053132,53.005707059665944,45.39936188296917,0.0,1.5086314e-18,0.0,0.0,6.2271957,1.4623e-41,0.0,0.0
2291,4915.681,56.46544,1.0482887,52.4693972962211,45.371429909975376,0.0,1.8333027e-17,0.0,0.0,5.6809826,3.21e-43,0.0,0.0
2292,4916.815,56.650623,1.0482538,51.96882342418737,45.343437186089226,0.0,2.0880756e-16,0.0,0.0,5.171378,0.0,0.0,0.0
2293,4917.9463,54.1483,1.0143377,51.50491975629753,45.31552838170952,0.0,2.200994e-15,0.0,0.0,4.6994925,0.0,0.0,0.0
2294,4919.08,55.497433,1.0277169,51.07391896412478,45.28758301899536,0.0,2.1690467e-14,0.0,0.0,4.2616506,0.0,0.0,0.0
2295,4920.212,55.91897,1.0302618,50.67572109425921,45.259709403165566,0.0,1.9807124e-13,0.0,0.0,3.8579028,0.0,0.0,0.0
2296,4921.3438,53.911785,1.0041558,50.30774190239057,45.23185934833462,0.0,1.6827452e-12,0.0,0.0,3.4857717,0.0,0.0,0.0
2297,4922.4785,55.541542,1.0121765,49.96731572997663,45.203960832464176,0.0,1.3370319e-11,0.0,0.0,3.142702,0.0,0.0,0.0
2298,4923.611,54.39985,1.0076677,49.654259308160036,45.1761458952046,0.0,9.8380734e-11,0.0,0.0,2.828634,0.0,0.0,0.0
2299,4924.746,55.59143,1.0173715,49.365305007982535,45.14828258832998,0.0,6.767283e-10,0.0,0.0,2.5404012,0.0,0.0,0.0
2300,4925.879,53.68903,0.99948424,49.100072405972334,45.120502728122176,0.0,4.311948e-09,0.0,0.0,2.277718,0.0,0.0,0.0
2301,4927.015,53.54446,0.9953736,48.8554916024769,45.09266263067092,0.0,2.5692398e-08,0.0,0.0,2.03762,0.0,0.0,0.0
2302,4928.1484,55.768337,1.0284824,48.631274856214425,45.06491781713101,0.0,1.4172929e-07,0.0,0.0,1.8198776,0.0,0.0,0.0
2303,4929.285,53.035084,1.0215212,48.42456180005848,45.03711287766492,0.0,7.307508e-07,0.0,0.0,1.6217402,0.0,0.0,0.0
2304,4930.419,52.471165,1.0076481,48.23497521174721,45.009403070296855,0.0,3.4892973e-06,0.0,0.0,1.4428445,0.0,0.0,0.0
2305,4931.553,53.390095,1.0031388,48.06042164221551,44.98170475884151,0.0,1.5506459e-05,0.0,0.0,1.2811689,0.0,0.0,0.0
2306,4932.6904,53.87344,1.0055054,47.89921875909651,44.95395840644498,0.0,6.432013e-05,0.0,0.0,1.1350827,0.0,0.0,0.0
2307,4933.825,53.138714,0.99825937,47.75091027475847,44.92629505061032,0.0,0.00024734333,0.0,0.0,1.0039917,0.0,0.0,0.0
2308,4934.963,52.252842,0.9947238,47.61387692605417,44.89858374445971,0.0,0.0008874065,0.0,0.0,0.8860576,0.0,0.0,0.0
2309,4936.098,52.1671,1.0186902,47.48858076988785,44.8709553038056,0.0,0.002952388,0.0,0.0,0.78068906,0.0,0.0,0.0
2310,4937.2363,50.191433,1.0148168,47.37606005475639,44.84327900328456,0.0,0.009160148,0.0,0.0,0.68630666,0.0,0.0,0.0
2311,4938.372,51.94219,1.015891,47.2827319981199,44.81568543740029,0.0,0.026361408,0.0,0.0,0.60234594,0.0,0.0,0.0
2312,4939.5083,51.088314,0.9708056,47.22338997583573,44.7881033421654,0.0,0.070572965,0.0,0.0,0.5276151,0.0,0.0,0.0
2313,4940.6475,50.027508,0.95653844,47.2312765398877,44.76047353240422,0.0,0.17607085,0.0,0.0,0.46110982,0.0,0.0,0.0
2314,4941.784,51.67715,0.9681576,47.37082745839675,44.73292627145369,1.434e-42,0.4075899,0.0,0.0,0.4023304,0.0,0.0,0.0
2315,4942.924,52.87869,0.98652226,47.754708916797846,44.70533138598463,6.4209e-41,0.87891793,0.0,0.0,0.35024545,0.0,0.0,0.0
2316,4944.0605,52.59143,0.9993848,48.55121523244403,44.6778307269337,2.574533e-39,1.7585157,0.0,0.0,0.30442682,0.0,0.0,0.0
2317,4945.2007,52.775562,1.0111274,49.989971622657116,44.65027071518832,9.706704e-38,3.2770193,0.0,0.0,0.2639812,0.0,0.0,0.0
2318,4946.338,54.992157,1.0312064,52.304397870024665,44.622804779728874,3.3751916e-36,5.6678824,0.0,0.0,0.22855332,0.0,0.0,0.0
2319,4947.476,56.96324,1.0884526,55.680095894030444,44.59533849149119,1.0958571e-34,9.117397,0.0,0.0,0.19747563,0.0,0.0,0.0
2320,4948.617,58.40253,1.1234949,60.13748768187465,44.56782481289806,3.3409812e-33,13.6464615,0.0,0.0,0.17023057,0.0,0.0,0.0
2321,4949.756,63.050602,1.2179477,65.38961232149347,44.540393237707455,9.411393e-32,18.96808,0.0,0.0,0.14650846,0.0,0.0,0.0
2322,4950.897,71.060974,1.3474152,70.8721814981108,44.51292610973171,2.484923e-30,24.51852,0.0,0.0,0.12580831,0.0,0.0,0.0
2323,4952.0356,76.95511,1.4307994,75.72870583998466,44.485540935569055,6.064027e-29,29.441208,0.0,0.0,0.107860096,0.0,0.0,0.0
2324,4953.1787,79.77969,1.4725019,79.09271218332529,44.458073344855315,1.3939655e-27,32.870228,0.0,0.0,0.09223872,0.0,0.0,0.0
2325,4954.318,81.02457,1.3679246,80.25215863210157,44.43072279316381,2.950396e-26,34.09319,0.0,0.0,0.07876983,0.0,0.0,0.0
2326,4955.4575,81.42199,1.5059586,78.96321178112021,44.40338364127866,5.8196394e-25,32.866596,0.0,0.0,0.06713364,0.0,0.0,0.0
2327,4956.6,79.184746,1.3950005,75.47177437261195,44.37599740118236,1.0763045e-23,29.436535,0.0,0.0,0.057082232,0.0,0.0,0.0
2328,4957.74,71.432945,1.342612,70.48086821732574,44.348692801571424,1.8408642e-22,24.505762,0.0,0.0,0.048458904,0.0,0.0,0.0
2329,4958.884,62.742634,1.2218944,64.85892603262675,44.32132952376616,2.954278e-21,18.943018,0.0,0.0,0.04103844,0.0,0.0,0.0
2330,4960.0244,58.270737,1.1524581,59.473378451578775,44.29405944611923,4.380405e-20,13.615379,0.0,0.0,0.034701925,0.0,0.0,0.0
2331,4961.1685,54.296227,1.0952399,54.88330267209411,44.26673079866767,6.0912526e-19,9.082202,0.0,0.0,0.029272169,0.0,0.0,0.0
2332,4962.3096,50.40567,1.0296178,51.38052576397962,44.2394952028007,7.828222e-18,5.6349354,0.0,0.0,0.024654996,0.0,0.0,0.0
2333,4963.451,51.052715,1.030621,48.93928425055269,44.21227098111335,9.3715547e-17,3.2479124,0.0,0.0,0.020724455,0.0,0.0,0.0
2334,4964.5957,47.275265,1.0085788,47.374949430909886,44.18499999107136,1.0503019e-15,1.7365289,0.0,0.0,0.017378973,0.0,0.0,0.0
2335,4965.738,45.25635,0.9696397,46.450811057259266,44.157810200844814,1.089487e-14,0.8637298,0.0,0.0,0.014550785,0.0,0.0,0.0
2336,4966.8833,44.578865,0.9490429,45.93538714721313,44.13056212067107,1.0585528e-13,0.398194,0.0,0.0,0.01215272,0.0,0.0,0.0
2337,4968.026,45.255337,0.9556891,45.66001297030092,44.10340673159207,9.512403e-13,0.17087391,0.0,0.0,0.010134852,0.0,0.0,0.0
2338,4969.1714,46.005276,0.9812558,45.51073793011448,44.07620475036886,7.995521e-12,0.06795734,0.0,0.0,0.008431674,0.0,0.0,0.0
2339,4970.314,44.85774,0.960552,45.423628161536136,44.04909529285395,6.2179956e-11,0.025166636,0.0,0.0,0.0070044245,0.0,0.0,0.0
2340,4971.458,46.43755,0.96142304,45.364760893467825,44.021974023051314,4.5101603e-10,0.008646566,0.0,0.0,0.0058060912,0.0,0.0,0.0
2341,4972.604,46.659805,0.9309299,45.3185860958658,43.994829443654126,3.0527767e-09,0.0027539236,0.0,0.0,0.004801873,0.0,0.0,0.0
2342,4973.748,46.337555,0.90636134,45.278666872128206,43.967754055161556,1.9157069e-08,0.0008162848,0.0,0.0,0.0039649117,0.0,0.0,0.0
2343,4974.895,46.55518,0.91478896,45.24232583699171,43.9406323035521,1.12320485e-07,0.0002239852,0.0,0.0,0.0032658484,0.0,0.0,0.0
2344,4976.0396,46.719,0.9187374,45.20889624184889,43.91359118574701,6.101919e-07,5.7239213e-05,0.0,0.0,0.002685914,0.0,0.0,0.0
2345,4977.187,45.56572,0.899946,45.17799842964944,43.88650379223662,3.095856e-06,1.3535155e-05,0.0,0.0,0.0022035523,0.0,0.0,0.0
2346,4978.332,44.40151,0.8837784,45.149760802208235,43.859496905079155,1.4557339e-05,2.9815328e-06,0.0,0.0,0.0018050579,0.0,0.0,0.0
2347,4979.477,44.96107,0.8850063,45.12417323351822,43.832512842581494,6.3665146e-05,6.099914e-07,0.0,0.0,0.0014757526,0.0,0.0,0.0
2348,4980.6255,45.616673,0.8858087,45.10131752715742,43.80547113293865,0.00026002433,1.1532315e-07,0.0,0.0,0.001203444,0.0,0.0,0.0
2349,4981.771,46.252712,0.8980328,45.08173276424567,43.77852123140332,0.0009840552,2.0332617e-08,0.0,0.0,0.0009799798,0.0,0.0,0.0
2350,4982.9204,47.498295,0.9141286,45.06656124867141,43.75150231615762,0.0034779825,3.3083878e-09,0.0,0.0,0.00079589157,0.0,0.0,0.0
2351,4984.0664,48.64022,0.9346225,45.05956732836387,43.724586545332436,0.0113874,5.025623e-10,0.0,0.0,0.00064552244,0.0,0.0,0.0
2352,4985.216,47.65071,0.93842363,45.0707254009656,43.697613340066994,0.03478422,7.0474404e-11,0.0,0.0,0.0005222119,0.0,0.0,0.0
2353,4986.363,48.947968,0.9489997,45.12496705456557,43.670720206404106,0.09855726,9.214042e-12,0.0,0.0,0.0004218214,0.0,0.0,0.0
2354,4987.51,51.511288,0.96027774,45.27918079943361,43.643849803363835,0.25966144,1.1185792e-12,0.0,0.0,0.0003400655,0.0,0.0,0.0
2355,4988.6597,53.554863,0.9916021,45.65272841460481,43.61693355907268,0.63751733,1.253774e-13,0.0,0.0,0.00027346748,0.0,0.0,0.0
2356,4989.807,53.981415,0.99420595,46.46588742563416,43.59009718700633,1.4524469,1.31077425e-14,0.0,0.0,0.00021958376,0.0,0.0,0.0
2357,4990.9585,53.740265,1.0080969,48.09837318187842,43.563192249618304,3.0842507,1.2621274e-15,0.0,0.0,0.00017583964,0.0,0.0,0.0
2358,4992.1064,57.47375,1.0469613,51.09206475872093,43.536389887945965,6.074905,1.1360337e-16,0.0,0.0,0.00014062719,0.0,0.0,0.0
2359,4993.2573,60.798195,1.071398,56.16330050829022,43.50954185767371,11.1408415,9.432643e-18,0.0,0.0,0.0001121815,0.0,0.0,0.0
2360,4994.406,66.33859,1.2124478,63.99848911586401,43.48277344726035,18.968613,7.3088304e-19,0.0,0.0,8.93573e-05,0.0,0.0,0.0
2361,4995.555,72.28883,1.2740982,75.07521800033386,43.45600492106418,30.035923,5.245567e-20,0.0,0.0,7.102376e-05,0.0,0.0,0.0
2362,4996.707,80.255135,1.3589678,89.29381760879983,43.42920224121258,44.24323,3.4742955e-21,0.0,0.0,5.6313213e-05,0.0,0.0,0.0
2363,4997.8564,96.48979,1.5349168,105.58929581331833,43.402479002149654,60.525745,2.1481558e-22,0.0,0.0,4.458388e-05,0.0,0.0,0.0
2364,4999.009,115.371735,1.773399,122.08621226873032,43.37571031892178,77.00814,1.2238322e-23,0.0,0.0,3.5207293e-05,0.0,0.0,0.0
2365,5000.159,142.86043,2.4633965,136.11724326288936,43.34900962260622,91.02333,6.5022994e-25,0.0,0.0,2.7759164e-05,0.0,0.0,0.0
2366,5001.312,154.4183,3.6320448,145.12138926943572,43.32227490563291,100.010445,3.1857288e-26,0.0,0.0,2.1832599e-05,0.0,0.0,0.0
2367,5002.4624,155.84389,3.4908013,147.2325956721908,43.29561937840859,102.1037,1.4577979e-27,0.0,0.0,1.7146329e-05,0.0,0.0,0.0
2368,5003.6133,150.97884,4.165919,142.0300151348145,43.26897507584165,96.88241,6.1830476e-29,0.0,0.0,1.3438108e-05,0.0,0.0,0.0
2369,5004.767,129.1116,2.4761424,130.56843240765875,43.24228555244052,85.40153,2.4136147e-30,0.0,0.0,1.05045865e-05,0.0,0.0,0.0
2370,5005.9185,118.97411,2.8380077,115.16074146680921,43.215675040661615,69.97426,8.8030004e-32,0.0,0.0,8.199562e-06,0.0,0.0,0.0
2371,5007.0728,98.77656,1.9088544,98.44632615382956,43.18901939326783,53.240116,2.9536893e-33,0.0,0.0,6.3836696e-06,0.0,0.0,0.0
2372,5008.225,81.489456,1.2911937,82.88134726596265,43.1624313711891,37.65557,9.24825e-35,0.0,0.0,4.9622327e-06,0.0,0.0,0.0
2373,5009.38,70.80116,1.1659436,69.96882933579992,43.13580956943771,24.7238,2.6666103e-36,0.0,0.0,3.8476305e-06,0.0,0.0,0.0
2374,5010.532,62.91211,1.0924207,60.35992206031456,43.10926652955864,15.096265,7.1875177e-38,0.0,0.0,2.979105e-06,0.0,0.0,0.0
2375,5011.6846,57.775337,1.0291793,53.846716690533746,43.082745920729955,8.565242,1.79762e-39,0.0,0.0,2.3020914e-06,0.0,0.0,0.0
2376,5012.8403,55.6364,1.0045544,49.80495022671931,43.05616915578827,4.5066442,4.1229e-41,0.0,0.0,1.774056e-06,0.0,0.0,0.0
2377,5013.9937,52.489193,0.98702556,47.51973076280562,43.029670975531346,2.2058911,9.08e-43,0.0,0.0,1.3651857e-06,0.0,0.0,0.0
2378,5015.1494,50.195446,0.9447477,46.32934809448665,43.003139170390625,1.0014246,0.0,0.0,0.0,1.0478906e-06,0.0,0.0,0.0
2379,5016.3037,49.24088,0.9244961,45.76303518290818,42.97666341703176,0.42274114,0.0,0.0,0.0,8.030182e-07,0.0,0.0,0.0
2380,5017.46,48.546917,0.92003036,45.516290734239675,42.95016530859917,0.1655096,0.0,0.0,0.0,6.13872e-07,0.0,0.0,0.0
2381,5018.6147,47.6328,0.90929955,45.419416330671815,42.92372316573968,0.060262647,0.0,0.0,0.0,4.685098e-07,0.0,0.0,0.0
2382,5019.772,47.67485,0.9015296,45.385582401911805,42.89724754782024,0.020334085,0.0,0.0,0.0,3.5665468e-07,0.0,0.0,0.0
2383,5020.927,47.58197,0.89861697,45.37524801284225,42.870850142226814,0.0063876794,0.0,0.0,0.0,2.711232e-07,0.0,0.0,0.0
2384,5022.0815,47.78001,0.90302163,45.371701963144815,42.844475045592304,0.0018639818,0.0,0.0,0.0,2.0569631e-07,0.0,0.0,0.0
2385,5023.2397,48.26333,0.9058295,45.3685211743882,42.818044267128165,0.0005032638,0.0,0.0,0.0,1.5562053e-07,0.0,0.0,0.0
2386,5024.395,48.443504,0.9054,45.36339311152239,42.79170265367282,0.00012661956,0.0,0.0,0.0,1.175851e-07,0.0,0.0,0.0
2387,5025.554,47.537785,0.89939195,45.3554530097244,42.76529434188296,2.9442217e-05,0.0,0.0,0.0,8.85852e-08,0.0,0.0,0.0
2388,5026.71,45.33001,0.8678557,45.344430389100204,42.73898618148109,6.3853736e-06,0.0,0.0,0.0,6.666082e-08,0.0,0.0,0.0
2389,5027.869,45.70176,0.8776389,45.33010653684376,42.71262254457959,1.2800425e-06,0.0,0.0,0.0,5.0020727e-08,0.0,0.0,0.0
2390,5029.026,46.09145,0.87449455,45.312453488045186,42.686336697262306,2.390945e-07,0.0,0.0,0.0,3.7482444e-08,0.0,0.0,0.0
2391,5030.183,46.26138,0.88277936,45.291367987138045,42.660061984667834,4.1443762e-08,0.0,0.0,0.0,2.8027795e-08,0.0,0.0,0.0
2392,5031.343,46.446537,0.8876755,45.26675166214152,42.63375412177576,6.6448713e-09,0.0,0.0,0.0,2.0903506e-08,0.0,0.0,0.0
2393,5032.5,45.62948,0.88434535,45.238676739447385,42.607523854614705,9.931124e-10,0.0,0.0,0.0,1.5568695e-08,0.0,0.0,0.0
2394,5033.6606,45.74255,0.8798944,45.20698129983631,42.58123837584462,1.370169e-10,0.0,0.0,0.0,1.1562193e-08,0.0,0.0,0.0
2395,5034.819,44.758087,0.8685986,45.171824029837836,42.55503038873789,1.7624442e-11,0.0,0.0,0.0,8.575003e-09,0.0,0.0,0.0
2396,5035.98,45.23081,0.858404,45.133058823630755,42.528778345484824,2.093504e-12,0.0,0.0,0.0,6.3420758e-09,0.0,0.0,0.0
2397,5037.138,45.64365,0.8767351,45.09091707535876,42.50261469678759,2.3212118e-13,0.0,0.0,0.0,4.6848254e-09,0.0,0.0,0.0
2398,5038.297,44.969254,0.8651552,45.04533673834615,42.47646213734339,2.3873956e-14,0.0,0.0,0.0,3.4532999e-09,0.0,0.0,0.0
2399,5039.4585,45.309555,0.876562,44.99627517989907,42.45026563680274,2.2660982e-15,0.0,0.0,0.0,2.5384677e-09,0.0,0.0,0.0
2400,5040.6177,44.53493,0.86579305,44.9440401990089,42.42414631248662,2.0067089e-16,0.0,0.0,0.0,1.86347e-09,0.0,0.0,0.0
2401,5041.7803,45.630207,0.86308086,44.88845995686873,42.397972141555165,1.6374899e-17,0.0,0.0,0.0,1.3639784e-09,0.0,0.0,0.0
2402,5042.9404,44.341698,0.85419255,44.82992291112257,42.37187504330426,1.2468294e-18,0.0,0.0,0.0,9.970289e-10,0.0,0.0,0.0
2403,5044.1035,42.859932,0.83688575,44.768280336950845,42.34573418792391,8.7532485e-20,0.0,0.0,0.0,7.267645e-10,0.0,0.0,0.0
2404,5045.2637,43.744137,0.8437947,44.70397885347244,42.31968124361409,5.742226e-21,0.0,0.0,0.0,5.2912436e-10,0.0,0.0,0.0
2405,5046.4243,44.312733,0.85193247,44.63698357367585,42.29363936171307,3.49264e-22,0.0,0.0,0.0,3.844087e-10,0.0,0.0,0.0
2406,5047.588,44.060883,0.84853435,44.5672996353255,42.267553836936045,1.9574517e-23,0.0,0.0,0.0,2.784888e-10,0.0,0.0,0.0
2407,5048.749,42.91836,0.8596232,44.49541317426248,42.24154507103365,1.0243479e-24,0.0,0.0,0.0,2.0148636e-10,0.0,0.0,0.0
2408,5049.913,43.439316,0.86891204,44.42116357817806,42.21549274444505,4.93714e-26,0.0,0.0,0.0,1.4536397e-10,0.0,0.0,0.0
2409,5051.075,43.819473,0.88470024,44.34503969338983,42.18950614111531,2.2195095e-27,0.0,0.0,0.0,1.04721315e-10,0.0,0.0,0.0
2410,5052.24,42.58637,0.8652901,44.26690491833544,42.16347607762301,9.1853654e-29,0.0,0.0,0.0,7.522779e-11,0.0,0.0,0.0
2411,5053.4023,41.917454,0.83630246,44.18734194653246,42.13753344428122,3.555851e-30,0.0,0.0,0.0,5.3977416e-11,0.0,0.0,0.0
2412,5054.5645,41.836445,0.82071894,44.10634845063978,42.11161273282769,1.2775141e-31,0.0,0.0,0.0,3.8652224e-11,0.0,0.0,0.0
2413,5055.73,42.820793,0.8391807,44.02387425401803,42.08563777899959,4.216667e-33,0.0,0.0,0.0,2.7595431e-11,0.0,0.0,0.0
2414,5056.893,42.31937,0.8363539,43.94052821044095,42.05973916890211,1.300648e-34,0.0,0.0,0.0,1.9675763e-11,0.0,0.0,0.0
2415,5058.0596,42.350525,0.8439839,43.856084246413275,42.03378643489111,3.6836914e-36,0.0,0.0,0.0,1.39868455e-11,0.0,0.0,0.0
2416,5059.2236,42.939896,0.83374035,43.771158743349,42.00790994210768,9.751693e-38,0.0,0.0,0.0,9.9298365e-12,0.0,0.0,0.0
2417,5060.39,40.57619,0.81411153,43.68558651083888,41.98200112455561,2.376459e-39,0.0,0.0,0.0,7.0303446e-12,0.0,0.0,0.0
2418,5061.554,41.530327,0.81762683,43.59991311625465,41.95616840914213,5.4177e-41,0.0,0.0,0.0,4.9710843e-12,0.0,0.0,0.0
2419,5062.7188,40.62147,0.81351924,43.51410660598085,41.93034670206956,1.146e-42,0.0,0.0,0.0,3.5074155e-12,0.0,0.0,0.0
2420,5063.886,40.948055,0.8215858,43.42816382148692,41.904481942440874,0.0,0.0,0.0,0.0,2.467549e-12,0.0,0.0,0.0
2421,5065.0513,41.4256,0.8195081,43.34265280741786,41.87869311350744,0.0,0.0,0.0,0.0,1.7337485e-12,0.0,0.0,0.0
2422,5066.219,40.67662,0.82253706,43.25734403536983,41.85286131308621,0.0,0.0,0.0,0.0,1.2146275e-12,0.0,0.0,0.0
2423,5067.385,40.93808,0.82189494,43.17278854017165,41.827105323122154,0.0,0.0,0.0,0.0,8.4985887e-13,0.0,0.0,0.0
2424,5068.553,40.751102,0.82333964,43.08874686177802,41.80130644258035,0.0,0.0,0.0,0.0,5.9289997e-13,0.0,0.0,0.0
2425,5069.719,41.276405,0.8103436,43.00574718429544,41.775583252448406,0.0,0.0,0.0,0.0,4.131096e-13,0.0,0.0,0.0
2426,5070.8853,40.743385,0.81838447,42.923745689427854,41.749881801640704,0.0,0.0,0.0,0.0,2.8725834e-13,0.0,0.0,0.0
2427,5072.0547,40.10479,0.79886657,42.84263134731745,41.724126823086294,0.0,0.0,0.0,0.0,1.9912992e-13,0.0,0.0,0.0
2428,5073.2217,39.860283,0.80392355,42.76292588098609,41.69844736440728,0.0,0.0,0.0,0.0,1.3786487e-13,0.0,0.0,0.0
2429,5074.3916,38.93678,0.79371053,42.68437030445744,41.67272522579829,0.0,0.0,0.0,0.0,9.5167465e-14,0.0,0.0,0.0
2430,5075.559,41.18674,0.8141656,42.60742238479116,41.64707848744841,0.0,0.0,0.0,0.0,6.561149e-14,0.0,0.0,0.0
2431,5076.729,39.93828,0.8088513,42.531847996218055,41.62139986227255,0.0,0.0,0.0,0.0,4.510784e-14,0.0,0.0,0.0
2432,5077.897,39.48712,0.8029629,42.45801031537889,41.59578579612609,0.0,0.0,0.0,0.0,3.0968212e-14,0.0,0.0,0.0
2433,5079.066,39.818707,0.796731,42.38579175584058,41.57017198912837,0.0,0.0,0.0,0.0,2.121109e-14,0.0,0.0,0.0
2434,5080.2373,39.01031,0.78991276,42.31516994779092,41.54452641551475,0.0,0.0,0.0,0.0,1.448707e-14,0.0,0.0,0.0
2435,5081.406,38.326447,0.7721032,42.246520652860724,41.51896662959488,0.0,0.0,0.0,0.0,9.884037e-15,0.0,0.0,0.0
2436,5082.577,38.611404,0.8381323,42.17954425196127,41.49336443523839,0.0,0.0,0.0,0.0,6.7233532e-15,0.0,0.0,0.0
2437,5083.747,40.340992,0.85744315,42.11453249274475,41.4678158980487,0.0,0.0,0.0,0.0,4.566287e-15,0.0,0.0,0.0
2438,5084.919,39.62096,0.8020304,42.05132721834371,41.442246367265675,0.0,0.0,0.0,0.0,3.092983e-15,0.0,0.0,0.0
2439,5086.0894,38.422455,0.7877906,41.99013716686294,41.41673041093871,0.0,0.0,0.0,0.0,2.0917873e-15,0.0,0.0,0.0
2440,5087.259,38.937218,0.7870301,41.93094814548139,41.391257293316166,0.0,0.0,0.0,0.0,1.4122728e-15,0.0,0.0,0.0
2441,5088.432,38.856552,0.78378564,41.87353208010072,41.365720712588974,0.0,0.0,0.0,0.0,9.503024e-16,0.0,0.0,0.0
2442,5089.603,38.878105,0.7836855,41.81821030351068,41.34025883647348,0.0,0.0,0.0,0.0,6.3867497e-16,0.0,0.0,0.0
2443,5090.7764,38.53364,0.774969,41.76475391664162,41.31476546206131,0.0,0.0,0.0,0.0,4.2800654e-16,0.0,0.0,0.0
2444,5091.9473,39.11839,0.7834751,41.71338384424517,41.28934665595362,0.0,0.0,0.0,0.0,2.8648205e-16,0.0,0.0,0.0
2445,5093.1216,39.623055,0.78850836,41.663840210045485,41.26387522181383,0.0,0.0,0.0,0.0,1.9113909e-16,0.0,0.0,0.0
2446,5094.2935,38.94614,0.7851518,41.61636478950641,41.23847825576923,0.0,0.0,0.0,0.0,1.273732e-16,0.0,0.0,0.0
2447,5095.4653,38.285316,0.77596295,41.57084184806579,41.213102757146295,0.0,0.0,0.0,0.0,8.470785e-17,0.0,0.0,0.0
2448,5096.6406,38.765762,0.85274035,41.52713497899588,41.18767478488501,0.0,0.0,0.0,0.0,5.615167e-17,0.0,0.0,0.0
2449,5097.813,38.454433,0.84588516,41.48546763559704,41.16233166357403,0.0,0.0,0.0,0.0,3.718427e-17,0.0,0.0,0.0
2450,5098.9883,38.10058,0.77490747,41.44561663194869,41.136946707212665,0.0,0.0,0.0,0.0,2.4548165e-17,0.0,0.0,0.0
2451,5100.1616,38.280476,0.7782117,41.40773482048462,41.111625382542115,0.0,0.0,0.0,0.0,1.6184115e-17,0.0,0.0,0.0
2452,5101.3374,38.591423,0.7739139,41.371665723829544,41.086272843389786,0.0,0.0,0.0,0.0,1.0638853e-17,0.0,0.0,0.0
2453,5102.5107,38.1279,0.77584565,41.33754386944267,41.0609943513343,0.0,0.0,0.0,0.0,6.985332e-18,0.0,0.0,0.0
2454,5103.6846,36.969456,0.7556267,41.3052643998938,41.035726712592165,0.0,0.0,0.0,0.0,4.5763242e-18,0.0,0.0,0.0
2455,5104.862,38.88607,0.7804858,41.27474150631048,41.010406946869864,0.0,0.0,0.0,0.0,2.9882716e-18,0.0,0.0,0.0
2456,5106.036,38.384323,0.76972836,41.24612761644809,40.98517156748264,0.0,0.0,0.0,0.0,1.9493628e-18,0.0,0.0,0.0
2457,5107.2134,37.71031,0.7671578,41.21926728835852,40.95989463678153,0.0,0.0,0.0,0.0,1.2676813e-18,0.0,0.0,0.0
2458,5108.388,38.974518,0.7730512,41.194272796564526,40.93469146912617,0.0,0.0,0.0,0.0,8.234246e-19,0.0,0.0,0.0
2459,5109.5664,37.781006,0.8101316,41.171011528915066,40.90943636650433,0.0,0.0,0.0,0.0,5.330888e-19,0.0,0.0,0.0
2460,5110.7417,37.965668,0.8177139,41.14960073194882,40.88426538072011,0.0,0.0,0.0,0.0,3.4478987e-19,0.0,0.0,0.0
2461,5111.92,39.664593,0.78770816,41.129925592769084,40.85905299984306,0.0,0.0,0.0,0.0,2.2230078e-19,0.0,0.0,0.0
2462,5113.096,38.781357,0.7793881,41.11206306325283,40.83390371309605,0.0,0.0,0.0,0.0,1.4313723e-19,0.0,0.0,0.0
2463,5114.273,38.03491,0.76592934,41.09596657434409,40.80876525917952,0.0,0.0,0.0,0.0,9.1958476e-20,0.0,0.0,0.0
2464,5115.452,39.689545,0.78552973,41.08161058205896,40.783595971053174,0.0,0.0,0.0,0.0,5.8902724e-20,0.0,0.0,0.0
2465,5116.629,39.83012,0.79062074,41.0690496334906,40.75850004647926,0.0,0.0,0.0,0.0,3.7686307e-20,0.0,0.0,0.0
2466,5117.8086,39.112267,0.7733867,41.05822287700139,40.73336293003522,0.0,0.0,0.0,0.0,2.40357e-20,0.0,0.0,0.0
2467,5118.986,38.221542,0.778632,41.04917572955944,40.7082990608678,0.0,0.0,0.0,0.0,1.5312212e-20,0.0,0.0,0.0
2468,5120.1665,38.014694,0.76247066,41.04186024766099,40.68318369488847,0.0,0.0,0.0,0.0,9.721976e-21,0.0,0.0,0.0
2469,5121.344,37.865936,0.7634836,41.036310867674594,40.65815185130382,0.0,0.0,0.0,0.0,6.166877e-21,0.0,0.0,0.0
2470,5122.5225,37.81053,0.77054185,41.032498842812494,40.63313079509826,0.0,0.0,0.0,0.0,3.9029847e-21,0.0,0.0,0.0
2471,5123.7036,38.800835,0.78273463,41.030415102759314,40.60806874922843,0.0,0.0,0.0,0.0,2.4622956e-21,0.0,0.0,0.0
2472,5124.883,37.831642,0.77025086,41.03005960353192,40.58306932218846,0.0,0.0,0.0,0.0,1.5513575e-21,0.0,0.0,0.0
2473,5126.0645,39.45667,0.77983266,41.03141898048642,40.558039338715105,0.0,0.0,0.0,0.0,9.744806e-22,0.0,0.0,0.0
2474,5127.2437,40.07278,0.7905022,41.034471351577444,40.53308220572631,0.0,0.0,0.0,0.0,6.1144026e-22,0.0,0.0,0.0
2475,5128.426,39.15251,0.7801611,41.03921216684535,40.50808423715785,0.0,0.0,0.0,0.0,3.8241066e-22,0.0,0.0,0.0
2476,5129.6055,38.633503,0.76948076,41.04559767040735,40.48315900358683,0.0,0.0,0.0,0.0,2.3890697e-22,0.0,0.0,0.0
2477,5130.7856,38.613274,0.76864284,41.053612139945855,40.458244529491296,0.0,0.0,0.0,0.0,1.4891788e-22,0.0,0.0,0.0
2478,5131.9688,37.531628,0.76748365,41.06324690039451,40.43328934366996,0.0,0.0,0.0,0.0,9.252379e-23,0.0,0.0,0.0
2479,5133.1494,39.476128,0.7782836,41.07442175767675,40.4084067287232,0.0,0.0,0.0,0.0,5.742304e-23,0.0,0.0,0.0
2480,5134.333,39.56507,0.7834159,41.08714545687763,40.38348347863285,0.0,0.0,0.0,0.0,3.5522407e-23,0.0,0.0,0.0
2481,5135.514,38.589718,0.77507025,41.10131263792228,40.35863268434714,0.0,0.0,0.0,0.0,2.1950687e-23,0.0,0.0,0.0
2482,5136.6987,39.003788,0.8114594,41.11694015668983,40.33373107122535,0.0,0.0,0.0,0.0,1.351729e-23,0.0,0.0,0.0
2483,5137.8804,39.09292,0.82154,41.133883743691314,40.30891206781851,0.0,0.0,0.0,0.0,8.316617e-24,0.0,0.0,0.0
2484,5139.062,39.687366,0.7818001,41.152112519462506,40.28411403866569,0.0,0.0,0.0,0.0,5.1062753e-24,0.0,0.0,0.0
2485,5140.247,39.318996,0.8249795,41.17160930124267,40.25926532236083,0.0,0.0,0.0,0.0,3.1242266e-24,0.0,0.0,0.0
2486,5141.4297,39.391403,0.82347,41.19219702325486,40.234488783699504,0.0,0.0,0.0,0.0,1.9095102e-24,0.0,0.0,0.0
2487,5142.615,39.97468,0.79220814,41.21388033094481,40.2096718853958,0.0,0.0,0.0,0.0,1.1632286e-24,0.0,0.0,0.0
2488,5143.7983,39.95424,0.78559214,41.236464802416144,40.184927050264655,0.0,0.0,0.0,0.0,7.078575e-25,0.0,0.0,0.0
2489,5144.985,39.24921,0.77853066,41.25995949830564,40.16013173188718,0.0,0.0,0.0,0.0,4.2923904e-25,0.0,0.0,0.0
2490,5146.168,40.250904,0.79312944,41.284117912227416,40.135428761417174,0.0,0.0,0.0,0.0,2.601203e-25,0.0,0.0,0.0
2491,5147.352,41.2491,0.8208823,41.30891006975062,40.1107262948025,0.0,0.0,0.0,0.0,1.5724161e-25,0.0,0.0,0.0
2492,5148.539,40.919044,0.8140971,41.33425489351224,40.0859836666293,0.0,0.0,0.0,0.0,9.473477e-26,0.0,0.0,0.0
2493,5149.723,40.82009,0.79937357,41.359896483919634,40.061322989962115,0.0,0.0,0.0,0.0,5.7028487e-26,0.0,0.0,0.0
2494,5150.9106,40.778282,0.7896314,41.38583530971749,40.03661205360635,0.0,0.0,0.0,0.0,3.4208195e-26,0.0,0.0,0.0
2495,5152.0957,38.774582,0.78843606,41.41180074701036,40.01197278985704,0.0,0.0,0.0,0.0,2.0498306e-26,0.0,0.0,0.0
2496,5153.2837,42.408104,0.80976427,41.437762294067625,39.987293515457395,0.0,0.0,0.0,0.0,1.2241779e-26,0.0,0.0,0.0
2497,5154.469,43.38528,0.8230438,41.463450289145385,39.962685799971496,0.0,0.0,0.0,0.0,7.3034615e-27,0.0,0.0,0.0
2498,5155.6553,42.40089,0.8125988,41.48877309250031,39.938088759652715,0.0,0.0,0.0,0.0,4.3472102e-27,0.0,0.0,0.0
2499,5156.844,41.293556,0.8055669,41.513620892643615,39.913451830029175,0.0,0.0,0.0,0.0,2.5788418e-27,0.0,0.0,0.0
2500,5158.0303,41.002804,0.8540172,41.53770976962012,39.88889640273017,0.0,0.0,0.0,0.0,1.5286012e-27,0.0,0.0,0.0
2501,5159.2197,41.786037,0.8577629,41.561003899103994,39.86429104757964,0.0,0.0,0.0,0.0,9.028033e-28,0.0,0.0,0.0
2502,5160.4067,41.021244,0.8668984,41.58322347296685,39.83975697649926,0.0,0.0,0.0,0.0,5.3266557e-28,0.0,0.0,0.0
2503,5161.5967,41.44957,0.8811378,41.60430336328159,39.815183165985445,0.0,0.0,0.0,0.0,3.1321204e-28,0.0,0.0,0.0
2504,5162.7837,42.059097,0.89295095,41.6239760482184,39.79069059728304,0.0,0.0,0.0,0.0,1.8402673e-28,0.0,0.0,0.0
2505,5163.9717,41.439144,0.8786755,41.642148694133105,39.766198596095386,0.0,0.0,0.0,0.0,1.0785079e-28,0.0,0.0,0.0
2506,5165.162,40.1968,0.8899638,41.65867756193738,39.74167702978711,0.0,0.0,0.0,0.0,6.300487e-29,0.0,0.0,0.0
2507,5166.351,40.763893,0.85822713,41.67335189109347,39.71720636611483,0.0,0.0,0.0,0.0,3.6754062e-29,0.0,0.0,0.0
2508,5167.5425,42.87896,0.83106214,41.68606601597479,39.692706211821346,0.0,0.0,0.0,0.0,2.1371501e-29,0.0,0.0,0.0
2509,5168.731,41.87313,0.81558096,41.696620170495166,39.668286983391894,0.0,0.0,0.0,0.0,1.2417571e-29,0.0,0.0,0.0
2510,5169.923,40.751602,0.819337,41.70492945986172,39.64381824808498,0.0,0.0,0.0,0.0,7.188603e-30,0.0,0.0,0.0
2511,5171.112,41.08192,0.81497926,41.71081877317042,39.619430309196424,0.0,0.0,0.0,0.0,4.1583807e-30,0.0,0.0,0.0
2512,5172.302,41.507713,0.8128272,41.71419074653848,39.595042968981105,0.0,0.0,0.0,0.0,2.3993529e-30,0.0,0.0,0.0
2513,5173.494,40.591057,0.7815518,41.71492577992179,39.57062627278068,0.0,0.0,0.0,0.0,1.3799366e-30,0.0,0.0,0.0
2514,5174.684,40.25885,0.7902,41.71291712868144,39.5462801848643,0.0,0.0,0.0,0.0,7.9287235e-31,0.0,0.0,0.0
2515,5175.878,41.369865,0.79789585,41.708055678602435,39.5218748486006,0.0,0.0,0.0,0.0,4.5377204e-31,0.0,0.0,0.0
2516,5177.069,40.712772,0.8014116,41.70028543544711,39.49755001140536,0.0,0.0,0.0,0.0,2.59508e-31,0.0,0.0,0.0
2517,5178.2627,40.054356,0.7920945,41.68949790324315,39.47318597163304,0.0,0.0,0.0,0.0,1.4789366e-31,0.0,0.0,0.0
2518,5179.4536,40.925854,0.78981197,41.67568913712798,39.44890228524505,0.0,0.0,0.0,0.0,8.4224206e-32,0.0,0.0,0.0
2519,5180.645,40.166157,0.7822101,41.65878411168882,39.42462917203733,0.0,0.0,0.0,0.0,4.7852406e-32,0.0,0.0,0.0
2520,5181.84,40.326298,0.7797252,41.63869556127054,39.40030702290994,0.0,0.0,0.0,0.0,2.708634e-32,0.0,0.0,0.0
2521,5183.032,41.053555,0.7917173,41.61549984859471,39.37605511592869,0.0,0.0,0.0,0.0,1.5317316e-32,0.0,0.0,0.0
2522,5184.227,40.74684,0.8229163,41.58909787825484,39.35177411726851,0.0,0.0,0.0,0.0,8.633503e-33,0.0,0.0,0.0
2523,5185.42,40.03594,0.85850483,41.55959348915159,39.32755332229673,0.0,0.0,0.0,0.0,4.860502e-33,0.0,0.0,0.0
2524,5186.615,39.395863,0.92264515,41.52689982664805,39.30330349219065,0.0,0.0,0.0,0.0,2.727368e-33,0.0,0.0,0.0
2525,5187.809,37.700413,0.93630576,41.49115503102995,39.279103877846964,0.0,0.0,0.0,0.0,1.5282584e-33,0.0,0.0,0.0
2526,5189.0024,37.62923,0.8918046,41.45238691851618,39.254934611768746,0.0,0.0,0.0,0.0,8.547347e-34,0.0,0.0,0.0
2527,5190.1987,39.8472,0.8893034,41.410537272509934,39.23072651010454,0.0,0.0,0.0,0.0,4.763525e-34,0.0,0.0,0.0
2528,5191.3926,39.647354,0.9239989,41.36586664561806,39.206588252826315,0.0,0.0,0.0,0.0,2.6522925e-34,0.0,0.0,0.0
2529,5192.59,39.13916,0.9419295,41.3182391663264,39.18240137297618,0.0,0.0,0.0,0.0,1.4711749e-34,0.0,0.0,0.0
2530,5193.784,40.72402,0.92919284,41.268002165713426,39.15829409495842,0.0,0.0,0.0,0.0,8.15478e-35,0.0,0.0,0.0
2531,5194.982,40.36228,0.8803516,41.21499627606831,39.13413828389607,0.0,0.0,0.0,0.0,4.503017e-35,0.0,0.0,0.0
2532,5196.177,39.38742,0.8481019,41.159618917868876,39.11006194727256,0.0,0.0,0.0,0.0,2.4848676e-35,0.0,0.0,0.0
2533,5197.375,39.945534,0.832493,41.10170188024733,39.08593716695998,0.0,0.0,0.0,0.0,1.365965e-35,0.0,0.0,0.0
2534,5198.571,39.384495,0.8262256,41.04166163587743,39.061881915571036,0.0,0.0,0.0,0.0,7.502135e-36,0.0,0.0,0.0
2535,5199.767,38.879486,0.8198015,40.979498663496635,39.03783718640771,0.0,0.0,0.0,0.0,4.1105493e-36,0.0,0.0,0.0
2536,5200.966,38.928417,0.7983168,40.91525470234236,39.013763775599806,0.0,0.0,0.0,0.0,2.2446753e-36,0.0,0.0,0.0
2537,5202.162,36.665092,0.77055615,40.849345601189604,38.98975971995639,0.0,0.0,0.0,0.0,1.2246807e-36,0.0,0.0,0.0
2538,5203.3623,38.991196,0.8898432,40.781578918697996,38.96569766640918,0.0,0.0,0.0,0.0,6.6543606e-37,0.0,0.0,0.0
2539,5204.559,40.331047,0.93999666,40.71253075730067,38.941724444739634,0.0,0.0,0.0,0.0,3.6142433e-37,0.0,0.0,0.0
2540,5205.759,38.540905,0.8361817,40.64200168887222,38.91771286765182,0.0,0.0,0.0,0.0,1.9559214e-37,0.0,0.0,0.0
2541,5206.9565,36.629833,0.81689876,40.570444687289,38.89376066533923,0.0,0.0,0.0,0.0,1.057292e-37,0.0,0.0,0.0
2542,5208.1543,37.308483,0.8002522,40.49791324895486,38.86982870858773,0.0,0.0,0.0,0.0,5.703138e-38,0.0,0.0,0.0
2543,5209.3555,38.57842,0.7952252,40.42436489454804,38.845848768869025,0.0,0.0,0.0,0.0,3.0643413e-38,0.0,0.0,0.0
2544,5210.554,37.901245,0.79090613,40.35032346363475,38.82193782444408,0.0,0.0,0.0,0.0,1.6450597e-38,0.0,0.0,0.0
2545,5211.7554,38.351574,0.7836236,40.27565231758134,38.7979984565355,0.0,0.0,0.0,0.0,8.801369e-39,0.0,0.0,0.0
2546,5212.9546,37.975147,0.8012148,40.20078533300389,38.77411823877324,0.0,0.0,0.0,0.0,4.703575e-39,0.0,0.0,0.0
2547,5214.1567,37.90658,0.8198579,40.12557521272323,38.75019994187972,0.0,0.0,0.0,0.0,2.504443e-39,0.0,0.0,0.0
2548,5215.3564,38.943615,0.8347832,40.05051052031627,38.72635042128673,0.0,0.0,0.0,0.0,1.332392e-39,0.0,0.0,0.0
2549,5216.5566,38.173397,0.8170104,39.97555547470012,38.70251136535564,0.0,0.0,0.0,0.0,7.07088e-40,0.0,0.0,0.0
2550,5217.7593,38.818176,0.8027203,39.90073034237894,38.678644031992285,0.0,0.0,0.0,0.0,3.74029e-40,0.0,0.0,0.0
2551,5218.96,38.23511,0.7777867,39.82644407296782,38.65483562493925,0.0,0.0,0.0,0.0,1.97622e-40,0.0,0.0,0.0
2552,5220.1636,37.83513,0.77657485,39.75252343465086,38.63098932553526,0.0,0.0,0.0,0.0,1.04e-40,0.0,0.0,0.0
2553,5221.3643,37.792385,0.77195084,39.679448677587175,38.60722119955983,0.0,0.0,0.0,0.0,5.4729e-41,0.0,0.0,0.0
2554,5222.568,37.546738,0.7929667,39.60697647530333,38.58341523606077,0.0,0.0,0.0,0.0,2.867e-41,0.0,0.0,0.0
2555,5223.7695,37.7696,0.81098735,39.535506257787205,38.55966801382587,0.0,0.0,0.0,0.0,1.4988e-41,0.0,0.0,0.0
2556,5224.971,37.816956,0.8145253,39.46501616523382,38.53594086454031,0.0,0.0,0.0,0.0,7.84e-42,0.0,0.0,0.0
2557,5226.1763,36.520058,0.7762569,39.395397645627426,38.512166363393234,0.0,0.0,0.0,0.0,4.074e-42,0.0,0.0,0.0
2558,5227.3784,37.084103,0.7575819,39.32709760620833,38.48846973135711,0.0,0.0,0.0,0.0,2.152e-42,0.0,0.0,0.0
2559,5228.584,38.273605,0.76260066,39.259827179197224,38.464725834611805,0.0,0.0,0.0,0.0,1.076e-42,0.0,0.0,0.0
2560,5229.7866,37.873795,0.7830432,39.194002959635455,38.441059682276446,0.0,0.0,0.0,0.0,5.38e-43,0.0,0.0,0.0
2561,5230.9927,37.908024,0.8251836,39.12933223831383,38.417346352216875,0.0,0.0,0.0,0.0,3.07e-43,0.0,0.0,0.0
2562,5232.1963,38.836964,0.8494611,39.06617621287797,38.39370105370973,0.0,0.0,0.0,0.0,1.54e-43,0.0,0.0,0.0
2563,5233.4,37.526955,0.83078593,39.004439572331144,38.370075742241575,0.0,0.0,0.0,0.0,7.7e-44,0.0,0.0,0.0
2564,5234.6064,37.504475,0.7798895,38.944006092116986,38.3464129634358,0.0,0.0,0.0,0.0,7.7e-44,0.0,0.0,0.0
2565,5235.8105,38.147118,0.75979173,38.88516760396204,38.32281804608545,0.0,0.0,0.0,0.0,0.0,0.0,0.0,0.0
2566,5237.018,37.485874,0.7567655,38.82765354655328,38.299176175814296,0.0,0.0,0.0,0.0,0.0,0.0,0.0,0.0
2567,5238.223,37.49399,0.75448585,38.77175218154235,38.27560207535071,0.0,0.0,0.0,0.0,0.0,0.0,0.0,0.0
2568,5239.431,37.84549,0.74838984,38.7172156158311,38.25199066432544,0.0,0.0,0.0,0.0,0.0,0.0,0.0,0.0
2569,5240.636,38.353386,0.75603926,38.664302954662254,38.22845644711297,0.0,0.0,0.0,0.0,0.0,0.0,0.0,0.0
2570,5241.842,38.526073,0.77194375,38.61284782608752,38.20493259152178,0.0,0.0,0.0,0.0,0.0,0.0,0.0,0.0
2571,5243.0503,37.86484,0.779957,38.56273571886923,38.1813715223303,0.0,0.0,0.0,0.0,0.0,0.0,0.0,0.0
2572,5244.2563,37.524292,0.8077864,38.51416834609392,38.15787794606569,0.0,0.0,0.0,0.0,0.0,0.0,0.0,0.0
2573,5245.466,39.12556,0.80610144,38.46688506340151,38.134337726584725,0.0,0.0,0.0,0.0,0.0,0.0,0.0,0.0
2574,5246.673,37.184235,0.7622611,38.42108634249351,38.11086490885398,0.0,0.0,0.0,0.0,0.0,0.0,0.0,0.0
2575,5247.8823,37.721046,0.7510826,38.37655272285131,38.08736451665548,0.0,0.0,0.0,0.0,0.0,0.0,0.0,0.0
2576,5249.09,37.49718,0.7720173,38.333409725841584,38.063921927627625,0.0,0.0,0.0,0.0,0.0,0.0,0.0,0.0
2577,5250.298,36.961678,0.80538416,38.29152761270705,38.040489687225254,0.0,0.0,0.0,0.0,0.0,0.0,0.0,0.0
2578,5251.5083,38.33414,0.84696424,38.25080094206484,38.017029960633835,0.0,0.0,0.0,0.0,0.0,0.0,0.0,0.0
2579,5252.7163,39.34476,0.85068816,38.21134956897648,37.993637360347826,0.0,0.0,0.0,0.0,0.0,0.0,0.0,0.0
2580,5253.9277,38.698357,0.8074227,38.17293746951722,37.970198424493304,0.0,0.0,0.0,0.0,0.0,0.0,0.0,0.0
2581,5255.136,37.88121,0.7617481,38.13571945793629,37.94683595962525,0.0,0.0,0.0,0.0,0.0,0.0,0.0,0.0
2582,5256.348,37.62381,0.75286984,38.09945233703705,37.923427244435274,0.0,0.0,0.0,0.0,0.0,0.0,0.0,0.0
2583,5257.557,38.359367,0.7596632,38.06427801751853,37.90009487771751,0.0,0.0,0.0,0.0,0.0,0.0,0.0,0.0
2584,5258.7666,39.053196,0.76115805,38.03004507076255,37.8767728145074,0.0,0.0,0.0,0.0,0.0,0.0,0.0,0.0
2585,5259.979,37.83851,0.75207466,37.996639262787234,37.85341403996123,0.0,0.0,0.0,0.0,0.0,0.0,0.0,0.0
2586,5261.1895,38.61501,0.7517849,37.964147414173596,37.83011263152551,0.0,0.0,0.0,0.0,0.0,0.0,0.0,0.0
2587,5262.403,38.327602,0.75422287,37.93239096822302,37.806774596591396,0.0,0.0,0.0,0.0,0.0,0.0,0.0,0.0
2588,5263.6133,37.969685,0.7465702,37.90147555422477,37.7835126126974,0.0,0.0,0.0,0.0,0.0,0.0,0.0,0.0
2589,5264.827,38.018818,0.7558553,37.87119249576646,37.7602046834858,0.0,0.0,0.0,0.0,0.0,0.0,0.0,0.0
2590,5266.0386,37.892326,0.7622089,37.841642978683076,37.736963319674096,0.0,0.0,0.0,0.0,0.0,0.0,0.0,0.0
2591,5267.2495,37.658466,0.85722435,37.81273229353173,37.71375095777257,0.0,0.0,0.0,0.0,0.0,0.0,0.0,0.0
2592,5268.464,37.983406,0.83722115,37.78432602209106,37.69049276930347,0.0,0.0,0.0,0.0,0.0,0.0,0.0,0.0
2593,5269.6763,38.141228,0.7609465,37.75650876606042,37.667291639690944,0.0,0.0,0.0,0.0,0.0,0.0,0.0,0.0
2594,5270.891,38.669674,0.75236106,37.729139408349624,37.64406346368753,0.0,0.0,0.0,0.0,0.0,0.0,0.0,0.0
2595,5272.104,38.59084,0.8020081,37.702278167276475,37.62089225676546,0.0,0.0,0.0,0.0,0.0,0.0,0.0,0.0
2596,5273.3193,37.471024,0.8081601,37.67579053513435,37.59769405595687,0.0,0.0,0.0,0.0,0.0,0.0,0.0,0.0
2597,5274.5327,37.4556,0.8031819,37.64973671476389,37.57455273459698,0.0,0.0,0.0,0.0,0.0,0.0,0.0,0.0
2598,5275.746,38.095276,0.81327605,37.62403980324394,37.55143097469932,0.0,0.0,0.0,0.0,0.0,0.0,0.0,0.0
2599,5276.963,38.414562,0.84826875,37.59859635251008,37.528263706140145,0.0,0.0,0.0,0.0,0.0,0.0,0.0,0.0
2600,5278.177,38.634544,0.7529522,37.573508575939314,37.50517177619852,0.0,0.0,0.0,0.0,0.0,0.0,0.0,0.0
2601,5279.394,38.012856,0.7486235,37.54861629638373,37.4820344212979,0.0,0.0,0.0,0.0,0.0,0.0,0.0,0.0
2602,5280.6084,37.165955,0.73971623,37.52402211135898,37.458972284260135,0.0,0.0,0.0,0.0,0.0,0.0,0.0,0.0
2603,5281.826,38.632935,0.76052153,37.49957179986164,37.43586480580494,0.0,0.0,0.0,0.0,0.0,0.0,0.0,0.0
2604,5283.041,37.920635,0.7467908,37.47536884309291,37.41283242465495,0.0,0.0,0.0,0.0,0.0,0.0,0.0,0.0
2605,5284.2563,38.84092,0.7554304,37.45132209255878,37.38981025933806,0.0,0.0,0.0,0.0,0.0,0.0,0.0,0.0
2606,5285.475,38.55927,0.7611179,37.42735340326417,37.36674288540471,0.0,0.0,0.0,0.0,0.0,0.0,0.0,0.0
2607,5286.691,37.673027,0.7379673,37.403568283054675,37.34375043619021,0.0,0.0,0.0,0.0,0.0,0.0,0.0,0.0
2608,5287.91,38.285824,0.74890995,37.37982460193977,37.320712861499636,0.0,0.0,0.0,0.0,0.0,0.0,0.0,0.0
2609,5289.1265,38.382446,0.7481623,37.356229515986385,37.297750091420355,0.0,0.0,0.0,0.0,0.0,0.0,0.0,0.0
2610,5290.346,36.953293,0.73280627,37.332644771428264,37.274742278845466,0.0,0.0,0.0,0.0,0.0,0.0,0.0,0.0
2611,5291.5635,36.7085,0.72803086,37.30916994802367,37.25179995216143,0.0,0.0,0.0,0.0,0.0,0.0,0.0,0.0
2612,5292.7837,38.01888,0.75236154,37.285688898197684,37.228821872405085,0.0,0.0,0.0,0.0,0.0,0.0,0.0,0.0
2613,5294.0015,37.78804,0.78571534,37.262293715454085,37.20590917435978,0.0,0.0,0.0,0.0,0.0,0.0,0.0,0.0
2614,5295.219,35.821945,0.7434799,37.23892723888144,37.18301584318265,0.0,0.0,0.0,0.0,0.0,0.0,0.0,0.0
2615,5296.44,37.29379,0.7350349,37.21552433089873,37.160086851730554,0.0,0.0,0.0,0.0,0.0,0.0,0.0,0.0
2616,5297.6587,36.511917,0.73675656,37.19217065258258,37.13721391840213,0.0,0.0,0.0,0.0,0.0,0.0,0.0,0.0
2617,5298.88,37.01129,0.74370503,37.168775043957616,37.114314559423114,0.0,0.0,0.0,0.0,0.0,0.0,0.0,0.0
2618,5300.099,36.793613,0.7432631,37.14541569469417,37.09147117031659,0.0,0.0,0.0,0.0,0.0,0.0,0.0,0.0
2619,5301.3213,36.603477,0.7262367,37.12199395636514,37.068592270113975,0.0,0.0,0.0,0.0,0.0,0.0,0.0,0.0
2620,5302.5405,37.433784,0.7252045,37.09861788594279,37.04578752511296,0.0,0.0,0.0,0.0,0.0,0.0,0.0,0.0
2621,5303.7607,36.708645,0.7379169,37.07520916033845,37.022983805279544,0.0,0.0,0.0,0.0,0.0,0.0,0.0,0.0
2622,5304.984,38.452312,0.75719994,37.051727554810476,37.00014468194289,0.0,0.0,0.0,0.0,0.0,0.0,0.0,0.0
2623,5306.2046,37.02622,0.7237463,37.02827417873265,36.97737043746235,0.0,0.0,0.0,0.0,0.0,0.0,0.0,0.0
2624,5307.4277,37.42724,0.74415046,37.004753876099,36.95456995404662,0.0,0.0,0.0,0.0,0.0,0.0,0.0,0.0
2625,5308.649,38.45407,0.7374838,36.98125038847107,36.93182514041442,0.0,0.0,0.0,0.0,0.0,0.0,0.0,0.0
2626,5309.873,37.520264,0.73705786,36.95766953056451,36.909045056009255,0.0,0.0,0.0,0.0,0.0,0.0,0.0,0.0
2627,5311.0947,39.332695,0.7545338,36.9341150641242,36.88632964415345,0.0,0.0,0.0,0.0,0.0,0.0,0.0,0.0
2628,5312.316,39.270535,0.751693,36.91055018509917,36.86364249940209,0.0,0.0,0.0,0.0,0.0,0.0,0.0,0.0
2629,5313.5415,38.42503,0.7431543,36.886881779021174,36.840892980879694,0.0,0.0,0.0,0.0,0.0,0.0,0.0,0.0
2630,5314.7637,37.616,0.72898287,36.86326225606,36.81822610778009,0.0,0.0,0.0,0.0,0.0,0.0,0.0,0.0
2631,5315.9893,37.636547,0.73200226,36.83956140821593,36.795515077018905,0.0,0.0,0.0,0.0,0.0,0.0,0.0,0.0
2632,5317.212,38.2805,0.7473002,36.81590416965707,36.77287750629409,0.0,0.0,0.0,0.0,0.0,0.0,0.0,0.0
2633,5318.4385,37.90828,0.7487326,36.79216070023234,36.750186829984735,0.0,0.0,0.0,0.0,0.0,0.0,0.0,0.0
2634,5319.6616,37.737812,0.74577403,36.76847541027462,36.72757853262817,0.0,0.0,0.0,0.0,0.0,0.0,0.0,0.0
2635,5320.8857,36.423153,0.7244349,36.74476607057696,36.70497130888944,0.0,0.0,0.0,0.0,0.0,0.0,0.0,0.0
2636,5322.113,36.78619,0.74167883,36.72099777678146,36.682329159175296,0.0,0.0,0.0,0.0,0.0,0.0,0.0,0.0
2637,5323.3374,38.624687,0.75061965,36.69727765781836,36.659751184415384,0.0,0.0,0.0,0.0,0.0,0.0,0.0,0.0
2638,5324.5654,38.511787,0.76107115,36.67349536647215,36.63712935825005,0.0,0.0,0.0,0.0,0.0,0.0,0.0,0.0
2639,5325.79,35.399292,0.7467422,36.649786475973116,36.61458958678125,0.0,0.0,0.0,0.0,0.0,0.0,0.0,0.0
2640,5327.018,37.03882,0.77148527,36.626021871080994,36.5920060292989,0.0,0.0,0.0,0.0,0.0,0.0,0.0,0.0
2641,5328.2437,37.99424,0.7560094,36.602318133823694,36.56948644261819,0.0,0.0,0.0,0.0,0.0,0.0,0.0,0.0
2642,5329.469,38.37044,0.7551602,36.578631168911,36.5469858895333,0.0,0.0,0.0,0.0,0.0,0.0,0.0,0.0
2643,5330.698,38.001087,0.80334765,36.554898098665106,36.524441678630936,0.0,0.0,0.0,0.0,0.0,0.0,0.0,0.0
2644,5331.925,36.765022,0.774966,36.531235112671226,36.50196129349288,0.0,0.0,0.0,0.0,0.0,0.0,0.0,0.0
2645,5333.154,36.850983,0.76745576,36.50755095124673,36.47945522159766,0.0,0.0,0.0,0.0,0.0,0.0,0.0,0.0
2646,5334.381,36.305923,0.7718198,36.4839331207014,36.457003928456395,0.0,0.0,0.0,0.0,0.0,0.0,0.0,0.0
2647,5335.611,36.522266,0.7542552,36.46029036409254,36.434518075650885,0.0,0.0,0.0,0.0,0.0,0.0,0.0,0.0
2648,5336.839,36.353767,0.7234933,36.43671912539857,36.41208693038779,0.0,0.0,0.0,0.0,0.0,0.0,0.0,0.0
2649,5338.0664,35.619194,0.75625783,36.41319355606691,36.38968365877525,0.0,0.0,0.0,0.0,0.0,0.0,0.0,0.0
2650,5339.2974,35.554718,0.7594668,36.38964115873827,36.36723701701416,0.0,0.0,0.0,0.0,0.0,0.0,0.0,0.0
2651,5340.5254,36.502605,0.7565616,36.36618545854401,36.3448627462418,0.0,0.0,0.0,0.0,0.0,0.0,0.0,0.0
2652,5341.757,35.46348,0.7544013,36.342707113449165,36.322445185010025,0.0,0.0,0.0,0.0,0.0,0.0,0.0,0.0
2653,5342.986,35.45495,0.7168395,36.31931959365678,36.30009100114179,0.0,0.0,0.0,0.0,0.0,0.0,0.0,0.0
2654,5344.2183,36.161785,0.7135704,36.29591296012375,36.27769362139377,0.0,0.0,0.0,0.0,0.0,0.0,0.0,0.0
2655,5345.4473,35.753323,0.7130614,36.27261837844076,36.25537725810232,0.0,0.0,0.0,0.0,0.0,0.0,0.0,0.0
2656,5346.6772,34.6995,0.7074946,36.24935356541454,36.23306203833698,0.0,0.0,0.0,0.0,0.0,0.0,0.0,0.0
2657,5347.91,36.06918,0.7116971,36.22608277098047,36.21071259666937,0.0,0.0,0.0,0.0,0.0,0.0,0.0,0.0
2658,5349.14,35.63437,0.7182949,36.20291739049375,36.18843512794942,0.0,0.0,0.0,0.0,0.0,0.0,0.0,0.0
2659,5350.3735,35.868782,0.7163677,36.17973852115731,36.16611465397339,0.0,0.0,0.0,0.0,0.0,0.0,0.0,0.0
2660,5351.605,36.143612,0.72123,36.15664764658355,36.14384838730835,0.0,0.0,0.0,0.0,0.0,0.0,0.0,0.0
2661,5352.839,36.401554,0.7281805,36.133562693412735,36.12155685950382,0.0,0.0,0.0,0.0,0.0,0.0,0.0,0.0
2662,5354.0703,36.532593,0.73324704,36.110575151655205,36.099328263688214,0.0,0.0,0.0,0.0,0.0,0.0,0.0,0.0
2663,5355.302,35.121284,0.7114494,36.08763929621063,36.077118454284296,0.0,0.0,0.0,0.0,0.0,0.0,0.0,0.0
2664,5356.5366,35.47055,0.7087377,36.06469153680614,36.05486584429404,0.0,0.0,0.0,0.0,0.0,0.0,0.0,0.0
2665,5357.769,35.215187,0.7165559,36.04184055804536,36.032676023536176,0.0,0.0,0.0,0.0,0.0,0.0,0.0,0.0
2666,5359.0044,35.09288,0.71322864,36.018986415093266,36.010452276071035,0.0,0.0,0.0,0.0,0.0,0.0,0.0,0.0
2667,5360.2373,35.448383,0.7159074,35.99622801120849,35.988291217829,0.0,0.0,0.0,0.0,0.0,0.0,0.0,0.0
2668,5361.473,35.595974,0.70410925,35.973465635947626,35.96609629648153,0.0,0.0,0.0,0.0,0.0,0.0,0.0,0.0
2669,5362.7065,35.340145,0.7175155,35.95079756997852,35.943963964510246,0.0,0.0,0.0,0.0,0.0,0.0,0.0,0.0
2670,5363.9404,35.12989,0.7018259,35.92816908695291,35.92184158638607,0.0,0.0,0.0,0.0,0.0,0.0,0.0,0.0
2671,5365.178,34.43671,0.7004332,35.90551693093718,35.89966796113865,0.0,0.0,0.0,0.0,0.0,0.0,0.0,0.0
2672,5366.412,34.42541,0.69576234,35.88298318407665,35.87758302048947,0.0,0.0,0.0,0.0,0.0,0.0,0.0,0.0
2673,5367.6494,35.09328,0.69805735,35.86043311701493,35.85545563930051,0.0,0.0,0.0,0.0,0.0,0.0,0.0,0.0
2674,5368.8843,35.40462,0.70858324,35.83797258450602,35.833390605961426,0.0,0.0,0.0,0.0,0.0,0.0,0.0,0.0
2675,5370.1226,35.106518,0.69921255,35.815494048015985,35.81128322480044,0.0,0.0,0.0,0.0,0.0,0.0,0.0,0.0
2676,5371.358,35.04082,0.6976066,35.79311171463955,35.78924681326639,0.0,0.0,0.0,0.0,0.0,0.0,0.0,0.0
2677,5372.594,34.60748,0.69774616,35.77075364571569,35.7672116266614,0.0,0.0,0.0,0.0,0.0,0.0,0.0,0.0
2678,5373.833,34.78632,0.70563793,35.74839245097944,35.745151614195194,0.0,0.0,0.0,0.0,0.0,0.0,0.0,0.0
2679,5375.0693,35.34001,0.71069705,35.72611518969925,35.72315370894203,0.0,0.0,0.0,0.0,0.0,0.0,0.0,0.0
2680,5376.3086,35.108723,0.70786804,35.703824024735475,35.70112233431497,0.0,0.0,0.0,0.0,0.0,0.0,0.0,0.0
2681,5377.545,34.475594,0.6986176,35.681623284928634,35.67916163754663,0.0,0.0,0.0,0.0,0.0,0.0,0.0,0.0
2682,5378.7856,36.141636,0.71456695,35.65938045427958,35.65714153269129,0.0,0.0,0.0,0.0,0.0,0.0,0.0,0.0
2683,5380.0225,35.106426,0.6972268,35.637243325470656,35.635209331403196,0.0,0.0,0.0,0.0,0.0,0.0,0.0,0.0
2684,5381.2603,35.18848,0.69987845,35.615123360411324,35.61327836184582,0.0,0.0,0.0,0.0,0.0,0.0,0.0,0.0
2685,5382.5015,35.970306,0.7083805,35.59297611638854,35.591305446507846,0.0,0.0,0.0,0.0,0.0,0.0,0.0,0.0
2686,5383.7393,34.825382,0.69855094,35.57092260476674,35.56941158068839,0.0,0.0,0.0,0.0,0.0,0.0,0.0,0.0
2687,5384.981,34.592495,0.694921,35.54883140888509,35.547467205831566,0.0,0.0,0.0,0.0,0.0,0.0,0.0,0.0
2688,5386.2197,34.42098,0.7015823,35.52682328282527,35.52559313445955,0.0,0.0,0.0,0.0,0.0,0.0,0.0,0.0
2689,5387.4614,35.350964,0.7158761,35.50479325558036,35.5036858823055,0.0,0.0,0.0,0.0,0.0,0.0,0.0,0.0
2690,5388.701,35.599052,0.7050754,35.4828271592575,35.48183159859189,0.0,0.0,0.0,0.0,0.0,0.0,0.0,0.0
2691,5389.944,34.84957,0.7058632,35.46083771217276,35.45994421084073,0.0,0.0,0.0,0.0,0.0,0.0,0.0,0.0
2692,5391.1836,34.51504,0.70233047,35.43892783786906,35.43812690097876,0.0,0.0,0.0,0.0,0.0,0.0,0.0,0.0
2693,5392.424,35.086773,0.7020192,35.417036326508075,35.416319444448725,0.0,0.0,0.0,0.0,0.0,0.0,0.0,0.0
2694,5393.6675,34.622692,0.7060677,35.39511090580596,35.39447039487528,0.0,0.0,0.0,0.0,0.0,0.0,0.0,0.0
2695,5394.908,35.484356,0.6944017,35.37326285118864,35.372691261795566,0.0,0.0,0.0,0.0,0.0,0.0,0.0,0.0
2696,5396.1523,35.170815,0.71157044,35.35137978699509,35.350870612047,0.0,0.0,0.0,0.0,0.0,0.0,0.0,0.0
2697,5397.3936,34.535236,0.7011663,35.3295728008986,35.329119766511866,0.0,0.0,0.0,0.0,0.0,0.0,0.0,0.0
2698,5398.638,35.330734,0.71397096,35.30772984166055,35.3073274805351,0.0,0.0,0.0,0.0,0.0,0.0,0.0,0.0
2699,5399.88,34.652718,0.71433824,35.28596181838115,35.285604886676126,0.0,0.0,0.0,0.0,0.0,0.0,0.0,0.0
2700,5401.122,34.36502,0.7102709,35.26420826818124,35.263892116123166,0.0,0.0,0.0,0.0,0.0,0.0,0.0,0.0
2701,5402.3677,34.484386,0.7119141,35.242417551881324,35.2421380263827,0.0,0.0,0.0,0.0,0.0,0.0,0.0,0.0
2702,5403.611,34.7436,0.70659316,35.22069178975648,35.22044495138102,0.0,0.0,0.0,0.0,0.0,0.0,0.0,0.0
2703,5404.8564,34.95274,0.7063776,35.198945265851975,35.1987276667562,0.0,0.0,0.0,0.0,0.0,0.0,0.0,0.0
2704,5406.1,34.697258,0.69822294,35.17725436162653,35.17706278275217,0.0,0.0,0.0,0.0,0.0,0.0,0.0,0.0
2705,5407.3467,33.95362,0.6977374,35.15553361144711,35.15536524078206,0.0,0.0,0.0,0.0,0.0,0.0,0.0,0.0
2706,5408.591,35.78861,0.7099593,35.13387631232145,35.13372851915592,0.0,0.0,0.0,0.0,0.0,0.0,0.0,0.0
2707,5409.835,34.959377,0.70095515,35.112239625554814,35.11211008600616,0.0,0.0,0.0,0.0,0.0,0.0,0.0,0.0
2708,5411.0825,34.246822,0.69792664,35.09056393721019,35.09045060570841,0.0,0.0,0.0,0.0,0.0,0.0,0.0,0.0
2709,5412.3276,34.523594,0.6937617,35.06895083853318,35.0688518075914,0.0,0.0,0.0,0.0,0.0,0.0,0.0,0.0
2710,5413.5757,34.41566,0.7031815,35.04730689073125,35.04722051138464,0.0,0.0,0.0,0.0,0.0,0.0,0.0,0.0
2711,5414.821,35.09708,0.71182543,35.025733509734856,35.02565825280268,0.0,0.0,0.0,0.0,0.0,0.0,0.0,0.0
2712,5416.0693,35.820744,0.7331442,35.0041205424006,35.004055097635685,0.0,0.0,0.0,0.0,0.0,0.0,0.0,0.0
2713,5417.3154,35.76732,0.8162053,34.982569274583135,34.9825124312916,0.0,0.0,0.0,0.0,0.0,0.0,0.0,0.0
2714,5418.5615,34.55839,0.7255874,34.961037272512634,34.960987973137684,0.0,0.0,0.0,0.0,0.0,0.0,0.0,0.0
2715,5419.811,33.638504,0.71504563,34.93946541457567,34.93942273804655,0.0,0.0,0.0,0.0,0.0,0.0,0.0,0.0
2716,5421.058,34.544224,0.71208304,34.91795475338464,34.917917854347856,0.0,0.0,0.0,0.0,0.0,0.0,0.0,0.0
2717,5422.3076,35.559673,0.7284107,34.89642094887911,34.896389101594266,0.0,0.0,0.0,0.0,0.0,0.0,0.0,0.0
2718,5423.5557,32.70014,0.7073582,34.87493123631787,34.87490378519936,0.0,0.0,0.0,0.0,0.0,0.0,0.0,0.0
2719,5424.806,34.365326,0.71460116,34.85341827993014,34.853394660205396,0.0,0.0,0.0,0.0,0.0,0.0,0.0,0.0
2720,5426.054,35.234436,0.7261349,34.83196599314335,34.83194569425661,0.0,0.0,0.0,0.0,0.0,0.0,0.0,0.0
2721,5427.3022,33.989704,0.70432794,34.81053227554746,34.81051485647383,0.0,0.0,0.0,0.0,0.0,0.0,0.0,0.0
2722,5428.5537,33.722115,0.72668,34.78905842947061,34.78904351015954,0.0,0.0,0.0,0.0,0.0,0.0,0.0,0.0
2723,5429.8027,33.09702,0.7253621,34.767644949343165,34.767632186189374,0.0,0.0,0.0,0.0,0.0,0.0,0.0,0.0
2724,5431.0547,34.18886,0.7236632,34.74619970024323,34.74618880191101,0.0,0.0,0.0,0.0,0.0,0.0,0.0,0.0
2725,5432.304,33.839546,0.71884584,34.72481463923103,34.72480534423883,0.0,0.0,0.0,0.0,0.0,0.0,0.0,0.0
2726,5433.557,32.966194,0.7738837,34.703389452995445,34.70338154072714,0.0,0.0,0.0,0.0,0.0,0.0,0.0,0.0
2727,5434.8066,33.74509,0.7086127,34.68204098753117,34.682034259375854,0.0,0.0,0.0,0.0,0.0,0.0,0.0,0.0
2728,5436.057,35.291344,0.7258627,34.660694061419335,34.660688349400615,0.0,0.0,0.0,0.0,0.0,0.0,0.0,0.0
2729,5437.3105,33.55316,0.7086896,34.63931537626222,34.63931053602009,0.0,0.0,0.0,0.0,0.0,0.0,0.0,0.0
2730,5438.5615,33.987263,0.6985085,34.6179965143869,34.61799241766761,0.0,0.0,0.0,0.0,0.0,0.0,0.0,0.0
2731,5439.8154,33.728092,0.6982485,34.596645916522135,34.59664245564787,0.0,0.0,0.0,0.0,0.0,0.0,0.0,0.0
2732,5441.067,33.676445,0.7049047,34.57535501373835,34.57535209342999,0.0,0.0,0.0,0.0,0.0,0.0,0.0,0.0
2733,5442.322,33.719173,0.7090039,34.55402411024721,34.55402165089805,0.0,0.0,0.0,0.0,0.0,0.0,0.0,0.0
2734,5443.5737,33.396004,0.71018755,34.53276108525711,34.5327590163763,0.0,0.0,0.0,0.0,0.0,0.0,0.0,0.0
2735,5444.826,34.44764,0.70923513,34.51150780621103,34.511506068518855,0.0,0.0,0.0,0.0,0.0,0.0,0.0,0.0
2736,5446.0815,33.210625,0.69610506,34.490222889561764,34.49022143282467,0.0,0.0,0.0,0.0,0.0,0.0,0.0,0.0
2737,5447.3345,34.242466,0.6983939,34.46899738636519,34.468996166566924,0.0,0.0,0.0,0.0,0.0,0.0,0.0,0.0
2738,5448.591,34.232033,0.7092065,34.44773202993489,34.44773101056504,0.0,0.0,0.0,0.0,0.0,0.0,0.0,0.0
2739,5449.844,32.835323,0.67857647,34.426534248451645,34.42653339749634,0.0,0.0,0.0,0.0,0.0,0.0,0.0,0.0
2740,5451.1006,32.691677,0.6728549,34.4053049241289,34.405304215130144,0.0,0.0,0.0,0.0,0.0,0.0,0.0,0.0
2741,5452.3545,32.89552,0.66768426,34.384134802947216,34.38413421290042,0.0,0.0,0.0,0.0,0.0,0.0,0.0,0.0
2742,5453.609,33.185642,0.6828377,34.36297435731296,34.36297386703216,0.0,0.0,0.0,0.0,0.0,0.0,0.0,0.0
2743,5454.8667,34.218697,0.68289703,34.341774227627376,34.34177382106218,0.0,0.0,0.0,0.0,0.0,0.0,0.0,0.0
2744,5456.1216,34.019676,0.68462414,34.32064139075771,34.320641053972956,0.0,0.0,0.0,0.0,0.0,0.0,0.0,0.0
2745,5457.3794,33.320415,0.6822367,34.29947715048641,34.29947687204793,0.0,0.0,0.0,0.0,0.0,0.0,0.0,0.0
2746,5458.6353,33.900993,0.6992663,34.278363665910234,34.27836343598803,0.0,0.0,0.0,0.0,0.0,0.0,0.0,0.0
2747,5459.894,33.980778,0.6912399,34.257218847278814,34.25721865779007,0.0,0.0,0.0,0.0,0.0,0.0,0.0,0.0
2748,5461.15,33.207573,0.68046105,34.236141098331395,34.23614094233023,0.0,0.0,0.0,0.0,0.0,0.0,0.0,0.0
2749,5462.4062,33.343674,0.680438,34.21507298112693,34.21507285289818,0.0,0.0,0.0,0.0,0.0,0.0,0.0,0.0
2750,5463.666,33.330128,0.6860578,34.19396542976687,34.19396532458161,0.0,0.0,0.0,0.0,0.0,0.0,0.0,0.0
2751,5464.9233,33.744453,0.6958938,34.17291661969348,34.17291653350747,0.0,0.0,0.0,0.0,0.0,0.0,0.0,0.0
2752,5466.183,34.82719,0.7093756,34.15184478804498,34.1518447175605,0.0,0.0,0.0,0.0,0.0,0.0,0.0,0.0
2753,5467.441,33.420067,0.74857265,34.13082343184758,34.13082337427306,0.0,0.0,0.0,0.0,0.0,0.0,0.0,0.0
2754,5468.701,33.617393,0.78638816,34.10977909761441,34.10977905067479,0.0,0.0,0.0,0.0,0.0,0.0,0.0,0.0
2755,5469.9595,34.148724,0.8194928,34.088785158184805,34.08878511996141,0.0,0.0,0.0,0.0,0.0,0.0,0.0,0.0
2756,5471.218,32.74177,0.8778273,34.067808966096244,34.06780893501744,0.0,0.0,0.0,0.0,0.0,0.0,0.0,0.0
2757,5472.4795,32.275425,0.9402422,34.046793595875755,34.046793570658586,0.0,0.0,0.0,0.0,0.0,0.0,0.0,0.0
2758,5473.7383,34.481285,0.9611243,34.025844765998016,34.02584474555793,0.0,0.0,0.0,0.0,0.0,0.0,0.0,0.0
2759,5475.0005,32.77597,0.98720706,34.00485682943354,34.00485681290013,0.0,0.0,0.0,0.0,0.0,0.0,0.0,0.0
2760,5476.2603,32.42031,0.8778442,33.983927217048496,33.98392720368986,0.0,0.0,0.0,0.0,0.0,0.0,0.0,0.0
2761,5477.523,33.21513,0.80348206,33.96296668510573,33.96296667433396,0.0,0.0,0.0,0.0,0.0,0.0,0.0,0.0
2762,5478.7827,34.19759,0.73804086,33.9420724790917,33.94207247041468,0.0,0.0,0.0,0.0,0.0,0.0,0.0,0.0
2763,5480.0435,34.45643,0.75010073,33.92117975050406,33.921179743526174,0.0,0.0,0.0,0.0,0.0,0.0,0.0,0.0
2764,5481.307,33.716457,0.7955968,33.90025619566112,33.900256190061015,0.0,0.0,0.0,0.0,0.0,0.0,0.0,0.0
2765,5482.568,33.004128,0.8054247,33.87939881350659,33.87939880901674,0.0,0.0,0.0,0.0,0.0,0.0,0.0,0.0
2766,5483.832,32.94218,0.7172213,33.8585025812552,33.85850257766313,0.0,0.0,0.0,0.0,0.0,0.0,0.0,0.0
2767,5485.094,33.961266,0.7026116,33.83765629335625,33.83765629048581,0.0,0.0,0.0,0.0,0.0,0.0,0.0,0.0
2768,5486.359,34.115665,0.70201504,33.81678736201899,33.8167873597297,0.0,0.0,0.0,0.0,0.0,0.0,0.0,0.0
2769,5487.621,33.126747,0.6988298,33.79597634325545,33.79597634143162,0.0,0.0,0.0,0.0,0.0,0.0,0.0,0.0
2770,5488.886,32.846973,0.6797793,33.775134670725805,33.775134669275786,0.0,0.0,0.0,0.0,0.0,0.0,0.0,0.0
2771,5490.1494,34.20501,0.70438844,33.754342784597945,33.75434278344646,0.0,0.0,0.0,0.0,0.0,0.0,0.0,0.0
2772,5491.412,33.654514,0.7102739,33.733576503706374,33.73357650279327,0.0,0.0,0.0,0.0,0.0,0.0,0.0,0.0
2773,5492.678,34.466255,0.7098405,33.71277162809018,33.712771627367665,0.0,0.0,0.0,0.0,0.0,0.0,0.0,0.0
2774,5493.942,34.150772,0.6995988,33.69202444091857,33.69202444034748,0.0,0.0,0.0,0.0,0.0,0.0,0.0,0.0
2775,5495.209,33.53641,0.71262354,33.67123874333599,33.67123874288556,0.0,0.0,0.0,0.0,0.0,0.0,0.0,0.0
2776,5496.4727,34.57213,0.8271291,33.650526655084256,33.65052665472931,0.0,0.0,0.0,0.0,0.0,0.0,0.0,0.0
2777,5497.74,33.288403,0.9270775,33.629768120504046,33.62976812022498,0.0,0.0,0.0,0.0,0.0,0.0,0.0,0.0
2778,5499.005,32.73214,1.0095218,33.60907508998067,33.60907508976147,0.0,0.0,0.0,0.0,0.0,0.0,0.0,0.0
2779,5500.27,32.682297,0.98911226,33.58839156681828,33.588391566646386,0.0,0.0,0.0,0.0,0.0,0.0,0.0,0.0
2780,5501.5386,32.87442,0.84896153,33.56766971621796,33.56766971608345,0.0,0.0,0.0,0.0,0.0,0.0,0.0,0.0
2781,5502.804,32.978146,0.7484371,33.547013218476565,33.54701321837142,0.0,0.0,0.0,0.0,0.0,0.0,0.0,0.0
2782,5504.073,32.86761,0.7628652,33.52631846356605,33.52631846348403,0.0,0.0,0.0,0.0,0.0,0.0,0.0,0.0
2783,5505.3394,33.02314,0.806099,33.50568895636729,33.50568895630337,0.0,0.0,0.0,0.0,0.0,0.0,0.0,0.0
2784,5506.609,32.829567,0.7917664,33.48502126213369,33.485021262084,0.0,0.0,0.0,0.0,0.0,0.0,0.0,0.0
2785,5507.8755,34.36341,0.7439686,33.46441871063988,33.46441871060128,0.0,0.0,0.0,0.0,0.0,0.0,0.0,0.0
2786,5509.143,34.252396,0.715283,33.4438177036641,33.44381770363417,0.0,0.0,0.0,0.0,0.0,0.0,0.0,0.0
2787,5510.413,32.91067,0.701059,33.423194485924355,33.42319448590119,0.0,0.0,0.0,0.0,0.0,0.0,0.0,0.0
2788,5511.6807,33.378883,0.7028915,33.402628328235444,33.40262832821753,0.0,0.0,0.0,0.0,0.0,0.0,0.0,0.0
2789,5512.9517,33.827156,0.72798747,33.38202416494226,33.382024164928445,0.0,0.0,0.0,0.0,0.0,0.0,0.0,0.0
2790,5514.2197,32.710915,0.724352,33.36148488944713,33.36148488943648,0.0,0.0,0.0,0.0,0.0,0.0,0.0,0.0
2791,5515.4917,33.119156,0.7026662,33.34169634887301,33.34169634886482,0.0,0.0,0.0,0.0,0.0,0.0,0.0,0.0
2792,5516.7603,33.455173,0.6899275,33.32884725885758,33.32884725885129,0.0,0.0,0.0,0.0,0.0,0.0,0.0,0.0
2793,5518.0293,33.694565,0.7277582,33.31600113191941,33.31600113191458,0.0,0.0,0.0,0.0,0.0,0.0,0.0,0.0
2794,5519.302,34.56543,0.7783799,33.30312834157753,33.303128341573846,0.0,0.0,0.0,0.0,0.0,0.0,0.0,0.0
2795,5520.572,33.429665,0.76524085,33.29028816635025,33.29028816634743,0.0,0.0,0.0,0.0,0.0,0.0,0.0,0.0
2796,5521.8447,33.341953,0.7138415,33.27742630115338,33.27742630115123,0.0,0.0,0.0,0.0,0.0,0.0,0.0,0.0
2797,5523.1147,33.531197,0.70333487,33.26460194235652,33.26460194235488,0.0,0.0,0.0,0.0,0.0,0.0,0.0,0.0
2798,5524.3887,33.772964,0.7261842,33.25174606467733,33.251746064676084,0.0,0.0,0.0,0.0,0.0,0.0,0.0,0.0
2799,5525.659,34.074,0.74124193,33.23893257865733,33.23893257865638,0.0,0.0,0.0,0.0,0.0,0.0,0.0,0.0
2800,5526.931,35.049915,0.7962664,33.22611221463945,33.22611221463873,0.0,0.0,0.0,0.0,0.0,0.0,0.0,0.0
2801,5528.2056,37.13362,0.8954984,33.21327515943218,33.21327515943164,0.0,0.0,0.0,0.0,0.0,0.0,0.0,0.0
2802,5529.4775,33.440636,0.9426083,33.20047059047016,33.20047059046975,0.0,0.0,0.0,0.0,0.0,0.0,0.0,0.0
2803,5530.7524,31.907396,0.87693506,33.18764443640432,33.18764443640401,0.0,0.0,0.0,0.0,0.0,0.0,0.0,0.0
2804,5532.025,32.729874,0.74825263,33.17485073098334,33.1748507309831,0.0,0.0,0.0,0.0,0.0,0.0,0.0,0.0
2805,5533.3003,33.462425,0.6796157,33.1620354694622,33.16203546946202,0.0,0.0,0.0,0.0,0.0,0.0,0.0,0.0
2806,5534.5737,33.11517,0.6714476,33.14924771726041,33.14924771726027,0.0,0.0,0.0,0.0,0.0,0.0,0.0,0.0
2807,5535.8467,32.519226,0.6802364,33.136472735216024,33.136472735215925,0.0,0.0,0.0,0.0,0.0,0.0,0.0,0.0
2808,5537.123,34.200577,0.7371942,33.123671341736845,33.123671341736774,0.0,0.0,0.0,0.0,0.0,0.0,0.0,0.0
2809,5538.397,32.594765,0.7985817,33.11090230613035,33.11090230613029,0.0,0.0,0.0,0.0,0.0,0.0,0.0,0.0
2810,5539.6743,32.059353,0.7726408,33.09810690005664,33.0981069000566,0.0,0.0,0.0,0.0,0.0,0.0,0.0,0.0
2811,5540.9487,33.65642,0.73832154,33.08534870711149,33.085348707111464,0.0,0.0,0.0,0.0,0.0,0.0,0.0,0.0
2812,5542.2266,33.83495,0.6922081,33.07256417858426,33.07256417858424,0.0,0.0,0.0,0.0,0.0,0.0,0.0,0.0
2813,5543.5015,33.26092,0.6798556,33.05981681973986,33.059816819739844,0.0,0.0,0.0,0.0,0.0,0.0,0.0,0.0
2814,5544.777,34.483196,0.7299103,33.04707242614186,33.047072426141845,0.0,0.0,0.0,0.0,0.0,0.0,0.0,0.0
2815,5546.0557,35.394722,0.8404696,33.03430175218719,33.03430175218718,0.0,0.0,0.0,0.0,0.0,0.0,0.0,0.0
2816,5547.3315,32.678043,0.90340096,33.02156818587125,33.021568185871246,0.0,0.0,0.0,0.0,0.0,0.0,0.0,0.0
2817,5548.6104,30.499542,0.91690534,33.008813242616505,33.0088132426165,0.0,0.0,0.0,0.0,0.0,0.0,0.0,0.0
2818,5549.8867,33.211754,0.83372855,32.996090492022155,32.99609049202215,0.0,0.0,0.0,0.0,0.0,0.0,0.0,0.0
2819,5551.1665,33.289143,0.71471804,32.983341530541004,32.983341530541004,0.0,0.0,0.0,0.0,0.0,0.0,0.0,0.0
2820,5552.444,33.942913,0.698486,32.97062473044011,32.97062473044011,0.0,0.0,0.0,0.0,0.0,0.0,0.0,0.0
2821,5553.7207,32.825874,0.67739,32.95792061348668,32.95792061348668,0.0,0.0,0.0,0.0,0.0,0.0,0.0,0.0
2822,5555.0015,32.484673,0.6738627,32.94518548093449,32.94518548093449,0.0,0.0,0.0,0.0,0.0,0.0,0.0,0.0
2823,5556.2793,33.206543,0.6899809,32.932487307628215,32.932487307628215,0.0,0.0,0.0,0.0,0.0,0.0,0.0,0.0
2824,5557.5605,33.244404,0.6855131,32.91976301298038,32.91976301298038,0.0,0.0,0.0,0.0,0.0,0.0,0.0,0.0
2825,5558.839,33.767628,0.7384934,32.90707563442231,32.90707563442231,0.0,0.0,0.0,0.0,0.0,0.0,0.0,0.0
2826,5560.121,31.50198,0.74678105,32.894357327333644,32.894357327333644,0.0,0.0,0.0,0.0,0.0,0.0,0.0,0.0
2827,5561.4004,31.997885,0.77599084,32.88167589918983,32.88167589918983,0.0,0.0,0.0,0.0,0.0,0.0,0.0,0.0
2828,5562.6797,33.014477,0.7546523,32.86900227509359,32.86900227509359,0.0,0.0,0.0,0.0,0.0,0.0,0.0,0.0
2829,5563.962,32.743965,0.69067943,32.856307451683186,32.856307451683186,0.0,0.0,0.0,0.0,0.0,0.0,0.0,0.0
2830,5565.242,32.589687,0.6916358,32.84363977410142,32.84363977410142,0.0,0.0,0.0,0.0,0.0,0.0,0.0,0.0
2831,5566.526,33.11724,0.72556394,32.83094610478854,32.83094610478854,0.0,0.0,0.0,0.0,0.0,0.0,0.0,0.0
2832,5567.8066,32.60123,0.80839217,32.818289209839676,32.818289209839676,0.0,0.0,0.0,0.0,0.0,0.0,0.0,0.0
2833,5569.0903,32.529015,0.8945753,32.80561117842353,32.80561117842353,0.0,0.0,0.0,0.0,0.0,0.0,0.0,0.0
2834,5570.3716,32.26778,0.90145564,32.79296505455486,32.79296505455486,0.0,0.0,0.0,0.0,0.0,0.0,0.0,0.0
2835,5571.653,32.157627,0.75485045,32.78032671233669,32.78032671233669,0.0,0.0,0.0,0.0,0.0,0.0,0.0,0.0
2836,5572.938,32.83933,0.6872702,32.767657649247894,32.767657649247894,0.0,0.0,0.0,0.0,0.0,0.0,0.0,0.0
2837,5574.2197,32.5597,0.6745385,32.75503006525503,32.75503006525503,0.0,0.0,0.0,0.0,0.0,0.0,0.0,0.0
2838,5575.5054,33.158348,0.6771755,32.742371800574105,32.742371800574105,0.0,0.0,0.0,0.0,0.0,0.0,0.0,0.0
2839,5576.7876,33.445576,0.68503815,32.72975496623283,32.72975496623283,0.0,0.0,0.0,0.0,0.0,0.0,0.0,0.0
2840,5578.0737,32.56672,0.6599129,32.717107491329415,32.717107491329415,0.0,0.0,0.0,0.0,0.0,0.0,0.0,0.0
2841,5579.357,31.94193,0.66589624,32.704496600880915,32.704496600880915,0.0,0.0,0.0,0.0,0.0,0.0,0.0,0.0
2842,5580.6406,32.482418,0.6675414,32.69188867547968,32.69188867547968,0.0,0.0,0.0,0.0,0.0,0.0,0.0,0.0
2843,5581.9272,31.46526,0.6587533,32.67925976101077,32.67925976101077,0.0,0.0,0.0,0.0,0.0,0.0,0.0,0.0
2844,5583.2114,32.620365,0.6729237,32.66666257565678,32.66666257565678,0.0,0.0,0.0,0.0,0.0,0.0,0.0,0.0
2845,5584.499,32.14118,0.68963647,32.65403964403499,32.65403964403499,0.0,0.0,0.0,0.0,0.0,0.0,0.0,0.0
2846,5585.7837,31.842644,0.71992534,32.641453193091564,32.641453193091564,0.0,0.0,0.0,0.0,0.0,0.0,0.0,0.0
2847,5587.072,32.42953,0.7588628,32.62884102991515,32.62884102991515,0.0,0.0,0.0,0.0,0.0,0.0,0.0,0.0
2848,5588.357,32.507786,0.7235218,32.61626530479663,32.61626530479663,0.0,0.0,0.0,0.0,0.0,0.0,0.0,0.0
2849,5589.6455,32.98845,0.75468796,32.603663901431325,32.603663901431325,0.0,0.0,0.0,0.0,0.0,0.0,0.0,0.0
2850,5590.9316,32.936943,0.7795968,32.59109412289822,32.59109412289822,0.0,0.0,0.0,0.0,0.0,0.0,0.0,0.0
2851,5592.218,33.879704,0.74132913,32.578532079961924,32.578532079961924,0.0,0.0,0.0,0.0,0.0,0.0,0.0,0.0
2852,5593.5073,33.112297,0.7928589,32.56594441259585,32.56594441259585,0.0,0.0,0.0,0.0,0.0,0.0,0.0,0.0
2853,5594.794,31.331944,0.78532475,32.55339307991142,32.55339307991142,0.0,0.0,0.0,0.0,0.0,0.0,0.0,0.0
2854,5596.084,31.673307,0.72417,32.54081615666371,32.54081615666371,0.0,0.0,0.0,0.0,0.0,0.0,0.0,0.0
2855,5597.3716,32.45806,0.6795315,32.528270769663,32.528270769663,0.0,0.0,0.0,0.0,0.0,0.0,0.0,0.0
2856,5598.6626,33.107204,0.67416555,32.51569983178456,32.51569983178456,0.0,0.0,0.0,0.0,0.0,0.0,0.0,0.0
2857,5599.9507,33.03078,0.67504007,32.50316514957635,32.50316514957635,0.0,0.0,0.0,0.0,0.0,0.0,0.0,0.0
2858,5601.239,32.367355,0.6696633,32.49063818063825,32.49063818063825,0.0,0.0,0.0,0.0,0.0,0.0,0.0,0.0
2859,5602.5303,31.582977,0.66800475,32.47808570851792,32.47808570851792,0.0,0.0,0.0,0.0,0.0,0.0,0.0,0.0
2860,5603.8193,31.643347,0.66351825,32.465564684288445,32.465564684288445,0.0,0.0,0.0,0.0,0.0,0.0,0.0,0.0
2861,5605.112,33.326183,0.67863744,32.45301819642496,32.45301819642496,0.0,0.0,0.0,0.0,0.0,0.0,0.0,0.0
2862,5606.401,32.320942,0.6662821,32.440512596855655,32.440512596855655,0.0,0.0,0.0,0.0,0.0,0.0,0.0,0.0
2863,5607.694,32.28459,0.6648503,32.4279768288729,32.4279768288729,0.0,0.0,0.0,0.0,0.0,0.0,0.0,0.0
2864,5608.9834,32.68648,0.66419303,32.41548190110336,32.41548190110336,0.0,0.0,0.0,0.0,0.0,0.0,0.0,0.0
2865,5610.274,32.26958,0.65688014,32.402985204949964,32.402985204949964,0.0,0.0,0.0,0.0,0.0,0.0,0.0,0.0
2866,5611.5674,31.922485,0.6631077,32.390467855947946,32.390467855947946,0.0,0.0,0.0,0.0,0.0,0.0,0.0,0.0
2867,5612.859,33.29196,0.6871221,32.37797710942504,32.37797710942504,0.0,0.0,0.0,0.0,0.0,0.0,0.0,0.0
2868,5614.153,32.39997,0.70282143,32.36547046162225,32.36547046162225,0.0,0.0,0.0,0.0,0.0,0.0,0.0,0.0
2869,5615.4443,32.29169,0.70492005,32.35299510092653,32.35299510092653,0.0,0.0,0.0,0.0,0.0,0.0,0.0,0.0
2870,5616.7393,31.568615,0.673393,32.340494430545746,32.340494430545746,0.0,0.0,0.0,0.0,0.0,0.0,0.0,0.0
2871,5618.0312,30.90821,0.6689233,32.328029726128335,32.328029726128335,0.0,0.0,0.0,0.0,0.0,0.0,0.0,0.0
2872,5619.324,32.252964,0.7031389,32.315563277570995,32.315563277570995,0.0,0.0,0.0,0.0,0.0,0.0,0.0,0.0
2873,5620.6196,32.359364,0.72645277,32.3030809852045,32.3030809852045,0.0,0.0,0.0,0.0,0.0,0.0,0.0,0.0
2874,5621.913,32.582905,0.74213755,32.29062519163063,32.29062519163063,0.0,0.0,0.0,0.0,0.0,0.0,0.0,0.0
2875,5623.209,31.77234,0.71580285,32.27815357602133,32.27815357602133,0.0,0.0,0.0,0.0,0.0,0.0,0.0,0.0
2876,5624.503,31.518627,0.7456678,32.26570842881821,32.26570842881821,0.0,0.0,0.0,0.0,0.0,0.0,0.0,0.0
2877,5625.8,31.988453,0.723343,32.25324278937966,32.25324278937966,0.0,0.0,0.0,0.0,0.0,0.0,0.0,0.0
2878,5627.0938,32.28656,0.7288668,32.24081297187953,32.24081297187953,0.0,0.0,0.0,0.0,0.0,0.0,0.0,0.0
2879,5628.3887,33.52006,0.74236286,32.228381428514595,32.228381428514595,0.0,0.0,0.0,0.0,0.0,0.0,0.0,0.0
2880,5629.6865,31.376732,0.71580654,32.21592943701145,32.21592943701145,0.0,0.0,0.0,0.0,0.0,0.0,0.0,0.0
2881,5630.9814,31.557743,0.65719825,32.20351320755594,32.20351320755594,0.0,0.0,0.0,0.0,0.0,0.0,0.0,0.0
2882,5632.28,32.110664,0.66753966,32.19107187411235,32.19107187411235,0.0,0.0,0.0,0.0,0.0,0.0,0.0,0.0
2883,5633.5757,31.9134,0.6620167,32.17866158627867,32.17866158627867,0.0,0.0,0.0,0.0,0.0,0.0,0.0,0.0
2884,5634.875,32.229027,0.66743857,32.16622623337992,32.16622623337992,0.0,0.0,0.0,0.0,0.0,0.0,0.0,0.0
2885,5636.171,31.33028,0.66665095,32.15383123357737,32.15383123357737,0.0,0.0,0.0,0.0,0.0,0.0,0.0,0.0
2886,5637.468,32.566917,0.6730636,32.141434526040506,32.141434526040506,0.0,0.0,0.0,0.0,0.0,0.0,0.0,0.0
2887,5638.768,31.882236,0.6809733,32.129012805944726,32.129012805944726,0.0,0.0,0.0,0.0,0.0,0.0,0.0,0.0
2888,5640.0654,31.389389,0.67571646,32.11662671040053,32.11662671040053,0.0,0.0,0.0,0.0,0.0,0.0,0.0,0.0
2889,5641.3657,31.893208,0.69785184,32.10422029271441,32.10422029271441,0.0,0.0,0.0,0.0,0.0,0.0,0.0,0.0
2890,5642.664,31.76038,0.69993186,32.09184014316328,32.09184014316328,0.0,0.0,0.0,0.0,0.0,0.0,0.0,0.0
2891,5643.9653,32.25672,0.7016348,32.079439704464775,32.079439704464775,0.0,0.0,0.0,0.0,0.0,0.0,0.0,0.0
2892,5645.2637,31.418682,0.7132506,32.06707480703651,32.06707480703651,0.0,0.0,0.0,0.0,0.0,0.0,0.0,0.0
2893,5646.562,31.571413,0.72298175,32.05471751741137,32.05471751741137,0.0,0.0,0.0,0.0,0.0,0.0,0.0,0.0
2894,5647.8647,31.083042,0.75593245,32.04232604168741,32.04232604168741,0.0,0.0,0.0,0.0,0.0,0.0,0.0,0.0
2895,5649.1636,30.732618,0.719474,32.029979333893536,32.029979333893536,0.0,0.0,0.0,0.0,0.0,0.0,0.0,0.0
2896,5650.4663,32.432526,0.7270292,32.01760312165431,32.01760312165431,0.0,0.0,0.0,0.0,0.0,0.0,0.0,0.0
2897,5651.766,32.40772,0.74041235,32.00526234974829,32.00526234974829,0.0,0.0,0.0,0.0,0.0,0.0,0.0,0.0
2898,5653.0693,32.842976,0.73602176,31.992896749276184,31.992896749276184,0.0,0.0,0.0,0.0,0.0,0.0,0.0,0.0
2899,5654.37,33.057037,0.7464564,31.980561918920998,31.980561918920998,0.0,0.0,0.0,0.0,0.0,0.0,0.0,0.0
2900,5655.671,31.820213,0.7716558,31.968234679894103,31.968234679894103,0.0,0.0,0.0,0.0,0.0,0.0,0.0,0.0
2901,5656.975,31.064005,0.7136358,31.955882664301352,31.955882664301352,0.0,0.0,0.0,0.0,0.0,0.0,0.0,0.0
2902,5658.2764,32.439194,0.68690926,31.943565988373507,31.943565988373507,0.0,0.0,0.0,0.0,0.0,0.0,0.0,0.0
2903,5659.581,31.381325,0.6637884,31.931224568594793,31.931224568594793,0.0,0.0,0.0,0.0,0.0,0.0,0.0,0.0
2904,5660.883,31.346481,0.661266,31.91891844714609,31.91891844714609,0.0,0.0,0.0,0.0,0.0,0.0,0.0,0.0
2905,5662.1885,31.214533,0.6808712,31.90658300283191,31.90658300283191,0.0,0.0,0.0,0.0,0.0,0.0,0.0,0.0
2906,5663.4907,30.992998,0.6812118,31.894287430083523,31.894287430083523,0.0,0.0,0.0,0.0,0.0,0.0,0.0,0.0
2907,5664.794,31.356066,0.67461884,31.88199020880685,31.88199020880685,0.0,0.0,0.0,0.0,0.0,0.0,0.0,0.0
2908,5666.1,32.340305,0.66823846,31.869672936941036,31.869672936941036,0.0,0.0,0.0,0.0,0.0,0.0,0.0,0.0
2909,5667.4033,32.578865,0.6699616,31.857390863128245,31.857390863128245,0.0,0.0,0.0,0.0,0.0,0.0,0.0,0.0
2910,5668.7104,30.346962,0.68108344,31.845079564936785,31.845079564936785,0.0,0.0,0.0,0.0,0.0,0.0,0.0,0.0
2911,5670.014,31.47972,0.68395346,31.832808023954293,31.832808023954293,0.0,0.0,0.0,0.0,0.0,0.0,0.0,0.0
2912,5671.322,32.03962,0.6594636,31.82050729676709,31.82050729676709,0.0,0.0,0.0,0.0,0.0,0.0,0.0,0.0
2913,5672.627,31.093796,0.6608355,31.808237101976758,31.808237101976758,0.0,0.0,0.0,0.0,0.0,0.0,0.0,0.0
2914,5673.9316,32.13942,0.66837656,31.79597904604488,31.79597904604488,0.0,0.0,0.0,0.0,0.0,0.0,0.0,0.0
2915,5675.2397,32.563644,0.6641609,31.783696447242,31.783696447242,0.0,0.0,0.0,0.0,0.0,0.0,0.0,0.0
2916,5676.5454,32.078087,0.6623555,31.771444324890474,31.771444324890474,0.0,0.0,0.0,0.0,0.0,0.0,0.0,0.0
2917,5677.8545,32.98702,0.67272055,31.759167697709366,31.759167697709366,0.0,0.0,0.0,0.0,0.0,0.0,0.0,0.0
2918,5679.1606,32.615566,0.67352504,31.746926092133886,31.746926092133886,0.0,0.0,0.0,0.0,0.0,0.0,0.0,0.0
2919,5680.47,31.209269,0.6654659,31.73466001407622,31.73466001407622,0.0,0.0,0.0,0.0,0.0,0.0,0.0,0.0
2920,5681.7773,31.646687,0.6815065,31.722424347386745,31.722424347386745,0.0,0.0,0.0,0.0,0.0,0.0,0.0,0.0
2921,5683.0845,31.880457,0.702976,31.710196211242113,31.710196211242113,0.0,0.0,0.0,0.0,0.0,0.0,0.0,0.0
2922,5684.3945,32.82066,0.7649029,31.697948217483557,31.697948217483557,0.0,0.0,0.0,0.0,0.0,0.0,0.0,0.0
2923,5685.702,30.708618,0.8189209,31.685730579361056,31.685730579361056,0.0,0.0,0.0,0.0,0.0,0.0,0.0,0.0
2924,5687.0137,28.692114,0.791641,31.67348399421674,31.67348399421674,0.0,0.0,0.0,0.0,0.0,0.0,0.0,0.0
2925,5688.322,29.642962,0.87381715,31.661276851099014,31.661276851099014,0.0,0.0,0.0,0.0,0.0,0.0,0.0,0.0
2926,5689.634,31.741219,0.8027055,31.64904079876617,31.64904079876617,0.0,0.0,0.0,0.0,0.0,0.0,0.0,0.0
2927,5690.9424,31.145473,0.71015567,31.63684414201628,31.63684414201628,0.0,0.0,0.0,0.0,0.0,0.0,0.0,0.0
2928,5692.255,31.25223,0.7213004,31.624618613804422,31.624618613804422,0.0,0.0,0.0,0.0,0.0,0.0,0.0,0.0
2929,5693.5645,32.690704,0.7026631,31.612427890802728,31.612427890802728,0.0,0.0,0.0,0.0,0.0,0.0,0.0,0.0
2930,5694.8745,32.416218,0.6735735,31.600240127947064,31.600240127947064,0.0,0.0,0.0,0.0,0.0,0.0,0.0,0.0
2931,5696.1875,31.344143,0.66794086,31.588032635324122,31.588032635324122,0.0,0.0,0.0,0.0,0.0,0.0,0.0,0.0
2932,5697.498,32.147133,0.6910625,31.575855348454343,31.575855348454343,0.0,0.0,0.0,0.0,0.0,0.0,0.0,0.0
2933,5698.8115,30.758043,0.6812281,31.563658358251775,31.563658358251775,0.0,0.0,0.0,0.0,0.0,0.0,0.0,0.0
2934,5700.123,30.697596,0.65986776,31.5514870087181,31.5514870087181,0.0,0.0,0.0,0.0,0.0,0.0,0.0,0.0
2935,5701.437,31.630966,0.65912974,31.539300515049796,31.539300515049796,0.0,0.0,0.0,0.0,0.0,0.0,0.0,0.0
2936,5702.7485,31.680946,0.65854716,31.527144157019066,31.527144157019066,0.0,0.0,0.0,0.0,0.0,0.0,0.0,0.0
2937,5704.0605,31.287369,0.6581747,31.514990756624922,31.514990756624922,0.0,0.0,0.0,0.0,0.0,0.0,0.0,0.0
2938,5705.377,31.760416,0.6602009,31.502804165031616,31.502804165031616,0.0,0.0,0.0,0.0,0.0,0.0,0.0,0.0
2939,5706.689,31.070473,0.6576182,31.49066574038539,31.49066574038539,0.0,0.0,0.0,0.0,0.0,0.0,0.0,0.0
2940,5708.0054,31.508791,0.66551137,31.478494161982603,31.478494161982603,0.0,0.0,0.0,0.0,0.0,0.0,0.0,0.0
2941,5709.3184,32.660496,0.6893959,31.46636166672415,31.46636166672415,0.0,0.0,0.0,0.0,0.0,0.0,0.0,0.0
2942,5710.635,32.265606,0.7115963,31.454205081680637,31.454205081680637,0.0,0.0,0.0,0.0,0.0,0.0,0.0,0.0
2943,5711.948,31.322475,0.7025701,31.442083023243132,31.442083023243132,0.0,0.0,0.0,0.0,0.0,0.0,0.0,0.0
2944,5713.2627,32.165745,0.68691915,31.429959417695883,31.429959417695883,0.0,0.0,0.0,0.0,0.0,0.0,0.0,0.0
2945,5714.58,31.925894,0.674395,31.41781627773523,31.41781627773523,0.0,0.0,0.0,0.0,0.0,0.0,0.0,0.0
2946,5715.8945,32.27418,0.6616666,31.40570760655977,31.40570760655977,0.0,0.0,0.0,0.0,0.0,0.0,0.0,0.0
2947,5717.213,31.83771,0.66989475,31.393570433865758,31.393570433865758,0.0,0.0,0.0,0.0,0.0,0.0,0.0,0.0
2948,5718.528,32.256546,0.6783256,31.381472186231882,31.381472186231882,0.0,0.0,0.0,0.0,0.0,0.0,0.0,0.0
2949,5719.8467,32.661613,0.71996,31.369345474286195,31.369345474286195,0.0,0.0,0.0,0.0,0.0,0.0,0.0,0.0
2950,5721.1626,31.054039,0.77946216,31.357253155985138,31.357253155985138,0.0,0.0,0.0,0.0,0.0,0.0,0.0,0.0
2951,5722.4785,31.554184,0.8064545,31.34516827846773,31.34516827846773,0.0,0.0,0.0,0.0,0.0,0.0,0.0,0.0
2952,5723.7983,32.393658,0.7718713,31.33305499509911,31.33305499509911,0.0,0.0,0.0,0.0,0.0,0.0,0.0,0.0
2953,5725.115,32.46384,0.7083649,31.320976047766464,31.320976047766464,0.0,0.0,0.0,0.0,0.0,0.0,0.0,0.0
2954,5726.435,32.146156,0.67278385,31.308877686225145,31.308877686225145,0.0,0.0,0.0,0.0,0.0,0.0,0.0,0.0
2955,5727.7524,31.684553,0.65541244,31.296809143230714,31.296809143230714,0.0,0.0,0.0,0.0,0.0,0.0,0.0,0.0
2956,5729.073,31.08411,0.64473647,31.284716743013607,31.284716743013607,0.0,0.0,0.0,0.0,0.0,0.0,0.0,0.0
2957,5730.391,31.072718,0.6598682,31.27265859846068,31.27265859846068,0.0,0.0,0.0,0.0,0.0,0.0,0.0,0.0
2958,5731.7095,30.710917,0.68064654,31.26060340919793,31.26060340919793,0.0,0.0,0.0,0.0,0.0,0.0,0.0,0.0
2959,5733.0312,31.98095,0.7301179,31.248524412632506,31.248524412632506,0.0,0.0,0.0,0.0,0.0,0.0,0.0,0.0
2960,5734.35,32.037228,0.7273829,31.236479614344105,31.236479614344105,0.0,0.0,0.0,0.0,0.0,0.0,0.0,0.0
2961,5735.6724,30.942703,0.66424096,31.224411040152805,31.224411040152805,0.0,0.0,0.0,0.0,0.0,0.0,0.0,0.0
2962,5736.9917,31.448921,0.66437805,31.21237662418499,31.21237662418499,0.0,0.0,0.0,0.0,0.0,0.0,0.0,0.0
2963,5738.315,30.928898,0.7023963,31.200314013894182,31.200314013894182,0.0,0.0,0.0,0.0,0.0,0.0,0.0,0.0
2964,5739.635,32.1312,0.9576106,31.188289974335312,31.188289974335312,0.0,0.0,0.0,0.0,0.0,0.0,0.0,0.0
2965,5740.9556,31.589415,0.98990476,31.176264443026504,31.176264443026504,0.0,0.0,0.0,0.0,0.0,0.0,0.0,0.0
2966,5742.2793,29.87315,1.1681842,31.164219663888474,31.164219663888474,0.0,0.0,0.0,0.0,0.0,0.0,0.0,0.0
2967,5743.6,30.463512,1.2863935,31.152208945795145,31.152208945795145,0.0,0.0,0.0,0.0,0.0,0.0,0.0,0.0
2968,5744.925,33.049004,1.3215828,31.14017012799274,31.14017012799274,0.0,0.0,0.0,0.0,0.0,0.0,0.0,0.0
2969,5746.246,29.979597,1.7839411,31.12816977015883,31.12816977015883,0.0,0.0,0.0,0.0,0.0,0.0,0.0,0.0
2970,5747.5713,34.75205,1.4905926,31.116141349283424,31.116141349283424,0.0,0.0,0.0,0.0,0.0,0.0,0.0,0.0
2971,5748.8936,34.138508,1.6070012,31.10414691516042,31.10414691516042,0.0,0.0,0.0,0.0,0.0,0.0,0.0,0.0
2972,5750.216,31.532534,1.3144456,31.09215986141851,31.09215986141851,0.0,0.0,0.0,0.0,0.0,0.0,0.0,0.0
2973,5751.542,31.85544,1.098701,31.08014480225299,31.08014480225299,0.0,0.0,0.0,0.0,0.0,0.0,0.0,0.0
2974,5752.865,32.465847,1.0054082,31.068163672883944,31.068163672883944,0.0,0.0,0.0,0.0,0.0,0.0,0.0,0.0
2975,5754.192,32.118725,0.90761435,31.056158997078374,31.056158997078374,0.0,0.0,0.0,0.0,0.0,0.0,0.0,0.0
2976,5755.5156,32.240658,0.85976696,31.04418821131312,31.04418821131312,0.0,0.0,0.0,0.0,0.0,0.0,0.0,0.0
2977,5756.8423,32.05333,0.8055168,31.032198321710762,31.032198321710762,0.0,0.0,0.0,0.0,0.0,0.0,0.0,0.0
2978,5758.167,31.452818,0.75783384,31.020233459334413,31.020233459334413,0.0,0.0,0.0,0.0,0.0,0.0,0.0,0.0
2979,5759.4917,31.490847,0.7869538,31.008275960857457,31.008275960857457,0.0,0.0,0.0,0.0,0.0,0.0,0.0,0.0
2980,5760.82,32.406387,0.8374211,30.996294996177205,30.996294996177205,0.0,0.0,0.0,0.0,0.0,0.0,0.0,0.0
2981,5762.145,31.626318,0.8813941,30.984347825093977,30.984347825093977,0.0,0.0,0.0,0.0,0.0,0.0,0.0,0.0
2982,5763.4736,32.39677,0.9446653,30.972377218743077,30.972377218743077,0.0,0.0,0.0,0.0,0.0,0.0,0.0,0.0
2983,5764.8,32.809868,1.0221783,30.9604359711156,30.9604359711156,0.0,0.0,0.0,0.0,0.0,0.0,0.0,0.0
2984,5766.129,32.308666,1.0216569,30.94847571709975,30.94847571709975,0.0,0.0,0.0,0.0,0.0,0.0,0.0,0.0
2985,5767.4556,32.38239,0.9557334,30.93654478766588,30.93654478766588,0.0,0.0,0.0,0.0,0.0,0.0,0.0,0.0
2986,5768.782,33.165882,0.874595,30.92462120023027,30.92462120023027,0.0,0.0,0.0,0.0,0.0,0.0,0.0,0.0
2987,5770.1123,30.612856,0.8353658,30.91267425737166,30.91267425737166,0.0,0.0,0.0,0.0,0.0,0.0,0.0,0.0
2988,5771.44,31.413698,0.82556146,30.90075659068308,30.90075659068308,0.0,0.0,0.0,0.0,0.0,0.0,0.0,0.0
2989,5772.7705,32.211273,0.82244027,30.88881998381328,30.88881998381328,0.0,0.0,0.0,0.0,0.0,0.0,0.0,0.0
2990,5774.0986,32.198345,0.8226658,30.876912619065642,30.876912619065642,0.0,0.0,0.0,0.0,0.0,0.0,0.0,0.0
2991,5775.43,32.353725,0.81291294,30.8649819658169,30.8649819658169,0.0,0.0,0.0,0.0,0.0,0.0,0.0,0.0
2992,5776.759,32.73094,0.80558974,30.85308489703678,30.85308489703678,0.0,0.0,0.0,0.0,0.0,0.0,0.0,0.0
2993,5778.088,31.828964,0.79481006,30.84119078010895,30.84119078010895,0.0,0.0,0.0,0.0,0.0,0.0,0.0,0.0
2994,5779.4204,29.905573,0.7838202,30.82927342338604,30.82927342338604,0.0,0.0,0.0,0.0,0.0,0.0,0.0,0.0
2995,5780.7495,31.199316,0.7627268,30.817393957713364,30.817393957713364,0.0,0.0,0.0,0.0,0.0,0.0,0.0,0.0
2996,5782.083,31.993713,0.7754399,30.805482557078964,30.805482557078964,0.0,0.0,0.0,0.0,0.0,0.0,0.0,0.0
2997,5783.413,31.45685,0.75388664,30.793609008193467,30.793609008193467,0.0,0.0,0.0,0.0,0.0,0.0,0.0,0.0
2998,5784.7466,32.650307,0.76007617,30.781712280729753,30.781712280729753,0.0,0.0,0.0,0.0,0.0,0.0,0.0,0.0
2999,5786.0776,31.641916,0.7255632,30.769844650707324,30.769844650707324,0.0,0.0,0.0,0.0,0.0,0.0,0.0,0.0
3000,5787.4087,30.488424,0.69140095,30.75798432433905,30.75798432433905,0.0,0.0,0.0,0.0,0.0,0.0,0.0,0.0
3001,5788.743,31.137655,0.7141835,30.746100867862026,30.746100867862026,0.0,0.0,0.0,0.0,0.0,0.0,0.0,0.0
3002,5790.0747,31.176113,0.739584,30.734250804883597,30.734250804883597,0.0,0.0,0.0,0.0,0.0,0.0,0.0,0.0
3003,5791.4097,30.320507,0.7242891,30.722377642274232,30.722377642274232,0.0,0.0,0.0,0.0,0.0,0.0,0.0,0.0
3004,5792.742,31.18757,0.7244372,30.7105334952508,30.7105334952508,0.0,0.0,0.0,0.0,0.0,0.0,0.0,0.0
3005,5794.078,32.68004,0.70780385,30.698666284382696,30.698666284382696,0.0,0.0,0.0,0.0,0.0,0.0,0.0,0.0
3006,5795.411,32.509293,0.69155544,30.686832394103924,30.686832394103924,0.0,0.0,0.0,0.0,0.0,0.0,0.0,0.0
3007,5796.747,32.61991,0.69196177,30.67497980112462,30.67497980112462,0.0,0.0,0.0,0.0,0.0,0.0,0.0,0.0
3008,5798.081,32.76732,0.700537,30.66315182816207,30.66315182816207,0.0,0.0,0.0,0.0,0.0,0.0,0.0,0.0
3009,5799.4146,32.5465,0.68373287,30.651335460789436,30.651335460789436,0.0,0.0,0.0,0.0,0.0,0.0,0.0,0.0
3010,5800.752,32.27127,0.6793929,30.63949178003301,30.63949178003301,0.0,0.0,0.0,0.0,0.0,0.0,0.0,0.0
3011,5802.0864,31.369955,0.68368185,30.627681324974326,30.627681324974326,0.0,0.0,0.0,0.0,0.0,0.0,0.0,0.0
3012,5803.425,31.94946,0.6737401,30.615843597472907,30.615843597472907,0.0,0.0,0.0,0.0,0.0,0.0,0.0,0.0
3013,5804.7593,32.628178,0.6821884,30.6040476915699,30.6040476915699,0.0,0.0,0.0,0.0,0.0,0.0,0.0,0.0
3014,5806.098,32.363003,0.68550533,30.592220231352616,30.592220231352616,0.0,0.0,0.0,0.0,0.0,0.0,0.0,0.0
3015,5807.434,32.12138,0.7076225,30.580425924269214,30.580425924269214,0.0,0.0,0.0,0.0,0.0,0.0,0.0,0.0
3016,5808.77,32.922825,0.7110395,30.568638875551503,30.568638875551503,0.0,0.0,0.0,0.0,0.0,0.0,0.0,0.0
3017,5810.1094,32.498856,0.707579,30.556828949992447,30.556828949992447,0.0,0.0,0.0,0.0,0.0,0.0,0.0,0.0
3018,5811.446,33.917286,0.7080789,30.545052116637834,30.545052116637834,0.0,0.0,0.0,0.0,0.0,0.0,0.0,0.0
3019,5812.786,32.828823,0.6960322,30.53324813772702,30.53324813772702,0.0,0.0,0.0,0.0,0.0,0.0,0.0,0.0
3020,5814.123,31.798952,0.67672515,30.52148151371148,30.52148151371148,0.0,0.0,0.0,0.0,0.0,0.0,0.0,0.0
3021,5815.464,32.413593,0.6828539,30.509687779529344,30.509687779529344,0.0,0.0,0.0,0.0,0.0,0.0,0.0,0.0
3022,5816.802,32.466305,0.6856893,30.49792706527088,30.49792706527088,0.0,0.0,0.0,0.0,0.0,0.0,0.0,0.0
3023,5818.1396,33.011475,0.6919326,30.486173587613422,30.486173587613422,0.0,0.0,0.0,0.0,0.0,0.0,0.0,0.0
3024,5819.4814,33.470695,0.7200441,30.474393055409738,30.474393055409738,0.0,0.0,0.0,0.0,0.0,0.0,0.0,0.0
3025,5820.8203,32.652954,0.69225943,30.46264548772163,30.46264548772163,0.0,0.0,0.0,0.0,0.0,0.0,0.0,0.0
3026,5822.1626,32.432972,0.6732314,30.45087518638344,30.45087518638344,0.0,0.0,0.0,0.0,0.0,0.0,0.0,0.0
3027,5823.502,33.450176,0.6797566,30.43913781089252,30.43913781089252,0.0,0.0,0.0,0.0,0.0,0.0,0.0,0.0
3028,5824.8447,33.6616,0.6841582,30.427377731693532,30.427377731693532,0.0,0.0,0.0,0.0,0.0,0.0,0.0,0.0
3029,5826.185,32.467625,0.7956848,30.4156462672791,30.4156462672791,0.0,0.0,0.0,0.0,0.0,0.0,0.0,0.0
3030,5827.5254,34.07631,0.91418487,30.403922022992795,30.403922022992795,0.0,0.0,0.0,0.0,0.0,0.0,0.0,0.0
3031,5828.8687,35.33863,0.9419837,30.392179389633707,30.392179389633707,0.0,0.0,0.0,0.0,0.0,0.0,0.0,0.0
3032,5830.21,34.7457,0.9889695,30.380461053941406,30.380461053941406,0.0,0.0,0.0,0.0,0.0,0.0,0.0,0.0
3033,5831.554,33.587654,1.0174372,30.36872435901183,30.36872435901183,0.0,0.0,0.0,0.0,0.0,0.0,0.0,0.0
3034,5832.896,33.613155,0.9104428,30.35701619829595,30.35701619829595,0.0,0.0,0.0,0.0,0.0,0.0,0.0,0.0
3035,5834.241,33.914642,0.8384297,30.34528544620995,30.34528544620995,0.0,0.0,0.0,0.0,0.0,0.0,0.0,0.0
3036,5835.583,34.64226,0.7580501,30.333591708458375,30.333591708458375,0.0,0.0,0.0,0.0,0.0,0.0,0.0,0.0
3037,5836.926,34.4027,0.75071746,30.321896661006765,30.321896661006765,0.0,0.0,0.0,0.0,0.0,0.0,0.0,0.0
3038,5838.2715,33.856937,0.7578384,30.31018331821337,30.31018331821337,0.0,0.0,0.0,0.0,0.0,0.0,0.0,0.0
3039,5839.6147,34.03403,0.7704234,30.29849842927701,30.29849842927701,0.0,0.0,0.0,0.0,0.0,0.0,0.0,0.0
3040,5840.9614,34.92709,0.7278688,30.28679102586979,30.28679102586979,0.0,0.0,0.0,0.0,0.0,0.0,0.0,0.0
3041,5842.3047,35.643894,0.7150615,30.275120530345475,30.275120530345475,0.0,0.0,0.0,0.0,0.0,0.0,0.0,0.0
3042,5843.6523,34.85329,0.70711404,30.26341906805934,30.26341906805934,0.0,0.0,0.0,0.0,0.0,0.0,0.0,0.0
3043,5844.9966,34.98226,0.7183682,30.251754475325367,30.251754475325367,0.0,0.0,0.0,0.0,0.0,0.0,0.0,0.0
3044,5846.3413,36.18396,0.74128,30.24009282617643,30.24009282617643,0.0,0.0,0.0,0.0,0.0,0.0,0.0,0.0
3045,5847.689,36.54298,0.7297973,30.228412969714416,30.228412969714416,0.0,0.0,0.0,0.0,0.0,0.0,0.0,0.0
3046,5849.0347,35.32901,0.71188045,30.216757226000915,30.216757226000915,0.0,0.0,0.0,0.0,0.0,0.0,0.0,0.0
3047,5850.3833,36.044853,0.7161617,30.2050833045146,30.2050833045146,0.0,0.0,0.0,0.0,0.0,0.0,0.0,0.0
3048,5851.729,35.330547,0.74195373,30.193441918607263,30.193441918607263,0.0,0.0,0.0,0.0,0.0,0.0,0.0,0.0
3049,5853.0786,35.767162,0.74519825,30.181773933787387,30.181773933787387,0.0,0.0,0.0,0.0,0.0,0.0,0.0,0.0
3050,5854.4253,37.641594,0.81020683,30.170138451564846,30.170138451564846,0.0,0.0,0.0,0.0,0.0,0.0,0.0,0.0
3051,5855.772,38.3487,0.9604515,30.158510129605677,30.158510129605677,0.0,0.0,0.0,0.0,0.0,0.0,0.0,0.0
3052,5857.122,36.832268,1.128225,30.146859475605677,30.146859475605677,0.0,0.0,0.0,0.0,0.0,0.0,0.0,0.0
3053,5858.4697,38.653156,1.0729198,30.13523705470647,30.13523705470647,0.0,0.0,0.0,0.0,0.0,0.0,0.0,0.0
3054,5859.821,40.032722,0.9069476,30.123592336352132,30.123592336352132,0.0,0.0,0.0,0.0,0.0,0.0,0.0,0.0
3055,5861.169,38.71738,0.7862344,30.111980027926734,30.11198002792673,0.0,0.0,0.0,0.0,0.0,0.0,0.0,0.0
3056,5862.52,38.157776,0.8406607,30.100349653345372,30.10034965334537,0.0,0.0,0.0,0.0,0.0,0.0,0.0,0.0
3057,5863.869,39.396473,0.91450655,30.08874324675636,30.088743246756355,0.0,0.0,0.0,0.0,0.0,0.0,0.0,0.0
3058,5865.218,39.764034,0.89773786,30.077148180739147,30.077148180739144,0.0,0.0,0.0,0.0,0.0,0.0,0.0,0.0
3059,5866.5703,40.612354,0.83732355,30.0655266937772,30.065526693777194,0.0,0.0,0.0,0.0,0.0,0.0,0.0,0.0
3060,5867.92,39.66906,0.7607832,30.053937524336,30.053937524335993,0.0,0.0,0.0,0.0,0.0,0.0,0.0,0.0
3061,5869.2734,40.27461,0.753446,30.04232197353734,30.04232197353733,0.0,0.0,0.0,0.0,0.0,0.0,0.0,0.0
3062,5870.623,40.009617,0.761969,30.030747080367124,30.03074708036711,0.0,0.0,0.0,0.0,0.0,0.0,0.0,0.0
3063,5871.977,39.732906,0.7637095,30.019141651182885,30.019141651182867,0.0,0.0,0.0,0.0,0.0,0.0,0.0,0.0
3064,5873.328,42.25794,0.82033706,30.00756846884468,30.007568468844656,0.0,0.0,0.0,0.0,0.0,0.0,0.0,0.0
3065,5874.679,38.833588,0.8159587,29.996002408675935,29.9960024086759,0.0,0.0,0.0,0.0,0.0,0.0,0.0,0.0
3066,5876.0337,40.775417,0.79882175,29.98441423167826,29.984414231678215,0.0,0.0,0.0,0.0,0.0,0.0,0.0,0.0
3067,5877.3857,41.354916,0.8203471,29.972854068641947,29.972854068641887,0.0,0.0,0.0,0.0,0.0,0.0,0.0,0.0
3068,5878.741,39.724747,0.8847343,29.961271823026756,29.961271823026678,0.0,0.0,0.0,0.0,0.0,0.0,0.0,0.0
3069,5880.0933,39.25736,0.88223946,29.949725900708472,29.94972590070837,0.0,0.0,0.0,0.0,0.0,0.0,0.0,0.0
3070,5881.449,40.673706,0.83835006,29.938153753876485,29.93815375387635,0.0,0.0,0.0,0.0,0.0,0.0,0.0,0.0
3071,5882.8022,39.71492,0.7718029,29.92661372416757,29.926613724167396,0.0,0.0,0.0,0.0,0.0,0.0,0.0,0.0
3072,5884.156,39.033142,0.7542793,29.915076634310065,29.915076634309838,0.0,0.0,0.0,0.0,0.0,0.0,0.0,0.0
3073,5885.5127,40.335133,0.7747195,29.903517536996993,29.903517536996695,0.0,0.0,0.0,0.0,0.0,0.0,0.0,0.0
3074,5886.8667,40.801903,0.7845942,29.891990502840418,29.89199050284003,0.0,0.0,0.0,0.0,0.0,0.0,0.0,0.0
3075,5888.2236,39.480568,0.874292,29.8804456432263,29.88044564322579,0.0,0.0,0.0,0.0,0.0,0.0,0.0,0.0
3076,5889.5786,38.80414,0.9589773,29.86892450303846,29.8689245030378,0.0,0.0,0.0,0.0,0.0,0.0,0.0,0.0
3077,5890.9365,38.466908,1.0526795,29.85738556630924,29.857385566308384,0.0,0.0,0.0,0.0,0.0,0.0,0.0,0.0
3078,5892.292,38.563683,0.97581685,29.84587447211183,29.84587447211072,0.0,0.0,0.0,0.0,0.0,0.0,0.0,0.0
3079,5893.6475,37.818783,0.8569715,29.834370462042802,29.83437046204136,0.0,0.0,0.0,0.0,0.0,0.0,0.0,0.0
3080,5895.0063,37.50028,0.76507944,29.822844548233764,29.822844548231892,0.0,0.0,0.0,0.0,0.0,0.0,0.0,0.0
3081,5896.363,38.03387,0.7383021,29.811346430855235,29.811346430852815,0.0,0.0,0.0,0.0,0.0,0.0,0.0,0.0
3082,5897.722,38.11286,0.7445989,29.799830578819112,29.799830578815985,0.0,0.0,0.0,0.0,0.0,0.0,0.0,0.0
3083,5899.079,38.18284,0.7782444,29.78834249080594,29.78834249080191,0.0,0.0,0.0,0.0,0.0,0.0,0.0,0.0
3084,5900.4395,36.30104,0.82778245,29.776832561739315,29.776832561734114,0.0,0.0,0.0,0.0,0.0,0.0,0.0,0.0
3085,5901.7974,36.43554,0.8566497,29.76535036941229,29.765350369405596,0.0,0.0,0.0,0.0,0.0,0.0,0.0,0.0
3086,5903.1587,37.295307,0.78637016,29.75384636985632,29.75384636984771,0.0,0.0,0.0,0.0,0.0,0.0,0.0,0.0
3087,5904.5166,36.83841,0.7353531,29.742378324657444,29.742378324646396,0.0,0.0,0.0,0.0,0.0,0.0,0.0,0.0
3088,5905.8745,36.13049,0.73677593,29.73091733516859,29.73091733515443,0.0,0.0,0.0,0.0,0.0,0.0,0.0,0.0
3089,5907.237,36.859924,0.7635506,29.719426339099815,29.719426339081668,0.0,0.0,0.0,0.0,0.0,0.0,0.0,0.0
3090,5908.5957,37.67334,0.8311783,29.707971236272257,29.70797123624905,0.0,0.0,0.0,0.0,0.0,0.0,0.0,0.0
3091,5909.958,35.314342,0.9678825,29.696494395309312,29.696494395279657,0.0,0.0,0.0,0.0,0.0,0.0,0.0,0.0
3092,5911.318,33.666527,1.09571,29.685045180598088,29.685045180560255,0.0,0.0,0.0,0.0,0.0,0.0,0.0,0.0
3093,5912.6807,34.50642,0.9828773,29.67357836863848,29.673578368590253,0.0,0.0,0.0,0.0,0.0,0.0,0.0,0.0
3094,5914.041,34.665165,0.7797125,29.66213915071376,29.66213915065239,0.0,0.0,0.0,0.0,0.0,0.0,0.0,0.0
3095,5915.4014,35.183014,0.73017853,29.650706972064327,29.650706971986335,0.0,0.0,0.0,0.0,0.0,0.0,0.0,0.0
3096,5916.7656,33.858536,0.68360716,29.63924902955454,29.639249029455485,0.0,0.0,0.0,0.0,0.0,0.0,0.0,0.0
3097,5918.127,34.62856,0.6986424,29.627822737543337,29.627822737417755,0.0,0.0,0.0,0.0,0.0,0.0,0.0,0.0
3098,5919.4917,33.768406,0.68789804,29.616374814863608,29.616374814704514,0.0,0.0,0.0,0.0,0.0,0.0,0.0,0.0
3099,5920.8535,31.938854,0.6739669,29.604958505496842,29.60495850529566,0.0,0.0,0.0,0.0,0.0,0.0,0.0,0.0
3100,5922.2188,34.488094,0.69456947,29.593520593912157,29.593520593657928,0.0,0.0,0.0,0.0,0.0,0.0,0.0,0.0
3101,5923.581,32.981846,0.719022,29.582114258503093,29.582114258182422,0.0,0.0,0.0,0.0,0.0,0.0,0.0,0.0
3102,5924.944,33.30618,0.759949,29.570710856385965,29.570710855981975,0.0,0.0,0.0,0.0,0.0,0.0,0.0,0.0
3103,5926.31,32.958656,0.78235203,29.559285897159914,29.559285896651332,0.0,0.0,0.0,0.0,0.0,0.0,0.0,0.0
3104,5927.6733,32.836746,0.7552995,29.54789246102826,29.54789246038916,0.0,0.0,0.0,0.0,0.0,0.0,0.0,0.0
3105,5929.0405,33.20636,0.69921106,29.536473419172975,29.5364734183704,0.0,0.0,0.0,0.0,0.0,0.0,0.0,0.0
3106,5930.4043,32.36141,0.6999153,29.52508994286913,29.52508994186315,0.0,0.0,0.0,0.0,0.0,0.0,0.0,0.0
3107,5931.7715,33.15813,0.74407285,29.51368496613918,29.513684964879193,0.0,0.0,0.0,0.0,0.0,0.0,0.0,0.0
3108,5933.136,32.06986,0.9313322,29.50230736905987,29.502307367484445,0.0,0.0,0.0,0.0,0.0,0.0,0.0,0.0
3109,5934.5015,28.156393,1.1502973,29.490932706481836,29.49093270451442,0.0,0.0,0.0,0.0,0.0,0.0,0.0,0.0
3110,5935.87,28.270523,1.2752355,29.479536593418096,29.479536590963033,0.0,0.0,0.0,0.0,0.0,0.0,0.0,0.0
3111,5937.2354,31.983965,0.9833,29.468175943541336,29.468175940483473,0.0,0.0,0.0,0.0,0.0,0.0,0.0,0.0
3112,5938.6045,30.961943,0.8496777,29.456789806998607,29.45678980319256,0.0,0.0,0.0,0.0,0.0,0.0,0.0,0.0
3113,5939.9707,30.613447,0.8524557,29.44543503487341,29.44543503014457,0.0,0.0,0.0,0.0,0.0,0.0,0.0,0.0
3114,5941.3403,31.807156,0.82804716,29.434058868750743,29.43405886287992,0.0,0.0,0.0,0.0,0.0,0.0,0.0,0.0
3115,5942.7065,32.412415,0.77179563,29.42271808220164,29.422718074926582,0.0,0.0,0.0,0.0,0.0,0.0,0.0,0.0
3116,5944.074,32.28291,0.7196993,29.411372122622684,29.411372113617297,0.0,0.0,0.0,0.0,0.0,0.0,0.0,0.0
3117,5945.445,32.383827,0.762728,29.400008865812378,29.400008854674766,0.0,0.0,0.0,0.0,0.0,0.0,0.0,0.0
3118,5946.8125,32.868816,0.8623707,29.388676884170238,29.388676870419925,0.0,0.0,0.0,0.0,0.0,0.0,0.0,0.0
3119,5948.1836,32.507,0.903193,29.377323581628406,29.377323564666003,0.0,0.0,0.0,0.0,0.0,0.0,0.0,0.0
3120,5949.5522,33.381145,0.83905196,29.365997478267175,29.36599745737778,0.0,0.0,0.0,0.0,0.0,0.0,0.0,0.0
3121,5950.9243,32.451134,0.71794844,29.354650087301266,29.35465006159638,0.0,0.0,0.0,0.0,0.0,0.0,0.0,0.0
3122,5952.2935,31.790754,0.72286355,29.34333390357149,29.343333871996837,0.0,0.0,0.0,0.0,0.0,0.0,0.0,0.0
3123,5953.6626,32.60149,0.74610305,29.332024684645877,29.332024645912238,0.0,0.0,0.0,0.0,0.0,0.0,0.0,0.0
3124,5955.035,32.22025,0.7958901,29.320694218272628,29.320694170795555,0.0,0.0,0.0,0.0,0.0,0.0,0.0,0.0
3125,5956.4053,31.10338,0.7856227,29.30939087545377,29.309390817357553,0.0,0.0,0.0,0.0,0.0,0.0,0.0,0.0
3126,5957.779,31.636583,0.7573274,29.298066318809546,29.2980662477775,0.0,0.0,0.0,0.0,0.0,0.0,0.0,0.0
3127,5959.1494,31.635422,0.70618737,29.286772881951713,29.286772795255786,0.0,0.0,0.0,0.0,0.0,0.0,0.0,0.0
3128,5960.5234,31.299627,0.7531839,29.27545826020239,29.275458154476162,0.0,0.0,0.0,0.0,0.0,0.0,0.0,0.0
3129,5961.895,31.368973,0.83704203,29.264170705766062,29.26417057704853,0.0,0.0,0.0,0.0,0.0,0.0,0.0,0.0
3130,5963.2666,31.192856,0.8403417,29.25289010320911,29.25288994670821,0.0,0.0,0.0,0.0,0.0,0.0,0.0,0.0
3131,5964.6416,30.506338,0.81252795,29.24158836244868,29.241588172327567,0.0,0.0,0.0,0.0,0.0,0.0,0.0,0.0
3132,5966.0137,31.220972,0.69653195,29.2303176566812,29.230317426119534,0.0,0.0,0.0,0.0,0.0,0.0,0.0,0.0
3133,5967.389,31.402496,0.6694884,29.219025843022482,29.219025563655638,0.0,0.0,0.0,0.0,0.0,0.0,0.0,0.0
3134,5968.762,31.423254,0.6676721,29.20776102605617,29.207760688118377,0.0,0.0,0.0,0.0,0.0,0.0,0.0,0.0
3135,5970.1387,31.588469,0.66969424,29.196475137447763,29.19647472900961,0.0,0.0,0.0,0.0,0.0,0.0,0.0,0.0
3136,5971.512,30.852331,0.67065895,29.185220222873816,29.185219730082643,0.0,0.0,0.0,0.0,0.0,0.0,0.0,0.0
3137,5972.8857,30.30175,0.65409625,29.17397225066064,29.173971656884632,0.0,0.0,0.0,0.0,0.0,0.0,0.0,0.0
3138,5974.263,31.160215,0.66284066,29.162699259152312,29.162698544272196,0.0,0.0,0.0,0.0,0.0,0.0,0.0,0.0
3139,5975.6377,30.997953,0.6567032,29.151457198931556,29.151456339734185,0.0,0.0,0.0,0.0,0.0,0.0,0.0,0.0
3140,5977.0156,31.808851,0.71904814,29.14019415500832,29.140193123263547,0.0,0.0,0.0,0.0,0.0,0.0,0.0,0.0
3141,5978.39,33.259155,0.9246242,29.128966002782136,29.128964766050103,0.0,0.0,0.0,0.0,0.0,0.0,0.0,0.0
3142,5979.769,31.389513,1.0430628,29.117708930770846,29.117707449447266,0.0,0.0,0.0,0.0,0.0,0.0,0.0,0.0
3143,5981.145,29.689177,1.2106477,29.106482744421903,29.10648097317881,0.0,0.0,0.0,0.0,0.0,0.0,0.0,0.0
3144,5982.5205,30.530249,1.1340903,29.09526750133874,29.095265386389755,0.0,0.0,0.0,0.0,0.0,0.0,0.0,0.0
3145,5983.9,31.397957,0.8501726,29.084027399676614,29.084024876432267,0.0,0.0,0.0,0.0,0.0,0.0,0.0,0.0
3146,5985.277,31.209446,0.85156476,29.07281418013016,29.072811174728564,0.0,0.0,0.0,0.0,0.0,0.0,0.0,0.0
3147,5986.657,30.292267,0.9007642,29.061580141341665,29.0615765648879,0.0,0.0,0.0,0.0,0.0,0.0,0.0,0.0
3148,5988.0347,29.760921,0.82500297,29.050376956000523,29.05037270724964,0.0,0.0,0.0,0.0,0.0,0.0,0.0,0.0
3149,5989.415,31.415197,0.7072424,29.039156979375317,29.039151936863842,0.0,0.0,0.0,0.0,0.0,0.0,0.0,0.0
3150,5990.793,30.610556,0.6912596,29.027963886896586,29.027957912143492,0.0,0.0,0.0,0.0,0.0,0.0,0.0,0.0
3151,5992.171,31.142723,0.7375184,29.016777845315946,29.016770775430277,0.0,0.0,0.0,0.0,0.0,0.0,0.0,0.0
3152,5993.553,30.787176,0.7924808,29.00556323452983,29.005554875531374,0.0,0.0,0.0,0.0,0.0,0.0,0.0,0.0
3153,5994.9316,29.107185,0.7769145,28.99438742640924,28.99437756114022,0.0,0.0,0.0,0.0,0.0,0.0,0.0,0.0
3154,5996.314,30.300287,0.73352844,28.983187109205442,28.983175476413503,0.0,0.0,0.0,0.0,0.0,0.0,0.0,0.0
3155,5997.6934,30.767931,0.68489146,28.9720177137606,28.972004019935433,0.0,0.0,0.0,0.0,0.0,0.0,0.0,0.0
3156,5999.0767,30.617657,0.6682425,28.960823935995265,28.9608078302047,0.0,0.0,0.0,0.0,0.0,0.0,0.0,0.0
3157,6000.4565,31.329576,0.67302406,28.94966509555538,28.94964618596909,0.0,0.0,0.0,0.0,0.0,0.0,0.0,0.0
3158,6001.8403,30.789915,0.65236205,28.938482022344616,28.938459840643773,0.0,0.0,0.0,0.0,0.0,0.0,0.0,0.0
3159,6003.2207,29.434587,0.64877486,28.92733397480907,28.927307999955072,0.0,0.0,0.0,0.0,0.0,0.0,0.0,0.0
3160,6004.602,30.566357,0.6928626,28.916185516229174,28.916155137001564,0.0,0.0,0.0,0.0,0.0,0.0,0.0,0.0
3161,6005.987,29.990036,0.72638017,28.905017063375894,28.90498156708189,0.0,0.0,0.0,0.0,0.0,0.0,0.0,0.0
3162,6007.3687,30.643633,0.7834484,28.893879912657674,28.893838506783602,0.0,0.0,0.0,0.0,0.0,0.0,0.0,0.0
3163,6008.7534,30.33771,0.76917106,28.882726950534778,28.882678700553004,0.0,0.0,0.0,0.0,0.0,0.0,0.0,0.0
3164,6010.1357,30.070452,0.6812196,28.87160156636253,28.87154543178565,0.0,0.0,0.0,0.0,0.0,0.0,0.0,0.0
3165,6011.522,30.621197,0.65081114,28.86045282876978,28.860387581408872,0.0,0.0,0.0,0.0,0.0,0.0,0.0,0.0
3166,6012.905,30.340424,0.6395312,28.84933980960945,28.849264100316436,0.0,0.0,0.0,0.0,0.0,0.0,0.0,0.0
3167,6014.288,29.90672,0.6402481,28.838231273772696,28.83814353866052,0.0,0.0,0.0,0.0,0.0,0.0,0.0,0.0
3168,6015.675,29.481352,0.6692455,28.827103938249817,28.827002367460405,0.0,0.0,0.0,0.0,0.0,0.0,0.0,0.0
3169,6017.0586,29.687254,0.91481465,28.81600897633581,28.815891582863344,0.0,0.0,0.0,0.0,0.0,0.0,0.0,0.0
3170,6018.4473,28.76119,0.9919123,28.804884031680302,28.804748465063057,0.0,0.0,0.0,0.0,0.0,0.0,0.0,0.0
3171,6019.8315,27.88054,1.2787399,28.793803726722366,28.79364745606214,0.0,0.0,0.0,0.0,0.0,0.0,0.0,0.0
3172,6021.22,30.202675,0.919299,28.782698041402814,28.782518067448013,0.0,0.0,0.0,0.0,0.0,0.0,0.0,0.0
3173,6022.605,29.638842,0.717077,28.77163373355754,28.77142682293081,0.0,0.0,0.0,0.0,0.0,0.0,0.0,0.0
3174,6023.99,29.722214,0.6566575,28.760576063305727,28.76033849353984,0.0,0.0,0.0,0.0,0.0,0.0,0.0,0.0
3175,6025.38,30.661957,0.655196,28.749494363447525,28.749221841843905,0.0,0.0,0.0,0.0,0.0,0.0,0.0,0.0
3176,6026.766,31.422764,0.68120056,28.738451453713637,28.73813936626742,0.0,0.0,0.0,0.0,0.0,0.0,0.0,0.0
3177,6028.156,30.712233,0.76355696,28.727393442540333,28.727036409845013,0.0,0.0,0.0,0.0,0.0,0.0,0.0,0.0
3178,6029.5425,28.850191,0.91489047,28.71637146929482,28.715963686649623,0.0,0.0,0.0,0.0,0.0,0.0,0.0,0.0
3179,6030.9326,30.301168,0.9147477,28.70533577674497,28.704870509494423,0.0,0.0,0.0,0.0,0.0,0.0,0.0,0.0
3180,6032.3203,30.370317,0.8587565,28.6943336508383,28.693803637140146,0.0,0.0,0.0,0.0,0.0,0.0,0.0,0.0
3181,6033.708,30.166306,0.66841924,28.68334652949517,28.682743575602505,0.0,0.0,0.0,0.0,0.0,0.0,0.0,0.0
3182,6035.099,29.511019,0.65067035,28.672348321648112,28.67166310275186,0.0,0.0,0.0,0.0,0.0,0.0,0.0,0.0
3183,6036.4873,29.50096,0.6519442,28.661390220478285,28.66061277666559,0.0,0.0,0.0,0.0,0.0,0.0,0.0,0.0
3184,6037.8794,32.033203,0.86864907,28.650419379318084,28.649538182794533,0.0,0.0,0.0,0.0,0.0,0.0,0.0,0.0
3185,6039.2686,31.383215,1.0859665,28.6394908835939,28.638493704988143,0.0,0.0,0.0,0.0,0.0,0.0,0.0,0.0
3186,6040.661,29.49866,1.0483829,28.62855611002435,28.627428874200106,0.0,0.0,0.0,0.0,0.0,0.0,0.0,0.0
3187,6042.051,29.317698,1.0005246,28.617666324047022,28.616394124022335,0.0,0.0,0.0,0.0,0.0,0.0,0.0,0.0
3188,6043.441,30.030447,0.80811846,28.606796212469572,28.605362289793202,0.0,0.0,0.0,0.0,0.0,0.0,0.0,0.0
3189,6044.8345,30.306534,0.6840723,28.595924626458675,28.594310145015136,0.0,0.0,0.0,0.0,0.0,0.0,0.0,0.0
3190,6046.2246,30.337715,0.6562647,28.585106683218008,28.583291899085133,0.0,0.0,0.0,0.0,0.0,0.0,0.0,0.0
3191,6047.6196,29.396526,0.6430396,28.574279764067736,28.572241764847544,0.0,0.0,0.0,0.0,0.0,0.0,0.0,0.0
3192,6049.0103,28.32782,0.6291272,28.563517957518197,28.561233227199263,0.0,0.0,0.0,0.0,0.0,0.0,0.0,0.0
3193,6050.4053,29.515598,0.6427213,28.552755478724883,28.5501967039444,0.0,0.0,0.0,0.0,0.0,0.0,0.0,0.0
3194,6051.7974,30.132011,0.6393773,28.54205126403634,28.539190144695233,0.0,0.0,0.0,0.0,0.0,0.0,0.0,0.0
3195,6053.1895,29.334442,0.6574945,28.531385213320856,28.52819035872609,0.0,0.0,0.0,0.0,0.0,0.0,0.0,0.0
3196,6054.5854,30.32253,0.71693146,28.520730274313863,28.517166503056686,0.0,0.0,0.0,0.0,0.0,0.0,0.0,0.0
3197,6055.978,29.543886,0.9635205,28.510145248506525,28.50617641316385,0.0,0.0,0.0,0.0,0.0,0.0,0.0,0.0
3198,6057.3745,28.652853,0.9410465,28.49957755432025,28.49516228484482,0.0,0.0,0.0,0.0,0.0,0.0,1.96e-43,0.0
3199,6058.768,30.988754,0.9951532,28.489082196939055,28.484178034800355,0.0,0.0,0.0,0.0,0.0,0.0,1.96e-43,0.0
3200,6060.1655,31.467974,0.7881814,28.478611174146486,28.47316978230591,0.0,0.0,0.0,0.0,0.0,0.0,3.92e-43,0.0
3201,6061.5596,29.901958,0.6681152,28.4682229808823,28.462195220432502,0.0,0.0,0.0,0.0,0.0,0.0,7.85e-43,0.0
3202,6062.954,32.268177,0.76750237,28.45789209651352,28.451223570299902,0.0,0.0,0.0,0.0,0.0,0.0,1.57e-42,0.0
3203,6064.352,27.572857,0.9863836,28.44760103260415,28.440231804896765,0.0,0.0,0.0,0.0,0.0,0.0,2.552e-42,0.0
3204,6065.7476,28.12587,1.3156838,28.43739711505838,28.42926599656709,0.0,0.0,0.0,0.0,0.0,0.0,4.514e-42,0.0
3205,6067.146,30.456022,1.0021929,28.427245419397416,28.418283937423887,0.0,0.0,0.0,0.0,0.0,0.0,8.046e-42,0.0
3206,6068.542,29.725574,0.81407833,28.417189436309098,28.40732780499017,0.0,0.0,0.0,0.0,0.0,0.0,1.4129e-41,0.0
3207,6069.9414,27.542986,0.7292411,28.407191679603674,28.396351614757695,0.0,0.0,0.0,0.0,0.0,0.0,2.4726e-41,0.0
3208,6071.3374,29.207224,0.6688915,28.397305750445383,28.385408978135246,0.0,0.0,0.0,0.0,0.0,0.0,4.3173e-41,0.0
3209,6072.734,31.011387,0.6794454,28.38750862064527,28.374469248715208,0.0,0.0,0.0,0.0,0.0,0.0,7.5159e-41,0.0
3210,6074.1343,29.963356,0.6511629,28.377781788534477,28.363505677036002,0.0,0.0,0.0,0.0,0.0,0.0,1.31283e-40,0.0
3211,6075.5317,30.6152,0.6658825,28.368177996883286,28.35257178259094,0.0,0.0,0.0,0.0,0.0,0.0,2.28421e-40,0.0
3212,6076.9326,30.798428,0.6670701,28.358658942713184,28.34161789840345,0.0,0.0,0.0,0.0,0.0,0.0,3.97578e-40,0.0
3213,6078.3306,30.540617,0.66619503,28.349273145113255,28.330693656493093,0.0,0.0,0.0,0.0,0.0,0.0,6.89777e-40,0.0
3214,6079.732,33.299747,0.68059015,28.33998345099896,28.31974945106119,0.0,0.0,0.0,0.0,0.0,0.0,1.196658e-39,0.0
3215,6081.131,28.206676,0.7274944,28.330834263597914,28.30883104320366,0.0,0.0,0.0,0.0,0.0,0.0,2.07031e-39,0.0
3216,6082.53,28.660763,0.7431261,28.321814737684598,28.297919354803433,0.0,0.0,0.0,0.0,0.0,0.0,3.576634e-39,0.0
3217,6083.9326,29.171509,0.8220506,28.31290570509954,28.286983939384655,0.0,0.0,0.0,0.0,0.0,0.0,6.178356e-39,0.0
3218,6085.3325,29.378267,0.7421371,28.30415613736425,28.276078086080293,0.0,0.0,0.0,0.0,0.0,0.0,1.0643162e-38,0.0
3219,6086.7354,30.515488,0.74536467,28.295534802271337,28.265156142084212,0.0,0.0,0.0,0.0,0.0,0.0,1.8326466e-38,0.0
3220,6088.1357,30.16447,0.69898635,28.287080069153152,28.254259922622285,0.0,0.0,0.0,0.0,0.0,0.0,3.1475392e-38,0.0
3221,6089.5396,30.713545,0.7016331,28.27876193880121,28.24334383814613,0.0,0.0,0.0,0.0,0.0,0.0,5.404374e-38,0.0
3222,6090.9404,29.400396,0.7562953,28.27062315447729,28.23245724617045,0.0,0.0,0.0,0.0,0.0,0.0,9.25417e-38,0.0
3223,6092.342,29.654568,0.81221807,28.262648340447775,28.221573561563126,0.0,0.0,0.0,0.0,0.0,0.0,1.5823883e-37,0.0
3224,6093.747,30.382608,0.85068446,28.25482354240594,28.21066626461325,0.0,0.0,0.0,0.0,0.0,0.0,2.7054443e-37,0.0
3225,6095.1484,29.739311,0.7378342,28.247196786500176,28.19979598785158,0.0,0.0,0.0,0.0,0.0,0.0,4.6112876e-37,0.0
3226,6096.554,29.117687,0.6852273,28.239727304209794,28.18889834069165,0.0,0.0,0.0,0.0,0.0,0.0,7.8602405e-37,0.0
3227,6097.9565,28.96721,0.665812,28.23246083744584,28.178033887974603,0.0,0.0,0.0,0.0,0.0,0.0,1.3359401e-36,0.0
3228,6099.363,29.140533,0.6729528,28.225363305375776,28.167145884201727,0.0,0.0,0.0,0.0,0.0,0.0,2.2703101e-36,0.0
3229,6100.766,29.71434,0.6752509,28.218472933397084,28.156287258491307,0.0,0.0,0.0,0.0,0.0,0.0,3.8477225e-36,0.0
3230,6102.1694,30.015432,0.69161355,28.211777936905666,28.145435314863963,0.0,0.0,0.0,0.0,0.0,0.0,6.510682e-36,0.0
3231,6103.576,29.77047,0.6864205,28.205265679467892,28.134563640762543,0.0,0.0,0.0,0.0,0.0,0.0,1.1012945e-35,0.0
3232,6104.9805,29.533607,0.68429023,28.19896613437611,28.12371752042252,0.0,0.0,0.0,0.0,0.0,0.0,1.8581908e-35,0.0
3233,6106.388,28.998915,0.6752104,28.192855594989524,28.11285170012401,0.0,0.0,0.0,0.0,0.0,0.0,3.1341853e-35,0.0
3234,6107.793,29.293877,0.6760105,28.186963832706635,28.10201517376346,0.0,0.0,0.0,0.0,0.0,0.0,5.2722115e-35,0.0
3235,6109.2017,29.701971,0.69623995,28.181264223170174,28.091155210149182,0.0,0.0,0.0,0.0,0.0,0.0,8.8671637e-35,0.0
3236,6110.607,29.55886,0.6857709,28.17578817218869,28.080328271392275,0.0,0.0,0.0,0.0,0.0,0.0,1.487068e-34,0.0
3237,6112.016,29.062458,0.6739671,28.17050869277657,28.06947792581261,0.0,0.0,0.0,0.0,0.0,0.0,2.4934315e-34,0.0
3238,6113.4224,29.004728,0.672168,28.165452947780846,28.05865680979228,0.0,0.0,0.0,0.0,0.0,0.0,4.169663e-34,0.0
3239,6114.8286,29.393183,0.6897468,28.160610943310285,28.04784235286,0.0,0.0,0.0,0.0,0.0,0.0,6.961541e-34,0.0
3240,6116.239,29.240986,0.7165096,28.15597137718053,28.037004536972955,0.0,0.0,0.0,0.0,0.0,0.0,1.162038e-33,0.0
3241,6117.6455,28.817106,0.70840985,28.151559707314576,28.02619965055665,0.0,0.0,0.0,0.0,0.0,0.0,1.9341911e-33,0.0
3242,6119.056,28.930393,0.6868645,28.14735447727241,28.015371435509103,0.0,0.0,0.0,0.0,0.0,0.0,3.2187625e-33,0.0
3243,6120.465,29.327202,0.69443214,28.143375317956842,28.0045648770589,0.0,0.0,0.0,0.0,0.0,0.0,5.344019e-33,0.0
3244,6121.876,28.911243,0.71839744,28.13961188023391,27.993746261051324,0.0,0.0,0.0,0.0,0.0,0.0,8.865957e-33,0.0
3245,6123.2847,28.967957,0.754828,28.13607965861682,27.982953016508855,0.0,0.0,0.0,0.0,0.0,0.0,1.467235e-32,0.0
3246,6124.693,29.09184,0.7412693,28.13277611946898,27.972170152424148,0.0,0.0,0.0,0.0,0.0,0.0,2.4238095e-32,0.0
3247,6126.106,29.559889,0.70306706,28.12969337551717,27.961356566835683,0.0,0.0,0.0,0.0,0.0,0.0,4.0044875e-32,0.0
3248,6127.5146,29.938265,0.69724405,28.126856493728905,27.950583252089768,0.0,0.0,0.0,0.0,0.0,0.0,6.594934e-32,0.0
3249,6128.9277,29.402443,0.6718378,28.12425337133701,27.939782986023975,0.0,0.0,0.0,0.0,0.0,0.0,1.0860524e-31,0.0
3250,6130.338,28.27984,0.66443795,28.12190460207546,27.929011752630117,0.0,0.0,0.0,0.0,0.0,0.0,1.7837527e-31,0.0
3251,6131.7515,29.323008,0.6804565,28.11980798129597,27.91822106425324,0.0,0.0,0.0,0.0,0.0,0.0,2.9284174e-31,0.0
3252,6133.1616,29.75458,0.6767694,28.1179832167039,27.90746309822894,0.0,0.0,0.0,0.0,0.0,0.0,4.794154e-31,0.0
3253,6134.5728,29.172722,0.680195,28.116435190051856,27.89670430621511,0.0,0.0,0.0,0.0,0.0,0.0,7.838406e-31,0.0
3254,6135.988,29.108246,0.6725124,28.11517529996223,27.88592238040752,0.0,0.0,0.0,0.0,0.0,0.0,1.2812411e-30,0.0
3255,6137.399,29.702171,0.68365383,28.114225651551447,27.87517684273835,0.0,0.0,0.0,0.0,0.0,0.0,2.0880381e-30,0.0
3256,6138.8145,29.373573,0.67738616,28.11359832915544,27.864404481976027,0.0,0.0,0.0,0.0,0.0,0.0,3.4025115e-30,0.0
3257,6140.2266,29.912025,0.6856095,28.113316742346026,27.85366475360129,0.0,0.0,0.0,0.0,0.0,0.0,5.528976e-30,0.0
3258,6141.6426,29.224161,0.6666953,28.113402045141267,27.842901951442766,0.0,0.0,0.0,0.0,0.0,0.0,8.981744e-30,0.0
3259,6143.0557,29.167665,0.6843632,28.11387907704218,27.832168035114844,0.0,0.0,0.0,0.0,0.0,0.0,1.4552584e-29,0.0
3260,6144.4683,29.337736,0.680699,28.114774980100563,27.821444429906776,0.0,0.0,0.0,0.0,0.0,0.0,2.3536087e-29,0.0
3261,6145.8857,28.97218,0.68919253,28.11612604438456,27.81069038688334,0.0,0.0,0.0,0.0,0.0,0.0,3.8066388e-29,0.0
3262,6147.2993,28.98574,0.6894562,28.11795797320861,27.799972587552254,0.0,0.0,0.0,0.0,0.0,0.0,6.13861e-29,0.0
3263,6148.717,28.772879,0.7293371,28.120318099252724,27.78923179148867,0.0,0.0,0.0,0.0,0.0,0.0,9.895918e-29,0.0
3264,6150.1313,28.543018,0.69224906,28.123235751350055,27.778519798476825,0.0,0.0,0.0,0.0,0.0,0.0,1.5911416e-28,0.0
3265,6151.55,29.044264,0.7083698,28.12676922409006,27.767784843129597,0.0,0.0,0.0,0.0,0.0,0.0,2.5575204e-28,0.0
3266,6152.965,29.713608,0.7829488,28.13094748090252,27.757082353339044,0.0,0.0,0.0,0.0,0.0,0.0,4.0994286e-28,0.0
3267,6154.3804,29.688066,0.77952486,28.13582997077595,27.746382758556713,0.0,0.0,0.0,0.0,0.0,0.0,6.561321e-28,0.0
3268,6155.7993,29.069832,0.7044847,28.141483232591042,27.73566393575419,0.0,0.0,0.0,0.0,0.0,0.0,1.0496328e-27,0.0
3269,6157.216,28.678114,0.71580875,28.14794136716676,27.724970148342372,0.0,0.0,0.0,0.0,0.0,0.0,1.6750448e-27,0.0
3270,6158.6353,28.38164,0.6860478,28.155288874205088,27.71426084547851,0.0,0.0,0.0,0.0,0.0,0.0,2.6712874e-27,0.0
3271,6160.052,28.383076,0.69343734,28.163557945446048,27.703580229238543,0.0,0.0,0.0,0.0,0.0,0.0,4.2489824e-27,0.0
3272,6161.472,29.011969,0.68802816,28.172854960796336,27.692876757022837,0.0,0.0,0.0,0.0,0.0,0.0,6.7560606e-27,0.0
3273,6162.8896,29.358934,0.73856103,28.18320395581611,27.682201942132792,0.0,0.0,0.0,0.0,0.0,0.0,1.071459e-26,0.0
3274,6164.3076,27.94234,0.718142,28.19469703596204,27.67153002184003,0.0,0.0,0.0,0.0,0.0,0.0,1.6967378e-26,0.0
3275,6165.7295,27.393166,0.7110729,28.2074392148909,27.66083529681534,0.0,0.0,0.0,0.0,0.0,0.0,2.6859007e-26,0.0
3276,6167.148,29.490334,0.739636,28.22143873076731,27.65017285447413,0.0,0.0,0.0,0.0,0.0,0.0,4.2400793e-26,0.0
3277,6168.57,29.341112,0.7166479,28.23683802705265,27.639491303972967,0.0,0.0,0.0,0.0,0.0,0.0,6.6899226e-26,0.0
3278,6169.9893,27.927332,0.735286,28.253650247139323,27.628834663910258,0.0,0.0,0.0,0.0,0.0,0.0,1.0529665e-25,0.0
3279,6171.4116,28.211086,0.7169213,28.272014832050125,27.61816260770015,0.0,0.0,0.0,0.0,0.0,0.0,1.6561444e-25,0.0
3280,6172.8315,29.233603,0.6990601,28.29193858136496,27.60751543273291,0.0,0.0,0.0,0.0,0.0,0.0,2.5985524e-25,0.0
3281,6174.2515,28.64743,0.69221914,28.313525355439623,27.596874809842546,0.0,0.0,0.0,0.0,0.0,0.0,4.0705442e-25,0.0
3282,6175.6753,28.183676,0.68085515,28.336914047783676,27.58621148783571,0.0,0.0,0.0,0.0,0.0,0.0,6.3737175e-25,0.0
3283,6177.096,28.31401,0.682562,28.362064421729727,27.57557666357009,0.0,0.0,0.0,0.0,0.0,0.0,9.954434e-25,0.0
3284,6178.5205,28.598412,0.6819618,28.389157310963814,27.564922825337593,0.0,0.0,0.0,0.0,0.0,0.0,1.5537821e-24,0.0
3285,6179.942,28.931946,0.7152072,28.41813648148763,27.55429745122182,0.0,0.0,0.0,0.0,0.0,0.0,2.4190714e-24,0.0
3286,6181.367,29.359085,0.72425944,28.449203199481147,27.54364944133677,0.0,0.0,0.0,0.0,0.0,0.0,3.7646107e-24,0.0
3287,6182.789,28.133642,0.7091487,28.482253512631146,27.533033510933606,0.0,0.0,0.0,0.0,0.0,0.0,5.8427003e-24,0.0
3288,6184.2114,28.606333,0.71257895,28.51742023596412,27.522420469614328,0.0,0.0,0.0,0.0,0.0,0.0,9.054358e-24,0.0
3289,6185.637,29.10623,0.71560776,28.55482672776587,27.511788478750063,0.0,0.0,0.0,0.0,0.0,0.0,1.4023022e-23,0.0
3290,6187.06,29.451218,0.7338899,28.59434263862907,27.501184870379557,0.0,0.0,0.0,0.0,0.0,0.0,2.166293e-23,0.0
3291,6188.487,29.660564,0.7378376,28.636187154089388,27.490558701788363,0.0,0.0,0.0,0.0,0.0,0.0,3.3449712e-23,0.0
3292,6189.9106,28.882385,0.76470876,28.680180279457243,27.479960886680754,0.0,0.0,0.0,0.0,0.0,0.0,5.1518218e-23,0.0
3293,6191.338,29.888584,0.75442874,28.726528562351827,27.46934417609847,0.0,0.0,0.0,0.0,0.0,0.0,7.929777e-23,0.0
3294,6192.763,28.596092,0.72999024,28.77506036423651,27.458748527993833,0.0,0.0,0.0,0.0,0.0,0.0,1.2178307e-22,0.0
3295,6194.1865,29.558353,0.7414023,28.825754314294382,27.448173910012766,0.0,0.0,0.0,0.0,0.0,0.0,1.8661165e-22,0.0
3296,6195.6147,30.24215,0.7905162,28.87883835124524,27.43756954955609,0.0,0.0,0.0,0.0,0.0,0.0,2.8589576e-22,0.0
3297,6197.041,28.389462,0.7674826,28.934031247713516,27.426986217119644,0.0,0.0,0.0,0.0,0.0,0.0,4.370196e-22,0.0
3298,6198.469,28.327398,0.71886736,28.99143800390328,27.416394921666036,0.0,0.0,0.0,0.0,0.0,0.0,6.673063e-22,0.0
3299,6199.896,27.757952,0.6730975,29.050863427147036,27.405821007713442,0.0,0.0,0.0,0.0,0.0,0.0,1.0168144e-21,0.0
3300,6201.325,28.048399,0.67931205,29.112400758334093,27.39523552662938,0.0,0.0,0.0,0.0,0.0,0.0,1.5479217e-21,0.0
3301,6202.752,28.886656,0.68143773,29.175756424008377,27.384674637852676,0.0,0.0,0.0,0.0,0.0,0.0,2.3508453e-21,0.0
3302,6204.1787,28.960308,0.69295603,29.240936887742,27.37412024784179,0.0,0.0,0.0,0.0,0.0,0.0,3.5643354e-21,0.0
3303,6205.61,28.29495,0.6859674,29.30804151115373,27.363539872741253,0.0,0.0,0.0,0.0,0.0,0.0,5.4021587e-21,0.0
3304,6207.0366,28.402445,0.6849925,29.376536119568947,27.352998483765724,0.0,0.0,0.0,0.0,0.0,0.0,8.1635464e-21,0.0
3305,6208.4688,28.01763,0.7526054,29.446756377244125,27.342423930192123,0.0,0.0,0.0,0.0,0.0,0.0,1.2335089e-20,0.0
3306,6209.897,28.718554,0.7573759,29.518101788195015,27.33188471856916,0.0,0.0,0.0,0.0,0.0,0.0,1.8586302e-20,0.0
3307,6211.3286,29.239162,0.7654733,29.590779603096674,27.3213267928092,0.0,0.0,0.0,0.0,0.0,0.0,2.798641e-20,0.0
3308,6212.758,29.117346,0.76502734,29.664323772180396,27.31079336522849,0.0,0.0,0.0,0.0,0.0,0.0,4.204095e-20,0.0
3309,6214.187,28.794548,0.69418687,29.738677179121357,27.30026642014919,0.0,0.0,0.0,0.0,0.0,0.0,6.304886e-20,0.0
3310,6215.6196,28.696543,0.69414407,29.813831593933703,27.28972079986632,0.0,0.0,0.0,0.0,0.0,0.0,9.4488105e-20,0.0
3311,6217.0493,29.362093,0.7396108,29.889255813468786,27.27920322786698,0.0,0.0,0.0,0.0,0.0,0.0,1.4125218e-19,0.0
3312,6218.4834,30.24958,0.75315404,29.96513032664811,27.268659827609415,0.0,0.0,0.0,0.0,0.0,0.0,2.1106735e-19,0.0
3313,6219.913,29.833488,0.7415436,30.040778740413096,27.25815521097889,0.0,0.0,0.0,0.0,0.0,0.0,3.1447864e-19,0.0
3314,6221.348,29.122879,0.7132374,30.116499328687386,27.24761762626429,0.0,0.0,0.0,0.0,0.0,0.0,4.684717e-19,0.0
3315,6222.7793,28.81354,0.68980736,30.19158035196801,27.23711520113488,0.0,0.0,0.0,0.0,0.0,0.0,6.9594955e-19,0.0
3316,6224.215,27.720057,0.67003113,30.26623149837414,27.226587018622553,0.0,0.0,0.0,0.0,0.0,0.0,1.0334078e-18,0.0
3317,6225.646,28.090899,0.66824836,30.339771208957895,27.216097531513437,0.0,0.0,0.0,0.0,0.0,0.0,1.5300885e-18,0.0
3318,6227.0786,29.432146,0.6857077,30.412277867754234,27.20560376878573,0.0,0.0,0.0,0.0,0.0,0.0,2.2626014e-18,0.0
3319,6228.514,29.25943,0.7082932,30.483596764391805,27.195095024889852,0.0,0.0,0.0,0.0,0.0,0.0,3.3428749e-18,0.0
3320,6229.9473,28.917599,0.6909089,30.55324078691005,27.184610616087905,0.0,0.0,0.0,0.0,0.0,0.0,4.9273867e-18,0.0
3321,6231.384,29.315002,0.6938198,30.621277219408707,27.174107677096085,0.0,0.0,0.0,0.0,0.0,0.0,7.2574685e-18,0.0
3322,6232.818,28.361624,0.67799634,30.68721722958322,27.163629049041226,0.0,0.0,0.0,0.0,0.0,0.0,1.0664482e-17,0.0
3323,6234.255,28.87216,0.6828758,30.75110668488745,27.153135483944457,0.0,0.0,0.0,0.0,0.0,0.0,1.5656934e-17,0.0
3324,6235.689,29.163519,0.68997425,30.812494125362633,27.142669763561486,0.0,0.0,0.0,0.0,0.0,0.0,2.2930054e-17,0.0
3325,6237.123,29.447906,0.6855018,30.87133215774174,27.132210482250407,0.0,0.0,0.0,0.0,0.0,0.0,3.3525567e-17,0.0
3326,6238.5615,29.64043,0.70360035,30.92762237228749,27.121725613254288,0.0,0.0,0.0,0.0,0.0,0.0,4.8991436e-17,0.0
3327,6239.997,29.52586,0.6893155,30.980920817535726,27.111268546264974,0.0,0.0,0.0,0.0,0.0,0.0,7.1416855e-17,0.0
3328,6241.4355,29.330702,0.6965036,31.03130520749294,27.100796593906516,0.0,0.0,0.0,0.0,0.0,0.0,1.0401204e-16,0.0
3329,6242.872,28.694464,0.67429286,31.078479926212008,27.090345303638156,0.0,0.0,0.0,0.0,0.0,0.0,1.5115258e-16,0.0
3330,6244.311,29.208256,0.6856648,31.122483332999508,27.07988270128564,0.0,0.0,0.0,0.0,0.0,0.0,2.1942624e-16,0.0
3331,6245.7476,29.635042,0.6897435,31.16307936619981,27.069444283954937,0.0,0.0,0.0,0.0,0.0,0.0,3.1780276e-16,0.0
3332,6247.1846,29.357645,0.75332457,31.200291303117762,27.0590087446766,0.0,0.0,0.0,0.0,0.0,0.0,4.5957085e-16,0.0
3333,6248.6255,28.915833,0.668605,31.234141076646925,27.048551286302686,0.0,0.0,0.0,0.0,0.0,0.0,6.641213e-16,0.0
3334,6250.0625,28.732542,0.6744881,31.264421689597462,27.038128602591847,0.0,0.0,0.0,0.0,0.0,0.0,9.571449e-16,0.0
3335,6251.504,27.78409,0.6634726,31.29129657063211,27.02768048557962,0.0,0.0,0.0,0.0,0.0,0.0,1.3786672e-15,0.0
3336,6252.9414,29.130219,0.6992614,31.314622276818298,27.017267101799984,0.0,0.0,0.0,0.0,0.0,0.0,1.980523e-15,0.0
3337,6254.384,29.024189,0.7521852,31.334574035876663,27.006824783557324,0.0,0.0,0.0,0.0,0.0,0.0,2.8438051e-15,0.0
3338,6255.8223,29.524649,0.83385855,31.351078149371983,26.996417161517975,0.0,0.0,0.0,0.0,0.0,0.0,4.072506e-15,0.0
3339,6257.2617,30.686108,0.93094337,31.36427617088899,26.986008882680974,0.0,0.0,0.0,0.0,0.0,0.0,5.823657e-15,0.0
3340,6258.7046,27.081465,0.9372547,31.37426872685672,26.97558231786013,0.0,0.0,0.0,0.0,0.0,0.0,8.320774e-15,0.0
3341,6260.1445,29.092695,0.93154734,31.381121712098256,26.965183334717874,0.0,0.0,0.0,0.0,0.0,0.0,1.1859997e-14,0.0
3342,6261.5884,30.49739,0.95887285,31.384993184017304,26.954762566494093,0.0,0.0,0.0,0.0,0.0,0.0,1.689205e-14,0.0
3343,6263.0283,29.148401,0.9888903,31.38600866420617,26.944376393393156,0.0,0.0,0.0,0.0,0.0,0.0,2.3995623e-14,0.0
3344,6264.4727,27.02644,1.0873815,31.384333344805817,26.933964940417354,0.0,0.0,0.0,0.0,0.0,0.0,3.4065263e-14,0.0
3345,6265.914,26.864376,0.9657198,31.38014638841908,26.923581008322596,0.0,0.0,0.0,0.0,0.0,0.0,4.8244303e-14,0.0
3346,6267.3555,28.967094,0.8791601,31.37363504240784,26.913203466632627,0.0,0.0,0.0,0.0,0.0,0.0,6.820948e-14,0.0
3347,6268.801,29.581104,0.860715,31.364969091346303,26.902804212500993,0.0,0.0,0.0,0.0,0.0,0.0,9.6363774e-14,0.0
3348,6270.243,29.193127,1.0193493,31.35439608623569,26.8924324326711,0.0,0.0,0.0,0.0,0.0,0.0,1.3581282e-13,0.0
3349,6271.689,28.74435,1.1065506,31.34208114266308,26.8820424807061,0.0,0.0,0.0,0.0,0.0,0.0,1.9124203e-13,0.0
3350,6273.132,28.960222,1.4078158,31.328298279597604,26.871679970576338,0.0,0.0,0.0,0.0,0.0,0.0,2.6865023e-13,0.0
3351,6274.5776,29.72941,1.0111754,31.3132166492229,26.861302815604358,0.0,0.0,0.0,0.0,0.0,0.0,3.7700786e-13,0.0
3352,6276.022,30.20282,0.7671358,31.297103831749162,26.85094256160703,0.0,0.0,0.0,0.0,0.0,0.0,5.279919e-13,0.0
3353,6277.4653,30.694162,0.74651843,31.280180893443173,26.840595684549612,0.0,0.0,0.0,0.0,0.0,0.0,7.3802173e-13,0.0
3354,6278.9126,29.200113,0.760841,31.262612640112838,26.830227195470695,0.0,0.0,0.0,0.0,0.0,0.0,1.030773e-12,0.0
3355,6280.3574,28.642632,0.80486184,31.244692984049067,26.819882574501733,0.0,0.0,0.0,0.0,0.0,0.0,1.4363919e-12,0.0
3356,6281.805,28.465069,0.8178709,31.22656752637885,26.809523363626607,0.0,0.0,0.0,0.0,0.0,0.0,1.999569e-12,0.0
3357,6283.251,28.359219,0.7362878,31.208504379852762,26.799184502225472,0.0,0.0,0.0,0.0,0.0,0.0,2.7775724e-12,0.0
3358,6284.6997,30.374401,0.71440953,31.190638859598852,26.788831074560818,0.0,0.0,0.0,0.0,0.0,0.0,3.854255e-12,0.0
3359,6286.1455,28.053532,0.72025096,31.173227411276926,26.77850494957115,0.0,0.0,0.0,0.0,0.0,0.0,5.3356525e-12,0.0
3360,6287.592,29.967691,0.7092043,31.156402004330452,26.768181694111895,0.0,0.0,0.0,0.0,0.0,0.0,7.374691e-12,0.0
3361,6289.042,30.43791,0.7218304,31.140285131584655,26.757836935163336,0.0,0.0,0.0,0.0,0.0,0.0,1.0184442e-11,0.0
3362,6290.488,29.625566,0.6884386,31.125114810802,26.747529876553354,0.0,0.0,0.0,0.0,0.0,0.0,1.4026958e-11,0.0
3363,6291.939,30.895115,0.719237,31.110918222199356,26.73719090055529,0.0,0.0,0.0,0.0,0.0,0.0,1.9309174e-11,0.0
3364,6293.386,32.234943,0.7132381,31.097902134094767,26.72688610852504,0.0,0.0,0.0,0.0,0.0,0.0,2.6512237e-11,0.0
3365,6294.838,31.71388,0.72334903,31.08609041091647,26.716556395224575,0.0,0.0,0.0,0.0,0.0,0.0,3.6375188e-11,0.0
3366,6296.2856,32.96883,0.7395256,31.07563033201998,26.70626082513426,0.0,0.0,0.0,0.0,0.0,0.0,4.977961e-11,0.0
3367,6297.7334,32.357304,0.7198307,31.066549877375156,26.695971588275167,0.0,0.0,0.0,0.0,0.0,0.0,6.800732e-11,0.0
3368,6299.186,30.851978,0.707667,31.05886968447003,26.685654009023178,0.0,0.0,0.0,0.0,0.0,0.0,9.2847605e-11,0.0
3369,6300.635,30.91492,0.7190926,31.052665054644493,26.67537051411278,0.0,0.0,0.0,0.0,0.0,0.0,1.2643891e-10,0.0
3370,6302.0884,30.619406,0.8362037,31.04790888764931,26.665058717341747,0.0,0.0,0.0,0.0,0.0,0.0,1.7206567e-10,0.0
3371,6303.5376,29.144949,1.312244,31.04462550910482,26.654784429159363,0.0,0.0,0.0,0.0,0.0,0.0,2.3353955e-10,0.0
3372,6304.9917,30.310808,1.5939851,31.042771079286833,26.644481875326278,0.0,0.0,0.0,0.0,0.0,0.0,3.16758e-10,0.0
3373,6306.4424,29.398104,1.6495597,31.042320968361384,26.634209872504332,0.0,0.0,0.0,0.0,0.0,0.0,4.285858e-10,0.0
3374,6307.893,29.58338,1.5454205,31.043216614374547,26.62394419100512,0.0,0.0,0.0,0.0,0.0,0.0,5.788997e-10,0.0
3375,6309.347,32.35746,1.1388159,31.045397607643118,26.61366066075602,0.0,0.0,0.0,0.0,0.0,0.0,7.811401e-10,0.0
3376,6310.799,30.134388,0.9842654,31.048779502203583,26.603400720786897,0.0,0.0,0.0,0.0,0.0,0.0,1.0516945e-09,0.0
3377,6312.2544,30.256535,0.9960285,31.053287398035106,26.59311951179379,0.0,0.0,0.0,0.0,0.0,0.0,1.4146537e-09,0.0
3378,6313.7065,30.136627,0.96938413,31.05880231899245,26.582868765305836,0.0,0.0,0.0,0.0,0.0,0.0,1.898284e-09,0.0
3379,6315.1626,30.420975,0.83414835,31.065246335082406,26.572596777331235,0.0,0.0,0.0,0.0,0.0,0.0,2.544874e-09,0.0
3380,6316.615,30.770506,0.71831423,31.072473226732274,26.56235521566886,0.0,0.0,0.0,0.0,0.0,0.0,3.403502e-09,0.0
3381,6318.0684,30.3897,0.7313583,31.08038199632419,26.552116515552946,0.0,0.0,0.0,0.0,0.0,0.0,4.5444364e-09,0.0
3382,6319.5244,29.869213,0.74867296,31.08886772070728,26.541863491776475,0.0,0.0,0.0,0.0,0.0,0.0,6.0609326e-09,0.0
3383,6320.9795,29.190636,0.7816393,31.097783868239013,26.531623658144667,0.0,0.0,0.0,0.0,0.0,0.0,8.067979e-09,0.0
3384,6322.4365,30.4812,0.8129625,31.10702589962893,26.521376398547268,0.0,0.0,0.0,0.0,0.0,0.0,1.0725217e-08,0.0
3385,6323.891,30.92656,0.75144506,31.116440177193102,26.511152611086935,0.0,0.0,0.0,0.0,0.0,0.0,1.4226284e-08,0.0
3386,6325.3486,30.592094,0.7019003,31.125940787003934,26.500914542111886,0.0,0.0,0.0,0.0,0.0,0.0,1.8848347e-08,0.0
3387,6326.805,30.727388,0.6914669,31.13538732877199,26.490689637679505,0.0,0.0,0.0,0.0,0.0,0.0,2.4924274e-08,0.0
3388,6328.26,30.37368,0.69745725,31.144659318529943,26.48048472890807,0.0,0.0,0.0,0.0,0.0,0.0,3.2889695e-08,0.0
3389,6329.7197,30.19613,0.69227165,31.15369537591981,26.4702484483945,0.0,0.0,0.0,0.0,0.0,0.0,4.3370036e-08,0.0
3390,6331.1753,30.83254,0.71983993,31.162336521405432,26.460049267248863,0.0,0.0,0.0,0.0,0.0,0.0,5.7043533e-08,0.0
3391,6332.6353,30.016207,0.7652974,31.170542623243602,26.449825595005873,0.0,0.0,0.0,0.0,0.0,0.0,7.496014e-08,0.0
3392,6334.0923,29.481215,0.8645323,31.178188069494393,26.439628725151497,0.0,0.0,0.0,0.0,0.0,0.0,9.827966e-08,0.0
3393,6335.5527,30.969894,0.90511817,31.185233204704986,26.42941423215119,0.0,0.0,0.0,0.0,0.0,0.0,1.2871224e-07,0.0
3394,6337.0107,31.588501,0.825672,31.191582160463227,26.419223097914454,0.0,0.0,0.0,0.0,0.0,0.0,1.6820063e-07,0.0
3395,6338.471,30.834078,0.72529656,31.197206049707013,26.409021187394238,0.0,0.0,0.0,0.0,0.0,0.0,2.1952103e-07,0.0
3396,6339.9297,31.241997,0.7057429,31.20204068073463,26.398839196255526,0.0,0.0,0.0,0.0,0.0,0.0,2.8590122e-07,0.0
3397,6341.388,31.426006,0.71936744,31.20606334502675,26.388663471516637,0.0,0.0,0.0,0.0,0.0,0.0,3.7170958e-07,0.0
3398,6342.851,31.131413,0.7045196,31.209259147066273,26.378463376167343,0.0,0.0,0.0,0.0,0.0,0.0,4.82813e-07,0.0
3399,6344.3096,31.301548,0.7589572,31.211594479571843,26.36830018718537,0.0,0.0,0.0,0.0,0.0,0.0,6.255469e-07,0.0
3400,6345.773,31.172195,0.9412496,31.21308481186751,26.35810925539537,0.0,0.0,0.0,0.0,0.0,0.0,8.0976804e-07,0.0
3401,6347.2324,27.520023,1.308064,31.213725081596234,26.347951788580357,0.0,0.0,0.0,0.0,0.0,0.0,1.0457014e-06,0.0
3402,6348.696,32.10119,1.272121,31.21353435944606,26.337773408903008,0.0,0.0,0.0,0.0,0.0,0.0,1.34895e-06,0.0
3403,6350.1562,33.598774,1.1406769,31.2125387520915,26.327621663996506,0.0,0.0,0.0,0.0,0.0,0.0,1.7362273e-06,0.0
3404,6351.617,31.90891,0.8224244,31.21076933961119,26.317472774202017,0.0,0.0,0.0,0.0,0.0,0.0,2.2309976e-06,0.0
3405,6353.082,32.24366,0.71684545,31.20826108225457,26.30730301837399,0.0,0.0,0.0,0.0,0.0,0.0,2.8636853e-06,0.0
3406,6354.5435,31.074219,0.6997537,31.20506819747189,26.297163243133042,0.0,0.0,0.0,0.0,0.0,0.0,3.66726e-06,0.0
3407,6356.0093,32.996223,0.722688,31.201228560398537,26.286999244158157,0.0,0.0,0.0,0.0,0.0,0.0,4.6916066e-06,0.0
3408,6357.4707,31.414917,0.8002424,31.196817941552506,26.276871959529597,0.0,0.0,0.0,0.0,0.0,0.0,5.987211e-06,0.0
3409,6358.9375,30.327847,0.9130226,31.191869838249968,26.26671371706774,0.0,0.0,0.0,0.0,0.0,0.0,7.634091e-06,0.0
3410,6360.4004,31.540546,0.94699585,31.186478146789376,26.256588770734233,0.0,0.0,0.0,0.0,0.0,0.0,9.71068e-06,0.0
3411,6361.864,32.774048,0.85482645,31.18069074057118,26.24646667798376,0.0,0.0,0.0,0.0,0.0,0.0,1.233163e-05,0.0
3412,6363.3306,32.280483,0.74343014,31.17456524367525,26.23632719405258,0.0,0.0,0.0,0.0,0.0,0.0,1.5641328e-05,0.0
3413,6364.795,32.22578,0.7136123,31.168192862789198,26.22621082383162,0.0,0.0,0.0,0.0,0.0,0.0,1.9796831e-05,0.0
3414,6366.2627,32.251728,0.71640587,31.161616317621846,26.21607708929474,0.0,0.0,0.0,0.0,0.0,0.0,2.502621e-05,0.0
3415,6367.727,31.71704,0.7646261,31.15493214842869,26.205973181536738,0.0,0.0,0.0,0.0,0.0,0.0,3.1564396e-05,0.0
3416,6369.196,30.107716,1.0035915,31.14817168496786,26.195845196024788,0.0,0.0,0.0,0.0,0.0,0.0,3.9768667e-05,0.0
3417,6370.66,29.141895,1.4160485,31.141438787767473,26.18575373378997,0.0,0.0,0.0,0.0,0.0,0.0,4.9983177e-05,0.0
3418,6372.127,31.693304,1.5798697,31.134766012374612,26.175651667926005,0.0,0.0,0.0,0.0,0.0,0.0,6.273541e-05,0.0
3419,6373.5957,31.933163,1.0421956,31.12821504292466,26.165542384005185,0.0,0.0,0.0,0.0,0.0,0.0,7.862663e-05,0.0
3420,6375.0625,32.042423,0.80129737,31.12185826734043,26.155452763153733,0.0,0.0,0.0,0.0,0.0,0.0,9.834095e-05,0.0
3421,6376.5317,31.92077,0.7196488,31.115732685123582,26.1453525746466,0.0,0.0,0.0,0.0,0.0,0.0,0.00012282822,0.0
3422,6377.999,31.219973,0.6928688,31.109907661415562,26.13527202626217,0.0,0.0,0.0,0.0,0.0,0.0,0.00015309884,0.0
3423,6379.47,30.65392,0.6842866,31.10440352833308,26.125170870035674,0.0,0.0,0.0,0.0,0.0,0.0,0.00019060507,0.0
3424,6380.9365,30.93929,0.6853042,31.09930201210166,26.115109439960477,0.0,0.0,0.0,0.0,0.0,0.0,0.000236712,0.0
3425,6382.4053,29.823593,0.6819736,31.094614105464792,26.105037458406663,0.0,0.0,0.0,0.0,0.0,0.0,0.0002935622,0.0
3426,6383.8765,31.586422,0.6947732,31.09037990373828,26.09495495106013,0.0,0.0,0.0,0.0,0.0,0.0,0.00036355513,0.0
3427,6385.3457,31.582848,0.7695365,31.086647406329284,26.084892032776843,0.0,0.0,0.0,0.0,0.0,0.0,0.00044931658,0.0
3428,6386.818,30.221294,0.8617383,31.083434573886926,26.074815261748164,0.0,0.0,0.0,0.0,0.0,0.0,0.0005545653,0.0
3429,6388.288,30.83611,0.9438198,31.080783368094153,26.064758061029742,0.0,0.0,0.0,0.0,0.0,0.0,0.0006830715,0.0
3430,6389.7603,31.999086,0.8395419,31.078715247528724,26.054693704140934,0.0,0.0,0.0,0.0,0.0,0.0,0.00084010494,0.0
3431,6391.2305,30.7009,0.7334237,31.077260476522035,26.04464889060136,0.0,0.0,0.0,0.0,0.0,0.0,0.0010311378,0.0
3432,6392.7007,29.776537,0.72178227,31.076437225489105,26.034610258688378,0.0,0.0,0.0,0.0,0.0,0.0,0.0012633834,0.0
3433,6394.175,31.595015,0.7342217,31.07627381483629,26.024551155921777,0.0,0.0,0.0,0.0,0.0,0.0,0.0015460384,0.0
3434,6395.646,32.48685,0.9477909,31.076792249623896,26.014518230273598,0.0,0.0,0.0,0.0,0.0,0.0,0.0018878385,0.0
3435,6397.1206,30.57291,1.1413304,31.078018443856745,26.004468191147208,0.0,0.0,0.0,0.0,0.0,0.0,0.0023021982,0.0
3436,6398.5923,31.389101,1.2233615,31.07997126812781,25.9944442981455,0.0,0.0,0.0,0.0,0.0,0.0,0.002801445,0.0
3437,6400.068,31.522442,1.0642488,31.08268478950118,25.984399991292555,0.0,0.0,0.0,0.0,0.0,0.0,0.0034046941,0.0
3438,6401.54,30.801476,0.7645863,31.086172666593487,25.97438512435838,0.0,0.0,0.0,0.0,0.0,0.0,0.004128679,0.0
3439,6403.0127,30.923786,0.70846397,31.090468755163897,25.96437310025533,0.0,0.0,0.0,0.0,0.0,0.0,0.00499809,0.0
3440,6404.4897,31.42411,0.70876837,31.09562267409296,25.954337387342317,0.0,0.0,0.0,0.0,0.0,0.0,0.0060433014,0.0
3441,6405.963,31.400932,0.7853688,31.101636908804082,25.944334382512622,0.0,0.0,0.0,0.0,0.0,0.0,0.00729051,0.0
3442,6407.4404,31.671503,0.7795667,31.108588010722777,25.934307719299575,0.0,0.0,0.0,0.0,0.0,0.0,0.008784419,0.0
3443,6408.9136,31.112495,0.6858428,31.11647700585428,25.92431703556332,0.0,0.0,0.0,0.0,0.0,0.0,0.010559876,0.0
3444,6410.391,31.34465,0.69322133,31.1253975732113,25.91430271974306,0.0,0.0,0.0,0.0,0.0,0.0,0.01267862,0.0
3445,6411.8667,31.378393,0.6913873,31.13537570590174,25.904307804424523,0.0,0.0,0.0,0.0,0.0,0.0,0.015191799,0.0
3446,6413.3413,31.162722,0.68627995,31.146475043208167,25.894325651288792,0.0,0.0,0.0,0.0,0.0,0.0,0.018168736,0.0
3447,6414.8203,31.21531,0.691732,31.158812842703,25.884319917670027,0.0,0.0,0.0,0.0,0.0,0.0,0.021701997,0.0
3448,6416.296,31.101257,0.7211209,31.172411666089104,25.874343457469152,0.0,0.0,0.0,0.0,0.0,0.0,0.025865717,0.0
3449,6417.776,31.282597,0.80313015,31.18743702190206,25.864343451133227,0.0,0.0,0.0,0.0,0.0,0.0,0.030789532,0.0
3450,6419.252,31.109886,0.8454605,31.203915841003212,25.854375983645472,0.0,0.0,0.0,0.0,0.0,0.0,0.036568742,0.0
3451,6420.7324,31.949703,0.7931036,31.222064478635698,25.844385000258594,0.0,0.0,0.0,0.0,0.0,0.0,0.04337753,0.0
3452,6422.2095,32.203403,0.72267324,31.24193150113596,25.83442322473301,0.0,0.0,0.0,0.0,0.0,0.0,0.05134239,0.0
3453,6423.687,31.599396,0.7284927,31.26372332579313,25.82446428841768,0.0,0.0,0.0,0.0,0.0,0.0,0.060665116,0.0
3454,6425.1685,33.774612,0.9084104,31.287685705444787,25.81448517563102,0.0,0.0,0.0,0.0,0.0,0.0,0.07158443,0.0
3455,6426.646,32.198406,1.0415941,31.31389848483451,25.80453850669511,0.0,0.0,0.0,0.0,0.0,0.0,0.08428206,0.0
3456,6428.128,30.986473,1.1617401,31.342750856967584,25.794568399282113,0.0,0.0,0.0,0.0,0.0,0.0,0.099102944,0.0
3457,6429.607,32.06795,0.9848335,31.37437289551436,25.78462413296639,0.0,0.0,0.0,0.0,0.0,0.0,0.11628523,0.0
3458,6431.09,33.359436,0.8326846,31.40922000353958,25.774659746343154,0.0,0.0,0.0,0.0,0.0,0.0,0.13626018,0.0
3459,6432.569,32.769604,0.78405786,31.44745703401119,25.764727730174368,0.0,0.0,0.0,0.0,0.0,0.0,0.15931517,0.0
3460,6434.049,31.882189,0.7029901,31.489589366500834,25.754795271342257,0.0,0.0,0.0,0.0,0.0,0.0,0.18595834,0.0
3461,6435.5327,32.23542,0.69710827,31.536163295561863,25.744842733199192,0.0,0.0,0.0,0.0,0.0,0.0,0.21675706,0.0
3462,6437.0137,32.795326,0.7158176,31.587465548477294,25.73491596575749,0.0,0.0,0.0,0.0,0.0,0.0,0.2521291,0.0
3463,6438.4976,33.090412,0.7102259,31.64425878080243,25.72497568878049,0.0,0.0,0.0,0.0,0.0,0.0,0.2928359,0.0
3464,6439.9785,33.480984,0.729086,31.70694198204457,25.715061147941938,0.0,0.0,0.0,0.0,0.0,0.0,0.3394069,0.0
3465,6441.464,33.77001,0.71632946,31.776537367226183,25.70512331378609,0.0,0.0,0.0,0.0,0.0,0.0,0.39285094,0.0
3466,6442.945,33.121567,0.752084,31.853410102807544,25.695220984899066,0.0,0.0,0.0,0.0,0.0,0.0,0.45370132,0.0
3467,6444.4277,34.30286,0.75832367,31.93873360046381,25.685311697807254,0.0,0.0,0.0,0.0,0.0,0.0,0.5231391,0.0
3468,6445.9136,34.547447,0.7281369,32.03357036877315,25.675388951784775,0.0,0.0,0.0,0.0,0.0,0.0,0.60229105,0.0
3469,6447.397,34.11146,0.71957684,32.13864137064476,25.665488613953784,0.0,0.0,0.0,0.0,0.0,0.0,0.69201577,0.0
3470,6448.884,33.92314,0.7152167,32.255543350395115,25.65557157915488,0.0,0.0,0.0,0.0,0.0,0.0,0.79393196,0.0
3471,6450.367,34.2032,0.7348581,32.38502678295448,25.64568343778923,0.0,0.0,0.0,0.0,0.0,0.0,0.9089381,0.0
3472,6451.8545,34.37655,0.7701498,32.52914468245709,25.63577536540234,0.0,0.0,0.0,0.0,0.0,0.0,1.0391022,0.0
3473,6453.3394,33.75138,0.79298854,32.68884348220675,25.625889652441433,0.0,0.0,0.0,0.0,0.0,0.0,1.1855134,0.0
3474,6454.8267,35.04566,0.77418596,32.86632709481269,25.615993785639105,0.0,0.0,0.0,0.0,0.0,0.0,1.3504133,0.0
3475,6456.3115,36.220615,0.75962794,33.06282438762571,25.60612024791624,0.0,0.0,0.0,0.0,0.0,0.0,1.5351591,0.0
3476,6457.7974,36.02935,0.7656446,33.280724938033806,25.59624629747747,0.0,0.0,0.0,0.0,0.0,0.0,1.7421921,0.0
3477,6459.286,35.425114,0.89952344,33.52252096886269,25.586358973928615,0.0,0.0,0.0,0.0,0.0,0.0,1.9740748,0.0
3478,6460.7725,35.648407,0.9664789,33.78962275117409,25.57649394601357,0.0,0.0,0.0,0.0,0.0,0.0,2.2323377,0.0
3479,6462.262,35.514183,0.91113085,34.08555778038927,25.566612324838125,0.0,0.0,0.0,6.6e-44,0.0,0.0,2.5205486,0.0
3480,6463.7485,35.273106,0.825619,34.41155800402918,25.556759448655036,0.0,0.0,0.0,2.452e-42,0.0,0.0,2.8400533,0.0
3481,6465.239,35.851677,0.8043266,34.77201565210659,25.54688676302273,0.0,0.0,0.0,1.02474e-40,0.0,0.0,3.1952856,0.0
3482,6466.7266,36.821533,0.8118459,35.168364430421434,25.53703632449492,0.0,0.0,0.0,3.965306e-39,0.0,0.0,3.5877757,0.0
3483,6468.214,37.0457,0.761604,35.60409375351226,25.527195178683154,0.0,0.0,0.0,1.4268394e-37,0.0,0.0,4.021071,0.0
3484,6469.7056,36.866676,0.7513397,36.08402863341502,25.51733103591136,0.0,0.0,0.0,4.8292765e-36,0.0,0.0,4.500061,0.0
3485,6471.1943,39.034935,0.7790481,36.609257488570364,25.50749233277813,0.0,0.0,0.0,1.5108957e-34,0.0,0.0,5.0259047,0.0
3486,6472.686,38.56535,0.77856874,37.18537542250911,25.49764034179012,0.0,0.0,0.0,4.429183e-33,0.0,0.0,5.6042576,0.0
3487,6474.1753,40.007664,0.7863569,37.81397430318433,25.48781053441602,0.0,0.0,0.0,1.2018528e-31,0.0,0.0,6.236761,0.0
3488,6475.668,41.23294,0.99407506,38.50134928473697,25.47796423682437,0.0,0.0,0.0,3.0579263e-30,0.0,0.0,6.929781,0.0
3489,6477.158,39.62359,0.9896137,39.24871108455402,25.4681401006673,0.0,0.0,0.0,7.202794e-29,0.0,0.0,7.6845574,6.12e-43
3490,6478.6484,41.576912,0.87695456,40.061053716069225,25.45832201135731,0.0,0.0,0.0,1.5790618e-27,0.0,0.0,8.50614,2.5736e-41
3491,6480.142,41.121407,0.9857932,40.94445151632017,25.448487466027206,0.0,0.0,0.0,3.2440456e-26,0.0,0.0,9.400673,1.058696e-39
3492,6481.633,41.68852,0.9015689,41.899193756051545,25.43867825693655,0.0,0.0,0.0,6.1656146e-25,0.0,0.0,10.368439,4.0300497e-38
3493,6483.127,42.345184,0.82016885,42.933389718827605,25.428852613267303,0.0,0.0,0.0,1.0977197e-23,0.0,0.0,11.417643,1.4398994e-36
3494,6484.6187,43.167686,0.8294815,44.04703025368909,25.419049067776005,0.0,0.0,0.0,1.8100901e-22,0.0,0.0,12.548251,4.760949e-35
3495,6486.114,43.655552,0.8355749,45.248487307042524,25.4092291130728,0.0,0.0,0.0,2.7948318e-21,0.0,0.0,13.768737,1.4768227e-33
3496,6487.6064,42.328278,1.1345553,46.53693295105992,25.399431234446148,0.0,0.0,0.0,3.9972644e-20,0.0,0.0,15.078226,4.239994e-32
3497,6489.0986,50.348618,1.740096,47.91744219508466,25.389642588761422,0.0,0.0,0.0,5.3153106e-19,0.0,0.0,16.48184,1.1318934e-30
3498,6490.5957,49.216785,1.1909403,49.39886234923195,25.379827963550795,0.0,0.0,0.0,6.6307547e-18,0.0,0.0,17.988543,2.8421204e-29
3499,6492.088,48.145847,1.1396316,50.97477101488042,25.370051376055955,0.0,0.0,0.0,7.633295e-17,0.0,0.0,19.591763,6.5726587e-28
3500,6493.5864,49.364395,1.1306537,52.66012881420768,25.36023924969352,0.0,0.0,0.0,8.25876e-16,0.0,0.0,21.306686,1.4332758e-26
3501,6495.08,48.583588,0.9133226,54.44508678154962,25.350465123224417,0.0,0.0,0.0,8.248595e-15,0.0,0.0,23.123259,2.8795583e-25
3502,6496.5776,50.41203,0.9940547,56.34230034769428,25.340671471961777,0.0,0.0,0.0,7.709303e-14,0.0,0.0,25.054327,5.4253538e-24
3503,6498.0723,51.745205,1.0081997,58.34503311750891,25.33090300199921,0.0,0.0,1.471e-42,6.673632e-13,0.0,0.0,27.09301,9.457759e-23
3504,6499.567,54.779068,0.971265,60.45822884174602,25.321140542943038,0.0,0.0,6.3859e-41,5.374612e-12,0.0,0.0,29.244316,1.5343621e-21
3505,6501.066,57.41962,0.9837444,62.68940860085204,25.31135541248756,0.0,0.0,2.566971e-39,4.050392e-11,0.0,0.0,31.515886,2.3348895e-20
3506,6502.561,59.392994,1.0818348,65.02650442338556,25.30160179325082,0.0,0.0,9.514401e-38,2.8244884e-10,0.0,0.0,33.895424,3.2828157e-19
3507,6504.061,61.802044,1.0977961,67.48297015536657,25.291822349262986,0.0,0.0,3.3210173e-36,1.8433299e-09,0.0,0.0,36.396626,4.330914e-18
3508,6505.557,64.435646,1.0780159,70.0434703251299,25.28207438275125,0.0,0.0,1.0691017e-34,1.1134762e-08,0.0,0.0,39.00388,5.2805238e-17
3509,6507.0576,69.557396,1.237557,72.7204850221051,25.2723038068844,0.0,0.0,3.2357234e-33,6.287694e-08,0.0,0.0,41.729908,6.03315e-16
3510,6508.5547,71.63388,1.2860466,75.49765780101664,25.262561494311754,0.0,0.0,9.044645e-32,3.289217e-07,0.0,0.0,44.558075,6.377411e-15
3511,6510.0513,73.70321,1.2078464,78.37671176773337,25.252828351271045,0.0,0.0,2.3508681e-30,1.5995982e-06,0.0,0.0,47.490166,6.267629e-14
3512,6511.5527,78.22917,1.2641627,81.36429017452215,25.243069467744153,0.0,0.0,5.746789e-29,7.2706507e-06,0.0,0.0,50.532986,5.7722745e-13
3513,6513.0503,83.49623,1.3377435,84.43805779356256,25.233341969693846,0.0,0.0,1.2966463e-27,3.0612682e-05,0.0,0.0,53.663822,4.916991e-12
3514,6514.5527,86.452545,1.4281521,87.6103716513666,25.223588767915583,0.0,0.0,2.7500012e-26,0.0001204002,0.0,0.0,56.895275,3.9227416e-11
3515,6516.0513,90.15752,1.4591786,90.85622244415494,25.213866917999233,0.0,0.0,5.384798e-25,0.000438774,0.0,0.0,60.201775,2.8954195e-10
3516,6517.5537,95.8929,1.5187263,94.1854557655332,25.204125730725586,0.0,0.0,9.887027e-24,0.0014916615,0.0,0.0,63.59292,1.997975e-09
3517,6519.0527,101.00786,1.6592056,97.5749070292435,25.194412691053774,0.0,0.0,1.6782003e-22,0.004702299,0.0,0.0,67.04375,1.2767987e-08
3518,6520.5537,105.3857,1.6584897,101.03106580285893,25.184692982716015,0.0,0.0,2.660452e-21,0.013803622,0.0,0.0,70.557175,7.607441e-08
3519,6522.056,109.88806,1.747361,104.55181122883059,25.17496978300707,0.0,0.0,3.9346558e-20,0.037710145,0.0,0.0,74.12207,4.2225918e-07
3520,6523.5566,113.45708,1.7800642,108.1375287553954,25.165265203668515,0.0,0.0,5.3956717e-19,0.09565968,0.0,0.0,77.71934,2.175048e-06
3521,6525.0615,119.88579,1.8359517,111.83005007159797,25.15553820003448,0.0,0.0,6.936063e-18,0.22617148,0.0,0.0,81.35249,1.0467397e-05
3522,6526.562,122.834694,1.9700897,115.66293803639743,25.145845576282202,0.0,0.0,8.234301e-17,0.49590954,0.0,0.0,84.9879,4.6634395e-05
3523,6528.068,129.95934,2.0490735,119.75501931831505,25.136124250685405,0.0,0.0,9.173844e-16,1.0134696,0.0,0.0,88.63607,0.0001942057
3524,6529.5693,138.61972,1.935013,124.21239047118537,25.126437267631562,0.0,0.0,9.44205e-15,1.9214054,0.0,0.0,92.25967,0.0007489599
3525,6531.072,141.93788,2.3982654,129.20291421353176,25.11674994905759,0.0,0.0,9.055257e-14,3.3878877,0.0,0.0,95.85755,0.0026884363
3526,6532.5776,146.8527,2.6124246,134.8667885048851,25.107046574593248,0.0,0.0,8.1191895e-13,5.559069,0.0,0.0,99.42079,0.008998064
3527,6534.08,158.46132,2.5084448,141.21629448166436,25.097371188230973,0.0,0.0,6.7387302e-12,8.469576,0.0,0.0,102.91832,0.027927028
3528,6535.587,166.46022,3.0141196,148.16288439404093,25.08767347997283,0.0,0.0,5.2341256e-11,12.00682,0.0,0.0,106.35308,0.08084522
3529,6537.0903,171.99648,3.1419835,155.3606884592194,25.078003730339763,0.0,0.0,3.7641382e-10,15.808258,0.0,0.0,109.69189,0.2170767
3530,6538.598,184.42607,3.5059397,162.400428178474,25.068311691299975,0.0,0.0,2.531997e-09,19.35618,0.0,0.0,112.93669,0.5433749
3531,6540.1016,200.34001,4.328467,168.81471196550078,25.058653852860267,0.0,0.0,1.5754827e-08,22.015182,0.0,0.0,116.05343,1.2612199
3532,6541.6064,199.67984,2.9962018,174.44472504657415,25.048992552424075,0.0,0.0,9.1348575e-08,23.275696,0.0,0.0,119.03965,2.7239833
3533,6543.115,213.68446,3.852146,179.5577924618912,25.0393121430631,0.0,0.0,4.9476193e-07,22.868082,0.0,0.0,121.88483,5.479152
3534,6544.6206,213.4844,3.8962014,184.91595980038934,25.029659614913022,0.0,0.0,2.482687e-06,20.879745,0.0,0.0,124.5609,10.228902
3535,6546.1294,220.82465,3.5270653,191.71723023530296,25.01999113048999,0.0,0.0,1.1626786e-05,17.70964,0.0,0.0,127.06647,17.773897
3536,6547.6353,233.25769,3.6477711,201.10731786365548,25.010347364125924,0.0,0.0,5.0486102e-05,13.962676,0.0,0.0,129.37798,28.678013
3537,6549.145,235.98744,3.7238305,213.782065714156,25.000684538113514,0.0,0.0,0.00020460896,10.221211,0.0,0.0,131.4936,43.05669
3538,6550.652,248.7802,4.968818,229.32088384140602,24.991046404676446,0.0,0.0,0.0007690144,6.956537,0.0,0.0,133.39246,60.038177
3539,6552.1587,267.0085,6.442488,246.14577682970443,24.98141420239002,0.0,0.0,0.0026878894,4.399559,0.0,0.0,135.0687,77.81849
3540,6553.6694,271.29538,5.582759,261.68169643433896,24.971762979236804,0.0,0.0,0.008762772,2.581728,0.0,0.0,136.5167,93.79404
3541,6555.1777,267.66458,6.4041677,272.8942398689219,24.962133290199265,0.0,0.0,0.0265108,1.4087155,0.0,0.0,137.7222,105.03105
3542,6556.689,264.86887,5.2581744,277.4151418410074,24.952490841580584,0.0,0.0,0.07472251,0.7131736,0.0,0.0,138.68272,109.31248
3543,6558.1978,271.56604,5.7420626,274.19967040419294,24.942869901654245,0.0,0.0,0.19548482,0.33578506,0.0,0.0,139.38943,105.71929
3544,6559.7095,291.63663,5.751336,263.94796895233765,24.933236218968737,0.0,0.0,0.47629806,0.14663641,0.0,0.0,139.84084,94.99572
3545,6561.2183,279.47272,5.6189322,248.92940348899714,24.923627128366135,0.0,0.0,1.0770847,0.059584215,0.0,0.0,140.03265,79.34127
3546,6562.728,263.5701,5.060018,232.17778858022226,24.914017735434893,0.0,0.0,2.2657118,0.022479083,0.0,0.0,139.96481,61.574234
3547,6564.241,247.2421,8.2455435,216.73506275663377,24.904392521886532,0.0,0.0,4.437391,0.00785887,0.0,0.0,139.63647,44.36969
3548,6565.752,236.31721,4.594889,205.0633754670386,24.894788759364637,0.0,0.0,8.069703,0.0025563007,0.0,0.0,139.05048,29.722229
3549,6567.265,235.19127,3.9597795,198.50185986012113,24.885175402892152,0.0,0.0,13.653177,0.0007708277,0.0,0.0,138.20816,18.485092
3550,6568.777,228.16588,3.8761954,197.35508340598432,24.87557726986239,0.0,0.0,21.46031,0.00021612758,0.0,0.0,137.11613,10.685841
3551,6570.291,221.08363,3.7604551,200.91461113242738,24.865969559615483,0.0,0.0,31.371914,5.6157925e-05,0.0,0.0,135.77742,5.7331896
3552,6571.8022,222.17418,3.820877,207.6357034837991,24.856386345167994,0.0,0.0,42.597015,1.3587911e-05,0.0,0.0,134.20418,2.861275
3553,6573.3184,219.04927,3.1164494,215.43479692474537,24.84677809130134,0.0,0.0,53.799175,3.03869e-06,0.0,0.0,132.39642,1.323354
3554,6574.8296,210.48096,3.669603,221.91283076876394,24.837206681934877,0.0,0.0,63.106976,6.3416564e-07,0.0,0.0,130.37558,0.5700361
3555,6576.343,206.59053,3.1738384,224.99404282526956,24.82762879936953,0.0,0.0,68.8161,1.2266362e-07,0.0,0.0,128.14395,0.22786486
3556,6577.859,209.05919,4.4105406,223.28916684610437,24.818038285894538,0.0,0.0,69.74036,2.1958886e-08,0.0,0.0,125.71093,0.084447935
3557,6579.3726,205.17778,3.730643,216.5077506253254,24.80846911542471,0.0,0.0,65.67857,3.6603098e-09,0.0,0.0,123.09776,0.02911716
3558,6580.889,183.49405,2.7430823,205.43505094501404,24.798887330690544,0.0,0.0,57.464653,5.6449617e-10,0.0,0.0,120.30862,0.009304664
3559,6582.404,170.29482,3.0424623,191.70066503938625,24.789323781679037,0.0,0.0,46.72738,8.10258e-11,0.0,0.0,117.366455,0.0027657228
3560,6583.9214,163.21492,2.8869567,177.12102082771753,24.779747638824723,0.0,0.0,35.287037,1.0756099e-11,0.0,0.0,114.27639,0.00076162844
3561,6585.436,152.00038,2.7289941,163.35092513579798,24.770195870666875,0.0,0.0,24.774393,1.3308883e-12,0.0,0.0,111.06546,0.0001952838
3562,6586.951,158.13132,2.794638,151.36905558727054,24.76064690339215,0.0,0.0,16.160887,1.5279641e-13,0.0,0.0,107.74212,4.6486002e-05
3563,6588.47,139.95229,2.3281684,141.5184525245188,24.751079216274068,0.0,0.0,9.782379,1.6192407e-14,0.0,0.0,104.31404,1.0236803e-05
3564,6589.9863,130.54651,1.8899707,133.6979235781564,24.741535866146947,0.0,0.0,5.5066943,1.5998867e-15,0.0,0.0,100.812195,2.0995217e-06
3565,6591.5054,123.94642,1.9476875,127.45184067942228,24.731979965507144,0.0,0.0,2.8763418,1.4607079e-16,0.0,0.0,97.23873,3.9859225e-07
3566,6593.022,116.75443,1.7842652,122.31417429652224,24.722445300359635,0.0,0.0,1.3972521,1.24277336e-17,0.0,0.0,93.62165,7.0457645e-08
3567,6594.5425,114.15273,1.6354098,117.84449384896452,24.712891967393347,0.0,0.0,0.6292668,9.751063e-19,0.0,0.0,89.96096,1.1511199e-08
3568,6596.0586,109.629654,1.5882554,113.76917629775687,24.70337211251818,0.0,0.0,0.26389307,7.154631e-20,0.0,0.0,86.29141,1.7555654e-09
3569,6597.5767,104.08847,1.535793,109.8884789481658,24.693845858911846,0.0,0.0,0.10269531,4.8566185e-21,0.0,0.0,82.61198,2.4801386e-10
3570,6599.0977,99.30546,1.4693317,106.10503216426152,24.684307101739606,0.0,0.0,0.037049726,3.0435433e-22,0.0,0.0,78.93404,3.240371e-11
3571,6600.616,92.9598,1.4553729,102.3904470376032,24.674789523079273,0.0,0.0,0.012435955,1.7781016e-23,0.0,0.0,75.28368,3.9434823e-12
3572,6602.138,87.852806,1.3511603,98.71788094233683,24.66525639983743,0.0,0.0,0.0038669894,9.578057e-25,0.0,0.0,71.65932,4.433732e-13
3573,6603.6567,86.20474,1.3407243,95.10508536323091,24.655750545059536,0.0,0.0,0.0011198104,4.8198964e-26,0.0,0.0,68.08883,4.6508004e-14
3574,6605.1797,81.553215,1.2835048,91.54040204186644,24.64622305470589,0.0,0.0,0.0003000504,2.2311365e-27,0.0,0.0,64.56475,4.498689e-15
3575,6606.6987,79.3352,1.2549268,88.05182172317234,24.636725855896085,0.0,0.0,7.492459e-05,9.6605994e-29,0.0,0.0,61.116276,4.0640233e-16
3576,6608.219,77.84834,1.2290742,84.63543023466805,24.62722534898417,0.0,0.0,1.7353259e-05,3.8701555e-30,0.0,0.0,57.74014,3.400361e-17
3577,6609.742,74.53177,1.1993631,81.29731631246852,24.61771544976512,0.0,0.0,3.723345e-06,1.4311063e-31,0.0,0.0,54.442654,2.6301213e-18
3578,6611.2637,70.86566,1.1589171,78.0532898918444,24.608220551095794,0.0,0.0,7.42955e-07,4.9258665e-33,0.0,0.0,51.239628,1.8929089e-19
3579,6612.7876,68.745964,1.1312708,74.90141049605437,24.59871627650283,0.0,0.0,1.3729141e-07,1.5644804e-34,0.0,0.0,48.129295,1.25898755e-20
3580,6614.3096,65.6596,1.0973567,71.8561921062425,24.589230031242074,0.0,0.0,2.3608836e-08,4.6305767e-36,0.0,0.0,45.126106,7.7987915e-22
3581,6615.8345,63.651733,1.0727328,68.91248695148698,24.57973138208729,0.0,0.0,3.756387e-09,1.2628371e-37,0.0,0.0,42.225094,4.4590498e-23
3582,6617.3574,60.288734,1.1164205,66.08343958437098,24.570250744856,0.0,0.0,5.5623356e-10,3.209802e-39,0.0,0.0,39.439304,2.374732e-24
3583,6618.879,58.416576,1.1957711,63.37055826209176,24.560785055304322,0.0,0.0,7.662642e-11,7.5956e-41,0.0,0.0,36.770287,1.1771879e-25
3584,6620.405,56.973557,1.3143193,60.76570793871302,24.551297872098658,0.0,0.0,9.743702e-12,1.635e-42,0.0,0.0,34.2101,5.368033e-27
3585,6621.928,55.304882,1.3572417,58.28201469990168,24.541831704104325,0.0,0.0,1.1541061e-12,3.2e-44,0.0,0.0,31.771679,2.282812e-28
3586,6623.455,57.988018,1.2588263,55.91053219721012,24.532350143644013,0.0,0.0,1.2628456e-13,0.0,0.0,0.0,29.446262,8.94347e-30
3587,6624.9795,49.603207,1.40291,53.660293184659224,24.522889577290744,0.0,0.0,1.2873302e-14,0.0,0.0,0.0,27.242702,3.2680396e-31
3588,6626.5063,49.9437,1.393668,51.52328736534738,24.513419697195523,0.0,0.0,1.2136506e-15,0.0,0.0,0.0,25.153128,1.10208436e-32
3589,6628.0312,53.892826,1.2589825,49.50434958439069,24.503967757036257,0.0,0.0,1.06534973e-16,0.0,0.0,0.0,23.182219,3.4634313e-34
3590,6629.5557,52.951023,1.0770689,47.599374831226385,24.494524658229864,0.0,0.0,8.688661e-18,0.0,0.0,0.0,21.32589,1.01110795e-35
3591,6631.084,47.35253,1.0521019,45.80088639051887,24.48506319315406,0.0,0.0,6.534743e-19,0.0,0.0,0.0,19.576775,2.7136562e-37
3592,6632.6104,43.304703,1.2531615,44.113217083718226,24.475619642044947,0.0,0.0,4.5767823e-20,0.0,0.0,0.0,17.93898,6.788009e-39
3593,6634.139,44.077015,1.3490359,42.528439362708426,24.46616681403289,0.0,0.0,2.962203e-21,0.0,0.0,0.0,16.404678,1.5656e-40
3594,6635.666,45.517105,1.2453187,41.047709309302306,24.456731878958678,0.0,0.0,1.7856313e-22,0.0,0.0,0.0,14.974832,3.37e-42
3595,6637.1953,46.07025,1.0443009,39.663117528691046,24.44728767944788,0.0,0.0,9.944029e-24,0.0,0.0,0.0,13.641623,0.0
3596,6638.723,45.687386,0.8699202,38.37440466495289,24.4378583392693,0.0,0.0,5.153483e-25,0.0,0.0,0.0,12.404603,0.0
3597,6640.25,45.08061,0.86583346,37.176875369662525,24.428440826052906,0.0,0.0,2.4835754e-26,0.0,0.0,0.0,11.259031,0.0
3598,6641.7812,45.269455,0.9369781,36.06244036515321,24.419002025919806,0.0,0.0,1.1008945e-27,0.0,0.0,0.0,10.196937,0.0
3599,6643.3096,43.592182,1.0161327,35.032310192194565,24.409587089624985,0.0,0.0,4.5554584e-29,0.0,0.0,0.0,9.219212,0.0
3600,6644.842,41.608395,1.013457,34.07764831297009,24.400153906269956,0.0,0.0,1.7346915e-30,0.0,0.0,0.0,8.317184,0.0
3601,6646.3706,42.01985,0.89925617,33.198768395576295,24.39074756542188,0.0,0.0,6.174222e-32,0.0,0.0,0.0,7.490846,0.0
3602,6647.903,42.55751,0.8509812,32.387467784314374,24.38132600250743,0.0,0.0,2.0236594e-33,0.0,0.0,0.0,6.7321568,0.0
3603,6649.4326,40.963238,0.82666785,31.64271010198156,24.371925247092644,0.0,0.0,6.1876754e-35,0.0,0.0,0.0,6.0398064,0.0
3604,6650.962,41.743122,0.8139768,30.959234420570674,24.362533275398555,0.0,0.0,1.7575863e-36,0.0,0.0,0.0,5.4085293,0.0
3605,6652.4966,40.99736,0.8126942,30.330680010259464,24.353114125669315,0.0,0.0,4.5732485e-38,0.0,0.0,0.0,4.8320923,0.0
3606,6654.0264,39.49372,0.79075325,29.757374090100704,24.343730729962765,0.0,0.0,1.116877e-39,0.0,0.0,0.0,4.310404,0.0
3607,6655.56,39.4311,0.7944556,29.232189456100333,24.334329167480337,0.0,0.0,2.5111e-41,0.0,0.0,0.0,3.836565,0.0
3608,6657.092,39.298523,0.80537385,28.75361243097264,24.324945362491196,0.0,0.0,4.9e-43,0.0,0.0,0.0,3.4087985,0.0
3609,6658.627,37.787834,0.7991424,28.31655194410515,24.31554641374779,0.0,0.0,0.0,0.0,0.0,0.0,3.0221264,0.0
3610,6660.1587,38.73889,0.78635997,27.919656167626755,24.30617416918315,0.0,0.0,0.0,0.0,0.0,0.0,2.6749113,0.0
3611,6661.691,37.395798,0.7594818,27.5586756864382,24.296804706175443,0.0,0.0,0.0,0.0,0.0,0.0,2.3629737,0.0
3612,6663.2275,37.418674,0.7600679,27.229896692040622,24.287414160969913,0.0,0.0,0.0,0.0,0.0,0.0,2.0826664,0.0
3613,6664.76,37.184486,0.769753,26.93241951466925,24.27805624009497,0.0,0.0,0.0,0.0,0.0,0.0,1.8327615,0.0
3614,6666.2964,37.102898,0.7829235,26.66191753332995,24.268677260331142,0.0,0.0,0.0,0.0,0.0,0.0,1.6091573,0.0
3615,6667.83,38.350822,0.9523944,26.41728168868022,24.259321929444837,0.0,0.0,0.0,0.0,0.0,0.0,1.4104766,0.0
3616,6669.3677,37.180553,2.0634477,26.19516580144213,24.24994854966448,0.0,0.0,0.0,0.0,0.0,0.0,1.2335372,0.0
3617,6670.902,34.976437,2.6506844,25.99452846257307,24.24060176817991,0.0,0.0,0.0,0.0,0.0,0.0,1.0770469,0.0
3618,6672.4365,36.774006,2.2258537,25.81284698727651,24.231257765322166,0.0,0.0,0.0,0.0,0.0,0.0,0.9385667,0.0
3619,6673.976,37.869328,1.4336493,25.64789129898954,24.221889809827093,0.0,0.0,0.0,0.0,0.0,0.0,0.8159582,0.0
3620,6675.5107,37.15334,1.1910063,25.49905115714629,24.212557319312886,0.0,0.0,0.0,0.0,0.0,0.0,0.70831966,0.0
3621,6677.0493,36.379536,1.0709182,25.36393356217086,24.203206836115715,0.0,0.0,0.0,0.0,0.0,0.0,0.6134765,0.0
3622,6678.586,33.26614,1.1048833,25.241687570261977,24.1938739759207,0.0,0.0,0.0,0.0,0.0,0.0,0.5304078,0.0
3623,6680.126,35.380764,1.2959212,25.130629424691087,24.18452612006653,0.0,0.0,0.0,0.0,0.0,0.0,0.4575548,0.0
3624,6681.663,35.281174,0.9006506,25.030066065447027,24.175201795952017,0.0,0.0,0.0,0.0,0.0,0.0,0.39405975,0.0
3625,6683.1997,33.39531,0.72535855,24.938754862511647,24.16588616963674,0.0,0.0,0.0,0.0,0.0,0.0,0.33873966,0.0
3626,6684.7417,33.454918,0.74562955,24.855437765577793,24.15654374168253,0.0,0.0,0.0,0.0,0.0,0.0,0.29046947,0.0
3627,6686.2793,35.075504,0.81437707,24.779791384481925,24.14723367943718,0.0,0.0,0.0,0.0,0.0,0.0,0.2487068,0.0
3628,6687.8203,32.690697,0.85056674,24.710647464811554,24.137908668339005,0.0,0.0,0.0,0.0,0.0,0.0,0.21246427,0.0
3629,6689.3594,33.693443,0.8584111,24.647559260380167,24.12860121334781,0.0,0.0,0.0,0.0,0.0,0.0,0.18118928,0.0
3630,6690.902,33.65524,0.7487966,24.589686530766787,24.119278836188617,0.0,0.0,0.0,0.0,0.0,0.0,0.15416452,0.0
3631,6692.4414,33.2217,0.717025,24.536708355639988,24.10997989842754,0.0,0.0,0.0,0.0,0.0,0.0,0.13095757,0.0
3632,6693.985,32.755196,0.70162904,24.487889268255827,24.100663111365435,0.0,0.0,0.0,0.0,0.0,0.0,0.11098262,0.0
3633,6695.5244,31.755268,0.70537764,24.44302726013262,24.09137562883694,0.0,0.0,0.0,0.0,0.0,0.0,0.09391218,0.0
3634,6697.065,32.17791,0.7272982,24.401568184186463,24.082087973643784,0.0,0.0,0.0,0.0,0.0,0.0,0.07930553,0.0
3635,6698.609,32.61343,0.7855496,24.363102467785385,24.072785446475056,0.0,0.0,0.0,0.0,0.0,0.0,0.066815905,0.0
3636,6700.15,31.937891,0.8986469,24.32747095508333,24.063506290892324,0.0,0.0,0.0,0.0,0.0,0.0,0.056202617,0.0
3637,6701.695,30.258009,0.98157865,24.29423338285207,24.054209345192902,0.0,0.0,0.0,0.0,0.0,0.0,0.04716278,0.0
3638,6703.2373,30.091438,0.9017227,24.263277060090978,24.044932811259706,0.0,0.0,0.0,0.0,0.0,0.0,0.03951121,0.0
3639,6704.782,32.27693,0.75329584,24.234278557022332,24.035647318830012,0.0,0.0,0.0,0.0,0.0,0.0,0.033027496,0.0
3640,6706.3247,32.0551,0.7104809,24.20712962626103,24.0263822103906,0.0,0.0,0.0,0.0,0.0,0.0,0.027562078,0.0
3641,6707.868,32.455135,0.7014338,24.181589695687236,24.017116942505183,0.0,0.0,0.0,0.0,0.0,0.0,0.022953877,0.0
3642,6709.414,33.510372,0.7188698,24.157481181991297,24.007842735943395,0.0,0.0,0.0,0.0,0.0,0.0,0.019073458,0.0
3643,6710.9585,34.182724,0.73116314,24.134725125072805,23.99858302579662,0.0,0.0,0.0,0.0,0.0,0.0,0.01582102,0.0
3644,6712.5054,34.224377,0.9575338,24.113139092351933,23.989314392570098,0.0,0.0,0.0,0.0,0.0,0.0,0.013093813,0.0
3645,6714.0503,31.99889,1.3014613,24.092672441100706,23.980063165484,0.0,0.0,0.0,0.0,0.0,0.0,0.010818229,0.0
3646,6715.598,25.536278,1.944715,24.073160799823906,23.970800106086042,0.0,0.0,0.0,0.0,0.0,0.0,0.008917479,0.0
3647,6717.1426,30.702892,1.5998675,24.05459378892038,23.961563194165414,0.0,0.0,0.0,0.0,0.0,0.0,0.007339545,0.0
3648,6718.6885,31.300335,0.9132126,24.03683032302319,23.952323211097557,0.0,0.0,0.0,0.0,0.0,0.0,0.006027956,0.0
3649,6720.2373,30.21518,0.72841513,24.01978440541482,23.9430714208231,0.0,0.0,0.0,0.0,0.0,0.0,0.004939262,0.0
3650,6721.7837,31.13034,0.7035211,24.003450094162986,23.933839904982165,0.0,0.0,0.0,0.0,0.0,0.0,0.0040405723,0.0
3651,6723.333,31.577507,0.7075589,23.987711861272142,23.924596597448723,0.0,0.0,0.0,0.0,0.0,0.0,0.0032976964,0.0
3652,6724.881,31.492208,0.75318056,23.972561813675675,23.915367719502065,0.0,0.0,0.0,0.0,0.0,0.0,0.0026866673,0.0
3653,6726.4307,33.76582,0.93042237,23.95791824242607,23.906132889786218,0.0,0.0,0.0,0.0,0.0,0.0,0.0021840138,0.0
3654,6727.9775,29.92523,1.0961242,23.943782881033705,23.896921193358587,0.0,0.0,0.0,0.0,0.0,0.0,0.0017726365,0.0
3655,6729.5264,29.657476,1.0495476,23.9300706298084,23.887703542713357,0.0,0.0,0.0,0.0,0.0,0.0,0.0014355605,0.0
3656,6731.0776,31.433315,0.8605204,23.916742434722345,23.878477051269236,0.0,0.0,0.0,0.0,0.0,0.0,0.00115992,0.0
3657,6732.627,27.923153,0.7059216,23.90380281124184,23.869267854272984,0.0,0.0,0.0,0.0,0.0,0.0,0.000935625,0.0
3658,6734.179,29.619398,0.6892672,23.891180665658005,23.860046928650384,0.0,0.0,0.0,0.0,0.0,0.0,0.000752918,0.0
3659,6735.7285,26.79279,0.6806351,23.878895590282927,23.85084907649173,0.0,0.0,0.0,0.0,0.0,0.0,0.00060495257,0.0
3660,6737.2812,32.520924,1.1820289,23.866871577476847,23.841636611432765,0.0,0.0,0.0,0.0,0.0,0.0,0.00048487863,0.0
3661,6738.831,31.114824,1.5962659,23.85513424210547,23.83244719237735,0.0,0.0,0.0,0.0,0.0,0.0,0.00038803942,0.0
3662,6740.382,23.911667,1.7760576,23.843631722025226,23.823257642091836,0.0,0.0,0.0,0.0,0.0,0.0,0.0003098899,0.0
3663,6741.9355,26.357538,1.741804,23.83233032945132,23.81405640343142,0.0,0.0,0.0,0.0,0.0,0.0,0.00024688864,0.0
3664,6743.4873,29.631708,1.4922618,23.82124727799783,23.80487239347531,0.0,0.0,0.0,0.0,0.0,0.0,0.00019636599,0.0
3665,6745.0415,28.331839,0.9004541,23.810334171254325,23.795679601257106,0.0,0.0,0.0,0.0,0.0,0.0,0.00015581932,0.0
3666,6746.5938,27.947273,0.70866746,23.7996062330422,23.786504017472968,0.0,0.0,0.0,0.0,0.0,0.0,0.00012343828,0.0
3667,6748.1494,28.056896,0.6852188,23.78901203480076,23.777313895907934,0.0,0.0,0.0,0.0,0.0,0.0,9.7543925e-05,0.0
3668,6749.7017,27.698406,0.66128963,23.778584766174784,23.76814961523854,0.0,0.0,0.0,0.0,0.0,0.0,7.6970086e-05,0.0
3669,6751.2544,27.435272,0.652392,23.768285483653635,23.75898809265407,0.0,0.0,0.0,0.0,0.0,0.0,6.0611936e-05,0.0
3670,6752.811,27.03318,0.65175635,23.75808070550206,23.74980918045926,0.0,0.0,0.0,0.0,0.0,0.0,4.7607708e-05,0.0
3671,6754.3647,27.380667,0.6573331,23.748004917982243,23.740653188097994,0.0,0.0,0.0,0.0,0.0,0.0,3.7337053e-05,0.0
3672,6755.9224,27.159933,0.7014776,23.738004256763492,23.731479832038207,0.0,0.0,0.0,0.0,0.0,0.0,2.9206467e-05,0.0
3673,6757.476,25.421505,0.94466954,23.72812006736259,23.72233511807118,0.0,0.0,0.0,0.0,0.0,0.0,2.2815544e-05,0.0
3674,6759.0347,24.428986,1.0772356,23.718288392055314,23.713167316729,0.0,0.0,0.0,0.0,0.0,0.0,1.777407e-05,0.0
3675,6760.5894,26.364534,0.92687297,23.708557325974393,23.704028126679727,0.0,0.0,0.0,0.0,0.0,0.0,1.3828009e-05,0.0
3676,6762.145,27.71997,0.7884156,23.69888929264439,23.694888823749036,0.0,0.0,0.0,0.0,0.0,0.0,1.073514e-05,0.0
3677,6763.7036,27.310814,0.64956045,23.68926617776793,23.68573795004573,0.0,0.0,0.0,0.0,0.0,0.0,8.313609e-06,0.0
3678,6765.2603,26.447857,0.643372,23.67971249492271,23.676604174254095,0.0,0.0,0.0,0.0,0.0,0.0,6.4276664e-06,0.0
3679,6766.82,28.021275,0.7561531,23.67019312603305,23.667458846409666,0.0,0.0,0.0,0.0,0.0,0.0,4.9573277e-06,0.0
3680,6768.3765,26.899454,1.0784304,23.660739103279372,23.658336321155236,0.0,0.0,0.0,0.0,0.0,0.0,3.817641e-06,0.0
3681,6769.9375,21.821169,1.8271956,23.65130169043255,23.64919367885955,0.0,0.0,0.0,0.0,0.0,0.0,2.9319817e-06,0.0
3682,6771.495,29.3103,1.8267398,23.64192424350375,23.640076676158913,0.0,0.0,0.0,0.0,0.0,0.0,2.2486372e-06,0.0
3683,6773.053,29.584137,1.2860258,23.6325795857786,23.63096242848853,0.0,0.0,0.0,0.0,0.0,0.0,1.7210081e-06,0.0
3684,6774.6147,27.460932,0.8143273,23.62324705401601,23.621833814795185,0.0,0.0,0.0,0.0,0.0,0.0,1.3138016e-06,0.0
3685,6776.174,26.457165,0.6584926,23.613958784946977,23.612725089312153,0.0,0.0,0.0,0.0,0.0,0.0,1.0013824e-06,0.0
3686,6777.7363,26.539873,0.66085964,23.604677260311338,23.60360201994762,0.0,0.0,0.0,0.0,0.0,0.0,7.612858e-07,0.0
3687,6779.295,26.620628,0.6776517,23.595443601692818,23.594507363708157,0.0,0.0,0.0,0.0,0.0,0.0,5.78008e-07,0.0
3688,6780.8584,26.28354,0.6768962,23.58620361871057,23.585389835448623,0.0,0.0,0.0,0.0,0.0,0.0,4.3760429e-07,0.0
3689,6782.418,26.626232,0.68584937,23.577007355346048,23.576300689752777,0.0,0.0,0.0,0.0,0.0,0.0,3.308785e-07,0.0
3690,6783.979,25.927315,0.6780447,23.56782136538408,23.56720860609372,0.0,0.0,0.0,0.0,0.0,0.0,2.4962063e-07,0.0
3691,6785.543,25.151161,0.6781742,23.55863555878027,23.558105071554554,0.0,0.0,0.0,0.0,0.0,0.0,1.8784436e-07,0.0
3692,6787.104,25.544157,0.6562194,23.549482965264943,23.549024187675883,0.0,0.0,0.0,0.0,0.0,0.0,1.4115152e-07,0.0
3693,6788.6694,26.610626,0.6787307,23.54031942270595,23.539923351000468,0.0,0.0,0.0,0.0,0.0,0.0,1.0576842e-07,0.0
3694,6790.2305,26.426079,0.715849,23.531195275703684,23.530853653196058,0.0,0.0,0.0,0.0,0.0,0.0,7.9161914e-08,0.0
3695,6791.797,26.24663,0.8964773,23.522052470760435,23.521758355957598,0.0,0.0,0.0,0.0,0.0,0.0,5.9071336e-08,0.0
3696,6793.3594,24.089144,0.9910222,23.512944300681674,23.512691331070602,0.0,0.0,0.0,0.0,0.0,0.0,4.4023952e-08,0.0
3697,6794.9224,24.437119,0.8090084,23.503844333095177,23.503627054462072,0.0,0.0,0.0,0.0,0.0,0.0,3.2741415e-08,0.0
3698,6796.489,26.703224,0.69860095,23.494734862129704,23.49454855212654,0.0,0.0,0.0,0.0,0.0,0.0,2.4286102e-08,0.0
3699,6798.052,27.029884,0.7132258,23.48565503239292,23.485495438740617,0.0,0.0,0.0,0.0,0.0,0.0,1.799019e-08,0.0
3700,6799.62,28.28516,0.780413,23.476553262791285,23.47641681217409,0.0,0.0,0.0,0.0,0.0,0.0,1.3286102e-08,0.0
3701,6801.184,25.121195,0.9685544,23.467485759250955,23.467369202360736,0.0,0.0,0.0,0.0,0.0,0.0,9.8008e-09,0.0
3702,6802.753,23.961552,1.2097441,23.458398316482118,23.458298937307717,0.0,0.0,0.0,0.0,0.0,0.0,7.2084854e-09,0.0
3703,6804.3174,25.520573,0.9901511,23.449344307348447,23.44925965170638,0.0,0.0,0.0,0.0,0.0,0.0,5.2958153e-09,0.0
3704,6805.8823,26.082672,0.75015473,23.440295119327452,23.44022310748249,0.0,0.0,0.0,0.0,0.0,0.0,3.88252e-09,0.0
3705,6807.452,24.499985,0.6407929,23.43122509463713,23.431163952945997,0.0,0.0,0.0,0.0,0.0,0.0,2.8379346e-09,0.0
3706,6809.018,26.157486,0.6348153,23.422184771007327,23.422132908587134,0.0,0.0,0.0,0.0,0.0,0.0,2.0718702e-09,0.0
3707,6810.5884,24.552015,0.61314845,23.41312601027194,23.41308209958187,0.0,0.0,0.0,0.0,0.0,0.0,1.5082308e-09,0.0
3708,6812.1553,25.2853,0.61842954,23.404093695803112,23.40405655532313,0.0,0.0,0.0,0.0,0.0,0.0,1.0964882e-09,0.0
3709,6813.7266,25.10386,0.61013955,23.395042631140985,23.395011275134316,0.0,0.0,0.0,0.0,0.0,0.0,7.948378e-10,0.0
3710,6815.2935,24.005802,0.6064652,23.386023297844993,23.385996849414546,0.0,0.0,0.0,0.0,0.0,0.0,5.7553956e-10,0.0
3711,6816.8647,25.341696,0.63670385,23.376984976932885,23.376962709513183,0.0,0.0,0.0,0.0,0.0,0.0,4.1553352e-10,0.0
3712,6818.433,25.054483,0.63535523,23.367969696550244,23.367950969170845,0.0,0.0,0.0,0.0,0.0,0.0,2.9959288e-10,0.0
3713,6820.0015,23.432158,0.60588163,23.35896050252257,23.35894477424596,0.0,0.0,0.0,0.0,0.0,0.0,2.1556816e-10,0.0
3714,6821.5747,24.414093,0.60616773,23.349929290612234,23.349916106737084,0.0,0.0,0.0,0.0,0.0,0.0,1.54639e-10,0.0
3715,6823.1436,25.28286,0.6247595,23.340929247352513,23.340918206215218,0.0,0.0,0.0,0.0,0.0,0.0,1.1081122e-10,0.0
3716,6824.7163,24.62858,0.62142235,23.33191268709075,23.331903457443875,0.0,0.0,0.0,0.0,0.0,0.0,7.9179906e-11,0.0
3717,6826.287,25.120146,0.62708676,23.322913157254888,23.32290545098249,0.0,0.0,0.0,0.0,0.0,0.0,5.6487585e-11,0.0
3718,6827.8613,27.994835,0.67267513,23.313899845454852,23.3138934226895,0.0,0.0,0.0,0.0,0.0,0.0,4.0188085e-11,0.0
3719,6829.432,25.01202,0.7297763,23.30491184962669,23.304906501991205,0.0,0.0,0.0,0.0,0.0,0.0,2.8555403e-11,0.0
3720,6831.003,25.011646,0.7957949,23.295929557347776,23.295925111125797,0.0,0.0,0.0,0.0,0.0,0.0,2.0249124e-11,0.0
3721,6832.5786,25.843689,0.8219296,23.286925042083798,23.286921352675122,0.0,0.0,0.0,0.0,0.0,0.0,1.4314725e-11,0.0
3722,6834.15,25.547705,0.6489665,23.277951295743595,23.27794823705824,0.0,0.0,0.0,0.0,0.0,0.0,1.0108946e-11,0.0
3723,6835.7256,26.280378,0.66424793,23.268958099000628,23.26895556813101,0.0,0.0,0.0,0.0,0.0,0.0,7.1175253e-12,0.0
3724,6837.299,26.87662,0.8580045,23.259984457041813,23.259982365262207,0.0,0.0,0.0,0.0,0.0,0.0,5.0039187e-12,0.0
3725,6838.875,23.692137,1.098891,23.250999717361317,23.250997991564553,0.0,0.0,0.0,0.0,0.0,0.0,3.5085827e-12,0.0
3726,6840.4487,24.107815,0.8009029,23.242034483075127,23.242033060827367,0.0,0.0,0.0,0.0,0.0,0.0,2.4564738e-12,0.0
3727,6842.0225,25.92041,0.6954673,23.233074818200578,23.233073647779566,0.0,0.0,0.0,0.0,0.0,0.0,1.716397e-12,0.0
3728,6843.5996,25.912579,0.64673346,23.224101268272925,23.224100306871822,0.0,0.0,0.0,0.0,0.0,0.0,1.1959322e-12,0.0
3729,6845.175,24.826878,0.6204763,23.215144389270712,23.21514360049946,0.0,0.0,0.0,0.0,0.0,0.0,8.3197663e-13,0.0
3730,6846.7524,24.783861,0.627274,23.206179184850853,23.206178538837214,0.0,0.0,0.0,0.0,0.0,0.0,5.7728567e-13,0.0
3731,6848.3286,25.680374,0.6428504,23.1972278483904,23.197227319958003,0.0,0.0,0.0,0.0,0.0,0.0,3.9988938e-13,0.0
3732,6849.907,24.918701,0.6431717,23.188268191870424,23.18826776037454,0.0,0.0,0.0,0.0,0.0,0.0,2.762861e-13,0.0
3733,6851.4824,24.716778,0.6425514,23.179333457693865,23.17933310570396,0.0,0.0,0.0,0.0,0.0,0.0,1.9065566e-13,0.0
3734,6853.0596,25.781345,0.65882176,23.170393164907686,23.170392878260234,0.0,0.0,0.0,0.0,0.0,0.0,1.3123771e-13,0.0
3735,6854.639,26.0764,0.6890078,23.16144456155204,23.161444328528013,0.0,0.0,0.0,0.0,0.0,0.0,9.0102655e-14,0.0
3736,6856.2163,25.403105,0.6759634,23.152515302734106,23.152515113515562,0.0,0.0,0.0,0.0,0.0,0.0,6.177112e-14,0.0
3737,6857.7974,25.369705,0.64568436,23.143569451551656,23.14356929820542,0.0,0.0,0.0,0.0,0.0,0.0,4.22227e-14,0.0
3738,6859.3755,25.101463,0.620388,23.13464568582362,23.134645561680777,0.0,0.0,0.0,0.0,0.0,0.0,2.882239e-14,0.0
3739,6860.957,24.889717,0.6502721,23.1257081083939,23.125708008084978,0.0,0.0,0.0,0.0,0.0,0.0,1.9618682e-14,0.0
3740,6862.535,25.245691,0.6640446,23.116795344719193,23.116795263748784,0.0,0.0,0.0,0.0,0.0,0.0,1.3337961e-14,0.0
3741,6864.114,25.574547,0.64494383,23.107885312746692,23.107885247485804,0.0,0.0,0.0,0.0,0.0,0.0,9.048495e-15,0.0
3742,6865.6963,24.644564,0.6356053,23.098958738344855,23.0989586858504,0.0,0.0,0.0,0.0,0.0,0.0,6.120136e-15,0.0
3743,6867.2764,25.969048,0.66637486,23.090051429409876,23.09005138723193,0.0,0.0,0.0,0.0,0.0,0.0,4.1335475e-15,0.0
3744,6868.86,25.231789,0.65989304,23.081130355112773,23.08113032128953,0.0,0.0,0.0,0.0,0.0,0.0,2.7837626e-15,0.0
3745,6870.44,24.432928,0.68266785,23.072234022632944,23.072233995536255,0.0,0.0,0.0,0.0,0.0,0.0,1.8725196e-15,0.0
3746,6872.0244,24.579258,0.71786374,23.06331844528728,23.063318423624615,0.0,0.0,0.0,0.0,0.0,0.0,1.2556117e-15,0.0
3747,6873.605,24.42294,0.66748863,23.05443032791497,23.05443031061244,0.0,0.0,0.0,0.0,0.0,0.0,8.410602e-16,0.0
3748,6875.1865,25.55614,0.6814903,23.04554219256204,23.045542178764236,0.0,0.0,0.0,0.0,0.0,0.0,5.620908e-16,0.0
3749,6876.772,24.76684,0.7109551,23.03663759519563,23.03663758421502,0.0,0.0,0.0,0.0,0.0,0.0,3.7451313e-16,0.0
3750,6878.3545,25.210615,0.7431099,23.027754929821718,23.02775492109228,0.0,0.0,0.0,0.0,0.0,0.0,2.4920848e-16,0.0
3751,6879.94,24.554138,0.74378747,23.018861303076,23.018861296149403,0.0,0.0,0.0,0.0,0.0,0.0,1.653665e-16,0.0
3752,6881.522,23.81863,0.7540669,23.009992315087494,23.009992309596765,0.0,0.0,0.0,0.0,0.0,0.0,1.09603694e-16,0.0
3753,6883.11,25.69591,0.6634469,23.001095964302596,23.001095959960267,0.0,0.0,0.0,0.0,0.0,0.0,7.238589e-17,0.0
3754,6884.693,24.669159,0.6236564,22.992232435509663,22.99223243207814,0.0,0.0,0.0,0.0,0.0,0.0,4.776919e-17,0.0
3755,6886.277,24.462908,0.6080727,22.98336889618468,22.98336889347732,0.0,0.0,0.0,0.0,0.0,0.0,3.1451733e-17,0.0
3756,6887.8647,24.756376,0.6133558,22.974488973190887,22.974488971059273,0.0,0.0,0.0,0.0,0.0,0.0,2.0644263e-17,0.0
3757,6889.449,24.792095,0.634067,22.96563362345518,22.965633621778494,0.0,0.0,0.0,0.0,0.0,0.0,1.353512e-17,0.0
3758,6891.038,24.93429,0.64941835,22.95675918462589,22.956759183309863,0.0,0.0,0.0,0.0,0.0,0.0,8.845519e-18,0.0
3759,6892.623,25.443628,0.6358817,22.94791201766686,22.94791201663481,0.0,0.0,0.0,0.0,0.0,0.0,5.7749565e-18,0.0
3760,6894.213,24.798552,0.61633694,22.939043062897596,22.939043062090033,0.0,0.0,0.0,0.0,0.0,0.0,3.7575924e-18,0.0
3761,6895.799,24.956915,0.6143714,22.93020135057497,22.930201349943584,0.0,0.0,0.0,0.0,0.0,0.0,2.4425293e-18,0.0
3762,6897.3853,24.127708,0.61471325,22.921362358644636,22.921362358151722,0.0,0.0,0.0,0.0,0.0,0.0,1.5842451e-18,0.0
3763,6898.9756,23.895094,0.6245802,22.912507061423295,22.91250706103923,0.0,0.0,0.0,0.0,0.0,0.0,1.0243492e-18,0.0
3764,6900.5625,24.65296,0.6449868,22.90367623957261,22.903676239273565,0.0,0.0,0.0,0.0,0.0,0.0,6.615892e-19,0.0
3765,6902.1543,24.902813,0.6523498,22.894823704013724,22.894823703781302,0.0,0.0,0.0,0.0,0.0,0.0,4.258444e-19,0.0
3766,6903.741,25.05792,0.6673993,22.88600376017458,22.88600375999394,0.0,0.0,0.0,0.0,0.0,0.0,2.7390938e-19,0.0
3767,6905.3335,24.479748,0.6528381,22.87715941553775,22.877159415397514,0.0,0.0,0.0,0.0,0.0,0.0,1.7555663e-19,0.0
3768,6906.9224,24.202267,0.6307887,22.86833949435504,22.868339494246065,0.0,0.0,0.0,0.0,0.0,0.0,1.123959e-19,0.0
3769,6908.5107,24.76208,0.6191533,22.85952770906958,22.859527708984746,0.0,0.0,0.0,0.0,0.0,0.0,7.182081e-20,0.0
3770,6910.1045,25.10779,0.6261839,22.85069157429451,22.85069157422828,0.0,0.0,0.0,0.0,0.0,0.0,4.57293e-20,0.0
3771,6911.6943,24.400751,0.63041824,22.841882528771485,22.841882528719395,0.0,0.0,0.0,0.0,0.0,0.0,2.908883e-20,0.0
3772,6913.2886,24.741043,0.63737357,22.83305457721634,22.83305457717492,0.0,0.0,0.0,0.0,0.0,0.0,1.8442226e-20,0.0
3773,6914.8784,24.781847,0.68699855,22.824256383682194,22.824256383648613,0.0,0.0,0.0,0.0,0.0,0.0,1.16829495e-20,0.0
3774,6916.4727,25.572083,0.77296275,22.815439304902696,22.815439304874708,0.0,0.0,0.0,0.0,0.0,0.0,7.376443e-21,0.0
3775,6918.064,25.458754,0.74539477,22.806643851029396,22.806643851005113,0.0,0.0,0.0,0.0,0.0,0.0,4.651679e-21,0.0
3776,6919.6553,24.547659,0.69480854,22.7978538095923,22.797853809570128,0.0,0.0,0.0,0.0,0.0,0.0,2.9273714e-21,0.0
3777,6921.2515,24.397501,0.68734854,22.78904222933747,22.789042229315992,0.0,0.0,0.0,0.0,0.0,0.0,1.8358127e-21,0.0
3778,6922.8438,23.619106,0.70182526,22.780257629611977,22.78025762958987,0.0,0.0,0.0,0.0,0.0,0.0,1.150208e-21,0.0
3779,6924.4395,25.278486,0.69530976,22.771459595786588,22.77145959576254,0.0,0.0,0.0,0.0,0.0,0.0,7.1844034e-22,0.0
3780,6926.0327,23.831459,0.6410943,22.76268043437926,22.762680434351914,0.0,0.0,0.0,0.0,0.0,0.0,4.481416e-22,0.0
3781,6927.6294,24.09474,0.65834063,22.75388785955578,22.753887859523644,0.0,0.0,0.0,0.0,0.0,0.0,2.786781e-22,0.0
3782,6929.2236,25.892397,0.7238015,22.745114138038208,22.745114137999604,0.0,0.0,0.0,0.0,0.0,0.0,1.7306289e-22,0.0
3783,6930.822,24.207468,0.6287581,22.736324339039385,22.736324338992326,0.0,0.0,0.0,0.0,0.0,0.0,1.0712607e-22,0.0
3784,6932.415,24.74852,0.64128375,22.727566792891693,22.72756679283387,0.0,0.0,0.0,0.0,0.0,0.0,6.627144e-23,0.0
3785,6934.0107,24.2522,0.7349446,22.718801224210548,22.71880122413912,0.0,0.0,0.0,0.0,0.0,0.0,4.0882262e-23,0.0
3786,6935.6094,24.497208,0.67169577,22.710024973445773,22.71002497335729,0.0,0.0,0.0,0.0,0.0,0.0,2.5145358e-23,0.0
3787,6937.205,24.38341,0.62443715,22.701270203105086,22.7012702029954,0.0,0.0,0.0,0.0,0.0,0.0,1.5447641e-23,0.0
3788,6938.8047,24.080822,0.61774755,22.69249940842898,22.692499408292917,0.0,0.0,0.0,0.0,0.0,0.0,9.459034e-24,0.0
3789,6940.4004,24.926512,0.62879527,22.683755421460372,22.68375542129176,0.0,0.0,0.0,0.0,0.0,0.0,5.7869574e-24,0.0
3790,6942.0015,24.543596,0.62613994,22.67498740791365,22.674987407704705,0.0,0.0,0.0,0.0,0.0,0.0,3.5271876e-24,0.0
3791,6943.5986,24.076815,0.61315864,22.666246176455253,22.66624617619672,0.0,0.0,0.0,0.0,0.0,0.0,2.147975e-24,0.0
3792,6945.196,23.965195,0.60145104,22.657510324028532,22.65751032370899,0.0,0.0,0.0,0.0,0.0,0.0,1.3053547e-24,0.0
3793,6946.7974,24.282948,0.6174074,22.648755832007733,22.64875583161302,0.0,0.0,0.0,0.0,0.0,0.0,7.905425e-25,0.0
3794,6948.395,24.848572,0.6238065,22.64002807220063,22.640028071713903,0.0,0.0,0.0,0.0,0.0,0.0,4.783519e-25,0.0
3795,6949.9976,25.079233,0.6367611,22.631279031628473,22.631279031028658,0.0,0.0,0.0,0.0,0.0,0.0,2.8840153e-25,0.0
3796,6951.596,24.248833,0.6072815,22.622556694441254,22.622556693703373,0.0,0.0,0.0,0.0,0.0,0.0,1.7373068e-25,0.0
3797,6953.2,23.626326,0.60007334,22.61381044514178,22.613810444234584,0.0,0.0,0.0,0.0,0.0,0.0,1.0425785e-25,0.0
3798,6954.799,24.032078,0.6406509,22.60509885376667,22.605098852653505,0.0,0.0,0.0,0.0,0.0,0.0,6.2542754e-26,0.0
3799,6956.399,24.225094,0.6062699,22.59638464433719,22.596384642972772,0.0,0.0,0.0,0.0,0.0,0.0,3.7422997e-26,0.0
3800,6958.0034,24.08185,0.61348754,22.5876518865821,22.587651884910944,0.0,0.0,0.0,0.0,0.0,0.0,2.231392e-26,0.0
3801,6959.6035,24.666647,0.6314913,22.578948412136093,22.57894841009299,0.0,0.0,0.0,0.0,0.0,0.0,1.329602e-26,0.0
3802,6961.21,25.171484,0.64775383,22.570215795875566,22.57021579337896,0.0,0.0,0.0,0.0,0.0,0.0,7.8897816e-27,0.0
3803,6962.8105,25.1062,0.63878286,22.561520392997714,22.561520389953078,0.0,0.0,0.0,0.0,0.0,0.0,4.680893e-27,0.0
3804,6964.417,23.634798,0.65166837,22.55279853524656,22.552798531535668,0.0,0.0,0.0,0.0,0.0,0.0,2.7659626e-27,0.0
3805,6966.0186,24.044315,0.68205,22.544108545464333,22.544108540949892,0.0,0.0,0.0,0.0,0.0,0.0,1.633623e-27,0.0
3806,6967.6206,25.479677,0.6589447,22.53542125385075,22.53542124836546,0.0,0.0,0.0,0.0,0.0,0.0,9.626829e-28,0.0
3807,6969.2285,24.539072,0.6708436,22.526707562382814,22.526707555721686,0.0,0.0,0.0,0.0,0.0,0.0,5.650132e-28,0.0
3808,6970.8315,25.481245,0.7036378,22.518025686222572,22.518025678148668,0.0,0.0,0.0,0.0,0.0,0.0,3.3145543e-28,0.0
3809,6972.439,25.692884,0.70005375,22.509325373025433,22.50932536324647,0.0,0.0,0.0,0.0,0.0,0.0,1.9375116e-28,0.0
3810,6974.043,25.37446,0.66378224,22.500648909053478,22.50064889722932,0.0,0.0,0.0,0.0,0.0,0.0,1.131495e-28,0.0
3811,6975.6504,25.520798,0.6414089,22.491959312516254,22.49195929823165,0.0,0.0,0.0,0.0,0.0,0.0,6.5863705e-29,0.0
3812,6977.256,25.762274,0.64113444,22.48328562199788,22.483285604766806,0.0,0.0,0.0,0.0,0.0,0.0,3.8283368e-29,0.0
3813,6978.8604,25.18109,0.6310266,22.474622542476233,22.474622521719695,0.0,0.0,0.0,0.0,0.0,0.0,2.2213246e-29,0.0
3814,6980.47,24.994343,0.6282672,22.46593581878478,22.465935793797787,0.0,0.0,0.0,0.0,0.0,0.0,1.2838201e-29,0.0
3815,6982.076,25.059654,0.629664,22.457275513818423,22.457275483790507,0.0,0.0,0.0,0.0,0.0,0.0,7.4141555e-30,0.0
3816,6983.686,24.99695,0.6342018,22.448599493407194,22.448599457351182,0.0,0.0,0.0,0.0,0.0,0.0,4.26699e-30,0.0
3817,6985.2925,24.752483,0.63483596,22.439947227987595,22.439947184765074,0.0,0.0,0.0,0.0,0.0,0.0,2.4534495e-30,0.0
3818,6986.9033,24.676052,0.63202727,22.431276640221647,22.431276588448252,0.0,0.0,0.0,0.0,0.0,0.0,1.4056016e-30,0.0
3819,6988.5107,25.01587,0.646334,22.422629782658586,22.422629720744883,0.0,0.0,0.0,0.0,0.0,0.0,8.045254e-31,0.0
3820,6990.118,25.194149,0.6611622,22.413988247686458,22.413988173739778,0.0,0.0,0.0,0.0,0.0,0.0,4.5952176e-31,0.0
3821,6991.73,25.327246,0.65621424,22.405328427874096,22.405328339624752,0.0,0.0,0.0,0.0,0.0,0.0,2.6151218e-31,0.0
3822,6993.3394,25.03945,0.6480856,22.396687056308085,22.396686951150652,0.0,0.0,0.0,0.0,0.0,0.0,1.4863728e-31,0.0
3823,6994.951,24.758852,0.6353065,22.388037911174752,22.38803778599473,0.0,0.0,0.0,0.0,0.0,0.0,8.423216e-32,0.0
3824,6996.561,25.058535,0.63018954,22.379404572355885,22.37940442355951,0.0,0.0,0.0,0.0,0.0,0.0,4.766562e-32,0.0
3825,6998.174,25.58725,0.7202143,22.37076085536711,22.37076067866589,0.0,0.0,0.0,0.0,0.0,0.0,2.6888346e-32,0.0
3826,6999.783,24.867945,0.7175596,22.362140774086818,22.362140564586674,0.0,0.0,0.0,0.0,0.0,0.0,1.5154279e-32,0.0
3827,7001.3945,24.780846,0.6294094,22.35351554911464,22.353515300987205,0.0,0.0,0.0,0.0,0.0,0.0,8.5169444e-33,0.0
3828,7003.009,25.254822,0.6290415,22.344879973689306,22.344879680090575,0.0,0.0,0.0,0.0,0.0,0.0,4.7714895e-33,0.0
3829,7004.62,25.421736,0.63226837,22.33626538952931,22.336265042665964,0.0,0.0,0.0,0.0,0.0,0.0,2.6703217e-33,0.0
3830,7006.235,25.146051,0.6205475,22.327637859596113,22.32763745017215,0.0,0.0,0.0,0.0,0.0,0.0,1.4894249e-33,0.0
3831,7007.846,24.885645,0.62928706,22.319033905050816,22.31903342255194,0.0,0.0,0.0,0.0,0.0,0.0,8.300213e-34,0.0
3832,7009.4624,24.462212,0.62761307,22.310409206948748,22.310408638758304,0.0,0.0,0.0,0.0,0.0,0.0,4.607515e-34,0.0
3833,7011.075,24.88035,0.6358487,22.301808066041424,22.301807398000626,0.0,0.0,0.0,0.0,0.0,0.0,2.5554453e-34,0.0
3834,7012.6885,25.407057,0.676311,22.29320963329896,22.2932088487939,0.0,0.0,0.0,0.0,0.0,0.0,1.4140637e-34,0.0
3835,7014.305,24.992643,0.649526,22.28459831153985,22.28459739109267,0.0,0.0,0.0,0.0,0.0,0.0,7.798306e-35,0.0
3836,7015.9185,24.511341,0.6542949,22.276010510749494,22.276009432499414,0.0,0.0,0.0,0.0,0.0,0.0,4.2969192e-35,0.0
3837,7017.537,25.214027,0.7077347,22.267399453650842,22.267398191435564,0.0,0.0,0.0,0.0,0.0,0.0,2.3578972e-35,0.0
3838,7019.1504,24.796137,0.70057607,22.25882228691502,22.258820811933234,0.0,0.0,0.0,0.0,0.0,0.0,1.2937076e-35,0.0
3839,7020.77,25.2295,0.6863906,22.250216711435154,22.250214988881066,0.0,0.0,0.0,0.0,0.0,0.0,7.066416e-36,0.0
3840,7022.385,24.860292,0.68527824,22.24164240585189,22.241640397572766,0.0,0.0,0.0,0.0,0.0,0.0,3.85857e-36,0.0
3841,7024.0,25.115343,0.71122456,22.233070829151107,22.23306849049462,0.0,0.0,0.0,0.0,0.0,0.0,2.1020976e-36,0.0
3842,7025.62,25.890574,0.75571114,22.224478689432832,22.224475968119865,0.0,0.0,0.0,0.0,0.0,0.0,1.1406519e-36,0.0
3843,7027.2363,25.454962,0.6948727,22.215912606390745,22.215909444810492,0.0,0.0,0.0,0.0,0.0,0.0,6.1854556e-37,0.0
3844,7028.857,26.03905,0.71634454,22.207328591338676,22.207324921226967,0.0,0.0,0.0,0.0,0.0,0.0,3.3414652e-37,0.0
3845,7030.4736,25.702929,0.8032631,22.198770619198328,22.198766365435674,0.0,0.0,0.0,0.0,0.0,0.0,1.8039331e-37,0.0
3846,7032.094,25.043543,1.2157706,22.190197340826842,22.190192414792534,0.0,0.0,0.0,0.0,0.0,0.0,9.703614e-38,0.0
3847,7033.713,24.440912,2.5526571,22.18163977058152,22.181634073903247,0.0,0.0,0.0,0.0,0.0,0.0,5.212394e-38,0.0
3848,7035.331,25.333042,2.1941504,22.173090160973462,22.173083581269513,0.0,0.0,0.0,0.0,0.0,0.0,2.7944873e-38,0.0
3849,7036.953,26.457151,2.9252431,22.16452532124205,22.164517728107253,0.0,0.0,0.0,0.0,0.0,0.0,1.4927232e-38,0.0
3850,7038.572,20.879486,3.5520167,22.155983939749163,22.155975190186396,0.0,0.0,0.0,0.0,0.0,0.0,7.967064e-39,0.0
3851,7040.195,29.682236,2.984262,22.147424810813543,22.147414736851868,0.0,0.0,0.0,0.0,0.0,0.0,4.235992e-39,0.0
3852,7041.815,28.743862,1.9126208,22.138886583111653,22.13887500099312,0.0,0.0,0.0,0.0,0.0,0.0,2.250065e-39,0.0
3853,7043.438,25.755087,1.1611054,22.130338396643396,22.130325093024197,0.0,0.0,0.0,0.0,0.0,0.0,1.191164e-39,0.0
3854,7045.0586,26.874012,2.0289843,22.121808564574078,22.121793304790028,0.0,0.0,0.0,0.0,0.0,0.0,6.29924e-40,0.0
3855,7046.6797,25.87975,3.3320012,22.113281682524143,22.113264198798174,0.0,0.0,0.0,0.0,0.0,0.0,3.32231e-40,0.0
3856,7048.304,33.6925,7.935197,22.104742389504086,22.104722375543847,0.0,0.0,0.0,0.0,0.0,0.0,1.74652e-40,0.0
3857,7049.926,27.867752,1.2404493,22.096224087447784,22.096201209479634,0.0,0.0,0.0,0.0,0.0,0.0,9.184e-41,0.0
3858,7051.552,25.569082,0.85367507,22.087688346319887,22.087662215614877,0.0,0.0,0.0,0.0,0.0,0.0,4.8079e-41,0.0
3859,7053.174,27.97311,0.90722775,22.07917878600533,22.079148984337778,0.0,0.0,0.0,0.0,0.0,0.0,2.5118e-41,0.0
3860,7054.8,27.68036,1.0481987,22.070654467871876,22.070620508274672,0.0,0.0,0.0,0.0,0.0,0.0,1.3148e-41,0.0
3861,7056.423,24.207262,1.3226798,22.062151286972682,22.062112643175812,0.0,0.0,0.0,0.0,0.0,0.0,6.868e-42,0.0
3862,7058.0503,26.424839,1.2295524,22.053630937386206,22.053586998798583,0.0,0.0,0.0,0.0,0.0,0.0,3.533e-42,0.0
3863,7059.6743,26.799864,1.0391995,22.04513439059425,22.045084502619794,0.0,0.0,0.0,0.0,0.0,0.0,1.766e-42,0.0
3864,7061.299,27.571497,1.1517514,22.03664126521934,22.03658468504099,0.0,0.0,0.0,0.0,0.0,0.0,9.81e-43,0.0
3865,7062.9263,28.284964,1.0596076,22.028138895384146,22.028074784156743,0.0,0.0,0.0,0.0,0.0,0.0,3.92e-43,0.0
3866,7064.551,27.148983,0.855831,22.0196579798868,22.01958543424564,0.0,0.0,0.0,0.0,0.0,0.0,1.96e-43,0.0
3867,7066.18,25.184559,0.779992,22.011157840447474,22.011075813855193,0.0,0.0,0.0,0.0,0.0,0.0,1.96e-43,0.0
3868,7067.8057,26.732735,0.8572491,22.002684439012558,22.00259182473052,0.0,0.0,0.0,0.0,0.0,0.0,0.0,0.0
3869,7069.436,26.652897,0.93628836,21.99419208219115,21.994087593968292,0.0,0.0,0.0,0.0,0.0,0.0,0.0,0.0
3870,7071.062,28.155706,0.93234825,21.985729224860837,21.9856115113481,0.0,0.0,0.0,0.0,0.0,0.0,0.0,0.0
3871,7072.689,28.745209,0.9400611,21.977268030382817,21.97713555690612,0.0,0.0,0.0,0.0,0.0,0.0,0.0,0.0
3872,7074.32,26.993757,0.82330316,21.968793445939042,21.968644486903173,0.0,0.0,0.0,0.0,0.0,0.0,0.0,0.0
3873,7075.947,26.008043,0.7620595,21.960346234908464,21.96017897270645,0.0,0.0,0.0,0.0,0.0,0.0,0.0,0.0
3874,7077.579,27.03327,0.831995,21.95187842065208,21.951690744193925,0.0,0.0,0.0,0.0,0.0,0.0,0.0,0.0
3875,7079.2065,26.568878,0.88149226,21.943443396439008,21.94323312050726,0.0,0.0,0.0,0.0,0.0,0.0,0.0,0.0
3876,7080.8394,27.13262,1.0110466,21.934988234783635,21.934752811206966,0.0,0.0,0.0,0.0,0.0,0.0,0.0,0.0
3877,7082.4683,33.904175,1.574334,21.92656121884079,21.926298002488465,0.0,0.0,0.0,0.0,0.0,0.0,0.0,0.0
3878,7084.097,35.26122,3.215408,21.91814236220807,21.917848395883535,0.0,0.0,0.0,0.0,0.0,0.0,0.0,0.0
3879,7085.7314,20.427744,3.7673283,21.909704217491957,21.90937615131522,0.0,0.0,0.0,0.0,0.0,0.0,0.0,0.0
3880,7087.361,23.820215,4.086465,21.901300024195006,21.900934423914077,0.0,0.0,0.0,0.0,0.0,0.0,0.0,0.0
3881,7088.995,21.520473,2.4091375,21.892879728448385,21.892472614551004,0.0,0.0,0.0,0.0,0.0,0.0,0.0,0.0
3882,7090.6265,22.482689,1.191413,21.8844839379528,21.884031179004715,0.0,0.0,0.0,0.0,0.0,0.0,0.0,0.0
3883,7092.261,25.414255,0.9044697,21.876080352660384,21.875577269144006,0.0,0.0,0.0,0.0,0.0,0.0,0.0,0.0
3884,7093.893,25.801163,0.8600779,21.867701996843927,21.867143708716277,0.0,0.0,0.0,0.0,0.0,0.0,0.0,0.0
3885,7095.525,24.968056,0.78656155,21.85933421762292,21.85871533828885,0.0,0.0,0.0,0.0,0.0,0.0,0.0,0.0
3886,7097.161,24.974447,0.7030202,21.85095496769343,21.850269476850986,0.0,0.0,0.0,0.0,0.0,0.0,0.0,0.0
3887,7098.794,25.945147,0.700816,21.842604739965207,21.84184645107136,0.0,0.0,0.0,0.0,0.0,0.0,0.0,0.0
3888,7100.431,25.199299,0.70574963,21.83424409652535,21.83340595964283,0.0,0.0,0.0,0.0,0.0,0.0,0.0,0.0
3889,7102.0645,24.660845,0.7425952,21.825915967224258,21.82499079452185,0.0,0.0,0.0,0.0,0.0,0.0,0.0,0.0
3890,7103.702,25.497303,0.89026994,21.81757860061455,21.816558185976216,0.0,0.0,0.0,0.0,0.0,0.0,0.0,0.0
3891,7105.337,25.827364,1.0631675,21.809269902651785,21.808145849506026,0.0,0.0,0.0,0.0,0.0,0.0,0.0,0.0
3892,7106.9717,25.028488,1.0020922,21.800975578215493,21.799738690916037,0.0,0.0,0.0,0.0,0.0,0.0,0.0,0.0
3893,7108.6104,23.217714,0.76495683,21.792676529417598,21.791316635593624,0.0,0.0,0.0,0.0,0.0,0.0,0.0,0.0
3894,7110.246,24.217432,0.73812807,21.784408091634248,21.782914817516428,0.0,0.0,0.0,0.0,0.0,0.0,0.0,0.0
3895,7111.8853,24.78403,0.75421417,21.776138924853853,21.77450063053982,0.0,0.0,0.0,0.0,0.0,0.0,0.0,0.0
3896,7113.5215,23.395782,0.7010226,21.76790183067154,21.76610665658321,0.0,0.0,0.0,0.0,0.0,0.0,0.0,0.0
3897,7115.1626,23.747137,0.7188575,21.759658319949136,21.75769282186307,0.0,0.0,0.0,0.0,0.0,0.0,0.0,0.0
3898,7116.799,26.126482,1.1219767,21.75145828521065,21.749309189451854,0.0,0.0,0.0,0.0,0.0,0.0,0.0,0.0
3899,7118.4365,23.990314,1.2610468,21.743270731124056,21.740923214995263,0.0,0.0,0.0,0.0,0.0,0.0,0.0,0.0
3900,7120.077,23.042496,1.2090772,21.735089321789385,21.73252741403976,0.0,0.0,0.0,0.0,0.0,0.0,0.0,0.0
3901,7121.715,23.075773,0.9500475,21.726944215257692,21.724151767219457,0.0,0.0,0.0,0.0,0.0,0.0,0.0,0.0
3902,7123.358,23.710548,0.82235235,21.7187951484222,21.715753829105946,0.0,0.0,0.0,0.0,0.0,0.0,0.0,0.0
3903,7124.9966,26.016228,0.9630123,21.710691574905137,21.707383513394813,0.0,0.0,0.0,0.0,0.0,0.0,0.0,0.0
3904,7126.6387,24.773338,0.85711503,21.70259586549211,21.6990009049404,0.0,0.0,0.0,0.0,0.0,0.0,0.0,0.0
3905,7128.279,24.737156,0.73950905,21.694535582639805,21.690633424871198,0.0,0.0,0.0,0.0,0.0,0.0,0.0,0.0
3906,7129.919,25.217089,0.75785047,21.68650215016518,21.682271095363685,0.0,0.0,0.0,0.0,0.0,0.0,0.0,0.0
3907,7131.5635,29.537266,1.221077,21.678475244785425,21.673891526995924,0.0,0.0,0.0,0.0,0.0,0.0,0.0,0.0
3908,7133.203,27.807716,2.621459,21.67050123815165,21.665541985023033,0.0,0.0,0.0,0.0,0.0,0.0,0.0,0.0
3909,7134.8477,12.707491,5.5476317,21.662533750332166,21.65717273582073,0.0,0.0,0.0,0.0,0.0,0.0,0.0,0.0
3910,7136.4897,22.740448,2.6089616,21.6546094552026,21.648821060486963,0.0,0.0,0.0,0.0,0.0,0.0,0.0,0.0
3911,7138.1353,24.830317,1.3889701,21.646701228805746,21.640457158443446,0.0,0.0,0.0,0.0,0.0,0.0,0.0,0.0
3912,7139.7783,25.248817,1.0593753,21.63883837790797,21.63211081236238,0.0,0.0,0.0,0.0,0.0,0.0,0.0,0.0
3913,7141.4204,24.677534,0.8921315,21.63101489348622,21.62377456082316,0.0,0.0,0.0,0.0,0.0,0.0,0.0,0.0
3914,7143.0664,22.951988,0.753231,21.623208696696473,21.615423625077618,0.0,0.0,0.0,0.0,0.0,0.0,0.0,0.0
3915,7144.71,24.19515,0.8866529,21.61545100805963,21.60709021238292,0.0,0.0,0.0,0.0,0.0,0.0,0.0,0.0
3916,7146.3574,24.236052,1.4524775,21.60771296255983,21.5987421403522,0.0,0.0,0.0,0.0,0.0,0.0,0.0,0.0
3917,7148.002,20.21944,2.0753293,21.600027701229628,21.59041404851603,0.0,0.0,0.0,0.0,0.0,0.0,0.0,0.0
3918,7149.65,24.332779,1.8666499,21.592366547791784,21.58207378955794,0.0,0.0,0.0,0.0,0.0,0.0,0.0,0.0
3919,7151.2944,25.899366,1.2580326,21.584762183461745,21.573755955767293,0.0,0.0,0.0,0.0,0.0,0.0,0.0,0.0
3920,7152.9404,21.618128,0.7428863,21.577192818739796,21.565435837016786,0.0,0.0,0.0,0.0,0.0,0.0,0.0,0.0
3921,7154.5894,23.6011,0.7218123,21.56965266073247,21.557106045057377,0.0,0.0,0.0,0.0,0.0,0.0,0.0,0.0
3922,7156.235,24.175161,0.7633358,21.56217142946511,21.548798639396722,0.0,0.0,0.0,0.0,0.0,0.0,0.0,0.0
3923,7157.8853,22.875446,0.7531207,21.55471207003284,21.540471715733293,0.0,0.0,0.0,0.0,0.0,0.0,0.0,0.0
3924,7159.532,27.709965,1.1152809,21.547312692191138,21.532167157541647,0.0,0.0,0.0,0.0,0.0,0.0,0.0,0.0
3925,7161.183,20.497736,2.4540782,21.539940844363755,21.5238480317213,0.0,0.0,0.0,0.0,0.0,0.0,0.0,0.0
3926,7162.8306,10.741184,3.5447469,21.53262958454802,21.51555124449446,0.0,0.0,0.0,0.0,0.0,0.0,0.0,0.0
3927,7164.478,26.586905,2.3626156,21.525363804537136,21.50725956237622,0.0,0.0,0.0,0.0,0.0,0.0,0.0,0.0
3928,7166.1304,23.597284,1.2815382,21.518122268579823,21.498948428518993,0.0,0.0,0.0,0.0,0.0,0.0,0.0,0.0
3929,7167.779,23.23767,0.80585665,21.510943490944666,21.490662051297587,0.0,0.0,0.0,0.0,0.0,0.0,0.0,0.0
3930,7169.432,23.118507,0.69772595,21.503789063250753,21.482356249993774,0.0,0.0,0.0,0.0,0.0,0.0,0.0,0.0
3931,7171.081,22.303719,0.6896368,21.496698821274343,21.474077629236284,0.0,0.0,0.0,0.0,0.0,0.0,0.0,0.0
3932,7172.735,22.597618,0.7160843,21.489632447195426,21.465779608992115,0.0,0.0,0.0,0.0,0.0,0.0,0.0,0.0
3933,7174.3853,23.515295,0.79170036,21.482624837023586,21.457503841084808,0.0,0.0,0.0,0.0,0.0,0.0,0.0,0.0
3934,7176.0356,22.538872,0.81665003,21.47566057114711,21.44923316619208,0.0,0.0,0.0,0.0,0.0,0.0,0.0,0.0
3935,7177.6895,24.00848,0.84530836,21.468724445397424,21.44095046720879,0.0,0.0,0.0,0.0,0.0,0.0,0.0,0.0
3936,7179.3413,23.018084,1.3374598,21.461837947351867,21.432682646421725,0.0,0.0,0.0,0.0,0.0,0.0,0.0,0.0
3937,7180.997,22.66003,1.815426,21.454975485425937,21.424400381368148,0.0,0.0,0.0,0.0,0.0,0.0,0.0,0.0
3938,7182.649,24.44619,1.4282489,21.448168046512688,21.416142746546353,0.0,0.0,0.0,0.0,0.0,0.0,0.0,0.0
3939,7184.305,24.264063,1.0031539,21.441379875431227,21.40786824424045,0.0,0.0,0.0,0.0,0.0,0.0,0.0,0.0
3940,7185.9575,23.45861,0.7157066,21.43464331698401,21.399618342488836,0.0,0.0,0.0,0.0,0.0,0.0,0.0,0.0
3941,7187.615,21.911806,0.6660717,21.427918751318497,21.39134672336702,0.0,0.0,0.0,0.0,0.0,0.0,0.0,0.0
3942,7189.2686,21.983103,0.686324,21.421243835315288,21.38310211531836,0.0,0.0,0.0,0.0,0.0,0.0,0.0,0.0
3943,7190.923,23.976448,0.7848713,21.41459469297499,21.374857714265293,0.0,0.0,0.0,0.0,0.0,0.0,0.0,0.0
3944,7192.5806,23.455572,1.759745,21.407959385513845,21.366601369082513,0.0,0.0,0.0,0.0,0.0,0.0,0.0,0.0
3945,7194.2354,18.489548,2.170561,21.401360998563224,21.358364692590886,0.0,0.0,0.0,0.0,0.0,0.0,0.0,0.0
3946,7195.8945,22.479105,2.030817,21.394767943561252,21.350111230999406,0.0,0.0,0.0,0.0,0.0,0.0,0.0,0.0
3947,7197.5493,23.490015,0.9971661,21.38821262674838,21.34188470052987,0.0,0.0,0.0,0.0,0.0,0.0,0.0,0.0
3948,7199.209,23.316048,0.77407014,21.381655734892277,21.333638978119282,0.0,0.0,0.0,0.0,0.0,0.0,0.0,0.0
3949,7200.865,23.759201,0.8086513,21.375127458233916,21.32541530694493,0.0,0.0,0.0,0.0,0.0,0.0,0.0,0.0
3950,7202.5215,23.703547,0.7774893,21.36861164024687,21.31719669601536,0.0,0.0,0.0,0.0,0.0,0.0,0.0,0.0
3951,7204.183,22.440527,0.7248968,21.362084532310742,21.308956513335485,0.0,0.0,0.0,0.0,0.0,0.0,0.0,0.0
3952,7205.84,23.29477,0.7884299,21.355583776602355,21.300745607236234,0.0,0.0,0.0,0.0,0.0,0.0,0.0,0.0
3953,7207.5015,21.211977,0.91632617,21.3490684277619,21.29251557432662,0.0,0.0,0.0,0.0,0.0,0.0,0.0,0.0
3954,7209.1597,21.864456,0.8448651,21.342568452306132,21.284307530917268,0.0,0.0,0.0,0.0,0.0,0.0,0.0,0.0
3955,7210.8223,23.432678,0.80959076,21.336050718335017,21.27608280560146,0.0,0.0,0.0,0.0,0.0,0.0,0.0,0.0
3956,7212.4814,23.644949,0.7942632,21.3295434504253,21.267880046318208,0.0,0.0,0.0,0.0,0.0,0.0,0.0,0.0
3957,7214.1406,23.865976,0.76545954,21.323030948875875,21.259682335196466,0.0,0.0,0.0,0.0,0.0,0.0,0.0,0.0
3958,7215.804,21.913582,0.72817653,21.316493781853787,21.251467975426785,0.0,0.0,0.0,0.0,0.0,0.0,0.0,0.0
3959,7217.464,23.3712,0.8840262,21.309962556068164,21.243277952377063,0.0,0.0,0.0,0.0,0.0,0.0,0.0,0.0
3960,7219.1284,22.087988,1.3134942,21.303400829027876,21.235068894516214,0.0,0.0,0.0,0.0,0.0,0.0,0.0,0.0
3961,7220.7886,21.625423,1.2071956,21.296843540932752,21.226886552836515,0.0,0.0,0.0,0.0,0.0,0.0,0.0,0.0
3962,7222.454,23.332066,0.95491236,21.29025065931049,21.218682796084554,0.0,0.0,0.0,0.0,0.0,0.0,0.0,0.0
3963,7224.1157,21.77273,0.759194,21.283657713199883,21.210503323341637,0.0,0.0,0.0,0.0,0.0,0.0,0.0,0.0
3964,7225.778,21.419386,0.7633247,21.27704633602873,21.20232648232952,0.0,0.0,0.0,0.0,0.0,0.0,0.0,0.0
3965,7227.444,26.247923,0.9796715,21.27040214260598,21.194135473869046,0.0,0.0,0.0,0.0,0.0,0.0,0.0,0.0
3966,7229.1064,20.947634,3.0919218,21.263753920984083,21.185966305625254,0.0,0.0,0.0,0.0,0.0,0.0,0.0,0.0
3967,7230.774,17.923079,2.1433532,21.257068256306965,21.177778194117863,0.0,0.0,0.0,0.0,0.0,0.0,0.0,0.0
3968,7232.4365,22.892586,2.5429757,21.25038442564217,21.169619088890233,0.0,0.0,0.0,0.0,0.0,0.0,0.0,0.0
3969,7234.105,21.898664,1.0670422,21.24365962173614,21.16143627341661,0.0,0.0,0.0,0.0,0.0,0.0,0.0,0.0
3970,7235.769,22.55115,0.73133636,21.236935806695293,21.15328003955252,0.0,0.0,0.0,0.0,0.0,0.0,0.0,0.0
3971,7237.4336,22.415081,0.6788032,21.23019425626381,21.145126432734568,0.0,0.0,0.0,0.0,0.0,0.0,0.0,0.0
3972,7239.1025,22.769041,0.73728746,21.223420339230127,21.136956336501665,0.0,0.0,0.0,0.0,0.0,0.0,0.0,0.0
3973,7240.7676,23.759554,0.77067167,21.216649235080816,21.128810384165384,0.0,0.0,0.0,0.0,0.0,0.0,0.0,0.0
3974,7242.437,23.751652,0.7303991,21.20984896666682,21.120647963353754,0.0,0.0,0.0,0.0,0.0,0.0,0.0,0.0
3975,7244.1035,22.39303,0.6928793,21.20305130870649,21.11250488699981,0.0,0.0,0.0,0.0,0.0,0.0,0.0,0.0
3976,7245.774,24.179026,0.74288505,21.19623071166688,21.104347752658665,0.0,0.0,0.0,0.0,0.0,0.0,0.0,0.0
3977,7247.4414,23.482088,0.8387797,21.189417532790138,21.096209942508175,0.0,0.0,0.0,0.0,0.0,0.0,0.0,0.0
3978,7249.1084,23.95201,0.8162783,21.182604464423775,21.08807952208531,0.0,0.0,0.0,0.0,0.0,0.0,0.0,0.0
3979,7250.7793,23.779774,0.76843935,21.175776491782162,21.079935069105122,0.0,0.0,0.0,0.0,0.0,0.0,0.0,0.0
3980,7252.448,22.49825,0.7228121,21.168960533170523,21.07180514845115,0.0,0.0,0.0,0.0,0.0,0.0,0.0,0.0
3981,7254.12,23.361227,0.7341521,21.162139866281144,21.063665974665277,0.0,0.0,0.0,0.0,0.0,0.0,0.0,0.0
3982,7255.789,22.509129,0.700246,21.155341745419182,21.055546068651356,0.0,0.0,0.0,0.0,0.0,0.0,0.0,0.0
3983,7257.462,23.77838,0.8212154,21.148541748289723,21.047412171725888,0.0,0.0,0.0,0.0,0.0,0.0,0.0,0.0
3984,7259.132,23.426952,1.0471642,21.141771206039735,21.039297522384473,0.0,0.0,0.0,0.0,0.0,0.0,0.0,0.0
3985,7260.802,21.65434,1.0324426,21.135021795715694,21.031187867011433,0.0,0.0,0.0,0.0,0.0,0.0,0.0,0.0
3986,7262.476,21.727024,1.036647,21.12827944847374,21.023061879897405,0.0,0.0,0.0,0.0,0.0,0.0,0.0,0.0
3987,7264.146,24.261574,0.7640053,21.12158326226164,21.0149622129171,0.0,0.0,0.0,0.0,0.0,0.0,0.0,0.0
3988,7265.8223,22.9637,0.7292163,21.114893886422173,21.0068367674699,0.0,0.0,0.0,0.0,0.0,0.0,0.0,0.0
3989,7267.493,22.947548,0.7628386,21.108261889715493,20.998742348451913,0.0,0.0,0.0,0.0,0.0,0.0,0.0,0.0
3990,7269.169,23.782835,0.9645475,21.101650258178584,20.99062927591311,0.0,0.0,0.0,0.0,0.0,0.0,0.0,0.0
3991,7270.8413,23.777836,1.5571507,21.09509556029285,20.98253773931707,0.0,0.0,0.0,0.0,0.0,0.0,0.0,0.0
3992,7272.5137,23.499163,1.3501774,21.088587922279615,20.974451181714315,0.0,0.0,0.0,0.0,0.0,0.0,0.0,0.0
3993,7274.1914,24.204582,1.0198342,21.082110497102097,20.966343651458576,0.0,0.0,0.0,0.0,0.0,0.0,0.0,0.0
3994,7275.8647,22.452196,0.9153281,21.075704791789267,20.95826234037182,0.0,0.0,0.0,0.0,0.0,0.0,0.0,0.0
3995,7277.5425,23.181255,0.75321335,21.069340999408713,20.950164797886362,0.0,0.0,0.0,0.0,0.0,0.0,0.0,0.0
3996,7279.2173,22.942326,0.7018417,21.063050844003246,20.942086376477764,0.0,0.0,0.0,0.0,0.0,0.0,0.0,0.0
3997,7280.8945,22.765263,0.7230704,21.05681813470631,20.93400116227179,0.0,0.0,0.0,0.0,0.0,0.0,0.0,0.0
3998,7282.5703,23.474163,0.74382824,21.050661530486774,20.925927985600662,0.0,0.0,0.0,0.0,0.0,0.0,0.0,0.0
3999,7284.2456,22.793886,0.7568392,21.0445816037057,20.91786212891322,0.0,0.0,0.0,0.0,0.0,0.0,0.0,0.0
4000,7285.925,22.532276,0.71537745,21.038567131646822,20.90978244531984,0.0,0.0,0.0,0.0,0.0,0.0,0.0,0.0
4001,7287.6016,23.333273,0.7059238,21.032645701303842,20.901719479694727,0.0,0.0,0.0,0.0,0.0,0.0,0.0,0.0
4002,7289.2817,22.99083,0.7562292,21.02680180302246,20.89364505639656,0.0,0.0,0.0,0.0,0.0,0.0,0.0,0.0
4003,7290.9585,22.029486,0.73106515,21.0210646630931,20.885592022697935,0.0,0.0,0.0,0.0,0.0,0.0,0.0,0.0
4004,7292.6406,21.727045,0.71587217,21.015410373010678,20.877518171467823,0.0,0.0,0.0,0.0,0.0,0.0,0.0,0.0
4005,7294.3174,22.058022,0.7201591,21.009881473528022,20.869475058661575,0.0,0.0,0.0,0.0,0.0,0.0,0.0,0.0
4006,7295.9956,22.568783,0.76349294,21.00446213966133,20.861429871971627,0.0,0.0,0.0,0.0,0.0,0.0,0.0,0.0
4007,7297.6777,22.210724,0.7708493,20.999152816757054,20.853370927199215,0.0,0.0,0.0,0.0,0.0,0.0,0.0,0.0
4008,7299.357,21.822372,0.8165757,20.99398370727422,20.845330974901938,0.0,0.0,0.0,0.0,0.0,0.0,0.0,0.0
4009,7301.0405,22.463045,0.8739882,20.988941888492917,20.83727494923434,0.0,0.0,0.0,0.0,0.0,0.0,0.0,0.0
4010,7302.7197,23.797268,0.8901678,20.98406400291878,20.829244901823582,0.0,0.0,0.0,0.0,0.0,0.0,0.0,0.0
4011,7304.4033,23.979168,0.86742145,20.979335911416197,20.821198798560285,0.0,0.0,0.0,0.0,0.0,0.0,0.0,0.0
4012,7306.0845,22.406782,0.9585455,20.97478964746596,20.813169313675182,0.0,0.0,0.0,0.0,0.0,0.0,0.0,0.0
4013,7307.7646,23.33554,1.0323583,20.970434273792822,20.80514943154009,0.0,0.0,0.0,0.0,0.0,0.0,0.0,0.0
4014,7309.45,23.606016,0.9028385,20.96626914511721,20.797108868465827,0.0,0.0,0.0,0.0,0.0,0.0,0.0,0.0
4015,7311.132,23.285118,0.7893503,20.962333631839652,20.78909188243379,0.0,0.0,0.0,0.0,0.0,0.0,0.0,0.0
4016,7312.8174,23.815044,0.7917572,20.95862730553603,20.781061224250553,0.0,0.0,0.0,0.0,0.0,0.0,0.0,0.0
4017,7314.5005,24.32218,1.0776277,20.955183495934666,20.77304713910407,0.0,0.0,0.0,0.0,0.0,0.0,0.0,0.0
4018,7316.187,22.45307,1.335899,20.952011184179785,20.76502172776461,0.0,0.0,0.0,0.0,0.0,0.0,0.0,0.0
4019,7317.8696,20.567173,1.105407,20.949146185207013,20.75701983659232,0.0,0.0,0.0,0.0,0.0,0.0,0.0,0.0
4020,7319.5576,22.416834,0.9390441,20.946596893423752,20.74899734830256,0.0,0.0,0.0,0.0,0.0,0.0,0.0,0.0
4021,7321.241,23.151608,0.8757274,20.944403731687157,20.74100067601928,0.0,0.0,0.0,0.0,0.0,0.0,0.0,0.0
4022,7322.9253,21.338135,0.8649985,20.942585865375314,20.733006606218133,0.0,0.0,0.0,0.0,0.0,0.0,0.0,0.0
4023,7324.6143,22.570105,0.87163717,20.941168841048896,20.724994298144995,0.0,0.0,0.0,0.0,0.0,0.0,0.0,0.0
4024,7326.2983,22.849812,0.7842882,20.940190786212433,20.717010074943055,0.0,0.0,0.0,0.0,0.0,0.0,0.0,0.0
4025,7327.989,24.412403,0.9404162,20.939677137651255,20.709000695266536,0.0,0.0,0.0,0.0,0.0,0.0,0.0,0.0
4026,7329.6743,22.878403,1.4754946,20.939664702220057,20.701019372148608,0.0,0.0,0.0,0.0,0.0,0.0,0.0,0.0
4027,7331.365,20.777245,1.433762,20.940187610600976,20.693017549727944,0.0,0.0,0.0,0.0,0.0,0.0,0.0,0.0
4028,7333.052,21.414967,1.384494,20.941278381974918,20.68504144135259,0.0,0.0,0.0,0.0,0.0,0.0,0.0,0.0
4029,7334.7383,22.92772,0.9498275,20.9429737432134,20.677070240510687,0.0,0.0,0.0,0.0,0.0,0.0,0.0,0.0
4030,7336.43,22.97151,0.75379795,20.945318780313983,20.669078580509677,0.0,0.0,0.0,0.0,0.0,0.0,0.0,0.0
4031,7338.118,22.56829,0.9010976,20.948339197213834,20.661110285098736,0.0,0.0,0.0,0.0,0.0,0.0,0.0,0.0
4032,7339.8096,20.664375,1.2671554,20.952085677446096,20.65313077336666,0.0,0.0,0.0,0.0,0.0,0.0,0.0,0.0
4033,7341.4985,21.348083,1.4385566,20.95658407562513,20.645167688067147,0.0,0.0,0.0,0.0,0.0,0.0,0.0,0.0
4034,7343.191,23.58971,1.0405409,20.961888663006427,20.63719340367377,0.0,0.0,0.0,0.0,0.0,0.0,0.0,0.0
4035,7344.8813,20.430319,1.4238019,20.968021382038167,20.62923323029714,0.0,0.0,0.0,0.0,0.0,0.0,0.0,0.0
4036,7346.571,19.36957,1.6028246,20.975020621972767,20.621282552438466,0.0,0.0,0.0,0.0,0.0,0.0,0.0,0.0
4037,7348.2646,21.57768,1.1868168,20.982947483933255,20.613316104090497,0.0,0.0,0.0,0.0,0.0,0.0,0.0,0.0
4038,7349.9556,22.438005,0.82289046,20.99180348559773,20.60536833449757,0.0,0.0,0.0,0.0,0.0,0.0,0.0,0.0
4039,7351.65,21.642963,0.7697848,21.00165549777577,20.597409405933117,0.0,0.0,0.0,0.0,0.0,0.0,0.0,0.0
4040,7353.341,21.268993,0.7515766,21.01249506631601,20.589471425206543,0.0,0.0,0.0,0.0,0.0,0.0,0.0,0.0
4041,7355.037,21.770443,0.77630275,21.02440881723052,20.58151313656455,0.0,0.0,0.0,0.0,0.0,0.0,0.0,0.0
4042,7356.729,21.266079,0.91095173,21.037355275896324,20.573580356386437,0.0,0.0,0.0,0.0,0.0,0.0,0.0,0.0
4043,7358.4214,22.135077,1.2932364,21.051390801396987,20.565650169578216,0.0,0.0,0.0,0.0,0.0,0.0,0.0,0.0
4044,7360.118,21.489805,1.1857305,21.066571970219186,20.557704289192728,0.0,0.0,0.0,0.0,0.0,0.0,0.0,0.0
4045,7361.811,21.648342,0.93208027,21.082840347692592,20.549781585142238,0.0,0.0,0.0,0.0,0.0,0.0,0.0,0.0
4046,7363.509,23.424265,0.87924206,21.100292576872544,20.54184092434569,0.0,0.0,0.0,0.0,0.0,0.0,0.0,0.0
4047,7365.2026,22.889503,0.9132584,21.118845788009292,20.53392341471446,0.0,0.0,0.0,0.0,0.0,0.0,0.0,0.0
4048,7366.901,22.236132,0.85815394,21.138592964807025,20.525990254083148,0.0,0.0,0.0,0.0,0.0,0.0,0.0,0.0
4049,7368.596,21.914097,0.7560122,21.159446551492568,20.51807565896785,0.0,0.0,0.0,0.0,0.0,0.0,0.0,0.0
4050,7370.291,22.135315,0.7451813,21.181423562860783,20.510168212747867,0.0,0.0,0.0,0.0,0.0,0.0,0.0,0.0
4051,7371.99,22.001612,0.76236767,21.20457573596727,20.502245146672838,0.0,0.0,0.0,0.0,0.0,0.0,0.0,0.0
4052,7373.687,21.679565,0.7607829,21.228790348639425,20.494338339438375,0.0,0.0,0.0,0.0,0.0,0.0,0.0,0.0
4053,7375.3867,22.232458,0.7437171,21.254116101050872,20.48642276027252,0.0,0.0,0.0,0.0,0.0,0.0,0.0,0.0
4054,7377.0835,21.32315,0.7292789,21.28043090710003,20.4785256923135,0.0,0.0,0.0,0.0,0.0,0.0,0.0,0.0
4055,7378.7847,22.485327,0.75168407,21.307808148072517,20.4706130496724,0.0,0.0,0.0,0.0,0.0,0.0,0.0,0.0
4056,7380.482,22.626125,0.7521217,21.33606589410027,20.462723439666828,0.0,0.0,0.0,0.0,0.0,0.0,0.0,0.0
4057,7382.18,21.921055,0.71673584,21.36522750548846,20.454834148211543,0.0,0.0,0.0,0.0,0.0,0.0,0.0,0.0
4058,7383.882,21.733175,0.728975,21.395275575604735,20.44693384834796,0.0,0.0,0.0,0.0,0.0,0.0,0.0,0.0
4059,7385.5806,21.57522,0.7136191,21.426028989494004,20.43905200833098,0.0,0.0,0.0,0.0,0.0,0.0,0.0,0.0
4060,7387.2847,21.543728,0.7256085,21.457562845652568,20.43115012020396,0.0,0.0,0.0,0.0,0.0,0.0,0.0,0.0
4061,7388.984,21.6492,0.73337644,21.48960401625142,20.423275729126786,0.0,0.0,0.0,0.0,0.0,0.0,0.0,0.0
4062,7390.688,21.445677,0.7300377,21.52224647849647,20.415383575855174,0.0,0.0,0.0,0.0,0.0,0.0,0.0,0.0
4063,7392.3877,21.2438,0.74159044,21.55521669558654,20.407516624251702,0.0,0.0,0.0,0.0,0.0,0.0,0.0,0.0
4064,7394.0884,21.304207,0.75207,21.588515180718566,20.39964999593463,0.0,0.0,0.0,0.0,0.0,0.0,0.0,0.0
4065,7395.794,22.232653,0.8813184,21.622111607649284,20.39176564321752,0.0,0.0,0.0,0.0,0.0,0.0,0.0,0.0
4066,7397.4946,25.493275,1.4119854,21.655700640698637,20.383908705731596,0.0,0.0,0.0,0.0,0.0,0.0,0.0,0.0
4067,7399.2,16.402576,5.873755,21.68935624991517,20.37603406344514,0.0,0.0,0.0,0.0,0.0,0.0,0.0,0.0
4068,7400.903,20.15536,5.3610396,21.722801824073592,20.36817779109935,0.0,0.0,0.0,0.0,0.0,0.0,0.0,0.0
4069,7402.6094,23.512156,2.0199957,21.756045160051194,20.360308346505967,0.0,0.0,0.0,0.0,0.0,0.0,0.0,0.0
4070,7404.312,16.039114,1.8660084,21.788804467856878,20.352461751639837,0.0,0.0,0.0,0.0,0.0,0.0,0.0,0.0
4071,7406.0156,18.850767,2.1371396,21.82104292338176,20.34461548750682,0.0,0.0,0.0,0.0,0.0,0.0,0.0,0.0
4072,7407.7236,24.20463,1.6936823,21.852689013440777,20.336753830869366,0.0,0.0,0.0,0.0,0.0,0.0,0.0,0.0
4073,7409.4277,22.433176,1.2457,21.88345347512359,20.32891498673553,0.0,0.0,0.0,0.0,0.0,0.0,0.0,0.0
4074,7411.136,21.819086,0.90475196,21.91335069422114,20.32106076959956,0.0,0.0,0.0,0.0,0.0,0.0,0.0,0.0
4075,7412.841,22.067749,0.9245161,21.94210053987629,20.313229337407417,0.0,0.0,0.0,0.0,0.0,0.0,0.0,0.0
4076,7414.551,20.843798,0.9896036,21.9697239296744,20.30537806919314,0.0,0.0,0.0,0.0,0.0,0.0,0.0,0.0
4077,7416.2563,21.359266,0.99549437,21.995930843548763,20.29755180378436,0.0,0.0,0.0,0.0,0.0,0.0,0.0,0.0
4078,7417.9624,22.029085,0.8997092,22.02067286765452,20.289728114961342,0.0,0.0,0.0,0.0,0.0,0.0,0.0,0.0
4079,7419.673,22.33544,0.90301675,22.043874646296263,20.28188910590625,0.0,0.0,0.0,0.0,0.0,0.0,0.0,0.0
4080,7421.3794,22.032612,0.84781563,22.06530266128137,20.274072817188046,0.0,0.0,0.0,0.0,0.0,0.0,0.0,0.0
4081,7423.0913,21.95312,0.7929295,22.084955788362965,20.26623675893639,0.0,0.0,0.0,0.0,0.0,0.0,0.0,0.0
4082,7424.799,21.90229,0.8181948,22.102610507540433,20.258425632052152,0.0,0.0,0.0,0.0,0.0,0.0,0.0,0.0
4083,7426.5107,20.992123,0.89872247,22.11825450372788,20.250599226475682,0.0,0.0,0.0,0.0,0.0,0.0,0.0,0.0
4084,7428.22,22.25567,0.8859406,22.13172651014788,20.242788798432183,0.0,0.0,0.0,0.0,0.0,0.0,0.0,0.0
4085,7429.9277,20.665962,0.822035,22.14295119796934,20.23499209438505,0.0,0.0,0.0,0.0,0.0,0.0,0.0,0.0
4086,7431.641,21.620237,0.7954935,22.151893264577094,20.227173454091254,0.0,0.0,0.0,0.0,0.0,0.0,0.0,0.0
4087,7433.351,22.395136,0.8367665,22.158428992843817,20.219375218963812,0.0,0.0,0.0,0.0,0.0,0.0,0.0,0.0
4088,7435.065,20.746893,0.82859623,22.162524621200756,20.21156398506184,0.0,0.0,0.0,0.0,0.0,0.0,0.0,0.0
4089,7436.775,21.573635,0.8302525,22.164111444219923,20.203775355085707,0.0,0.0,0.0,0.0,0.0,0.0,0.0,0.0
4090,7438.491,23.00227,0.8788198,22.16315265738838,20.195962630151442,0.0,0.0,0.0,0.0,0.0,0.0,0.0,0.0
4091,7440.202,23.470873,1.0636795,22.159622807763967,20.188179154657277,0.0,0.0,0.0,0.0,0.0,0.0,0.0,0.0
4092,7441.913,19.955341,1.3080801,22.153504229204767,20.180400467531793,0.0,0.0,0.0,0.0,0.0,0.0,0.0,0.0
4093,7443.63,18.527208,1.6846789,22.14475397125341,20.17259994999029,0.0,0.0,0.0,0.0,0.0,0.0,0.0,0.0
4094,7445.3423,20.950153,1.1339188,22.13342375212502,20.164824194248432,0.0,0.0,0.0,0.0,0.0,0.0,0.0,0.0
4095,7447.0586,19.903744,0.85086596,22.119473369734028,20.15703550161574,0.0,0.0,0.0,0.0,0.0,0.0,0.0,0.0
4096,7448.772,21.464746,0.78409266,22.102980456774272,20.149264893953838,0.0,0.0,0.0,0.0,0.0,0.0,0.0,0.0
4097,7450.4893,21.115572,0.77208066,22.083911864801415,20.141481368585595,0.0,0.0,0.0,0.0,0.0,0.0,0.0,0.0
4098,7452.204,20.597033,0.77668214,22.06238028973341,20.133713698089124,0.0,0.0,0.0,0.0,0.0,0.0,0.0,0.0
4099,7453.9224,21.463982,0.78373975,22.03836467421112,20.125935341477966,0.0,0.0,0.0,0.0,0.0,0.0,0.0,0.0
4100,7455.6367,22.225569,0.80755943,22.012033828140392,20.118179448486462,0.0,0.0,0.0,0.0,0.0,0.0,0.0,0.0
4101,7457.352,21.908272,0.96073234,21.983392824677303,20.11042391255267,0.0,0.0,0.0,0.0,0.0,0.0,0.0,0.0
4102,7459.072,26.818548,2.0203931,21.95245579244659,20.102653298397517,0.0,0.0,0.0,0.0,0.0,0.0,0.0,0.0
4103,7460.787,19.302708,3.7159111,21.919472249286596,20.09490731550974,0.0,0.0,0.0,0.0,0.0,0.0,0.0,0.0
4104,7462.5083,19.896835,3.6244211,21.88434034181968,20.087139662040627,0.0,0.0,0.0,0.0,0.0,0.0,0.0,0.0
4105,7464.224,23.32409,1.7914625,21.847393753459553,20.079401018550495,0.0,0.0,0.0,0.0,0.0,0.0,0.0,0.0
4106,7465.9463,20.766708,0.9126472,21.80848986606191,20.071638531490073,0.0,0.0,0.0,0.0,0.0,0.0,0.0,0.0
4107,7467.6636,22.39261,0.83494717,21.767996756161477,20.063902823056008,0.0,0.0,0.0,0.0,0.0,0.0,0.0,0.0
4108,7469.3813,22.14931,0.86318153,21.725915121456982,20.056169676205517,0.0,0.0,0.0,0.0,0.0,0.0,0.0,0.0
4109,7471.104,21.725376,0.9141038,21.68225571434302,20.04841932575507,0.0,0.0,0.0,0.0,0.0,0.0,0.0,0.0
4110,7472.823,22.07488,0.88100857,21.637355455614625,20.040689119555054,0.0,0.0,0.0,0.0,0.0,0.0,0.0,0.0
4111,7474.546,23.560684,1.0609994,21.591166796312216,20.03294831715572,0.0,0.0,0.0,0.0,0.0,0.0,0.0,0.0
4112,7476.2656,23.153877,1.2370085,21.543991843118153,20.02522543991991,0.0,0.0,0.0,0.0,0.0,0.0,0.0,0.0
4113,7477.9897,17.799753,1.4945036,21.495761943989542,20.017487598591593,0.0,0.0,0.0,0.0,0.0,0.0,0.0,0.0
4114,7479.7095,18.438824,1.3702954,21.44685640582631,20.009774234386185,0.0,0.0,0.0,0.0,0.0,0.0,0.0,0.0
4115,7481.4307,20.920832,1.0086387,21.397242971366733,20.002059050506443,0.0,0.0,0.0,0.0,0.0,0.0,0.0,0.0
4116,7483.1553,21.241304,0.8805423,21.346994202727224,19.994333308333303,0.0,0.0,0.0,0.0,0.0,0.0,0.0,0.0
4117,7484.8774,20.88577,0.8395643,21.296409814312796,19.98662325616155,0.0,0.0,0.0,0.0,0.0,0.0,0.0,0.0
4118,7486.603,21.195185,0.8564805,21.245444858174253,19.97890266190045,0.0,0.0,0.0,0.0,0.0,0.0,0.0,0.0
4119,7488.3247,21.366652,0.8835853,21.19443882370233,19.97120428943872,0.0,0.0,0.0,0.0,0.0,0.0,0.0,0.0
4120,7490.0527,25.43792,1.4711856,21.143208299805462,19.963482295204937,0.0,0.0,0.0,0.0,0.0,0.0,0.0,0.0
4121,7491.7754,18.205793,3.022826,21.09221597217268,19.9557890465135,0.0,0.0,0.0,0.0,0.0,0.0,0.0,0.0
4122,7493.499,17.657722,3.8982687,21.041384713908673,19.948096173068524,0.0,0.0,0.0,0.0,0.0,0.0,0.0,0.0
4123,7495.2266,21.920494,2.522967,20.990734605613447,19.94039061528752,0.0,0.0,0.0,0.0,0.0,0.0,0.0,0.0
4124,7496.9507,21.86852,1.2756386,20.940580840431966,19.932705040299215,0.0,0.0,0.0,0.0,0.0,0.0,0.0,0.0
4125,7498.6797,21.440128,0.8810803,20.890777222470906,19.925002447919514,0.0,0.0,0.0,0.0,0.0,0.0,0.0,0.0
4126,7500.4053,21.975119,0.90185827,20.841651842242086,19.917319819575155,0.0,0.0,0.0,0.0,0.0,0.0,0.0,0.0
4127,7502.1343,21.792253,0.876979,20.79309260250327,19.90962671638724,0.0,0.0,0.0,0.0,0.0,0.0,0.0,0.0
4128,7503.86,22.067564,0.8723584,20.745367261056163,19.901953550461986,0.0,0.0,0.0,0.0,0.0,0.0,0.0,0.0
4129,7505.5864,21.975824,0.8725063,20.69842199002589,19.894280766595255,0.0,0.0,0.0,0.0,0.0,0.0,0.0,0.0
4130,7507.3174,21.384064,0.87396705,20.652230293249193,19.886593193506304,0.0,0.0,0.0,0.0,0.0,0.0,0.0,0.0
4131,7509.0444,22.5987,0.9141822,20.607070433194735,19.87892769485245,0.0,0.0,0.0,0.0,0.0,0.0,0.0,0.0
4132,7510.776,24.36284,1.1636404,20.562775567186293,19.871247425687727,0.0,0.0,0.0,0.0,0.0,0.0,0.0,0.0
4133,7512.504,25.206795,1.6679564,20.519589800296814,19.863587040363342,0.0,0.0,0.0,0.0,0.0,0.0,0.0,0.0
4134,7514.237,24.904476,2.946428,20.477343955051488,19.85590974332053,0.0,0.0,0.0,0.0,0.0,0.0,0.0,0.0
4135,7515.9644,22.364483,2.492879,20.436318235948463,19.84826095636167,0.0,0.0,0.0,0.0,0.0,0.0,0.0,0.0
4136,7517.694,18.098154,2.3981736,20.396360391238,19.840608233073024,0.0,0.0,0.0,0.0,0.0,0.0,0.0,0.0
4137,7519.4277,16.246944,2.6981187,20.357439195660643,19.832940792588285,0.0,0.0,0.0,0.0,0.0,0.0,0.0,0.0
4138,7521.1567,20.256643,1.5018805,20.31977600253456,19.825299654372863,0.0,0.0,0.0,0.0,0.0,0.0,0.0,0.0
4139,7522.8916,24.143587,1.7894471,20.283146103550642,19.817637344528883,0.0,0.0,0.0,0.0,0.0,0.0,0.0,0.0
4140,7524.622,22.40201,3.376443,20.247770741682487,19.809999153118568,0.0,0.0,0.0,0.0,0.0,0.0,0.0,0.0
4141,7526.3574,20.961277,3.327824,20.21345938739756,19.802344128465446,0.0,0.0,0.0,0.0,0.0,0.0,0.0,0.0
4142,7528.0884,20.927002,2.5116432,20.180390113434893,19.79471319302092,0.0,0.0,0.0,0.0,0.0,0.0,0.0,0.0
4143,7529.8203,14.959957,2.1132774,20.14844719381421,19.787082650376252,0.0,0.0,0.0,0.0,0.0,0.0,0.0,0.0
4144,7531.5566,20.329914,1.7899483,20.11755917175776,19.779437459549968,0.0,0.0,0.0,0.0,0.0,0.0,0.0,0.0
4145,7533.29,21.769934,1.0676737,20.087840850797313,19.77180987164082,0.0,0.0,0.0,0.0,0.0,0.0,0.0,0.0
4146,7535.027,21.318201,1.2402896,20.059163684278126,19.76417195263445,0.0,0.0,0.0,0.0,0.0,0.0,0.0,0.0
4147,7536.76,21.060635,1.4283898,20.031625321526928,19.756555905957622,0.0,0.0,0.0,0.0,0.0,0.0,0.0,0.0
4148,7538.498,20.922607,1.3539872,20.005054158891365,19.748920960153267,0.0,0.0,0.0,0.0,0.0,0.0,0.0,0.0
4149,7540.2324,21.587763,1.2362969,19.979565884591285,19.741307865501586,0.0,0.0,0.0,0.0,0.0,0.0,0.0,0.0
4150,7541.9663,21.016743,1.1147574,19.955077032513792,19.733701596923048,0.0,0.0,0.0,0.0,0.0,0.0,0.0,0.0
4151,7543.706,20.88071,1.0061035,19.931471604192375,19.726074326121925,0.0,0.0,0.0,0.0,0.0,0.0,0.0,0.0
4152,7545.4414,20.967148,0.9536561,19.908857662457457,19.718471009510985,0.0,0.0,0.0,0.0,0.0,0.0,0.0,0.0
4153,7547.181,21.555397,0.9181386,19.887087260564375,19.71085313447337,0.0,0.0,0.0,0.0,0.0,0.0,0.0,0.0
4154,7548.9175,22.218527,0.99692845,19.866224946077836,19.7032549098096,0.0,0.0,0.0,0.0,0.0,0.0,0.0,0.0
4155,7550.6587,21.270542,0.97745067,19.846137330315372,19.695640013001224,0.0,0.0,0.0,0.0,0.0,0.0,0.0,0.0
4156,7552.3955,20.200634,0.9332162,19.82689684289329,19.688049014981914,0.0,0.0,0.0,0.0,0.0,0.0,0.0,0.0
4157,7554.133,22.55841,1.0230045,19.80841168527137,19.680460555000412,0.0,0.0,0.0,0.0,0.0,0.0,0.0,0.0
4158,7555.875,21.817625,1.193083,19.790603522465734,19.672855455682782,0.0,0.0,0.0,0.0,0.0,0.0,0.0,0.0
4159,7557.617,19.7508,1.2941701,19.773490421607686,19.66525504751463,0.0,0.0,0.0,0.0,0.0,0.0,0.0,0.0
4160,7559.352,20.047495,1.220872,19.757105620353837,19.6576912493998,0.0,0.0,0.0,0.0,0.0,0.0,0.0,0.0
4161,7561.0947,20.189999,1.0514408,19.741272548349304,19.65009806505005,0.0,0.0,0.0,0.0,0.0,0.0,0.0,0.0
4162,7562.8384,21.904528,1.1418749,19.726024650999328,19.642505311437866,0.0,0.0,0.0,0.0,0.0,0.0,0.0,0.0
4163,7564.5825,31.983301,1.9010041,19.711334306295086,19.634915116722752,0.0,0.0,0.0,0.0,0.0,0.0,0.0,0.0
4164,7566.319,24.068361,4.577858,19.697236307976308,19.62736357104546,0.0,0.0,0.0,0.0,0.0,0.0,0.0,0.0
4165,7568.0635,10.823622,4.8939314,19.683569268164312,19.619780593392527,0.0,0.0,0.0,0.0,0.0,0.0,0.0,0.0
4166,7569.808,12.542057,4.0353236,19.670371917954355,19.612202292254835,0.0,0.0,0.0,0.0,0.0,0.0,0.0,0.0
4167,7571.546,17.945526,1.5834181,19.657664599162867,19.604658330125144,0.0,0.0,0.0,0.0,0.0,0.0,0.0,0.0
4168,7573.292,22.176725,1.2805974,19.645309481835678,19.59708299866946,0.0,0.0,0.0,0.0,0.0,0.0,0.0,0.0
4169,7575.038,24.558132,1.7153807,19.633341624316184,19.58951233970782,0.0,0.0,0.0,0.0,0.0,0.0,0.0,0.0
4170,7576.7847,18.739237,2.076805,19.621732349935236,19.58194423416561,0.0,0.0,0.0,0.0,0.0,0.0,0.0,0.0
4171,7578.5244,14.303243,1.7018794,19.610504164402514,19.57441038921955,0.0,0.0,0.0,0.0,0.0,0.0,0.0,0.0
4172,7580.2715,18.58459,1.1728852,19.59954270923779,19.566849483347394,0.0,0.0,0.0,0.0,0.0,0.0,0.0,0.0
4173,7582.019,21.287024,1.0825789,19.588870961322648,19.559291128172738,0.0,0.0,0.0,0.0,0.0,0.0,0.0,0.0
4174,7583.7593,20.737614,1.1522701,19.578514185543163,19.551769082243545,0.0,0.0,0.0,0.0,0.0,0.0,0.0,0.0
4175,7585.508,20.01583,1.1245403,19.56835991871527,19.544215807514103,0.0,0.0,0.0,0.0,0.0,0.0,0.0,0.0
4176,7587.2573,22.365648,1.2259915,19.55843403448938,19.536662976049172,0.0,0.0,0.0,0.0,0.0,0.0,0.0,0.0
4177,7589.0073,23.236586,1.645941,19.54872198137089,19.529112697715007,0.0,0.0,0.0,0.0,0.0,0.0,0.0,0.0
4178,7590.7485,20.167658,1.4603604,19.53925732466048,19.52160496207541,0.0,0.0,0.0,0.0,0.0,0.0,0.0,0.0
4179,7592.499,19.469854,1.2909836,19.529926471819348,19.51406186859793,0.0,0.0,0.0,0.0,0.0,0.0,0.0,0.0
4180,7594.25,20.576603,1.1182548,19.520763300316688,19.506521325515862,0.0,0.0,0.0,0.0,0.0,0.0,0.0,0.0
4181,7595.9927,20.403988,1.0578184,19.511799195198016,19.499021147725777,0.0,0.0,0.0,0.0,0.0,0.0,0.0,0.0
4182,7597.7446,20.210049,1.0760108,19.502931230333836,19.491485681948454,0.0,0.0,0.0,0.0,0.0,0.0,0.0,0.0
4183,7599.497,22.523668,1.187205,19.494193301673036,19.48395276642124,0.0,0.0,0.0,0.0,0.0,0.0,0.0,0.0
4184,7601.2485,25.67845,1.5576329,19.48558169201219,19.476428691933094,0.0,0.0,0.0,0.0,0.0,0.0,0.0,0.0
4185,7602.9937,23.74388,1.8859565,19.47711193544708,19.468936499039753,0.0,0.0,0.0,0.0,0.0,0.0,0.0,0.0
4186,7604.7466,19.585548,1.7888852,19.468706053476662,19.461415396798284,0.0,0.0,0.0,0.0,0.0,0.0,0.0,0.0
4187,7606.4995,19.540596,1.4491929,19.460393477878966,19.453898932501176,0.0,0.0,0.0,0.0,0.0,0.0,0.0,0.0
4188,7608.246,21.566471,1.4886587,19.452195803530078,19.44641429547922,0.0,0.0,0.0,0.0,0.0,0.0,0.0,0.0
4189,7610.0005,21.093037,1.5316588,19.444039270367686,19.438900807026986,0.0,0.0,0.0,0.0,0.0,0.0,0.0,0.0
4190,7611.755,19.193727,1.4657779,19.435953889908262,19.431391952494153,0.0,0.0,0.0,0.0,0.0,0.0,0.0,0.0
4191,7613.5107,21.258747,1.2951108,19.427926711751358,19.423881464185403,0.0,0.0,0.0,0.0,0.0,0.0,0.0,0.0
4192,7615.258,18.891212,1.2191715,19.419998484470113,19.41641316916065,0.0,0.0,0.0,0.0,0.0,0.0,0.0,0.0
4193,7617.0137,30.793056,1.807473,19.412084176711566,19.408911921357564,0.0,0.0,0.0,0.0,0.0,0.0,0.0,0.0
4194,7618.7705,24.606586,3.5568767,19.404214619789787,19.40141113138809,0.0,0.0,0.0,0.0,0.0,0.0,0.0,0.0
4195,7620.519,10.1501465,3.2357485,19.39642668329132,19.393950375960667,0.0,0.0,0.0,0.0,0.0,0.0,0.0,0.0
4196,7622.2754,12.268659,2.6577694,19.38864457189081,19.38646089612482,0.0,0.0,0.0,0.0,0.0,0.0,0.0,0.0
4197,7624.0337,20.520973,1.4059389,19.38089092080565,19.378967712215054,0.0,0.0,0.0,0.0,0.0,0.0,0.0,0.0
4198,7625.7915,20.478859,1.2190368,19.373173205916967,19.371481230402562,0.0,0.0,0.0,0.0,0.0,0.0,0.0,0.0
4199,7627.5425,20.625734,1.2000632,19.36551607800438,19.36402845247439,0.0,0.0,0.0,0.0,0.0,0.0,0.0,0.0
4200,7629.3013,20.818657,1.268876,19.357852766488403,19.35654702942139,0.0,0.0,0.0,0.0,0.0,0.0,0.0,0.0
4201,7631.06,21.122656,1.2988292,19.350215013717488,19.34907022036724,0.0,0.0,0.0,0.0,0.0,0.0,0.0,0.0
4202,7632.8115,24.0285,1.5079885,19.342632235781466,19.341629128725444,0.0,0.0,0.0,0.0,0.0,0.0,0.0,0.0
4203,7634.572,27.777933,2.0755644,19.335032675785296,19.334155299139493,0.0,0.0,0.0,0.0,0.0,0.0,0.0,0.0
4204,7636.332,18.062523,2.2544527,19.327452608235486,19.326686079523366,0.0,0.0,0.0,0.0,0.0,0.0,0.0,0.0
4205,7638.0933,19.024975,1.7920568,19.31988619325216,19.319217325993804,0.0,0.0,0.0,0.0,0.0,0.0,0.0,0.0
4206,7639.846,20.72459,1.2979087,19.31237170378465,19.311788347887543,0.0,0.0,0.0,0.0,0.0,0.0,0.0,0.0
4207,7641.6074,20.90024,1.3259772,19.304836644507926,19.30432878330674,0.0,0.0,0.0,0.0,0.0,0.0,0.0,0.0
4208,7643.3696,22.182793,1.3364924,19.29731127521137,19.296869685876857,0.0,0.0,0.0,0.0,0.0,0.0,0.0,0.0
4209,7645.124,20.216963,1.3125628,19.28983198637875,19.2894482274613,0.0,0.0,0.0,0.0,0.0,0.0,0.0,0.0
4210,7646.8867,23.502115,1.4690158,19.282329134811828,19.281996243511042,0.0,0.0,0.0,0.0,0.0,0.0,0.0,0.0
4211,7648.651,27.87931,2.2295225,19.2748310604676,19.274542667963157,0.0,0.0,0.0,0.0,0.0,0.0,0.0,0.0
4212,7650.414,18.126614,3.9394069,19.267347380863427,19.26709781377103,0.0,0.0,0.0,0.0,0.0,0.0,0.0,0.0
4213,7652.1694,11.044677,3.695442,19.259906359489012,19.259690506783134,0.0,0.0,0.0,0.0,0.0,0.0,0.0,0.0
4214,7653.9346,18.186647,2.2018561,19.25243289522894,19.252246574645486,0.0,0.0,0.0,0.0,0.0,0.0,0.0,0.0
4215,7655.6997,17.07403,1.4152142,19.24496787159252,19.244807235124895,0.0,0.0,0.0,0.0,0.0,0.0,0.0,0.0
4216,7657.456,20.031528,1.4750373,19.23754792253092,19.237409492475106,0.0,0.0,0.0,0.0,0.0,0.0,0.0,0.0
4217,7659.222,19.609104,1.3923784,19.230094245599727,19.229975194213008,0.0,0.0,0.0,0.0,0.0,0.0,0.0,0.0
4218,7660.989,20.614054,1.417793,19.222645685670937,19.222543428518616,0.0,0.0,0.0,0.0,0.0,0.0,0.0,0.0
4219,7662.755,23.377295,1.5099648,19.215206028621893,19.215118299723386,0.0,0.0,0.0,0.0,0.0,0.0,0.0,0.0
4220,7664.5137,24.341984,1.6318353,19.207803734675593,19.207728513395608,0.0,0.0,0.0,0.0,0.0,0.0,0.0,0.0
4221,7666.281,23.075686,1.7592114,19.200372790126334,19.200308418943518,0.0,0.0,0.0,0.0,0.0,0.0,0.0,0.0
4222,7668.0483,21.296299,1.7134198,19.19294586760556,19.192890851667144,0.0,0.0,0.0,0.0,0.0,0.0,0.0,0.0
4223,7669.8086,23.528772,1.952491,19.185555559101353,19.185508566026705,0.0,0.0,0.0,0.0,0.0,0.0,0.0,0.0
4224,7671.577,23.543797,2.2385893,19.17813609329866,19.178096032640013,0.0,0.0,0.0,0.0,0.0,0.0,0.0,0.0
4225,7673.347,19.90864,2.5060685,19.170716040676126,19.170681936905822,0.0,0.0,0.0,0.0,0.0,0.0,0.0,0.0
4226,7675.116,17.038437,2.1417732,19.163305502055042,19.163276503180274,0.0,0.0,0.0,0.0,0.0,0.0,0.0,0.0
4227,7676.8774,18.217918,1.9360317,19.15593295464606,19.155908309691597,0.0,0.0,0.0,0.0,0.0,0.0,0.0,0.0
4228,7678.648,19.085932,1.7755073,19.14852676250763,19.14850586205199,0.0,0.0,0.0,0.0,0.0,0.0,0.0,0.0
4229,7680.4185,22.110186,1.8735279,19.141125683002766,19.141107980588796,0.0,0.0,0.0,0.0,0.0,0.0,0.0,0.0
4230,7682.18,21.412043,1.86262,19.13376633885178,19.1337513517015,0.0,0.0,0.0,0.0,0.0,0.0,0.0,0.0
4231,7683.9526,27.29628,2.251656,19.12636707932018,19.126354419995213,0.0,0.0,0.0,0.0,0.0,0.0,0.0,0.0
4232,7685.7246,32.780533,4.1360435,19.118974768626728,19.11896408877878,0.0,0.0,0.0,0.0,0.0,0.0,0.0,0.0
4233,7687.496,8.117037,4.513839,19.11158934915225,19.11158035041704,0.0,0.0,0.0,0.0,0.0,0.0,0.0,0.0
4234,7689.2607,12.105076,4.118928,19.104237208101807,19.104229630576214,0.0,0.0,0.0,0.0,0.0,0.0,0.0,0.0
4235,7691.0337,18.672419,2.2612834,19.09685524576981,19.096848878388762,0.0,0.0,0.0,0.0,0.0,0.0,0.0,0.0
4236,7692.807,22.862244,2.081584,19.089475990389552,19.08947064710636,0.0,0.0,0.0,0.0,0.0,0.0,0.0,0.0
4237,7694.573,23.239643,2.2826202,19.08213189115675,19.08212740982806,0.0,0.0,0.0,0.0,0.0,0.0,0.0,0.0
4238,7696.347,22.59477,2.1407208,19.07475997895185,19.074756228354634,0.0,0.0,0.0,0.0,0.0,0.0,0.0,0.0
4239,7698.122,29.205626,2.4906185,19.067388672509406,19.06738553792273,0.0,0.0,0.0,0.0,0.0,0.0,0.0,0.0
4240,7699.8975,24.663813,3.567564,19.060019984179018,19.060017368008413,0.0,0.0,0.0,0.0,0.0,0.0,0.0,0.0
4241,7701.664,12.390173,3.2952776,19.052692368066356,19.052690185484163,0.0,0.0,0.0,0.0,0.0,0.0,0.0,0.0
4242,7703.44,12.333637,2.5867238,19.045330872610563,19.04532905589444,0.0,0.0,0.0,0.0,0.0,0.0,0.0,0.0
4243,7705.2173,19.630306,1.8943386,19.03796790979877,19.037966399859872,0.0,0.0,0.0,0.0,0.0,0.0,0.0,0.0
4244,7706.985,22.064213,1.9038581,19.03064995863251,19.03064870405369,0.0,0.0,0.0,0.0,0.0,0.0,0.0,0.0
4245,7708.762,24.46629,2.2669623,19.023296146074166,19.02329510612575,0.0,0.0,0.0,0.0,0.0,0.0,0.0,0.0
4246,7710.5405,23.374538,2.65018,19.01594286805732,19.01594200726657,0.0,0.0,0.0,0.0,0.0,0.0,0.0,0.0
4247,7712.318,17.407703,2.7667208,19.008598191137125,19.00859747952323,0.0,0.0,0.0,0.0,0.0,0.0,0.0,0.0
4248,7714.0874,26.236067,3.1945026,19.00129032169171,19.001289733698552,0.0,0.0,0.0,0.0,0.0,0.0,0.0,0.0
4249,7715.867,30.278563,4.198859,18.993944649951242,18.99394416529567,0.0,0.0,0.0,0.0,0.0,0.0,0.0,0.0
4250,7717.646,13.19205,5.0446506,18.986607555495233,18.986607156515056,0.0,0.0,0.0,0.0,0.0,0.0,0.0,0.0
4251,7719.4175,8.341287,3.025065,18.979305182186888,18.979304853917593,0.0,0.0,0.0,0.0,0.0,0.0,0.0,0.0
4252,7721.1973,19.111523,2.0487554,18.97197311847731,18.971972849000398,0.0,0.0,0.0,0.0,0.0,0.0,0.0,0.0
4253,7722.9775,21.299562,2.0152016,18.964643576688932,18.964643355788883,0.0,0.0,0.0,0.0,0.0,0.0,0.0,0.0
4254,7724.759,25.413351,2.433881,18.957314546559875,18.957314365747823,0.0,0.0,0.0,0.0,0.0,0.0,0.0,0.0
4255,7726.5317,25.047611,3.1117592,18.95002416697394,18.9500240190387,0.0,0.0,0.0,0.0,0.0,0.0,0.0,0.0
4256,7728.3135,15.941325,4.330788,18.942702161210324,18.942702040460308,0.0,0.0,0.0,0.0,0.0,0.0,0.0,0.0
4257,7730.095,18.905752,3.3461494,18.93538467628539,18.9353845778608,0.0,0.0,0.0,0.0,0.0,0.0,0.0,0.0
4258,7731.8696,18.197569,3.183405,18.92810175982541,18.92810167964118,0.0,0.0,0.0,0.0,0.0,0.0,0.0,0.0
4259,7733.653,15.612716,2.8317585,18.92078727742441,18.920787212256712,0.0,0.0,0.0,0.0,0.0,0.0,0.0,0.0
4260,7735.435,18.940914,2.179977,18.913481311733396,18.913481258837397,0.0,0.0,0.0,0.0,0.0,0.0,0.0,0.0
4261,7737.2197,21.44541,1.9724206,18.906169852562673,18.90616980969949,0.0,0.0,0.0,0.0,0.0,0.0,0.0,0.0
4262,7738.9946,18.86189,2.0729415,18.898902877958616,18.89890284323341,0.0,0.0,0.0,0.0,0.0,0.0,0.0,0.0
4263,7740.7793,22.218304,2.12086,18.891600417074997,18.891600389014435,0.0,0.0,0.0,0.0,0.0,0.0,0.0,0.0
4264,7742.565,19.207106,2.0662763,18.884298469339537,18.884298446698836,0.0,0.0,0.0,0.0,0.0,0.0,0.0,0.0
4265,7744.3413,24.358877,2.1862311,18.877038930143613,18.87703891188102,0.0,0.0,0.0,0.0,0.0,0.0,0.0,0.0
4266,7746.127,22.811274,2.2021973,18.869745967437794,18.86974595274381,0.0,0.0,0.0,0.0,0.0,0.0,0.0,0.0
4267,7747.9136,18.303427,2.1044307,18.862453518183457,18.86245350637879,0.0,0.0,0.0,0.0,0.0,0.0,0.0,0.0
4268,7749.7007,20.506887,2.2053478,18.855163576991878,18.855163567522332,0.0,0.0,0.0,0.0,0.0,0.0,0.0,0.0
4269,7751.4785,20.366247,2.2546012,18.847915942577668,18.847915934983277,0.0,0.0,0.0,0.0,0.0,0.0,0.0,0.0
4270,7753.2666,23.489508,2.355828,18.840630992279397,18.840630986205174,0.0,0.0,0.0,0.0,0.0,0.0,0.0,0.0
4271,7755.054,21.36575,2.2780862,18.833352524409033,18.833352519557277,0.0,0.0,0.0,0.0,0.0,0.0,0.0,0.0
4272,7756.8345,17.873703,2.1915512,18.826108339248982,18.82610833537555,0.0,0.0,0.0,0.0,0.0,0.0,0.0,0.0
4273,7758.6226,20.268118,2.5385761,18.818836841343913,18.818836838258967,0.0,0.0,0.0,0.0,0.0,0.0,0.0,0.0
4274,7760.4116,25.608534,2.8793015,18.811565859181975,18.81156585672881,0.0,0.0,0.0,0.0,0.0,0.0,0.0,0.0
4275,7762.2017,20.381458,2.9585056,18.804295396276878,18.804295394329134,0.0,0.0,0.0,0.0,0.0,0.0,0.0,0.0
4276,7763.984,15.089776,2.7256255,18.797061121010042,18.79706111946422,0.0,0.0,0.0,0.0,0.0,0.0,0.0,0.0
4277,7765.774,21.78625,2.5032065,18.789799605791668,18.789799604567825,0.0,0.0,0.0,0.0,0.0,0.0,0.0,0.0
4278,7767.5654,20.201187,2.4969075,18.78253663166332,18.78253663069596,0.0,0.0,0.0,0.0,0.0,0.0,0.0,0.0
4279,7769.3477,24.636415,3.0437129,18.775315715697833,18.775315714933367,0.0,0.0,0.0,0.0,0.0,0.0,0.0,0.0
4280,7771.139,43.943684,5.3125706,18.768061677444205,18.768061676841675,0.0,0.0,0.0,0.0,0.0,0.0,0.0,0.0
4281,7772.931,33.1273,7.651995,18.760810137743487,18.76081013726931,0.0,0.0,0.0,0.0,0.0,0.0,0.0,0.0
4282,7774.7236,-7.8718057,11.674299,18.75356109645399,18.75356109608138,0.0,0.0,0.0,0.0,0.0,0.0,0.0,0.0
4283,7776.508,-1.6837757,6.5096636,18.74635006479922,18.746350064506515,0.0,0.0,0.0,0.0,0.0,0.0,0.0,0.0
4284,7778.3013,29.518652,4.1191435,18.739105998000344,18.73910599777103,0.0,0.0,0.0,0.0,0.0,0.0,0.0,0.0
4285,7780.0947,34.343025,6.2767673,18.73186639962387,18.731866399444474,0.0,0.0,0.0,0.0,0.0,0.0,0.0,0.0
4286,7781.8804,10.7085085,4.883858,18.724662773259357,18.724662773119068,0.0,0.0,0.0,0.0,0.0,0.0,0.0,0.0
4287,7783.6753,15.840081,3.709641,18.71742617694621,18.7174261768368,0.0,0.0,0.0,0.0,0.0,0.0,0.0,0.0
4288,7785.4697,20.5681,3.0320642,18.71019601178691,18.7101960117017,0.0,0.0,0.0,0.0,0.0,0.0,0.0,0.0
4289,7787.2646,25.634104,3.2139037,18.70296833921472,18.70296833914846,0.0,0.0,0.0,0.0,0.0,0.0,0.0,0.0
4290,7789.0522,24.451557,3.8736506,18.695774588891325,18.69577458883982,0.0,0.0,0.0,0.0,0.0,0.0,0.0,0.0
4291,7790.848,19.363625,3.5249298,18.688551881685918,18.68855188164599,0.0,0.0,0.0,0.0,0.0,0.0,0.0,0.0
4292,7792.6445,15.69078,3.6372094,18.681331666653985,18.681331666623077,0.0,0.0,0.0,0.0,0.0,0.0,0.0,0.0
4293,7794.4424,12.934872,3.11373,18.674110022187147,18.674110022163262,0.0,0.0,0.0,0.0,0.0,0.0,0.0,0.0
4294,7796.231,22.944263,3.1821103,18.66693006495141,18.666930064932952,0.0,0.0,0.0,0.0,0.0,0.0,0.0,0.0
4295,7798.028,21.838688,3.4324868,18.659721222875692,18.659721222861467,0.0,0.0,0.0,0.0,0.0,0.0,0.0,0.0
4296,7799.8267,20.152945,3.607394,18.652508996236,18.65250899622506,0.0,0.0,0.0,0.0,0.0,0.0,0.0,0.0
4297,7801.6167,22.047579,3.5976937,18.64533642571386,18.645336425705445,0.0,0.0,0.0,0.0,0.0,0.0,0.0,0.0
4298,7803.415,20.139137,3.7643702,18.638135027850765,18.63813502784431,0.0,0.0,0.0,0.0,0.0,0.0,0.0,0.0
4299,7805.2153,15.4907055,3.5770345,18.630930255840852,18.630930255835906,0.0,0.0,0.0,0.0,0.0,0.0,0.0,0.0
4300,7807.0146,27.252401,4.6690617,18.62373383414468,18.6237338341409,0.0,0.0,0.0,0.0,0.0,0.0,0.0,0.0
4301,7808.806,16.005455,5.078653,18.61657306707646,18.616573067073567,0.0,0.0,0.0,0.0,0.0,0.0,0.0,0.0
4302,7810.608,17.47991,4.739196,18.60937574720893,18.609375747206727,0.0,0.0,0.0,0.0,0.0,0.0,0.0,0.0
4303,7812.4087,24.884693,5.1454897,18.60218676639104,18.602186766389362,0.0,0.0,0.0,0.0,0.0,0.0,0.0,0.0
4304,7814.2017,16.805513,5.12058,18.595033378509505,18.59503337850823,0.0,0.0,0.0,0.0,0.0,0.0,0.0,0.0
4305,7816.004,21.21949,8.525088,18.58784740205737,18.5878474020564,0.0,0.0,0.0,0.0,0.0,0.0,0.0,0.0
4306,7817.8057,28.952234,8.736596,18.580667803508305,18.58066780350757,0.0,0.0,0.0,0.0,0.0,0.0,0.0,0.0
4307,7819.608,28.952581,1.3446083,18.573490687726398,18.573490687725844,0.0,0.0,0.0,0.0,0.0,0.0,0.0,0.0
4308,7821.404,28.952925,1.3446083,18.566343252284874,18.566343252284454,0.0,0.0,0.0,0.0,0.0,0.0,0.0,0.0
4309,7823.207,28.95327,1.3446083,18.559171084804092,18.559171084803776,0.0,0.0,0.0,0.0,0.0,0.0,0.0,0.0
4310,7825.0107,28.953615,1.3446083,18.55200139963781,18.55200139963757,0.0,0.0,0.0,0.0,0.0,0.0,0.0,0.0
4311,7826.8066,28.953957,1.3446083,18.544867161459045,18.544867161458864,0.0,0.0,0.0,0.0,0.0,0.0,0.0,0.0
4312,7828.6113,28.954304,1.3446083,18.537702420119818,18.537702420119683,0.0,0.0,0.0,0.0,0.0,0.0,0.0,0.0
4313,7830.4165,28.954647,1.3446083,18.530540160634825,18.530540160634725,0.0,0.0,0.0,0.0,0.0,0.0,0.0,0.0
4314,7832.2227,28.954994,1.3446083,18.523378447320347,18.523378447320272,0.0,0.0,0.0,0.0,0.0,0.0,0.0,0.0
4315,7834.02,28.955338,1.3446083,18.516255970253024,18.516255970252967,0.0,0.0,0.0,0.0,0.0,0.0,0.0,0.0
4316,7835.8257,28.955679,1.3446083,18.509105001370312,18.50910500137027,0.0,0.0,0.0,0.0,0.0,0.0,0.0,0.0
4317,7837.6333,28.956026,1.3446083,18.50195071308744,18.501950713087407,0.0,0.0,0.0,0.0,0.0,0.0,0.0,0.0
4318,7839.432,28.95637,1.3446083,18.494835592712697,18.494835592712672,0.0,0.0,0.0,0.0,0.0,0.0,0.0,0.0
4319,7841.2397,28.956713,1.3446083,18.48769010765715,18.487690107657134,0.0,0.0,0.0,0.0,0.0,0.0,0.0,0.0
4320,7843.048,28.957056,1.3446083,18.48054710096115,18.480547100961136,0.0,0.0,0.0,0.0,0.0,0.0,0.0,0.0
4321,7844.8564,28.957401,1.3446083,18.47340657245981,18.4734065724598,0.0,0.0,0.0,0.0,0.0,0.0,0.0,0.0
4322,7846.6562,28.95774,1.3446083,18.466305116140006,18.46630511614,0.0,0.0,0.0,0.0,0.0,0.0,0.0,0.0
4323,7848.467,28.95809,1.3446083,18.459165671309407,18.459165671309403,0.0,0.0,0.0,0.0,0.0,0.0,0.0,0.0
4324,7850.276,28.958431,1.3446083,18.45203640347606,18.452036403476058,0.0,0.0,0.0,0.0,0.0,0.0,0.0,0.0
4325,7852.0776,28.958775,1.3446083,18.44494036766454,18.444940367664536,0.0,0.0,0.0,0.0,0.0,0.0,0.0,0.0
4326,7853.8887,28.959118,1.3446083,18.437812183741578,18.437812183741574,0.0,0.0,0.0,0.0,0.0,0.0,0.0,0.0
4327,7855.699,28.959457,1.3446083,18.430690317193875,18.430690317193875,0.0,0.0,0.0,0.0,0.0,0.0,0.0,0.0
4328,7857.5107,28.959799,1.3446083,18.423569004045397,18.423569004045397,0.0,0.0,0.0,0.0,0.0,0.0,0.0,0.0
