<IPython.core.display.HTML object>
/app/BADASS3/example_spectra/2-onur
/app/BADASS3/example_spectra/2-onur/my_sdss.fits
0.3479999899864197
Start process memory: 0.22090138                    
 Folder has not been created.  Creating MCMC_output folder...

 > Starting fit for 2-onur

 Input fitting region exceeds available wavelength range.  BADASS will adjust your fitting range automatically...
		- Input fitting range: (2900, 8000)
		- Available wavelength range: (2967, 7418)
		- New fitting region is (2967, 7419). 


 Input spectrum is not linearly binned. BADASS will linearly rebin and conserve flux...


-----------------------------------------------------------
 file:                        my_sdss.fits                  
 redshift:                    0.34800                       
 fitting region:              (2967,7419) [A]               
 velocity scale:              74.08 [km/s/pixel]            
 Galactic E(B-V):             0.000                         
 Flux Normalization:          1e-17                         
 Fit Normalization:           6.39406                       
-----------------------------------------------------------

 Initializing parameters...
----------------------------------------------------------------------------------------------------
	- Fitting additive legendre polynomial component.
	- Fitting Simple AGN power-law continuum.
	- Fitting broad and narrow optical FeII using Veron-Cetty et al. (2004) optical FeII templates
	 		* varying optical FeII amplitudes
	 		* varying optical FeII dispersion.
	 		* varying optical FeII voff

 Warning! Peak finding algorithm used for initial guesses of amplitude and velocity failed! Defaulting to user-defined locations...

 Warning! Peak finding algorithm used for initial guesses of amplitude and velocity failed! Defaulting to user-defined locations...

----------------------------------------------------------------------------------------------------------------------------------------

----------------------------------------------------------------------------------------------------------------------------------------

 Line List:

----------------------------------------------------------------------------------------------------------------------------------------
BR_H_ALPHA                                                                                
                              amp                           free                          
                              center                        6551                          
                              center_pix                    3205.02770190565              
                              disp                          free                          
                              disp_res_ang                  1.8901981521709155            
                              disp_res_kms                  86.50086248609018             
                              line_profile                  gaussian                      
                              line_type                     br                            
                              ncomp                         1                             
                              voff                          free                          
BR_H_BETA                                                                                 
                              amp                           free                          
                              center                        4834                          
                              center_pix                    1975.0580474316384            
                              disp                          free                          
                              disp_res_ang                  1.8901981521709155            
                              disp_res_kms                  117.22531033230798            
                              line_profile                  gaussian                      
                              line_type                     br                            
                              ncomp                         1                             
                              voff                          free                          
BR_OII                                                                                    
                              amp                           free                          
                              center                        3784                          
                              center_pix                    984.0496014413933             
                              disp                          free                          
                              disp_res_ang                  1.8901981521709155            
                              disp_res_kms                  149.75347519724545            
                              line_profile                  gaussian                      
                              line_type                     br                            
                              ncomp                         1                             
                              voff                          free                          
BR_OIII_a                                                                                 
                              amp                           free                          
                              center                        4931                          
                              center_pix                    2055.456053350012             
                              disp                          free                          
                              disp_res_ang                  1.8901981521709155            
                              disp_res_kms                  114.91931659833234            
                              line_profile                  gaussian                      
                              line_type                     br                            
                              ncomp                         1                             
                              voff                          free                          
BR_OIII_b                                                                                 
                              amp                           free                          
                              center                        5007                          
                              center_pix                    2117.3509323990406            
                              disp                          free                          
                              disp_res_ang                  1.8901981521709155            
                              disp_res_kms                  113.17498505020507            
                              line_profile                  gaussian                      
                              line_type                     br                            
                              ncomp                         1                             
                              voff                          free                          
NA_H_ALPHA                                                                                
                              amp                           free                          
                              center                        6551                          
                              center_pix                    3205.02770190565              
                              disp                          free                          
                              disp_res_ang                  1.8901981521709155            
                              disp_res_kms                  86.50086248609018             
                              label                         [H$\alpha$]                   
                              line_profile                  gaussian                      
                              line_type                     na                            
                              ncomp                         1                             
                              voff                          free                          
NA_H_BETA                                                                                 
                              amp                           free                          
                              center                        4834                          
                              center_pix                    1975.0580474316384            
                              disp                          free                          
                              disp_res_ang                  1.8901981521709155            
                              disp_res_kms                  117.22531033230798            
                              label                         H$\beta$                      
                              line_profile                  gaussian                      
                              line_type                     na                            
                              ncomp                         1                             
                              voff                          free                          
NA_OII                                                                                    
                              amp                           free                          
                              center                        3784                          
                              center_pix                    984.0496014413933             
                              disp                          free                          
                              disp_res_ang                  1.8901981521709155            
                              disp_res_kms                  149.75347519724545            
                              label                         [OII]                         
                              line_profile                  gaussian                      
                              line_type                     na                            
                              ncomp                         1                             
                              voff                          free                          
NA_OIII_a                                                                                 
                              amp                           free                          
                              center                        4931                          
                              center_pix                    2055.456053350012             
                              disp                          free                          
                              disp_res_ang                  1.8901981521709155            
                              disp_res_kms                  114.91931659833234            
                              label                         [OIIIa]                       
                              line_profile                  gaussian                      
                              line_type                     na                            
                              ncomp                         1                             
                              voff                          free                          
NA_OIII_b                                                                                 
                              amp                           free                          
                              center                        5007                          
                              center_pix                    2117.3509323990406            
                              disp                          free                          
                              disp_res_ang                  1.8901981521709155            
                              disp_res_kms                  113.17498505020507            
                              label                         [OIIIb]                       
                              line_profile                  gaussian                      
                              line_type                     na                            
                              ncomp                         1                             
                              voff                          free                          

----------------------------------------------------------------------------------------------------------------------------------------

 Number of Free Line Parameters: 30

----------------------------------------------------------------------------------------------------------------------------------------

 All Free Parameters:

----------------------------------------------------------------------------------------------------------------------------------------
APOLY_COEFF_1                                                                             
                              init                          0.0                           
                              plim                          (-100.0, 100.0)               
APOLY_COEFF_2                                                                             
                              init                          0.0                           
                              plim                          (-100.0, 100.0)               
APOLY_COEFF_3                                                                             
                              init                          0.0                           
                              plim                          (-100.0, 100.0)               
APOLY_COEFF_4                                                                             
                              init                          0.0                           
                              plim                          (-100.0, 100.0)               
APOLY_COEFF_5                                                                             
                              init                          0.0                           
                              plim                          (-100.0, 100.0)               
APOLY_COEFF_6                                                                             
                              init                          0.0                           
                              plim                          (-100.0, 100.0)               
APOLY_COEFF_7                                                                             
                              init                          0.0                           
                              plim                          (-100.0, 100.0)               
BR_H_ALPHA_AMP                                                                            
                              init                          0.9446666214292693            
                              plim                          (0, 1000)                     
BR_H_ALPHA_DISP                                                                           
                              init                          500.0                         
                              plim                          (500, 4000)                   
BR_H_ALPHA_VOFF                                                                           
                              init                          0.0                           
                              plim                          (-1000, 1000)                 
                              prior                         {'type': 'gaussian'}          
BR_H_BETA_AMP                                                                             
                              init                          0.5394121181515557            
                              plim                          (0, 1000)                     
BR_H_BETA_DISP                                                                            
                              init                          500.0                         
                              plim                          (500, 4000)                   
BR_H_BETA_VOFF                                                                            
                              init                          0.0                           
                              plim                          (-1000, 1000)                 
                              prior                         {'type': 'gaussian'}          
BR_OIII_a_AMP                                                                             
                              init                          0.5284858076131044            
                              plim                          (0, 1000)                     
BR_OIII_a_DISP                                                                            
                              init                          500.0                         
                              plim                          (500, 4000)                   
BR_OIII_a_VOFF                                                                            
                              init                          0.0                           
                              plim                          (-1000, 1000)                 
                              prior                         {'type': 'gaussian'}          
BR_OIII_b_AMP                                                                             
                              init                          0.7325885675393806            
                              plim                          (0, 1000)                     
BR_OIII_b_DISP                                                                            
                              init                          500.0                         
                              plim                          (500, 4000)                   
BR_OIII_b_VOFF                                                                            
                              init                          0.0                           
                              plim                          (-1000, 1000)                 
                              prior                         {'type': 'gaussian'}          
BR_OII_AMP                                                                                
                              init                          0.5781848041993861            
                              plim                          (0, 1000)                     
BR_OII_DISP                                                                               
                              init                          500.0                         
                              plim                          (500, 4000)                   
BR_OII_VOFF                                                                               
                              init                          0.0                           
                              plim                          (-1000, 1000)                 
                              prior                         {'type': 'gaussian'}          
BR_OPT_FEII_AMP                                                                           
                              init                          0.03809078645859439           
                              plim                          (0, 1.4999988997861693)       
BR_OPT_FEII_DISP                                                                          
                              init                          500.0                         
                              plim                          (500.0, 5000.0)               
BR_OPT_FEII_VOFF                                                                          
                              init                          0.0                           
                              plim                          (-500.0, 500.0)               
NA_H_ALPHA_AMP                                                                            
                              init                          0.9446666214292693            
                              plim                          (0, 1000)                     
NA_H_ALPHA_DISP                                                                           
                              init                          50.0                          
                              plim                          (0, 500)                      
NA_H_ALPHA_VOFF                                                                           
                              init                          0.0                           
                              plim                          (-500, 500)                   
                              prior                         {'type': 'gaussian'}          
NA_H_BETA_AMP                                                                             
                              init                          0.5394121181515557            
                              plim                          (0, 1000)                     
NA_H_BETA_DISP                                                                            
                              init                          50.0                          
                              plim                          (0, 500)                      
NA_H_BETA_VOFF                                                                            
                              init                          0.0                           
                              plim                          (-500, 500)                   
                              prior                         {'type': 'gaussian'}          
NA_OIII_a_AMP                                                                             
                              init                          0.5284858076131044            
                              plim                          (0, 1000)                     
NA_OIII_a_DISP                                                                            
                              init                          50.0                          
                              plim                          (0, 500)                      
NA_OIII_a_VOFF                                                                            
                              init                          0.0                           
                              plim                          (-500, 500)                   
                              prior                         {'type': 'gaussian'}          
NA_OIII_b_AMP                                                                             
                              init                          0.7325885675393806            
                              plim                          (0, 1000)                     
NA_OIII_b_DISP                                                                            
                              init                          50.0                          
                              plim                          (0, 500)                      
NA_OIII_b_VOFF                                                                            
                              init                          0.0                           
                              plim                          (-500, 500)                   
                              prior                         {'type': 'gaussian'}          
NA_OII_AMP                                                                                
                              init                          0.5781848041993861            
                              plim                          (0, 1000)                     
NA_OII_DISP                                                                               
                              init                          50.0                          
                              plim                          (0, 500)                      
NA_OII_VOFF                                                                               
                              init                          0.0                           
                              plim                          (-500, 500)                   
                              prior                         {'type': 'gaussian'}          
NA_OPT_FEII_AMP                                                                           
                              init                          0.03809078645859439           
                              plim                          (0, 1.4999988997861693)       
NA_OPT_FEII_DISP                                                                          
                              init                          10.0                          
                              plim                          (0.1, 500.0)                  
NA_OPT_FEII_VOFF                                                                          
                              init                          0.0                           
                              plim                          (-500.0, 500.0)               
POWER_AMP                                                                                 
                              init                          0.19045393229297194           
                              plim                          (0, 1.4999988997861693)       
POWER_SLOPE                                                                               
                              init                          -1.0                          
                              plim                          (-6.0, 6.0)                   

----------------------------------------------------------------------------------------------------------------------------------------

 Total number of free parameters: 45

----------------------------------------------------------------------------------------------------------------------------------------

 Soft Constraints:

                 NA_OIII_b_AMP > NA_OIII_a_AMP

----------------------------------------------------------------------------------------------------------------------------------------

----------------------------------------------------------------------------------------------------------------------------------------

 Required Maximum Likelihood RMSE threshold: 0.1462 


 Performing max. likelihood fitting.

 Using Basin-hopping algorithm to estimate parameters. niter_success = 50
basinhopping step 0: f 44248.7
 Fit Status: False
 Force threshold: 0.1462
 Lowest RMSE: 0.3345
 Current RMSE: 0.3345
 Accepted count: 1
 Basinhop count: 0


adaptive stepsize: acceptance rate 0.000000 target 0.500000 new stepsize 0.9 old stepsize 1
warning: basinhopping: local minimization failure
basinhopping step 1: f 20313.7 trial_f 20313.7 accepted 1  lowest_f 20313.7
found new global minimum on step 1 with function value 20313.7
 Fit Status: False
 Force threshold: 0.1462
 Lowest RMSE: 0.0742
 Current RMSE: 0.0742
 Accepted count: 2
 Basinhop count: 0


adaptive stepsize: acceptance rate 0.500000 target 0.500000 new stepsize 0.81 old stepsize 0.9
warning: basinhopping: local minimization failure
basinhopping step 2: f 20313.7 trial_f inf accepted 0  lowest_f 20313.7
 Fit Status: False
 Force threshold: 0.1462
 Lowest RMSE: 0.0742
 Current RMSE: 0.8830
 Accepted count: 2
 Basinhop count: 1


adaptive stepsize: acceptance rate 0.333333 target 0.500000 new stepsize 0.729 old stepsize 0.81
warning: basinhopping: local minimization failure
basinhopping step 3: f 20313.7 trial_f inf accepted 0  lowest_f 20313.7
 Fit Status: False
 Force threshold: 0.1462
 Lowest RMSE: 0.0742
 Current RMSE: 1.1026
 Accepted count: 2
 Basinhop count: 2


adaptive stepsize: acceptance rate 0.250000 target 0.500000 new stepsize 0.6561 old stepsize 0.729
warning: basinhopping: local minimization failure
basinhopping step 4: f 20313.7 trial_f 165412 accepted 0  lowest_f 20313.7
 Fit Status: False
 Force threshold: 0.1462
 Lowest RMSE: 0.0742
 Current RMSE: 0.7763
 Accepted count: 2
 Basinhop count: 3


adaptive stepsize: acceptance rate 0.200000 target 0.500000 new stepsize 0.59049 old stepsize 0.6561
warning: basinhopping: local minimization failure
basinhopping step 5: f 20313.7 trial_f inf accepted 0  lowest_f 20313.7
 Fit Status: False
 Force threshold: 0.1462
 Lowest RMSE: 0.0742
 Current RMSE: 0.8788
 Accepted count: 2
 Basinhop count: 4


adaptive stepsize: acceptance rate 0.166667 target 0.500000 new stepsize 0.531441 old stepsize 0.59049
basinhopping step 6: f 20313.7 trial_f 315132 accepted 0  lowest_f 20313.7
 Fit Status: False
 Force threshold: 0.1462
 Lowest RMSE: 0.0742
 Current RMSE: 0.9699
 Accepted count: 2
 Basinhop count: 5


adaptive stepsize: acceptance rate 0.142857 target 0.500000 new stepsize 0.478297 old stepsize 0.531441
basinhopping step 7: f 20313.7 trial_f 303259 accepted 0  lowest_f 20313.7
 Fit Status: False
 Force threshold: 0.1462
 Lowest RMSE: 0.0742
 Current RMSE: 1.1046
 Accepted count: 2
 Basinhop count: 6


adaptive stepsize: acceptance rate 0.125000 target 0.500000 new stepsize 0.430467 old stepsize 0.478297
warning: basinhopping: local minimization failure
basinhopping step 8: f 20313.7 trial_f 256026 accepted 0  lowest_f 20313.7
 Fit Status: False
 Force threshold: 0.1462
 Lowest RMSE: 0.0742
 Current RMSE: 0.9211
 Accepted count: 2
 Basinhop count: 7


adaptive stepsize: acceptance rate 0.111111 target 0.500000 new stepsize 0.38742 old stepsize 0.430467
warning: basinhopping: local minimization failure
basinhopping step 9: f 20313.7 trial_f 144127 accepted 0  lowest_f 20313.7
 Fit Status: False
 Force threshold: 0.1462
 Lowest RMSE: 0.0742
 Current RMSE: 0.6622
 Accepted count: 2
 Basinhop count: 8


adaptive stepsize: acceptance rate 0.100000 target 0.500000 new stepsize 0.348678 old stepsize 0.38742
warning: basinhopping: local minimization failure
basinhopping step 10: f 20313.7 trial_f inf accepted 0  lowest_f 20313.7
 Fit Status: False
 Force threshold: 0.1462
 Lowest RMSE: 0.0742
 Current RMSE: 0.6941
 Accepted count: 2
 Basinhop count: 9


adaptive stepsize: acceptance rate 0.090909 target 0.500000 new stepsize 0.313811 old stepsize 0.348678
warning: basinhopping: local minimization failure
basinhopping step 11: f 20313.7 trial_f 164746 accepted 0  lowest_f 20313.7
 Fit Status: False
 Force threshold: 0.1462
 Lowest RMSE: 0.0742
 Current RMSE: 0.7460
 Accepted count: 2
 Basinhop count: 10


adaptive stepsize: acceptance rate 0.083333 target 0.500000 new stepsize 0.28243 old stepsize 0.313811
warning: basinhopping: local minimization failure
basinhopping step 12: f 20313.7 trial_f 124578 accepted 0  lowest_f 20313.7
 Fit Status: False
 Force threshold: 0.1462
 Lowest RMSE: 0.0742
 Current RMSE: 0.5925
 Accepted count: 2
 Basinhop count: 11


adaptive stepsize: acceptance rate 0.076923 target 0.500000 new stepsize 0.254187 old stepsize 0.28243
warning: basinhopping: local minimization failure
basinhopping step 13: f 20313.7 trial_f inf accepted 0  lowest_f 20313.7
 Fit Status: False
 Force threshold: 0.1462
 Lowest RMSE: 0.0742
 Current RMSE: 0.9967
 Accepted count: 2
 Basinhop count: 12


adaptive stepsize: acceptance rate 0.071429 target 0.500000 new stepsize 0.228768 old stepsize 0.254187
warning: basinhopping: local minimization failure
basinhopping step 14: f 20304.7 trial_f 20304.7 accepted 1  lowest_f 20304.7
found new global minimum on step 14 with function value 20304.7
 Fit Status: False
 Force threshold: 0.1462
 Lowest RMSE: 0.0737
 Current RMSE: 0.0737
 Accepted count: 3
 Basinhop count: 0


adaptive stepsize: acceptance rate 0.133333 target 0.500000 new stepsize 0.205891 old stepsize 0.228768
basinhopping step 15: f 20304.7 trial_f 102682 accepted 0  lowest_f 20304.7
 Fit Status: False
 Force threshold: 0.1462
 Lowest RMSE: 0.0737
 Current RMSE: 0.5843
 Accepted count: 3
 Basinhop count: 1


adaptive stepsize: acceptance rate 0.125000 target 0.500000 new stepsize 0.185302 old stepsize 0.205891
warning: basinhopping: local minimization failure
basinhopping step 16: f 20304.7 trial_f inf accepted 0  lowest_f 20304.7
 Fit Status: False
 Force threshold: 0.1462
 Lowest RMSE: 0.0737
 Current RMSE: 0.6090
 Accepted count: 3
 Basinhop count: 2


adaptive stepsize: acceptance rate 0.117647 target 0.500000 new stepsize 0.166772 old stepsize 0.185302
warning: basinhopping: local minimization failure
basinhopping step 17: f 20304.7 trial_f inf accepted 0  lowest_f 20304.7
 Fit Status: False
 Force threshold: 0.1462
 Lowest RMSE: 0.0737
 Current RMSE: 0.3917
 Accepted count: 3
 Basinhop count: 3


adaptive stepsize: acceptance rate 0.111111 target 0.500000 new stepsize 0.150095 old stepsize 0.166772
basinhopping step 18: f 20304.7 trial_f 78884.4 accepted 0  lowest_f 20304.7
 Fit Status: False
 Force threshold: 0.1462
 Lowest RMSE: 0.0737
 Current RMSE: 0.4669
 Accepted count: 3
 Basinhop count: 4


adaptive stepsize: acceptance rate 0.105263 target 0.500000 new stepsize 0.135085 old stepsize 0.150095
warning: basinhopping: local minimization failure
basinhopping step 19: f 20304.7 trial_f 40248.6 accepted 0  lowest_f 20304.7
 Fit Status: False
 Force threshold: 0.1462
 Lowest RMSE: 0.0737
 Current RMSE: 0.2842
 Accepted count: 3
 Basinhop count: 5


adaptive stepsize: acceptance rate 0.100000 target 0.500000 new stepsize 0.121577 old stepsize 0.135085
basinhopping step 20: f 20304.7 trial_f 32963.8 accepted 0  lowest_f 20304.7
 Fit Status: False
 Force threshold: 0.1462
 Lowest RMSE: 0.0737
 Current RMSE: 0.2205
 Accepted count: 3
 Basinhop count: 6


adaptive stepsize: acceptance rate 0.095238 target 0.500000 new stepsize 0.109419 old stepsize 0.121577
warning: basinhopping: local minimization failure
basinhopping step 21: f 20304.7 trial_f 50820.4 accepted 0  lowest_f 20304.7
 Fit Status: False
 Force threshold: 0.1462
 Lowest RMSE: 0.0737
 Current RMSE: 0.3436
 Accepted count: 3
 Basinhop count: 7


adaptive stepsize: acceptance rate 0.090909 target 0.500000 new stepsize 0.0984771 old stepsize 0.109419
warning: basinhopping: local minimization failure
basinhopping step 22: f 20296.3 trial_f 20296.3 accepted 1  lowest_f 20296.3
found new global minimum on step 22 with function value 20296.3
 Fit Status: False
 Force threshold: 0.1462
 Lowest RMSE: 0.0733
 Current RMSE: 0.0733
 Accepted count: 4
 Basinhop count: 0


adaptive stepsize: acceptance rate 0.130435 target 0.500000 new stepsize 0.0886294 old stepsize 0.0984771
warning: basinhopping: local minimization failure
basinhopping step 23: f 20296.3 trial_f inf accepted 0  lowest_f 20296.3
 Fit Status: False
 Force threshold: 0.1462
 Lowest RMSE: 0.0733
 Current RMSE: 0.2788
 Accepted count: 4
 Basinhop count: 1


adaptive stepsize: acceptance rate 0.125000 target 0.500000 new stepsize 0.0797664 old stepsize 0.0886294
warning: basinhopping: local minimization failure
basinhopping step 24: f 20296.3 trial_f inf accepted 0  lowest_f 20296.3
 Fit Status: False
 Force threshold: 0.1462
 Lowest RMSE: 0.0733
 Current RMSE: 0.2280
 Accepted count: 4
 Basinhop count: 2


adaptive stepsize: acceptance rate 0.120000 target 0.500000 new stepsize 0.0717898 old stepsize 0.0797664
warning: basinhopping: local minimization failure
basinhopping step 25: f 20296.3 trial_f 29444.9 accepted 0  lowest_f 20296.3
 Fit Status: False
 Force threshold: 0.1462
 Lowest RMSE: 0.0733
 Current RMSE: 0.2018
 Accepted count: 4
 Basinhop count: 3


adaptive stepsize: acceptance rate 0.115385 target 0.500000 new stepsize 0.0646108 old stepsize 0.0717898
warning: basinhopping: local minimization failure
basinhopping step 26: f 20296.3 trial_f 32065.5 accepted 0  lowest_f 20296.3
 Fit Status: False
 Force threshold: 0.1462
 Lowest RMSE: 0.0733
 Current RMSE: 0.2150
 Accepted count: 4
 Basinhop count: 4


adaptive stepsize: acceptance rate 0.111111 target 0.500000 new stepsize 0.0581497 old stepsize 0.0646108
warning: basinhopping: local minimization failure
basinhopping step 27: f 20296.3 trial_f inf accepted 0  lowest_f 20296.3
 Fit Status: False
 Force threshold: 0.1462
 Lowest RMSE: 0.0733
 Current RMSE: 0.2339
 Accepted count: 4
 Basinhop count: 5


adaptive stepsize: acceptance rate 0.107143 target 0.500000 new stepsize 0.0523348 old stepsize 0.0581497
warning: basinhopping: local minimization failure
basinhopping step 28: f 20296.3 trial_f 26477.3 accepted 0  lowest_f 20296.3
 Fit Status: False
 Force threshold: 0.1462
 Lowest RMSE: 0.0733
 Current RMSE: 0.1661
 Accepted count: 4
 Basinhop count: 6


adaptive stepsize: acceptance rate 0.103448 target 0.500000 new stepsize 0.0471013 old stepsize 0.0523348
warning: basinhopping: local minimization failure
basinhopping step 29: f 20296.3 trial_f inf accepted 0  lowest_f 20296.3
 Fit Status: False
 Force threshold: 0.1462
 Lowest RMSE: 0.0733
 Current RMSE: 0.1601
 Accepted count: 4
 Basinhop count: 7


adaptive stepsize: acceptance rate 0.100000 target 0.500000 new stepsize 0.0423912 old stepsize 0.0471013
warning: basinhopping: local minimization failure
basinhopping step 30: f 20296.3 trial_f 23409.1 accepted 0  lowest_f 20296.3
 Fit Status: False
 Force threshold: 0.1462
 Lowest RMSE: 0.0733
 Current RMSE: 0.1299
 Accepted count: 4
 Basinhop count: 8


adaptive stepsize: acceptance rate 0.096774 target 0.500000 new stepsize 0.038152 old stepsize 0.0423912
warning: basinhopping: local minimization failure
basinhopping step 31: f 20296.3 trial_f 21295.6 accepted 0  lowest_f 20296.3
 Fit Status: False
 Force threshold: 0.1462
 Lowest RMSE: 0.0733
 Current RMSE: 0.0902
 Accepted count: 4
 Basinhop count: 9


adaptive stepsize: acceptance rate 0.093750 target 0.500000 new stepsize 0.0343368 old stepsize 0.038152
warning: basinhopping: local minimization failure
basinhopping step 32: f 20286 trial_f 20286 accepted 1  lowest_f 20286
found new global minimum on step 32 with function value 20286
 Fit Status: False
 Force threshold: 0.1462
 Lowest RMSE: 0.0728
 Current RMSE: 0.0728
 Accepted count: 5
 Basinhop count: 0


adaptive stepsize: acceptance rate 0.121212 target 0.500000 new stepsize 0.0309032 old stepsize 0.0343368
warning: basinhopping: local minimization failure
basinhopping step 33: f 20283.4 trial_f 20283.4 accepted 1  lowest_f 20283.4
found new global minimum on step 33 with function value 20283.4
 Fit Status: False
 Force threshold: 0.1462
 Lowest RMSE: 0.0724
 Current RMSE: 0.0724
 Accepted count: 6
 Basinhop count: 0


adaptive stepsize: acceptance rate 0.147059 target 0.500000 new stepsize 0.0278128 old stepsize 0.0309032
basinhopping step 34: f 20283.4 trial_f 21864.3 accepted 0  lowest_f 20283.4
 Fit Status: False
 Force threshold: 0.1462
 Lowest RMSE: 0.0724
 Current RMSE: 0.0998
 Accepted count: 6
 Basinhop count: 1


adaptive stepsize: acceptance rate 0.142857 target 0.500000 new stepsize 0.0250316 old stepsize 0.0278128
warning: basinhopping: local minimization failure
basinhopping step 35: f 20282.3 trial_f 20282.3 accepted 1  lowest_f 20282.3
found new global minimum on step 35 with function value 20282.3
 Fit Status: False
 Force threshold: 0.1462
 Lowest RMSE: 0.0724
 Current RMSE: 0.0724
 Accepted count: 7
 Basinhop count: 0


adaptive stepsize: acceptance rate 0.166667 target 0.500000 new stepsize 0.0225284 old stepsize 0.0250316
warning: basinhopping: local minimization failure
basinhopping step 36: f 20282.3 trial_f inf accepted 0  lowest_f 20282.3
 Fit Status: False
 Force threshold: 0.1462
 Lowest RMSE: 0.0724
 Current RMSE: 0.1070
 Accepted count: 7
 Basinhop count: 1


adaptive stepsize: acceptance rate 0.162162 target 0.500000 new stepsize 0.0202756 old stepsize 0.0225284
warning: basinhopping: local minimization failure
basinhopping step 37: f 20282.3 trial_f 20525 accepted 0  lowest_f 20282.3
 Fit Status: False
 Force threshold: 0.1462
 Lowest RMSE: 0.0724
 Current RMSE: 0.0779
 Accepted count: 7
 Basinhop count: 2


adaptive stepsize: acceptance rate 0.157895 target 0.500000 new stepsize 0.018248 old stepsize 0.0202756
warning: basinhopping: local minimization failure
basinhopping step 38: f 20282.3 trial_f 22037.6 accepted 0  lowest_f 20282.3
 Fit Status: False
 Force threshold: 0.1462
 Lowest RMSE: 0.0724
 Current RMSE: 0.1125
 Accepted count: 7
 Basinhop count: 3


adaptive stepsize: acceptance rate 0.153846 target 0.500000 new stepsize 0.0164232 old stepsize 0.018248
warning: basinhopping: local minimization failure
basinhopping step 39: f 20282.3 trial_f 20935.5 accepted 0  lowest_f 20282.3
 Fit Status: False
 Force threshold: 0.1462
 Lowest RMSE: 0.0724
 Current RMSE: 0.0846
 Accepted count: 7
 Basinhop count: 4


adaptive stepsize: acceptance rate 0.150000 target 0.500000 new stepsize 0.0147809 old stepsize 0.0164232
warning: basinhopping: local minimization failure
basinhopping step 40: f 20282.3 trial_f inf accepted 0  lowest_f 20282.3
 Fit Status: False
 Force threshold: 0.1462
 Lowest RMSE: 0.0724
 Current RMSE: 0.0734
 Accepted count: 7
 Basinhop count: 5


adaptive stepsize: acceptance rate 0.146341 target 0.500000 new stepsize 0.0133028 old stepsize 0.0147809
warning: basinhopping: local minimization failure
basinhopping step 41: f 20282.3 trial_f inf accepted 0  lowest_f 20282.3
 Fit Status: False
 Force threshold: 0.1462
 Lowest RMSE: 0.0724
 Current RMSE: 0.0772
 Accepted count: 7
 Basinhop count: 6


adaptive stepsize: acceptance rate 0.142857 target 0.500000 new stepsize 0.0119725 old stepsize 0.0133028
warning: basinhopping: local minimization failure
basinhopping step 42: f 20282.3 trial_f 20709.4 accepted 0  lowest_f 20282.3
 Fit Status: False
 Force threshold: 0.1462
 Lowest RMSE: 0.0724
 Current RMSE: 0.0800
 Accepted count: 7
 Basinhop count: 7


adaptive stepsize: acceptance rate 0.139535 target 0.500000 new stepsize 0.0107753 old stepsize 0.0119725
warning: basinhopping: local minimization failure
basinhopping step 43: f 20282.3 trial_f 20370.4 accepted 0  lowest_f 20282.3
 Fit Status: False
 Force threshold: 0.1462
 Lowest RMSE: 0.0724
 Current RMSE: 0.0744
 Accepted count: 7
 Basinhop count: 8


adaptive stepsize: acceptance rate 0.136364 target 0.500000 new stepsize 0.00969774 old stepsize 0.0107753
warning: basinhopping: local minimization failure
basinhopping step 44: f 20282.3 trial_f inf accepted 0  lowest_f 20282.3
 Fit Status: False
 Force threshold: 0.1462
 Lowest RMSE: 0.0724
 Current RMSE: 0.0764
 Accepted count: 7
 Basinhop count: 9


adaptive stepsize: acceptance rate 0.133333 target 0.500000 new stepsize 0.00872796 old stepsize 0.00969774
warning: basinhopping: local minimization failure
basinhopping step 45: f 20282.3 trial_f inf accepted 0  lowest_f 20282.3
 Fit Status: False
 Force threshold: 0.1462
 Lowest RMSE: 0.0720
 Current RMSE: 0.0720
 Accepted count: 7
 Basinhop count: 10


adaptive stepsize: acceptance rate 0.130435 target 0.500000 new stepsize 0.00785517 old stepsize 0.00872796
warning: basinhopping: local minimization failure
basinhopping step 46: f 20282.3 trial_f inf accepted 0  lowest_f 20282.3
 Fit Status: False
 Force threshold: 0.1462
 Lowest RMSE: 0.0720
 Current RMSE: 0.0733
 Accepted count: 7
 Basinhop count: 11


adaptive stepsize: acceptance rate 0.127660 target 0.500000 new stepsize 0.00706965 old stepsize 0.00785517
warning: basinhopping: local minimization failure
basinhopping step 47: f 20273.7 trial_f 20273.7 accepted 1  lowest_f 20273.7
found new global minimum on step 47 with function value 20273.7
 Fit Status: False
 Force threshold: 0.1462
 Lowest RMSE: 0.0719
 Current RMSE: 0.0719
 Accepted count: 8
 Basinhop count: 0


adaptive stepsize: acceptance rate 0.145833 target 0.500000 new stepsize 0.00636269 old stepsize 0.00706965
warning: basinhopping: local minimization failure
basinhopping step 48: f 20273.7 trial_f inf accepted 0  lowest_f 20273.7
 Fit Status: False
 Force threshold: 0.1462
 Lowest RMSE: 0.0719
 Current RMSE: 0.0754
 Accepted count: 8
 Basinhop count: 1


adaptive stepsize: acceptance rate 0.142857 target 0.500000 new stepsize 0.00572642 old stepsize 0.00636269
warning: basinhopping: local minimization failure
basinhopping step 49: f 20273.7 trial_f 20291.4 accepted 0  lowest_f 20273.7
 Fit Status: False
 Force threshold: 0.1462
 Lowest RMSE: 0.0719
 Current RMSE: 0.0730
 Accepted count: 8
 Basinhop count: 2


adaptive stepsize: acceptance rate 0.140000 target 0.500000 new stepsize 0.00515378 old stepsize 0.00572642
warning: basinhopping: local minimization failure
basinhopping step 50: f 20273.7 trial_f 20359 accepted 0  lowest_f 20273.7
 Fit Status: False
 Force threshold: 0.1462
 Lowest RMSE: 0.0719
 Current RMSE: 0.0722
 Accepted count: 8
 Basinhop count: 3


adaptive stepsize: acceptance rate 0.137255 target 0.500000 new stepsize 0.0046384 old stepsize 0.00515378
warning: basinhopping: local minimization failure
basinhopping step 51: f 20273.7 trial_f inf accepted 0  lowest_f 20273.7
 Fit Status: False
 Force threshold: 0.1462
 Lowest RMSE: 0.0719
 Current RMSE: 0.0760
 Accepted count: 8
 Basinhop count: 4


adaptive stepsize: acceptance rate 0.134615 target 0.500000 new stepsize 0.00417456 old stepsize 0.0046384
warning: basinhopping: local minimization failure
basinhopping step 52: f 20273.7 trial_f inf accepted 0  lowest_f 20273.7
 Fit Status: False
 Force threshold: 0.1462
 Lowest RMSE: 0.0719
 Current RMSE: 0.0735
 Accepted count: 8
 Basinhop count: 5


adaptive stepsize: acceptance rate 0.132075 target 0.500000 new stepsize 0.0037571 old stepsize 0.00417456
warning: basinhopping: local minimization failure
basinhopping step 53: f 20273.7 trial_f inf accepted 0  lowest_f 20273.7
 Fit Status: False
 Force threshold: 0.1462
 Lowest RMSE: 0.0719
 Current RMSE: 0.0750
 Accepted count: 8
 Basinhop count: 6


adaptive stepsize: acceptance rate 0.129630 target 0.500000 new stepsize 0.00338139 old stepsize 0.0037571
warning: basinhopping: local minimization failure
basinhopping step 54: f 20273.7 trial_f inf accepted 0  lowest_f 20273.7
 Fit Status: False
 Force threshold: 0.1462
 Lowest RMSE: 0.0718
 Current RMSE: 0.0718
 Accepted count: 8
 Basinhop count: 7


adaptive stepsize: acceptance rate 0.127273 target 0.500000 new stepsize 0.00304325 old stepsize 0.00338139
warning: basinhopping: local minimization failure
basinhopping step 55: f 20273.7 trial_f 20278.1 accepted 0  lowest_f 20273.7
 Fit Status: False
 Force threshold: 0.1462
 Lowest RMSE: 0.0718
 Current RMSE: 0.0723
 Accepted count: 8
 Basinhop count: 8


adaptive stepsize: acceptance rate 0.125000 target 0.500000 new stepsize 0.00273893 old stepsize 0.00304325
warning: basinhopping: local minimization failure
basinhopping step 56: f 20273.7 trial_f 20283.9 accepted 0  lowest_f 20273.7
 Fit Status: False
 Force threshold: 0.1462
 Lowest RMSE: 0.0718
 Current RMSE: 0.0723
 Accepted count: 8
 Basinhop count: 9


adaptive stepsize: acceptance rate 0.122807 target 0.500000 new stepsize 0.00246503 old stepsize 0.00273893
warning: basinhopping: local minimization failure
basinhopping step 57: f 20270.6 trial_f 20270.6 accepted 1  lowest_f 20270.6
found new global minimum on step 57 with function value 20270.6
 Fit Status: False
 Force threshold: 0.1462
 Lowest RMSE: 0.0714
 Current RMSE: 0.0714
 Accepted count: 9
 Basinhop count: 0


adaptive stepsize: acceptance rate 0.137931 target 0.500000 new stepsize 0.00221853 old stepsize 0.00246503
warning: basinhopping: local minimization failure
basinhopping step 58: f 20265 trial_f 20265 accepted 1  lowest_f 20265
found new global minimum on step 58 with function value 20265
 Fit Status: False
 Force threshold: 0.1462
 Lowest RMSE: 0.0709
 Current RMSE: 0.0709
 Accepted count: 10
 Basinhop count: 0


adaptive stepsize: acceptance rate 0.152542 target 0.500000 new stepsize 0.00199668 old stepsize 0.00221853
warning: basinhopping: local minimization failure
basinhopping step 59: f 20265 trial_f inf accepted 0  lowest_f 20265
 Fit Status: False
 Force threshold: 0.1462
 Lowest RMSE: 0.0707
 Current RMSE: 0.0707
 Accepted count: 10
 Basinhop count: 1


adaptive stepsize: acceptance rate 0.150000 target 0.500000 new stepsize 0.00179701 old stepsize 0.00199668
warning: basinhopping: local minimization failure
basinhopping step 60: f 20265 trial_f inf accepted 0  lowest_f 20265
 Fit Status: False
 Force threshold: 0.1462
 Lowest RMSE: 0.0707
 Current RMSE: 0.0716
 Accepted count: 10
 Basinhop count: 2


adaptive stepsize: acceptance rate 0.147541 target 0.500000 new stepsize 0.00161731 old stepsize 0.00179701
warning: basinhopping: local minimization failure
basinhopping step 61: f 20265 trial_f inf accepted 0  lowest_f 20265
 Fit Status: False
 Force threshold: 0.1462
 Lowest RMSE: 0.0707
 Current RMSE: 0.0713
 Accepted count: 10
 Basinhop count: 3


adaptive stepsize: acceptance rate 0.145161 target 0.500000 new stepsize 0.00145558 old stepsize 0.00161731
warning: basinhopping: local minimization failure
basinhopping step 62: f 20265.5 trial_f 20265.5 accepted 1  lowest_f 20265
 Fit Status: False
 Force threshold: 0.1462
 Lowest RMSE: 0.0706
 Current RMSE: 0.0706
 Accepted count: 11
 Basinhop count: 4


adaptive stepsize: acceptance rate 0.158730 target 0.500000 new stepsize 0.00131002 old stepsize 0.00145558
warning: basinhopping: local minimization failure
basinhopping step 63: f 20256.2 trial_f 20256.2 accepted 1  lowest_f 20256.2
found new global minimum on step 63 with function value 20256.2
 Fit Status: False
 Force threshold: 0.1462
 Lowest RMSE: 0.0706
 Current RMSE: 0.0707
 Accepted count: 12
 Basinhop count: 0


adaptive stepsize: acceptance rate 0.171875 target 0.500000 new stepsize 0.00117902 old stepsize 0.00131002
warning: basinhopping: local minimization failure
basinhopping step 64: f 20256.2 trial_f inf accepted 0  lowest_f 20256.2
 Fit Status: False
 Force threshold: 0.1462
 Lowest RMSE: 0.0704
 Current RMSE: 0.0704
 Accepted count: 12
 Basinhop count: 1


adaptive stepsize: acceptance rate 0.169231 target 0.500000 new stepsize 0.00106112 old stepsize 0.00117902
warning: basinhopping: local minimization failure
basinhopping step 65: f 20256.2 trial_f 20259.5 accepted 0  lowest_f 20256.2
 Fit Status: False
 Force threshold: 0.1462
 Lowest RMSE: 0.0704
 Current RMSE: 0.0712
 Accepted count: 12
 Basinhop count: 2


adaptive stepsize: acceptance rate 0.166667 target 0.500000 new stepsize 0.000955005 old stepsize 0.00106112
warning: basinhopping: local minimization failure
basinhopping step 66: f 20255.5 trial_f 20255.5 accepted 1  lowest_f 20255.5
found new global minimum on step 66 with function value 20255.5
 Fit Status: False
 Force threshold: 0.1462
 Lowest RMSE: 0.0704
 Current RMSE: 0.0707
 Accepted count: 13
 Basinhop count: 0


adaptive stepsize: acceptance rate 0.179104 target 0.500000 new stepsize 0.000859504 old stepsize 0.000955005
warning: basinhopping: local minimization failure
basinhopping step 67: f 20248.4 trial_f 20248.4 accepted 1  lowest_f 20248.4
found new global minimum on step 67 with function value 20248.4
 Fit Status: False
 Force threshold: 0.1462
 Lowest RMSE: 0.0702
 Current RMSE: 0.0702
 Accepted count: 14
 Basinhop count: 0


adaptive stepsize: acceptance rate 0.191176 target 0.500000 new stepsize 0.000773554 old stepsize 0.000859504
warning: basinhopping: local minimization failure
basinhopping step 68: f 20248.4 trial_f 20248.9 accepted 0  lowest_f 20248.4
 Fit Status: False
 Force threshold: 0.1462
 Lowest RMSE: 0.0702
 Current RMSE: 0.0703
 Accepted count: 14
 Basinhop count: 1


adaptive stepsize: acceptance rate 0.188406 target 0.500000 new stepsize 0.000696199 old stepsize 0.000773554
warning: basinhopping: local minimization failure
basinhopping step 69: f 20248.4 trial_f 20250.1 accepted 0  lowest_f 20248.4
 Fit Status: False
 Force threshold: 0.1462
 Lowest RMSE: 0.0700
 Current RMSE: 0.0700
 Accepted count: 14
 Basinhop count: 2


adaptive stepsize: acceptance rate 0.185714 target 0.500000 new stepsize 0.000626579 old stepsize 0.000696199
warning: basinhopping: local minimization failure
basinhopping step 70: f 20245.3 trial_f 20245.3 accepted 1  lowest_f 20245.3
found new global minimum on step 70 with function value 20245.3
 Fit Status: False
 Force threshold: 0.1462
 Lowest RMSE: 0.0700
 Current RMSE: 0.0702
 Accepted count: 15
 Basinhop count: 0


adaptive stepsize: acceptance rate 0.197183 target 0.500000 new stepsize 0.000563921 old stepsize 0.000626579
basinhopping step 71: f 20205.8 trial_f 20205.8 accepted 1  lowest_f 20205.8
found new global minimum on step 71 with function value 20205.8
 Fit Status: False
 Force threshold: 0.1462
 Lowest RMSE: 0.0675
 Current RMSE: 0.0675
 Accepted count: 16
 Basinhop count: 0


adaptive stepsize: acceptance rate 0.208333 target 0.500000 new stepsize 0.000507529 old stepsize 0.000563921
warning: basinhopping: local minimization failure
basinhopping step 72: f 20201.8 trial_f 20201.8 accepted 1  lowest_f 20201.8
found new global minimum on step 72 with function value 20201.8
 Fit Status: False
 Force threshold: 0.1462
 Lowest RMSE: 0.0675
 Current RMSE: 0.0675
 Accepted count: 17
 Basinhop count: 0


adaptive stepsize: acceptance rate 0.219178 target 0.500000 new stepsize 0.000456776 old stepsize 0.000507529
warning: basinhopping: local minimization failure
basinhopping step 73: f 20202.2 trial_f 20202.2 accepted 1  lowest_f 20201.8
 Fit Status: False
 Force threshold: 0.1462
 Lowest RMSE: 0.0675
 Current RMSE: 0.0675
 Accepted count: 18
 Basinhop count: 1


adaptive stepsize: acceptance rate 0.229730 target 0.500000 new stepsize 0.000411098 old stepsize 0.000456776
warning: basinhopping: local minimization failure
basinhopping step 74: f 20202.2 trial_f inf accepted 0  lowest_f 20201.8
 Fit Status: False
 Force threshold: 0.1462
 Lowest RMSE: 0.0675
 Current RMSE: 0.0676
 Accepted count: 18
 Basinhop count: 2


adaptive stepsize: acceptance rate 0.226667 target 0.500000 new stepsize 0.000369988 old stepsize 0.000411098
warning: basinhopping: local minimization failure
basinhopping step 75: f 20202.5 trial_f 20202.5 accepted 1  lowest_f 20201.8
 Fit Status: False
 Force threshold: 0.1462
 Lowest RMSE: 0.0674
 Current RMSE: 0.0674
 Accepted count: 19
 Basinhop count: 3


adaptive stepsize: acceptance rate 0.236842 target 0.500000 new stepsize 0.00033299 old stepsize 0.000369988
warning: basinhopping: local minimization failure
basinhopping step 76: f 20202.5 trial_f inf accepted 0  lowest_f 20201.8
 Fit Status: False
 Force threshold: 0.1462
 Lowest RMSE: 0.0674
 Current RMSE: 0.0674
 Accepted count: 19
 Basinhop count: 4


adaptive stepsize: acceptance rate 0.233766 target 0.500000 new stepsize 0.000299691 old stepsize 0.00033299
warning: basinhopping: local minimization failure
basinhopping step 77: f 20202.5 trial_f 20204.7 accepted 0  lowest_f 20201.8
 Fit Status: False
 Force threshold: 0.1462
 Lowest RMSE: 0.0674
 Current RMSE: 0.0674
 Accepted count: 19
 Basinhop count: 5


adaptive stepsize: acceptance rate 0.230769 target 0.500000 new stepsize 0.000269722 old stepsize 0.000299691
warning: basinhopping: local minimization failure
basinhopping step 78: f 20202.6 trial_f 20202.6 accepted 1  lowest_f 20201.8
 Fit Status: False
 Force threshold: 0.1462
 Lowest RMSE: 0.0674
 Current RMSE: 0.0674
 Accepted count: 20
 Basinhop count: 6


adaptive stepsize: acceptance rate 0.240506 target 0.500000 new stepsize 0.000242749 old stepsize 0.000269722
warning: basinhopping: local minimization failure
basinhopping step 79: f 20201.7 trial_f 20201.7 accepted 1  lowest_f 20201.7
found new global minimum on step 79 with function value 20201.7
 Fit Status: False
 Force threshold: 0.1462
 Lowest RMSE: 0.0674
 Current RMSE: 0.0675
 Accepted count: 21
 Basinhop count: 0


adaptive stepsize: acceptance rate 0.250000 target 0.500000 new stepsize 0.000218475 old stepsize 0.000242749
warning: basinhopping: local minimization failure
basinhopping step 80: f 20201.7 trial_f 20201.7 accepted 1  lowest_f 20201.7
found new global minimum on step 80 with function value 20201.7
 Fit Status: False
 Force threshold: 0.1462
 Lowest RMSE: 0.0674
 Current RMSE: 0.0675
 Accepted count: 22
 Basinhop count: 0


adaptive stepsize: acceptance rate 0.259259 target 0.500000 new stepsize 0.000196627 old stepsize 0.000218475
basinhopping step 81: f 20201.7 trial_f 20201.7 accepted 1  lowest_f 20201.7
 Fit Status: False
 Force threshold: 0.1462
 Lowest RMSE: 0.0674
 Current RMSE: 0.0675
 Accepted count: 23
 Basinhop count: 1


adaptive stepsize: acceptance rate 0.268293 target 0.500000 new stepsize 0.000176964 old stepsize 0.000196627
warning: basinhopping: local minimization failure
basinhopping step 82: f 20201.7 trial_f 20201.7 accepted 1  lowest_f 20201.7
found new global minimum on step 82 with function value 20201.7
 Fit Status: False
 Force threshold: 0.1462
 Lowest RMSE: 0.0674
 Current RMSE: 0.0675
 Accepted count: 24
 Basinhop count: 0


adaptive stepsize: acceptance rate 0.277108 target 0.500000 new stepsize 0.000159268 old stepsize 0.000176964
warning: basinhopping: local minimization failure
basinhopping step 83: f 20201.8 trial_f 20201.8 accepted 1  lowest_f 20201.7
 Fit Status: False
 Force threshold: 0.1462
 Lowest RMSE: 0.0674
 Current RMSE: 0.0675
 Accepted count: 25
 Basinhop count: 1


adaptive stepsize: acceptance rate 0.285714 target 0.500000 new stepsize 0.000143341 old stepsize 0.000159268
warning: basinhopping: local minimization failure
basinhopping step 84: f 20201.8 trial_f inf accepted 0  lowest_f 20201.7
 Fit Status: False
 Force threshold: 0.1462
 Lowest RMSE: 0.0674
 Current RMSE: 0.0675
 Accepted count: 25
 Basinhop count: 2


adaptive stepsize: acceptance rate 0.282353 target 0.500000 new stepsize 0.000129007 old stepsize 0.000143341
warning: basinhopping: local minimization failure
basinhopping step 85: f 20201.8 trial_f inf accepted 0  lowest_f 20201.7
 Fit Status: False
 Force threshold: 0.1462
 Lowest RMSE: 0.0674
 Current RMSE: 0.0675
 Accepted count: 25
 Basinhop count: 3


adaptive stepsize: acceptance rate 0.279070 target 0.500000 new stepsize 0.000116106 old stepsize 0.000129007
warning: basinhopping: local minimization failure
basinhopping step 86: f 20201.8 trial_f inf accepted 0  lowest_f 20201.7
 Fit Status: False
 Force threshold: 0.1462
 Lowest RMSE: 0.0674
 Current RMSE: 0.0675
 Accepted count: 25
 Basinhop count: 4


adaptive stepsize: acceptance rate 0.275862 target 0.500000 new stepsize 0.000104496 old stepsize 0.000116106
warning: basinhopping: local minimization failure
basinhopping step 87: f 20201.8 trial_f 20201.8 accepted 1  lowest_f 20201.7
 Fit Status: False
 Force threshold: 0.1462
 Lowest RMSE: 0.0674
 Current RMSE: 0.0675
 Accepted count: 26
 Basinhop count: 5


adaptive stepsize: acceptance rate 0.284091 target 0.500000 new stepsize 9.40461e-05 old stepsize 0.000104496
warning: basinhopping: local minimization failure
basinhopping step 88: f 20201.7 trial_f 20201.7 accepted 1  lowest_f 20201.7
found new global minimum on step 88 with function value 20201.7
 Fit Status: False
 Force threshold: 0.1462
 Lowest RMSE: 0.0674
 Current RMSE: 0.0675
 Accepted count: 27
 Basinhop count: 0


adaptive stepsize: acceptance rate 0.292135 target 0.500000 new stepsize 8.46415e-05 old stepsize 9.40461e-05
warning: basinhopping: local minimization failure
basinhopping step 89: f 20201.7 trial_f inf accepted 0  lowest_f 20201.7
 Fit Status: False
 Force threshold: 0.1462
 Lowest RMSE: 0.0674
 Current RMSE: 0.0675
 Accepted count: 27
 Basinhop count: 1


adaptive stepsize: acceptance rate 0.288889 target 0.500000 new stepsize 7.61773e-05 old stepsize 8.46415e-05
warning: basinhopping: local minimization failure
basinhopping step 90: f 20201.7 trial_f 20201.7 accepted 1  lowest_f 20201.7
 Fit Status: False
 Force threshold: 0.1462
 Lowest RMSE: 0.0674
 Current RMSE: 0.0675
 Accepted count: 28
 Basinhop count: 2


adaptive stepsize: acceptance rate 0.296703 target 0.500000 new stepsize 6.85596e-05 old stepsize 7.61773e-05
warning: basinhopping: local minimization failure
basinhopping step 91: f 20201.7 trial_f 20201.7 accepted 1  lowest_f 20201.7
found new global minimum on step 91 with function value 20201.7
 Fit Status: False
 Force threshold: 0.1462
 Lowest RMSE: 0.0674
 Current RMSE: 0.0675
 Accepted count: 29
 Basinhop count: 0


adaptive stepsize: acceptance rate 0.304348 target 0.500000 new stepsize 6.17037e-05 old stepsize 6.85596e-05
warning: basinhopping: local minimization failure
basinhopping step 92: f 20201.7 trial_f 20201.7 accepted 1  lowest_f 20201.7
 Fit Status: False
 Force threshold: 0.1462
 Lowest RMSE: 0.0674
 Current RMSE: 0.0675
 Accepted count: 30
 Basinhop count: 1


adaptive stepsize: acceptance rate 0.311828 target 0.500000 new stepsize 5.55333e-05 old stepsize 6.17037e-05
warning: basinhopping: local minimization failure
basinhopping step 93: f 20201.7 trial_f 20201.7 accepted 1  lowest_f 20201.7
 Fit Status: False
 Force threshold: 0.1462
 Lowest RMSE: 0.0674
 Current RMSE: 0.0675
 Accepted count: 31
 Basinhop count: 2


adaptive stepsize: acceptance rate 0.319149 target 0.500000 new stepsize 4.998e-05 old stepsize 5.55333e-05
warning: basinhopping: local minimization failure
basinhopping step 94: f 20201.7 trial_f inf accepted 0  lowest_f 20201.7
 Fit Status: False
 Force threshold: 0.1462
 Lowest RMSE: 0.0674
 Current RMSE: 0.0675
 Accepted count: 31
 Basinhop count: 3


adaptive stepsize: acceptance rate 0.315789 target 0.500000 new stepsize 4.4982e-05 old stepsize 4.998e-05
warning: basinhopping: local minimization failure
basinhopping step 95: f 20201.7 trial_f 20201.7 accepted 1  lowest_f 20201.7
 Fit Status: False
 Force threshold: 0.1462
 Lowest RMSE: 0.0674
 Current RMSE: 0.0675
 Accepted count: 32
 Basinhop count: 4


adaptive stepsize: acceptance rate 0.322917 target 0.500000 new stepsize 4.04838e-05 old stepsize 4.4982e-05
warning: basinhopping: local minimization failure
basinhopping step 96: f 20201.7 trial_f 20201.7 accepted 1  lowest_f 20201.7
found new global minimum on step 96 with function value 20201.7
 Fit Status: False
 Force threshold: 0.1462
 Lowest RMSE: 0.0674
 Current RMSE: 0.0675
 Accepted count: 33
 Basinhop count: 0


adaptive stepsize: acceptance rate 0.329897 target 0.500000 new stepsize 3.64354e-05 old stepsize 4.04838e-05
warning: basinhopping: local minimization failure
basinhopping step 97: f 20201.7 trial_f inf accepted 0  lowest_f 20201.7
 Fit Status: False
 Force threshold: 0.1462
 Lowest RMSE: 0.0674
 Current RMSE: 0.0675
 Accepted count: 33
 Basinhop count: 1


adaptive stepsize: acceptance rate 0.326531 target 0.500000 new stepsize 3.27919e-05 old stepsize 3.64354e-05
warning: basinhopping: local minimization failure
basinhopping step 98: f 20201.7 trial_f 20201.7 accepted 1  lowest_f 20201.7
found new global minimum on step 98 with function value 20201.7
 Fit Status: False
 Force threshold: 0.1462
 Lowest RMSE: 0.0674
 Current RMSE: 0.0675
 Accepted count: 34
 Basinhop count: 0


adaptive stepsize: acceptance rate 0.333333 target 0.500000 new stepsize 2.95127e-05 old stepsize 3.27919e-05
warning: basinhopping: local minimization failure
basinhopping step 99: f 20201.7 trial_f inf accepted 0  lowest_f 20201.7
 Fit Status: False
 Force threshold: 0.1462
 Lowest RMSE: 0.0674
 Current RMSE: 0.0675
 Accepted count: 34
 Basinhop count: 1


adaptive stepsize: acceptance rate 0.330000 target 0.500000 new stepsize 2.65614e-05 old stepsize 2.95127e-05
warning: basinhopping: local minimization failure
basinhopping step 100: f 20201.7 trial_f inf accepted 0  lowest_f 20201.7
 Fit Status: False
 Force threshold: 0.1462
 Lowest RMSE: 0.0674
 Current RMSE: 0.0675
 Accepted count: 34
 Basinhop count: 2


adaptive stepsize: acceptance rate 0.326733 target 0.500000 new stepsize 2.39053e-05 old stepsize 2.65614e-05
warning: basinhopping: local minimization failure
basinhopping step 101: f 20201.7 trial_f 20201.7 accepted 1  lowest_f 20201.7
 Fit Status: False
 Force threshold: 0.1462
 Lowest RMSE: 0.0674
 Current RMSE: 0.0675
 Accepted count: 35
 Basinhop count: 3


adaptive stepsize: acceptance rate 0.333333 target 0.500000 new stepsize 2.15147e-05 old stepsize 2.39053e-05
warning: basinhopping: local minimization failure
basinhopping step 102: f 20201.7 trial_f 20201.7 accepted 1  lowest_f 20201.7
 Fit Status: False
 Force threshold: 0.1462
 Lowest RMSE: 0.0674
 Current RMSE: 0.0675
 Accepted count: 36
 Basinhop count: 4


adaptive stepsize: acceptance rate 0.339806 target 0.500000 new stepsize 1.93633e-05 old stepsize 2.15147e-05
warning: basinhopping: local minimization failure
basinhopping step 103: f 20201.7 trial_f 20201.7 accepted 1  lowest_f 20201.7
 Fit Status: False
 Force threshold: 0.1462
 Lowest RMSE: 0.0674
 Current RMSE: 0.0675
 Accepted count: 37
 Basinhop count: 5


adaptive stepsize: acceptance rate 0.346154 target 0.500000 new stepsize 1.74269e-05 old stepsize 1.93633e-05
basinhopping step 104: f 20201.7 trial_f 20201.7 accepted 1  lowest_f 20201.7
found new global minimum on step 104 with function value 20201.7
 Fit Status: False
 Force threshold: 0.1462
 Lowest RMSE: 0.0674
 Current RMSE: 0.0675
 Accepted count: 38
 Basinhop count: 0


adaptive stepsize: acceptance rate 0.352381 target 0.500000 new stepsize 1.56842e-05 old stepsize 1.74269e-05
warning: basinhopping: local minimization failure
basinhopping step 105: f 20201.7 trial_f inf accepted 0  lowest_f 20201.7
 Fit Status: False
 Force threshold: 0.1462
 Lowest RMSE: 0.0674
 Current RMSE: 0.0675
 Accepted count: 38
 Basinhop count: 1


adaptive stepsize: acceptance rate 0.349057 target 0.500000 new stepsize 1.41158e-05 old stepsize 1.56842e-05
basinhopping step 106: f 20201.7 trial_f 20201.7 accepted 1  lowest_f 20201.7
found new global minimum on step 106 with function value 20201.7
 Fit Status: False
 Force threshold: 0.1462
 Lowest RMSE: 0.0674
 Current RMSE: 0.0675
 Accepted count: 39
 Basinhop count: 0


adaptive stepsize: acceptance rate 0.355140 target 0.500000 new stepsize 1.27042e-05 old stepsize 1.41158e-05
basinhopping step 107: f 20201.7 trial_f 20201.7 accepted 1  lowest_f 20201.7
 Fit Status: False
 Force threshold: 0.1462
 Lowest RMSE: 0.0674
 Current RMSE: 0.0675
 Accepted count: 40
 Basinhop count: 1


adaptive stepsize: acceptance rate 0.361111 target 0.500000 new stepsize 1.14338e-05 old stepsize 1.27042e-05
basinhopping step 108: f 20201.7 trial_f 20201.7 accepted 1  lowest_f 20201.7
 Fit Status: False
 Force threshold: 0.1462
 Lowest RMSE: 0.0674
 Current RMSE: 0.0675
 Accepted count: 41
 Basinhop count: 2


adaptive stepsize: acceptance rate 0.366972 target 0.500000 new stepsize 1.02904e-05 old stepsize 1.14338e-05
basinhopping step 109: f 20201.7 trial_f 20201.7 accepted 1  lowest_f 20201.7
 Fit Status: False
 Force threshold: 0.1462
 Lowest RMSE: 0.0674
 Current RMSE: 0.0675
 Accepted count: 42
 Basinhop count: 3


adaptive stepsize: acceptance rate 0.372727 target 0.500000 new stepsize 9.26139e-06 old stepsize 1.02904e-05
warning: basinhopping: local minimization failure
basinhopping step 110: f 20201.7 trial_f inf accepted 0  lowest_f 20201.7
 Fit Status: False
 Force threshold: 0.1462
 Lowest RMSE: 0.0674
 Current RMSE: 0.0675
 Accepted count: 42
 Basinhop count: 4


adaptive stepsize: acceptance rate 0.369369 target 0.500000 new stepsize 8.33525e-06 old stepsize 9.26139e-06
warning: basinhopping: local minimization failure
basinhopping step 111: f 20201.7 trial_f inf accepted 0  lowest_f 20201.7
 Fit Status: False
 Force threshold: 0.1462
 Lowest RMSE: 0.0674
 Current RMSE: 0.0675
 Accepted count: 42
 Basinhop count: 5


adaptive stepsize: acceptance rate 0.366071 target 0.500000 new stepsize 7.50172e-06 old stepsize 8.33525e-06
warning: basinhopping: local minimization failure
basinhopping step 112: f 20201.7 trial_f 20201.7 accepted 1  lowest_f 20201.7
 Fit Status: False
 Force threshold: 0.1462
 Lowest RMSE: 0.0674
 Current RMSE: 0.0675
 Accepted count: 43
 Basinhop count: 6


adaptive stepsize: acceptance rate 0.371681 target 0.500000 new stepsize 6.75155e-06 old stepsize 7.50172e-06
warning: basinhopping: local minimization failure
basinhopping step 113: f 20201.7 trial_f 20201.7 accepted 1  lowest_f 20201.7
 Fit Status: False
 Force threshold: 0.1462
 Lowest RMSE: 0.0674
 Current RMSE: 0.0675
 Accepted count: 44
 Basinhop count: 7


adaptive stepsize: acceptance rate 0.377193 target 0.500000 new stepsize 6.0764e-06 old stepsize 6.75155e-06
basinhopping step 114: f 20201.7 trial_f 20201.7 accepted 1  lowest_f 20201.7
 Fit Status: False
 Force threshold: 0.1462
 Lowest RMSE: 0.0674
 Current RMSE: 0.0675
 Accepted count: 45
 Basinhop count: 8


adaptive stepsize: acceptance rate 0.382609 target 0.500000 new stepsize 5.46876e-06 old stepsize 6.0764e-06
basinhopping step 115: f 20201.7 trial_f 20201.7 accepted 1  lowest_f 20201.7
 Fit Status: False
 Force threshold: 0.1462
 Lowest RMSE: 0.0674
 Current RMSE: 0.0675
 Accepted count: 46
 Basinhop count: 9


adaptive stepsize: acceptance rate 0.387931 target 0.500000 new stepsize 4.92188e-06 old stepsize 5.46876e-06
basinhopping step 116: f 20201.7 trial_f 20201.7 accepted 1  lowest_f 20201.7
 Fit Status: False
 Force threshold: 0.1462
 Lowest RMSE: 0.0674
 Current RMSE: 0.0675
 Accepted count: 47
 Basinhop count: 10


adaptive stepsize: acceptance rate 0.393162 target 0.500000 new stepsize 4.42969e-06 old stepsize 4.92188e-06
warning: basinhopping: local minimization failure
basinhopping step 117: f 20201.7 trial_f inf accepted 0  lowest_f 20201.7
 Fit Status: False
 Force threshold: 0.1462
 Lowest RMSE: 0.0674
 Current RMSE: 0.0675
 Accepted count: 47
 Basinhop count: 11


adaptive stepsize: acceptance rate 0.389831 target 0.500000 new stepsize 3.98672e-06 old stepsize 4.42969e-06
warning: basinhopping: local minimization failure
basinhopping step 118: f 20201.7 trial_f inf accepted 0  lowest_f 20201.7
 Fit Status: False
 Force threshold: 0.1462
 Lowest RMSE: 0.0674
 Current RMSE: 0.0675
 Accepted count: 47
 Basinhop count: 12


adaptive stepsize: acceptance rate 0.386555 target 0.500000 new stepsize 3.58805e-06 old stepsize 3.98672e-06
basinhopping step 119: f 20201.7 trial_f 20201.7 accepted 1  lowest_f 20201.7
 Fit Status: False
 Force threshold: 0.1462
 Lowest RMSE: 0.0674
 Current RMSE: 0.0675
 Accepted count: 48
 Basinhop count: 13


adaptive stepsize: acceptance rate 0.391667 target 0.500000 new stepsize 3.22925e-06 old stepsize 3.58805e-06
basinhopping step 120: f 20201.7 trial_f 20201.7 accepted 1  lowest_f 20201.7
 Fit Status: False
 Force threshold: 0.1462
 Lowest RMSE: 0.0674
 Current RMSE: 0.0675
 Accepted count: 49
 Basinhop count: 14


adaptive stepsize: acceptance rate 0.396694 target 0.500000 new stepsize 2.90632e-06 old stepsize 3.22925e-06
warning: basinhopping: local minimization failure
basinhopping step 121: f 20201.7 trial_f inf accepted 0  lowest_f 20201.7
 Fit Status: False
 Force threshold: 0.1462
 Lowest RMSE: 0.0674
 Current RMSE: 0.0675
 Accepted count: 49
 Basinhop count: 15


adaptive stepsize: acceptance rate 0.393443 target 0.500000 new stepsize 2.61569e-06 old stepsize 2.90632e-06
warning: basinhopping: local minimization failure
basinhopping step 122: f 20201.7 trial_f inf accepted 0  lowest_f 20201.7
 Fit Status: False
 Force threshold: 0.1462
 Lowest RMSE: 0.0674
 Current RMSE: 0.0675
 Accepted count: 49
 Basinhop count: 16


adaptive stepsize: acceptance rate 0.390244 target 0.500000 new stepsize 2.35412e-06 old stepsize 2.61569e-06
basinhopping step 123: f 20201.7 trial_f 20201.7 accepted 1  lowest_f 20201.7
 Fit Status: False
 Force threshold: 0.1462
 Lowest RMSE: 0.0674
 Current RMSE: 0.0675
 Accepted count: 50
 Basinhop count: 17


adaptive stepsize: acceptance rate 0.395161 target 0.500000 new stepsize 2.11871e-06 old stepsize 2.35412e-06
basinhopping step 124: f 20201.7 trial_f 20201.7 accepted 1  lowest_f 20201.7
 Fit Status: False
 Force threshold: 0.1462
 Lowest RMSE: 0.0674
 Current RMSE: 0.0675
 Accepted count: 51
 Basinhop count: 18


adaptive stepsize: acceptance rate 0.400000 target 0.500000 new stepsize 1.90684e-06 old stepsize 2.11871e-06
basinhopping step 125: f 20201.7 trial_f 20201.7 accepted 1  lowest_f 20201.7
 Fit Status: False
 Force threshold: 0.1462
 Lowest RMSE: 0.0674
 Current RMSE: 0.0675
 Accepted count: 52
 Basinhop count: 19


adaptive stepsize: acceptance rate 0.404762 target 0.500000 new stepsize 1.71615e-06 old stepsize 1.90684e-06
basinhopping step 126: f 20201.7 trial_f 20201.7 accepted 1  lowest_f 20201.7
 Fit Status: False
 Force threshold: 0.1462
 Lowest RMSE: 0.0674
 Current RMSE: 0.0675
 Accepted count: 53
 Basinhop count: 20


adaptive stepsize: acceptance rate 0.409449 target 0.500000 new stepsize 1.54454e-06 old stepsize 1.71615e-06
basinhopping step 127: f 20201.7 trial_f 20201.7 accepted 1  lowest_f 20201.7
 Fit Status: False
 Force threshold: 0.1462
 Lowest RMSE: 0.0674
 Current RMSE: 0.0675
 Accepted count: 54
 Basinhop count: 21


adaptive stepsize: acceptance rate 0.414062 target 0.500000 new stepsize 1.39008e-06 old stepsize 1.54454e-06
basinhopping step 128: f 20201.7 trial_f 20201.7 accepted 1  lowest_f 20201.7
 Fit Status: False
 Force threshold: 0.1462
 Lowest RMSE: 0.0674
 Current RMSE: 0.0675
 Accepted count: 55
 Basinhop count: 22


adaptive stepsize: acceptance rate 0.418605 target 0.500000 new stepsize 1.25108e-06 old stepsize 1.39008e-06
basinhopping step 129: f 20201.7 trial_f 20201.7 accepted 1  lowest_f 20201.7
 Fit Status: False
 Force threshold: 0.1462
 Lowest RMSE: 0.0674
 Current RMSE: 0.0675
 Accepted count: 56
 Basinhop count: 23


adaptive stepsize: acceptance rate 0.423077 target 0.500000 new stepsize 1.12597e-06 old stepsize 1.25108e-06
basinhopping step 130: f 20201.7 trial_f 20201.7 accepted 1  lowest_f 20201.7
 Fit Status: False
 Force threshold: 0.1462
 Lowest RMSE: 0.0674
 Current RMSE: 0.0675
 Accepted count: 57
 Basinhop count: 24


adaptive stepsize: acceptance rate 0.427481 target 0.500000 new stepsize 1.01337e-06 old stepsize 1.12597e-06
basinhopping step 131: f 20201.7 trial_f 20201.7 accepted 1  lowest_f 20201.7
 Fit Status: False
 Force threshold: 0.1462
 Lowest RMSE: 0.0674
 Current RMSE: 0.0675
 Accepted count: 58
 Basinhop count: 25


adaptive stepsize: acceptance rate 0.431818 target 0.500000 new stepsize 9.12034e-07 old stepsize 1.01337e-06
basinhopping step 132: f 20201.7 trial_f 20201.7 accepted 1  lowest_f 20201.7
 Fit Status: False
 Force threshold: 0.1462
 Lowest RMSE: 0.0674
 Current RMSE: 0.0675
 Accepted count: 59
 Basinhop count: 26


adaptive stepsize: acceptance rate 0.436090 target 0.500000 new stepsize 8.20831e-07 old stepsize 9.12034e-07
basinhopping step 133: f 20201.7 trial_f 20201.7 accepted 1  lowest_f 20201.7
 Fit Status: False
 Force threshold: 0.1462
 Lowest RMSE: 0.0674
 Current RMSE: 0.0675
 Accepted count: 60
 Basinhop count: 27


adaptive stepsize: acceptance rate 0.440299 target 0.500000 new stepsize 7.38748e-07 old stepsize 8.20831e-07
basinhopping step 134: f 20201.7 trial_f 20201.7 accepted 1  lowest_f 20201.7
 Fit Status: False
 Force threshold: 0.1462
 Lowest RMSE: 0.0674
 Current RMSE: 0.0675
 Accepted count: 61
 Basinhop count: 28


adaptive stepsize: acceptance rate 0.444444 target 0.500000 new stepsize 6.64873e-07 old stepsize 7.38748e-07
basinhopping step 135: f 20201.7 trial_f 20201.7 accepted 1  lowest_f 20201.7
 Fit Status: False
 Force threshold: 0.1462
 Lowest RMSE: 0.0674
 Current RMSE: 0.0675
 Accepted count: 62
 Basinhop count: 29


adaptive stepsize: acceptance rate 0.448529 target 0.500000 new stepsize 5.98386e-07 old stepsize 6.64873e-07
basinhopping step 136: f 20201.7 trial_f 20201.7 accepted 1  lowest_f 20201.7
 Fit Status: False
 Force threshold: 0.1462
 Lowest RMSE: 0.0674
 Current RMSE: 0.0675
 Accepted count: 63
 Basinhop count: 30


adaptive stepsize: acceptance rate 0.452555 target 0.500000 new stepsize 5.38547e-07 old stepsize 5.98386e-07
basinhopping step 137: f 20201.7 trial_f 20201.7 accepted 1  lowest_f 20201.7
 Fit Status: False
 Force threshold: 0.1462
 Lowest RMSE: 0.0674
 Current RMSE: 0.0675
 Accepted count: 64
 Basinhop count: 31


adaptive stepsize: acceptance rate 0.456522 target 0.500000 new stepsize 4.84693e-07 old stepsize 5.38547e-07
basinhopping step 138: f 20201.7 trial_f 20201.7 accepted 1  lowest_f 20201.7
 Fit Status: False
 Force threshold: 0.1462
 Lowest RMSE: 0.0674
 Current RMSE: 0.0675
 Accepted count: 65
 Basinhop count: 32


adaptive stepsize: acceptance rate 0.460432 target 0.500000 new stepsize 4.36223e-07 old stepsize 4.84693e-07
basinhopping step 139: f 20201.7 trial_f 20201.7 accepted 1  lowest_f 20201.7
 Fit Status: False
 Force threshold: 0.1462
 Lowest RMSE: 0.0674
 Current RMSE: 0.0675
 Accepted count: 66
 Basinhop count: 33


adaptive stepsize: acceptance rate 0.464286 target 0.500000 new stepsize 3.92601e-07 old stepsize 4.36223e-07
basinhopping step 140: f 20201.7 trial_f 20201.7 accepted 1  lowest_f 20201.7
 Fit Status: False
 Force threshold: 0.1462
 Lowest RMSE: 0.0674
 Current RMSE: 0.0675
 Accepted count: 67
 Basinhop count: 34


adaptive stepsize: acceptance rate 0.468085 target 0.500000 new stepsize 3.53341e-07 old stepsize 3.92601e-07
basinhopping step 141: f 20201.7 trial_f 20201.7 accepted 1  lowest_f 20201.7
 Fit Status: False
 Force threshold: 0.1462
 Lowest RMSE: 0.0674
 Current RMSE: 0.0675
 Accepted count: 68
 Basinhop count: 35


adaptive stepsize: acceptance rate 0.471831 target 0.500000 new stepsize 3.18007e-07 old stepsize 3.53341e-07
basinhopping step 142: f 20201.7 trial_f 20201.7 accepted 1  lowest_f 20201.7
 Fit Status: False
 Force threshold: 0.1462
 Lowest RMSE: 0.0674
 Current RMSE: 0.0675
 Accepted count: 69
 Basinhop count: 36


adaptive stepsize: acceptance rate 0.475524 target 0.500000 new stepsize 2.86206e-07 old stepsize 3.18007e-07
basinhopping step 143: f 20201.7 trial_f 20201.7 accepted 1  lowest_f 20201.7
 Fit Status: False
 Force threshold: 0.1462
 Lowest RMSE: 0.0674
 Current RMSE: 0.0675
 Accepted count: 70
 Basinhop count: 37


adaptive stepsize: acceptance rate 0.479167 target 0.500000 new stepsize 2.57585e-07 old stepsize 2.86206e-07
basinhopping step 144: f 20201.7 trial_f 20201.7 accepted 1  lowest_f 20201.7
 Fit Status: False
 Force threshold: 0.1462
 Lowest RMSE: 0.0674
 Current RMSE: 0.0675
 Accepted count: 71
 Basinhop count: 38


adaptive stepsize: acceptance rate 0.482759 target 0.500000 new stepsize 2.31827e-07 old stepsize 2.57585e-07
basinhopping step 145: f 20201.7 trial_f 20201.7 accepted 1  lowest_f 20201.7
 Fit Status: False
 Force threshold: 0.1462
 Lowest RMSE: 0.0674
 Current RMSE: 0.0675
 Accepted count: 72
 Basinhop count: 39


adaptive stepsize: acceptance rate 0.486301 target 0.500000 new stepsize 2.08644e-07 old stepsize 2.31827e-07
basinhopping step 146: f 20201.7 trial_f 20201.7 accepted 1  lowest_f 20201.7
 Fit Status: False
 Force threshold: 0.1462
 Lowest RMSE: 0.0674
 Current RMSE: 0.0675
 Accepted count: 73
 Basinhop count: 40


adaptive stepsize: acceptance rate 0.489796 target 0.500000 new stepsize 1.8778e-07 old stepsize 2.08644e-07
basinhopping step 147: f 20201.7 trial_f 20201.7 accepted 1  lowest_f 20201.7
 Fit Status: False
 Force threshold: 0.1462
 Lowest RMSE: 0.0674
 Current RMSE: 0.0675
 Accepted count: 74
 Basinhop count: 41


adaptive stepsize: acceptance rate 0.493243 target 0.500000 new stepsize 1.69002e-07 old stepsize 1.8778e-07
basinhopping step 148: f 20201.7 trial_f 20201.7 accepted 1  lowest_f 20201.7
 Fit Status: False
 Force threshold: 0.1462
 Lowest RMSE: 0.0674
 Current RMSE: 0.0675
 Accepted count: 75
 Basinhop count: 42


adaptive stepsize: acceptance rate 0.496644 target 0.500000 new stepsize 1.52102e-07 old stepsize 1.69002e-07
basinhopping step 149: f 20201.7 trial_f 20201.7 accepted 1  lowest_f 20201.7
 Fit Status: False
 Force threshold: 0.1462
 Lowest RMSE: 0.0674
 Current RMSE: 0.0675
 Accepted count: 76
 Basinhop count: 43


adaptive stepsize: acceptance rate 0.500000 target 0.500000 new stepsize 1.36891e-07 old stepsize 1.52102e-07
basinhopping step 150: f 20201.7 trial_f 20201.7 accepted 1  lowest_f 20201.7
 Fit Status: False
 Force threshold: 0.1462
 Lowest RMSE: 0.0674
 Current RMSE: 0.0675
 Accepted count: 77
 Basinhop count: 44


adaptive stepsize: acceptance rate 0.503311 target 0.500000 new stepsize 1.52102e-07 old stepsize 1.36891e-07
basinhopping step 151: f 20201.7 trial_f 20201.7 accepted 1  lowest_f 20201.7
 Fit Status: False
 Force threshold: 0.1462
 Lowest RMSE: 0.0674
 Current RMSE: 0.0675
 Accepted count: 78
 Basinhop count: 45


adaptive stepsize: acceptance rate 0.506579 target 0.500000 new stepsize 1.69002e-07 old stepsize 1.52102e-07
basinhopping step 152: f 20201.7 trial_f 20201.7 accepted 1  lowest_f 20201.7
 Fit Status: False
 Force threshold: 0.1462
 Lowest RMSE: 0.0674
 Current RMSE: 0.0675
 Accepted count: 79
 Basinhop count: 46


adaptive stepsize: acceptance rate 0.509804 target 0.500000 new stepsize 1.8778e-07 old stepsize 1.69002e-07
basinhopping step 153: f 20201.7 trial_f 20201.7 accepted 1  lowest_f 20201.7
 Fit Status: False
 Force threshold: 0.1462
 Lowest RMSE: 0.0674
 Current RMSE: 0.0675
 Accepted count: 80
 Basinhop count: 47


adaptive stepsize: acceptance rate 0.512987 target 0.500000 new stepsize 2.08644e-07 old stepsize 1.8778e-07
basinhopping step 154: f 20201.7 trial_f 20201.7 accepted 1  lowest_f 20201.7
 Fit Status: False
 Force threshold: 0.1462
 Lowest RMSE: 0.0674
 Current RMSE: 0.0675
 Accepted count: 81
 Basinhop count: 48


adaptive stepsize: acceptance rate 0.516129 target 0.500000 new stepsize 2.31827e-07 old stepsize 2.08644e-07
basinhopping step 155: f 20201.7 trial_f 20201.7 accepted 1  lowest_f 20201.7
 Fit Status: False
 Force threshold: 0.1462
 Lowest RMSE: 0.0674
 Current RMSE: 0.0675
 Accepted count: 82
 Basinhop count: 49


adaptive stepsize: acceptance rate 0.519231 target 0.500000 new stepsize 2.57585e-07 old stepsize 2.31827e-07
basinhopping step 156: f 20201.7 trial_f 20201.7 accepted 1  lowest_f 20201.7
 Fit Status: True
 Force threshold: 0.1462
 Lowest RMSE: 0.0674
 Current RMSE: 0.0675
 Accepted count: 83
 Basinhop count: 50



 Performing Monte Carlo bootstrapping...
	   Completed 1 of 100 iterations.
	   Completed 2 of 100 iterations.
	   Completed 3 of 100 iterations.
	   Completed 4 of 100 iterations.
	   Completed 5 of 100 iterations.
	   Completed 6 of 100 iterations.
	   Completed 7 of 100 iterations.
	   Completed 8 of 100 iterations.
	   Completed 9 of 100 iterations.
	   Completed 10 of 100 iterations.
	   Completed 11 of 100 iterations.
	   Completed 12 of 100 iterations.
	   Completed 13 of 100 iterations.
	   Completed 14 of 100 iterations.
	   Completed 15 of 100 iterations.
	   Completed 16 of 100 iterations.
	   Completed 17 of 100 iterations.
	   Completed 18 of 100 iterations.
	   Completed 19 of 100 iterations.
	   Completed 20 of 100 iterations.
	   Completed 21 of 100 iterations.
	   Completed 22 of 100 iterations.
	   Completed 23 of 100 iterations.
	   Completed 24 of 100 iterations.
	   Completed 25 of 100 iterations.
	   Completed 26 of 100 iterations.
	   Completed 27 of 100 iterations.
	   Completed 28 of 100 iterations.
	   Completed 29 of 100 iterations.
	   Completed 30 of 100 iterations.
	   Completed 31 of 100 iterations.
	   Completed 32 of 100 iterations.
	   Completed 33 of 100 iterations.
	   Completed 34 of 100 iterations.
	   Completed 35 of 100 iterations.
	   Completed 36 of 100 iterations.
	   Completed 37 of 100 iterations.
	   Completed 38 of 100 iterations.
	   Completed 39 of 100 iterations.
	   Completed 40 of 100 iterations.
	   Completed 41 of 100 iterations.
	   Completed 42 of 100 iterations.
	   Completed 43 of 100 iterations.
	   Completed 44 of 100 iterations.
	   Completed 45 of 100 iterations.
	   Completed 46 of 100 iterations.
	   Completed 47 of 100 iterations.
	   Completed 48 of 100 iterations.
	   Completed 49 of 100 iterations.
	   Completed 50 of 100 iterations.
	   Completed 51 of 100 iterations.
	   Completed 52 of 100 iterations.
	   Completed 53 of 100 iterations.
	   Completed 54 of 100 iterations.
	   Completed 55 of 100 iterations.
	   Completed 56 of 100 iterations.
	   Completed 57 of 100 iterations.
	   Completed 58 of 100 iterations.
	   Completed 59 of 100 iterations.
	   Completed 60 of 100 iterations.
	   Completed 61 of 100 iterations.
	   Completed 62 of 100 iterations.
	   Completed 63 of 100 iterations.
	   Completed 64 of 100 iterations.
	   Completed 65 of 100 iterations.
	   Completed 66 of 100 iterations.
	   Completed 67 of 100 iterations.
	   Completed 68 of 100 iterations.
	   Completed 69 of 100 iterations.
	   Completed 70 of 100 iterations.
	   Completed 71 of 100 iterations.
	   Completed 72 of 100 iterations.
	   Completed 73 of 100 iterations.
	   Completed 74 of 100 iterations.
	   Completed 75 of 100 iterations.
	   Completed 76 of 100 iterations.
	   Completed 77 of 100 iterations.
	   Completed 78 of 100 iterations.
	   Completed 79 of 100 iterations.
	   Completed 80 of 100 iterations.
	   Completed 81 of 100 iterations.
	   Completed 82 of 100 iterations.
	   Completed 83 of 100 iterations.
	   Completed 84 of 100 iterations.
	   Completed 85 of 100 iterations.
	   Completed 86 of 100 iterations.
	   Completed 87 of 100 iterations.
	   Completed 88 of 100 iterations.
	   Completed 89 of 100 iterations.
	   Completed 90 of 100 iterations.
	   Completed 91 of 100 iterations.
	   Completed 92 of 100 iterations.
	   Completed 93 of 100 iterations.
	   Completed 94 of 100 iterations.
	   Completed 95 of 100 iterations.
	   Completed 96 of 100 iterations.
	   Completed 97 of 100 iterations.
	   Completed 98 of 100 iterations.
	   Completed 99 of 100 iterations.
	   Completed 100 of 100 iterations.

 Maximum Likelihood Best-fit Parameters:
--------------------------------------------------------------------------------------

Parameter                     Best-fit Value                +/- 1-sigma                   Flag                          
--------------------------------------------------------------------------------------
AGN_FRAC_4000                 1.000000                      0.000000                      1.0                           
AGN_FRAC_7000                 1.000000                      0.000000                      1.0                           
APOLY_COEFF_1                 0.408769                      0.031684                      0.0                           
APOLY_COEFF_2                 -0.164495                     0.022779                      0.0                           
APOLY_COEFF_3                 0.034989                      0.007364                      0.0                           
APOLY_COEFF_4                 -0.002859                     0.002074                      0.0                           
APOLY_COEFF_5                 -0.017596                     0.001738                      0.0                           
APOLY_COEFF_6                 -0.016281                     0.001727                      0.0                           
APOLY_COEFF_7                 0.000166                      0.001543                      0.0                           
BR_H_ALPHA_AMP                3.761852                      0.155627                      0.0                           
BR_H_ALPHA_DISP               580.979770                    10.868931                     0.0                           
BR_H_ALPHA_DISP_CORR          574.504216                    10.868931                     0.0                           
BR_H_ALPHA_DISP_RES           86.500862                     nan                           nan                           
BR_H_ALPHA_EW                 66.542960                     2.286584                      0.0                           
BR_H_ALPHA_FLUX               -14.792124                    0.014915                      0.0                           
BR_H_ALPHA_FWHM               1370.302423                   25.410422                     0.0                           
BR_H_ALPHA_FWHM_CORR          1355.078671                   25.410422                     0.0                           
BR_H_ALPHA_LUM                41.817665                     0.014915                      0.0                           
BR_H_ALPHA_NPIX               38.000000                     0.650759                      0.0                           
BR_H_ALPHA_SNR                18.252823                     0.753073                      0.0                           
BR_H_ALPHA_VOFF               31.832805                     9.024183                      0.0                           
BR_H_ALPHA_W80                1524.622498                   28.509682                     0.0                           
BR_H_ALPHA_W80_CORR           1508.366194                   28.509682                     0.0                           
BR_H_BETA_AMP                 1.136905                      0.066321                      0.0                           
BR_H_BETA_DISP                678.079468                    17.272930                     0.0                           
BR_H_BETA_DISP_CORR           667.869741                    17.272930                     0.0                           
BR_H_BETA_DISP_RES            117.225310                    nan                           nan                           
BR_H_BETA_EW                  17.319568                     1.108854                      0.0                           
BR_H_BETA_FLUX                -15.376642                    0.027286                      0.0                           
BR_H_BETA_FWHM                1597.258883                   40.615733                     0.0                           
BR_H_BETA_FWHM_CORR           1573.224925                   40.615733                     0.0                           
BR_H_BETA_LUM                 41.233146                     0.027286                      0.0                           
BR_H_BETA_NPIX                31.000000                     1.181749                      0.0                           
BR_H_BETA_SNR                 5.525131                      0.322071                      0.0                           
BR_H_BETA_VOFF                59.647404                     20.272009                     0.0                           
BR_H_BETA_W80                 1779.963469                   45.197076                     0.0                           
BR_H_BETA_W80_CORR            1754.342808                   45.197076                     0.0                           
BR_OIII_a_AMP                 0.976350                      0.078254                      0.0                           
BR_OIII_a_DISP                500.000001                    0.002610                      1.0                           
BR_OIII_a_DISP_CORR           486.614377                    0.002610                      1.0                           
BR_OIII_a_DISP_RES            114.919317                    nan                           nan                           
BR_OIII_a_EW                  11.252223                     0.901605                      0.0                           
BR_OIII_a_FLUX                -15.566485                    0.035374                      0.0                           
BR_OIII_a_FWHM                1177.892795                   0.509297                      0.0                           
BR_OIII_a_FWHM_CORR           1146.385876                   0.509297                      0.0                           
BR_OIII_a_LUM                 41.043304                     0.035374                      0.0                           
BR_OIII_a_NPIX                23.000000                     0.746984                      0.0                           
BR_OIII_a_SNR                 4.744650                      0.380450                      0.0                           
BR_OIII_a_VOFF                31.437358                     18.870096                     0.0                           
BR_OIII_a_W80                 1313.209236                   0.383864                      0.0                           
BR_OIII_a_W80_CORR            1279.646336                   0.383864                      0.0                           
BR_OIII_b_AMP                 2.369211                      0.084465                      0.0                           
BR_OIII_b_DISP                797.732279                    12.918983                     0.0                           
BR_OIII_b_DISP_CORR           789.663353                    12.918983                     0.0                           
BR_OIII_b_DISP_RES            113.174985                    nan                           nan                           
BR_OIII_b_EW                  44.488697                     1.449451                      0.0                           
BR_OIII_b_FLUX                -14.971706                    0.013993                      0.0                           
BR_OIII_b_FWHM                1879.018250                   30.488171                     0.0                           
BR_OIII_b_FWHM_CORR           1860.022838                   30.488171                     0.0                           
BR_OIII_b_LUM                 41.638082                     0.013993                      0.0                           
BR_OIII_b_NPIX                46.000000                     0.772023                      0.0                           
BR_OIII_b_SNR                 11.514681                     0.410689                      0.0                           
BR_OIII_b_VOFF                203.673633                    11.339601                     0.0                           
BR_OIII_b_W80                 2093.334502                   33.849054                     0.0                           
BR_OIII_b_W80_CORR            2073.076786                   33.849054                     0.0                           
BR_OII_AMP                    1.371145                      0.082502                      0.0                           
BR_OII_DISP                   669.637247                    18.434724                     0.0                           
BR_OII_DISP_CORR              652.677515                    18.434724                     0.0                           
BR_OII_DISP_RES               149.753475                    nan                           nan                           
BR_OII_EW                     16.531954                     0.896071                      0.0                           
BR_OII_FLUX                   -15.407218                    0.023625                      0.0                           
BR_OII_FWHM                   1578.579971                   43.330155                     0.0                           
BR_OII_FWHM_CORR              1538.687791                   43.330155                     0.0                           
BR_OII_LUM                    41.202570                     0.023625                      0.0                           
BR_OII_NPIX                   34.000000                     1.284613                      0.0                           
BR_OII_SNR                    6.656474                      0.400515                      0.0                           
BR_OII_VOFF                   -36.004748                    19.629318                     0.0                           
BR_OII_W80                    1756.920092                   48.321751                     0.0                           
BR_OII_W80_CORR               1714.348753                   48.321751                     0.0                           
BR_OPT_FEII_AMP               0.494917                      0.329938                      0.0                           
BR_OPT_FEII_DISP              506.035967                    156.524132                    1.0                           
BR_OPT_FEII_TEMPLATE_EW       9.458307                      6.329699                      0.0                           
BR_OPT_FEII_TEMPLATE_FLUX     -15.643694                    0.000000                      1.0                           
BR_OPT_FEII_TEMPLATE_LUM      40.966094                     0.000000                      1.0                           
BR_OPT_FEII_VOFF              20.262255                     139.122678                    0.0                           
HOST_FRAC_4000                -0.193845                     0.005429                      1.0                           
HOST_FRAC_7000                0.725100                      0.041372                      0.0                           
H_ALPHA_COMP_DISP             580.976756                    8.425628                      0.0                           
H_ALPHA_COMP_DISP_CORR        574.501167                    8.425628                      0.0                           
H_ALPHA_COMP_DISP_RES         86.500862                     nan                           nan                           
H_ALPHA_COMP_EW               66.543053                     1.973441                      0.0                           
H_ALPHA_COMP_FLUX             -14.792123                    0.012727                      0.0                           
H_ALPHA_COMP_FWHM             1370.289766                   61.868079                     0.0                           
H_ALPHA_COMP_FWHM_CORR        1355.065872                   61.868079                     0.0                           
H_ALPHA_COMP_LUM              41.817665                     0.012727                      0.0                           
H_ALPHA_COMP_NPIX             38.000000                     0.650759                      0.0                           
H_ALPHA_COMP_SNR              11.860217                     0.667991                      0.0                           
H_ALPHA_COMP_VOFF             31.832788                     7.663171                      0.0                           
H_ALPHA_COMP_W80              1524.621545                   21.768184                     0.0                           
H_ALPHA_COMP_W80_CORR         1508.365231                   21.768184                     0.0                           
H_BETA_COMP_DISP              678.071636                    17.546876                     0.0                           
H_BETA_COMP_DISP_CORR         667.861789                    17.546876                     0.0                           
H_BETA_COMP_DISP_RES          117.225310                    nan                           nan                           
H_BETA_COMP_EW                17.319583                     1.095370                      0.0                           
H_BETA_COMP_FLUX              -15.376642                    0.026804                      0.0                           
H_BETA_COMP_FWHM              1597.252433                   119.187039                    0.0                           
H_BETA_COMP_FWHM_CORR         1573.218376                   119.187039                    0.0                           
H_BETA_COMP_LUM               41.233146                     0.026804                      0.0                           
H_BETA_COMP_NPIX              31.000000                     1.181749                      0.0                           
H_BETA_COMP_SNR               4.042151                      0.421581                      0.0                           
H_BETA_COMP_VOFF              59.646769                     20.167218                     0.0                           
H_BETA_COMP_W80               1779.962821                   45.780179                     0.0                           
H_BETA_COMP_W80_CORR          1754.342150                   45.780179                     0.0                           
LOG_LIKE                      20201.719404                  195.808797                    0.0                           
L_CONT_AGN_3000               43.469936                     0.003346                      0.0                           
L_CONT_AGN_5100               43.694817                     0.001783                      0.0                           
L_CONT_HOST_3000              0.000000                      0.000000                      1.0                           
L_CONT_HOST_5100              43.255157                     0.054336                      0.0                           
L_CONT_TOT_3000               43.469936                     0.003346                      0.0                           
L_CONT_TOT_5100               43.694817                     0.001783                      0.0                           
NA_H_ALPHA_AMP                0.000049                      8.162264                      1.0                           
NA_H_ALPHA_DISP               69.745835                     31.118437                     0.0                           
NA_H_ALPHA_DISP_CORR          0.000000                      31.118437                     0.0                           
NA_H_ALPHA_DISP_RES           86.500862                     nan                           nan                           
NA_H_ALPHA_EW                 0.000094                      1.190607                      1.0                           
NA_H_ALPHA_FLUX               -20.644282                    0.000000                      1.0                           
NA_H_ALPHA_FWHM               166.094028                    116.439483                    0.0                           
NA_H_ALPHA_FWHM_CORR          0.000000                      116.439483                    0.0                           
NA_H_ALPHA_LUM                35.965506                     0.000000                      0.0                           
NA_H_ALPHA_NPIX               0.000000                      1.304453                      0.0                           
NA_H_ALPHA_SNR                0.000236                      1.295774                      0.0                           
NA_H_ALPHA_VOFF               -1.341229                     29.333027                     0.0                           
NA_H_ALPHA_W80                169.297711                    129.545616                    0.0                           
NA_H_ALPHA_W80_CORR           0.000000                      129.545616                    0.0                           
NA_H_BETA_AMP                 0.000016                      5.808959                      1.0                           
NA_H_BETA_DISP                51.790858                     8.172195                      0.0                           
NA_H_BETA_DISP_CORR           0.000000                      8.172195                      0.0                           
NA_H_BETA_DISP_RES            117.225310                    nan                           nan                           
NA_H_BETA_EW                  0.000015                      0.153190                      1.0                           
NA_H_BETA_FLUX                -21.446969                    0.000000                      1.0                           
NA_H_BETA_FWHM                99.508306                     59.836959                     0.0                           
NA_H_BETA_FWHM_CORR           0.000000                      59.836959                     0.0                           
NA_H_BETA_LUM                 35.162819                     0.000000                      0.0                           
NA_H_BETA_NPIX                0.000000                      0.374933                      0.0                           
NA_H_BETA_SNR                 0.000077                      0.542944                      0.0                           
NA_H_BETA_VOFF                0.195395                      4.783764                      0.0                           
NA_H_BETA_W80                 114.690647                    76.411374                     0.0                           
NA_H_BETA_W80_CORR            0.000000                      76.411374                     0.0                           
NA_OIII_a_AMP                 0.000000                      0.000000                      1.0                           
NA_OIII_a_DISP                69.560377                     0.000000                      0.0                           
NA_OIII_a_DISP_CORR           0.000000                      0.000000                      0.0                           
NA_OIII_a_DISP_RES            114.919317                    nan                           nan                           
NA_OIII_a_EW                  0.000000                      0.000000                      1.0                           
NA_OIII_a_FLUX                0.000000                      0.000000                      0.0                           
NA_OIII_a_FWHM                0.000000                      0.000000                      0.0                           
NA_OIII_a_FWHM_CORR           0.000000                      0.000000                      0.0                           
NA_OIII_a_LUM                 0.000000                      0.000000                      1.0                           
NA_OIII_a_NPIX                0.000000                      0.000000                      0.0                           
NA_OIII_a_SNR                 0.000000                      0.000000                      0.0                           
NA_OIII_a_VOFF                -0.279675                     1.233039                      0.0                           
NA_OIII_a_W80                 0.000000                      0.000000                      0.0                           
NA_OIII_a_W80_CORR            0.000000                      0.000000                      0.0                           
NA_OIII_b_AMP                 0.000163                      18.791055                     1.0                           
NA_OIII_b_DISP                53.011205                     19.343724                     0.0                           
NA_OIII_b_DISP_CORR           0.000000                      19.343724                     0.0                           
NA_OIII_b_DISP_RES            113.174985                    nan                           nan                           
NA_OIII_b_EW                  0.000203                      0.392349                      1.0                           
NA_OIII_b_FLUX                -20.312836                    0.000000                      1.0                           
NA_OIII_b_FWHM                148.303679                    81.443010                     0.0                           
NA_OIII_b_FWHM_CORR           0.000000                      81.443010                     0.0                           
NA_OIII_b_LUM                 36.296952                     0.000000                      0.0                           
NA_OIII_b_NPIX                0.000000                      0.737075                      0.0                           
NA_OIII_b_SNR                 0.000698                      1.353948                      0.0                           
NA_OIII_b_VOFF                0.850645                      24.947672                     0.0                           
NA_OIII_b_W80                 137.141825                    82.786488                     0.0                           
NA_OIII_b_W80_CORR            0.000000                      82.786488                     0.0                           
NA_OII_AMP                    0.000284                      8.388425                      1.0                           
NA_OII_DISP                   48.576483                     16.483479                     0.0                           
NA_OII_DISP_CORR              0.000000                      16.483479                     0.0                           
NA_OII_DISP_RES               149.753475                    nan                           nan                           
NA_OII_EW                     0.000245                      0.200898                      1.0                           
NA_OII_FLUX                   -20.235711                    0.000000                      1.0                           
NA_OII_FWHM                   108.373058                    66.825263                     0.0                           
NA_OII_FWHM_CORR              0.000000                      66.825263                     0.0                           
NA_OII_LUM                    36.374078                     0.000000                      0.0                           
NA_OII_NPIX                   0.000000                      0.439006                      0.0                           
NA_OII_SNR                    0.001375                      0.939404                      0.0                           
NA_OII_VOFF                   -0.068677                     9.496647                      0.0                           
NA_OII_W80                    147.958424                    81.168727                     0.0                           
NA_OII_W80_CORR               0.000000                      81.168727                     0.0                           
NA_OPT_FEII_AMP               0.238607                      0.152935                      0.0                           
NA_OPT_FEII_DISP              10.829594                     61.926258                     1.0                           
NA_OPT_FEII_TEMPLATE_EW       6.457947                      4.159918                      0.0                           
NA_OPT_FEII_TEMPLATE_FLUX     -15.807800                    0.000000                      1.0                           
NA_OPT_FEII_TEMPLATE_LUM      40.801989                     0.000000                      1.0                           
NA_OPT_FEII_VOFF              11.987452                     58.540982                     0.0                           
OIII_a_COMP_DISP              499.993636                    0.002703                      0.0                           
OIII_a_COMP_DISP_CORR         486.607837                    0.002703                      0.0                           
OIII_a_COMP_DISP_RES          114.919317                    nan                           nan                           
OIII_a_COMP_EW                11.252223                     0.901605                      0.0                           
OIII_a_COMP_FLUX              -15.566485                    0.035374                      0.0                           
OIII_a_COMP_FWHM              1177.892795                   0.509297                      0.0                           
OIII_a_COMP_FWHM_CORR         1146.385876                   0.509297                      0.0                           
OIII_a_COMP_LUM               41.043304                     0.035374                      0.0                           
OIII_a_COMP_NPIX              23.000000                     0.746984                      0.0                           
OIII_a_COMP_SNR               3.562328                      0.294556                      0.0                           
OIII_a_COMP_VOFF              31.436657                     18.870205                     0.0                           
OIII_a_COMP_W80               1313.209236                   0.383864                      0.0                           
OIII_a_COMP_W80_CORR          1279.646336                   0.383864                      0.0                           
OIII_b_COMP_DISP              797.726208                    12.726169                     0.0                           
OIII_b_COMP_DISP_CORR         789.657221                    12.726169                     0.0                           
OIII_b_COMP_DISP_RES          113.174985                    nan                           nan                           
OIII_b_COMP_EW                44.488899                     1.394932                      0.0                           
OIII_b_COMP_FLUX              -14.971704                    0.013201                      0.0                           
OIII_b_COMP_FWHM              1879.018250                   140.057182                    0.0                           
OIII_b_COMP_FWHM_CORR         1860.022838                   140.057182                    0.0                           
OIII_b_COMP_LUM               41.638084                     0.013201                      0.0                           
OIII_b_COMP_NPIX              46.000000                     0.772023                      0.0                           
OIII_b_COMP_SNR               7.129274                      0.701265                      0.0                           
OIII_b_COMP_VOFF              203.672614                    11.366011                     0.0                           
OIII_b_COMP_W80               2093.330211                   33.328937                     0.0                           
OIII_b_COMP_W80_CORR          2073.072453                   33.328937                     0.0                           
OII_COMP_DISP                 669.626851                    17.865324                     0.0                           
OII_COMP_DISP_CORR            652.666850                    17.865324                     0.0                           
OII_COMP_DISP_RES             149.753475                    nan                           nan                           
OII_COMP_EW                   16.532199                     0.864500                      0.0                           
OII_COMP_FLUX                 -15.407212                    0.022667                      0.0                           
OII_COMP_FWHM                 1578.341619                   165.904486                    0.0                           
OII_COMP_FWHM_CORR            1538.443259                   165.904486                    0.0                           
OII_COMP_LUM                  41.202577                     0.022667                      0.0                           
OII_COMP_NPIX                 34.000000                     1.284613                      0.0                           
OII_COMP_SNR                  4.716046                      0.664787                      0.0                           
OII_COMP_VOFF                 -36.004338                    19.458476                     0.0                           
OII_COMP_W80                  1756.908669                   46.852551                     0.0                           
OII_COMP_W80_CORR             1714.337047                   46.852551                     0.0                           
POWER_AMP                     1.448253                      0.088828                      0.0                           
POWER_SLOPE                   -2.630767                     0.228129                      0.0                           
RCHI_SQUARED                  0.731930                      0.001925                      0.0                           
R_SQUARED                     0.995662                      0.000044                      0.0                           
NOISE_STD                     0.202168                                                                                  
RESID_STD                     0.162759                                                                                  
--------------------------------------------------------------------------------------

 Initializing parameters for MCMC.
----------------------------------------------------------------------------------------------------
	- Fitting additive legendre polynomial component.
	- Fitting Simple AGN power-law continuum.
	- Fitting broad and narrow optical FeII using Veron-Cetty et al. (2004) optical FeII templates
	 		* varying optical FeII amplitudes
	 		* varying optical FeII dispersion.
	 		* varying optical FeII voff

 Warning! Peak finding algorithm used for initial guesses of amplitude and velocity failed! Defaulting to user-defined locations...

 Warning! Peak finding algorithm used for initial guesses of amplitude and velocity failed! Defaulting to user-defined locations...

----------------------------------------------------------------------------------------------------------------------------------------

----------------------------------------------------------------------------------------------------------------------------------------

 Line List:

----------------------------------------------------------------------------------------------------------------------------------------
BR_H_ALPHA                                                                                
                              amp                           free                          
                              center                        6551                          
                              center_pix                    3205.02770190565              
                              disp                          free                          
                              disp_res_ang                  1.8901981521709155            
                              disp_res_kms                  86.50086248609018             
                              line_profile                  gaussian                      
                              line_type                     br                            
                              ncomp                         1                             
                              voff                          free                          
BR_H_BETA                                                                                 
                              amp                           free                          
                              center                        4834                          
                              center_pix                    1975.0580474316384            
                              disp                          free                          
                              disp_res_ang                  1.8901981521709155            
                              disp_res_kms                  117.22531033230798            
                              line_profile                  gaussian                      
                              line_type                     br                            
                              ncomp                         1                             
                              voff                          free                          
BR_OII                                                                                    
                              amp                           free                          
                              center                        3784                          
                              center_pix                    984.0496014413933             
                              disp                          free                          
                              disp_res_ang                  1.8901981521709155            
                              disp_res_kms                  149.75347519724545            
                              line_profile                  gaussian                      
                              line_type                     br                            
                              ncomp                         1                             
                              voff                          free                          
BR_OIII_a                                                                                 
                              amp                           free                          
                              center                        4931                          
                              center_pix                    2055.456053350012             
                              disp                          free                          
                              disp_res_ang                  1.8901981521709155            
                              disp_res_kms                  114.91931659833234            
                              line_profile                  gaussian                      
                              line_type                     br                            
                              ncomp                         1                             
                              voff                          free                          
BR_OIII_b                                                                                 
                              amp                           free                          
                              center                        5007                          
                              center_pix                    2117.3509323990406            
                              disp                          free                          
                              disp_res_ang                  1.8901981521709155            
                              disp_res_kms                  113.17498505020507            
                              line_profile                  gaussian                      
                              line_type                     br                            
                              ncomp                         1                             
                              voff                          free                          
NA_H_ALPHA                                                                                
                              amp                           free                          
                              center                        6551                          
                              center_pix                    3205.02770190565              
                              disp                          free                          
                              disp_res_ang                  1.8901981521709155            
                              disp_res_kms                  86.50086248609018             
                              label                         [H$\alpha$]                   
                              line_profile                  gaussian                      
                              line_type                     na                            
                              ncomp                         1                             
                              voff                          free                          
NA_H_BETA                                                                                 
                              amp                           free                          
                              center                        4834                          
                              center_pix                    1975.0580474316384            
                              disp                          free                          
                              disp_res_ang                  1.8901981521709155            
                              disp_res_kms                  117.22531033230798            
                              label                         H$\beta$                      
                              line_profile                  gaussian                      
                              line_type                     na                            
                              ncomp                         1                             
                              voff                          free                          
NA_OII                                                                                    
                              amp                           free                          
                              center                        3784                          
                              center_pix                    984.0496014413933             
                              disp                          free                          
                              disp_res_ang                  1.8901981521709155            
                              disp_res_kms                  149.75347519724545            
                              label                         [OII]                         
                              line_profile                  gaussian                      
                              line_type                     na                            
                              ncomp                         1                             
                              voff                          free                          
NA_OIII_a                                                                                 
                              amp                           free                          
                              center                        4931                          
                              center_pix                    2055.456053350012             
                              disp                          free                          
                              disp_res_ang                  1.8901981521709155            
                              disp_res_kms                  114.91931659833234            
                              label                         [OIIIa]                       
                              line_profile                  gaussian                      
                              line_type                     na                            
                              ncomp                         1                             
                              voff                          free                          
NA_OIII_b                                                                                 
                              amp                           free                          
                              center                        5007                          
                              center_pix                    2117.3509323990406            
                              disp                          free                          
                              disp_res_ang                  1.8901981521709155            
                              disp_res_kms                  113.17498505020507            
                              label                         [OIIIb]                       
                              line_profile                  gaussian                      
                              line_type                     na                            
                              ncomp                         1                             
                              voff                          free                          

----------------------------------------------------------------------------------------------------------------------------------------

 Number of Free Line Parameters: 30

----------------------------------------------------------------------------------------------------------------------------------------

 All Free Parameters:

----------------------------------------------------------------------------------------------------------------------------------------
APOLY_COEFF_1                                                                             
                              init                          0.0                           
                              plim                          (-100.0, 100.0)               
APOLY_COEFF_2                                                                             
                              init                          0.0                           
                              plim                          (-100.0, 100.0)               
APOLY_COEFF_3                                                                             
                              init                          0.0                           
                              plim                          (-100.0, 100.0)               
APOLY_COEFF_4                                                                             
                              init                          0.0                           
                              plim                          (-100.0, 100.0)               
APOLY_COEFF_5                                                                             
                              init                          0.0                           
                              plim                          (-100.0, 100.0)               
APOLY_COEFF_6                                                                             
                              init                          0.0                           
                              plim                          (-100.0, 100.0)               
APOLY_COEFF_7                                                                             
                              init                          0.0                           
                              plim                          (-100.0, 100.0)               
BR_H_ALPHA_AMP                                                                            
                              init                          0.9446666214292693            
                              plim                          (0, 1000)                     
BR_H_ALPHA_DISP                                                                           
                              init                          500.0                         
                              plim                          (500, 4000)                   
BR_H_ALPHA_VOFF                                                                           
                              init                          0.0                           
                              plim                          (-1000, 1000)                 
                              prior                         {'type': 'gaussian'}          
BR_H_BETA_AMP                                                                             
                              init                          0.5394121181515557            
                              plim                          (0, 1000)                     
BR_H_BETA_DISP                                                                            
                              init                          500.0                         
                              plim                          (500, 4000)                   
BR_H_BETA_VOFF                                                                            
                              init                          0.0                           
                              plim                          (-1000, 1000)                 
                              prior                         {'type': 'gaussian'}          
BR_OIII_a_AMP                                                                             
                              init                          0.5284858076131044            
                              plim                          (0, 1000)                     
BR_OIII_a_DISP                                                                            
                              init                          500.0                         
                              plim                          (500, 4000)                   
BR_OIII_a_VOFF                                                                            
                              init                          0.0                           
                              plim                          (-1000, 1000)                 
                              prior                         {'type': 'gaussian'}          
BR_OIII_b_AMP                                                                             
                              init                          0.7325885675393806            
                              plim                          (0, 1000)                     
BR_OIII_b_DISP                                                                            
                              init                          500.0                         
                              plim                          (500, 4000)                   
BR_OIII_b_VOFF                                                                            
                              init                          0.0                           
                              plim                          (-1000, 1000)                 
                              prior                         {'type': 'gaussian'}          
BR_OII_AMP                                                                                
                              init                          0.5781848041993861            
                              plim                          (0, 1000)                     
BR_OII_DISP                                                                               
                              init                          500.0                         
                              plim                          (500, 4000)                   
BR_OII_VOFF                                                                               
                              init                          0.0                           
                              plim                          (-1000, 1000)                 
                              prior                         {'type': 'gaussian'}          
BR_OPT_FEII_AMP                                                                           
                              init                          0.03809078645859439           
                              plim                          (0, 1.4999988997861693)       
BR_OPT_FEII_DISP                                                                          
                              init                          500.0                         
                              plim                          (500.0, 5000.0)               
BR_OPT_FEII_VOFF                                                                          
                              init                          0.0                           
                              plim                          (-500.0, 500.0)               
NA_H_ALPHA_AMP                                                                            
                              init                          0.9446666214292693            
                              plim                          (0, 1000)                     
NA_H_ALPHA_DISP                                                                           
                              init                          50.0                          
                              plim                          (0, 500)                      
NA_H_ALPHA_VOFF                                                                           
                              init                          0.0                           
                              plim                          (-500, 500)                   
                              prior                         {'type': 'gaussian'}          
NA_H_BETA_AMP                                                                             
                              init                          0.5394121181515557            
                              plim                          (0, 1000)                     
NA_H_BETA_DISP                                                                            
                              init                          50.0                          
                              plim                          (0, 500)                      
NA_H_BETA_VOFF                                                                            
                              init                          0.0                           
                              plim                          (-500, 500)                   
                              prior                         {'type': 'gaussian'}          
NA_OIII_a_AMP                                                                             
                              init                          0.5284858076131044            
                              plim                          (0, 1000)                     
NA_OIII_a_DISP                                                                            
                              init                          50.0                          
                              plim                          (0, 500)                      
NA_OIII_a_VOFF                                                                            
                              init                          0.0                           
                              plim                          (-500, 500)                   
                              prior                         {'type': 'gaussian'}          
NA_OIII_b_AMP                                                                             
                              init                          0.7325885675393806            
                              plim                          (0, 1000)                     
NA_OIII_b_DISP                                                                            
                              init                          50.0                          
                              plim                          (0, 500)                      
NA_OIII_b_VOFF                                                                            
                              init                          0.0                           
                              plim                          (-500, 500)                   
                              prior                         {'type': 'gaussian'}          
NA_OII_AMP                                                                                
                              init                          0.5781848041993861            
                              plim                          (0, 1000)                     
NA_OII_DISP                                                                               
                              init                          50.0                          
                              plim                          (0, 500)                      
NA_OII_VOFF                                                                               
                              init                          0.0                           
                              plim                          (-500, 500)                   
                              prior                         {'type': 'gaussian'}          
NA_OPT_FEII_AMP                                                                           
                              init                          0.03809078645859439           
                              plim                          (0, 1.4999988997861693)       
NA_OPT_FEII_DISP                                                                          
                              init                          10.0                          
                              plim                          (0.1, 500.0)                  
NA_OPT_FEII_VOFF                                                                          
                              init                          0.0                           
                              plim                          (-500.0, 500.0)               
POWER_AMP                                                                                 
                              init                          0.19045393229297194           
                              plim                          (0, 1.4999988997861693)       
POWER_SLOPE                                                                               
                              init                          -1.0                          
                              plim                          (-6.0, 6.0)                   

----------------------------------------------------------------------------------------------------------------------------------------

 Total number of free parameters: 45

----------------------------------------------------------------------------------------------------------------------------------------

 Soft Constraints:

                 NA_OIII_b_AMP > NA_OIII_a_AMP

----------------------------------------------------------------------------------------------------------------------------------------

----------------------------------------------------------------------------------------------------------------------------------------

 Performing MCMC iterations...
----------------------------------------------------------------------------------------------------
MCMC iteration: 100
MCMC iteration: 200
MCMC iteration: 300
MCMC iteration: 400
MCMC iteration: 500
MCMC iteration: 600
MCMC iteration: 700
MCMC iteration: 800
MCMC iteration: 900
MCMC iteration: 1000

Iteration = 1000             
------------------------------------------------
Parameter                     Current Value       
------------------------------------------------
APOLY_COEFF_1                 0.4075              
APOLY_COEFF_2                 -0.1631             
APOLY_COEFF_3                 0.0345              
APOLY_COEFF_4                 -0.0029             
APOLY_COEFF_5                 -0.0173             
APOLY_COEFF_6                 -0.0163             
APOLY_COEFF_7                 0.0001              
BR_H_ALPHA_AMP                0.5859              
BR_H_ALPHA_DISP               580.9728            
BR_H_ALPHA_VOFF               31.8210             
BR_H_BETA_AMP                 0.1743              
BR_H_BETA_DISP                678.1057            
BR_H_BETA_VOFF                59.6513             
BR_OIII_a_AMP                 0.1500              
BR_OIII_a_DISP                500.0271            
BR_OIII_a_VOFF                31.4276             
BR_OIII_b_AMP                 0.3665              
BR_OIII_b_DISP                797.7476            
BR_OIII_b_VOFF                203.6583            
BR_OII_AMP                    0.2117              
BR_OII_DISP                   669.6432            
BR_OII_VOFF                   -36.0037            
BR_OPT_FEII_AMP               0.0866              
BR_OPT_FEII_DISP              506.0557            
BR_OPT_FEII_VOFF              20.2619             
NA_H_ALPHA_AMP                0.0264              
NA_H_ALPHA_DISP               69.7599             
NA_H_ALPHA_VOFF               -1.3463             
NA_H_BETA_AMP                 0.0203              
NA_H_BETA_DISP                51.7863             
NA_H_BETA_VOFF                0.1919              
NA_OIII_a_AMP                 0.0141              
NA_OIII_a_DISP                69.5530             
NA_OIII_a_VOFF                -0.2798             
NA_OIII_b_AMP                 0.0366              
NA_OIII_b_DISP                52.9922             
NA_OIII_b_VOFF                0.8375              
NA_OII_AMP                    0.0251              
NA_OII_DISP                   48.5719             
NA_OII_VOFF                   -0.0695             
NA_OPT_FEII_AMP               0.0407              
NA_OPT_FEII_DISP              10.8157             
NA_OPT_FEII_VOFF              11.9792             
POWER_AMP                     0.2271              
POWER_SLOPE                   -2.6213             
------------------------------------------------
MCMC iteration: 1100

Iteration = 1100             
------------------------------------------------
Parameter                     Current Value       
------------------------------------------------
APOLY_COEFF_1                 0.4065              
APOLY_COEFF_2                 -0.1622             
APOLY_COEFF_3                 0.0341              
APOLY_COEFF_4                 -0.0030             
APOLY_COEFF_5                 -0.0173             
APOLY_COEFF_6                 -0.0162             
APOLY_COEFF_7                 0.0001              
BR_H_ALPHA_AMP                0.5854              
BR_H_ALPHA_DISP               580.9750            
BR_H_ALPHA_VOFF               31.8215             
BR_H_BETA_AMP                 0.1738              
BR_H_BETA_DISP                678.1123            
BR_H_BETA_VOFF                59.6494             
BR_OIII_a_AMP                 0.1497              
BR_OIII_a_DISP                500.0313            
BR_OIII_a_VOFF                31.4284             
BR_OIII_b_AMP                 0.3659              
BR_OIII_b_DISP                797.7498            
BR_OIII_b_VOFF                203.6565            
BR_OII_AMP                    0.2113              
BR_OII_DISP                   669.6425            
BR_OII_VOFF                   -36.0022            
BR_OPT_FEII_AMP               0.0861              
BR_OPT_FEII_DISP              506.0588            
BR_OPT_FEII_VOFF              20.2627             
NA_H_ALPHA_AMP                0.0293              
NA_H_ALPHA_DISP               69.7636             
NA_H_ALPHA_VOFF               -1.3460             
NA_H_BETA_AMP                 0.0219              
NA_H_BETA_DISP                51.7859             
NA_H_BETA_VOFF                0.1929              
NA_OIII_a_AMP                 0.0157              
NA_OIII_a_DISP                69.5503             
NA_OIII_a_VOFF                -0.2811             
NA_OIII_b_AMP                 0.0405              
NA_OIII_b_DISP                52.9877             
NA_OIII_b_VOFF                0.8384              
NA_OII_AMP                    0.0273              
NA_OII_DISP                   48.5680             
NA_OII_VOFF                   -0.0717             
NA_OPT_FEII_AMP               0.0400              
NA_OPT_FEII_DISP              10.8155             
NA_OPT_FEII_VOFF              11.9840             
POWER_AMP                     0.2274              
POWER_SLOPE                   -2.6149             
------------------------------------------------
MCMC iteration: 1200

Iteration = 1200             
------------------------------------------------
Parameter                     Current Value       
------------------------------------------------
APOLY_COEFF_1                 0.4054              
APOLY_COEFF_2                 -0.1613             
APOLY_COEFF_3                 0.0338              
APOLY_COEFF_4                 -0.0028             
APOLY_COEFF_5                 -0.0174             
APOLY_COEFF_6                 -0.0161             
APOLY_COEFF_7                 -0.0001             
BR_H_ALPHA_AMP                0.5849              
BR_H_ALPHA_DISP               580.9698            
BR_H_ALPHA_VOFF               31.8212             
BR_H_BETA_AMP                 0.1739              
BR_H_BETA_DISP                678.1194            
BR_H_BETA_VOFF                59.6529             
BR_OIII_a_AMP                 0.1492              
BR_OIII_a_DISP                500.0364            
BR_OIII_a_VOFF                31.4343             
BR_OIII_b_AMP                 0.3661              
BR_OIII_b_DISP                797.7488            
BR_OIII_b_VOFF                203.6490            
BR_OII_AMP                    0.2105              
BR_OII_DISP                   669.6349            
BR_OII_VOFF                   -35.9948            
BR_OPT_FEII_AMP               0.0864              
BR_OPT_FEII_DISP              506.0548            
BR_OPT_FEII_VOFF              20.2666             
NA_H_ALPHA_AMP                0.0314              
NA_H_ALPHA_DISP               69.7648             
NA_H_ALPHA_VOFF               -1.3473             
NA_H_BETA_AMP                 0.0232              
NA_H_BETA_DISP                51.7752             
NA_H_BETA_VOFF                0.1930              
NA_OIII_a_AMP                 0.0165              
NA_OIII_a_DISP                69.5437             
NA_OIII_a_VOFF                -0.2825             
NA_OIII_b_AMP                 0.0446              
NA_OIII_b_DISP                52.9862             
NA_OIII_b_VOFF                0.8381              
NA_OII_AMP                    0.0284              
NA_OII_DISP                   48.5681             
NA_OII_VOFF                   -0.0805             
NA_OPT_FEII_AMP               0.0397              
NA_OPT_FEII_DISP              10.8218             
NA_OPT_FEII_VOFF              11.9770             
POWER_AMP                     0.2279              
POWER_SLOPE                   -2.6070             
------------------------------------------------
MCMC iteration: 1300

Iteration = 1300             
------------------------------------------------
Parameter                     Current Value       
------------------------------------------------
APOLY_COEFF_1                 0.4054              
APOLY_COEFF_2                 -0.1611             
APOLY_COEFF_3                 0.0337              
APOLY_COEFF_4                 -0.0027             
APOLY_COEFF_5                 -0.0174             
APOLY_COEFF_6                 -0.0161             
APOLY_COEFF_7                 -0.0000             
BR_H_ALPHA_AMP                0.5846              
BR_H_ALPHA_DISP               580.9633            
BR_H_ALPHA_VOFF               31.8117             
BR_H_BETA_AMP                 0.1740              
BR_H_BETA_DISP                678.1282            
BR_H_BETA_VOFF                59.6508             
BR_OIII_a_AMP                 0.1490              
BR_OIII_a_DISP                500.0405            
BR_OIII_a_VOFF                31.4322             
BR_OIII_b_AMP                 0.3658              
BR_OIII_b_DISP                797.7442            
BR_OIII_b_VOFF                203.6398            
BR_OII_AMP                    0.2104              
BR_OII_DISP                   669.6338            
BR_OII_VOFF                   -36.0003            
BR_OPT_FEII_AMP               0.0855              
BR_OPT_FEII_DISP              506.0591            
BR_OPT_FEII_VOFF              20.2751             
NA_H_ALPHA_AMP                0.0339              
NA_H_ALPHA_DISP               69.7741             
NA_H_ALPHA_VOFF               -1.3472             
NA_H_BETA_AMP                 0.0246              
NA_H_BETA_DISP                51.7725             
NA_H_BETA_VOFF                0.1973              
NA_OIII_a_AMP                 0.0170              
NA_OIII_a_DISP                69.5465             
NA_OIII_a_VOFF                -0.2712             
NA_OIII_b_AMP                 0.0481              
NA_OIII_b_DISP                52.9781             
NA_OIII_b_VOFF                0.8340              
NA_OII_AMP                    0.0298              
NA_OII_DISP                   48.5662             
NA_OII_VOFF                   -0.0749             
NA_OPT_FEII_AMP               0.0395              
NA_OPT_FEII_DISP              10.8289             
NA_OPT_FEII_VOFF              11.9765             
POWER_AMP                     0.2280              
POWER_SLOPE                   -2.6050             
------------------------------------------------
MCMC iteration: 1400

Iteration = 1400             
------------------------------------------------
Parameter                     Current Value       
------------------------------------------------
APOLY_COEFF_1                 0.4052              
APOLY_COEFF_2                 -0.1608             
APOLY_COEFF_3                 0.0335              
APOLY_COEFF_4                 -0.0027             
APOLY_COEFF_5                 -0.0174             
APOLY_COEFF_6                 -0.0162             
APOLY_COEFF_7                 -0.0001             
BR_H_ALPHA_AMP                0.5838              
BR_H_ALPHA_DISP               580.9729            
BR_H_ALPHA_VOFF               31.8081             
BR_H_BETA_AMP                 0.1739              
BR_H_BETA_DISP                678.1324            
BR_H_BETA_VOFF                59.6619             
BR_OIII_a_AMP                 0.1490              
BR_OIII_a_DISP                500.0469            
BR_OIII_a_VOFF                31.4349             
BR_OIII_b_AMP                 0.3656              
BR_OIII_b_DISP                797.7408            
BR_OIII_b_VOFF                203.6286            
BR_OII_AMP                    0.2100              
BR_OII_DISP                   669.6294            
BR_OII_VOFF                   -36.0098            
BR_OPT_FEII_AMP               0.0868              
BR_OPT_FEII_DISP              506.0637            
BR_OPT_FEII_VOFF              20.2878             
NA_H_ALPHA_AMP                0.0349              
NA_H_ALPHA_DISP               69.7810             
NA_H_ALPHA_VOFF               -1.3481             
NA_H_BETA_AMP                 0.0249              
NA_H_BETA_DISP                51.7678             
NA_H_BETA_VOFF                0.1998              
NA_OIII_a_AMP                 0.0172              
NA_OIII_a_DISP                69.5439             
NA_OIII_a_VOFF                -0.2620             
NA_OIII_b_AMP                 0.0508              
NA_OIII_b_DISP                52.9800             
NA_OIII_b_VOFF                0.8332              
NA_OII_AMP                    0.0303              
NA_OII_DISP                   48.5522             
NA_OII_VOFF                   -0.0748             
NA_OPT_FEII_AMP               0.0387              
NA_OPT_FEII_DISP              10.8311             
NA_OPT_FEII_VOFF              11.9819             
POWER_AMP                     0.2282              
POWER_SLOPE                   -2.6021             
------------------------------------------------
MCMC iteration: 1500

Iteration = 1500             
------------------------------------------------
Parameter                     Current Value       
------------------------------------------------
APOLY_COEFF_1                 0.4036              
APOLY_COEFF_2                 -0.1596             
APOLY_COEFF_3                 0.0333              
APOLY_COEFF_4                 -0.0027             
APOLY_COEFF_5                 -0.0174             
APOLY_COEFF_6                 -0.0161             
APOLY_COEFF_7                 -0.0001             
BR_H_ALPHA_AMP                0.5836              
BR_H_ALPHA_DISP               580.9737            
BR_H_ALPHA_VOFF               31.8282             
BR_H_BETA_AMP                 0.1744              
BR_H_BETA_DISP                678.1466            
BR_H_BETA_VOFF                59.6657             
BR_OIII_a_AMP                 0.1492              
BR_OIII_a_DISP                500.0532            
BR_OIII_a_VOFF                31.4305             
BR_OIII_b_AMP                 0.3646              
BR_OIII_b_DISP                797.7158            
BR_OIII_b_VOFF                203.6331            
BR_OII_AMP                    0.2099              
BR_OII_DISP                   669.6286            
BR_OII_VOFF                   -35.9932            
BR_OPT_FEII_AMP               0.0852              
BR_OPT_FEII_DISP              506.0614            
BR_OPT_FEII_VOFF              20.3031             
NA_H_ALPHA_AMP                0.0350              
NA_H_ALPHA_DISP               69.7865             
NA_H_ALPHA_VOFF               -1.3602             
NA_H_BETA_AMP                 0.0245              
NA_H_BETA_DISP                51.7480             
NA_H_BETA_VOFF                0.2000              
NA_OIII_a_AMP                 0.0184              
NA_OIII_a_DISP                69.5613             
NA_OIII_a_VOFF                -0.2578             
NA_OIII_b_AMP                 0.0546              
NA_OIII_b_DISP                52.9892             
NA_OIII_b_VOFF                0.8181              
NA_OII_AMP                    0.0314              
NA_OII_DISP                   48.5628             
NA_OII_VOFF                   -0.0757             
NA_OPT_FEII_AMP               0.0380              
NA_OPT_FEII_DISP              10.8385             
NA_OPT_FEII_VOFF              11.9848             
POWER_AMP                     0.2287              
POWER_SLOPE                   -2.5906             
------------------------------------------------
MCMC iteration: 1600

Iteration = 1600             
------------------------------------------------
Parameter                     Current Value       
------------------------------------------------
APOLY_COEFF_1                 0.4017              
APOLY_COEFF_2                 -0.1586             
APOLY_COEFF_3                 0.0328              
APOLY_COEFF_4                 -0.0026             
APOLY_COEFF_5                 -0.0174             
APOLY_COEFF_6                 -0.0161             
APOLY_COEFF_7                 -0.0001             
BR_H_ALPHA_AMP                0.5828              
BR_H_ALPHA_DISP               580.9852            
BR_H_ALPHA_VOFF               31.8369             
BR_H_BETA_AMP                 0.1748              
BR_H_BETA_DISP                678.1650            
BR_H_BETA_VOFF                59.6452             
BR_OIII_a_AMP                 0.1490              
BR_OIII_a_DISP                500.0602            
BR_OIII_a_VOFF                31.4218             
BR_OIII_b_AMP                 0.3642              
BR_OIII_b_DISP                797.7213            
BR_OIII_b_VOFF                203.6155            
BR_OII_AMP                    0.2104              
BR_OII_DISP                   669.6154            
BR_OII_VOFF                   -35.9687            
BR_OPT_FEII_AMP               0.0854              
BR_OPT_FEII_DISP              506.0628            
BR_OPT_FEII_VOFF              20.3028             
NA_H_ALPHA_AMP                0.0361              
NA_H_ALPHA_DISP               69.7771             
NA_H_ALPHA_VOFF               -1.3492             
NA_H_BETA_AMP                 0.0251              
NA_H_BETA_DISP                51.7443             
NA_H_BETA_VOFF                0.1884              
NA_OIII_a_AMP                 0.0195              
NA_OIII_a_DISP                69.5616             
NA_OIII_a_VOFF                -0.2544             
NA_OIII_b_AMP                 0.0572              
NA_OIII_b_DISP                52.9777             
NA_OIII_b_VOFF                0.8151              
NA_OII_AMP                    0.0331              
NA_OII_DISP                   48.5475             
NA_OII_VOFF                   -0.0601             
NA_OPT_FEII_AMP               0.0383              
NA_OPT_FEII_DISP              10.8316             
NA_OPT_FEII_VOFF              11.9822             
POWER_AMP                     0.2296              
POWER_SLOPE                   -2.5787             
------------------------------------------------
MCMC iteration: 1700

Iteration = 1700             
------------------------------------------------
Parameter                     Current Value       
------------------------------------------------
APOLY_COEFF_1                 0.4022              
APOLY_COEFF_2                 -0.1585             
APOLY_COEFF_3                 0.0329              
APOLY_COEFF_4                 -0.0025             
APOLY_COEFF_5                 -0.0174             
APOLY_COEFF_6                 -0.0162             
APOLY_COEFF_7                 -0.0000             
BR_H_ALPHA_AMP                0.5820              
BR_H_ALPHA_DISP               580.9919            
BR_H_ALPHA_VOFF               31.8501             
BR_H_BETA_AMP                 0.1746              
BR_H_BETA_DISP                678.1573            
BR_H_BETA_VOFF                59.6487             
BR_OIII_a_AMP                 0.1483              
BR_OIII_a_DISP                500.0666            
BR_OIII_a_VOFF                31.3925             
BR_OIII_b_AMP                 0.3642              
BR_OIII_b_DISP                797.7236            
BR_OIII_b_VOFF                203.6261            
BR_OII_AMP                    0.2098              
BR_OII_DISP                   669.6155            
BR_OII_VOFF                   -35.9619            
BR_OPT_FEII_AMP               0.0866              
BR_OPT_FEII_DISP              506.0668            
BR_OPT_FEII_VOFF              20.3241             
NA_H_ALPHA_AMP                0.0361              
NA_H_ALPHA_DISP               69.7628             
NA_H_ALPHA_VOFF               -1.3565             
NA_H_BETA_AMP                 0.0260              
NA_H_BETA_DISP                51.7311             
NA_H_BETA_VOFF                0.1852              
NA_OIII_a_AMP                 0.0199              
NA_OIII_a_DISP                69.5641             
NA_OIII_a_VOFF                -0.2543             
NA_OIII_b_AMP                 0.0605              
NA_OIII_b_DISP                52.9861             
NA_OIII_b_VOFF                0.8176              
NA_OII_AMP                    0.0349              
NA_OII_DISP                   48.5380             
NA_OII_VOFF                   -0.0754             
NA_OPT_FEII_AMP               0.0389              
NA_OPT_FEII_DISP              10.8453             
NA_OPT_FEII_VOFF              11.9994             
POWER_AMP                     0.2294              
POWER_SLOPE                   -2.5807             
------------------------------------------------
MCMC iteration: 1800

Iteration = 1800             
------------------------------------------------
Parameter                     Current Value       
------------------------------------------------
APOLY_COEFF_1                 0.4025              
APOLY_COEFF_2                 -0.1590             
APOLY_COEFF_3                 0.0329              
APOLY_COEFF_4                 -0.0026             
APOLY_COEFF_5                 -0.0175             
APOLY_COEFF_6                 -0.0162             
APOLY_COEFF_7                 0.0000              
BR_H_ALPHA_AMP                0.5818              
BR_H_ALPHA_DISP               580.9903            
BR_H_ALPHA_VOFF               31.8394             
BR_H_BETA_AMP                 0.1748              
BR_H_BETA_DISP                678.1677            
BR_H_BETA_VOFF                59.6428             
BR_OIII_a_AMP                 0.1475              
BR_OIII_a_DISP                500.0747            
BR_OIII_a_VOFF                31.3815             
BR_OIII_b_AMP                 0.3650              
BR_OIII_b_DISP                797.7347            
BR_OIII_b_VOFF                203.6293            
BR_OII_AMP                    0.2101              
BR_OII_DISP                   669.6408            
BR_OII_VOFF                   -35.9772            
BR_OPT_FEII_AMP               0.0881              
BR_OPT_FEII_DISP              506.0573            
BR_OPT_FEII_VOFF              20.3202             
NA_H_ALPHA_AMP                0.0380              
NA_H_ALPHA_DISP               69.7740             
NA_H_ALPHA_VOFF               -1.3717             
NA_H_BETA_AMP                 0.0260              
NA_H_BETA_DISP                51.7315             
NA_H_BETA_VOFF                0.1655              
NA_OIII_a_AMP                 0.0206              
NA_OIII_a_DISP                69.5563             
NA_OIII_a_VOFF                -0.2837             
NA_OIII_b_AMP                 0.0624              
NA_OIII_b_DISP                52.9850             
NA_OIII_b_VOFF                0.8279              
NA_OII_AMP                    0.0351              
NA_OII_DISP                   48.5436             
NA_OII_VOFF                   -0.0910             
NA_OPT_FEII_AMP               0.0389              
NA_OPT_FEII_DISP              10.8774             
NA_OPT_FEII_VOFF              12.0063             
POWER_AMP                     0.2292              
POWER_SLOPE                   -2.5830             
------------------------------------------------
MCMC iteration: 1900

Iteration = 1900             
------------------------------------------------
Parameter                     Current Value       
------------------------------------------------
APOLY_COEFF_1                 0.4025              
APOLY_COEFF_2                 -0.1589             
APOLY_COEFF_3                 0.0327              
APOLY_COEFF_4                 -0.0025             
APOLY_COEFF_5                 -0.0176             
APOLY_COEFF_6                 -0.0163             
APOLY_COEFF_7                 0.0001              
BR_H_ALPHA_AMP                0.5820              
BR_H_ALPHA_DISP               580.9841            
BR_H_ALPHA_VOFF               31.8525             
BR_H_BETA_AMP                 0.1750              
BR_H_BETA_DISP                678.1825            
BR_H_BETA_VOFF                59.6300             
BR_OIII_a_AMP                 0.1478              
BR_OIII_a_DISP                500.0795            
BR_OIII_a_VOFF                31.3867             
BR_OIII_b_AMP                 0.3649              
BR_OIII_b_DISP                797.7263            
BR_OIII_b_VOFF                203.6135            
BR_OII_AMP                    0.2098              
BR_OII_DISP                   669.6754            
BR_OII_VOFF                   -35.9713            
BR_OPT_FEII_AMP               0.0873              
BR_OPT_FEII_DISP              506.0719            
BR_OPT_FEII_VOFF              20.3206             
NA_H_ALPHA_AMP                0.0382              
NA_H_ALPHA_DISP               69.7608             
NA_H_ALPHA_VOFF               -1.3842             
NA_H_BETA_AMP                 0.0262              
NA_H_BETA_DISP                51.7188             
NA_H_BETA_VOFF                0.1867              
NA_OIII_a_AMP                 0.0209              
NA_OIII_a_DISP                69.5382             
NA_OIII_a_VOFF                -0.3461             
NA_OIII_b_AMP                 0.0641              
NA_OIII_b_DISP                52.9947             
NA_OIII_b_VOFF                0.8300              
NA_OII_AMP                    0.0352              
NA_OII_DISP                   48.5515             
NA_OII_VOFF                   -0.1209             
NA_OPT_FEII_AMP               0.0386              
NA_OPT_FEII_DISP              10.8878             
NA_OPT_FEII_VOFF              11.9920             
POWER_AMP                     0.2294              
POWER_SLOPE                   -2.5814             
------------------------------------------------
MCMC iteration: 2000

Iteration = 2000             
------------------------------------------------
Parameter                     Current Value       
------------------------------------------------
APOLY_COEFF_1                 0.4023              
APOLY_COEFF_2                 -0.1589             
APOLY_COEFF_3                 0.0329              
APOLY_COEFF_4                 -0.0026             
APOLY_COEFF_5                 -0.0175             
APOLY_COEFF_6                 -0.0162             
APOLY_COEFF_7                 0.0001              
BR_H_ALPHA_AMP                0.5817              
BR_H_ALPHA_DISP               580.9432            
BR_H_ALPHA_VOFF               31.8661             
BR_H_BETA_AMP                 0.1750              
BR_H_BETA_DISP                678.1834            
BR_H_BETA_VOFF                59.6293             
BR_OIII_a_AMP                 0.1479              
BR_OIII_a_DISP                500.0900            
BR_OIII_a_VOFF                31.3584             
BR_OIII_b_AMP                 0.3651              
BR_OIII_b_DISP                797.6814            
BR_OIII_b_VOFF                203.6166            
BR_OII_AMP                    0.2089              
BR_OII_DISP                   669.6707            
BR_OII_VOFF                   -35.9812            
BR_OPT_FEII_AMP               0.0881              
BR_OPT_FEII_DISP              506.0644            
BR_OPT_FEII_VOFF              20.3020             
NA_H_ALPHA_AMP                0.0385              
NA_H_ALPHA_DISP               69.7608             
NA_H_ALPHA_VOFF               -1.3878             
NA_H_BETA_AMP                 0.0256              
NA_H_BETA_DISP                51.7083             
NA_H_BETA_VOFF                0.2053              
NA_OIII_a_AMP                 0.0211              
NA_OIII_a_DISP                69.5633             
NA_OIII_a_VOFF                -0.3545             
NA_OIII_b_AMP                 0.0660              
NA_OIII_b_DISP                53.0131             
NA_OIII_b_VOFF                0.8211              
NA_OII_AMP                    0.0363              
NA_OII_DISP                   48.5473             
NA_OII_VOFF                   -0.1407             
NA_OPT_FEII_AMP               0.0379              
NA_OPT_FEII_DISP              10.9125             
NA_OPT_FEII_VOFF              11.9788             
POWER_AMP                     0.2294              
POWER_SLOPE                   -2.5822             
------------------------------------------------
MCMC iteration: 2100

Iteration = 2100             
------------------------------------------------
Parameter                     Current Value       
------------------------------------------------
APOLY_COEFF_1                 0.4017              
APOLY_COEFF_2                 -0.1587             
APOLY_COEFF_3                 0.0329              
APOLY_COEFF_4                 -0.0025             
APOLY_COEFF_5                 -0.0175             
APOLY_COEFF_6                 -0.0162             
APOLY_COEFF_7                 0.0001              
BR_H_ALPHA_AMP                0.5816              
BR_H_ALPHA_DISP               580.9303            
BR_H_ALPHA_VOFF               31.8579             
BR_H_BETA_AMP                 0.1744              
BR_H_BETA_DISP                678.1985            
BR_H_BETA_VOFF                59.5822             
BR_OIII_a_AMP                 0.1480              
BR_OIII_a_DISP                500.0990            
BR_OIII_a_VOFF                31.3438             
BR_OIII_b_AMP                 0.3647              
BR_OIII_b_DISP                797.6665            
BR_OIII_b_VOFF                203.6192            
BR_OII_AMP                    0.2092              
BR_OII_DISP                   669.7296            
BR_OII_VOFF                   -36.0070            
BR_OPT_FEII_AMP               0.0874              
BR_OPT_FEII_DISP              506.0896            
BR_OPT_FEII_VOFF              20.3137             
NA_H_ALPHA_AMP                0.0390              
NA_H_ALPHA_DISP               69.7134             
NA_H_ALPHA_VOFF               -1.3739             
NA_H_BETA_AMP                 0.0265              
NA_H_BETA_DISP                51.6949             
NA_H_BETA_VOFF                0.1915              
NA_OIII_a_AMP                 0.0207              
NA_OIII_a_DISP                69.5819             
NA_OIII_a_VOFF                -0.3782             
NA_OIII_b_AMP                 0.0671              
NA_OIII_b_DISP                52.9889             
NA_OIII_b_VOFF                0.7644              
NA_OII_AMP                    0.0366              
NA_OII_DISP                   48.5322             
NA_OII_VOFF                   -0.1545             
NA_OPT_FEII_AMP               0.0362              
NA_OPT_FEII_DISP              10.9351             
NA_OPT_FEII_VOFF              11.9600             
POWER_AMP                     0.2297              
POWER_SLOPE                   -2.5767             
------------------------------------------------
MCMC iteration: 2200

Iteration = 2200             
------------------------------------------------
Parameter                     Current Value       
------------------------------------------------
APOLY_COEFF_1                 0.4005              
APOLY_COEFF_2                 -0.1579             
APOLY_COEFF_3                 0.0327              
APOLY_COEFF_4                 -0.0026             
APOLY_COEFF_5                 -0.0174             
APOLY_COEFF_6                 -0.0162             
APOLY_COEFF_7                 0.0001              
BR_H_ALPHA_AMP                0.5822              
BR_H_ALPHA_DISP               580.8866            
BR_H_ALPHA_VOFF               31.9028             
BR_H_BETA_AMP                 0.1747              
BR_H_BETA_DISP                678.1941            
BR_H_BETA_VOFF                59.5715             
BR_OIII_a_AMP                 0.1487              
BR_OIII_a_DISP                500.1091            
BR_OIII_a_VOFF                31.3068             
BR_OIII_b_AMP                 0.3644              
BR_OIII_b_DISP                797.6701            
BR_OIII_b_VOFF                203.6175            
BR_OII_AMP                    0.2089              
BR_OII_DISP                   669.7123            
BR_OII_VOFF                   -35.9946            
BR_OPT_FEII_AMP               0.0874              
BR_OPT_FEII_DISP              506.0514            
BR_OPT_FEII_VOFF              20.3554             
NA_H_ALPHA_AMP                0.0378              
NA_H_ALPHA_DISP               69.7122             
NA_H_ALPHA_VOFF               -1.4315             
NA_H_BETA_AMP                 0.0256              
NA_H_BETA_DISP                51.7047             
NA_H_BETA_VOFF                0.2085              
NA_OIII_a_AMP                 0.0206              
NA_OIII_a_DISP                69.5577             
NA_OIII_a_VOFF                -0.3447             
NA_OIII_b_AMP                 0.0697              
NA_OIII_b_DISP                53.0118             
NA_OIII_b_VOFF                0.7316              
NA_OII_AMP                    0.0363              
NA_OII_DISP                   48.5277             
NA_OII_VOFF                   -0.1527             
NA_OPT_FEII_AMP               0.0368              
NA_OPT_FEII_DISP              10.9582             
NA_OPT_FEII_VOFF              11.9121             
POWER_AMP                     0.2300              
POWER_SLOPE                   -2.5700             
------------------------------------------------
MCMC iteration: 2300

Iteration = 2300             
------------------------------------------------
Parameter                     Current Value       
------------------------------------------------
APOLY_COEFF_1                 0.4019              
APOLY_COEFF_2                 -0.1587             
APOLY_COEFF_3                 0.0330              
APOLY_COEFF_4                 -0.0026             
APOLY_COEFF_5                 -0.0174             
APOLY_COEFF_6                 -0.0162             
APOLY_COEFF_7                 0.0001              
BR_H_ALPHA_AMP                0.5819              
BR_H_ALPHA_DISP               580.8926            
BR_H_ALPHA_VOFF               31.8944             
BR_H_BETA_AMP                 0.1750              
BR_H_BETA_DISP                678.2725            
BR_H_BETA_VOFF                59.5689             
BR_OIII_a_AMP                 0.1483              
BR_OIII_a_DISP                500.1223            
BR_OIII_a_VOFF                31.3275             
BR_OIII_b_AMP                 0.3640              
BR_OIII_b_DISP                797.6942            
BR_OIII_b_VOFF                203.6026            
BR_OII_AMP                    0.2079              
BR_OII_DISP                   669.7618            
BR_OII_VOFF                   -35.9160            
BR_OPT_FEII_AMP               0.0864              
BR_OPT_FEII_DISP              506.0253            
BR_OPT_FEII_VOFF              20.3754             
NA_H_ALPHA_AMP                0.0371              
NA_H_ALPHA_DISP               69.6510             
NA_H_ALPHA_VOFF               -1.4263             
NA_H_BETA_AMP                 0.0247              
NA_H_BETA_DISP                51.7244             
NA_H_BETA_VOFF                0.2972              
NA_OIII_a_AMP                 0.0204              
NA_OIII_a_DISP                69.5778             
NA_OIII_a_VOFF                -0.2923             
NA_OIII_b_AMP                 0.0715              
NA_OIII_b_DISP                53.0566             
NA_OIII_b_VOFF                0.6964              
NA_OII_AMP                    0.0376              
NA_OII_DISP                   48.5360             
NA_OII_VOFF                   -0.1370             
NA_OPT_FEII_AMP               0.0378              
NA_OPT_FEII_DISP              11.0207             
NA_OPT_FEII_VOFF              11.8924             
POWER_AMP                     0.2297              
POWER_SLOPE                   -2.5764             
------------------------------------------------
MCMC iteration: 2400

Iteration = 2400             
------------------------------------------------
Parameter                     Current Value       
------------------------------------------------
APOLY_COEFF_1                 0.4006              
APOLY_COEFF_2                 -0.1574             
APOLY_COEFF_3                 0.0327              
APOLY_COEFF_4                 -0.0026             
APOLY_COEFF_5                 -0.0174             
APOLY_COEFF_6                 -0.0162             
APOLY_COEFF_7                 0.0001              
BR_H_ALPHA_AMP                0.5814              
BR_H_ALPHA_DISP               580.9227            
BR_H_ALPHA_VOFF               31.9666             
BR_H_BETA_AMP                 0.1751              
BR_H_BETA_DISP                678.3264            
BR_H_BETA_VOFF                59.4571             
BR_OIII_a_AMP                 0.1474              
BR_OIII_a_DISP                500.1344            
BR_OIII_a_VOFF                31.4179             
BR_OIII_b_AMP                 0.3642              
BR_OIII_b_DISP                797.7378            
BR_OIII_b_VOFF                203.6350            
BR_OII_AMP                    0.2078              
BR_OII_DISP                   669.7941            
BR_OII_VOFF                   -35.9106            
BR_OPT_FEII_AMP               0.0855              
BR_OPT_FEII_DISP              505.9578            
BR_OPT_FEII_VOFF              20.3147             
NA_H_ALPHA_AMP                0.0367              
NA_H_ALPHA_DISP               69.6519             
NA_H_ALPHA_VOFF               -1.3991             
NA_H_BETA_AMP                 0.0238              
NA_H_BETA_DISP                51.7682             
NA_H_BETA_VOFF                0.2470              
NA_OIII_a_AMP                 0.0212              
NA_OIII_a_DISP                69.5831             
NA_OIII_a_VOFF                -0.2345             
NA_OIII_b_AMP                 0.0721              
NA_OIII_b_DISP                53.0416             
NA_OIII_b_VOFF                0.6814              
NA_OII_AMP                    0.0371              
NA_OII_DISP                   48.5064             
NA_OII_VOFF                   -0.1935             
NA_OPT_FEII_AMP               0.0384              
NA_OPT_FEII_DISP              10.9998             
NA_OPT_FEII_VOFF              11.8468             
POWER_AMP                     0.2301              
POWER_SLOPE                   -2.5689             
------------------------------------------------
MCMC iteration: 2500

Iteration = 2500             
------------------------------------------------
Parameter                     Current Value       
------------------------------------------------
APOLY_COEFF_1                 0.3998              
APOLY_COEFF_2                 -0.1568             
APOLY_COEFF_3                 0.0323              
APOLY_COEFF_4                 -0.0027             
APOLY_COEFF_5                 -0.0175             
APOLY_COEFF_6                 -0.0162             
APOLY_COEFF_7                 0.0001              
BR_H_ALPHA_AMP                0.5807              
BR_H_ALPHA_DISP               580.8872            
BR_H_ALPHA_VOFF               31.8868             
BR_H_BETA_AMP                 0.1747              
BR_H_BETA_DISP                678.2409            
BR_H_BETA_VOFF                59.4054             
BR_OIII_a_AMP                 0.1470              
BR_OIII_a_DISP                500.1460            
BR_OIII_a_VOFF                31.3067             
BR_OIII_b_AMP                 0.3637              
BR_OIII_b_DISP                797.7583            
BR_OIII_b_VOFF                203.6119            
BR_OII_AMP                    0.2081              
BR_OII_DISP                   669.8429            
BR_OII_VOFF                   -35.9233            
BR_OPT_FEII_AMP               0.0861              
BR_OPT_FEII_DISP              505.9215            
BR_OPT_FEII_VOFF              20.2681             
NA_H_ALPHA_AMP                0.0370              
NA_H_ALPHA_DISP               69.5962             
NA_H_ALPHA_VOFF               -1.3991             
NA_H_BETA_AMP                 0.0241              
NA_H_BETA_DISP                51.7761             
NA_H_BETA_VOFF                0.2139              
NA_OIII_a_AMP                 0.0209              
NA_OIII_a_DISP                69.5869             
NA_OIII_a_VOFF                -0.2501             
NA_OIII_b_AMP                 0.0744              
NA_OIII_b_DISP                53.0745             
NA_OIII_b_VOFF                0.6303              
NA_OII_AMP                    0.0375              
NA_OII_DISP                   48.4556             
NA_OII_VOFF                   -0.1881             
NA_OPT_FEII_AMP               0.0398              
NA_OPT_FEII_DISP              10.9646             
NA_OPT_FEII_VOFF              11.8826             
POWER_AMP                     0.2305              
POWER_SLOPE                   -2.5644             
------------------------------------------------

 emcee Runtime = 8:41:44. 


 > Fitting MCMC chains...

 Generating model parameter distributions...

		  APOLY_COEFF_1
		  APOLY_COEFF_2
		  APOLY_COEFF_3
		  APOLY_COEFF_4
		  APOLY_COEFF_5
		  APOLY_COEFF_6
		  APOLY_COEFF_7
		  POWER_AMP
		  POWER_SLOPE
		  NA_OPT_FEII_AMP
		  BR_OPT_FEII_AMP
		  NA_OPT_FEII_DISP
		  BR_OPT_FEII_DISP
		  NA_OPT_FEII_VOFF
		  BR_OPT_FEII_VOFF
		  NA_OII_VOFF
		  NA_OII_AMP
		  NA_OII_DISP
		  NA_H_BETA_VOFF
		  NA_H_BETA_AMP
		  NA_H_BETA_DISP
		  NA_OIII_a_VOFF
		  NA_OIII_a_AMP
		  NA_OIII_a_DISP
		  NA_OIII_b_VOFF
		  NA_OIII_b_AMP
		  NA_OIII_b_DISP
		  NA_H_ALPHA_VOFF
		  NA_H_ALPHA_AMP
		  NA_H_ALPHA_DISP
		  BR_H_BETA_VOFF
		  BR_H_BETA_AMP
		  BR_H_BETA_DISP
		  BR_OII_VOFF
		  BR_OII_AMP
		  BR_OII_DISP
		  BR_OIII_a_VOFF
		  BR_OIII_a_AMP
		  BR_OIII_a_DISP
		  BR_OIII_b_VOFF
		  BR_OIII_b_AMP
		  BR_OIII_b_DISP
		  BR_H_ALPHA_VOFF
		  BR_H_ALPHA_AMP
		  BR_H_ALPHA_DISP

 Generating model flux distributions...

		  NA_OPT_FEII_TEMPLATE_FLUX
		  BR_OPT_FEII_TEMPLATE_FLUX
		  NA_OII_FLUX
		  NA_H_BETA_FLUX
		  NA_OIII_a_FLUX
		  NA_OIII_b_FLUX
		  NA_H_ALPHA_FLUX
		  BR_H_BETA_FLUX
		  BR_OII_FLUX
		  BR_OIII_a_FLUX
		  BR_OIII_b_FLUX
		  BR_H_ALPHA_FLUX
		  OII_COMP_FLUX
		  H_BETA_COMP_FLUX
		  OIII_a_COMP_FLUX
		  OIII_b_COMP_FLUX
		  H_ALPHA_COMP_FLUX

 Generating model luminosity distributions...

		  NA_OPT_FEII_TEMPLATE_LUM
		  BR_OPT_FEII_TEMPLATE_LUM
		  NA_OII_LUM
		  NA_H_BETA_LUM
		  NA_OIII_a_LUM
		  NA_OIII_b_LUM
		  NA_H_ALPHA_LUM
		  BR_H_BETA_LUM
		  BR_OII_LUM
		  BR_OIII_a_LUM
		  BR_OIII_b_LUM
		  BR_H_ALPHA_LUM
		  OII_COMP_LUM
		  H_BETA_COMP_LUM
		  OIII_a_COMP_LUM
		  OIII_b_COMP_LUM
		  H_ALPHA_COMP_LUM
		  L_CONT_TOT_3000
		  L_CONT_AGN_3000
		  L_CONT_HOST_3000
		  L_CONT_TOT_5100
		  L_CONT_AGN_5100
		  L_CONT_HOST_5100
		  HOST_FRAC_4000
		  AGN_FRAC_4000
		  HOST_FRAC_7000
		  AGN_FRAC_7000

 Generating model equivalent width distributions...

		  NA_OPT_FEII_TEMPLATE_EW
		  BR_OPT_FEII_TEMPLATE_EW
		  NA_OII_EW
		  NA_H_BETA_EW
		  NA_OIII_a_EW
		  NA_OIII_b_EW
		  NA_H_ALPHA_EW
		  BR_H_BETA_EW
		  BR_OII_EW
		  BR_OIII_a_EW
		  BR_OIII_b_EW
		  BR_H_ALPHA_EW
		  OII_COMP_EW
		  H_BETA_COMP_EW
		  OIII_a_COMP_EW
		  OIII_b_COMP_EW
		  H_ALPHA_COMP_EW

 Generating model integrated velocity moment distributions...

		  NA_OII_FWHM
		  NA_OII_W80
		  NA_H_BETA_FWHM
		  NA_H_BETA_W80
		  NA_OIII_a_FWHM
		  NA_OIII_a_W80
		  NA_OIII_b_FWHM
		  NA_OIII_b_W80
		  NA_H_ALPHA_FWHM
		  NA_H_ALPHA_W80
		  BR_H_BETA_FWHM
		  BR_H_BETA_W80
		  BR_OII_FWHM
		  BR_OII_W80
		  BR_OIII_a_FWHM
		  BR_OIII_a_W80
		  BR_OIII_b_FWHM
		  BR_OIII_b_W80
		  BR_H_ALPHA_FWHM
		  BR_H_ALPHA_W80
		  OII_COMP_FWHM
		  OII_COMP_W80
		  OII_COMP_DISP
		  OII_COMP_VOFF
		  H_BETA_COMP_FWHM
		  H_BETA_COMP_W80
		  H_BETA_COMP_DISP
		  H_BETA_COMP_VOFF
		  OIII_a_COMP_FWHM
		  OIII_a_COMP_W80
		  OIII_a_COMP_DISP
		  OIII_a_COMP_VOFF
		  OIII_b_COMP_FWHM
		  OIII_b_COMP_W80
		  OIII_b_COMP_DISP
		  OIII_b_COMP_VOFF
		  H_ALPHA_COMP_FWHM
		  H_ALPHA_COMP_W80
		  H_ALPHA_COMP_DISP
		  H_ALPHA_COMP_VOFF
		  NA_OII_NPIX
		  NA_H_BETA_NPIX
		  NA_OIII_a_NPIX
		  NA_OIII_b_NPIX
		  NA_H_ALPHA_NPIX
		  BR_H_BETA_NPIX
		  BR_OII_NPIX
		  BR_OIII_a_NPIX
		  BR_OIII_b_NPIX
		  BR_H_ALPHA_NPIX
		  OII_COMP_NPIX
		  H_BETA_COMP_NPIX
		  OIII_a_COMP_NPIX
		  OIII_b_COMP_NPIX
		  H_ALPHA_COMP_NPIX
		  NA_OII_SNR
		  NA_H_BETA_SNR
		  NA_OIII_a_SNR
		  NA_OIII_b_SNR
		  NA_H_ALPHA_SNR
		  BR_H_BETA_SNR
		  BR_OII_SNR
		  BR_OIII_a_SNR
		  BR_OIII_b_SNR
		  BR_H_ALPHA_SNR
		  OII_COMP_SNR
		  H_BETA_COMP_SNR
		  OIII_a_COMP_SNR
		  OIII_b_COMP_SNR
		  H_ALPHA_COMP_SNR
		  R_SQUARED
		  RCHI_SQUARED

 > Saving Data...

 Cleaning up...
----------------------------------------------------------------------------------------------------

 Total Runtime = 9:36:05
 - Done fitting my_sdss! 

End process memory: 4.16533709                    
