,wave,flux,error,model,cont,OIIIb_na,OIIIa_na,NII6583_na,NII6548_na,hbeta_br,hbeta_na,halpha_br,halpha_na,host,model_total
0,3450.593,7.252463430868012,1.1934067010879517,10.544744402509819,10.544744402509819,0.0,0.0,0.0,0.0,0.0,0.0,0.0,0.0,0.9776305251256402,11.52237492763546
1,3451.387,9.46394080491362,1.2472590208053589,10.544744402509819,10.544744402509819,0.0,0.0,0.0,0.0,0.0,0.0,0.0,0.0,0.9829910340756385,11.527735436585457
2,3452.1829,11.262384956240666,1.2946412563323975,10.544744402509819,10.544744402509819,0.0,0.0,0.0,0.0,0.0,0.0,0.0,0.0,0.9730715104341381,11.517815912943957
3,3452.9768,10.152283627988378,1.2657105922698975,10.544744402509819,10.544744402509819,0.0,0.0,0.0,0.0,0.0,0.0,0.0,0.0,0.9598789620384767,11.504623364548296
4,3453.774,8.510627236014018,1.223158836364746,10.544744402509819,10.544744402509819,0.0,0.0,0.0,0.0,0.0,0.0,0.0,0.0,0.9610772470182085,11.505821649528027
5,3454.5684,10.32664499540238,1.2161368131637573,10.544744402509819,10.544744402509819,0.0,0.0,0.0,0.0,0.0,0.0,0.0,0.0,0.9832400296220342,11.527984432131854
6,3455.363,8.001435967865724,1.15099036693573,10.544744402509819,10.544744402509819,0.0,0.0,0.0,0.0,0.0,0.0,0.0,0.0,0.9735787187187489,11.518323121228567
7,3456.1597,7.341290225112013,1.1135767698287964,10.544744402509819,10.544744402509819,0.0,0.0,0.0,0.0,0.0,0.0,0.0,0.0,0.9546787842874006,11.49942318679722
8,3456.955,7.238559445795488,1.0960086584091187,10.544744402509819,10.544744402509819,0.0,0.0,0.0,0.0,0.0,0.0,0.0,0.0,0.9355461984305865,11.480290600940405
9,3457.7522,8.273923858978074,1.1208934783935547,10.544744402509819,10.544744402509819,0.0,0.0,0.0,0.0,0.0,0.0,0.0,0.0,0.8960590511781749,11.440803453687995
10,3458.5476,11.066965264174582,1.160681962966919,10.544744402509819,10.544744402509819,0.0,0.0,0.0,0.0,0.0,0.0,0.0,0.0,0.8877027808693626,11.432447183379182
11,3459.3452,8.642436819204308,1.117832064628601,10.544744402509819,10.544744402509819,0.0,0.0,0.0,0.0,0.0,0.0,0.0,0.0,0.8676969240818242,11.412441326591644
12,3460.141,11.464358508301801,1.123011827468872,10.544744402509819,10.544744402509819,0.0,0.0,0.0,0.0,0.0,0.0,0.0,0.0,0.869170010374957,11.413914412884775
13,3460.937,7.358614494813614,1.0303939580917358,10.544744402509819,10.544744402509819,0.0,0.0,0.0,0.0,0.0,0.0,0.0,0.0,0.8800959086287689,11.424840311138588
14,3461.735,5.960565078106635,1.0474086999893188,10.544744402509819,10.544744402509819,0.0,0.0,0.0,0.0,0.0,0.0,0.0,0.0,0.8956503988831115,11.44039480139293
15,3462.5315,8.642699401804697,1.0566151142120361,10.544744402509819,10.544744402509819,0.0,0.0,0.0,0.0,0.0,0.0,0.0,0.0,0.920394737294425,11.465139139804243
16,3463.3298,7.084104567899807,1.0292656421661377,10.544744402509819,10.544744402509819,0.0,0.0,0.0,0.0,0.0,0.0,0.0,0.0,0.9569997488116182,11.501744151321438
17,3464.1265,8.567912828934979,1.0500699281692505,10.544744402509819,10.544744402509819,0.0,0.0,0.0,0.0,0.0,0.0,0.0,0.0,0.9609196066729314,11.50566400918275
18,3464.9253,9.23962634466914,1.0555198192596436,10.544744402509819,10.544744402509819,0.0,0.0,0.0,0.0,0.0,0.0,0.0,0.0,0.9606700573083976,11.505414459818217
19,3465.7224,8.506054949673372,1.0624281167984009,10.544744402509819,10.544744402509819,0.0,0.0,0.0,0.0,0.0,0.0,0.0,0.0,0.9818543673432298,11.526598769853049
20,3466.5198,8.961940622355032,1.0731641054153442,10.544744402509819,10.544744402509819,0.0,0.0,0.0,0.0,0.0,0.0,0.0,0.0,0.9883281230673309,11.53307252557715
21,3467.319,9.23132888892143,1.0583418607711792,10.544744402509819,10.544744402509819,0.0,0.0,0.0,0.0,0.0,0.0,0.0,0.0,1.0046826162055231,11.549427018715342
22,3468.117,7.0038940450146905,1.017281174659729,10.544744402509819,10.544744402509819,0.0,0.0,0.0,0.0,0.0,0.0,0.0,0.0,1.0354593256518134,11.580203728161631
23,3468.9165,7.16722918726197,0.9989573359489441,10.544744402509819,10.544744402509819,0.0,0.0,0.0,0.0,0.0,0.0,0.0,0.0,1.0428433301330493,11.587587732642868
24,3469.7146,7.311791602153291,1.0074039697647095,10.544744402509819,10.544744402509819,0.0,0.0,0.0,0.0,0.0,0.0,0.0,0.0,1.0346115197949508,11.579355922304769
25,3470.5146,7.841144370476393,1.0003950595855713,10.544744402509819,10.544744402509819,0.0,0.0,0.0,0.0,0.0,0.0,0.0,0.0,1.0312511449655015,11.575995547475321
26,3471.313,8.542031437661615,1.0242295265197754,10.544744402509819,10.544744402509819,0.0,0.0,0.0,0.0,0.0,0.0,0.0,0.0,1.012793391439947,11.557537793949766
27,3472.1116,8.66116025649723,1.0181055068969727,10.544744402509819,10.544744402509819,0.0,0.0,0.0,0.0,0.0,0.0,0.0,0.0,1.0019533375579472,11.546697740067767
28,3472.9124,8.928750685425602,1.0259153842926025,10.544744402509819,10.544744402509819,0.0,0.0,0.0,0.0,0.0,0.0,0.0,0.0,0.9695389950553557,11.514283397565174
29,3473.7114,11.393969285971602,1.0432435274124146,10.544744402509819,10.544744402509819,0.0,0.0,0.0,0.0,0.0,0.0,0.0,0.0,0.9296763057642372,11.474420708274057
30,3474.5122,8.843169069960993,1.0112918615341187,10.544744402509819,10.544744402509819,0.0,0.0,0.0,0.0,0.0,0.0,0.0,0.0,0.8850604527440857,11.429804855253904
31,3475.3118,9.194447962652593,1.0175464153289795,10.544744402509819,10.544744402509819,0.0,0.0,0.0,0.0,0.0,0.0,0.0,0.0,0.8655152636657665,11.410259666175586
32,3476.113,9.244972925023648,1.002118706703186,10.544744402509819,10.544744402509819,0.0,0.0,0.0,0.0,0.0,0.0,0.0,0.0,0.8779337598518399,11.42267816236166
33,3476.9126,7.749055219278996,0.9741721153259277,10.544744402509819,10.544744402509819,0.0,0.0,0.0,0.0,0.0,0.0,0.0,0.0,0.8913799995320387,11.436124402041857
34,3477.7124,7.4817474291166945,0.9256852865219116,10.544744402509819,10.544744402509819,0.0,0.0,0.0,0.0,0.0,0.0,0.0,0.0,0.9442789151826219,11.48902331769244
35,3478.5144,6.061551991811431,0.9020325541496277,10.544744402509819,10.544744402509819,0.0,0.0,0.0,0.0,0.0,0.0,0.0,0.0,0.9995937906592727,11.544338193169091
36,3479.3147,8.623080053988742,0.954261302947998,10.544744402509819,10.544744402509819,0.0,0.0,0.0,0.0,0.0,0.0,0.0,0.0,1.0036298840605746,11.548374286570393
37,3480.117,9.713641225786962,0.9775328040122986,10.544744402509819,10.544744402509819,0.0,0.0,0.0,0.0,0.0,0.0,0.0,0.0,0.9991464023868668,11.543890804896686
38,3480.9182,8.57630512778136,0.9720472693443298,10.544744402509819,10.544744402509819,0.0,0.0,0.0,0.0,0.0,0.0,0.0,0.0,1.0025065177264527,11.547250920236271
39,3481.7207,8.69239747049062,0.982337236404419,10.544744402509819,10.544744402509819,0.0,0.0,0.0,0.0,0.0,0.0,0.0,0.0,0.9999157237842827,11.5446601262941
40,3482.5217,10.717822018013512,0.9989445209503174,10.544744402509819,10.544744402509819,0.0,0.0,0.0,0.0,0.0,0.0,0.0,0.0,1.0023632618326794,11.547107664342498
41,3483.323,8.116927075184023,0.971001386642456,10.544744402509819,10.544744402509819,0.0,0.0,0.0,0.0,0.0,0.0,0.0,0.0,0.9834223510855075,11.528166753595327
42,3484.1262,9.128961664059602,0.9446858763694763,10.544744402509819,10.544744402509819,0.0,0.0,0.0,0.0,0.0,0.0,0.0,0.0,0.9957989636869798,11.540543366196799
43,3484.9275,7.622741210966315,0.9414763450622559,10.544744402509819,10.544744402509819,0.0,0.0,0.0,0.0,0.0,0.0,0.0,0.0,1.0143771285722594,11.559121531082079
44,3485.7312,7.063318922467176,0.9453414678573608,10.544744402509819,10.544744402509819,0.0,0.0,0.0,0.0,0.0,0.0,0.0,0.0,1.0148966765928824,11.5596410791027
45,3486.533,8.165862748888735,0.9655323028564453,10.544744402509819,10.544744402509819,0.0,0.0,0.0,0.0,0.0,0.0,0.0,0.0,1.0406001112186878,11.585344513728506
46,3487.3372,7.428271742127972,0.9596121311187744,10.544744402509819,10.544744402509819,0.0,0.0,0.0,0.0,0.0,0.0,0.0,0.0,1.0497556016220282,11.594500004131847
47,3488.1394,7.711980242562545,0.9451171159744263,10.544744402509819,10.544744402509819,0.0,0.0,0.0,0.0,0.0,0.0,0.0,0.0,1.0266996433017126,11.571444045811532
48,3488.942,9.355747915210452,0.9444248080253601,10.544744402509819,10.544744402509819,0.0,0.0,0.0,0.0,0.0,0.0,0.0,0.0,0.9890816441157202,11.533826046625538
49,3489.7463,9.125103497144252,0.9495848417282104,10.544744402509819,10.544744402509819,0.0,0.0,0.0,0.0,0.0,0.0,0.0,0.0,0.9502444032463719,11.49498880575619
50,3490.5493,8.545700933352425,0.9358519911766052,10.544744402509819,10.544744402509819,0.0,0.0,0.0,0.0,0.0,0.0,0.0,0.0,0.9397564869966964,11.484500889506515
51,3491.3542,8.811055544100496,0.9345195889472961,10.544744402509819,10.544744402509819,0.0,0.0,0.0,0.0,0.0,0.0,0.0,0.0,0.9324670999424727,11.477211502452292
52,3492.1572,8.47891491703645,0.9153303503990173,10.544744402509819,10.544744402509819,0.0,0.0,0.0,0.0,0.0,0.0,0.0,0.0,0.9356825942550545,11.480426996764873
53,3492.9626,6.73771630300128,0.8920908570289612,10.544744402509819,10.544744402509819,0.0,0.0,0.0,0.0,0.0,0.0,0.0,0.0,0.9397372149125389,11.484481617422357
54,3493.766,8.063936695387886,0.9220226407051086,10.544744402509819,10.544744402509819,0.0,0.0,0.0,0.0,0.0,0.0,0.0,0.0,0.920403972336724,11.465148374846542
55,3494.57,9.403563952880752,0.9508196711540222,10.544744402509819,10.544744402509819,0.0,0.0,0.0,0.0,0.0,0.0,0.0,0.0,0.9868140454712977,11.531558447981116
56,3495.3757,8.865418085118588,0.9234859347343445,10.544744402509819,10.544744402509819,0.0,0.0,0.0,0.0,0.0,0.0,0.0,0.0,0.981342664698307,11.526087067208126
57,3496.18,7.936103009230707,0.8975563049316406,10.544744402509819,10.544744402509819,0.0,0.0,0.0,0.0,0.0,0.0,0.0,0.0,0.9532288083962459,11.497973210906064
58,3496.986,8.2822741771944,0.8809133172035217,10.544744402509819,10.544744402509819,0.0,0.0,0.0,0.0,0.0,0.0,0.0,0.0,0.9794111942045248,11.524155596714344
59,3497.791,7.235350994244636,0.8565925359725952,10.544744402509819,10.544744402509819,0.0,0.0,0.0,0.0,0.0,0.0,0.0,0.0,1.0309244116391527,11.575668814148973
60,3498.5974,7.911822303487519,0.8639724254608154,10.544744402509819,10.544744402509819,0.0,0.0,0.0,0.0,0.0,0.0,0.0,0.0,1.083368316934845,11.628112719444664
61,3499.4023,8.135248643617931,0.8858479857444763,10.544744402509819,10.544744402509819,0.0,0.0,0.0,0.0,0.0,0.0,0.0,0.0,1.111150282163318,11.655894684673136
62,3500.2075,8.322679748808403,0.9057283401489258,10.544744402509819,10.544744402509819,0.0,0.0,0.0,0.0,0.0,0.0,0.0,0.0,1.1232373807081983,11.667981783218018
63,3501.0144,8.831853791070271,0.9111627340316772,10.544744402509819,10.544744402509819,0.0,0.0,0.0,0.0,0.0,0.0,0.0,0.0,1.1523619453188882,11.697106347828708
64,3501.8198,8.603422433597226,0.8801761865615845,10.544744402509819,10.544744402509819,0.0,0.0,0.0,0.0,0.0,0.0,0.0,0.0,1.205288618343692,11.750033020853511
65,3502.6272,7.298055980500031,0.8744998574256897,10.544744402509819,10.544744402509819,0.0,0.0,0.0,0.0,0.0,0.0,0.0,0.0,1.1919733545219418,11.73671775703176
66,3503.433,7.640000338194714,0.8713740706443787,10.544744402509819,10.544744402509819,0.0,0.0,0.0,0.0,0.0,0.0,0.0,0.0,1.1908206990977666,11.735565101607586
67,3504.241,10.323062140954505,0.9063040018081665,10.544744402509819,10.544744402509819,0.0,0.0,0.0,0.0,0.0,0.0,0.0,0.0,1.193487923132408,11.738232325642226
68,3505.047,9.581518356908603,0.8801375031471252,10.544744402509819,10.544744402509819,0.0,0.0,0.0,0.0,0.0,0.0,0.0,0.0,1.1625783990728422,11.707322801582661
69,3505.8533,7.340502887300545,0.8467236757278442,10.544744402509819,10.544744402509819,0.0,0.0,0.0,0.0,0.0,0.0,0.0,0.0,1.1618641323527759,11.706608534862594
70,3506.6619,9.532166708199208,0.8716524839401245,10.544744402509819,10.544744402509819,0.0,0.0,0.0,0.0,0.0,0.0,0.0,0.0,1.1925208680947372,11.737265270604556
71,3507.4685,9.513173426101298,0.8761723041534424,10.544744402509819,10.544744402509819,0.0,0.0,0.0,0.0,0.0,0.0,0.0,0.0,1.1605116477512414,11.70525605026106
72,3508.2778,8.501397774646813,0.8632432222366333,10.544744402509819,10.544744402509819,0.0,0.0,0.0,0.0,0.0,0.0,0.0,0.0,1.1242907782096319,11.669035180719451
73,3509.085,8.688031049079607,0.8661548495292664,10.544744402509819,10.544744402509819,0.0,0.0,0.0,0.0,0.0,0.0,0.0,0.0,1.1149570032885578,11.659701405798376
74,3509.894,9.489678226183248,0.8717541694641113,10.544744402509819,10.544744402509819,0.0,0.0,0.0,0.0,0.0,0.0,0.0,0.0,1.099641956617045,11.644386359126864
75,3510.7017,9.553349367833686,0.8640943169593811,10.544744402509819,10.544744402509819,0.0,0.0,0.0,0.0,0.0,0.0,0.0,0.0,1.069836743616509,11.614581146126328
76,3511.5112,8.807119868372988,0.8497785329818726,10.544744402509819,10.544744402509819,0.0,0.0,0.0,0.0,0.0,0.0,0.0,0.0,1.0342383164414646,11.578982718951284
77,3512.319,8.955191331942043,0.8467296957969666,10.544744402509819,10.544744402509819,0.0,0.0,0.0,0.0,0.0,0.0,0.0,0.0,1.0173161448645986,11.562060547374418
78,3513.1272,9.303550229214604,0.8479058742523193,10.544744402509819,10.544744402509819,0.0,0.0,0.0,0.0,0.0,0.0,0.0,0.0,1.0145201824675243,11.559264584977344
79,3513.9373,8.363582951756475,0.8290178775787354,10.544744402509819,10.544744402509819,0.0,0.0,0.0,0.0,0.0,0.0,0.0,0.0,1.012150423792841,11.55689482630266
80,3514.7456,7.81247634091328,0.8270092010498047,10.544744402509819,10.544744402509819,0.0,0.0,0.0,0.0,0.0,0.0,0.0,0.0,1.0644233783250008,11.60916778083482
81,3515.556,8.198638495993748,0.8268387317657471,10.544744402509819,10.544744402509819,0.0,0.0,0.0,0.0,0.0,0.0,0.0,0.0,1.1000751880882838,11.644819590598102
82,3516.3647,8.03792987555948,0.8186789751052856,10.544744402509819,10.544744402509819,0.0,0.0,0.0,0.0,0.0,0.0,0.0,0.0,1.1233230999043873,11.668067502414207
83,3517.1755,7.533718463400522,0.8193665742874146,10.544744402509819,10.544744402509819,0.0,0.0,0.0,0.0,0.0,0.0,0.0,0.0,1.1335788998807284,11.678323302390547
84,3517.9846,8.496298313304358,0.8316488265991211,10.544744402509819,10.544744402509819,0.0,0.0,0.0,0.0,0.0,0.0,0.0,0.0,1.1625256536756217,11.70727005618544
85,3518.7942,8.281959505148066,0.8369618654251099,10.544744402509819,10.544744402509819,0.0,0.0,0.0,0.0,0.0,0.0,0.0,0.0,1.1486549662874799,11.693399368797298
86,3519.6057,8.832886387013993,0.8644469976425171,10.544744402509819,10.544744402509819,0.0,0.0,0.0,0.0,0.0,0.0,0.0,0.0,1.1360858191017293,11.680830221611549
87,3520.4153,9.907681390952975,0.8679467439651489,10.544744402509819,10.544744402509819,0.0,0.0,0.0,0.0,0.0,0.0,0.0,0.0,1.101373746681302,11.646118149191121
88,3521.2268,9.026370610791423,0.8666872382164001,10.544744402509819,10.544744402509819,0.0,0.0,0.0,0.0,0.0,0.0,0.0,0.0,1.0509752372920733,11.595719639801892
89,3522.037,8.474505754899528,0.8519304990768433,10.544744402509819,10.544744402509819,0.0,0.0,0.0,0.0,0.0,0.0,0.0,0.0,0.9988972220902174,11.543641624600037
90,3522.849,8.551476043829926,0.8368662595748901,10.544744402509819,10.544744402509819,0.0,0.0,0.0,0.0,0.0,0.0,0.0,0.0,0.9740652617120659,11.518809664221886
91,3523.6597,7.598815517273941,0.8167362809181213,10.544744402509819,10.544744402509819,0.0,0.0,0.0,0.0,0.0,0.0,0.0,0.0,0.9385580255117032,11.483302428021522
92,3524.4702,7.9657320841264845,0.8037065863609314,10.544744402509819,10.544744402509819,0.0,0.0,0.0,0.0,0.0,0.0,0.0,0.0,0.9112210408735153,11.455965443383334
93,3525.283,8.558024238836586,0.8122569918632507,10.544744402509819,10.544744402509819,0.0,0.0,0.0,0.0,0.0,0.0,0.0,0.0,0.9307100064637066,11.475454408973526
94,3526.094,7.21522992306364,0.8030492663383484,10.544744402509819,10.544744402509819,0.0,0.0,0.0,0.0,0.0,0.0,0.0,0.0,0.9388571435867509,11.483601546096569
95,3526.907,8.593854539647573,0.7991995811462402,10.544744402509819,10.544744402509819,0.0,0.0,0.0,0.0,0.0,0.0,0.0,0.0,1.01029432509852,11.55503872760834
96,3527.7185,5.9811302835658395,0.7812737226486206,10.544744402509819,10.544744402509819,0.0,0.0,0.0,0.0,0.0,0.0,0.0,0.0,1.0681441610142386,11.612888563524058
97,3528.532,7.463826922339437,0.7685896754264832,10.544744402509819,10.544744402509819,0.0,0.0,0.0,0.0,0.0,0.0,0.0,0.0,1.0868847094354652,11.631629111945283
98,3529.3435,8.150515892047789,0.8129222989082336,10.544744402509819,10.544744402509819,0.0,0.0,0.0,0.0,0.0,0.0,0.0,0.0,1.124814651470278,11.669559053980096
99,3530.1555,7.154006713522735,0.780657172203064,10.544744402509819,10.544744402509819,0.0,0.0,0.0,0.0,0.0,0.0,0.0,0.0,1.141222244607148,11.685966647116967
100,3530.9697,8.945038042525397,0.7918460965156555,10.544744402509819,10.544744402509819,0.0,0.0,0.0,0.0,0.0,0.0,0.0,0.0,1.1368806739052681,11.681625076415088
101,3531.782,8.367951224760597,0.7811608910560608,10.544744402509819,10.544744402509819,0.0,0.0,0.0,0.0,0.0,0.0,0.0,0.0,1.1542550816969217,11.698999484206741
102,3532.5964,7.856800222620919,0.7768164873123169,10.544744402509819,10.544744402509819,0.0,0.0,0.0,0.0,0.0,0.0,0.0,0.0,1.1754292009020304,11.72017360341185
103,3533.409,8.164297312955965,0.7855150699615479,10.544744402509819,10.544744402509819,0.0,0.0,0.0,0.0,0.0,0.0,0.0,0.0,1.18911626889218,11.733860671401999
104,3534.2239,8.42567860753868,0.8167538642883301,10.544744402509819,10.544744402509819,0.0,0.0,0.0,0.0,0.0,0.0,0.0,0.0,1.200084331914444,11.744828734424264
105,3535.0369,8.72979831296971,0.834949254989624,10.544744402509819,10.544744402509819,0.0,0.0,0.0,0.0,0.0,0.0,0.0,0.0,1.1986227075381022,11.74336711004792
106,3535.8499,9.287162381721139,0.8648360967636108,10.544744402509819,10.544744402509819,0.0,0.0,0.0,0.0,0.0,0.0,0.0,0.0,1.227787416862845,11.772531819372665
107,3536.6658,8.375612455687605,0.8621115684509277,10.544744402509819,10.544744402509819,0.0,0.0,0.0,0.0,0.0,0.0,0.0,0.0,1.248640817322649,11.793385219832468
108,3537.4792,8.59836960552367,0.8415578007698059,10.544744402509819,10.544744402509819,0.0,0.0,0.0,0.0,0.0,0.0,0.0,0.0,1.2636766362365834,11.808421038746403
109,3538.295,8.15670241860159,0.8227734565734863,10.544744402509819,10.544744402509819,0.0,0.0,0.0,0.0,0.0,0.0,0.0,0.0,1.2606903121113013,11.80543471462112
110,3539.1091,8.98696807624139,0.8174830675125122,10.544744402509819,10.544744402509819,0.0,0.0,0.0,0.0,0.0,0.0,0.0,0.0,1.2867164254065606,11.831460827916379
111,3539.925,10.081400578911532,0.8240075707435608,10.544744402509819,10.544744402509819,0.0,0.0,0.0,0.0,0.0,0.0,0.0,0.0,1.2731278482124906,11.81787225072231
112,3540.7395,8.650943217337094,0.7989673614501953,10.544744402509819,10.544744402509819,0.0,0.0,0.0,0.0,0.0,0.0,0.0,0.0,1.252281727731265,11.797026130241084
113,3541.5542,8.441075645234932,0.7862401604652405,10.544744402509819,10.544744402509819,0.0,0.0,0.0,0.0,0.0,0.0,0.0,0.0,1.2511526720258113,11.795897074535631
114,3542.3706,7.624496076023421,0.7833357453346252,10.544744402509819,10.544744402509819,0.0,0.0,0.0,0.0,0.0,0.0,0.0,0.0,1.2615865732075358,11.806330975717355
115,3543.1858,8.822542920737504,0.78437739610672,10.544744402509819,10.544744402509819,0.0,0.0,0.0,0.0,0.0,0.0,0.0,0.0,1.301793321938277,11.846537724448096
116,3544.0034,8.762437362986825,0.7630817890167236,10.544744402509819,10.544744402509819,0.0,0.0,0.0,0.0,0.0,0.0,0.0,0.0,1.287176589649894,11.831920992159713
117,3544.8186,7.3864685435079,0.7423285245895386,10.544744402509819,10.544744402509819,0.0,0.0,0.0,0.0,0.0,0.0,0.0,0.0,1.2964299779154398,11.841174380425258
118,3545.636,8.070180487056827,0.7607649564743042,10.544744402509819,10.544744402509819,0.0,0.0,0.0,0.0,0.0,0.0,0.0,0.0,1.300126481632138,11.844870884141956
119,3546.4517,8.26022477755031,0.769351601600647,10.544744402509819,10.544744402509819,0.0,0.0,0.0,0.0,0.0,0.0,0.0,0.0,1.2555213390878746,11.800265741597693
120,3547.2676,8.6310336751146,0.7753801345825195,10.544744402509819,10.544744402509819,0.0,0.0,0.0,0.0,0.0,0.0,0.0,0.0,1.2281381922560057,11.772882594765825
121,3548.0854,8.083479180358971,0.759122371673584,10.544744402509819,10.544744402509819,0.0,0.0,0.0,0.0,0.0,0.0,0.0,0.0,1.2300031041869266,11.774747506696745
122,3548.9019,7.618858234291482,0.7562265396118164,10.544744402509819,10.544744402509819,0.0,0.0,0.0,0.0,0.0,0.0,0.0,0.0,1.2328082162090064,11.777552618718826
123,3549.7202,8.213772760201145,0.779030978679657,10.544744402509819,10.544744402509819,0.0,0.0,0.0,0.0,0.0,0.0,0.0,0.0,1.2324571744912378,11.777201577001057
124,3550.5369,8.85143341489958,0.7848681211471558,10.544744402509819,10.544744402509819,0.0,0.0,0.0,0.0,0.0,0.0,0.0,0.0,1.2295917086966124,11.77433611120643
125,3551.3555,7.586745204929626,0.7677872180938721,10.544744402509819,10.544744402509819,0.0,0.0,0.0,0.0,0.0,0.0,0.0,0.0,1.2099333381611947,11.754677740671013
126,3552.1726,9.818481946356313,0.7946696281433105,10.544744402509819,10.544744402509819,0.0,0.0,0.0,0.0,0.0,0.0,0.0,0.0,1.1649622675108748,11.709706670020694
127,3552.9895,9.08422617862667,0.7727063894271851,10.544744402509819,10.544744402509819,0.0,0.0,0.0,0.0,0.0,0.0,0.0,0.0,1.1684851174548734,11.713229519964692
128,3553.8088,8.24579749826059,0.7519429922103882,10.544744402509819,10.544744402509819,0.0,0.0,0.0,0.0,0.0,0.0,0.0,0.0,1.177343027557282,11.7220874300671
129,3554.6265,9.282439077569972,0.7657604217529297,10.544744402509819,10.544744402509819,0.0,0.0,0.0,0.0,0.0,0.0,0.0,0.0,1.166406785772313,11.711151188282132
130,3555.4463,9.645908738374132,0.7760304808616638,10.544744402509819,10.544744402509819,0.0,0.0,0.0,0.0,0.0,0.0,0.0,0.0,1.1692100512987187,11.713954453808537
131,3556.2642,9.07736191759602,0.756828784942627,10.544744402509819,10.544744402509819,0.0,0.0,0.0,0.0,0.0,0.0,0.0,0.0,1.18485846509441,11.729602867604228
132,3557.0842,7.808679506965948,0.733261227607727,10.544744402509819,10.544744402509819,0.0,0.0,0.0,0.0,0.0,0.0,0.0,0.0,1.1744251988445988,11.719169601354418
133,3557.9023,7.738775487622144,0.7266403436660767,10.544744402509819,10.544744402509819,0.0,0.0,0.0,0.0,0.0,0.0,0.0,0.0,1.156081918994067,11.700826321503886
134,3558.721,8.831488708447306,0.7442613244056702,10.544744402509819,10.544744402509819,0.0,0.0,0.0,0.0,0.0,0.0,0.0,0.0,1.1568812332641187,11.701625635773938
135,3559.5413,9.078682437703316,0.7409777045249939,10.544744402509819,10.544744402509819,0.0,0.0,0.0,0.0,0.0,0.0,0.0,0.0,1.151179775431449,11.695924177941269
136,3560.3604,7.711607682447575,0.7237829566001892,10.544744402509819,10.544744402509819,0.0,0.0,0.0,0.0,0.0,0.0,0.0,0.0,1.1694500568102375,11.714194459320057
137,3561.1814,8.601575891524961,0.7213427424430847,10.544744402509819,10.544744402509819,0.0,0.0,0.0,0.0,0.0,0.0,0.0,0.0,1.1712302760775786,11.715974678587397
138,3562.0005,8.29196808685101,0.7042849659919739,10.544744402509819,10.544744402509819,0.0,0.0,0.0,0.0,0.0,0.0,0.0,0.0,1.1681778634663729,11.712922265976191
139,3562.822,7.35767529000615,0.6882649064064026,10.544744402509819,10.544744402509819,0.0,0.0,0.0,0.0,0.0,0.0,0.0,0.0,1.164424204927932,11.709168607437752
140,3563.6416,6.789650840439358,0.671055793762207,10.544744402509819,10.544744402509819,0.0,0.0,0.0,0.0,0.0,0.0,0.0,0.0,1.1440773776392552,11.688821780149073
141,3564.4614,7.434164828235524,0.6854802370071411,10.544744402509819,10.544744402509819,0.0,0.0,0.0,0.0,0.0,0.0,0.0,0.0,1.105984860485179,11.650729262994998
142,3565.284,8.495233127587081,0.7156446576118469,10.544744402509819,10.544744402509819,0.0,0.0,0.0,0.0,0.0,0.0,0.0,0.0,1.0378355293343053,11.582579931844124
143,3566.104,6.716110143505304,0.689016580581665,10.544744402509819,10.544744402509819,0.0,0.0,0.0,0.0,0.0,0.0,0.0,0.0,1.0035496617925475,11.548294064302366
144,3566.9265,7.890124686774287,0.703971803188324,10.544744402509819,10.544744402509819,0.0,0.0,0.0,0.0,0.0,0.0,0.0,0.0,0.9997907795343062,11.544535182044125
145,3567.7468,8.5173505733704,0.7046701908111572,10.544744402509819,10.544744402509819,0.0,0.0,0.0,0.0,0.0,0.0,0.0,0.0,0.9766565372253033,11.521400939735122
146,3568.5696,7.982106980447319,0.7019330263137817,10.544744402509819,10.544744402509819,0.0,0.0,0.0,0.0,0.0,0.0,0.0,0.0,0.9764749439911578,11.521219346500978
147,3569.3909,7.571855111376224,0.6892616748809814,10.544744402509819,10.544744402509819,0.0,0.0,0.0,0.0,0.0,0.0,0.0,0.0,0.9832396075568814,11.5279840100667
148,3570.2136,7.7053464809102845,0.6796807050704956,10.544744402509819,10.544744402509819,0.0,0.0,0.0,0.0,0.0,0.0,0.0,0.0,0.9811836323099299,11.52592803481975
149,3571.0352,7.230941911908163,0.6742327213287354,10.544744402509819,10.544744402509819,0.0,0.0,0.0,0.0,0.0,0.0,0.0,0.0,1.010701040057169,11.555445442566988
150,3571.8567,7.076245904707662,0.6651289463043213,10.544744402509819,10.544744402509819,0.0,0.0,0.0,0.0,0.0,0.0,0.0,0.0,1.031376241898783,11.576120644408602
151,3572.6802,7.258111412862066,0.665461003780365,10.544744402509819,10.544744402509819,0.0,0.0,0.0,0.0,0.0,0.0,0.0,0.0,1.0441594764201605,11.58890387892998
152,3573.5022,8.391734281526581,0.666144847869873,10.544744402509819,10.544744402509819,0.0,0.0,0.0,0.0,0.0,0.0,0.0,0.0,1.060111841215119,11.604856243724939
153,3574.3262,8.700514461362655,0.6620908379554749,10.544744402509819,10.544744402509819,0.0,0.0,0.0,0.0,0.0,0.0,0.0,0.0,1.0713752252218187,11.616119627731639
154,3575.1484,6.807124078916509,0.6437410712242126,10.544744402509819,10.544744402509819,0.0,0.0,0.0,0.0,0.0,0.0,0.0,0.0,1.07818323309521,11.622927635605029
155,3575.973,7.604901494919089,0.6590728163719177,10.544744402509819,10.544744402509819,0.0,0.0,0.0,0.0,0.0,0.0,0.0,0.0,1.078978357375833,11.623722759885652
156,3576.7957,8.11264645339151,0.6794496774673462,10.544744402509819,10.544744402509819,0.0,0.0,0.0,0.0,0.0,0.0,0.0,0.0,1.059254295815032,11.603998698324851
157,3577.6184,7.623409444113641,0.6939542293548584,10.544744402509819,10.544744402509819,0.0,0.0,0.0,0.0,0.0,0.0,0.0,0.0,1.0516136348048162,11.596358037314635
158,3578.4434,8.310031576086436,0.6821753978729248,10.544744402509819,10.544744402509819,0.0,0.0,0.0,0.0,0.0,0.0,0.0,0.0,1.010575609277334,11.555320011787153
159,3579.2666,9.152488772774563,0.6819534301757812,10.544744402509819,10.544744402509819,0.0,0.0,0.0,0.0,0.0,0.0,0.0,0.0,0.967482502555027,11.512226905064846
160,3580.0918,7.483005758420825,0.6532040238380432,10.544744402509819,10.544744402509819,0.0,0.0,0.0,0.0,0.0,0.0,0.0,0.0,0.9480598009663821,11.4928042034762
161,3580.9153,6.425510219419754,0.6285984516143799,10.544744402509819,10.544744402509819,0.0,0.0,0.0,0.0,0.0,0.0,0.0,0.0,0.9335591279618376,11.478303530471656
162,3581.7412,7.75252778784476,0.6452226638793945,10.544744402509819,10.544744402509819,0.0,0.0,0.0,0.0,0.0,0.0,0.0,0.0,0.9078716491059234,11.452616051615742
163,3582.5652,6.418727714845508,0.625446617603302,10.544744402509819,10.544744402509819,0.0,0.0,0.0,0.0,0.0,0.0,0.0,0.0,0.8919555355817381,11.436699938091557
164,3583.3894,6.431781109886143,0.6275473237037659,10.544744402509819,10.544744402509819,0.0,0.0,0.0,0.0,0.0,0.0,0.0,0.0,0.883875552101162,11.428619954610982
165,3584.2156,8.143485462167947,0.6365339159965515,10.544744402509819,10.544744402509819,0.0,0.0,0.0,0.0,0.0,0.0,0.0,0.0,0.8726306801050028,11.417375082614821
166,3585.0403,7.46982140296819,0.6360495090484619,10.544744402509819,10.544744402509819,0.0,0.0,0.0,0.0,0.0,0.0,0.0,0.0,0.8550019765484116,11.39974637905823
167,3585.867,7.770040873876397,0.6358234882354736,10.544744402509819,10.544744402509819,0.0,0.0,0.0,0.0,0.0,0.0,0.0,0.0,0.8785349088994823,11.423279311409301
168,3586.692,7.2059268316500695,0.6291816830635071,10.544744402509819,10.544744402509819,0.0,0.0,0.0,0.0,0.0,0.0,0.0,0.0,0.906293932510087,11.451038335019906
169,3587.5188,7.1832345242075375,0.6218137741088867,10.544744402509819,10.544744402509819,0.0,0.0,0.0,0.0,0.0,0.0,0.0,0.0,0.9264094119496888,11.471153814459507
170,3588.3442,7.436277153213849,0.6242271661758423,10.544744402509819,10.544744402509819,0.0,0.0,0.0,0.0,0.0,0.0,0.0,0.0,0.9713757017055844,11.516120104215403
171,3589.1697,7.386684545994202,0.6279541850090027,10.544744402509819,10.544744402509819,0.0,0.0,0.0,0.0,0.0,0.0,0.0,0.0,1.0158957152362673,11.560640117746086
172,3589.9973,7.511084746290554,0.6348037123680115,10.544744402509819,10.544744402509819,0.0,0.0,0.0,0.0,0.0,0.0,0.0,0.0,1.0603368769394264,11.605081279449244
173,3590.8232,8.57869752723988,0.6548933386802673,10.544744402509819,10.544744402509819,0.0,0.0,0.0,0.0,0.0,0.0,0.0,0.0,1.1180492989319952,11.662793701441814
174,3591.6514,6.888341854399288,0.6410614848136902,10.544744402509819,10.544744402509819,0.0,0.0,0.0,0.0,0.0,0.0,0.0,0.0,1.1746197239698524,11.719364126479672
175,3592.478,7.226484913111447,0.6420325040817261,10.544744402509819,10.544744402509819,0.0,0.0,0.0,0.0,0.0,0.0,0.0,0.0,1.224110942601444,11.768855345111263
176,3593.3066,7.546087054254971,0.645372748374939,10.544744402509819,10.544744402509819,0.0,0.0,0.0,0.0,0.0,0.0,0.0,0.0,1.2500631532645599,11.794807555774378
177,3594.133,7.247848424964116,0.6445525288581848,10.544744402509819,10.544744402509819,0.0,0.0,0.0,0.0,0.0,0.0,0.0,0.0,1.2558585071037556,11.800602909613575
178,3594.9604,8.14027559358738,0.6597875952720642,10.544744402509819,10.544744402509819,0.0,0.0,0.0,0.0,0.0,0.0,0.0,0.0,1.2811321059975809,11.825876508507399
179,3595.7893,7.155215686021908,0.6423903107643127,10.544744402509819,10.544744402509819,0.0,0.0,0.0,0.0,0.0,0.0,0.0,0.0,1.3354602401865887,11.880204642696407
180,3596.6165,7.895668029600094,0.6541408896446228,10.544744402509819,10.544744402509819,0.0,0.0,0.0,0.0,0.0,0.0,0.0,0.0,1.3757581712666056,11.920502573776425
181,3597.4458,7.8841528656867075,0.6502277851104736,10.544744402509819,10.544744402509819,0.0,0.0,0.0,0.0,0.0,0.0,0.0,0.0,1.3822303053948357,11.926974707904655
182,3598.2732,7.65455794002964,0.6456625461578369,10.544744402509819,10.544744402509819,0.0,0.0,0.0,0.0,0.0,0.0,0.0,0.0,1.3953335318331521,11.940077934342971
183,3599.1033,7.923737087875972,0.6428760886192322,10.544744402509819,10.544744402509819,0.0,0.0,0.0,0.0,0.0,0.0,0.0,0.0,1.3961414903100633,11.940885892819882
184,3599.9312,8.17998945530468,0.6611196398735046,10.544744402509819,10.544744402509819,0.0,0.0,0.0,0.0,0.0,0.0,0.0,0.0,1.3731416482109453,11.917886050720764
185,3600.7593,8.517212149115196,0.6605427861213684,10.544744402509819,10.544744402509819,0.0,0.0,0.0,0.0,0.0,0.0,0.0,0.0,1.3712947402280664,11.916039142737885
186,3601.5896,7.287231441127581,0.6315009593963623,10.544744402509819,10.544744402509819,0.0,0.0,0.0,0.0,0.0,0.0,0.0,0.0,1.339771274936872,11.884515677446691
187,3602.4182,7.804579038240857,0.6423077583312988,10.544744402509819,10.544744402509819,0.0,0.0,0.0,0.0,0.0,0.0,0.0,0.0,1.2876164726234005,11.832360875133219
188,3603.2488,8.533710263585094,0.6525130271911621,10.544744402509819,10.544744402509819,0.0,0.0,0.0,0.0,0.0,0.0,0.0,0.0,1.2549888865003553,11.799733289010174
189,3604.078,8.422627782989903,0.6641038060188293,10.544744402509819,10.544744402509819,0.0,0.0,0.0,0.0,0.0,0.0,0.0,0.0,1.2194353578792383,11.764179760389057
190,3604.909,8.310690648478746,0.6711435317993164,10.544744402509819,10.544744402509819,0.0,0.0,0.0,0.0,0.0,0.0,0.0,0.0,1.1914198327834615,11.73616423529328
191,3605.7383,7.511669053957598,0.6767199039459229,10.544744402509819,10.544744402509819,0.0,0.0,0.0,0.0,0.0,0.0,0.0,0.0,1.1885949230931834,11.733339325603001
192,3606.5679,8.527074351682916,0.6798198819160461,10.544744402509819,10.544744402509819,0.0,0.0,0.0,0.0,0.0,0.0,0.0,0.0,1.1629528852555602,11.707697287765379
193,3607.3994,8.22719569609258,0.6901570558547974,10.544744402509819,10.544744402509819,0.0,0.0,0.0,0.0,0.0,0.0,0.0,0.0,1.1377602060070293,11.682504608516847
194,3608.2292,7.98796107234951,0.6838443875312805,10.544744402509819,10.544744402509819,0.0,0.0,0.0,0.0,0.0,0.0,0.0,0.0,1.1432807260513695,11.688025128561188
195,3609.0615,8.37542042321154,0.6704455614089966,10.544744402509819,10.544744402509819,0.0,0.0,0.0,0.0,0.0,0.0,0.0,0.0,1.124715952215705,11.669460354725524
196,3609.8916,7.877745963266759,0.6602414846420288,10.544744402509819,10.544744402509819,0.0,0.0,0.0,0.0,0.0,0.0,0.0,0.0,1.131220482656093,11.675964885165913
197,3610.724,7.808499493126625,0.6597956418991089,10.544744402509819,10.544744402509819,0.0,0.0,0.0,0.0,0.0,0.0,0.0,0.0,1.1694620470955428,11.714206449605362
198,3611.555,7.735698267829997,0.6702424883842468,10.544744402509819,10.544744402509819,0.0,0.0,0.0,0.0,0.0,0.0,0.0,0.0,1.1888174563521325,11.733561858861952
199,3612.3857,7.39413486362288,0.6628514528274536,10.544744402509819,10.544744402509819,0.0,0.0,0.0,0.0,0.0,0.0,0.0,0.0,1.2200771725099322,11.76482157501975
200,3613.2185,7.6320523018004405,0.6695123314857483,10.544744402509819,10.544744402509819,0.0,0.0,0.0,0.0,0.0,0.0,0.0,0.0,1.2366515403626455,11.781395942872464
201,3614.0498,8.129177178167529,0.6737573146820068,10.544744402509819,10.544744402509819,0.0,0.0,0.0,0.0,0.0,0.0,0.0,0.0,1.2268761741884278,11.771620576698247
202,3614.883,7.896664662166042,0.6527217030525208,10.544744402509819,10.544744402509819,0.0,0.0,0.0,0.0,0.0,0.0,0.0,0.0,1.2382230331464572,11.782967435656277
203,3615.7146,8.07770422663826,0.6429463028907776,10.544744402509819,10.544744402509819,0.0,0.0,0.0,0.0,0.0,0.0,0.0,0.0,1.2407209518895717,11.78546535439939
204,3616.5483,7.798604978166942,0.6418843269348145,10.544744402509819,10.544744402509819,0.0,0.0,0.0,0.0,0.0,0.0,0.0,0.0,1.2176084388862805,11.7623528413961
205,3617.3804,7.628851605279397,0.6360984444618225,10.544744402509819,10.544744402509819,0.0,0.0,0.0,0.0,0.0,0.0,0.0,0.0,1.2066452971864234,11.751389699696242
206,3618.2126,7.3358851855153,0.6280278563499451,10.544744402509819,10.544744402509819,0.0,0.0,0.0,0.0,0.0,0.0,0.0,0.0,1.169465881074055,11.714210283583874
207,3619.0469,7.098392442172006,0.6144279837608337,10.544744402509819,10.544744402509819,0.0,0.0,0.0,0.0,0.0,0.0,0.0,0.0,1.1484652009554348,11.693209603465254
208,3619.8796,7.264994011345783,0.6056243181228638,10.544744402509819,10.544744402509819,0.0,0.0,0.0,0.0,0.0,0.0,0.0,0.0,1.1677223582831235,11.712466760792942
209,3620.7144,6.674432211380281,0.5896914005279541,10.544744402509819,10.544744402509819,0.0,0.0,0.0,0.0,0.0,0.0,0.0,0.0,1.220226830978118,11.764971233487937
210,3621.547,7.180264573557245,0.5939956307411194,10.544744402509819,10.544744402509819,0.0,0.0,0.0,0.0,0.0,0.0,0.0,0.0,1.2702816910911932,11.815026093601013
211,3622.3823,7.480502249320872,0.6006217002868652,10.544744402509819,10.544744402509819,0.0,0.0,0.0,0.0,0.0,0.0,0.0,0.0,1.294972299018972,11.839716701528792
212,3623.2158,7.577647859754933,0.6024023294448853,10.544744402509819,10.544744402509819,0.0,0.0,0.0,0.0,0.0,0.0,0.0,0.0,1.3543141534896963,11.899058555999515
213,3624.049,7.588992354304597,0.5983850955963135,10.544744402509819,10.544744402509819,0.0,0.0,0.0,0.0,0.0,0.0,0.0,0.0,1.3979384928633716,11.94268289537319
214,3624.885,7.114461994322239,0.5879386067390442,10.544744402509819,10.544744402509819,0.0,0.0,0.0,0.0,0.0,0.0,0.0,0.0,1.4262160299697533,11.970960432479572
215,3625.7192,6.759207518728959,0.5765013694763184,10.544744402509819,10.544744402509819,0.0,0.0,0.0,0.0,0.0,0.0,0.0,0.0,1.455787865487349,12.000532267997167
216,3626.5554,7.35566524998442,0.587685227394104,10.544744402509819,10.544744402509819,0.0,0.0,0.0,0.0,0.0,0.0,0.0,0.0,1.4750213192294475,12.019765721739267
217,3627.3896,8.319086822767495,0.594119131565094,10.544744402509819,10.544744402509819,0.0,0.0,0.0,0.0,0.0,0.0,0.0,0.0,1.4821235806748878,12.026867983184706
218,3628.2263,8.216723504406632,0.5903717875480652,10.544744402509819,10.544744402509819,0.0,0.0,0.0,0.0,0.0,0.0,0.0,0.0,1.4385718676026449,11.983316270112464
219,3629.0608,7.802617528589174,0.5828471779823303,10.544744402509819,10.544744402509819,0.0,0.0,0.0,0.0,0.0,0.0,0.0,0.0,1.3800339911862165,11.924778393696036
220,3629.8958,8.55694365746599,0.5828062891960144,10.544744402509819,10.544744402509819,0.0,0.0,0.0,0.0,0.0,0.0,0.0,0.0,1.3181478952683847,11.862892297778204
221,3630.7327,7.899835710071803,0.5707364082336426,10.544744402509819,10.544744402509819,0.0,0.0,0.0,0.0,0.0,0.0,0.0,0.0,1.2491491989858143,11.793893601495633
222,3631.5679,6.805642173328587,0.550938069820404,10.544744402509819,10.544744402509819,0.0,0.0,0.0,0.0,0.0,0.0,0.0,0.0,1.2207803272817648,11.765524729791583
223,3632.4053,7.108119763618094,0.5495766401290894,10.544744402509819,10.544744402509819,0.0,0.0,0.0,0.0,0.0,0.0,0.0,0.0,1.210916720146554,11.755661122656374
224,3633.2407,6.506322334025093,0.537269115447998,10.544744402509819,10.544744402509819,0.0,0.0,0.0,0.0,0.0,0.0,0.0,0.0,1.2071471712849653,11.751891573794785
225,3634.0789,5.451529558982451,0.5287714004516602,10.544744402509819,10.544744402509819,0.0,0.0,0.0,0.0,0.0,0.0,0.0,0.0,1.2349056636432814,11.779650066153101
226,3634.9148,6.764319759663168,0.558434247970581,10.544744402509819,10.544744402509819,0.0,0.0,0.0,0.0,0.0,0.0,0.0,0.0,1.2760874211229647,11.820831823632783
227,3635.753,7.715345301217681,0.5899471044540405,10.544744402509819,10.544744402509819,0.0,0.0,0.0,0.0,0.0,0.0,0.0,0.0,1.3130284170440378,11.857772819553857
228,3636.5894,7.410845573605657,0.5886043310165405,10.544744402509819,10.544744402509819,0.0,0.0,0.0,0.0,0.0,0.0,0.0,0.0,1.3480989378079173,11.892843340317736
229,3637.426,6.955586409173823,0.5858505368232727,10.544744402509819,10.544744402509819,0.0,0.0,0.0,0.0,0.0,0.0,0.0,0.0,1.3973827604428763,11.942127162952696
230,3638.2646,7.1083247483435335,0.5936765670776367,10.544744402509819,10.544744402509819,0.0,0.0,0.0,0.0,0.0,0.0,0.0,0.0,1.4371187865075405,11.981863189017359
231,3639.1016,7.412706084512109,0.6051432490348816,10.544744402509819,10.544744402509819,0.0,0.0,0.0,0.0,0.0,0.0,0.0,0.0,1.4549906775728512,11.99973508008267
232,3639.941,7.3505395339588615,0.5991522073745728,10.544744402509819,10.544744402509819,0.0,0.0,0.0,0.0,0.0,0.0,0.0,0.0,1.4634481979747325,12.008192600484552
233,3640.778,8.063340996800077,0.6007253527641296,10.544744402509819,10.544744402509819,0.0,0.0,0.0,0.0,0.0,0.0,0.0,0.0,1.4633828648942584,12.008127267404078
234,3641.618,7.79357945725637,0.6009847521781921,10.544744402509819,10.544744402509819,0.0,0.0,0.0,0.0,0.0,0.0,0.0,0.0,1.4403635282782983,11.985107930788118
235,3642.4556,8.521229031667797,0.6138757467269897,10.544744402509819,10.544744402509819,0.0,0.0,0.0,0.0,0.0,0.0,0.0,0.0,1.4002425640963623,11.944986966606182
236,3643.2942,8.826073916990477,0.6170648336410522,10.544744402509819,10.544744402509819,0.0,0.0,0.0,0.0,0.0,0.0,0.0,0.0,1.3640134014299334,11.908757803939752
237,3644.1343,8.293044389025997,0.6070340871810913,10.544744402509819,10.544744402509819,0.0,0.0,0.0,0.0,0.0,0.0,0.0,0.0,1.3248211734129667,11.869565575922785
238,3644.9724,8.211109372857209,0.5986349582672119,10.544744402509819,10.544744402509819,0.0,0.0,0.0,0.0,0.0,0.0,0.0,0.0,1.2935178549259954,11.838262257435815
239,3645.813,7.6882092359166165,0.5958065390586853,10.544744402509819,10.544744402509819,0.0,0.0,0.0,0.0,0.0,0.0,0.0,0.0,1.2829936144251806,11.827738016935
240,3646.6514,8.39084128524585,0.59663325548172,10.544744402509819,10.544744402509819,0.0,0.0,0.0,0.0,0.0,0.0,0.0,0.0,1.2596819004841302,11.80442630299395
241,3647.4924,8.003457492931721,0.5959258675575256,10.544744402509819,10.544744402509819,0.0,0.0,0.0,0.0,0.0,0.0,0.0,0.0,1.2472243842045085,11.791968786714328
242,3648.3315,7.580513249867148,0.5898249745368958,10.544744402509819,10.544744402509819,0.0,0.0,0.0,0.0,0.0,0.0,0.0,0.0,1.251567591197305,11.796311993707125
243,3649.171,7.917337126645146,0.587826132774353,10.544744402509819,10.544744402509819,0.0,0.0,0.0,0.0,0.0,0.0,0.0,0.0,1.275964074221554,11.820708476731372
244,3650.0125,7.811694089599254,0.57349693775177,10.544744402509819,10.544744402509819,0.0,0.0,0.0,0.0,0.0,0.0,0.0,0.0,1.3089018424075813,11.8536462449174
245,3650.852,6.851729160273642,0.5629099607467651,10.544744402509819,10.544744402509819,0.0,0.0,0.0,0.0,0.0,0.0,0.0,0.0,1.3591568413132722,11.903901243823091
246,3651.6938,8.170169069838366,0.585568368434906,10.544744402509819,10.544744402509819,0.0,0.0,0.0,0.0,0.0,0.0,0.0,0.0,1.4088142370464007,11.95355863955622
247,3652.534,7.1418232181155865,0.5760785341262817,10.544744402509819,10.544744402509819,0.0,0.0,0.0,0.0,0.0,0.0,0.0,0.0,1.4423957607662494,11.987140163276068
248,3653.3765,7.385163791242608,0.5801871418952942,10.544744402509819,10.544744402509819,0.0,0.0,0.0,0.0,0.0,0.0,0.0,0.0,1.466110699113838,12.010855101623656
249,3654.2168,8.846785660442576,0.5953956842422485,10.544744402509819,10.544744402509819,0.0,0.0,0.0,0.0,0.0,0.0,0.0,0.0,1.5086926263005878,12.053437028810407
250,3655.0574,7.46536404217272,0.5801260471343994,10.544744402509819,10.544744402509819,0.0,0.0,0.0,0.0,0.0,0.0,0.0,0.0,1.5517305699488628,12.096474972458681
251,3655.9004,8.074474350669897,0.5849926471710205,10.544744402509819,10.544744402509819,0.0,0.0,0.0,0.0,0.0,0.0,0.0,0.0,1.5785512764663328,12.123295678976152
252,3656.7417,8.796481250204165,0.5940448045730591,10.544744402509819,10.544744402509819,0.0,0.0,0.0,0.0,0.0,0.0,0.0,0.0,1.6073788419589212,12.15212324446874
253,3657.585,8.151375062983211,0.5791103839874268,10.544744402509819,10.544744402509819,0.0,0.0,0.0,0.0,0.0,0.0,0.0,0.0,1.6125419063161057,12.157286308825924
254,3658.4265,8.129987938385494,0.5759860873222351,10.544744402509819,10.544744402509819,0.0,0.0,0.0,0.0,0.0,0.0,0.0,0.0,1.615749137420171,12.16049353992999
255,3659.2703,8.578065352538566,0.5629395246505737,10.544744402509819,10.544744402509819,0.0,0.0,0.0,0.0,0.0,0.0,0.0,0.0,1.622230095764657,12.166974498274476
256,3660.1118,7.716276711866908,0.560759425163269,10.544744402509819,10.544744402509819,0.0,0.0,0.0,0.0,0.0,0.0,0.0,0.0,1.610781126573033,12.155525529082851
257,3660.9536,8.245682786562986,0.5609210729598999,10.544744402509819,10.544744402509819,0.0,0.0,0.0,0.0,0.0,0.0,0.0,0.0,1.6061476959199248,12.150892098429743
258,3661.798,9.247009768897263,0.5627691149711609,10.544744402509819,10.544744402509819,0.0,0.0,0.0,0.0,0.0,0.0,0.0,0.0,1.5974488111198268,12.142193213629646
259,3662.6404,8.604955769227177,0.5590388774871826,10.544744402509819,10.544744402509819,0.0,0.0,0.0,0.0,0.0,0.0,0.0,0.0,1.58480062420544,12.12954502671526
260,3663.4849,7.765901812195591,0.538033664226532,10.544744402509819,10.544744402509819,0.0,0.0,0.0,0.0,0.0,0.0,0.0,0.0,1.5481936849357563,12.092938087445575
261,3664.3276,7.576665189349499,0.5237666964530945,10.544744402509819,10.544744402509819,0.0,0.0,0.0,0.0,0.0,0.0,0.0,0.0,1.5374228691221805,12.082167271631999
262,3665.1729,7.643228178082036,0.5344777703285217,10.544744402509819,10.544744402509819,0.0,0.0,0.0,0.0,0.0,0.0,0.0,0.0,1.5543416690248977,12.099086071534717
263,3666.0159,8.917424365281239,0.5604957342147827,10.544744402509819,10.544744402509819,0.0,0.0,0.0,0.0,0.0,0.0,0.0,0.0,1.5360105788715939,12.080754981381412
264,3666.8594,7.722241701123018,0.5590789914131165,10.544744402509819,10.544744402509819,0.0,0.0,0.0,0.0,0.0,0.0,0.0,0.0,1.5449187145263967,12.089663117036215
265,3667.7048,7.522212380027117,0.561935544013977,10.544744402509819,10.544744402509819,0.0,0.0,0.0,0.0,0.0,0.0,0.0,0.0,1.54281199588841,12.08755639839823
266,3668.5486,7.875168340294371,0.5722193717956543,10.544744402509819,10.544744402509819,0.0,0.0,0.0,0.0,0.0,0.0,0.0,0.0,1.5196375679087544,12.064381970418573
267,3669.3948,7.978059064408621,0.5836364030838013,10.544744402509819,10.544744402509819,0.0,0.0,0.0,0.0,0.0,0.0,0.0,0.0,1.520182360151926,12.064926762661745
268,3670.2388,8.443524515479982,0.5889291763305664,10.544744402509819,10.544744402509819,0.0,0.0,0.0,0.0,0.0,0.0,0.0,0.0,1.5318210960922842,12.076565498602104
269,3671.0852,8.398761631347309,0.592592716217041,10.544744402509819,10.544744402509819,0.0,0.0,0.0,0.0,0.0,0.0,0.0,0.0,1.5448266254886276,12.089571027998446
270,3671.93,7.9761881127756284,0.5821259021759033,10.544744402509819,10.544744402509819,0.0,0.0,0.0,0.0,0.0,0.0,0.0,0.0,1.5529142126638245,12.097658615173643
271,3672.7744,7.7645374822833215,0.5859150886535645,10.544744402509819,10.544744402509819,0.0,0.0,0.0,0.0,0.0,0.0,0.0,0.0,1.5779021692059363,12.122646571715755
272,3673.6216,7.841263693179345,0.5847519040107727,10.544744402509819,10.544744402509819,0.0,0.0,0.0,0.0,0.0,0.0,0.0,0.0,1.5830002609832525,12.127744663493072
273,3674.4663,8.254965969593655,0.5973464846611023,10.544744402509819,10.544744402509819,0.0,0.0,0.0,0.0,0.0,0.0,0.0,0.0,1.5677030596421841,12.112447462152003
274,3675.3135,8.616194865137553,0.6369061470031738,10.544744402509819,10.544744402509819,0.0,0.0,0.0,0.0,0.0,0.0,0.0,0.0,1.55431256589272,12.09905696840254
275,3676.1592,7.621643576736733,0.6166465282440186,10.544744402509819,10.544744402509819,0.0,0.0,0.0,0.0,0.0,0.0,0.0,0.0,1.527943100814537,12.072687503324357
276,3677.0068,8.256041760044425,0.5902231931686401,10.544744402509819,10.544744402509819,0.0,0.0,0.0,0.0,0.0,0.0,0.0,0.0,1.4849460176655362,12.029690420175355
277,3677.8528,7.9796241297785775,0.5933775305747986,10.544744402509819,10.544744402509819,0.0,0.0,0.0,0.0,0.0,0.0,0.0,0.0,1.4558731541569694,12.00061755666679
278,3678.699,8.7578310577085,0.6062512993812561,10.544744402509819,10.544744402509819,0.0,0.0,0.0,0.0,0.0,0.0,0.0,0.0,1.4205470474550732,11.965291449964893
279,3679.5474,9.533322451368065,0.6049882769584656,10.544744402509819,10.544744402509819,0.0,0.0,0.0,0.0,0.0,0.0,0.0,0.0,1.423740269884376,11.968484672394196
280,3680.3936,7.340147015648174,0.5778146386146545,10.544744402509819,10.544744402509819,0.0,0.0,0.0,0.0,0.0,0.0,0.0,0.0,1.4366960553357127,11.981440457845531
281,3681.2424,7.4692249289889805,0.5835962295532227,10.544744402509819,10.544744402509819,0.0,0.0,0.0,0.0,0.0,0.0,0.0,0.0,1.4225196846584807,11.9672640871683
282,3682.0894,9.053138333601213,0.6073510050773621,10.544744402509819,10.544744402509819,0.0,0.0,0.0,0.0,0.0,0.0,0.0,0.0,1.4098953425462473,11.954639745056067
283,3682.9385,8.307137473084993,0.5986776947975159,10.544744402509819,10.544744402509819,0.0,0.0,0.0,0.0,0.0,0.0,0.0,0.0,1.4367342157577807,11.9814786182676
284,3683.7856,8.222933870527758,0.6014726161956787,10.544744402509819,10.544744402509819,0.0,0.0,0.0,0.0,0.0,0.0,0.0,0.0,1.4339407861494886,11.978685188659307
285,3684.633,8.869067635915481,0.6076391339302063,10.544744402509819,10.544744402509819,0.0,0.0,0.0,0.0,0.0,0.0,0.0,0.0,1.412422690012253,11.957167092522072
286,3685.483,7.731123705968585,0.6069039106369019,10.544744402509819,10.544744402509819,0.0,0.0,0.0,0.0,0.0,0.0,0.0,0.0,1.4041054047491883,11.948849807259007
287,3686.3308,9.455121871525428,0.6287232041358948,10.544744402509819,10.544744402509819,0.0,0.0,0.0,0.0,0.0,0.0,0.0,0.0,1.3933078083451769,11.938052210854996
288,3687.1807,7.786916529859886,0.6070351004600525,10.544744402509819,10.544744402509819,0.0,0.0,0.0,0.0,0.0,0.0,0.0,0.0,1.4028656127792738,11.947610015289094
289,3688.0288,7.547508573281206,0.589202880859375,10.544744402509819,10.544744402509819,0.0,0.0,0.0,0.0,0.0,0.0,0.0,0.0,1.413245821250044,11.957990223759863
290,3688.8796,8.014400372175674,0.586539089679718,10.544744402509819,10.544744402509819,0.0,0.0,0.0,0.0,0.0,0.0,0.0,0.0,1.4523268845992294,11.997071287109048
291,3689.7283,7.795153386358901,0.5858280658721924,10.544744402509819,10.544744402509819,0.0,0.0,0.0,0.0,0.0,0.0,0.0,0.0,1.5123169352963717,12.057061337806191
292,3690.5771,7.602381760947598,0.5801573395729065,10.544744402509819,10.544744402509819,0.0,0.0,0.0,0.0,0.0,0.0,0.0,0.0,1.5709075380636324,12.115651940573452
293,3691.4282,7.014941961933634,0.5835989713668823,10.544744402509819,10.544744402509819,0.0,0.0,0.0,0.0,0.0,0.0,0.0,0.0,1.6033632443651937,12.148107646875012
294,3692.2773,7.986582211240506,0.6004553437232971,10.544744402509819,10.544744402509819,0.0,0.0,0.0,0.0,0.0,0.0,0.0,0.0,1.6055799210226775,12.150324323532496
295,3693.129,7.128984291613497,0.5950371026992798,10.544744402509819,10.544744402509819,0.0,0.0,0.0,0.0,0.0,0.0,0.0,0.0,1.590136687695585,12.134881090205404
296,3693.9785,8.263094682153282,0.6180186867713928,10.544744402509819,10.544744402509819,0.0,0.0,0.0,0.0,0.0,0.0,0.0,0.0,1.59519980484623,12.139944207356049
297,3694.8303,9.878977069165288,0.626143217086792,10.544744402509819,10.544744402509819,0.0,0.0,0.0,0.0,0.0,0.0,0.0,0.0,1.5972783477048296,12.142022750214648
298,3695.6804,7.03234449266629,0.5976849794387817,10.544744402509819,10.544744402509819,0.0,0.0,0.0,0.0,0.0,0.0,0.0,0.0,1.610701886423065,12.155446288932884
299,3696.5305,8.081055066954788,0.600716233253479,10.544744402509819,10.544744402509819,0.0,0.0,0.0,0.0,0.0,0.0,0.0,0.0,1.6383691807869123,12.18311358329673
300,3697.3833,8.501737515022153,0.6048467755317688,10.544744402509819,10.544744402509819,0.0,0.0,0.0,0.0,0.0,0.0,0.0,0.0,1.6774435839158344,12.222187986425654
301,3698.234,8.309977136328405,0.5993610620498657,10.544744402509819,10.544744402509819,0.0,0.0,0.0,0.0,0.0,0.0,0.0,0.0,1.7061866896603646,12.250931092170184
302,3699.0867,7.4187064535827485,0.5840757489204407,10.544744402509819,10.544744402509819,0.0,0.0,0.0,0.0,0.0,0.0,0.0,0.0,1.6907457940368802,12.2354901965467
303,3699.9375,7.316102016177446,0.5962381958961487,10.544744402509819,10.544744402509819,0.0,0.0,0.0,0.0,0.0,0.0,0.0,0.0,1.680267345699995,12.225011748209814
304,3700.7908,9.16278930165456,0.6250344514846802,10.544744402509819,10.544744402509819,0.0,0.0,0.0,0.0,0.0,0.0,0.0,0.0,1.673092885235089,12.217837287744908
305,3701.642,8.561769732526592,0.6237114667892456,10.544744402509819,10.544744402509819,0.0,0.0,0.0,0.0,0.0,0.0,0.0,0.0,1.6355626496755562,12.180307052185375
306,3702.4956,8.685046708224544,0.6090182662010193,10.544744402509819,10.544744402509819,0.0,0.0,0.0,0.0,0.0,0.0,0.0,0.0,1.5747837666289717,12.11952816913879
307,3703.3474,8.473533323185997,0.6125585436820984,10.544744402509819,10.544744402509819,0.0,0.0,0.0,0.0,0.0,0.0,0.0,0.0,1.524190256220742,12.06893465873056
308,3704.1995,8.825401468941863,0.6104605197906494,10.544744402509819,10.544744402509819,0.0,0.0,0.0,0.0,0.0,0.0,0.0,0.0,1.4425686162021807,11.987313018712
309,3705.0537,9.318524954351581,0.6213325262069702,10.544744402509819,10.544744402509819,0.0,0.0,0.0,0.0,0.0,0.0,0.0,0.0,1.3711456083925602,11.915890010902379
310,3705.906,8.524433147972742,0.6035268306732178,10.544744402509819,10.544744402509819,0.0,0.0,0.0,0.0,0.0,0.0,0.0,0.0,1.32874487631925,11.87348927882907
311,3706.7607,8.543364366422098,0.5932279825210571,10.544744402509819,10.544744402509819,0.0,0.0,0.0,0.0,0.0,0.0,0.0,0.0,1.318312803377706,11.863057205887525
312,3707.6135,8.536078667777089,0.5924199223518372,10.544744402509819,10.544744402509819,0.0,0.0,0.0,0.0,0.0,0.0,0.0,0.0,1.34460332380006,11.889347726309879
313,3708.4683,7.285160679903914,0.5684056878089905,10.544744402509819,10.544744402509819,0.0,0.0,0.0,0.0,0.0,0.0,0.0,0.0,1.3763383435335863,11.921082746043405
314,3709.3215,7.412272018317476,0.5700278282165527,10.544744402509819,10.544744402509819,0.0,0.0,0.0,0.0,0.0,0.0,0.0,0.0,1.4226707993705123,11.967415201880332
315,3710.1748,8.005587668014853,0.5666491389274597,10.544744402509819,10.544744402509819,0.0,0.0,0.0,0.0,0.0,0.0,0.0,0.0,1.4981822065579007,12.04292660906772
316,3711.0305,6.146338303335217,0.5578384399414062,10.544744402509819,10.544744402509819,0.0,0.0,0.0,0.0,0.0,0.0,0.0,0.0,1.5827004120273327,12.127444814537151
317,3711.8838,6.65932245100695,0.5630607008934021,10.544744402509819,10.544744402509819,0.0,0.0,0.0,0.0,0.0,0.0,0.0,0.0,1.6555350319032054,12.200279434413025
318,3712.74,7.148528061320127,0.569439172744751,10.544744402509819,10.544744402509819,0.0,0.0,0.0,0.0,0.0,0.0,0.0,0.0,1.7024746318561421,12.247219034365962
319,3713.594,7.112205756846167,0.5769534707069397,10.544744402509819,10.544744402509819,0.0,0.0,0.0,0.0,0.0,0.0,0.0,0.0,1.7220399249165275,12.266784327426347
320,3714.4502,7.245876335315879,0.565175473690033,10.544744402509819,10.544744402509819,0.0,0.0,0.0,0.0,0.0,0.0,0.0,0.0,1.7527694471548239,12.297513849664643
321,3715.305,8.515741596918788,0.5845462679862976,10.544744402509819,10.544744402509819,0.0,0.0,0.0,0.0,0.0,0.0,0.0,0.0,1.7353789704029896,12.280123372912808
322,3716.1597,9.805590249057465,0.5911591649055481,10.544744402509819,10.544744402509819,0.0,0.0,0.0,0.0,0.0,0.0,0.0,0.0,1.6850961675685123,12.22984057007833
323,3717.0166,7.470879447058303,0.5711471438407898,10.544744402509819,10.544744402509819,0.0,0.0,0.0,0.0,0.0,0.0,0.0,0.0,1.6680346612180639,12.212779063727883
324,3717.8716,9.926201245861739,0.5876156091690063,10.544744402509819,10.544744402509819,0.0,0.0,0.0,0.0,0.0,0.0,0.0,0.0,1.6510120414917762,12.195756444001596
325,3718.729,9.456394078787662,0.5781114101409912,10.544744402509819,10.544744402509819,0.0,0.0,0.0,0.0,0.0,0.0,0.0,0.0,1.6339408134852877,12.178685215995106
326,3719.5845,7.84743650622956,0.5615495443344116,10.544744402509819,10.544744402509819,0.0,0.0,0.0,0.0,0.0,0.0,0.0,0.0,1.6169084721029596,12.161652874612779
327,3720.4424,8.40263200362158,0.5648062229156494,10.544744402509819,10.544744402509819,0.0,0.0,0.0,0.0,0.0,0.0,0.0,0.0,1.599827522440431,12.14457192495025
328,3721.2983,9.327227739450477,0.5609641075134277,10.544744402509819,10.544744402509819,0.0,0.0,0.0,0.0,0.0,0.0,0.0,0.0,1.582785459402063,12.127529861911881
329,3722.1548,7.802926298436876,0.54313725233078,10.544744402509819,10.544744402509819,0.0,0.0,0.0,0.0,0.0,0.0,0.0,0.0,1.5657336747076547,12.110478077217474
330,3723.013,8.079253213053402,0.5400226712226868,10.544744402509819,10.544744402509819,0.0,0.0,0.0,0.0,0.0,0.0,0.0,0.0,1.548647864217106,12.093392266726925
331,3723.8694,9.506372556036384,0.5550500750541687,10.544744402509819,10.544744402509819,0.0,0.0,0.0,0.0,0.0,0.0,0.0,0.0,1.5315960795226977,12.076340482032517
332,3724.7283,9.855222865087654,0.5623705983161926,10.544744402509819,10.544744402509819,0.0,0.0,0.0,0.0,0.0,0.0,0.0,0.0,1.5144956865480887,12.059240089057909
333,3725.585,10.939542160146214,0.6097865104675293,10.544744402509819,10.544744402509819,0.0,0.0,0.0,0.0,0.0,0.0,0.0,0.0,1.4974390410256606,12.04218344353548
334,3726.444,15.337543028572867,0.6746199131011963,10.544744402509819,10.544744402509819,0.0,0.0,0.0,0.0,0.0,0.0,0.0,0.0,1.4803337872230315,12.02507818973285
335,3727.3013,17.39031877685485,0.7240784168243408,10.544744402509819,10.544744402509819,0.0,0.0,0.0,0.0,0.0,0.0,0.0,0.0,1.4632674200445632,12.008011822554382
336,3728.1587,20.815875417458997,0.7197333574295044,10.544744402509819,10.544744402509819,0.0,0.0,0.0,0.0,0.0,0.0,0.0,0.0,1.4461961920380746,11.990940594547894
337,3729.0188,23.670179298533665,0.7890701293945312,10.544744402509819,10.544744402509819,0.0,0.0,0.0,0.0,0.0,0.0,0.0,0.0,1.4290714949233654,11.973815897433184
338,3729.8765,24.739995484414074,0.8012288212776184,10.544744402509819,10.544744402509819,0.0,0.0,0.0,0.0,0.0,0.0,0.0,0.0,1.4119954060888569,11.956739808598677
339,3730.7366,24.458583880869604,0.7710450887680054,10.544744402509819,10.544744402509819,0.0,0.0,0.0,0.0,0.0,0.0,0.0,0.0,1.3948707089741474,11.939615111483967
340,3731.5947,23.00469381550566,0.7613179087638855,10.544744402509819,10.544744402509819,0.0,0.0,0.0,0.0,0.0,0.0,0.0,0.0,1.3777848984835988,11.922529300993418
341,3732.4553,18.66693550356352,0.7077833414077759,10.544744402509819,10.544744402509819,0.0,0.0,0.0,0.0,0.0,0.0,0.0,0.0,1.3606504797128494,11.905394882222668
342,3733.314,14.74174549799038,0.6569709181785583,10.544744402509819,10.544744402509819,0.0,0.0,0.0,0.0,0.0,0.0,0.0,0.0,1.3435549475662605,11.88829935007608
343,3734.1726,12.367606632248785,0.6171198487281799,10.544744402509819,10.544744402509819,0.0,0.0,0.0,0.0,0.0,0.0,0.0,0.0,1.3264594154196716,11.87120381792949
344,3735.0337,10.026524950226845,0.6032805442810059,10.544744402509819,10.544744402509819,0.0,0.0,0.0,0.0,0.0,0.0,0.0,0.0,1.309315274992882,11.8540596775027
345,3735.893,7.994622880714427,0.5919932126998901,10.544744402509819,10.544744402509819,0.0,0.0,0.0,0.0,0.0,0.0,0.0,0.0,1.2922051603622329,11.836949562872052
346,3736.7544,7.640655243785643,0.5769648551940918,10.544744402509819,10.544744402509819,0.0,0.0,0.0,0.0,0.0,0.0,0.0,0.0,1.2750561591074234,11.819800561617242
347,3737.6143,6.392193472253728,0.5337384343147278,10.544744402509819,10.544744402509819,0.0,0.0,0.0,0.0,0.0,0.0,0.0,0.0,1.257936322820734,11.802680725330553
348,3738.476,6.218038013480992,0.5084245800971985,10.544744402509819,10.544744402509819,0.0,0.0,0.0,0.0,0.0,0.0,0.0,0.0,1.3456788749467417,11.890423277456561
349,3739.3362,6.643791353203397,0.5202113389968872,10.544744402509819,10.544744402509819,0.0,0.0,0.0,0.0,0.0,0.0,0.0,0.0,1.4288404827341028,11.973584885243922
350,3740.1963,7.432610185373545,0.5287870168685913,10.544744402509819,10.544744402509819,0.0,0.0,0.0,0.0,0.0,0.0,0.0,0.0,1.4917663023583883,12.036510704868206
351,3741.059,7.85413208937363,0.528913140296936,10.544744402509819,10.544744402509819,0.0,0.0,0.0,0.0,0.0,0.0,0.0,0.0,1.5063224699525422,12.05106687246236
352,3741.9197,7.509011050259049,0.5210339426994324,10.544744402509819,10.544744402509819,0.0,0.0,0.0,0.0,0.0,0.0,0.0,0.0,1.5059931077609712,12.05073751027079
353,3742.7825,8.70449100815055,0.5358246564865112,10.544744402509819,10.544744402509819,0.0,0.0,0.0,0.0,0.0,0.0,0.0,0.0,1.4769636503577508,12.02170805286757
354,3743.6433,8.434310796794097,0.5392980575561523,10.544744402509819,10.544744402509819,0.0,0.0,0.0,0.0,0.0,0.0,0.0,0.0,1.4168692798050238,11.961613682314843
355,3744.5068,8.246575164086508,0.525446891784668,10.544744402509819,10.544744402509819,0.0,0.0,0.0,0.0,0.0,0.0,0.0,0.0,1.3736783988407373,11.918422801350555
356,3745.368,8.027697224850828,0.5113922953605652,10.544744402509819,10.544744402509819,0.0,0.0,0.0,0.0,0.0,0.0,0.0,0.0,1.2906707332180203,11.835415135727839
357,3746.2297,7.996123731710378,0.5112613439559937,10.544744402509819,10.544744402509819,0.0,0.0,0.0,0.0,0.0,0.0,0.0,0.0,1.2120309466343477,11.756775349144167
358,3747.0935,8.714465360637327,0.5217456817626953,10.544744402509819,10.544744402509819,0.0,0.0,0.0,0.0,0.0,0.0,0.0,0.0,1.178807039265016,11.723551441774834
359,3747.9556,7.86957872596934,0.5180199146270752,10.544744402509819,10.544744402509819,0.0,0.0,0.0,0.0,0.0,0.0,0.0,0.0,1.1806055239085895,11.725349926418408
360,3748.8198,7.649994650131219,0.5181187987327576,10.544744402509819,10.544744402509819,0.0,0.0,0.0,0.0,0.0,0.0,0.0,0.0,1.211416444534309,11.756160847044129
361,3749.6821,7.322675021518612,0.5138866901397705,10.544744402509819,10.544744402509819,0.0,0.0,0.0,0.0,0.0,0.0,0.0,0.0,1.2466675917016028,11.791411994211423
362,3750.547,6.931579511125079,0.5034623742103577,10.544744402509819,10.544744402509819,0.0,0.0,0.0,0.0,0.0,0.0,0.0,0.0,1.2991066766190615,11.84385107912888
363,3751.41,6.426494382826883,0.5019559860229492,10.544744402509819,10.544744402509819,0.0,0.0,0.0,0.0,0.0,0.0,0.0,0.0,1.387673116715353,11.932417519225172
364,3752.2727,6.145216194755275,0.5089296102523804,10.544744402509819,10.544744402509819,0.0,0.0,0.0,0.0,0.0,0.0,0.0,0.0,1.4749763330157215,12.01972073552554
365,3753.138,8.07547970897638,0.5376168489456177,10.544744402509819,10.544744402509819,0.0,0.0,0.0,0.0,0.0,0.0,0.0,0.0,1.553335941963562,12.09808034447338
366,3754.002,7.557694367210421,0.5341250896453857,10.544744402509819,10.544744402509819,0.0,0.0,0.0,0.0,0.0,0.0,0.0,0.0,1.6336422645644813,12.1783866670743
367,3754.8674,7.921178807365597,0.5340036153793335,10.544744402509819,10.544744402509819,0.0,0.0,0.0,0.0,0.0,0.0,0.0,0.0,1.6712045773389927,12.215948979848811
368,3755.7317,7.9349948908927495,0.5323615670204163,10.544744402509819,10.544744402509819,0.0,0.0,0.0,0.0,0.0,0.0,0.0,0.0,1.6668756459114495,12.211620048421269
369,3756.5977,7.894095807845951,0.5388912558555603,10.544744402509819,10.544744402509819,0.0,0.0,0.0,0.0,0.0,0.0,0.0,0.0,1.643434137527584,12.188178540037402
370,3757.462,9.7096181514912,0.5498384237289429,10.544744402509819,10.544744402509819,0.0,0.0,0.0,0.0,0.0,0.0,0.0,0.0,1.6058554050273546,12.150599807537173
371,3758.3264,8.916106355607958,0.543441653251648,10.544744402509819,10.544744402509819,0.0,0.0,0.0,0.0,0.0,0.0,0.0,0.0,1.5656317349071793,12.110376137417
372,3759.193,9.69837170724498,0.5450581312179565,10.544744402509819,10.544744402509819,0.0,0.0,0.0,0.0,0.0,0.0,0.0,0.0,1.5430461775816788,12.087790580091498
373,3760.0579,9.227913972792846,0.535882294178009,10.544744402509819,10.544744402509819,0.0,0.0,0.0,0.0,0.0,0.0,0.0,0.0,1.5324572353980717,12.07720163790789
374,3760.925,8.50739836502877,0.5243011713027954,10.544744402509819,10.544744402509819,0.0,0.0,0.0,0.0,0.0,0.0,0.0,0.0,1.545579196921914,12.090323599431732
375,3761.7903,8.525038617046677,0.5303239822387695,10.544744402509819,10.544744402509819,0.0,0.0,0.0,0.0,0.0,0.0,0.0,0.0,1.5670605727116231,12.111804975221443
376,3762.6577,8.343363439068385,0.5373924374580383,10.544744402509819,10.544744402509819,0.0,0.0,0.0,0.0,0.0,0.0,0.0,0.0,1.5824750313905993,12.127219433900418
377,3763.5232,8.592185759580913,0.5435330271720886,10.544744402509819,10.544744402509819,0.0,0.0,0.0,0.0,0.0,0.0,0.0,0.0,1.5769550561539514,12.12169945866377
378,3764.3892,8.866866233853438,0.5429244041442871,10.544744402509819,10.544744402509819,0.0,0.0,0.0,0.0,0.0,0.0,0.0,0.0,1.5632904739102333,12.108034876420053
379,3765.257,8.919308700189042,0.5421304702758789,10.544744402509819,10.544744402509819,0.0,0.0,0.0,0.0,0.0,0.0,0.0,0.0,1.5606565097718965,12.105400912281716
380,3766.1233,8.556816598616184,0.5231393575668335,10.544744402509819,10.544744402509819,0.0,0.0,0.0,0.0,0.0,0.0,0.0,0.0,1.5526375563520771,12.097381958861895
381,3766.9917,8.344746319369975,0.5303691625595093,10.544744402509819,10.544744402509819,0.0,0.0,0.0,0.0,0.0,0.0,0.0,0.0,1.5403035005763135,12.085047903086132
382,3767.8584,8.649371588767165,0.5328487753868103,10.544744402509819,10.544744402509819,0.0,0.0,0.0,0.0,0.0,0.0,0.0,0.0,1.52742723172844,12.07217163423826
383,3768.727,7.685300879320754,0.5156054496765137,10.544744402509819,10.544744402509819,0.0,0.0,0.0,0.0,0.0,0.0,0.0,0.0,1.5517291499761212,12.09647355248594
384,3769.5942,7.5541159082191935,0.5070722103118896,10.544744402509819,10.544744402509819,0.0,0.0,0.0,0.0,0.0,0.0,0.0,0.0,1.6082032751304156,12.152947677640235
385,3770.4636,7.800453902151985,0.503475546836853,10.544744402509819,10.544744402509819,0.0,0.0,0.0,0.0,0.0,0.0,0.0,0.0,1.6630747309656904,12.207819133475509
386,3771.3308,7.420858584076191,0.5065237283706665,10.544744402509819,10.544744402509819,0.0,0.0,0.0,0.0,0.0,0.0,0.0,0.0,1.6791408437192192,12.223885246229038
387,3772.1985,7.186145325072297,0.50968998670578,10.544744402509819,10.544744402509819,0.0,0.0,0.0,0.0,0.0,0.0,0.0,0.0,1.6770233913583672,12.221767793868185
388,3773.0684,7.994517460712059,0.5172600150108337,10.544744402509819,10.544744402509819,0.0,0.0,0.0,0.0,0.0,0.0,0.0,0.0,1.7078283873714368,12.252572789881256
389,3773.9363,7.033925561338079,0.5097421407699585,10.544744402509819,10.544744402509819,0.0,0.0,0.0,0.0,0.0,0.0,0.0,0.0,1.7601055818503974,12.304849984360217
390,3774.8066,7.427955196538246,0.507920503616333,10.544744402509819,10.544744402509819,0.0,0.0,0.0,0.0,0.0,0.0,0.0,0.0,1.8145632284495468,12.359307630959366
391,3775.6748,7.249065900769238,0.5047369003295898,10.544744402509819,10.544744402509819,0.0,0.0,0.0,0.0,0.0,0.0,0.0,0.0,1.8239197483396488,12.368664150849467
392,3776.5457,7.692470946306948,0.5085368752479553,10.544744402509819,10.544744402509819,0.0,0.0,0.0,0.0,0.0,0.0,0.0,0.0,1.8544889307072123,12.399233333217031
393,3777.4143,8.709030794412906,0.5250449776649475,10.544744402509819,10.544744402509819,0.0,0.0,0.0,0.0,0.0,0.0,0.0,0.0,1.9152568108727395,12.460001213382558
394,3778.2834,8.492417618594422,0.53624427318573,10.544744402509819,10.544744402509819,0.0,0.0,0.0,0.0,0.0,0.0,0.0,0.0,1.964891150631652,12.509635553141472
395,3779.1545,9.08858879918986,0.5364537835121155,10.544744402509819,10.544744402509819,0.0,0.0,0.0,0.0,0.0,0.0,0.0,0.0,2.0084628212935383,12.553207223803357
396,3780.024,9.095018679123486,0.5248008966445923,10.544744402509819,10.544744402509819,0.0,0.0,0.0,0.0,0.0,0.0,0.0,0.0,2.0342909751123535,12.579035377622173
397,3780.8958,8.707534067679614,0.5163189172744751,10.544744402509819,10.544744402509819,0.0,0.0,0.0,0.0,0.0,0.0,0.0,0.0,2.0577724050987065,12.602516807608525
398,3781.7656,8.102644960912379,0.5053054690361023,10.544744402509819,10.544744402509819,0.0,0.0,0.0,0.0,0.0,0.0,0.0,0.0,2.0756387304938717,12.62038313300369
399,3782.6375,8.627626986749164,0.5076352953910828,10.544744402509819,10.544744402509819,0.0,0.0,0.0,0.0,0.0,0.0,0.0,0.0,2.0772518203187076,12.621996222828527
400,3783.508,10.665685070373458,0.5373623967170715,10.544744402509819,10.544744402509819,0.0,0.0,0.0,0.0,0.0,0.0,0.0,0.0,2.0482231251221474,12.592967527631966
401,3784.378,9.546051519307499,0.5298888087272644,10.544744402509819,10.544744402509819,0.0,0.0,0.0,0.0,0.0,0.0,0.0,0.0,2.0060038395792206,12.550748242089039
402,3785.2507,9.310579513132403,0.5232856273651123,10.544744402509819,10.544744402509819,0.0,0.0,0.0,0.0,0.0,0.0,0.0,0.0,1.9534900440575391,12.498234446567357
403,3786.1213,9.191095564612628,0.5136270523071289,10.544744402509819,10.544744402509819,0.0,0.0,0.0,0.0,0.0,0.0,0.0,0.0,1.884506013146162,12.42925041565598
404,3786.9949,9.298154550318074,0.514855146408081,10.544744402509819,10.544744402509819,0.0,0.0,0.0,0.0,0.0,0.0,0.0,0.0,1.8047993605095618,12.34954376301938
405,3787.866,10.038810493488807,0.5233668088912964,10.544744402509819,10.544744402509819,0.0,0.0,0.0,0.0,0.0,0.0,0.0,0.0,1.7559092025561154,12.300653605065934
406,3788.7395,10.455167116191944,0.5245034694671631,10.544744402509819,10.544744402509819,0.0,0.0,0.0,0.0,0.0,0.0,0.0,0.0,1.7208277568549304,12.26557215936475
407,3789.6108,8.649549938578092,0.5067437887191772,10.544744402509819,10.544744402509819,0.0,0.0,0.0,0.0,0.0,0.0,0.0,0.0,1.692104838948763,12.236849241458582
408,3790.483,9.253723338013174,0.5096156001091003,10.544744402509819,10.544744402509819,0.0,0.0,0.0,0.0,0.0,0.0,0.0,0.0,1.6586969348139746,12.203441337323794
409,3791.3574,9.430845197106052,0.5206003189086914,10.544744402509819,10.544744402509819,0.0,0.0,0.0,0.0,0.0,0.0,0.0,0.0,1.6430702844613299,12.187814686971148
410,3792.2292,8.418442272676085,0.503594160079956,10.544744402509819,10.544744402509819,0.0,0.0,0.0,0.0,0.0,0.0,0.0,0.0,1.6204809908737206,12.16522539338354
411,3793.1038,7.9374445647011305,0.5045950412750244,10.544744402509819,10.544744402509819,0.0,0.0,0.0,0.0,0.0,0.0,0.0,0.0,1.5721341401328537,12.116878542642672
412,3793.9766,8.81694960337319,0.5037106871604919,10.544744402509819,10.544744402509819,0.0,0.0,0.0,0.0,0.0,0.0,0.0,0.0,1.5336048628743684,12.078349265384187
413,3794.8516,8.040829398331255,0.4896405041217804,10.544744402509819,10.544744402509819,0.0,0.0,0.0,0.0,0.0,0.0,0.0,0.0,1.4922316291956006,12.03697603170542
414,3795.7244,8.164450945894673,0.48692816495895386,10.544744402509819,10.544744402509819,0.0,0.0,0.0,0.0,0.0,0.0,0.0,0.0,1.4674593782020062,12.012203780711825
415,3796.598,8.26922343253364,0.48481446504592896,10.544744402509819,10.544744402509819,0.0,0.0,0.0,0.0,0.0,0.0,0.0,0.0,1.4823062610698756,12.027050663579695
416,3797.473,8.005163033189719,0.48423299193382263,10.544744402509819,10.544744402509819,0.0,0.0,0.0,0.0,0.0,0.0,0.0,0.0,1.5013143227673118,12.046058725277131
417,3798.3472,7.322198622011428,0.4747360646724701,10.544744402509819,10.544744402509819,0.0,0.0,0.0,0.0,0.0,0.0,0.0,0.0,1.5067370011575172,12.051481403667337
418,3799.2227,6.601170022789612,0.46841439604759216,10.544744402509819,10.544744402509819,0.0,0.0,0.0,0.0,0.0,0.0,0.0,0.0,1.5044036313851932,12.049148033895012
419,3800.0962,7.43280458025461,0.4822154939174652,10.544744402509819,10.544744402509819,0.0,0.0,0.0,0.0,0.0,0.0,0.0,0.0,1.527855400519316,12.072599803029135
420,3800.973,7.250468914262068,0.48815104365348816,10.544744402509819,10.544744402509819,0.0,0.0,0.0,0.0,0.0,0.0,0.0,0.0,1.6009915425860766,12.145735945095895
421,3801.8472,7.239191845562061,0.4785158634185791,10.544744402509819,10.544744402509819,0.0,0.0,0.0,0.0,0.0,0.0,0.0,0.0,1.688473864887158,12.233218267396976
422,3802.7222,6.584001506224254,0.4678438603878021,10.544744402509819,10.544744402509819,0.0,0.0,0.0,0.0,0.0,0.0,0.0,0.0,1.767399822816273,12.312144225326092
423,3803.5984,6.558724486160227,0.47620290517807007,10.544744402509819,10.544744402509819,0.0,0.0,0.0,0.0,0.0,0.0,0.0,0.0,1.814557946395925,12.359302348905743
424,3804.4739,8.99780922706651,0.5019963979721069,10.544744402509819,10.544744402509819,0.0,0.0,0.0,0.0,0.0,0.0,0.0,0.0,1.858327094954974,12.403071497464794
425,3805.3513,8.901029833635171,0.5088357329368591,10.544744402509819,10.544744402509819,0.0,0.0,0.0,0.0,0.0,0.0,0.0,0.0,1.8691155826245942,12.413859985134414
426,3806.2266,9.179260667064803,0.5108619928359985,10.544744402509819,10.544744402509819,0.0,0.0,0.0,0.0,0.0,0.0,0.0,0.0,1.8694492023199625,12.414193604829782
427,3807.1045,9.524153671344076,0.5123558640480042,10.544744402509819,10.544744402509819,0.0,0.0,0.0,0.0,0.0,0.0,0.0,0.0,1.8773222350279954,12.422066637537814
428,3807.9797,8.745097452461318,0.5031461715698242,10.544744402509819,10.544744402509819,0.0,0.0,0.0,0.0,0.0,0.0,0.0,0.0,1.887946790397569,12.432691192907388
429,3808.8562,7.926100067355563,0.4953066408634186,10.544744402509819,10.544744402509819,0.0,0.0,0.0,0.0,0.0,0.0,0.0,0.0,1.9047972638822304,12.449541666392049
430,3809.7344,8.80614581979734,0.5066254138946533,10.544744402509819,10.544744402509819,0.0,0.0,0.0,0.0,0.0,0.0,0.0,0.0,1.9249971779443598,12.469741580454178
431,3810.6108,8.706426659145812,0.5149257779121399,10.544744402509819,10.544744402509819,0.0,0.0,0.0,0.0,0.0,0.0,0.0,0.0,1.9233579248995973,12.468102327409417
432,3811.4893,9.562833117501793,0.5155224800109863,10.544744402509819,10.544744402509819,0.0,0.0,0.0,0.0,0.0,0.0,0.0,0.0,1.8964459428619767,12.441190345371796
433,3812.3667,9.598662954886887,0.5090703368186951,10.544744402509819,10.544744402509819,0.0,0.0,0.0,0.0,0.0,0.0,0.0,0.0,1.8395675596394805,12.3843119621493
434,3813.2456,9.705863731651482,0.5139621496200562,10.544744402509819,10.544744402509819,0.0,0.0,0.0,0.0,0.0,0.0,0.0,0.0,1.777510863990608,12.322255266500427
435,3814.1233,9.693334145158117,0.5095674991607666,10.544744402509819,10.544744402509819,0.0,0.0,0.0,0.0,0.0,0.0,0.0,0.0,1.7206816248003791,12.265426027310198
436,3815.0007,8.56897977351456,0.5033483505249023,10.544744402509819,10.544744402509819,0.0,0.0,0.0,0.0,0.0,0.0,0.0,0.0,1.673909630782316,12.218654033292134
437,3815.8806,9.846497938303367,0.5107443332672119,10.544744402509819,10.544744402509819,0.0,0.0,0.0,0.0,0.0,0.0,0.0,0.0,1.6530233171897977,12.197767719699616
438,3816.7583,9.661145428978557,0.5016113519668579,10.544744402509819,10.544744402509819,0.0,0.0,0.0,0.0,0.0,0.0,0.0,0.0,1.6105325419076744,12.155276944417494
439,3817.638,7.162759087410485,0.4833243489265442,10.544744402509819,10.544744402509819,0.0,0.0,0.0,0.0,0.0,0.0,0.0,0.0,1.5904347678751596,12.135179170384978
440,3818.5166,7.823875346331687,0.48439162969589233,10.544744402509819,10.544744402509819,0.0,0.0,0.0,0.0,0.0,0.0,0.0,0.0,1.5788336609314968,12.123578063441316
441,3819.397,10.375355061622656,0.5149067640304565,10.544744402509819,10.544744402509819,0.0,0.0,0.0,0.0,0.0,0.0,0.0,0.0,1.5720793637313473,12.116823766241167
442,3820.276,8.76238221526272,0.500909686088562,10.544744402509819,10.544744402509819,0.0,0.0,0.0,0.0,0.0,0.0,0.0,0.0,1.5434077322470448,12.088152134756864
443,3821.1545,9.615712687839215,0.5009852647781372,10.544744402509819,10.544744402509819,0.0,0.0,0.0,0.0,0.0,0.0,0.0,0.0,1.507594540249163,12.052338942758983
444,3822.036,8.811210214860523,0.4958679676055908,10.544744402509819,10.544744402509819,0.0,0.0,0.0,0.0,0.0,0.0,0.0,0.0,1.4983229043411361,12.043067306850954
445,3822.915,8.485342655374598,0.49101418256759644,10.544744402509819,10.544744402509819,0.0,0.0,0.0,0.0,0.0,0.0,0.0,0.0,1.467279758260656,12.012024160770475
446,3823.7966,8.09057357817284,0.4802440404891968,10.544744402509819,10.544744402509819,0.0,0.0,0.0,0.0,0.0,0.0,0.0,0.0,1.4430701443613398,11.987814546871158
447,3824.6763,8.097348321078853,0.4720855951309204,10.544744402509819,10.544744402509819,0.0,0.0,0.0,0.0,0.0,0.0,0.0,0.0,1.4203623646511279,11.965106767160947
448,3825.5586,9.537231053007343,0.4807034432888031,10.544744402509819,10.544744402509819,0.0,0.0,0.0,0.0,0.0,0.0,0.0,0.0,1.3819593537919745,11.926703756301794
449,3826.439,8.022630169849746,0.47474929690361023,10.544744402509819,10.544744402509819,0.0,0.0,0.0,0.0,0.0,0.0,0.0,0.0,1.3413939924427345,11.886138394952553
450,3827.3188,8.294150576502838,0.4729185700416565,10.544744402509819,10.544744402509819,0.0,0.0,0.0,0.0,0.0,0.0,0.0,0.0,1.3231227541856385,11.867867156695457
451,3828.2017,7.948799706214758,0.46689939498901367,10.544744402509819,10.544744402509819,0.0,0.0,0.0,0.0,0.0,0.0,0.0,0.0,1.299106024986414,11.843850427496232
452,3829.082,7.584915452760908,0.454910010099411,10.544744402509819,10.544744402509819,0.0,0.0,0.0,0.0,0.0,0.0,0.0,0.0,1.2676855985696578,11.812430001079477
453,3829.965,8.093179558516917,0.4621928632259369,10.544744402509819,10.544744402509819,0.0,0.0,0.0,0.0,0.0,0.0,0.0,0.0,1.2418462288365988,11.786590631346417
454,3830.846,8.317288136263544,0.46782469749450684,10.544744402509819,10.544744402509819,0.0,0.0,0.0,0.0,0.0,0.0,0.0,0.0,1.220449710110967,11.765194112620787
455,3831.73,7.478263354120279,0.4607885479927063,10.544744402509819,10.544744402509819,0.0,0.0,0.0,0.0,0.0,0.0,0.0,0.0,1.1844249011897794,11.729169303699598
456,3832.6108,7.754587183235164,0.4541706442832947,10.544744402509819,10.544744402509819,0.0,0.0,0.0,0.0,0.0,0.0,0.0,0.0,1.1653699777145434,11.710114380224363
457,3833.4932,7.8571575631162,0.46070683002471924,10.544744402509819,10.544744402509819,0.0,0.0,0.0,0.0,0.0,0.0,0.0,0.0,1.2076331625918078,11.752377565101627
458,3834.3767,6.780695327923356,0.44208836555480957,10.544744402509819,10.544744402509819,0.0,0.0,0.0,0.0,0.0,0.0,0.0,0.0,1.2651001127504726,11.809844515260291
459,3835.2588,5.94472819573638,0.43979501724243164,10.544744402509819,10.544744402509819,0.0,0.0,0.0,0.0,0.0,0.0,0.0,0.0,1.2886969446444796,11.833441347154299
460,3836.1433,6.875998959147497,0.4546201825141907,10.544744402509819,10.544744402509819,0.0,0.0,0.0,0.0,0.0,0.0,0.0,0.0,1.2616648821000618,11.806409284609881
461,3837.0256,6.38731355366886,0.4497635066509247,10.544744402509819,10.544744402509819,0.0,0.0,0.0,0.0,0.0,0.0,0.0,0.0,1.193707755230066,11.738452157739886
462,3837.9104,7.233311442189674,0.4591527283191681,10.544744402509819,10.544744402509819,0.0,0.0,0.0,0.0,0.0,0.0,0.0,0.0,1.1542570316262444,11.699001434136063
463,3838.7932,6.624717079345983,0.45198190212249756,10.544744402509819,10.544744402509819,0.0,0.0,0.0,0.0,0.0,0.0,0.0,0.0,1.1911689413144175,11.735913343824237
464,3839.679,6.365827176979447,0.44898858666419983,10.544744402509819,10.544744402509819,0.0,0.0,0.0,0.0,0.0,0.0,0.0,0.0,1.2438844700542442,11.788628872564063
465,3840.562,7.030672291376406,0.4454245865345001,10.544744402509819,10.544744402509819,0.0,0.0,0.0,0.0,0.0,0.0,0.0,0.0,1.3176467622734964,11.862391164783315
466,3841.4458,6.551876081104936,0.45184630155563354,10.544744402509819,10.544744402509819,0.0,0.0,0.0,0.0,0.0,0.0,0.0,0.0,1.4000711311143026,11.944815533624121
467,3842.3315,6.684643242243281,0.4561404585838318,10.544744402509819,10.544744402509819,0.0,0.0,0.0,0.0,0.0,0.0,0.0,0.0,1.4991421962943172,12.043886598804136
468,3843.215,6.934386634180581,0.46904343366622925,10.544744402509819,10.544744402509819,0.0,0.0,0.0,0.0,0.0,0.0,0.0,0.0,1.5812126166128762,12.125957019122694
469,3844.1013,7.388928100237273,0.4819522798061371,10.544744402509819,10.544744402509819,0.0,0.0,0.0,0.0,0.0,0.0,0.0,0.0,1.6463578494697588,12.191102251979578
470,3844.9858,7.522003882351278,0.5087559819221497,10.544744402509819,10.544744402509819,0.0,0.0,0.0,0.0,0.0,0.0,0.0,0.0,1.6973269053074134,12.242071307817232
471,3845.8726,7.492828394529543,0.5177022218704224,10.544744402509819,10.544744402509819,0.0,0.0,0.0,0.0,0.0,0.0,0.0,0.0,1.7258729680803209,12.27061737059014
472,3846.757,8.04104550093595,0.48808300495147705,10.544744402509819,10.544744402509819,0.0,0.0,0.0,0.0,0.0,0.0,0.0,0.0,1.7241446235757696,12.268889026085589
473,3847.6423,8.325239506809442,0.49326103925704956,10.544744402509819,10.544744402509819,0.0,0.0,0.0,0.0,0.0,0.0,0.0,0.0,1.74088731661585,12.28563171912567
474,3848.529,7.964334112939492,0.486228883266449,10.544744402509819,10.544744402509819,0.0,0.0,0.0,0.0,0.0,0.0,0.0,0.0,1.7561077052978127,12.300852107807632
475,3849.415,8.327063597328738,0.4948289096355438,10.544744402509819,10.544744402509819,0.0,0.0,0.0,0.0,0.0,0.0,0.0,0.0,1.7547788251566123,12.29952322766643
476,3850.3027,8.916380368884907,0.4992932677268982,10.544744402509819,10.544744402509819,0.0,0.0,0.0,0.0,0.0,0.0,0.0,0.0,1.747033632579937,12.291778035089756
477,3851.188,9.208977625156722,0.504443347454071,10.544744402509819,10.544744402509819,0.0,0.0,0.0,0.0,0.0,0.0,0.0,0.0,1.744691922877946,12.289436325387765
478,3852.0767,9.457958825317936,0.505661129951477,10.544744402509819,10.544744402509819,0.0,0.0,0.0,0.0,0.0,0.0,0.0,0.0,1.7487786929926106,12.29352309550243
479,3852.9624,9.168692266288579,0.4925123155117035,10.544744402509819,10.544744402509819,0.0,0.0,0.0,0.0,0.0,0.0,0.0,0.0,1.7539008504716758,12.298645252981494
480,3853.849,8.584014877223082,0.5116503834724426,10.544744402509819,10.544744402509819,0.0,0.0,0.0,0.0,0.0,0.0,0.0,0.0,1.7448091660508447,12.289553568560663
481,3854.7373,9.37694900867652,0.5051594376564026,10.544744402509819,10.544744402509819,0.0,0.0,0.0,0.0,0.0,0.0,0.0,0.0,1.7149508631496513,12.25969526565947
482,3855.6243,9.431244833737003,0.49711817502975464,10.544744402509819,10.544744402509819,0.0,0.0,0.0,0.0,0.0,0.0,0.0,0.0,1.699990288943661,12.24473469145348
483,3856.5134,8.58524669043476,0.48659220337867737,10.544744402509819,10.544744402509819,0.0,0.0,0.0,0.0,0.0,0.0,0.0,0.0,1.6687310851389703,12.21347548764879
484,3857.4006,9.233604574570252,0.4917045533657074,10.544744402509819,10.544744402509819,0.0,0.0,0.0,0.0,0.0,0.0,0.0,0.0,1.6300095077661727,12.174753910275992
485,3858.29,9.567302777114627,0.495961457490921,10.544744402509819,10.544744402509819,0.0,0.0,0.0,0.0,0.0,0.0,0.0,0.0,1.6169041854708233,12.161648587980642
486,3859.1775,9.051300700417022,0.4839349389076233,10.544744402509819,10.544744402509819,0.0,0.0,0.0,0.0,0.0,0.0,0.0,0.0,1.6297982375712592,12.174542640081079
487,3860.0657,8.317187266116623,0.48081839084625244,10.544744402509819,10.544744402509819,0.0,0.0,0.0,0.0,0.0,0.0,0.0,0.0,1.651082082027908,12.195826484537728
488,3860.9556,7.900236810184635,0.4641876518726349,10.544744402509819,10.544744402509819,0.0,0.0,0.0,0.0,0.0,0.0,0.0,0.0,1.6912949433554036,12.236039345865223
489,3861.844,8.214029451982874,0.4693780243396759,10.544744402509819,10.544744402509819,0.0,0.0,0.0,0.0,0.0,0.0,0.0,0.0,1.7444876226020871,12.289232025111906
490,3862.7344,9.10860182233471,0.47943365573883057,10.544744402509819,10.544744402509819,0.0,0.0,0.0,0.0,0.0,0.0,0.0,0.0,1.8122680049357978,12.357012407445616
491,3863.6235,9.330997685461906,0.49183976650238037,10.544744402509819,10.544744402509819,0.0,0.0,0.0,0.0,0.0,0.0,0.0,0.0,1.8678662976923905,12.41261070020221
492,3864.5142,9.8586282017871,0.49122968316078186,10.544744402509819,10.544744402509819,0.0,0.0,0.0,0.0,0.0,0.0,0.0,0.0,1.902658533747568,12.447402936257387
493,3865.4036,10.658352181547105,0.5035713911056519,10.544744402509819,10.544744402509819,0.0,0.0,0.0,0.0,0.0,0.0,0.0,0.0,1.9502512959309224,12.494995698440741
494,3866.2927,11.316595779142272,0.5056038498878479,10.544744402509819,10.544744402509819,0.0,0.0,0.0,0.0,0.0,0.0,0.0,0.0,2.038965477266419,12.583709879776238
495,3867.1843,11.440514483584334,0.5154876708984375,10.544744402509819,10.544744402509819,0.0,0.0,0.0,0.0,0.0,0.0,0.0,0.0,2.189982495175432,12.73472689768525
496,3868.0737,11.427400723480025,0.5242410898208618,10.544744402509819,10.544744402509819,0.0,0.0,0.0,0.0,0.0,0.0,0.0,0.0,2.2913778867494674,12.836122289259286
497,3868.9653,12.719413833470297,0.5393632650375366,10.544744402509819,10.544744402509819,0.0,0.0,0.0,0.0,0.0,0.0,0.0,0.0,2.2672108842421057,12.811955286751925
498,3869.8557,13.913895920605476,0.5500861406326294,10.544744402509819,10.544744402509819,0.0,0.0,0.0,0.0,0.0,0.0,0.0,0.0,2.086960478930657,12.631704881440475
499,3870.748,14.9410306390775,0.5732016563415527,10.544744402509819,10.544744402509819,0.0,0.0,0.0,0.0,0.0,0.0,0.0,0.0,1.902873856161758,12.447618258671577
500,3871.6387,15.64620574686354,0.5762803554534912,10.544744402509819,10.544744402509819,0.0,0.0,0.0,0.0,0.0,0.0,0.0,0.0,1.8038655879753263,12.348609990485144
501,3872.529,14.875132936437176,0.555988609790802,10.544744402509819,10.544744402509819,0.0,0.0,0.0,0.0,0.0,0.0,0.0,0.0,1.7578531322884094,12.302597534798227
502,3873.4226,12.229454413154631,0.5168703198432922,10.544744402509819,10.544744402509819,0.0,0.0,0.0,0.0,0.0,0.0,0.0,0.0,1.7538972943038655,12.298641696813684
503,3874.3132,11.339116545349064,0.5009223818778992,10.544744402509819,10.544744402509819,0.0,0.0,0.0,0.0,0.0,0.0,0.0,0.0,1.776443032592831,12.321187435102651
504,3875.2068,10.267122670481385,0.485880583524704,10.544744402509819,10.544744402509819,0.0,0.0,0.0,0.0,0.0,0.0,0.0,0.0,1.7682996546528926,12.313044057162712
505,3876.0989,9.481856031053956,0.470125675201416,10.544744402509819,10.544744402509819,0.0,0.0,0.0,0.0,0.0,0.0,0.0,0.0,1.7585080436530742,12.303252446162894
506,3876.9924,8.850351091787543,0.4625243842601776,10.544744402509819,10.544744402509819,0.0,0.0,0.0,0.0,0.0,0.0,0.0,0.0,1.7602608238008364,12.305005226310655
507,3877.8845,9.027492949707412,0.4700853228569031,10.544744402509819,10.544744402509819,0.0,0.0,0.0,0.0,0.0,0.0,0.0,0.0,1.7420363929439562,12.286780795453776
508,3878.7764,10.157627475484835,0.4781050980091095,10.544744402509819,10.544744402509819,0.0,0.0,0.0,0.0,0.0,0.0,0.0,0.0,1.7002588389072544,12.245003241417074
509,3879.6711,8.386542662939052,0.46236470341682434,10.544744402509819,10.544744402509819,0.0,0.0,0.0,0.0,0.0,0.0,0.0,0.0,1.6679397970829217,12.21268419959274
510,3880.5632,8.392608632246228,0.4563484489917755,10.544744402509819,10.544744402509819,0.0,0.0,0.0,0.0,0.0,0.0,0.0,0.0,1.650483141740589,12.195227544250407
511,3881.4585,8.708752525290421,0.46800193190574646,10.544744402509819,10.544744402509819,0.0,0.0,0.0,0.0,0.0,0.0,0.0,0.0,1.646782028237411,12.19152643074723
512,3882.351,8.469609425748304,0.461972177028656,10.544744402509819,10.544744402509819,0.0,0.0,0.0,0.0,0.0,0.0,0.0,0.0,1.6497057216515985,12.194450124161417
513,3883.2463,7.994698402625554,0.45458969473838806,10.544744402509819,10.544744402509819,0.0,0.0,0.0,0.0,0.0,0.0,0.0,0.0,1.6393939283070638,12.184138330816882
514,3884.14,7.900458701279913,0.4549593925476074,10.544744402509819,10.544744402509819,0.0,0.0,0.0,0.0,0.0,0.0,0.0,0.0,1.612996689650263,12.157741092160082
515,3885.0334,8.489826595603384,0.46386492252349854,10.544744402509819,10.544744402509819,0.0,0.0,0.0,0.0,0.0,0.0,0.0,0.0,1.6134544255147791,12.158198828024599
516,3885.9297,7.869233574875268,0.45938077569007874,10.544744402509819,10.544744402509819,0.0,0.0,0.0,0.0,0.0,0.0,0.0,0.0,1.656276259414283,12.201020661924101
517,3886.8232,7.401872878207525,0.4494306445121765,10.544744402509819,10.544744402509819,0.0,0.0,0.0,0.0,0.0,0.0,0.0,0.0,1.758963341580072,12.303707744089891
518,3887.7197,7.401206476572766,0.45451658964157104,10.544744402509819,10.544744402509819,0.0,0.0,0.0,0.0,0.0,0.0,0.0,0.0,1.9337544609272337,12.478498863437054
519,3888.6138,7.672004239438008,0.4615265130996704,10.544744402509819,10.544744402509819,0.0,0.0,0.0,0.0,0.0,0.0,0.0,0.0,2.066971285464335,12.611715687974154
520,3889.5107,8.079298906427521,0.4648907780647278,10.544744402509819,10.544744402509819,0.0,0.0,0.0,0.0,0.0,0.0,0.0,0.0,2.0515051554621273,12.596249557971946
521,3890.4053,7.954005925522409,0.45620888471603394,10.544744402509819,10.544744402509819,0.0,0.0,0.0,0.0,0.0,0.0,0.0,0.0,1.9457590891260277,12.490503491635847
522,3891.3,6.7898988326495875,0.43635424971580505,10.544744402509819,10.544744402509819,0.0,0.0,0.0,0.0,0.0,0.0,0.0,0.0,1.8624458710247291,12.407190273534548
523,3892.1975,7.240129067257992,0.44396376609802246,10.544744402509819,10.544744402509819,0.0,0.0,0.0,0.0,0.0,0.0,0.0,0.0,1.8534425956448402,12.398186998154658
524,3893.093,8.306109264205256,0.4554142653942108,10.544744402509819,10.544744402509819,0.0,0.0,0.0,0.0,0.0,0.0,0.0,0.0,1.893632099320135,12.438376501829953
525,3893.991,8.622898325359872,0.4662228226661682,10.544744402509819,10.544744402509819,0.0,0.0,0.0,0.0,0.0,0.0,0.0,0.0,1.9294908195375897,12.474235222047408
526,3894.8867,8.465412269227802,0.45850780606269836,10.544744402509819,10.544744402509819,0.0,0.0,0.0,0.0,0.0,0.0,0.0,0.0,1.9655998843976872,12.510344286907506
527,3895.7852,7.932373871323952,0.4525876045227051,10.544744402509819,10.544744402509819,0.0,0.0,0.0,0.0,0.0,0.0,0.0,0.0,1.9831458430315172,12.527890245541336
528,3896.681,7.724572018879936,0.4520414471626282,10.544744402509819,10.544744402509819,0.0,0.0,0.0,0.0,0.0,0.0,0.0,0.0,2.0008632380780718,12.54560764058789
529,3897.5774,8.530391937782273,0.45818471908569336,10.544744402509819,10.544744402509819,0.0,0.0,0.0,0.0,0.0,0.0,0.0,0.0,2.0229585108261245,12.567702913335943
530,3898.4763,8.393619849343882,0.45713672041893005,10.544744402509819,10.544744402509819,0.0,0.0,0.0,0.0,0.0,0.0,0.0,0.0,2.0457255104583636,12.590469912968182
531,3899.373,7.548275182115565,0.4442354440689087,10.544744402509819,10.544744402509819,0.0,0.0,0.0,0.0,0.0,0.0,0.0,0.0,2.0542505289440056,12.598994931453824
532,3900.2725,8.160585913409356,0.4537908434867859,10.544744402509819,10.544744402509819,0.0,0.0,0.0,0.0,0.0,0.0,0.0,0.0,2.057550874005195,12.602295276515013
533,3901.1694,7.782513924162517,0.4454971253871918,10.544744402509819,10.544744402509819,0.0,0.0,0.0,0.0,0.0,0.0,0.0,0.0,2.0579830927442218,12.60272749525404
534,3902.0698,8.669919216910957,0.44677627086639404,10.544744402509819,10.544744402509819,0.0,0.0,0.0,0.0,0.0,0.0,0.0,0.0,2.0472228881915826,12.591967290701401
535,3902.9673,8.8034525142121,0.44664937257766724,10.544744402509819,10.544744402509819,0.0,0.0,0.0,0.0,0.0,0.0,0.0,0.0,2.024025894601376,12.568770297111195
536,3903.8652,8.259752747971632,0.4520292282104492,10.544744402509819,10.544744402509819,0.0,0.0,0.0,0.0,0.0,0.0,0.0,0.0,2.0145134950093246,12.559257897519144
537,3904.7651,8.364664128183266,0.4558729827404022,10.544744402509819,10.544744402509819,0.0,0.0,0.0,0.0,0.0,0.0,0.0,0.0,2.0165070983181987,12.561251500828018
538,3905.664,9.13113235209439,0.46276283264160156,10.544744402509819,10.544744402509819,0.0,0.0,0.0,0.0,0.0,0.0,0.0,0.0,2.0360839488699645,12.580828351379783
539,3906.5642,8.44193689296083,0.4558679759502411,10.544744402509819,10.544744402509819,0.0,0.0,0.0,0.0,0.0,0.0,0.0,0.0,2.071509914900497,12.616254317410316
540,3907.4626,9.022445588495811,0.46008941531181335,10.544744402509819,10.544744402509819,0.0,0.0,0.0,0.0,0.0,0.0,0.0,0.0,2.1226693101858296,12.667413712695648
541,3908.3643,8.859784046116957,0.4611222445964813,10.544744402509819,10.544744402509819,0.0,0.0,0.0,0.0,0.0,0.0,0.0,0.0,2.197700580653062,12.74244498316288
542,3909.2632,8.503701909913104,0.460509330034256,10.544744402509819,10.544744402509819,0.0,0.0,0.0,0.0,0.0,0.0,0.0,0.0,2.2652790700063297,12.810023472516148
543,3910.1648,8.71173877032618,0.45993050932884216,10.544744402509819,10.544744402509819,0.0,0.0,0.0,0.0,0.0,0.0,0.0,0.0,2.3049839088120034,12.849728311321822
544,3911.0642,8.705378571408701,0.46066734194755554,10.544744402509819,10.544744402509819,0.0,0.0,0.0,0.0,0.0,0.0,0.0,0.0,2.3321246710839754,12.876869073593795
545,3911.9639,8.459396619121502,0.45760974287986755,10.544744402509819,10.544744402509819,0.0,0.0,0.0,0.0,0.0,0.0,0.0,0.0,2.341730814655353,12.886475217165172
546,3912.866,9.360355031982586,0.46893835067749023,10.544744402509819,10.544744402509819,0.0,0.0,0.0,0.0,0.0,0.0,0.0,0.0,2.3524182910764972,12.897162693586317
547,3913.7659,9.76515308302163,0.4700039029121399,10.544744402509819,10.544744402509819,0.0,0.0,0.0,0.0,0.0,0.0,0.0,0.0,2.349346962754737,12.894091365264556
548,3914.6687,10.041599330648255,0.47842642664909363,10.544744402509819,10.544744402509819,0.0,0.0,0.0,0.0,0.0,0.0,0.0,0.0,2.314453068033386,12.859197470543204
549,3915.569,10.40788688019153,0.4810582101345062,10.544744402509819,10.544744402509819,0.0,0.0,0.0,0.0,0.0,0.0,0.0,0.0,2.286495787349973,12.831240189859791
550,3916.472,9.921375012617723,0.4803182780742645,10.544744402509819,10.544744402509819,0.0,0.0,0.0,0.0,0.0,0.0,0.0,0.0,2.2545187709516137,12.799263173461433
551,3917.3733,8.928481167178571,0.4697461426258087,10.544744402509819,10.544744402509819,0.0,0.0,0.0,0.0,0.0,0.0,0.0,0.0,2.2052392307706477,12.749983633280467
552,3918.2744,9.445340784579873,0.4703924059867859,10.544744402509819,10.544744402509819,0.0,0.0,0.0,0.0,0.0,0.0,0.0,0.0,2.1578706183131926,12.70261502082301
553,3919.1777,9.964442379397923,0.477471262216568,10.544744402509819,10.544744402509819,0.0,0.0,0.0,0.0,0.0,0.0,0.0,0.0,2.097005717831082,12.641750120340902
554,3920.0798,9.619432879505787,0.4724816679954529,10.544744402509819,10.544744402509819,0.0,0.0,0.0,0.0,0.0,0.0,0.0,0.0,2.0396075715440176,12.584351974053837
555,3920.9832,9.148202256778871,0.4696076810359955,10.544744402509819,10.544744402509819,0.0,0.0,0.0,0.0,0.0,0.0,0.0,0.0,2.019676847835387,12.564421250345205
556,3921.8853,9.52117680178455,0.4684689939022064,10.544744402509819,10.544744402509819,0.0,0.0,0.0,0.0,0.0,0.0,0.0,0.0,1.9983506335181838,12.543095036028003
557,3922.79,9.246674375029778,0.4606633484363556,10.544744402509819,10.544744402509819,0.0,0.0,0.0,0.0,0.0,0.0,0.0,0.0,1.9772435860908277,12.521987988600646
558,3923.6921,8.322010662360901,0.44745662808418274,10.544744402509819,10.544744402509819,0.0,0.0,0.0,0.0,0.0,0.0,0.0,0.0,1.960899684623963,12.505644087133781
559,3924.595,8.641656754675044,0.4546355903148651,10.544744402509819,10.544744402509819,0.0,0.0,0.0,0.0,0.0,0.0,0.0,0.0,1.9081183689211487,12.452862771430969
560,3925.4998,9.316140860245548,0.4618392884731293,10.544744402509819,10.544744402509819,0.0,0.0,0.0,0.0,0.0,0.0,0.0,0.0,1.8391526044150963,12.383897006924915
561,3926.4033,9.381093444997775,0.459592342376709,10.544744402509819,10.544744402509819,0.0,0.0,0.0,0.0,0.0,0.0,0.0,0.0,1.748895225351346,12.293639627861165
562,3927.3083,9.158131250877668,0.4530308246612549,10.544744402509819,10.544744402509819,0.0,0.0,0.0,0.0,0.0,0.0,0.0,0.0,1.6392692236706723,12.18401362618049
563,3928.2114,8.596694058551135,0.44582778215408325,10.544744402509819,10.544744402509819,0.0,0.0,0.0,0.0,0.0,0.0,0.0,0.0,1.5083598431212288,12.053104245631047
564,3929.1174,9.20504222466029,0.4458017647266388,10.544744402509819,10.544744402509819,0.0,0.0,0.0,0.0,0.0,0.0,0.0,0.0,1.3711925928445932,11.915936995354413
565,3930.0215,8.390873157676353,0.4416579604148865,10.544744402509819,10.544744402509819,0.0,0.0,0.0,0.0,0.0,0.0,0.0,0.0,1.2452867391742335,11.790031141684052
566,3930.9258,7.647829154207163,0.43036624789237976,10.544744402509819,10.544744402509819,0.0,0.0,0.0,0.0,0.0,0.0,0.0,0.0,1.11033811263854,11.65508251514836
567,3931.8318,7.661648595907964,0.41953369975090027,10.544744402509819,10.544744402509819,0.0,0.0,0.0,0.0,0.0,0.0,0.0,0.0,0.9821540469143016,11.52689844942412
568,3932.7366,6.601515918624691,0.3980310559272766,10.544744402509819,10.544744402509819,0.0,0.0,0.0,0.0,0.0,0.0,0.0,0.0,0.9043243828889811,11.4490687853988
569,3933.6436,5.8340383183304025,0.38332247734069824,10.544744402509819,10.544744402509819,0.0,0.0,0.0,0.0,0.0,0.0,0.0,0.0,0.8915585864242365,11.436302988934056
570,3934.5483,6.954912678090039,0.39716172218322754,10.544744402509819,10.544744402509819,0.0,0.0,0.0,0.0,0.0,0.0,0.0,0.0,0.9446291767683586,11.489373579278178
571,3935.4558,6.306614027841766,0.397261381149292,10.544744402509819,10.544744402509819,0.0,0.0,0.0,0.0,0.0,0.0,0.0,0.0,1.0681671039026188,11.612911506412438
572,3936.361,5.899122024579277,0.39914655685424805,10.544744402509819,10.544744402509819,0.0,0.0,0.0,0.0,0.0,0.0,0.0,0.0,1.2064540137813193,11.751198416291139
573,3937.2666,6.277767108534614,0.39950114488601685,10.544744402509819,10.544744402509819,0.0,0.0,0.0,0.0,0.0,0.0,0.0,0.0,1.3398271335613332,11.884571536071153
574,3938.1746,5.185546154991152,0.3972853124141693,10.544744402509819,10.544744402509819,0.0,0.0,0.0,0.0,0.0,0.0,0.0,0.0,1.4808867025222756,12.025631105032094
575,3939.0808,6.426016334869656,0.4263043701648712,10.544744402509819,10.544744402509819,0.0,0.0,0.0,0.0,0.0,0.0,0.0,0.0,1.594959731719699,12.139704134229518
576,3939.9885,6.631649638988087,0.4350961446762085,10.544744402509819,10.544744402509819,0.0,0.0,0.0,0.0,0.0,0.0,0.0,0.0,1.6716741067394523,12.216418509249271
577,3940.896,7.023159692478126,0.42199409008026123,10.544744402509819,10.544744402509819,0.0,0.0,0.0,0.0,0.0,0.0,0.0,0.0,1.7541449568749015,12.29888935938472
578,3941.8044,7.705666745876806,0.4217775762081146,10.544744402509819,10.544744402509819,0.0,0.0,0.0,0.0,0.0,0.0,0.0,0.0,1.7888648855929208,12.333609288102739
579,3942.711,7.921682124575439,0.4285447895526886,10.544744402509819,10.544744402509819,0.0,0.0,0.0,0.0,0.0,0.0,0.0,0.0,1.8175632901584475,12.362307692668267
580,3943.619,7.804544640200119,0.4234200417995453,10.544744402509819,10.544744402509819,0.0,0.0,0.0,0.0,0.0,0.0,0.0,0.0,1.8700407022071077,12.414785104716927
581,3944.5283,8.538374490424426,0.4386964440345764,10.544744402509819,10.544744402509819,0.0,0.0,0.0,0.0,0.0,0.0,0.0,0.0,1.9196600249564337,12.464404427466253
582,3945.4358,8.863761867964367,0.4411686956882477,10.544744402509819,10.544744402509819,0.0,0.0,0.0,0.0,0.0,0.0,0.0,0.0,1.973900828874012,12.51864523138383
583,3946.3455,8.364422114532994,0.43816301226615906,10.544744402509819,10.544744402509819,0.0,0.0,0.0,0.0,0.0,0.0,0.0,0.0,2.0447623413385885,12.589506743848407
584,3947.2534,8.408885748050706,0.4398709833621979,10.544744402509819,10.544744402509819,0.0,0.0,0.0,0.0,0.0,0.0,0.0,0.0,2.1297647646446065,12.674509167154426
585,3948.1636,8.74952944851521,0.4452049136161804,10.544744402509819,10.544744402509819,0.0,0.0,0.0,0.0,0.0,0.0,0.0,0.0,2.180820855134692,12.725565257644512
586,3949.0715,8.159077088603016,0.447365403175354,10.544744402509819,10.544744402509819,0.0,0.0,0.0,0.0,0.0,0.0,0.0,0.0,2.22694452547169,12.77168892798151
587,3949.9802,9.468102854711482,0.4529000520706177,10.544744402509819,10.544744402509819,0.0,0.0,0.0,0.0,0.0,0.0,0.0,0.0,2.265068608301214,12.809813010811034
588,3950.8909,7.876332597336064,0.44011929631233215,10.544744402509819,10.544744402509819,0.0,0.0,0.0,0.0,0.0,0.0,0.0,0.0,2.285698576369991,12.830442978879809
589,3951.8,8.922498741345848,0.4469766318798065,10.544744402509819,10.544744402509819,0.0,0.0,0.0,0.0,0.0,0.0,0.0,0.0,2.3140019987054217,12.85874640121524
590,3952.7112,9.560133778737942,0.45296844840049744,10.544744402509819,10.544744402509819,0.0,0.0,0.0,0.0,0.0,0.0,0.0,0.0,2.3155538204441877,12.860298222954007
591,3953.6208,8.283014369581757,0.44604796171188354,10.544744402509819,10.544744402509819,0.0,0.0,0.0,0.0,0.0,0.0,0.0,0.0,2.2964619869245917,12.841206389434412
592,3954.532,9.145652125007087,0.4534668028354645,10.544744402509819,10.544744402509819,0.0,0.0,0.0,0.0,0.0,0.0,0.0,0.0,2.286063840263909,12.830808242773728
593,3955.4421,9.860063385261771,0.46276137232780457,10.544744402509819,10.544744402509819,0.0,0.0,0.0,0.0,0.0,0.0,0.0,0.0,2.2660800702436004,12.810824472753419
594,3956.3518,9.68150213923937,0.45608827471733093,10.544744402509819,10.544744402509819,0.0,0.0,0.0,0.0,0.0,0.0,0.0,0.0,2.231487477154673,12.776231879664492
595,3957.264,9.201580047716211,0.4467134177684784,10.544744402509819,10.544744402509819,0.0,0.0,0.0,0.0,0.0,0.0,0.0,0.0,2.18062973011582,12.725374132625639
596,3958.1746,8.994662106770852,0.4489355981349945,10.544744402509819,10.544744402509819,0.0,0.0,0.0,0.0,0.0,0.0,0.0,0.0,2.1284820430094213,12.67322644551924
597,3959.0874,9.21115872531621,0.4423394799232483,10.544744402509819,10.544744402509819,0.0,0.0,0.0,0.0,0.0,0.0,0.0,0.0,2.0476961407116216,12.592440543221441
598,3959.9985,9.42614100044848,0.44086310267448425,10.544744402509819,10.544744402509819,0.0,0.0,0.0,0.0,0.0,0.0,0.0,0.0,1.9411885970246647,12.485932999534484
599,3960.9114,9.057007045962486,0.4377388656139374,10.544744402509819,10.544744402509819,0.0,0.0,0.0,0.0,0.0,0.0,0.0,0.0,1.8268983648041153,12.371642767313935
600,3961.8228,9.13042261552096,0.43860962986946106,10.544744402509819,10.544744402509819,0.0,0.0,0.0,0.0,0.0,0.0,0.0,0.0,1.706129050738806,12.250873453248625
601,3962.734,8.952825400489717,0.442925363779068,10.544744402509819,10.544744402509819,0.0,0.0,0.0,0.0,0.0,0.0,0.0,0.0,1.5842229393540335,12.128967341863852
602,3963.6477,9.015544096065605,0.4381597638130188,10.544744402509819,10.544744402509819,0.0,0.0,0.0,0.0,0.0,0.0,0.0,0.0,1.4909694995154488,12.035713902025268
603,3964.5596,9.222951817803153,0.4445030987262726,10.544744402509819,10.544744402509819,0.0,0.0,0.0,0.0,0.0,0.0,0.0,0.0,1.3942738291695036,11.939018231679322
604,3965.4734,8.490584345709962,0.4348336458206177,10.544744402509819,10.544744402509819,0.0,0.0,0.0,0.0,0.0,0.0,0.0,0.0,1.3069744387749016,11.85171884128472
605,3966.3862,7.770623079402395,0.422273725271225,10.544744402509819,10.544744402509819,0.0,0.0,0.0,0.0,0.0,0.0,0.0,0.0,1.247310766117624,11.792055168627442
606,3967.3005,7.696822932611945,0.41266897320747375,10.544744402509819,10.544744402509819,0.0,0.0,0.0,0.0,0.0,0.0,0.0,0.0,1.225827404607293,11.770571807117111
607,3968.2134,7.558174061122594,0.4112681746482849,10.544744402509819,10.544744402509819,0.0,0.0,0.0,0.0,0.0,0.0,0.0,0.0,1.2844086415141245,11.829153044023943
608,3969.1262,7.525240729322225,0.3999452292919159,10.544744402509819,10.544744402509819,0.0,0.0,0.0,0.0,0.0,0.0,0.0,0.0,1.406469513902873,11.951213916412692
609,3970.0415,7.489438450815431,0.40283092856407166,10.544744402509819,10.544744402509819,0.0,0.0,0.0,0.0,0.0,0.0,0.0,0.0,1.4961953992822254,12.040939801792044
610,3970.9548,6.921957711036032,0.3958922028541565,10.544744402509819,10.544744402509819,0.0,0.0,0.0,0.0,0.0,0.0,0.0,0.0,1.4877331458975622,12.032477548407382
611,3971.8704,6.894656758657739,0.3943583369255066,10.544744402509819,10.544744402509819,0.0,0.0,0.0,0.0,0.0,0.0,0.0,0.0,1.441926378854468,11.986670781364287
612,3972.7847,7.40802294138329,0.39782091975212097,10.544744402509819,10.544744402509819,0.0,0.0,0.0,0.0,0.0,0.0,0.0,0.0,1.473197876182628,12.017942278692447
613,3973.7002,6.615483176815692,0.3844468593597412,10.544744402509819,10.544744402509819,0.0,0.0,0.0,0.0,0.0,0.0,0.0,0.0,1.5844813464997376,12.129225749009557
614,3974.6147,5.815041340473867,0.38011810183525085,10.544744402509819,10.544744402509819,0.0,0.0,0.0,0.0,0.0,0.0,0.0,0.0,1.7242896188462011,12.26903402135602
615,3975.5286,6.113311514592214,0.3926263153553009,10.544744402509819,10.544744402509819,0.0,0.0,0.0,0.0,0.0,0.0,0.0,0.0,1.878964677119212,12.423709079629031
616,3976.4456,6.766984862729078,0.40709105134010315,10.544744402509819,10.544744402509819,0.0,0.0,0.0,0.0,0.0,0.0,0.0,0.0,2.0265379720487537,12.571282374558573
617,3977.3604,7.515578497250295,0.4174823760986328,10.544744402509819,10.544744402509819,0.0,0.0,0.0,0.0,0.0,0.0,0.0,0.0,2.151807557742381,12.6965519602522
618,3978.2776,6.657370031313249,0.4172435998916626,10.544744402509819,10.544744402509819,0.0,0.0,0.0,0.0,0.0,0.0,0.0,0.0,2.2723270054299154,12.817071407939734
619,3979.1929,7.161601109515179,0.40925657749176025,10.544744402509819,10.544744402509819,0.0,0.0,0.0,0.0,0.0,0.0,0.0,0.0,2.362905459393512,12.90764986190333
620,3980.11,7.965667354192535,0.4304877817630768,10.544744402509819,10.544744402509819,0.0,0.0,0.0,0.0,0.0,0.0,0.0,0.0,2.4184812435247505,12.96322564603457
621,3981.0261,8.170779653595927,0.4271882474422455,10.544744402509819,10.544744402509819,0.0,0.0,0.0,0.0,0.0,0.0,0.0,0.0,2.463147691679952,13.00789209418977
622,3981.9446,8.826369008666557,0.44354161620140076,10.544744402509819,10.544744402509819,0.0,0.0,0.0,0.0,0.0,0.0,0.0,0.0,2.4985192207035607,13.04326362321338
623,3982.86,8.321290058133833,0.4425655007362366,10.544744402509819,10.544744402509819,0.0,0.0,0.0,0.0,0.0,0.0,0.0,0.0,2.5030755577108925,13.04781996022071
624,3983.777,8.432106866011322,0.44561272859573364,10.544744402509819,10.544744402509819,0.0,0.0,0.0,0.0,0.0,0.0,0.0,0.0,2.5263806446698305,13.071125047179649
625,3984.6953,9.140801541511063,0.45801401138305664,10.544744402509819,10.544744402509819,0.0,0.0,0.0,0.0,0.0,0.0,0.0,0.0,2.5563629940113985,13.101107396521218
626,3985.6123,9.289522556075342,0.4573589861392975,10.544744402509819,10.544744402509819,0.0,0.0,0.0,0.0,0.0,0.0,0.0,0.0,2.5890232050330564,13.133767607542875
627,3986.531,8.960723177605951,0.45657047629356384,10.544744402509819,10.544744402509819,0.0,0.0,0.0,0.0,0.0,0.0,0.0,0.0,2.6276547749697325,13.172399177479551
628,3987.4482,9.348756797074515,0.45564377307891846,10.544744402509819,10.544744402509819,0.0,0.0,0.0,0.0,0.0,0.0,0.0,0.0,2.6517248084552714,13.196469210965091
629,3988.3674,9.538940406828592,0.4621364176273346,10.544744402509819,10.544744402509819,0.0,0.0,0.0,0.0,0.0,0.0,0.0,0.0,2.7019243468945526,13.246668749404371
630,3989.285,9.770048914931891,0.4700039029121399,10.544744402509819,10.544744402509819,0.0,0.0,0.0,0.0,0.0,0.0,0.0,0.0,2.7393333329929126,13.28407773550273
631,3990.2031,10.134362781603254,0.4686855375766754,10.544744402509819,10.544744402509819,0.0,0.0,0.0,0.0,0.0,0.0,0.0,0.0,2.757204448621356,13.301948851131176
632,3991.1228,9.97658429552735,0.45676761865615845,10.544744402509819,10.544744402509819,0.0,0.0,0.0,0.0,0.0,0.0,0.0,0.0,2.781690736516108,13.326435139025927
633,3992.0415,9.674807460916792,0.4499140977859497,10.544744402509819,10.544744402509819,0.0,0.0,0.0,0.0,0.0,0.0,0.0,0.0,2.7905417364709026,13.335286138980722
634,3992.9617,10.207478273113363,0.45380571484565735,10.544744402509819,10.544744402509819,0.0,0.0,0.0,0.0,0.0,0.0,0.0,0.0,2.7893622038763835,13.334106606386202
635,3993.8804,10.208471025788553,0.4552820324897766,10.544744402509819,10.544744402509819,0.0,0.0,0.0,0.0,0.0,0.0,0.0,0.0,2.7817690712573455,13.326513473767164
636,3994.8013,10.500269279373468,0.4614178240299225,10.544744402509819,10.544744402509819,0.0,0.0,0.0,0.0,0.0,0.0,0.0,0.0,2.7693478013150084,13.314092203824828
637,3995.7202,10.678675374045145,0.46924856305122375,10.544744402509819,10.544744402509819,0.0,0.0,0.0,0.0,0.0,0.0,0.0,0.0,2.756021777138936,13.300766179648754
638,3996.6396,10.561514268418728,0.4651508033275604,10.544744402509819,10.544744402509819,0.0,0.0,0.0,0.0,0.0,0.0,0.0,0.0,2.7490507263932833,13.293795128903103
639,3997.5613,10.317859119266759,0.4610407054424286,10.544744402509819,10.544744402509819,0.0,0.0,0.0,0.0,0.0,0.0,0.0,0.0,2.7735295831258195,13.318273985635638
640,3998.481,9.818467643469297,0.4484516978263855,10.544744402509819,10.544744402509819,0.0,0.0,0.0,0.0,0.0,0.0,0.0,0.0,2.799000236779726,13.343744639289545
641,3999.4028,8.283903553928567,0.4374033808708191,10.544744402509819,10.544744402509819,0.0,0.0,0.0,0.0,0.0,0.0,0.0,0.0,2.8438849897726053,13.388629392282425
642,4000.3232,9.568498278752068,0.4484589099884033,10.544744402509819,10.544744402509819,0.0,0.0,0.0,0.0,0.0,0.0,0.0,0.0,2.902275418147345,13.447019820657165
643,4001.2456,9.676873710297535,0.45615866780281067,10.544744402509819,10.544744402509819,0.0,0.0,0.0,0.0,0.0,0.0,0.0,0.0,2.9333109591970947,13.478055361706915
644,4002.1658,9.614814477013805,0.45946359634399414,10.544744402509819,10.544744402509819,0.0,0.0,0.0,0.0,0.0,0.0,0.0,0.0,2.922209067297719,13.466953469807539
645,4003.0867,10.373775511897886,0.46046289801597595,10.544744402509819,10.544744402509819,0.0,0.0,0.0,0.0,0.0,0.0,0.0,0.0,2.8911504448281886,13.435894847338007
646,4004.0095,10.295285636827654,0.45690682530403137,10.544744402509819,10.544744402509819,0.0,0.0,0.0,0.0,0.0,0.0,0.0,0.0,2.8524194412973456,13.397163843807164
647,4004.931,10.86970700350786,0.45846444368362427,10.544744402509819,10.544744402509819,0.0,0.0,0.0,0.0,0.0,0.0,0.0,0.0,2.813603505220167,13.358347907729986
648,4005.8542,10.717975266847453,0.4555422067642212,10.544744402509819,10.544744402509819,0.0,0.0,0.0,0.0,0.0,0.0,0.0,0.0,2.794515959348835,13.339260361858654
649,4006.7761,10.418669630824168,0.4562348425388336,10.544744402509819,10.544744402509819,0.0,0.0,0.0,0.0,0.0,0.0,0.0,0.0,2.807289193333547,13.352033595843366
650,4007.6997,9.719385042152371,0.4461279809474945,10.544744402509819,10.544744402509819,0.0,0.0,0.0,0.0,0.0,0.0,0.0,0.0,2.8475991344833718,13.392343536993192
651,4008.6216,9.295368950209092,0.4473586976528168,10.544744402509819,10.544744402509819,0.0,0.0,0.0,0.0,0.0,0.0,0.0,0.0,2.887416083970595,13.432160486480413
652,4009.544,10.048788943591191,0.45108890533447266,10.544744402509819,10.544744402509819,0.0,0.0,0.0,0.0,0.0,0.0,0.0,0.0,2.9324665877198446,13.477210990229663
653,4010.4685,9.26495726399805,0.4530069828033447,10.544744402509819,10.544744402509819,0.0,0.0,0.0,0.0,0.0,0.0,0.0,0.0,2.970263645120602,13.51500804763042
654,4011.3914,10.328974768084478,0.45973071455955505,10.544744402509819,10.544744402509819,0.0,0.0,0.0,0.0,0.0,0.0,0.0,0.0,3.0044879470644474,13.549232349574266
655,4012.316,10.982418922345161,0.47087228298187256,10.544744402509819,10.544744402509819,0.0,0.0,0.0,0.0,0.0,0.0,0.0,0.0,3.0410510025815967,13.585795405091416
656,4013.2393,10.100272317802624,0.4618127644062042,10.544744402509819,10.544744402509819,0.0,0.0,0.0,0.0,0.0,0.0,0.0,0.0,3.0545891323926884,13.599333534902508
657,4014.1653,9.724159909687055,0.4642733335494995,10.544744402509819,10.544744402509819,0.0,0.0,0.0,0.0,0.0,0.0,0.0,0.0,3.0589583382987855,13.603702740808604
658,4015.0884,11.392072001658173,0.47698110342025757,10.544744402509819,10.544744402509819,0.0,0.0,0.0,0.0,0.0,0.0,0.0,0.0,3.055610379018096,13.600354781527916
659,4016.0122,9.684413610466901,0.45872795581817627,10.544744402509819,10.544744402509819,0.0,0.0,0.0,0.0,0.0,0.0,0.0,0.0,3.0776541843329035,13.622398586842722
660,4016.938,9.884272392179346,0.46780216693878174,10.544744402509819,10.544744402509819,0.0,0.0,0.0,0.0,0.0,0.0,0.0,0.0,3.077227775667334,13.621972178177153
661,4017.8628,10.55358210835014,0.47112005949020386,10.544744402509819,10.544744402509819,0.0,0.0,0.0,0.0,0.0,0.0,0.0,0.0,3.068286025194782,13.6130304277046
662,4018.789,10.431257305642372,0.45720261335372925,10.544744402509819,10.544744402509819,0.0,0.0,0.0,0.0,0.0,0.0,0.0,0.0,3.083123149374717,13.627867551884536
663,4019.7136,10.166998144222896,0.4562150835990906,10.544744402509819,10.544744402509819,0.0,0.0,0.0,0.0,0.0,0.0,0.0,0.0,3.086738351748783,13.631482754258602
664,4020.6406,10.677520008309948,0.4649680256843567,10.544744402509819,10.544744402509819,0.0,0.0,0.0,0.0,0.0,0.0,0.0,0.0,3.0727718160308717,13.61751621854069
665,4021.5652,10.607298539028216,0.47800830006599426,10.544744402509819,10.544744402509819,0.0,0.0,0.0,0.0,0.0,0.0,0.0,0.0,3.066768004550885,13.611512407060705
666,4022.4907,10.035332354307908,0.5024793148040771,10.544744402509819,10.544744402509819,0.0,0.0,0.0,0.0,0.0,0.0,0.0,0.0,3.0374720966808617,13.58221649919068
667,4023.4185,10.230215125531185,0.5408071875572205,10.544744402509819,10.544744402509819,0.0,0.0,0.0,0.0,0.0,0.0,0.0,0.0,3.0160960622129567,13.560840464722776
668,4024.3442,10.785668514311189,0.5419776439666748,10.544744402509819,10.544744402509819,0.0,0.0,0.0,0.0,0.0,0.0,0.0,0.0,3.0230406302810966,13.567785032790916
669,4025.272,10.675407978350883,0.5066162943840027,10.544744402509819,10.544744402509819,0.0,0.0,0.0,0.0,0.0,0.0,0.0,0.0,3.044486430828805,13.589230833338624
670,4026.1985,9.97655112536261,0.4774819314479828,10.544744402509819,10.544744402509819,0.0,0.0,0.0,0.0,0.0,0.0,0.0,0.0,3.0487336417882687,13.593478044298088
671,4027.1267,10.342099752351125,0.46489471197128296,10.544744402509819,10.544744402509819,0.0,0.0,0.0,0.0,0.0,0.0,0.0,0.0,3.041113290861765,13.585857693371583
672,4028.0527,9.70399934930703,0.45698726177215576,10.544744402509819,10.544744402509819,0.0,0.0,0.0,0.0,0.0,0.0,0.0,0.0,3.0010291846285178,13.545773587138337
673,4028.9795,9.900213015643116,0.459465354681015,10.544744402509819,10.544744402509819,0.0,0.0,0.0,0.0,0.0,0.0,0.0,0.0,2.9564487809267086,13.501193183436527
674,4029.9087,10.704229097405674,0.46013396978378296,10.544744402509819,10.544744402509819,0.0,0.0,0.0,0.0,0.0,0.0,0.0,0.0,2.878226537665126,13.422970940174945
675,4030.836,10.943385370677145,0.46624326705932617,10.544744402509819,10.544744402509819,0.0,0.0,0.0,0.0,0.0,0.0,0.0,0.0,2.7914979377335003,13.33624234024332
676,4031.7654,10.535957401383532,0.4567221701145172,10.544744402509819,10.544744402509819,0.0,0.0,0.0,0.0,0.0,0.0,0.0,0.0,2.738614017378675,13.283358419888494
677,4032.693,10.356732471565543,0.45071858167648315,10.544744402509819,10.544744402509819,0.0,0.0,0.0,0.0,0.0,0.0,0.0,0.0,2.7120655936200047,13.256809996129824
678,4033.6228,9.513856528674504,0.44526469707489014,10.544744402509819,10.544744402509819,0.0,0.0,0.0,0.0,0.0,0.0,0.0,0.0,2.74605405482159,13.290798457331409
679,4034.5505,8.742370362044642,0.4412252604961395,10.544744402509819,10.544744402509819,0.0,0.0,0.0,0.0,0.0,0.0,0.0,0.0,2.816084151505163,13.360828554014983
680,4035.4788,9.136440793154186,0.4469049870967865,10.544744402509819,10.544744402509819,0.0,0.0,0.0,0.0,0.0,0.0,0.0,0.0,2.8886828030372205,13.433427205547039
681,4036.4092,9.843581529539684,0.45077043771743774,10.544744402509819,10.544744402509819,0.0,0.0,0.0,0.0,0.0,0.0,0.0,0.0,2.983073858338735,13.527818260848553
682,4037.3384,9.306362478796148,0.44937223196029663,10.544744402509819,10.544744402509819,0.0,0.0,0.0,0.0,0.0,0.0,0.0,0.0,3.063705117639399,13.608449520149218
683,4038.2688,9.785354720324385,0.4536319971084595,10.544744402509819,10.544744402509819,0.0,0.0,0.0,0.0,0.0,0.0,0.0,0.0,3.1185587776004198,13.663303180110239
684,4039.1978,9.56849000763658,0.4530024826526642,10.544744402509819,10.544744402509819,0.0,0.0,0.0,0.0,0.0,0.0,0.0,0.0,3.1374187676930108,13.68216317020283
685,4040.1292,9.947304639793083,0.452690988779068,10.544744402509819,10.544744402509819,0.0,0.0,0.0,0.0,0.0,0.0,0.0,0.0,3.115904893898323,13.660649296408142
686,4041.0588,10.606993094077872,0.46165308356285095,10.544744402509819,10.544744402509819,0.0,0.0,0.0,0.0,0.0,0.0,0.0,0.0,3.0742117017595314,13.618956104269351
687,4041.9888,10.499192857479855,0.46827033162117004,10.544744402509819,10.544744402509819,0.0,0.0,0.0,0.0,0.0,0.0,0.0,0.0,2.984852171206668,13.529596573716487
688,4042.9207,9.844051300717942,0.46515920758247375,10.544744402509819,10.544744402509819,0.0,0.0,0.0,0.0,0.0,0.0,0.0,0.0,2.8871813424095,13.431925744919319
689,4043.8506,10.667778578133335,0.46604278683662415,10.544744402509819,10.544744402509819,0.0,0.0,0.0,0.0,0.0,0.0,0.0,0.0,2.804917726187954,13.349662128697773
690,4044.7832,9.730926475276897,0.4514530599117279,10.544744402509819,10.544744402509819,0.0,0.0,0.0,0.0,0.0,0.0,0.0,0.0,2.731453933963825,13.276198336473644
691,4045.7134,10.04910861894846,0.4420612156391144,10.544744402509819,10.544744402509819,0.0,0.0,0.0,0.0,0.0,0.0,0.0,0.0,2.709519272592066,13.254263675101885
692,4046.6465,10.236895741463886,0.4407591223716736,10.544744402509819,10.544744402509819,0.0,0.0,0.0,0.0,0.0,0.0,0.0,0.0,2.7332409009921674,13.277985303501985
693,4047.5774,9.476270254279198,0.4354667663574219,10.544744402509819,10.544744402509819,0.0,0.0,0.0,0.0,0.0,0.0,0.0,0.0,2.814471666191993,13.359216068701812
694,4048.5088,9.868206987663228,0.4421504735946655,10.544744402509819,10.544744402509819,0.0,0.0,0.0,0.0,0.0,0.0,0.0,0.0,2.9278507134476106,13.472595115957429
695,4049.442,9.776637702194757,0.4453795254230499,10.544744402509819,10.544744402509819,0.0,0.0,0.0,0.0,0.0,0.0,0.0,0.0,3.010673851760322,13.55541825427014
696,4050.3733,9.656946357842525,0.4461890161037445,10.544744402509819,10.544744402509819,0.0,0.0,0.0,0.0,0.0,0.0,0.0,0.0,3.056366744879644,13.601111147389464
697,4051.3079,9.748647676019177,0.44600218534469604,10.544744402509819,10.544744402509819,0.0,0.0,0.0,0.0,0.0,0.0,0.0,0.0,3.0590877670960577,13.603832169605877
698,4052.2395,10.046493763935555,0.4471714496612549,10.544744402509819,10.544744402509819,0.0,0.0,0.0,0.0,0.0,0.0,0.0,0.0,3.0347020673632743,13.579446469873094
699,4053.174,10.329721400571913,0.4508708417415619,10.544744402509819,10.544744402509819,0.0,0.0,0.0,0.0,0.0,0.0,0.0,0.0,2.9975805784930283,13.542324981002848
700,4054.1064,10.367519974094698,0.45087605714797974,10.544744402509819,10.544744402509819,0.0,0.0,0.0,0.0,0.0,0.0,0.0,0.0,2.9475482708393845,13.492292673349203
701,4055.0417,10.328062937257434,0.45006901025772095,10.544744402509819,10.544744402509819,0.0,0.0,0.0,0.0,0.0,0.0,0.0,0.0,2.8944578909896372,13.439202293499456
702,4055.9746,9.850758446560306,0.4444831609725952,10.544744402509819,10.544744402509819,0.0,0.0,0.0,0.0,0.0,0.0,0.0,0.0,2.85299407113989,13.397738473649708
703,4056.9072,10.063548532651474,0.4481135904788971,10.544744402509819,10.544744402509819,0.0,0.0,0.0,0.0,0.0,0.0,0.0,0.0,2.8407607401146393,13.385505142624458
704,4057.843,10.493632725817466,0.4493655562400818,10.544744402509819,10.544744402509819,0.0,0.0,0.0,0.0,0.0,0.0,0.0,0.0,2.8341527661258925,13.378897168635712
705,4058.7764,10.556156746221017,0.4501025974750519,10.544744402509819,10.544744402509819,0.0,0.0,0.0,0.0,0.0,0.0,0.0,0.0,2.8400110089059356,13.384755411415755
706,4059.7126,10.37031371927782,0.45095762610435486,10.544744402509819,10.544744402509819,0.0,0.0,0.0,0.0,0.0,0.0,0.0,0.0,2.8369244780488385,13.381668880558657
707,4060.6462,9.372193008928084,0.4361456036567688,10.544744402509819,10.544744402509819,0.0,0.0,0.0,0.0,0.0,0.0,0.0,0.0,2.83020624491713,13.37495064742695
708,4061.583,10.09796755473878,0.4469637870788574,10.544744402509819,10.544744402509819,0.0,0.0,0.0,0.0,0.0,0.0,0.0,0.0,2.812877248117665,13.357621650627484
709,4062.517,9.998772159003938,0.4450990855693817,10.544744402509819,10.544744402509819,0.0,0.0,0.0,0.0,0.0,0.0,0.0,0.0,2.775007710075653,13.319752112585473
710,4063.4514,9.439181833006186,0.4434397518634796,10.544744402509819,10.544744402509819,0.0,0.0,0.0,0.0,0.0,0.0,0.0,0.0,2.74365660693522,13.288401009445039
711,4064.3887,9.539850692149994,0.4418664872646332,10.544744402509819,10.544744402509819,0.0,0.0,0.0,0.0,0.0,0.0,0.0,0.0,2.736228485706451,13.28097288821627
712,4065.3237,9.815696908940327,0.4423866271972656,10.544744402509819,10.544744402509819,0.0,0.0,0.0,0.0,0.0,0.0,0.0,0.0,2.7680309276685597,13.312775330178379
713,4066.2615,9.798173507194077,0.44476190209388733,10.544744402509819,10.544744402509819,0.0,0.0,0.0,0.0,0.0,0.0,0.0,0.0,2.850812355537857,13.395556758047675
714,4067.1968,9.607499793002361,0.4431503117084503,10.544744402509819,10.544744402509819,0.0,0.0,0.0,0.0,0.0,0.0,0.0,0.0,2.93922357278133,13.483967975291149
715,4068.1345,9.239488396973098,0.46622374653816223,10.544744402509819,10.544744402509819,0.0,0.0,0.0,0.0,0.0,0.0,0.0,0.0,2.987382139831102,13.53212654234092
716,4069.0708,9.397576959784786,0.47007063031196594,10.544744402509819,10.544744402509819,0.0,0.0,0.0,0.0,0.0,0.0,0.0,0.0,2.9910825174491005,13.53582691995892
717,4070.0066,10.144360440673797,0.46864601969718933,10.544744402509819,10.544744402509819,0.0,0.0,0.0,0.0,0.0,0.0,0.0,0.0,2.978240114746124,13.522984517255942
718,4070.9458,10.548516638005337,0.47068169713020325,10.544744402509819,10.544744402509819,0.0,0.0,0.0,0.0,0.0,0.0,0.0,0.0,2.9481359651440773,13.492880367653896
719,4071.882,10.467772690540231,0.45649367570877075,10.544744402509819,10.544744402509819,0.0,0.0,0.0,0.0,0.0,0.0,0.0,0.0,2.900014670604788,13.444759073114607
720,4072.821,10.675657048349564,0.4634883999824524,10.544744402509819,10.544744402509819,0.0,0.0,0.0,0.0,0.0,0.0,0.0,0.0,2.8684875820825644,13.413231984592382
721,4073.7578,10.68484413995922,0.4604559540748596,10.544744402509819,10.544744402509819,0.0,0.0,0.0,0.0,0.0,0.0,0.0,0.0,2.8542679511052342,13.399012353615053
722,4074.6968,10.562495737954183,0.4570813775062561,10.544744402509819,10.544744402509819,0.0,0.0,0.0,0.0,0.0,0.0,0.0,0.0,2.8361124697484543,13.380856872258274
723,4075.6345,10.298795486638465,0.4569045901298523,10.544744402509819,10.544744402509819,0.0,0.0,0.0,0.0,0.0,0.0,0.0,0.0,2.8101160276437613,13.35486043015358
724,4076.5723,9.77745319397114,0.4532611668109894,10.544744402509819,10.544744402509819,0.0,0.0,0.0,0.0,0.0,0.0,0.0,0.0,2.792625655821339,13.337370058331159
725,4077.5125,10.008351402296915,0.44945329427719116,10.544744402509819,10.544744402509819,0.0,0.0,0.0,0.0,0.0,0.0,0.0,0.0,2.785286827073202,13.330031229583021
726,4078.4502,9.705164363344197,0.44499245285987854,10.544744402509819,10.544744402509819,0.0,0.0,0.0,0.0,0.0,0.0,0.0,0.0,2.819148609678264,13.363893012188083
727,4079.3906,8.978120016525919,0.4436277151107788,10.544744402509819,10.544744402509819,0.0,0.0,0.0,0.0,0.0,0.0,0.0,0.0,2.891540360976522,13.436284763486341
728,4080.329,9.495595620049958,0.45155274868011475,10.544744402509819,10.544744402509819,0.0,0.0,0.0,0.0,0.0,0.0,0.0,0.0,2.956605269537445,13.501349672047263
729,4081.27,10.515170539832674,0.4591886103153229,10.544744402509819,10.544744402509819,0.0,0.0,0.0,0.0,0.0,0.0,0.0,0.0,3.001165901207366,13.545910303717186
730,4082.209,9.671197991930269,0.4554588198661804,10.544744402509819,10.544744402509819,0.0,0.0,0.0,0.0,0.0,0.0,0.0,0.0,3.035688299573638,13.580432702083456
731,4083.148,10.080567484685915,0.45276713371276855,10.544744402509819,10.544744402509819,0.0,0.0,0.0,0.0,0.0,0.0,0.0,0.0,3.0390766803531477,13.583821082862967
732,4084.0898,10.202530916935453,0.45379599928855896,10.544744402509819,10.544744402509819,0.0,0.0,0.0,0.0,0.0,0.0,0.0,0.0,3.0404700672564413,13.58521446976626
733,4085.0293,9.933836737685503,0.4527531862258911,10.544744402509819,10.544744402509819,0.0,0.0,0.0,0.0,0.0,0.0,0.0,0.0,3.0620815362402776,13.606825938750097
734,4085.971,9.823600720301904,0.4542865455150604,10.544744402509819,10.544744402509819,0.0,0.0,0.0,0.0,0.0,0.0,0.0,0.0,3.095959712132178,13.640704114641997
735,4086.9114,10.169646873513848,0.4569697082042694,10.544744402509819,10.544744402509819,0.0,0.0,0.0,0.0,0.0,0.0,0.0,0.0,3.134653434713692,13.679397837223512
736,4087.8535,10.489915432129552,0.45840075612068176,10.544744402509819,10.544744402509819,0.0,0.0,0.0,0.0,0.0,0.0,0.0,0.0,3.1699804647820695,13.714724867291888
737,4088.7944,9.764000629860234,0.4508088529109955,10.544744402509819,10.544744402509819,0.0,0.0,0.0,0.0,0.0,0.0,0.0,0.0,3.1913655047833203,13.73610990729314
738,4089.735,10.04407470121063,0.45232632756233215,10.544744402509819,10.544744402509819,0.0,0.0,0.0,0.0,0.0,0.0,0.0,0.0,3.1735690365823404,13.71831343909216
739,4090.6782,10.303877991732703,0.4541615843772888,10.544744402509819,10.544744402509819,0.0,0.0,0.0,0.0,0.0,0.0,0.0,0.0,3.1446741399201286,13.689418542429948
740,4091.6191,10.801122728801515,0.4580642879009247,10.544744402509819,10.544744402509819,0.0,0.0,0.0,0.0,0.0,0.0,0.0,0.0,3.1334933600656725,13.678237762575492
741,4092.5627,11.006322313286212,0.4587859511375427,10.544744402509819,10.544744402509819,0.0,0.0,0.0,0.0,0.0,0.0,0.0,0.0,3.1222806682811703,13.66702507079099
742,4093.5044,9.661876153388945,0.4438921809196472,10.544744402509819,10.544744402509819,0.0,0.0,0.0,0.0,0.0,0.0,0.0,0.0,3.1110911851730654,13.655835587682883
743,4094.4482,9.59846386997626,0.43775486946105957,10.544744402509819,10.544744402509819,0.0,0.0,0.0,0.0,0.0,0.0,0.0,0.0,3.099875592304013,13.644619994813832
744,4095.3906,9.40863704718274,0.4389546811580658,10.544744402509819,10.544744402509819,0.0,0.0,0.0,0.0,0.0,0.0,0.0,0.0,3.088677405942259,13.633421808452077
745,4096.332,9.807414037531492,0.44893667101860046,10.544744402509819,10.544744402509819,0.0,0.0,0.0,0.0,0.0,0.0,0.0,0.0,3.0774908239187035,13.622235226428522
746,4097.277,10.026614714963351,0.4486500918865204,10.544744402509819,10.544744402509819,0.0,0.0,0.0,0.0,0.0,0.0,0.0,0.0,3.066263626711453,13.611008029221273
747,4098.2197,9.724721703372134,0.45150771737098694,10.544744402509819,10.544744402509819,0.0,0.0,0.0,0.0,0.0,0.0,0.0,0.0,3.0550596381805994,13.599804040690419
748,4099.164,9.673767347677865,0.4451373219490051,10.544744402509819,10.544744402509819,0.0,0.0,0.0,0.0,0.0,0.0,0.0,0.0,3.043838243142448,13.588582645652266
749,4100.108,8.968279525629924,0.43705689907073975,10.544744402509819,10.544744402509819,0.0,0.0,0.0,0.0,0.0,0.0,0.0,0.0,3.032622650273396,13.577367052783215
750,4101.053,9.078339887066821,0.4337739646434784,10.544744402509819,10.544744402509819,0.0,0.0,0.0,0.0,0.0,0.0,0.0,0.0,3.0213896508970457,13.566134053406865
751,4101.996,8.694498595141132,0.4280666708946228,10.544744402509819,10.544744402509819,0.0,0.0,0.0,0.0,0.0,0.0,0.0,0.0,3.0101856623661924,13.554930064876011
752,4102.94,8.694889030844656,0.427474707365036,10.544744402509819,10.544744402509819,0.0,0.0,0.0,0.0,0.0,0.0,0.0,0.0,2.9989700694971404,13.54371447200696
753,4103.8857,9.079798410393035,0.4362661838531494,10.544744402509819,10.544744402509819,0.0,0.0,0.0,0.0,0.0,0.0,0.0,0.0,2.9877312679516908,13.53247567046151
754,4104.8306,8.434108989253119,0.4319310486316681,10.544744402509819,10.544744402509819,0.0,0.0,0.0,0.0,0.0,0.0,0.0,0.0,2.97650407074444,13.521248473254259
755,4105.777,9.022811974620499,0.4338289499282837,10.544744402509819,10.544744402509819,0.0,0.0,0.0,0.0,0.0,0.0,0.0,0.0,2.9652594670298913,13.51000386953971
756,4106.7217,8.676767023695426,0.42885690927505493,10.544744402509819,10.544744402509819,0.0,0.0,0.0,0.0,0.0,0.0,0.0,0.0,2.9540322698226404,13.49877667233246
757,4107.6685,8.27733665870505,0.4272482991218567,10.544744402509819,10.544744402509819,0.0,0.0,0.0,0.0,0.0,0.0,0.0,0.0,2.9427818639389924,13.48752626644881
758,4108.613,8.16355614639457,0.4349788725376129,10.544744402509819,10.544744402509819,0.0,0.0,0.0,0.0,0.0,0.0,0.0,0.0,2.931560468900841,13.47630487141066
759,4109.5586,8.511476313906815,0.42874467372894287,10.544744402509819,10.544744402509819,0.0,0.0,0.0,0.0,0.0,0.0,0.0,0.0,2.9203216673553913,13.46506606986521
760,4110.506,9.297881867357512,0.43302202224731445,10.544744402509819,10.544744402509819,0.0,0.0,0.0,0.0,0.0,0.0,0.0,0.0,2.909065459302644,13.453809861812463
761,4111.4526,8.680846865221142,0.4288538694381714,10.544744402509819,10.544744402509819,0.0,0.0,0.0,0.0,0.0,0.0,0.0,0.0,2.8978150534189955,13.442559455928814
762,4112.4004,9.00567343137207,0.43018656969070435,10.544744402509819,10.544744402509819,0.0,0.0,0.0,0.0,0.0,0.0,0.0,0.0,2.9301481018310542,13.474892504340874
763,4113.3467,9.326332187735378,0.4421064257621765,10.544744402509819,10.544744402509819,0.0,0.0,0.0,0.0,0.0,0.0,0.0,0.0,2.9770306586391344,13.521775061148954
764,4114.295,9.722649443520071,0.4448022246360779,10.544744402509819,10.544744402509819,0.0,0.0,0.0,0.0,0.0,0.0,0.0,0.0,3.01102460585737,13.55576900836719
765,4115.241,10.162678505117606,0.4375801980495453,10.544744402509819,10.544744402509819,0.0,0.0,0.0,0.0,0.0,0.0,0.0,0.0,3.02915594465046,13.57390034716028
766,4116.1885,9.79358524900941,0.43828508257865906,10.544744402509819,10.544744402509819,0.0,0.0,0.0,0.0,0.0,0.0,0.0,0.0,3.042899660048206,13.587644062558025
767,4117.137,9.364370280417374,0.4326935410499573,10.544744402509819,10.544744402509819,0.0,0.0,0.0,0.0,0.0,0.0,0.0,0.0,3.0175333679590906,13.56227777046891
768,4118.085,9.840583284293768,0.4334988296031952,10.544744402509819,10.544744402509819,0.0,0.0,0.0,0.0,0.0,0.0,0.0,0.0,2.9964013501056455,13.541145752615463
769,4119.034,9.92537489208829,0.4377672076225281,10.544744402509819,10.544744402509819,0.0,0.0,0.0,0.0,0.0,0.0,0.0,0.0,2.986592385438566,13.531336787948385
770,4119.9814,9.330890111395654,0.4322183132171631,10.544744402509819,10.544744402509819,0.0,0.0,0.0,0.0,0.0,0.0,0.0,0.0,2.9639592843562994,13.508703686866118
771,4120.9316,9.096689774726824,0.42959752678871155,10.544744402509819,10.544744402509819,0.0,0.0,0.0,0.0,0.0,0.0,0.0,0.0,2.9597782352219064,13.504522637731725
772,4121.88,9.925952173623875,0.4426877200603485,10.544744402509819,10.544744402509819,0.0,0.0,0.0,0.0,0.0,0.0,0.0,0.0,2.971914075460598,13.516658477970417
773,4122.8306,9.572208366956518,0.44078320264816284,10.544744402509819,10.544744402509819,0.0,0.0,0.0,0.0,0.0,0.0,0.0,0.0,3.0056600946523684,13.550404497162187
774,4123.7783,9.589300906566383,0.44036585092544556,10.544744402509819,10.544744402509819,0.0,0.0,0.0,0.0,0.0,0.0,0.0,0.0,3.0192424894297103,13.563986891939528
775,4124.727,9.654765639781601,0.4332485795021057,10.544744402509819,10.544744402509819,0.0,0.0,0.0,0.0,0.0,0.0,0.0,0.0,3.025357689380996,13.570102091890815
776,4125.6787,9.436209981671643,0.4344375729560852,10.544744402509819,10.544744402509819,0.0,0.0,0.0,0.0,0.0,0.0,0.0,0.0,3.02218692994945,13.56693133245927
777,4126.6274,9.409333966254199,0.4295155704021454,10.544744402509819,10.544744402509819,0.0,0.0,0.0,0.0,0.0,0.0,0.0,0.0,2.998273112298048,13.543017514807866
778,4127.579,10.005575641140815,0.4387398362159729,10.544744402509819,10.544744402509819,0.0,0.0,0.0,0.0,0.0,0.0,0.0,0.0,2.9616265454436577,13.506370947953476
779,4128.529,9.779979129952883,0.4379652440547943,10.544744402509819,10.544744402509819,0.0,0.0,0.0,0.0,0.0,0.0,0.0,0.0,2.9305873907380344,13.475331793247854
780,4129.481,9.657438020179963,0.43385496735572815,10.544744402509819,10.544744402509819,0.0,0.0,0.0,0.0,0.0,0.0,0.0,0.0,2.8908083634870287,13.435552765996848
781,4130.431,10.367644815985539,0.44466355443000793,10.544744402509819,10.544744402509819,0.0,0.0,0.0,0.0,0.0,0.0,0.0,0.0,2.8469938940364328,13.39173829654625
782,4131.381,10.75733715147329,0.4461922347545624,10.544744402509819,10.544744402509819,0.0,0.0,0.0,0.0,0.0,0.0,0.0,0.0,2.815736235672705,13.360480638182525
783,4132.334,10.056898614680977,0.4405840337276459,10.544744402509819,10.544744402509819,0.0,0.0,0.0,0.0,0.0,0.0,0.0,0.0,2.814506033146172,13.35925043565599
784,4133.284,9.200665676970232,0.4332123100757599,10.544744402509819,10.544744402509819,0.0,0.0,0.0,0.0,0.0,0.0,0.0,0.0,2.856699740510237,13.401444143020056
785,4134.2373,9.272361708375177,0.4292953908443451,10.544744402509819,10.544744402509819,0.0,0.0,0.0,0.0,0.0,0.0,0.0,0.0,2.8975296490466977,13.442274051556517
786,4135.189,9.904636803420448,0.4312852919101715,10.544744402509819,10.544744402509819,0.0,0.0,0.0,0.0,0.0,0.0,0.0,0.0,2.952792700974082,13.4975371034839
787,4136.1416,9.240819500185331,0.4276556372642517,10.544744402509819,10.544744402509819,0.0,0.0,0.0,0.0,0.0,0.0,0.0,0.0,3.018951846860567,13.563696249370386
788,4137.0938,9.089021042866955,0.4250979721546173,10.544744402509819,10.544744402509819,0.0,0.0,0.0,0.0,0.0,0.0,0.0,0.0,3.0777832707927124,13.622527673302532
789,4138.045,10.058617358188414,0.4355396628379822,10.544744402509819,10.544744402509819,0.0,0.0,0.0,0.0,0.0,0.0,0.0,0.0,3.098104710598208,13.642849113108028
790,4139.0,9.993627736572428,0.45460158586502075,10.544744402509819,10.544744402509819,0.0,0.0,0.0,0.0,0.0,0.0,0.0,0.0,3.0846651101072604,13.62940951261708
791,4139.952,10.343520957908957,0.48497235774993896,10.544744402509819,10.544744402509819,0.0,0.0,0.0,0.0,0.0,0.0,0.0,0.0,3.0548249893566677,13.599569391866487
792,4140.9062,10.195527930993743,0.4689975380897522,10.544744402509819,10.544744402509819,0.0,0.0,0.0,0.0,0.0,0.0,0.0,0.0,2.988608459692292,13.533352862202111
793,4141.8594,10.340995372915131,0.4421849846839905,10.544744402509819,10.544744402509819,0.0,0.0,0.0,0.0,0.0,0.0,0.0,0.0,2.9125122412206115,13.45725664373043
794,4142.814,10.304363788959948,0.45210108160972595,10.544744402509819,10.544744402509819,0.0,0.0,0.0,0.0,0.0,0.0,0.0,0.0,2.841247020366223,13.385991422876042
795,4143.7676,9.761136509797502,0.4441768229007721,10.544744402509819,10.544744402509819,0.0,0.0,0.0,0.0,0.0,0.0,0.0,0.0,2.8151478987718335,13.359892301281652
796,4144.7207,9.713027974961545,0.4270543158054352,10.544744402509819,10.544744402509819,0.0,0.0,0.0,0.0,0.0,0.0,0.0,0.0,2.8111524373309362,13.355896839840755
797,4145.676,10.306860325305907,0.43359535932540894,10.544744402509819,10.544744402509819,0.0,0.0,0.0,0.0,0.0,0.0,0.0,0.0,2.8492122912712414,13.39395669378106
798,4146.6304,8.371417328432418,0.4155808985233307,10.544744402509819,10.544744402509819,0.0,0.0,0.0,0.0,0.0,0.0,0.0,0.0,2.8981244119850618,13.442868814494881
799,4147.586,9.123277292426291,0.428830623626709,10.544744402509819,10.544744402509819,0.0,0.0,0.0,0.0,0.0,0.0,0.0,0.0,2.9280446909111104,13.472789093420928
800,4148.54,10.17215529383581,0.4325698912143707,10.544744402509819,10.544744402509819,0.0,0.0,0.0,0.0,0.0,0.0,0.0,0.0,2.9423247247799114,13.48706912728973
801,4149.497,9.515650911229198,0.4298277497291565,10.544744402509819,10.544744402509819,0.0,0.0,0.0,0.0,0.0,0.0,0.0,0.0,2.926047163111623,13.470791565621441
802,4150.451,10.011185628272646,0.4314078092575073,10.544744402509819,10.544744402509819,0.0,0.0,0.0,0.0,0.0,0.0,0.0,0.0,2.9005937754138786,13.445338177923698
803,4151.4062,9.797646273932473,0.43324005603790283,10.544744402509819,10.544744402509819,0.0,0.0,0.0,0.0,0.0,0.0,0.0,0.0,2.8831341368341277,13.427878539343947
804,4152.3633,10.419569962759148,0.4331805408000946,10.544744402509819,10.544744402509819,0.0,0.0,0.0,0.0,0.0,0.0,0.0,0.0,2.8702726428316727,13.415017045341491
805,4153.3193,9.57088600527547,0.42906641960144043,10.544744402509819,10.544744402509819,0.0,0.0,0.0,0.0,0.0,0.0,0.0,0.0,2.8550802575419123,13.399824660051731
806,4154.277,9.212460782507659,0.4292067289352417,10.544744402509819,10.544744402509819,0.0,0.0,0.0,0.0,0.0,0.0,0.0,0.0,2.85486671688199,13.399611119391809
807,4155.232,10.081812881332668,0.4291452467441559,10.544744402509819,10.544744402509819,0.0,0.0,0.0,0.0,0.0,0.0,0.0,0.0,2.8596372376858867,13.404381640195705
808,4156.1904,9.50782008130387,0.4263542890548706,10.544744402509819,10.544744402509819,0.0,0.0,0.0,0.0,0.0,0.0,0.0,0.0,2.8853531364695675,13.430097538979386
809,4157.1465,9.40596005127488,0.4239729940891266,10.544744402509819,10.544744402509819,0.0,0.0,0.0,0.0,0.0,0.0,0.0,0.0,2.923564942621605,13.468309345131424
810,4158.1035,8.876029522710654,0.42674532532691956,10.544744402509819,10.544744402509819,0.0,0.0,0.0,0.0,0.0,0.0,0.0,0.0,2.9833817169133687,13.528126119423188
811,4159.062,9.382664681272388,0.42453885078430176,10.544744402509819,10.544744402509819,0.0,0.0,0.0,0.0,0.0,0.0,0.0,0.0,3.0165500632954836,13.561294465805302
812,4160.019,9.646954504562109,0.4380003809928894,10.544744402509819,10.544744402509819,0.0,0.0,0.0,0.0,0.0,0.0,0.0,0.0,3.0526771864168953,13.597421588926714
813,4160.9785,9.2456690299144,0.4311222732067108,10.544744402509819,10.544744402509819,0.0,0.0,0.0,0.0,0.0,0.0,0.0,0.0,3.0898736489186076,13.634618051428426
814,4161.9355,9.66630078592239,0.42601317167282104,10.544744402509819,10.544744402509819,0.0,0.0,0.0,0.0,0.0,0.0,0.0,0.0,3.1166725035673566,13.661416906077175
815,4162.8955,9.16231254306223,0.4232085943222046,10.544744402509819,10.544744402509819,0.0,0.0,0.0,0.0,0.0,0.0,0.0,0.0,3.112987482877712,13.65773188538753
816,4163.853,9.917243578118327,0.42686617374420166,10.544744402509819,10.544744402509819,0.0,0.0,0.0,0.0,0.0,0.0,0.0,0.0,3.0981191614446613,13.64286356395448
817,4164.811,10.062987317387826,0.43046244978904724,10.544744402509819,10.544744402509819,0.0,0.0,0.0,0.0,0.0,0.0,0.0,0.0,3.0721902949168625,13.616934697426682
818,4165.7715,9.983680788423516,0.4270138144493103,10.544744402509819,10.544744402509819,0.0,0.0,0.0,0.0,0.0,0.0,0.0,0.0,3.0425538383465023,13.58729824085632
819,4166.7295,10.355942776585515,0.4309903383255005,10.544744402509819,10.544744402509819,0.0,0.0,0.0,0.0,0.0,0.0,0.0,0.0,3.0077018233290365,13.552446225838855
820,4167.6904,10.339346870566516,0.4302518367767334,10.544744402509819,10.544744402509819,0.0,0.0,0.0,0.0,0.0,0.0,0.0,0.0,2.983983054970594,13.528727457480413
821,4168.6494,10.018264331539253,0.4277666509151459,10.544744402509819,10.544744402509819,0.0,0.0,0.0,0.0,0.0,0.0,0.0,0.0,2.9685320475501027,13.513276450059921
822,4169.6113,9.788707732130337,0.4226005971431732,10.544744402509819,10.544744402509819,0.0,0.0,0.0,0.0,0.0,0.0,0.0,0.0,2.932252884935093,13.476997287444911
823,4170.5703,9.917305520308911,0.4191484749317169,10.544744402509819,10.544744402509819,0.0,0.0,0.0,0.0,0.0,0.0,0.0,0.0,2.8908276049962645,13.435572007506083
824,4171.5293,10.102335843576114,0.42227253317832947,10.544744402509819,10.544744402509819,0.0,0.0,0.0,0.0,0.0,0.0,0.0,0.0,2.849269953237852,13.394014355747672
825,4172.491,10.071665477167224,0.4224287271499634,10.544744402509819,10.544744402509819,0.0,0.0,0.0,0.0,0.0,0.0,0.0,0.0,2.807779598821545,13.352524001331364
826,4173.451,9.942378988631468,0.42147696018218994,10.544744402509819,10.544744402509819,0.0,0.0,0.0,0.0,0.0,0.0,0.0,0.0,2.7807779403846453,13.325522342894464
827,4174.414,9.834479915092572,0.4266853630542755,10.544744402509819,10.544744402509819,0.0,0.0,0.0,0.0,0.0,0.0,0.0,0.0,2.768480671455279,13.313225073965098
828,4175.3745,9.502987084634539,0.4260168671607971,10.544744402509819,10.544744402509819,0.0,0.0,0.0,0.0,0.0,0.0,0.0,0.0,2.7924173495695626,13.337161752079382
829,4176.337,8.880917153738139,0.4130149185657501,10.544744402509819,10.544744402509819,0.0,0.0,0.0,0.0,0.0,0.0,0.0,0.0,2.823554434396627,13.368298836906446
830,4177.298,8.823038037972545,0.4103222191333771,10.544744402509819,10.544744402509819,0.0,0.0,0.0,0.0,0.0,0.0,0.0,0.0,2.845670763296986,13.390415165806806
831,4178.259,9.230699715204157,0.41769009828567505,10.544744402509819,10.544744402509819,0.0,0.0,0.0,0.0,0.0,0.0,0.0,0.0,2.8628948358822695,13.407639238392088
832,4179.222,8.913560804596768,0.41741788387298584,10.544744402509819,10.544744402509819,0.0,0.0,0.0,0.0,0.0,0.0,0.0,0.0,2.873829904326571,13.41857430683639
833,4180.1836,8.743508087538714,0.41253355145454407,10.544744402509819,10.544744402509819,0.0,0.0,0.0,0.0,0.0,0.0,0.0,0.0,2.8944180141458564,13.439162416655675
834,4181.148,9.020123896775168,0.4181743562221527,10.544744402509819,10.544744402509819,0.0,0.0,0.0,0.0,0.0,0.0,0.0,0.0,2.9274936340475852,13.472238036557403
835,4182.1094,9.507792057215067,0.41250184178352356,10.544744402509819,10.544744402509819,0.0,0.0,0.0,0.0,0.0,0.0,0.0,0.0,2.947651325048117,13.492395727557936
836,4183.0737,9.774081491411172,0.42118343710899353,10.544744402509819,10.544744402509819,0.0,0.0,0.0,0.0,0.0,0.0,0.0,0.0,2.973682142316855,13.518426544826674
837,4184.0366,9.692135246928839,0.42189496755599976,10.544744402509819,10.544744402509819,0.0,0.0,0.0,0.0,0.0,0.0,0.0,0.0,2.9782863534129578,13.523030755922777
838,4184.9985,9.457532841954482,0.419598251581192,10.544744402509819,10.544744402509819,0.0,0.0,0.0,0.0,0.0,0.0,0.0,0.0,2.9893141200206164,13.534058522530435
839,4185.9644,9.285432952869243,0.41507646441459656,10.544744402509819,10.544744402509819,0.0,0.0,0.0,0.0,0.0,0.0,0.0,0.0,2.986795288097553,13.53153969060737
840,4186.927,8.752737153889463,0.409591406583786,10.544744402509819,10.544744402509819,0.0,0.0,0.0,0.0,0.0,0.0,0.0,0.0,2.9807375775558502,13.525481980065669
841,4187.892,9.537206645074825,0.4121093153953552,10.544744402509819,10.544744402509819,0.0,0.0,0.0,0.0,0.0,0.0,0.0,0.0,2.985107426580448,13.529851829090267
842,4188.8555,9.80312502159525,0.4165618419647217,10.544744402509819,10.544744402509819,0.0,0.0,0.0,0.0,0.0,0.0,0.0,0.0,2.998528840404261,13.54327324291408
843,4189.822,8.827373597826877,0.41138288378715515,10.544744402509819,10.544744402509819,0.0,0.0,0.0,0.0,0.0,0.0,0.0,0.0,3.0170344374514437,13.561778839961264
844,4190.7856,9.000437091505264,0.41406020522117615,10.544744402509819,10.544744402509819,0.0,0.0,0.0,0.0,0.0,0.0,0.0,0.0,3.050209690416123,13.594954092925942
845,4191.75,9.633949977087795,0.41573047637939453,10.544744402509819,10.544744402509819,0.0,0.0,0.0,0.0,0.0,0.0,0.0,0.0,3.0741722763301746,13.618916678839994
846,4192.716,9.729123803604594,0.4199117422103882,10.544744402509819,10.544744402509819,0.0,0.0,0.0,0.0,0.0,0.0,0.0,0.0,3.0778019700160124,13.622546372525832
847,4193.681,9.877901581404874,0.4191521406173706,10.544744402509819,10.544744402509819,0.0,0.0,0.0,0.0,0.0,0.0,0.0,0.0,3.059181662918856,13.603926065428675
848,4194.6475,9.771056950544105,0.41792336106300354,10.544744402509819,10.544744402509819,0.0,0.0,0.0,0.0,0.0,0.0,0.0,0.0,3.0156995649588243,13.560443967468643
849,4195.613,9.801431650356943,0.42081716656684875,10.544744402509819,10.544744402509819,0.0,0.0,0.0,0.0,0.0,0.0,0.0,0.0,2.9513034875825106,13.49604789009233
850,4196.58,10.802307568578682,0.4305482506752014,10.544744402509819,10.544744402509819,0.0,0.0,0.0,0.0,0.0,0.0,0.0,0.0,2.903980769128838,13.448725171638657
851,4197.5454,10.277949288504097,0.4270440936088562,10.544744402509819,10.544744402509819,0.0,0.0,0.0,0.0,0.0,0.0,0.0,0.0,2.8630180805754932,13.407762483085312
852,4198.5137,9.991737508779341,0.4159410297870636,10.544744402509819,10.544744402509819,0.0,0.0,0.0,0.0,0.0,0.0,0.0,0.0,2.8296679019872615,13.374412304497081
853,4199.479,9.853233972775037,0.40831491351127625,10.544744402509819,10.544744402509819,0.0,0.0,0.0,0.0,0.0,0.0,0.0,0.0,2.8152116143831662,13.359956016892985
854,4200.446,9.810737281580607,0.40902575850486755,10.544744402509819,10.544744402509819,0.0,0.0,0.0,0.0,0.0,0.0,0.0,0.0,2.8370612566274014,13.381805659137221
855,4201.414,9.492695054927204,0.4029357135295868,10.544744402509819,10.544744402509819,0.0,0.0,0.0,0.0,0.0,0.0,0.0,0.0,2.873202123722699,13.417946526232518
856,4202.3804,8.612463139279207,0.3997165262699127,10.544744402509819,10.544744402509819,0.0,0.0,0.0,0.0,0.0,0.0,0.0,0.0,2.9086864960357337,13.453430898545552
857,4203.3496,9.199142190861014,0.4087238609790802,10.544744402509819,10.544744402509819,0.0,0.0,0.0,0.0,0.0,0.0,0.0,0.0,2.9608299999959184,13.505574402505736
858,4204.317,9.411336235133799,0.41281789541244507,10.544744402509819,10.544744402509819,0.0,0.0,0.0,0.0,0.0,0.0,0.0,0.0,3.0295340499003798,13.574278452410198
859,4205.286,9.655865034746496,0.41476011276245117,10.544744402509819,10.544744402509819,0.0,0.0,0.0,0.0,0.0,0.0,0.0,0.0,3.0887209561592663,13.633465358669085
860,4206.254,9.628915114844485,0.40853676199913025,10.544744402509819,10.544744402509819,0.0,0.0,0.0,0.0,0.0,0.0,0.0,0.0,3.1442076726311,13.688952075140918
861,4207.2217,9.233851653864495,0.4059394598007202,10.544744402509819,10.544744402509819,0.0,0.0,0.0,0.0,0.0,0.0,0.0,0.0,3.1846635515188053,13.729407954028623
862,4208.192,9.355622496651602,0.4095504581928253,10.544744402509819,10.544744402509819,0.0,0.0,0.0,0.0,0.0,0.0,0.0,0.0,3.2066123818884376,13.751356784398256
863,4209.1597,10.171315055381248,0.4174274802207947,10.544744402509819,10.544744402509819,0.0,0.0,0.0,0.0,0.0,0.0,0.0,0.0,3.212352890480568,13.757097292990387
864,4210.131,10.13705755806879,0.418223112821579,10.544744402509819,10.544744402509819,0.0,0.0,0.0,0.0,0.0,0.0,0.0,0.0,3.2027041759399997,13.747448578449818
865,4211.099,9.356497987037425,0.4114818274974823,10.544744402509819,10.544744402509819,0.0,0.0,0.0,0.0,0.0,0.0,0.0,0.0,3.179496542686695,13.724240945196513
866,4212.0703,9.33042902979657,0.40714818239212036,10.544744402509819,10.544744402509819,0.0,0.0,0.0,0.0,0.0,0.0,0.0,0.0,3.1457415100593873,13.690485912569207
867,4213.0396,10.054841646995277,0.40816402435302734,10.544744402509819,10.544744402509819,0.0,0.0,0.0,0.0,0.0,0.0,0.0,0.0,3.124714245949059,13.669458648458878
868,4214.0083,10.037469787558734,0.4086882174015045,10.544744402509819,10.544744402509819,0.0,0.0,0.0,0.0,0.0,0.0,0.0,0.0,3.093131141701519,13.637875544211338
869,4214.9805,10.53636410183951,0.4158816337585449,10.544744402509819,10.544744402509819,0.0,0.0,0.0,0.0,0.0,0.0,0.0,0.0,3.081904864835295,13.626649267345114
870,4215.9497,9.80241805314365,0.4091942608356476,10.544744402509819,10.544744402509819,0.0,0.0,0.0,0.0,0.0,0.0,0.0,0.0,3.10312336683926,13.647867769349078
871,4216.922,9.312181586337609,0.40417802333831787,10.544744402509819,10.544744402509819,0.0,0.0,0.0,0.0,0.0,0.0,0.0,0.0,3.1481531914944227,13.692897594004242
872,4217.892,9.827543650338765,0.4115051031112671,10.544744402509819,10.544744402509819,0.0,0.0,0.0,0.0,0.0,0.0,0.0,0.0,3.2131448643707086,13.757889266880527
873,4218.8647,10.148681855786883,0.42393171787261963,10.544744402509819,10.544744402509819,0.0,0.0,0.0,0.0,0.0,0.0,0.0,0.0,3.2810819381584286,13.825826340668247
874,4219.8354,9.156070602634276,0.4199201464653015,10.544744402509819,10.544744402509819,0.0,0.0,0.0,0.0,0.0,0.0,0.0,0.0,3.3021565549584966,13.846900957468316
875,4220.806,9.922654167412237,0.4085490107536316,10.544744402509819,10.544744402509819,0.0,0.0,0.0,0.0,0.0,0.0,0.0,0.0,3.264052375556513,13.808796778066332
876,4221.7793,10.266984494933677,0.411439448595047,10.544744402509819,10.544744402509819,0.0,0.0,0.0,0.0,0.0,0.0,0.0,0.0,3.1709704077152483,13.715714810225068
877,4222.7505,10.561802738465186,0.41651707887649536,10.544744402509819,10.544744402509819,0.0,0.0,0.0,0.0,0.0,0.0,0.0,0.0,3.0417634312735835,13.586507833783402
878,4223.724,10.642944520290019,0.41565462946891785,10.544744402509819,10.544744402509819,0.0,0.0,0.0,0.0,0.0,0.0,0.0,0.0,2.886105353062032,13.43084975557185
879,4224.6963,10.261597694954958,0.40856829285621643,10.544744402509819,10.544744402509819,0.0,0.0,0.0,0.0,0.0,0.0,0.0,0.0,2.7345265726231665,13.279270975132984
880,4225.67,9.91662572429182,0.40377095341682434,10.544744402509819,10.544744402509819,0.0,0.0,0.0,0.0,0.0,0.0,0.0,0.0,2.639886154675465,13.184630557185283
881,4226.642,9.853485070669908,0.40068772435188293,10.544744402509819,10.544744402509819,0.0,0.0,0.0,0.0,0.0,0.0,0.0,0.0,2.627398527657728,13.172142930167547
882,4227.6147,9.020916702484481,0.3971553146839142,10.544744402509819,10.544744402509819,0.0,0.0,0.0,0.0,0.0,0.0,0.0,0.0,2.6870748975521406,13.231819300061959
883,4228.5894,8.808919767651988,0.3933032751083374,10.544744402509819,10.544744402509819,0.0,0.0,0.0,0.0,0.0,0.0,0.0,0.0,2.806352754320668,13.351097156830487
884,4229.5625,8.783987387502133,0.3936043083667755,10.544744402509819,10.544744402509819,0.0,0.0,0.0,0.0,0.0,0.0,0.0,0.0,2.949112549936831,13.49385695244665
885,4230.5376,8.519539528264449,0.39185377955436707,10.544744402509819,10.544744402509819,0.0,0.0,0.0,0.0,0.0,0.0,0.0,0.0,3.0605166622262727,13.60526106473609
886,4231.5107,8.920495063091984,0.3985193371772766,10.544744402509819,10.544744402509819,0.0,0.0,0.0,0.0,0.0,0.0,0.0,0.0,3.125628441546688,13.670372844056507
887,4232.487,9.770328719522105,0.4047338664531708,10.544744402509819,10.544744402509819,0.0,0.0,0.0,0.0,0.0,0.0,0.0,0.0,3.142745773886097,13.687490176395915
888,4233.4604,9.671037424618925,0.40535640716552734,10.544744402509819,10.544744402509819,0.0,0.0,0.0,0.0,0.0,0.0,0.0,0.0,3.1292116751125203,13.67395607762234
889,4234.434,9.726244112471935,0.4030892848968506,10.544744402509819,10.544744402509819,0.0,0.0,0.0,0.0,0.0,0.0,0.0,0.0,3.098919728775624,13.643664131285442
890,4235.4106,9.410598065925974,0.4044327735900879,10.544744402509819,10.544744402509819,0.0,0.0,0.0,0.0,0.0,0.0,0.0,0.0,3.090365145133596,13.635109547643415
891,4236.385,8.901494017817317,0.39972540736198425,10.544744402509819,10.544744402509819,0.0,0.0,0.0,0.0,0.0,0.0,0.0,0.0,3.090077408574284,13.634821811084104
892,4237.362,9.638117490120518,0.40107622742652893,10.544744402509819,10.544744402509819,0.0,0.0,0.0,0.0,0.0,0.0,0.0,0.0,3.0924657007974505,13.63721010330727
893,4238.337,9.694797825976309,0.4043029844760895,10.544744402509819,10.544744402509819,0.0,0.0,0.0,0.0,0.0,0.0,0.0,0.0,3.126800227002206,13.671544629512026
894,4239.314,8.894603213727883,0.3967362344264984,10.544744402509819,10.544744402509819,0.0,0.0,0.0,0.0,0.0,0.0,0.0,0.0,3.165949383318014,13.710693785827832
895,4240.2896,9.68855499109858,0.40566763281822205,10.544744402509819,10.544744402509819,0.0,0.0,0.0,0.0,0.0,0.0,0.0,0.0,3.222034227041067,13.766778629550886
896,4241.2646,9.695270480129128,0.40344706177711487,10.544744402509819,10.544744402509819,0.0,0.0,0.0,0.0,0.0,0.0,0.0,0.0,3.2768278703957745,13.821572272905593
897,4242.2427,8.460847539295862,0.3935771882534027,10.544744402509819,10.544744402509819,0.0,0.0,0.0,0.0,0.0,0.0,0.0,0.0,3.3354466730454457,13.880191075555265
898,4243.2188,9.420522212523972,0.3994218707084656,10.544744402509819,10.544744402509819,0.0,0.0,0.0,0.0,0.0,0.0,0.0,0.0,3.3763194088749544,13.921063811384773
899,4244.1973,9.112867171744313,0.39969468116760254,10.544744402509819,10.544744402509819,0.0,0.0,0.0,0.0,0.0,0.0,0.0,0.0,3.3955909657678944,13.940335368277713
900,4245.1733,10.099038057338504,0.41133004426956177,10.544744402509819,10.544744402509819,0.0,0.0,0.0,0.0,0.0,0.0,0.0,0.0,3.3833885860330786,13.928132988542897
901,4246.1523,10.545137494886829,0.41456374526023865,10.544744402509819,10.544744402509819,0.0,0.0,0.0,0.0,0.0,0.0,0.0,0.0,3.3149251042953,13.859669506805119
902,4247.1294,10.271071383568835,0.40734365582466125,10.544744402509819,10.544744402509819,0.0,0.0,0.0,0.0,0.0,0.0,0.0,0.0,3.2457247284917132,13.790469131001533
903,4248.1064,10.207258904027105,0.40960124135017395,10.544744402509819,10.544744402509819,0.0,0.0,0.0,0.0,0.0,0.0,0.0,0.0,3.1729462503918398,13.71769065290166
904,4249.0854,10.48547253893253,0.4102492332458496,10.544744402509819,10.544744402509819,0.0,0.0,0.0,0.0,0.0,0.0,0.0,0.0,3.1199151487505756,13.664659551260394
905,4250.0635,10.685772372350387,0.41143685579299927,10.544744402509819,10.544744402509819,0.0,0.0,0.0,0.0,0.0,0.0,0.0,0.0,3.092445896997757,13.637190299507576
906,4251.0435,9.706117691018301,0.40207016468048096,10.544744402509819,10.544744402509819,0.0,0.0,0.0,0.0,0.0,0.0,0.0,0.0,3.0711821899631437,13.615926592472963
907,4252.022,9.984467731677368,0.40175849199295044,10.544744402509819,10.544744402509819,0.0,0.0,0.0,0.0,0.0,0.0,0.0,0.0,3.06243969324939,13.607184095759209
908,4253.0024,10.197475021567914,0.39690080285072327,10.544744402509819,10.544744402509819,0.0,0.0,0.0,0.0,0.0,0.0,0.0,0.0,3.081660682472612,13.62640508498243
909,4253.9805,9.462750050378025,0.3967604637145996,10.544744402509819,10.544744402509819,0.0,0.0,0.0,0.0,0.0,0.0,0.0,0.0,3.094575312781155,13.639319715290974
910,4254.959,9.590389539785434,0.3996350169181824,10.544744402509819,10.544744402509819,0.0,0.0,0.0,0.0,0.0,0.0,0.0,0.0,3.112824151925992,13.65756855443581
911,4255.941,9.492515020299397,0.39782267808914185,10.544744402509819,10.544744402509819,0.0,0.0,0.0,0.0,0.0,0.0,0.0,0.0,3.135738916468182,13.680483318978002
912,4256.9204,9.767278668346398,0.3961046040058136,10.544744402509819,10.544744402509819,0.0,0.0,0.0,0.0,0.0,0.0,0.0,0.0,3.1521101027107314,13.69685450522055
913,4257.902,9.345081946165433,0.39279496669769287,10.544744402509819,10.544744402509819,0.0,0.0,0.0,0.0,0.0,0.0,0.0,0.0,3.1432870418716763,13.688031444381496
914,4258.882,9.454084406570537,0.3912523686885834,10.544744402509819,10.544744402509819,0.0,0.0,0.0,0.0,0.0,0.0,0.0,0.0,3.112005223556415,13.656749626066233
915,4259.8633,10.135712364211422,0.3969995379447937,10.544744402509819,10.544744402509819,0.0,0.0,0.0,0.0,0.0,0.0,0.0,0.0,3.104247352585454,13.648991755095274
916,4260.8438,9.42487257495161,0.3954736590385437,10.544744402509819,10.544744402509819,0.0,0.0,0.0,0.0,0.0,0.0,0.0,0.0,3.1292188786006356,13.673963281110455
917,4261.824,9.37040400964084,0.3924976885318756,10.544744402509819,10.544744402509819,0.0,0.0,0.0,0.0,0.0,0.0,0.0,0.0,3.1915905429714657,13.736334945481286
918,4262.806,8.903923494736777,0.39423322677612305,10.544744402509819,10.544744402509819,0.0,0.0,0.0,0.0,0.0,0.0,0.0,0.0,3.2728686500386144,13.817613052548433
919,4263.7866,9.07126146684791,0.3922894597053528,10.544744402509819,10.544744402509819,0.0,0.0,0.0,0.0,0.0,0.0,0.0,0.0,3.364333091867911,13.90907749437773
920,4264.7705,9.435322836806945,0.3952522575855255,10.544744402509819,10.544744402509819,0.0,0.0,0.0,0.0,0.0,0.0,0.0,0.0,3.409587784836122,13.95433218734594
921,4265.7515,9.690154870421079,0.3964082896709442,10.544744402509819,10.544744402509819,0.0,0.0,0.0,0.0,0.0,0.0,0.0,0.0,3.3932725587781403,13.938016961287959
922,4266.7354,10.42355594829969,0.4039647579193115,10.544744402509819,10.544744402509819,0.0,0.0,0.0,0.0,0.0,0.0,0.0,0.0,3.3376306514317564,13.882375053941576
923,4267.7163,10.23115255034329,0.41634854674339294,10.544744402509819,10.544744402509819,0.0,0.0,0.0,0.0,0.0,0.0,0.0,0.0,3.254557593699678,13.799301996209497
924,4268.698,10.655557228852587,0.4126962721347809,10.544744402509819,10.544744402509819,0.0,0.0,0.0,0.0,0.0,0.0,0.0,0.0,3.1270288688646986,13.671773271374517
925,4269.6826,10.694125744376343,0.4028872549533844,10.544744402509819,10.544744402509819,0.0,0.0,0.0,0.0,0.0,0.0,0.0,0.0,2.9986499819420156,13.543394384451835
926,4270.665,10.22562176516957,0.3943907916545868,10.544744402509819,10.544744402509819,0.0,0.0,0.0,0.0,0.0,0.0,0.0,0.0,2.8989576644568933,13.443702066966711
927,4271.6504,9.836783981863398,0.3994310796260834,10.544744402509819,10.544744402509819,0.0,0.0,0.0,0.0,0.0,0.0,0.0,0.0,2.832344436105351,13.377088838615169
928,4272.6323,9.659953037892297,0.3915974497795105,10.544744402509819,10.544744402509819,0.0,0.0,0.0,0.0,0.0,0.0,0.0,0.0,2.8021756013288948,13.346920003838713
929,4273.6177,9.128073703272548,0.3805815875530243,10.544744402509819,10.544744402509819,0.0,0.0,0.0,0.0,0.0,0.0,0.0,0.0,2.8229312787220806,13.3676756812319
930,4274.601,9.221333330628788,0.37993767857551575,10.544744402509819,10.544744402509819,0.0,0.0,0.0,0.0,0.0,0.0,0.0,0.0,2.896765882017696,13.441510284527515
931,4275.5864,9.11356365172121,0.38424697518348694,10.544744402509819,10.544744402509819,0.0,0.0,0.0,0.0,0.0,0.0,0.0,0.0,2.9926146319701963,13.537359034480016
932,4276.571,8.695584411917446,0.3811280429363251,10.544744402509819,10.544744402509819,0.0,0.0,0.0,0.0,0.0,0.0,0.0,0.0,3.090401534737827,13.635145937247646
933,4277.5537,8.700591435256797,0.3820863366127014,10.544744402509819,10.544744402509819,0.0,0.0,0.0,0.0,0.0,0.0,0.0,0.0,3.1744524337617577,13.719196836271577
934,4278.54,9.628345647244197,0.3887912631034851,10.544744402509819,10.544744402509819,0.0,0.0,0.0,0.0,0.0,0.0,0.0,0.0,3.2174146982147867,13.762159100724606
935,4279.525,10.251664470215264,0.3916032910346985,10.544744402509819,10.544744402509819,0.0,0.0,0.0,0.0,0.0,0.0,0.0,0.0,3.2327782406612013,13.77752264317102
936,4280.5117,9.415501161690315,0.3843276798725128,10.544744402509819,10.544744402509819,0.0,0.0,0.0,0.0,0.0,0.0,0.0,0.0,3.2221140421671075,13.766858444676927
937,4281.496,9.65815535804883,0.38354411721229553,10.544744402509819,10.544744402509819,0.0,0.0,0.0,0.0,0.0,0.0,0.0,0.0,3.2019635079179665,13.746707910427785
938,4282.484,9.934274050352307,0.3890375792980194,10.544744402509819,10.544744402509819,0.0,0.0,0.0,0.0,0.0,0.0,0.0,0.0,3.1801821264055055,13.724926528915324
939,4283.4688,9.891503905360308,0.38718071579933167,10.544744402509819,10.544744402509819,0.0,0.0,0.0,0.0,0.0,0.0,0.0,0.0,3.152137185032758,13.696881587542578
940,4284.454,11.229531494156284,0.41961532831192017,10.544744402509819,10.544744402509819,0.0,0.0,0.0,0.0,0.0,0.0,0.0,0.0,3.120827468856412,13.66557187136623
941,4285.442,10.279125054524851,0.4176713824272156,10.544744402509819,10.544744402509819,0.0,0.0,0.0,0.0,0.0,0.0,0.0,0.0,3.0812284153237823,13.6259728178336
942,4286.4277,10.837596473239167,0.3957837224006653,10.544744402509819,10.544744402509819,0.0,0.0,0.0,0.0,0.0,0.0,0.0,0.0,3.034545364834563,13.579289767344381
943,4287.4165,10.833613965949883,0.3974631428718567,10.544744402509819,10.544744402509819,0.0,0.0,0.0,0.0,0.0,0.0,0.0,0.0,2.9824890156175003,13.52723341812732
944,4288.403,10.020151535340673,0.3818633258342743,10.544744402509819,10.544744402509819,0.0,0.0,0.0,0.0,0.0,0.0,0.0,0.0,2.931634505919093,13.476378908428913
945,4289.392,9.463019882347025,0.378002792596817,10.544744402509819,10.544744402509819,0.0,0.0,0.0,0.0,0.0,0.0,0.0,0.0,2.900263275001608,13.445007677511427
946,4290.3784,9.314358198569854,0.3743489980697632,10.544744402509819,10.544744402509819,0.0,0.0,0.0,0.0,0.0,0.0,0.0,0.0,2.896384751869599,13.441129154379418
947,4291.365,9.083588539007431,0.37032243609428406,10.544744402509819,10.544744402509819,0.0,0.0,0.0,0.0,0.0,0.0,0.0,0.0,2.9074412003724515,13.45218560288227
948,4292.355,9.294455961539288,0.37725532054901123,10.544744402509819,10.544744402509819,0.0,0.0,0.0,0.0,0.0,0.0,0.0,0.0,2.944913430855732,13.489657833365552
949,4293.3423,9.532722249083381,0.38926762342453003,10.544744402509819,10.544744402509819,0.0,0.0,0.0,0.0,0.0,0.0,0.0,0.0,2.982952341981072,13.52769674449089
950,4294.333,9.414456637853961,0.3997787833213806,10.544744402509819,10.544744402509819,0.0,0.0,0.0,0.0,0.0,0.0,0.0,0.0,2.9839865841919373,13.528730986701756
951,4295.3203,9.302381997711514,0.39062485098838806,10.544744402509819,10.544744402509819,0.0,0.0,0.0,0.0,0.0,0.0,0.0,0.0,2.9353489822079206,13.48009338471774
952,4296.311,9.842832811676306,0.3813166916370392,10.544744402509819,10.544744402509819,0.0,0.0,0.0,0.0,0.0,0.0,0.0,0.0,2.8556582848202763,13.400402687330095
953,4297.2993,10.148161812020353,0.3843501806259155,10.544744402509819,10.544744402509819,0.0,0.0,0.0,0.0,0.0,0.0,0.0,0.0,2.7528000638951746,13.297544466404993
954,4298.2876,10.323910438880379,0.3834843337535858,10.544744402509819,10.544744402509819,0.0,0.0,0.0,0.0,0.0,0.0,0.0,0.0,2.6413882137685465,13.186132616278366
955,4299.279,9.882110520104735,0.3814247250556946,10.544744402509819,10.544744402509819,0.0,0.0,0.0,0.0,3e-45,0.0,0.0,0.0,2.5429583351809093,13.087702737690728
956,4300.268,9.522532971024772,0.3785139322280884,10.544744402509819,10.544744402509819,0.0,0.0,0.0,0.0,3e-45,0.0,0.0,0.0,2.4679178880450525,13.012662290554871
957,4301.26,9.439643124054815,0.38283318281173706,10.544744402509819,10.544744402509819,0.0,0.0,0.0,0.0,3e-45,0.0,0.0,0.0,2.4337880816946975,12.978532484204516
958,4302.2495,8.871233811672646,0.37478742003440857,10.544744402509819,10.544744402509819,0.0,0.0,0.0,0.0,7e-45,0.0,0.0,0.0,2.4318868014254993,12.976631203935318
959,4303.241,8.87941004685786,0.3707519769668579,10.544744402509819,10.544744402509819,0.0,0.0,0.0,0.0,7e-45,0.0,0.0,0.0,2.432955485063526,12.977699887573344
960,4304.231,8.448449245937677,0.3650289475917816,10.544744402509819,10.544744402509819,0.0,0.0,0.0,0.0,1e-44,0.0,0.0,0.0,2.4291619143406433,12.973906316850462
961,4305.2217,8.533596885700623,0.36479276418685913,10.544744402509819,10.544744402509819,0.0,0.0,0.0,0.0,1.7e-44,0.0,0.0,0.0,2.41884242246588,12.9635868249757
962,4306.2144,8.753903550871275,0.3674156069755554,10.544744402509819,10.544744402509819,0.0,0.0,0.0,0.0,2.4e-44,0.0,0.0,0.0,2.3979852964797983,12.942729698989616
963,4307.2056,8.88727871822243,0.3691151738166809,10.544744402509819,10.544744402509819,0.0,0.0,0.0,0.0,3e-44,0.0,0.0,0.0,2.3781069095241527,12.922851312033972
964,4308.1987,9.492633950566626,0.3713318705558777,10.544744402509819,10.544744402509819,0.0,0.0,0.0,0.0,4.3e-44,0.0,0.0,0.0,2.3827913881784917,12.92753579068831
965,4309.1895,9.058708224407624,0.3670923411846161,10.544744402509819,10.544744402509819,0.0,0.0,0.0,0.0,6.3e-44,0.0,0.0,0.0,2.424849476703215,12.969593879213035
966,4310.1836,9.263277774277427,0.3679460883140564,10.544744402509819,10.544744402509819,0.0,0.0,0.0,0.0,9.2e-44,0.0,0.0,0.0,2.5040914960472795,13.048835898557098
967,4311.175,8.891673066161479,0.37115058302879333,10.544744402509819,10.544744402509819,0.0,0.0,0.0,0.0,1.29e-43,0.0,0.0,0.0,2.634672186829244,13.179416589339063
968,4312.167,8.69327662343982,0.3697749972343445,10.544744402509819,10.544744402509819,0.0,0.0,0.0,0.0,1.86e-43,0.0,0.0,0.0,2.7858560288428955,13.330600431352714
969,4313.161,9.055259849020878,0.3773774206638336,10.544744402509819,10.544744402509819,0.0,0.0,0.0,0.0,2.69e-43,0.0,0.0,0.0,2.9579695210963095,13.502713923606128
970,4314.1533,8.776952120279075,0.37734225392341614,10.544744402509819,10.544744402509819,0.0,0.0,0.0,0.0,3.81e-43,0.0,0.0,0.0,3.1429297003996357,13.687674102909455
971,4315.1484,9.014366689246874,0.3841609060764313,10.544744402509819,10.544744402509819,0.0,0.0,0.0,0.0,5.44e-43,0.0,0.0,0.0,3.317120012718459,13.861864415228277
972,4316.1406,8.974111301110744,0.3874962627887726,10.544744402509819,10.544744402509819,0.0,0.0,0.0,0.0,7.76e-43,0.0,0.0,0.0,3.482861774755955,14.027606177265774
973,4317.1357,9.707785979400882,0.38797053694725037,10.544744402509819,10.544744402509819,0.0,0.0,0.0,0.0,1.108e-42,0.0,0.0,0.0,3.598011597503415,14.142756000013234
974,4318.1294,10.10188043611967,0.39583367109298706,10.544744402509819,10.544744402509819,0.0,0.0,0.0,0.0,1.579e-42,0.0,0.0,0.0,3.6447550008920486,14.189499403401868
975,4319.1226,9.99911384750169,0.3939186632633209,10.544744402509819,10.544744402509819,0.0,0.0,0.0,0.0,2.25e-42,0.0,0.0,0.0,3.631885717622823,14.176630120132643
976,4320.1187,11.119283368035683,0.40693703293800354,10.544744402509819,10.544744402509819,0.0,0.0,0.0,0.0,3.206e-42,0.0,0.0,0.0,3.5565636854921485,14.101308088001968
977,4321.1123,11.096522863934002,0.40688395500183105,10.544744402509819,10.544744402509819,0.0,0.0,0.0,0.0,4.56e-42,0.0,0.0,0.0,3.4406923689151188,13.985436771424938
978,4322.1084,10.880587678904964,0.4106021523475647,10.544744402509819,10.544744402509819,0.0,0.0,0.0,0.0,6.488e-42,0.0,0.0,0.0,3.294598478321598,13.839342880831417
979,4323.1035,11.313406366974727,0.4096127450466156,10.544744402509819,10.544744402509819,0.0,0.0,0.0,0.0,9.223e-42,0.0,0.0,0.0,3.146197896330937,13.690942298840756
980,4324.1,11.330197302069225,0.41039425134658813,10.544744402509819,10.544744402509819,0.0,0.0,0.0,0.0,1.3106e-41,0.0,0.0,0.0,3.034135850701771,13.57888025321159
981,4325.095,10.753760557897275,0.40437355637550354,10.544744402509819,10.544744402509819,0.0,0.0,0.0,0.0,1.8602e-41,0.0,0.0,0.0,2.995486993067081,13.5402313955769
982,4326.0903,10.884500734150839,0.3917292356491089,10.544744402509819,10.544744402509819,0.0,0.0,0.0,0.0,2.6385e-41,0.0,0.0,0.0,3.026875265299845,13.571619667809664
983,4327.0874,10.010399137277773,0.3827633559703827,10.544744402509819,10.544744402509819,0.0,0.0,0.0,0.0,3.7429e-41,0.0,0.0,0.0,3.125251497487853,13.669995899997673
984,4328.083,9.699950254532823,0.3806043565273285,10.544744402509819,10.544744402509819,0.0,0.0,0.0,0.0,5.3035e-41,0.0,0.0,0.0,3.2587699526815324,13.803514355191352
985,4329.0806,10.091773326588843,0.3860180974006653,10.544744402509819,10.544744402509819,0.0,0.0,0.0,0.0,7.5145e-41,0.0,0.0,0.0,3.386405651377465,13.931150053887285
986,4330.0767,10.408440177744655,0.39052462577819824,10.544744402509819,10.544744402509819,0.0,0.0,0.0,0.0,1.0635e-40,0.0,0.0,0.0,3.3874706575214586,13.932215060031277
987,4331.0757,10.3641562875817,0.3914870321750641,10.544744402509819,10.544744402509819,0.0,0.0,0.0,0.0,1.50577e-40,0.0,0.0,0.0,3.3885387960364644,13.933283198546283
988,4332.072,10.608574679875206,0.39170026779174805,10.544744402509819,10.544744402509819,0.0,0.0,0.0,0.0,2.12835e-40,0.0,0.0,0.0,3.3896038021804578,13.934348204690277
989,4333.0684,10.207474247189397,0.3910719156265259,10.544744402509819,10.544744402509819,0.0,0.0,0.0,0.0,3.00689e-40,0.0,0.0,0.0,3.3906693303862867,13.935413732896105
990,4334.0674,10.897687427338942,0.3936707377433777,10.544744402509819,10.544744402509819,0.0,0.0,0.0,0.0,4.24895e-40,0.0,0.0,0.0,3.391737468901292,13.936481871411111
991,4335.0645,11.436173111995595,0.4019107520580292,10.544744402509819,10.544744402509819,0.0,0.0,0.0,0.0,5.99603e-40,0.0,0.0,0.0,3.392803519168956,13.937547921678775
992,4336.064,11.233968816042777,0.39876750111579895,10.544744402509819,10.544744402509819,0.0,0.0,0.0,0.0,8.46325e-40,0.0,0.0,0.0,3.393872179745797,13.938616582255616
993,4337.0615,10.80181570349111,0.3939647078514099,10.544744402509819,10.544744402509819,0.0,0.0,0.0,0.0,1.192973e-39,0.0,0.0,0.0,3.394938752075296,13.939683154585115
994,4338.062,10.736870800426342,0.39076587557792664,10.544744402509819,10.544744402509819,0.0,0.0,0.0,0.0,1.682193e-39,0.0,0.0,0.0,3.3960084567758075,13.940752859285627
995,4339.0596,10.66081872394645,0.38882291316986084,10.544744402509819,10.544744402509819,0.0,0.0,0.0,0.0,2.368152e-39,0.0,0.0,0.0,3.397075029105307,13.941819431615126
996,4340.0576,11.105968212807069,0.39399442076683044,10.544744402509819,10.544744402509819,0.0,0.0,0.0,0.0,3.332171e-39,0.0,0.0,0.0,3.398142123496642,13.942886526006461
997,4341.059,11.566140139764137,0.3995095193386078,10.544744402509819,10.544744402509819,0.0,0.0,0.0,0.0,4.691055e-39,0.0,0.0,0.0,3.3992128723208235,13.943957274830643
998,4342.0576,11.587611662104912,0.3972145617008209,10.544744402509819,10.544744402509819,0.0,0.0,0.0,0.0,6.593178e-39,0.0,0.0,0.0,3.4002804887739937,13.945024891283813
999,4343.058,11.226041621711042,0.39349138736724854,10.544744402509819,10.544744402509819,0.0,0.0,0.0,0.0,9.266712e-39,0.0,0.0,0.0,3.4013501934745047,13.946094595984324
1000,4344.0576,10.973465202039963,0.396085649728775,10.544744402509819,10.544744402509819,0.0,0.0,0.0,0.0,1.3011453e-38,0.0,0.0,0.0,3.4024188540513456,13.947163256561165
1001,4345.0596,11.086140574220352,0.394706666469574,10.544744402509819,10.544744402509819,0.0,0.0,0.0,0.0,1.8272953e-38,0.0,0.0,0.0,3.4034901249373624,13.94823452744718
1002,4346.0596,10.726301974772595,0.39063993096351624,10.544744402509819,10.544744402509819,0.0,0.0,0.0,0.0,2.5627824e-38,0.0,0.0,0.0,3.4045593075760383,13.949303710085857
1003,4347.059,10.18660664335835,0.3830108046531677,10.544744402509819,10.544744402509819,0.0,0.0,0.0,0.0,3.591426e-38,0.0,0.0,0.0,3.405627968152879,13.950372370662699
1004,4348.062,9.504731029398469,0.37931084632873535,10.544744402509819,10.544744402509819,0.0,0.0,0.0,0.0,5.0354024e-38,0.0,0.0,0.0,3.4067002831625666,13.951444685672385
1005,4349.062,9.53041717970657,0.3850836157798767,10.544744402509819,10.544744402509819,0.0,0.0,0.0,0.0,7.048375e-38,0.0,0.0,0.0,3.4077694658012425,13.952513868311062
1006,4350.065,11.093893357128522,0.3970612585544586,10.544744402509819,10.544744402509819,0.0,0.0,0.0,0.0,9.869375e-38,0.0,0.0,0.0,3.4088417808109304,13.953586183320748
1007,4351.066,10.802515823372515,0.39418524503707886,10.544744402509819,10.544744402509819,0.0,0.0,0.0,0.0,1.3801206e-37,0.0,0.0,0.0,3.342996757499067,13.887741160008886
1008,4352.069,10.691452092096467,0.3890191614627838,10.544744402509819,10.544744402509819,0.0,0.0,0.0,0.0,1.9299723e-37,0.0,0.0,0.0,3.2970599470881035,13.841804349597922
1009,4353.0703,10.642254585182032,0.3913901746273041,10.544744402509819,10.544744402509819,0.0,0.0,0.0,0.0,2.6957615e-37,0.0,0.0,0.0,3.2993147431260734,13.844059145635892
1010,4354.074,10.267414159475976,0.3859594762325287,10.544744402509819,10.544744402509819,0.0,0.0,0.0,0.0,3.7659813e-37,0.0,0.0,0.0,3.342840128243751,13.88758453075357
1011,4355.0757,9.970194549889111,0.38369816541671753,10.544744402509819,10.544744402509819,0.0,0.0,0.0,0.0,5.253418e-37,0.0,0.0,0.0,3.420480041175342,13.96522444368516
1012,4356.0776,10.383832720301157,0.3902396261692047,10.544744402509819,10.544744402509819,0.0,0.0,0.0,0.0,7.3246534e-37,0.0,0.0,0.0,3.491884442784781,14.0366288452946
1013,4357.0825,10.342919574879554,0.3910069167613983,10.544744402509819,10.544744402509819,0.0,0.0,0.0,0.0,1.0215778e-36,0.0,0.0,0.0,3.546952022410485,14.091696424920304
1014,4358.0845,10.142030316895239,0.39201927185058594,10.544744402509819,10.544744402509819,0.0,0.0,0.0,0.0,1.4224814e-36,0.0,0.0,0.0,3.601960581237085,14.146704983746904
1015,4359.09,10.683378024505508,0.3945299983024597,10.544744402509819,10.544744402509819,0.0,0.0,0.0,0.0,1.9816516e-36,0.0,0.0,0.0,3.654464916778671,14.19920931928849
1016,4360.0923,10.914476239959495,0.39978933334350586,10.544744402509819,10.544744402509819,0.0,0.0,0.0,0.0,2.756146e-36,0.0,0.0,0.0,3.686243211944802,14.230987614454621
1017,4361.0986,10.490120400542857,0.3931174576282501,10.544744402509819,10.544744402509819,0.0,0.0,0.0,0.0,3.8357366e-36,0.0,0.0,0.0,3.748973379974722,14.29371778248454
1018,4362.1016,10.929500701771522,0.400884211063385,10.544744402509819,10.544744402509819,0.0,0.0,0.0,0.0,5.3287252e-36,0.0,0.0,0.0,3.8328121873275998,14.377556589837418
1019,4363.1045,11.297177379816649,0.4078406095504761,10.544744402509819,10.544744402509819,0.0,0.0,0.0,0.0,7.397976e-36,0.0,0.0,0.0,3.8756369893850118,14.42038139189483
1020,4364.1113,12.04507561901578,0.40932247042655945,10.544744402509819,10.544744402509819,0.0,0.0,0.0,0.0,1.0277032e-35,0.0,0.0,0.0,3.8780134083890045,14.422757810898823
1021,4365.115,12.03281316681998,0.4127051830291748,10.544744402509819,10.544744402509819,0.0,0.0,0.0,0.0,1.4253558e-35,0.0,0.0,0.0,3.8413914688001376,14.386135871309957
1022,4366.1216,12.101208082729684,0.40898922085762024,10.544744402509819,10.544744402509819,0.0,0.0,0.0,0.0,1.9771296e-35,0.0,0.0,0.0,3.7809444746433636,14.325688877153183
1023,4367.1265,12.501399858628536,0.41242948174476624,10.544744402509819,10.544744402509819,0.0,0.0,0.0,0.0,2.7394078e-35,0.0,0.0,0.0,3.7232324045550573,14.267976807064876
1024,4368.133,11.88971181326761,0.4142736792564392,10.544744402509819,10.544744402509819,0.0,0.0,0.0,0.0,3.794856e-35,0.0,0.0,0.0,3.670384927455046,14.215129329964865
1025,4369.138,11.875174358463717,0.4139993190765381,10.544744402509819,10.544744402509819,0.0,0.0,0.0,0.0,5.2518206e-35,0.0,0.0,0.0,3.619950458430815,14.164694860940633
1026,4370.143,11.199696417549802,0.40555381774902344,10.544744402509819,10.544744402509819,0.0,0.0,0.0,0.0,7.262229e-35,0.0,0.0,0.0,3.5766831677163107,14.12142757022613
1027,4371.1504,10.864706885142295,0.4037596583366394,10.544744402509819,10.544744402509819,0.0,0.0,0.0,0.0,1.004345e-34,0.0,0.0,0.0,3.5464564449358296,14.091200847445648
1028,4372.1567,11.104537936061682,0.39685001969337463,10.544744402509819,10.544744402509819,0.0,0.0,0.0,0.0,1.3876242e-34,0.0,0.0,0.0,3.502001790195643,14.046746192705463
1029,4373.165,11.188941157286347,0.3967449963092804,10.544744402509819,10.544744402509819,0.0,0.0,0.0,0.0,1.9171122e-34,0.0,0.0,0.0,3.4463079805920716,13.991052383101891
1030,4374.1704,10.75427081767339,0.39192673563957214,10.544744402509819,10.544744402509819,0.0,0.0,0.0,0.0,2.6444015e-34,0.0,0.0,0.0,3.4219128828881336,13.966657285397952
1031,4375.179,11.053284396584822,0.3929949700832367,10.544744402509819,10.544744402509819,0.0,0.0,0.0,0.0,3.6491872e-34,0.0,0.0,0.0,3.431869755331683,13.976614157841501
1032,4376.1855,10.401126792620017,0.3863973915576935,10.544744402509819,10.544744402509819,0.0,0.0,0.0,0.0,5.028464e-34,0.0,0.0,0.0,3.446908066083596,13.991652468593415
1033,4377.193,10.510337512047247,0.3871578872203827,10.544744402509819,10.544744402509819,0.0,0.0,0.0,0.0,6.926631e-34,0.0,0.0,0.0,3.4800523118663276,14.024796714376146
1034,4378.202,10.343340016285932,0.38246533274650574,10.544744402509819,10.544744402509819,0.0,0.0,0.0,0.0,9.540963e-34,0.0,0.0,0.0,3.50046243580147,14.04520683831129
1035,4379.209,9.876309264921979,0.38402867317199707,10.544744402509819,10.544744402509819,0.0,0.0,0.0,0.0,1.3122992e-33,0.0,0.0,0.0,3.480388771271868,14.025133173781686
1036,4380.2188,11.280284324089395,0.3915402293205261,10.544744402509819,10.544744402509819,0.0,0.0,0.0,0.0,1.8054805e-33,0.0,0.0,0.0,3.3864513250194914,13.93119572752931
1037,4381.2266,10.787870424112093,0.3985820412635803,10.544744402509819,10.544744402509819,0.0,0.0,0.0,0.0,2.4808246e-33,0.0,0.0,0.0,3.2428388425505044,13.787583245060324
1038,4382.237,10.9326884467646,0.39618852734565735,10.544744402509819,10.544744402509819,0.0,0.0,0.0,0.0,3.4091213e-33,0.0,0.0,0.0,3.1063273231938973,13.651071725703716
1039,4383.245,11.038475519012339,0.38363227248191833,10.544744402509819,10.544744402509819,0.0,0.0,0.0,0.0,4.6788102e-33,0.0,0.0,0.0,3.016884321380728,13.561628723890546
1040,4384.2534,10.549513753580987,0.37725043296813965,10.544744402509819,10.544744402509819,0.0,0.0,0.0,0.0,6.4170714e-33,0.0,0.0,0.0,2.9836588538408875,13.528403256350707
1041,4385.2646,9.860284557777772,0.3675965368747711,10.544744402509819,10.544744402509819,0.0,0.0,0.0,0.0,8.803411e-33,0.0,0.0,0.0,3.001748332542052,13.54649273505187
1042,4386.2734,9.432838940734985,0.3647403419017792,10.544744402509819,10.544744402509819,0.0,0.0,0.0,0.0,1.2059764e-32,0.0,0.0,0.0,3.0894627331541744,13.634207135663994
1043,4387.284,8.793994158843697,0.3615969717502594,10.544744402509819,10.544744402509819,0.0,0.0,0.0,0.0,1.6519877e-32,0.0,0.0,0.0,3.194565564056694,13.739309966566513
1044,4388.2944,9.569154664501008,0.36476752161979675,10.544744402509819,10.544744402509819,0.0,0.0,0.0,0.0,2.2610851e-32,0.0,0.0,0.0,3.2651720795785812,13.8099164820884
1045,4389.3057,9.162788432898662,0.36289286613464355,10.544744402509819,10.544744402509819,0.0,0.0,0.0,0.0,3.093651e-32,0.0,0.0,0.0,3.3238372384880566,13.868581640997876
1046,4390.3154,9.105787286959078,0.3636454641819,10.544744402509819,10.544744402509819,0.0,0.0,0.0,0.0,4.2280354e-32,0.0,0.0,0.0,3.3599777124305703,13.90472211494039
1047,4391.3257,10.017181519132354,0.36832326650619507,10.544744402509819,10.544744402509819,0.0,0.0,0.0,0.0,5.775337e-32,0.0,0.0,0.0,3.392600890535614,13.937345293045432
1048,4392.3384,9.225640348139365,0.3676111698150635,10.544744402509819,10.544744402509819,0.0,0.0,0.0,0.0,7.8896753e-32,0.0,0.0,0.0,3.4288615668386626,13.973605969348482
1049,4393.3486,9.740491070723056,0.3721029758453369,10.544744402509819,10.544744402509819,0.0,0.0,0.0,0.0,1.07627e-31,0.0,0.0,0.0,3.4716671324019437,14.016411534911763
1050,4394.362,9.822178459142588,0.3714439868927002,10.544744402509819,10.544744402509819,0.0,0.0,0.0,0.0,1.4685302e-31,0.0,0.0,0.0,3.5167078018437405,14.061452204353559
1051,4395.3726,9.741261617627567,0.374299556016922,10.544744402509819,10.544744402509819,0.0,0.0,0.0,0.0,2.000928e-31,0.0,0.0,0.0,3.5701798038812225,14.114924206391041
1052,4396.3867,10.016658975644857,0.3733542859554291,10.544744402509819,10.544744402509819,0.0,0.0,0.0,0.0,2.7273594e-31,0.0,0.0,0.0,3.6136310557882485,14.158375458298067
1053,4397.398,9.932901657388708,0.3721245527267456,10.544744402509819,10.544744402509819,0.0,0.0,0.0,0.0,3.7117104e-31,0.0,0.0,0.0,3.638654433919886,14.183398836429705
1054,4398.409,8.83660962358796,0.36394616961479187,10.544744402509819,10.544744402509819,0.0,0.0,0.0,0.0,5.04794e-31,0.0,0.0,0.0,3.637783267342217,14.182527669852036
1055,4399.424,10.018792906908958,0.37238809466362,10.544744402509819,10.544744402509819,0.0,0.0,0.0,0.0,6.867732e-31,0.0,0.0,0.0,3.6095964516115497,14.154340854121369
1056,4400.4355,10.504574317709574,0.3779730498790741,10.544744402509819,10.544744402509819,0.0,0.0,0.0,0.0,9.329103e-31,0.0,0.0,0.0,3.5623688509305627,14.107113253440382
1057,4401.45,10.410327736954555,0.373501181602478,10.544744402509819,10.544744402509819,0.0,0.0,0.0,0.0,1.2675231e-30,0.0,0.0,0.0,3.493857558150425,14.038601960660245
1058,4402.463,10.527936269016394,0.3770837187767029,10.544744402509819,10.544744402509819,0.0,0.0,0.0,0.0,1.7200003e-30,0.0,0.0,0.0,3.4229599941061646,13.967704396615984
1059,4403.478,10.35051461246385,0.3714183568954468,10.544744402509819,10.544744402509819,0.0,0.0,0.0,0.0,2.334144e-30,0.0,0.0,0.0,3.3717677972041185,13.916512199713937
1060,4404.4917,9.358053375118484,0.36648014187812805,10.544744402509819,10.544744402509819,0.0,0.0,0.0,0.0,3.1640234e-30,0.0,0.0,0.0,3.3299225083654034,13.874666910875222
1061,4405.5044,10.95296119839527,0.3772217631340027,10.544744402509819,10.544744402509819,0.0,0.0,0.0,0.0,4.2848684e-30,0.0,0.0,0.0,3.3102891525568787,13.855033555066697
1062,4406.52,9.700724176469013,0.36842644214630127,10.544744402509819,10.544744402509819,0.0,0.0,0.0,0.0,5.803922e-30,0.0,0.0,0.0,3.3429960688923144,13.887740471402132
1063,4407.534,9.682632422662678,0.36492815613746643,10.544744402509819,10.544744402509819,0.0,0.0,0.0,0.0,7.85281e-30,0.0,0.0,0.0,3.411486649297771,13.95623105180759
1064,4408.5503,10.08367110766887,0.37303227186203003,10.544744402509819,10.544744402509819,0.0,0.0,0.0,0.0,1.0624022e-29,0.0,0.0,0.0,3.5097946973848413,14.05453909989466
1065,4409.5645,9.451855580383912,0.36721059679985046,10.544744402509819,10.544744402509819,0.0,0.0,0.0,0.0,1.4355203e-29,0.0,0.0,0.0,3.6136017636712645,14.158346166181083
1066,4410.5815,9.958813100558585,0.37521791458129883,10.544744402509819,10.544744402509819,0.0,0.0,0.0,0.0,1.9400485e-29,0.0,0.0,0.0,3.700266451138192,14.245010853648012
1067,4411.5957,9.85258228319568,0.37252479791641235,10.544744402509819,10.544744402509819,0.0,0.0,0.0,0.0,2.6178808e-29,0.0,0.0,0.0,3.7500588224561757,14.294803224965994
1068,4412.611,10.11048249748174,0.37490472197532654,10.544744402509819,10.544744402509819,0.0,0.0,0.0,0.0,3.5311387e-29,0.0,0.0,0.0,3.754716591568553,14.299460994078371
1069,4413.6284,10.584987655403086,0.38400548696517944,10.544744402509819,10.544744402509819,0.0,0.0,0.0,0.0,4.763245e-29,0.0,0.0,0.0,3.7169303743820694,14.261674776891889
1070,4414.6436,10.567643878676913,0.3789413869380951,10.544744402509819,10.544744402509819,0.0,0.0,0.0,0.0,6.41635e-29,0.0,0.0,0.0,3.670526745102384,14.215271147612203
1071,4415.662,10.157676908994768,0.37620800733566284,10.544744402509819,10.544744402509819,0.0,0.0,0.0,0.0,8.6458757e-29,0.0,0.0,0.0,3.6396129393328684,14.184357341842688
1072,4416.678,10.124561685652266,0.37340787053108215,10.544744402509819,10.544744402509819,0.0,0.0,0.0,0.0,1.1634032e-28,0.0,0.0,0.0,3.6535373744063286,14.198281776916147
1073,4417.697,9.58461421661229,0.37421995401382446,10.544744402509819,10.544744402509819,0.0,0.0,0.0,0.0,1.565554e-28,0.0,0.0,0.0,3.704592288209488,14.249336690719307
1074,4418.713,9.668408476353227,0.3759816586971283,10.544744402509819,10.544744402509819,0.0,0.0,0.0,0.0,2.103792e-28,0.0,0.0,0.0,3.7578391203874966,14.302583522897315
1075,4419.729,9.873015467809907,0.3731595277786255,10.544744402509819,10.544744402509819,0.0,0.0,0.0,0.0,2.8251575e-28,0.0,0.0,0.0,3.799779827905426,14.344524230415246
1076,4420.749,9.843319479430747,0.3757941722869873,10.544744402509819,10.544744402509819,0.0,0.0,0.0,0.0,3.795637e-28,0.0,0.0,0.0,3.801572259460855,14.346316661970674
1077,4421.7656,10.025511035980436,0.38177987933158875,10.544744402509819,10.544744402509819,0.0,0.0,0.0,0.0,5.0909565e-28,0.0,0.0,0.0,3.7798879050596033,14.324632307569422
1078,4422.785,10.78222319833366,0.38199788331985474,10.544744402509819,10.544744402509819,0.0,0.0,0.0,0.0,6.8294684e-28,0.0,0.0,0.0,3.7585845256653636,14.303328928175183
1079,4423.8027,10.319362031081571,0.3762688636779785,10.544744402509819,10.544744402509819,0.0,0.0,0.0,0.0,9.150317e-28,0.0,0.0,0.0,3.741553915878879,14.286298318388699
1080,4424.8228,10.32668981944181,0.3784436583518982,10.544744402509819,10.544744402509819,0.0,0.0,0.0,0.0,1.226018e-27,0.0,0.0,0.0,3.740813156022057,14.285557558531876
1081,4425.8413,10.268621566354696,0.37835246324539185,10.544744402509819,10.544744402509819,0.0,0.0,0.0,0.0,1.6409002e-27,0.0,0.0,0.0,3.750986931264932,14.29573133377475
1082,4426.859,9.878082252984788,0.3718167245388031,10.544744402509819,10.544744402509819,0.0,0.0,0.0,0.0,2.1940675e-27,0.0,0.0,0.0,3.764546416753982,14.3092908192638
1083,4427.88,9.895840997916299,0.37490472197532654,10.544744402509819,10.544744402509819,0.0,0.0,0.0,0.0,2.9345755e-27,0.0,0.0,0.0,3.768018369454306,14.312762771964124
1084,4428.8984,10.668893648823708,0.3800058662891388,10.544744402509819,10.544744402509819,0.0,0.0,0.0,0.0,3.9196376e-27,0.0,0.0,0.0,3.768434689799338,14.313179092309158
1085,4429.9194,9.876005228394632,0.3731090724468231,10.544744402509819,10.544744402509819,0.0,0.0,0.0,0.0,5.2354395e-27,0.0,0.0,0.0,3.746918622618551,14.29166302512837
1086,4430.939,10.912192144650355,0.3793485760688782,10.544744402509819,10.544744402509819,0.0,0.0,0.0,0.0,6.985271e-27,0.0,0.0,0.0,3.7113267991362653,14.256071201646083
1087,4431.961,10.40030048948138,0.37717947363853455,10.544744402509819,10.544744402509819,0.0,0.0,0.0,0.0,9.320017e-27,0.0,0.0,0.0,3.6788630618491864,14.223607464359006
1088,4432.98,9.508539987942811,0.3676249384880066,10.544744402509819,10.544744402509819,0.0,0.0,0.0,0.0,1.2416447e-26,0.0,0.0,0.0,3.6500989662197862,14.194843368729606
1089,4434.002,9.895945377365,0.36985328793525696,10.544744402509819,10.544744402509819,0.0,0.0,0.0,0.0,1.6544019e-26,0.0,0.0,0.0,3.637112789138905,14.181857191648724
1090,4435.0225,9.734515156180173,0.3705108165740967,10.544744402509819,10.544744402509819,0.0,0.0,0.0,0.0,2.2019584e-26,0.0,0.0,0.0,3.6479397159511753,14.192684118460994
1091,4436.0425,9.97143763539679,0.3767487108707428,10.544744402509819,10.544744402509819,0.0,0.0,0.0,0.0,2.9283595e-26,0.0,0.0,0.0,3.6886365986120007,14.23338100112182
1092,4437.066,9.777817055523546,0.38399752974510193,10.544744402509819,10.544744402509819,0.0,0.0,0.0,0.0,3.895432e-26,0.0,0.0,0.0,3.7613875419495995,14.306131944459418
1093,4438.0864,10.040102348444316,0.3885355591773987,10.544744402509819,10.544744402509819,0.0,0.0,0.0,0.0,5.1741116e-26,0.0,0.0,0.0,3.8319364928032424,14.376680895313061
1094,4439.11,10.174651083745363,0.38738346099853516,10.544744402509819,10.544744402509819,0.0,0.0,0.0,0.0,6.873438e-26,0.0,0.0,0.0,3.86995131035864,14.41469571286846
1095,4440.1313,9.929859356461792,0.388451486825943,10.544744402509819,10.544744402509819,0.0,0.0,0.0,0.0,9.1197294e-26,0.0,0.0,0.0,3.86312751335022,14.407871915860039
1096,4441.155,10.362195906266525,0.3776806890964508,10.544744402509819,10.544744402509819,0.0,0.0,0.0,0.0,1.2098374e-25,0.0,0.0,0.0,3.832766595259354,14.377510997769173
1097,4442.1763,10.359561246475128,0.3753174841403961,10.544744402509819,10.544744402509819,0.0,0.0,0.0,0.0,1.6030249e-25,0.0,0.0,0.0,3.821727472702118,14.366471875211937
1098,4443.198,10.44948297393886,0.3762035667896271,10.544744402509819,10.544744402509819,0.0,0.0,0.0,0.0,2.1228368e-25,0.0,0.0,0.0,3.8366937075796943,14.381438110089514
1099,4444.223,9.88696685858291,0.3682612180709839,10.544744402509819,10.544744402509819,0.0,0.0,0.0,0.0,2.8115616e-25,0.0,0.0,0.0,3.874422873777929,14.419167276287748
1100,4445.245,9.417035327487898,0.37028467655181885,10.544744402509819,10.544744402509819,0.0,0.0,0.0,0.0,3.7181697e-25,0.0,0.0,0.0,3.937198414272355,14.481942816782174
1101,4446.2705,9.812612297553466,0.3738686740398407,10.544744402509819,10.544744402509819,0.0,0.0,0.0,0.0,4.918377e-25,0.0,0.0,0.0,4.000805137138917,14.545549539648736
1102,4447.2935,10.466751439990325,0.38325703144073486,10.544744402509819,10.544744402509819,0.0,0.0,0.0,0.0,6.4971753e-25,0.0,0.0,0.0,4.038997308788971,14.583741711298789
1103,4448.32,10.996206960442791,0.3889426290988922,10.544744402509819,10.544744402509819,0.0,0.0,0.0,0.0,8.584962e-25,0.0,0.0,0.0,4.0480749990909,14.59281940160072
1104,4449.343,10.25977511184034,0.3806329071521759,10.544744402509819,10.544744402509819,0.0,0.0,0.0,0.0,1.1325258e-24,0.0,0.0,0.0,4.025030186011222,14.56977458852104
1105,4450.366,10.081955111891858,0.3814148008823395,10.544744402509819,10.544744402509819,0.0,0.0,0.0,0.0,1.4932043e-24,0.0,0.0,0.0,3.9943207136086296,14.539065116118449
1106,4451.3926,10.327463186814708,0.3824909031391144,10.544744402509819,10.544744402509819,0.0,0.0,0.0,0.0,1.9689444e-24,0.0,0.0,0.0,3.9238090147233775,14.468553417233196
1107,4452.4165,10.340436098965233,0.3952608108520508,10.544744402509819,10.544744402509819,0.0,0.0,0.0,0.0,2.592783e-24,0.0,0.0,0.0,3.8490074892916035,14.393751891801422
1108,4453.4434,10.564313895188311,0.3902040421962738,10.544744402509819,10.544744402509819,0.0,0.0,0.0,0.0,3.4146294e-24,0.0,0.0,0.0,3.758064263381025,14.302808665890844
1109,4454.468,9.982224746973978,0.3752625584602356,10.544744402509819,10.544744402509819,0.0,0.0,0.0,0.0,4.4909287e-24,0.0,0.0,0.0,3.6735016858263143,14.218246088336134
1110,4455.495,10.763223616366231,0.3771047294139862,10.544744402509819,10.544744402509819,0.0,0.0,0.0,0.0,5.9070437e-24,0.0,0.0,0.0,3.6159925777866015,14.16073698029642
1111,4456.52,10.472595174715202,0.3790736794471741,10.544744402509819,10.544744402509819,0.0,0.0,0.0,0.0,7.759303e-24,0.0,0.0,0.0,3.5719623966959295,14.116706799205748
1112,4457.5454,9.90258186844688,0.3693993091583252,10.544744402509819,10.544744402509819,0.0,0.0,0.0,0.0,1.0186736e-23,0.0,0.0,0.0,3.549344362937397,14.094088765447216
1113,4458.573,10.188108245364653,0.3726000189781189,10.544744402509819,10.544744402509819,0.0,0.0,0.0,0.0,1.337306e-23,0.0,0.0,0.0,3.55310173846103,14.097846140970848
1114,4459.5986,9.912779489177172,0.37030184268951416,10.544744402509819,10.544744402509819,0.0,0.0,0.0,0.0,1.7532483e-23,0.0,0.0,0.0,3.564425787312085,14.109170189821903
1115,4460.627,9.582844855710018,0.36463063955307007,10.544744402509819,10.544744402509819,0.0,0.0,0.0,0.0,2.2987623e-23,0.0,0.0,0.0,3.58212840326215,14.126872805771969
1116,4461.653,9.056756372878132,0.36650189757347107,10.544744402509819,10.544744402509819,0.0,0.0,0.0,0.0,3.010012e-23,0.0,0.0,0.0,3.619867925217571,14.16461232772739
1117,4462.682,9.119598756023674,0.3667724132537842,10.544744402509819,10.544744402509819,0.0,0.0,0.0,0.0,3.9421386e-23,0.0,0.0,0.0,3.670872320941659,14.215616723451479
1118,4463.7085,9.452204920359737,0.37106189131736755,10.544744402509819,10.544744402509819,0.0,0.0,0.0,0.0,5.1553834e-23,0.0,0.0,0.0,3.7278135046280556,14.272557907137875
1119,4464.736,9.742720454062264,0.3695732057094574,10.544744402509819,10.544744402509819,0.0,0.0,0.0,0.0,6.739089e-23,0.0,0.0,0.0,3.7811109134304126,14.325855315940231
1120,4465.765,10.35980869442848,0.376340389251709,10.544744402509819,10.544744402509819,0.0,0.0,0.0,0.0,8.807755e-23,0.0,0.0,0.0,3.820125807219469,14.364870209729288
1121,4466.7925,10.417798875879077,0.37840667366981506,10.544744402509819,10.544744402509819,0.0,0.0,0.0,0.0,1.1497606e-22,0.0,0.0,0.0,3.830205083776684,14.374949486286503
1122,4467.8228,10.115853409588706,0.37500154972076416,10.544744402509819,10.544744402509819,0.0,0.0,0.0,0.0,1.5009956e-22,0.0,0.0,0.0,3.838218589007485,14.382962991517303
1123,4468.8506,9.952398403500233,0.37738001346588135,10.544744402509819,10.544744402509819,0.0,0.0,0.0,0.0,1.9569355e-22,0.0,0.0,0.0,3.871388332034436,14.416132734544256
1124,4469.881,10.214065065663283,0.3734137713909149,10.544744402509819,10.544744402509819,0.0,0.0,0.0,0.0,2.551215e-22,0.0,0.0,0.0,3.9275355431624006,14.47227994567222
1125,4470.909,10.368382915921401,0.3771587014198303,10.544744402509819,10.544744402509819,0.0,0.0,0.0,0.0,3.3219963e-22,0.0,0.0,0.0,4.019526973299789,14.564271375809607
1126,4471.9375,9.97775747137442,0.37454962730407715,10.544744402509819,10.544744402509819,0.0,0.0,0.0,0.0,4.3226463e-22,0.0,0.0,0.0,4.101511937805267,14.646256340315086
1127,4472.9688,11.099779143405728,0.3825410306453705,10.544744402509819,10.544744402509819,0.0,0.0,0.0,0.0,5.625055e-22,0.0,0.0,0.0,4.136759743618198,14.681504146128017
1128,4473.998,10.306682386206852,0.3811352550983429,10.544744402509819,10.544744402509819,0.0,0.0,0.0,0.0,7.3111704e-22,0.0,0.0,0.0,4.172175607872737,14.716920010382555
1129,4475.0303,10.249454590132691,0.3763051927089691,10.544744402509819,10.544744402509819,0.0,0.0,0.0,0.0,9.503137e-22,0.0,0.0,0.0,4.210657981583617,14.755402384093436
1130,4476.0596,10.744550633792667,0.3828562796115875,10.544744402509819,10.544744402509819,0.0,0.0,0.0,0.0,1.2334524e-21,0.0,0.0,0.0,4.2260800119592865,14.770824414469105
1131,4477.092,10.649898305814217,0.38413286209106445,10.544744402509819,10.544744402509819,0.0,0.0,0.0,0.0,1.6010359e-21,0.0,0.0,0.0,4.207281335909416,14.752025738419235
1132,4478.1216,10.884016270747068,0.38249728083610535,10.544744402509819,10.544744402509819,0.0,0.0,0.0,0.0,2.0754384e-21,0.0,0.0,0.0,4.144135241398928,14.688879643908747
1133,4479.1523,11.260336917287574,0.38440555334091187,10.544744402509819,10.544744402509819,0.0,0.0,0.0,0.0,2.6892e-21,0.0,0.0,0.0,4.059149700754417,14.603894103264235
1134,4480.1846,11.676292194947173,0.38653355836868286,10.544744402509819,10.544744402509819,0.0,0.0,0.0,0.0,3.4833375e-21,0.0,0.0,0.0,3.9870951036368116,14.53183950614663
1135,4481.216,11.220404498119436,0.38106441497802734,10.544744402509819,10.544744402509819,0.0,0.0,0.0,0.0,4.507739e-21,0.0,0.0,0.0,3.9498988466071276,14.494643249116947
1136,4482.249,10.867235693151528,0.37631475925445557,10.544744402509819,10.544744402509819,0.0,0.0,0.0,0.0,5.8321795e-21,0.0,0.0,0.0,3.975670305078452,14.520414707588271
1137,4483.28,10.878882955417092,0.3733665943145752,10.544744402509819,10.544744402509819,0.0,0.0,0.0,0.0,7.5359215e-21,0.0,0.0,0.0,4.053286958828513,14.598031361338332
1138,4484.314,9.953221125999178,0.368185818195343,10.544744402509819,10.544744402509819,0.0,0.0,0.0,0.0,9.738936e-21,0.0,0.0,0.0,4.136318401893889,14.681062804403709
1139,4485.345,10.356253640752271,0.3719838559627533,10.544744402509819,10.544744402509819,0.0,0.0,0.0,0.0,1.25679754e-20,0.0,0.0,0.0,4.187098486322923,14.731842888832741
1140,4486.3774,10.172119098178179,0.3695448338985443,10.544744402509819,10.544744402509819,0.0,0.0,0.0,0.0,1.6211517e-20,0.0,0.0,0.0,4.202045483120649,14.746789885630468
1141,4487.412,10.861006829548973,0.3833172023296356,10.544744402509819,10.544744402509819,0.0,0.0,0.0,0.0,2.0909354e-20,0.0,0.0,0.0,4.168717291544777,14.713461694054596
1142,4488.4443,11.510955241886862,0.3859536647796631,10.544744402509819,10.544744402509819,0.0,0.0,0.0,0.0,2.6933592e-20,0.0,0.0,0.0,4.11154422405552,14.656288626565338
1143,4489.479,11.25144789717072,0.3866289258003235,10.544744402509819,10.544744402509819,0.0,0.0,0.0,0.0,3.468991e-20,0.0,0.0,0.0,4.055990953232111,14.600735355741929
1144,4490.512,11.321983045502677,0.3811490833759308,10.544744402509819,10.544744402509819,0.0,0.0,0.0,0.0,4.4632876e-20,0.0,0.0,0.0,4.027944856719003,14.572689259228822
1145,4491.5474,10.847141882581798,0.38014134764671326,10.544744402509819,10.544744402509819,0.0,0.0,0.0,0.0,5.741302e-20,0.0,0.0,0.0,4.01378856022826,14.558532962738079
1146,4492.581,10.864302276140723,0.3768709599971771,10.544744402509819,10.544744402509819,0.0,0.0,0.0,0.0,7.377464e-20,0.0,0.0,0.0,4.0020746006903325,14.546819003200152
1147,4493.6147,10.743475350222703,0.3782167136669159,10.544744402509819,10.544744402509819,0.0,0.0,0.0,0.0,9.47325e-20,0.0,0.0,0.0,3.9950834190033726,14.539827821513192
1148,4494.6504,10.407529590975777,0.3725242614746094,10.544744402509819,10.544744402509819,0.0,0.0,0.0,0.0,1.2161664e-19,0.0,0.0,0.0,3.995131732571586,14.539876135081405
1149,4495.6846,10.381325925549092,0.3729683756828308,10.544744402509819,10.544744402509819,0.0,0.0,0.0,0.0,1.5596658e-19,0.0,0.0,0.0,4.005574022571024,14.550318425080842
1150,4496.7217,10.836736980516893,0.3754883408546448,10.544744402509819,10.544744402509819,0.0,0.0,0.0,0.0,2.0001846e-19,0.0,0.0,0.0,4.0384585227179715,14.583202925227791
1151,4497.7554,10.840367705071497,0.38343578577041626,10.544744402509819,10.544744402509819,0.0,0.0,0.0,0.0,2.5612337e-19,0.0,0.0,0.0,4.098456948553991,14.643201351063809
1152,4498.793,10.483471871617974,0.38026517629623413,10.544744402509819,10.544744402509819,0.0,0.0,0.0,0.0,3.28042e-19,0.0,0.0,0.0,4.155936239954292,14.70068064246411
1153,4499.828,10.771918556134784,0.37962549924850464,10.544744402509819,10.544744402509819,0.0,0.0,0.0,0.0,4.1961528e-19,0.0,0.0,0.0,4.2057339936088685,14.750478396118687
1154,4500.863,10.966526861948815,0.38034817576408386,10.544744402509819,10.544744402509819,0.0,0.0,0.0,0.0,5.363154e-19,0.0,0.0,0.0,4.252715233998451,14.79745963650827
1155,4501.9014,10.65965658869013,0.3799504041671753,10.544744402509819,10.544744402509819,0.0,0.0,0.0,0.0,6.856231e-19,0.0,0.0,0.0,4.31599038396612,14.860734786475938
1156,4502.9365,10.981320760204838,0.3818361759185791,10.544744402509819,10.544744402509819,0.0,0.0,0.0,0.0,8.751775e-19,0.0,0.0,0.0,4.375870325610592,14.92061472812041
1157,4503.975,11.057416446184938,0.38485953211784363,10.544744402509819,10.544744402509819,0.0,0.0,0.0,0.0,1.1172487e-18,0.0,0.0,0.0,4.432194225812132,14.97693862832195
1158,4505.011,11.412872935161296,0.38968124985694885,10.544744402509819,10.544744402509819,0.0,0.0,0.0,0.0,1.4244603e-18,0.0,0.0,0.0,4.480819081440266,15.025563483950085
1159,4506.05,11.712592957470036,0.39390596747398376,10.544744402509819,10.544744402509819,0.0,0.0,0.0,0.0,1.8159036e-18,0.0,0.0,0.0,4.4833108206061345,15.028055223115953
1160,4507.087,11.41654679253294,0.39087194204330444,10.544744402509819,10.544744402509819,0.0,0.0,0.0,0.0,2.3125062e-18,0.0,0.0,0.0,4.479503660653096,15.024248063162915
1161,4508.123,11.089813857106247,0.3887963593006134,10.544744402509819,10.544744402509819,0.0,0.0,0.0,0.0,2.9421774e-18,0.0,0.0,0.0,4.467079491587601,15.01182389409742
1162,4509.1626,11.723616319279952,0.38784554600715637,10.544744402509819,10.544744402509819,0.0,0.0,0.0,0.0,3.74363e-18,0.0,0.0,0.0,4.4505455917307915,14.995289994240611
1163,4510.2007,11.35227483239305,0.3867555558681488,10.544744402509819,10.544744402509819,0.0,0.0,0.0,0.0,4.7584226e-18,0.0,0.0,0.0,4.4253779080854665,14.970122310595286
1164,4511.2407,11.27467360722026,0.38490602374076843,10.544744402509819,10.544744402509819,0.0,0.0,0.0,0.0,6.0467747e-18,0.0,0.0,0.0,4.3833893276552285,14.928133730165047
1165,4512.278,11.543291008303138,0.38716307282447815,10.544744402509819,10.544744402509819,0.0,0.0,0.0,0.0,7.673376e-18,0.0,0.0,0.0,4.33276566283944,14.87751006534926
1166,4513.319,11.716396842674849,0.38687267899513245,10.544744402509819,10.544744402509819,0.0,0.0,0.0,0.0,9.739359e-18,0.0,0.0,0.0,4.297549690528276,14.842294093038095
1167,4514.357,11.579779430449047,0.38542115688323975,10.544744402509819,10.544744402509819,0.0,0.0,0.0,0.0,1.234467e-17,0.0,0.0,0.0,4.264299587190113,14.809043989699932
1168,4515.398,11.373607827055455,0.38417255878448486,10.544744402509819,10.544744402509819,0.0,0.0,0.0,0.0,1.5646255e-17,0.0,0.0,0.0,4.239943312776088,14.784687715285907
1169,4516.437,11.59728297041292,0.391400009393692,10.544744402509819,10.544744402509819,0.0,0.0,0.0,0.0,1.9808016e-17,0.0,0.0,0.0,4.240873729721357,14.785618132231175
1170,4517.4756,11.217772049690574,0.3939175009727478,10.544744402509819,10.544744402509819,0.0,0.0,0.0,0.0,2.5056302e-17,0.0,0.0,0.0,4.260876136039407,14.805620538549226
1171,4518.5176,10.850877451167129,0.3951134979724884,10.544744402509819,10.544744402509819,0.0,0.0,0.0,0.0,3.1697343e-17,0.0,0.0,0.0,4.27710850311754,14.82185290562736
1172,4519.557,10.516622113290087,0.38526418805122375,10.544744402509819,10.544744402509819,0.0,0.0,0.0,0.0,4.0048108e-17,0.0,0.0,0.0,4.290191126761182,14.834935529271
1173,4520.599,10.582388124082593,0.3808029890060425,10.544744402509819,10.544744402509819,0.0,0.0,0.0,0.0,5.059099e-17,0.0,0.0,0.0,4.291291990663501,14.83603639317332
1174,4521.6387,11.494164043440371,0.3847385048866272,10.544744402509819,10.544744402509819,0.0,0.0,0.0,0.0,6.3828955e-17,0.0,0.0,0.0,4.268251842484921,14.81299624499474
1175,4522.682,10.219737481365264,0.3771491050720215,10.544744402509819,10.544744402509819,0.0,0.0,0.0,0.0,8.054405e-17,0.0,0.0,0.0,4.216086912860811,14.76083131537063
1176,4523.7217,10.904039999037447,0.37703022360801697,10.544744402509819,10.544744402509819,0.0,0.0,0.0,0.0,1.0147677e-16,0.0,0.0,0.0,4.143340448350249,14.688084850860069
1177,4524.7627,11.15036238018579,0.37433189153671265,10.544744402509819,10.544744402509819,0.0,0.0,0.0,0.0,1.278e-16,0.0,0.0,0.0,4.042188278993897,14.586932681503715
1178,4525.8066,10.88161529579393,0.378877729177475,10.544744402509819,10.544744402509819,0.0,0.0,0.0,0.0,1.609423e-16,0.0,0.0,0.0,3.948170051190934,14.492914453700752
1179,4526.847,11.12122793070431,0.3708237409591675,10.544744402509819,10.544744402509819,0.0,0.0,0.0,0.0,2.023827e-16,0.0,0.0,0.0,3.853552151998327,14.398296554508146
1180,4527.8916,10.94245596382666,0.3720923364162445,10.544744402509819,10.544744402509819,0.0,0.0,0.0,0.0,2.545313e-16,0.0,0.0,0.0,3.7858469918007818,14.3305913943106
1181,4528.9326,10.204648518214746,0.36484065651893616,10.544744402509819,10.544744402509819,0.0,0.0,0.0,0.0,3.196498e-16,0.0,0.0,0.0,3.760250544895605,14.304994947405424
1182,4529.977,10.148298493051804,0.3613090515136719,10.544744402509819,10.544744402509819,0.0,0.0,0.0,0.0,4.0144335e-16,0.0,0.0,0.0,3.760444411611281,14.3051888141211
1183,4531.0195,10.0123342852659,0.36083894968032837,10.544744402509819,10.544744402509819,0.0,0.0,0.0,0.0,5.035939e-16,0.0,0.0,0.0,3.774175228589079,14.318919631098897
1184,4532.0615,10.39592827418196,0.36245423555374146,10.544744402509819,10.544744402509819,0.0,0.0,0.0,0.0,6.3122187e-16,0.0,0.0,0.0,3.7882996692384503,14.333044071748269
1185,4533.107,10.846692474615267,0.36510637402534485,10.544744402509819,10.544744402509819,0.0,0.0,0.0,0.0,7.9121633e-16,0.0,0.0,0.0,3.8203340451601235,14.365078447669942
1186,4534.15,9.557297726903197,0.35498449206352234,10.54474440250982,10.544744402509819,0.0,0.0,0.0,0.0,9.905392e-16,0.0,0.0,0.0,3.867771128382448,14.412515530892268
1187,4535.196,10.091906700781596,0.3578718900680542,10.54474440250982,10.544744402509819,0.0,0.0,0.0,0.0,1.2399761e-15,0.0,0.0,0.0,3.9354570763790484,14.480201478888869
1188,4536.2393,10.222433493280043,0.36266273260116577,10.54474440250982,10.544744402509819,0.0,0.0,0.0,0.0,1.5503028e-15,0.0,0.0,0.0,4.01898629889525,14.56373070140507
1189,4537.285,10.46206992102844,0.36785414814949036,10.54474440250982,10.544744402509819,0.0,0.0,0.0,0.0,1.9379248e-15,0.0,0.0,0.0,4.096622057426149,14.64136645993597
1190,4538.3286,10.719726524143416,0.3715572953224182,10.54474440250982,10.544744402509819,0.0,0.0,0.0,0.0,2.4194806e-15,0.0,0.0,0.0,4.166060486049455,14.710804888559275
1191,4539.373,10.782724805959855,0.3740120530128479,10.544744402509822,10.544744402509819,0.0,0.0,0.0,0.0,3.0191668e-15,0.0,0.0,0.0,4.213285020700302,14.758029423210125
1192,4540.4194,11.085681103449343,0.37278735637664795,10.544744402509822,10.544744402509819,0.0,0.0,0.0,0.0,3.7663684e-15,0.0,0.0,0.0,4.213983393926146,14.758727796435968
1193,4541.4644,10.780388728180359,0.3672312796115875,10.544744402509824,10.544744402509819,0.0,0.0,0.0,0.0,4.6936908e-15,0.0,0.0,0.0,4.207529171905091,14.752273574414914
1194,4542.511,11.045382335129485,0.36984968185424805,10.544744402509824,10.544744402509819,0.0,0.0,0.0,0.0,5.8475466e-15,0.0,0.0,0.0,4.190973446425692,14.735717848935515
1195,4543.556,11.218664955702064,0.372923344373703,10.544744402509826,10.544744402509819,0.0,0.0,0.0,0.0,7.276862e-15,0.0,0.0,0.0,4.183868575486901,14.728612977996727
1196,4544.604,11.136191579276542,0.3743850290775299,10.544744402509828,10.544744402509819,0.0,0.0,0.0,0.0,9.054645e-15,0.0,0.0,0.0,4.162339953011057,14.707084355520884
1197,4545.65,11.1314144607183,0.3761031925678253,10.54474440250983,10.544744402509819,0.0,0.0,0.0,0.0,1.1254083e-14,0.0,0.0,0.0,4.135060263097618,14.679804665607447
1198,4546.6953,11.32378845583759,0.38311880826950073,10.544744402509833,10.544744402509819,0.0,0.0,0.0,0.0,1.39763655e-14,0.0,0.0,0.0,4.105180927402155,14.649925329911987
1199,4547.7437,11.32815535366003,0.38422197103500366,10.544744402509837,10.544744402509819,0.0,0.0,0.0,0.0,1.7355226e-14,0.0,0.0,0.0,4.081160709267215,14.625905111777051
1200,4548.79,11.017045557660694,0.37185418605804443,10.54474440250984,10.544744402509819,0.0,0.0,0.0,0.0,2.1526871e-14,0.0,0.0,0.0,4.059327542620067,14.604071945129906
1201,4549.839,11.148350470880093,0.37445998191833496,10.544744402509846,10.544744402509819,0.0,0.0,0.0,0.0,2.6695544e-14,0.0,0.0,0.0,4.04101396240848,14.585758364918327
1202,4550.8857,11.252076261506339,0.37385550141334534,10.544744402509853,10.544744402509819,0.0,0.0,0.0,0.0,3.3068254e-14,0.0,0.0,0.0,4.034986383452157,14.57973078596201
1203,4551.935,10.65702069398259,0.36780184507369995,10.54474440250986,10.544744402509819,0.0,0.0,0.0,0.0,4.0953254e-14,0.0,0.0,0.0,4.047499531542313,14.592243934052172
1204,4552.9824,9.960009531834402,0.3638198673725128,10.54474440250987,10.544744402509819,0.0,0.0,0.0,0.0,5.0661755e-14,0.0,0.0,0.0,4.079232258937083,14.623976661446953
1205,4554.03,10.488160141776852,0.36713704466819763,10.544744402509881,10.544744402509819,0.0,0.0,0.0,0.0,6.262697e-14,0.0,0.0,0.0,4.1167163764726595,14.66146077898254
1206,4555.08,11.163433421111787,0.3697204887866974,10.544744402509897,10.544744402509819,0.0,0.0,0.0,0.0,7.740836e-14,0.0,0.0,0.0,4.162994992279326,14.707739394789222
1207,4556.1284,10.547552071120636,0.3686735928058624,10.544744402509915,10.544744402509819,0.0,0.0,0.0,0.0,9.557215e-14,0.0,0.0,0.0,4.229725875351532,14.774470277861447
1208,4557.1787,10.056343758939393,0.36421582102775574,10.544744402509936,10.544744402509819,0.0,0.0,0.0,0.0,1.179596e-13,0.0,0.0,0.0,4.306440626741759,14.851185029251695
1209,4558.227,10.354298624943095,0.3686804473400116,10.544744402509965,10.544744402509819,0.0,0.0,0.0,0.0,1.4542915e-13,0.0,0.0,0.0,4.377181973506612,14.921926376016577
1210,4559.279,9.89351169085559,0.36694633960723877,10.544744402509998,10.544744402509819,0.0,0.0,0.0,0.0,1.7928943e-13,0.0,0.0,0.0,4.428346715211306,14.973091117721303
1211,4560.327,11.196464193089168,0.37576091289520264,10.54474440251004,10.544744402509819,0.0,0.0,0.0,0.0,2.207242e-13,0.0,0.0,0.0,4.4396041510270425,14.984348553537082
1212,4561.376,11.143451254376757,0.3765900731086731,10.54474440251009,10.544744402509819,0.0,0.0,0.0,0.0,2.715653e-13,0.0,0.0,0.0,4.419002015581739,14.96374641809183
1213,4562.428,11.104278012302743,0.3781002163887024,10.544744402510153,10.544744402509819,0.0,0.0,0.0,0.0,3.3410115e-13,0.0,0.0,0.0,4.389291361781729,14.934035764291881
1214,4563.478,11.169203517152164,0.37628692388534546,10.54474440251023,10.544744402509819,0.0,0.0,0.0,0.0,4.1054475e-13,0.0,0.0,0.0,4.348295452879574,14.893039855389803
1215,4564.53,10.978865505539773,0.37564560770988464,10.544744402510323,10.544744402509819,0.0,0.0,0.0,0.0,5.043088e-13,0.0,0.0,0.0,4.32230770460427,14.867052107114594
1216,4565.5806,11.19981548517869,0.3754035532474518,10.544744402510437,10.544744402509819,0.0,0.0,0.0,0.0,6.1892294e-13,0.0,0.0,0.0,4.318474080861349,14.863218483371785
1217,4566.633,10.549523090238129,0.37970802187919617,10.544744402510577,10.544744402509819,0.0,0.0,0.0,0.0,7.592509e-13,0.0,0.0,0.0,4.341458583956206,14.886202986466785
1218,4567.683,11.011923971798918,0.37978923320770264,10.54474440251075,10.544744402509819,0.0,0.0,0.0,0.0,9.303707e-13,0.0,0.0,0.0,4.383646783205966,14.928391185716716
1219,4568.735,10.911840122874263,0.37890440225601196,10.54474440251096,10.544744402509819,0.0,0.0,0.0,0.0,1.1395618e-12,0.0,0.0,0.0,4.399254161183355,14.943998563694315
1220,4569.7876,10.955419274182251,0.3746967315673828,10.544744402511213,10.544744402509819,0.0,0.0,0.0,0.0,1.3950384e-12,0.0,0.0,0.0,4.3954966346312245,14.940241037142439
1221,4570.839,11.630456629351887,0.3836733102798462,10.544744402511524,10.544744402509819,0.0,0.0,0.0,0.0,1.7060774e-12,0.0,0.0,0.0,4.386932668133465,14.931677070644989
1222,4571.8936,11.141537998432288,0.37765073776245117,10.544744402511904,10.544744402509819,0.0,0.0,0.0,0.0,2.0863229e-12,0.0,0.0,0.0,4.373754169231286,14.91849857174319
1223,4572.945,11.241769723826488,0.3801935315132141,10.544744402512366,10.544744402509819,0.0,0.0,0.0,0.0,2.5478e-12,0.0,0.0,0.0,4.388183660572926,14.932928063085292
1224,4573.999,11.442241463857771,0.40379324555397034,10.54474440251293,10.544744402509819,0.0,0.0,0.0,0.0,3.11083e-12,0.0,0.0,0.0,4.394799437326311,14.93954383983924
1225,4575.052,11.11888543907155,0.3916400372982025,10.544744402513613,10.544744402509819,0.0,0.0,0.0,0.0,3.7944877e-12,0.0,0.0,0.0,4.397774297561751,14.942518700075365
1226,4576.104,10.881120765847331,0.39156678318977356,10.544744402514443,10.544744402509819,0.0,0.0,0.0,0.0,4.6246054e-12,0.0,0.0,0.0,4.383857642966146,14.928602045480588
1227,4577.1597,11.115992979317976,0.37193727493286133,10.544744402515455,10.544744402509819,0.0,0.0,0.0,0.0,5.635877e-12,0.0,0.0,0.0,4.344520135611222,14.889264538126678
1228,4578.2124,11.111503226837856,0.37240952253341675,10.54474440251668,10.544744402509819,0.0,0.0,0.0,0.0,6.859525e-12,0.0,0.0,0.0,4.298648254790562,14.843392657307241
1229,4579.268,11.137313625763696,0.4002813398838043,10.544744402518166,10.544744402509819,0.0,0.0,0.0,0.0,8.347337e-12,0.0,0.0,0.0,4.237217166472632,14.781961568990798
1230,4580.322,10.964757540894528,0.39493441581726074,10.544744402519965,10.544744402509819,0.0,0.0,0.0,0.0,1.0146811e-11,0.0,0.0,0.0,4.185980221556645,14.730724624076611
1231,4581.378,11.275682458216078,0.37889429926872253,10.54474440252215,10.544744402509819,0.0,0.0,0.0,0.0,1.2330824e-11,0.0,0.0,0.0,4.156805029576891,14.701549432099041
1232,4582.431,11.355452543128314,0.37476155161857605,10.544744402524785,10.544744402509819,0.0,0.0,0.0,0.0,1.496593e-11,0.0,0.0,0.0,4.155088419090925,14.69983282161571
1233,4583.486,10.904751830136746,0.3765714764595032,10.544744402527975,10.544744402509819,0.0,0.0,0.0,0.0,1.8155847e-11,0.0,0.0,0.0,4.166592545473606,14.71133694800158
1234,4584.543,11.054878403383247,0.37650689482688904,10.544744402531839,10.544744402509819,0.0,0.0,0.0,0.0,2.2019503e-11,0.0,0.0,0.0,4.182222197813042,14.72696660034488
1235,4585.597,10.855256423011202,0.3712763786315918,10.544744402536491,10.544744402509819,0.0,0.0,0.0,0.0,2.6671767e-11,0.0,0.0,0.0,4.218436852440459,14.76318125497695
1236,4586.655,10.283876388479705,0.3742074966430664,10.544744402542122,10.544744402509819,0.0,0.0,0.0,0.0,3.2303327e-11,0.0,0.0,0.0,4.252178222726349,14.796922625268472
1237,4587.71,10.77453444713531,0.37377187609672546,10.544744402548897,10.544744402509819,0.0,0.0,0.0,0.0,3.9078227e-11,0.0,0.0,0.0,4.292331473885199,14.837075876434096
1238,4588.768,11.222345759912834,0.3770221471786499,10.544744402557084,10.544744402509819,0.0,0.0,0.0,0.0,4.7264644e-11,0.0,0.0,0.0,4.319542477086679,14.864286879643764
1239,4589.8237,10.842978662210813,0.37444666028022766,10.544744402566918,10.544744402509819,0.0,0.0,0.0,0.0,5.709899e-11,0.0,0.0,0.0,4.312609487813601,14.85735389038052
1240,4590.8794,11.160404147579904,0.3780016601085663,10.544744402578749,10.544744402509819,0.0,0.0,0.0,0.0,6.892972e-11,0.0,0.0,0.0,4.2971039395783,14.84184834215705
1241,4591.938,11.266545477784197,0.3772222399711609,10.544744402593013,10.544744402509819,0.0,0.0,0.0,0.0,8.319414e-11,0.0,0.0,0.0,4.27546864422508,14.820213046818093
1242,4592.9946,11.288766395775777,0.3797198235988617,10.544744402610121,10.544744402509819,0.0,0.0,0.0,0.0,1.00302294e-10,0.0,0.0,0.0,4.237319457800882,14.782063860411004
1243,4594.0537,11.528690824523697,0.3795069456100464,10.544744402630712,10.544744402509819,0.0,0.0,0.0,0.0,1.2089287e-10,0.0,0.0,0.0,4.209757318481674,14.754501721112387
1244,4595.1104,11.176771470578657,0.37656474113464355,10.54474440265536,10.544744402509819,0.0,0.0,0.0,0.0,1.4554094e-10,0.0,0.0,0.0,4.210734060732377,14.755478463387735
1245,4596.17,10.421671415145552,0.3728019595146179,10.544744402684994,10.544744402509819,0.0,0.0,0.0,0.0,1.7517623e-10,0.0,0.0,0.0,4.203493570511187,14.748237973196181
1246,4597.227,10.890793951807913,0.378151535987854,10.54474440272042,10.544744402509819,0.0,0.0,0.0,0.0,2.1060194e-10,0.0,0.0,0.0,4.198706475438181,14.743450878158601
1247,4598.2886,10.996915760713549,0.37798789143562317,10.544744402763019,10.544744402509819,0.0,0.0,0.0,0.0,2.5320002e-10,0.0,0.0,0.0,4.217619952482251,14.762364355245271
1248,4599.346,10.542812048165715,0.3717900514602661,10.544744402813803,10.544744402509819,0.0,0.0,0.0,0.0,3.0398492e-10,0.0,0.0,0.0,4.229074777395809,14.773819180209612
1249,4600.404,9.936028475543104,0.3709661364555359,10.544744402874509,10.544744402509819,0.0,0.0,0.0,0.0,3.6468936e-10,0.0,0.0,0.0,4.231310849408068,14.776055252282577
1250,4601.4653,10.27700247747902,0.3771160840988159,10.544744402947307,10.544744402509819,0.0,0.0,0.0,0.0,4.374887e-10,0.0,0.0,0.0,4.2439325811147315,14.78867698406204
1251,4602.5234,11.37543737168181,0.38851433992385864,10.544744403033949,10.544744402509819,0.0,0.0,0.0,0.0,5.2412996e-10,0.0,0.0,0.0,4.266604788352369,14.811349191386318
1252,4603.5845,11.288600243734006,0.38637426495552063,10.544744403137601,10.544744402509819,0.0,0.0,0.0,0.0,6.2778266e-10,0.0,0.0,0.0,4.284482680155155,14.829227083292757
1253,4604.644,10.754869031281608,0.3771457374095917,10.544744403261012,10.544744402509819,0.0,0.0,0.0,0.0,7.5119266e-10,0.0,0.0,0.0,4.318162394194466,14.862906797455476
1254,4605.7056,10.775515593494232,0.3770659267902374,10.544744403408322,10.544744402509819,0.0,0.0,0.0,0.0,8.9850277e-10,0.0,0.0,0.0,4.366766892467682,14.911511295876004
1255,4606.7646,11.17639025375625,0.38087254762649536,10.544744403583286,10.544744402509819,0.0,0.0,0.0,0.0,1.0734673e-09,0.0,0.0,0.0,4.42825356796006,14.972997971543347
1256,4607.825,10.846437064705679,0.3765081465244293,10.544744403791698,10.544744402509819,0.0,0.0,0.0,0.0,1.2818788e-09,0.0,0.0,0.0,4.491403969229869,15.036148373021568
1257,4608.887,10.324486303524534,0.3719644546508789,10.544744404039818,10.544744402509819,0.0,0.0,0.0,0.0,1.53e-09,0.0,0.0,0.0,4.537130784793337,15.081875188833155
1258,4609.9478,11.365051817635814,0.3793817460536957,10.54474440433418,10.544744402509819,0.0,0.0,0.0,0.0,1.8243618e-09,0.0,0.0,0.0,4.5608066799838145,15.105551084317995
1259,4611.0107,10.312534387173738,0.373692125082016,10.544744404684455,10.544744402509819,0.0,0.0,0.0,0.0,2.174635e-09,0.0,0.0,0.0,4.550943319735441,15.095687724419896
1260,4612.072,11.32754308289271,0.3748570680618286,10.544744405099232,10.544744402509819,0.0,0.0,0.0,0.0,2.5894125e-09,0.0,0.0,0.0,4.538775619805045,15.083520024904278
1261,4613.135,11.272137011590189,0.38759398460388184,10.544744405591839,10.544744402509819,0.0,0.0,0.0,0.0,3.0820198e-09,0.0,0.0,0.0,4.540290509161765,15.085034914753603
1262,4614.1963,10.897036110228214,0.3788761794567108,10.544744406174585,10.544744402509819,0.0,0.0,0.0,0.0,3.664767e-09,0.0,0.0,0.0,4.53923937194952,15.083983778124106
1263,4615.2573,11.581359431375056,0.3803272843360901,10.544744406863972,10.544744402509819,0.0,0.0,0.0,0.0,4.3541526e-09,0.0,0.0,0.0,4.54436345375678,15.089107860620752
1264,4616.322,11.286700471952955,0.37991222739219666,10.54474440768207,10.544744402509819,0.0,0.0,0.0,0.0,5.1722524e-09,0.0,0.0,0.0,4.550706640168628,15.095451047850698
1265,4617.384,11.406414918936738,0.377681702375412,10.544744408646938,10.544744402509819,0.0,0.0,0.0,0.0,6.1371193e-09,0.0,0.0,0.0,4.546929426156035,15.091673834802974
1266,4618.4487,11.039503970461782,0.37571030855178833,10.544744409789853,10.544744402509819,0.0,0.0,0.0,0.0,7.280035e-09,0.0,0.0,0.0,4.543733677548472,15.088478087338325
1267,4619.511,11.427154802711929,0.37484264373779297,10.544744411135852,10.544744402509819,0.0,0.0,0.0,0.0,8.626033e-09,0.0,0.0,0.0,4.551791883079086,15.096536294214939
1268,4620.5767,11.834681703962321,0.382267564535141,10.544744412727944,10.544744402509819,0.0,0.0,0.0,0.0,1.0218124e-08,0.0,0.0,0.0,4.555519864641195,15.100264277369138
1269,4621.6396,11.41851846552889,0.37788936495780945,10.544744414600201,10.544744402509819,0.0,0.0,0.0,0.0,1.2090382e-08,0.0,0.0,0.0,4.557071286668376,15.101815701268578
1270,4622.703,11.349283986395086,0.37820547819137573,10.544744416806127,10.544744402509819,0.0,0.0,0.0,0.0,1.4296308e-08,0.0,0.0,0.0,4.569318003351007,15.114062420157133
1271,4623.7686,11.775239223720728,0.40274253487586975,10.544744419407152,10.544744402509819,0.0,0.0,0.0,0.0,1.6897333e-08,0.0,0.0,0.0,4.566883807895482,15.111628227302635
1272,4624.832,11.609479054178841,0.3987487852573395,10.544744422460528,10.544744402509819,0.0,0.0,0.0,0.0,1.995071e-08,0.0,0.0,0.0,4.56161774757897,15.1063621700395
1273,4625.8994,11.11159253590887,0.37586674094200134,10.544744426062563,10.544744402509819,0.0,0.0,0.0,0.0,2.3552744e-08,0.0,0.0,0.0,4.553828949992011,15.098573376054574
1274,4626.963,11.293652811684932,0.37645453214645386,10.544744430277458,10.544744402509819,0.0,0.0,0.0,0.0,2.7767639e-08,0.0,0.0,0.0,4.538043698630008,15.082788128907467
1275,4628.03,11.904555297786718,0.3793674409389496,10.544744435239698,10.544744402509819,0.0,0.0,0.0,0.0,3.272988e-08,0.0,0.0,0.0,4.532362960880274,15.077107396119972
1276,4629.0947,11.397695906399331,0.3816288411617279,10.544744441048502,10.544744402509819,0.0,0.0,0.0,0.0,3.8538683e-08,0.0,0.0,0.0,4.5284134075655125,15.073157848614015
1277,4630.1597,11.151607300111511,0.3795245885848999,10.54474444785466,10.544744402509819,0.0,0.0,0.0,0.0,4.534484e-08,0.0,0.0,0.0,4.522791122129699,15.067535569984358
1278,4631.227,10.735377208680234,0.3778015375137329,10.544744455842975,10.544744402509819,0.0,0.0,0.0,0.0,5.3333157e-08,0.0,0.0,0.0,4.509851558714785,15.05459601455776
1279,4632.293,11.895081419050904,0.38969701528549194,10.544744465178082,10.544744402509819,0.0,0.0,0.0,0.0,6.266826e-08,0.0,0.0,0.0,4.484259706437377,15.029004171615458
1280,4633.361,12.475239312432441,0.38021254539489746,10.54474447611428,10.544744402509819,0.0,0.0,0.0,0.0,7.360446e-08,0.0,0.0,0.0,4.464776480414239,15.009520956528519
1281,4634.427,11.341097998766699,0.3781934380531311,10.544744488869133,10.544744402509819,0.0,0.0,0.0,0.0,8.6359314e-08,0.0,0.0,0.0,4.42571337208291,14.970457860952044
1282,4635.4956,11.6221480303352,0.375669002532959,10.544744503803342,10.544744402509819,0.0,0.0,0.0,0.0,1.0129352e-07,0.0,0.0,0.0,4.376184946959721,14.920929450763062
1283,4636.562,11.737405172831359,0.3765447735786438,10.544744521188568,10.544744402509819,0.0,0.0,0.0,0.0,1.1867875e-07,0.0,0.0,0.0,4.341728814595398,14.886473335783965
1284,4637.6284,11.446761794032529,0.37588179111480713,10.544744541454248,10.544744402509819,0.0,0.0,0.0,0.0,1.3894443e-07,0.0,0.0,0.0,4.315993599949404,14.860738141403651
1285,4638.6978,11.43731421606174,0.37303557991981506,10.54474456512993,10.544744402509819,0.0,0.0,0.0,0.0,1.6262011e-07,0.0,0.0,0.0,4.286764916018337,14.831509481148267
1286,4639.765,11.622387649458854,0.37667056918144226,10.544744592643253,10.544744402509819,0.0,0.0,0.0,0.0,1.9013343e-07,0.0,0.0,0.0,4.283358810502082,14.828103403145334
1287,4640.835,11.539609215391375,0.37286311388015747,10.544744624725395,10.544744402509819,0.0,0.0,0.0,0.0,2.2221558e-07,0.0,0.0,0.0,4.280064322816633,14.824808947542028
1288,4641.903,11.146962109477027,0.3692222833633423,10.544744661953073,10.544744402509819,0.0,0.0,0.0,0.0,2.5944325e-07,0.0,0.0,0.0,4.2828665343218,14.827611196274873
1289,4642.973,11.208878149426095,0.36891430616378784,10.544744705298227,10.544744402509819,0.0,0.0,0.0,0.0,3.027884e-07,0.0,0.0,0.0,4.268710504138359,14.813455209436587
1290,4644.041,11.724619550069589,0.37754058837890625,10.54474475549736,10.544744402509819,0.0,0.0,0.0,0.0,3.5298754e-07,0.0,0.0,0.0,4.226041155496818,14.770785910994178
1291,4645.11,11.905081196427876,0.3783707022666931,10.544744813770249,10.544744402509819,0.0,0.0,0.0,0.0,4.1126043e-07,0.0,0.0,0.0,4.177201823591655,14.721946637361903
1292,4646.1807,11.612309905130097,0.37651827931404114,10.544744881438303,10.544744402509819,0.0,0.0,0.0,0.0,4.789285e-07,0.0,0.0,0.0,4.129942444723418,14.67468732616172
1293,4647.249,11.348244628215628,0.37073615193367004,10.544744959630064,10.544744402509819,0.0,0.0,0.0,0.0,5.5712025e-07,0.0,0.0,0.0,4.099544563984078,14.644289523614141
1294,4648.3213,11.441047053520027,0.370388925075531,10.54474505046113,10.544744402509819,0.0,0.0,0.0,0.0,6.479513e-07,0.0,0.0,0.0,4.120064396675287,14.664809447136417
1295,4649.3906,11.041759136746304,0.3662942051887512,10.54474515522679,10.544744402509819,0.0,0.0,0.0,0.0,7.5271697e-07,0.0,0.0,0.0,4.164114352633578,14.708859507860367
1296,4650.4624,10.743873811978322,0.36720511317253113,10.54474527657487,10.544744402509819,0.0,0.0,0.0,0.0,8.7406505e-07,0.0,0.0,0.0,4.2220151650724596,14.76676044164733
1297,4651.5327,11.02371215583512,0.3675931692123413,10.544745416520469,10.544744402509819,0.0,0.0,0.0,0.0,1.0140106e-06,0.0,0.0,0.0,4.274381639941246,14.819127056461713
1298,4652.6025,11.15140721116386,0.36885973811149597,10.544745577912463,10.544744402509819,0.0,0.0,0.0,0.0,1.1754026e-06,0.0,0.0,0.0,4.301282913347859,14.846028491260324
1299,4653.675,10.843210417431084,0.36608102917671204,10.544745764429477,10.544744402509819,0.0,0.0,0.0,0.0,1.3619197e-06,0.0,0.0,0.0,4.325472634631904,14.87021839906138
1300,4654.746,11.120572603846782,0.36783912777900696,10.544745979147988,10.544744402509819,0.0,0.0,0.0,0.0,1.5766382e-06,0.0,0.0,0.0,4.338187657688864,14.882933636836853
1301,4655.8193,11.223173798712956,0.3713648021221161,10.544746226836251,10.544744402509819,0.0,0.0,0.0,0.0,1.8243264e-06,0.0,0.0,0.0,4.3572819813163415,14.902028208152593
1302,4656.89,11.319245455490616,0.3725970983505249,10.544746511152367,10.544744402509819,0.0,0.0,0.0,0.0,2.1086425e-06,0.0,0.0,0.0,4.403806569350693,14.94855308050306
1303,4657.9644,11.498288177920251,0.37641260027885437,10.544746839069317,10.544744402509819,0.0,0.0,0.0,0.0,2.4365595e-06,0.0,0.0,0.0,4.467310882138342,15.01205772120766
1304,4659.036,11.026934332091376,0.37057679891586304,10.544747214948925,10.544744402509819,0.0,0.0,0.0,0.0,2.812439e-06,0.0,0.0,0.0,4.515032106202082,15.059779321151009
1305,4660.1074,10.548693755199878,0.3665328025817871,10.544747646161282,10.544744402509819,0.0,0.0,0.0,0.0,3.2436515e-06,0.0,0.0,0.0,4.517530343005688,15.062277989166969
1306,4661.182,11.923892622108132,0.37808316946029663,10.544748142380227,10.544744402509819,0.0,0.0,0.0,0.0,3.7398704e-06,0.0,0.0,0.0,4.481371278648703,15.02611942102893
1307,4662.255,11.866130656077619,0.3796725869178772,10.54474871015003,10.544744402509819,0.0,0.0,0.0,0.0,4.30764e-06,0.0,0.0,0.0,4.412515813038592,14.957264523188622
1308,4663.3296,11.983420902101228,0.37808647751808167,10.5447493616561,10.544744402509819,0.0,0.0,0.0,0.0,4.9591463e-06,0.0,0.0,0.0,4.313726848753264,14.858476210409364
1309,4664.4033,12.089310914913234,0.37520068883895874,10.544750106665047,10.544744402509819,0.0,0.0,0.0,0.0,5.7041552e-06,0.0,0.0,0.0,4.1982791119422345,14.743029218607282
1310,4665.4785,12.190919925840614,0.37704282999038696,10.544750959898407,10.544744402509819,0.0,0.0,0.0,0.0,6.5573886e-06,0.0,0.0,0.0,4.1067332724015735,14.65148423229998
1311,4666.5522,12.186147825206753,0.3758546710014343,10.544751933653911,10.544744402509819,0.0,0.0,0.0,0.0,7.531144e-06,0.0,0.0,0.0,4.03305230907059,14.5778042427245
1312,4667.6255,11.51504903419271,0.3713596761226654,10.54475304495139,10.544744402509819,0.0,0.0,0.0,0.0,8.642442e-06,0.0,0.0,0.0,4.006382888719888,14.55113593367128
1313,4668.7017,11.52962863006543,0.36936378479003906,10.544754316475915,10.544744402509819,0.0,0.0,0.0,0.0,9.913966e-06,0.0,0.0,0.0,4.022150163269531,14.566904479745446
1314,4669.776,10.633230968663533,0.36410486698150635,10.544755763683893,10.544744402509819,0.0,0.0,0.0,0.0,1.1361174e-05,0.0,0.0,0.0,4.085697368433635,14.630453132117529
1315,4670.8535,10.403090107146362,0.35971763730049133,10.54475741790287,10.544744402509819,0.0,0.0,0.0,0.0,1.3015393e-05,0.0,0.0,0.0,4.1625980260933835,14.707355443996253
1316,4671.928,10.443776276181076,0.3641209006309509,10.544759296239532,10.544744402509819,0.0,0.0,0.0,0.0,1.489373e-05,0.0,0.0,0.0,4.232099387576249,14.776858683815782
1317,4673.005,10.238704500687252,0.36021390557289124,10.544761436910845,10.544744402509819,0.0,0.0,0.0,0.0,1.7034401e-05,0.0,0.0,0.0,4.277634801375736,14.822396238286581
1318,4674.08,10.952914844163622,0.3672107458114624,10.54476386700429,10.544744402509819,0.0,0.0,0.0,0.0,1.9464494e-05,0.0,0.0,0.0,4.316842426649366,14.861606293653656
1319,4675.1553,11.095381739256574,0.3685145974159241,10.544766626995111,10.544744402509819,0.0,0.0,0.0,0.0,2.2224485e-05,0.0,0.0,0.0,4.328556058289814,14.873322685284926
1320,4676.234,11.460392008199914,0.37211036682128906,10.544769769754053,10.544744402509819,0.0,0.0,0.0,0.0,2.5367244e-05,0.0,0.0,0.0,4.322340001687782,14.867109771441836
1321,4677.309,11.848426334087037,0.37403425574302673,10.544773322929755,10.544744402509819,0.0,0.0,0.0,0.0,2.892042e-05,0.0,0.0,0.0,4.313465603168823,14.85823892609858
1322,4678.388,12.154672679702056,0.3807588219642639,10.544777364456818,10.544744402509819,0.0,0.0,0.0,0.0,3.2961947e-05,0.0,0.0,0.0,4.287757816513765,14.832535180970584
1323,4679.4644,12.274849768013983,0.37832918763160706,10.544781929065207,10.544744402509819,0.0,0.0,0.0,0.0,3.7526555e-05,0.0,0.0,0.0,4.255301599173518,14.800083528238726
1324,4680.543,11.900656162111318,0.3781355023384094,10.5447871058181,10.544744402509819,0.0,0.0,0.0,0.0,4.270331e-05,0.0,0.0,0.0,4.2450709954814565,14.789858101299558
1325,4681.6196,11.43808522324493,0.3739352226257324,10.544792948630343,10.544744402509819,0.0,0.0,0.0,0.0,4.854612e-05,0.0,0.0,0.0,4.256167744589544,14.800960693219888
1326,4682.6997,11.85220992094758,0.37558597326278687,10.54479957123243,10.544744402509819,0.0,0.0,0.0,0.0,5.5168723e-05,0.0,0.0,0.0,4.293353204662772,14.838152775895201
1327,4683.7764,12.214982364284918,0.380416601896286,10.544807024508769,10.544744402509819,0.0,0.0,0.0,0.0,6.2622e-05,0.0,0.0,0.0,4.329973842990472,14.87478086749924
1328,4684.8545,12.32497494386553,0.3804199993610382,10.54481544311187,10.544744402509819,0.0,0.0,0.0,0.0,7.10406e-05,0.0,0.0,0.0,4.370736191998728,14.9155516351106
1329,4685.9346,12.411800418243192,0.3821060359477997,10.544824950431062,10.544744402509819,0.0,0.0,0.0,0.0,8.054792e-05,0.0,0.0,0.0,4.397634472503879,14.942459422934942
1330,4687.012,12.357353373404703,0.38316279649734497,10.544835634891056,10.544744402509819,0.0,0.0,0.0,0.0,9.123238e-05,0.0,0.0,0.0,4.381839589241781,14.926675224132836
1331,4688.0933,12.70962212275812,0.384705513715744,10.544847698661611,10.544744402509819,0.0,0.0,0.0,0.0,0.00010329615,0.0,0.0,0.0,4.365790627486022,14.910638326147634
1332,4689.172,12.971327954393725,0.38809141516685486,10.544861236031862,10.544744402509819,0.0,0.0,0.0,0.0,0.00011683352,0.0,0.0,0.0,4.351431673902172,14.896292909934033
1333,4690.2534,12.501227462815123,0.40236207842826843,10.544876490826423,10.544744402509819,0.0,0.0,0.0,0.0,0.00013208832,0.0,0.0,0.0,4.325196182204408,14.870072673030831
1334,4691.3325,11.704613374298017,0.3969491124153137,10.544893582400105,10.544744402509819,0.0,0.0,0.0,0.0,0.00014917989,0.0,0.0,0.0,4.3305314316101855,14.87542501401029
1335,4692.411,11.395213965910607,0.37303435802459717,10.544912748218335,10.544744402509819,0.0,0.0,0.0,0.0,0.00016834571,0.0,0.0,0.0,4.336580391389197,14.881493139607532
1336,4693.493,11.435411329316093,0.37494605779647827,10.544934304261401,10.544744402509819,0.0,0.0,0.0,0.0,0.00018990175,0.0,0.0,0.0,4.340654497099922,14.885588801361322
1337,4694.573,10.750599602673391,0.37227946519851685,10.544958410571267,10.544744402509819,0.0,0.0,0.0,0.0,0.00021400806,0.0,0.0,0.0,4.345772048022409,14.890730458593676
1338,4695.656,11.653320581046856,0.3772406578063965,10.544985457401195,10.544744402509819,0.0,0.0,0.0,0.0,0.00024105489,0.0,0.0,0.0,4.332216947944843,14.877202405346038
1339,4696.736,11.675087340943577,0.38302525877952576,10.545015642933718,10.544744402509819,0.0,0.0,0.0,0.0,0.00027124042,0.0,0.0,0.0,4.311653725035426,14.856669367969143
1340,4697.819,11.208907640238298,0.37948834896087646,10.545049472789684,10.544744402509819,0.0,0.0,0.0,0.0,0.00030507028,0.0,0.0,0.0,4.278248274068344,14.823297746858028
1341,4698.8994,11.569328416940264,0.3747115433216095,10.54508716874028,10.544744402509819,0.0,0.0,0.0,0.0,0.00034276623,0.0,0.0,0.0,4.213251005056806,14.758338173797085
1342,4699.9805,11.706861928012,0.3748609721660614,10.545129249473971,10.544744402509819,0.0,0.0,0.0,0.0,0.00038484696,0.0,0.0,0.0,4.16349653909005,14.70862578856402
1343,4701.065,11.85998529826286,0.3749820291996002,10.545176322882467,10.544744402509819,0.0,0.0,0.0,0.0,0.00043192037,0.0,0.0,0.0,4.15168576802132,14.696862090903787
1344,4702.146,11.400606068328837,0.3676337003707886,10.545228607681052,10.544744402509819,0.0,0.0,0.0,0.0,0.00048420517,0.0,0.0,0.0,4.14562710885622,14.690855716537271
1345,4703.23,10.724760269680814,0.3647494614124298,10.545286973695907,10.544744402509819,0.0,0.0,0.0,0.0,0.0005425712,0.0,0.0,0.0,4.141583228549167,14.686870202245075
1346,4704.3125,10.683960988318148,0.36243167519569397,10.545351816448088,10.544744402509819,0.0,0.0,0.0,0.0,0.00060741394,0.0,0.0,0.0,4.144266054833707,14.689617871281795
1347,4705.397,11.164472183683573,0.36933478713035583,10.545424024681266,10.544744402509819,0.0,0.0,0.0,0.0,0.0006796222,0.0,0.0,0.0,4.159258285066427,14.704682309747692
1348,4706.4795,11.016503084838636,0.3640562891960144,10.54550408192648,10.544744402509819,0.0,0.0,0.0,0.0,0.0007596794,0.0,0.0,0.0,4.180168401062244,14.725672482988724
1349,4707.5625,11.13449883424676,0.36692291498184204,10.545592960950158,10.544744402509819,0.0,0.0,0.0,0.0,0.00084855844,0.0,0.0,0.0,4.187988996868962,14.73358195781912
1350,4708.648,10.958589558858016,0.3665909767150879,10.545691746859516,10.544744402509819,0.0,0.0,0.0,0.0,0.00094734435,0.0,0.0,0.0,4.207604403239152,14.753296150098668
1351,4709.731,10.909543467374096,0.363827109336853,10.545800960380289,10.544744402509819,0.0,0.0,0.0,0.0,0.0010565579,0.0,0.0,0.0,4.230740117220631,14.776541077600921
1352,4710.817,10.932785504155444,0.3661121428012848,10.545922205424572,10.544744402509819,0.0,0.0,0.0,0.0,0.0011778029,0.0,0.0,0.0,4.2542901107737565,14.80021231619833
1353,4711.901,10.930839857810653,0.36438024044036865,10.546056101205464,10.544744402509819,0.0,0.0,0.0,0.0,0.0013116987,0.0,0.0,0.0,4.289406457191789,14.835462558397253
1354,4712.9873,11.24333269361836,0.3862650990486145,10.546204445641193,10.544744402509819,0.0,0.0,0.0,0.0,0.0014600431,0.0,0.0,0.0,4.309198548752246,14.855402994393438
1355,4714.072,11.13293237747817,0.38572874665260315,10.546368006723638,10.544744402509819,0.0,0.0,0.0,0.0,0.0016236042,0.0,0.0,0.0,4.325714396813821,14.872082403537458
1356,4715.1562,10.649718847766394,0.36136898398399353,10.546548502626534,10.544744402509819,0.0,0.0,0.0,0.0,0.0018041001,0.0,0.0,0.0,4.361056718334681,14.907605220961216
1357,4716.243,10.743814820404735,0.3641722798347473,10.54674799681146,10.544744402509819,0.0,0.0,0.0,0.0,0.0020035943,3e-45,0.0,0.0,4.414847975615773,14.961595972427233
1358,4717.328,10.875186479853191,0.3707830607891083,10.546967418971176,10.544744402509819,0.0,0.0,0.0,0.0,0.0022230165,1.5e-44,0.0,0.0,4.478478872014485,15.025446290985661
1359,4718.416,10.579504484326797,0.36898455023765564,10.547209660396616,10.544744402509819,0.0,0.0,0.0,0.0,0.002465258,7e-44,0.0,0.0,4.545123582689804,15.09233324308642
1360,4719.5015,10.804831620116444,0.3668142557144165,10.547475558113943,10.544744402509819,0.0,0.0,0.0,0.0,0.0027311556,3.18e-43,0.0,0.0,4.585753325562267,15.13322888367621
1361,4720.5894,11.043506250574449,0.36947792768478394,10.547768494919579,10.544744402509819,0.0,0.0,0.0,0.0,0.0030240924,1.428e-42,0.0,0.0,4.609417333409925,15.157185828329503
1362,4721.676,11.266859572729388,0.3718268573284149,10.54808981145237,10.544744402509819,0.0,0.0,0.0,0.0,0.003345409,6.34e-42,0.0,0.0,4.611280876794538,15.159370688246907
1363,4722.762,11.53966511679715,0.3741207718849182,10.548442416232716,10.544744402509819,0.0,0.0,0.0,0.0,0.0036980137,2.7821e-41,0.0,0.0,4.601835356225313,15.150277772458029
1364,4723.8506,11.600857455212218,0.3759075999259949,10.548829763070385,10.544744402509819,0.0,0.0,0.0,0.0,0.0040853606,1.21044e-40,0.0,0.0,4.567857068103213,15.116686831173599
1365,4724.938,11.581959334939945,0.38251399993896484,10.54925379516993,10.544744402509819,0.0,0.0,0.0,0.0,0.0045093927,5.19887e-40,0.0,0.0,4.517838867574702,15.067092662744631
1366,4726.0273,11.933722808914627,0.37456709146499634,10.549718863204758,10.544744402509819,0.0,0.0,0.0,0.0,0.0049744607,2.212984e-39,0.0,0.0,4.452162429732833,15.00188129293759
1367,4727.1147,11.06348085003357,0.375270813703537,10.550226691052954,10.544744402509819,0.0,0.0,0.0,0.0,0.0054822885,9.287567e-39,0.0,0.0,4.373742584414672,14.923969275467627
1368,4728.2046,11.371843054407057,0.3736390173435211,10.550783000294755,10.544744402509819,0.0,0.0,0.0,0.0,0.006038598,3.8653924e-38,0.0,0.0,4.291077897436205,14.84186089773096
1369,4729.2925,11.240768547921952,0.3643170893192291,10.551389463585506,10.544744402509819,0.0,0.0,0.0,0.0,0.006645061,1.5861914e-37,0.0,0.0,4.2335261145536345,14.784915578139142
1370,4730.3804,10.957719058164745,0.3631238639354706,10.55205118969519,10.544744402509819,0.0,0.0,0.0,0.0,0.007306787,6.4342473e-37,0.0,0.0,4.228693753114551,14.78074494280974
1371,4731.471,11.126762121893861,0.36042019724845886,10.552774624307345,10.544744402509819,0.0,0.0,0.0,0.0,0.008030222,2.5896263e-36,0.0,0.0,4.25365665557196,14.806431279879305
1372,4732.56,10.384849556060285,0.3564714193344116,10.553561357189606,10.544744402509819,0.0,0.0,0.0,0.0,0.008816955,1.0277002e-35,0.0,0.0,4.296486846832782,14.85004820402239
1373,4733.6514,9.992109189839894,0.35151851177215576,10.554419676181565,10.544744402509819,0.0,0.0,0.0,0.0,0.009675274,4.0437852e-35,0.0,0.0,4.328013528971142,14.882433205152708
1374,4734.74,10.596934081597677,0.35902222990989685,10.555351116102825,10.544744402509819,0.0,0.0,0.0,0.0,0.010606714,1.5680311e-34,0.0,0.0,4.362426041082986,14.91777715718581
1375,4735.832,10.553388220464008,0.35749533772468567,10.556366058406125,10.544744402509819,0.0,0.0,0.0,0.0,0.011621656,6.031872e-34,0.0,0.0,4.39649428686021,14.952860345266334
1376,4736.922,10.358547141034972,0.361879825592041,10.55746616177697,10.544744402509819,0.0,0.0,0.0,0.0,0.012721759,2.2880358e-33,0.0,0.0,4.424334595720399,14.98180075749737
1377,4738.011,10.690141865266789,0.3610379695892334,10.558659042571376,10.544744402509819,0.0,0.0,0.0,0.0,0.01391464,8.573907e-33,0.0,0.0,4.457756808744442,15.016415851315818
1378,4739.104,10.576382087383754,0.36329567432403564,10.559956201691817,10.544744402509819,0.0,0.0,0.0,0.0,0.015211799,3.1888993e-32,0.0,0.0,4.486989570941441,15.046945772633258
1379,4740.1943,11.372336304601838,0.36921584606170654,10.561358055439483,10.544744402509819,0.0,0.0,0.0,0.0,0.016613653,1.1689188e-31,0.0,0.0,4.514003836694548,15.07536189213403
1380,4741.287,11.69742463206904,0.3776405155658722,10.562878553163896,10.544744402509819,0.0,0.0,0.0,0.0,0.01813415,4.247505e-31,0.0,0.0,4.536946553233694,15.09982510639759
1381,4742.378,11.201977028472484,0.36615297198295593,10.564519718629013,10.544744402509819,0.0,0.0,0.0,0.0,0.019775316,1.5220538e-30,0.0,0.0,4.558723197357595,15.123242915986609
1382,4743.4717,10.853820147294144,0.3702193796634674,10.566297596660148,10.544744402509819,0.0,0.0,0.0,0.0,0.021553194,5.4094215e-30,0.0,0.0,4.578441319685838,15.144738916345986
1383,4744.563,11.132355814343121,0.3708784580230713,10.568212520670782,10.544744402509819,0.0,0.0,0.0,0.0,0.023468118,1.8948852e-29,0.0,0.0,4.596136922473285,15.164349443144067
1384,4745.6543,11.259585520805183,0.3711792230606079,10.570277700540315,10.544744402509819,0.0,0.0,0.0,0.0,0.025533298,6.561028e-29,0.0,0.0,4.615815976082024,15.186093676622338
1385,4746.749,11.89938374392639,0.3760324716567993,10.572510259565602,10.544744402509819,0.0,0.0,0.0,0.0,0.027765857,2.2540906e-28,0.0,0.0,4.628585616425173,15.201095875990775
1386,4747.841,11.78401411261386,0.37696364521980286,10.574907722291242,10.544744402509819,0.0,0.0,0.0,0.0,0.03016332,7.6291844e-28,0.0,0.0,4.629066102840242,15.203973825131484
1387,4748.9355,11.488941365026964,0.3714439868927002,10.577493869107853,10.544744402509819,0.0,0.0,0.0,0.0,0.032749467,2.560542e-27,0.0,0.0,4.626439875817762,15.203933744925614
1388,4750.0283,11.102464943264147,0.3690504729747772,10.580268767070661,10.544744402509819,0.0,0.0,0.0,0.0,0.035524365,8.475756e-27,0.0,0.0,4.602954597141126,15.183223364211788
1389,4751.1235,10.742056980394548,0.36631205677986145,10.583255648952614,10.544744402509819,0.0,0.0,0.0,0.0,0.038511246,2.780398e-26,0.0,0.0,4.572680339551741,15.155935988504353
1390,4752.2163,11.164401441282221,0.3762618899345398,10.586453564804684,10.544744402509819,0.0,0.0,0.0,0.0,0.041709162,8.9911685e-26,0.0,0.0,4.53819522314649,15.124648787951173
1391,4753.3096,11.289342633844093,0.37579119205474854,10.589883409780155,10.544744402509819,0.0,0.0,0.0,0.0,0.045139007,2.8753307e-25,0.0,0.0,4.505655535101218,15.095538944881373
1392,4754.406,11.958724385056358,0.3763314485549927,10.593567356806885,10.544744402509819,0.0,0.0,0.0,0.0,0.048822954,9.116404e-25,0.0,0.0,4.4830480758811415,15.076615432688026
1393,4755.4995,11.904661053238257,0.3752291798591614,10.597501449626575,10.544744402509819,0.0,0.0,0.0,0.0,0.052757047,2.8494648e-24,0.0,0.0,4.464719897689478,15.062221347316054
1394,4756.5957,11.14857198127669,0.3699345290660858,10.601717718285213,10.544744402509819,0.0,0.0,0.0,0.0,0.056973316,8.825147e-24,0.0,0.0,4.470703111801923,15.072420830087136
1395,4757.6904,10.585075230271967,0.3714762330055237,10.606216464531313,10.544744402509819,0.0,0.0,0.0,0.0,0.061472062,2.697347e-23,0.0,0.0,4.4777137330459045,15.083930197577217
1396,4758.7876,10.473204861634116,0.37144532799720764,10.611029580575119,10.544744402509819,0.0,0.0,0.0,0.0,0.06628518,8.168378e-23,0.0,0.0,4.462566126830239,15.073595707405357
1397,4759.882,10.970468719270755,0.37568095326423645,10.616149247032295,10.544744402509819,0.0,0.0,0.0,0.0,0.071404845,2.4376418e-22,0.0,0.0,4.427875320646236,15.04402456767853
1398,4760.98,11.3092039114068,0.3719943165779114,10.621624291282783,10.544744402509819,0.0,0.0,0.0,0.0,0.07687989,7.217542e-22,0.0,0.0,4.396361541168882,15.017985832451664
1399,4762.075,11.309456417442075,0.36774882674217224,10.627437897366177,10.544744402509819,0.0,0.0,0.0,0.0,0.082693495,2.1060259e-21,0.0,0.0,4.347205569862614,14.974643467228791
1400,4763.1704,11.285587520581643,0.3690764605998993,10.633621499282013,10.544744402509819,0.0,0.0,0.0,0.0,0.0888771,6.0736577e-21,0.0,0.0,4.282164363878807,14.91578586316082
1401,4764.269,11.143489796264223,0.3659200966358185,10.640213802796493,10.544744402509819,0.0,0.0,0.0,0.0,0.0954694,1.7368502e-20,0.0,0.0,4.240864795105407,14.881078597901901
1402,4765.3647,10.494884267974086,0.3597256541252136,10.647195041519295,10.544744402509819,0.0,0.0,0.0,0.0,0.10245064,4.8950904e-20,0.0,0.0,4.2338659609077505,14.881061002427046
1403,4766.464,10.819904999240364,0.3601043224334717,10.654624343258034,10.544744402509819,0.0,0.0,0.0,0.0,0.10987994,1.3678804e-19,0.0,0.0,4.253012938992058,14.907637282250093
1404,4767.5605,10.47562220262214,0.3593864142894745,10.662481464785229,10.544744402509819,0.0,0.0,0.0,0.0,0.11773706,3.769124e-19,0.0,0.0,4.307629559767995,14.970111024553223
1405,4768.6597,10.283054910963127,0.3527630865573883,10.670820385557304,10.544744402509819,0.0,0.0,0.0,0.0,0.12607598,1.0287132e-18,0.0,0.0,4.358689702684333,15.029510088241636
1406,4769.7563,10.330619689659386,0.3535975515842438,10.679623321038376,10.544744402509819,0.0,0.0,0.0,0.0,0.13487892,2.7687032e-18,0.0,0.0,4.396511200233193,15.07613452127157
1407,4770.854,10.194681963009149,0.34965091943740845,10.688936084848534,10.544744402509819,0.0,0.0,0.0,0.0,0.14419168,7.3711495e-18,0.0,0.0,4.436152616458625,15.12508870130716
1408,4771.954,10.328170590938292,0.3625929057598114,10.69879302416433,10.544744402509819,0.0,0.0,0.0,0.0,0.15404862,1.9436251e-17,0.0,0.0,4.479490465580263,15.178283489744594
1409,4773.052,11.34478565562032,0.36906540393829346,10.709170103412758,10.544744402509819,0.0,0.0,0.0,0.0,0.1644257,5.0540696e-17,0.0,0.0,4.511814152118938,15.220984255531697
1410,4774.153,10.930312379598849,0.35750332474708557,10.720143050295006,10.544744402509819,0.0,0.0,0.0,0.0,0.17539865,1.3026608e-16,0.0,0.0,4.5395496046540815,15.259692654949088
1411,4775.251,10.855368336112393,0.35747116804122925,10.731668591838966,10.544744402509819,0.0,0.0,0.0,0.0,0.18692419,3.3098416e-16,0.0,0.0,4.577422420113193,15.309091011952159
1412,4776.352,11.06190841781162,0.35706156492233276,10.743827909570824,10.544744402509819,0.0,0.0,0.0,0.0,0.1990835,8.331613e-16,0.0,0.0,4.598925894627344,15.342753804198168
1413,4777.451,10.786882564736013,0.36111971735954285,10.756586999040735,10.544744402509819,0.0,0.0,0.0,0.0,0.2118426,2.0692568e-15,0.0,0.0,4.594634845542307,15.351221844583042
1414,4778.55,10.985316268140814,0.3617876172065735,10.769979954105512,10.544744402509819,0.0,0.0,0.0,0.0,0.22523555,5.0769537e-15,0.0,0.0,4.574343689744929,15.34432364385044
1415,4779.6514,11.376243724814708,0.36803969740867615,10.784069195729398,10.544744402509819,0.0,0.0,0.0,0.0,0.2393248,1.2339427e-14,0.0,0.0,4.544909343727772,15.32897853945717
1416,4780.7515,11.29910081210085,0.36321666836738586,10.79881829057328,10.544744402509819,0.0,0.0,0.0,0.0,0.2540739,2.9603232e-14,0.0,0.0,4.505999628878155,15.304817919451434
1417,4781.854,11.00661333674094,0.36395102739334106,10.814298183065615,10.544744402509819,0.0,0.0,0.0,0.0,0.26955378,7.0319916e-14,0.0,0.0,4.473399556935817,15.287697740001432
1418,4782.9536,11.212324143632912,0.36230671405792236,10.830450326544103,10.544744402509819,0.0,0.0,0.0,0.0,0.28570592,1.6469683e-13,0.0,0.0,4.439927099958397,15.270377426502499
1419,4784.0566,11.496982400116618,0.3609054684638977,10.847384751183068,10.544744402509819,0.0,0.0,0.0,0.0,0.30264035,3.821997e-13,0.0,0.0,4.411319907012287,15.258704658195356
1420,4785.157,10.591478934032997,0.3608974814414978,10.865028471095137,10.544744402509819,0.0,0.0,0.0,0.0,0.32028407,8.748738e-13,0.0,0.0,4.393415818469444,15.258444289564581
1421,4786.2583,10.920554363105161,0.357383668422699,10.88344085250684,10.544744402509819,0.0,0.0,0.0,0.0,0.33869645,1.9797924e-12,0.0,0.0,4.390195644524234,15.273636497031074
1422,4787.362,11.01926263931658,0.3581206798553467,10.902671784506595,10.544744402509819,0.0,0.0,0.0,0.0,0.35792738,4.4353137e-12,0.0,0.0,4.395421656337718,15.298093440844312
1423,4788.4634,11.06043411282706,0.36097246408462524,10.922657579533022,10.544744402509819,0.0,0.0,0.0,0.0,0.37791318,9.805232e-12,0.0,0.0,4.413282623012783,15.335940202545805
1424,4789.5674,11.156430766347105,0.36452460289001465,10.9434902373587,10.544744402509819,0.0,0.0,0.0,0.0,0.39874583,2.145822e-11,0.0,0.0,4.442339375254457,15.385829612613158
1425,4790.6694,11.020025675041698,0.36445853114128113,10.965097487358788,10.544744402509819,0.0,0.0,0.0,0.0,0.42035308,4.634193e-11,0.0,0.0,4.481512601630665,15.446610088989452
1426,4791.774,10.704301643546986,0.3623194098472595,10.987574816188827,10.544744402509819,0.0,0.0,0.0,0.0,0.4428304,9.9066734e-11,0.0,0.0,4.539984893623425,15.527559709812252
1427,4792.8765,11.13090765867697,0.36447885632514954,11.010840446305547,10.544744402509819,0.0,0.0,0.0,0.0,0.46609604,2.0899672e-10,0.0,0.0,4.597078677077425,15.607919123382972
1428,4793.9785,10.844057551366078,0.3613944351673126,11.034928173601974,10.544744402509819,0.0,0.0,0.0,0.0,0.49018377,4.355691e-10,0.0,0.0,4.652978428858531,15.687906602460505
1429,4795.0845,10.96997566272622,0.3620966970920563,11.059941859292193,10.544744402509819,0.0,0.0,0.0,0.0,0.51519746,8.9934893e-10,0.0,0.0,4.683944510918798,15.74388637021099
1430,4796.1875,11.255154617523326,0.38389891386032104,11.085729869391034,10.544744402509819,0.0,0.0,0.0,0.0,0.54098547,1.8314725e-09,0.0,0.0,4.670404426360951,15.756134295751986
1431,4797.2935,11.029105547630364,0.38080188632011414,11.112429354646622,10.544744402509819,0.0,0.0,0.0,0.0,0.56768495,3.6924364e-09,0.0,0.0,4.644364949500984,15.756794304147606
1432,4798.398,11.133015621508555,0.37842708826065063,11.139933683216508,10.544744402509819,0.0,0.0,0.0,0.0,0.5951893,7.3492976e-09,0.0,0.0,4.60888100782494,15.74881469104145
1433,4799.504,11.623456454325563,0.38337743282318115,11.168311700130845,10.544744402509819,0.0,0.0,0.0,0.0,0.6235673,1.4467492e-08,0.0,0.0,4.579281353901975,15.74759305403282
1434,4800.6084,11.291085974678046,0.3766263723373413,11.19748175009666,10.544744402509819,0.0,0.0,0.0,0.0,0.6527373,2.811739e-08,0.0,0.0,4.5830738382492004,15.78055558834586
1435,4801.7124,11.322216828879448,0.3756559491157532,11.227458799564308,10.544744402509819,0.0,0.0,0.0,0.0,0.68271434,5.3983506e-08,0.0,0.0,4.600746313515573,15.828205113079882
1436,4802.82,11.686218616547148,0.37819477915763855,11.258340729914542,10.544744402509819,0.0,0.0,0.0,0.0,0.7135962,1.0261987e-07,0.0,0.0,4.594068172393282,15.852408902307824
1437,4803.926,11.674090761270037,0.393238365650177,11.289980038219793,10.544744402509819,0.0,0.0,0.0,0.0,0.74523544,1.9259474e-07,0.0,0.0,4.580315214071759,15.870295252291552
1438,4805.033,11.670339098271455,0.382996529340744,11.322444051672077,10.544744402509819,0.0,0.0,0.0,0.0,0.7776993,3.5745617e-07,0.0,0.0,4.553862104121124,15.876306155793202
1439,4806.1387,12.114428648105845,0.37125837802886963,11.355613201393792,10.544744402509819,0.0,0.0,0.0,0.0,0.81086814,6.5484863e-07,0.0,0.0,4.524689546474233,15.880302747868026
1440,4807.247,11.877740577223316,0.36910876631736755,11.389613653718184,10.544744402509819,0.0,0.0,0.0,0.0,0.84486806,1.1872817e-06,0.0,0.0,4.5043395009016844,15.893953154619869
1441,4808.353,11.486772176910323,0.3670251965522766,11.42425663141688,10.544744402509819,0.0,0.0,0.0,0.0,0.8795101,2.1242508e-06,0.0,0.0,4.496130349945146,15.920386981362025
1442,4809.4585,11.264937403516855,0.3670254349708557,11.45957377537769,10.544744402509819,0.0,0.0,0.0,0.0,0.9148256,3.7546008e-06,0.0,0.0,4.50946998326293,15.96904375864062
1443,4810.5684,11.441541260210737,0.3673079013824463,11.495695219291006,10.544744402509819,0.0,0.0,0.0,0.0,0.95094424,6.5719196e-06,0.0,0.0,4.531210357220902,16.026905576511908
1444,4811.6743,12.170509978370905,0.3752014636993408,11.532319297082209,10.544744402509819,0.0,0.0,0.0,0.0,0.98756355,1.13441e-05,0.0,0.0,4.556411103172064,16.088730400254274
1445,4812.7837,11.695514464416739,0.3681761622428894,11.569653371615855,10.544744402509819,0.0,0.0,0.0,0.0,1.0248896,1.938075e-05,0.0,0.0,4.5750505685422445,16.1447039401581
1446,4813.8916,11.321650458886776,0.3676507771015167,11.607498586459256,10.544744402509819,0.0,0.0,0.0,0.0,1.0627215,3.269309e-05,0.0,0.0,4.601904915258732,16.209403501717986
1447,4815.0015,11.677338953476621,0.36717119812965393,11.645933720597382,10.544744402509819,0.0,0.0,0.0,0.0,1.1011348,5.454102e-05,0.0,0.0,4.6324106497948625,16.278344370392244
1448,4816.109,11.994160243879517,0.373353511095047,11.684767077441789,10.544744402509819,0.0,0.0,0.0,0.0,1.1399329,8.980407e-05,0.0,0.0,4.660106113542358,16.344873190984146
1449,4817.2173,11.930839408976116,0.3761623799800873,11.72407822638837,10.544744402509819,0.0,0.0,0.0,0.0,1.1791877,0.00014616843,0.0,0.0,4.689159522908649,16.413237749297018
1450,4818.3276,12.462174214605366,0.37983307242393494,11.763865806341924,10.544744402509819,0.0,0.0,0.0,0.0,1.2188861,0.00023526682,0.0,0.0,4.7004215342960025,16.464287340637927
1451,4819.4365,12.544109077792934,0.3816864788532257,11.803972115352222,10.544744402509819,0.0,0.0,0.0,0.0,1.2588538,0.0003739197,0.0,0.0,4.69066837276859,16.49464048812081
1452,4820.5474,12.141332159745069,0.37706610560417175,11.8444911079618,10.544744402509819,0.0,0.0,0.0,0.0,1.299159,0.00058765546,0.0,0.0,4.652203072798877,16.496694180760677
1453,4821.6567,11.880316488660327,0.37726500630378723,11.885277810380499,10.544744402509819,0.0,0.0,0.0,0.0,1.3396214,0.0009119832,0.0,0.0,4.597775704943188,16.483053515323686
1454,4822.768,11.950221499178486,0.37771713733673096,11.926449134819846,10.544744402509819,0.0,0.0,0.0,0.0,1.3803053,0.0013994421,0.0,0.0,4.559454480435773,16.48590361525562
1455,4823.8774,12.125128346649223,0.3833825886249542,11.967870669779073,10.544744402509819,0.0,0.0,0.0,0.0,1.4210061,0.0021201838,0.0,0.0,4.529431742462104,16.497302412241176
1456,4824.988,12.214557719281062,0.38197818398475647,12.009686943948905,10.544744402509819,0.0,0.0,0.0,0.0,1.4617677,0.003174868,0.0,0.0,4.510145115801945,16.51983205975085
1457,4826.1,12.594507122258285,0.37658169865608215,12.052004100163172,10.544744402509819,0.0,0.0,0.0,0.0,1.5025592,0.0047005126,0.0,0.0,4.504161929865738,16.556166030028912
1458,4827.2104,12.394546992375947,0.3755378723144531,12.094785829414318,10.544744402509819,0.0,0.0,0.0,0.0,1.5431702,0.006871213,0.0,0.0,4.512540333673858,16.607326163088175
1459,4828.3237,12.38721692667401,0.37665289640426636,12.138387767006348,10.544744402509819,0.0,0.0,0.0,0.0,1.5837097,0.009933648,0.0,0.0,4.513238548179505,16.65162631518585
1460,4829.434,12.782101221514434,0.38346824049949646,12.182812603530179,10.544744402509819,0.0,0.0,0.0,0.0,1.623893,0.0141751785,0.0,0.0,4.496159963177948,16.678972566708126
1461,4830.548,12.909526692513737,0.38119420409202576,12.228628568690906,10.544744402509819,0.0,0.0,0.0,0.0,1.6638776,0.02000656,0.0,0.0,4.471733225699155,16.700361794390062
1462,4831.6597,12.38296038599628,0.3766649067401886,12.276022266936193,10.544744402509819,0.0,0.0,0.0,0.0,1.7033969,0.027880948,0.0,0.0,4.466757707875791,16.742779974811985
1463,4832.771,12.758639612576207,0.37777379155158997,12.325558010828386,10.544744402509819,0.0,0.0,0.0,0.0,1.7424303,0.03838328,0.0,0.0,4.469776830294887,16.79533484112327
1464,4833.8853,12.856267213700711,0.3790493309497833,12.37801583890308,10.544744402509819,0.0,0.0,0.0,0.0,1.7810216,0.05224984,0.0,0.0,4.484520673872532,16.862536512775613
1465,4834.9976,12.990362691186567,0.3843068778514862,12.433903761547695,10.544744402509819,0.0,0.0,0.0,0.0,1.8189261,0.07023326,0.0,0.0,4.498589945532183,16.932493707079878
1466,4836.1123,12.958107776784653,0.38668686151504517,12.49429129843105,10.544744402509819,0.0,0.0,0.0,0.0,1.8562173,0.09332963,0.0,0.0,4.496514491892105,16.990805790323154
1467,4837.2246,12.800791436299837,0.38667842745780945,12.559856072407852,10.544744402509819,0.0,0.0,0.0,0.0,1.8926573,0.12245439,0.0,0.0,4.480166739359342,17.040022811767194
1468,4838.3403,13.317135707875982,0.38805583119392395,12.631968111139427,10.544744402509819,0.0,0.0,0.0,0.0,1.9283612,0.15886253,0.0,0.0,4.464715106943354,17.09668321808278
1469,4839.4536,12.896635896245783,0.3804680407047272,12.711309582334648,10.544744402509819,0.0,0.0,0.0,0.0,1.9630669,0.20349824,0.0,0.0,4.431016081293279,17.14232566362793
1470,4840.5664,13.39325926633111,0.38277775049209595,12.799024254423271,10.544744402509819,0.0,0.0,0.0,0.0,1.9967657,0.25751412,0.0,0.0,4.408204814479437,17.20722906890271
1471,4841.6826,13.28724112464582,0.3852013945579529,12.896410614591728,10.544744402509819,0.0,0.0,0.0,0.0,2.0294993,0.32216692,0.0,0.0,4.404123163684258,17.300533778275987
1472,4842.797,12.954132220678112,0.3795291781425476,13.003816873174797,10.544744402509819,0.0,0.0,0.0,0.0,2.061037,0.3980354,0.0,0.0,4.411388256616809,17.415205129791605
1473,4843.913,13.301760339751699,0.3834724426269531,13.122174769979607,10.544744402509819,0.0,0.0,0.0,0.0,2.0914202,0.4860102,0.0,0.0,4.435637807831308,17.557812577810914
1474,4845.0273,13.263916283599627,0.38447967171669006,13.25128850374807,10.544744402509819,0.0,0.0,0.0,0.0,2.1204753,0.5860688,0.0,0.0,4.459048956878889,17.71033746062696
1475,4846.145,12.926296458537685,0.3829668164253235,13.39159247313131,10.544744402509819,0.0,0.0,0.0,0.0,2.1482737,0.69857436,0.0,0.0,4.459754719440831,17.851347192572142
1476,4847.26,12.984198795060507,0.38130828738212585,13.541583389383446,10.544744402509819,0.0,0.0,0.0,0.0,2.1745944,0.8222446,0.0,0.0,4.452631725569375,17.99421511495282
1477,4848.3774,13.248200246638602,0.38981103897094727,13.700760871511589,10.544744402509819,0.0,0.0,0.0,0.0,2.1995146,0.95650184,0.0,0.0,4.439614465885812,18.1403753373974
1478,4849.493,13.306188732429327,0.38600385189056396,13.866549164396416,10.544744402509819,0.0,0.0,0.0,0.0,2.2228668,1.098938,0.0,0.0,4.408729404167354,18.27527856856377
1479,4850.6084,13.301041605150083,0.38758906722068787,14.036643058401237,10.544744402509819,0.0,0.0,0.0,0.0,2.2446313,1.2472674,0.0,0.0,4.380381582105776,18.417024640507012
1480,4851.727,13.852183468186334,0.39426925778388977,14.208568841558586,10.544744402509819,0.0,0.0,0.0,0.0,2.2648277,1.3989967,0.0,0.0,4.3480957676535095,18.556664609212095
1481,4852.8438,13.9445587364714,0.3953717052936554,14.377920896154533,10.544744402509819,0.0,0.0,0.0,0.0,2.283308,1.5498685,0.0,0.0,4.33368718943192,18.711608085586455
1482,4853.9624,14.244873558009875,0.3981156349182129,14.541320115667473,10.544744402509819,0.0,0.0,0.0,0.0,2.3000925,1.6964833,0.0,0.0,4.319253410373913,18.860573526041385
1483,4855.079,13.772316956788107,0.4020507335662842,14.69401505623449,10.544744402509819,0.0,0.0,0.0,0.0,2.3150826,1.8341881,0.0,0.0,4.304844832152324,18.998859888386814
1484,4856.198,13.421061082686077,0.3956443965435028,14.832374126058708,10.544744402509819,0.0,0.0,0.0,0.0,2.3282998,1.95933,0.0,0.0,4.290404752885213,19.122778878943922
1485,4857.316,13.92393135800556,0.38761356472969055,14.951852470976005,10.544744402509819,0.0,0.0,0.0,0.0,2.339664,2.067444,0.0,0.0,4.275983574245416,19.227836045221423
1486,4858.433,13.90965017625559,0.387050062417984,15.048953444105278,10.544744402509819,0.0,0.0,0.0,0.0,2.3491623,2.1550467,0.0,0.0,4.261568695814722,19.31052213992
1487,4859.553,14.656339718123526,0.39654356241226196,15.120828777891289,10.544744402509819,0.0,0.0,0.0,0.0,2.3567944,2.21929,0.0,0.0,4.247116016129403,19.36794479402069
1488,4860.6714,15.349773773510515,0.40731877088546753,15.164831787687431,10.544744402509819,0.0,0.0,0.0,0.0,2.3625062,2.2575812,0.0,0.0,4.2326885372805005,19.39752032496793
1489,4861.7925,17.229538278467558,0.4266892969608307,15.179713636976372,10.544744402509819,0.0,0.0,0.0,0.0,2.3663058,2.2686634,0.0,0.0,4.218223257176972,19.397936894153343
1490,4862.9106,18.86981262010943,0.4314911663532257,15.164985329252373,10.544744402509819,0.0,0.0,0.0,0.0,2.3681645,2.2520764,0.0,0.0,4.20379577832807,19.368781107580443
1491,4864.032,18.68739623045136,0.4343271553516388,15.121145159345756,10.544744402509819,0.0,0.0,0.0,0.0,2.3680863,2.2083144,0.0,0.0,4.189324198015437,19.310469357361193
1492,4865.151,18.033571342517178,0.42534881830215454,15.049999863248955,10.544744402509819,0.0,0.0,0.0,0.0,2.3660715,2.139184,0.0,0.0,4.174890418957431,19.224890282206385
1493,4866.2705,16.724296789986557,0.41508859395980835,14.953832060438286,10.544744402509819,0.0,0.0,0.0,0.0,2.362122,2.0469656,0.0,0.0,4.160444039481216,19.1142760999195
1494,4867.393,14.741033549452752,0.39761361479759216,14.835557014089714,10.544744402509819,0.0,0.0,0.0,0.0,2.3562315,1.9345812,0.0,0.0,4.145959858750374,18.98151687284009
1495,4868.512,13.933024898251112,0.3934285044670105,14.699615747076164,10.544744402509819,0.0,0.0,0.0,0.0,2.3484485,1.8064228,0.0,0.0,4.131519779483264,18.83113552655943
1496,4869.635,13.783150939943866,0.3873673975467682,14.549301535230766,10.544744402509819,0.0,0.0,0.0,0.0,2.3387444,1.6658127,0.0,0.0,4.117035598752422,18.666337133983188
1497,4870.755,13.179245007568639,0.38375288248062134,14.389629155737053,10.544744402509819,0.0,0.0,0.0,0.0,2.3271916,1.5176932,0.0,0.0,4.102582919067102,18.492212074804154
1498,4871.8784,12.91347598061222,0.37971025705337524,14.223944336515556,10.544744402509819,0.0,0.0,0.0,0.0,2.3137548,1.3654451,0.0,0.0,4.088086137918053,18.31203047443361
1499,4872.999,12.815582589290823,0.3888644874095917,14.057102114301811,10.544744402509819,0.0,0.0,0.0,0.0,2.2985418,1.2138159,0.0,0.0,4.073627158023629,18.13072927232544
1500,4874.1196,12.34994678315715,0.38620248436927795,13.892178327184807,10.544744402509819,0.0,0.0,0.0,0.0,2.2815568,1.0658771,0.0,0.0,4.129499627975663,18.02167795516047
1501,4875.244,12.17179122057889,0.3786865174770355,13.731602818113457,10.544744402509819,0.0,0.0,0.0,0.0,2.2627723,0.9240861,0.0,0.0,4.202939843263885,17.934542661377343
1502,4876.3657,12.115062106378055,0.37935662269592285,13.578749269586693,10.544744402509819,0.0,0.0,0.0,0.0,2.242345,0.7916598,0.0,0.0,4.277538906805538,17.85628817639223
1503,4877.4897,12.04563155271547,0.3708266615867615,13.434651822191368,10.544744402509819,0.0,0.0,0.0,0.0,2.2202272,0.6696802,0.0,0.0,4.34586892030699,17.780520742498357
1504,4878.6123,12.529761286037797,0.375182181596756,13.300976842981468,10.544744402509819,0.0,0.0,0.0,0.0,2.1965463,0.5596861,0.0,0.0,4.3764066979709915,17.67738354095246
1505,4879.738,12.168509271092432,0.3731584846973419,13.177807003599296,10.544744402509819,0.0,0.0,0.0,0.0,2.171262,0.46180058,0.0,0.0,4.395749304347022,17.57355630794632
1506,4880.8604,12.479765631648782,0.3761013448238373,13.06586745415319,10.544744402509819,0.0,0.0,0.0,0.0,2.144565,0.37655795,0.0,0.0,4.405623696354147,17.471491150507337
1507,4881.983,12.91281058355289,0.3803877532482147,12.964493722063194,10.544744402509819,0.0,0.0,0.0,0.0,2.1164536,0.30329567,0.0,0.0,4.389673928776212,17.354167650839408
1508,4883.109,12.658411502202497,0.37885403633117676,12.872772828084122,10.544744402509819,0.0,0.0,0.0,0.0,2.0869007,0.24112771,0.0,0.0,4.342349529901996,17.215122357986118
1509,4884.232,12.182848942759925,0.3722376525402069,12.790349737149368,10.544744402509819,0.0,0.0,0.0,0.0,2.0561388,0.18946658,0.0,0.0,4.292393671986168,17.082743409135535
1510,4885.359,12.722602293487391,0.375099241733551,12.71571211550821,10.544744402509819,0.0,0.0,0.0,0.0,2.0240486,0.14691915,0.0,0.0,4.257601335052649,16.97331345056086
1511,4886.4824,12.384911169302024,0.3735521137714386,12.648269750517498,10.544744402509819,0.0,0.0,0.0,0.0,1.9909097,0.11261565,0.0,0.0,4.2215932710055935,16.86986302152309
1512,4887.609,12.458662951192622,0.3733363151550293,12.586554214697967,10.544744402509819,0.0,0.0,0.0,0.0,1.9566088,0.08520104,0.0,0.0,4.201397931375737,16.787952146073703
1513,4888.734,12.095863946055323,0.36841481924057007,12.529787883502136,10.544744402509819,0.0,0.0,0.0,0.0,1.9213524,0.063691095,0.0,0.0,4.198663107777685,16.72845099127982
1514,4889.8584,11.699798754482174,0.364519327878952,12.476965487342964,10.544744402509819,0.0,0.0,0.0,0.0,1.8851879,0.04703322,0.0,0.0,4.213000127048587,16.68996561439155
1515,4890.986,11.876152684074892,0.367973655462265,12.427100908350836,10.544744402509819,0.0,0.0,0.0,0.0,1.8480793,0.034277182,0.0,0.0,4.250981639045224,16.67808254739606
1516,4892.1113,11.747885780513544,0.376799076795578,12.379695631903301,10.544744402509819,0.0,0.0,0.0,0.0,1.8102642,0.024687,0.0,0.0,4.337010307132941,16.716705939036242
1517,4893.2393,11.773619446931288,0.3832892179489136,12.333964417096864,10.544744402509819,0.0,0.0,0.0,0.0,1.7716718,0.017548243,0.0,0.0,4.4590255878587515,16.792990004955616
1518,4894.3647,11.54362725855874,0.36714696884155273,12.289621251043569,10.544744402509819,0.0,0.0,0.0,0.0,1.7325474,0.012329446,0.0,0.0,4.58175230381919,16.871373554862757
1519,4895.4937,12.024211090082886,0.3757765591144562,12.246055377986918,10.544744402509819,0.0,0.0,0.0,0.0,1.6927644,0.008546574,0.0,0.0,4.672203857426879,16.9182592354138
1520,4896.6196,12.569215525097704,0.37993136048316956,12.2032253605916,10.544744402509819,0.0,0.0,0.0,0.0,1.652624,0.005856947,0.0,0.0,4.715162526660108,16.918387887251708
1521,4897.746,12.168124477356365,0.37613606452941895,12.160789863546084,10.544744402509819,0.0,0.0,0.0,0.0,1.6120818,0.003963695,0.0,0.0,4.716366489440509,16.877156352986592
1522,4898.875,11.793917889978879,0.37241417169570923,12.11853425750945,10.544744402509819,0.0,0.0,0.0,0.0,1.5711428,0.0026470623,0.0,0.0,4.701470141026981,16.820004398536433
1523,4900.0024,13.102609224094206,0.3842041492462158,12.076514019970487,10.544744402509819,0.0,0.0,0.0,0.0,1.5300227,0.0017468771,0.0,0.0,4.668705396877474,16.74521941684796
1524,4901.1323,12.765337539420138,0.37860095500946045,12.034534757481593,10.544744402509819,0.0,0.0,0.0,0.0,1.4886528,0.0011375296,0.0,0.0,4.629891800179473,16.664426557661066
1525,4902.26,12.283527244244638,0.37733304500579834,11.992760535436387,10.544744402509819,0.0,0.0,0.0,0.0,1.4472839,0.0007322689,0.0,0.0,4.61087430604833,16.603634841484716
1526,4903.3906,12.08031658036102,0.38187533617019653,11.950980464830932,10.544744402509819,0.0,0.0,0.0,0.0,1.4057711,0.00046492604,0.0,0.0,4.615663491660465,16.566643956491397
1527,4904.518,11.839919644559098,0.37952950596809387,11.9094707055969,10.544744402509819,0.0,0.0,0.0,0.0,1.3644344,0.00029194163,0.0,0.0,4.627569597994613,16.537040303591514
1528,4905.6465,12.31797726093463,0.3770579695701599,11.868103557198479,10.544744402509819,0.0,0.0,0.0,0.0,1.3231782,0.00018098258,0.0,0.0,4.621042895925722,16.4891464531242
1529,4906.7783,12.089298545584183,0.40076470375061035,11.82683365287579,10.544744402509819,0.0,0.0,0.0,0.0,1.2819786,0.00011064319,0.0,0.0,4.610965431466598,16.437799084342387
1530,4907.907,12.186524590567343,0.379287451505661,11.785940093946406,10.544744402509819,0.0,0.0,0.0,0.0,1.2411288,6.688914e-05,0.0,0.0,4.577725211068399,16.363665305014806
1531,4909.0386,12.398583070759209,0.3752036690711975,11.745277511659365,10.544744402509819,0.0,0.0,0.0,0.0,1.2004932,3.9892635e-05,0.0,0.0,4.524379117961494,16.269656629620858
1532,4910.168,12.44855089502109,0.3770008683204651,11.705055062523966,10.544744402509819,0.0,0.0,0.0,0.0,1.1602871,2.3518214e-05,0.0,0.0,4.495470329954498,16.200525392478465
1533,4911.3003,12.421227760327671,0.3751661479473114,11.665148968404024,10.544744402509819,0.0,0.0,0.0,0.0,1.1203909,1.3673865e-05,0.0,0.0,4.490231208788539,16.155380177192562
1534,4912.4297,12.198608602250314,0.37382426857948303,11.625814462910453,10.544744402509819,0.0,2.2e-44,0.0,0.0,1.0810622,7.862715e-06,0.0,0.0,4.516338144575859,16.142152607486313
1535,4913.5596,11.056613569741138,0.3631257712841034,11.586977446176602,10.544744402509819,0.0,1.745e-42,0.0,0.0,1.0422286,4.4641456e-06,0.0,0.0,4.548090333457103,16.135067779633705
1536,4914.6934,11.077748843447168,0.3664723336696625,11.548568035193908,10.544744402509819,0.0,1.81862e-40,0.0,0.0,1.0038211,2.4981168e-06,0.0,0.0,4.553232601865333,16.10180063705924
1537,4915.8237,11.326391244304023,0.376260370016098,11.510876459392703,10.544744402509819,0.0,1.6742082e-38,0.0,0.0,0.9661307,1.3829975e-06,0.0,0.0,4.515965437519708,16.026841896912412
1538,4916.9575,11.462547510411168,0.40391427278518677,11.473713646445445,10.544744402509819,0.0,1.3974465e-36,0.0,0.0,0.9289685,7.5476555e-07,0.0,0.0,4.427733213160609,15.901446859606054
1539,4918.0884,11.85518623607522,0.3797386586666107,11.437324246241642,10.544744402509819,0.0,1.0316561e-34,0.0,0.0,0.89257944,4.0742964e-07,0.0,0.0,4.317806470223609,15.755130716465253
1540,4919.2227,12.257532470026192,0.3846772611141205,11.401537605691685,10.544744402509819,0.0,6.900164e-33,0.0,0.0,0.856793,2.1678889e-07,0.0,0.0,4.219813950261895,15.62135155595358
1541,4920.354,12.095266256277476,0.38426387310028076,11.36658456444865,10.544744402509819,0.0,4.0837896e-31,0.0,0.0,0.82184005,1.1410253e-07,0.0,0.0,4.171594705636585,15.538179270085234
1542,4921.486,11.447607032561983,0.3631245195865631,11.332384020118107,10.544744402509819,0.0,2.166009e-29,0.0,0.0,0.78763956,5.929301e-08,0.0,0.0,4.175875671600616,15.508259691718724
1543,4922.621,10.472718394771015,0.35262203216552734,11.298875750015052,10.544744402509819,0.0,1.0395808e-27,0.0,0.0,0.7541313,3.036656e-08,0.0,0.0,4.22484573029002,15.52372148030507
1544,4923.7534,10.075111656965657,0.3521939218044281,11.266268656481161,10.544744402509819,0.0,4.4180497e-26,0.0,0.0,0.72152424,1.5384916e-08,0.0,0.0,4.324315756974773,15.590584413455934
1545,4924.8887,10.507496977542782,0.35403403639793396,11.234412529147267,10.544744402509819,0.0,1.695112e-24,0.0,0.0,0.6896681,7.683744e-09,0.0,0.0,4.423689698482607,15.658102227629875
1546,4926.022,10.499170954172735,0.3554743528366089,11.203460608086232,10.544744402509819,0.0,5.779514e-23,0.0,0.0,0.6587162,3.7941863e-09,0.0,0.0,4.508129422719355,15.711590030805587
1547,4927.1577,10.800693294064871,0.36523598432540894,11.173306377928913,10.544744402509819,0.0,1.775076e-21,0.0,0.0,0.628562,1.8473163e-09,0.0,0.0,4.604360798342355,15.777667176271269
1548,4928.291,10.76830717051131,0.359749972820282,11.144089372195173,10.544744402509819,0.0,4.8393352e-20,0.0,0.0,0.59934497,8.895784e-10,0.0,0.0,4.688907184957441,15.832996557152615
1549,4929.4253,11.21499274423617,0.3635464906692505,11.115727157163086,10.544744402509819,0.0,1.1830846e-18,0.0,0.0,0.57098275,4.2276674e-10,0.0,0.0,4.725050705165685,15.840777862328771
1550,4930.5615,11.283874683251108,0.3632161021232605,11.08820369893447,10.544744402509819,0.0,2.599668e-17,0.0,0.0,0.5434593,1.9814944e-10,0.0,0.0,4.720388240943228,15.808591939877697
1551,4931.696,10.699798049174948,0.359075129032135,11.061615914537837,10.544744402509819,0.0,5.080168e-16,0.0,0.0,0.5168715,9.1831175e-11,0.0,0.0,4.691784439838724,15.753400354376561
1552,4932.833,11.574259063956795,0.36492741107940674,11.035850674295544,10.544744402509819,0.0,8.941078e-15,0.0,0.0,0.49110627,4.1941974e-11,0.0,0.0,4.638234832527581,15.674085506823126
1553,4933.968,12.140711744446515,0.37185317277908325,11.011028230549003,10.544744402509819,0.0,1.398108e-13,0.0,0.0,0.46628383,1.8948374e-11,0.0,0.0,4.576201478820087,15.58722970936909
1554,4935.106,11.553471834775468,0.3660109043121338,10.98701748286919,10.544744402509819,0.0,1.9698412e-12,0.0,0.0,0.44227308,8.432815e-12,0.0,0.0,4.5142066167626185,15.50122409963181
1555,4936.2407,11.607909287653563,0.36899533867836,10.963956386218872,10.544744402509819,0.0,2.4612909e-11,0.0,0.0,0.41921198,3.7150083e-12,0.0,0.0,4.462956343449954,15.426912729668825
1556,4937.38,11.833161395179602,0.3656475245952606,10.941679508112696,10.544744402509819,0.0,2.7747468e-10,0.0,0.0,0.3969351,1.6109265e-12,0.0,0.0,4.429562527549891,15.371242035662586
1557,4938.5156,11.175781704654995,0.3648650348186493,10.920330885188235,10.544744402509819,0.0,2.7754574e-09,0.0,0.0,0.37558648,6.915214e-13,0.0,0.0,4.428418658504186,15.34874954369242
1558,4939.6523,10.803487163832113,0.36114123463630676,10.89981385605375,10.544744402509819,0.0,2.4861311e-08,0.0,0.0,0.35506943,2.929153e-13,0.0,0.0,4.463824886033609,15.36363874208736
1559,4940.791,10.891215121452106,0.3607766926288605,10.880101552988954,10.544744402509819,0.0,1.9971912e-07,0.0,0.0,0.33535695,1.2233323e-13,0.0,0.0,4.535534107979045,15.415635660968
1560,4941.9272,10.729632978731047,0.3612580895423889,10.861256119868576,10.544744402509819,0.0,1.4274513e-06,0.0,0.0,0.3165103,5.0545305e-14,0.0,0.0,4.621130342191805,15.482386462060381
1561,4943.067,11.151563474044181,0.3638553023338318,10.843171526482783,10.544744402509819,0.0,9.168336e-06,0.0,0.0,0.29841796,2.0566665e-14,0.0,0.0,4.707199267044686,15.550370793527469
1562,4944.204,11.261744381254836,0.36909225583076477,10.825954214034432,10.544744402509819,0.0,5.240734e-05,0.0,0.0,0.2811574,8.279309e-15,0.0,0.0,4.755761264497117,15.58171547853155
1563,4945.344,10.878369212530728,0.3675324618816376,10.809643210193316,10.544744402509819,0.0,0.00026878802,0.0,0.0,0.26463002,3.2832337e-15,0.0,0.0,4.791017651177767,15.600660861371082
1564,4946.482,12.106380207178832,0.3742872178554535,10.794867558511612,10.544744402509819,0.0,0.001227347,0.0,0.0,0.24889581,1.2881777e-15,0.0,0.0,4.827335613133668,15.62220317164528
1565,4947.62,11.51135120068147,0.3774396777153015,10.783647961788516,10.544744402509819,0.0,0.005010597,0.0,0.0,0.23389296,4.988659e-16,0.0,0.0,4.8489259752218485,15.632573937010363
1566,4948.761,11.260604929485206,0.3715760111808777,10.78265147690166,10.544744402509819,0.0,0.018334366,0.0,0.0,0.21957271,1.9029091e-16,0.0,0.0,4.859958577594872,15.642610054496533
1567,4949.8994,11.711103897173803,0.3790769875049591,10.810463983905207,10.544744402509819,0.0,0.059731577,0.0,0.0,0.205988,7.184981e-17,0.0,0.0,4.8735652159853755,15.684029199890581
1568,4951.0405,12.639367914129078,0.385468453168869,10.912111074072014,10.544744402509819,0.0,0.17431863,0.0,0.0,0.19304805,2.6719676e-17,0.0,0.0,4.856092596124827,15.76820367019684
1569,4952.18,13.492086125068983,0.3853141665458679,11.179259464484344,10.544744402509819,0.0,0.45373267,0.0,0.0,0.1807824,9.823772e-18,0.0,0.0,4.838642405814806,16.01790187029915
1570,4953.322,13.872677717418053,0.39182016253471375,11.770176530223976,10.544744402509819,0.0,1.056299,0.0,0.0,0.16913316,3.5600654e-18,0.0,0.0,4.821162309437415,16.59133883966139
1571,4954.461,15.72408191802764,0.409223735332489,12.895283967596184,10.544744402509819,0.0,2.1924167,0.0,0.0,0.1581229,1.2766599e-18,0.0,0.0,4.803719595644236,17.69900356324042
1572,4955.601,17.32424794361915,0.42350029945373535,14.759260386568199,10.544744402509819,0.0,4.0668206,0.0,0.0,0.14769536,4.5164744e-19,0.0,0.0,4.786261928817373,19.545522315385572
1573,4956.7437,19.022677899036086,0.44023042917251587,17.426389709454668,10.544744402509819,0.0,6.7438273,0.0,0.0,0.13781796,1.5740844e-19,0.0,0.0,4.768766879406297,22.195156588860964
1574,4957.884,20.953519049749666,0.4569685459136963,20.648851678115022,10.544744402509819,0.0,9.975596,0.0,0.0,0.12851085,5.428985e-20,0.0,0.0,4.751309212579434,25.40016089069446
1575,4959.0283,22.779933394266198,0.4733986258506775,23.854450293224943,10.544744402509819,0.0,13.190008,0.0,0.0,0.11969773,1.8411186e-20,0.0,0.0,4.733784257100989,28.588234550325932
1576,4960.1685,24.65029442718193,0.5135866403579712,26.212018981915605,10.544744402509819,1.37e-43,15.55585,0.0,0.0,0.11142455,6.190521e-21,0.0,0.0,4.716326590274125,30.92834557218973
1577,4961.313,27.052230240814673,0.5356160402297974,27.03299782459129,10.544744402509819,1.4673e-41,16.384647,0.0,0.0,0.10360605,2.0464697e-21,0.0,0.0,4.6988016347956805,31.73179945938697
1578,4962.4536,27.47067919458318,0.5255395174026489,26.046673611146105,10.544744402509819,1.469568e-39,15.405651,0.0,0.0,0.096278116,6.7049956e-22,0.0,0.0,4.681336491451975,30.72801010259808
1579,4963.5957,25.28919406545105,0.49974533915519714,23.565799437802923,10.544744402509819,1.3247092e-37,12.931671,0.0,0.0,0.08938389,2.165909e-22,0.0,0.0,4.663848918557742,28.229648356360663
1580,4964.7397,21.273031582254447,0.45863208174705505,20.31281653080572,10.544744402509819,1.076325e-35,9.68517,0.0,0.0,0.082901955,6.894463e-23,0.0,0.0,4.64633143959614,24.959147970401858
1581,4965.8823,16.938042882275873,0.42073631286621094,17.0986857417642,10.544744402509819,7.7790295e-34,6.4771094,0.0,0.0,0.07683191,2.169985e-23,0.0,0.0,4.628836390185064,21.727522131949264
1582,4967.0273,13.893763867127605,0.40883123874664307,14.477911405604969,10.544744402509819,5.074057e-32,3.8620331,0.0,0.0,0.071133874,6.726456e-24,0.0,0.0,4.611303958189778,19.089215363794747
1583,4968.17,12.220052938145127,0.3712461590766907,12.668196767908226,10.544744402509819,2.9342451e-30,2.0576394,0.0,0.0,0.065813005,2.0637684e-24,0.0,0.0,4.593808908778702,17.26200567668693
1584,4969.316,11.581081387016871,0.3693440854549408,11.5818501751541,10.544744402509819,1.535765e-28,0.9762819,0.0,0.0,0.06082389,6.229335e-25,0.0,0.0,4.57626152374973,16.15811169890383
1585,4970.4585,11.33944691219699,0.3727733790874481,11.015270743858705,10.544744402509819,7.105346e-27,0.41434816,0.0,0.0,0.056178186,1.8630649e-25,0.0,0.0,4.558766474338655,15.574037218197361
1586,4971.6025,11.06053231149972,0.3760267198085785,10.753356803548227,10.544744402509819,2.9547406e-25,0.15677467,0.0,0.0,0.05183773,5.49288e-26,0.0,0.0,4.599760313927525,15.353117117475751
1587,4972.7485,10.892525885819964,0.36084243655204773,10.64536244083632,10.544744402509819,1.1056117e-23,0.052832942,0.0,0.0,0.047785096,1.5955095e-26,0.0,0.0,4.6372297065262265,15.282592147362546
1588,4973.893,11.071257544620764,0.36924001574516296,10.60466908697475,10.544744402509819,3.6822088e-22,0.01590851,0.0,0.0,0.044016175,4.5827526e-27,0.0,0.0,4.654079483882654,15.258748570857405
1589,4975.0396,10.937360188962685,0.36688128113746643,10.589512909170876,10.544744402509819,1.1029553e-20,0.004264435,0.0,0.0,0.04050407,1.2967731e-27,0.0,0.0,4.63468609094454,15.224199000115416
1590,4976.184,11.457887471607696,0.3635900020599365,10.583012208216529,10.544744402509819,2.9370614e-19,0.0010222304,0.0,0.0,0.037245575,3.6305816e-28,0.0,0.0,4.588041483470429,15.171053691686957
1591,4977.3315,11.826437366073934,0.3684556186199188,10.579174616044325,10.544744402509819,7.050165e-18,0.0002177621,0.0,0.0,0.03421245,1.0002237e-28,0.0,0.0,4.516048061782511,15.095222677826836
1592,4978.4766,11.717979901055092,0.3662293553352356,10.576191022691487,10.544744402509819,1.5028673e-16,4.1521445e-05,0.0,0.0,0.0314051,2.7279997e-29,0.0,0.0,4.4413218567574075,15.017512879448894
1593,4979.6216,11.588272842828903,0.3646629750728607,10.573554895032375,10.544744402509819,2.8646233e-15,7.0638876e-06,0.0,0.0,0.028803429,7.345672e-30,0.0,0.0,4.35094567828926,14.924500573321634
1594,4980.7705,11.7006886035331,0.3630395531654358,10.57113222599161,10.544744402509819,4.9289955e-14,1.0651692e-06,0.0,0.0,0.026386758,1.9439609e-30,0.0,0.0,4.254271265851665,14.825403491843275
1595,4981.9165,11.583747953340506,0.36115947365760803,10.568902059397145,10.544744402509819,7.5262393e-13,1.4395356e-07,0.0,0.0,0.024157513,5.0961413e-31,0.0,0.0,4.196066766813303,14.764968826210447
1596,4983.065,11.041100375644987,0.35656288266181946,10.566837831329954,10.544744402509819,1.0330136e-11,1.727478e-08,0.0,0.0,0.022093412,1.3151333e-31,0.0,0.0,4.183675892360385,14.75051372369034
1597,4984.211,10.56866495843835,0.3514423072338104,10.56493655638246,10.544744402509819,1.2603923e-10,1.8573963e-09,0.0,0.0,0.020192152,3.3602696e-32,0.0,0.0,4.215099880734014,14.780036437116474
1598,4985.361,10.513225506394399,0.34861284494400024,10.563177367711827,10.544744402509819,1.3858085e-09,1.767006e-10,0.0,0.0,0.018432964,8.436473e-33,0.0,0.0,4.287186671645151,14.850364039356979
1599,4986.5073,10.608100364644852,0.35539376735687256,10.561561546195067,10.544744402509819,1.352174e-08,1.5096938e-11,0.0,0.0,0.01681713,2.0996838e-33,0.0,0.0,4.372974922220382,14.934536468415448
1600,4987.655,10.339760719477336,0.3481968343257904,10.560073076962846,10.544744402509819,1.1815267e-07,1.1479445e-12,0.0,0.0,0.015328556,5.1528823e-34,0.0,0.0,4.431534828008015,14.991607904970861
1601,4988.805,10.694417267454252,0.3510971963405609,10.558701712826709,10.544744402509819,9.2744614e-07,7.7299265e-14,0.0,0.0,0.013956383,1.2438926e-34,0.0,0.0,4.471688002931491,15.0303897157582
1602,4989.952,10.953451943992139,0.3594137132167816,10.55745052321885,10.544744402509819,6.466383e-06,4.6789477e-15,0.0,0.0,0.012699654,2.9769274e-35,0.0,0.0,4.498492407204149,15.055942930423
1603,4991.103,11.021953067221801,0.35435226559638977,10.55632734964223,10.544744402509819,4.0543062e-05,2.500526e-16,0.0,0.0,0.011542404,6.9988485e-36,0.0,0.0,4.5085196882103284,15.064847037852559
1604,4992.251,11.361560458198298,0.36251604557037354,10.555454586506526,10.544744402509819,0.00022607716,1.2003783e-17,0.0,0.0,0.010484107,1.6304056e-36,0.0,0.0,4.519832974418889,15.075287560925414
1605,4993.403,11.938159108289264,0.366793155670166,10.555388468424495,10.544744402509819,0.0011325644,5.082642e-19,0.0,0.0,0.0095115015,3.7307099e-37,0.0,0.0,4.530743479601361,15.086131948025855
1606,4994.5513,11.984229282960289,0.37058210372924805,10.55841350309987,10.544744402509819,0.0050449204,1.9366361e-20,0.0,0.0,0.00862418,8.464271e-38,0.0,0.0,4.543125911131509,15.101539414231379
1607,4995.7,12.731568450234988,0.37736770510673523,10.572649060156833,10.544744402509819,0.020092087,6.5698684e-22,0.0,0.0,0.007812571,1.8946088e-38,0.0,0.0,4.552754288412473,15.125403348569305
1608,4996.8525,13.998243351768263,0.3861198127269745,10.623569078617434,10.544744402509819,0.07175554,1.9661402e-23,0.0,0.0,0.0070691328,4.167655e-39,0.0,0.0,4.544807414222947,15.16837649284038
1609,4998.002,13.925883518133464,0.3926014304161072,10.779312908523421,10.544744402509819,0.22817597,5.2915296e-25,0.0,0.0,0.006392538,9.08507e-40,0.0,0.0,4.533226741876302,15.312539650399723
1610,4999.1543,15.148842525657553,0.4200686812400818,11.200392534364651,10.544744402509819,0.6498739,1.2573514e-26,0.0,0.0,0.0057742195,1.94737e-40,0.0,0.0,4.5311329839860015,15.731525518350653
1611,5000.304,18.659268980499895,0.45292583107948303,12.199573319279294,10.544744402509819,1.6496166,2.683977e-28,0.0,0.0,0.0052123177,4.134e-41,0.0,0.0,4.514955873015729,16.71452919229502
1612,5001.4575,19.412451726349907,0.44793105125427246,14.298575673591982,10.544744402509819,3.7491317,5.046292e-30,0.0,0.0,0.0046995915,8.622e-42,0.0,0.0,4.498730677214546,18.79730635080653
1613,5002.608,22.61887656656709,0.48153817653656006,18.143118247729433,10.544744402509819,7.594139,8.540779e-32,0.0,0.0,0.004234746,1.784e-42,0.0,0.0,4.482546696982715,22.62566494471215
1614,5003.759,28.935541582930597,0.5646734833717346,24.291936406972525,10.544744402509819,13.74338,1.2860401e-33,0.0,0.0,0.0038124116,3.63e-43,0.0,0.0,4.466355847489325,28.75829225446185
1615,5004.9126,34.80668545219255,0.6343203783035278,32.78656839333911,10.544744402509819,22.238396,1.7067037e-35,0.0,0.0,0.0034283,7.3e-44,0.0,0.0,4.4501237824265845,37.2366921757657
1616,5006.064,40.64332155595727,0.668818473815918,42.64775512331602,10.544744402509819,32.09993,2.0366328e-37,0.0,0.0,0.0030809112,1.5e-44,0.0,0.0,4.4339260636716356,47.08168118698765
1617,5007.2183,47.82841806474446,0.7327731847763062,51.94820958200347,10.544744402509819,41.4007,2.14046e-39,0.0,0.0,0.002765564,3e-45,0.0,0.0,4.417687129347336,56.36589671135081
1618,5008.37,54.44282440446995,0.8781836628913879,58.19786770745617,10.544744402509819,47.650642,2.0229e-41,0.0,0.0,0.00248091,0.0,0.0,0.0,4.40148254133083,62.599350248787
1619,5009.5254,61.3862087301494,0.8996570110321045,59.51756361603242,10.544744402509819,48.970596,1.61e-43,0.0,0.0,0.0022229,0.0,0.0,0.0,4.385229868483413,63.90279348451583
1620,5010.6777,59.69883742375559,0.9273189306259155,55.47410311490734,10.544744402509819,44.92737,0.0,0.0,0.0,0.0019905483,0.0,0.0,0.0,4.369018411205348,59.84312152611268
1621,5011.83,50.148779960135215,0.8057041764259338,47.349953991118525,10.544744402509819,36.80343,0.0,0.0,0.0,0.0017809387,0.0,0.0,0.0,4.352806953927282,51.70276094504581
1622,5012.9863,36.956470169113175,0.6141896843910217,37.43214857495826,10.544744402509819,26.885813,0.0,0.0,0.0,0.001591413,0.0,0.0,0.0,4.336540542556749,41.76868911751501
1623,5014.139,24.608781635301234,0.4849433898925781,28.09499000535783,10.544744402509819,17.548824,0.0,0.0,0.0,0.0014212925,0.0,0.0,0.0,4.320322216017125,32.415312221374954
1624,5015.2954,16.8551582151288,0.4185282289981842,20.754571264600088,10.544744402509819,10.208559,0.0,0.0,0.0,0.0012678258,0.0,0.0,0.0,4.304055804646591,25.05862706924668
1625,5016.4497,13.596094262490208,0.38421446084976196,15.850700349420945,10.544744402509819,5.304826,0.0,0.0,0.0,0.0011301641,0.0,0.0,0.0,4.287816870322292,20.138517219743235
1626,5017.606,12.163828569368555,0.3703870177268982,13.002757232277359,10.544744402509819,2.4570065,0.0,0.0,0.0,0.0010063753,0.0,0.0,0.0,4.271550458951759,17.27430769122912
1627,5018.7603,11.346772635223616,0.36085623502731323,11.562588524063754,10.544744402509819,1.0169486,0.0,0.0,0.0,0.0008955408,0.0,0.0,0.0,4.2553115246274595,15.817900048691214
1628,5019.915,10.889335081570703,0.3625262975692749,10.921060572892598,10.544744402509819,0.37552,0.0,0.0,0.0,0.00079617946,0.0,0.0,0.0,4.239065721041602,15.1601262939342
1629,5021.0728,10.709857559099936,0.3623889088630676,10.668839802490252,10.544744402509819,0.12338839,0.0,0.0,0.0,0.0007070127,0.0,0.0,0.0,4.2227787018863925,14.891618504376645
1630,5022.2275,10.552102080032702,0.35542336106300354,10.581652008627712,10.544744402509819,0.036280133,0.0,0.0,0.0,0.0006274733,0.0,0.0,0.0,4.259737023666029,14.84138903229374
1631,5023.3857,10.497280384537731,0.35498958826065063,10.554781809905249,10.544744402509819,0.009481208,0.0,0.0,0.0,0.000556199,0.0,0.0,0.0,4.292496417525256,14.847278227430504
1632,5024.5415,10.590282941500853,0.35731783509254456,10.547454004457391,10.544744402509819,0.0022168867,0.0,0.0,0.0,0.0004927152,0.0,0.0,0.0,4.31073615487366,14.858190159331052
1633,5025.7,10.517631957159114,0.3640497922897339,10.545640986490467,10.544744402509819,0.0004606229,0.0,0.0,0.0,0.0004359611,0.0,0.0,0.0,4.329943230523991,14.875584217014458
1634,5026.856,10.624432056712951,0.356690376996994,10.545215656752985,10.544744402509819,8.5727326e-05,0.0,0.0,0.0,0.00038552692,0.0,0.0,0.0,4.364052325916444,14.90926798266943
1635,5028.015,11.041650539781951,0.3586028516292572,10.545099066030557,10.544744402509819,1.4158687e-05,0.0,0.0,0.0,0.00034050483,0.0,0.0,0.0,4.3994734226203915,14.944572488650948
1636,5029.1724,11.016306748294982,0.36118653416633606,10.545047034634704,10.544744402509819,2.0921182e-06,0.0,0.0,0.0,0.00030054,0.0,0.0,0.0,4.428405890559999,14.973452925194703
1637,5030.329,11.330589922746299,0.3629586696624756,10.545009726631717,10.544744402509819,2.760036e-07,0.0,0.0,0.0,0.00026504812,0.0,0.0,0.0,4.476156560102822,15.02116628673454
1638,5031.489,10.582022619131841,0.3561200201511383,10.54497790304943,10.544744402509819,3.230379e-08,0.0,0.0,0.0,0.00023346824,0.0,0.0,0.0,4.521160173531733,15.066138076581163
1639,5032.6465,10.5160891211605,0.35724762082099915,10.544949920642871,10.544744402509819,3.3842384e-09,0.0,0.0,0.0,0.00020551475,0.0,0.0,0.0,4.521150907220848,15.06610082786372
1640,5033.807,10.909537217946081,0.3605591952800751,10.544925093737229,10.544744402509819,3.1429842e-10,0.0,0.0,0.0,0.00018069091,0.0,0.0,0.0,4.497328855662317,15.042253949399546
1641,5034.965,10.977786109784187,0.3599417209625244,10.544903180680404,10.544744402509819,2.6188277e-11,0.0,0.0,0.0,0.00015877814,0.0,0.0,0.0,4.446407272478997,14.9913104531594
1642,5036.126,11.79142037613633,0.36767643690109253,10.544883749221807,10.544744402509819,1.9311156e-12,0.0,0.0,0.0,0.00013934671,0.0,0.0,0.0,4.365476215050195,14.910359964272
1643,5037.2847,11.94787715901893,0.36587345600128174,10.544866622139649,10.544744402509819,1.2767246e-13,0.0,0.0,0.0,0.00012221963,0.0,0.0,0.0,4.269783744911734,14.814650367051383
1644,5038.4434,11.625002348797477,0.39620906114578247,10.544851506235721,10.544744402509819,7.5273506e-15,0.0,0.0,0.0,0.000107103726,0.0,0.0,0.0,4.18635991774305,14.73121142397877
1645,5039.605,10.93803295407863,0.3769437372684479,10.544838145882236,10.544744402509819,3.9278006e-16,0.0,0.0,0.0,9.374337e-05,0.0,0.0,0.0,4.143470914024397,14.688309059906633
1646,5040.7646,10.99086684749715,0.39108502864837646,10.544826398375731,10.544744402509819,1.8363e-17,0.0,0.0,0.0,8.1995866e-05,0.0,0.0,0.0,4.134965710181072,14.679792108556803
1647,5041.9277,11.64876220175336,0.4001798629760742,10.544816031504011,10.544744402509819,7.5818026e-19,0.0,0.0,0.0,7.1628994e-05,0.0,0.0,0.0,4.174919629606502,14.719735661110512
1648,5043.0874,10.58625136192597,0.3976900577545166,10.544806945186279,10.544744402509819,2.8168925e-20,0.0,0.0,0.0,6.254268e-05,0.0,0.0,0.0,4.260614292065728,14.805421237252007
1649,5044.2505,10.05144256510986,0.3784485459327698,10.544798941501936,10.544744402509819,9.236472e-22,0.0,0.0,0.0,5.4538992e-05,0.0,0.0,0.0,4.3786407097314495,14.923439651233386
1650,5045.411,9.845892870975405,0.3523836135864258,10.544791933805241,10.544744402509819,2.7189035e-23,0.0,0.0,0.0,4.7531295e-05,0.0,0.0,0.0,4.454948460506528,14.999740394311768
1651,5046.5713,10.373339319139145,0.35366547107696533,10.544785792569597,10.544744402509819,7.145773e-25,0.0,0.0,0.0,4.139006e-05,0.0,0.0,0.0,4.480276441664078,15.025062234233674
1652,5047.7354,10.8085574745616,0.3594149351119995,10.544780396199199,10.544744402509819,1.6529691e-26,0.0,0.0,0.0,3.599369e-05,0.0,0.0,0.0,4.469432866624923,15.014213262824121
1653,5048.8965,10.61195259326965,0.3555887043476105,10.544775686777426,10.544744402509819,3.4401815e-28,0.0,0.0,0.0,3.1284268e-05,0.0,0.0,0.0,4.420282552299197,14.965058239076622
1654,5050.0605,10.95308729810119,0.35774707794189453,10.544771559927026,10.544744402509819,6.3170374e-30,0.0,0.0,0.0,2.7157417e-05,0.0,0.0,0.0,4.387580426508185,14.932351986435211
1655,5051.222,10.868014628971828,0.3586964011192322,10.544767963646732,10.544744402509819,1.0424164e-31,0.0,0.0,0.0,2.3561137e-05,0.0,0.0,0.0,4.389728252803073,14.934496216449805
1656,5052.387,10.696853774992839,0.3545823395252228,10.54476481698242,10.544744402509819,1.5139424e-33,0.0,0.0,0.0,2.0414473e-05,0.0,0.0,0.0,4.422187667878255,14.966952484860675
1657,5053.5493,10.461392321535048,0.35530710220336914,10.54476208132604,10.544744402509819,1.9801631e-35,0.0,0.0,0.0,1.7678816e-05,0.0,0.0,0.0,4.470479092649524,15.015241173975564
1658,5054.712,10.566041904338348,0.3544526696205139,10.544759697815094,10.544744402509819,2.3037315e-37,0.0,0.0,0.0,1.5295305e-05,0.0,0.0,0.0,4.5274544182934875,15.072214116108581
1659,5055.878,10.966828383148789,0.35970792174339294,10.544757618313666,10.544744402509819,2.356006e-39,0.0,0.0,0.0,1.3215804e-05,0.0,0.0,0.0,4.5870685208429105,15.131826139156576
1660,5057.041,10.69700692572533,0.3562217652797699,10.544755815626045,10.544744402509819,2.1699e-41,0.0,0.0,0.0,1.1413116e-05,0.0,0.0,0.0,4.632796541071546,15.177552356697591
1661,5058.207,10.77331683327626,0.35660332441329956,10.544754246457556,10.544744402509819,2.06e-43,0.0,0.0,0.0,9.843948e-06,0.0,0.0,0.0,4.6662946016602636,15.21104884811782
1662,5059.3706,11.27105349981504,0.38438814878463745,10.54475288814268,10.544744402509819,0.0,0.0,0.0,0.0,8.485633e-06,0.0,0.0,0.0,4.6956728032855475,15.240425691428229
1663,5060.537,11.650355054664884,0.3839508593082428,10.544751708031468,10.544744402509819,0.0,0.0,0.0,0.0,7.3055216e-06,0.0,0.0,0.0,4.692506120872226,15.237257828903694
1664,5061.7017,11.476292706581303,0.3725147843360901,10.544750688034979,10.544744402509819,0.0,0.0,0.0,0.0,6.285525e-06,0.0,0.0,0.0,4.653960131553463,15.198710819588442
1665,5062.8657,11.20246538537339,0.37172937393188477,10.54474980601111,10.544744402509819,0.0,0.0,0.0,0.0,5.4035013e-06,0.0,0.0,0.0,4.591805130068503,15.136554936079612
1666,5064.0337,11.801252718770778,0.3734481632709503,10.544749041273858,10.544744402509819,0.0,0.0,0.0,0.0,4.638764e-06,0.0,0.0,0.0,4.516099576151097,15.060848617424956
1667,5065.1987,11.530383686379096,0.36646586656570435,10.54474838276104,10.544744402509819,0.0,0.0,0.0,0.0,3.980251e-06,0.0,0.0,0.0,4.458130260154106,15.002878642915146
1668,5066.366,10.974799607121394,0.3645568788051605,10.544747813596528,10.544744402509819,0.0,0.0,0.0,0.0,3.4110867e-06,0.0,0.0,0.0,4.406878974116399,14.951626787712927
1669,5067.532,10.373844666727482,0.35784608125686646,10.544747323786337,10.544744402509819,0.0,0.0,0.0,0.0,2.9212765e-06,0.0,0.0,0.0,4.407166914693415,14.951914238479752
1670,5068.7007,10.4933828272255,0.3506377041339874,10.544746901276936,10.544744402509819,0.0,0.0,0.0,0.0,2.4987671e-06,0.0,0.0,0.0,4.406710251387781,14.951457152664716
1671,5069.8667,11.120096200863106,0.35931655764579773,10.544746538669356,10.544744402509819,0.0,0.0,0.0,0.0,2.1361595e-06,0.0,0.0,0.0,4.406495100101249,14.951241638770604
1672,5071.0327,10.504281649154821,0.3528180420398712,10.54474622706226,10.544744402509819,0.0,0.0,0.0,0.0,1.8245524e-06,0.0,0.0,0.0,4.422806134658655,14.967552361720916
1673,5072.2017,10.31641954596125,0.3496924936771393,10.544745958903773,10.544744402509819,0.0,0.0,0.0,0.0,1.556394e-06,0.0,0.0,0.0,4.418163355039726,14.962909313943499
1674,5073.369,10.437919524753312,0.35204386711120605,10.544745729240672,10.544744402509819,0.0,0.0,0.0,0.0,1.3267309e-06,0.0,0.0,0.0,4.415998550808211,14.960744280048882
1675,5074.539,10.695419254257455,0.3711049556732178,10.544745532078592,10.544744402509819,0.0,0.0,0.0,0.0,1.1295688e-06,0.0,0.0,0.0,4.4089928245999666,14.953738356678558
1676,5075.7065,10.854682396929586,0.3748091161251068,10.544745363682578,10.544744402509819,0.0,0.0,0.0,0.0,9.611728e-07,0.0,0.0,0.0,4.391786147076762,14.936531510759341
1677,5076.877,10.717641263959084,0.35566383600234985,10.544745219329398,10.544744402509819,0.0,0.0,0.0,0.0,8.168196e-07,0.0,0.0,0.0,4.34786185646328,14.892607075792679
1678,5078.045,10.503630115846178,0.3537916839122772,10.544745096272605,10.544744402509819,0.0,0.0,0.0,0.0,6.937628e-07,0.0,0.0,0.0,4.286540553709485,14.831285649982089
1679,5079.213,11.123440642518633,0.35762763023376465,10.544744991229605,10.544744402509819,0.0,0.0,0.0,0.0,5.887198e-07,0.0,0.0,0.0,4.23182306750334,14.776568058732945
1680,5080.384,10.905378360778325,0.3560480773448944,10.544744901439342,10.544744402509819,0.0,0.0,0.0,0.0,4.989295e-07,0.0,0.0,0.0,4.201462726562984,14.746207628002328
1681,5081.5527,10.561025654341321,0.3506808578968048,10.544744825082544,10.544744402509819,0.0,0.0,0.0,0.0,4.2257273e-07,0.0,0.0,0.0,4.192223514054674,14.736968339137217
1682,5082.725,10.235703083562422,0.34665626287460327,10.544744759917533,10.544744402509819,0.0,0.0,0.0,0.0,3.574077e-07,0.0,0.0,0.0,4.21145859093709,14.756203350854623
1683,5083.894,9.827926517315069,0.34510698914527893,10.54474470467886,10.544744402509819,0.0,0.0,0.0,0.0,3.0216904e-07,0.0,0.0,0.0,4.269088863544306,14.813833568223167
1684,5085.0664,10.15887169650739,0.3641657829284668,10.544744657623566,10.544744402509819,0.0,0.0,0.0,0.0,2.5511375e-07,0.0,0.0,0.0,4.340477897608822,14.885222555232389
1685,5086.2363,10.449314858700824,0.369699627161026,10.544744617778887,10.544744402509819,0.0,0.0,0.0,0.0,2.1526907e-07,0.0,0.0,0.0,4.400095198367047,14.944839816145933
1686,5087.4062,9.955492162988389,0.35464608669281006,10.544744583994897,10.544744402509819,0.0,0.0,0.0,0.0,1.8148508e-07,0.0,0.0,0.0,4.448773240759169,14.993517824754065
1687,5088.579,10.452306941586233,0.35899972915649414,10.544744555310514,10.544744402509819,0.0,0.0,0.0,0.0,1.528007e-07,0.0,0.0,0.0,4.498498722476266,15.043243277786779
1688,5089.751,11.063788919395453,0.3758307695388794,10.54474453106266,10.544744402509819,0.0,0.0,0.0,0.0,1.2855284e-07,0.0,0.0,0.0,4.5325674725112854,15.077312003573946
1689,5090.9243,10.37406987579826,0.3799896240234375,10.544744510542278,10.544744402509819,0.0,0.0,0.0,0.0,1.0803246e-07,0.0,0.0,0.0,4.561512285151447,15.106256795693724
1690,5092.0957,10.16780204868204,0.3580936789512634,10.544744493242446,10.544744402509819,0.0,0.0,0.0,0.0,9.073263e-08,0.0,0.0,0.0,4.573842810631925,15.11858730387437
1691,5093.2695,11.018330458589883,0.3574007749557495,10.544744478616769,10.544744402509819,0.0,0.0,0.0,0.0,7.610695e-08,0.0,0.0,0.0,4.559872742704062,15.104617221320831
1692,5094.4414,11.173733680491724,0.36211922764778137,10.54474446630997,10.544744402509819,0.0,0.0,0.0,0.0,6.380015e-08,0.0,0.0,0.0,4.51481345390769,15.05955792021766
1693,5095.613,10.927142732638073,0.3608091175556183,10.544744455949184,10.544744402509819,0.0,0.0,0.0,0.0,5.3439365e-08,0.0,0.0,0.0,4.458340055447865,15.003084511397049
1694,5096.7886,10.747635460573274,0.36119869351387024,10.544744447200978,10.544744402509819,0.0,0.0,0.0,0.0,4.469116e-08,0.0,0.0,0.0,4.386546515745084,14.931290962946061
1695,5097.961,10.694197834436398,0.3529369831085205,10.544744439870703,10.544744402509819,0.0,0.0,0.0,0.0,3.7360884e-08,0.0,0.0,0.0,4.329110919530886,14.873855359401588
1696,5099.1367,10.73478225838995,0.3547261655330658,10.544744433698268,10.544744402509819,0.0,0.0,0.0,0.0,3.118845e-08,0.0,0.0,0.0,4.3002490602746,14.844993493972868
1697,5100.3096,10.398164616857962,0.35162481665611267,10.544744428533873,10.544744402509819,0.0,0.0,0.0,0.0,2.6024054e-08,0.0,0.0,0.0,4.305132998193309,14.849877426727183
1698,5101.486,10.441176798456684,0.3543875217437744,10.544744424193595,10.544744402509819,0.0,0.0,0.0,0.0,2.1683777e-08,0.0,0.0,0.0,4.332099530583844,14.876843954777438
1699,5102.659,10.233690297263148,0.347626268863678,10.544744420569193,10.544744402509819,0.0,0.0,0.0,0.0,1.8059374e-08,0.0,0.0,0.0,4.365248644692418,14.909993065261611
1700,5103.833,9.962061599731904,0.3475046455860138,10.544744417535865,10.544744402509819,0.0,0.0,0.0,0.0,1.5026046e-08,0.0,0.0,0.0,4.369193359374541,14.913937776910405
1701,5105.0103,10.256513894876043,0.3476972281932831,10.544744414994081,10.544744402509819,0.0,0.0,0.0,0.0,1.2484263e-08,0.0,0.0,0.0,4.3435856687225884,14.88833008371667
1702,5106.1846,10.78616135918736,0.352760910987854,10.544744412877677,10.544744402509819,0.0,0.0,0.0,0.0,1.0367858e-08,0.0,0.0,0.0,4.317496363285785,14.86224077616346
1703,5107.362,10.691045502124492,0.35544106364250183,10.544744411108304,10.544744402509819,0.0,0.0,0.0,0.0,8.5984855e-09,0.0,0.0,0.0,4.3137610164301945,14.8585054275385
1704,5108.5366,10.373144636323712,0.3480655252933502,10.544744409637207,10.544744402509819,0.0,0.0,0.0,0.0,7.1273893e-09,0.0,0.0,0.0,4.309936990568377,14.854681400205585
1705,5109.715,10.459990960342818,0.3496631979942322,10.54474440840924,10.544744402509819,0.0,0.0,0.0,0.0,5.899422e-09,0.0,0.0,0.0,4.323922652022904,14.868667060432145
1706,5110.89,10.415220755487542,0.3496782183647156,10.544744407390715,10.544744402509819,0.0,0.0,0.0,0.0,4.8808957e-09,0.0,0.0,0.0,4.348640900701422,14.893385308092137
1707,5112.066,10.133781859989218,0.3552393913269043,10.544744406544078,10.544744402509819,0.0,0.0,0.0,0.0,4.0342596e-09,0.0,0.0,0.0,4.399766495113321,14.944510901657399
1708,5113.245,10.79672312620896,0.3532507121562958,10.544744405839431,10.544744402509819,0.0,0.0,0.0,0.0,3.3296117e-09,0.0,0.0,0.0,4.465079547130884,15.009823952970315
1709,5114.4214,9.77342170156465,0.36586135625839233,10.544744405256692,10.544744402509819,0.0,0.0,0.0,0.0,2.7468736e-09,0.0,0.0,0.0,4.518726888523239,15.06347129377993
1710,5115.6006,10.283732189672243,0.3701464831829071,10.5447444047728,10.544744402509819,0.0,0.0,0.0,0.0,2.26298e-09,0.0,0.0,0.0,4.556321368677367,15.101065773450166
1711,5116.7773,10.840484014523904,0.3643368184566498,10.544744404373207,10.544744402509819,0.0,0.0,0.0,0.0,1.8633877e-09,0.0,0.0,0.0,4.572584756838401,15.117329161211607
1712,5117.9575,10.993190102265963,0.3661262094974518,10.54474440404192,10.544744402509819,0.0,0.0,0.0,0.0,1.5320999e-09,0.0,0.0,0.0,4.562580771757475,15.107325175799396
1713,5119.1353,11.384555339773588,0.36932843923568726,10.544744403768894,10.544744402509819,0.0,0.0,0.0,0.0,1.2590744e-09,0.0,0.0,0.0,4.532505512277194,15.077249916046087
1714,5120.3154,11.4256396991405,0.3662928342819214,10.544744403543165,10.544744402509819,0.0,0.0,0.0,0.0,1.0333462e-09,0.0,0.0,0.0,4.481665064653444,15.026409468196608
1715,5121.4927,11.509964544259276,0.36479452252388,10.544744403357553,10.544744402509819,0.0,0.0,0.0,0.0,8.4773416e-10,0.0,0.0,0.0,4.395532053030762,14.940276456388315
1716,5122.6714,11.013925651091597,0.3590976893901825,10.544744403204477,10.544744402509819,0.0,0.0,0.0,0.0,6.9465883e-10,0.0,0.0,0.0,4.306251427155473,14.85099583035995
1717,5123.8525,10.41738693152855,0.3535395562648773,10.544744403078292,10.544744402509819,0.0,0.0,0.0,0.0,5.6847244e-10,0.0,0.0,0.0,4.245268898854749,14.79001330193304
1718,5125.0312,10.276299412152856,0.34935298562049866,10.544744402974796,10.544744402509819,0.0,0.0,0.0,0.0,4.6497825e-10,0.0,0.0,0.0,4.204378192522438,14.749122595497234
1719,5126.2134,10.504576121776996,0.35014522075653076,10.544744402889577,10.544744402509819,0.0,0.0,0.0,0.0,3.7975834e-10,0.0,0.0,0.0,4.1836591611209535,14.72840356401053
1720,5127.3926,10.404853907496701,0.3502280116081238,10.54474440281985,10.544744402509819,0.0,0.0,0.0,0.0,3.1003075e-10,0.0,0.0,0.0,4.189058217137088,14.733802619956938
1721,5128.5747,9.866464695518303,0.3445673882961273,10.544744402762566,10.544744402509819,0.0,0.0,0.0,0.0,2.527479e-10,0.0,0.0,0.0,4.204597392494391,14.749341795256957
1722,5129.7554,9.773900955589214,0.3448936939239502,10.544744402715732,10.544744402509819,0.0,0.0,0.0,0.0,2.0591298e-10,0.0,0.0,0.0,4.251403838722309,14.796148241438042
1723,5130.935,10.359878001230022,0.3507368564605713,10.544744402677452,10.544744402509819,0.0,0.0,0.0,0.0,1.6763325e-10,0.0,0.0,0.0,4.30176884172652,14.846513244403972
1724,5132.1187,10.610765192134016,0.3530835807323456,10.54474440264607,10.544744402509819,0.0,0.0,0.0,0.0,1.3625186e-10,0.0,0.0,0.0,4.341198232548601,14.885942635194672
1725,5133.2993,10.035448048131762,0.34711289405822754,10.54474440262052,10.544744402509819,0.0,0.0,0.0,0.0,1.1070143e-10,0.0,0.0,0.0,4.3835039400884535,14.928248342708972
1726,5134.483,10.01890916655525,0.34840479493141174,10.544744402599633,10.544744402509819,0.0,0.0,0.0,0.0,8.9813566e-11,0.0,0.0,0.0,4.401027013559495,14.945771416159129
1727,5135.664,10.19222425776288,0.35648515820503235,10.544744402582651,10.544744402509819,0.0,0.0,0.0,0.0,7.283208e-11,0.0,0.0,0.0,4.392364746753721,14.937109149336372
1728,5136.848,10.547554175765415,0.36221712827682495,10.544744402568796,10.544744402509819,0.0,0.0,0.0,0.0,5.89766e-11,0.0,0.0,0.0,4.371211845963101,14.915956248531897
1729,5138.0303,10.993273414278729,0.3612481951713562,10.54474440255755,10.544744402509819,0.0,0.0,0.0,0.0,4.7730025e-11,0.0,0.0,0.0,4.326885544156329,14.871629946713878
1730,5139.212,11.105525804282014,0.3588910400867462,10.544744402548416,10.544744402509819,0.0,0.0,0.0,0.0,3.8596227e-11,0.0,0.0,0.0,4.3024312727443546,14.847175675292771
1731,5140.397,10.730704983439589,0.35273250937461853,10.544744402540982,10.544744402509819,0.0,0.0,0.0,0.0,3.1162656e-11,0.0,0.0,0.0,4.283223429951525,14.827967832492506
1732,5141.5796,10.352149353910185,0.3535577356815338,10.544744402534969,10.544744402509819,0.0,0.0,0.0,0.0,2.5148784e-11,0.0,0.0,0.0,4.2613312140219435,14.806075616556912
1733,5142.765,10.229159346154688,0.3527733385562897,10.544744402530085,10.544744402509819,0.0,0.0,0.0,0.0,2.0266134e-11,0.0,0.0,0.0,4.255330094763281,14.800074497293366
1734,5143.9487,10.62231203937319,0.3653194308280945,10.544744402526142,10.544744402509819,0.0,0.0,0.0,0.0,1.6322294e-11,0.0,0.0,0.0,4.231455355646341,14.776199758172483
1735,5145.135,10.368301535481383,0.40236762166023254,10.544744402522946,10.544744402509819,0.0,0.0,0.0,0.0,1.31280715e-11,0.0,0.0,0.0,4.2193993083296535,14.7641437108526
1736,5146.3184,10.036143859538608,0.8363845348358154,10.544744402520372,10.544744402509819,0.0,0.0,0.0,0.0,1.0553974e-11,0.0,0.0,0.0,4.224388519611782,14.769132922132155
1737,5147.5024,10.453081463649418,1.4176216125488281,10.544744402518296,10.544744402509819,0.0,0.0,0.0,0.0,8.476071e-12,0.0,0.0,0.0,4.226902629062984,14.77164703158128
1738,5148.6895,10.253992501665367,1.8566592931747437,10.544744402516617,10.544744402509819,0.0,0.0,0.0,0.0,6.797335e-12,0.0,0.0,0.0,4.214270170758949,14.759014573275566
1739,5149.8735,9.183823094242246,1.7422691583633423,10.544744402515269,10.544744402509819,0.0,0.0,0.0,0.0,5.4490444e-12,0.0,0.0,0.0,4.214503779537051,14.75924818205232
1740,5151.0615,10.991144046349747,1.07554292678833,10.54474440251418,10.544744402509819,0.0,0.0,0.0,0.0,4.361003e-12,0.0,0.0,0.0,4.219370022253768,14.764114424767948
1741,5152.246,11.597496849345909,0.5505175590515137,10.544744402513308,10.544744402509819,0.0,0.0,0.0,0.0,3.4892447e-12,0.0,0.0,0.0,4.230453628254189,14.775198030767497
1742,5153.434,10.639260480972078,0.3765021562576294,10.544744402512606,10.544744402509819,0.0,0.0,0.0,0.0,2.7873866e-12,0.0,0.0,0.0,4.242406656173918,14.787151058686524
1743,5154.6196,10.295001618930165,0.36225268244743347,10.544744402512045,10.544744402509819,0.0,0.0,0.0,0.0,2.2256919e-12,0.0,0.0,0.0,4.290476210049326,14.835220612561372
1744,5155.8057,9.942960474151873,0.35435429215431213,10.544744402511594,10.544744402509819,0.0,0.0,0.0,0.0,1.7753871e-12,0.0,0.0,0.0,4.346785810332991,14.891530212844584
1745,5156.9946,10.968493084970827,0.35268163681030273,10.544744402511233,10.544744402509819,0.0,0.0,0.0,0.0,1.4140938e-12,0.0,0.0,0.0,4.4070838879905985,14.951828290501831
1746,5158.181,10.578114572573405,0.3595348000526428,10.544744402510945,10.544744402509819,0.0,0.0,0.0,0.0,1.1258152e-12,0.0,0.0,0.0,4.456194814633626,15.000939217144571
1747,5159.37,10.734727198840567,0.3575647175312042,10.544744402510714,10.544744402509819,0.0,0.0,0.0,0.0,8.9505654e-13,0.0,0.0,0.0,4.456170742748788,15.000915145259501
1748,5160.5576,11.4210885194808,0.3668029010295868,10.54474440251053,10.544744402509819,0.0,0.0,0.0,0.0,7.11142e-13,0.0,0.0,0.0,4.409445461842442,14.954189864352973
1749,5161.747,11.440576125695689,0.3620615601539612,10.544744402510384,10.544744402509819,0.0,0.0,0.0,0.0,5.6428435e-13,0.0,0.0,0.0,4.320208977148549,14.864953379658932
1750,5162.9346,11.804657315781462,0.36233267188072205,10.544744402510267,10.544744402509819,0.0,0.0,0.0,0.0,4.4751095e-13,0.0,0.0,0.0,4.179261827895297,14.724006230405564
1751,5164.1226,11.991911693701235,0.36104655265808105,10.544744402510174,10.544744402509819,0.0,0.0,0.0,0.0,3.5454143e-13,0.0,0.0,0.0,3.990452007165464,14.535196409675638
1752,5165.3135,11.634427137841623,0.3557005822658539,10.5447444025101,10.544744402509819,0.0,0.0,0.0,0.0,2.8046592e-13,0.0,0.0,0.0,3.793939523230154,14.338683925740254
1753,5166.5015,11.892648959994862,0.3771229684352875,10.544744402510041,10.544744402509819,0.0,0.0,0.0,0.0,2.2179063e-13,0.0,0.0,0.0,3.6263510934109,14.171095495920941
1754,5167.693,11.534217149764059,0.3683724105358124,10.544744402509995,10.544744402509819,0.0,0.0,0.0,0.0,1.751098e-13,0.0,0.0,0.0,3.5039841823282267,14.048728584838221
1755,5168.8823,9.96312553014307,0.34094327688217163,10.544744402509957,10.544744402509819,0.0,0.0,0.0,0.0,1.3817943e-13,0.0,0.0,0.0,3.4222027627036087,13.966947165213567
1756,5170.0737,10.034537170231266,0.3360588848590851,10.544744402509927,10.544744402509819,0.0,0.0,0.0,0.0,1.088946e-13,0.0,0.0,0.0,3.391084816157894,13.935829218667822
1757,5171.2627,9.119956754292758,0.3259827494621277,10.544744402509904,10.544744402509819,0.0,0.0,0.0,0.0,8.577857e-14,0.0,0.0,0.0,3.4101478828532374,13.954892285363142
1758,5172.4526,9.336889354124306,0.3342500627040863,10.544744402509886,10.544744402509819,0.0,0.0,0.0,0.0,6.7493984e-14,0.0,0.0,0.0,3.46649351941085,14.011237921920737
1759,5173.6455,8.938845929338193,0.3309362530708313,10.544744402509872,10.544744402509819,0.0,0.0,0.0,0.0,5.3026265e-14,0.0,0.0,0.0,3.575293246076847,14.12003764858672
1760,5174.836,8.417597222419486,0.3367477357387543,10.54474440250986,10.544744402509819,0.0,0.0,0.0,0.0,4.1641837e-14,0.0,0.0,0.0,3.7194524525683073,14.264196855078167
1761,5176.029,9.142707071684807,0.33857089281082153,10.544744402509851,10.544744402509819,0.0,0.0,0.0,0.0,3.2655082e-14,0.0,0.0,0.0,3.8771026512155835,14.421847053725434
1762,5177.219,9.68535212522023,0.34422463178634644,10.544744402509844,10.544744402509819,0.0,0.0,0.0,0.0,2.5596773e-14,0.0,0.0,0.0,3.985005578942366,14.529749981452209
1763,5178.4136,10.038617985451584,0.3432551324367523,10.544744402509838,10.544744402509819,0.0,0.0,0.0,0.0,2.0029385e-14,0.0,0.0,0.0,4.0155440400000755,14.560288442509915
1764,5179.605,10.173571290643448,0.34613311290740967,10.544744402509835,10.544744402509819,0.0,0.0,0.0,0.0,1.566778e-14,0.0,0.0,0.0,3.961822805731064,14.506567208240899
1765,5180.7964,10.826370525973225,0.35114485025405884,10.544744402509831,10.544744402509819,0.0,0.0,0.0,0.0,1.2244651e-14,0.0,0.0,0.0,3.8426186555453308,14.387363058055161
1766,5181.991,11.260610918115152,0.34983932971954346,10.544744402509828,10.544744402509819,0.0,0.0,0.0,0.0,9.5537295e-15,0.0,0.0,0.0,3.7177769145264503,14.262521317036278
1767,5183.1836,10.73260943646724,0.3453664481639862,10.544744402509826,10.544744402509819,0.0,0.0,0.0,0.0,7.4510185e-15,0.0,0.0,0.0,3.6555960917920385,14.200340494301864
1768,5184.3784,10.418193319246202,0.3424935042858124,10.544744402509824,10.544744402509819,0.0,0.0,0.0,0.0,5.8027487e-15,0.0,0.0,0.0,3.677098772123427,14.221843174633252
1769,5185.571,9.941604298269585,0.33991801738739014,10.544744402509824,10.544744402509819,0.0,0.0,0.0,0.0,4.5172034e-15,0.0,0.0,0.0,3.780685740792916,14.32543014330274
1770,5186.7666,9.334025963785104,0.336956262588501,10.544744402509822,10.544744402509819,0.0,0.0,0.0,0.0,3.5106547e-15,0.0,0.0,0.0,3.9499629888516146,14.494707391361437
1771,5187.96,8.990901272334519,0.33300942182540894,10.544744402509822,10.544744402509819,0.0,0.0,0.0,0.0,2.7272674e-15,0.0,0.0,0.0,4.110658366642533,14.655402769152357
1772,5189.1533,9.483860855604144,0.3435147702693939,10.54474440250982,10.544744402509819,0.0,0.0,0.0,0.0,2.1167101e-15,0.0,0.0,0.0,4.194514388536481,14.739258791046302
1773,5190.3496,10.428826721620556,0.3518722355365753,10.54474440250982,10.544744402509819,0.0,0.0,0.0,0.0,1.6402843e-15,0.0,0.0,0.0,4.226791945981982,14.771536348491804
1774,5191.5444,10.356052230105321,0.3581598997116089,10.54474440250982,10.544744402509819,0.0,0.0,0.0,0.0,1.2703016e-15,0.0,0.0,0.0,4.239759613766749,14.78450401627657
1775,5192.741,10.404173325620008,0.35683736205101013,10.54474440250982,10.544744402509819,0.0,0.0,0.0,0.0,9.824484e-16,0.0,0.0,0.0,4.244874525942493,14.789618928452313
1776,5193.936,10.38948462443836,0.3540942668914795,10.544744402509819,10.544744402509819,0.0,0.0,0.0,0.0,7.594293e-16,0.0,0.0,0.0,4.273132105297968,14.817876507807787
1777,5195.1333,10.400887169377683,0.3520445227622986,10.544744402509819,10.544744402509819,0.0,0.0,0.0,0.0,5.861792e-16,0.0,0.0,0.0,4.348323188288333,14.893067590798152
1778,5196.3286,10.486822468706908,0.35485684871673584,10.544744402509819,10.544744402509819,0.0,0.0,0.0,0.0,4.522218e-16,0.0,0.0,0.0,4.466375010541138,15.011119413050956
1779,5197.5244,10.639614789404316,0.35456204414367676,10.544744402509819,10.544744402509819,0.0,0.0,0.0,0.0,3.4851539e-16,0.0,0.0,0.0,4.5881951166015424,15.13293951911136
1780,5198.7227,10.864422470883746,0.36084431409835815,10.544744402509819,10.544744402509819,0.0,0.0,0.0,0.0,2.6819636e-16,0.0,0.0,0.0,4.667018263979536,15.211762666489355
1781,5199.919,10.8252790273948,0.3599604368209839,10.544744402509819,10.544744402509819,0.0,0.0,0.0,0.0,2.0628302e-16,0.0,0.0,0.0,4.683828562326879,15.228572964836697
1782,5201.1177,11.515092073432498,0.36479809880256653,10.544744402509819,10.544744402509819,0.0,0.0,0.0,0.0,1.58429e-16,0.0,0.0,0.0,4.613211454399532,15.15795585690935
1783,5202.314,12.055090767866716,0.37341582775115967,10.544744402509819,10.544744402509819,0.0,0.0,0.0,0.0,1.2162798e-16,0.0,0.0,0.0,4.478612082475081,15.0233564849849
1784,5203.5137,12.089324529868502,0.3659462332725525,10.544744402509819,10.544744402509819,0.0,0.0,0.0,0.0,9.3216995e-17,0.0,0.0,0.0,4.341282312172514,14.886026714682334
1785,5204.711,11.893931461754615,0.3698117434978485,10.544744402509819,10.544744402509819,0.0,0.0,0.0,0.0,7.1414446e-17,0.0,0.0,0.0,4.217883037146751,14.762627439656569
1786,5205.908,11.410892107181372,0.3664170801639557,10.544744402509819,10.544744402509819,0.0,0.0,0.0,0.0,5.4660188e-17,0.0,0.0,0.0,4.128890416927514,14.673634819437332
1787,5207.109,11.212967371838488,0.36440399289131165,10.544744402509819,10.544744402509819,0.0,0.0,0.0,0.0,4.1765147e-17,0.0,0.0,0.0,4.075712704760633,14.620457107270452
1788,5208.3066,10.504375826473076,0.35262632369995117,10.544744402509819,10.544744402509819,0.0,0.0,0.0,0.0,3.1903324e-17,0.0,0.0,0.0,4.087883580570382,14.632627983080202
1789,5209.508,10.06625644020166,0.3468099534511566,10.544744402509819,10.544744402509819,0.0,0.0,0.0,0.0,2.4328424e-17,0.0,0.0,0.0,4.153151595076662,14.697895997586482
1790,5210.706,10.023390137051276,0.3513690233230591,10.544744402509819,10.544744402509819,0.0,0.0,0.0,0.0,1.8546963e-17,0.0,0.0,0.0,4.257799781466791,14.802544183976611
1791,5211.9077,9.888885437103868,0.3523785173892975,10.544744402509819,10.544744402509819,0.0,0.0,0.0,0.0,1.411517e-17,0.0,0.0,0.0,4.367203773406386,14.911948175916205
1792,5213.1064,9.765265460113682,0.3526976406574249,10.544744402509819,10.544744402509819,0.0,0.0,0.0,0.0,1.07394e-17,0.0,0.0,0.0,4.45253944863876,14.997283851148579
1793,5214.309,10.199072641099661,0.3521062433719635,10.544744402509819,10.544744402509819,0.0,0.0,0.0,0.0,8.15603e-18,0.0,0.0,0.0,4.507286268507271,15.05203067101709
1794,5215.5083,10.458652095131214,0.35659945011138916,10.544744402509819,10.544744402509819,0.0,0.0,0.0,0.0,6.1930984e-18,0.0,0.0,0.0,4.533395214744275,15.078139617254095
1795,5216.7085,10.606640592873955,0.3549692928791046,10.544744402509819,10.544744402509819,0.0,0.0,0.0,0.0,4.697105e-18,0.0,0.0,0.0,4.567927583395577,15.112671985905397
1796,5217.911,10.67811635914268,0.35636603832244873,10.544744402509819,10.544744402509819,0.0,0.0,0.0,0.0,3.5571306e-18,0.0,0.0,0.0,4.606834850879293,15.151579253389112
1797,5219.1113,10.504239823456388,0.3549513816833496,10.544744402509819,10.544744402509819,0.0,0.0,0.0,0.0,2.692807e-18,0.0,0.0,0.0,4.637673590545076,15.182417993054894
1798,5220.315,10.314232689084356,0.35480743646621704,10.544744402509819,10.544744402509819,0.0,0.0,0.0,0.0,2.0349572e-18,0.0,0.0,0.0,4.653482574282343,15.198226976792162
1799,5221.517,11.159341995975224,0.3614724278450012,10.544744402509819,10.544744402509819,0.0,0.0,0.0,0.0,1.5368927e-18,0.0,0.0,0.0,4.638339812496456,15.183084215006275
1800,5222.7207,11.423396113541832,0.3666094243526459,10.544744402509819,10.544744402509819,0.0,0.0,0.0,0.0,1.1592359e-18,0.0,0.0,0.0,4.5710210770099255,15.115765479519744
1801,5223.922,11.330698804303115,0.3619457185268402,10.544744402509819,10.544744402509819,0.0,0.0,0.0,0.0,8.740564e-19,0.0,0.0,0.0,4.458865328387314,15.003609730897132
1802,5225.124,11.138355120998504,0.3603932857513428,10.544744402509819,10.544744402509819,0.0,0.0,0.0,0.0,6.5826154e-19,0.0,0.0,0.0,4.3586703688086255,14.903414771318445
1803,5226.329,10.956330823630172,0.35998716950416565,10.544744402509819,10.544744402509819,0.0,0.0,0.0,0.0,4.9492956e-19,0.0,0.0,0.0,4.3179449560939505,14.86268935860377
1804,5227.5312,11.015533707506748,0.35978683829307556,10.544744402509819,10.544744402509819,0.0,0.0,0.0,0.0,3.7203376e-19,0.0,0.0,0.0,4.337935187451748,14.882679589961567
1805,5228.737,9.914758151247195,0.3509652316570282,10.544744402509819,10.544744402509819,0.0,0.0,0.0,0.0,2.791607e-19,0.0,0.0,0.0,4.398642117307491,14.94338651981731
1806,5229.9395,9.72533497721087,0.34752416610717773,10.544744402509819,10.544744402509819,0.0,0.0,0.0,0.0,2.0942174e-19,0.0,0.0,0.0,4.465260649620185,15.010005052130005
1807,5231.1455,9.644701303102124,0.3577767610549927,10.544744402509819,10.544744402509819,0.0,0.0,0.0,0.0,1.568263e-19,0.0,0.0,0.0,4.526828466795337,15.071572869305156
1808,5232.349,9.682783190167179,0.35761362314224243,10.544744402509819,10.544744402509819,0.0,0.0,0.0,0.0,1.1739788e-19,0.0,0.0,0.0,4.556991513812313,15.10173591632213
1809,5233.5527,10.254547434681417,0.36019888520240784,10.544744402509819,10.544744402509819,0.0,0.0,0.0,0.0,8.779926e-20,0.0,0.0,0.0,4.583499592906474,15.128243995416293
1810,5234.7593,10.43079805417706,0.36398351192474365,10.544744402509819,10.544744402509819,0.0,0.0,0.0,0.0,6.5554225e-20,0.0,0.0,0.0,4.638058185141786,15.182802587651604
1811,5235.964,10.688711524391366,0.3677420914173126,10.544744402509819,10.544744402509819,0.0,0.0,0.0,0.0,4.8922108e-20,0.0,0.0,0.0,4.6957556005476,15.24050000305742
1812,5237.1714,10.604533087641332,0.36817264556884766,10.544744402509819,10.544744402509819,0.0,0.0,0.0,0.0,3.644914e-20,0.0,0.0,0.0,4.740445244878198,15.285189647388016
1813,5238.3755,10.856901185034666,0.37024253606796265,10.544744402509819,10.544744402509819,0.0,0.0,0.0,0.0,2.7153118e-20,0.0,0.0,0.0,4.781043036461916,15.325787438971734
1814,5239.5835,10.76680422271939,0.3696977496147156,10.544744402509819,10.544744402509819,0.0,0.0,0.0,0.0,2.0189417e-20,0.0,0.0,0.0,4.818673606260103,15.363418008769923
1815,5240.789,10.290041880872515,0.3661302924156189,10.544744402509819,10.544744402509819,0.0,0.0,0.0,0.0,1.5006363e-20,0.0,0.0,0.0,4.841911358568404,15.386655761078224
1816,5241.9946,11.462423911242544,0.3721369206905365,10.544744402509819,10.544744402509819,0.0,0.0,0.0,0.0,1.1143278e-20,0.0,0.0,0.0,4.842980751843394,15.387725154353213
1817,5243.203,10.711190246508046,0.370039701461792,10.544744402509819,10.544744402509819,0.0,0.0,0.0,0.0,8.260851e-21,0.0,0.0,0.0,4.8280219803596305,15.37276638286945
1818,5244.4097,11.676402626789532,0.3773443400859833,10.544744402509819,10.544744402509819,0.0,0.0,0.0,0.0,6.121148e-21,0.0,0.0,0.0,4.791202964030782,15.335947366540601
1819,5245.619,11.3492656533486,0.3830406963825226,10.544744402509819,10.544744402509819,0.0,0.0,0.0,0.0,4.528024e-21,0.0,0.0,0.0,4.751737993501986,15.296482396011804
1820,5246.826,10.348712191348762,0.3742351531982422,10.544744402509819,10.544744402509819,0.0,0.0,0.0,0.0,3.3483978e-21,0.0,0.0,0.0,4.689196362728387,15.233940765238206
1821,5248.0356,11.05340162670402,0.38463836908340454,10.544744402509819,10.544744402509819,0.0,0.0,0.0,0.0,2.4722149e-21,0.0,0.0,0.0,4.6253569945118,15.170101397021618
1822,5249.243,11.314961344572625,0.3872148394584656,10.544744402509819,10.544744402509819,0.0,0.0,0.0,0.0,1.824448e-21,0.0,0.0,0.0,4.595964520600715,15.140708923110534
1823,5250.4507,11.10201728859613,0.3868803381919861,10.544744402509819,10.544744402509819,0.0,0.0,0.0,0.0,1.3451354e-21,0.0,0.0,0.0,4.592200393288636,15.136944795798456
1824,5251.661,10.765259310049718,0.38490059971809387,10.544744402509819,10.544744402509819,0.0,0.0,0.0,0.0,9.900639e-22,0.0,0.0,0.0,4.600528196053799,15.145272598563619
1825,5252.8696,10.718995992451926,0.3840717077255249,10.544744402509819,10.544744402509819,0.0,0.0,0.0,0.0,7.2838337e-22,0.0,0.0,0.0,4.628700311869363,15.173444714379182
1826,5254.081,10.855609275283488,0.386785626411438,10.544744402509819,10.544744402509819,0.0,0.0,0.0,0.0,5.3495584e-22,0.0,0.0,0.0,4.663985870895712,15.208730273405532
1827,5255.29,10.699436389367506,0.37905624508857727,10.544744402509819,10.544744402509819,0.0,0.0,0.0,0.0,3.9276402e-22,0.0,0.0,0.0,4.712549961645678,15.257294364155497
1828,5256.5015,10.322679533458853,0.3736268877983093,10.544744402509819,10.544744402509819,0.0,0.0,0.0,0.0,2.879108e-22,0.0,0.0,0.0,4.7584628920782555,15.303207294588073
1829,5257.7104,11.11569928915388,0.37556397914886475,10.544744402509819,10.544744402509819,0.0,0.0,0.0,0.0,2.109802e-22,0.0,0.0,0.0,4.783472540069752,15.328216942579571
1830,5258.921,10.765991588385944,0.3752923607826233,10.544744402509819,10.544744402509819,0.0,0.0,0.0,0.0,1.543994e-22,0.0,0.0,0.0,4.761447529045697,15.306191931555515
1831,5260.1333,10.669978006841013,0.367787629365921,10.544744402509819,10.544744402509819,0.0,0.0,0.0,0.0,1.1282752e-22,0.0,0.0,0.0,4.687405721186331,15.232150123696151
1832,5261.3433,11.3273921314868,0.37723496556282043,10.544744402509819,10.544744402509819,0.0,0.0,0.0,0.0,8.242145e-23,0.0,0.0,0.0,4.559400051435564,15.104144453945384
1833,5262.5566,11.797685047851896,0.3770885169506073,10.544744402509819,10.544744402509819,0.0,0.0,0.0,0.0,6.009897e-23,0.0,0.0,0.0,4.400715449584626,14.945459852094444
1834,5263.7676,11.71146766904375,0.3747464716434479,10.544744402509819,10.544744402509819,0.0,0.0,0.0,0.0,4.3807617e-23,0.0,0.0,0.0,4.261712148155958,14.806456550665777
1835,5264.9814,11.286929482480321,0.3844259977340698,10.544744402509819,10.544744402509819,0.0,0.0,0.0,0.0,3.187756e-23,0.0,0.0,0.0,4.1360250768458515,14.680769479355671
1836,5266.1924,10.839274573188408,0.37562835216522217,10.544744402509819,10.544744402509819,0.0,0.0,0.0,0.0,2.3191968e-23,0.0,0.0,0.0,4.073969674248115,14.618714076757934
1837,5267.4043,10.07823006658175,0.35463809967041016,10.544744402509819,10.544744402509819,0.0,0.0,0.0,0.0,1.68524e-23,0.0,0.0,0.0,4.050510244087195,14.595254646597013
1838,5268.6187,9.85545702047134,0.3667595386505127,10.544744402509819,10.544744402509819,0.0,0.0,0.0,0.0,1.2226112e-23,0.0,0.0,0.0,4.0636551850340314,14.60839958754385
1839,5269.8306,10.383907297873,0.3721292018890381,10.544744402509819,10.544744402509819,0.0,0.0,0.0,0.0,8.867016e-24,0.0,0.0,0.0,4.135517140603563,14.680261543113382
1840,5271.046,9.721870982445441,0.3752443194389343,10.544744402509819,10.544744402509819,0.0,0.0,0.0,0.0,6.418815e-24,0.0,0.0,0.0,4.206930554114617,14.751674956624436
1841,5272.2583,9.437108998335404,0.37533488869667053,10.544744402509819,10.544744402509819,0.0,0.0,0.0,0.0,4.6457336e-24,0.0,0.0,0.0,4.310881609879929,14.855626012389749
1842,5273.474,10.044532453765758,0.3567373752593994,10.544744402509819,10.544744402509819,0.0,0.0,0.0,0.0,3.3561294e-24,0.0,0.0,0.0,4.4294808747864876,14.974225277296306
1843,5274.6875,10.119374507611656,0.364131897687912,10.544744402509819,10.544744402509819,0.0,0.0,0.0,0.0,2.4237465e-24,0.0,0.0,0.0,4.540158993059731,15.084903395569551
1844,5275.9004,9.793297536185973,0.3569290339946747,10.544744402509819,10.544744402509819,0.0,0.0,0.0,0.0,1.7489522e-24,0.0,0.0,0.0,4.643454783149965,15.188199185659784
1845,5277.1177,10.170985216719973,0.36103880405426025,10.544744402509819,10.544744402509819,0.0,0.0,0.0,0.0,1.2593097e-24,0.0,0.0,0.0,4.711913113968504,15.256657516478324
1846,5278.3315,10.824820073286446,0.36866748332977295,10.544744402509819,10.544744402509819,0.0,0.0,0.0,0.0,9.067182e-25,0.0,0.0,0.0,4.764184443315116,15.308928845824935
1847,5279.5483,10.593946514489506,0.3676338195800781,10.544744402509819,10.544744402509819,0.0,0.0,0.0,0.0,6.5169348e-25,0.0,0.0,0.0,4.787467898962642,15.33221230147246
1848,5280.763,11.25804537721833,0.37235602736473083,10.544744402509819,10.544744402509819,0.0,0.0,0.0,0.0,4.68199e-25,0.0,0.0,0.0,4.779718218362723,15.324462620872541
1849,5281.981,11.712251384776536,0.39466148614883423,10.544744402509819,10.544744402509819,0.0,0.0,0.0,0.0,3.3577541e-25,0.0,0.0,0.0,4.761549274403151,15.30629367691297
1850,5283.196,11.093409116039085,0.3745090961456299,10.544744402509819,10.544744402509819,0.0,0.0,0.0,0.0,2.407665e-25,0.0,0.0,0.0,4.777378504505348,15.322122907015167
1851,5284.411,10.375685417570873,0.3725002706050873,10.544744402509819,10.544744402509819,0.0,0.0,0.0,0.0,1.7245116e-25,0.0,0.0,0.0,4.821899688325123,15.366644090834942
1852,5285.6304,10.991346205007453,0.37659570574760437,10.544744402509819,10.544744402509819,0.0,0.0,0.0,0.0,1.2326739e-25,0.0,0.0,0.0,4.903319513071161,15.448063915580981
1853,5286.846,10.43492420711572,0.3677709698677063,10.544744402509819,10.544744402509819,0.0,0.0,0.0,0.0,8.810901e-26,0.0,0.0,0.0,4.997489847754886,15.542234250264706
1854,5288.065,11.095535338768107,0.3744922876358032,10.544744402509819,10.544744402509819,0.0,0.0,0.0,0.0,6.28669e-26,0.0,0.0,0.0,5.059827744117635,15.604572146627454
1855,5289.2812,11.453957604105128,0.3752986490726471,10.544744402509819,10.544744402509819,0.0,0.0,0.0,0.0,4.4842995e-26,0.0,0.0,0.0,5.097405387227879,15.642149789737697
1856,5290.5015,11.335551274679656,0.3764745593070984,10.544744402509819,10.544744402509819,0.0,0.0,0.0,0.0,3.192083e-26,0.0,0.0,0.0,5.10777186069632,15.652516263206138
1857,5291.7183,11.65509630995728,0.39629843831062317,10.544744402509819,10.544744402509819,0.0,0.0,0.0,0.0,2.2722114e-26,0.0,0.0,0.0,5.0951001469519,15.639844549461719
1858,5292.9355,11.697734430003319,0.3782843053340912,10.544744402509819,10.544744402509819,0.0,0.0,0.0,0.0,1.6156338e-26,0.0,0.0,0.0,5.058081075978127,15.602825478487947
1859,5294.1562,11.822541903391564,0.3802089989185333,10.544744402509819,10.544744402509819,0.0,0.0,0.0,0.0,1.14656526e-26,0.0,0.0,0.0,4.972671795949256,15.517416198459074
1860,5295.3745,11.884598839668929,0.3790857195854187,10.544744402509819,10.544744402509819,0.0,0.0,0.0,0.0,8.134491e-27,0.0,0.0,0.0,4.864506613822283,15.409251016332103
1861,5296.595,11.428895102283654,0.37317192554473877,10.544744402509819,10.544744402509819,0.0,0.0,0.0,0.0,5.7615542e-27,0.0,0.0,0.0,4.789666070201698,15.334410472711518
1862,5297.8135,11.141832077815955,0.3698464334011078,10.544744402509819,10.544744402509819,0.0,0.0,0.0,0.0,4.079714e-27,0.0,0.0,0.0,4.740264212772424,15.285008615282244
1863,5299.035,11.442590211356908,0.3718014657497406,10.544744402509819,10.544744402509819,0.0,0.0,0.0,0.0,2.8832e-27,0.0,0.0,0.0,4.7281308427202395,15.272875245230058
1864,5300.255,11.064577108086716,0.36994069814682007,10.544744402509819,10.544744402509819,0.0,0.0,0.0,0.0,2.036765e-27,0.0,0.0,0.0,4.770566934882033,15.31531133739185
1865,5301.4736,10.623556325971329,0.3662120997905731,10.544744402509819,10.544744402509819,0.0,0.0,0.0,0.0,1.437818e-27,0.0,0.0,0.0,4.855356027544297,15.400100430054117
1866,5302.6963,10.42986286784294,0.36442482471466064,10.544744402509819,10.544744402509819,0.0,0.0,0.0,0.0,1.0128826e-27,0.0,0.0,0.0,4.93890868519661,15.48365308770643
1867,5303.916,10.879655602721801,0.37129536271095276,10.544744402509819,10.544744402509819,0.0,0.0,0.0,0.0,7.134406e-28,0.0,0.0,0.0,5.0308401553348405,15.57558455784466
1868,5305.139,11.103070744440236,0.37547576427459717,10.544744402509819,10.544744402509819,0.0,0.0,0.0,0.0,5.0153946e-28,0.0,0.0,0.0,5.101501933172068,15.646246335681887
1869,5306.3594,10.78971760965955,0.3728964030742645,10.544744402509819,10.544744402509819,0.0,0.0,0.0,0.0,3.5253127e-28,0.0,0.0,0.0,5.139041965230585,15.683786367740403
1870,5307.5835,11.621483371240682,0.3763220012187958,10.544744402509819,10.544744402509819,0.0,0.0,0.0,0.0,2.4727152e-28,0.0,0.0,0.0,5.167901470678264,15.712645873188084
1871,5308.804,11.260926206597713,0.37513694167137146,10.544744402509819,10.544744402509819,0.0,0.0,0.0,0.0,1.7344312e-28,0.0,0.0,0.0,5.186480562201115,15.731224964710934
1872,5310.0283,11.487079513694603,0.37860730290412903,10.544744402509819,10.544744402509819,0.0,0.0,0.0,0.0,1.2141862e-28,0.0,0.0,0.0,5.202133285377662,15.74687768788748
1873,5311.2505,11.77249835440499,0.3825715482234955,10.544744402509819,10.544744402509819,0.0,0.0,0.0,0.0,8.4963916e-29,0.0,0.0,0.0,5.194889798671182,15.739634201181001
1874,5312.472,11.701340582043375,0.3798191547393799,10.544744402509819,10.544744402509819,0.0,0.0,0.0,0.0,5.9404954e-29,0.0,0.0,0.0,5.170310113757406,15.715054516267225
1875,5313.697,11.658463844810964,0.380519300699234,10.544744402509819,10.544744402509819,0.0,0.0,0.0,0.0,4.1458684e-29,0.0,0.0,0.0,5.130550971473217,15.675295373983037
1876,5314.919,11.708984041969774,0.3864268958568573,10.544744402509819,10.544744402509819,0.0,0.0,0.0,0.0,2.8926493e-29,0.0,0.0,0.0,5.09596476479292,15.640709167302738
1877,5316.145,11.070027765595631,0.3745174705982208,10.544744402509819,10.544744402509819,0.0,0.0,0.0,0.0,2.0139481e-29,0.0,0.0,0.0,5.073214116728588,15.617958519238407
1878,5317.3677,11.433570506280923,0.3800371289253235,10.544744402509819,10.544744402509819,0.0,0.0,0.0,0.0,1.402213e-29,0.0,0.0,0.0,5.049677250677085,15.594421653186904
1879,5318.5938,11.429531842272073,0.37342026829719543,10.544744402509819,10.544744402509819,0.0,0.0,0.0,0.0,9.743572e-30,0.0,0.0,0.0,5.0203296842171845,15.565074086727003
1880,5319.8184,11.117247409417438,0.3740081489086151,10.544744402509819,10.544744402509819,0.0,0.0,0.0,0.0,6.766809e-30,0.0,0.0,0.0,4.988028698370647,15.532773100880465
1881,5321.0425,11.27626297408526,0.37447208166122437,10.544744402509819,10.544744402509819,0.0,0.0,0.0,0.0,4.6955357e-30,0.0,0.0,0.0,4.953486705480171,15.49823110798999
1882,5322.269,11.030352109387277,0.3748866021633148,10.544744402509819,10.544744402509819,0.0,0.0,0.0,0.0,3.252701e-30,0.0,0.0,0.0,4.890353685900808,15.435098088410626
1883,5323.4937,11.772761201278755,0.38209864497184753,10.544744402509819,10.544744402509819,0.0,0.0,0.0,0.0,2.252341e-30,0.0,0.0,0.0,4.8135615831450735,15.358305985654892
1884,5324.721,11.279718518493787,0.37944117188453674,10.544744402509819,10.544744402509819,0.0,0.0,0.0,0.0,1.5567268e-30,0.0,0.0,0.0,4.708408236266954,15.253152638776772
1885,5325.9463,11.106015985873544,0.3822975754737854,10.544744402509819,10.544744402509819,0.0,0.0,0.0,0.0,1.0756838e-30,0.0,0.0,0.0,4.5931541267363185,15.137898529246137
1886,5327.174,11.145383373101307,0.379118949174881,10.544744402509819,10.544744402509819,0.0,0.0,0.0,0.0,7.420126e-31,0.0,0.0,0.0,4.528797611395764,15.073542013905584
1887,5328.4,10.521670069755249,0.36940422654151917,10.544744402509819,10.544744402509819,0.0,0.0,0.0,0.0,5.1156724e-31,0.0,0.0,0.0,4.529197964607543,15.073942367117361
1888,5329.6255,10.66133599786729,0.3718051016330719,10.544744402509819,10.544744402509819,0.0,0.0,0.0,0.0,3.5239496e-31,0.0,0.0,0.0,4.559927887630757,15.104672290140577
1889,5330.8545,10.556562627587555,0.36871829628944397,10.544744402509819,10.544744402509819,0.0,0.0,0.0,0.0,2.422601e-31,0.0,0.0,0.0,4.648523126806976,15.193267529316795
1890,5332.0806,10.09890435622266,0.3634164035320282,10.544744402509819,10.544744402509819,0.0,0.0,0.0,0.0,1.6652943e-31,0.0,0.0,0.0,4.7659905107207,15.310734913230519
1891,5333.3105,10.014569189579422,0.36507120728492737,10.544744402509819,10.544744402509819,0.0,0.0,0.0,0.0,1.1422361e-31,0.0,0.0,0.0,4.871610734431808,15.416355136941627
1892,5334.5376,10.508203423557458,0.3695948123931885,10.544744402509819,10.544744402509819,0.0,0.0,0.0,0.0,7.833952e-32,0.0,0.0,0.0,4.9440174931905885,15.488761895700407
1893,5335.767,10.942249903658624,0.37060436606407166,10.544744402509819,10.544744402509819,0.0,0.0,0.0,0.0,5.36357e-32,0.0,0.0,0.0,4.97102104665876,15.51576544916858
1894,5336.9946,10.6769489811271,0.37109607458114624,10.544744402509819,10.544744402509819,0.0,0.0,0.0,0.0,3.6708032e-32,0.0,0.0,0.0,4.965125603833837,15.509870006343656
1895,5338.2227,11.260996819544651,0.37155264616012573,10.544744402509819,10.544744402509819,0.0,0.0,0.0,0.0,2.509409e-32,0.0,0.0,0.0,4.921334265660428,15.466078668170248
1896,5339.454,11.533687511340563,0.38483068346977234,10.544744402509819,10.544744402509819,0.0,0.0,0.0,0.0,1.71196e-32,0.0,0.0,0.0,4.882059177502211,15.426803580012031
1897,5340.682,11.134278986396104,0.3738066256046295,10.544744402509819,10.544744402509819,0.0,0.0,0.0,0.0,1.1680166e-32,0.0,0.0,0.0,4.849788930474013,15.394533332983832
1898,5341.9136,10.91377086047958,0.3728051483631134,10.544744402509819,10.544744402509819,0.0,0.0,0.0,0.0,7.9527336e-33,0.0,0.0,0.0,4.846559339715731,15.39130374222555
1899,5343.143,11.426013358005116,0.37851276993751526,10.544744402509819,10.544744402509819,0.0,0.0,0.0,0.0,5.4127107e-33,0.0,0.0,0.0,4.864092461697032,15.408836864206851
1900,5344.375,11.320031492428708,0.38074931502342224,10.544744402509819,10.544744402509819,0.0,0.0,0.0,0.0,3.6774874e-33,0.0,0.0,0.0,4.889193208499026,15.433937611008844
1901,5345.6045,9.746928019977027,0.3719254434108734,10.544744402509819,10.544744402509819,0.0,0.0,0.0,0.0,2.4980133e-33,0.0,0.0,0.0,4.906423763775415,15.451168166285234
1902,5346.8335,10.84326874270738,0.3796015679836273,10.544744402509819,10.544744402509819,0.0,0.0,0.0,0.0,1.6953933e-33,0.0,0.0,0.0,4.912088045927874,15.456832448437693
1903,5348.067,11.52782692500763,0.380868136882782,10.544744402509819,10.544744402509819,0.0,0.0,0.0,0.0,1.1479398e-33,0.0,0.0,0.0,4.919989923747251,15.46473432625707
1904,5349.2974,10.8855936051128,0.37324005365371704,10.544744402509819,10.544744402509819,0.0,0.0,0.0,0.0,7.772032e-34,0.0,0.0,0.0,4.952488708424797,15.497233110934616
1905,5350.531,10.611443290449428,0.371550977230072,10.544744402509819,10.544744402509819,0.0,0.0,0.0,0.0,5.251964e-34,0.0,0.0,0.0,5.010668983720494,15.555413386230313
1906,5351.761,10.471310134051258,0.36679190397262573,10.544744402509819,10.544744402509819,0.0,0.0,0.0,0.0,3.5487793e-34,0.0,0.0,0.0,5.084068779828136,15.628813182337954
1907,5352.9956,10.383048505628443,0.3690512478351593,10.544744402509819,10.544744402509819,0.0,0.0,0.0,0.0,2.3925746e-34,0.0,0.0,0.0,5.158837824022436,15.703582226532255
1908,5354.227,10.377766833611044,0.3673172891139984,10.544744402509819,10.544744402509819,0.0,0.0,0.0,0.0,1.6129793e-34,0.0,0.0,0.0,5.231118931464638,15.775863333974456
1909,5355.459,10.833412161800936,0.37196221947669983,10.544744402509819,10.544744402509819,0.0,0.0,0.0,0.0,1.0861548e-34,0.0,0.0,0.0,5.279327401187344,15.824071803697162
1910,5356.6934,11.175768547967536,0.3746764361858368,10.544744402509819,10.544744402509819,0.0,0.0,0.0,0.0,7.301005e-35,0.0,0.0,0.0,5.296897238775629,15.841641641285449
1911,5357.9263,11.085922386332284,0.3745701313018799,10.544744402509819,10.544744402509819,0.0,0.0,0.0,0.0,4.905142e-35,0.0,0.0,0.0,5.310027931050529,15.854772333560348
1912,5359.1616,11.684936572911734,0.3926112949848175,10.544744402509819,10.544744402509819,0.0,0.0,0.0,0.0,3.2895656e-35,0.0,0.0,0.0,5.283958385584359,15.828702788094178
1913,5360.3945,11.24133083448817,0.38978031277656555,10.544744402509819,10.544744402509819,0.0,0.0,0.0,0.0,2.2056811e-35,0.0,0.0,0.0,5.226454047103627,15.771198449613447
1914,5361.6304,11.7905252137442,0.3861289322376251,10.544744402509819,10.544744402509819,0.0,0.0,0.0,0.0,1.4760418e-35,0.0,0.0,0.0,5.157797082398378,15.702541484908197
1915,5362.864,11.794042906948569,0.3877532184123993,10.544744402509819,10.544744402509819,0.0,0.0,0.0,0.0,9.8756355e-36,0.0,0.0,0.0,5.097257294467447,15.642001696977266
1916,5364.098,11.276856014906912,0.38353338837623596,10.544744402509819,10.544744402509819,0.0,0.0,0.0,0.0,6.5987994e-36,0.0,0.0,0.0,5.03762572032258,15.582370122832398
1917,5365.3345,11.50966906153294,0.3762434422969818,10.544744402509819,10.544744402509819,0.0,0.0,0.0,0.0,4.4020577e-36,0.0,0.0,0.0,4.980498556264912,15.525242958774731
1918,5366.569,11.76915281861061,0.38110944628715515,10.544744402509819,10.544744402509819,0.0,0.0,0.0,0.0,2.9355362e-36,0.0,0.0,0.0,4.91827279479271,15.463017197302529
1919,5367.806,11.002695112670537,0.3699650466442108,10.544744402509819,10.544744402509819,0.0,0.0,0.0,0.0,1.953759e-36,0.0,0.0,0.0,4.8512839980472355,15.396028400557054
1920,5369.0415,10.44588828787297,0.3670385181903839,10.544744402509819,10.544744402509819,0.0,0.0,0.0,0.0,1.2998664e-36,0.0,0.0,0.0,4.792460673003495,15.337205075513314
1921,5370.2793,10.854239247180915,0.3672511875629425,10.544744402509819,10.544744402509819,0.0,0.0,0.0,0.0,8.632593e-37,0.0,0.0,0.0,4.770959117076897,15.315703519586716
1922,5371.5146,11.079145575947454,0.36878231167793274,10.544744402509819,10.544744402509819,0.0,0.0,0.0,0.0,5.7319744e-37,0.0,0.0,0.0,4.795410011821102,15.340154414330922
1923,5372.7505,10.4000332132658,0.3679492473602295,10.544744402509819,10.544744402509819,0.0,0.0,0.0,0.0,3.801575e-37,0.0,0.0,0.0,4.869637273184394,15.414381675694212
1924,5373.9897,10.622184504670473,0.367886483669281,10.544744402509819,10.544744402509819,0.0,0.0,0.0,0.0,2.5158913e-37,0.0,0.0,0.0,4.961197148161558,15.505941550671377
1925,5375.2256,10.20090277442436,0.3667949140071869,10.544744402509819,10.544744402509819,0.0,0.0,0.0,0.0,1.6652513e-37,0.0,0.0,0.0,5.045080349354936,15.589824751864754
1926,5376.4653,10.104019056623098,0.3671800196170807,10.544744402509819,10.544744402509819,0.0,0.0,0.0,0.0,1.0996987e-37,0.0,0.0,0.0,5.105174173052195,15.649918575562014
1927,5377.702,10.729166690188375,0.3760668635368347,10.544744402509819,10.544744402509819,0.0,0.0,0.0,0.0,7.2619686e-38,0.0,0.0,0.0,5.121071156186136,15.665815558695954
1928,5378.9424,11.300411927764419,0.37975895404815674,10.544744402509819,10.544744402509819,0.0,0.0,0.0,0.0,4.785206e-38,0.0,0.0,0.0,5.136716139252182,15.681460541762
1929,5380.1797,11.135729020144154,0.37818852066993713,10.544744402509819,10.544744402509819,0.0,0.0,0.0,0.0,3.1531183e-38,0.0,0.0,0.0,5.117559248898814,15.662303651408633
1930,5381.4175,10.86638739774957,0.381590336561203,10.544744402509819,10.544744402509819,0.0,0.0,0.0,0.0,2.0752616e-38,0.0,0.0,0.0,5.094502418534611,15.63924682104443
1931,5382.658,11.436422532385905,0.382807195186615,10.544744402509819,10.544744402509819,0.0,0.0,0.0,0.0,1.3631307e-38,0.0,0.0,0.0,5.093423659020346,15.638168061530166
1932,5383.8965,11.213866588911387,0.3767962157726288,10.544744402509819,10.544744402509819,0.0,0.0,0.0,0.0,8.952187e-39,0.0,0.0,0.0,5.08725226179662,15.631996664306438
1933,5385.138,11.20613686806319,0.379179984331131,10.544744402509819,10.544744402509819,0.0,0.0,0.0,0.0,5.866556e-39,0.0,0.0,0.0,5.083747699197552,15.628492101707371
1934,5386.377,11.337125403254252,0.396896630525589,10.544744402509819,10.544744402509819,0.0,0.0,0.0,0.0,3.844417e-39,0.0,0.0,0.0,5.0760311061451615,15.62077550865498
1935,5387.619,11.005410954706724,0.3735468089580536,10.544744402509819,10.544744402509819,0.0,0.0,0.0,0.0,2.513817e-39,0.0,0.0,0.0,5.0358354594778465,15.580579861987665
1936,5388.8584,11.24309176062184,0.3767547011375427,10.544744402509819,10.544744402509819,0.0,0.0,0.0,0.0,1.643753e-39,0.0,0.0,0.0,4.987340749754135,15.532085152263953
1937,5390.098,11.344940188135695,0.3776492476463318,10.544744402509819,10.544744402509819,0.0,0.0,0.0,0.0,1.073567e-39,0.0,0.0,0.0,4.9419479344229,15.48669233693272
1938,5391.341,11.547677761461006,0.37988314032554626,10.544744402509819,10.544744402509819,0.0,0.0,0.0,0.0,6.99761e-40,0.0,0.0,0.0,4.89371322974993,15.438457632259748
1939,5392.581,11.5322079808621,0.3765457272529602,10.544744402509819,10.544744402509819,0.0,0.0,0.0,0.0,4.56032e-40,0.0,0.0,0.0,4.859450802096884,15.404195204606703
1940,5393.8247,11.028881337524258,0.37510696053504944,10.544744402509819,10.544744402509819,0.0,0.0,0.0,0.0,2.96547e-40,0.0,0.0,0.0,4.817428324340978,15.362172726850797
1941,5395.066,10.59070039839294,0.3704076111316681,10.544744402509819,10.544744402509819,0.0,0.0,0.0,0.0,1.92805e-40,0.0,0.0,0.0,4.777701129011846,15.322445531521666
1942,5396.3096,11.201397801486369,0.37553128600120544,10.544744402509819,10.544744402509819,0.0,0.0,0.0,0.0,1.25125e-40,0.0,0.0,0.0,4.764593218716269,15.309337621226089
1943,5397.5513,10.538436778801724,0.37101513147354126,10.544744402509819,10.544744402509819,0.0,0.0,0.0,0.0,8.1174e-41,0.0,0.0,0.0,4.771563640814974,15.316308043324792
1944,5398.793,10.67173106048293,0.37428349256515503,10.544744402509819,10.544744402509819,0.0,0.0,0.0,0.0,5.2609e-41,0.0,0.0,0.0,4.775528842471172,15.320273244980992
1945,5400.038,10.92264991575092,0.37204620242118835,10.54475460840647,10.54475460840647,0.0,0.0,0.0,0.0,3.4021e-41,0.0,0.0,0.0,4.795422021810114,15.340176630216583
1946,5401.2803,10.856355629360635,0.373369038105011,10.545087443611498,10.545087443611498,0.0,0.0,0.0,0.0,2.2e-41,0.0,0.0,0.0,4.789364852511922,15.33445229612342
1947,5402.5254,10.955613067468406,0.3724505305290222,10.545420997536745,10.545420997536745,0.0,0.0,0.0,0.0,1.4198e-41,0.0,0.0,0.0,4.757023880163431,15.302444877700175
1948,5403.768,11.213814489574755,0.38185352087020874,10.54575383131152,10.54575383131152,0.0,0.0,0.0,0.0,9.163e-42,0.0,0.0,0.0,4.707626588611281,15.253380419922802
1949,5405.014,10.30165731958806,0.37254098057746887,10.546087514240044,10.546087514240044,0.0,0.0,0.0,0.0,5.898e-42,0.0,0.0,0.0,4.657355665641433,15.203443179881479
1950,5406.2583,10.642199570544832,0.3688836991786957,10.546420607945329,10.546420607945329,0.0,0.0,0.0,0.0,3.796e-42,0.0,0.0,0.0,4.635441725841885,15.181862333787215
1951,5407.5044,10.82497988116247,0.37232232093811035,10.546754158275936,10.546754158275936,0.0,0.0,0.0,0.0,2.44e-42,0.0,0.0,0.0,4.640135666017706,15.186889824293642
1952,5408.7485,10.343524769987823,0.3681718409061432,10.547087119647923,10.547087119647923,0.0,0.0,0.0,0.0,1.567e-42,0.0,0.0,0.0,4.689335032258271,15.236422151906194
1953,5409.9927,10.159953528939397,0.3682965040206909,10.547420014947667,10.547420014947667,0.0,0.0,0.0,0.0,1.006e-42,0.0,0.0,0.0,4.7663875278843335,15.313807542832
1954,5411.2407,10.299470208596937,0.3676491975784302,10.54775388908931,10.54775388908931,0.0,0.0,0.0,0.0,6.43e-43,0.0,0.0,0.0,4.833716131735094,15.381470020824406
1955,5412.4854,10.245643947865128,0.3674252927303314,10.548086782707013,10.548086782707013,0.0,0.0,0.0,0.0,4.12e-43,0.0,0.0,0.0,4.90609803364122,15.454184816348233
1956,5413.7334,10.21791942009898,0.37877199053764343,10.548420524197482,10.548420524197482,0.0,0.0,0.0,0.0,2.62e-43,0.0,0.0,0.0,4.985444952154437,15.53386547635192
1957,5414.979,10.55973634407317,0.3895329535007477,10.548753546649829,10.548753546649829,0.0,0.0,0.0,0.0,1.7e-43,0.0,0.0,0.0,5.044316199566966,15.593069746216795
1958,5416.2275,10.730198760266234,0.3972928822040558,10.549087286057894,10.549087286057894,0.0,0.0,0.0,0.0,1.06e-43,0.0,0.0,0.0,5.090408425097535,15.63949571115543
1959,5417.4736,10.469875963297465,0.39585158228874207,10.549420306692161,10.549420306692161,0.0,0.0,0.0,0.0,7e-44,0.0,0.0,0.0,5.10775407973232,15.657174386424481
1960,5418.7197,10.849994618354634,0.38753998279571533,10.549753261245284,10.549753261245284,0.0,0.0,0.0,0.0,4.3e-44,0.0,0.0,0.0,5.103311579765483,15.653064841010767
1961,5419.969,11.026154224249245,0.39901843667030334,10.550087062750169,10.550087062750169,0.0,0.0,0.0,0.0,2.7e-44,0.0,0.0,0.0,5.0864308434997785,15.636517906249948
1962,5421.217,11.240151064414855,0.4003874361515045,10.550420276254767,10.550420276254767,0.0,0.0,0.0,0.0,1.7e-44,0.0,0.0,0.0,5.067248685341005,15.617668961595772
1963,5422.467,11.308827587369915,0.38276931643486023,10.550754075494863,10.550754075494863,0.0,0.0,0.0,0.0,1e-44,0.0,0.0,0.0,5.052372745271687,15.603126820766551
1964,5423.714,11.497111655294631,0.38414454460144043,10.55108702624408,10.55108702624408,0.0,0.0,0.0,0.0,7e-45,0.0,0.0,0.0,5.05302681821611,15.60411384446019
1965,5424.965,11.655472912647184,0.3791079819202423,10.551420953555137,10.551420953555137,0.0,0.0,0.0,0.0,3e-45,0.0,0.0,0.0,5.0374954558830884,15.588916409438227
1966,5426.2134,10.656581323241713,0.3772349953651428,10.55175416293904,10.55175416293904,0.0,0.0,0.0,0.0,3e-45,0.0,0.0,0.0,5.011746008301254,15.563500171240296
1967,5427.461,11.130857634139764,0.3735804557800293,10.552087045633828,10.552087045633828,0.0,0.0,0.0,0.0,3e-45,0.0,0.0,0.0,5.00258810560633,15.554675151240158
1968,5428.7124,11.08746957478104,0.37515389919281006,10.55242090430271,10.55242090430271,0.0,0.0,0.0,0.0,0.0,0.0,0.0,0.0,4.965438368944548,15.517859273247257
1969,5429.9624,11.147090317644619,0.3726702928543091,10.5527543059102,10.5527543059102,0.0,0.0,0.0,0.0,0.0,0.0,0.0,0.0,4.9086557608465915,15.461410066756791
1970,5431.214,11.145877871034092,0.37138861417770386,10.55308803189479,10.55308803189479,0.0,0.0,0.0,0.0,0.0,0.0,0.0,0.0,4.882469144346767,15.435557176241556
1971,5432.4634,10.592862010030206,0.37102773785591125,10.553421170859805,10.553421170859805,0.0,0.0,0.0,0.0,0.0,0.0,0.0,0.0,4.859953999491277,15.413375170351081
1972,5433.716,10.500200841973943,0.3730584383010864,10.553755024588698,10.553755024588698,0.0,0.0,0.0,0.0,0.0,0.0,0.0,0.0,4.847530748297053,15.40128577288575
1973,5434.9663,9.715990710183462,0.4042133092880249,10.554088291458307,10.554088291458307,0.0,0.0,0.0,0.0,0.0,0.0,0.0,0.0,4.878238987997691,15.432327279455997
1974,5436.217,10.482699861127,0.500896155834198,10.55442149217829,10.55442149217829,0.0,0.0,0.0,0.0,0.0,0.0,0.0,0.0,4.93694640199556,15.491367894173852
1975,5437.4697,10.016098279732681,0.5684220790863037,10.55475527711178,10.55475527711178,0.0,0.0,0.0,0.0,0.0,0.0,0.0,0.0,5.018254022818588,15.57300929993037
1976,5438.7207,9.287271797919077,0.5233088731765747,10.555088475529631,10.555088475529631,0.0,0.0,0.0,0.0,0.0,0.0,0.0,0.0,5.121898352837759,15.67698682836739
1977,5439.975,10.624887872515732,0.49103066325187683,10.555422517938288,10.555422517938288,0.0,0.0,0.0,0.0,0.0,0.0,0.0,0.0,5.1879859678163,15.743408485754589
1978,5441.227,10.876321421206367,0.4412384331226349,10.555755843950436,10.555755843950436,0.0,0.0,0.0,0.0,0.0,0.0,0.0,0.0,5.203125371396172,15.758881215346609
1979,5442.4814,10.233997329639434,0.47004568576812744,10.556089753618016,10.556089753618016,0.0,0.0,0.0,0.0,0.0,0.0,0.0,0.0,5.1869831238517765,15.743072877469793
1980,5443.7334,10.198157176098373,0.47167953848838806,10.556422947204265,10.556422947204265,0.0,0.0,0.0,0.0,0.0,0.0,0.0,0.0,5.114493504443618,15.670916451647884
1981,5444.986,10.834993487887353,0.43509775400161743,10.556756204596612,10.556756204596612,0.0,0.0,0.0,0.0,0.0,0.0,0.0,0.0,5.0417231258821795,15.598479330478792
1982,5446.2417,11.281721312632897,0.3944746255874634,10.557090305063246,10.557090305063246,0.0,0.0,0.0,0.0,0.0,0.0,0.0,0.0,4.968650620350503,15.52574092541375
1983,5447.4946,11.043591504529761,0.37434422969818115,10.55742355990566,10.55742355990566,0.0,0.0,0.0,0.0,0.0,0.0,0.0,0.0,4.920082087084007,15.477505646989666
1984,5448.751,11.088651330589613,0.37505531311035156,10.557757657466292,10.557757657466292,0.0,0.0,0.0,0.0,0.0,0.0,0.0,0.0,4.928783743262927,15.48654140072922
1985,5450.0044,11.81412209476532,0.3819674253463745,10.558090909717635,10.558090909717635,0.0,0.0,0.0,0.0,0.0,0.0,0.0,0.0,4.954630956992492,15.512721866710127
1986,5451.261,10.73288092331161,0.37289756536483765,10.558425004331312,10.558425004331312,0.0,0.0,0.0,0.0,0.0,0.0,0.0,0.0,4.966389325101476,15.524814329432788
1987,5452.515,10.296052206996244,0.38072705268859863,10.55875825395051,10.55875825395051,0.0,0.0,0.0,0.0,0.0,0.0,0.0,0.0,4.931288491245943,15.490046745196452
1988,5453.7695,10.719723244428149,0.3746945559978485,10.559091567187656,10.559091567187656,0.0,0.0,0.0,0.0,0.0,0.0,0.0,0.0,4.898938636065016,15.458030203252672
1989,5455.0273,10.746575166101424,0.3768894374370575,10.559425722228035,10.559425722228035,0.0,0.0,0.0,0.0,0.0,0.0,0.0,0.0,4.88585681784633,15.445282540074365
1990,5456.282,11.4093131699719,0.38205891847610474,10.559759032719974,10.559759032719974,0.0,0.0,0.0,0.0,0.0,0.0,0.0,0.0,4.904588731273217,15.46434776399319
1991,5457.54,10.451824703099302,0.36844974756240845,10.560093055005538,10.560093055005538,0.0,0.0,0.0,0.0,0.0,0.0,0.0,0.0,4.9286102868298975,15.488703341835436
1992,5458.7954,10.818285375331817,0.37583228945732117,10.560426362737092,10.560426362737092,0.0,0.0,0.0,0.0,0.0,0.0,0.0,0.0,4.960132211948457,15.520558574685548
1993,5460.0547,10.918303998117308,0.3881148099899292,10.56076064116381,10.56076064116381,0.0,0.0,0.0,0.0,0.0,0.0,0.0,0.0,4.990950075979372,15.551710717143182
1994,5461.3105,10.615363904739574,0.3904557228088379,10.561093946042677,10.561093946042677,0.0,0.0,0.0,0.0,0.0,0.0,0.0,0.0,4.983406236861989,15.544500182904667
1995,5462.567,10.866485739595227,0.3853691816329956,10.561427314351912,10.561427314351912,0.0,0.0,0.0,0.0,0.0,0.0,0.0,0.0,4.972200249784656,15.533627564136568
1996,5463.8267,10.464450260466519,0.3818533420562744,10.561761523195464,10.561761523195464,0.0,0.0,0.0,0.0,0.0,0.0,0.0,0.0,4.9718719517527195,15.533633474948184
1997,5465.0835,10.598039990582603,0.38556888699531555,10.562094888565097,10.562094888565097,0.0,0.0,0.0,0.0,0.0,0.0,0.0,0.0,4.974573725542886,15.536668614107983
1998,5466.3438,10.937208859495136,0.377338707447052,10.562429094114178,10.562429094114178,0.0,0.0,0.0,0.0,0.0,0.0,0.0,0.0,4.994339259096171,15.556768353210348
1999,5467.6016,10.941115819831984,0.3738672137260437,10.562762585951807,10.562762585951807,0.0,0.0,0.0,0.0,0.0,0.0,0.0,0.0,5.00949529466997,15.572257880621777
2000,5468.862,10.807548069451329,0.3802170157432556,10.563096658717651,10.563096658717651,0.0,0.0,0.0,0.0,0.0,0.0,0.0,0.0,5.004594302680019,15.56769096139767
2001,5470.12,10.907711477705071,0.38643157482147217,10.56343014748296,10.56343014748296,0.0,0.0,0.0,0.0,0.0,0.0,0.0,0.0,4.9921145720996165,15.555544719582576
2002,5471.379,10.907196994846279,0.3762733042240143,10.563763699440265,10.563763699440265,0.0,0.0,0.0,0.0,0.0,0.0,0.0,0.0,4.960888866359776,15.524652565800041
2003,5472.6406,10.72189606906526,0.37017014622688293,10.564097961268148,10.564097961268148,0.0,0.0,0.0,0.0,0.0,0.0,0.0,0.0,4.919309718593431,15.483407679861578
2004,5473.8994,10.938852411403587,0.36836081743240356,10.564431380695517,10.564431380695517,0.0,0.0,0.0,0.0,0.0,0.0,0.0,0.0,4.863788503513405,15.428219884208922
2005,5475.1616,10.879019527833316,0.3781004250049591,10.564765639036029,10.564765639036029,0.0,0.0,0.0,0.0,0.0,0.0,0.0,0.0,4.813774318297055,15.378539957333084
2006,5476.421,10.46131499974106,0.3900914192199707,10.565099055289856,10.565099055289856,0.0,0.0,0.0,0.0,0.0,0.0,0.0,0.0,4.787447130996246,15.352546186286101
2007,5477.684,10.347015565317518,0.39801791310310364,10.565433439345414,10.565433439345414,0.0,0.0,0.0,0.0,0.0,0.0,0.0,0.0,4.788905912953966,15.35433935229938
2008,5478.9443,10.752565170111566,0.38471347093582153,10.565766981576692,10.565766981576692,0.0,0.0,0.0,0.0,0.0,0.0,0.0,0.0,4.796354507622809,15.3621214891995
2009,5480.2046,10.77703757736809,0.37082818150520325,10.566100457622218,10.566100457622218,0.0,0.0,0.0,0.0,0.0,0.0,0.0,0.0,4.832213444970778,15.398313902592996
2010,5481.4683,10.282796585160145,0.36214226484298706,10.566434771670398,10.566434771670398,0.0,0.0,0.0,0.0,0.0,0.0,0.0,0.0,4.879151618880383,15.44558639055078
2011,5482.7295,10.533846758824987,0.36343997716903687,10.566768373530262,10.566768373530262,0.0,0.0,0.0,0.0,0.0,0.0,0.0,0.0,4.922715283411341,15.489483656941603
2012,5483.9937,10.5987805027208,0.3657493591308594,10.567102683873365,10.567102683873365,0.0,0.0,0.0,0.0,0.0,0.0,0.0,0.0,4.963434348658595,15.53053703253196
2013,5485.255,9.85834259719903,0.3571767210960388,10.567436153201621,10.567436153201621,0.0,0.0,0.0,0.0,0.0,0.0,0.0,0.0,4.9841886070246035,15.551624760226225
2014,5486.52,11.037191074263248,0.36930158734321594,10.567770588888388,10.567770588888388,0.0,0.0,0.0,0.0,0.0,0.0,0.0,0.0,4.984239894975034,15.552010483863423
2015,5487.782,10.962006692286828,0.3718830645084381,10.568104183822415,10.568104183822415,0.0,0.0,0.0,0.0,0.0,0.0,0.0,0.0,4.989758368137976,15.55786255196039
2016,5489.045,11.219271345452814,0.3792121708393097,10.56843784157627,10.56843784157627,0.0,0.0,0.0,0.0,0.0,0.0,0.0,0.0,4.997218446417303,15.565656287993573
2017,5490.3105,11.261755404364926,0.3754063546657562,10.568772207032573,10.568772207032573,0.0,0.0,0.0,0.0,0.0,0.0,0.0,0.0,5.002729001152652,15.571501208185225
2018,5491.5737,10.933512116173693,0.36942508816719055,10.569105861192124,10.569105861192124,0.0,0.0,0.0,0.0,0.0,0.0,0.0,0.0,5.016918753882459,15.586024615074583
2019,5492.84,11.076296284266487,0.3635571599006653,10.569440222752263,10.569440222752263,0.0,0.0,0.0,0.0,0.0,0.0,0.0,0.0,5.028085277012811,15.597525499765073
2020,5494.104,11.750147046960825,0.3757098913192749,10.569774002186916,10.569774002186916,0.0,0.0,0.0,0.0,0.0,0.0,0.0,0.0,5.027248201452261,15.597022203639177
2021,5495.3706,11.093967707740049,0.38275519013404846,10.570108359785468,10.570108359785468,0.0,0.0,0.0,0.0,0.0,0.0,0.0,0.0,5.021932331932803,15.592040691718271
2022,5496.635,10.873211483927165,0.39272546768188477,10.570442006611053,10.570442006611053,0.0,0.0,0.0,0.0,0.0,0.0,0.0,0.0,5.031247515706624,15.601689522317677
2023,5497.902,10.747171615101422,0.3799622058868408,10.570776360233937,10.570776360233937,0.0,0.0,0.0,0.0,0.0,0.0,0.0,0.0,5.033295418284809,15.604071778518747
2024,5499.167,10.779098359848376,0.3689241409301758,10.57111013215251,10.57111013215251,0.0,0.0,0.0,0.0,0.0,0.0,0.0,0.0,5.019640119765881,15.59075025191839
2025,5500.432,11.241303764844641,0.36564964056015015,10.57144383782765,10.57144383782765,0.0,0.0,0.0,0.0,0.0,0.0,0.0,0.0,5.008042014574304,15.579485852401953
2026,5501.7,11.164723434774364,0.36513686180114746,10.571778249822547,10.571778249822547,0.0,0.0,0.0,0.0,0.0,0.0,0.0,0.0,5.000369033487354,15.572147283309901
2027,5502.9663,11.358247573630731,0.37047624588012695,10.572112080403143,10.572112080403143,0.0,0.0,0.0,0.0,0.0,0.0,0.0,0.0,4.967642013771612,15.539754094174754
2028,5504.235,11.345770748426405,0.3880876898765564,10.572446488246506,10.572446488246506,0.0,0.0,0.0,0.0,0.0,0.0,0.0,0.0,4.942265598009142,15.514712086255647
2029,5505.5015,11.287666336726879,0.3586792051792145,10.572780314885998,10.572780314885998,0.0,0.0,0.0,0.0,0.0,0.0,0.0,0.0,4.934349044132496,15.507129359018494
2030,5506.771,10.94527713436248,0.3628581464290619,10.573114847191825,10.573114847191825,0.0,0.0,0.0,0.0,0.0,0.0,0.0,0.0,4.936244090613107,15.509358937804931
2031,5508.0376,10.4442456028403,0.3593979775905609,10.57344854119717,10.57344854119717,0.0,0.0,0.0,0.0,0.0,0.0,0.0,0.0,4.926210139042023,15.499658680239193
2032,5509.3047,10.895873392916123,0.36303994059562683,10.573782297607071,10.573782297607071,0.0,0.0,0.0,0.0,0.0,0.0,0.0,0.0,4.924421940946183,15.498204238553253
2033,5510.5747,10.262394563056997,0.3673681914806366,10.574116759257725,10.574116759257725,0.0,0.0,0.0,0.0,0.0,0.0,0.0,0.0,4.91542564263148,15.489542401889207
2034,5511.843,10.714272064093649,0.36976099014282227,10.574450640204567,10.574450640204567,0.0,0.0,0.0,0.0,0.0,0.0,0.0,0.0,4.886250930901468,15.460701571106036
2035,5513.114,11.097574609483466,0.36599865555763245,10.574785226040383,10.574785226040383,0.0,0.0,0.0,0.0,0.0,0.0,0.0,0.0,4.889565092359796,15.464350318400179
2036,5514.3823,10.658830529991386,0.3621521294116974,10.575119102831314,10.575119102831314,0.0,0.0,0.0,0.0,0.0,0.0,0.0,0.0,4.911198728736641,15.486317831567955
2037,5515.654,10.391492723292966,0.3631996214389801,10.575453684210649,10.575453684210649,0.0,0.0,0.0,0.0,0.0,0.0,0.0,0.0,4.9677172910502945,15.543170975260942
2038,5516.9233,11.239703045039333,0.37055522203445435,10.575787685255547,10.575787685255547,0.0,0.0,0.0,0.0,0.0,0.0,0.0,0.0,5.036961688847386,15.612749374102933
2039,5518.192,10.36687201154959,0.3746335804462433,10.576121363147967,10.576121363147967,0.0,0.0,0.0,0.0,0.0,0.0,0.0,0.0,5.093740285508515,15.669861648656482
2040,5519.4644,11.110472876004582,0.38285937905311584,10.576456002051277,10.576456002051277,0.0,0.0,0.0,0.0,0.0,0.0,0.0,0.0,5.140999597139948,15.717455599191226
2041,5520.7344,11.285710759430557,0.3765047788619995,10.576789932536961,10.576789932536961,0.0,0.0,0.0,0.0,0.0,0.0,0.0,0.0,5.1637235209649495,15.740513453501912
2042,5522.007,10.619401838401,0.3567401170730591,10.577124438487777,10.577124438487777,0.0,0.0,0.0,0.0,0.0,0.0,0.0,0.0,5.156014535805543,15.73313897429332
2043,5523.278,10.668561684573557,0.35892122983932495,10.57745849297634,10.57745849297634,0.0,0.0,0.0,0.0,0.0,0.0,0.0,0.0,5.123900664364431,15.701359157340772
2044,5524.5513,10.512885141737353,0.35279497504234314,10.577793122629993,10.577793122629993,0.0,0.0,0.0,0.0,0.0,0.0,0.0,0.0,5.08269495927583,15.660488081905823
2045,5525.822,11.312736102273774,0.3565329909324646,10.578126916117332,10.578126916117332,0.0,0.0,0.0,0.0,0.0,0.0,0.0,0.0,5.018700054952789,15.596826971070122
2046,5527.0933,11.21889190337404,0.36565083265304565,10.57846089988713,10.57846089988713,0.0,0.0,0.0,0.0,0.0,0.0,0.0,0.0,4.974330142524397,15.552791042411528
2047,5528.368,10.888056385592845,0.35928064584732056,10.578795714913817,10.578795714913817,0.0,0.0,0.0,0.0,0.0,0.0,0.0,0.0,4.951283824368092,15.530079539281909
2048,5529.6396,11.23497408238996,0.36578312516212463,10.579129565971016,10.579129565971016,0.0,0.0,0.0,0.0,0.0,0.0,0.0,0.0,4.960750404914726,15.539879970885742
2049,5530.9146,11.548305936576691,0.3670361042022705,10.579464247985426,10.579464247985426,0.0,0.0,0.0,0.0,0.0,0.0,0.0,0.0,4.996552995918426,15.576017243903852
2050,5532.188,10.2969837112265,0.3537220060825348,10.579798479017287,10.579798479017287,0.0,0.0,0.0,0.0,0.0,0.0,0.0,0.0,5.0175523834390265,15.597350862456313
2051,5533.4634,11.110950302124628,0.3572431802749634,10.58013315614943,10.58013315614943,0.0,0.0,0.0,0.0,0.0,0.0,0.0,0.0,5.03764169311463,15.617774849264059
2052,5534.737,10.99093171446217,0.3536314070224762,10.580467254365521,10.580467254365521,0.0,0.0,0.0,0.0,0.0,0.0,0.0,0.0,5.064415728164784,15.644882982530305
2053,5536.01,10.920795651486973,0.3694622218608856,10.580801158200284,10.580801158200284,0.0,0.0,0.0,0.0,0.0,0.0,0.0,0.0,5.084640292116543,15.665441450316827
2054,5537.286,11.171413018871778,0.365385502576828,10.581135892091021,10.581135892091021,0.0,0.0,0.0,0.0,0.0,0.0,0.0,0.0,5.108019277881152,15.689155169972175
2055,5538.5605,11.076895738719047,0.3678918480873108,10.581470047354651,10.581470047354651,0.0,0.0,0.0,0.0,0.0,0.0,0.0,0.0,5.142888044239937,15.724358091594588
2056,5539.8374,11.488406104989028,0.37428292632102966,10.581804776241073,10.581804776241073,0.0,0.0,0.0,0.0,0.0,0.0,0.0,0.0,5.145995216422104,15.727799992663178
2057,5541.112,10.913645884336326,0.36112502217292786,10.582138798744776,10.582138798744776,0.0,0.0,0.0,0.0,0.0,0.0,0.0,0.0,5.1565331012593765,15.738671900004153
2058,5542.3896,11.162203742804177,0.35762926936149597,10.582473650553641,10.582473650553641,0.0,0.0,0.0,0.0,0.0,0.0,0.0,0.0,5.1671438676694565,15.749617518223097
2059,5543.6646,11.177537345580166,0.3620463013648987,10.582807668274931,10.582807668274931,0.0,0.0,0.0,0.0,0.0,0.0,0.0,0.0,5.17200908691495,15.754816755189882
2060,5544.94,10.959702635858243,0.36015966534614563,10.583141747617555,10.583141747617555,0.0,0.0,0.0,0.0,0.0,0.0,0.0,0.0,5.176745270635897,15.759887018253451
2061,5546.2188,11.033457583995755,0.3485379219055176,10.58347665571559,10.58347665571559,0.0,0.0,0.0,0.0,0.0,0.0,0.0,0.0,5.194255047229831,15.77773170294542
2062,5547.494,10.208592774298685,0.34740957617759705,10.583810602328922,10.583810602328922,0.0,0.0,0.0,0.0,0.0,0.0,0.0,0.0,5.228319762322409,15.812130364651331
2063,5548.7734,10.847276631753601,0.34932374954223633,10.584145505211843,10.584145505211843,0.0,0.0,0.0,0.0,0.0,0.0,0.0,0.0,5.242351587850892,15.826497093062734
2064,5550.0503,11.227905472370566,0.3545956313610077,10.584479702546716,10.584479702546716,0.0,0.0,0.0,0.0,0.0,0.0,0.0,0.0,5.257730285075723,15.84220998762244
2065,5551.33,10.934003906746904,0.3558027148246765,10.584814600125403,10.584814600125403,0.0,0.0,0.0,0.0,0.0,0.0,0.0,0.0,5.267528457144698,15.852343057270101
2066,5552.607,10.757780701241751,0.35189905762672424,10.585148664679561,10.585148664679561,0.0,0.0,0.0,0.0,0.0,0.0,0.0,0.0,5.250707000174264,15.835855664853826
2067,5553.8843,11.133172975736485,0.3441593647003174,10.585482790673414,10.585482790673414,0.0,0.0,0.0,0.0,0.0,0.0,0.0,0.0,5.222076429170742,15.807559219844155
2068,5555.165,11.246075713745967,0.3511030077934265,10.585817744175067,10.585817744175067,0.0,0.0,0.0,0.0,0.0,0.0,0.0,0.0,5.203862106688605,15.78967985086367
2069,5556.4434,11.664965402115385,0.3568185567855835,10.586151992753368,10.586151992753368,0.0,0.0,0.0,0.0,0.0,0.0,0.0,0.0,5.174391973983249,15.760543966736616
2070,5557.7246,11.536693189994738,0.3615761697292328,10.586486940804603,10.586486940804603,0.0,0.0,0.0,0.0,0.0,0.0,0.0,0.0,5.172193910224989,15.758680851029592
2071,5559.003,11.158450957985945,0.3640834391117096,10.586821056582624,10.586821056582624,0.0,0.0,0.0,0.0,0.0,0.0,0.0,0.0,5.174829605368548,15.761650661951172
2072,5560.2847,11.026141388462666,0.3469136953353882,10.587155999170797,10.587155999170797,0.0,0.0,0.0,0.0,0.0,0.0,0.0,0.0,5.150536315394757,15.737692314565553
2073,5561.5645,11.098329365888748,0.3453604578971863,10.587490364914617,10.587490364914617,0.0,0.0,0.0,0.0,0.0,0.0,0.0,0.0,5.126842676957932,15.71433304187255
2074,5562.8433,10.995488639049285,0.34833505749702454,10.587824409214239,10.587824409214239,0.0,0.0,0.0,0.0,0.0,0.0,0.0,0.0,5.101145272083529,15.688969681297767
2075,5564.1265,11.168121426038326,0.3483119010925293,10.588159534843715,10.588159534843715,0.0,0.0,0.0,0.0,0.0,0.0,0.0,0.0,5.071338565416752,15.659498100260468
2076,5565.4062,11.287530680644467,0.35197803378105164,10.588493701416848,10.588493701416848,0.0,0.0,0.0,0.0,0.0,0.0,0.0,0.0,5.056946019184634,15.645439720601482
2077,5566.6895,11.06964886640494,0.3525443375110626,10.588828693903842,10.588828693903842,0.0,0.0,0.0,0.0,0.0,0.0,0.0,0.0,5.054052229176114,15.642880923079957
2078,5567.97,10.977877753508206,0.34999990463256836,10.589162982611164,10.589162982611164,0.0,0.0,0.0,0.0,0.0,0.0,0.0,0.0,5.041174751984958,15.630337734596122
2079,5569.2544,11.232377101249432,0.3481372892856598,10.589498096833546,10.589498096833546,0.0,0.0,0.0,0.0,0.0,0.0,0.0,0.0,5.03408331745174,15.623581414285287
2080,5570.535,10.898105201999858,0.35152456164360046,10.589832252721475,10.589832252721475,0.0,0.0,0.0,0.0,0.0,0.0,0.0,0.0,5.055578651149555,15.645410903871031
2081,5571.8164,10.952223537733573,0.35051077604293823,10.590166469687485,10.590166469687485,0.0,0.0,0.0,0.0,0.0,0.0,0.0,0.0,5.070008517930489,15.660174987617975
2082,5573.1016,11.226736912632376,0.34876641631126404,10.59050163900348,10.59050163900348,0.0,0.0,0.0,0.0,0.0,0.0,0.0,0.0,5.07765685567817,15.668158494681649
2083,5574.384,10.67111253271792,0.3482617735862732,10.59083597780655,10.59083597780655,0.0,0.0,0.0,0.0,0.0,0.0,0.0,0.0,5.091230873959327,15.682066851765878
2084,5575.669,10.330168085647475,0.3486008048057556,10.591171013949205,10.591171013949205,0.0,0.0,0.0,0.0,0.0,0.0,0.0,0.0,5.118700665878403,15.709871679827607
2085,5576.9517,11.16646968069885,0.359982430934906,10.59150534719497,10.59150534719497,0.0,0.0,0.0,0.0,0.0,0.0,0.0,0.0,5.151912582484745,15.743417929679715
2086,5578.238,10.879585050402401,0.35145899653434753,10.591840504713481,10.591840504713481,0.0,0.0,0.0,0.0,0.0,0.0,0.0,0.0,5.157095171155217,15.748935675868697
2087,5579.521,10.831442229968328,0.3472738265991211,10.592174832339001,10.592174832339001,0.0,0.0,0.0,0.0,0.0,0.0,0.0,0.0,5.141678459423761,15.733853291762763
2088,5580.8047,10.816877494934504,0.34301474690437317,10.592509220812143,10.592509220812143,0.0,0.0,0.0,0.0,0.0,0.0,0.0,0.0,5.12962805163532,15.722137272447464
2089,5582.092,11.334195522388052,0.34639301896095276,10.592844433011864,10.592844433011864,0.0,0.0,0.0,0.0,0.0,0.0,0.0,0.0,5.100168796459604,15.693013229471468
2090,5583.3755,11.756629529067117,0.3475435972213745,10.593178688628711,10.593178688628711,0.0,0.0,0.0,0.0,0.0,0.0,0.0,0.0,5.045305666855734,15.638484355484445
2091,5584.663,11.252991448783227,0.34147003293037415,10.59351389477936,10.59351389477936,0.0,0.0,0.0,0.0,0.0,0.0,0.0,0.0,4.974379767037084,15.567893661816445
2092,5585.948,10.961431082996146,0.33623528480529785,10.593848398864477,10.593848398864477,0.0,0.0,0.0,0.0,0.0,0.0,0.0,0.0,4.881273689953072,15.47512208881755
2093,5587.2363,11.239218290667322,0.3407490849494934,10.594183598878159,10.594183598878159,0.0,0.0,0.0,0.0,0.0,0.0,0.0,0.0,4.830022279401037,15.424205878279196
2094,5588.5215,10.623750215306398,0.3379271626472473,10.594517970057327,10.594517970057327,0.0,0.0,0.0,0.0,0.0,0.0,0.0,0.0,4.807178014979248,15.401695985036575
2095,5589.807,10.64662827166148,0.33447086811065674,10.594852401904772,10.594852401904772,0.0,0.0,0.0,0.0,0.0,0.0,0.0,0.0,4.807249177374165,15.402101579278938
2096,5591.096,10.851072138156919,0.33658820390701294,10.59518765623937,10.59518765623937,0.0,0.0,0.0,0.0,0.0,0.0,0.0,0.0,4.837240392360658,15.432428048600027
2097,5592.383,10.198425056563643,0.34422168135643005,10.59552220913061,10.59552220913061,0.0,0.0,0.0,0.0,0.0,0.0,0.0,0.0,4.87480282582161,15.470325034952221
2098,5593.672,10.691674122591055,0.3419259488582611,10.595857330257518,10.595857330257518,0.0,0.0,0.0,0.0,0.0,0.0,0.0,0.0,4.928093066434824,15.523950396692342
2099,5594.9585,10.287803653869041,0.33426979184150696,10.596191750250378,10.596191750250378,0.0,0.0,0.0,0.0,0.0,0.0,0.0,0.0,4.966780658569923,15.5629724088203
2100,5596.2485,10.778090544997905,0.33402007818222046,10.596526992037393,10.596526992037393,0.0,0.0,0.0,0.0,0.0,0.0,0.0,0.0,4.977367333114887,15.573894325152281
2101,5597.5366,10.666684418350766,0.3331064283847809,10.596861659750287,10.596861659750287,0.0,0.0,0.0,0.0,0.0,0.0,0.0,0.0,4.982488364547183,15.579350024297469
2102,5598.827,10.364626898927742,0.3344435393810272,10.597196895157463,10.597196895157463,0.0,0.0,0.0,0.0,0.0,0.0,0.0,0.0,4.968137726621574,15.565334621779037
2103,5600.115,10.895301651284797,0.33868852257728577,10.597531429897701,10.597531429897701,0.0,0.0,0.0,0.0,0.0,0.0,0.0,0.0,4.939058471395867,15.536589901293569
2104,5601.4033,10.156975128569881,0.33840009570121765,10.59786589825727,10.59786589825727,0.0,0.0,0.0,0.0,0.0,0.0,0.0,0.0,4.946292541107853,15.544158439365123
2105,5602.695,10.707159905783007,0.3359793424606323,10.598201187520587,10.598201187520587,0.0,0.0,0.0,0.0,0.0,0.0,0.0,0.0,4.991042227395704,15.589243414916291
2106,5603.984,10.334823006672096,0.33300164341926575,10.598535776479498,10.598535776479498,0.0,0.0,0.0,0.0,0.0,0.0,0.0,0.0,5.052498465495872,15.65103424197537
2107,5605.2764,10.154936555692856,0.3436744511127472,10.598871185945924,10.598871185945924,0.0,0.0,0.0,0.0,0.0,0.0,0.0,0.0,5.12999271981984,15.728863905765763
2108,5606.566,10.486846520195792,0.3489871323108673,10.599205768640871,10.599205768640871,0.0,0.0,0.0,0.0,0.0,0.0,0.0,0.0,5.200206206549813,15.799411975190685
2109,5607.859,10.456747802752279,0.33646562695503235,10.599541171497622,10.599541171497622,0.0,0.0,0.0,0.0,0.0,0.0,0.0,0.0,5.243529525738933,15.843070697236556
2110,5609.1484,10.534607996040963,0.33349817991256714,10.59987562126673,10.59987562126673,0.0,0.0,0.0,0.0,0.0,0.0,0.0,0.0,5.264676938956596,15.864552560223325
2111,5610.439,11.01358554885543,0.34589889645576477,10.600210257903292,10.600210257903292,0.0,0.0,0.0,0.0,0.0,0.0,0.0,0.0,5.256794471286172,15.857004729189464
2112,5611.733,11.708595259369883,0.35262373089790344,10.600545714158482,10.600545714158482,0.0,0.0,0.0,0.0,0.0,0.0,0.0,0.0,5.220628754912344,15.821174469070826
2113,5613.024,11.43217495716982,0.3530884087085724,10.600880344388644,10.600880344388644,0.0,0.0,0.0,0.0,0.0,0.0,0.0,0.0,5.1706673737627975,15.771547718151442
2114,5614.3184,10.786709121959712,0.34912824630737305,10.601215793892129,10.601215793892129,0.0,0.0,0.0,0.0,0.0,0.0,0.0,0.0,5.095883079273198,15.697098873165327
2115,5615.6094,11.060123193930888,0.3518105149269104,10.60155029117988,10.60155029117988,0.0,0.0,0.0,0.0,0.0,0.0,0.0,0.0,5.039119970131613,15.640670261311492
2116,5616.905,11.522059314374346,0.3463813364505768,10.6018858603944,10.6018858603944,0.0,0.0,0.0,0.0,0.0,0.0,0.0,0.0,5.004597790117841,15.606483650512242
2117,5618.197,11.534563492774428,0.34058529138565063,10.602220477701636,10.602220477701636,0.0,0.0,0.0,0.0,0.0,0.0,0.0,0.0,5.007699538231431,15.609920015933067
2118,5619.4893,11.226389753909242,0.33599764108657837,10.602555155048737,10.602555155048737,0.0,0.0,0.0,0.0,0.0,0.0,0.0,0.0,5.031481873898376,15.634037028947112
2119,5620.785,10.707891081376554,0.3341185450553894,10.602890650781742,10.602890650781742,0.0,0.0,0.0,0.0,0.0,0.0,0.0,0.0,5.05341282029581,15.656303471077551
2120,5622.078,10.47005589192975,0.329874187707901,10.603225321543901,10.603225321543901,0.0,0.0,0.0,0.0,0.0,0.0,0.0,0.0,5.036583588661071,15.639808910204973
2121,5623.375,10.819120682708412,0.33410128951072693,10.60356093669582,10.60356093669582,0.0,0.0,0.0,0.0,0.0,0.0,0.0,0.0,5.03857680416903,15.64213774086485
2122,5624.6685,11.192106370074256,0.3489247262477875,10.603895600811466,10.603895600811466,0.0,0.0,0.0,0.0,0.0,0.0,0.0,0.0,5.030677672284142,15.634573273095608
2123,5625.9653,10.962657687300668,0.3466435372829437,10.604231082623727,10.604231082623727,0.0,0.0,0.0,0.0,0.0,0.0,0.0,0.0,5.033465626603141,15.637696709226867
2124,5627.2593,10.644506521520178,0.33020034432411194,10.604565740081483,10.604565740081483,0.0,0.0,0.0,0.0,0.0,0.0,0.0,0.0,5.072366647425135,15.676932387506618
2125,5628.5537,10.71239515329233,0.3332391679286957,10.604900457402177,10.604900457402177,0.0,0.0,0.0,0.0,0.0,0.0,0.0,0.0,5.120677509061184,15.725577966463362
2126,5629.852,10.829564868985035,0.33361494541168213,10.60523611810125,10.60523611810125,0.0,0.0,0.0,0.0,0.0,0.0,0.0,0.0,5.164694011630201,15.76993012973145
2127,5631.1475,10.801045480608307,0.33421093225479126,10.60557095483235,10.60557095483235,0.0,0.0,0.0,0.0,0.0,0.0,0.0,0.0,5.178906377912201,15.784477332744551
2128,5632.446,11.372009490027853,0.3374865651130676,10.605906482151342,10.605906482151342,0.0,0.0,0.0,0.0,0.0,0.0,0.0,0.0,5.17934968660789,15.785256168759233
2129,5633.741,11.131748548778436,0.3355069160461426,10.606241185860414,10.606241185860414,0.0,0.0,0.0,0.0,0.0,0.0,0.0,0.0,5.164445527759649,15.770686713620062
2130,5635.0405,10.912302179629643,0.3317716717720032,10.606576832159432,10.606576832159432,0.0,0.0,0.0,0.0,0.0,0.0,0.0,0.0,5.129648046200435,15.736224878359867
2131,5636.337,10.959125781054295,0.33405911922454834,10.606911655106165,10.606911655106165,0.0,0.0,0.0,0.0,0.0,0.0,0.0,0.0,5.100322461133205,15.70723411623937
2132,5637.6333,10.952079682396407,0.3337097764015198,10.607246411616613,10.607246411616613,0.0,0.0,0.0,0.0,0.0,0.0,0.0,0.0,5.075376601172929,15.682623012789541
2133,5638.9336,10.857376263932426,0.3328165113925934,10.607582110101323,10.607582110101323,0.0,0.0,0.0,0.0,0.0,0.0,0.0,0.0,5.061694933577338,15.669277043678662
2134,5640.2305,11.206123470283899,0.3336484134197235,10.607916859647297,10.607916859647297,0.0,0.0,0.0,0.0,0.0,0.0,0.0,0.0,5.067558170341102,15.675475029988398
2135,5641.5312,10.483355740110344,0.3316391408443451,10.608252550773884,10.608252550773884,0.0,0.0,0.0,0.0,0.0,0.0,0.0,0.0,5.076122065980965,15.684374616754848
2136,5642.8296,10.521896038276513,0.3289988040924072,10.60858754526462,10.60858754526462,0.0,0.0,0.0,0.0,0.0,0.0,0.0,0.0,5.081529941337744,15.690117486602364
2137,5644.1304,11.012225792997139,0.3375259339809418,10.608923102999537,10.608923102999537,0.0,0.0,0.0,0.0,0.0,0.0,0.0,0.0,5.102186514742119,15.711109617741656
2138,5645.4287,10.942058279611174,0.3327072858810425,10.609257964406064,10.609257964406064,0.0,0.0,0.0,0.0,0.0,0.0,0.0,0.0,5.128753945730622,15.738011910136686
2139,5646.7275,10.394305165620736,0.3320675492286682,10.609592885273349,10.609592885273349,0.0,0.0,0.0,0.0,0.0,0.0,0.0,0.0,5.153262201932974,15.762855087206322
2140,5648.0293,10.771198481349197,0.332468718290329,10.609928494917877,10.609928494917877,0.0,0.0,0.0,0.0,0.0,0.0,0.0,0.0,5.160064488621506,15.769992983539384
2141,5649.3296,10.648172500084971,0.3620937764644623,10.610263660289881,10.610263660289881,0.0,0.0,0.0,0.0,0.0,0.0,0.0,0.0,5.172067520666981,15.782331180956863
2142,5650.6323,11.205258049981131,0.4443044662475586,10.610599388223505,10.610599388223505,0.0,0.0,0.0,0.0,0.0,0.0,0.0,0.0,5.1895840978460175,15.800183486069523
2143,5651.9326,11.55097561019718,0.40225091576576233,10.610934420396749,10.610934420396749,0.0,0.0,0.0,0.0,0.0,0.0,0.0,0.0,5.179413031160243,15.790347451556991
2144,5653.236,11.292913417945808,0.35183730721473694,10.611270140711316,10.611270140711316,0.0,0.0,0.0,0.0,0.0,0.0,0.0,0.0,5.156078357566888,15.767348498278203
2145,5654.536,11.197369890893105,0.3341803252696991,10.61160503977508,10.61160503977508,0.0,0.0,0.0,0.0,0.0,0.0,0.0,0.0,5.117930096899864,15.729535136674944
2146,5655.837,11.507036489483834,0.3346002399921417,10.611939998124388,10.611939998124388,0.0,0.0,0.0,0.0,0.0,0.0,0.0,0.0,5.068576532366752,15.68051653049114
2147,5657.141,10.873441844981581,0.32867398858070374,10.612275769898831,10.612275769898831,0.0,0.0,0.0,0.0,0.0,0.0,0.0,0.0,5.024769634205431,15.637045404104263
2148,5658.443,10.804996876277823,0.3281005024909973,10.612610846530417,10.612610846530417,0.0,0.0,0.0,0.0,0.0,0.0,0.0,0.0,4.997667880497079,15.610278727027495
2149,5659.7476,10.827504630649877,0.34374478459358215,10.612946610547045,10.612946610547045,0.0,0.0,0.0,0.0,0.0,0.0,0.0,0.0,4.972633842860866,15.58558045340791
2150,5661.05,10.479584847303052,0.3390524387359619,10.61328167967778,10.61328167967778,0.0,0.0,0.0,0.0,0.0,0.0,0.0,0.0,4.99243911662517,15.60572079630295
2151,5662.356,10.231127449101743,0.3266291320323944,10.61361768709673,10.61361768709673,0.0,0.0,0.0,0.0,0.0,0.0,0.0,0.0,5.027627281122866,15.641244968219596
2152,5663.658,10.425115784279134,0.3382507860660553,10.613952623068451,10.613952623068451,0.0,0.0,0.0,0.0,0.0,0.0,0.0,0.0,5.061591903098796,15.675544526167247
2153,5664.961,10.303283180769665,0.3389439582824707,10.614287618151044,10.614287618151044,0.0,0.0,0.0,0.0,0.0,0.0,0.0,0.0,5.089664969865102,15.703952588016147
2154,5666.2676,10.523550229454312,0.3261539340019226,10.614623550959058,10.614623550959058,0.0,0.0,0.0,0.0,0.0,0.0,0.0,0.0,5.111164850806919,15.725788401765977
2155,5667.571,10.785271111622416,0.3536989688873291,10.614958538452196,10.614958538452196,0.0,0.0,0.0,0.0,0.0,0.0,0.0,0.0,5.128156241282857,15.743114779735054
2156,5668.878,10.667687261420513,0.36266380548477173,10.615294463279014,10.615294463279014,0.0,0.0,0.0,0.0,0.0,0.0,0.0,0.0,5.153516924065327,15.768811387344341
2157,5670.182,10.491052947212022,0.3401218354701996,10.61562956859553,10.61562956859553,0.0,0.0,0.0,0.0,0.0,0.0,0.0,0.0,5.187907852958875,15.803537421554406
2158,5671.4897,10.981516858023252,0.34069234132766724,10.615965485381054,10.615965485381054,0.0,0.0,0.0,0.0,0.0,0.0,0.0,0.0,5.22584817798749,15.841813663368544
2159,5672.7944,10.40212817135902,0.33604347705841064,10.616300582962754,10.616300582962754,0.0,0.0,0.0,0.0,0.0,0.0,0.0,0.0,5.262589502896351,15.878890085859105
2160,5674.099,10.616788529418983,0.3286386728286743,10.616635614057989,10.616635614057989,0.0,0.0,0.0,0.0,0.0,0.0,0.0,0.0,5.283980704284631,15.900616318342621
2161,5675.408,11.114958117623237,0.3279004991054535,10.616971706832114,10.616971706832114,0.0,0.0,0.0,0.0,0.0,0.0,0.0,0.0,5.292871167044732,15.909842873876846
2162,5676.7134,11.15901601339624,0.3309187889099121,10.617306730139754,10.617306730139754,0.0,0.0,0.0,0.0,0.0,0.0,0.0,0.0,5.306121468293214,15.923428198432969
2163,5678.0225,10.957907297954996,0.33364227414131165,10.617642689386638,10.617642689386638,0.0,0.0,0.0,0.0,0.0,0.0,0.0,0.0,5.300502202167075,15.918144891553712
2164,5679.3286,11.098675181242692,0.32937780022621155,10.617977830170274,10.617977830170274,0.0,0.0,0.0,0.0,0.0,0.0,0.0,0.0,5.262857030061019,15.880834860231293
2165,5680.638,11.653141961073144,0.32957184314727783,10.618313781203517,10.618313781203517,0.0,0.0,0.0,0.0,0.0,0.0,0.0,0.0,5.22892095091416,15.847234732117677
2166,5681.9453,11.600240812567886,0.33077043294906616,10.618649039303676,10.618649039303676,0.0,0.0,0.0,0.0,0.0,0.0,0.0,0.0,5.20655240032274,15.825201439626415
2167,5683.2524,11.248087423375786,0.3242766857147217,10.618984230868378,10.618984230868378,0.0,0.0,0.0,0.0,0.0,0.0,0.0,0.0,5.161012155481635,15.779996386350014
2168,5684.563,11.056248013806474,0.3235314190387726,10.619320232146555,10.619320232146555,0.0,0.0,0.0,0.0,0.0,0.0,0.0,0.0,5.144181902575362,15.763502134721916
2169,5685.87,11.100786718777979,0.32233497500419617,10.619655290552037,10.619655290552037,0.0,0.0,0.0,0.0,0.0,0.0,0.0,0.0,5.132670846529639,15.752326137081678
2170,5687.1816,10.986939001915925,0.324689656496048,10.619991408629236,10.619991408629236,0.0,0.0,0.0,0.0,0.0,0.0,0.0,0.0,5.143126916052824,15.763118324682061
2171,5688.49,10.679966978328672,0.3232118487358093,10.62032670923934,10.62032670923934,0.0,0.0,0.0,0.0,0.0,0.0,0.0,0.0,5.171712823612247,15.792039532851586
2172,5689.802,10.757994947219956,0.3230823278427124,10.620662693757025,10.620662693757025,0.0,0.0,0.0,0.0,0.0,0.0,0.0,0.0,5.203286829208266,15.82394952296529
2173,5691.111,10.755313814526135,0.31890833377838135,10.620997986213169,10.620997986213169,0.0,0.0,0.0,0.0,0.0,0.0,0.0,0.0,5.256713925952381,15.87771191216555
2174,5692.42,10.423072521723086,0.3197440207004547,10.621333212134937,10.621333212134937,0.0,0.0,0.0,0.0,0.0,0.0,0.0,0.0,5.301303203069394,15.92263641520433
2175,5693.7324,10.279131720724457,0.3276185095310211,10.621669246553658,10.621669246553658,0.0,0.0,0.0,0.0,0.0,0.0,0.0,0.0,5.321405579385405,15.943074825939064
2176,5695.043,11.019377867262364,0.33614441752433777,10.622004714245318,10.622004714245318,0.0,0.0,0.0,0.0,0.0,0.0,0.0,0.0,5.309325059373379,15.931329773618696
2177,5696.356,11.246274550823488,0.34359636902809143,10.622340740092968,10.622340740092968,0.0,0.0,0.0,0.0,0.0,0.0,0.0,0.0,5.281904617877684,15.904245357970652
2178,5697.666,11.315290100427152,0.3481835424900055,10.622675949568023,10.622675949568023,0.0,0.0,0.0,0.0,0.0,0.0,0.0,0.0,5.239921920446871,15.862597870014895
2179,5698.98,11.165585553795239,0.34591567516326904,10.623012091760922,10.623012091760922,0.0,0.0,0.0,0.0,0.0,0.0,0.0,0.0,5.200219118445972,15.823231210206893
2180,5700.291,10.934632581532668,0.3329395353794098,10.623347417836984,10.623347417836984,0.0,0.0,0.0,0.0,0.0,0.0,0.0,0.0,5.15958471888237,15.782932136719353
2181,5701.6055,10.962610627745837,0.3202076554298401,10.623683551340337,10.623683551340337,0.0,0.0,0.0,0.0,0.0,0.0,0.0,0.0,5.124381636048108,15.748065187388445
2182,5702.9175,11.140295822672849,0.32556673884391785,10.624018993858868,10.624018993858868,0.0,0.0,0.0,0.0,0.0,0.0,0.0,0.0,5.103596847004885,15.727615840863754
2183,5704.2295,10.963829653486687,0.3195975422859192,10.624354369802393,10.624354369802393,0.0,0.0,0.0,0.0,0.0,0.0,0.0,0.0,5.068166119828742,15.692520489631136
2184,5705.5444,10.900429945212052,0.32199233770370483,10.624690427862006,10.624690427862006,0.0,0.0,0.0,0.0,0.0,0.0,0.0,0.0,5.029370088357284,15.65406051621929
2185,5706.857,10.918007234173514,0.32373788952827454,10.62502579534487,10.62502579534487,0.0,0.0,0.0,0.0,0.0,0.0,0.0,0.0,4.9878250564759,15.61285085182077
2186,5708.1733,10.966649332546353,0.3188154697418213,10.625362094108997,10.625362094108997,0.0,0.0,0.0,0.0,0.0,0.0,0.0,0.0,4.965611180759311,15.590973274868308
2187,5709.486,11.017340323488169,0.3164253830909729,10.625697328344597,10.625697328344597,0.0,0.0,0.0,0.0,0.0,0.0,0.0,0.0,4.9557221917706205,15.581419520115217
2188,5710.8027,10.67118120617197,0.31395721435546875,10.62603361820015,10.62603361820015,0.0,0.0,0.0,0.0,0.0,0.0,0.0,0.0,4.97829103046133,15.60432464866148
2189,5712.1167,10.149078552437626,0.30873483419418335,10.626369093237646,10.626369093237646,0.0,0.0,0.0,0.0,0.0,0.0,0.0,0.0,5.028753097342649,15.655122190580293
2190,5713.4307,10.324206012524087,0.3094903528690338,10.62670450170195,10.62670450170195,0.0,0.0,0.0,0.0,0.0,0.0,0.0,0.0,5.108269077502769,15.734973579204718
2191,5714.7485,10.376270375946302,0.3110518455505371,10.627040840451178,10.627040840451178,0.0,0.0,0.0,0.0,0.0,0.0,0.0,0.0,5.190972246429186,15.818013086880363
2192,5716.063,10.265683821477971,0.31607186794281006,10.62737624023587,10.62737624023587,0.0,0.0,0.0,0.0,0.0,0.0,0.0,0.0,5.261119195184627,15.888495435420497
2193,5717.381,10.698258965798093,0.32308951020240784,10.627712445362924,10.627712445362924,0.0,0.0,0.0,0.0,0.0,0.0,0.0,0.0,5.312799841574953,15.940512286937878
2194,5718.696,11.269175631749706,0.35363757610321045,10.628047836458608,10.628047836458608,0.0,0.0,0.0,0.0,0.0,0.0,0.0,0.0,5.353817837488576,15.981865673947183
2195,5720.0146,11.336267063330915,0.37965577840805054,10.62838415706268,10.62838415706268,0.0,0.0,0.0,0.0,0.0,0.0,0.0,0.0,5.397484233666154,16.025868390728835
2196,5721.3306,11.944275351820812,0.427282452583313,10.62871966389056,10.62871966389056,0.0,0.0,0.0,0.0,0.0,0.0,0.0,0.0,5.422236946763173,16.050956610653735
2197,5722.6475,12.52729984088021,0.428835391998291,10.629055353057893,10.629055353057893,0.0,0.0,0.0,0.0,0.0,0.0,0.0,0.0,5.440786401795572,16.069841754853464
2198,5723.967,12.466152757557701,0.4276527762413025,10.62939159773655,10.62939159773655,0.0,0.0,0.0,0.0,0.0,0.0,0.0,0.0,5.435132413951088,16.064524011687638
2199,5725.283,11.993524391643943,0.41002148389816284,10.629727029120442,10.629727029120442,0.0,0.0,0.0,0.0,0.0,0.0,0.0,0.0,5.421659629352151,16.051386658472595
2200,5726.6035,11.878905612986838,0.38647595047950745,10.63006338901842,10.63006338901842,0.0,0.0,0.0,0.0,0.0,0.0,0.0,0.0,5.404007595020976,16.034070984039396
2201,5727.921,11.430761011372542,0.33668696880340576,10.630398935876611,10.630398935876611,0.0,0.0,0.0,0.0,0.0,0.0,0.0,0.0,5.386778203715349,16.01717713959196
2202,5729.242,11.81384237347612,0.3318495750427246,10.63073541081188,10.63073541081188,0.0,0.0,0.0,0.0,0.0,0.0,0.0,0.0,5.365860385312943,15.996595796124822
2203,5730.5596,11.93179298775218,0.3241637349128723,10.631070824348392,10.631070824348392,0.0,0.0,0.0,0.0,0.0,0.0,0.0,0.0,5.374510036539812,16.0055808608882
2204,5731.878,11.639120183984613,0.32802557945251465,10.63140641993021,10.63140641993021,0.0,0.0,0.0,0.0,0.0,0.0,0.0,0.0,5.382491983373786,16.013898403303997
2205,5733.1997,11.486269100285849,0.33048349618911743,10.631742818726009,10.631742818726009,0.0,0.0,0.0,0.0,0.0,0.0,0.0,0.0,5.374843494318642,16.00658631304465
2206,5734.5186,10.84736256347599,0.3249891400337219,10.632078405217813,10.632078405217813,0.0,0.0,0.0,0.0,0.0,0.0,0.0,0.0,5.39280314697323,16.024881552191044
2207,5735.8413,11.725743914203651,0.34077295660972595,10.632414918794092,10.632414918794092,0.0,0.0,0.0,0.0,0.0,0.0,0.0,0.0,5.408565854473108,16.0409807732672
2208,5737.161,11.361273315118662,0.343183308839798,10.632750620321174,10.632750620321174,0.0,0.0,0.0,0.0,0.0,0.0,0.0,0.0,5.402699920965323,16.035450541286497
2209,5738.4834,11.127384377456469,0.3225400745868683,10.633086876019716,10.633086876019716,0.0,0.0,0.0,0.0,0.0,0.0,0.0,0.0,5.401628302597242,16.034715178616956
2210,5739.804,11.350162952747077,0.3212297558784485,10.633422692474465,10.633422692474465,0.0,0.0,0.0,0.0,0.0,0.0,0.0,0.0,5.402112514171868,16.035535206646333
2211,5741.124,11.153945263711734,0.3210735619068146,10.633758194045486,10.633758194045486,0.0,0.0,0.0,0.0,0.0,0.0,0.0,0.0,5.4017798339445156,16.03553802799
2212,5742.448,11.68039668083328,0.338332861661911,10.63409474584374,10.63409474584374,0.0,0.0,0.0,0.0,0.0,0.0,0.0,0.0,5.401087160109103,16.035181905952843
2213,5743.769,11.148935447767585,0.3374626934528351,10.63443036226754,10.63443036226754,0.0,0.0,0.0,0.0,0.0,0.0,0.0,0.0,5.407758582994133,16.042188945261675
2214,5745.0938,11.282432345649475,0.33487120270729065,10.634766904397827,10.634766904397827,0.0,0.0,0.0,0.0,0.0,0.0,0.0,0.0,5.402788372734315,16.037555277132142
2215,5746.4155,11.427842628703047,0.32534170150756836,10.635102635517764,10.635102635517764,0.0,0.0,0.0,0.0,0.0,0.0,0.0,0.0,5.377947318806719,16.013049954324483
2216,5747.74,11.106172346801927,0.3194141089916229,10.635439043935854,10.635439043935854,0.0,0.0,0.0,0.0,0.0,0.0,0.0,0.0,5.373518204955885,16.00895724889174
2217,5749.0625,10.995533849257122,0.31807395815849304,10.63577476565828,10.63577476565828,0.0,0.0,0.0,0.0,0.0,0.0,0.0,0.0,5.360987757188191,15.99676252284647
2218,5750.3853,11.273867719631346,0.313332200050354,10.636110544705678,10.636110544705678,0.0,0.0,0.0,0.0,0.0,0.0,0.0,0.0,5.347000963229982,15.98311150793566
2219,5751.7114,10.439761991728753,0.30756300687789917,10.636447124507907,10.636447124507907,0.0,0.0,0.0,0.0,0.0,0.0,0.0,0.0,5.340922479401618,15.977369603909525
2220,5753.0347,11.425970211180683,0.3225724995136261,10.63678289403404,10.63678289403404,0.0,0.0,0.0,0.0,0.0,0.0,0.0,0.0,5.348525867310528,15.985308761344568
2221,5754.361,11.642650545179034,0.35130712389945984,10.637119340115099,10.637119340115099,0.0,0.0,0.0,0.0,0.0,0.0,0.0,0.0,5.353477537096357,15.990596877211456
2222,5755.685,11.060809859834926,0.3654738962650299,10.637455223950063,10.637455223950063,0.0,0.0,0.0,0.0,0.0,0.0,0.0,0.0,5.358856430448277,15.99631165439834
2223,5757.0127,11.65366477474184,0.3854164779186249,10.637791907817531,10.637791907817531,0.0,0.0,0.0,0.0,0.0,0.0,0.0,0.0,5.371174626503278,16.00896653432081
2224,5758.3364,11.509470455531154,0.39018410444259644,10.638127534387644,10.638127534387644,0.0,0.0,0.0,0.0,0.0,0.0,0.0,0.0,5.3638720585069315,16.001999592894578
2225,5759.6616,11.84952193824623,0.3538046181201935,10.638463465692816,10.638463465692816,0.0,0.0,0.0,0.0,0.0,0.0,0.0,0.0,5.345531162339706,15.983994628032523
2226,5760.9893,11.0030814414881,0.33274680376052856,10.63879994902109,10.63879994902109,0.0,0.0,0.0,0.0,0.0,0.0,0.0,0.0,5.329687952432798,15.968487901453887
2227,5762.3145,10.681690099167156,0.3289203941822052,10.639135746875041,10.639135746875041,0.0,0.0,0.0,0.0,0.0,0.0,0.0,0.0,5.319862482619954,15.958998229494995
2228,5763.644,11.14243086166609,0.3289702832698822,10.639472591328136,10.639472591328136,0.0,0.0,0.0,0.0,0.0,0.0,0.0,0.0,5.3403972785926985,15.979869869920835
2229,5764.9697,10.975012930496447,0.3230389952659607,10.639808379413743,10.639808379413743,0.0,0.0,0.0,0.0,0.0,0.0,0.0,0.0,5.367928353683239,16.007736733096984
2230,5766.299,10.47995359925989,0.3132754862308502,10.640144966380248,10.640144966380248,0.0,0.0,0.0,0.0,0.0,0.0,0.0,0.0,5.4006673571610095,16.040812323541257
2231,5767.6255,10.598201902984625,0.31307655572891235,10.640480868331158,10.640480868331158,0.0,0.0,0.0,0.0,0.0,0.0,0.0,0.0,5.429429856658929,16.069910724990088
2232,5768.952,10.904909902097856,0.3152354955673218,10.640816703627845,10.640816703627845,0.0,0.0,0.0,0.0,0.0,0.0,0.0,0.0,5.444569773195112,16.085386476822958
2233,5770.282,10.9743857876744,0.31166544556617737,10.641153337277503,10.641153337277503,0.0,0.0,0.0,0.0,0.0,0.0,0.0,0.0,5.439041565230873,16.080194902508374
2234,5771.61,11.075898495373824,0.3142142593860626,10.641489286267495,10.641489286267495,0.0,0.0,0.0,0.0,0.0,0.0,0.0,0.0,5.404966983141801,16.046456269409298
2235,5772.941,11.46343710835896,0.3189898133277893,10.641826033225852,10.641826033225852,0.0,0.0,0.0,0.0,0.0,0.0,0.0,0.0,5.385043116250415,16.02686914947627
2236,5774.2695,11.469665374740247,0.3458256721496582,10.6421620957292,10.6421620957292,0.0,0.0,0.0,0.0,0.0,0.0,0.0,0.0,5.374775085464831,16.01693718119403
2237,5775.6016,11.066664587456977,0.3550124764442444,10.64249895581641,10.64249895581641,0.0,0.0,0.0,0.0,0.0,0.0,0.0,0.0,5.338040460150446,15.980539415966856
2238,5776.9297,11.480528318439015,0.3869585394859314,10.642834761316362,10.642834761316362,0.0,0.0,0.0,0.0,0.0,0.0,0.0,0.0,5.291825807537547,15.934660568853909
2239,5778.259,11.533603804878123,0.37890323996543884,10.643170747057429,10.643170747057429,0.0,0.0,0.0,0.0,0.0,0.0,0.0,0.0,5.237415177055471,15.8805859241129
2240,5779.591,11.221445389635686,0.3399224579334259,10.643507406507748,10.643507406507748,0.0,0.0,0.0,0.0,0.0,0.0,0.0,0.0,5.15693633949029,15.800443745998038
2241,5780.9204,11.531603560366362,0.31944119930267334,10.643843382161391,10.643843382161391,0.0,0.0,0.0,0.0,0.0,0.0,0.0,0.0,5.063550248227388,15.70739363038878
2242,5782.254,11.638605160091432,0.3180590271949768,10.644180277933593,10.644180277933593,0.0,0.0,0.0,0.0,0.0,0.0,0.0,0.0,5.023714023258178,15.66789430119177
2243,5783.584,10.856556895832425,0.3347141444683075,10.644516243418355,10.644516243418355,0.0,0.0,0.0,0.0,0.0,0.0,0.0,0.0,5.032700535197849,15.677216778616204
2244,5784.9175,10.597484265617211,0.3311261534690857,10.644853005339261,10.644853005339261,0.0,0.0,0.0,0.0,0.0,0.0,0.0,0.0,5.077349985786598,15.722202991125858
2245,5786.2485,11.014210077299428,0.3174620568752289,10.64518908392131,10.64518908392131,0.0,0.0,0.0,0.0,0.0,0.0,0.0,0.0,5.1282955684525255,15.773484652373835
2246,5787.5796,10.933353140331235,0.31145620346069336,10.64552509580853,10.64552509580853,0.0,0.0,0.0,0.0,0.0,0.0,0.0,0.0,5.190658853076969,15.836183948885498
2247,5788.9146,10.099342981930416,0.3216720223426819,10.645862026830812,10.645862026830812,0.0,0.0,0.0,0.0,0.0,0.0,0.0,0.0,5.235166867617925,15.881028894448736
2248,5790.246,10.643768271611773,0.317718505859375,10.64619802841923,10.64619802841923,0.0,0.0,0.0,0.0,0.0,0.0,0.0,0.0,5.2765999229683045,15.922797951387533
2249,5791.5815,10.714262817706029,0.3178263306617737,10.646534948759339,10.646534948759339,0.0,0.0,0.0,0.0,0.0,0.0,0.0,0.0,5.328992034588893,15.975526983348232
2250,5792.9136,10.876810160721579,0.33964061737060547,10.646870940016699,10.646870940016699,0.0,0.0,0.0,0.0,0.0,0.0,0.0,0.0,5.35060683146592,15.997477771482618
2251,5794.2495,11.128957498188736,0.34060966968536377,10.647207849642575,10.647207849642575,0.0,0.0,0.0,0.0,0.0,0.0,0.0,0.0,5.372085821513411,16.019293671155985
2252,5795.5825,11.145983948577065,0.3285270631313324,10.64754395363947,10.64754395363947,0.0,0.0,0.0,0.0,0.0,0.0,0.0,0.0,5.3891055442207865,16.036649497860257
2253,5796.916,10.970404661784821,0.3321082592010498,10.64788011402457,10.64788011402457,0.0,0.0,0.0,0.0,0.0,0.0,0.0,0.0,5.404187165607757,16.052067279632325
2254,5798.2524,11.20452237210513,0.3271452784538269,10.648216946022758,10.648216946022758,0.0,0.0,0.0,0.0,0.0,0.0,0.0,0.0,5.421866177699558,16.070083123722316
2255,5799.5864,11.128949896644095,0.33181309700012207,10.648553095898574,10.648553095898574,0.0,0.0,0.0,0.0,0.0,0.0,0.0,0.0,5.445986016441842,16.094539112340417
2256,5800.9233,11.33802440247678,0.3324131369590759,10.648889917102558,10.648889917102558,0.0,0.0,0.0,0.0,0.0,0.0,0.0,0.0,5.471547817371853,16.12043773447441
2257,5802.258,11.43238208023294,0.3307490050792694,10.649226056437051,10.649226056437051,0.0,0.0,0.0,0.0,0.0,0.0,0.0,0.0,5.497023132169404,16.146249188606454
2258,5803.596,11.059530326974924,0.3414197266101837,10.649563112727234,10.649563112727234,0.0,0.0,0.0,0.0,0.0,0.0,0.0,0.0,5.4729136732692165,16.12247678599645
2259,5804.9316,10.698840485793525,0.349659264087677,10.649899364371358,10.649899364371358,0.0,0.0,0.0,0.0,0.0,0.0,8e-45,0.0,5.451817168015068,16.101716532386426
2260,5806.27,11.435743626691316,0.34013035893440247,10.650236286725308,10.650236286725308,0.0,0.0,0.0,0.0,0.0,0.0,8e-45,0.0,5.441198054216886,16.091434340942193
2261,5807.6055,11.50289231311851,0.3191526234149933,10.650572404783706,10.650572404783706,0.0,0.0,0.0,0.0,0.0,0.0,8e-45,0.0,5.441523733024068,16.092096137807772
2262,5808.9414,11.579100316654273,0.32858806848526,10.650908579023836,10.650908579023836,0.0,0.0,0.0,0.0,0.0,0.0,1.8e-44,0.0,5.440039926876,16.090948505899835
2263,5810.281,11.54527709032348,0.33022791147232056,10.651245546405752,10.651245546405752,0.0,0.0,0.0,0.0,0.0,0.0,2.7e-44,0.0,5.439727334725347,16.0909728811311
2264,5811.6177,11.11935325812686,0.33280065655708313,10.651581832729388,10.651581832729388,0.0,0.0,0.0,0.0,0.0,0.0,3.5e-44,0.0,5.445529020315523,16.09711085304491
2265,5812.958,10.264571887680633,0.3919723927974701,10.65191891181287,10.65191891181287,0.0,0.0,0.0,0.0,0.0,0.0,5.3e-44,0.0,5.432224529555695,16.084143441368568
2266,5814.2954,9.452569292838838,0.48160722851753235,10.65225518728103,10.65225518728103,0.0,0.0,0.0,0.0,0.0,0.0,7e-44,0.0,5.41706247443411,16.06931766171514
2267,5815.6357,11.523766828546478,0.65851891040802,10.652592132439569,10.652592132439569,0.0,0.0,0.0,0.0,0.0,0.0,1.06e-43,0.0,5.424179719915435,16.076771852355005
2268,5816.9736,12.920303956477888,0.7265369296073914,10.65292839704496,10.65292839704496,0.0,0.0,0.0,0.0,0.0,0.0,1.5e-43,0.0,5.441859587223284,16.094787984268244
2269,5818.312,11.916975572809376,0.6051898002624512,10.653264717617956,10.653264717617956,0.0,0.0,0.0,0.0,0.0,0.0,2.12e-43,0.0,5.460410520330273,16.11367523794823
2270,5819.654,10.162848328859193,0.4529576301574707,10.653601830094493,10.653601830094493,0.0,0.0,0.0,0.0,0.0,0.0,3.08e-43,0.0,5.486940527647155,16.140542357741648
2271,5820.9927,10.440860723303203,0.36260971426963806,10.653938139684222,10.653938139684222,0.0,0.0,0.0,0.0,0.0,0.0,4.41e-43,0.0,5.494456316186543,16.148394455870765
2272,5822.335,12.480147071913004,0.3589111268520355,10.654275240844916,10.654275240844916,0.0,0.0,0.0,0.0,0.0,0.0,6.26e-43,0.0,5.509692481920004,16.16396772276492
2273,5823.6743,12.469083742320553,0.34774595499038696,10.654611539419882,10.654611539419882,0.0,0.0,0.0,0.0,0.0,0.0,9e-43,0.0,5.522024198353274,16.176635737773157
2274,5825.017,11.890688788694089,0.32844263315200806,10.654948629233418,10.654948629233418,0.0,0.0,0.0,0.0,0.0,0.0,1.288e-42,0.0,5.528794396120364,16.18374302535378
2275,5826.3574,11.809193619453756,0.31495657563209534,10.655285039303775,10.655285039303775,0.0,0.0,0.0,0.0,0.0,0.0,1.834e-42,0.0,5.530331603324564,16.18561664262834
2276,5827.6978,11.862468174074483,0.3115186095237732,10.65562138261099,10.65562138261099,0.0,0.0,0.0,0.0,0.0,0.0,2.61e-42,0.0,5.520706722165752,16.176328104776744
2277,5829.0415,11.428347802634615,0.30551064014434814,10.65595851663427,10.65595851663427,0.0,0.0,0.0,0.0,0.0,0.0,3.722e-42,0.0,5.530169271950347,16.186127788584617
2278,5830.3823,11.36781171251115,0.3039599657058716,10.656294848799527,10.656294848799527,0.0,0.0,0.0,0.0,0.0,0.0,5.311e-42,0.0,5.53122278761092,16.187517636410448
2279,5831.727,12.618276281568088,0.3158044219017029,10.656632093793105,10.656632093793105,0.0,0.0,0.0,0.0,0.0,0.0,7.56e-42,0.0,5.510513620165311,16.167145713958416
2280,5833.0684,11.894651968003377,0.3136158883571625,10.656968414760815,10.656968414760815,0.0,0.0,0.0,0.0,0.0,0.0,1.0762e-41,0.0,5.492217462538615,16.14918587729943
2281,5834.4136,11.17450942437825,0.316261351108551,10.657305648176346,10.657305648176346,0.0,0.0,0.0,0.0,0.0,0.0,1.5313e-41,0.0,5.499019246886399,16.156324895062745
2282,5835.756,11.492071148362797,0.32758331298828125,10.657642080286593,10.657642080286593,0.0,0.0,0.0,0.0,0.0,0.0,2.1762e-41,0.0,5.500959399732906,16.1586014800195
2283,5837.098,11.50812527938913,0.3197627067565918,10.657978445639715,10.657978445639715,0.0,0.0,0.0,0.0,0.0,0.0,3.09e-41,0.0,5.488990809478056,16.14696925511777
2284,5838.4443,11.16778837412819,0.30825141072273254,10.658315722846112,10.658315722846112,0.0,0.0,0.0,0.0,0.0,0.0,4.3903e-41,0.0,5.4928542497731785,16.15116997261929
2285,5839.787,11.939056627639136,0.3129787743091583,10.65865207687511,10.65865207687511,0.0,0.0,0.0,0.0,0.0,0.0,6.2286e-41,0.0,5.508907086960472,16.167559163835584
2286,5841.134,12.018599612389657,0.3242625594139099,10.658989342377335,10.658989342377335,0.0,0.0,0.0,0.0,0.0,0.0,8.8387e-41,0.0,5.52526940616503,16.184258748542366
2287,5842.478,11.611649408535817,0.32819467782974243,10.659325929550798,10.659325929550798,0.0,0.0,0.0,0.0,0.0,0.0,1.25269e-40,0.0,5.511954412264965,16.171280341815763
2288,5843.825,11.593430112998272,0.35160696506500244,10.659663183269352,10.659663183269352,0.0,0.0,0.0,0.0,0.0,0.0,1.77552e-40,0.0,5.491410661537861,16.151073844807215
2289,5845.1694,12.15787147867805,0.345122367143631,10.65999963670969,10.65999963670969,0.0,0.0,0.0,0.0,0.0,0.0,2.51313e-40,0.0,5.474033123372732,16.134032760082423
2290,5846.514,12.42206463024748,0.32031434774398804,10.660336145576217,10.660336145576217,0.0,0.0,0.0,0.0,0.0,0.0,3.55535e-40,0.0,5.449275167726154,16.10961131330237
2291,5847.862,11.936648737925326,0.3247721493244171,10.660673320588474,10.660673320588474,0.0,0.0,0.0,0.0,0.0,0.0,5.03033e-40,0.0,5.409233677846158,16.069906998434632
2292,5849.2075,12.309377324334019,0.32618051767349243,10.66100994005375,10.66100994005375,0.0,0.0,0.0,0.0,0.0,0.0,7.10884e-40,0.0,5.3720878245917625,16.03309776464551
2293,5850.5566,12.478495520976875,0.32447612285614014,10.661347347438042,10.661347347438042,0.0,0.0,0.0,0.0,0.0,0.0,1.004856e-39,0.0,5.342509346576837,16.00385669401488
2294,5851.9023,11.993075953447638,0.32195013761520386,10.661683833141593,10.661683833141593,0.0,0.0,0.0,0.0,0.0,0.0,1.418239e-39,0.0,5.31126440910119,15.972948242242783
2295,5853.252,11.654140991536678,0.30577734112739563,10.662021228537597,10.662021228537597,0.0,0.0,0.0,0.0,0.0,0.0,2.002355e-39,0.0,5.264888244303165,15.926909472840762
2296,5854.598,11.586479385036586,0.3038189113140106,10.662357702601371,10.662357702601371,0.0,0.0,0.0,0.0,0.0,0.0,2.822762e-39,0.0,5.231406967502477,15.893764670103849
2297,5855.945,11.66321893959525,0.3128263056278229,10.662694231928132,10.662694231928132,0.0,0.0,0.0,0.0,0.0,0.0,3.977233e-39,0.0,5.209785973734827,15.87248020566296
2298,5857.2954,10.781721288684047,0.3151293694972992,10.663031670354767,10.663031670354767,0.0,0.0,0.0,0.0,0.0,0.0,5.605724e-39,0.0,5.200095956799353,15.863127627154121
2299,5858.643,10.779290503186559,0.3207382261753082,10.663368309905971,10.663368309905971,0.0,0.0,0.0,0.0,0.0,0.0,7.890028e-39,0.0,5.20283191807809,15.866200227984061
2300,5859.994,11.366660732393427,0.3027401268482208,10.66370573619522,10.66370573619522,0.0,0.0,0.0,0.0,0.0,0.0,1.110756e-38,0.0,5.214920383329229,15.87862611952445
2301,5861.342,10.99175651106994,0.3013475835323334,10.664042241998557,10.664042241998557,0.0,0.0,0.0,0.0,0.0,0.0,1.561346e-38,0.0,5.244523930214238,15.908566172212794
2302,5862.6934,11.252870890246907,0.3022782802581787,10.664379656144284,10.664379656144284,0.0,0.0,0.0,0.0,0.0,0.0,2.1954422e-38,0.0,5.266429570568522,15.930809226712807
2303,5864.0425,11.138846818276814,0.3238169848918915,10.664716393875874,10.664716393875874,0.0,0.0,0.0,0.0,0.0,0.0,3.083176e-38,0.0,5.285612639120646,15.950329032996521
2304,5865.3916,11.436665708791367,0.3226155638694763,10.665053064773364,10.665053064773364,0.0,0.0,0.0,0.0,0.0,0.0,4.3270283e-38,0.0,5.297251527536758,15.962304592310122
2305,5866.744,11.669982186242517,0.3079689145088196,10.665390521559667,10.665390521559667,0.0,0.0,0.0,0.0,0.0,0.0,6.0738946e-38,0.0,5.316637763098304,15.982028284657972
2306,5868.0938,11.524212965894133,0.3264487683773041,10.665727180494965,10.665727180494965,0.0,0.0,0.0,0.0,0.0,0.0,8.514222e-38,0.0,5.3411072397943435,16.00683442028931
2307,5869.4463,11.551571444755698,0.3230779469013214,10.666064503224236,10.666064503224236,0.0,0.0,0.0,0.0,0.0,0.0,1.1935918e-37,0.0,5.372928066963052,16.03899257018729
2308,5870.797,12.227825104344628,0.33577632904052734,10.666401271932022,10.666401271932022,0.0,0.0,0.0,0.0,0.0,0.0,1.6713593e-37,0.0,5.410720885645605,16.077122157577627
2309,5872.1504,11.520079283159856,0.33505815267562866,10.666738704104167,10.666738704104167,0.0,0.0,0.0,0.0,0.0,0.0,2.3405438e-37,0.0,5.470609040814754,16.13734774491892
2310,5873.502,11.712524170766724,0.3757612407207489,10.667075582409055,10.667075582409055,0.0,0.0,0.0,0.0,0.0,0.0,3.2739103e-37,0.0,5.592907195200072,16.259982777609128
2311,5874.853,12.157664394915251,0.4309249520301819,10.667412272170468,10.667412272170468,0.0,0.0,0.0,0.0,0.0,0.0,4.5759596e-37,0.0,5.716181659161897,16.383593931332364
2312,5876.2075,12.615015490834587,0.42517417669296265,10.667749746643073,10.667749746643073,0.0,0.0,0.0,0.0,0.0,0.0,6.397059e-37,0.0,5.704967037851936,16.372716784495008
2313,5877.559,13.241679489890275,0.3731057643890381,10.66808642428789,10.66808642428789,0.0,0.0,0.0,0.0,0.0,0.0,8.930563e-37,0.0,5.558121382912459,16.22620780720035
2314,5878.9146,12.636045383386907,0.33678925037384033,10.668424007910534,10.668424007910534,0.0,0.0,0.0,0.0,0.0,0.0,1.2471245e-36,0.0,5.3862152825066465,16.05463929041718
2315,5880.267,13.006606999086888,0.30680322647094727,10.668760794956167,10.668760794956167,0.0,0.0,0.0,0.0,0.0,0.0,1.7391663e-36,0.0,5.258808192563504,15.92756898751967
2316,5881.623,12.653225899503441,0.32405656576156616,10.669098366006354,10.669098366006354,0.0,0.0,0.0,0.0,0.0,0.0,2.4258013e-36,0.0,5.1637201301596445,15.832818496165999
2317,5882.9766,11.970289177188835,0.31552982330322266,10.669435262301981,10.669435262301981,0.0,0.0,0.0,0.0,0.0,0.0,3.379242e-36,0.0,5.086134010067024,15.755569272369005
2318,5884.3296,11.879052286754831,0.29408684372901917,10.669771970230851,10.669771970230851,0.0,0.0,0.0,0.0,0.0,0.0,4.703799e-36,0.0,4.9751900380742695,15.644962008305122
2319,5885.686,12.131325612197806,0.2961343824863434,10.670109461695226,10.670109461695226,0.0,0.0,0.0,0.0,0.0,0.0,6.5486895e-36,0.0,4.797930827011179,15.468040288706405
2320,5887.0405,11.659805103382494,0.2949317395687103,10.670446400255935,10.670446400255935,0.0,0.0,0.0,0.0,0.0,0.0,9.106811e-36,0.0,4.535335735240553,15.205782135496488
2321,5888.398,12.398501962713706,0.2926177978515625,10.670784000500047,10.670784000500047,0.0,0.0,0.0,0.0,0.0,0.0,1.2664987e-35,0.0,4.198519140191567,14.869303140691613
2322,5889.753,12.168225007740697,0.2880595922470093,10.671120926591792,10.671120926591792,0.0,0.0,0.0,0.0,0.0,0.0,1.7591244e-35,0.0,3.9382374708969987,14.60935839748879
2323,5891.111,11.4382482394624,0.2835782766342163,10.671458514086641,10.671458514086641,0.0,0.0,0.0,0.0,0.0,0.0,2.4434952e-35,0.0,3.9008001461577173,14.572258660244358
2324,5892.466,11.0460536934056,0.27924519777297974,10.671795306325071,10.671795306325071,0.0,0.0,0.0,0.0,0.0,0.0,3.389482e-35,0.0,3.9903509162745756,14.662146222599647
2325,5893.8213,10.849102218126411,0.2845374345779419,10.672132153082567,10.672132153082567,0.0,0.0,0.0,0.0,0.0,0.0,4.6991205e-35,0.0,4.04610518696392,14.718237340046485
2326,5895.1807,10.599243605469757,0.29085469245910645,10.67246990345993,10.67246990345993,0.0,0.0,0.0,0.0,0.0,0.0,6.51667e-35,0.0,4.049068963194793,14.721538866654724
2327,5896.537,10.546993183781812,0.2899644672870636,10.672806858956227,10.672806858956227,0.0,0.0,0.0,0.0,0.0,0.0,9.024888e-35,0.0,4.1254339936473885,14.798240852603616
2328,5897.8965,10.06632406700674,0.2807788550853729,10.673144475131554,10.673144475131554,0.0,0.0,0.0,0.0,0.0,0.0,1.2498976e-34,0.0,4.367648291696875,15.040792766828428
2329,5899.2534,10.001900805584985,0.2763887643814087,10.673481418006535,10.673481418006535,0.0,0.0,0.0,0.0,0.0,0.0,1.7288885e-34,0.0,4.662137852557105,15.33561927056364
2330,5900.614,10.343580516619419,0.27985915541648865,10.673819142490704,10.673819142490704,0.0,0.0,0.0,0.0,0.0,0.0,2.3918054e-34,0.0,4.870999065594936,15.54481820808564
2331,5901.972,10.463865043504079,0.28291693329811096,10.674156315062453,10.674156315062453,0.0,0.0,0.0,0.0,0.0,0.0,3.305174e-34,0.0,5.012052772658031,15.686209087720483
2332,5903.3296,11.062393198102988,0.2874438166618347,10.674493178363,10.674493178363,0.0,0.0,0.0,0.0,0.0,0.0,4.5632934e-34,0.0,5.109415044694863,15.783908223057864
2333,5904.691,10.745729289348576,0.2943633794784546,10.674830943942949,10.674830943942949,0.0,0.0,0.0,0.0,0.0,0.0,6.3019047e-34,0.0,5.173944630329158,15.848775574272107
2334,5906.049,10.92818098360538,0.2950837314128876,10.675167794548235,10.675167794548235,0.0,0.0,0.0,0.0,0.0,0.0,8.6902525e-34,0.0,5.211784073767666,15.8869518683159
2335,5907.4116,11.440850421306797,0.2908467650413513,10.675505789236427,10.675505789236427,0.0,0.0,0.0,0.0,0.0,0.0,1.1989519e-33,0.0,5.2345112119939845,15.910017001230411
2336,5908.771,11.62931343743113,0.2905329167842865,10.675842869200045,10.675842869200045,0.0,0.0,0.0,0.0,0.0,0.0,1.6517141e-33,0.0,5.264119179756371,15.939962048956415
2337,5910.1333,11.496220931715186,0.28808513283729553,10.67618060851247,10.67618060851247,0.0,0.0,0.0,0.0,0.0,0.0,2.275506e-33,0.0,5.25945915251333,15.935639761025799
2338,5911.4927,11.567077780045981,0.289440780878067,10.676517554560213,10.676517554560213,0.0,0.0,0.0,0.0,0.0,0.0,3.1306508e-33,0.0,5.245994424543862,15.922511979104076
2339,5912.8564,11.58288893878257,0.28917059302330017,10.676855522705893,10.676855522705893,0.0,0.0,0.0,0.0,0.0,0.0,4.3087393e-33,0.0,5.235891960265282,15.912747482971174
2340,5914.217,11.14438302999625,0.2904825806617737,10.677192576819355,10.677192576819355,0.0,0.0,0.0,0.0,0.0,0.0,5.9214727e-33,0.0,5.220555705965664,15.897748282785019
2341,5915.577,11.416210406609984,0.2956390976905823,10.677529564051309,10.677529564051309,0.0,0.0,0.0,0.0,0.0,0.0,8.132441e-33,0.0,5.2206018034730235,15.898131367524332
2342,5916.941,11.838258960555113,0.3268916606903076,10.677867330879845,10.677867330879845,0.0,0.0,0.0,0.0,0.0,0.0,1.1170309e-32,0.0,5.227519771744693,15.905387102624537
2343,5918.3022,11.20012553338364,0.31484946608543396,10.678204426061502,10.678204426061502,0.0,0.0,0.0,0.0,0.0,0.0,1.532425e-32,0.0,5.246903580385892,15.925108006447394
2344,5919.667,11.137650381133625,0.28683581948280334,10.678542300464809,10.678542300464809,0.0,0.0,0.0,0.0,0.0,0.0,2.1025503e-32,0.0,5.279452432587079,15.957994733051887
2345,5921.0293,10.819631621898983,0.3149181008338928,10.678879503422914,10.678879503422914,0.0,0.0,0.0,0.0,0.0,0.0,2.8812436e-32,0.0,5.305499985156681,15.984379488579595
2346,5922.394,11.348477836985625,0.31677567958831787,10.679217243577371,10.679217243577371,0.0,0.0,0.0,0.0,0.0,0.0,3.94791e-32,0.0,5.311665061573946,15.990882305151317
2347,5923.7563,11.674590081009868,0.3001330494880676,10.679554312584253,10.679554312584253,0.0,0.0,0.0,0.0,0.0,0.0,5.402868e-32,0.0,5.317557364668843,15.997111677253097
2348,5925.119,11.155223697400261,0.3023129105567932,10.679891435495817,10.679891435495817,0.0,0.0,0.0,0.0,0.0,0.0,7.3898616e-32,0.0,5.321863323473762,16.00175475896958
2349,5926.486,10.71608575438826,0.2984047532081604,10.68022945754195,10.68022945754195,0.0,0.0,0.0,0.0,0.0,0.0,1.0109994e-31,0.0,5.316508926397872,15.996738383939821
2350,5927.849,11.533331474561386,0.3131047487258911,10.680566567236056,10.680566567236056,0.0,0.0,0.0,0.0,0.0,0.0,1.3811346e-31,0.0,5.311063209276504,15.99162977651256
2351,5929.2163,12.019659429914174,0.3384363353252411,10.680904575690375,10.680904575690375,0.0,0.0,0.0,0.0,0.0,0.0,1.8871967e-31,0.0,5.288423150652232,15.969327726342607
2352,5930.5806,11.322300502020546,0.3134157657623291,10.681241792819435,10.681241792819435,0.0,0.0,0.0,0.0,0.0,0.0,2.5752646e-31,0.0,5.27638380889254,15.957625601711975
2353,5931.9478,11.156560452333316,0.2897920310497284,10.681579666971862,10.681579666971862,0.0,0.0,0.0,0.0,0.0,0.0,3.5141465e-31,0.0,5.279238192686214,15.960817859658075
2354,5933.3125,11.17003514262193,0.30202117562294006,10.681916870777696,10.681916870777696,0.0,0.0,0.0,0.0,0.0,0.0,4.789509e-31,0.0,5.293980818071428,15.975897688849123
2355,5934.6772,10.463183631053667,0.29966259002685547,10.682254007672206,10.682254007672206,0.0,0.0,0.0,0.0,0.0,0.0,6.52335e-31,0.0,5.303973923572798,15.986227931245004
2356,5936.0454,11.598937087720564,0.3177688717842102,10.682591921782612,10.682591921782612,0.0,0.0,0.0,0.0,0.0,0.0,8.885733e-31,0.0,5.316697067552872,15.999288989335483
2357,5937.4116,11.16313896809992,0.30924469232559204,10.682929286457695,10.682929286457695,0.0,0.0,0.0,0.0,0.0,0.0,1.20902575e-30,0.0,5.325075524697931,16.008004811155626
2358,5938.7803,11.08670189590057,0.2829790413379669,10.68326718685189,10.68326718685189,0.0,0.0,0.0,0.0,0.0,0.0,1.644844e-30,0.0,5.335207436374821,16.01847462322671
2359,5940.147,11.109961567383175,0.2857680916786194,10.68360453801206,10.68360453801206,0.0,0.0,0.0,0.0,0.0,0.0,2.2352713e-30,0.0,5.33492750122034,16.0185320392324
2360,5941.5166,11.146331080416797,0.285767525434494,10.683942545151172,10.683942545151172,0.0,0.0,0.0,0.0,0.0,0.0,3.0376126e-30,0.0,5.342308751126172,16.026251296277344
2361,5942.8833,11.694327003441629,0.2873504161834717,10.684279762278125,10.684279762278125,0.0,0.0,0.0,0.0,0.0,0.0,4.1225065e-30,0.0,5.349038475073996,16.03331823735212
2362,5944.2505,11.743755735221018,0.2996198832988739,10.684617032945127,10.684617032945127,0.0,0.0,0.0,0.0,0.0,0.0,5.5916728e-30,0.0,5.360980592903982,16.04559762584911
2363,5945.6216,11.164707655740147,0.2933531105518341,10.68495520003461,10.68495520003461,0.0,0.0,0.0,0.0,0.0,0.0,7.585979e-30,0.0,5.3541007091280175,16.039055909162627
2364,5946.9893,11.352852856066413,0.2829785943031311,10.685292457091311,10.685292457091311,0.0,0.0,0.0,0.0,0.0,0.0,1.0276816e-29,0.0,5.337868655774407,16.02316111286572
2365,5948.3604,11.519413083426395,0.2855248749256134,10.685630489827307,10.685630489827307,0.0,0.0,0.0,0.0,0.0,0.0,1.3923295e-29,0.0,5.330116182931027,16.015746672758333
2366,5949.7285,11.279855044551553,0.28504613041877747,10.685967733269102,10.685967733269102,0.0,0.0,0.0,0.0,0.0,0.0,1.8838755e-29,0.0,5.314902035526571,16.000869768795674
2367,5951.1006,11.164109160818409,0.28464433550834656,10.68630587238738,10.68630587238738,0.0,0.0,0.0,0.0,0.0,0.0,2.5494428e-29,0.0,5.288495133004833,15.974801005392212
2368,5952.4697,11.143826793699006,0.28775453567504883,10.686643222460296,10.686643222460296,0.0,0.0,0.0,0.0,0.0,0.0,3.445602e-29,0.0,5.277914691896697,15.964557914356993
2369,5953.8394,11.262830715070443,0.28576552867889404,10.686980625867937,10.686980625867937,0.0,0.0,0.0,0.0,0.0,0.0,4.6541427e-29,0.0,5.271198291887566,15.958178917755504
2370,5955.2124,11.261330370100604,0.2834414839744568,10.687318804070864,10.687318804070864,0.0,0.0,0.0,0.0,0.0,0.0,6.287058e-29,0.0,5.285504575578107,15.972823379648972
2371,5956.5825,11.144954455621274,0.28451773524284363,10.68765619364926,10.68765619364926,0.0,0.0,0.0,0.0,0.0,0.0,8.481683e-29,0.0,5.301254498236148,15.988910691885408
2372,5957.956,10.803019007041563,0.2873895466327667,10.687994357698217,10.687994357698217,0.0,0.0,0.0,0.0,0.0,0.0,1.1443345e-28,0.0,5.311025182411561,15.999019540109778
2373,5959.326,10.458406302195272,0.28753116726875305,10.688331613240187,10.688331613240187,0.0,0.0,0.0,0.0,0.0,0.0,1.541716e-28,0.0,5.330381539601603,16.01871315284179
2374,5960.7,11.06725496647087,0.2820233106613159,10.688669763131003,10.688669763131003,0.0,0.0,0.0,0.0,0.0,0.0,2.0774407e-28,0.0,5.351169639852373,16.039839402983375
2375,5962.072,11.086013678347086,0.2943876087665558,10.68900724512123,10.68900724512123,0.0,0.0,0.0,0.0,0.0,0.0,2.7959712e-28,0.0,5.367220040524985,16.056227285646216
2376,5963.4434,10.712189136710645,0.28703421354293823,10.68934466013415,10.68934466013415,0.0,0.0,0.0,0.0,0.0,0.0,3.7604962e-28,0.0,5.378181041512011,16.06752570164616
2377,5964.8184,10.793659809524462,0.2850992977619171,10.689682848782866,10.689682848782866,0.0,0.0,0.0,0.0,0.0,0.0,5.0580236e-28,0.0,5.387311336105421,16.076994184888285
2378,5966.191,11.198262301372104,0.2960173785686493,10.690020369879758,10.690020369879758,0.0,0.0,0.0,0.0,0.0,0.0,6.7951074e-28,0.0,5.399758252216763,16.08977862209652
2379,5967.5664,11.242781017737101,0.29785260558128357,10.690358544204804,10.690358544204804,0.0,0.0,0.0,0.0,0.0,0.0,9.128343e-28,0.0,5.415671969933797,16.106030514138602
2380,5968.9395,11.26610232309434,0.31770360469818115,10.690696051226467,10.690696051226467,0.0,0.0,0.0,0.0,0.0,0.0,1.2248014e-27,0.0,5.424443712672261,16.11513976389873
2381,5970.3154,11.397252393918453,0.3215772211551666,10.69103421119998,10.69103421119998,0.0,0.0,0.0,0.0,0.0,0.0,1.643304e-27,0.0,5.424204515261234,16.115238726461214
2382,5971.6895,10.75841898610232,0.3017660081386566,10.691371824082688,10.691371824082688,0.0,0.0,0.0,0.0,0.0,0.0,2.2023918e-27,0.0,5.429531148175024,16.120902972257714
2383,5973.063,11.28450099075572,0.31817036867141724,10.691709250010517,10.691709250010517,0.0,0.0,0.0,0.0,0.0,0.0,2.9493976e-27,0.0,5.409703339688616,16.101412589699134
2384,5974.4404,12.081039583819125,0.32272961735725403,10.692047568333114,10.692047568333114,0.0,0.0,0.0,0.0,0.0,0.0,3.9503458e-27,0.0,5.37596114860275,16.068008716935864
2385,5975.815,11.296348804259779,0.3085290789604187,10.692385100008657,10.692385100008657,0.0,0.0,0.0,0.0,0.0,0.0,5.284171e-27,0.0,5.344306713318346,16.036691813327003
2386,5977.1924,11.813163811918509,0.32436037063598633,10.69272328392215,10.69272328392215,0.0,0.0,0.0,0.0,0.0,0.0,7.0679e-27,0.0,5.3303985049760225,16.023121788898173
2387,5978.5674,10.642798939746356,0.31550806760787964,10.693060801377145,10.693060801377145,0.0,0.0,0.0,0.0,0.0,0.0,9.442431e-27,0.0,5.322134455639385,16.01519525701653
2388,5979.9463,11.113620416352354,0.29696404933929443,10.693399210436938,10.693399210436938,0.0,0.0,0.0,0.0,0.0,0.0,1.26165845e-26,0.0,5.3077987273244025,16.00119793776134
2389,5981.3223,11.427022167389211,0.290767639875412,10.693736833393586,10.693736833393586,0.0,0.0,0.0,0.0,0.0,0.0,1.6835906e-26,0.0,5.287766269500437,15.981503102894024
2390,5982.698,10.836911773559919,0.282991886138916,10.694074389346607,10.694074389346607,0.0,0.0,0.0,0.0,0.0,0.0,2.2450946e-26,0.0,5.273588562133441,15.967662951480047
2391,5984.0776,11.022423819546814,0.28003430366516113,10.694412716574499,10.694412716574499,0.0,0.0,0.0,0.0,0.0,0.0,2.9939832e-26,0.0,5.267992897982483,15.962405614556982
2392,5985.4546,11.550950353194715,0.28321585059165955,10.69475037789246,10.69475037789246,0.0,0.0,0.0,0.0,0.0,0.0,3.9879427e-26,0.0,5.27461498494005,15.969365362832509
2393,5986.8345,10.419932543506455,0.2906763553619385,10.695088690412254,10.695088690412254,0.0,0.0,0.0,0.0,0.0,0.0,5.311476e-26,0.0,5.288880170116592,15.983968860528845
2394,5988.2114,10.796222236790138,0.2850835621356964,10.69542621759143,10.69542621759143,0.0,0.0,0.0,0.0,0.0,0.0,7.065181e-26,0.0,5.317028495631737,16.012454713223168
2395,5989.593,11.203509105110442,0.29273802042007446,10.695764754709124,10.695764754709124,0.0,0.0,0.0,0.0,0.0,0.0,9.4000265e-26,0.0,5.347672688102448,16.043437442811573
2396,5990.9707,10.766190748194568,0.2923462390899658,10.696102387055467,10.696102387055467,0.0,0.0,0.0,0.0,0.0,0.0,1.2489121e-25,0.0,5.360543031712658,16.056645418768124
2397,5992.349,10.865002647162743,0.3092682361602783,10.696440072016589,10.696440072016589,0.0,0.0,0.0,0.0,0.0,0.0,1.6583752e-25,0.0,5.377005562065773,16.07344563408236
2398,5993.731,11.868652092317674,0.3111477494239807,10.696778527051285,10.696778527051285,0.0,0.0,0.0,0.0,0.0,0.0,2.2021254e-25,0.0,5.387741340299514,16.0845198673508
2399,5995.1094,11.440732626719287,0.2921883463859558,10.697116077852458,10.697116077852458,0.0,0.0,0.0,0.0,0.0,0.0,2.9201254e-25,0.0,5.374983163075635,16.072099240928093
2400,5996.4917,10.896946403244513,0.29805609583854675,10.697454517988236,10.697454517988236,0.0,0.0,0.0,0.0,0.0,0.0,3.8726723e-25,0.0,5.353345421096307,16.05079993908454
2401,5997.8716,11.243549197306006,0.32218411564826965,10.697792293257702,10.697792293257702,0.0,0.0,0.0,0.0,0.0,0.0,5.1298895e-25,0.0,5.344499737630517,16.04229203088822
2402,5999.255,11.143399527786347,0.3419346511363983,10.698130837908336,10.698130837908336,0.0,0.0,0.0,0.0,0.0,0.0,6.7952996e-25,0.0,5.326563545944123,16.02469438385246
2403,6000.635,10.198019817567154,0.3518524467945099,10.698468478963235,10.698468478963235,0.0,0.0,0.0,0.0,0.0,0.0,8.988961e-25,0.0,5.313549205565169,16.012017684528406
2404,6002.015,12.345909322129211,0.36518001556396484,10.698806172478065,10.698806172478065,0.0,0.0,0.0,0.0,0.0,0.0,1.1883931e-24,0.0,5.301399027480164,16.00020519995823
2405,6003.399,11.368533983963946,0.3362341523170471,10.699144634914703,10.699144634914703,0.0,0.0,0.0,0.0,0.0,0.0,1.5711316e-24,0.0,5.288097485762617,15.987242120677319
2406,6004.78,11.368409042681877,0.29925161600112915,10.699482313686346,10.699482313686346,0.0,0.0,0.0,0.0,0.0,0.0,2.0744833e-24,0.0,5.277382964764412,15.976865278450758
2407,6006.165,11.540797819608569,0.2902013659477234,10.699820999797652,10.699820999797652,0.0,0.0,0.0,0.0,0.0,0.0,2.7396394e-24,0.0,5.257484803682447,15.957305803480098
2408,6007.547,10.973281357817061,0.28421202301979065,10.700158783097777,10.700158783097777,0.0,0.0,0.0,0.0,0.0,0.0,3.6131044e-24,0.0,5.2475972432571565,15.947756026354934
2409,6008.932,10.70606698438252,0.27996280789375305,10.700497334628398,10.700497334628398,0.0,0.0,0.0,0.0,0.0,0.0,4.7650697e-24,0.0,5.246245485099901,15.9467428197283
2410,6010.3145,10.739823741351168,0.2833805978298187,10.700835103036285,10.700835103036285,0.0,0.0,0.0,0.0,0.0,0.0,6.2763146e-24,0.0,5.245161610211332,15.945996713247617
2411,6011.6973,10.683300825675879,0.28012391924858093,10.701172923702408,10.701172923702408,0.0,0.0,0.0,0.0,0.0,0.0,8.261964e-24,0.0,5.254722741523829,15.955895665226237
2412,6013.0835,10.673109818221672,0.28183838725090027,10.701511512093004,10.701511512093004,0.0,0.0,0.0,0.0,0.0,0.0,1.0875819e-23,0.0,5.2621891014560624,15.963700613549067
2413,6014.4663,10.729238447246743,0.2814663052558899,10.701849198551233,10.701849198551233,0.0,0.0,0.0,0.0,0.0,0.0,1.4297031e-23,0.0,5.2510910663030606,15.952940264854295
2414,6015.8535,10.861784549635097,0.2742527723312378,10.70218789086796,10.70218789086796,0.0,0.0,0.0,0.0,0.0,0.0,1.8797823e-23,0.0,5.244496730882482,15.946684621750443
2415,6017.2373,11.155254379311858,0.2891729772090912,10.70252568154684,10.70252568154684,0.0,0.0,0.0,0.0,0.0,0.0,2.4681858e-23,0.0,5.245773300131502,15.948298981678342
2416,6018.625,11.48839153112248,0.2923358082771301,10.702864358464135,10.702864358464135,0.0,0.0,0.0,0.0,0.0,0.0,3.2410293e-23,0.0,5.2402881258599425,15.943152484324077
2417,6020.0093,11.246162890307989,0.2818000614643097,10.703202134085405,10.703202134085405,0.0,0.0,0.0,0.0,0.0,0.0,4.2501074e-23,0.0,5.238553525097284,15.94175565918269
2418,6021.398,10.640920005209074,0.2843130826950073,10.703540914685922,10.703540914685922,0.0,0.0,0.0,0.0,0.0,0.0,5.5742716e-23,0.0,5.254015602701083,15.957556517387005
2419,6022.7827,10.845949747306229,0.28507861495018005,10.703878675199133,10.703878675199133,0.0,0.0,0.0,0.0,0.0,0.0,7.30043e-23,0.0,5.279912374275804,15.983791049474938
2420,6024.1685,11.227407708445257,0.2840878367424011,10.704216606841761,10.704216606841761,0.0,0.0,0.0,0.0,0.0,0.0,9.556343e-23,0.0,5.314489111623102,16.018705718464865
2421,6025.558,10.482664486632329,0.2821706533432007,10.70455542373107,10.70455542373107,0.0,0.0,0.0,0.0,0.0,0.0,1.2510169e-22,0.0,5.346959689393062,16.051515113124132
2422,6026.9443,10.11228201622362,0.2765372693538666,10.704893340107285,10.704893340107285,0.0,0.0,0.0,0.0,0.0,0.0,1.6354971e-22,0.0,5.375314495617201,16.080207835724487
2423,6028.3335,10.701689691339158,0.27990394830703735,10.705231903379921,10.705231903379921,0.0,0.0,0.0,0.0,0.0,0.0,2.1378638e-22,0.0,5.404988317694045,16.110220221073966
2424,6029.7207,10.86672924638546,0.2833150327205658,10.705569923477793,10.705569923477793,0.0,0.0,0.0,0.0,0.0,0.0,2.7915675e-22,0.0,5.429602159254187,16.13517208273198
2425,6031.111,10.65345958533889,0.30009305477142334,10.705908590151497,10.705908590151497,0.0,0.0,0.0,0.0,0.0,0.0,3.6447116e-22,0.0,5.4631747835575935,16.16908337370909
2426,6032.498,11.158357041324521,0.3154112994670868,10.706246475962288,10.706246475962288,0.0,0.0,0.0,0.0,0.0,0.0,4.752585e-22,0.0,5.494680983577822,16.20092745954011
2427,6033.886,12.264975177466521,0.32572928071022034,10.706584532536697,10.706584532536697,0.0,0.0,0.0,0.0,0.0,0.0,6.194143e-22,0.0,5.5013936885002765,16.207978221036974
2428,6035.278,11.349874324754854,0.3227488398551941,10.706923354126673,10.706923354126673,0.0,0.0,0.0,0.0,0.0,0.0,8.072586e-22,0.0,5.503156833692411,16.210080187819084
2429,6036.666,11.224950756743922,0.287452757358551,10.707261276374263,10.707261276374263,0.0,0.0,0.0,0.0,0.0,0.0,1.050653e-21,0.0,5.496675524994358,16.20393680136862
2430,6038.058,11.179446323053236,0.28828445076942444,10.707600082190156,10.707600082190156,0.0,0.0,0.0,0.0,0.0,0.0,1.3675161e-21,0.0,5.497225658758287,16.204825740948444
2431,6039.4473,11.23992553850772,0.2892395555973053,10.707938107806836,10.707938107806836,0.0,0.0,0.0,0.0,0.0,0.0,1.7777016e-21,0.0,5.497434462102631,16.205372569909468
2432,6040.84,11.475963570202094,0.29258590936660767,10.70827689779879,10.70827689779879,0.0,0.0,0.0,0.0,0.0,0.0,2.3108252e-21,0.0,5.490987800037165,16.199264697835954
2433,6042.229,11.600710854791984,0.29434239864349365,10.70861478913033,10.70861478913033,0.0,0.0,0.0,0.0,0.0,0.0,2.99981e-21,0.0,5.496500982976571,16.2051157721069
2434,6043.619,11.573467925657305,0.28620123863220215,10.708952850907682,10.708952850907682,0.0,0.0,0.0,0.0,0.0,0.0,3.8922293e-21,0.0,5.509028717409103,16.217981568316784
2435,6045.013,11.040074091578832,0.2761125862598419,10.709291795264866,10.709291795264866,0.0,0.0,0.0,0.0,0.0,0.0,5.0503492e-21,0.0,5.528493184422144,16.23778497968701
2436,6046.404,11.10794872600566,0.2793775498867035,10.709629841401847,10.709629841401847,0.0,0.0,0.0,0.0,0.0,0.0,6.5443186e-21,0.0,5.539195591621294,16.248825433023143
2437,6047.798,11.083227193368511,0.30616164207458496,10.709968651091177,10.709968651091177,0.0,0.0,0.0,0.0,0.0,0.0,8.47971e-21,0.0,5.54405971764223,16.254028368733408
2438,6049.189,11.101041273447766,0.3066490590572357,10.710306681585154,10.710306681585154,0.0,0.0,0.0,0.0,0.0,0.0,1.0973896e-20,0.0,5.543203874257312,16.253510555842468
2439,6050.585,11.719518017907692,0.3151073455810547,10.71064583115232,10.71064583115232,0.0,0.0,0.0,0.0,0.0,0.0,1.4204635e-20,0.0,5.5371405361694555,16.247786367321776
2440,6051.977,11.482565940958976,0.30983462929725647,10.71098396449644,10.71098396449644,0.0,0.0,0.0,0.0,0.0,0.0,1.8360437e-20,0.0,5.516974388020516,16.227958352516957
2441,6053.3687,11.455288766158874,0.292543888092041,10.711321912176047,10.711321912176047,0.0,0.0,0.0,0.0,0.0,0.0,2.3713541e-20,0.0,5.49116623567218,16.20248814784823
2442,6054.765,11.434978915497538,0.2864554226398468,10.711660978261484,10.711660978261484,0.0,0.0,0.0,0.0,0.0,0.0,3.0633332e-20,0.0,5.474271343901876,16.18593232216336
2443,6056.1577,11.077134433059559,0.2799040377140045,10.711999028728567,10.711999028728567,0.0,0.0,0.0,0.0,0.0,0.0,3.951686e-20,0.0,5.4630629393769645,16.17506196810553
2444,6057.5547,10.692224670210674,0.2867310345172882,10.712338078598188,10.712338078598188,0.0,0.0,0.0,0.0,0.0,0.0,5.0981817e-20,0.0,5.4596365205852235,16.17197459918341
2445,6058.948,10.777705185356366,0.29435786604881287,10.71267623170904,10.71267623170904,0.0,0.0,0.0,0.0,0.0,0.0,6.568608e-20,0.0,5.460684783515704,16.173361015224742
2446,6060.345,10.961988385696685,0.2909209430217743,10.713015146864926,10.713015146864926,0.0,0.0,0.0,0.0,0.0,0.0,8.462524e-20,0.0,5.460588518600191,16.173603665465116
2447,6061.7393,11.287303214812441,0.2876245379447937,10.713353284074381,10.713353284074381,0.0,0.0,0.0,0.0,0.0,0.0,1.0889126e-19,0.0,5.4512450639961525,16.164598348070534
2448,6063.134,10.927582745071165,0.2821870446205139,10.713691472600601,10.713691472600601,0.0,0.0,0.0,0.0,0.0,0.0,1.4002997e-19,0.0,5.434672351364382,16.148363823964985
2449,6064.5317,10.782670850716531,0.28544116020202637,10.714030422670303,10.714030422670303,0.0,0.0,0.0,0.0,0.0,0.0,1.8005806e-19,0.0,5.431009416617452,16.145039839287755
2450,6065.927,11.109800753637852,0.28510087728500366,10.714368595209303,10.714368595209303,0.0,0.0,0.0,0.0,0.0,0.0,2.3124498e-19,0.0,5.450456204369959,16.16482479957926
2451,6067.326,11.177140880827373,0.2825787365436554,10.71470776563523,10.71470776563523,0.0,0.0,0.0,0.0,0.0,0.0,2.970094e-19,0.0,5.4902899968581735,16.204997762493406
2452,6068.7217,11.013820806200329,0.2815066874027252,10.71504592211428,10.71504592211428,0.0,0.0,0.0,0.0,0.0,0.0,3.8094454e-19,0.0,5.533700784986195,16.248746707100473
2453,6070.121,10.943422520463177,0.2853432893753052,10.715384957783723,10.715384957783723,0.0,0.0,0.0,0.0,0.0,0.0,4.88596e-19,0.0,5.567050730879598,16.28243568866332
2454,6071.5176,11.227845821519816,0.29892557859420776,10.715723216461141,10.715723216461141,0.0,0.0,0.0,0.0,0.0,0.0,6.2590684e-19,0.0,5.585064258436239,16.30078747489738
2455,6072.9146,11.51982759149054,0.3191404640674591,10.716061526257427,10.716061526257427,0.0,0.0,0.0,0.0,0.0,0.0,8.0131385e-19,0.0,5.598603499818054,16.31466502607548
2456,6074.3145,11.546963048098377,0.31186601519584656,10.716400478198782,10.716400478198782,0.0,0.0,0.0,0.0,0.0,0.0,1.02569e-18,0.0,5.584384608151623,16.300785086350405
2457,6075.712,11.525530364254696,0.28706681728363037,10.716738771800484,10.716738771800484,0.0,0.0,0.0,0.0,0.0,0.0,1.3114021e-18,0.0,5.548919174929876,16.26565794673036
2458,6077.1133,11.877600211785346,0.29329416155815125,10.717077943609349,10.717077943609349,0.0,0.0,0.0,0.0,0.0,0.0,1.6766883e-18,0.0,5.502566795660943,16.219644739270294
2459,6078.511,11.131764935210866,0.3117639124393463,10.71741622094403,10.71741622094403,0.0,0.0,0.0,0.0,0.0,0.0,2.1409285e-18,0.0,5.458075000091869,16.175491221035898
2460,6079.913,11.824475144314256,0.44100460410118103,10.71775537612097,10.71775537612097,0.0,0.0,0.0,0.0,0.0,0.0,2.7336557e-18,0.0,5.434029723239454,16.151785099360424
2461,6081.3115,11.89648088716254,0.3415857255458832,10.71809363716317,10.71809363716317,0.0,0.0,0.0,0.0,0.0,0.0,3.4859575e-18,0.0,5.40315404630914,16.121247683472312
2462,6082.7104,11.294130620895366,0.3106493353843689,10.718431949173839,10.718431949173839,0.0,0.0,0.0,0.0,0.0,0.0,4.44253e-18,0.0,5.390170755447407,16.108602704621248
2463,6084.1133,11.847960805542145,0.30724331736564636,10.718771138456505,10.718771138456505,0.0,0.0,0.0,0.0,0.0,0.0,5.6614628e-18,0.0,5.399014139526214,16.11778527798272
2464,6085.5127,11.3713800789884,0.29501813650131226,10.719109434089667,10.719109434089667,0.0,0.0,0.0,0.0,0.0,0.0,7.2055215e-18,0.0,5.395801317495975,16.11491075158564
2465,6086.9165,11.3931124226232,0.28669315576553345,10.719448724632743,10.719448724632743,0.0,0.0,0.0,0.0,0.0,0.0,9.1711806e-18,0.0,5.395154712996916,16.11460343762966
2466,6088.3164,11.20197033263295,0.28777310252189636,10.719787003839665,10.719787003839665,0.0,0.0,0.0,0.0,0.0,0.0,1.1657007e-17,0.0,5.388931995858261,16.108718999697928
2467,6089.72,11.493947453560292,0.28647541999816895,10.720126159589835,10.720126159589835,0.0,0.0,0.0,0.0,0.0,0.0,1.4816103e-17,0.0,5.380463175712168,16.100589335302004
2468,6091.1216,11.756840677558486,0.28351670503616333,10.720464658232826,10.720464658232826,0.0,0.0,0.0,0.0,0.0,0.0,1.8810145e-17,0.0,5.387478856743271,16.107943514976096
2469,6092.5225,11.217508139412619,0.2788839042186737,10.720802971783412,10.720802971783412,0.0,0.0,0.0,0.0,0.0,0.0,2.3862217e-17,0.0,5.393230614859841,16.114033586643252
2470,6093.9272,11.801919838795712,0.2795770466327667,10.721142161307894,10.721142161307894,0.0,0.0,0.0,0.0,0.0,0.0,3.026979e-17,0.0,5.406473258128117,16.12761541943601
2471,6095.329,11.282870268501574,0.28382420539855957,10.721480576207556,10.721480576207556,0.0,0.0,0.0,0.0,0.0,0.0,3.835199e-17,0.0,5.42783262761659,16.149313203824146
2472,6096.7354,11.389766915758035,0.31602752208709717,10.721819984508818,10.721819984508818,0.0,0.0,0.0,0.0,0.0,0.0,4.8593665e-17,0.0,5.440725103895287,16.162545088404105
2473,6098.1377,11.269893246379109,0.3388427495956421,10.722158382753626,10.722158382753626,0.0,0.0,0.0,0.0,0.0,0.0,6.1486525e-17,0.0,5.418987674031047,16.141146056784674
2474,6099.544,10.699062795957452,0.3107154965400696,10.722497656197913,10.722497656197913,0.0,0.0,0.0,0.0,0.0,0.0,7.779596e-17,0.0,5.387488870302312,16.109986526500226
2475,6100.947,10.861755567223486,0.28161898255348206,10.722836037786223,10.722836037786223,0.0,0.0,0.0,0.0,0.0,0.0,9.83058e-17,0.0,5.360866350501123,16.083702388287346
2476,6102.3506,11.554554322496365,0.2829958498477936,10.723174587741756,10.723174587741756,0.0,0.0,0.0,0.0,0.0,0.0,1.2415548e-16,0.0,5.325532576307345,16.0487071640491
2477,6103.7573,11.390972657892044,0.27461880445480347,10.723513776838761,10.723513776838761,0.0,0.0,0.0,0.0,0.0,0.0,1.5676775e-16,0.0,5.309304670599166,16.032818447437926
2478,6105.1616,11.006498145650326,0.2714044153690338,10.723852310006762,10.723852310006762,0.0,0.0,0.0,0.0,0.0,0.0,1.9772598e-16,0.0,5.331020546366276,16.054872856373038
2479,6106.5693,10.803576097349882,0.2868928015232086,10.7241915997212,10.7241915997212,0.0,0.0,0.0,0.0,0.0,0.0,2.4935004e-16,0.0,5.370065107484103,16.094256707205304
2480,6107.9746,10.594556120364903,0.2826721966266632,10.724530233704726,10.724530233704726,0.0,0.0,0.0,0.0,0.0,0.0,3.141037e-16,0.0,5.409992906124355,16.13452313982908
2481,6109.383,10.444070252602986,0.2649405896663666,10.7248695062437,10.7248695062437,0.0,0.0,0.0,0.0,0.0,0.0,3.9558114e-16,0.0,5.4353433521333425,16.160212858377044
2482,6110.788,11.219445720027174,0.27166396379470825,10.725208005692041,10.725208005692041,0.0,0.0,0.0,0.0,0.0,0.0,4.97601e-16,0.0,5.45082519977263,16.17603320546467
2483,6112.1943,11.333594102198498,0.2723167836666107,10.725546673148449,10.725546673148449,0.0,0.0,0.0,0.0,0.0,0.0,6.2559027e-16,0.0,5.468100767796619,16.193647440945067
2484,6113.6035,11.198813853618672,0.2714443504810333,10.72588597873298,10.72588597873298,0.0,0.0,0.0,0.0,0.0,0.0,7.86317e-16,0.0,5.467209400775859,16.19309537950884
2485,6115.01,11.21520925316997,0.2713925540447235,10.726224511640456,10.726224511640455,0.0,0.0,0.0,0.0,0.0,0.0,9.871659e-16,0.0,5.46163629736714,16.187860809007596
2486,6116.42,11.293665208005772,0.279827356338501,10.726563917475794,10.726563917475792,0.0,0.0,0.0,0.0,0.0,0.0,1.2392183e-15,0.0,5.430261336183682,16.156825253659477
2487,6117.8276,11.25005720814837,0.28003019094467163,10.726902668366455,10.726902668366453,0.0,0.0,0.0,0.0,0.0,0.0,1.553907e-15,0.0,5.3950615052305375,16.121964173596993
2488,6119.2383,11.409091649248497,0.2758684754371643,10.72724205680021,10.727242056800208,0.0,0.0,0.0,0.0,0.0,0.0,1.94804e-15,0.0,5.3489764354683,16.07621849226851
2489,6120.646,10.895433776914174,0.27122223377227783,10.7275806730928,10.727580673092799,0.0,0.0,0.0,0.0,0.0,0.0,2.4392639e-15,0.0,5.311715728701061,16.039296401793862
2490,6122.0537,10.868873932029263,0.2786494195461273,10.72791922219955,10.727919222199546,0.0,0.0,0.0,0.0,0.0,0.0,3.05219e-15,0.0,5.28992810044144,16.01784732264099
2491,6123.4653,10.717469166845277,0.28960567712783813,10.72825864330507,10.728258643305066,0.0,0.0,0.0,0.0,0.0,0.0,3.818765e-15,0.0,5.298367548852966,16.026626192158034
2492,6124.874,10.501394604435818,0.27376988530158997,10.728597292682519,10.728597292682513,0.0,0.0,0.0,0.0,0.0,0.0,4.772259e-15,0.0,5.321284915217502,16.04988220790002
2493,6126.286,10.734141281268938,0.2733244299888611,10.728936696302235,10.72893669630223,0.0,0.0,0.0,0.0,0.0,0.0,5.9628045e-15,0.0,5.3546591490289135,16.083595845331146
2494,6127.696,10.245992944816418,0.27798646688461304,10.729275445809373,10.729275445809366,0.0,0.0,0.0,0.0,0.0,0.0,7.442176e-15,0.0,5.381639196296863,16.110914642106238
2495,6129.109,10.563263731876674,0.26636648178100586,10.729614949196884,10.729614949196876,0.0,0.0,0.0,0.0,0.0,0.0,9.286916e-15,0.0,5.396099251826938,16.125714201023822
2496,6130.519,10.606656802814577,0.26494184136390686,10.72995368139164,10.729953681391628,0.0,0.0,0.0,0.0,0.0,0.0,1.1575402e-14,0.0,5.4069940913504615,16.1369477727421
2497,6131.9326,10.990163620383592,0.26870277523994446,10.730293167151647,10.730293167151633,0.0,0.0,0.0,0.0,0.0,0.0,1.4425124e-14,0.0,5.382013503639845,16.11230667079149
2498,6133.3433,11.353729834405943,0.2752109467983246,10.730631882009735,10.730631882009718,0.0,0.0,0.0,0.0,0.0,0.0,1.7955438e-14,0.0,5.333140740545229,16.063772622554964
2499,6134.7544,10.884491756077482,0.28713539242744446,10.730970646870022,10.730970646869999,0.0,0.0,0.0,0.0,0.0,0.0,2.233542e-14,0.0,5.269696400050448,16.00066704692047
2500,6136.169,11.162980889854573,0.28113168478012085,10.73131016480005,10.731310164800021,0.0,0.0,0.0,0.0,0.0,0.0,2.7778754e-14,0.0,5.2155629639051915,15.946873128705242
2501,6137.5806,10.96018965672329,0.26822003722190857,10.731648912240752,10.731648912240718,0.0,0.0,0.0,0.0,0.0,0.0,3.4508234e-14,0.0,5.199846430312842,15.931495342553594
2502,6138.996,10.846288850646648,0.26427823305130005,10.731988529574652,10.73198852957461,0.0,0.0,0.0,0.0,0.0,0.0,4.2863052e-14,0.0,5.226272413391437,15.958260942966088
2503,6140.408,10.512978000754291,0.2672172486782074,10.732327259548384,10.732327259548331,0.0,0.0,0.0,0.0,0.0,0.0,5.3174692e-14,0.0,5.2867770956812565,16.01910435522964
2504,6141.824,10.131208666807893,0.26481449604034424,10.73266685905419,10.732666859054124,0.0,0.0,0.0,0.0,0.0,0.0,6.595922e-14,0.0,5.342162838929412,16.074829697983603
2505,6143.237,10.327893906179746,0.2627764046192169,10.733005571536868,10.733005571536786,0.0,0.0,0.0,0.0,0.0,0.0,8.171609e-14,0.0,5.390603370126407,16.123608941663274
2506,6144.6504,10.742688551049952,0.26530104875564575,10.733344450919846,10.733344450919745,0.0,0.0,0.0,0.0,0.0,0.0,1.01179576e-13,0.0,5.414238557714698,16.147583008634545
2507,6146.0674,10.956252342875048,0.26714831590652466,10.733684082202055,10.733684082201929,0.0,0.0,0.0,0.0,0.0,0.0,1.2525411e-13,0.0,5.419871085469678,16.153555167671733
2508,6147.481,10.53232488187369,0.2817574441432953,10.73402282694304,10.734022826942885,0.0,0.0,0.0,0.0,0.0,0.0,1.5486566e-13,0.0,5.412368683494963,16.146391510438
2509,6148.8984,10.793324776572259,0.28126993775367737,10.73436244029098,10.734362440290788,0.0,0.0,0.0,0.0,0.0,0.0,1.9145217e-13,0.0,5.384041480141607,16.118403920432588
2510,6150.3135,11.336330905109804,0.2882336378097534,10.734701401338791,10.734701401338555,0.0,0.0,0.0,0.0,0.0,0.0,2.364263e-13,0.0,5.360583767741758,16.095285169080547
2511,6151.7314,10.996975780207851,0.3064691424369812,10.735040996682198,10.735040996681906,0.0,0.0,0.0,0.0,0.0,0.0,2.9188238e-13,0.0,5.3354865305831645,16.070527527265362
2512,6153.1465,11.433993171066271,0.28553974628448486,10.735379823063534,10.735379823063173,0.0,0.0,0.0,0.0,0.0,0.0,3.5993062e-13,0.0,5.320901085525525,16.05628090858906
2513,6154.562,10.810625609994702,0.26567909121513367,10.735718699107034,10.73571869910659,0.0,0.0,0.0,0.0,0.0,0.0,4.4355643e-13,0.0,5.289863052725024,16.025581751832057
2514,6155.9814,10.739568364942954,0.26829856634140015,10.73605844278698,10.736058442786433,0.0,0.0,0.0,0.0,0.0,0.0,5.4653466e-13,0.0,5.231623041307047,15.967681484094026
2515,6157.397,10.911342682782905,0.272068053483963,10.736397184197983,10.73639718419731,0.0,0.0,0.0,0.0,0.0,0.0,6.7254665e-13,0.0,5.1579570150930705,15.894354199291055
2516,6158.8174,10.934201838900584,0.26569539308547974,10.736737026557497,10.73673702655667,0.0,0.0,0.0,0.0,0.0,0.0,8.276096e-13,0.0,5.066585896084766,15.803322922642263
2517,6160.2344,10.96003888117935,0.2611303925514221,10.737075983774144,10.737075983773126,0.0,0.0,0.0,0.0,0.0,0.0,1.0171832e-12,0.0,4.9753534985813905,15.712429482355535
2518,6161.6553,10.61448522724682,0.27670732140541077,10.737415807860774,10.737415807859524,0.0,0.0,0.0,0.0,0.0,0.0,1.2499903e-12,0.0,4.911797083239019,15.649212891099793
2519,6163.0723,10.654713595841148,0.2703274190425873,10.73775463039769,10.737754630396156,0.0,0.0,0.0,0.0,0.0,0.0,1.5341016e-12,0.0,4.8893127789757465,15.627067409373437
2520,6164.49,10.414737634590228,0.25705012679100037,10.738093619170877,10.738093619168996,0.0,0.0,0.0,0.0,0.0,0.0,1.8816977e-12,0.0,4.9104004574507885,15.648494076621667
2521,6165.9116,10.282545738192837,0.2630716860294342,10.738433357554634,10.738433357552326,0.0,0.0,0.0,0.0,0.0,0.0,2.3075235e-12,0.0,4.9417489242827495,15.680182281837382
2522,6167.3296,10.52843816339176,0.2794409692287445,10.738772211659139,10.738772211656313,0.0,0.0,0.0,0.0,0.0,0.0,2.8262826e-12,0.0,4.966993736632654,15.705765948291793
2523,6168.752,10.68051907590311,0.288001149892807,10.739112048408561,10.739112048405099,0.0,0.0,0.0,0.0,0.0,0.0,3.4613284e-12,0.0,4.996301679101774,15.735413727510334
2524,6170.1714,10.22157237843762,0.2697736620903015,10.739451117795774,10.739451117791539,0.0,0.0,0.0,0.0,0.0,0.0,4.234248e-12,0.0,5.029106637675662,15.768557755471436
2525,6171.594,9.833786924477042,0.2609070837497711,10.739790936121178,10.739790936116,0.0,0.0,0.0,0.0,0.0,0.0,5.1785074e-12,0.0,5.058994333152352,15.79878526927353
2526,6173.014,10.042506362662543,0.25403356552124023,10.74012998737408,10.740129987367755,0.0,0.0,0.0,0.0,0.0,0.0,6.3261588e-12,0.0,5.09779152704693,15.83792151442101
2527,6174.434,10.395064961870057,0.2560789883136749,10.740468971347378,10.740468971339656,0.0,0.0,0.0,0.0,0.0,0.0,7.722535e-12,0.0,5.136370050947326,15.876839022294703
2528,6175.8574,10.574590677064352,0.26006218791007996,10.740808703813125,10.7408087038037,0.0,0.0,0.0,0.0,0.0,0.0,9.4248515e-12,0.0,5.160671240049906,15.90147994386303
2529,6177.2783,10.634028913513522,0.25973090529441833,10.741147786175226,10.741147786163737,0.0,0.0,0.0,0.0,0.0,0.0,1.1490139e-11,0.0,5.193692682250639,15.934840468425865
2530,6178.703,10.55867935514582,0.2639467418193817,10.74148773315944,10.741487733145435,0.0,0.0,0.0,0.0,0.0,0.0,1.4005511e-11,0.0,5.2200529446588675,15.961540677818308
2531,6180.125,10.672053011210203,0.27386781573295593,10.741826913725415,10.741826913708362,0.0,0.0,0.0,0.0,0.0,0.0,1.7052176e-11,0.0,5.243421880452396,15.98524879417781
2532,6181.5503,10.887212166863744,0.2888733744621277,10.742166842066482,10.742166842045725,0.0,0.0,0.0,0.0,0.0,0.0,2.0756287e-11,0.0,5.259468665045435,16.001635507111917
2533,6182.972,11.024086166791651,0.2908347547054291,10.742505887859918,10.742505887834684,0.0,0.0,0.0,0.0,0.0,0.0,2.5234818e-11,0.0,5.257507155962255,16.00001304382217
2534,6184.3945,11.267455702006128,0.3103581964969635,10.742844982787403,10.742844982756743,0.0,0.0,0.0,0.0,0.0,0.0,3.0659426e-11,0.0,5.224714631856176,15.96755961464358
2535,6185.821,11.410763148245485,0.2925470769405365,10.743184941418136,10.743184941380893,0.0,0.0,0.0,0.0,0.0,0.0,3.7243035e-11,0.0,5.183326359811156,15.926511301229292
2536,6187.244,10.351939302577577,0.27289238572120667,10.743524134331269,10.74352413428608,0.0,0.0,0.0,0.0,0.0,0.0,4.5189484e-11,0.0,5.1422661722759395,15.885790306607209
2537,6188.671,10.816726012047525,0.273613303899765,10.743864074217047,10.74386407416223,0.0,0.0,0.0,0.0,0.0,0.0,5.4816908e-11,0.0,5.102702813330893,15.84656688754794
2538,6190.094,11.051454779765017,0.28180617094039917,10.744203132371508,10.744203132305092,0.0,0.0,0.0,0.0,0.0,0.0,6.641619e-11,0.0,5.067718270161742,15.811921402533251
2539,6191.5215,10.678070241851312,0.2932031750679016,10.744543053513995,10.744543053433542,0.0,0.0,0.0,0.0,0.0,0.0,8.045377e-11,0.0,5.061598604279059,15.806141657793054
2540,6192.9463,10.408167636023133,0.2695480287075043,10.74488232577562,10.744882325678265,0.0,0.0,0.0,0.0,0.0,0.0,9.7355575e-11,0.0,5.0807916764158305,15.825674002191452
2541,6194.3706,10.677250634926231,0.2812759280204773,10.745221414468757,10.745221414351043,0.0,0.0,0.0,0.0,0.0,0.0,1.1771423e-10,0.0,5.124076116782754,15.869297531251512
2542,6195.799,10.880373656611951,0.2757636606693268,10.745561365591874,10.745561365449573,0.0,0.0,0.0,0.0,0.0,0.0,1.423009e-10,0.0,5.162831604618518,15.908392970210391
2543,6197.2246,10.435565924457656,0.2583466172218323,10.745900668176947,10.745900668005106,0.0,0.0,0.0,0.0,0.0,0.0,1.718419e-10,0.0,5.188911462016954,15.934812130193901
2544,6198.654,10.64325860768707,0.25707364082336426,10.746240716578862,10.746240716371405,0.0,0.0,0.0,0.0,0.0,0.0,2.074573e-10,0.0,5.206753217874454,15.952993934453318
2545,6200.0796,10.634948113543238,0.2598077654838562,10.74657988435773,10.746579884107572,0.0,0.0,0.0,0.0,0.0,0.0,2.5015967e-10,0.0,5.215326926129612,15.961906810487342
2546,6201.5093,10.388488932627578,0.2635270357131958,10.746919913809572,10.746919913507988,0.0,0.0,0.0,0.0,0.0,0.0,3.0158445e-10,0.0,5.222552136403184,15.969472050212756
2547,6202.936,10.700075885085568,0.2826278805732727,10.747259179071895,10.747259178708719,0.0,0.0,0.0,0.0,0.0,0.0,3.6317643e-10,0.0,5.239793995590701,15.987053174662595
2548,6204.364,10.482068079437749,0.2740147113800049,10.747598609171678,10.747598608734593,0.0,0.0,0.0,0.0,0.0,0.0,4.3708456e-10,0.0,5.2620687308649865,16.009667340036664
2549,6205.7944,11.093018118871203,0.2737853229045868,10.74793866820023,10.747938667674385,0.0,0.0,0.0,0.0,0.0,0.0,5.258467e-10,0.0,5.279866631495007,16.02780529969524
2550,6207.2217,11.442576511198087,0.27592116594314575,10.748277847429547,10.748277846797654,0.0,0.0,0.0,0.0,0.0,0.0,6.3189287e-10,0.0,5.2743863031329665,16.022664150562512
2551,6208.6533,11.041872009601057,0.2614869475364685,10.748618003431673,10.748618002672476,0.0,0.0,0.0,0.0,0.0,0.0,7.5919754e-10,0.0,5.248863235149918,15.997481238581592
2552,6210.0815,10.846800783270377,0.260109007358551,10.748957279930291,10.748957279019207,0.0,0.0,0.0,0.0,0.0,0.0,9.1108404e-10,0.0,5.218033811456186,15.966991091386477
2553,6211.5137,11.407504169664511,0.26394420862197876,10.749297416804064,10.749297415710963,0.0,0.0,0.0,0.0,0.0,0.0,1.0931007e-09,0.0,5.161614330091348,15.910911746895412
2554,6212.943,10.63086493631543,0.25812944769859314,10.74963679045343,10.749636789143398,0.0,0.0,0.0,0.0,0.0,0.0,1.3100308e-09,0.0,5.094749611414063,15.844386401867492
2555,6214.372,10.829501706114492,0.2690882980823517,10.749976096796534,10.749976095227671,0.0,0.0,0.0,0.0,0.0,0.0,1.5688616e-09,0.0,5.0461210432141215,15.796097140010655
2556,6215.805,10.575915635338704,0.2691033184528351,10.750316262977323,10.750316261098947,0.0,0.0,0.0,0.0,0.0,0.0,1.8783766e-09,0.0,5.01618260074528,15.766498863722603
2557,6217.235,10.630253780651987,0.28508004546165466,10.750655550501152,10.750655548254812,0.0,0.0,0.0,0.0,0.0,0.0,2.2463393e-09,0.0,4.999998103808462,15.750653654309614
2558,6218.6685,10.94048475993818,0.27530503273010254,10.750995697526864,10.750995694841142,0.0,0.0,0.0,0.0,0.0,0.0,2.6857228e-09,0.0,5.012002231944144,15.762997929471009
2559,6220.099,10.489073920695935,0.2538999617099762,10.751335082072952,10.751335078865429,0.0,0.0,0.0,0.0,0.0,0.0,3.2075238e-09,0.0,5.028420280964221,15.779755363037173
2560,6221.5337,10.309506358049973,0.2542599141597748,10.751675325747492,10.751675321917759,0.0,0.0,0.0,0.0,0.0,0.0,3.829732e-09,0.0,5.042595921613113,15.794271247360605
2561,6222.965,10.386318294293323,0.2549305260181427,10.752014691444248,10.752014686876892,0.0,0.0,0.0,0.0,0.0,0.0,4.567357e-09,0.0,5.050476940386853,15.802491631831101
2562,6224.3965,10.514442023135295,0.26097479462623596,10.75235410569974,10.752354100256364,0.0,0.0,0.0,0.0,0.0,0.0,5.4433755e-09,0.0,5.059079590939411,15.811433696639149
2563,6225.832,10.720177541266027,0.2788463830947876,10.752694378592512,10.752694372106781,0.0,0.0,0.0,0.0,0.0,0.0,6.485732e-09,0.0,5.066043962945399,15.81873834153791
2564,6227.264,10.896808366121592,0.27789542078971863,10.753033774060523,10.753033766341717,0.0,0.0,0.0,0.0,0.0,0.0,7.718806e-09,0.0,5.045841475187002,15.798875249247525
2565,6228.6997,10.766033729447669,0.25582757592201233,10.753373912193727,10.75337390301039,0.0,0.0,0.0,0.0,0.0,0.0,9.183337e-09,0.0,5.017690101729089,15.771064013922816
2566,6230.133,10.493561640401655,0.25870710611343384,10.7537134046743,10.753713393759849,0.0,0.0,0.0,0.0,0.0,0.0,1.0914451e-08,0.0,4.9925471395055725,15.746260544179872
2567,6231.5693,10.79148088107905,0.2628444731235504,10.754053639554957,10.754053626587273,0.0,0.0,0.0,0.0,0.0,0.0,1.2967685e-08,0.0,4.987376350061087,15.741429989616044
2568,6233.003,10.817437767142227,0.2573182284832001,10.754393113469359,10.754393098078985,0.0,0.0,0.0,0.0,0.0,0.0,1.5390373e-08,0.0,5.014598251229354,15.768991364698714
2569,6234.437,10.256488108766108,0.25769728422164917,10.754732636056119,10.7547326178028,0.0,0.0,0.0,0.0,0.0,0.0,1.8253319e-08,0.0,5.0482432602524465,15.802975896308565
2570,6235.875,10.07127792773632,0.25494009256362915,10.755073016326536,10.755072994683688,0.0,0.0,0.0,0.0,0.0,0.0,2.1642848e-08,0.0,5.062140155454598,15.817213171781134
2571,6237.3096,10.736636540104506,0.2693074941635132,10.755412520680316,10.755412495047825,0.0,0.0,0.0,0.0,0.0,0.0,2.5632492e-08,0.0,5.0553327592118995,15.810745279892217
2572,6238.7476,10.086427885612817,0.26259854435920715,10.75575276704054,10.755752736693147,0.0,0.0,0.0,0.0,0.0,0.0,3.0347394e-08,0.0,5.032184403815894,15.787937170856434
2573,6240.1826,10.166338020733702,0.2612190544605255,10.756092253589175,10.756092217698582,0.0,0.0,0.0,0.0,0.0,0.0,3.5890594e-08,0.0,4.997529929705751,15.753622183294926
2574,6241.6216,10.152724281983303,0.2596939504146576,10.756432597584778,10.756432555150527,0.0,0.0,0.0,0.0,0.0,0.0,4.243425e-08,0.0,4.967496856017184,15.723929453601961
2575,6243.0576,10.36036230495871,0.2580118775367737,10.756772182320915,10.756772132204098,0.0,0.0,0.0,0.0,0.0,0.0,5.0116817e-08,0.0,4.947914825168244,15.70468700748916
2576,6244.497,10.839877020701753,0.2685849070549011,10.757112509044285,10.757112449874528,0.0,0.0,0.0,0.0,0.0,0.0,5.9169757e-08,0.0,4.953442681446685,15.71055519049097
2577,6245.9336,10.883488074446545,0.2704056203365326,10.757452077216799,10.757452007433935,0.0,0.0,0.0,0.0,0.0,0.0,6.9782864e-08,0.0,4.970242127274647,15.727694204491446
2578,6247.3706,10.335608700344219,0.25262650847435,10.757791695247246,10.757791613003956,0.0,0.0,0.0,0.0,0.0,0.0,8.224329e-08,0.0,4.986661693027363,15.744453388274609
2579,6248.8115,9.947684650529308,0.25234320759773254,10.758132170964194,10.758132074064568,0.0,0.0,0.0,0.0,0.0,0.0,9.6899626e-08,0.0,5.005051250349599,15.763183421313792
2580,6250.2485,10.438782545353966,0.25920820236206055,10.758471658734866,10.758471544701973,0.0,0.0,0.0,0.0,0.0,0.0,1.1403289e-07,0.0,5.012502816889686,15.770974475624552
2581,6251.69,10.587578109102566,0.25835996866226196,10.75881211999761,10.758811985835319,0.0,0.0,0.0,0.0,0.0,0.0,1.3416229e-07,0.0,4.986184784574191,15.744996904571803
2582,6253.128,10.53502837626257,0.2595926821231842,10.759151709882914,10.759151552215428,0.0,0.0,0.0,0.0,0.0,0.0,1.5766749e-07,0.0,4.948004803974246,15.70715651385716
2583,6254.5703,11.121062470572273,0.26735737919807434,10.759492273889476,10.759492088645386,0.0,0.0,0.0,0.0,0.0,0.0,1.8524409e-07,0.0,4.912611769540032,15.672104043429508
2584,6256.0093,10.395816987842785,0.25479891896247864,10.759831968008397,10.759831750609179,0.0,0.0,0.0,0.0,0.0,0.0,2.1739922e-07,0.0,4.883099371104969,15.642931339113366
2585,6257.448,10.26799820933651,0.2651834189891815,10.760171600120788,10.760171345174161,0.0,0.0,0.0,0.0,0.0,0.0,2.5494663e-07,0.0,4.88981486286808,15.649986462988869
2586,6258.891,10.23378612339458,0.25995901226997375,10.760512092851993,10.760511793966568,0.0,0.0,0.0,0.0,0.0,0.0,2.9888542e-07,0.0,4.9180407351259285,15.67855282797792
2587,6260.3315,9.924365371969866,0.25330978631973267,10.760851949209643,10.760851599168097,0.0,0.0,0.0,0.0,0.0,0.0,3.5004155e-07,0.0,4.980641990395857,15.741493939605501
2588,6261.775,9.737443884159886,0.2607249915599823,10.761192437624253,10.761192027843684,0.0,0.0,0.0,0.0,0.0,0.0,4.0978057e-07,0.0,5.0435810487014425,15.804773486325695
2589,6263.2153,10.119828763252304,0.2795223593711853,10.761532177241971,10.761531698038478,0.0,0.0,0.0,0.0,0.0,0.0,4.792035e-07,0.0,5.088181910270644,15.849714087512616
2590,6264.6597,10.468385299376557,0.2678912281990051,10.76187278191418,10.761872221706996,0.0,0.0,0.0,0.0,0.0,0.0,5.602072e-07,0.0,5.124308029480865,15.886180811395045
2591,6266.1006,10.020693294829169,0.251108855009079,10.762212526224902,10.76221187205043,0.0,0.0,0.0,0.0,0.0,0.0,6.5417447e-07,0.0,5.139490611726007,15.901703137950909
2592,6267.542,10.400872536800644,0.25312909483909607,10.762552333452637,10.762551570077013,0.0,0.0,0.0,0.0,0.0,0.0,7.633756e-07,0.0,5.141666106082656,15.904218439535294
2593,6268.9873,10.724835503732287,0.25535455346107483,10.762893011535848,10.762892121024176,0.0,0.0,0.0,0.0,0.0,0.0,8.9051167e-07,0.0,5.1566437595733765,15.919536771109225
2594,6270.429,10.597387276902923,0.25455766916275024,10.763232836790758,10.76323179912165,0.0,0.0,0.0,0.0,0.0,0.0,1.0376691e-06,0.0,5.164778746351471,15.92801158314223
2595,6271.8755,10.85658396822304,0.25619417428970337,10.763573653583167,10.763572444780126,0.0,0.0,0.0,0.0,0.0,0.0,1.208803e-06,0.0,5.178480729042585,15.942054382625752
2596,6273.319,11.234087137105968,0.26313352584838867,10.763913739518488,10.763912332846461,0.0,0.0,0.0,0.0,0.0,0.0,1.406672e-06,0.0,5.196073385354969,15.959987124873457
2597,6274.765,10.377012466096552,0.2561891973018646,10.764254479348041,10.764252843138879,0.0,0.0,0.0,0.0,0.0,0.0,1.6362092e-06,0.0,5.2097690356734665,15.974023515021507
2598,6276.2085,10.487467993135326,0.25275012850761414,10.764594497368687,10.764592596171308,0.0,0.0,0.0,0.0,0.0,0.0,1.9011974e-06,0.0,5.198637735014089,15.963232232382776
2599,6277.6523,10.822376769116776,0.2537993788719177,10.764934604264207,10.76493239670115,0.0,0.0,0.0,0.0,0.0,0.0,2.207563e-06,0.0,5.179505783983809,15.944440388248015
2600,6279.0996,10.612912707377507,0.25367850065231323,10.765275496250666,10.765272933967168,0.0,0.0,0.0,0.0,0.0,0.0,2.5622835e-06,0.0,5.154677815388606,15.919953311639272
2601,6280.5444,10.443406182781057,0.2520384192466736,10.765615800268266,10.765612829236476,0.0,0.0,0.0,0.0,0.0,0.0,2.9710318e-06,0.0,5.1295613465158185,15.895177146784086
2602,6281.9927,10.614259344742749,0.2565423548221588,10.765956904487737,10.765953460889094,0.0,0.0,0.0,0.0,0.0,0.0,3.4435986e-06,0.0,5.108473199202564,15.874430103690301
2603,6283.438,10.492809268723086,0.25389501452445984,10.766297323082995,10.766293335928708,0.0,0.0,0.0,0.0,0.0,0.0,3.9871543e-06,0.0,5.1119585306543565,15.87825585373735
2604,6284.887,10.377472054280695,0.2587854266166687,10.766638676698228,10.766634061832981,0.0,0.0,0.0,0.0,0.0,0.0,4.6148652e-06,0.0,5.13799749680573,15.90463617350396
2605,6286.333,10.25662948061526,0.2643202245235443,10.766979252158482,10.766973916599174,0.0,0.0,0.0,0.0,0.0,0.0,5.3355593e-06,0.0,5.189472661718724,15.956451913877206
2606,6287.779,10.324579644354067,0.25797951221466064,10.76731986810424,10.767313703934777,0.0,0.0,0.0,0.0,0.0,0.0,6.1641695e-06,0.0,5.243209433404723,16.010529301508964
2607,6289.229,10.826917986989038,0.26871103048324585,10.767661575590559,10.76765445634934,0.0,0.0,0.0,0.0,0.0,0.0,7.119241e-06,0.0,5.276269574046117,16.043931149636677
2608,6290.6753,11.173244037244517,0.2775624096393585,10.768002436335635,10.767994223402937,0.0,0.0,0.0,0.0,0.0,0.0,8.212933e-06,0.0,5.286940060045522,16.05494249638116
2609,6292.126,10.911888579677326,0.2635803818702698,10.768344426746442,10.76833495513765,0.0,0.0,0.0,0.0,0.0,0.0,9.471609e-06,0.0,5.28779556338908,16.05613999013552
2610,6293.5737,11.566034743559129,0.27353888750076294,10.76868584303549,10.768674931191816,0.0,0.0,0.0,0.0,0.0,0.0,1.0911844e-05,0.0,5.283706238496534,16.052392081532023
2611,6295.025,11.345517783222121,0.27815210819244385,10.7690282079857,10.769015642180436,0.0,0.0,0.0,0.0,0.0,0.0,1.2565805e-05,0.0,5.305849404277879,16.074877612263577
2612,6296.4727,10.77616326775977,0.28461456298828125,10.769369937938471,10.76935548316819,0.0,0.0,0.0,0.0,0.0,0.0,1.445477e-05,0.0,5.373239350648432,16.142609288586904
2613,6297.922,11.840428673241933,0.29068419337272644,10.76971221804286,10.769695600495998,0.0,0.0,0.0,0.0,0.0,0.0,1.6617547e-05,0.0,5.490191138769786,16.259903356812647
2614,6299.374,11.5597308797941,0.27941712737083435,10.770055432563945,10.77003633766993,0.0,0.0,0.0,0.0,0.0,0.0,1.9094894e-05,0.0,5.607083924283048,16.377139356846993
2615,6300.823,11.36573175372408,0.3012101352214813,10.770398238728022,10.770376319854778,0.0,0.0,0.0,0.0,0.0,0.0,2.1918873e-05,0.0,5.636040173155803,16.406438411883826
2616,6302.276,12.420180775643006,0.3081132769584656,10.770742185907944,10.770717036185738,0.0,0.0,0.0,0.0,0.0,0.0,2.5149722e-05,0.0,5.547972224234924,16.318714410142867
2617,6303.7256,13.584908352437989,0.3362940549850464,10.771085824800732,10.771056997813186,0.0,0.0,0.0,0.0,0.0,0.0,2.8826988e-05,0.0,5.409852160867676,16.180937985668407
2618,6305.1797,13.691107668338049,0.37761226296424866,10.77143095286293,10.771397922219977,0.0,0.0,0.0,0.0,0.0,0.0,3.3030643e-05,0.0,5.322640500607265,16.094071453470196
2619,6306.63,12.828140740738922,0.35905295610427856,10.771775668161203,10.771737863224038,0.0,0.0,0.0,0.0,0.0,0.0,3.7804937e-05,0.0,5.299479956282562,16.071255624443765
2620,6308.0806,11.992782400428654,0.3201631009578705,10.772121089799608,10.772077851217315,0.0,0.0,0.0,0.0,0.0,0.0,4.3238582e-05,0.0,5.283340646446346,16.055461736245952
2621,6309.535,11.999246828653416,0.375325471162796,10.772468120601689,10.772418686970768,0.0,0.0,0.0,0.0,0.0,0.0,4.943363e-05,0.0,5.283696896932522,16.056165017534212
2622,6310.9873,11.965067056041345,0.3590339422225952,10.772815344002769,10.77275888304462,0.0,0.0,0.0,0.0,0.0,0.0,5.6460958e-05,0.0,5.281593176502599,16.05440852050537
2623,6312.4424,11.431021902574635,0.2757398784160614,10.773164153323092,10.773099697724616,0.0,0.0,0.0,0.0,0.0,0.0,6.44556e-05,0.0,5.253546502576732,16.026710655899826
2624,6313.8945,11.266616435078227,0.2726288139820099,10.773513265703288,10.77343975863164,0.0,0.0,0.0,0.0,0.0,0.0,7.350707e-05,0.0,5.196812062236226,15.970325327939515
2625,6315.3506,11.988775835138043,0.27337032556533813,10.773864462118032,10.77378066655128,0.0,0.0,0.0,0.0,0.0,0.0,8.379557e-05,0.0,5.151914014715473,15.925778476833505
2626,6316.803,11.36258290064448,0.27091988921165466,10.774216129247836,10.774120706649885,0.0,0.0,0.0,0.0,0.0,0.0,9.54226e-05,0.0,5.131393692373099,15.905609821620935
2627,6318.2563,10.493713422800688,0.26568084955215454,10.774569378876162,10.774460793554294,0.0,0.0,0.0,0.0,0.0,0.0,0.00010858532,0.0,5.121110872243256,15.895680251119419
2628,6319.713,10.896873697508852,0.2624834477901459,10.774925120241754,10.774801612680243,0.0,0.0,0.0,0.0,0.0,0.0,0.00012350756,0.0,5.135738149414977,15.91066326965673
2629,6321.167,10.822729346628464,0.25651440024375916,10.775282136546439,10.775141792942877,0.0,0.0,0.0,0.0,0.0,0.0,0.0001403436,0.0,5.179515602712356,15.954797739258794
2630,6322.625,10.128002860817976,0.25306060910224915,10.775642227370398,10.775482819273591,0.0,0.0,0.0,0.0,0.0,0.0,0.0001594081,0.0,5.234158775534563,16.00980100290496
2631,6324.0796,10.531535668291866,0.2541072368621826,10.776003849446855,10.775822978541104,0.0,0.0,0.0,0.0,0.0,0.0,0.0001808709,0.0,5.280345397076785,16.05634924652364
2632,6325.538,10.993194673543876,0.2581614553928375,10.77636912053649,10.776163983526292,0.0,0.0,0.0,0.0,0.0,0.0,0.00020513701,0.0,5.325612928384835,16.101982048921325
2633,6326.993,10.674624893465742,0.2551489472389221,10.776736535247954,10.776504121778606,0.0,0.0,0.0,0.0,0.0,0.0,0.00023241347,0.0,5.3545251156895315,16.131261650937486
2634,6328.448,10.86916990969939,0.2588498294353485,10.777107309219224,10.77684419254752,0.0,0.0,0.0,0.0,0.0,0.0,0.00026311667,0.0,5.367852490202952,16.144959799422175
2635,6329.9077,11.170854039206219,0.2573171854019165,10.777482983584706,10.777185222615445,0.0,0.0,0.0,0.0,0.0,0.0,0.00029776097,0.0,5.363815836892415,16.14129882047712
2636,6331.3643,11.266544269440725,0.2610638439655304,10.77786212717394,10.777525500483826,0.0,0.0,0.0,0.0,0.0,0.0,0.0003366267,0.0,5.350797725798532,16.128659852972472
2637,6332.8237,11.217074042855351,0.2686944305896759,10.778246764157139,10.777866395050133,0.0,0.0,0.0,0.0,0.0,0.0,0.0003803691,0.0,5.320018166006954,16.098264930164092
2638,6334.281,10.283206427318976,0.2850618362426758,10.778636032360406,10.778206651762627,0.0,0.0,0.0,0.0,0.0,0.0,0.0004293806,0.0,5.29136613585241,16.070002168212817
2639,6335.741,11.41607263892658,0.34094154834747314,10.779032114190851,10.778547638906968,0.0,0.0,0.0,0.0,0.0,0.0,0.00048447528,0.0,5.273159233632013,16.052191347822863
2640,6337.199,11.577111883688818,0.3719630837440491,10.779434100931667,10.778887988391489,0.0,0.0,0.0,0.0,0.0,0.0,0.00054611254,0.0,5.254404382180323,16.03383848311199
2641,6338.657,10.976762141770514,0.34448951482772827,10.77984339293535,10.779228270323715,0.0,0.0,0.0,0.0,0.0,0.0,0.0006151226,0.0,5.2528349499042895,16.032678342839638
2642,6340.1187,10.750453907219672,0.3087213337421417,10.78026179859953,10.779569282208831,0.0,0.0,0.0,0.0,0.0,0.0,0.0006925164,0.0,5.273462337287164,16.053724135886696
2643,6341.577,10.868251119422023,0.3300042152404785,10.780688411021794,10.779909542867637,0.0,0.0,0.0,0.0,0.0,0.0,0.00077886815,0.0,5.271666254235203,16.052354665257
2644,6343.0396,10.703197542501233,0.33658933639526367,10.781126240218208,10.780250647055135,0.0,0.0,0.0,0.0,0.0,0.0,0.00087559316,0.0,5.264667447733142,16.045793687951353
2645,6344.4985,10.705829113872838,0.31049486994743347,10.781574194700408,10.78059088639817,0.0,0.0,0.0,0.0,0.0,0.0,0.0009833083,0.0,5.280367404071499,16.061941598771906
2646,6345.9614,10.713757769392402,0.29839810729026794,10.78203574216815,10.780931968920699,0.0,0.0,0.0,0.0,0.0,0.0,0.0011037732,0.0,5.297440274430841,16.07947601659899
2647,6347.4214,11.031602683257654,0.30190548300743103,10.782510063133756,10.781272300740326,0.0,0.0,0.0,0.0,0.0,0.0,0.0012377624,0.0,5.319877800751135,16.102387863884893
2648,6348.885,11.104272238699348,0.2950424551963806,10.783000686089178,10.781613361555753,0.0,0.0,0.0,0.0,0.0,0.0,0.0013873245,0.0,5.342276223214715,16.125276909303892
2649,6350.3457,10.420874596345689,0.2781184911727905,10.783507259131364,10.781953785719304,0.0,0.0,0.0,0.0,0.0,0.0,0.0015534734,0.0,5.352803229582046,16.13631048871341
2650,6351.8066,10.832822766595383,0.2859942317008972,10.78403233308749,10.782294142320135,0.0,0.0,0.0,0.0,0.0,0.0,0.0017381908,0.0,5.340684923834305,16.124717256921794
2651,6353.2715,10.98244302375539,0.275923490524292,10.784579302644856,10.782635341160498,0.0,0.0,0.0,0.0,0.0,0.0,0.0019439615,0.0,5.323568176195782,16.10814747884064
2652,6354.733,11.096001948271391,0.2802261710166931,10.785147537249118,10.782975676241309,0.0,0.0,0.0,0.0,0.0,0.0,0.002171861,0.0,5.280121480073335,16.065269017322453
2653,6356.198,11.568486058862273,0.28227007389068604,10.78574218506822,10.783316853213027,0.0,0.0,0.0,0.0,0.0,0.0,0.0024253319,0.0,5.224211847631867,16.009954032700087
2654,6357.66,11.783405468690276,0.3016236424446106,10.786362777344406,10.78365716675435,0.0,0.0,0.0,0.0,0.0,0.0,0.0027056106,0.0,5.187118365538239,15.973481142882644
2655,6359.1265,11.225122153104476,0.283443421125412,10.787015385333543,10.783998435469439,0.0,0.0,0.0,0.0,0.0,0.0,0.0030169499,0.0,5.164686501680681,15.951701887014224
2656,6360.5894,11.453306148962882,0.31466230750083923,10.787699522041006,10.784338841038046,0.0,0.0,0.0,0.0,0.0,0.0,0.003360681,0.0,5.1727009311152425,15.960400453156248
2657,6362.0527,11.478324693514985,0.2944539487361908,10.788420129984308,10.784679292652447,0.0,0.0,0.0,0.0,0.0,0.0,0.0037408373,0.0,5.216100889370758,16.004521019355067
2658,6363.5195,10.928694418861912,0.2808178663253784,10.78918230450989,10.785020471655738,0.0,0.0,0.0,0.0,0.0,0.0,0.004161833,0.0,5.277486153647853,16.066668458157743
2659,6364.984,11.113161389458767,0.2776273787021637,10.789986838924866,10.785361015110444,0.0,0.0,0.0,0.0,0.0,0.0,0.004625824,0.0,5.319083865057835,16.109070703982702
2660,6366.4517,11.653113391183032,0.2950095534324646,10.790841134048557,10.785702285605973,0.0,0.0,0.0,0.0,0.0,0.0,0.0051388484,2.2e-44,5.353163693167554,16.14400482721611
2661,6367.916,11.234876213351969,0.29675355553627014,10.791745677342512,10.786042693754531,0.0,0.0,0.0,0.0,0.0,0.0,0.0057029836,6.6e-44,5.372528495510336,16.16427417285285
2662,6369.385,11.44140008231004,0.3113313615322113,10.79271019646891,10.786384055633029,0.0,0.0,0.0,0.0,0.0,0.0,0.006326141,2.87e-43,5.388430087367695,16.181140283836605
2663,6370.85,11.274215545181246,0.29966846108436584,10.79373484771002,10.786724555448181,0.0,0.0,0.0,0.0,0.0,0.0,0.0070102923,1.324e-42,5.418708954330474,16.212443802040493
2664,6372.3164,11.45978147479514,0.2858646512031555,10.794828200792479,10.787065214557158,0.0,0.0,0.0,0.0,0.0,0.0,0.0077629862,5.939e-42,5.445181064877711,16.24000926567019
2665,6373.7856,11.62297410927311,0.29323461651802063,10.795998084376771,10.787406486476977,0.0,0.0,0.0,0.0,0.0,0.0,0.008591598,2.6513e-41,5.459902096171225,16.255900180547997
2666,6375.252,11.564193485718626,0.289560467004776,10.79724641760537,10.787747010232001,0.0,0.0,0.0,0.0,0.0,0.0,0.009499407,1.16756e-40,5.46664071227942,16.26388712988479
2667,6376.722,11.572742724321849,0.29032739996910095,10.798586196664628,10.788088373307046,0.0,0.0,0.0,0.0,0.0,0.0,0.010497823,5.10448e-40,5.44396564970159,16.24255184636622
2668,6378.189,11.325658839262957,0.2802954316139221,10.80001840411021,10.788428875117438,0.0,0.0,0.0,0.0,0.0,0.0,0.011589529,2.198393e-39,5.4303550309763,16.23037343508651
2669,6379.6597,11.914945371764464,0.278086394071579,10.801558443659847,10.788770215900545,0.0,0.0,0.0,0.0,0.0,0.0,0.012788228,9.395412e-39,5.419008485657411,16.220566929317258
2670,6381.1274,11.591582765121558,0.29203447699546814,10.803208057244566,10.789110809040514,0.0,0.0,0.0,0.0,0.0,0.0,0.014097248,3.957823e-38,5.404982099990747,16.208190157235315
2671,6382.595,11.224671339850492,0.293517142534256,10.80497961115822,10.78945133459553,0.0,0.0,0.0,0.0,0.0,0.0,0.015528277,1.6480866e-37,5.419627213616304,16.224606824774526
2672,6384.0674,11.339133969130188,0.2813434898853302,10.806889048176618,10.789792811828466,0.0,0.0,0.0,0.0,0.0,0.0,0.017096236,6.812861e-37,5.431589373765319,16.238478421941938
2673,6385.5356,10.978553077414453,0.2676895260810852,10.808936485274833,10.79013331532399,0.0,0.0,0.0,0.0,0.0,0.0,0.01880317,2.7734207e-36,5.44123528318125,16.250171768456084
2674,6387.009,10.376003070729997,0.2619648575782776,10.811145908227271,10.790474883308715,0.0,0.0,0.0,0.0,0.0,0.0,0.020671025,1.1212265e-35,5.445308879953598,16.256454788180868
2675,6388.4775,11.367827420574955,0.2666664123535156,10.813515791803509,10.790815364703446,0.0,0.0,0.0,0.0,0.0,0.0,0.022700427,4.4620606e-35,5.4396161981994595,16.25313199000297
2676,6389.951,11.235535403118554,0.2901546061038971,10.816074358090184,10.791156910150669,0.0,0.0,0.0,0.0,0.0,0.0,0.024917448,1.7632987e-34,5.421456555499611,16.237530913589794
2677,6391.421,11.215159560929871,0.31002911925315857,10.818820538573974,10.791497482561581,0.0,0.0,0.0,0.0,0.0,0.0,0.027323056,6.862823e-34,5.39336857627716,16.212189114851135
2678,6392.891,11.716726709852498,0.32878294587135315,10.821776714519933,10.791838100524023,0.0,0.0,0.0,0.0,0.0,0.0,0.029938614,2.6414884e-33,5.368548940171916,16.190325654691847
2679,6394.365,11.13557283016066,0.2931426167488098,10.824966576884986,10.792179555635453,0.0,0.0,0.0,0.0,0.0,0.0,0.03278702,1.0085614e-32,5.351972183267074,16.176938760152062
2680,6395.8364,10.352464439583134,0.26568084955215454,10.828392351311289,10.792520264428697,0.0,0.0,0.0,0.0,0.0,0.0,0.035872087,3.7962652e-32,5.352959869193721,16.18135222050501
2681,6397.311,11.340551137392545,0.26293113827705383,10.832086779778278,10.792861696933782,0.0,0.0,0.0,0.0,0.0,0.0,0.039225083,1.4167498e-31,5.343693018491243,16.17577979826952
2682,6398.783,11.005016444407534,0.2553688585758209,10.836054350542645,10.79320249642692,0.0,0.0,0.0,0.0,0.0,0.0,0.042851854,5.214858e-31,5.353002430714535,16.18905678125718
2683,6400.259,10.628653814775173,0.2551618814468384,10.840331046555322,10.79354401928572,0.0,0.0,0.0,0.0,0.0,0.0,0.046787027,1.9030238e-30,5.368477532881077,16.2088085794364
2684,6401.731,10.830718401636663,0.25291621685028076,10.84491818767573,10.79388468336846,0.0,0.0,0.0,0.0,0.0,0.0,0.051033504,6.843752e-30,5.384159680638729,16.22907786831446
2685,6403.2036,10.48609840684935,0.2585141062736511,10.849849166309536,10.794225392824114,0.0,0.0,0.0,0.0,0.0,0.0,0.055623773,2.433811e-29,5.3986681718249665,16.2485173381345
2686,6404.68,11.071196381727555,0.2842153310775757,10.855160379278855,10.794566938150124,0.0,0.0,0.0,0.0,0.0,0.0,0.06059344,8.5836326e-29,5.413674528916976,16.26883490819583
2687,6406.1533,11.667285839641234,0.29961010813713074,10.860850329846206,10.794907625168625,0.0,0.0,0.0,0.0,0.0,0.0,0.065942705,2.9835734e-28,5.408584674274781,16.269435004120986
2688,6407.6304,11.102163203618998,0.3052946925163269,10.866973420976162,10.795249147711754,0.0,0.0,0.0,0.0,0.0,0.0,0.07172427,1.028413e-27,5.389007679559713,16.255981100535877
2689,6409.1045,10.905838999330538,0.28540048003196716,10.87352886924241,10.795589925141076,0.0,0.0,0.0,0.0,0.0,0.0,0.077938944,3.4951985e-27,5.376147237241729,16.249676106484138
2690,6410.5825,11.092928738024316,0.2740832269191742,10.88057607139838,10.79593153770459,0.0,0.0,0.0,0.0,0.0,0.0,0.08464453,1.17789945e-26,5.3643008762334965,16.244876947631877
2691,6412.0576,10.412226962497462,0.27280551195144653,10.888112657672117,10.796272405391882,0.0,0.0,0.0,0.0,0.0,0.0,0.09184025,3.9140955e-26,5.350051594326269,16.238164251998384
2692,6413.5327,10.796891202141802,0.295910120010376,10.896183338222121,10.796613205430125,0.0,0.0,0.0,0.0,0.0,0.0,0.09957013,1.2855629e-25,5.348958025763471,16.245141363985592
2693,6415.0117,11.043181059078638,0.3462126553058624,10.90484389626796,10.796954840062211,0.0,0.0,0.0,0.0,0.0,0.0,0.107889056,4.186386e-25,5.355618837161598,16.26046273342956
2694,6416.4873,11.994921580631143,0.38460788130760193,10.91408577800143,10.797295617464664,0.0,0.0,0.0,0.0,0.0,0.0,0.11679016,1.3437892e-24,5.354018314998739,16.26810409300017
2695,6417.967,12.43051702827879,0.4897863268852234,10.923990343959163,10.797637229115795,0.0,0.0,0.0,0.0,0.0,0.0,0.12635311,4.276373e-24,5.352859665446798,16.276850009405962
2696,6419.4434,11.87823235151334,0.39039909839630127,10.934548952548948,10.797978096573797,0.0,0.0,0.0,0.0,0.0,0.0,0.13657086,1.3419919e-23,5.354038842944668,16.288587795493616
2697,6420.924,11.401476517218299,0.26871031522750854,10.94584938504029,10.79831979789067,0.0,0.0,0.0,0.0,0.0,0.0,0.14752959,4.174892e-23,5.353387221795373,16.299236606835663
2698,6422.401,11.104966346877745,0.2619645595550537,10.957875139199581,10.798660642587032,0.0,0.0,0.0,0.0,0.0,0.0,0.1592145,1.2803233e-22,5.37413674150116,16.33201188070074
2699,6423.878,10.326800212816835,0.2638247609138489,10.97069200288749,10.799001419658426,0.0,0.0,0.0,0.0,0.0,0.0,0.17169058,3.8808e-22,5.408455028577207,16.379147031464697
2700,6425.3594,10.901132215394608,0.2615740895271301,10.984383691157863,10.799343142714068,0.0,0.0,0.0,0.0,0.0,0.0,0.18504055,1.1664154e-21,5.435339342222581,16.419723033380443
2701,6426.8374,11.363626670388872,0.2641083896160126,10.99892181820189,10.799684009616723,0.0,0.0,0.0,0.0,0.0,0.0,0.19923781,3.456202e-21,5.449104118795698,16.44802593699759
2702,6428.32,11.24164157385768,0.2624896466732025,11.014428616907471,10.80002582206952,0.0,0.0,0.0,0.0,0.0,0.0,0.2144028,1.0154081e-20,5.434399075556383,16.448827692463855
2703,6429.799,11.454726662915952,0.2568413317203522,11.030868907252346,10.800366778651272,0.0,0.0,0.0,0.0,0.0,0.0,0.23050213,2.941074e-20,5.4124741885244765,16.44334309577682
2704,6431.2817,10.628206886791224,0.2677786350250244,11.048371275981948,10.800708567818686,0.0,0.0,0.0,0.0,0.0,0.0,0.24766271,8.442796e-20,5.399663291431432,16.44803456741338
2705,6432.761,11.461640596258007,0.30195364356040955,11.066897393010803,10.801049501441666,0.0,0.0,0.0,0.0,0.0,0.0,0.2658479,2.3895092e-19,5.384016752374804,16.450914145385607
2706,6434.2407,11.694330253335416,0.3055274486541748,11.086535054118265,10.801390367419351,0.0,0.0,0.0,0.0,0.0,0.0,0.2851447,6.6840805e-19,5.393100700644076,16.47963575476234
2707,6435.724,11.514623070936054,0.2759549021720886,11.107389929105837,10.801732065488894,0.0,0.0,0.0,0.0,0.0,0.0,0.30565786,1.852849e-18,5.408350561876447,16.515740490982285
2708,6437.205,11.558619976639086,0.30522477626800537,11.129424822746703,10.802073133408019,0.0,0.0,0.0,0.0,0.0,0.0,0.3273517,5.0676132e-18,5.41116571366853,16.540590536415234
2709,6438.689,11.446077679693573,0.30114322900772095,11.152771148556294,10.802414808147969,0.0,0.0,0.0,0.0,0.0,0.0,0.35035634,1.3725057e-17,5.421153689324981,16.573924837881275
2710,6440.1704,11.071946154508051,0.28682762384414673,11.177396645582677,10.802755852974416,0.0,0.0,0.0,0.0,0.0,0.0,0.3746408,3.667765e-17,5.432133664217535,16.609530309800213
2711,6441.6553,10.977331441726434,0.31797584891319275,11.203451912710346,10.803097616741336,0.0,0.0,0.0,0.0,0.0,0.0,0.4003543,9.708499e-17,5.468057352218878,16.671509264929224
2712,6443.137,11.031031846709897,0.3221402168273926,11.230878417478307,10.803438638435109,0.0,0.0,0.0,0.0,0.0,0.0,0.42743978,2.5348573e-16,5.497669935516665,16.72854835299497
2713,6444.6196,11.437537486870417,0.3204517960548401,11.259787841065583,10.803779704793152,0.0,0.0,0.0,0.0,0.0,0.0,0.45600814,6.543068e-16,5.4874274179147395,16.747215258980322
2714,6446.106,11.587098560117306,0.302643746137619,11.290305990327314,10.804121601928188,0.0,0.0,0.0,0.0,0.0,0.0,0.4861844,1.6732482e-15,5.452864208437381,16.743170198764695
2715,6447.589,11.104419939543149,0.2689833641052246,11.322334918982152,10.804462645060182,0.0,0.0,0.0,0.0,0.0,0.0,0.5178723,4.2196763e-15,5.403390653108219,16.725725572090372
2716,6449.0757,11.918505883170745,0.276467889547348,11.356085553572145,10.804804518625692,0.0,0.0,0.0,0.0,0.0,0.0,0.55128103,1.0541985e-14,5.353005194710115,16.70909074828226
2717,6450.559,11.47169284089165,0.2819115221500397,11.391442931359277,10.805145538514097,0.0,0.0,0.0,0.0,0.0,0.0,0.5862974,2.5973193e-14,5.313089568776318,16.704532500135596
2718,6452.047,11.370791142627706,0.27531465888023376,11.42864535955936,10.805487500710724,0.0,0.0,0.0,0.0,0.0,0.0,0.62315786,6.3408216e-14,5.304261500194561,16.73290685975392
2719,6453.531,11.357982545362292,0.2718028724193573,11.467535242940468,10.805828497315773,0.0,0.0,0.0,0.0,0.0,0.0,0.66170675,1.5262279e-13,5.337871641649427,16.805406884589893
2720,6455.0156,11.116627511855341,0.2697429955005646,11.508282921387313,10.806169650627368,0.0,0.0,0.0,0.0,0.0,0.0,0.7021133,3.6325928e-13,5.374558630112431,16.882841551499745
2721,6456.504,11.051936936890803,0.28089725971221924,11.551009714561577,10.806511521296713,0.0,0.0,0.0,0.0,0.0,0.0,0.7444982,8.5612035e-13,5.410776304686346,16.961786019247924
2722,6457.9893,10.906473111542908,0.27781301736831665,11.595578861805816,10.806852651209647,0.0,0.0,0.0,0.0,0.0,0.0,0.7887262,1.9905852e-12,5.4331093316943955,17.028688193500212
2723,6459.4785,11.406216771810595,0.3001630902290344,11.642239828760903,10.807194610288606,0.0,0.0,0.0,0.0,0.0,0.0,0.8350452,4.583918e-12,5.44433864811128,17.086578476872184
2724,6460.9644,11.406318362459015,0.296429842710495,11.690804311515524,10.807535716763292,0.0,0.0,0.0,0.0,0.0,0.0,0.8832686,1.0411693e-11,5.439930264249971,17.130734575765494
2725,6462.4546,11.332928080499444,0.2946571707725525,11.741567596834136,10.807877764123331,0.0,0.0,0.0,0.0,0.0,0.0,0.93368983,2.3425999e-11,5.430953602850165,17.1725211996843
2726,6463.9414,11.658672050491871,0.2774919271469116,11.794299844145515,10.808218959160053,0.0,0.0,0.0,0.0,0.0,0.0,0.9860809,5.1990103e-11,5.437736793502269,17.232036637647784
2727,6465.4316,11.808797873446142,0.26782727241516113,11.849275611482836,10.808560870615434,0.0,0.0,0.0,0.0,0.0,0.0,1.0407147,1.1422938e-10,5.456527672818505,17.30580328430134
2728,6466.9194,11.154285870802987,0.283054381608963,11.90630937614976,10.808902154107935,0.0,0.0,0.0,0.0,0.0,0.0,1.0974072,2.4769667e-10,5.481975115525137,17.3882844916749
2729,6468.4067,12.173832930521023,0.27870991826057434,11.965493616050937,10.80924325789242,0.0,0.0,0.0,0.0,0.0,0.0,1.1562504,5.306481e-10,5.507285080953586,17.47277869700452
2730,6469.8984,11.98475956977748,0.27541667222976685,12.027052253115258,10.80958530157279,0.0,0.0,0.0,0.0,0.0,0.0,1.217467,1.1259025e-09,5.5212409490213465,17.548293202136605
2731,6471.3867,11.41464971383395,0.2850733697414398,12.090681062269837,10.809926493720603,0.0,0.0,0.0,0.0,0.0,0.0,1.2807546,2.356607e-09,5.523992787997104,17.61467385026694
2732,6472.879,11.871886878886485,0.28412362933158875,12.156706568580573,10.81026851342686,0.0,0.0,0.0,0.0,0.0,0.0,1.346438,4.8836317e-09,5.523168891987538,17.679875460568113
2733,6474.368,12.437466304848815,0.2912091016769409,12.224835262895034,10.810609793809752,0.0,0.0,0.0,0.0,0.0,0.0,1.4142255,9.986466e-09,5.527356464316225,17.752191727211258
2734,6475.861,11.269653444690796,0.2719765901565552,12.295360069106902,10.810951789502772,0.0,0.0,0.0,0.0,0.0,0.0,1.4844083,2.0212346e-08,5.529397840099243,17.824757909206145
2735,6477.3506,12.520427050587347,0.26946043968200684,12.367979487889528,10.811293046152954,0.0,0.0,0.0,0.0,0.0,0.0,1.5566864,4.0369386e-08,5.526247677806206,17.894227165695735
2736,6478.8413,12.291928638941199,0.26799091696739197,12.44286966112011,10.811634458728737,0.0,0.0,0.0,0.0,0.0,0.0,1.6312351,7.971071e-08,5.512138972753137,17.95500863387325
2737,6480.3354,12.060981097774919,0.26704293489456177,12.52014834793099,10.811976586102096,0.0,0.0,0.0,0.0,0.0,0.0,1.7081716,1.5576505e-07,5.484368023318831,18.00451637124982
2738,6481.826,12.635396414782683,0.2639196217060089,12.599441128191376,10.812317863013494,0.0,0.0,0.0,0.0,0.0,0.0,1.787123,3.0031887e-07,5.457253045056183,18.05669417324756
2739,6483.3203,12.316188109851112,0.26617687940597534,12.681083650973427,10.812659854469736,0.0,0.0,0.0,0.0,0.0,0.0,1.8684232,5.730082e-07,5.441796051525841,18.12287970249927
2740,6484.812,12.368260816614658,0.2656678557395935,12.764723251472269,10.81300121929035,0.0,0.0,0.0,0.0,0.0,0.0,1.951721,1.0791942e-06,5.438982530553311,18.20370578202558
2741,6486.3076,11.827621475915244,0.2685731053352356,12.85067938701478,10.813343410020808,0.0,0.0,0.0,0.0,0.0,0.0,2.037334,2.0116925e-06,5.434497817297646,18.285177204312426
2742,6487.8,11.934111779063414,0.2667509615421295,12.93848388790665,10.81368475089429,0.0,0.0,0.0,1.81e-43,0.0,0.0,2.1247954,3.7001532e-06,5.421553427845764,18.360037315752415
2743,6489.292,12.479427273928321,0.26718154549598694,13.028276637973928,10.81402602404,0.0,0.0,0.0,1.9018e-41,0.0,0.0,2.214244,6.725079e-06,5.379766527951562,18.40804316592549
2744,6490.7886,12.973646289833894,0.27031588554382324,13.120268985668059,10.814368234245972,0.0,0.0,0.0,1.823494e-39,0.0,0.0,2.3058887,1.2098621e-05,5.298313014975675,18.418582000643735
2745,6492.2817,13.255281635504641,0.26594969630241394,13.213915777167506,10.814709595059332,0.0,0.0,0.0,1.5478291e-37,0.0,0.0,2.3991847,2.1478281e-05,5.201816371697508,18.415732148865015
2746,6493.779,12.969727793697714,0.2739275395870209,13.309601593827704,10.815051780907691,0.0,0.0,0.0,1.1887838e-35,0.0,0.0,2.494512,3.7731774e-05,5.1127097215610755,18.42231131538878
2747,6495.272,13.34289294211258,0.2762710452079773,13.406747688872269,10.815393006114459,0.0,0.0,0.0,8.076127e-34,0.0,0.0,2.5912893,6.540091e-05,5.067204180079803,18.47395186895207
2748,6496.7705,12.770606010027812,0.27473077178001404,13.505875571737917,10.8157353907133,0.0,0.0,0.0,4.98126e-32,0.0,0.0,2.690028,0.00011222883,5.067006142071797,18.572881713809714
2749,6498.265,12.380545872277107,0.27808642387390137,13.606285874815953,10.816076814950506,0.0,0.0,0.0,2.7186596e-30,0.0,0.0,2.790019,0.00019002453,5.110878688269769,18.71716456308572
2750,6499.76,12.49591632672687,0.2806186079978943,13.708146919077928,10.816418171441848,0.0,0.0,0.0,1.3273378e-28,0.0,0.0,2.8914108,0.00031792,5.188644449029966,18.896791368107895
2751,6501.259,12.221059995608742,0.2840441167354584,13.811679910283548,10.816760463579104,0.0,0.0,0.0,5.86094e-27,0.0,0.0,2.994393,0.00052633643,5.278791231197898,19.090471141481444
2752,6502.755,12.938057859293977,0.30105581879615784,13.91630433749546,10.817102018854568,0.0,0.0,0.0,2.2972465e-25,0.0,0.0,3.0983422,0.0008601384,5.355095903523407,19.271400241018867
2753,6504.255,12.996121139912901,0.2997986376285553,14.022439221645737,10.8174443978621,0.0,0.0,0.0,8.127008e-24,0.0,0.0,3.2036042,0.0013906024,5.414527206034365,19.4369664276801
2754,6505.751,13.374050655061652,0.28786852955818176,14.129498917119324,10.817785817406818,0.0,0.0,0.0,2.5472606e-22,0.0,0.0,3.3094945,0.0022186043,5.451705417936396,19.58120433505572
2755,6507.2515,13.741973491351086,0.3085889518260956,14.238088352546889,10.818128171783734,0.0,0.0,0.0,7.209623e-21,0.0,0.0,3.4164581,0.0035020509,5.479784397442859,19.71787274998975
2756,6508.748,14.416534243547765,0.3726775050163269,14.347678432082756,10.818469567066057,0.0,0.0,0.0,1.8088048e-19,0.0,0.0,3.5237534,0.0054554604,5.497911633527429,19.845590065610185
2757,6510.2456,15.686226504316883,0.4338415265083313,14.458782328885475,10.818811117332855,0.0,0.0,0.0,4.0664836e-18,0.0,0.0,3.6315718,0.008399442,5.511613232621594,19.97039556150707
2758,6511.7466,14.977485553777315,0.3922273814678192,14.57187209040146,10.819153379129578,0.0,0.0,0.0,8.229739e-17,0.0,0.0,3.739929,0.0127897505,5.507429225885771,20.07930131628723
2759,6513.2446,15.431209233784749,0.37370696663856506,14.68692060380798,10.819494905021005,0.0,0.0,0.0,1.4802821e-15,0.0,0.0,3.8481996,0.019226093,5.511848780131268,20.198769383939247
2760,6514.7466,15.323253003172779,0.3735488951206207,14.805124854560527,10.819837253432283,0.0,0.0,0.0,2.3975813e-14,0.0,0.0,3.9567025,0.02858513,5.513672503419018,20.318797357979545
2761,6516.245,15.571737635519668,0.3126145899295807,14.926862836166755,10.820178754910021,0.0,0.0,0.0,3.4494516e-13,0.0,0.0,4.0647306,0.041953437,5.493505131814317,20.420367967981072
2762,6517.748,16.12127487443461,0.3129747807979584,15.054088461195335,10.820521189809249,0.0,0.0,0.0,4.4695814e-12,0.0,0.0,4.1726646,0.06090263,5.487836911454061,20.541925372649395
2763,6519.2476,15.782468365223291,0.32274892926216125,15.187894300200984,10.820862778054318,0.0,0.0,0.0,5.146255e-11,0.0,0.0,4.2797546,0.08727688,5.487213565318702,20.675107865519685
2764,6520.747,16.444950561650092,0.316721111536026,15.33083643199553,10.821204298518412,0.0,0.0,0.0,5.296741e-10,0.0,0.0,4.386057,0.12357523,5.502421874873346,20.833258306868878
2765,6522.251,16.341510246384054,0.3097037971019745,15.486274414744106,10.821546751806503,0.0,0.0,7e-44,4.904231e-09,0.0,0.0,4.4916854,0.17304227,5.5200391310573504,21.006313545801454
2766,6523.751,16.994337768322232,0.32944414019584656,15.6569449953612,10.821888247750312,0.0,0.0,8.094e-42,4.0347896e-08,0.0,0.0,4.595862,0.2391948,5.5350907137334335,21.192035709094633
2767,6525.2554,17.852635221029704,0.37751659750938416,15.848161200384604,10.822230676134646,0.0,0.0,8.11573e-40,2.984008e-07,0.0,0.0,4.6989617,0.3269685,5.541527910684163,21.38968911106877
2768,6526.757,18.1396701522848,0.357300728559494,16.064170287750095,10.822572369759847,0.0,0.0,7.224829e-38,1.9642873e-06,0.0,0.0,4.800284,0.44131204,5.527451734922231,21.591622022672325
2769,6528.2617,18.217586884442856,0.321073055267334,16.311851234525875,10.8229147731804,0.0,0.0,5.8114352e-36,1.1600391e-05,0.0,0.0,4.900055,0.5888699,5.520074477251479,21.831925711777355
2770,6529.7637,18.65660338295514,0.32681357860565186,16.59685209704316,10.823256442120915,0.0,0.0,4.1461265e-34,6.099935e-05,0.0,0.0,4.997652,0.7758826,5.510018778910096,22.106870875953256
2771,6531.2656,18.54876173710703,0.33307206630706787,16.92696660884912,10.823598043263422,0.0,0.0,2.6464627e-32,0.00028662398,0.0,0.0,5.093075,1.0100071,5.520648586989649,22.44761519583877
2772,6532.772,19.12973592822398,0.3519365191459656,17.31146165321229,10.823940575822464,0.0,0.0,1.5290061e-30,0.0012083304,0.0,0.0,5.186393,1.29992,5.5460968201891045,22.857558473401397
2773,6534.2744,20.098068622521737,0.37456014752388,17.757544810096263,10.82428215225646,0.0,0.0,7.8190053e-29,0.004533958,0.0,0.0,5.276895,1.6518337,5.561999889441154,23.319544699537417
2774,6535.7812,20.41364550290386,0.36658966541290283,18.27989759039839,10.824624659724137,0.0,0.0,3.616646e-27,0.015252369,0.0,0.0,5.3648877,2.0751328,5.586087468287544,23.865985058685936
2775,6537.285,19.964388564146667,0.34221839904785156,18.894777077134858,10.824966433342706,0.0,0.0,1.4849383e-25,0.045722738,0.0,0.0,5.4497485,2.5743394,5.614684388123841,24.5094614652587
2776,6538.793,20.290890054860512,0.33013418316841125,19.636517893128264,10.825309026591647,0.0,0.0,5.503618e-24,0.12273874,0.0,0.0,5.5316734,3.1567967,5.635392827829918,25.271910720958182
2777,6540.297,21.140087685616436,0.35593581199645996,20.551586808995907,10.82565066440553,0.0,0.0,1.8071303e-22,0.2935376,0.0,0.0,5.6100583,3.8223403,5.642392554251727,26.193979363247635
2778,6541.8013,21.78766103445657,0.34500545263290405,21.710947274688916,10.82599234533711,0.0,0.0,5.3129326e-21,0.6272669,0.0,0.0,5.684967,4.572721,5.649394553311985,27.3603418280009
2779,6543.3096,22.580039276529934,0.35169199109077454,23.18864394365744,10.826334845413724,0.0,0.0,1.4086534e-19,1.1991721,0.0,0.0,5.756385,5.406752,5.656414733479831,28.84505867713727
2780,6544.815,23.594744081680084,0.36203649640083313,25.008830552516596,10.82667661231579,0.0,0.0,3.3181777e-18,2.0446932,0.0,0.0,5.823823,6.3136377,5.663421277816986,30.672251830333582
2781,6546.324,24.4430927388037,0.3968188762664795,27.11742447141817,10.827019197980666,0.0,0.0,7.043799e-17,3.116713,0.0,0.0,5.8874264,7.286266,5.67044600326173,32.7878704746799
2782,6547.8306,25.925425292378122,0.4194791316986084,29.31733125791989,10.82736105070553,0.0,0.0,1.328814e-15,4.2384825,0.0,0.0,5.9467554,8.304732,5.677457092875782,34.99478835079567
2783,6549.3403,30.15349045738087,0.5133365392684937,31.332030908243603,10.827703611032886,0.0,0.0,2.2554112e-14,5.1488185,0.0,0.0,6.0019207,9.353588,5.684484090958975,37.01651499920258
2784,6550.8467,31.081225156341034,0.6649808883666992,32.867479284089086,10.828045327942503,0.0,0.0,3.4003619e-13,5.5822053,0.0,0.0,6.05254,10.404689,5.6914951805730265,38.558974464662114
2785,6552.354,30.958017657436415,0.656902551651001,33.765916285604845,10.828387198533603,0.0,0.0,4.591085e-12,5.4041457,0.0,0.0,6.098654,11.43473,5.698510815463976,39.46442710106882
2786,6553.8657,31.920124482617787,0.5930272936820984,34.054926286807415,10.828729997689111,0.0,0.0,5.5808528e-11,4.668488,0.0,0.0,6.1402316,12.417477,5.705546904100964,39.76047319090838
2787,6555.373,31.193927786935824,0.6374629139900208,33.92596003677849,10.82907173241981,0.0,0.0,6.0196986e-10,3.601826,0.0,0.0,6.17693,13.318132,5.712562538991913,39.6385225757704
2788,6556.885,27.226450108943364,0.7972375750541687,33.629782948658814,10.829414395377269,0.0,0.0,5.8419665e-09,2.4780476,0.0,0.0,6.2088766,14.113444,5.7195986276289,39.34938157628771
2789,6558.393,27.83409591388294,0.7881044745445251,33.36162877697529,10.829756215656664,0.0,0.0,5.040859e-08,1.5231006,0.0,0.0,6.2358227,14.772949,5.726618807796747,39.088247584772034
2790,6559.906,28.315321271179993,0.5413256883621216,33.19926060297806,10.83009896373741,0.0,0.0,3.9103355e-07,0.8341352,0.0,0.0,6.257838,15.277188,5.733659441710631,38.932920044688686
2791,6561.4146,30.600897542738934,0.5324469208717346,33.11910433909162,10.830440758816,0.0,0.0,2.6963721e-06,0.40836132,0.0,0.0,6.274746,15.605554,5.740681894516927,38.859786233608546
2792,6562.925,37.555568711470414,0.47011080384254456,33.04349349770336,10.830782817832633,0.0,0.0,1.664589e-05,0.17830692,0.0,0.0,6.2865777,15.747809,5.7477111652385675,38.79120466294193
2793,6564.438,47.16063212816027,0.5979210138320923,32.89195771169034,10.831125472293934,0.0,0.0,9.211869e-05,0.069349416,0.0,0.0,6.2932925,15.698098,5.7547540717909005,38.64671178348124
2794,6565.948,53.099869031755034,0.7473337650299072,32.60930384009704,10.831467395396672,0.0,0.0,0.00045396845,0.02411328,0.0,0.0,6.2948494,15.45842,5.761783342512542,38.371087182609585
2795,6567.462,49.57536016848222,0.8432073593139648,32.168920965551585,10.831810024253281,0.0,0.0,0.0020055259,0.007462021,0.0,0.0,6.2912483,15.036395,5.768828521703324,37.93774948725491
2796,6568.9727,45.65216041223151,0.8394867181777954,31.57338296468818,10.83215192202927,0.0,0.0,0.007892698,0.0020651703,0.0,0.0,6.2825084,14.448765,5.775860065063414,37.34924302975159
2797,6570.488,40.470715714930066,0.7610622048377991,30.84252057365422,10.832494746207267,0.0,0.0,0.02785041,0.00050789886,0.0,0.0,6.2686043,13.713063,5.782912062169541,36.62543263582376
2798,6571.999,33.60196086011317,0.7522068023681641,30.028189807586052,10.83283661859753,0.0,0.0,0.087502845,0.000111849484,0.0,0.0,6.2496414,12.858097,5.78994587816808,35.81813568575413
2799,6573.5107,29.114997708487902,0.5715520977973938,29.214049370919284,10.833178533595754,0.0,0.0,0.24570225,2.1967642e-05,0.0,0.0,6.2256303,11.909516,5.796981966805067,35.01103133772435
2800,6575.027,25.858870044889056,0.46511900424957275,28.541652345053848,10.833521374403373,0.0,0.0,0.6178943,3.8296516e-06,0.0,0.0,6.1965427,10.89369,5.804038509188092,34.34569085424194
2801,6576.5396,23.153699757044507,0.38177862763404846,28.226335643327843,10.833863374332227,0.0,0.0,1.3849229,5.978912e-07,0.0,0.0,6.1625934,9.844955,5.811079143101977,34.03741478642982
2802,6578.056,23.231405422613854,0.3545660674571991,28.52123968696651,10.83420618928533,0.0,0.0,2.777261,8.284048e-08,0.0,0.0,6.1236997,8.786073,5.81813795812345,34.33937764508996
2803,6579.5693,25.0794173714082,0.4019608497619629,29.628033338607146,10.834548163681252,0.0,0.0,4.965973,1.0283559e-08,0.0,0.0,6.0801415,7.7473707,5.825180864675783,35.453214203282926
2804,6581.0864,26.785586416804918,0.39543575048446655,31.551753155587935,10.83489095276509,0.0,0.0,7.93938,1.1321729e-09,0.0,0.0,6.0318103,6.7456717,5.832241952335705,37.38399510792364
2805,6582.6006,28.95430877088389,0.4250917434692383,33.94148663598234,10.835233011908302,0.0,0.0,11.32394,1.1164069e-10,0.0,0.0,5.979036,5.8032775,5.839289404164936,39.78077604014728
2806,6584.1187,35.34043161450957,0.46857088804244995,36.11737186391532,10.835575885359416,0.0,0.0,14.430645,9.756246e-12,0.0,0.0,5.9217024,4.9294486,5.846355037101755,41.96372690101707
2807,6585.633,41.95553839852019,0.5224827527999878,37.24394641120189,10.835917808601025,0.0,0.0,16.41003,7.6513524e-13,0.0,0.0,5.86024,4.1377583,5.8534024889309855,43.09734890013287
2808,6587.148,45.23468024907031,0.6071851253509521,36.72572330916455,10.836259884481876,0.0,0.0,16.664461,5.342796e-14,0.0,0.0,5.794609,3.4303932,5.8604544860371135,42.586177795201664
2809,6588.667,44.47251363530972,0.8332810401916504,34.47362121629891,10.836602774144973,0.0,0.0,15.104498,3.3029326e-15,0.0,0.0,5.7248163,2.8077042,5.86752466425083,40.34114588054974
2810,6590.183,39.170626770661066,0.7211602330207825,30.982648250230056,10.836944934495193,0.0,0.0,12.223596,1.8303037e-16,0.0,0.0,5.6513333,2.2707744,5.874581206633855,36.85722945686391
2811,6591.7026,30.834217725457066,0.5839675664901733,27.04831828133018,10.83728779808433,0.0,0.0,8.823902,8.98161e-18,0.0,0.0,5.574023,1.8131056,5.611144365607388,32.65946264693757
2812,6593.2188,25.85848714928665,0.4511224925518036,23.451912430528306,10.83762982249608,0.0,0.0,5.6902084,3.9562374e-19,0.0,0.0,5.4934072,1.4306669,5.502272585820774,28.95418501634908
2813,6594.7393,21.990835286963215,0.3709915578365326,20.63166118661965,10.83797277013863,0.0,0.0,3.2701812,1.5391225e-20,0.0,0.0,5.4092517,1.1142555,5.446426294457685,26.078087481077333
2814,6596.2563,19.317500280126,0.3360357880592346,18.697647559583217,10.838314878881006,0.0,0.0,1.6795002,5.3767553e-22,0.0,0.0,5.3221736,0.85765886,5.4364155066171636,24.13406306620038
2815,6597.7734,18.12006262186937,0.3232491910457611,17.492859500197124,10.838656919745159,0.0,0.0,0.7699595,1.674604e-23,0.0,0.0,5.232179,0.6520639,5.455725876055436,22.94858537625256
2816,6599.295,17.481811120444515,0.31977105140686035,16.781680480555003,10.838999883249706,0.0,0.0,0.31422418,4.601186e-25,0.0,0.0,5.1391926,0.48926383,5.485376761025212,22.267057241580215
2817,6600.8135,16.62046102713804,0.29932743310928345,16.360630408965626,10.839342118345778,0.0,0.0,0.11462964,1.1345714e-26,0.0,0.0,5.0438595,0.36279917,5.483315904624655,21.84394631359028
2818,6602.3354,17.163771028958074,0.31219807267189026,16.088418274353828,10.83968505559453,0.0,0.0,0.037220832,2.47203e-28,0.0,0.0,4.945982,0.2655304,5.48125040964056,21.569668683994387
2819,6603.8545,16.59954073893139,0.30705973505973816,15.889073579964643,10.840027264711862,0.0,0.0,0.010807373,4.8355282e-30,0.0,0.0,4.8461733,0.19206566,5.479188890585212,21.368262470549855
2820,6605.3774,16.29839443971823,0.31296780705451965,15.724449783197832,10.840370285657462,0.0,0.0,0.0027901942,8.3417875e-32,0.0,0.0,4.74419,0.13709909,5.477122070291535,21.201571853489366
2821,6606.897,16.25327644564712,0.31088390946388245,15.578817597511884,10.840712468759817,0.0,0.0,0.0006446645,1.2940914e-33,0.0,0.0,4.6407285,0.09673199,5.475059888581396,21.05387748609328
2822,6608.4165,16.037729221839683,0.28996068239212036,15.444367044238538,10.841054583969457,0.0,0.0,0.00013290861,1.7891565e-35,0.0,0.0,4.535768,0.06741152,5.472997706871256,20.917364751109794
2823,6609.941,15.634881266792068,0.2885633707046509,15.316937420832014,10.841397730329968,0.0,0.0,2.4313726e-05,2.173234e-37,0.0,0.0,4.429171,0.04634429,5.470928898613206,20.78786631944522
2824,6611.4614,14.820200923103782,0.28144291043281555,15.194998340697675,10.841739929382692,0.0,0.0,3.9850443e-06,2.378613e-39,0.0,0.0,4.321756,0.03149854,5.468865391593484,20.66386373229116
2825,6612.986,14.855137163002457,0.2905980050563812,15.07637982987738,10.842082939405072,0.0,0.0,5.797793e-07,2.2924e-41,0.0,0.0,4.2131734,0.021122921,5.466796583335433,20.543176413212812
2826,6614.507,14.68315576993283,0.29043203592300415,14.960573643327718,10.842425112363307,0.0,0.0,7.556812e-08,1.96e-43,0.0,0.0,4.1041455,0.0140029285,5.46473241366092,20.42530605698864
2827,6616.0327,14.839088565666973,0.293462336063385,14.846197672890384,10.84276831558496,0.0,0.0,8.724883e-09,0.0,0.0,0.0,3.9942734,0.009155924,5.462661617438496,20.30885929032888
2828,6617.554,15.173287644822448,0.30980056524276733,14.733448028277428,10.843110462390882,0.0,0.0,9.040723e-10,0.0,0.0,0.0,3.8844175,0.005920031,5.460596785109192,20.19404481338662
2829,6619.0767,14.65438250424356,0.30655530095100403,14.621611505289463,10.843452760874577,0.0,0.0,8.343758e-11,0.0,0.0,0.0,3.7743793,0.003779491,5.458530627470306,20.080142132759768
2830,6620.6025,14.381699729909347,0.2867072820663452,14.51034309280802,10.843795759678029,0.0,0.0,6.829003e-12,0.0,0.0,0.0,3.6641667,0.0023806442,5.456459831247881,19.9668029240559
2831,6622.126,14.503596390714259,0.2841804027557373,14.400001120915038,10.844138141649607,0.0,0.0,5.004013e-13,0.0,0.0,0.0,3.554381,0.0014820856,5.454392348299413,19.85439346921445
2832,6623.653,13.752017846963064,0.30724674463272095,14.290164696280298,10.844481223606858,0.0,0.0,3.2496138e-14,0.0,0.0,0.0,3.4447732,0.0009102755,5.452320226767405,19.742484923047705
2833,6625.1772,13.748807114205489,0.31259435415267944,14.181306384108929,10.844823688921485,0.0,0.0,1.8897568e-15,0.0,0.0,0.0,3.33593,0.00055258616,5.450251418509355,19.631557802618282
2834,6626.7046,14.324230804764358,0.2833375334739685,14.07312809131547,10.84516674422632,0.0,0.0,9.742334e-17,0.0,0.0,0.0,3.2276304,0.00033097027,5.448178634322557,19.521306725638027
2835,6628.2295,13.57286895548677,0.2769399881362915,13.966112702875119,10.845509183121333,0.0,0.0,4.4989324e-18,0.0,0.0,0.0,3.1204076,0.00019593842,5.446109163409714,19.41222186628483
2836,6629.754,13.60891336494111,0.29979822039604187,13.860233709374832,10.845851444434182,0.0,0.0,1.8542908e-19,0.0,0.0,0.0,3.0142677,0.00011458191,5.444040355151664,19.304274064526496
2837,6631.2827,13.153321739997555,0.27850139141082764,13.755273251362244,10.8461946242214,0.0,0.0,6.749025e-21,0.0,0.0,0.0,2.9090126,6.6071065e-05,5.441965583000492,19.197238834362736
2838,6632.808,13.267728985991946,0.2933116853237152,13.651887989774606,10.846536968733473,0.0,0.0,2.2059898e-22,0.0,0.0,0.0,2.8053133,3.767227e-05,5.439895449432859,19.091783439207465
2839,6634.338,13.136109481035707,0.2877483665943146,13.54966449026615,10.846880231299291,0.0,0.0,6.362184e-24,0.0,0.0,0.0,2.702763,2.117837e-05,5.437819351972105,18.987483842238255
2840,6635.8643,12.753878800630698,0.30186018347740173,13.449236814379779,10.847222658866135,0.0,0.0,1.6484302e-25,0.0,0.0,0.0,2.6020024,1.1773235e-05,5.435747893094889,18.88498470747467
2841,6637.394,13.104236758443013,0.29130807518959045,13.350259694182926,10.84756578504802,0.0,0.0,3.774759e-27,0.0,0.0,0.0,2.5026875,6.4549113e-06,5.433671795634135,18.78393148981706
2842,6638.921,12.766259136322677,0.269813597202301,13.253241389460712,10.847908186081398,0.0,0.0,7.759637e-29,0.0,0.0,0.0,2.4053297,3.4990946e-06,5.431599674102128,18.68484106356284
2843,6640.448,12.57526055515303,0.29944002628326416,13.158050980605292,10.848250628646309,0.0,0.0,1.4199483e-30,0.0,0.0,0.0,2.3097985,1.8728788e-06,5.42952688991533,18.587577870520622
2844,6641.9795,12.638944094069368,0.2864696681499481,13.064566098649708,10.848593878814073,0.0,0.0,2.2912836e-32,0.0,0.0,0.0,2.2159712,9.883751e-07,5.4274488044902025,18.49201490313991
2845,6643.508,12.582895568678053,0.2711772322654724,12.973280076729583,10.848936404181831,0.0,0.0,3.3205945e-34,0.0,0.0,0.0,2.1243432,5.157332e-07,5.425374694993822,18.398654771723407
2846,6645.0396,12.483594922226722,0.2772791087627411,12.883881819544936,10.849279627375548,0.0,0.0,4.2463238e-36,0.0,0.0,0.0,2.034602,2.653658e-07,5.423295946913904,18.30717776645884
2847,6646.5684,12.636676392986292,0.27571901679039,12.79680122090399,10.849622126045137,0.0,0.0,4.878691e-38,0.0,0.0,0.0,1.947179,1.3501236e-07,5.421221174762732,18.218022395666722
2848,6648.101,12.436230373846495,0.2721374034881592,12.711702512187914,10.849965431608284,0.0,0.0,4.9357e-40,0.0,0.0,0.0,1.861737,6.771647e-08,5.419141101373231,18.130843613561147
2849,6649.6304,12.406775428403435,0.2798982262611389,12.629037256708832,10.850307903544406,0.0,0.0,4.494e-42,0.0,0.0,0.0,1.7787293,3.3591977e-08,5.417065666567269,18.046102923276102
2850,6651.1606,12.389765350750425,0.2800689935684204,12.548598521582708,10.850650526160367,0.0,0.0,4.8e-44,0.0,0.0,0.0,1.697948,1.6448952e-08,5.414988906451724,17.96358742803443
2851,6652.694,12.339083101565226,0.2663883864879608,12.4703212896313,10.85099373652234,0.0,0.0,0.0,0.0,0.0,0.0,1.6193275,7.942944e-09,5.412908170407431,17.88322946003873
2852,6654.2246,12.364678132978138,0.2662101089954376,12.394502854301074,10.851336332297661,0.0,0.0,0.0,0.0,0.0,0.0,1.5431665,3.7920476e-09,5.410830747637095,17.80533360193817
2853,6655.7593,12.317362434745593,0.27207151055336,12.32084720678652,10.851679734070188,0.0,0.0,0.0,0.0,0.0,0.0,1.4691675,1.7843242e-09,5.40874802362843,17.72959523041495
2854,6657.29,11.657469718966126,0.2666771113872528,12.249738716768878,10.852022193721371,0.0,0.0,0.0,0.0,0.0,0.0,1.3977165,8.307095e-10,5.406670600858093,17.65640931762697
2855,6658.825,12.000424916542668,0.2539274990558624,12.180794313936731,10.852365568285894,0.0,0.0,0.0,0.0,0.0,0.0,1.3284287,3.810621e-10,5.4045872141946365,17.585381528131368
2856,6660.357,11.922877581248564,0.2580394446849823,12.114364513989091,10.852708110274612,0.0,0.0,0.0,0.0,0.0,0.0,1.2616564,1.7291454e-10,5.402508466114718,17.51687298010381
2857,6661.889,11.739600851846554,0.2543758153915405,12.050263389617866,10.853050693464963,0.0,0.0,0.0,0.0,0.0,0.0,1.1972127,7.7463556e-11,5.400429055380008,17.450692444997873
2858,6663.4253,11.904739076392836,0.25502604246139526,11.98834436202439,10.85339408180068,0.0,0.0,0.0,0.0,0.0,0.0,1.1349503,3.4197287e-11,5.398344343406969,17.38668870543136
2859,6664.958,11.906500622560657,0.2546619176864624,11.928883432350904,10.853736638016816,0.0,0.0,0.0,0.0,0.0,0.0,1.0751468,1.4934986e-11,5.396264270017468,17.325147702368373
2860,6666.495,11.513841786796403,0.2538154125213623,11.871555832369737,10.854080108143036,0.0,0.0,0.0,0.0,0.0,0.0,1.0174757,6.4253568e-12,5.394178232734847,17.26573406510458
2861,6668.029,11.408100767282598,0.252936452627182,11.816626666315239,10.85442274642496,0.0,0.0,0.0,0.0,0.0,0.0,0.9622039,2.7347976e-12,5.392096834035763,17.208723500351002
2862,6669.5664,11.445458158137978,0.2572616934776306,11.763801633406112,10.854766189145321,0.0,0.0,0.0,0.0,0.0,0.0,0.90903544,1.1468749e-12,5.39001013409835,17.153811767504465
2863,6671.1006,11.537265713876618,0.257485955953598,11.713297250676874,10.855108800339941,0.0,0.0,0.0,0.0,0.0,0.0,0.85818845,4.758443e-13,5.387928072744476,17.10122532342135
2864,6672.6353,11.775064303974151,0.26871177554130554,11.66493879540674,10.855451452572073,0.0,0.0,0.0,0.0,0.0,0.0,0.80948734,1.9489948e-13,5.385845348735811,17.05078414414255
2865,6674.1743,12.010917640313437,0.2720133364200592,11.618570140831588,10.855795017712156,0.0,0.0,0.0,0.0,0.0,0.0,0.7627751,7.862255e-14,5.383756660834024,17.00232680166561
2866,6675.71,11.595227489192233,0.2594031095504761,11.574383377234906,10.856137751738963,0.0,0.0,0.0,0.0,0.0,0.0,0.7182456,3.1380843e-14,5.381672611515776,16.95605598875068
2867,6677.249,11.779328735077417,0.2627822756767273,11.532132790263475,10.856481180365849,0.0,0.0,0.0,0.0,0.0,0.0,0.6756516,1.2342142e-14,5.37958392361399,16.911716713877464
2868,6678.785,11.59127176919401,0.2695835530757904,11.491943742568285,10.85682388716438,0.0,0.0,0.0,0.0,0.0,0.0,0.63511986,4.8016807e-15,5.37749921164095,16.869442954209234
2869,6680.325,11.78600399431944,0.28129518032073975,11.453586552774508,10.85716739717682,0.0,0.0,0.0,0.0,0.0,0.0,0.59641916,1.8401028e-15,5.375409198429582,16.82899575120409
2870,6681.862,12.199548338063483,0.3406035602092743,11.417190419386733,10.857510076712478,0.0,0.0,0.0,0.0,0.0,0.0,0.55968034,6.977744e-16,5.373323823801751,16.790514243188483
2871,6683.3994,11.535566007239176,0.3862933814525604,11.382591694585262,10.857852905980526,0.0,0.0,0.0,0.0,0.0,0.0,0.5247388,2.6111053e-16,5.371237123864339,16.753828818449602
2872,6684.9404,11.089535321223995,0.41702938079833984,11.349686524918322,10.858196429064517,0.0,0.0,0.0,0.0,0.0,0.0,0.4914901,9.6264083e-17,5.369145785343388,16.71883231026171
2873,6686.478,11.74011483427176,0.3990112245082855,11.318563687585293,10.858539122126995,0.0,0.0,0.0,0.0,0.0,0.0,0.46002457,3.512043e-17,5.367059085405975,16.685622772991266
2874,6688.02,11.86528679802905,0.4109128713607788,11.28900867811527,10.858882726348302,0.0,0.0,0.0,0.0,0.0,0.0,0.43012595,1.2614774e-17,5.364966421575442,16.65397509969071
2875,6689.5586,11.407043860141279,0.3961339592933655,11.261114407778505,10.859225500822786,0.0,0.0,0.0,0.0,0.0,0.0,0.4018889,4.4840766e-18,5.362878396328447,16.62399280410695
2876,6691.101,11.334327158550433,0.3470170199871063,11.234690342938496,10.8595690772887,0.0,0.0,0.0,0.0,0.0,0.0,0.37512127,1.5696278e-18,5.360785069843122,16.595475412781617
2877,6692.64,11.887715895280344,0.2875980734825134,11.209804291585987,10.859911824325627,0.0,0.0,0.0,0.0,0.0,0.0,0.34989247,5.4376863e-19,5.3586963819413365,16.568500673527325
2878,6694.18,11.464289779951674,0.2730209231376648,11.186323539349841,10.860254720780658,0.0,0.0,0.0,0.0,0.0,0.0,0.32606882,1.8587523e-19,5.356606368729968,16.54292990807981
2879,6695.7236,11.117255708602048,0.2910870313644409,11.164159013974167,10.860598309981324,0.0,0.0,0.0,0.0,0.0,0.0,0.3035607,6.258377e-20,5.354511716935061,16.51867073090923
2880,6697.264,11.299751047554146,0.28629010915756226,11.143345303608536,10.86094117887175,0.0,0.0,0.0,0.0,0.0,0.0,0.28240412,2.0848338e-20,5.352421041068901,16.495766344677435
2881,6698.808,11.229758120426695,0.2679455578327179,11.12374071026971,10.861284740220805,0.0,0.0,0.0,0.0,0.0,0.0,0.26245597,6.84039e-21,5.350325726619203,16.47406643688891
2882,6700.35,10.834733169511136,0.26194602251052856,11.105359237889248,10.861627798775631,0.0,0.0,0.0,0.0,0.0,0.0,0.24373144,2.2190643e-21,5.34823306278867,16.45359230067792
2883,6701.895,10.898557333074127,0.2659926414489746,11.088089096451514,10.861971440816633,0.0,0.0,0.0,0.0,0.0,0.0,0.22611766,7.092204e-22,5.34613642302939,16.434225519480904
2884,6703.4365,11.036023403463735,0.2593013346195221,11.071947098208225,10.862314254475391,0.0,0.0,0.0,0.0,0.0,0.0,0.20963284,2.243646e-22,5.344044421853647,16.415991520061873
2885,6704.9824,11.243920471315802,0.26626694202423096,11.056799722698589,10.862657977131267,0.0,0.0,0.0,0.0,0.0,0.0,0.19414175,6.9847505e-23,5.341946456784784,16.398746179483375
2886,6706.525,11.501119770091165,0.2689681351184845,11.042673291704006,10.863000871679134,0.0,0.0,0.0,0.0,0.0,0.0,0.17967242,2.1524054e-23,5.33985313029946,16.382526422003465
2887,6708.068,11.27408206062288,0.2885338068008423,11.029479475459112,10.863343806704535,0.0,0.0,0.0,0.0,0.0,0.0,0.16613567,6.5464115e-24,5.337759141159345,16.367238616618458
2888,6709.6143,11.064604226554543,0.27841031551361084,11.017148099657797,10.863687433120512,0.0,0.0,0.0,0.0,0.0,0.0,0.15346067,1.9605418e-24,5.33566051343569,16.352808613093487
2889,6711.1577,11.715218394340662,0.28490588068962097,11.005683252297045,10.864030340395571,0.0,0.0,0.0,0.0,0.0,0.0,0.14165291,5.810226e-25,5.333565861640784,16.33924911393783
2890,6712.7056,11.637454508075564,0.2648075222969055,10.994985977680539,10.864374155671452,0.0,0.0,0.0,0.0,0.0,0.0,0.13061182,1.6941198e-25,5.3314652459527565,16.326451223633295
2891,6714.2495,11.913597674087761,0.3107699155807495,10.98507005586838,10.864717035140746,0.0,0.0,0.0,0.0,0.0,0.0,0.12035302,4.8920263e-26,5.3293699315030585,16.31443998737144
2892,6715.798,12.733022637122964,0.37894749641418457,10.975839891602508,10.865060822238437,0.0,0.0,0.0,0.0,0.0,0.0,0.11077907,1.389738e-26,5.32726865316024,16.303108544762747
2893,6717.343,14.98957865798576,0.451166033744812,10.96730187132459,10.865403782273344,0.0,0.0,0.0,0.0,0.0,0.0,0.10189809,3.9086028e-27,5.32517201340096,16.29247388472555
2894,6718.888,17.992738353588308,0.456349641084671,10.959393152498533,10.865746782624056,0.0,0.0,0.0,0.0,0.0,0.0,0.09364637,1.0848788e-27,5.323074710986888,16.282467863485422
2895,6720.4375,19.10754809530223,0.40100517868995667,10.952061221822301,10.866090581639806,0.0,0.0,0.0,0.0,0.0,0.0,0.08597064,2.9631795e-28,5.320972107334487,16.27303332915679
2896,6721.9834,17.415451266669923,0.33745718002319336,10.945304871254235,10.866433554046422,0.0,0.0,0.0,0.0,0.0,0.0,0.07887132,8.0132865e-29,5.318874142265624,16.264179013519858
2897,6723.5337,16.461134297194405,0.3721924424171448,10.939055731524336,10.86677743308674,0.0,0.0,0.0,0.0,0.0,0.0,0.0722783,2.1314089e-29,5.316770213303641,16.255825944827976
2898,6725.0806,14.69125330192832,0.3712369203567505,10.933312799820444,10.867120485791704,0.0,0.0,0.0,0.0,0.0,0.0,0.066192314,5.6132628e-30,5.314670922925196,16.24798372274564
2899,6726.6313,13.440304228383962,0.3365899324417114,10.92801745504747,10.86746433646093,0.0,0.0,0.0,0.0,0.0,0.0,0.06055312,1.45450875e-30,5.312566331308421,16.24058378635589
2900,6728.1787,13.158684164937705,0.29614192247390747,10.923165055737387,10.867807361111533,0.0,0.0,0.0,0.0,0.0,0.0,0.055357695,3.7319266e-31,5.310466378275185,16.233631434012572
2901,6729.727,12.846805340741462,0.27524450421333313,10.918712245320492,10.868150534128361,0.0,0.0,0.0,0.0,0.0,0.0,0.05056171,9.4449355e-32,5.308365099932367,16.22707734525286
2902,6731.279,14.824743243141452,0.28860437870025635,10.914626595828357,10.868494396362129,0.0,0.0,0.0,0.0,0.0,0.0,0.0461322,2.3526273e-32,5.30625918300601,16.22088577883437
2903,6732.827,16.55079013916005,0.3032340407371521,10.910900486727824,10.868837433030476,0.0,0.0,0.0,0.0,0.0,0.0,0.042063054,5.8030035e-33,5.3041579046631915,16.215058391391015
2904,6734.38,17.304451870531732,0.3438524305820465,10.907491086930499,10.86918137496756,0.0,0.0,0.0,0.0,0.0,0.0,0.038309712,1.4074294e-33,5.302050662427252,16.20954174935775
2905,6735.9287,17.04433915088481,0.3730454742908478,10.904393830837572,10.86952438348707,0.0,0.0,0.0,0.0,0.0,0.0,0.034869447,3.3819044e-34,5.299948721429642,16.204342552267214
2906,6737.482,15.855136173207182,0.40079188346862793,10.90157057694869,10.869868296904134,0.0,0.0,0.0,0.0,0.0,0.0,0.03170228,7.98976e-35,5.297840816538912,16.1994113934876
2907,6739.0317,14.026093199279998,0.31318598985671997,10.899015387675268,10.870211385345561,0.0,0.0,0.0,0.0,0.0,0.0,0.028804002,1.8693534e-35,5.29573755023172,16.194752937906987
2908,6740.5825,12.436484839236616,0.27408939599990845,10.896701177161642,10.870554621842214,0.0,0.0,0.0,0.0,0.0,0.0,0.026146555,4.3137848e-36,5.293632958614945,16.190334135776588
2909,6742.1367,12.495421614602947,0.32428398728370667,10.89460724948965,10.870898546493278,0.0,0.0,0.0,0.0,0.0,0.0,0.023708703,9.795001e-37,5.291523728414632,16.186130977904284
2910,6743.688,11.387104734475097,0.3247906565666199,10.892725328702273,10.871241754639687,0.0,0.0,0.0,0.0,0.0,0.0,0.021483574,2.201744e-37,5.289418474143067,16.18214380284534
2911,6745.2427,10.552202336375611,0.26858896017074585,10.891031867179255,10.871585650655607,0.0,0.0,0.0,0.0,0.0,0.0,0.019446217,4.8694673e-38,5.287308581287963,16.178340448467218
2912,6746.7944,11.076249438299527,0.25463753938674927,10.889518991852999,10.871928830440044,0.0,0.0,0.0,0.0,0.0,0.0,0.017590161,1.0661608e-38,5.285202664361607,16.174721656214604
2913,6748.35,11.316428283417338,0.26743918657302856,10.888166285572318,10.872272805763153,0.0,0.0,0.0,0.0,0.0,0.0,0.01589348,2.295524e-39,5.28309144619692,16.171257731769238
2914,6749.903,10.652501780841266,0.26945340633392334,10.886966836988963,10.872616065084971,0.0,0.0,0.0,0.0,0.0,0.0,0.014350772,4.893e-40,5.280984203960981,16.167951040949944
2915,6751.456,10.294659620119202,0.27989497780799866,10.885905569411529,10.872959364197863,0.0,0.0,0.0,0.0,0.0,0.0,0.012946205,1.02916e-40,5.278876299070251,16.16478186848178
2916,6753.013,10.547597763499457,0.3304758667945862,10.884969402304007,10.873303458293988,0.0,0.0,0.0,0.0,0.0,0.0,0.011665944,2.128e-41,5.297686698475641,16.18265610077965
2917,6754.567,11.216911750147883,0.368412047624588,10.884152322247582,10.87364672886576,0.0,0.0,0.0,0.0,0.0,0.0,0.010505593,4.348e-42,5.323222679783758,16.20737500203134
2918,6756.124,11.39526962608696,0.33772194385528564,10.883440952384454,10.873990686246735,0.0,0.0,0.0,0.0,0.0,0.0,0.009450266,8.83e-43,5.3483998838007345,16.23184083618519
2919,6757.6787,10.555103944209463,0.2693628966808319,10.88282903350966,10.874334036112595,0.0,0.0,0.0,0.0,0.0,0.0,0.008494997,1.77e-43,5.3840792909589945,16.266908324468655
2920,6759.2363,10.566527839781713,0.24500855803489685,10.882306092123548,10.87467796465666,0.0,0.0,0.0,0.0,0.0,0.0,0.0076281275,4.5e-44,5.4122643507700445,16.294570442893594
2921,6760.792,10.438931284616164,0.24357256293296814,10.88186609308082,10.875021393698038,0.0,0.0,0.0,0.0,0.0,0.0,0.0068446994,0.0,5.409535588552782,16.2914016816336
2922,6762.347,10.675323496090241,0.251497358083725,10.88150126303235,10.875364646806064,0.0,0.0,0.0,0.0,0.0,0.0,0.006136616,0.0,5.399997701419524,16.281498964451874
2923,6763.9062,10.856420996837803,0.26545995473861694,10.881204183306203,10.875708693731234,0.0,0.0,0.0,0.0,0.0,0.0,0.0054954896,0.0,5.389749047107509,16.27095323041371
2924,6765.4624,10.867408907743588,0.29200857877731323,10.880970119260876,10.876052025933443,0.0,0.0,0.0,0.0,0.0,0.0,0.0049180933,0.0,5.369205319551335,16.25017543881221
2925,6767.023,11.071036825376215,0.30423933267593384,10.880792409634399,10.876396259280103,0.0,0.0,0.0,0.0,0.0,0.0,0.0043961504,0.0,5.350124826235112,16.230917235869512
2926,6768.5796,10.807727983874473,0.2765616178512573,10.880666848988596,10.876739562739942,0.0,0.0,0.0,0.0,0.0,0.0,0.0039272862,0.0,5.338981458264199,16.219648307252797
2927,6770.1406,11.131763179036444,0.26854488253593445,10.880588020200234,10.877083766974833,0.0,0.0,0.0,0.0,0.0,0.0,0.0035042532,0.0,5.340463917521173,16.221051937721406
2928,6771.6978,10.959764116603797,0.24880951642990112,10.880552002146397,10.87742704168104,0.0,0.0,0.0,0.0,0.0,0.0,0.0031249605,0.0,5.361360913913781,16.241912916060176
2929,6773.256,10.352333696196073,0.2563728094100952,10.880554562012485,10.877770463513961,0.0,0.0,0.0,0.0,0.0,0.0,0.0027840985,0.0,5.398639051606661,16.279193613619146
2930,6774.818,10.19049597452082,0.30715835094451904,10.880592212495273,10.878114677914297,0.0,0.0,0.0,0.0,0.0,0.0,0.0024775346,0.0,5.427916043301446,16.308508255796717
2931,6776.376,10.731665040527789,0.3771582245826721,10.880661410347052,10.878457963301294,0.0,0.0,0.0,0.0,0.0,0.0,0.002203447,0.0,5.441035841430219,16.321697251777273
2932,6777.9385,10.668433774717602,0.38709554076194763,10.88075947424995,10.878802148519478,0.0,0.0,0.0,0.0,0.0,0.0,0.0019573257,0.0,5.440388094178881,16.32114756842883
2933,6779.498,10.799164181798426,0.3306747078895569,10.88088318447027,10.87914562013376,0.0,0.0,0.0,0.0,0.0,0.0,0.0017375643,0.0,5.4244610013070425,16.30534418577731
2934,6781.0615,11.066569932132522,0.27621158957481384,10.881030550648688,10.879489883620522,0.0,0.0,0.0,0.0,0.0,0.0,0.001540667,0.0,5.393402449459275,16.274433000107962
2935,6782.621,10.776842249903293,0.261274129152298,10.881198520315237,10.879833218766734,0.0,0.0,0.0,0.0,0.0,0.0,0.0013653015,0.0,5.350618229833034,16.231816750148273
2936,6784.181,10.664310734170858,0.256980299949646,10.881385390017833,10.880176593269873,0.0,0.0,0.0,0.0,0.0,0.0,0.0012087967,0.0,5.323172290426309,16.204557680444143
2937,6785.7456,11.54525212172047,0.27987197041511536,10.881589794082803,10.880520866618728,0.0,0.0,0.0,0.0,0.0,0.0,0.0010689275,0.0,5.316573821272693,16.198163615355497
2938,6787.3066,10.411108868658904,0.2704432010650635,10.881808989792365,10.880864319560818,0.0,0.0,0.0,0.0,0.0,0.0,0.00094467023,0.0,5.3276797360774255,16.20948872586979
2939,6788.872,10.666283563326335,0.2696407735347748,10.882042506448595,10.881208670937593,0.0,0.0,0.0,0.0,0.0,0.0,0.0008338355,0.0,5.341916128446126,16.22395863489472
2940,6790.4336,10.740898090545112,0.2684200704097748,10.882287683989933,10.881552094803272,0.0,0.0,0.0,0.0,0.0,0.0,0.0007355892,0.0,5.3504124105535205,16.232700094543453
2941,6791.9995,10.49622071166737,0.2825401723384857,10.88254453825961,10.881896416735474,0.0,0.0,0.0,0.0,0.0,0.0,0.0006481215,0.0,5.351800795595814,16.234345333855423
2942,6793.562,10.597569871321973,0.2995043098926544,10.88281063087663,10.882239918847628,0.0,0.0,0.0,0.0,0.0,0.0,0.000570712,0.0,5.3515744920813475,16.234385122957978
2943,6795.125,10.913954824376699,0.29280778765678406,10.88308554828157,10.882583460116194,0.0,0.0,0.0,0.0,0.0,0.0,0.00050208817,0.0,5.351262003015879,16.23434755129745
2944,6796.6914,10.589763186399978,0.2626487910747528,10.883368889009828,10.88292768425333,0.0,0.0,0.0,0.0,0.0,0.0,0.00044120476,0.0,5.35706756311174,16.240436452121568
2945,6798.2554,10.711884344960247,0.24838978052139282,10.883658745231752,10.883271303602907,0.0,0.0,0.0,0.0,0.0,0.0,0.00038744163,0.0,5.36123386487862,16.244892610110373
2946,6799.823,10.269147281346399,0.26138731837272644,10.88395553337624,10.88361571274446,0.0,0.0,0.0,0.0,0.0,0.0,0.00033982063,0.0,5.377462978663366,16.261418512039604
2947,6801.3877,10.074615202974561,0.3101749122142792,10.884257178775607,10.883959302788009,0.0,0.0,0.0,0.0,0.0,0.0,0.000297876,0.0,5.390467919278857,16.274725098054464
2948,6802.956,10.823987710114979,0.44038698077201843,10.884564475669695,10.884303682298569,0.0,0.0,0.0,0.0,0.0,0.0,0.00026079337,0.0,5.397949469450451,16.282513945120144
2949,6804.521,11.565517221174051,0.37144121527671814,10.88487543566813,10.88464724302545,0.0,0.0,0.0,0.0,0.0,0.0,0.00022819264,0.0,5.401924337663838,16.286799773331968
2950,6806.0864,10.903045997834635,0.3200870752334595,10.885190326284352,10.884990842751428,0.0,0.0,0.0,0.0,0.0,0.0,0.00019948353,0.0,5.403199805998372,16.288390132282725
2951,6807.656,10.666738843475034,0.27428603172302246,10.885509405681512,10.885335231436182,0.0,0.0,0.0,0.0,0.0,0.0,0.00017417425,0.0,5.403255129303285,16.288764534984796
2952,6809.222,11.093166197941791,0.2536260485649109,10.88583088985254,10.885678908907748,0.0,0.0,0.0,0.0,0.0,0.0,0.00015198094,0.0,5.401416931941022,16.287247821793564
2953,6810.792,11.18504664398463,0.2567802667617798,10.886155726781736,10.886023267871506,0.0,0.0,0.0,0.0,0.0,0.0,0.00013245891,0.0,5.391287355649158,16.277443082430892
2954,6812.359,10.84597706979924,0.24687770009040833,10.88648228851973,10.88636691589356,0.0,0.0,0.0,0.0,0.0,0.0,0.000115372626,0.0,5.388666866357986,16.275149154877717
2955,6813.9297,10.893094911601514,0.246161550283432,10.88681171917967,10.886711352182894,0.0,0.0,0.0,0.0,0.0,0.0,0.000100367,0.0,5.391824827168017,16.278636546347688
2956,6815.497,10.696767501968152,0.2515997290611267,10.887142233218794,10.887054970723723,0.0,0.0,0.0,0.0,0.0,0.0,8.7262495e-05,0.0,5.3975794981539185,16.284721731372713
2957,6817.065,10.699748117080427,0.2492690086364746,10.88747442710517,10.887398628106874,0.0,0.0,0.0,0.0,0.0,0.0,7.5799e-05,0.0,5.406462591537737,16.293937018642907
2958,6818.637,10.8252935744128,0.262967050075531,10.887808937466698,10.88774318024306,0.0,0.0,0.0,0.0,0.0,0.0,6.575722e-05,0.0,5.420554127613568,16.308363065080265
2959,6820.206,10.713079191491394,0.2658761441707611,10.888143928062572,10.888086915037501,0.0,0.0,0.0,0.0,0.0,0.0,5.7013025e-05,0.0,5.424110673620911,16.312254601683485
2960,6821.7783,10.733847870600163,0.25808092951774597,10.88848070280574,10.888431330274674,0.0,0.0,0.0,0.0,0.0,0.0,4.937253e-05,0.0,5.434336409795344,16.322817112601086
2961,6823.348,11.34419467538271,0.3242173194885254,10.888817870093291,10.888775142385086,0.0,0.0,0.0,0.0,0.0,0.0,4.272771e-05,0.0,5.4406659355792035,16.329483805672496
2962,6824.9214,10.992271444133348,0.30766868591308594,10.889156567426165,10.889119634614383,0.0,0.0,0.0,0.0,0.0,0.0,3.693281e-05,0.0,5.439479807087355,16.32863637451352
2963,6826.491,11.02276465013291,0.27634719014167786,10.889495215869163,10.889463310129274,0.0,0.0,0.0,0.0,0.0,0.0,3.190574e-05,0.0,5.435380491468654,16.324875707337817
2964,6828.0654,10.704061911657769,0.2558536231517792,10.889835406471594,10.88980787925566,0.0,0.0,0.0,0.0,0.0,0.0,2.7527216e-05,0.0,5.429818703576606,16.319654110048198
2965,6829.636,10.429277360524553,0.26266342401504517,10.89017536805872,10.890151631938664,0.0,0.0,0.0,0.0,0.0,0.0,2.373612e-05,0.0,5.427426397715193,16.317601765773915
2966,6831.2075,10.482734736171498,0.2751375436782837,10.890515871379254,10.890495423238978,0.0,0.0,0.0,0.0,0.0,0.0,2.044814e-05,0.0,5.424330655369029,16.314846526748283
2967,6832.782,10.470926408541349,0.31648877263069153,10.890857488194843,10.890839893934345,0.0,0.0,0.0,0.0,0.0,0.0,1.759426e-05,0.0,5.427449102628085,16.318306590822928
2968,6834.3545,10.782706731498092,0.3293229937553406,10.891198891043981,10.891183762238992,0.0,0.0,0.0,0.0,0.0,0.0,1.5128805e-05,0.0,5.418175226509722,16.309374117553702
2969,6835.93,11.155711146261943,0.3121633231639862,10.89154130262124,10.891528309615401,0.0,0.0,0.0,0.0,0.0,0.0,1.2993006e-05,0.0,5.399176625344502,16.290717927965744
2970,6837.5034,11.06601819589298,0.2760624289512634,10.891883406239854,10.891872254787073,0.0,0.0,0.0,0.0,0.0,0.0,1.1151453e-05,0.0,5.36805048391659,16.259933890156443
2971,6839.08,10.867941303260093,0.27576974034309387,10.892226437930486,10.892216878707341,0.0,0.0,0.0,0.0,0.0,0.0,9.559223e-06,0.0,5.334947185509438,16.227173623439924
2972,6840.6533,10.807191364887338,0.2642849385738373,10.892568877006637,10.89256068721694,0.0,0.0,0.0,0.0,0.0,0.0,8.18979e-06,0.0,5.318014628765006,16.210583505771645
2973,6842.227,10.591892276916333,0.25284260511398315,10.892911544171504,10.89290453418834,0.0,0.0,0.0,0.0,0.0,0.0,7.009983e-06,0.0,5.310706104126147,16.20361764829765
2974,6843.805,10.21495687370804,0.2501624822616577,10.89325526500594,10.893249272816014,0.0,0.0,0.0,0.0,0.0,0.0,5.99219e-06,0.0,5.328474408335417,16.221729673341358
2975,6845.3794,10.688098309187382,0.2551285922527313,10.893598209408959,10.893593089806439,0.0,0.0,0.0,0.0,0.0,0.0,5.1196025e-06,0.0,5.358643176408321,16.25224138581728
2976,6846.958,10.690296847495397,0.26153695583343506,10.893942166354663,10.89393779808799,0.0,0.0,0.0,0.0,0.0,0.0,4.3682667e-06,0.0,5.385506909218471,16.279449075573133
2977,6848.533,10.25630028413866,0.2560788094997406,10.894285416835821,10.894281691677627,0.0,0.0,0.0,0.0,0.0,0.0,3.7251582e-06,0.0,5.402256654032727,16.296542070868547
2978,6850.1123,10.342342861398151,0.2562592029571533,10.894629542219187,10.894626369582207,0.0,0.0,0.0,0.0,0.0,0.0,3.172637e-06,0.0,5.399491779104778,16.294121321323964
2979,6851.688,11.156063706398902,0.26926594972610474,10.894972933711019,10.894970233107701,0.0,0.0,0.0,0.0,0.0,0.0,2.7006033e-06,0.0,5.384591429709497,16.279564363420516
2980,6853.264,11.103195841491884,0.2702960669994354,10.895316431578975,10.895314134940007,0.0,0.0,0.0,0.0,0.0,0.0,2.296639e-06,0.0,5.351559941589171,16.246876373168146
2981,6854.844,11.183278001579584,0.27443206310272217,10.89566077115413,10.895658820582671,0.0,0.0,0.0,0.0,0.0,0.0,1.9505715e-06,0.0,5.3300009596020566,16.225661730756187
2982,6856.422,10.576045079489576,0.24229000508785248,10.896004560853399,10.896002905262336,0.0,0.0,0.0,0.0,0.0,0.0,1.6555911e-06,0.0,5.317466692666185,16.213471253519586
2983,6858.0024,10.347662524094897,0.25628364086151123,10.8963489639558,10.89634756041937,0.0,0.0,0.0,0.0,0.0,0.0,1.4035364e-06,0.0,5.311500950941723,16.207849914897523
2984,6859.58,10.877810493541713,0.28002750873565674,10.896692697557535,10.896691508399465,0.0,0.0,0.0,0.0,0.0,0.0,1.1891581e-06,0.0,5.3157110060920765,16.212403703649613
2985,6861.1616,10.874307983366256,0.29141122102737427,10.89703724571109,10.897036239503336,0.0,0.0,0.0,0.0,0.0,0.0,1.0062078e-06,0.0,5.33387339785933,16.230910643570418
2986,6862.74,10.267391112426374,0.2610025703907013,10.897381114566997,10.897380263658135,0.0,0.0,0.0,0.0,0.0,0.0,8.5090886e-07,0.0,5.3609009713138605,16.258282085880857
2987,6864.3193,10.308445934798188,0.26039353013038635,10.897725044820932,10.897724325923067,0.0,0.0,0.0,0.0,0.0,0.0,7.1889787e-07,0.0,5.399691577408843,16.297416622229775
2988,6865.902,10.754970528000653,0.3016735315322876,10.898069671009635,10.89806906440833,0.0,0.0,0.0,0.0,0.0,0.0,6.066013e-07,0.0,5.424316428786456,16.32238609979609
2989,6867.4814,11.12350604654803,0.3181989789009094,10.898413607877917,10.898413096328358,0.0,0.0,0.0,0.0,0.0,0.0,5.1154956e-07,0.0,5.445614360556461,16.34402796843438
2990,6869.065,11.071349178827699,0.2965497672557831,10.898758341327385,10.898757910504434,0.0,0.0,0.0,0.0,0.0,0.0,4.3082295e-07,0.0,5.457076037847105,16.35583437917449
2991,6870.6455,10.646556597857296,0.2667860984802246,10.899102380969042,10.899102018343017,0.0,0.0,0.0,0.0,0.0,0.0,3.6262603e-07,0.0,5.457336682172,16.356439063141043
2992,6872.2295,10.67335983329317,0.25420260429382324,10.899447106637252,10.899446801801004,0.0,0.0,0.0,0.0,0.0,0.0,3.0483625e-07,0.0,5.450072326130658,16.34951943276791
2993,6873.8105,10.902984186108856,0.25587165355682373,10.899791135300433,10.899790879191414,0.0,0.0,0.0,0.0,0.0,0.0,2.5610902e-07,0.0,5.444879964892119,16.344671100192553
2994,6875.392,10.707295188350322,0.2546382248401642,10.900135209504546,10.900134994538098,0.0,0.0,0.0,0.0,0.0,0.0,2.1496645e-07,0.0,5.4370262533000675,16.337161462804612
2995,6876.9775,10.900742807428117,0.2588980793952942,10.900480071466932,10.900479891274133,0.0,0.0,0.0,0.0,0.0,0.0,1.801928e-07,0.0,5.434961996038681,16.335442067505614
2996,6878.559,11.382656191321741,0.2804783582687378,10.90082402088143,10.900823869906873,0.0,0.0,0.0,0.0,0.0,0.0,1.5097456e-07,0.0,5.432378675011266,16.333202695892695
2997,6880.1455,10.979404269468237,0.2549076974391937,10.901168968295854,10.901168841984804,0.0,0.0,0.0,0.0,0.0,0.0,1.2631105e-07,0.0,5.422249020326684,16.323417988622538
2998,6881.7285,10.660514180433932,0.25360557436943054,10.901513108039834,10.901513002417621,0.0,0.0,0.0,0.0,0.0,0.0,1.0562221e-07,0.0,5.41536777757388,16.316880885613713
2999,6883.316,10.482751223174125,0.24224287271499634,10.901858137879326,10.901858049680666,0.0,0.0,0.0,0.0,0.0,0.0,8.819866e-08,0.0,5.421799329194039,16.323657467073367
3000,6884.899,10.66777660409574,0.2603588402271271,10.90220214697993,10.9022020733601,0.0,0.0,0.0,0.0,0.0,0.0,7.361983e-08,0.0,5.44707820852633,16.34928035550626
3001,6886.483,10.787677594784668,0.2931947708129883,10.902546302356386,10.902546240967661,0.0,0.0,0.0,0.0,0.0,0.0,6.1388725e-08,0.0,5.472370317812988,16.374916620169373
3002,6888.0713,10.762061723117197,0.28312253952026367,10.90289134595791,10.902891294840144,0.0,0.0,0.0,0.0,0.0,0.0,5.1117766e-08,0.0,5.504324308987295,16.407215654945205
3003,6889.656,10.931628415138123,0.2595711350440979,10.90323547428862,10.90323543174261,0.0,0.0,0.0,0.0,0.0,0.0,4.254601e-08,0.0,5.527136614769104,16.430372089057723
3004,6891.2446,10.68372300321272,0.26536548137664795,10.903580489908911,10.903580454547239,0.0,0.0,0.0,0.0,0.0,0.0,3.5361673e-08,0.0,5.532215564902515,16.435796054811426
3005,6892.8306,10.790817273706846,0.27264606952667236,10.903924802107083,10.903924772733129,0.0,0.0,0.0,0.0,0.0,0.0,2.9373954e-08,0.0,5.539125429540225,16.44305023164731
3006,6894.42,11.12710221193094,0.28877222537994385,10.90426978878727,10.904269764418911,0.0,0.0,0.0,0.0,0.0,0.0,2.4368358e-08,0.0,5.532876654646209,16.437146443433477
3007,6896.006,10.995642436782642,0.2930234968662262,10.90461396600434,10.904613945798719,0.0,0.0,0.0,0.0,0.0,0.0,2.0205622e-08,0.0,5.530650364120679,16.43526433012502
3008,6897.5923,10.71664668414166,0.3023681044578552,10.90495818156661,10.904958164828688,0.0,0.0,0.0,0.0,0.0,0.0,1.6737921e-08,0.0,5.5342268815321685,16.439185063098776
3009,6899.183,11.059994539704082,0.285137802362442,10.905303282637279,10.905303268791695,0.0,0.0,0.0,0.0,0.0,0.0,1.3845584e-08,0.0,5.532353559050801,16.43765684168808
3010,6900.77,10.692178664156629,0.2701905071735382,10.905647468406922,10.905647456958878,0.0,0.0,0.0,0.0,0.0,0.0,1.1448045e-08,0.0,5.5325031900914174,16.43815065849834
3011,6902.3613,10.923424895510362,0.2592833340167999,10.905992539149045,10.90599252969696,0.0,0.0,0.0,0.0,0.0,0.0,9.452085e-09,0.0,5.532864395871473,16.438856935020517
3012,6903.9487,11.166701049471252,0.30266186594963074,10.906336694793257,10.906336686992502,0.0,0.0,0.0,0.0,0.0,0.0,7.8007565e-09,0.0,5.534434585904725,16.44077128069798
3013,6905.541,11.113994421765401,0.3011570870876312,10.906681840755718,10.90668183432744,0.0,0.0,0.0,0.0,0.0,0.0,6.428279e-09,0.0,5.542839226916239,16.44952106767196
3014,6907.13,10.790762113871345,0.2886793911457062,10.90702617763505,10.907026172340368,0.0,0.0,0.0,0.0,0.0,0.0,5.294681e-09,0.0,5.541166139302483,16.448192316937533
3015,6908.7188,10.466048912389063,0.28516554832458496,10.907370446377824,10.907370442020776,0.0,0.0,0.0,0.0,0.0,0.0,4.3570476e-09,0.0,5.534393592493751,16.441764038871575
3016,6910.312,10.99703408175698,0.2926519215106964,10.907715598884865,10.907715595304593,0.0,0.0,0.0,0.0,0.0,0.0,3.580272e-09,0.0,5.5250949770809115,16.432810575965775
3017,6911.9014,11.593869303310175,0.29604560136795044,10.908059836906077,10.908059833965353,0.0,0.0,0.0,0.0,0.0,0.0,2.9407234e-09,0.0,5.507895375644904,16.41595521255098
3018,6913.4956,10.983201485077036,0.2621282637119293,10.908405064005128,10.90840506159336,0.0,0.0,0.0,0.0,0.0,0.0,2.4117681e-09,0.0,5.486425895294058,16.394830959299185
3019,6915.0854,10.64378534749391,0.25314459204673767,10.908749271182078,10.908749269204835,0.0,0.0,0.0,0.0,0.0,0.0,1.9772441e-09,0.0,5.478511939493393,16.387261210675472
3020,6916.6807,10.961660831061216,0.2563585937023163,10.909094572681989,10.909094571063543,0.0,0.0,0.0,0.0,0.0,0.0,1.6184466e-09,0.0,5.474248440179018,16.383343012861005
3021,6918.2715,10.658614616728254,0.2573268413543701,10.909438854582817,10.909438853258532,0.0,0.0,0.0,0.0,0.0,0.0,1.3242852e-09,0.0,5.4787373730178395,16.388176227600656
3022,6919.8633,11.203456642430943,0.253925085067749,10.909783279523564,10.909783278441093,0.0,0.0,0.0,0.0,0.0,0.0,1.0824716e-09,0.0,5.477998969751675,16.38778224927524
3023,6921.4585,10.326969983808088,0.2602823078632355,10.910128375500426,10.9101283746168,0.0,0.0,0.0,0.0,0.0,0.0,8.8362584e-10,0.0,5.475527879961444,16.385656255461868
3024,6923.051,10.54180950248185,0.25567826628685,10.910472769302649,10.910472768581728,0.0,0.0,0.0,0.0,0.0,0.0,7.2092066e-10,0.0,5.467675742269125,16.378148511571773
3025,6924.6475,10.863180010732318,0.2509937286376953,10.910818045007025,10.910818044419717,0.0,0.0,0.0,0.0,0.0,0.0,5.8730737e-10,0.0,5.456844479624128,16.367662524631154
3026,6926.24,10.489755970011696,0.2567034661769867,10.911162407594919,10.911162407116656,0.0,0.0,0.0,0.0,0.0,0.0,4.782623e-10,0.0,5.443200725544945,16.354363133139863
3027,6927.8374,10.57829826488744,0.2557951807975769,10.91150765171477,10.911507651325882,0.0,0.0,0.0,0.0,0.0,0.0,3.8888753e-10,0.0,5.4452651201223246,16.356772771837093
3028,6929.4316,10.458482841819023,0.2506517767906189,10.911852194093587,10.911852193777541,0.0,0.0,0.0,0.0,0.0,0.0,3.1604636e-10,0.0,5.458858390480782,16.37071058457437
3029,6931.0254,10.895258168059542,0.278998464345932,10.912196562607797,10.912196562351165,0.0,0.0,0.0,0.0,0.0,0.0,2.5663138e-10,0.0,5.4706781112373335,16.38287467384513
3030,6932.6235,11.021937586424594,0.27639010548591614,10.912541812083516,10.912541811875439,0.0,0.0,0.0,0.0,0.0,0.0,2.0807629e-10,0.0,5.474406026246305,16.38694783832982
3031,6934.2188,10.739559657337743,0.24904996156692505,10.912886360192257,10.912886360023638,0.0,0.0,0.0,0.0,0.0,0.0,1.6861913e-10,0.0,5.476558201548975,16.389444561741232
3032,6935.8174,10.771945485286077,0.24622514843940735,10.913231577951313,10.913231577814855,0.0,0.0,0.0,0.0,0.0,0.0,1.3645717e-10,0.0,5.4861283214766186,16.39935989942793
3033,6937.413,11.264077907740358,0.2807360291481018,10.913576094608691,10.91357609449832,0.0,0.0,0.0,0.0,0.0,0.0,1.1037178e-10,0.0,5.50393890744519,16.417515002053882
3034,6939.0127,10.439211682587603,0.2611998915672302,10.913921386027413,10.913921385938268,0.0,0.0,0.0,0.0,0.0,0.0,8.914496e-11,0.0,5.511400385588667,16.42532177161608
3035,6940.6094,10.517668523429414,0.2545957863330841,10.91426597656878,10.914265976496816,0.0,0.0,0.0,0.0,0.0,0.0,7.19629e-11,0.0,5.504700861336212,16.418966837904993
3036,6942.206,10.761866556599617,0.26265013217926025,10.914610498726004,10.914610498667965,0.0,0.0,0.0,0.0,0.0,0.0,5.8039382e-11,0.0,5.487875951334954,16.40248645006096
3037,6943.8066,10.7581236630448,0.28414976596832275,10.914955795144419,10.914955795097676,0.0,0.0,0.0,0.0,0.0,0.0,4.6742284e-11,0.0,5.478646966838012,16.39360276198243
3038,6945.404,10.9880030764986,0.35334670543670654,10.91530028575856,10.915300285720933,0.0,0.0,0.0,0.0,0.0,0.0,3.762724e-11,0.0,5.470090566689875,16.385390852448435
3039,6947.006,11.562622224452678,0.3879273235797882,10.915645760885559,10.915645760855316,0.0,0.0,0.0,0.0,0.0,0.0,3.0241667e-11,0.0,5.463094557163533,16.37874031804909
3040,6948.6035,10.961854274651465,0.36228081583976746,10.915990219905135,10.915990219880836,0.0,0.0,0.0,0.0,0.0,0.0,2.4298053e-11,0.0,5.465977375128808,16.38196759503394
3041,6950.2065,11.504385976930827,0.3571624159812927,10.916335768278932,10.916335768259442,0.0,0.0,0.0,0.0,0.0,0.0,1.9490399e-11,0.0,5.475012750486165,16.3913485187651
3042,6951.8047,10.640041790445302,0.31649574637413025,10.916680195673974,10.916680195658344,0.0,0.0,0.0,0.0,0.0,0.0,1.563006e-11,0.0,5.464646853963877,16.38132704963785
3043,6953.408,10.486024280630946,0.2686653435230255,10.917025711979797,10.917025711967282,0.0,0.0,0.0,0.0,0.0,0.0,1.2513579e-11,0.0,5.466716388619541,16.38374210059934
3044,6955.0083,11.334685319769566,0.27535274624824524,10.917370423283693,10.91737042327368,0.0,0.0,0.0,0.0,0.0,0.0,1.0014004e-11,0.0,5.48197651494723,16.399346938230924
3045,6956.6084,10.400273320709466,0.2556237280368805,10.91771506617221,10.917715066164204,0.0,0.0,0.0,0.0,0.0,0.0,8.006384e-12,0.0,5.494107248748541,16.41182231492075
3046,6958.2124,10.759493367563785,0.2523479461669922,10.91806048178591,10.918060481779518,0.0,0.0,0.0,0.0,0.0,0.0,6.391847e-12,0.0,5.51512668858856,16.43318717037447
3047,6959.813,11.083416663708793,0.2541097402572632,10.918405092882505,10.918405092877405,0.0,0.0,0.0,0.0,0.0,0.0,5.1006634e-12,0.0,5.528693474230661,16.447098567113166
3048,6961.418,11.035076134356768,0.2579849362373352,10.918750581484085,10.91875058148002,0.0,0.0,0.0,0.0,0.0,0.0,4.0640286e-12,0.0,5.539831168499678,16.458581749983765
3049,6963.0195,10.79145717809734,0.26244258880615234,10.919095265836122,10.919095265832885,0.0,0.0,0.0,0.0,0.0,0.0,3.2366674e-12,0.0,5.550244329471019,16.46933959530714
3050,6964.625,10.640126155144982,0.2580363154411316,10.919440722237093,10.91944072223452,0.0,0.0,0.0,0.0,0.0,0.0,2.573929e-12,0.0,5.552395893805214,16.471836616042307
3051,6966.227,10.72758578243825,0.25552698969841003,10.919785374697803,10.919785374695756,0.0,0.0,0.0,0.0,0.0,0.0,2.0460103e-12,0.0,5.556517611116437,16.47630298581424
3052,6967.8296,10.851044059083758,0.2564401626586914,10.920130063794904,10.920130063793279,0.0,0.0,0.0,0.0,0.0,0.0,1.624763e-12,0.0,5.563497185423077,16.48362724921798
3053,6969.4375,10.994206818358457,0.2599969208240509,10.920475839423245,10.920475839421957,0.0,0.0,0.0,0.0,0.0,0.0,1.2880543e-12,0.0,5.560568419678653,16.4810442591019
3054,6971.0405,10.964764650991599,0.2597247064113617,10.920820496513127,10.920820496512105,0.0,0.0,0.0,0.0,0.0,0.0,1.0208994e-12,0.0,5.547354642221292,16.468175138734416
3055,6972.6484,10.716462008914583,0.2504331171512604,10.921166134741231,10.921166134740423,0.0,0.0,0.0,0.0,0.0,0.0,8.0783524e-13,0.0,5.521260387936003,16.442426522677234
3056,6974.2524,10.770612432921325,0.2624910771846771,10.921510864767338,10.921510864766699,0.0,0.0,0.0,0.0,0.0,0.0,6.390125e-13,0.0,5.479067132508362,16.4005779972757
3057,6975.861,11.339647518729574,0.27439913153648376,10.921856470580622,10.921856470580117,0.0,0.0,0.0,0.0,0.0,0.0,5.046778e-13,0.0,5.437986148262614,16.359842618843235
3058,6977.4653,10.718738407870667,0.27517253160476685,10.922201168542632,10.922201168542234,0.0,0.0,0.0,0.0,0.0,0.0,3.9844338e-13,0.0,5.408954768398864,16.331155936941496
3059,6979.0703,10.450167381668823,0.27053019404411316,10.922545902992077,10.922545902991763,0.0,0.0,0.0,0.0,0.0,0.0,3.1425876e-13,0.0,5.4068358303062745,16.32938173329835
3060,6980.6797,10.515262708871514,0.2701893746852875,10.922891512671042,10.922891512670795,0.0,0.0,0.0,0.0,0.0,0.0,2.4747085e-13,0.0,5.438578500540107,16.361470013211147
3061,6982.2856,10.350887663454305,0.2615652084350586,10.923236319829535,10.92323631982934,0.0,0.0,0.0,0.0,0.0,0.0,1.947949e-13,0.0,5.487923257261028,16.41115957709056
3062,6983.896,10.11183013403222,0.25198692083358765,10.923582001818069,10.923582001817916,0.0,0.0,0.0,0.0,0.0,0.0,1.5308916e-13,0.0,5.528181653382331,16.451763655200402
3063,6985.5024,10.409237479540156,0.2520523965358734,10.923926776768875,10.923926776768754,0.0,0.0,0.0,0.0,0.0,0.0,1.2027159e-13,0.0,5.55405464234705,16.477981419115924
3064,6987.1133,10.64915972693787,0.2610103487968445,10.924272426192086,10.924272426191992,0.0,0.0,0.0,0.0,0.0,0.0,9.4339236e-14,0.0,5.57481259361877,16.499085019810856
3065,6988.7207,10.929412478300044,0.3038981854915619,10.924617273670664,10.92461727367059,0.0,0.0,0.0,0.0,0.0,0.0,7.396754e-14,0.0,5.579210644868902,16.503827918539567
3066,6990.328,11.392245491777533,0.34854140877723694,10.924962052724727,10.924962052724668,0.0,0.0,0.0,0.0,0.0,0.0,5.794141e-14,0.0,5.573775092328912,16.49873714505364
3067,6991.9404,11.25733952125459,0.3066850006580353,10.925307810395632,10.925307810395585,0.0,0.0,0.0,0.0,0.0,0.0,4.53118e-14,0.0,5.568532900010059,16.493840710405692
3068,6993.549,10.651633575997788,0.2799646556377411,10.92565266184174,10.925652661841704,0.0,0.0,0.0,0.0,0.0,0.0,3.54232e-14,0.0,5.561081572927994,16.486734234769735
3069,6995.1616,10.68715073878392,0.2602062225341797,10.925998386804674,10.925998386804645,0.0,0.0,0.0,0.0,0.0,0.0,2.7648299e-14,0.0,5.553478457383071,16.479476844187744
3070,6996.7705,10.852826530826487,0.25055190920829773,10.926343205892861,10.92634320589284,0.0,0.0,0.0,0.0,0.0,0.0,2.1572801e-14,0.0,5.535090034114918,16.46143324000778
3071,6998.3843,11.180186622415281,0.25371769070625305,10.926689002758845,10.92668900275883,0.0,0.0,0.0,0.0,0.0,0.0,1.6803992e-14,0.0,5.5143686601774915,16.441057662936338
3072,6999.994,10.870114665915384,0.25004681944847107,10.927033894058448,10.927033894058436,0.0,0.0,0.0,0.0,0.0,0.0,1.3085066e-14,0.0,5.499119419167624,16.426153313226074
3073,7001.6045,10.754008812330785,0.2583388090133667,10.927378821507759,10.927378821507748,0.0,0.0,0.0,0.0,0.0,0.0,1.0178964e-14,0.0,5.489141898728786,16.416520720236544
3074,7003.219,11.202971513486531,0.27639663219451904,10.927724621519431,10.927724621519424,0.0,0.0,0.0,0.0,0.0,0.0,7.9054915e-15,0.0,5.48207372882304,16.40979835034247
3075,7004.83,11.199438079502638,0.2669505476951599,10.928069516468423,10.928069516468417,0.0,0.0,0.0,0.0,0.0,0.0,6.1378544e-15,0.0,5.481519714686815,16.409589231155238
3076,7006.4453,10.552188771862188,0.25903409719467163,10.928415283623169,10.928415283623163,0.0,0.0,0.0,0.0,0.0,0.0,4.7576994e-15,0.0,5.485586267810665,16.414001551433834
3077,7008.057,10.60131844283497,0.2584902048110962,10.928760250558248,10.928760250558245,0.0,0.0,0.0,0.0,0.0,0.0,3.6864365e-15,0.0,5.496978676305655,16.425738926863904
3078,7009.6733,10.690775399630295,0.2747393548488617,10.929106089301108,10.929106089301104,0.0,0.0,0.0,0.0,0.0,0.0,2.851734e-15,0.0,5.503152365262283,16.43225845456339
3079,7011.2856,10.800606007221976,0.313975065946579,10.929451023638942,10.92945102363894,0.0,0.0,0.0,0.0,0.0,0.0,2.2053392e-15,0.0,5.498471980448922,16.427923004087866
3080,7012.899,10.646993795287894,0.3910764753818512,10.929796098410376,10.929796098410375,0.0,0.0,0.0,0.0,0.0,0.0,1.7036085e-15,0.0,5.482381662475777,16.412177760886152
3081,7014.5156,10.115202856804917,0.4890119731426239,10.930141835572378,10.930141835572377,0.0,0.0,0.0,0.0,0.0,0.0,1.3140733e-15,0.0,5.462563561652115,16.392705397224493
3082,7016.1294,11.432153550394926,0.5838949680328369,10.930486877653259,10.930486877653257,0.0,0.0,0.0,0.0,0.0,0.0,1.0131388e-15,0.0,5.447317274800386,16.377804152453646
3083,7017.7476,11.431414706313213,0.6073652505874634,10.930832790589488,10.930832790589488,0.0,0.0,0.0,0.0,0.0,0.0,7.798349e-16,0.0,5.456816571152608,16.387649361742096
3084,7019.362,10.32219166961793,0.5944620370864868,10.9311777999316,10.9311777999316,0.0,0.0,0.0,0.0,0.0,0.0,6.000748e-16,0.0,5.468709514464103,16.399887314395702
3085,7020.9805,10.46642936646223,0.573746919631958,10.9315236797732,10.9315236797732,0.0,0.0,0.0,0.0,0.0,0.0,4.609893e-16,0.0,5.4793218237233186,16.410845503496517
3086,7022.5957,11.681062699896067,0.5747585296630859,10.931868760676549,10.931868760676549,0.0,0.0,0.0,0.0,0.0,0.0,3.54006e-16,0.0,5.486316679376393,16.41818544005294
3087,7024.211,11.342101303562334,0.5772289037704468,10.932213773108165,10.932213773108165,0.0,0.0,0.0,0.0,0.0,0.0,2.7159675e-16,0.0,5.485159667507003,16.41737344061517
3088,7025.831,10.777301109235099,0.4936729371547699,10.932559759750564,10.932559759750564,0.0,0.0,0.0,0.0,0.0,0.0,2.080102e-16,0.0,5.487759315569589,16.42031907532015
3089,7027.4473,10.986781459220035,0.398343950510025,10.93290484360912,10.93290484360912,0.0,0.0,0.0,0.0,0.0,0.0,1.5926322e-16,0.0,5.5041395612877775,16.437044404896895
3090,7029.068,10.118903527103836,0.34927889704704285,10.933250797016264,10.933250797016264,0.0,0.0,0.0,0.0,0.0,0.0,1.2173694e-16,0.0,5.524412741817062,16.457663538833327
3091,7030.6846,10.055535310779705,0.3166288435459137,10.933595847988451,10.933595847988451,0.0,0.0,0.0,0.0,0.0,0.0,9.3025784e-17,0.0,5.53756046863924,16.47115631662769
3092,7032.3057,11.067228282740187,0.31160232424736023,10.933941768153977,10.933941768153977,0.0,0.0,0.0,0.0,0.0,0.0,7.0967365e-17,0.0,5.548151050755907,16.482092818909884
3093,7033.924,10.780205934842105,0.3007921278476715,10.934286994556814,10.934286994556814,0.0,0.0,0.0,0.0,0.0,0.0,5.4115105e-17,0.0,5.549689084689145,16.48397607924596
3094,7035.5415,11.307295650759617,0.31004223227500916,10.934632048304207,10.934632048304207,0.0,0.0,0.0,0.0,0.0,0.0,4.1229266e-17,0.0,5.556267886838039,16.490899935142245
3095,7037.164,11.302565822384144,0.32049453258514404,10.934978074812253,10.934978074812253,0.0,0.0,0.0,0.0,0.0,0.0,3.1356597e-17,0.0,5.5639827158238635,16.49896079063612
3096,7038.7827,11.040009428924613,0.33030804991722107,10.935323199694672,10.935323199694672,0.0,0.0,0.0,0.0,0.0,0.0,2.3841198e-17,0.0,5.5795984964904255,16.514921696185098
3097,7040.4062,10.819778955247756,0.37826743721961975,10.935669296900146,10.935669296900146,0.0,0.0,0.0,0.0,0.0,0.0,1.8095062e-17,0.0,5.609107458326464,16.54477675522661
3098,7042.026,10.792894220461964,0.4803832173347473,10.936014492787134,10.936014492787134,0.0,0.0,0.0,0.0,0.0,0.0,1.3730022e-17,0.0,5.65334334362495,16.589357836412084
3099,7043.65,10.973578872565486,0.4637133479118347,10.93636055652207,10.93636055652207,0.0,0.0,0.0,0.0,0.0,0.0,1.04003205e-17,0.0,5.6736493684013105,16.610009924923382
3100,7045.27,10.921605025696842,0.41439229249954224,10.936705719286918,10.936705719286918,0.0,0.0,0.0,0.0,0.0,0.0,7.87595e-18,0.0,5.679146851134212,16.61585257042113
3101,7046.891,11.677695471698916,0.3951534032821655,10.937051021570632,10.937051021570632,0.0,0.0,0.0,0.0,0.0,0.0,5.957679e-18,0.0,5.6763103418997165,16.613361363470347
3102,7048.5156,11.537742445018672,0.3495381772518158,10.937396983157344,10.937396983157344,0.0,0.0,0.0,0.0,0.0,0.0,4.4997347e-18,0.0,5.653791597339725,16.591188580497068
3103,7050.137,10.947227085116392,0.363399863243103,10.937742252226844,10.937742252226844,0.0,0.0,0.0,0.0,0.0,0.0,3.3970833e-18,0.0,5.611315166470522,16.549057418697366
3104,7051.7627,10.948616118906202,0.3633764386177063,10.938088284262145,10.938088284262145,0.0,0.0,0.0,0.0,0.0,0.0,2.5604702e-18,0.0,5.543462662221729,16.481550946483875
3105,7053.3853,11.353876885290267,0.3329192101955414,10.938433624004391,10.938433624004391,0.0,0.0,0.0,0.0,0.0,0.0,1.9290615e-18,0.0,5.449919882898209,16.3883535069026
3106,7055.0117,11.224154120120398,0.31087031960487366,10.938779726358337,10.938779726358337,0.0,0.0,0.0,0.0,0.0,0.0,1.4509918e-18,0.0,5.38342225011886,16.322201976477196
3107,7056.635,11.261503661310776,0.31416410207748413,10.93912503277088,10.93912503277088,0.0,0.0,0.0,0.0,0.0,0.0,1.0910169e-18,0.0,5.33640817340602,16.2755332061769
3108,7058.2583,11.379688023090445,0.3051709234714508,10.939470374519525,10.939470374519525,0.0,0.0,0.0,0.0,0.0,0.0,8.195064e-19,0.0,5.301981212139046,16.24145158665857
3109,7059.8857,11.489226668629188,0.31149205565452576,10.939816478390481,10.939816478390481,0.0,0.0,0.0,0.0,0.0,0.0,6.14555e-19,0.0,5.280375153270226,16.220191631660708
3110,7061.51,11.281735612752751,0.31746724247932434,10.940161786759056,10.940161786759056,0.0,0.0,0.0,0.0,0.0,0.0,4.607038e-19,0.0,5.270703123209163,16.21086490996822
3111,7063.1387,10.658461326428053,0.3008185029029846,10.94050806451748,10.94050806451748,0.0,0.0,0.0,0.0,0.0,0.0,3.4474202e-19,0.0,5.280676132373215,16.221184196890697
3112,7064.763,10.912065021438742,0.2836434245109558,10.940853339458796,10.940853339458796,0.0,0.0,0.0,0.0,0.0,0.0,2.5792619e-19,0.0,5.302816875533914,16.24367021499271
3113,7066.3926,10.980342073979507,0.2983545660972595,10.941199583395198,10.941199583395198,0.0,0.0,0.0,0.0,0.0,0.0,1.9262074e-19,0.0,5.297674970087876,16.238874553483072
3114,7068.018,10.843227802600603,0.2993957996368408,10.941544928631457,10.941544928631457,0.0,0.0,0.0,0.0,0.0,0.0,1.4381516e-19,0.0,5.272033275280256,16.213578203911712
3115,7069.644,10.628836936751746,0.28146424889564514,10.941890309059247,10.941890309059247,0.0,0.0,0.0,0.0,0.0,0.0,1.0726482e-19,0.0,5.276207618912316,16.218097927971563
3116,7071.274,10.665025577500117,0.2841053605079651,10.942236450454853,10.942236450454853,0.0,0.0,0.0,0.0,0.0,0.0,7.987133e-20,0.0,5.3047934914085735,16.247029941863428
3117,7072.901,11.083829683543257,0.3024159073829651,10.942581901024528,10.942581901024528,0.0,0.0,0.0,0.0,0.0,0.0,5.9448695e-20,0.0,5.340128141163774,16.282710042188302
3118,7074.5317,10.97464551526089,0.29237401485443115,10.942928112208948,10.942928112208948,0.0,0.0,0.0,0.0,0.0,0.0,4.4174476e-20,0.0,5.359443763913914,16.302371876122862
3119,7076.1597,10.93746363734754,0.2744480073451996,10.943273632791177,10.943273632791177,0.0,0.0,0.0,0.0,0.0,0.0,3.281103e-20,0.0,5.372894410137812,16.31616804292899
3120,7077.791,10.993050109443764,0.27476614713668823,10.943619810030661,10.943619810030661,0.0,0.0,0.0,0.0,0.0,0.0,2.4332075e-20,0.0,5.3779330143355315,16.321552824366194
3121,7079.4194,10.95936323941586,0.274784117937088,10.943965296932815,10.943965296932815,0.0,0.0,0.0,0.0,0.0,0.0,1.8037006e-20,0.0,5.36701844393375,16.310983740866565
3122,7081.052,11.134848083696209,0.25481849908828735,10.944311543785213,10.944311543785213,0.0,0.0,0.0,0.0,0.0,0.0,1.3348145e-20,0.0,5.329528365888753,16.273839909673967
3123,7082.6807,11.624735197672177,0.2591562271118164,10.94465699698106,10.94465699698106,0.0,0.0,0.0,0.0,0.0,0.0,9.8750235e-21,0.0,5.274327912679387,16.218984909660445
3124,7084.31,10.85491984070607,0.2572902739048004,10.945002485159828,10.945002485159828,0.0,0.0,0.0,0.0,0.0,0.0,7.298015e-21,0.0,5.213300297843734,16.158302783003563
3125,7085.944,10.886880984316491,0.25189176201820374,10.945348836303058,10.945348836303058,0.0,0.0,0.0,0.0,0.0,0.0,5.383929e-21,0.0,5.160344967831946,16.105693804135004
3126,7087.5737,10.793711390544079,0.2507791519165039,10.945694290705397,10.945694290705397,0.0,0.0,0.0,0.0,0.0,0.0,3.9709807e-21,0.0,5.124554905842641,16.070249196548037
3127,7089.2085,10.486001558726155,0.25106868147850037,10.946040711180453,10.946040711180453,0.0,0.0,0.0,0.0,0.0,0.0,2.9233748e-21,0.0,5.106917790944255,16.05295850212471
3128,7090.839,10.380082483301264,0.24528038501739502,10.946386131780292,10.946386131780292,0.0,0.0,0.0,0.0,0.0,0.0,2.151856e-21,0.0,5.099457387914557,16.04584351969485
3129,7092.474,10.476825041319671,0.24714434146881104,10.946732518059575,10.946732518059575,0.0,0.0,0.0,0.0,0.0,0.0,1.5809877e-21,0.0,5.089483933900055,16.03621645195963
3130,7094.106,10.41732388453402,0.2536124885082245,10.947078111649319,10.947078111649319,0.0,0.0,0.0,0.0,0.0,0.0,1.1612024e-21,0.0,5.103489103747229,16.050567215396548
3131,7095.738,9.860231730474075,0.2481469213962555,10.947423636659135,10.947423636659135,0.0,0.0,0.0,0.0,0.0,0.0,8.520725e-22,0.0,5.116481450067917,16.063905086727054
3132,7097.3745,10.289659188663789,0.24625638127326965,10.947770126697371,10.947770126697371,0.0,0.0,0.0,0.0,0.0,0.0,6.240534e-22,0.0,5.128204657161406,16.075974783858776
3133,7099.007,10.327549662200788,0.25252774357795715,10.948115617767824,10.948115617767824,0.0,0.0,0.0,0.0,0.0,0.0,4.570011e-22,0.0,5.147694859893939,16.095810477661765
3134,7100.644,9.958250115250973,0.2598210573196411,10.948462073473873,10.948462073473873,0.0,0.0,0.0,0.0,0.0,0.0,3.3403554e-22,0.0,5.1507052680498076,16.099167341523682
3135,7102.2773,10.822792955973181,0.25250935554504395,10.948807633895912,10.948807633895912,0.0,0.0,0.0,0.0,0.0,0.0,2.4410423e-22,0.0,5.155833295247523,16.104640929143436
3136,7103.915,10.130427899892922,0.25175586342811584,10.949154055244097,10.949154055244097,0.0,0.0,0.0,0.0,0.0,0.0,1.7806396e-22,0.0,5.154005464975241,16.10315952021934
3137,7105.5493,11.028973323134021,0.28295332193374634,10.94949968490983,10.94949968490983,0.0,0.0,0.0,0.0,0.0,0.0,1.2985064e-22,0.0,5.1499931990827745,16.099492883992603
3138,7107.1836,10.622702185328862,0.28273826837539673,10.949845245996489,10.949845245996489,0.0,0.0,0.0,0.0,0.0,0.0,9.460116e-23,0.0,5.143184121433834,16.093029367430322
3139,7108.8228,10.475614757161692,0.25438350439071655,10.950191770676167,10.950191770676167,0.0,0.0,0.0,0.0,0.0,0.0,6.878949e-23,0.0,5.1285798839515895,16.078771654627758
3140,7110.4585,11.245772748414726,0.2669093906879425,10.950537504069391,10.950537504069391,0.0,0.0,0.0,0.0,0.0,0.0,5.000558e-23,0.0,5.119558901365546,16.07009640543494
3141,7112.098,10.625689105813914,0.24533143639564514,10.950883994234905,10.950883994234905,0.0,0.0,0.0,0.0,0.0,0.0,3.628839e-23,0.0,5.1105522348232935,16.0614362290582
3142,7113.734,10.671510141278564,0.24243776500225067,10.951229590266296,10.951229590266296,0.0,0.0,0.0,0.0,0.0,0.0,2.6328682e-23,0.0,5.1117425747858904,16.062972165052187
3143,7115.3745,10.861033072125046,0.248249813914299,10.95157614906549,10.95157614906549,0.0,0.0,0.0,0.0,0.0,0.0,1.9065899e-23,0.0,5.122764954913527,16.074341103979016
3144,7117.011,10.190273503704121,0.26281222701072693,10.95192181403549,10.95192181403549,0.0,0.0,0.0,0.0,0.0,0.0,1.3803976e-23,0.0,5.124291201190898,16.076213015226386
3145,7118.6484,9.721535722011607,0.32945626974105835,10.952267513518889,10.952267513518889,0.0,0.0,0.0,0.0,0.0,0.0,9.983677e-24,0.0,5.12537284732433,16.07764036084322
3146,7120.29,10.351356638188145,0.40381237864494324,10.952614072050377,10.952614072050377,0.0,0.0,0.0,0.0,0.0,0.0,7.207396e-24,0.0,5.114889966731289,16.067504038781664
3147,7121.928,11.143583384177356,0.41887786984443665,10.952959840300993,10.952959840300993,0.0,0.0,0.0,0.0,0.0,0.0,5.2016995e-24,0.0,5.093078526833386,16.04603836713438
3148,7123.5703,10.738732124487118,0.46906840801239014,10.95330636417828,10.95330636417828,0.0,0.0,0.0,0.0,0.0,0.0,3.7476013e-24,0.0,5.07217333205585,16.02547969623413
3149,7125.209,11.164206542741994,0.43360310792922974,10.953652098079406,10.953652098079406,0.0,0.0,0.0,0.0,0.0,0.0,2.6992239e-24,0.0,5.048598251569529,16.002250349648936
3150,7126.8525,11.557662298952717,0.3499597907066345,10.9539987932756,10.9539987932756,0.0,0.0,0.0,0.0,0.0,0.0,1.9403549e-24,0.0,5.01943654748283,15.973435340758432
3151,7128.4917,10.68205347500686,0.27965742349624634,10.954344492781464,10.954344492781464,0.0,0.0,0.0,0.0,0.0,0.0,1.3947304e-24,0.0,4.98505506075974,15.939399553541204
3152,7130.132,9.67228977321809,0.2717832028865814,10.95469032960699,10.95469032960699,0.0,0.0,0.0,0.0,0.0,0.0,1.0013651e-24,0.0,4.983124808080739,15.937815137687728
3153,7131.776,10.650801690731988,0.30574071407318115,10.955036921224547,10.955036921224547,0.0,0.0,0.0,0.0,0.0,0.0,7.176801e-25,0.0,5.020200697268501,15.975237618493047
3154,7133.4165,10.837923253729947,0.29555192589759827,10.955382723565734,10.955382723565734,0.0,0.0,0.0,0.0,0.0,0.0,5.1422524e-25,0.0,5.104515825554721,16.059898549120454
3155,7135.0615,10.605821427312097,0.2672787308692932,10.955729383276552,10.955729383276552,0.0,0.0,0.0,0.0,0.0,0.0,3.6776106e-25,0.0,5.204695883784094,16.160425267060646
3156,7136.7026,10.647041427932848,0.2551365792751312,10.956075151108228,10.956075151108228,0.0,0.0,0.0,0.0,0.0,0.0,2.629694e-25,0.0,5.2148445965422505,16.17091974765048
3157,7138.3486,11.219289072066825,0.24894018471240997,10.956421878805525,10.956421878805525,0.0,0.0,0.0,0.0,0.0,0.0,1.876671e-25,0.0,5.138109914749582,16.094531793555106
3158,7139.991,11.823693900974858,0.26210010051727295,10.956767817753367,10.956767817753367,0.0,0.0,0.0,0.0,0.0,0.0,1.3389266e-25,0.0,5.075912803737056,16.03268062149042
3159,7141.6333,11.654996692297491,0.2654253840446472,10.957113585239933,10.957113585239933,0.0,0.0,0.0,0.0,0.0,0.0,9.544415e-26,0.0,5.052623928430048,16.009737513669982
3160,7143.2803,10.889470717523068,0.2563553750514984,10.957460311986127,10.957460311986127,0.0,0.0,0.0,0.0,0.0,0.0,6.790192e-26,0.0,5.032569268133671,15.9900295801198
3161,7144.924,10.838271738996465,0.24750946462154388,10.957806250418518,10.957806250418518,0.0,0.0,0.0,0.0,0.0,0.0,4.829499e-26,0.0,5.017832158098261,15.97563840851678
3162,7146.571,11.001906232663586,0.25935089588165283,10.958152839407447,10.958152839407447,0.0,0.0,0.0,0.0,0.0,0.0,3.4291898e-26,0.0,5.006097002199695,15.964249841607142
3163,7148.215,10.574616863351402,0.24897122383117676,10.958498743150741,10.958498743150741,0.0,0.0,0.0,0.0,0.0,0.0,2.4340263e-26,0.0,4.999083087820472,15.957581830971215
3164,7149.864,9.92192714929482,0.2525971233844757,10.958845605291677,10.958845605291677,0.0,0.0,0.0,0.0,0.0,0.0,1.7242196e-26,0.0,5.011234586239848,15.970080191531524
3165,7151.509,9.966329310141864,0.2596145570278168,10.959191576962715,10.959191576962715,0.0,0.0,0.0,0.0,0.0,0.0,1.2212237e-26,0.0,5.038193967140851,15.997385544103565
3166,7153.154,9.538580997488353,0.3567357361316681,10.959537479979662,10.959537479979662,0.0,0.0,0.0,0.0,0.0,0.0,8.641195e-27,0.0,5.0616883201386,16.021225800118263
3167,7154.803,9.93259698263656,0.44190746545791626,10.959884238147522,10.959884238147522,0.0,0.0,0.0,0.0,0.0,0.0,6.10282e-27,0.0,5.080794512114415,16.040678750261936
3168,7156.4487,10.69203384691805,0.46865689754486084,10.960230106382626,10.960230106382626,0.0,0.0,0.0,0.0,0.0,0.0,4.3094597e-27,0.0,5.088938633855875,16.0491687402385
3169,7158.099,11.067650292314372,0.3413822054862976,10.960576932020775,10.960576932020775,0.0,0.0,0.0,0.0,0.0,0.0,3.0369916e-27,0.0,5.085120703779379,16.045697635800153
3170,7159.746,10.877230596708051,0.2805205285549164,10.960922970610431,10.960922970610431,0.0,0.0,0.0,0.0,0.0,0.0,2.1397105e-27,0.0,5.0774469850790585,16.03836995568949
3171,7161.397,10.444931408093938,0.26955291628837585,10.961269761011785,10.961269761011785,0.0,0.0,0.0,0.0,0.0,0.0,1.5048142e-27,0.0,5.057957271410457,16.019227032422243
3172,7163.0444,9.964814237608511,0.30016663670539856,10.961615764668295,10.961615764668295,0.0,0.0,0.0,0.0,0.0,0.0,1.0580462e-27,0.0,5.041603036866587,16.00321880153488
3173,7164.6924,11.049754807465973,0.32652541995048523,10.961961802192674,10.961961802192674,0.0,0.0,0.0,0.0,0.0,0.0,7.431205e-28,0.0,5.0373557119432055,15.999317514135878
3174,7166.3447,11.072295711681651,0.28458791971206665,10.962308693546037,10.962308693546037,0.0,0.0,0.0,0.0,0.0,0.0,5.209274e-28,0.0,5.049799396350576,16.012108089896614
3175,7167.993,10.619290090237634,0.2487875521183014,10.962654696069823,10.962654696069823,0.0,0.0,0.0,0.0,0.0,0.0,3.6512276e-28,0.0,5.081285738314613,16.043940434384435
3176,7169.646,10.545837545951553,0.24115610122680664,10.96300155207434,10.96300155207434,0.0,0.0,0.0,0.0,0.0,0.0,2.5542432e-28,0.0,5.120863770881944,16.083865322956285
3177,7171.2954,10.147467021887755,0.24080829322338104,10.963347622031389,10.963347622031389,0.0,0.0,0.0,0.0,0.0,0.0,1.7864309e-28,0.0,5.147794361168886,16.111141983200277
3178,7172.949,10.388708632023686,0.24300546944141388,10.963694545080363,10.963694545080363,0.0,0.0,0.0,0.0,0.0,0.0,1.2470059e-28,0.0,5.155069787470942,16.118764332551304
3179,7174.599,10.51525107899728,0.25785747170448303,10.96404057994718,10.96404057994718,0.0,0.0,0.0,0.0,0.0,0.0,8.703579e-29,0.0,5.146346172894809,16.11038675284199
3180,7176.2495,10.460204927169315,0.27225998044013977,10.964386648542197,10.964386648542197,0.0,0.0,0.0,0.0,0.0,0.0,6.068109e-29,0.0,5.13348308400012,16.097869732542318
3181,7177.9043,10.149493396794782,0.2673644423484802,10.964733569687168,10.964733569687168,0.0,0.0,0.0,0.0,0.0,0.0,4.222477e-29,0.0,5.117587863886371,16.08232143357354
3182,7179.5557,9.983804768533393,0.25291967391967773,10.965079705481502,10.965079705481502,0.0,0.0,0.0,0.0,0.0,0.0,2.9375265e-29,0.0,5.09670537093194,16.061785076413443
3183,7181.2114,10.504196043048779,0.2697714865207672,10.965426693437434,10.965426693437434,0.0,0.0,0.0,0.0,0.0,0.0,2.0396454e-29,0.0,5.087887887920458,16.053314581357892
3184,7182.8633,10.781202798546532,0.2909104526042938,10.965772794009512,10.965772794009512,0.0,0.0,0.0,0.0,0.0,0.0,1.4160261e-29,0.0,5.074158186255714,16.039930980265225
3185,7184.52,11.08269308257432,0.29635801911354065,10.966119848670987,10.966119848670987,0.0,0.0,0.0,0.0,0.0,0.0,9.810547e-30,0.0,5.056259172674704,16.022379021345692
3186,7186.173,10.59623055601803,0.2718181610107422,10.966466016251621,10.966466016251621,0.0,0.0,0.0,0.0,0.0,0.0,6.796241e-30,0.0,5.043093632214392,16.009559648466013
3187,7187.8257,10.042260327348064,0.24826283752918243,10.96681211514598,10.96681211514598,0.0,0.0,0.0,0.0,0.0,0.0,4.7034542e-30,0.0,5.027521929732013,15.994334044877995
3188,7189.4834,10.017670439467873,0.24149538261695633,10.9671591675277,10.9671591675277,0.0,0.0,0.0,0.0,0.0,0.0,3.2483577e-30,0.0,5.015077784708819,15.98223695223652
