<IPython.core.display.HTML object>
/app/BADASS3/example_spectra/2-onur
/app/BADASS3/example_spectra/2-onur/my_sdss.fits
0.17511339485645294
Start process memory: 0.22340813                    
 Folder has not been created.  Creating MCMC_output folder...

 > Starting fit for 2-onur

 Input fitting region exceeds available wavelength range.  BADASS will adjust your fitting range automatically...
		- Input fitting range: (2900, 8000)
		- Available wavelength range: (3035, 8849)
		- New fitting region is (3035, 8000). 


 Input spectrum is not linearly binned. BADASS will linearly rebin and conserve flux...


-----------------------------------------------------------
 file:                        my_sdss.fits                  
 redshift:                    0.17511                       
 fitting region:              (3035,8000) [A]               
 velocity scale:              69.03 [km/s/pixel]            
 Galactic E(B-V):             0.000                         
 Flux Normalization:          1e-17                         
 Fit Normalization:           132.18542                     
-----------------------------------------------------------

 Initializing parameters...
----------------------------------------------------------------------------------------------------
	- Fitting a SSP host-galaxy template.
	- Fitting additive legendre polynomial component.
	- Fitting Simple AGN power-law continuum.
	- Fitting broad and narrow optical FeII using Veron-Cetty et al. (2004) optical FeII templates
	 		* varying optical FeII amplitudes
	 		* varying optical FeII dispersion.
	 		* varying optical FeII voff

 Warning! Peak finding algorithm used for initial guesses of amplitude and velocity failed! Defaulting to user-defined locations...

 Warning! Peak finding algorithm used for initial guesses of amplitude and velocity failed! Defaulting to user-defined locations...

----------------------------------------------------------------------------------------------------------------------------------------

----------------------------------------------------------------------------------------------------------------------------------------

 Line List:

----------------------------------------------------------------------------------------------------------------------------------------
BR_H_ALPHA                                                                                
                              amp                           free                          
                              center                        6564.6                        
                              center_pix                    3350.1285739153345            
                              disp                          free                          
                              disp_res_ang                  2.168290397634345             
                              disp_res_kms                  99.02158668686553             
                              line_profile                  gaussian                      
                              line_type                     br                            
                              ncomp                         1                             
                              voff                          free                          
BR_H_BETA                                                                                 
                              amp                           free                          
                              center                        4862.691                      
                              center_pix                    2046.869844480125             
                              disp                          BR_H_ALPHA_DISP               
                              disp_res_ang                  2.168290397634345             
                              disp_res_kms                  133.67847308508757            
                              line_profile                  gaussian                      
                              line_type                     br                            
                              ncomp                         1                             
                              voff                          BR_H_ALPHA_VOFF               
NA_H_ALPHA                                                                                
                              amp                           free                          
                              center                        6564.6                        
                              center_pix                    3350.1285739153345            
                              disp                          free                          
                              disp_res_ang                  2.168290397634345             
                              disp_res_kms                  99.02158668686553             
                              label                         [H$\alpha$]                   
                              line_profile                  gaussian                      
                              line_type                     na                            
                              ncomp                         1                             
                              voff                          free                          
NA_H_BETA                                                                                 
                              amp                           free                          
                              center                        4862.691                      
                              center_pix                    2046.869844480125             
                              disp                          NA_H_ALPHA_DISP               
                              disp_res_ang                  2.168290397634345             
                              disp_res_kms                  133.67847308508757            
                              label                         H$\beta$                      
                              line_profile                  gaussian                      
                              line_type                     na                            
                              ncomp                         1                             
                              voff                          NA_H_ALPHA_VOFF               
NA_NII_6549                                                                               
                              amp                           (NA_NII_6585_AMP/3.0)         
                              center                        6549.86                       
                              center_pix                    3340.366477168764             
                              disp                          NA_H_ALPHA_DISP               
                              disp_res_ang                  2.168290397634345             
                              disp_res_kms                  99.2444278144262              
                              label                         [NII]                         
                              line_profile                  gaussian                      
                              line_type                     na                            
                              ncomp                         1                             
                              voff                          NA_H_ALPHA_VOFF               
NA_NII_6585                                                                               
                              amp                           free                          
                              center                        6585.27                       
                              center_pix                    3363.7811434672303            
                              disp                          NA_H_ALPHA_DISP               
                              disp_res_ang                  2.168290397634345             
                              disp_res_kms                  98.71077540702166             
                              label                         [NII]                         
                              line_profile                  gaussian                      
                              line_type                     na                            
                              ncomp                         1                             
                              voff                          NA_H_ALPHA_VOFF               
NA_OII                                                                                    
                              amp                           free                          
                              center                        3727.09                       
                              center_pix                    891.852625639188              
                              disp                          free                          
                              disp_res_ang                  2.168290397634345             
                              disp_res_kms                  174.40874998043984            
                              label                         [OII]                         
                              line_profile                  gaussian                      
                              line_type                     na                            
                              ncomp                         1                             
                              voff                          free                          
NA_OIII_a                                                                                 
                              amp                           (NA_OIII_b_AMP/2.98)          
                              center                        4960.295                      
                              center_pix                    2133.174377115971             
                              disp                          NA_H_ALPHA_DISP               
                              disp_res_ang                  2.168290397634345             
                              disp_res_kms                  131.04807435134353            
                              label                         [OIIIa]                       
                              line_profile                  gaussian                      
                              line_type                     na                            
                              ncomp                         1                             
                              voff                          NA_H_ALPHA_VOFF               
NA_OIII_b                                                                                 
                              amp                           free                          
                              center                        5008.24                       
                              center_pix                    2174.948821898495             
                              disp                          NA_H_ALPHA_DISP               
                              disp_res_ang                  2.168290397634345             
                              disp_res_kms                  129.7935218688796             
                              label                         [OIIIb]                       
                              line_profile                  gaussian                      
                              line_type                     na                            
                              ncomp                         1                             
                              voff                          NA_H_ALPHA_VOFF               
NA_SII_6716                                                                               
                              amp                           free                          
                              center                        6718.29                       
                              center_pix                    3450.62892858991              
                              disp                          NA_H_ALPHA_DISP               
                              disp_res_ang                  2.168290397634345             
                              disp_res_kms                  96.75633352603082             
                              label                         [SII]                         
                              line_profile                  gaussian                      
                              line_type                     na                            
                              ncomp                         1                             
                              voff                          NA_H_ALPHA_VOFF               
NA_SII_6731                                                                               
                              amp                           free                          
                              center                        6732.67                       
                              center_pix                    3459.9143548165034            
                              disp                          NA_H_ALPHA_DISP               
                              disp_res_ang                  2.168290397634345             
                              disp_res_kms                  96.54967612620217             
                              label                         [SII]                         
                              line_profile                  gaussian                      
                              line_type                     na                            
                              ncomp                         1                             
                              voff                          NA_H_ALPHA_VOFF               

----------------------------------------------------------------------------------------------------------------------------------------

 Number of Free Line Parameters: 15

----------------------------------------------------------------------------------------------------------------------------------------

 All Free Parameters:

----------------------------------------------------------------------------------------------------------------------------------------
APOLY_COEFF_1                                                                             
                              init                          0.0                           
                              plim                          (-100.0, 100.0)               
APOLY_COEFF_2                                                                             
                              init                          0.0                           
                              plim                          (-100.0, 100.0)               
APOLY_COEFF_3                                                                             
                              init                          0.0                           
                              plim                          (-100.0, 100.0)               
BR_H_ALPHA_AMP                                                                            
                              init                          0.954159481656466             
                              plim                          (0, 50)                       
BR_H_ALPHA_DISP                                                                           
                              init                          3300.0                        
                              plim                          (600, 6000)                   
BR_H_ALPHA_VOFF                                                                           
                              init                          0.0                           
                              plim                          (-1500, 1500)                 
                              prior                         {'type': 'gaussian'}          
BR_H_BETA_AMP                                                                             
                              init                          0.4867263372681617            
                              plim                          (0, 50)                       
BR_OPT_FEII_AMP                                                                           
                              init                          0.026222564774247538          
                              plim                          (0, 1.5000000253431303)       
BR_OPT_FEII_DISP                                                                          
                              init                          500.0                         
                              plim                          (500.0, 5000.0)               
BR_OPT_FEII_VOFF                                                                          
                              init                          0.0                           
                              plim                          (-500.0, 500.0)               
HOST_TEMP_DISP                                                                            
                              init                          100.0                         
                              plim                          (0.001, 500.0)                
HOST_TEMP_VEL                                                                             
                              init                          0.0                           
                              plim                          (-500.0, 500)                 
NA_H_ALPHA_AMP                                                                            
                              init                          0.954159481656466             
                              plim                          (0, 50)                       
NA_H_ALPHA_DISP                                                                           
                              init                          1300.0                        
                              plim                          (100, 2500)                   
NA_H_ALPHA_VOFF                                                                           
                              init                          0.0                           
                              plim                          (-1000, 1000)                 
                              prior                         {'type': 'gaussian'}          
NA_H_BETA_AMP                                                                             
                              init                          0.4867263372681617            
                              plim                          (0, 50)                       
NA_NII_6585_AMP                                                                           
                              init                          0.6698543291156153            
                              plim                          (0, 50)                       
NA_OIII_b_AMP                                                                             
                              init                          0.43386158242594336           
                              plim                          (0, 50)                       
NA_OII_AMP                                                                                
                              init                          0.45859458999633473           
                              plim                          (0, 50)                       
NA_OII_DISP                                                                               
                              init                          1300.0                        
                              plim                          (100, 2500)                   
NA_OII_VOFF                                                                               
                              init                          0.0                           
                              plim                          (-1000, 1000)                 
                              prior                         {'type': 'gaussian'}          
NA_OPT_FEII_AMP                                                                           
                              init                          0.026222564774247538          
                              plim                          (0, 1.5000000253431303)       
NA_OPT_FEII_DISP                                                                          
                              init                          10.0                          
                              plim                          (0.1, 500.0)                  
NA_OPT_FEII_VOFF                                                                          
                              init                          0.0                           
                              plim                          (-500.0, 500.0)               
NA_SII_6716_AMP                                                                           
                              init                          0.20723523110819728           
                              plim                          (0, 50)                       
NA_SII_6731_AMP                                                                           
                              init                          0.20074704617310574           
                              plim                          (0, 50)                       
POWER_AMP                                                                                 
                              init                          0.13111282387123768           
                              plim                          (0, 1.5000000253431303)       
POWER_SLOPE                                                                               
                              init                          -1.0                          
                              plim                          (-6.0, 6.0)                   

----------------------------------------------------------------------------------------------------------------------------------------

 Total number of free parameters: 28

----------------------------------------------------------------------------------------------------------------------------------------

 Soft Constraints:


----------------------------------------------------------------------------------------------------------------------------------------

----------------------------------------------------------------------------------------------------------------------------------------

 Required Maximum Likelihood RMSE threshold: 0.5366 


 Performing max. likelihood fitting.

 Using Basin-hopping algorithm to estimate parameters. niter_success = 5
basinhopping step 0: f 631469
 Fit Status: False
 Force threshold: 0.5366
 Lowest RMSE: 1.0616
 Current RMSE: 1.0616
 Accepted count: 1
 Basinhop count: 0


adaptive stepsize: acceptance rate 0.000000 target 0.500000 new stepsize 0.9 old stepsize 1
basinhopping step 1: f 631469 trial_f 5.47906e+06 accepted 0  lowest_f 631469
 Fit Status: False
 Force threshold: 0.5366
 Lowest RMSE: 1.0616
 Current RMSE: 3.0183
 Accepted count: 1
 Basinhop count: 1


adaptive stepsize: acceptance rate 0.000000 target 0.500000 new stepsize 0.81 old stepsize 0.9
basinhopping step 2: f 631469 trial_f 5.29872e+06 accepted 0  lowest_f 631469
 Fit Status: False
 Force threshold: 0.5366
 Lowest RMSE: 1.0616
 Current RMSE: 2.1267
 Accepted count: 1
 Basinhop count: 2


adaptive stepsize: acceptance rate 0.000000 target 0.500000 new stepsize 0.729 old stepsize 0.81
basinhopping step 3: f 631469 trial_f 1.04326e+07 accepted 0  lowest_f 631469
 Fit Status: False
 Force threshold: 0.5366
 Lowest RMSE: 1.0616
 Current RMSE: 3.8350
 Accepted count: 1
 Basinhop count: 3


adaptive stepsize: acceptance rate 0.000000 target 0.500000 new stepsize 0.6561 old stepsize 0.729
basinhopping step 4: f 631469 trial_f 4.25737e+06 accepted 0  lowest_f 631469
 Fit Status: False
 Force threshold: 0.5366
 Lowest RMSE: 1.0616
 Current RMSE: 2.1720
 Accepted count: 1
 Basinhop count: 4


adaptive stepsize: acceptance rate 0.000000 target 0.500000 new stepsize 0.59049 old stepsize 0.6561
basinhopping step 5: f 631469 trial_f 4.09454e+06 accepted 0  lowest_f 631469
 Fit Status: False
 Force threshold: 0.5366
 Lowest RMSE: 1.0616
 Current RMSE: 2.0700
 Accepted count: 1
 Basinhop count: 5


adaptive stepsize: acceptance rate 0.000000 target 0.500000 new stepsize 0.531441 old stepsize 0.59049
basinhopping step 6: f 631469 trial_f 4.02671e+06 accepted 0  lowest_f 631469
 Fit Status: False
 Force threshold: 0.5366
 Lowest RMSE: 1.0616
 Current RMSE: 2.0290
 Accepted count: 1
 Basinhop count: 6


adaptive stepsize: acceptance rate 0.000000 target 0.500000 new stepsize 0.478297 old stepsize 0.531441
basinhopping step 7: f 631469 trial_f 1.05039e+06 accepted 0  lowest_f 631469
 Fit Status: False
 Force threshold: 0.5366
 Lowest RMSE: 1.0616
 Current RMSE: 1.2935
 Accepted count: 1
 Basinhop count: 7


adaptive stepsize: acceptance rate 0.000000 target 0.500000 new stepsize 0.430467 old stepsize 0.478297
basinhopping step 8: f 631469 trial_f 2.64856e+06 accepted 0  lowest_f 631469
 Fit Status: False
 Force threshold: 0.5366
 Lowest RMSE: 1.0616
 Current RMSE: 1.4387
 Accepted count: 1
 Basinhop count: 8


adaptive stepsize: acceptance rate 0.000000 target 0.500000 new stepsize 0.38742 old stepsize 0.430467
basinhopping step 9: f 631469 trial_f 780332 accepted 0  lowest_f 631469
 Fit Status: False
 Force threshold: 0.5366
 Lowest RMSE: 1.0616
 Current RMSE: 1.0655
 Accepted count: 1
 Basinhop count: 9


adaptive stepsize: acceptance rate 0.000000 target 0.500000 new stepsize 0.348678 old stepsize 0.38742
basinhopping step 10: f 631469 trial_f 745296 accepted 0  lowest_f 631469
 Fit Status: False
 Force threshold: 0.5366
 Lowest RMSE: 1.0432
 Current RMSE: 1.0432
 Accepted count: 1
 Basinhop count: 10


adaptive stepsize: acceptance rate 0.000000 target 0.500000 new stepsize 0.313811 old stepsize 0.348678
basinhopping step 11: f 631469 trial_f 1.17393e+06 accepted 0  lowest_f 631469
 Fit Status: False
 Force threshold: 0.5366
 Lowest RMSE: 1.0432
 Current RMSE: 1.3742
 Accepted count: 1
 Basinhop count: 11


adaptive stepsize: acceptance rate 0.000000 target 0.500000 new stepsize 0.28243 old stepsize 0.313811
basinhopping step 12: f 631469 trial_f 1.71015e+06 accepted 0  lowest_f 631469
 Fit Status: False
 Force threshold: 0.5366
 Lowest RMSE: 1.0432
 Current RMSE: 1.6398
 Accepted count: 1
 Basinhop count: 12


adaptive stepsize: acceptance rate 0.000000 target 0.500000 new stepsize 0.254187 old stepsize 0.28243
basinhopping step 13: f 631469 trial_f 1.03813e+06 accepted 0  lowest_f 631469
 Fit Status: False
 Force threshold: 0.5366
 Lowest RMSE: 1.0432
 Current RMSE: 1.2473
 Accepted count: 1
 Basinhop count: 13


adaptive stepsize: acceptance rate 0.000000 target 0.500000 new stepsize 0.228768 old stepsize 0.254187
basinhopping step 14: f 519490 trial_f 519490 accepted 1  lowest_f 519490
found new global minimum on step 14 with function value 519490
 Fit Status: False
 Force threshold: 0.5366
 Lowest RMSE: 0.9624
 Current RMSE: 0.9624
 Accepted count: 2
 Basinhop count: 0


adaptive stepsize: acceptance rate 0.066667 target 0.500000 new stepsize 0.205891 old stepsize 0.228768
basinhopping step 15: f 519490 trial_f 1.01898e+06 accepted 0  lowest_f 519490
 Fit Status: False
 Force threshold: 0.5366
 Lowest RMSE: 0.9624
 Current RMSE: 1.1314
 Accepted count: 2
 Basinhop count: 1


adaptive stepsize: acceptance rate 0.062500 target 0.500000 new stepsize 0.185302 old stepsize 0.205891
basinhopping step 16: f 484914 trial_f 484914 accepted 1  lowest_f 484914
found new global minimum on step 16 with function value 484914
 Fit Status: False
 Force threshold: 0.5366
 Lowest RMSE: 0.9480
 Current RMSE: 0.9480
 Accepted count: 3
 Basinhop count: 0


adaptive stepsize: acceptance rate 0.117647 target 0.500000 new stepsize 0.166772 old stepsize 0.185302
basinhopping step 17: f 484914 trial_f 777387 accepted 0  lowest_f 484914
 Fit Status: False
 Force threshold: 0.5366
 Lowest RMSE: 0.9480
 Current RMSE: 1.1446
 Accepted count: 3
 Basinhop count: 1


adaptive stepsize: acceptance rate 0.111111 target 0.500000 new stepsize 0.150095 old stepsize 0.166772
basinhopping step 18: f 484914 trial_f 643316 accepted 0  lowest_f 484914
 Fit Status: False
 Force threshold: 0.5366
 Lowest RMSE: 0.9480
 Current RMSE: 1.0181
 Accepted count: 3
 Basinhop count: 2


adaptive stepsize: acceptance rate 0.105263 target 0.500000 new stepsize 0.135085 old stepsize 0.150095
basinhopping step 19: f 484914 trial_f 773086 accepted 0  lowest_f 484914
 Fit Status: False
 Force threshold: 0.5366
 Lowest RMSE: 0.9344
 Current RMSE: 0.9344
 Accepted count: 3
 Basinhop count: 3


adaptive stepsize: acceptance rate 0.100000 target 0.500000 new stepsize 0.121577 old stepsize 0.135085
basinhopping step 20: f 484914 trial_f 497961 accepted 0  lowest_f 484914
 Fit Status: False
 Force threshold: 0.5366
 Lowest RMSE: 0.9344
 Current RMSE: 0.9747
 Accepted count: 3
 Basinhop count: 4


adaptive stepsize: acceptance rate 0.095238 target 0.500000 new stepsize 0.109419 old stepsize 0.121577
basinhopping step 21: f 466934 trial_f 466934 accepted 1  lowest_f 466934
found new global minimum on step 21 with function value 466934
 Fit Status: False
 Force threshold: 0.5366
 Lowest RMSE: 0.9202
 Current RMSE: 0.9202
 Accepted count: 4
 Basinhop count: 0


adaptive stepsize: acceptance rate 0.136364 target 0.500000 new stepsize 0.0984771 old stepsize 0.109419
basinhopping step 22: f 466934 trial_f 510417 accepted 0  lowest_f 466934
 Fit Status: False
 Force threshold: 0.5366
 Lowest RMSE: 0.9202
 Current RMSE: 0.9482
 Accepted count: 4
 Basinhop count: 1


adaptive stepsize: acceptance rate 0.130435 target 0.500000 new stepsize 0.0886294 old stepsize 0.0984771
basinhopping step 23: f 466934 trial_f 528833 accepted 0  lowest_f 466934
 Fit Status: False
 Force threshold: 0.5366
 Lowest RMSE: 0.9202
 Current RMSE: 1.0101
 Accepted count: 4
 Basinhop count: 2


adaptive stepsize: acceptance rate 0.125000 target 0.500000 new stepsize 0.0797664 old stepsize 0.0886294
basinhopping step 24: f 466934 trial_f 505386 accepted 0  lowest_f 466934
 Fit Status: False
 Force threshold: 0.5366
 Lowest RMSE: 0.9202
 Current RMSE: 0.9615
 Accepted count: 4
 Basinhop count: 3


adaptive stepsize: acceptance rate 0.120000 target 0.500000 new stepsize 0.0717898 old stepsize 0.0797664
basinhopping step 25: f 414599 trial_f 414599 accepted 1  lowest_f 414599
found new global minimum on step 25 with function value 414599
 Fit Status: False
 Force threshold: 0.5366
 Lowest RMSE: 0.8632
 Current RMSE: 0.8632
 Accepted count: 5
 Basinhop count: 0


adaptive stepsize: acceptance rate 0.153846 target 0.500000 new stepsize 0.0646108 old stepsize 0.0717898
basinhopping step 26: f 414599 trial_f 421894 accepted 0  lowest_f 414599
 Fit Status: False
 Force threshold: 0.5366
 Lowest RMSE: 0.8632
 Current RMSE: 0.9100
 Accepted count: 5
 Basinhop count: 1


adaptive stepsize: acceptance rate 0.148148 target 0.500000 new stepsize 0.0581497 old stepsize 0.0646108
basinhopping step 27: f 414599 trial_f 445676 accepted 0  lowest_f 414599
 Fit Status: False
 Force threshold: 0.5366
 Lowest RMSE: 0.8587
 Current RMSE: 0.8587
 Accepted count: 5
 Basinhop count: 2


adaptive stepsize: acceptance rate 0.142857 target 0.500000 new stepsize 0.0523348 old stepsize 0.0581497
basinhopping step 28: f 387651 trial_f 387651 accepted 1  lowest_f 387651
found new global minimum on step 28 with function value 387651
 Fit Status: False
 Force threshold: 0.5366
 Lowest RMSE: 0.8587
 Current RMSE: 0.8605
 Accepted count: 6
 Basinhop count: 0


adaptive stepsize: acceptance rate 0.172414 target 0.500000 new stepsize 0.0471013 old stepsize 0.0523348
basinhopping step 29: f 378058 trial_f 378058 accepted 1  lowest_f 378058
found new global minimum on step 29 with function value 378058
 Fit Status: False
 Force threshold: 0.5366
 Lowest RMSE: 0.8587
 Current RMSE: 0.8692
 Accepted count: 7
 Basinhop count: 0


adaptive stepsize: acceptance rate 0.200000 target 0.500000 new stepsize 0.0423912 old stepsize 0.0471013
basinhopping step 30: f 375808 trial_f 375808 accepted 1  lowest_f 375808
found new global minimum on step 30 with function value 375808
 Fit Status: False
 Force threshold: 0.5366
 Lowest RMSE: 0.8587
 Current RMSE: 0.8743
 Accepted count: 8
 Basinhop count: 0


adaptive stepsize: acceptance rate 0.225806 target 0.500000 new stepsize 0.038152 old stepsize 0.0423912
basinhopping step 31: f 345580 trial_f 345580 accepted 1  lowest_f 345580
found new global minimum on step 31 with function value 345580
 Fit Status: False
 Force threshold: 0.5366
 Lowest RMSE: 0.8307
 Current RMSE: 0.8307
 Accepted count: 9
 Basinhop count: 0


adaptive stepsize: acceptance rate 0.250000 target 0.500000 new stepsize 0.0343368 old stepsize 0.038152
basinhopping step 32: f 345580 trial_f 372932 accepted 0  lowest_f 345580
 Fit Status: False
 Force threshold: 0.5366
 Lowest RMSE: 0.8307
 Current RMSE: 0.8669
 Accepted count: 9
 Basinhop count: 1


adaptive stepsize: acceptance rate 0.242424 target 0.500000 new stepsize 0.0309032 old stepsize 0.0343368
basinhopping step 33: f 345580 trial_f 357486 accepted 0  lowest_f 345580
 Fit Status: False
 Force threshold: 0.5366
 Lowest RMSE: 0.8307
 Current RMSE: 0.8475
 Accepted count: 9
 Basinhop count: 2


adaptive stepsize: acceptance rate 0.235294 target 0.500000 new stepsize 0.0278128 old stepsize 0.0309032
basinhopping step 34: f 345580 trial_f 346777 accepted 0  lowest_f 345580
 Fit Status: False
 Force threshold: 0.5366
 Lowest RMSE: 0.8307
 Current RMSE: 0.8349
 Accepted count: 9
 Basinhop count: 3


adaptive stepsize: acceptance rate 0.228571 target 0.500000 new stepsize 0.0250316 old stepsize 0.0278128
basinhopping step 35: f 345580 trial_f 349917 accepted 0  lowest_f 345580
 Fit Status: False
 Force threshold: 0.5366
 Lowest RMSE: 0.8307
 Current RMSE: 0.8350
 Accepted count: 9
 Basinhop count: 4


adaptive stepsize: acceptance rate 0.222222 target 0.500000 new stepsize 0.0225284 old stepsize 0.0250316
basinhopping step 36: f 345580 trial_f 352776 accepted 0  lowest_f 345580
 Fit Status: False
 Force threshold: 0.5366
 Lowest RMSE: 0.8307
 Current RMSE: 0.8362
 Accepted count: 9
 Basinhop count: 5


adaptive stepsize: acceptance rate 0.216216 target 0.500000 new stepsize 0.0202756 old stepsize 0.0225284
basinhopping step 37: f 338309 trial_f 338309 accepted 1  lowest_f 338309
found new global minimum on step 37 with function value 338309
 Fit Status: False
 Force threshold: 0.5366
 Lowest RMSE: 0.8196
 Current RMSE: 0.8196
 Accepted count: 10
 Basinhop count: 0


adaptive stepsize: acceptance rate 0.236842 target 0.500000 new stepsize 0.018248 old stepsize 0.0202756
basinhopping step 38: f 338309 trial_f 345190 accepted 0  lowest_f 338309
 Fit Status: False
 Force threshold: 0.5366
 Lowest RMSE: 0.8196
 Current RMSE: 0.8253
 Accepted count: 10
 Basinhop count: 1


adaptive stepsize: acceptance rate 0.230769 target 0.500000 new stepsize 0.0164232 old stepsize 0.018248
basinhopping step 39: f 338309 trial_f 339186 accepted 0  lowest_f 338309
 Fit Status: False
 Force threshold: 0.5366
 Lowest RMSE: 0.8196
 Current RMSE: 0.8199
 Accepted count: 10
 Basinhop count: 2


adaptive stepsize: acceptance rate 0.225000 target 0.500000 new stepsize 0.0147809 old stepsize 0.0164232
basinhopping step 40: f 338309 trial_f 341966 accepted 0  lowest_f 338309
 Fit Status: False
 Force threshold: 0.5366
 Lowest RMSE: 0.8196
 Current RMSE: 0.8248
 Accepted count: 10
 Basinhop count: 3


adaptive stepsize: acceptance rate 0.219512 target 0.500000 new stepsize 0.0133028 old stepsize 0.0147809
basinhopping step 41: f 338309 trial_f 340129 accepted 0  lowest_f 338309
 Fit Status: False
 Force threshold: 0.5366
 Lowest RMSE: 0.8136
 Current RMSE: 0.8136
 Accepted count: 10
 Basinhop count: 4


adaptive stepsize: acceptance rate 0.214286 target 0.500000 new stepsize 0.0119725 old stepsize 0.0133028
basinhopping step 42: f 338309 trial_f 338764 accepted 0  lowest_f 338309
 Fit Status: False
 Force threshold: 0.5366
 Lowest RMSE: 0.8136
 Current RMSE: 0.8193
 Accepted count: 10
 Basinhop count: 5


adaptive stepsize: acceptance rate 0.209302 target 0.500000 new stepsize 0.0107753 old stepsize 0.0119725
basinhopping step 43: f 338309 trial_f 340179 accepted 0  lowest_f 338309
 Fit Status: False
 Force threshold: 0.5366
 Lowest RMSE: 0.8136
 Current RMSE: 0.8214
 Accepted count: 10
 Basinhop count: 6


adaptive stepsize: acceptance rate 0.204545 target 0.500000 new stepsize 0.00969774 old stepsize 0.0107753
basinhopping step 44: f 331874 trial_f 331874 accepted 1  lowest_f 331874
found new global minimum on step 44 with function value 331874
 Fit Status: False
 Force threshold: 0.5366
 Lowest RMSE: 0.8127
 Current RMSE: 0.8127
 Accepted count: 11
 Basinhop count: 0


adaptive stepsize: acceptance rate 0.222222 target 0.500000 new stepsize 0.00872796 old stepsize 0.00969774
basinhopping step 45: f 328616 trial_f 328616 accepted 1  lowest_f 328616
found new global minimum on step 45 with function value 328616
 Fit Status: False
 Force threshold: 0.5366
 Lowest RMSE: 0.8085
 Current RMSE: 0.8085
 Accepted count: 12
 Basinhop count: 0


adaptive stepsize: acceptance rate 0.239130 target 0.500000 new stepsize 0.00785517 old stepsize 0.00872796
basinhopping step 46: f 327325 trial_f 327325 accepted 1  lowest_f 327325
found new global minimum on step 46 with function value 327325
 Fit Status: False
 Force threshold: 0.5366
 Lowest RMSE: 0.8042
 Current RMSE: 0.8042
 Accepted count: 13
 Basinhop count: 0


adaptive stepsize: acceptance rate 0.255319 target 0.500000 new stepsize 0.00706965 old stepsize 0.00785517
basinhopping step 47: f 325757 trial_f 325757 accepted 1  lowest_f 325757
found new global minimum on step 47 with function value 325757
 Fit Status: False
 Force threshold: 0.5366
 Lowest RMSE: 0.8009
 Current RMSE: 0.8009
 Accepted count: 14
 Basinhop count: 0


adaptive stepsize: acceptance rate 0.270833 target 0.500000 new stepsize 0.00636269 old stepsize 0.00706965
basinhopping step 48: f 324270 trial_f 324270 accepted 1  lowest_f 324270
found new global minimum on step 48 with function value 324270
 Fit Status: False
 Force threshold: 0.5366
 Lowest RMSE: 0.7991
 Current RMSE: 0.7991
 Accepted count: 15
 Basinhop count: 0


adaptive stepsize: acceptance rate 0.285714 target 0.500000 new stepsize 0.00572642 old stepsize 0.00636269
basinhopping step 49: f 266364 trial_f 266364 accepted 1  lowest_f 266364
found new global minimum on step 49 with function value 266364
 Fit Status: False
 Force threshold: 0.5366
 Lowest RMSE: 0.7121
 Current RMSE: 0.7121
 Accepted count: 16
 Basinhop count: 0


adaptive stepsize: acceptance rate 0.300000 target 0.500000 new stepsize 0.00515378 old stepsize 0.00572642
basinhopping step 50: f 266364 trial_f 277009 accepted 0  lowest_f 266364
 Fit Status: False
 Force threshold: 0.5366
 Lowest RMSE: 0.7121
 Current RMSE: 0.7245
 Accepted count: 16
 Basinhop count: 1


adaptive stepsize: acceptance rate 0.294118 target 0.500000 new stepsize 0.0046384 old stepsize 0.00515378
basinhopping step 51: f 263898 trial_f 263898 accepted 1  lowest_f 263898
found new global minimum on step 51 with function value 263898
 Fit Status: False
 Force threshold: 0.5366
 Lowest RMSE: 0.7094
 Current RMSE: 0.7094
 Accepted count: 17
 Basinhop count: 0


adaptive stepsize: acceptance rate 0.307692 target 0.500000 new stepsize 0.00417456 old stepsize 0.0046384
basinhopping step 52: f 263898 trial_f 273330 accepted 0  lowest_f 263898
 Fit Status: False
 Force threshold: 0.5366
 Lowest RMSE: 0.7094
 Current RMSE: 0.7191
 Accepted count: 17
 Basinhop count: 1


adaptive stepsize: acceptance rate 0.301887 target 0.500000 new stepsize 0.0037571 old stepsize 0.00417456
basinhopping step 53: f 256685 trial_f 256685 accepted 1  lowest_f 256685
found new global minimum on step 53 with function value 256685
 Fit Status: False
 Force threshold: 0.5366
 Lowest RMSE: 0.7046
 Current RMSE: 0.7046
 Accepted count: 18
 Basinhop count: 0


adaptive stepsize: acceptance rate 0.314815 target 0.500000 new stepsize 0.00338139 old stepsize 0.0037571
basinhopping step 54: f 256685 trial_f 261095 accepted 0  lowest_f 256685
 Fit Status: False
 Force threshold: 0.5366
 Lowest RMSE: 0.7046
 Current RMSE: 0.7095
 Accepted count: 18
 Basinhop count: 1


adaptive stepsize: acceptance rate 0.309091 target 0.500000 new stepsize 0.00304325 old stepsize 0.00338139
basinhopping step 55: f 251884 trial_f 251884 accepted 1  lowest_f 251884
found new global minimum on step 55 with function value 251884
 Fit Status: False
 Force threshold: 0.5366
 Lowest RMSE: 0.7010
 Current RMSE: 0.7010
 Accepted count: 19
 Basinhop count: 0


adaptive stepsize: acceptance rate 0.321429 target 0.500000 new stepsize 0.00273893 old stepsize 0.00304325
basinhopping step 56: f 247569 trial_f 247569 accepted 1  lowest_f 247569
found new global minimum on step 56 with function value 247569
 Fit Status: False
 Force threshold: 0.5366
 Lowest RMSE: 0.6960
 Current RMSE: 0.6960
 Accepted count: 20
 Basinhop count: 0


adaptive stepsize: acceptance rate 0.333333 target 0.500000 new stepsize 0.00246503 old stepsize 0.00273893
basinhopping step 57: f 246541 trial_f 246541 accepted 1  lowest_f 246541
found new global minimum on step 57 with function value 246541
 Fit Status: False
 Force threshold: 0.5366
 Lowest RMSE: 0.6950
 Current RMSE: 0.6950
 Accepted count: 21
 Basinhop count: 0


adaptive stepsize: acceptance rate 0.344828 target 0.500000 new stepsize 0.00221853 old stepsize 0.00246503
basinhopping step 58: f 245228 trial_f 245228 accepted 1  lowest_f 245228
found new global minimum on step 58 with function value 245228
 Fit Status: False
 Force threshold: 0.5366
 Lowest RMSE: 0.6950
 Current RMSE: 0.6954
 Accepted count: 22
 Basinhop count: 0


adaptive stepsize: acceptance rate 0.355932 target 0.500000 new stepsize 0.00199668 old stepsize 0.00221853
basinhopping step 59: f 244924 trial_f 244924 accepted 1  lowest_f 244924
found new global minimum on step 59 with function value 244924
 Fit Status: False
 Force threshold: 0.5366
 Lowest RMSE: 0.6950
 Current RMSE: 0.6959
 Accepted count: 23
 Basinhop count: 0


adaptive stepsize: acceptance rate 0.366667 target 0.500000 new stepsize 0.00179701 old stepsize 0.00199668
basinhopping step 60: f 243335 trial_f 243335 accepted 1  lowest_f 243335
found new global minimum on step 60 with function value 243335
 Fit Status: False
 Force threshold: 0.5366
 Lowest RMSE: 0.6944
 Current RMSE: 0.6944
 Accepted count: 24
 Basinhop count: 0


adaptive stepsize: acceptance rate 0.377049 target 0.500000 new stepsize 0.00161731 old stepsize 0.00179701
basinhopping step 61: f 243335 trial_f 243915 accepted 0  lowest_f 243335
 Fit Status: False
 Force threshold: 0.5366
 Lowest RMSE: 0.6943
 Current RMSE: 0.6943
 Accepted count: 24
 Basinhop count: 1


adaptive stepsize: acceptance rate 0.370968 target 0.500000 new stepsize 0.00145558 old stepsize 0.00161731
basinhopping step 62: f 243335 trial_f 243867 accepted 0  lowest_f 243335
 Fit Status: False
 Force threshold: 0.5366
 Lowest RMSE: 0.6943
 Current RMSE: 0.6951
 Accepted count: 24
 Basinhop count: 2


adaptive stepsize: acceptance rate 0.365079 target 0.500000 new stepsize 0.00131002 old stepsize 0.00145558
basinhopping step 63: f 242392 trial_f 242392 accepted 1  lowest_f 242392
found new global minimum on step 63 with function value 242392
 Fit Status: False
 Force threshold: 0.5366
 Lowest RMSE: 0.6933
 Current RMSE: 0.6933
 Accepted count: 25
 Basinhop count: 0


adaptive stepsize: acceptance rate 0.375000 target 0.500000 new stepsize 0.00117902 old stepsize 0.00131002
basinhopping step 64: f 241582 trial_f 241582 accepted 1  lowest_f 241582
found new global minimum on step 64 with function value 241582
 Fit Status: False
 Force threshold: 0.5366
 Lowest RMSE: 0.6925
 Current RMSE: 0.6925
 Accepted count: 26
 Basinhop count: 0


adaptive stepsize: acceptance rate 0.384615 target 0.500000 new stepsize 0.00106112 old stepsize 0.00117902
basinhopping step 65: f 241261 trial_f 241261 accepted 1  lowest_f 241261
found new global minimum on step 65 with function value 241261
 Fit Status: False
 Force threshold: 0.5366
 Lowest RMSE: 0.6920
 Current RMSE: 0.6920
 Accepted count: 27
 Basinhop count: 0


adaptive stepsize: acceptance rate 0.393939 target 0.500000 new stepsize 0.000955005 old stepsize 0.00106112
basinhopping step 66: f 241261 trial_f 241475 accepted 0  lowest_f 241261
 Fit Status: False
 Force threshold: 0.5366
 Lowest RMSE: 0.6919
 Current RMSE: 0.6919
 Accepted count: 27
 Basinhop count: 1


adaptive stepsize: acceptance rate 0.388060 target 0.500000 new stepsize 0.000859504 old stepsize 0.000955005
basinhopping step 67: f 241261 trial_f 242608 accepted 0  lowest_f 241261
 Fit Status: False
 Force threshold: 0.5366
 Lowest RMSE: 0.6919
 Current RMSE: 0.6936
 Accepted count: 27
 Basinhop count: 2


adaptive stepsize: acceptance rate 0.382353 target 0.500000 new stepsize 0.000773554 old stepsize 0.000859504
basinhopping step 68: f 241261 trial_f 241848 accepted 0  lowest_f 241261
 Fit Status: False
 Force threshold: 0.5366
 Lowest RMSE: 0.6919
 Current RMSE: 0.6922
 Accepted count: 27
 Basinhop count: 3


adaptive stepsize: acceptance rate 0.376812 target 0.500000 new stepsize 0.000696199 old stepsize 0.000773554
basinhopping step 69: f 241261 trial_f 241424 accepted 0  lowest_f 241261
 Fit Status: False
 Force threshold: 0.5366
 Lowest RMSE: 0.6919
 Current RMSE: 0.6921
 Accepted count: 27
 Basinhop count: 4


adaptive stepsize: acceptance rate 0.371429 target 0.500000 new stepsize 0.000626579 old stepsize 0.000696199
basinhopping step 70: f 241261 trial_f 242102 accepted 0  lowest_f 241261
 Fit Status: False
 Force threshold: 0.5366
 Lowest RMSE: 0.6919
 Current RMSE: 0.6928
 Accepted count: 27
 Basinhop count: 5


adaptive stepsize: acceptance rate 0.366197 target 0.500000 new stepsize 0.000563921 old stepsize 0.000626579
basinhopping step 71: f 241261 trial_f 241962 accepted 0  lowest_f 241261
 Fit Status: False
 Force threshold: 0.5366
 Lowest RMSE: 0.6919
 Current RMSE: 0.6926
 Accepted count: 27
 Basinhop count: 6


adaptive stepsize: acceptance rate 0.361111 target 0.500000 new stepsize 0.000507529 old stepsize 0.000563921
basinhopping step 72: f 241261 trial_f 241763 accepted 0  lowest_f 241261
 Fit Status: False
 Force threshold: 0.5366
 Lowest RMSE: 0.6919
 Current RMSE: 0.6924
 Accepted count: 27
 Basinhop count: 7


adaptive stepsize: acceptance rate 0.356164 target 0.500000 new stepsize 0.000456776 old stepsize 0.000507529
basinhopping step 73: f 241033 trial_f 241033 accepted 1  lowest_f 241033
found new global minimum on step 73 with function value 241033
 Fit Status: False
 Force threshold: 0.5366
 Lowest RMSE: 0.6914
 Current RMSE: 0.6914
 Accepted count: 28
 Basinhop count: 0


adaptive stepsize: acceptance rate 0.364865 target 0.500000 new stepsize 0.000411098 old stepsize 0.000456776
basinhopping step 74: f 240592 trial_f 240592 accepted 1  lowest_f 240592
found new global minimum on step 74 with function value 240592
 Fit Status: False
 Force threshold: 0.5366
 Lowest RMSE: 0.6910
 Current RMSE: 0.6910
 Accepted count: 29
 Basinhop count: 0


adaptive stepsize: acceptance rate 0.373333 target 0.500000 new stepsize 0.000369988 old stepsize 0.000411098
basinhopping step 75: f 240565 trial_f 240565 accepted 1  lowest_f 240565
found new global minimum on step 75 with function value 240565
 Fit Status: False
 Force threshold: 0.5366
 Lowest RMSE: 0.6910
 Current RMSE: 0.6910
 Accepted count: 30
 Basinhop count: 0


adaptive stepsize: acceptance rate 0.381579 target 0.500000 new stepsize 0.00033299 old stepsize 0.000369988
basinhopping step 76: f 240260 trial_f 240260 accepted 1  lowest_f 240260
found new global minimum on step 76 with function value 240260
 Fit Status: False
 Force threshold: 0.5366
 Lowest RMSE: 0.6904
 Current RMSE: 0.6904
 Accepted count: 31
 Basinhop count: 0


adaptive stepsize: acceptance rate 0.389610 target 0.500000 new stepsize 0.000299691 old stepsize 0.00033299
basinhopping step 77: f 240174 trial_f 240174 accepted 1  lowest_f 240174
found new global minimum on step 77 with function value 240174
 Fit Status: False
 Force threshold: 0.5366
 Lowest RMSE: 0.6903
 Current RMSE: 0.6903
 Accepted count: 32
 Basinhop count: 0


adaptive stepsize: acceptance rate 0.397436 target 0.500000 new stepsize 0.000269722 old stepsize 0.000299691
basinhopping step 78: f 240036 trial_f 240036 accepted 1  lowest_f 240036
found new global minimum on step 78 with function value 240036
 Fit Status: False
 Force threshold: 0.5366
 Lowest RMSE: 0.6901
 Current RMSE: 0.6901
 Accepted count: 33
 Basinhop count: 0


adaptive stepsize: acceptance rate 0.405063 target 0.500000 new stepsize 0.000242749 old stepsize 0.000269722
basinhopping step 79: f 240036 trial_f 240152 accepted 0  lowest_f 240036
 Fit Status: False
 Force threshold: 0.5366
 Lowest RMSE: 0.6901
 Current RMSE: 0.6903
 Accepted count: 33
 Basinhop count: 1


adaptive stepsize: acceptance rate 0.400000 target 0.500000 new stepsize 0.000218475 old stepsize 0.000242749
basinhopping step 80: f 239863 trial_f 239863 accepted 1  lowest_f 239863
found new global minimum on step 80 with function value 239863
 Fit Status: False
 Force threshold: 0.5366
 Lowest RMSE: 0.6901
 Current RMSE: 0.6905
 Accepted count: 34
 Basinhop count: 0


adaptive stepsize: acceptance rate 0.407407 target 0.500000 new stepsize 0.000196627 old stepsize 0.000218475
basinhopping step 81: f 239863 trial_f 239927 accepted 0  lowest_f 239863
 Fit Status: False
 Force threshold: 0.5366
 Lowest RMSE: 0.6901
 Current RMSE: 0.6906
 Accepted count: 34
 Basinhop count: 1


adaptive stepsize: acceptance rate 0.402439 target 0.500000 new stepsize 0.000176964 old stepsize 0.000196627
basinhopping step 82: f 239863 trial_f 240023 accepted 0  lowest_f 239863
 Fit Status: False
 Force threshold: 0.5366
 Lowest RMSE: 0.6901
 Current RMSE: 0.6907
 Accepted count: 34
 Basinhop count: 2


adaptive stepsize: acceptance rate 0.397590 target 0.500000 new stepsize 0.000159268 old stepsize 0.000176964
basinhopping step 83: f 239848 trial_f 239848 accepted 1  lowest_f 239848
found new global minimum on step 83 with function value 239848
 Fit Status: False
 Force threshold: 0.5366
 Lowest RMSE: 0.6901
 Current RMSE: 0.6905
 Accepted count: 35
 Basinhop count: 0


adaptive stepsize: acceptance rate 0.404762 target 0.500000 new stepsize 0.000143341 old stepsize 0.000159268
basinhopping step 84: f 239848 trial_f 239925 accepted 0  lowest_f 239848
 Fit Status: False
 Force threshold: 0.5366
 Lowest RMSE: 0.6901
 Current RMSE: 0.6904
 Accepted count: 35
 Basinhop count: 1


adaptive stepsize: acceptance rate 0.400000 target 0.500000 new stepsize 0.000129007 old stepsize 0.000143341
basinhopping step 85: f 239780 trial_f 239780 accepted 1  lowest_f 239780
found new global minimum on step 85 with function value 239780
 Fit Status: False
 Force threshold: 0.5366
 Lowest RMSE: 0.6901
 Current RMSE: 0.6905
 Accepted count: 36
 Basinhop count: 0


adaptive stepsize: acceptance rate 0.406977 target 0.500000 new stepsize 0.000116106 old stepsize 0.000129007
basinhopping step 86: f 239686 trial_f 239686 accepted 1  lowest_f 239686
found new global minimum on step 86 with function value 239686
 Fit Status: False
 Force threshold: 0.5366
 Lowest RMSE: 0.6901
 Current RMSE: 0.6904
 Accepted count: 37
 Basinhop count: 0


adaptive stepsize: acceptance rate 0.413793 target 0.500000 new stepsize 0.000104496 old stepsize 0.000116106
basinhopping step 87: f 239686 trial_f 239719 accepted 0  lowest_f 239686
 Fit Status: False
 Force threshold: 0.5366
 Lowest RMSE: 0.6901
 Current RMSE: 0.6902
 Accepted count: 37
 Basinhop count: 1


adaptive stepsize: acceptance rate 0.409091 target 0.500000 new stepsize 9.40461e-05 old stepsize 0.000104496
basinhopping step 88: f 239686 trial_f 239727 accepted 0  lowest_f 239686
 Fit Status: False
 Force threshold: 0.5366
 Lowest RMSE: 0.6901
 Current RMSE: 0.6904
 Accepted count: 37
 Basinhop count: 2


adaptive stepsize: acceptance rate 0.404494 target 0.500000 new stepsize 8.46415e-05 old stepsize 9.40461e-05
basinhopping step 89: f 239564 trial_f 239564 accepted 1  lowest_f 239564
found new global minimum on step 89 with function value 239564
 Fit Status: False
 Force threshold: 0.5366
 Lowest RMSE: 0.6901
 Current RMSE: 0.6902
 Accepted count: 38
 Basinhop count: 0


adaptive stepsize: acceptance rate 0.411111 target 0.500000 new stepsize 7.61773e-05 old stepsize 8.46415e-05
basinhopping step 90: f 239458 trial_f 239458 accepted 1  lowest_f 239458
found new global minimum on step 90 with function value 239458
 Fit Status: False
 Force threshold: 0.5366
 Lowest RMSE: 0.6899
 Current RMSE: 0.6899
 Accepted count: 39
 Basinhop count: 0


adaptive stepsize: acceptance rate 0.417582 target 0.500000 new stepsize 6.85596e-05 old stepsize 7.61773e-05
basinhopping step 91: f 239458 trial_f 239571 accepted 0  lowest_f 239458
 Fit Status: False
 Force threshold: 0.5366
 Lowest RMSE: 0.6899
 Current RMSE: 0.6900
 Accepted count: 39
 Basinhop count: 1


adaptive stepsize: acceptance rate 0.413043 target 0.500000 new stepsize 6.17037e-05 old stepsize 6.85596e-05
basinhopping step 92: f 239458 trial_f 239477 accepted 0  lowest_f 239458
 Fit Status: False
 Force threshold: 0.5366
 Lowest RMSE: 0.6898
 Current RMSE: 0.6898
 Accepted count: 39
 Basinhop count: 2


adaptive stepsize: acceptance rate 0.408602 target 0.500000 new stepsize 5.55333e-05 old stepsize 6.17037e-05
basinhopping step 93: f 239402 trial_f 239402 accepted 1  lowest_f 239402
found new global minimum on step 93 with function value 239402
 Fit Status: False
 Force threshold: 0.5366
 Lowest RMSE: 0.6898
 Current RMSE: 0.6898
 Accepted count: 40
 Basinhop count: 0


adaptive stepsize: acceptance rate 0.414894 target 0.500000 new stepsize 4.998e-05 old stepsize 5.55333e-05
basinhopping step 94: f 239402 trial_f 239464 accepted 0  lowest_f 239402
 Fit Status: False
 Force threshold: 0.5366
 Lowest RMSE: 0.6898
 Current RMSE: 0.6899
 Accepted count: 40
 Basinhop count: 1


adaptive stepsize: acceptance rate 0.410526 target 0.500000 new stepsize 4.4982e-05 old stepsize 4.998e-05
basinhopping step 95: f 239402 trial_f 239437 accepted 0  lowest_f 239402
 Fit Status: False
 Force threshold: 0.5366
 Lowest RMSE: 0.6898
 Current RMSE: 0.6898
 Accepted count: 40
 Basinhop count: 2


adaptive stepsize: acceptance rate 0.406250 target 0.500000 new stepsize 4.04838e-05 old stepsize 4.4982e-05
basinhopping step 96: f 239398 trial_f 239398 accepted 1  lowest_f 239398
found new global minimum on step 96 with function value 239398
 Fit Status: False
 Force threshold: 0.5366
 Lowest RMSE: 0.6898
 Current RMSE: 0.6898
 Accepted count: 41
 Basinhop count: 0


adaptive stepsize: acceptance rate 0.412371 target 0.500000 new stepsize 3.64354e-05 old stepsize 4.04838e-05
basinhopping step 97: f 239398 trial_f 239405 accepted 0  lowest_f 239398
 Fit Status: False
 Force threshold: 0.5366
 Lowest RMSE: 0.6898
 Current RMSE: 0.6898
 Accepted count: 41
 Basinhop count: 1


adaptive stepsize: acceptance rate 0.408163 target 0.500000 new stepsize 3.27919e-05 old stepsize 3.64354e-05
basinhopping step 98: f 239353 trial_f 239353 accepted 1  lowest_f 239353
found new global minimum on step 98 with function value 239353
 Fit Status: False
 Force threshold: 0.5366
 Lowest RMSE: 0.6897
 Current RMSE: 0.6897
 Accepted count: 42
 Basinhop count: 0


adaptive stepsize: acceptance rate 0.414141 target 0.500000 new stepsize 2.95127e-05 old stepsize 3.27919e-05
basinhopping step 99: f 239353 trial_f 239401 accepted 0  lowest_f 239353
 Fit Status: False
 Force threshold: 0.5366
 Lowest RMSE: 0.6897
 Current RMSE: 0.6898
 Accepted count: 42
 Basinhop count: 1


adaptive stepsize: acceptance rate 0.410000 target 0.500000 new stepsize 2.65614e-05 old stepsize 2.95127e-05
basinhopping step 100: f 239353 trial_f 239378 accepted 0  lowest_f 239353
 Fit Status: False
 Force threshold: 0.5366
 Lowest RMSE: 0.6897
 Current RMSE: 0.6898
 Accepted count: 42
 Basinhop count: 2


adaptive stepsize: acceptance rate 0.405941 target 0.500000 new stepsize 2.39053e-05 old stepsize 2.65614e-05
basinhopping step 101: f 239305 trial_f 239305 accepted 1  lowest_f 239305
found new global minimum on step 101 with function value 239305
 Fit Status: False
 Force threshold: 0.5366
 Lowest RMSE: 0.6897
 Current RMSE: 0.6897
 Accepted count: 43
 Basinhop count: 0


adaptive stepsize: acceptance rate 0.411765 target 0.500000 new stepsize 2.15147e-05 old stepsize 2.39053e-05
basinhopping step 102: f 239276 trial_f 239276 accepted 1  lowest_f 239276
found new global minimum on step 102 with function value 239276
 Fit Status: False
 Force threshold: 0.5366
 Lowest RMSE: 0.6897
 Current RMSE: 0.6897
 Accepted count: 44
 Basinhop count: 0


adaptive stepsize: acceptance rate 0.417476 target 0.500000 new stepsize 1.93633e-05 old stepsize 2.15147e-05
basinhopping step 103: f 239211 trial_f 239211 accepted 1  lowest_f 239211
found new global minimum on step 103 with function value 239211
 Fit Status: False
 Force threshold: 0.5366
 Lowest RMSE: 0.6895
 Current RMSE: 0.6895
 Accepted count: 45
 Basinhop count: 0


adaptive stepsize: acceptance rate 0.423077 target 0.500000 new stepsize 1.74269e-05 old stepsize 1.93633e-05
basinhopping step 104: f 239211 trial_f 239217 accepted 0  lowest_f 239211
 Fit Status: False
 Force threshold: 0.5366
 Lowest RMSE: 0.6895
 Current RMSE: 0.6895
 Accepted count: 45
 Basinhop count: 1


adaptive stepsize: acceptance rate 0.419048 target 0.500000 new stepsize 1.56842e-05 old stepsize 1.74269e-05
basinhopping step 105: f 239207 trial_f 239207 accepted 1  lowest_f 239207
found new global minimum on step 105 with function value 239207
 Fit Status: False
 Force threshold: 0.5366
 Lowest RMSE: 0.6893
 Current RMSE: 0.6893
 Accepted count: 46
 Basinhop count: 0


adaptive stepsize: acceptance rate 0.424528 target 0.500000 new stepsize 1.41158e-05 old stepsize 1.56842e-05
basinhopping step 106: f 239207 trial_f 239228 accepted 0  lowest_f 239207
 Fit Status: False
 Force threshold: 0.5366
 Lowest RMSE: 0.6893
 Current RMSE: 0.6893
 Accepted count: 46
 Basinhop count: 1


adaptive stepsize: acceptance rate 0.420561 target 0.500000 new stepsize 1.27042e-05 old stepsize 1.41158e-05
basinhopping step 107: f 239207 trial_f 239219 accepted 0  lowest_f 239207
 Fit Status: False
 Force threshold: 0.5366
 Lowest RMSE: 0.6893
 Current RMSE: 0.6893
 Accepted count: 46
 Basinhop count: 2


adaptive stepsize: acceptance rate 0.416667 target 0.500000 new stepsize 1.14338e-05 old stepsize 1.27042e-05
basinhopping step 108: f 239155 trial_f 239155 accepted 1  lowest_f 239155
found new global minimum on step 108 with function value 239155
 Fit Status: False
 Force threshold: 0.5366
 Lowest RMSE: 0.6892
 Current RMSE: 0.6892
 Accepted count: 47
 Basinhop count: 0


adaptive stepsize: acceptance rate 0.422018 target 0.500000 new stepsize 1.02904e-05 old stepsize 1.14338e-05
basinhopping step 109: f 239153 trial_f 239153 accepted 1  lowest_f 239153
found new global minimum on step 109 with function value 239153
 Fit Status: False
 Force threshold: 0.5366
 Lowest RMSE: 0.6892
 Current RMSE: 0.6892
 Accepted count: 48
 Basinhop count: 0


adaptive stepsize: acceptance rate 0.427273 target 0.500000 new stepsize 9.26139e-06 old stepsize 1.02904e-05
basinhopping step 110: f 239143 trial_f 239143 accepted 1  lowest_f 239143
found new global minimum on step 110 with function value 239143
 Fit Status: False
 Force threshold: 0.5366
 Lowest RMSE: 0.6892
 Current RMSE: 0.6892
 Accepted count: 49
 Basinhop count: 0


adaptive stepsize: acceptance rate 0.432432 target 0.500000 new stepsize 8.33525e-06 old stepsize 9.26139e-06
basinhopping step 111: f 239141 trial_f 239141 accepted 1  lowest_f 239141
found new global minimum on step 111 with function value 239141
 Fit Status: False
 Force threshold: 0.5366
 Lowest RMSE: 0.6892
 Current RMSE: 0.6892
 Accepted count: 50
 Basinhop count: 0


adaptive stepsize: acceptance rate 0.437500 target 0.500000 new stepsize 7.50172e-06 old stepsize 8.33525e-06
basinhopping step 112: f 239141 trial_f 239146 accepted 0  lowest_f 239141
 Fit Status: False
 Force threshold: 0.5366
 Lowest RMSE: 0.6892
 Current RMSE: 0.6892
 Accepted count: 50
 Basinhop count: 1


adaptive stepsize: acceptance rate 0.433628 target 0.500000 new stepsize 6.75155e-06 old stepsize 7.50172e-06
basinhopping step 113: f 239039 trial_f 239039 accepted 1  lowest_f 239039
found new global minimum on step 113 with function value 239039
 Fit Status: False
 Force threshold: 0.5366
 Lowest RMSE: 0.6891
 Current RMSE: 0.6891
 Accepted count: 51
 Basinhop count: 0


adaptive stepsize: acceptance rate 0.438596 target 0.500000 new stepsize 6.0764e-06 old stepsize 6.75155e-06
basinhopping step 114: f 239024 trial_f 239024 accepted 1  lowest_f 239024
found new global minimum on step 114 with function value 239024
 Fit Status: False
 Force threshold: 0.5366
 Lowest RMSE: 0.6890
 Current RMSE: 0.6890
 Accepted count: 52
 Basinhop count: 0


adaptive stepsize: acceptance rate 0.443478 target 0.500000 new stepsize 5.46876e-06 old stepsize 6.0764e-06
basinhopping step 115: f 239024 trial_f 239027 accepted 0  lowest_f 239024
 Fit Status: False
 Force threshold: 0.5366
 Lowest RMSE: 0.6890
 Current RMSE: 0.6890
 Accepted count: 52
 Basinhop count: 1


adaptive stepsize: acceptance rate 0.439655 target 0.500000 new stepsize 4.92188e-06 old stepsize 5.46876e-06
basinhopping step 116: f 239001 trial_f 239001 accepted 1  lowest_f 239001
found new global minimum on step 116 with function value 239001
 Fit Status: False
 Force threshold: 0.5366
 Lowest RMSE: 0.6890
 Current RMSE: 0.6891
 Accepted count: 53
 Basinhop count: 0


adaptive stepsize: acceptance rate 0.444444 target 0.500000 new stepsize 4.42969e-06 old stepsize 4.92188e-06
basinhopping step 117: f 238999 trial_f 238999 accepted 1  lowest_f 238999
found new global minimum on step 117 with function value 238999
 Fit Status: False
 Force threshold: 0.5366
 Lowest RMSE: 0.6890
 Current RMSE: 0.6891
 Accepted count: 54
 Basinhop count: 0


adaptive stepsize: acceptance rate 0.449153 target 0.500000 new stepsize 3.98672e-06 old stepsize 4.42969e-06
basinhopping step 118: f 238994 trial_f 238994 accepted 1  lowest_f 238994
found new global minimum on step 118 with function value 238994
 Fit Status: False
 Force threshold: 0.5366
 Lowest RMSE: 0.6890
 Current RMSE: 0.6891
 Accepted count: 55
 Basinhop count: 0


adaptive stepsize: acceptance rate 0.453782 target 0.500000 new stepsize 3.58805e-06 old stepsize 3.98672e-06
basinhopping step 119: f 238994 trial_f 238996 accepted 0  lowest_f 238994
 Fit Status: False
 Force threshold: 0.5366
 Lowest RMSE: 0.6890
 Current RMSE: 0.6891
 Accepted count: 55
 Basinhop count: 1


adaptive stepsize: acceptance rate 0.450000 target 0.500000 new stepsize 3.22925e-06 old stepsize 3.58805e-06
basinhopping step 120: f 238994 trial_f 238997 accepted 0  lowest_f 238994
 Fit Status: False
 Force threshold: 0.5366
 Lowest RMSE: 0.6890
 Current RMSE: 0.6891
 Accepted count: 55
 Basinhop count: 2


adaptive stepsize: acceptance rate 0.446281 target 0.500000 new stepsize 2.90632e-06 old stepsize 3.22925e-06
basinhopping step 121: f 238991 trial_f 238991 accepted 1  lowest_f 238991
found new global minimum on step 121 with function value 238991
 Fit Status: False
 Force threshold: 0.5366
 Lowest RMSE: 0.6890
 Current RMSE: 0.6891
 Accepted count: 56
 Basinhop count: 0


adaptive stepsize: acceptance rate 0.450820 target 0.500000 new stepsize 2.61569e-06 old stepsize 2.90632e-06
basinhopping step 122: f 238990 trial_f 238990 accepted 1  lowest_f 238990
found new global minimum on step 122 with function value 238990
 Fit Status: False
 Force threshold: 0.5366
 Lowest RMSE: 0.6890
 Current RMSE: 0.6891
 Accepted count: 57
 Basinhop count: 0


adaptive stepsize: acceptance rate 0.455285 target 0.500000 new stepsize 2.35412e-06 old stepsize 2.61569e-06
basinhopping step 123: f 238990 trial_f 238993 accepted 0  lowest_f 238990
 Fit Status: False
 Force threshold: 0.5366
 Lowest RMSE: 0.6890
 Current RMSE: 0.6891
 Accepted count: 57
 Basinhop count: 1


adaptive stepsize: acceptance rate 0.451613 target 0.500000 new stepsize 2.11871e-06 old stepsize 2.35412e-06
basinhopping step 124: f 238991 trial_f 238991 accepted 1  lowest_f 238990
 Fit Status: False
 Force threshold: 0.5366
 Lowest RMSE: 0.6890
 Current RMSE: 0.6891
 Accepted count: 58
 Basinhop count: 2


adaptive stepsize: acceptance rate 0.456000 target 0.500000 new stepsize 1.90684e-06 old stepsize 2.11871e-06
basinhopping step 125: f 238990 trial_f 238990 accepted 1  lowest_f 238990
found new global minimum on step 125 with function value 238990
 Fit Status: False
 Force threshold: 0.5366
 Lowest RMSE: 0.6890
 Current RMSE: 0.6891
 Accepted count: 59
 Basinhop count: 0


adaptive stepsize: acceptance rate 0.460317 target 0.500000 new stepsize 1.71615e-06 old stepsize 1.90684e-06
basinhopping step 126: f 238990 trial_f 238991 accepted 0  lowest_f 238990
 Fit Status: False
 Force threshold: 0.5366
 Lowest RMSE: 0.6890
 Current RMSE: 0.6891
 Accepted count: 59
 Basinhop count: 1


adaptive stepsize: acceptance rate 0.456693 target 0.500000 new stepsize 1.54454e-06 old stepsize 1.71615e-06
basinhopping step 127: f 238991 trial_f 238991 accepted 1  lowest_f 238990
 Fit Status: False
 Force threshold: 0.5366
 Lowest RMSE: 0.6890
 Current RMSE: 0.6891
 Accepted count: 60
 Basinhop count: 2


adaptive stepsize: acceptance rate 0.460938 target 0.500000 new stepsize 1.39008e-06 old stepsize 1.54454e-06
basinhopping step 128: f 238991 trial_f 238991 accepted 1  lowest_f 238990
 Fit Status: False
 Force threshold: 0.5366
 Lowest RMSE: 0.6890
 Current RMSE: 0.6891
 Accepted count: 61
 Basinhop count: 3


adaptive stepsize: acceptance rate 0.465116 target 0.500000 new stepsize 1.25108e-06 old stepsize 1.39008e-06
basinhopping step 129: f 238991 trial_f 238993 accepted 0  lowest_f 238990
 Fit Status: False
 Force threshold: 0.5366
 Lowest RMSE: 0.6890
 Current RMSE: 0.6891
 Accepted count: 61
 Basinhop count: 4


adaptive stepsize: acceptance rate 0.461538 target 0.500000 new stepsize 1.12597e-06 old stepsize 1.25108e-06
basinhopping step 130: f 238990 trial_f 238990 accepted 1  lowest_f 238990
 Fit Status: False
 Force threshold: 0.5366
 Lowest RMSE: 0.6890
 Current RMSE: 0.6891
 Accepted count: 62
 Basinhop count: 5


adaptive stepsize: acceptance rate 0.465649 target 0.500000 new stepsize 1.01337e-06 old stepsize 1.12597e-06
basinhopping step 131: f 238975 trial_f 238975 accepted 1  lowest_f 238975
found new global minimum on step 131 with function value 238975
 Fit Status: False
 Force threshold: 0.5366
 Lowest RMSE: 0.6889
 Current RMSE: 0.6889
 Accepted count: 63
 Basinhop count: 0


adaptive stepsize: acceptance rate 0.469697 target 0.500000 new stepsize 9.12034e-07 old stepsize 1.01337e-06
basinhopping step 132: f 238976 trial_f 238976 accepted 1  lowest_f 238975
 Fit Status: False
 Force threshold: 0.5366
 Lowest RMSE: 0.6889
 Current RMSE: 0.6889
 Accepted count: 64
 Basinhop count: 1


adaptive stepsize: acceptance rate 0.473684 target 0.500000 new stepsize 8.20831e-07 old stepsize 9.12034e-07
basinhopping step 133: f 238976 trial_f 238976 accepted 1  lowest_f 238975
 Fit Status: False
 Force threshold: 0.5366
 Lowest RMSE: 0.6889
 Current RMSE: 0.6889
 Accepted count: 65
 Basinhop count: 2


adaptive stepsize: acceptance rate 0.477612 target 0.500000 new stepsize 7.38748e-07 old stepsize 8.20831e-07
basinhopping step 134: f 238976 trial_f 238976 accepted 1  lowest_f 238975
 Fit Status: False
 Force threshold: 0.5366
 Lowest RMSE: 0.6889
 Current RMSE: 0.6889
 Accepted count: 66
 Basinhop count: 3


adaptive stepsize: acceptance rate 0.481481 target 0.500000 new stepsize 6.64873e-07 old stepsize 7.38748e-07
basinhopping step 135: f 238976 trial_f 238977 accepted 0  lowest_f 238975
 Fit Status: False
 Force threshold: 0.5366
 Lowest RMSE: 0.6889
 Current RMSE: 0.6889
 Accepted count: 66
 Basinhop count: 4


adaptive stepsize: acceptance rate 0.477941 target 0.500000 new stepsize 5.98386e-07 old stepsize 6.64873e-07
basinhopping step 136: f 238976 trial_f 238976 accepted 1  lowest_f 238975
 Fit Status: False
 Force threshold: 0.5366
 Lowest RMSE: 0.6889
 Current RMSE: 0.6889
 Accepted count: 67
 Basinhop count: 5


adaptive stepsize: acceptance rate 0.481752 target 0.500000 new stepsize 5.38547e-07 old stepsize 5.98386e-07
basinhopping step 137: f 238976 trial_f 238976 accepted 0  lowest_f 238975
 Fit Status: False
 Force threshold: 0.5366
 Lowest RMSE: 0.6889
 Current RMSE: 0.6889
 Accepted count: 67
 Basinhop count: 6


adaptive stepsize: acceptance rate 0.478261 target 0.500000 new stepsize 4.84693e-07 old stepsize 5.38547e-07
basinhopping step 138: f 238975 trial_f 238975 accepted 1  lowest_f 238975
found new global minimum on step 138 with function value 238975
 Fit Status: False
 Force threshold: 0.5366
 Lowest RMSE: 0.6889
 Current RMSE: 0.6889
 Accepted count: 68
 Basinhop count: 0


adaptive stepsize: acceptance rate 0.482014 target 0.500000 new stepsize 4.36223e-07 old stepsize 4.84693e-07
basinhopping step 139: f 238975 trial_f 238976 accepted 0  lowest_f 238975
 Fit Status: False
 Force threshold: 0.5366
 Lowest RMSE: 0.6889
 Current RMSE: 0.6889
 Accepted count: 68
 Basinhop count: 1


adaptive stepsize: acceptance rate 0.478571 target 0.500000 new stepsize 3.92601e-07 old stepsize 4.36223e-07
basinhopping step 140: f 238975 trial_f 238975 accepted 1  lowest_f 238975
found new global minimum on step 140 with function value 238975
 Fit Status: False
 Force threshold: 0.5366
 Lowest RMSE: 0.6889
 Current RMSE: 0.6889
 Accepted count: 69
 Basinhop count: 0


adaptive stepsize: acceptance rate 0.482270 target 0.500000 new stepsize 3.53341e-07 old stepsize 3.92601e-07
basinhopping step 141: f 238974 trial_f 238974 accepted 1  lowest_f 238974
found new global minimum on step 141 with function value 238974
 Fit Status: False
 Force threshold: 0.5366
 Lowest RMSE: 0.6889
 Current RMSE: 0.6889
 Accepted count: 70
 Basinhop count: 0


adaptive stepsize: acceptance rate 0.485915 target 0.500000 new stepsize 3.18007e-07 old stepsize 3.53341e-07
basinhopping step 142: f 238975 trial_f 238975 accepted 1  lowest_f 238974
 Fit Status: False
 Force threshold: 0.5366
 Lowest RMSE: 0.6889
 Current RMSE: 0.6889
 Accepted count: 71
 Basinhop count: 1


adaptive stepsize: acceptance rate 0.489510 target 0.500000 new stepsize 2.86206e-07 old stepsize 3.18007e-07
basinhopping step 143: f 238975 trial_f 238975 accepted 0  lowest_f 238974
 Fit Status: False
 Force threshold: 0.5366
 Lowest RMSE: 0.6889
 Current RMSE: 0.6889
 Accepted count: 71
 Basinhop count: 2


adaptive stepsize: acceptance rate 0.486111 target 0.500000 new stepsize 2.57585e-07 old stepsize 2.86206e-07
basinhopping step 144: f 238975 trial_f 238975 accepted 1  lowest_f 238974
 Fit Status: False
 Force threshold: 0.5366
 Lowest RMSE: 0.6889
 Current RMSE: 0.6889
 Accepted count: 72
 Basinhop count: 3


adaptive stepsize: acceptance rate 0.489655 target 0.500000 new stepsize 2.31827e-07 old stepsize 2.57585e-07
basinhopping step 145: f 238974 trial_f 238974 accepted 1  lowest_f 238974
found new global minimum on step 145 with function value 238974
 Fit Status: False
 Force threshold: 0.5366
 Lowest RMSE: 0.6889
 Current RMSE: 0.6889
 Accepted count: 73
 Basinhop count: 0


adaptive stepsize: acceptance rate 0.493151 target 0.500000 new stepsize 2.08644e-07 old stepsize 2.31827e-07
basinhopping step 146: f 238975 trial_f 238975 accepted 1  lowest_f 238974
 Fit Status: False
 Force threshold: 0.5366
 Lowest RMSE: 0.6889
 Current RMSE: 0.6889
 Accepted count: 74
 Basinhop count: 1


adaptive stepsize: acceptance rate 0.496599 target 0.500000 new stepsize 1.8778e-07 old stepsize 2.08644e-07
basinhopping step 147: f 238975 trial_f 238975 accepted 1  lowest_f 238974
 Fit Status: False
 Force threshold: 0.5366
 Lowest RMSE: 0.6889
 Current RMSE: 0.6889
 Accepted count: 75
 Basinhop count: 2


adaptive stepsize: acceptance rate 0.500000 target 0.500000 new stepsize 1.69002e-07 old stepsize 1.8778e-07
basinhopping step 148: f 238975 trial_f 238975 accepted 1  lowest_f 238974
 Fit Status: False
 Force threshold: 0.5366
 Lowest RMSE: 0.6889
 Current RMSE: 0.6889
 Accepted count: 76
 Basinhop count: 3


adaptive stepsize: acceptance rate 0.503356 target 0.500000 new stepsize 1.8778e-07 old stepsize 1.69002e-07
basinhopping step 149: f 238975 trial_f 238975 accepted 1  lowest_f 238974
 Fit Status: False
 Force threshold: 0.5366
 Lowest RMSE: 0.6889
 Current RMSE: 0.6889
 Accepted count: 77
 Basinhop count: 4


adaptive stepsize: acceptance rate 0.506667 target 0.500000 new stepsize 2.08644e-07 old stepsize 1.8778e-07
basinhopping step 150: f 238974 trial_f 238974 accepted 1  lowest_f 238974
 Fit Status: False
 Force threshold: 0.5366
 Lowest RMSE: 0.6889
 Current RMSE: 0.6889
 Accepted count: 78
 Basinhop count: 5


adaptive stepsize: acceptance rate 0.509934 target 0.500000 new stepsize 2.31827e-07 old stepsize 2.08644e-07
basinhopping step 151: f 238974 trial_f 238974 accepted 1  lowest_f 238974
found new global minimum on step 151 with function value 238974
 Fit Status: False
 Force threshold: 0.5366
 Lowest RMSE: 0.6889
 Current RMSE: 0.6889
 Accepted count: 79
 Basinhop count: 0


adaptive stepsize: acceptance rate 0.513158 target 0.500000 new stepsize 2.57585e-07 old stepsize 2.31827e-07
basinhopping step 152: f 238974 trial_f 238974 accepted 1  lowest_f 238974
found new global minimum on step 152 with function value 238974
 Fit Status: False
 Force threshold: 0.5366
 Lowest RMSE: 0.6889
 Current RMSE: 0.6889
 Accepted count: 80
 Basinhop count: 0


adaptive stepsize: acceptance rate 0.516340 target 0.500000 new stepsize 2.86206e-07 old stepsize 2.57585e-07
basinhopping step 153: f 238974 trial_f 238974 accepted 1  lowest_f 238974
 Fit Status: False
 Force threshold: 0.5366
 Lowest RMSE: 0.6889
 Current RMSE: 0.6889
 Accepted count: 81
 Basinhop count: 1


adaptive stepsize: acceptance rate 0.519481 target 0.500000 new stepsize 3.18007e-07 old stepsize 2.86206e-07
basinhopping step 154: f 238974 trial_f 238974 accepted 1  lowest_f 238974
 Fit Status: False
 Force threshold: 0.5366
 Lowest RMSE: 0.6889
 Current RMSE: 0.6889
 Accepted count: 82
 Basinhop count: 2


adaptive stepsize: acceptance rate 0.522581 target 0.500000 new stepsize 3.53341e-07 old stepsize 3.18007e-07
basinhopping step 155: f 238974 trial_f 238974 accepted 1  lowest_f 238974
found new global minimum on step 155 with function value 238974
 Fit Status: False
 Force threshold: 0.5366
 Lowest RMSE: 0.6889
 Current RMSE: 0.6889
 Accepted count: 83
 Basinhop count: 0


adaptive stepsize: acceptance rate 0.525641 target 0.500000 new stepsize 3.92601e-07 old stepsize 3.53341e-07
basinhopping step 156: f 238974 trial_f 238974 accepted 1  lowest_f 238974
 Fit Status: False
 Force threshold: 0.5366
 Lowest RMSE: 0.6889
 Current RMSE: 0.6889
 Accepted count: 84
 Basinhop count: 1


adaptive stepsize: acceptance rate 0.528662 target 0.500000 new stepsize 4.36223e-07 old stepsize 3.92601e-07
basinhopping step 157: f 238935 trial_f 238935 accepted 1  lowest_f 238935
found new global minimum on step 157 with function value 238935
 Fit Status: False
 Force threshold: 0.5366
 Lowest RMSE: 0.6889
 Current RMSE: 0.6889
 Accepted count: 85
 Basinhop count: 0


adaptive stepsize: acceptance rate 0.531646 target 0.500000 new stepsize 4.84693e-07 old stepsize 4.36223e-07
basinhopping step 158: f 238906 trial_f 238906 accepted 1  lowest_f 238906
found new global minimum on step 158 with function value 238906
 Fit Status: False
 Force threshold: 0.5366
 Lowest RMSE: 0.6889
 Current RMSE: 0.6889
 Accepted count: 86
 Basinhop count: 0


adaptive stepsize: acceptance rate 0.534591 target 0.500000 new stepsize 5.38547e-07 old stepsize 4.84693e-07
basinhopping step 159: f 238893 trial_f 238893 accepted 1  lowest_f 238893
found new global minimum on step 159 with function value 238893
 Fit Status: False
 Force threshold: 0.5366
 Lowest RMSE: 0.6889
 Current RMSE: 0.6890
 Accepted count: 87
 Basinhop count: 0


adaptive stepsize: acceptance rate 0.537500 target 0.500000 new stepsize 5.98386e-07 old stepsize 5.38547e-07
basinhopping step 160: f 238893 trial_f 238893 accepted 1  lowest_f 238893
found new global minimum on step 160 with function value 238893
 Fit Status: False
 Force threshold: 0.5366
 Lowest RMSE: 0.6889
 Current RMSE: 0.6890
 Accepted count: 88
 Basinhop count: 0


adaptive stepsize: acceptance rate 0.540373 target 0.500000 new stepsize 6.64873e-07 old stepsize 5.98386e-07
basinhopping step 161: f 238892 trial_f 238892 accepted 1  lowest_f 238892
found new global minimum on step 161 with function value 238892
 Fit Status: False
 Force threshold: 0.5366
 Lowest RMSE: 0.6889
 Current RMSE: 0.6890
 Accepted count: 89
 Basinhop count: 0


adaptive stepsize: acceptance rate 0.543210 target 0.500000 new stepsize 7.38748e-07 old stepsize 6.64873e-07
basinhopping step 162: f 238892 trial_f 238892 accepted 1  lowest_f 238892
 Fit Status: False
 Force threshold: 0.5366
 Lowest RMSE: 0.6889
 Current RMSE: 0.6890
 Accepted count: 90
 Basinhop count: 1


adaptive stepsize: acceptance rate 0.546012 target 0.500000 new stepsize 8.20831e-07 old stepsize 7.38748e-07
basinhopping step 163: f 238892 trial_f 238892 accepted 0  lowest_f 238892
 Fit Status: False
 Force threshold: 0.5366
 Lowest RMSE: 0.6889
 Current RMSE: 0.6890
 Accepted count: 90
 Basinhop count: 2


adaptive stepsize: acceptance rate 0.542683 target 0.500000 new stepsize 9.12034e-07 old stepsize 8.20831e-07
basinhopping step 164: f 238891 trial_f 238891 accepted 1  lowest_f 238891
found new global minimum on step 164 with function value 238891
 Fit Status: False
 Force threshold: 0.5366
 Lowest RMSE: 0.6889
 Current RMSE: 0.6890
 Accepted count: 91
 Basinhop count: 0


adaptive stepsize: acceptance rate 0.545455 target 0.500000 new stepsize 1.01337e-06 old stepsize 9.12034e-07
basinhopping step 165: f 238892 trial_f 238892 accepted 1  lowest_f 238891
 Fit Status: False
 Force threshold: 0.5366
 Lowest RMSE: 0.6889
 Current RMSE: 0.6890
 Accepted count: 92
 Basinhop count: 1


adaptive stepsize: acceptance rate 0.548193 target 0.500000 new stepsize 1.12597e-06 old stepsize 1.01337e-06
basinhopping step 166: f 238892 trial_f 238892 accepted 1  lowest_f 238891
 Fit Status: False
 Force threshold: 0.5366
 Lowest RMSE: 0.6889
 Current RMSE: 0.6890
 Accepted count: 93
 Basinhop count: 2


adaptive stepsize: acceptance rate 0.550898 target 0.500000 new stepsize 1.25108e-06 old stepsize 1.12597e-06
basinhopping step 167: f 238878 trial_f 238878 accepted 1  lowest_f 238878
found new global minimum on step 167 with function value 238878
 Fit Status: False
 Force threshold: 0.5366
 Lowest RMSE: 0.6888
 Current RMSE: 0.6888
 Accepted count: 94
 Basinhop count: 0


adaptive stepsize: acceptance rate 0.553571 target 0.500000 new stepsize 1.39008e-06 old stepsize 1.25108e-06
basinhopping step 168: f 238841 trial_f 238841 accepted 1  lowest_f 238841
found new global minimum on step 168 with function value 238841
 Fit Status: False
 Force threshold: 0.5366
 Lowest RMSE: 0.6888
 Current RMSE: 0.6888
 Accepted count: 95
 Basinhop count: 0


adaptive stepsize: acceptance rate 0.556213 target 0.500000 new stepsize 1.54454e-06 old stepsize 1.39008e-06
basinhopping step 169: f 238841 trial_f 238843 accepted 0  lowest_f 238841
 Fit Status: False
 Force threshold: 0.5366
 Lowest RMSE: 0.6888
 Current RMSE: 0.6888
 Accepted count: 95
 Basinhop count: 1


adaptive stepsize: acceptance rate 0.552941 target 0.500000 new stepsize 1.71615e-06 old stepsize 1.54454e-06
basinhopping step 170: f 238828 trial_f 238828 accepted 1  lowest_f 238828
found new global minimum on step 170 with function value 238828
 Fit Status: False
 Force threshold: 0.5366
 Lowest RMSE: 0.6888
 Current RMSE: 0.6889
 Accepted count: 96
 Basinhop count: 0


adaptive stepsize: acceptance rate 0.555556 target 0.500000 new stepsize 1.90684e-06 old stepsize 1.71615e-06
basinhopping step 171: f 238829 trial_f 238829 accepted 1  lowest_f 238828
 Fit Status: False
 Force threshold: 0.5366
 Lowest RMSE: 0.6888
 Current RMSE: 0.6889
 Accepted count: 97
 Basinhop count: 1


adaptive stepsize: acceptance rate 0.558140 target 0.500000 new stepsize 2.11871e-06 old stepsize 1.90684e-06
basinhopping step 172: f 238829 trial_f 238831 accepted 0  lowest_f 238828
 Fit Status: False
 Force threshold: 0.5366
 Lowest RMSE: 0.6888
 Current RMSE: 0.6889
 Accepted count: 97
 Basinhop count: 2


adaptive stepsize: acceptance rate 0.554913 target 0.500000 new stepsize 2.35412e-06 old stepsize 2.11871e-06
basinhopping step 173: f 238829 trial_f 238829 accepted 1  lowest_f 238828
 Fit Status: False
 Force threshold: 0.5366
 Lowest RMSE: 0.6888
 Current RMSE: 0.6889
 Accepted count: 98
 Basinhop count: 3


adaptive stepsize: acceptance rate 0.557471 target 0.500000 new stepsize 2.61569e-06 old stepsize 2.35412e-06
basinhopping step 174: f 238829 trial_f 238830 accepted 0  lowest_f 238828
 Fit Status: False
 Force threshold: 0.5366
 Lowest RMSE: 0.6888
 Current RMSE: 0.6889
 Accepted count: 98
 Basinhop count: 4


adaptive stepsize: acceptance rate 0.554286 target 0.500000 new stepsize 2.90632e-06 old stepsize 2.61569e-06
basinhopping step 175: f 238829 trial_f 238830 accepted 0  lowest_f 238828
 Fit Status: False
 Force threshold: 0.5366
 Lowest RMSE: 0.6888
 Current RMSE: 0.6889
 Accepted count: 98
 Basinhop count: 5


adaptive stepsize: acceptance rate 0.551136 target 0.500000 new stepsize 3.22925e-06 old stepsize 2.90632e-06
basinhopping step 176: f 238830 trial_f 238830 accepted 1  lowest_f 238828
 Fit Status: False
 Force threshold: 0.5366
 Lowest RMSE: 0.6888
 Current RMSE: 0.6889
 Accepted count: 99
 Basinhop count: 6


adaptive stepsize: acceptance rate 0.553672 target 0.500000 new stepsize 3.58805e-06 old stepsize 3.22925e-06
basinhopping step 177: f 238733 trial_f 238733 accepted 1  lowest_f 238733
found new global minimum on step 177 with function value 238733
 Fit Status: False
 Force threshold: 0.5366
 Lowest RMSE: 0.6888
 Current RMSE: 0.6888
 Accepted count: 100
 Basinhop count: 0


adaptive stepsize: acceptance rate 0.556180 target 0.500000 new stepsize 3.98672e-06 old stepsize 3.58805e-06
basinhopping step 178: f 238729 trial_f 238729 accepted 1  lowest_f 238729
found new global minimum on step 178 with function value 238729
 Fit Status: False
 Force threshold: 0.5366
 Lowest RMSE: 0.6888
 Current RMSE: 0.6888
 Accepted count: 101
 Basinhop count: 0


adaptive stepsize: acceptance rate 0.558659 target 0.500000 new stepsize 4.42969e-06 old stepsize 3.98672e-06
basinhopping step 179: f 238730 trial_f 238730 accepted 1  lowest_f 238729
 Fit Status: False
 Force threshold: 0.5366
 Lowest RMSE: 0.6888
 Current RMSE: 0.6888
 Accepted count: 102
 Basinhop count: 1


adaptive stepsize: acceptance rate 0.561111 target 0.500000 new stepsize 4.92188e-06 old stepsize 4.42969e-06
basinhopping step 180: f 238732 trial_f 238732 accepted 1  lowest_f 238729
 Fit Status: False
 Force threshold: 0.5366
 Lowest RMSE: 0.6888
 Current RMSE: 0.6888
 Accepted count: 103
 Basinhop count: 2


adaptive stepsize: acceptance rate 0.563536 target 0.500000 new stepsize 5.46876e-06 old stepsize 4.92188e-06
basinhopping step 181: f 238727 trial_f 238727 accepted 1  lowest_f 238727
found new global minimum on step 181 with function value 238727
 Fit Status: False
 Force threshold: 0.5366
 Lowest RMSE: 0.6888
 Current RMSE: 0.6888
 Accepted count: 104
 Basinhop count: 0


adaptive stepsize: acceptance rate 0.565934 target 0.500000 new stepsize 6.0764e-06 old stepsize 5.46876e-06
basinhopping step 182: f 238711 trial_f 238711 accepted 1  lowest_f 238711
found new global minimum on step 182 with function value 238711
 Fit Status: False
 Force threshold: 0.5366
 Lowest RMSE: 0.6887
 Current RMSE: 0.6887
 Accepted count: 105
 Basinhop count: 0


adaptive stepsize: acceptance rate 0.568306 target 0.500000 new stepsize 6.75155e-06 old stepsize 6.0764e-06
basinhopping step 183: f 238650 trial_f 238650 accepted 1  lowest_f 238650
found new global minimum on step 183 with function value 238650
 Fit Status: False
 Force threshold: 0.5366
 Lowest RMSE: 0.6884
 Current RMSE: 0.6884
 Accepted count: 106
 Basinhop count: 0


adaptive stepsize: acceptance rate 0.570652 target 0.500000 new stepsize 7.50172e-06 old stepsize 6.75155e-06
basinhopping step 184: f 238641 trial_f 238641 accepted 1  lowest_f 238641
found new global minimum on step 184 with function value 238641
 Fit Status: False
 Force threshold: 0.5366
 Lowest RMSE: 0.6884
 Current RMSE: 0.6884
 Accepted count: 107
 Basinhop count: 0


adaptive stepsize: acceptance rate 0.572973 target 0.500000 new stepsize 8.33525e-06 old stepsize 7.50172e-06
basinhopping step 185: f 238635 trial_f 238635 accepted 1  lowest_f 238635
found new global minimum on step 185 with function value 238635
 Fit Status: False
 Force threshold: 0.5366
 Lowest RMSE: 0.6883
 Current RMSE: 0.6883
 Accepted count: 108
 Basinhop count: 0


adaptive stepsize: acceptance rate 0.575269 target 0.500000 new stepsize 9.26139e-06 old stepsize 8.33525e-06
basinhopping step 186: f 238625 trial_f 238625 accepted 1  lowest_f 238625
found new global minimum on step 186 with function value 238625
 Fit Status: False
 Force threshold: 0.5366
 Lowest RMSE: 0.6883
 Current RMSE: 0.6883
 Accepted count: 109
 Basinhop count: 0


adaptive stepsize: acceptance rate 0.577540 target 0.500000 new stepsize 1.02904e-05 old stepsize 9.26139e-06
basinhopping step 187: f 238625 trial_f 238636 accepted 0  lowest_f 238625
 Fit Status: False
 Force threshold: 0.5366
 Lowest RMSE: 0.6883
 Current RMSE: 0.6883
 Accepted count: 109
 Basinhop count: 1


adaptive stepsize: acceptance rate 0.574468 target 0.500000 new stepsize 1.14338e-05 old stepsize 1.02904e-05
basinhopping step 188: f 238620 trial_f 238620 accepted 1  lowest_f 238620
found new global minimum on step 188 with function value 238620
 Fit Status: False
 Force threshold: 0.5366
 Lowest RMSE: 0.6883
 Current RMSE: 0.6883
 Accepted count: 110
 Basinhop count: 0


adaptive stepsize: acceptance rate 0.576720 target 0.500000 new stepsize 1.27042e-05 old stepsize 1.14338e-05
basinhopping step 189: f 238620 trial_f 238628 accepted 0  lowest_f 238620
 Fit Status: False
 Force threshold: 0.5366
 Lowest RMSE: 0.6883
 Current RMSE: 0.6883
 Accepted count: 110
 Basinhop count: 1


adaptive stepsize: acceptance rate 0.573684 target 0.500000 new stepsize 1.41158e-05 old stepsize 1.27042e-05
basinhopping step 190: f 238620 trial_f 238641 accepted 0  lowest_f 238620
 Fit Status: False
 Force threshold: 0.5366
 Lowest RMSE: 0.6883
 Current RMSE: 0.6884
 Accepted count: 110
 Basinhop count: 2


adaptive stepsize: acceptance rate 0.570681 target 0.500000 new stepsize 1.56842e-05 old stepsize 1.41158e-05
basinhopping step 191: f 238612 trial_f 238612 accepted 1  lowest_f 238612
found new global minimum on step 191 with function value 238612
 Fit Status: False
 Force threshold: 0.5366
 Lowest RMSE: 0.6883
 Current RMSE: 0.6885
 Accepted count: 111
 Basinhop count: 0


adaptive stepsize: acceptance rate 0.572917 target 0.500000 new stepsize 1.74269e-05 old stepsize 1.56842e-05
basinhopping step 192: f 238575 trial_f 238575 accepted 1  lowest_f 238575
found new global minimum on step 192 with function value 238575
 Fit Status: False
 Force threshold: 0.5366
 Lowest RMSE: 0.6883
 Current RMSE: 0.6885
 Accepted count: 112
 Basinhop count: 0


adaptive stepsize: acceptance rate 0.575130 target 0.500000 new stepsize 1.93633e-05 old stepsize 1.74269e-05
basinhopping step 193: f 238570 trial_f 238570 accepted 1  lowest_f 238570
found new global minimum on step 193 with function value 238570
 Fit Status: False
 Force threshold: 0.5366
 Lowest RMSE: 0.6883
 Current RMSE: 0.6885
 Accepted count: 113
 Basinhop count: 0


adaptive stepsize: acceptance rate 0.577320 target 0.500000 new stepsize 2.15147e-05 old stepsize 1.93633e-05
basinhopping step 194: f 238457 trial_f 238457 accepted 1  lowest_f 238457
found new global minimum on step 194 with function value 238457
 Fit Status: False
 Force threshold: 0.5366
 Lowest RMSE: 0.6883
 Current RMSE: 0.6883
 Accepted count: 114
 Basinhop count: 0


adaptive stepsize: acceptance rate 0.579487 target 0.500000 new stepsize 2.39053e-05 old stepsize 2.15147e-05
basinhopping step 195: f 238457 trial_f 238486 accepted 0  lowest_f 238457
 Fit Status: False
 Force threshold: 0.5366
 Lowest RMSE: 0.6883
 Current RMSE: 0.6883
 Accepted count: 114
 Basinhop count: 1


adaptive stepsize: acceptance rate 0.576531 target 0.500000 new stepsize 2.65614e-05 old stepsize 2.39053e-05
basinhopping step 196: f 238449 trial_f 238449 accepted 1  lowest_f 238449
found new global minimum on step 196 with function value 238449
 Fit Status: False
 Force threshold: 0.5366
 Lowest RMSE: 0.6883
 Current RMSE: 0.6883
 Accepted count: 115
 Basinhop count: 0


adaptive stepsize: acceptance rate 0.578680 target 0.500000 new stepsize 2.95127e-05 old stepsize 2.65614e-05
basinhopping step 197: f 238449 trial_f 238462 accepted 0  lowest_f 238449
 Fit Status: False
 Force threshold: 0.5366
 Lowest RMSE: 0.6883
 Current RMSE: 0.6883
 Accepted count: 115
 Basinhop count: 1


adaptive stepsize: acceptance rate 0.575758 target 0.500000 new stepsize 3.27919e-05 old stepsize 2.95127e-05
basinhopping step 198: f 238438 trial_f 238438 accepted 1  lowest_f 238438
found new global minimum on step 198 with function value 238438
 Fit Status: False
 Force threshold: 0.5366
 Lowest RMSE: 0.6883
 Current RMSE: 0.6883
 Accepted count: 116
 Basinhop count: 0


adaptive stepsize: acceptance rate 0.577889 target 0.500000 new stepsize 3.64354e-05 old stepsize 3.27919e-05
basinhopping step 199: f 238438 trial_f 238461 accepted 0  lowest_f 238438
 Fit Status: False
 Force threshold: 0.5366
 Lowest RMSE: 0.6883
 Current RMSE: 0.6883
 Accepted count: 116
 Basinhop count: 1


adaptive stepsize: acceptance rate 0.575000 target 0.500000 new stepsize 4.04838e-05 old stepsize 3.64354e-05
basinhopping step 200: f 238367 trial_f 238367 accepted 1  lowest_f 238367
found new global minimum on step 200 with function value 238367
 Fit Status: False
 Force threshold: 0.5366
 Lowest RMSE: 0.6882
 Current RMSE: 0.6882
 Accepted count: 117
 Basinhop count: 0


adaptive stepsize: acceptance rate 0.577114 target 0.500000 new stepsize 4.4982e-05 old stepsize 4.04838e-05
basinhopping step 201: f 238314 trial_f 238314 accepted 1  lowest_f 238314
found new global minimum on step 201 with function value 238314
 Fit Status: False
 Force threshold: 0.5366
 Lowest RMSE: 0.6881
 Current RMSE: 0.6881
 Accepted count: 118
 Basinhop count: 0


adaptive stepsize: acceptance rate 0.579208 target 0.500000 new stepsize 4.998e-05 old stepsize 4.4982e-05
basinhopping step 202: f 238312 trial_f 238312 accepted 1  lowest_f 238312
found new global minimum on step 202 with function value 238312
 Fit Status: False
 Force threshold: 0.5366
 Lowest RMSE: 0.6881
 Current RMSE: 0.6881
 Accepted count: 119
 Basinhop count: 0


adaptive stepsize: acceptance rate 0.581281 target 0.500000 new stepsize 5.55333e-05 old stepsize 4.998e-05
basinhopping step 203: f 238252 trial_f 238252 accepted 1  lowest_f 238252
found new global minimum on step 203 with function value 238252
 Fit Status: False
 Force threshold: 0.5366
 Lowest RMSE: 0.6880
 Current RMSE: 0.6880
 Accepted count: 120
 Basinhop count: 0


adaptive stepsize: acceptance rate 0.583333 target 0.500000 new stepsize 6.17037e-05 old stepsize 5.55333e-05
basinhopping step 204: f 238252 trial_f 238257 accepted 0  lowest_f 238252
 Fit Status: False
 Force threshold: 0.5366
 Lowest RMSE: 0.6880
 Current RMSE: 0.6881
 Accepted count: 120
 Basinhop count: 1


adaptive stepsize: acceptance rate 0.580488 target 0.500000 new stepsize 6.85596e-05 old stepsize 6.17037e-05
basinhopping step 205: f 238253 trial_f 238253 accepted 1  lowest_f 238252
 Fit Status: False
 Force threshold: 0.5366
 Lowest RMSE: 0.6880
 Current RMSE: 0.6880
 Accepted count: 121
 Basinhop count: 2


adaptive stepsize: acceptance rate 0.582524 target 0.500000 new stepsize 7.61773e-05 old stepsize 6.85596e-05
basinhopping step 206: f 238236 trial_f 238236 accepted 1  lowest_f 238236
found new global minimum on step 206 with function value 238236
 Fit Status: False
 Force threshold: 0.5366
 Lowest RMSE: 0.6879
 Current RMSE: 0.6879
 Accepted count: 122
 Basinhop count: 0


adaptive stepsize: acceptance rate 0.584541 target 0.500000 new stepsize 8.46415e-05 old stepsize 7.61773e-05
basinhopping step 207: f 238236 trial_f 238257 accepted 0  lowest_f 238236
 Fit Status: False
 Force threshold: 0.5366
 Lowest RMSE: 0.6879
 Current RMSE: 0.6881
 Accepted count: 122
 Basinhop count: 1


adaptive stepsize: acceptance rate 0.581731 target 0.500000 new stepsize 9.40461e-05 old stepsize 8.46415e-05
basinhopping step 208: f 238132 trial_f 238132 accepted 1  lowest_f 238132
found new global minimum on step 208 with function value 238132
 Fit Status: False
 Force threshold: 0.5366
 Lowest RMSE: 0.6879
 Current RMSE: 0.6882
 Accepted count: 123
 Basinhop count: 0


adaptive stepsize: acceptance rate 0.583732 target 0.500000 new stepsize 0.000104496 old stepsize 9.40461e-05
basinhopping step 209: f 238066 trial_f 238066 accepted 1  lowest_f 238066
found new global minimum on step 209 with function value 238066
 Fit Status: False
 Force threshold: 0.5366
 Lowest RMSE: 0.6879
 Current RMSE: 0.6882
 Accepted count: 124
 Basinhop count: 0


adaptive stepsize: acceptance rate 0.585714 target 0.500000 new stepsize 0.000116106 old stepsize 0.000104496
basinhopping step 210: f 238066 trial_f 238083 accepted 0  lowest_f 238066
 Fit Status: False
 Force threshold: 0.5366
 Lowest RMSE: 0.6879
 Current RMSE: 0.6882
 Accepted count: 124
 Basinhop count: 1


adaptive stepsize: acceptance rate 0.582938 target 0.500000 new stepsize 0.000129007 old stepsize 0.000116106
basinhopping step 211: f 238066 trial_f 238108 accepted 0  lowest_f 238066
 Fit Status: False
 Force threshold: 0.5366
 Lowest RMSE: 0.6879
 Current RMSE: 0.6882
 Accepted count: 124
 Basinhop count: 2


adaptive stepsize: acceptance rate 0.580189 target 0.500000 new stepsize 0.000143341 old stepsize 0.000129007
basinhopping step 212: f 237851 trial_f 237851 accepted 1  lowest_f 237851
found new global minimum on step 212 with function value 237851
 Fit Status: False
 Force threshold: 0.5366
 Lowest RMSE: 0.6876
 Current RMSE: 0.6876
 Accepted count: 125
 Basinhop count: 0


adaptive stepsize: acceptance rate 0.582160 target 0.500000 new stepsize 0.000159268 old stepsize 0.000143341
basinhopping step 213: f 237851 trial_f 237972 accepted 0  lowest_f 237851
 Fit Status: False
 Force threshold: 0.5366
 Lowest RMSE: 0.6876
 Current RMSE: 0.6878
 Accepted count: 125
 Basinhop count: 1


adaptive stepsize: acceptance rate 0.579439 target 0.500000 new stepsize 0.000176964 old stepsize 0.000159268
basinhopping step 214: f 237663 trial_f 237663 accepted 1  lowest_f 237663
found new global minimum on step 214 with function value 237663
 Fit Status: False
 Force threshold: 0.5366
 Lowest RMSE: 0.6875
 Current RMSE: 0.6875
 Accepted count: 126
 Basinhop count: 0


adaptive stepsize: acceptance rate 0.581395 target 0.500000 new stepsize 0.000196627 old stepsize 0.000176964
basinhopping step 215: f 237652 trial_f 237652 accepted 1  lowest_f 237652
found new global minimum on step 215 with function value 237652
 Fit Status: False
 Force threshold: 0.5366
 Lowest RMSE: 0.6874
 Current RMSE: 0.6874
 Accepted count: 127
 Basinhop count: 0


adaptive stepsize: acceptance rate 0.583333 target 0.500000 new stepsize 0.000218475 old stepsize 0.000196627
basinhopping step 216: f 237390 trial_f 237390 accepted 1  lowest_f 237390
found new global minimum on step 216 with function value 237390
 Fit Status: False
 Force threshold: 0.5366
 Lowest RMSE: 0.6873
 Current RMSE: 0.6873
 Accepted count: 128
 Basinhop count: 0


adaptive stepsize: acceptance rate 0.585253 target 0.500000 new stepsize 0.000242749 old stepsize 0.000218475
basinhopping step 217: f 237390 trial_f 237577 accepted 0  lowest_f 237390
 Fit Status: False
 Force threshold: 0.5366
 Lowest RMSE: 0.6873
 Current RMSE: 0.6876
 Accepted count: 128
 Basinhop count: 1


adaptive stepsize: acceptance rate 0.582569 target 0.500000 new stepsize 0.000269722 old stepsize 0.000242749
basinhopping step 218: f 237012 trial_f 237012 accepted 1  lowest_f 237012
found new global minimum on step 218 with function value 237012
 Fit Status: False
 Force threshold: 0.5366
 Lowest RMSE: 0.6868
 Current RMSE: 0.6868
 Accepted count: 129
 Basinhop count: 0


adaptive stepsize: acceptance rate 0.584475 target 0.500000 new stepsize 0.000299691 old stepsize 0.000269722
basinhopping step 219: f 236808 trial_f 236808 accepted 1  lowest_f 236808
found new global minimum on step 219 with function value 236808
 Fit Status: False
 Force threshold: 0.5366
 Lowest RMSE: 0.6865
 Current RMSE: 0.6865
 Accepted count: 130
 Basinhop count: 0


adaptive stepsize: acceptance rate 0.586364 target 0.500000 new stepsize 0.00033299 old stepsize 0.000299691
basinhopping step 220: f 236720 trial_f 236720 accepted 1  lowest_f 236720
found new global minimum on step 220 with function value 236720
 Fit Status: False
 Force threshold: 0.5366
 Lowest RMSE: 0.6864
 Current RMSE: 0.6864
 Accepted count: 131
 Basinhop count: 0


adaptive stepsize: acceptance rate 0.588235 target 0.500000 new stepsize 0.000369988 old stepsize 0.00033299
basinhopping step 221: f 236248 trial_f 236248 accepted 1  lowest_f 236248
found new global minimum on step 221 with function value 236248
 Fit Status: False
 Force threshold: 0.5366
 Lowest RMSE: 0.6858
 Current RMSE: 0.6858
 Accepted count: 132
 Basinhop count: 0


adaptive stepsize: acceptance rate 0.590090 target 0.500000 new stepsize 0.000411098 old stepsize 0.000369988
basinhopping step 222: f 235944 trial_f 235944 accepted 1  lowest_f 235944
found new global minimum on step 222 with function value 235944
 Fit Status: False
 Force threshold: 0.5366
 Lowest RMSE: 0.6854
 Current RMSE: 0.6854
 Accepted count: 133
 Basinhop count: 0


adaptive stepsize: acceptance rate 0.591928 target 0.500000 new stepsize 0.000456776 old stepsize 0.000411098
basinhopping step 223: f 235564 trial_f 235564 accepted 1  lowest_f 235564
found new global minimum on step 223 with function value 235564
 Fit Status: False
 Force threshold: 0.5366
 Lowest RMSE: 0.6849
 Current RMSE: 0.6849
 Accepted count: 134
 Basinhop count: 0


adaptive stepsize: acceptance rate 0.593750 target 0.500000 new stepsize 0.000507529 old stepsize 0.000456776
basinhopping step 224: f 235564 trial_f 236032 accepted 0  lowest_f 235564
 Fit Status: False
 Force threshold: 0.5366
 Lowest RMSE: 0.6849
 Current RMSE: 0.6854
 Accepted count: 134
 Basinhop count: 1


adaptive stepsize: acceptance rate 0.591111 target 0.500000 new stepsize 0.000563921 old stepsize 0.000507529
basinhopping step 225: f 235564 trial_f 235775 accepted 0  lowest_f 235564
 Fit Status: False
 Force threshold: 0.5366
 Lowest RMSE: 0.6849
 Current RMSE: 0.6853
 Accepted count: 134
 Basinhop count: 2


adaptive stepsize: acceptance rate 0.588496 target 0.500000 new stepsize 0.000626579 old stepsize 0.000563921
basinhopping step 226: f 235107 trial_f 235107 accepted 1  lowest_f 235107
found new global minimum on step 226 with function value 235107
 Fit Status: False
 Force threshold: 0.5366
 Lowest RMSE: 0.6844
 Current RMSE: 0.6844
 Accepted count: 135
 Basinhop count: 0


adaptive stepsize: acceptance rate 0.590308 target 0.500000 new stepsize 0.000696199 old stepsize 0.000626579
basinhopping step 227: f 235107 trial_f 235967 accepted 0  lowest_f 235107
 Fit Status: False
 Force threshold: 0.5366
 Lowest RMSE: 0.6844
 Current RMSE: 0.6853
 Accepted count: 135
 Basinhop count: 1


adaptive stepsize: acceptance rate 0.587719 target 0.500000 new stepsize 0.000773554 old stepsize 0.000696199
basinhopping step 228: f 234917 trial_f 234917 accepted 1  lowest_f 234917
found new global minimum on step 228 with function value 234917
 Fit Status: False
 Force threshold: 0.5366
 Lowest RMSE: 0.6842
 Current RMSE: 0.6842
 Accepted count: 136
 Basinhop count: 0


adaptive stepsize: acceptance rate 0.589520 target 0.500000 new stepsize 0.000859504 old stepsize 0.000773554
basinhopping step 229: f 234917 trial_f 235873 accepted 0  lowest_f 234917
 Fit Status: False
 Force threshold: 0.5366
 Lowest RMSE: 0.6842
 Current RMSE: 0.6851
 Accepted count: 136
 Basinhop count: 1


adaptive stepsize: acceptance rate 0.586957 target 0.500000 new stepsize 0.000955005 old stepsize 0.000859504
basinhopping step 230: f 234224 trial_f 234224 accepted 1  lowest_f 234224
found new global minimum on step 230 with function value 234224
 Fit Status: False
 Force threshold: 0.5366
 Lowest RMSE: 0.6830
 Current RMSE: 0.6830
 Accepted count: 137
 Basinhop count: 0


adaptive stepsize: acceptance rate 0.588745 target 0.500000 new stepsize 0.00106112 old stepsize 0.000955005
basinhopping step 231: f 233313 trial_f 233313 accepted 1  lowest_f 233313
found new global minimum on step 231 with function value 233313
 Fit Status: False
 Force threshold: 0.5366
 Lowest RMSE: 0.6819
 Current RMSE: 0.6819
 Accepted count: 138
 Basinhop count: 0


adaptive stepsize: acceptance rate 0.590517 target 0.500000 new stepsize 0.00117902 old stepsize 0.00106112
basinhopping step 232: f 233311 trial_f 233311 accepted 1  lowest_f 233311
found new global minimum on step 232 with function value 233311
 Fit Status: False
 Force threshold: 0.5366
 Lowest RMSE: 0.6815
 Current RMSE: 0.6815
 Accepted count: 139
 Basinhop count: 0


adaptive stepsize: acceptance rate 0.592275 target 0.500000 new stepsize 0.00131002 old stepsize 0.00117902
basinhopping step 233: f 233311 trial_f 234113 accepted 0  lowest_f 233311
 Fit Status: False
 Force threshold: 0.5366
 Lowest RMSE: 0.6815
 Current RMSE: 0.6823
 Accepted count: 139
 Basinhop count: 1


adaptive stepsize: acceptance rate 0.589744 target 0.500000 new stepsize 0.00145558 old stepsize 0.00131002
basinhopping step 234: f 232788 trial_f 232788 accepted 1  lowest_f 232788
found new global minimum on step 234 with function value 232788
 Fit Status: False
 Force threshold: 0.5366
 Lowest RMSE: 0.6813
 Current RMSE: 0.6813
 Accepted count: 140
 Basinhop count: 0


adaptive stepsize: acceptance rate 0.591489 target 0.500000 new stepsize 0.00161731 old stepsize 0.00145558
basinhopping step 235: f 232197 trial_f 232197 accepted 1  lowest_f 232197
found new global minimum on step 235 with function value 232197
 Fit Status: False
 Force threshold: 0.5366
 Lowest RMSE: 0.6802
 Current RMSE: 0.6802
 Accepted count: 141
 Basinhop count: 0


adaptive stepsize: acceptance rate 0.593220 target 0.500000 new stepsize 0.00179701 old stepsize 0.00161731
basinhopping step 236: f 231136 trial_f 231136 accepted 1  lowest_f 231136
found new global minimum on step 236 with function value 231136
 Fit Status: False
 Force threshold: 0.5366
 Lowest RMSE: 0.6790
 Current RMSE: 0.6790
 Accepted count: 142
 Basinhop count: 0


adaptive stepsize: acceptance rate 0.594937 target 0.500000 new stepsize 0.00199668 old stepsize 0.00179701
basinhopping step 237: f 230787 trial_f 230787 accepted 1  lowest_f 230787
found new global minimum on step 237 with function value 230787
 Fit Status: False
 Force threshold: 0.5366
 Lowest RMSE: 0.6786
 Current RMSE: 0.6786
 Accepted count: 143
 Basinhop count: 0


adaptive stepsize: acceptance rate 0.596639 target 0.500000 new stepsize 0.00221853 old stepsize 0.00199668
basinhopping step 238: f 229552 trial_f 229552 accepted 1  lowest_f 229552
found new global minimum on step 238 with function value 229552
 Fit Status: False
 Force threshold: 0.5366
 Lowest RMSE: 0.6772
 Current RMSE: 0.6772
 Accepted count: 144
 Basinhop count: 0


adaptive stepsize: acceptance rate 0.598326 target 0.500000 new stepsize 0.00246503 old stepsize 0.00221853
basinhopping step 239: f 229552 trial_f 231565 accepted 0  lowest_f 229552
 Fit Status: False
 Force threshold: 0.5366
 Lowest RMSE: 0.6772
 Current RMSE: 0.6802
 Accepted count: 144
 Basinhop count: 1


adaptive stepsize: acceptance rate 0.595833 target 0.500000 new stepsize 0.00273893 old stepsize 0.00246503
basinhopping step 240: f 229552 trial_f 231995 accepted 0  lowest_f 229552
 Fit Status: False
 Force threshold: 0.5366
 Lowest RMSE: 0.6772
 Current RMSE: 0.6798
 Accepted count: 144
 Basinhop count: 2


adaptive stepsize: acceptance rate 0.593361 target 0.500000 new stepsize 0.00304325 old stepsize 0.00273893
basinhopping step 241: f 227638 trial_f 227638 accepted 1  lowest_f 227638
found new global minimum on step 241 with function value 227638
 Fit Status: False
 Force threshold: 0.5366
 Lowest RMSE: 0.6741
 Current RMSE: 0.6741
 Accepted count: 145
 Basinhop count: 0


adaptive stepsize: acceptance rate 0.595041 target 0.500000 new stepsize 0.00338139 old stepsize 0.00304325
basinhopping step 242: f 224298 trial_f 224298 accepted 1  lowest_f 224298
found new global minimum on step 242 with function value 224298
 Fit Status: False
 Force threshold: 0.5366
 Lowest RMSE: 0.6683
 Current RMSE: 0.6683
 Accepted count: 146
 Basinhop count: 0


adaptive stepsize: acceptance rate 0.596708 target 0.500000 new stepsize 0.0037571 old stepsize 0.00338139
basinhopping step 243: f 224298 trial_f 225303 accepted 0  lowest_f 224298
 Fit Status: False
 Force threshold: 0.5366
 Lowest RMSE: 0.6683
 Current RMSE: 0.6691
 Accepted count: 146
 Basinhop count: 1


adaptive stepsize: acceptance rate 0.594262 target 0.500000 new stepsize 0.00417456 old stepsize 0.0037571
basinhopping step 244: f 221074 trial_f 221074 accepted 1  lowest_f 221074
found new global minimum on step 244 with function value 221074
 Fit Status: False
 Force threshold: 0.5366
 Lowest RMSE: 0.6620
 Current RMSE: 0.6620
 Accepted count: 147
 Basinhop count: 0


adaptive stepsize: acceptance rate 0.595918 target 0.500000 new stepsize 0.0046384 old stepsize 0.00417456
basinhopping step 245: f 221074 trial_f 224962 accepted 0  lowest_f 221074
 Fit Status: False
 Force threshold: 0.5366
 Lowest RMSE: 0.6620
 Current RMSE: 0.6672
 Accepted count: 147
 Basinhop count: 1


adaptive stepsize: acceptance rate 0.593496 target 0.500000 new stepsize 0.00515378 old stepsize 0.0046384
basinhopping step 246: f 220939 trial_f 220939 accepted 1  lowest_f 220939
found new global minimum on step 246 with function value 220939
 Fit Status: False
 Force threshold: 0.5366
 Lowest RMSE: 0.6620
 Current RMSE: 0.6635
 Accepted count: 148
 Basinhop count: 0


adaptive stepsize: acceptance rate 0.595142 target 0.500000 new stepsize 0.00572642 old stepsize 0.00515378
basinhopping step 247: f 220939 trial_f 222574 accepted 0  lowest_f 220939
 Fit Status: False
 Force threshold: 0.5366
 Lowest RMSE: 0.6620
 Current RMSE: 0.6677
 Accepted count: 148
 Basinhop count: 1


adaptive stepsize: acceptance rate 0.592742 target 0.500000 new stepsize 0.00636269 old stepsize 0.00572642
basinhopping step 248: f 219787 trial_f 219787 accepted 1  lowest_f 219787
found new global minimum on step 248 with function value 219787
 Fit Status: False
 Force threshold: 0.5366
 Lowest RMSE: 0.6620
 Current RMSE: 0.6629
 Accepted count: 149
 Basinhop count: 0


adaptive stepsize: acceptance rate 0.594378 target 0.500000 new stepsize 0.00706965 old stepsize 0.00636269
basinhopping step 249: f 219787 trial_f 220688 accepted 0  lowest_f 219787
 Fit Status: False
 Force threshold: 0.5366
 Lowest RMSE: 0.6620
 Current RMSE: 0.6629
 Accepted count: 149
 Basinhop count: 1


adaptive stepsize: acceptance rate 0.592000 target 0.500000 new stepsize 0.00785517 old stepsize 0.00706965
basinhopping step 250: f 218334 trial_f 218334 accepted 1  lowest_f 218334
found new global minimum on step 250 with function value 218334
 Fit Status: False
 Force threshold: 0.5366
 Lowest RMSE: 0.6619
 Current RMSE: 0.6619
 Accepted count: 150
 Basinhop count: 0


adaptive stepsize: acceptance rate 0.593625 target 0.500000 new stepsize 0.00872796 old stepsize 0.00785517
basinhopping step 251: f 215990 trial_f 215990 accepted 1  lowest_f 215990
found new global minimum on step 251 with function value 215990
 Fit Status: False
 Force threshold: 0.5366
 Lowest RMSE: 0.6579
 Current RMSE: 0.6579
 Accepted count: 151
 Basinhop count: 0


adaptive stepsize: acceptance rate 0.595238 target 0.500000 new stepsize 0.00969774 old stepsize 0.00872796
basinhopping step 252: f 213761 trial_f 213761 accepted 1  lowest_f 213761
found new global minimum on step 252 with function value 213761
 Fit Status: False
 Force threshold: 0.5366
 Lowest RMSE: 0.6521
 Current RMSE: 0.6521
 Accepted count: 152
 Basinhop count: 0


adaptive stepsize: acceptance rate 0.596838 target 0.500000 new stepsize 0.0107753 old stepsize 0.00969774
basinhopping step 253: f 213761 trial_f 215877 accepted 0  lowest_f 213761
 Fit Status: False
 Force threshold: 0.5366
 Lowest RMSE: 0.6521
 Current RMSE: 0.6524
 Accepted count: 152
 Basinhop count: 1


adaptive stepsize: acceptance rate 0.594488 target 0.500000 new stepsize 0.0119725 old stepsize 0.0107753
basinhopping step 254: f 209028 trial_f 209028 accepted 1  lowest_f 209028
found new global minimum on step 254 with function value 209028
 Fit Status: False
 Force threshold: 0.5366
 Lowest RMSE: 0.6486
 Current RMSE: 0.6486
 Accepted count: 153
 Basinhop count: 0


adaptive stepsize: acceptance rate 0.596078 target 0.500000 new stepsize 0.0133028 old stepsize 0.0119725
basinhopping step 255: f 206744 trial_f 206744 accepted 1  lowest_f 206744
found new global minimum on step 255 with function value 206744
 Fit Status: False
 Force threshold: 0.5366
 Lowest RMSE: 0.6409
 Current RMSE: 0.6409
 Accepted count: 154
 Basinhop count: 0


adaptive stepsize: acceptance rate 0.597656 target 0.500000 new stepsize 0.0147809 old stepsize 0.0133028
basinhopping step 256: f 206744 trial_f 207135 accepted 0  lowest_f 206744
 Fit Status: False
 Force threshold: 0.5366
 Lowest RMSE: 0.6409
 Current RMSE: 0.6422
 Accepted count: 154
 Basinhop count: 1


adaptive stepsize: acceptance rate 0.595331 target 0.500000 new stepsize 0.0164232 old stepsize 0.0147809
basinhopping step 257: f 201984 trial_f 201984 accepted 1  lowest_f 201984
found new global minimum on step 257 with function value 201984
 Fit Status: False
 Force threshold: 0.5366
 Lowest RMSE: 0.6302
 Current RMSE: 0.6302
 Accepted count: 155
 Basinhop count: 0


adaptive stepsize: acceptance rate 0.596899 target 0.500000 new stepsize 0.018248 old stepsize 0.0164232
basinhopping step 258: f 181615 trial_f 181615 accepted 1  lowest_f 181615
found new global minimum on step 258 with function value 181615
 Fit Status: False
 Force threshold: 0.5366
 Lowest RMSE: 0.5848
 Current RMSE: 0.5848
 Accepted count: 156
 Basinhop count: 0


adaptive stepsize: acceptance rate 0.598456 target 0.500000 new stepsize 0.0202756 old stepsize 0.018248
basinhopping step 259: f 181615 trial_f 183104 accepted 0  lowest_f 181615
 Fit Status: False
 Force threshold: 0.5366
 Lowest RMSE: 0.5848
 Current RMSE: 0.5854
 Accepted count: 156
 Basinhop count: 1


adaptive stepsize: acceptance rate 0.596154 target 0.500000 new stepsize 0.0225284 old stepsize 0.0202756
basinhopping step 260: f 181099 trial_f 181099 accepted 1  lowest_f 181099
found new global minimum on step 260 with function value 181099
 Fit Status: False
 Force threshold: 0.5366
 Lowest RMSE: 0.5848
 Current RMSE: 0.5886
 Accepted count: 157
 Basinhop count: 0


adaptive stepsize: acceptance rate 0.597701 target 0.500000 new stepsize 0.0250316 old stepsize 0.0225284
basinhopping step 261: f 181099 trial_f 185769 accepted 0  lowest_f 181099
 Fit Status: False
 Force threshold: 0.5366
 Lowest RMSE: 0.5848
 Current RMSE: 0.5968
 Accepted count: 157
 Basinhop count: 1


adaptive stepsize: acceptance rate 0.595420 target 0.500000 new stepsize 0.0278128 old stepsize 0.0250316
basinhopping step 262: f 89077.9 trial_f 89077.9 accepted 1  lowest_f 89077.9
found new global minimum on step 262 with function value 89077.9
 Fit Status: False
 Force threshold: 0.5366
 Lowest RMSE: 0.3511
 Current RMSE: 0.3511
 Accepted count: 158
 Basinhop count: 0


adaptive stepsize: acceptance rate 0.596958 target 0.500000 new stepsize 0.0309032 old stepsize 0.0278128
basinhopping step 263: f 89077.9 trial_f 93250.9 accepted 0  lowest_f 89077.9
 Fit Status: False
 Force threshold: 0.5366
 Lowest RMSE: 0.3501
 Current RMSE: 0.3501
 Accepted count: 158
 Basinhop count: 1


adaptive stepsize: acceptance rate 0.594697 target 0.500000 new stepsize 0.0343368 old stepsize 0.0309032
basinhopping step 264: f 89077.9 trial_f 116810 accepted 0  lowest_f 89077.9
 Fit Status: False
 Force threshold: 0.5366
 Lowest RMSE: 0.3501
 Current RMSE: 0.3909
 Accepted count: 158
 Basinhop count: 2


adaptive stepsize: acceptance rate 0.592453 target 0.500000 new stepsize 0.038152 old stepsize 0.0343368
basinhopping step 265: f 86910.3 trial_f 86910.3 accepted 1  lowest_f 86910.3
found new global minimum on step 265 with function value 86910.3
 Fit Status: False
 Force threshold: 0.5366
 Lowest RMSE: 0.3470
 Current RMSE: 0.3470
 Accepted count: 159
 Basinhop count: 0


adaptive stepsize: acceptance rate 0.593985 target 0.500000 new stepsize 0.0423912 old stepsize 0.038152
basinhopping step 266: f 86910.3 trial_f 123658 accepted 0  lowest_f 86910.3
 Fit Status: False
 Force threshold: 0.5366
 Lowest RMSE: 0.3470
 Current RMSE: 0.3659
 Accepted count: 159
 Basinhop count: 1


adaptive stepsize: acceptance rate 0.591760 target 0.500000 new stepsize 0.0471013 old stepsize 0.0423912
basinhopping step 267: f 86910.3 trial_f 107620 accepted 0  lowest_f 86910.3
 Fit Status: False
 Force threshold: 0.5366
 Lowest RMSE: 0.3470
 Current RMSE: 0.3886
 Accepted count: 159
 Basinhop count: 2


adaptive stepsize: acceptance rate 0.589552 target 0.500000 new stepsize 0.0523348 old stepsize 0.0471013
basinhopping step 268: f 86910.3 trial_f 97784.8 accepted 0  lowest_f 86910.3
 Fit Status: False
 Force threshold: 0.5366
 Lowest RMSE: 0.3470
 Current RMSE: 0.3658
 Accepted count: 159
 Basinhop count: 3


adaptive stepsize: acceptance rate 0.587361 target 0.500000 new stepsize 0.0581497 old stepsize 0.0523348
basinhopping step 269: f 86910.3 trial_f 101255 accepted 0  lowest_f 86910.3
 Fit Status: False
 Force threshold: 0.5366
 Lowest RMSE: 0.3470
 Current RMSE: 0.3543
 Accepted count: 159
 Basinhop count: 4


adaptive stepsize: acceptance rate 0.585185 target 0.500000 new stepsize 0.0646108 old stepsize 0.0581497
basinhopping step 270: f 86910.3 trial_f 121391 accepted 0  lowest_f 86910.3
 Fit Status: True
 Force threshold: 0.5366
 Lowest RMSE: 0.3470
 Current RMSE: 0.4208
 Accepted count: 159
 Basinhop count: 5



 Maximum Likelihood Best-fit Parameters:
--------------------------------------------------------------------------------------

Parameter                     Best-fit Value                +/- 1-sigma                   Flag                          
--------------------------------------------------------------------------------------
AGN_FRAC_4000                 1.000000                      0.000000                      1.0                           
AGN_FRAC_7000                 1.000000                      0.000000                      1.0                           
APOLY_COEFF_1                 -0.220738                     0.000000                      1.0                           
APOLY_COEFF_2                 0.107264                      0.000000                      1.0                           
APOLY_COEFF_3                 -0.027445                     0.000000                      1.0                           
BR_H_ALPHA_AMP                70.958059                     0.000000                      1.0                           
BR_H_ALPHA_DISP               3156.053522                   0.000000                      1.0                           
BR_H_ALPHA_DISP_CORR          3154.499732                   0.000000                      1.0                           
BR_H_ALPHA_DISP_RES           99.021587                     nan                           nan                           
BR_H_ALPHA_EW                 661.299177                    0.000000                      0.0                           
BR_H_ALPHA_FLUX               -12.840301                    0.000000                      0.0                           
BR_H_ALPHA_FWHM               7432.027224                   0.000000                      0.0                           
BR_H_ALPHA_FWHM_CORR          7428.368434                   0.000000                      0.0                           
BR_H_ALPHA_LUM                43.091952                     0.000000                      0.0                           
BR_H_ALPHA_NPIX               267.000000                    0.000000                      0.0                           
BR_H_ALPHA_SNR                47.407624                     0.000000                      0.0                           
BR_H_ALPHA_VOFF               -19.835972                    0.000000                      1.0                           
BR_H_ALPHA_W80                8277.728169                   0.000000                      0.0                           
BR_H_ALPHA_W80_CORR           8273.824502                   0.000000                      0.0                           
BR_H_BETA_AMP                 15.266023                     0.000000                      1.0                           
BR_H_BETA_DISP                3156.053522                   0.000000                      1.0                           
BR_H_BETA_DISP_CORR           3153.221194                   0.000000                      1.0                           
BR_H_BETA_DISP_RES            133.678473                    nan                           nan                           
BR_H_BETA_EW                  77.533558                     0.000000                      0.0                           
BR_H_BETA_FLUX                -13.637909                    0.000000                      0.0                           
BR_H_BETA_FWHM                7432.269243                   0.000000                      0.0                           
BR_H_BETA_FWHM_CORR           7425.600032                   0.000000                      0.0                           
BR_H_BETA_LUM                 42.294344                     0.000000                      0.0                           
BR_H_BETA_NPIX                205.000000                    0.000000                      0.0                           
BR_H_BETA_SNR                 10.198984                     0.000000                      0.0                           
BR_H_BETA_VOFF                -19.835972                    0.000000                      1.0                           
BR_H_BETA_W80                 8277.776528                   0.000000                      0.0                           
BR_H_BETA_W80_CORR            8270.660827                   0.000000                      0.0                           
BR_OPT_FEII_AMP               6.288285                      0.000000                      1.0                           
BR_OPT_FEII_DISP              500.853733                    0.000000                      1.0                           
BR_OPT_FEII_TEMPLATE_EW       8.619922                      0.000000                      1.0                           
BR_OPT_FEII_TEMPLATE_FLUX     -14.599330                    0.000000                      1.0                           
BR_OPT_FEII_TEMPLATE_LUM      41.332923                     0.000000                      1.0                           
BR_OPT_FEII_VOFF              0.178756                      0.000000                      1.0                           
HOST_FRAC_4000                0.180691                      0.000000                      1.0                           
HOST_FRAC_7000                -0.784543                     0.000000                      1.0                           
HOST_TEMP_DISP                102.176975                    0.000000                      1.0                           
HOST_TEMP_VEL                 -0.576898                     0.000000                      1.0                           
H_ALPHA_COMP_DISP             2820.546645                   0.000000                      0.0                           
H_ALPHA_COMP_DISP_CORR        2818.807922                   0.000000                      0.0                           
H_ALPHA_COMP_DISP_RES         99.021587                     nan                           nan                           
H_ALPHA_COMP_EW               843.204480                    0.000000                      1.0                           
H_ALPHA_COMP_FLUX             -12.734753                    0.000000                      1.0                           
H_ALPHA_COMP_FWHM             3208.835459                   0.000000                      0.0                           
H_ALPHA_COMP_FWHM_CORR        3200.352159                   0.000000                      0.0                           
H_ALPHA_COMP_LUM              43.197500                     0.000000                      1.0                           
H_ALPHA_COMP_NPIX             267.000000                    0.000000                      0.0                           
H_ALPHA_COMP_SNR              85.860181                     0.000000                      0.0                           
H_ALPHA_COMP_VOFF             -37.703689                    0.000000                      0.0                           
H_ALPHA_COMP_W80              7385.924530                   0.000000                      0.0                           
H_ALPHA_COMP_W80_CORR         7381.549256                   0.000000                      0.0                           
H_BETA_COMP_DISP              2526.517610                   0.000000                      0.0                           
H_BETA_COMP_DISP_CORR         2522.978656                   0.000000                      0.0                           
H_BETA_COMP_DISP_RES          133.678473                    nan                           nan                           
H_BETA_COMP_EW                126.020765                    0.000000                      1.0                           
H_BETA_COMP_FLUX              -13.426867                    0.000000                      1.0                           
H_BETA_COMP_FWHM              2450.013762                   0.000000                      0.0                           
H_BETA_COMP_FWHM_CORR         2429.707218                   0.000000                      0.0                           
H_BETA_COMP_LUM               42.505387                     0.000000                      1.0                           
H_BETA_COMP_NPIX              205.000000                    0.000000                      0.0                           
H_BETA_COMP_SNR               32.642122                     0.000000                      0.0                           
H_BETA_COMP_VOFF              -51.708031                    0.000000                      0.0                           
H_BETA_COMP_W80               6428.495929                   0.000000                      0.0                           
H_BETA_COMP_W80_CORR          6419.330664                   0.000000                      0.0                           
LOG_LIKE                      86910.260283                  0.000000                      0.0                           
L_CONT_AGN_5100               44.081428                     0.000000                      1.0                           
L_CONT_HOST_5100              0.000000                      0.000000                      1.0                           
L_CONT_TOT_5100               44.081428                     0.000000                      1.0                           
NA_H_ALPHA_AMP                75.626006                     0.000000                      1.0                           
NA_H_ALPHA_DISP               814.940950                    0.000000                      1.0                           
NA_H_ALPHA_DISP_CORR          808.902638                    0.000000                      1.0                           
NA_H_ALPHA_DISP_RES           99.021587                     nan                           nan                           
NA_H_ALPHA_EW                 181.905303                    0.000000                      0.0                           
NA_H_ALPHA_FLUX               -13.400793                    0.000000                      0.0                           
NA_H_ALPHA_FWHM               1920.110048                   0.000000                      0.0                           
NA_H_ALPHA_FWHM_CORR          1905.899141                   0.000000                      0.0                           
NA_H_ALPHA_LUM                42.531461                     0.000000                      0.0                           
NA_H_ALPHA_NPIX               65.000000                     0.000000                      0.0                           
NA_H_ALPHA_SNR                50.503380                     0.000000                      0.0                           
NA_H_ALPHA_VOFF               -102.628862                   0.000000                      1.0                           
NA_H_ALPHA_W80                2135.774449                   0.000000                      0.0                           
NA_H_ALPHA_W80_CORR           2120.594432                   0.000000                      0.0                           
NA_H_BETA_AMP                 37.004706                     0.000000                      1.0                           
NA_H_BETA_DISP                814.940950                    0.000000                      1.0                           
NA_H_BETA_DISP_CORR           803.902244                    0.000000                      1.0                           
NA_H_BETA_DISP_RES            133.678473                    nan                           nan                           
NA_H_BETA_EW                  48.487207                     0.000000                      0.0                           
NA_H_BETA_FLUX                -13.841539                    0.000000                      0.0                           
NA_H_BETA_FWHM                1920.216222                   0.000000                      0.0                           
NA_H_BETA_FWHM_CORR           1894.238652                   0.000000                      0.0                           
NA_H_BETA_LUM                 42.090715                     0.000000                      0.0                           
NA_H_BETA_NPIX                59.000000                     0.000000                      0.0                           
NA_H_BETA_SNR                 24.710257                     0.000000                      0.0                           
NA_H_BETA_VOFF                -102.628862                   0.000000                      1.0                           
NA_H_BETA_W80                 2137.082883                   0.000000                      0.0                           
NA_H_BETA_W80_CORR            2109.352866                   0.000000                      0.0                           
NA_NII_6549_AMP               20.637400                     0.000000                      1.0                           
NA_NII_6549_DISP              814.940950                    0.000000                      1.0                           
NA_NII_6549_DISP_CORR         808.875327                    0.000000                      1.0                           
NA_NII_6549_DISP_RES          99.244428                     nan                           nan                           
NA_NII_6549_EW                49.465258                     0.000000                      0.0                           
NA_NII_6549_FLUX              -13.965785                    0.000000                      0.0                           
NA_NII_6549_FWHM              1919.283283                   0.000000                      0.0                           
NA_NII_6549_FWHM_CORR         1905.001908                   0.000000                      0.0                           
NA_NII_6549_LUM               41.966468                     0.000000                      0.0                           
NA_NII_6549_NPIX              47.000000                     0.000000                      0.0                           
NA_NII_6549_SNR               13.787374                     0.000000                      0.0                           
NA_NII_6549_VOFF              -102.628862                   0.000000                      1.0                           
NA_NII_6549_W80               2136.927935                   0.000000                      0.0                           
NA_NII_6549_W80_CORR          2121.687563                   0.000000                      0.0                           
NA_NII_6585_AMP               61.912200                     0.000000                      1.0                           
NA_NII_6585_DISP              814.940950                    0.000000                      1.0                           
NA_NII_6585_DISP_CORR         808.940625                    0.000000                      1.0                           
NA_NII_6585_DISP_RES          98.710775                     nan                           nan                           
NA_NII_6585_EW                149.651736                    0.000000                      0.0                           
NA_NII_6585_FLUX              -13.486322                    0.000000                      0.0                           
NA_NII_6585_FWHM              1919.856998                   0.000000                      0.0                           
NA_NII_6585_FWHM_CORR         1905.733617                   0.000000                      0.0                           
NA_NII_6585_LUM               42.445931                     0.000000                      0.0                           
NA_NII_6585_NPIX              62.000000                     0.000000                      0.0                           
NA_NII_6585_SNR               41.351399                     0.000000                      0.0                           
NA_NII_6585_VOFF              -102.628862                   0.000000                      1.0                           
NA_NII_6585_W80               2137.340452                   0.000000                      0.0                           
NA_NII_6585_W80_CORR          2122.267050                   0.000000                      0.0                           
NA_OIII_a_AMP                 4.683159                      0.000000                      1.0                           
NA_OIII_a_DISP                814.940950                    0.000000                      1.0                           
NA_OIII_a_DISP_CORR           804.335225                    0.000000                      1.0                           
NA_OIII_a_DISP_RES            131.048074                    nan                           nan                           
NA_OIII_a_EW                  6.455573                      0.000000                      0.0                           
NA_OIII_a_FLUX                -14.730628                    0.000000                      0.0                           
NA_OIII_a_FWHM                1919.925512                   0.000000                      0.0                           
NA_OIII_a_FWHM_CORR           1894.963046                   0.000000                      0.0                           
NA_OIII_a_LUM                 41.201626                     0.000000                      0.0                           
NA_OIII_a_NPIX                38.000000                     0.000000                      0.0                           
NA_OIII_a_SNR                 3.127779                      0.000000                      0.0                           
NA_OIII_a_VOFF                -102.628862                   0.000000                      1.0                           
NA_OIII_a_W80                 2135.823221                   0.000000                      0.0                           
NA_OIII_a_W80_CORR            2109.164668                   0.000000                      0.0                           
NA_OIII_b_AMP                 13.955815                     0.000000                      1.0                           
NA_OIII_b_DISP                814.940950                    0.000000                      1.0                           
NA_OIII_b_DISP_CORR           804.538621                    0.000000                      1.0                           
NA_OIII_b_DISP_RES            129.793522                    nan                           nan                           
NA_OIII_b_EW                  19.704925                     0.000000                      0.0                           
NA_OIII_b_FLUX                -14.252232                    0.000000                      0.0                           
NA_OIII_b_FWHM                1920.574218                   0.000000                      0.0                           
NA_OIII_b_FWHM_CORR           1896.098855                   0.000000                      0.0                           
NA_OIII_b_LUM                 41.680022                     0.000000                      0.0                           
NA_OIII_b_NPIX                52.000000                     0.000000                      0.0                           
NA_OIII_b_SNR                 9.316901                      0.000000                      0.0                           
NA_OIII_b_VOFF                -102.628862                   0.000000                      1.0                           
NA_OIII_b_W80                 2136.749401                   0.000000                      0.0                           
NA_OIII_b_W80_CORR            2110.613444                   0.000000                      0.0                           
NA_OII_AMP                    36.012714                     0.000000                      1.0                           
NA_OII_DISP                   1278.628467                   0.000000                      1.0                           
NA_OII_DISP_CORR              1266.677680                   0.000000                      1.0                           
NA_OII_DISP_RES               174.408750                    nan                           nan                           
NA_OII_EW                     33.469855                     0.000000                      0.0                           
NA_OII_FLUX                   -13.773077                    0.000000                      0.0                           
NA_OII_FWHM                   3011.161559                   0.000000                      0.0                           
NA_OII_FWHM_CORR              2983.022178                   0.000000                      0.0                           
NA_OII_LUM                    42.159177                     0.000000                      0.0                           
NA_OII_NPIX                   90.000000                     0.000000                      0.0                           
NA_OII_SNR                    24.059808                     0.000000                      0.0                           
NA_OII_VOFF                   0.360682                      0.000000                      1.0                           
NA_OII_W80                    3353.554153                   0.000000                      0.0                           
NA_OII_W80_CORR               3323.534815                   0.000000                      0.0                           
NA_OPT_FEII_AMP               12.890365                     0.000000                      1.0                           
NA_OPT_FEII_DISP              10.030143                     0.000000                      1.0                           
NA_OPT_FEII_TEMPLATE_EW       22.840414                     0.000000                      1.0                           
NA_OPT_FEII_TEMPLATE_FLUX     -14.134840                    0.000000                      1.0                           
NA_OPT_FEII_TEMPLATE_LUM      41.797413                     0.000000                      1.0                           
NA_OPT_FEII_VOFF              0.582256                      0.000000                      1.0                           
NA_SII_6716_AMP               5.708683                      0.000000                      1.0                           
NA_SII_6716_DISP              814.940950                    0.000000                      1.0                           
NA_SII_6716_DISP_CORR         809.176720                    0.000000                      1.0                           
NA_SII_6716_DISP_RES          96.756334                     nan                           nan                           
NA_SII_6716_EW                14.231195                     0.000000                      0.0                           
NA_SII_6716_FLUX              -14.512879                    0.000000                      0.0                           
NA_SII_6716_FWHM              1919.346240                   0.000000                      0.0                           
NA_SII_6716_FWHM_CORR         1905.774933                   0.000000                      0.0                           
NA_SII_6716_LUM               41.419375                     0.000000                      0.0                           
NA_SII_6716_NPIX              42.000000                     0.000000                      0.0                           
NA_SII_6716_SNR               3.813761                      0.000000                      0.0                           
NA_SII_6716_VOFF              -102.628862                   0.000000                      1.0                           
NA_SII_6716_W80               2137.484051                   0.000000                      0.0                           
NA_SII_6716_W80_CORR          2123.004632                   0.000000                      0.0                           
NA_SII_6731_AMP               1.639068                      0.000000                      1.0                           
NA_SII_6731_DISP              814.940950                    0.000000                      1.0                           
NA_SII_6731_DISP_CORR         809.201404                    0.000000                      1.0                           
NA_SII_6731_DISP_RES          96.549676                     nan                           nan                           
NA_SII_6731_EW                4.099357                      0.000000                      0.0                           
NA_SII_6731_FLUX              -15.053894                    0.000000                      0.0                           
NA_SII_6731_FWHM              1920.413562                   0.000000                      0.0                           
NA_SII_6731_FWHM_CORR         1906.907935                   0.000000                      0.0                           
NA_SII_6731_LUM               40.878359                     0.000000                      0.0                           
NA_SII_6731_NPIX              20.000000                     0.000000                      0.0                           
NA_SII_6731_SNR               1.094362                      0.000000                      0.0                           
NA_SII_6731_VOFF              -102.628862                   0.000000                      1.0                           
NA_SII_6731_W80               2136.850043                   0.000000                      0.0                           
NA_SII_6731_W80_CORR          2122.428313                   0.000000                      0.0                           
POWER_AMP                     36.653216                     0.000000                      1.0                           
POWER_SLOPE                   0.117594                      0.000000                      1.0                           
RCHI_SQUARED                  26.935233                     0.000000                      0.0                           
R_SQUARED                     0.922397                      0.000000                      0.0                           
NOISE_STD                     1.339121                                                                                  
RESID_STD                     11.942365                                                                                 
--------------------------------------------------------------------------------------
 - Done fitting 2-onur! 

End process memory: 0.26077184                    
