<IPython.core.display.HTML object>
/app/BADASS3/example_spectra/2-onur
/app/BADASS3/example_spectra/2-onur/my_sdss.fits
0.3479999899864197
Start process memory: 0.22056960                    
 Folder has not been created.  Creating MCMC_output folder...

 > Starting fit for 2-onur

 Input fitting region exceeds available wavelength range.  BADASS will adjust your fitting range automatically...
		- Input fitting range: (2900, 8000)
		- Available wavelength range: (2967, 7418)
		- New fitting region is (2967, 7419). 


 Input spectrum is not linearly binned. BADASS will linearly rebin and conserve flux...


-----------------------------------------------------------
 file:                        my_sdss.fits                  
 redshift:                    0.34800                       
 fitting region:              (2967,7419) [A]               
 velocity scale:              74.08 [km/s/pixel]            
 Galactic E(B-V):             0.190                         
 Flux Normalization:          1e-17                         
 Fit Normalization:           9.94065                       
-----------------------------------------------------------
	- Fitting additive legendre polynomial component.
	- Fitting Simple AGN power-law continuum.
	- Fitting broad and narrow optical FeII using Veron-Cetty et al. (2004) optical FeII templates
	 		* varying optical FeII amplitudes
	 		* varying optical FeII dispersion.
	 		* varying optical FeII voff
	- Fitting UV iron emission using Vestergaard & Wilkes (2001) UV iron template
	 		* varying UV iron amplitudes
	 		* varying UV iron dispersion.
	- Fitting Balmer Continuum
	 		* varying Balmer amplitude

 Warning! Peak finding algorithm used for initial guesses of amplitude and velocity failed! Defaulting to user-defined locations...

 Warning! Peak finding algorithm used for initial guesses of amplitude and velocity failed! Defaulting to user-defined locations...

 Performing line testing for [['NA_OIII_b', 'NA_OIII_a', 'NA_H_BETA', 'NA_H_ALPHA']]
----------------------------------------------------------------------------------------------------

 Performing test of NCOMP 0 versus NCOMP 1 for ['NA_OIII_b', 'NA_OIII_a', 'NA_H_BETA', 'NA_H_ALPHA']...

	 Fitting NCOMP 0
-------------------------------------------------------


APOLY_COEFF_1
	 init = 0.0
	 plim = (-100.0, 100.0)
APOLY_COEFF_2
	 init = 0.0
	 plim = (-100.0, 100.0)
APOLY_COEFF_3
	 init = 0.0
	 plim = (-100.0, 100.0)
APOLY_COEFF_4
	 init = 0.0
	 plim = (-100.0, 100.0)
APOLY_COEFF_5
	 init = 0.0
	 plim = (-100.0, 100.0)
APOLY_COEFF_6
	 init = 0.0
	 plim = (-100.0, 100.0)
APOLY_COEFF_7
	 init = 0.0
	 plim = (-100.0, 100.0)
POWER_AMP
	 init = 0.2479274084849787
	 plim = (0, 1.4999998169955353)
POWER_SLOPE
	 init = -1.0
	 plim = (-6.0, 6.0)
NA_OPT_FEII_AMP
	 init = 0.04958548169699575
	 plim = (0, 1.4999998169955353)
BR_OPT_FEII_AMP
	 init = 0.04958548169699575
	 plim = (0, 1.4999998169955353)
NA_OPT_FEII_DISP
	 init = 10.0
	 plim = (0.1, 500.0)
BR_OPT_FEII_DISP
	 init = 500.0
	 plim = (500.0, 5000.0)
NA_OPT_FEII_VOFF
	 init = 0.0
	 plim = (-500.0, 500.0)
BR_OPT_FEII_VOFF
	 init = 0.0
	 plim = (-500.0, 500.0)
UV_IRON_AMP
	 init = 0.04958548169699575
	 plim = (0, 1.4999998169955353)
UV_IRON_DISP
	 init = 1000.0
	 plim = (100.0, 20000.0)
BALMER_AMP
	 init = 0.04958548169699575
	 plim = (0, 1.4999998169955353)
BR_H_BETA_VOFF
	 init = 0.0
	 plim = (-10000, 10000)
	 prior = {'type': 'gaussian'}
BR_H_BETA_AMP
	 init = 0.6617523719532763
	 plim = (0, 1000)
BR_H_BETA_DISP
	 init = 500.0
	 plim = (0, 1000)
BR_OIII_a_VOFF
	 init = 0.0
	 plim = (-10000, 10000)
	 prior = {'type': 'gaussian'}
BR_OIII_a_AMP
	 init = 0.6377453975020012
	 plim = (0, 1000)
BR_OIII_a_DISP
	 init = 500.0
	 plim = (0, 1000)
BR_OIII_b_VOFF
	 init = 0.0
	 plim = (-10000, 10000)
	 prior = {'type': 'gaussian'}
BR_OIII_b_AMP
	 init = 0.8777015498317587
	 plim = (0, 1000)
BR_OIII_b_DISP
	 init = 500.0
	 plim = (0, 1000)
BR_H_ALPHA_VOFF
	 init = 0.0
	 plim = (-10000, 10000)
	 prior = {'type': 'gaussian'}
BR_H_ALPHA_AMP
	 init = 0.9921278749524814
	 plim = (0, 1000)
BR_H_ALPHA_DISP
	 init = 500.0
	 plim = (0, 1000)


BR_H_BETA
	 center = 4834
	 amp = free
	 disp = free
	 voff = free
	 line_type = br
	 ncomp = 1
	 line_profile = gaussian
	 center_pix = 1975.0580474316384
	 disp_res_ang = 35.913764891247396
	 disp_res_kms = 2227.2808963138514
BR_OIII_a
	 center = 4931
	 amp = free
	 disp = free
	 voff = free
	 line_type = br
	 ncomp = 1
	 line_profile = gaussian
	 center_pix = 2055.456053350012
	 disp_res_ang = 35.913764891247396
	 disp_res_kms = 2183.4670153683146
BR_OIII_b
	 center = 5008.24
	 amp = free
	 disp = free
	 voff = free
	 line_type = br
	 ncomp = 1
	 line_profile = gaussian
	 center_pix = 2118.3529882506477
	 disp_res_ang = 35.913764891247396
	 disp_res_kms = 2149.7923128246966
BR_H_ALPHA
	 center = 6555
	 amp = free
	 disp = free
	 voff = free
	 line_type = br
	 ncomp = 1
	 line_profile = gaussian
	 center_pix = 3207.4978138184815
	 disp_res_ang = 35.913764891247396
	 disp_res_kms = 1642.5134786851502


H_BETA_COMP
	 lines = ['BR_H_BETA']
	 center = 4834
	 center_pix = 1975.0580474316384
	 disp_res_kms = 2227.2808963138514
H_OIII_a_COMP
	 lines = ['BR_OIII_a']
	 center = 4931
	 center_pix = 2055.456053350012
	 disp_res_kms = 2183.4670153683146
H_OIII_b_COMP
	 lines = ['BR_OIII_b']
	 center = 5008.24
	 center_pix = 2118.3529882506477
	 disp_res_kms = 2149.7923128246966
H_ALPHA_COMP
	 lines = ['BR_H_ALPHA']
	 center = 6555
	 center_pix = 3207.4978138184815
	 disp_res_kms = 1642.5134786851502



 Performing max. likelihood fitting.

 Using Basin-hopping algorithm to estimate parameters. niter_success = 25
basinhopping step 0: f 171793
adaptive stepsize: acceptance rate 0.000000 target 0.500000 new stepsize 0.9 old stepsize 1
basinhopping step 1: f 171793 trial_f 915333 accepted 0  lowest_f 171793
adaptive stepsize: acceptance rate 0.000000 target 0.500000 new stepsize 0.81 old stepsize 0.9
basinhopping step 2: f 171793 trial_f 2.76686e+06 accepted 0  lowest_f 171793
adaptive stepsize: acceptance rate 0.000000 target 0.500000 new stepsize 0.729 old stepsize 0.81
basinhopping step 3: f 171793 trial_f 864881 accepted 0  lowest_f 171793
adaptive stepsize: acceptance rate 0.000000 target 0.500000 new stepsize 0.6561 old stepsize 0.729
basinhopping step 4: f 171793 trial_f 1.93909e+06 accepted 0  lowest_f 171793
adaptive stepsize: acceptance rate 0.000000 target 0.500000 new stepsize 0.59049 old stepsize 0.6561
basinhopping step 5: f 171793 trial_f 817212 accepted 0  lowest_f 171793
adaptive stepsize: acceptance rate 0.000000 target 0.500000 new stepsize 0.531441 old stepsize 0.59049
basinhopping step 6: f 171793 trial_f 911174 accepted 0  lowest_f 171793
adaptive stepsize: acceptance rate 0.000000 target 0.500000 new stepsize 0.478297 old stepsize 0.531441
basinhopping step 7: f 171793 trial_f 817286 accepted 0  lowest_f 171793
adaptive stepsize: acceptance rate 0.000000 target 0.500000 new stepsize 0.430467 old stepsize 0.478297
basinhopping step 8: f 171793 trial_f 1.10155e+06 accepted 0  lowest_f 171793
adaptive stepsize: acceptance rate 0.000000 target 0.500000 new stepsize 0.38742 old stepsize 0.430467
basinhopping step 9: f 79105.4 trial_f 79105.4 accepted 1  lowest_f 79105.4
found new global minimum on step 9 with function value 79105.4
adaptive stepsize: acceptance rate 0.100000 target 0.500000 new stepsize 0.348678 old stepsize 0.38742
basinhopping step 10: f 39367.3 trial_f 39367.3 accepted 1  lowest_f 39367.3
found new global minimum on step 10 with function value 39367.3
adaptive stepsize: acceptance rate 0.181818 target 0.500000 new stepsize 0.313811 old stepsize 0.348678
basinhopping step 11: f 39367.3 trial_f 228106 accepted 0  lowest_f 39367.3
adaptive stepsize: acceptance rate 0.166667 target 0.500000 new stepsize 0.28243 old stepsize 0.313811
basinhopping step 12: f 39367.3 trial_f 264036 accepted 0  lowest_f 39367.3
adaptive stepsize: acceptance rate 0.153846 target 0.500000 new stepsize 0.254187 old stepsize 0.28243
basinhopping step 13: f 39367.3 trial_f 177552 accepted 0  lowest_f 39367.3
adaptive stepsize: acceptance rate 0.142857 target 0.500000 new stepsize 0.228768 old stepsize 0.254187
basinhopping step 14: f 39367.3 trial_f 273619 accepted 0  lowest_f 39367.3
adaptive stepsize: acceptance rate 0.133333 target 0.500000 new stepsize 0.205891 old stepsize 0.228768
warning: basinhopping: local minimization failure
basinhopping step 15: f 24986.1 trial_f 24986.1 accepted 1  lowest_f 24986.1
found new global minimum on step 15 with function value 24986.1
adaptive stepsize: acceptance rate 0.187500 target 0.500000 new stepsize 0.185302 old stepsize 0.205891
basinhopping step 16: f 24986.1 trial_f 84453.6 accepted 0  lowest_f 24986.1
adaptive stepsize: acceptance rate 0.176471 target 0.500000 new stepsize 0.166772 old stepsize 0.185302
basinhopping step 17: f 24986.1 trial_f 91212.5 accepted 0  lowest_f 24986.1
adaptive stepsize: acceptance rate 0.166667 target 0.500000 new stepsize 0.150095 old stepsize 0.166772
basinhopping step 18: f 24985.9 trial_f 24985.9 accepted 1  lowest_f 24985.9
found new global minimum on step 18 with function value 24985.9
adaptive stepsize: acceptance rate 0.210526 target 0.500000 new stepsize 0.135085 old stepsize 0.150095
basinhopping step 19: f 24985.9 trial_f 83082.5 accepted 0  lowest_f 24985.9
adaptive stepsize: acceptance rate 0.200000 target 0.500000 new stepsize 0.121577 old stepsize 0.135085
basinhopping step 20: f 24985.9 trial_f 56480.7 accepted 0  lowest_f 24985.9
adaptive stepsize: acceptance rate 0.190476 target 0.500000 new stepsize 0.109419 old stepsize 0.121577
basinhopping step 21: f 24985.9 trial_f 24985.9 accepted 1  lowest_f 24985.9
found new global minimum on step 21 with function value 24985.9
adaptive stepsize: acceptance rate 0.227273 target 0.500000 new stepsize 0.0984771 old stepsize 0.109419
basinhopping step 22: f 24985.9 trial_f 24985.9 accepted 1  lowest_f 24985.9
found new global minimum on step 22 with function value 24985.9
adaptive stepsize: acceptance rate 0.260870 target 0.500000 new stepsize 0.0886294 old stepsize 0.0984771
basinhopping step 23: f 24985.9 trial_f 49251.2 accepted 0  lowest_f 24985.9
adaptive stepsize: acceptance rate 0.250000 target 0.500000 new stepsize 0.0797664 old stepsize 0.0886294
basinhopping step 24: f 24985.9 trial_f 24986.7 accepted 0  lowest_f 24985.9
adaptive stepsize: acceptance rate 0.240000 target 0.500000 new stepsize 0.0717898 old stepsize 0.0797664
basinhopping step 25: f 24985.9 trial_f 43816.4 accepted 0  lowest_f 24985.9
adaptive stepsize: acceptance rate 0.230769 target 0.500000 new stepsize 0.0646108 old stepsize 0.0717898
basinhopping step 26: f 24985.9 trial_f 36974.6 accepted 0  lowest_f 24985.9
adaptive stepsize: acceptance rate 0.222222 target 0.500000 new stepsize 0.0581497 old stepsize 0.0646108
warning: basinhopping: local minimization failure
basinhopping step 27: f 24980.6 trial_f 24980.6 accepted 1  lowest_f 24980.6
found new global minimum on step 27 with function value 24980.6
adaptive stepsize: acceptance rate 0.250000 target 0.500000 new stepsize 0.0523348 old stepsize 0.0581497
basinhopping step 28: f 24980.7 trial_f 24980.7 accepted 1  lowest_f 24980.6
adaptive stepsize: acceptance rate 0.275862 target 0.500000 new stepsize 0.0471013 old stepsize 0.0523348
basinhopping step 29: f 24980.7 trial_f 24980.7 accepted 1  lowest_f 24980.6
adaptive stepsize: acceptance rate 0.300000 target 0.500000 new stepsize 0.0423912 old stepsize 0.0471013
basinhopping step 30: f 24980.7 trial_f 35556.7 accepted 0  lowest_f 24980.6
adaptive stepsize: acceptance rate 0.290323 target 0.500000 new stepsize 0.038152 old stepsize 0.0423912
basinhopping step 31: f 24980.7 trial_f 28193.9 accepted 0  lowest_f 24980.6
adaptive stepsize: acceptance rate 0.281250 target 0.500000 new stepsize 0.0343368 old stepsize 0.038152
basinhopping step 32: f 24980.7 trial_f 24980.7 accepted 1  lowest_f 24980.6
adaptive stepsize: acceptance rate 0.303030 target 0.500000 new stepsize 0.0309032 old stepsize 0.0343368
basinhopping step 33: f 24980.5 trial_f 24980.5 accepted 1  lowest_f 24980.5
found new global minimum on step 33 with function value 24980.5
adaptive stepsize: acceptance rate 0.323529 target 0.500000 new stepsize 0.0278128 old stepsize 0.0309032
basinhopping step 34: f 24980.5 trial_f 24980.5 accepted 1  lowest_f 24980.5
adaptive stepsize: acceptance rate 0.342857 target 0.500000 new stepsize 0.0250316 old stepsize 0.0278128
basinhopping step 35: f 24980.5 trial_f 27946.5 accepted 0  lowest_f 24980.5
adaptive stepsize: acceptance rate 0.333333 target 0.500000 new stepsize 0.0225284 old stepsize 0.0250316
basinhopping step 36: f 24980.5 trial_f 24980.5 accepted 1  lowest_f 24980.5
found new global minimum on step 36 with function value 24980.5
adaptive stepsize: acceptance rate 0.351351 target 0.500000 new stepsize 0.0202756 old stepsize 0.0225284
basinhopping step 37: f 24980.5 trial_f 24980.5 accepted 1  lowest_f 24980.5
adaptive stepsize: acceptance rate 0.368421 target 0.500000 new stepsize 0.018248 old stepsize 0.0202756
basinhopping step 38: f 24980.5 trial_f 24980.5 accepted 1  lowest_f 24980.5
adaptive stepsize: acceptance rate 0.384615 target 0.500000 new stepsize 0.0164232 old stepsize 0.018248
basinhopping step 39: f 24980.5 trial_f 24980.5 accepted 1  lowest_f 24980.5
adaptive stepsize: acceptance rate 0.400000 target 0.500000 new stepsize 0.0147809 old stepsize 0.0164232
basinhopping step 40: f 24980.5 trial_f 24980.5 accepted 1  lowest_f 24980.5
adaptive stepsize: acceptance rate 0.414634 target 0.500000 new stepsize 0.0133028 old stepsize 0.0147809
basinhopping step 41: f 24979.9 trial_f 24979.9 accepted 1  lowest_f 24979.9
found new global minimum on step 41 with function value 24979.9
adaptive stepsize: acceptance rate 0.428571 target 0.500000 new stepsize 0.0119725 old stepsize 0.0133028
basinhopping step 42: f 24979.9 trial_f 24979.9 accepted 1  lowest_f 24979.9
found new global minimum on step 42 with function value 24979.9
adaptive stepsize: acceptance rate 0.441860 target 0.500000 new stepsize 0.0107753 old stepsize 0.0119725
basinhopping step 43: f 24979.9 trial_f 24979.9 accepted 1  lowest_f 24979.9
found new global minimum on step 43 with function value 24979.9
adaptive stepsize: acceptance rate 0.454545 target 0.500000 new stepsize 0.00969774 old stepsize 0.0107753
basinhopping step 44: f 24979.9 trial_f 24979.9 accepted 1  lowest_f 24979.9
found new global minimum on step 44 with function value 24979.9
adaptive stepsize: acceptance rate 0.466667 target 0.500000 new stepsize 0.00872796 old stepsize 0.00969774
basinhopping step 45: f 24979.9 trial_f 24979.9 accepted 1  lowest_f 24979.9
found new global minimum on step 45 with function value 24979.9
adaptive stepsize: acceptance rate 0.478261 target 0.500000 new stepsize 0.00785517 old stepsize 0.00872796
basinhopping step 46: f 24979.9 trial_f 24979.9 accepted 1  lowest_f 24979.9
found new global minimum on step 46 with function value 24979.9
adaptive stepsize: acceptance rate 0.489362 target 0.500000 new stepsize 0.00706965 old stepsize 0.00785517
basinhopping step 47: f 24979.9 trial_f 24979.9 accepted 1  lowest_f 24979.9
found new global minimum on step 47 with function value 24979.9
adaptive stepsize: acceptance rate 0.500000 target 0.500000 new stepsize 0.00636269 old stepsize 0.00706965
basinhopping step 48: f 24979.9 trial_f 24979.9 accepted 1  lowest_f 24979.9
found new global minimum on step 48 with function value 24979.9
adaptive stepsize: acceptance rate 0.510204 target 0.500000 new stepsize 0.00706965 old stepsize 0.00636269
basinhopping step 49: f 24979.9 trial_f 24979.9 accepted 1  lowest_f 24979.9
adaptive stepsize: acceptance rate 0.520000 target 0.500000 new stepsize 0.00785517 old stepsize 0.00706965
basinhopping step 50: f 24979.9 trial_f 24979.9 accepted 1  lowest_f 24979.9
found new global minimum on step 50 with function value 24979.9
adaptive stepsize: acceptance rate 0.529412 target 0.500000 new stepsize 0.00872796 old stepsize 0.00785517
basinhopping step 51: f 24979.9 trial_f 24979.9 accepted 1  lowest_f 24979.9
found new global minimum on step 51 with function value 24979.9
adaptive stepsize: acceptance rate 0.538462 target 0.500000 new stepsize 0.00969774 old stepsize 0.00872796
basinhopping step 52: f 24979.9 trial_f 24979.9 accepted 1  lowest_f 24979.9
found new global minimum on step 52 with function value 24979.9
adaptive stepsize: acceptance rate 0.547170 target 0.500000 new stepsize 0.0107753 old stepsize 0.00969774
basinhopping step 53: f 24979.9 trial_f 24979.9 accepted 1  lowest_f 24979.9
found new global minimum on step 53 with function value 24979.9
adaptive stepsize: acceptance rate 0.555556 target 0.500000 new stepsize 0.0119725 old stepsize 0.0107753
basinhopping step 54: f 24979.9 trial_f 24979.9 accepted 1  lowest_f 24979.9
found new global minimum on step 54 with function value 24979.9
adaptive stepsize: acceptance rate 0.563636 target 0.500000 new stepsize 0.0133028 old stepsize 0.0119725
basinhopping step 55: f 24979.9 trial_f 24979.9 accepted 1  lowest_f 24979.9
found new global minimum on step 55 with function value 24979.9
adaptive stepsize: acceptance rate 0.571429 target 0.500000 new stepsize 0.0147809 old stepsize 0.0133028
basinhopping step 56: f 24979.9 trial_f 24979.9 accepted 1  lowest_f 24979.9
found new global minimum on step 56 with function value 24979.9
adaptive stepsize: acceptance rate 0.578947 target 0.500000 new stepsize 0.0164232 old stepsize 0.0147809
basinhopping step 57: f 24979.9 trial_f 24979.9 accepted 1  lowest_f 24979.9
found new global minimum on step 57 with function value 24979.9
adaptive stepsize: acceptance rate 0.586207 target 0.500000 new stepsize 0.018248 old stepsize 0.0164232
basinhopping step 58: f 24979.9 trial_f 24979.9 accepted 1  lowest_f 24979.9
found new global minimum on step 58 with function value 24979.9
adaptive stepsize: acceptance rate 0.593220 target 0.500000 new stepsize 0.0202756 old stepsize 0.018248
basinhopping step 59: f 24979.9 trial_f 24979.9 accepted 1  lowest_f 24979.9
found new global minimum on step 59 with function value 24979.9
adaptive stepsize: acceptance rate 0.600000 target 0.500000 new stepsize 0.0225284 old stepsize 0.0202756
basinhopping step 60: f 24979.9 trial_f 24979.9 accepted 1  lowest_f 24979.9
adaptive stepsize: acceptance rate 0.606557 target 0.500000 new stepsize 0.0250316 old stepsize 0.0225284
basinhopping step 61: f 24979.9 trial_f 24979.9 accepted 1  lowest_f 24979.9
found new global minimum on step 61 with function value 24979.9
adaptive stepsize: acceptance rate 0.612903 target 0.500000 new stepsize 0.0278128 old stepsize 0.0250316
basinhopping step 62: f 24979.9 trial_f 24979.9 accepted 1  lowest_f 24979.9
found new global minimum on step 62 with function value 24979.9
adaptive stepsize: acceptance rate 0.619048 target 0.500000 new stepsize 0.0309032 old stepsize 0.0278128
basinhopping step 63: f 24979.9 trial_f 24979.9 accepted 1  lowest_f 24979.9
found new global minimum on step 63 with function value 24979.9
adaptive stepsize: acceptance rate 0.625000 target 0.500000 new stepsize 0.0343368 old stepsize 0.0309032
basinhopping step 64: f 24979.9 trial_f 24979.9 accepted 1  lowest_f 24979.9
found new global minimum on step 64 with function value 24979.9
adaptive stepsize: acceptance rate 0.630769 target 0.500000 new stepsize 0.038152 old stepsize 0.0343368
basinhopping step 65: f 24979.9 trial_f 24979.9 accepted 1  lowest_f 24979.9
adaptive stepsize: acceptance rate 0.636364 target 0.500000 new stepsize 0.0423912 old stepsize 0.038152
basinhopping step 66: f 24979.9 trial_f 24979.9 accepted 1  lowest_f 24979.9
found new global minimum on step 66 with function value 24979.9
adaptive stepsize: acceptance rate 0.641791 target 0.500000 new stepsize 0.0471013 old stepsize 0.0423912
basinhopping step 67: f 24979.9 trial_f 24979.9 accepted 1  lowest_f 24979.9
found new global minimum on step 67 with function value 24979.9
adaptive stepsize: acceptance rate 0.647059 target 0.500000 new stepsize 0.0523348 old stepsize 0.0471013
basinhopping step 68: f 24979.9 trial_f 26825.6 accepted 0  lowest_f 24979.9
adaptive stepsize: acceptance rate 0.637681 target 0.500000 new stepsize 0.0581497 old stepsize 0.0523348
basinhopping step 69: f 24979.9 trial_f 24979.9 accepted 1  lowest_f 24979.9
found new global minimum on step 69 with function value 24979.9
adaptive stepsize: acceptance rate 0.642857 target 0.500000 new stepsize 0.0646108 old stepsize 0.0581497
basinhopping step 70: f 24979.9 trial_f 24979.9 accepted 1  lowest_f 24979.9
found new global minimum on step 70 with function value 24979.9
adaptive stepsize: acceptance rate 0.647887 target 0.500000 new stepsize 0.0717898 old stepsize 0.0646108
basinhopping step 71: f 24979.9 trial_f 24979.9 accepted 1  lowest_f 24979.9
adaptive stepsize: acceptance rate 0.652778 target 0.500000 new stepsize 0.0797664 old stepsize 0.0717898
basinhopping step 72: f 24979.9 trial_f 24979.9 accepted 1  lowest_f 24979.9
adaptive stepsize: acceptance rate 0.657534 target 0.500000 new stepsize 0.0886294 old stepsize 0.0797664
basinhopping step 73: f 24979.9 trial_f 46824.9 accepted 0  lowest_f 24979.9
adaptive stepsize: acceptance rate 0.648649 target 0.500000 new stepsize 0.0984771 old stepsize 0.0886294
basinhopping step 74: f 24979.9 trial_f 24979.9 accepted 1  lowest_f 24979.9
adaptive stepsize: acceptance rate 0.653333 target 0.500000 new stepsize 0.109419 old stepsize 0.0984771
basinhopping step 75: f 24979.9 trial_f 24979.9 accepted 1  lowest_f 24979.9
adaptive stepsize: acceptance rate 0.657895 target 0.500000 new stepsize 0.121577 old stepsize 0.109419
basinhopping step 76: f 24979.9 trial_f 60964.5 accepted 0  lowest_f 24979.9
adaptive stepsize: acceptance rate 0.649351 target 0.500000 new stepsize 0.135085 old stepsize 0.121577
basinhopping step 77: f 24979.9 trial_f 168224 accepted 0  lowest_f 24979.9
adaptive stepsize: acceptance rate 0.641026 target 0.500000 new stepsize 0.150095 old stepsize 0.135085
basinhopping step 78: f 24979.9 trial_f 207697 accepted 0  lowest_f 24979.9
adaptive stepsize: acceptance rate 0.632911 target 0.500000 new stepsize 0.166772 old stepsize 0.150095
basinhopping step 79: f 24979.9 trial_f 166982 accepted 0  lowest_f 24979.9
adaptive stepsize: acceptance rate 0.625000 target 0.500000 new stepsize 0.185302 old stepsize 0.166772
basinhopping step 80: f 24979.9 trial_f 177255 accepted 0  lowest_f 24979.9
adaptive stepsize: acceptance rate 0.617284 target 0.500000 new stepsize 0.205891 old stepsize 0.185302
basinhopping step 81: f 24979.9 trial_f 125596 accepted 0  lowest_f 24979.9
adaptive stepsize: acceptance rate 0.609756 target 0.500000 new stepsize 0.228768 old stepsize 0.205891
basinhopping step 82: f 24979.9 trial_f 242650 accepted 0  lowest_f 24979.9
adaptive stepsize: acceptance rate 0.602410 target 0.500000 new stepsize 0.254187 old stepsize 0.228768
basinhopping step 83: f 24979.9 trial_f 206337 accepted 0  lowest_f 24979.9
adaptive stepsize: acceptance rate 0.595238 target 0.500000 new stepsize 0.28243 old stepsize 0.254187
basinhopping step 84: f 24979.9 trial_f 65847.2 accepted 0  lowest_f 24979.9
adaptive stepsize: acceptance rate 0.588235 target 0.500000 new stepsize 0.313811 old stepsize 0.28243
basinhopping step 85: f 24979.9 trial_f 28754 accepted 0  lowest_f 24979.9
adaptive stepsize: acceptance rate 0.581395 target 0.500000 new stepsize 0.348678 old stepsize 0.313811
basinhopping step 86: f 24979.9 trial_f 204825 accepted 0  lowest_f 24979.9
adaptive stepsize: acceptance rate 0.574713 target 0.500000 new stepsize 0.38742 old stepsize 0.348678
basinhopping step 87: f 24979.9 trial_f 243460 accepted 0  lowest_f 24979.9
adaptive stepsize: acceptance rate 0.568182 target 0.500000 new stepsize 0.430467 old stepsize 0.38742
basinhopping step 88: f 24979.9 trial_f 520388 accepted 0  lowest_f 24979.9
adaptive stepsize: acceptance rate 0.561798 target 0.500000 new stepsize 0.478297 old stepsize 0.430467
basinhopping step 89: f 24979.9 trial_f 863595 accepted 0  lowest_f 24979.9
adaptive stepsize: acceptance rate 0.555556 target 0.500000 new stepsize 0.531441 old stepsize 0.478297
basinhopping step 90: f 24979.9 trial_f 1.05192e+06 accepted 0  lowest_f 24979.9
adaptive stepsize: acceptance rate 0.549451 target 0.500000 new stepsize 0.59049 old stepsize 0.531441
basinhopping step 91: f 24979.9 trial_f 1.73906e+06 accepted 0  lowest_f 24979.9
adaptive stepsize: acceptance rate 0.543478 target 0.500000 new stepsize 0.6561 old stepsize 0.59049
basinhopping step 92: f 24979.9 trial_f 1.74735e+06 accepted 0  lowest_f 24979.9
adaptive stepsize: acceptance rate 0.537634 target 0.500000 new stepsize 0.729 old stepsize 0.6561
basinhopping step 93: f 24979.9 trial_f 77375.7 accepted 0  lowest_f 24979.9
adaptive stepsize: acceptance rate 0.531915 target 0.500000 new stepsize 0.81 old stepsize 0.729
basinhopping step 94: f 24979.9 trial_f 6.34693e+06 accepted 0  lowest_f 24979.9
adaptive stepsize: acceptance rate 0.526316 target 0.500000 new stepsize 0.9 old stepsize 0.81
basinhopping step 95: f 24979.9 trial_f 73913.1 accepted 0  lowest_f 24979.9
adaptive stepsize: acceptance rate 0.520833 target 0.500000 new stepsize 1 old stepsize 0.9
basinhopping step 96: f 24979.9 trial_f 1.79172e+06 accepted 0  lowest_f 24979.9

 Reweighting noise to achieve a reduced chi-squared ~ 1.
	Current reduced chi-squared = 10.79087
	New reduced chi-squared = 1.00000


 R-Squared = 0.9589


 reduced Chi-Squared = 10.7909


 Root Mean Squared Error = 1.0141


 Mean Absolute Error = 0.0762


-------------------------------------------------------
	 Fitting NCOMP 1
-------------------------------------------------------
APOLY_COEFF_1
	 init = 0.0
	 plim = (-100.0, 100.0)
APOLY_COEFF_2
	 init = 0.0
	 plim = (-100.0, 100.0)
APOLY_COEFF_3
	 init = 0.0
	 plim = (-100.0, 100.0)
APOLY_COEFF_4
	 init = 0.0
	 plim = (-100.0, 100.0)
APOLY_COEFF_5
	 init = 0.0
	 plim = (-100.0, 100.0)
APOLY_COEFF_6
	 init = 0.0
	 plim = (-100.0, 100.0)
APOLY_COEFF_7
	 init = 0.0
	 plim = (-100.0, 100.0)
POWER_AMP
	 init = 0.2479274084849787
	 plim = (0, 1.4999998169955353)
POWER_SLOPE
	 init = -1.0
	 plim = (-6.0, 6.0)
NA_OPT_FEII_AMP
	 init = 0.04958548169699575
	 plim = (0, 1.4999998169955353)
BR_OPT_FEII_AMP
	 init = 0.04958548169699575
	 plim = (0, 1.4999998169955353)
NA_OPT_FEII_DISP
	 init = 10.0
	 plim = (0.1, 500.0)
BR_OPT_FEII_DISP
	 init = 500.0
	 plim = (500.0, 5000.0)
NA_OPT_FEII_VOFF
	 init = 0.0
	 plim = (-500.0, 500.0)
BR_OPT_FEII_VOFF
	 init = 0.0
	 plim = (-500.0, 500.0)
UV_IRON_AMP
	 init = 0.04958548169699575
	 plim = (0, 1.4999998169955353)
UV_IRON_DISP
	 init = 1000.0
	 plim = (100.0, 20000.0)
BALMER_AMP
	 init = 0.04958548169699575
	 plim = (0, 1.4999998169955353)
NA_H_BETA_VOFF
	 init = 0.0
	 plim = (-1200, 1200)
	 prior = {'type': 'gaussian'}
NA_H_BETA_AMP
	 init = 0.6617523719532763
	 plim = (0, 1000)
NA_H_BETA_DISP
	 init = 10.0
	 plim = (0, 20)
NA_OIII_a_VOFF
	 init = 0.0
	 plim = (-1200, 1200)
	 prior = {'type': 'gaussian'}
NA_OIII_a_AMP
	 init = 0.6377453975020012
	 plim = (0, 1000)
NA_OIII_a_DISP
	 init = 10.0
	 plim = (0, 20)
NA_OIII_b_VOFF
	 init = 0.0
	 plim = (-1200, 1200)
	 prior = {'type': 'gaussian'}
NA_OIII_b_AMP
	 init = 0.8777015498317587
	 plim = (0, 1000)
NA_OIII_b_DISP
	 init = 10.0
	 plim = (0, 20)
NA_H_ALPHA_VOFF
	 init = 0.0
	 plim = (-1200, 1200)
	 prior = {'type': 'gaussian'}
NA_H_ALPHA_AMP
	 init = 0.9921278749524814
	 plim = (0, 1000)
NA_H_ALPHA_DISP
	 init = 10.0
	 plim = (0, 20)
BR_H_BETA_VOFF
	 init = 0.0
	 plim = (-10000, 10000)
	 prior = {'type': 'gaussian'}
BR_H_BETA_AMP
	 init = 0.6617523719532763
	 plim = (0, 1000)
BR_H_BETA_DISP
	 init = 500.0
	 plim = (0, 1000)
BR_OIII_a_VOFF
	 init = 0.0
	 plim = (-10000, 10000)
	 prior = {'type': 'gaussian'}
BR_OIII_a_AMP
	 init = 0.6377453975020012
	 plim = (0, 1000)
BR_OIII_a_DISP
	 init = 500.0
	 plim = (0, 1000)
BR_OIII_b_VOFF
	 init = 0.0
	 plim = (-10000, 10000)
	 prior = {'type': 'gaussian'}
BR_OIII_b_AMP
	 init = 0.8777015498317587
	 plim = (0, 1000)
BR_OIII_b_DISP
	 init = 500.0
	 plim = (0, 1000)
BR_H_ALPHA_VOFF
	 init = 0.0
	 plim = (-10000, 10000)
	 prior = {'type': 'gaussian'}
BR_H_ALPHA_AMP
	 init = 0.9921278749524814
	 plim = (0, 1000)
BR_H_ALPHA_DISP
	 init = 500.0
	 plim = (0, 1000)


NA_H_BETA
	 center = 4834
	 amp = free
	 disp = free
	 voff = free
	 line_type = na
	 label = H$\beta$
	 ncomp = 1
	 line_profile = gaussian
	 center_pix = 1975.0580474316384
	 disp_res_ang = 35.913764891247396
	 disp_res_kms = 2227.2808963138514
NA_OIII_a
	 center = 4931
	 amp = free
	 disp = free
	 voff = free
	 line_type = na
	 label = [OIIIa]
	 ncomp = 1
	 line_profile = gaussian
	 center_pix = 2055.456053350012
	 disp_res_ang = 35.913764891247396
	 disp_res_kms = 2183.4670153683146
NA_OIII_b
	 center = 5008.24
	 amp = free
	 disp = free
	 voff = free
	 line_type = na
	 label = [OIIIb]
	 ncomp = 1
	 line_profile = gaussian
	 center_pix = 2118.3529882506477
	 disp_res_ang = 35.913764891247396
	 disp_res_kms = 2149.7923128246966
NA_H_ALPHA
	 center = 6555
	 amp = free
	 disp = free
	 voff = free
	 line_type = na
	 label = [H$\alpha$]
	 ncomp = 1
	 line_profile = gaussian
	 center_pix = 3207.4978138184815
	 disp_res_ang = 35.913764891247396
	 disp_res_kms = 1642.5134786851502
BR_H_BETA
	 center = 4834
	 amp = free
	 disp = free
	 voff = free
	 line_type = br
	 ncomp = 1
	 line_profile = gaussian
	 center_pix = 1975.0580474316384
	 disp_res_ang = 35.913764891247396
	 disp_res_kms = 2227.2808963138514
BR_OIII_a
	 center = 4931
	 amp = free
	 disp = free
	 voff = free
	 line_type = br
	 ncomp = 1
	 line_profile = gaussian
	 center_pix = 2055.456053350012
	 disp_res_ang = 35.913764891247396
	 disp_res_kms = 2183.4670153683146
BR_OIII_b
	 center = 5008.24
	 amp = free
	 disp = free
	 voff = free
	 line_type = br
	 ncomp = 1
	 line_profile = gaussian
	 center_pix = 2118.3529882506477
	 disp_res_ang = 35.913764891247396
	 disp_res_kms = 2149.7923128246966
BR_H_ALPHA
	 center = 6555
	 amp = free
	 disp = free
	 voff = free
	 line_type = br
	 ncomp = 1
	 line_profile = gaussian
	 center_pix = 3207.4978138184815
	 disp_res_ang = 35.913764891247396
	 disp_res_kms = 1642.5134786851502


H_BETA_COMP
	 lines = ['NA_H_BETA', 'BR_H_BETA']
	 center = 4834
	 center_pix = 1975.0580474316384
	 disp_res_kms = 2227.2808963138514
H_OIII_a_COMP
	 lines = ['NA_OIII_a', 'BR_OIII_a']
	 center = 4931
	 center_pix = 2055.456053350012
	 disp_res_kms = 2183.4670153683146
H_OIII_b_COMP
	 lines = ['NA_OIII_b', 'BR_OIII_b']
	 center = 5008.24
	 center_pix = 2118.3529882506477
	 disp_res_kms = 2149.7923128246966
H_ALPHA_COMP
	 lines = ['NA_H_ALPHA', 'BR_H_ALPHA']
	 center = 6555
	 center_pix = 3207.4978138184815
	 disp_res_kms = 1642.5134786851502



 Performing max. likelihood fitting.

 Using Basin-hopping algorithm to estimate parameters. niter_success = 25
basinhopping step 0: f 171819
 Fit Status: False
 Force threshold: 1.0141
 Lowest RMSE: 0.3804
 Current RMSE: 0.3804
 Accepted count: 1
 Basinhop count: 0


adaptive stepsize: acceptance rate 0.000000 target 0.500000 new stepsize 0.9 old stepsize 1
basinhopping step 1: f 171819 trial_f 1.51075e+06 accepted 0  lowest_f 171819
 Fit Status: False
 Force threshold: 1.0141
 Lowest RMSE: 0.3804
 Current RMSE: 1.2513
 Accepted count: 1
 Basinhop count: 1


adaptive stepsize: acceptance rate 0.000000 target 0.500000 new stepsize 0.81 old stepsize 0.9
basinhopping step 2: f 171819 trial_f 523209 accepted 0  lowest_f 171819
 Fit Status: False
 Force threshold: 1.0141
 Lowest RMSE: 0.3804
 Current RMSE: 0.7225
 Accepted count: 1
 Basinhop count: 2


adaptive stepsize: acceptance rate 0.000000 target 0.500000 new stepsize 0.729 old stepsize 0.81
basinhopping step 3: f 74191.9 trial_f 74191.9 accepted 1  lowest_f 74191.9
found new global minimum on step 3 with function value 74191.9
 Fit Status: False
 Force threshold: 1.0141
 Lowest RMSE: 0.3754
 Current RMSE: 0.3754
 Accepted count: 2
 Basinhop count: 0


adaptive stepsize: acceptance rate 0.250000 target 0.500000 new stepsize 0.6561 old stepsize 0.729
basinhopping step 4: f 74191.9 trial_f 1.60906e+06 accepted 0  lowest_f 74191.9
 Fit Status: False
 Force threshold: 1.0141
 Lowest RMSE: 0.3754
 Current RMSE: 1.1983
 Accepted count: 2
 Basinhop count: 1


adaptive stepsize: acceptance rate 0.200000 target 0.500000 new stepsize 0.59049 old stepsize 0.6561
basinhopping step 5: f 74191.9 trial_f 354226 accepted 0  lowest_f 74191.9
 Fit Status: False
 Force threshold: 1.0141
 Lowest RMSE: 0.3754
 Current RMSE: 0.6535
 Accepted count: 2
 Basinhop count: 2


adaptive stepsize: acceptance rate 0.166667 target 0.500000 new stepsize 0.531441 old stepsize 0.59049
basinhopping step 6: f 74191.9 trial_f 1.03124e+06 accepted 0  lowest_f 74191.9
 Fit Status: False
 Force threshold: 1.0141
 Lowest RMSE: 0.3754
 Current RMSE: 1.0851
 Accepted count: 2
 Basinhop count: 3


adaptive stepsize: acceptance rate 0.142857 target 0.500000 new stepsize 0.478297 old stepsize 0.531441
basinhopping step 7: f 74191.9 trial_f 1.48241e+06 accepted 0  lowest_f 74191.9
 Fit Status: False
 Force threshold: 1.0141
 Lowest RMSE: 0.3754
 Current RMSE: 1.1845
 Accepted count: 2
 Basinhop count: 4


adaptive stepsize: acceptance rate 0.125000 target 0.500000 new stepsize 0.430467 old stepsize 0.478297
basinhopping step 8: f 74191.9 trial_f 1.02734e+06 accepted 0  lowest_f 74191.9
 Fit Status: False
 Force threshold: 1.0141
 Lowest RMSE: 0.3754
 Current RMSE: 1.0394
 Accepted count: 2
 Basinhop count: 5


adaptive stepsize: acceptance rate 0.111111 target 0.500000 new stepsize 0.38742 old stepsize 0.430467
basinhopping step 9: f 74191.9 trial_f 736464 accepted 0  lowest_f 74191.9
 Fit Status: False
 Force threshold: 1.0141
 Lowest RMSE: 0.3754
 Current RMSE: 0.8695
 Accepted count: 2
 Basinhop count: 6


adaptive stepsize: acceptance rate 0.100000 target 0.500000 new stepsize 0.348678 old stepsize 0.38742
basinhopping step 10: f 74191.9 trial_f 1.49802e+06 accepted 0  lowest_f 74191.9
 Fit Status: False
 Force threshold: 1.0141
 Lowest RMSE: 0.3754
 Current RMSE: 1.2164
 Accepted count: 2
 Basinhop count: 7


adaptive stepsize: acceptance rate 0.090909 target 0.500000 new stepsize 0.313811 old stepsize 0.348678
basinhopping step 11: f 51025.9 trial_f 51025.9 accepted 1  lowest_f 51025.9
found new global minimum on step 11 with function value 51025.9
 Fit Status: False
 Force threshold: 1.0141
 Lowest RMSE: 0.3754
 Current RMSE: 0.3936
 Accepted count: 3
 Basinhop count: 0


adaptive stepsize: acceptance rate 0.166667 target 0.500000 new stepsize 0.28243 old stepsize 0.313811
basinhopping step 12: f 51025.9 trial_f 867493 accepted 0  lowest_f 51025.9
 Fit Status: False
 Force threshold: 1.0141
 Lowest RMSE: 0.3754
 Current RMSE: 0.9584
 Accepted count: 3
 Basinhop count: 1


adaptive stepsize: acceptance rate 0.153846 target 0.500000 new stepsize 0.254187 old stepsize 0.28243
basinhopping step 13: f 51025.9 trial_f 749787 accepted 0  lowest_f 51025.9
 Fit Status: False
 Force threshold: 1.0141
 Lowest RMSE: 0.3754
 Current RMSE: 0.8596
 Accepted count: 3
 Basinhop count: 2


adaptive stepsize: acceptance rate 0.142857 target 0.500000 new stepsize 0.228768 old stepsize 0.254187
basinhopping step 14: f 51025.9 trial_f 337698 accepted 0  lowest_f 51025.9
 Fit Status: False
 Force threshold: 1.0141
 Lowest RMSE: 0.3754
 Current RMSE: 0.5848
 Accepted count: 3
 Basinhop count: 3


adaptive stepsize: acceptance rate 0.133333 target 0.500000 new stepsize 0.205891 old stepsize 0.228768
basinhopping step 15: f 51025.9 trial_f 308295 accepted 0  lowest_f 51025.9
 Fit Status: False
 Force threshold: 1.0141
 Lowest RMSE: 0.3754
 Current RMSE: 0.6465
 Accepted count: 3
 Basinhop count: 4


adaptive stepsize: acceptance rate 0.125000 target 0.500000 new stepsize 0.185302 old stepsize 0.205891
warning: basinhopping: local minimization failure
basinhopping step 16: f 25010.4 trial_f 25010.4 accepted 1  lowest_f 25010.4
found new global minimum on step 16 with function value 25010.4
 Fit Status: False
 Force threshold: 1.0141
 Lowest RMSE: 0.3738
 Current RMSE: 0.3738
 Accepted count: 4
 Basinhop count: 0


adaptive stepsize: acceptance rate 0.176471 target 0.500000 new stepsize 0.166772 old stepsize 0.185302
basinhopping step 17: f 25010.4 trial_f 253478 accepted 0  lowest_f 25010.4
 Fit Status: False
 Force threshold: 1.0141
 Lowest RMSE: 0.3738
 Current RMSE: 0.5897
 Accepted count: 4
 Basinhop count: 1


adaptive stepsize: acceptance rate 0.166667 target 0.500000 new stepsize 0.150095 old stepsize 0.166772
basinhopping step 18: f 25010.4 trial_f 25010.4 accepted 1  lowest_f 25010.4
 Fit Status: False
 Force threshold: 1.0141
 Lowest RMSE: 0.3738
 Current RMSE: 0.3908
 Accepted count: 5
 Basinhop count: 2


adaptive stepsize: acceptance rate 0.210526 target 0.500000 new stepsize 0.135085 old stepsize 0.150095
basinhopping step 19: f 25010.4 trial_f 106908 accepted 0  lowest_f 25010.4
 Fit Status: False
 Force threshold: 1.0141
 Lowest RMSE: 0.3738
 Current RMSE: 0.4989
 Accepted count: 5
 Basinhop count: 3


adaptive stepsize: acceptance rate 0.200000 target 0.500000 new stepsize 0.121577 old stepsize 0.135085
basinhopping step 20: f 25010.4 trial_f 31679.9 accepted 0  lowest_f 25010.4
 Fit Status: False
 Force threshold: 1.0141
 Lowest RMSE: 0.3738
 Current RMSE: 0.4135
 Accepted count: 5
 Basinhop count: 4


adaptive stepsize: acceptance rate 0.190476 target 0.500000 new stepsize 0.109419 old stepsize 0.121577
basinhopping step 21: f 25010.4 trial_f 87033.3 accepted 0  lowest_f 25010.4
 Fit Status: False
 Force threshold: 1.0141
 Lowest RMSE: 0.3738
 Current RMSE: 0.4713
 Accepted count: 5
 Basinhop count: 5


adaptive stepsize: acceptance rate 0.181818 target 0.500000 new stepsize 0.0984771 old stepsize 0.109419
basinhopping step 22: f 25010.4 trial_f 25010.4 accepted 1  lowest_f 25010.4
 Fit Status: False
 Force threshold: 1.0141
 Lowest RMSE: 0.3738
 Current RMSE: 0.3900
 Accepted count: 6
 Basinhop count: 6


adaptive stepsize: acceptance rate 0.217391 target 0.500000 new stepsize 0.0886294 old stepsize 0.0984771
basinhopping step 23: f 25010.4 trial_f 25010.4 accepted 1  lowest_f 25010.4
 Fit Status: False
 Force threshold: 1.0141
 Lowest RMSE: 0.3738
 Current RMSE: 0.3899
 Accepted count: 7
 Basinhop count: 7


adaptive stepsize: acceptance rate 0.250000 target 0.500000 new stepsize 0.0797664 old stepsize 0.0886294
basinhopping step 24: f 25010.5 trial_f 25010.5 accepted 1  lowest_f 25010.4
 Fit Status: False
 Force threshold: 1.0141
 Lowest RMSE: 0.3738
 Current RMSE: 0.4029
 Accepted count: 8
 Basinhop count: 8


adaptive stepsize: acceptance rate 0.280000 target 0.500000 new stepsize 0.0717898 old stepsize 0.0797664
basinhopping step 25: f 25010.5 trial_f 30444 accepted 0  lowest_f 25010.4
 Fit Status: False
 Force threshold: 1.0141
 Lowest RMSE: 0.3738
 Current RMSE: 0.4140
 Accepted count: 8
 Basinhop count: 9


adaptive stepsize: acceptance rate 0.269231 target 0.500000 new stepsize 0.0646108 old stepsize 0.0717898
basinhopping step 26: f 25010.5 trial_f 25010.5 accepted 1  lowest_f 25010.4
 Fit Status: False
 Force threshold: 1.0141
 Lowest RMSE: 0.3738
 Current RMSE: 0.4018
 Accepted count: 9
 Basinhop count: 10


adaptive stepsize: acceptance rate 0.296296 target 0.500000 new stepsize 0.0581497 old stepsize 0.0646108
basinhopping step 27: f 25010.5 trial_f 25010.5 accepted 1  lowest_f 25010.4
 Fit Status: False
 Force threshold: 1.0141
 Lowest RMSE: 0.3738
 Current RMSE: 0.4008
 Accepted count: 10
 Basinhop count: 11


adaptive stepsize: acceptance rate 0.321429 target 0.500000 new stepsize 0.0523348 old stepsize 0.0581497
basinhopping step 28: f 25010.5 trial_f 25010.5 accepted 1  lowest_f 25010.4
 Fit Status: False
 Force threshold: 1.0141
 Lowest RMSE: 0.3738
 Current RMSE: 0.4017
 Accepted count: 11
 Basinhop count: 12


adaptive stepsize: acceptance rate 0.344828 target 0.500000 new stepsize 0.0471013 old stepsize 0.0523348
basinhopping step 29: f 25010.5 trial_f 25010.5 accepted 1  lowest_f 25010.4
 Fit Status: False
 Force threshold: 1.0141
 Lowest RMSE: 0.3738
 Current RMSE: 0.4010
 Accepted count: 12
 Basinhop count: 13


adaptive stepsize: acceptance rate 0.366667 target 0.500000 new stepsize 0.0423912 old stepsize 0.0471013
basinhopping step 30: f 25010.1 trial_f 25010.1 accepted 1  lowest_f 25010.1
found new global minimum on step 30 with function value 25010.1
 Fit Status: False
 Force threshold: 1.0141
 Lowest RMSE: 0.2834
 Current RMSE: 0.2834
 Accepted count: 13
 Basinhop count: 0


adaptive stepsize: acceptance rate 0.387097 target 0.500000 new stepsize 0.038152 old stepsize 0.0423912
basinhopping step 31: f 25010.1 trial_f 32079.6 accepted 0  lowest_f 25010.1
 Fit Status: False
 Force threshold: 1.0141
 Lowest RMSE: 0.2834
 Current RMSE: 0.3050
 Accepted count: 13
 Basinhop count: 1


adaptive stepsize: acceptance rate 0.375000 target 0.500000 new stepsize 0.0343368 old stepsize 0.038152
basinhopping step 32: f 25010.1 trial_f 25010.1 accepted 1  lowest_f 25010.1
found new global minimum on step 32 with function value 25010.1
 Fit Status: False
 Force threshold: 1.0141
 Lowest RMSE: 0.2834
 Current RMSE: 0.2850
 Accepted count: 14
 Basinhop count: 0


adaptive stepsize: acceptance rate 0.393939 target 0.500000 new stepsize 0.0309032 old stepsize 0.0343368
basinhopping step 33: f 25009.8 trial_f 25009.8 accepted 1  lowest_f 25009.8
found new global minimum on step 33 with function value 25009.8
 Fit Status: False
 Force threshold: 1.0141
 Lowest RMSE: 0.2346
 Current RMSE: 0.2346
 Accepted count: 15
 Basinhop count: 0


adaptive stepsize: acceptance rate 0.411765 target 0.500000 new stepsize 0.0278128 old stepsize 0.0309032
basinhopping step 34: f 25009.9 trial_f 25009.9 accepted 1  lowest_f 25009.8
 Fit Status: False
 Force threshold: 1.0141
 Lowest RMSE: 0.2346
 Current RMSE: 0.2358
 Accepted count: 16
 Basinhop count: 1


adaptive stepsize: acceptance rate 0.428571 target 0.500000 new stepsize 0.0250316 old stepsize 0.0278128
basinhopping step 35: f 25009.9 trial_f 25009.9 accepted 1  lowest_f 25009.8
 Fit Status: False
 Force threshold: 1.0141
 Lowest RMSE: 0.2346
 Current RMSE: 0.2369
 Accepted count: 17
 Basinhop count: 2


adaptive stepsize: acceptance rate 0.444444 target 0.500000 new stepsize 0.0225284 old stepsize 0.0250316
basinhopping step 36: f 25009.9 trial_f 26594.3 accepted 0  lowest_f 25009.8
 Fit Status: False
 Force threshold: 1.0141
 Lowest RMSE: 0.2346
 Current RMSE: 0.2435
 Accepted count: 17
 Basinhop count: 3


adaptive stepsize: acceptance rate 0.432432 target 0.500000 new stepsize 0.0202756 old stepsize 0.0225284
basinhopping step 37: f 25009.9 trial_f 27398.2 accepted 0  lowest_f 25009.8
 Fit Status: False
 Force threshold: 1.0141
 Lowest RMSE: 0.2346
 Current RMSE: 0.2455
 Accepted count: 17
 Basinhop count: 4


adaptive stepsize: acceptance rate 0.421053 target 0.500000 new stepsize 0.018248 old stepsize 0.0202756
basinhopping step 38: f 25009.9 trial_f 25009.9 accepted 1  lowest_f 25009.8
 Fit Status: False
 Force threshold: 1.0141
 Lowest RMSE: 0.2346
 Current RMSE: 0.2371
 Accepted count: 18
 Basinhop count: 5


adaptive stepsize: acceptance rate 0.435897 target 0.500000 new stepsize 0.0164232 old stepsize 0.018248
basinhopping step 39: f 25009.7 trial_f 25009.7 accepted 1  lowest_f 25009.7
found new global minimum on step 39 with function value 25009.7
 Fit Status: False
 Force threshold: 1.0141
 Lowest RMSE: 0.2280
 Current RMSE: 0.2280
 Accepted count: 19
 Basinhop count: 0


adaptive stepsize: acceptance rate 0.450000 target 0.500000 new stepsize 0.0147809 old stepsize 0.0164232
basinhopping step 40: f 25009.7 trial_f 25009.7 accepted 1  lowest_f 25009.7
found new global minimum on step 40 with function value 25009.7
 Fit Status: False
 Force threshold: 1.0141
 Lowest RMSE: 0.2280
 Current RMSE: 0.2281
 Accepted count: 20
 Basinhop count: 0


adaptive stepsize: acceptance rate 0.463415 target 0.500000 new stepsize 0.0133028 old stepsize 0.0147809
basinhopping step 41: f 25009.7 trial_f 25009.7 accepted 1  lowest_f 25009.7
found new global minimum on step 41 with function value 25009.7
 Fit Status: False
 Force threshold: 1.0141
 Lowest RMSE: 0.2280
 Current RMSE: 0.2281
 Accepted count: 21
 Basinhop count: 0


adaptive stepsize: acceptance rate 0.476190 target 0.500000 new stepsize 0.0119725 old stepsize 0.0133028
basinhopping step 42: f 25009.7 trial_f 25009.7 accepted 1  lowest_f 25009.7
found new global minimum on step 42 with function value 25009.7
 Fit Status: False
 Force threshold: 1.0141
 Lowest RMSE: 0.2280
 Current RMSE: 0.2280
 Accepted count: 22
 Basinhop count: 0


adaptive stepsize: acceptance rate 0.488372 target 0.500000 new stepsize 0.0107753 old stepsize 0.0119725
basinhopping step 43: f 25009.7 trial_f 25009.7 accepted 1  lowest_f 25009.7
found new global minimum on step 43 with function value 25009.7
 Fit Status: False
 Force threshold: 1.0141
 Lowest RMSE: 0.2279
 Current RMSE: 0.2279
 Accepted count: 23
 Basinhop count: 0


adaptive stepsize: acceptance rate 0.500000 target 0.500000 new stepsize 0.00969774 old stepsize 0.0107753
basinhopping step 44: f 25009.7 trial_f 25009.7 accepted 1  lowest_f 25009.7
 Fit Status: False
 Force threshold: 1.0141
 Lowest RMSE: 0.2279
 Current RMSE: 0.2283
 Accepted count: 24
 Basinhop count: 1


adaptive stepsize: acceptance rate 0.511111 target 0.500000 new stepsize 0.0107753 old stepsize 0.00969774
basinhopping step 45: f 25009.7 trial_f 25009.7 accepted 1  lowest_f 25009.7
 Fit Status: False
 Force threshold: 1.0141
 Lowest RMSE: 0.2279
 Current RMSE: 0.2289
 Accepted count: 25
 Basinhop count: 2


adaptive stepsize: acceptance rate 0.521739 target 0.500000 new stepsize 0.0119725 old stepsize 0.0107753
basinhopping step 46: f 25009.7 trial_f 25009.7 accepted 1  lowest_f 25009.7
found new global minimum on step 46 with function value 25009.7
 Fit Status: False
 Force threshold: 1.0141
 Lowest RMSE: 0.2279
 Current RMSE: 0.2279
 Accepted count: 26
 Basinhop count: 0


adaptive stepsize: acceptance rate 0.531915 target 0.500000 new stepsize 0.0133028 old stepsize 0.0119725
basinhopping step 47: f 25009.7 trial_f 26334.1 accepted 0  lowest_f 25009.7
 Fit Status: False
 Force threshold: 1.0141
 Lowest RMSE: 0.2279
 Current RMSE: 0.2327
 Accepted count: 26
 Basinhop count: 1


adaptive stepsize: acceptance rate 0.520833 target 0.500000 new stepsize 0.0147809 old stepsize 0.0133028
basinhopping step 48: f 25009.7 trial_f 25009.7 accepted 1  lowest_f 25009.7
found new global minimum on step 48 with function value 25009.7
 Fit Status: False
 Force threshold: 1.0141
 Lowest RMSE: 0.2279
 Current RMSE: 0.2285
 Accepted count: 27
 Basinhop count: 0


adaptive stepsize: acceptance rate 0.530612 target 0.500000 new stepsize 0.0164232 old stepsize 0.0147809
basinhopping step 49: f 25009.7 trial_f 25009.7 accepted 1  lowest_f 25009.7
found new global minimum on step 49 with function value 25009.7
 Fit Status: False
 Force threshold: 1.0141
 Lowest RMSE: 0.2279
 Current RMSE: 0.2297
 Accepted count: 28
 Basinhop count: 0


adaptive stepsize: acceptance rate 0.540000 target 0.500000 new stepsize 0.018248 old stepsize 0.0164232
basinhopping step 50: f 25009.7 trial_f 27325.7 accepted 0  lowest_f 25009.7
 Fit Status: False
 Force threshold: 1.0141
 Lowest RMSE: 0.2279
 Current RMSE: 0.2368
 Accepted count: 28
 Basinhop count: 1


adaptive stepsize: acceptance rate 0.529412 target 0.500000 new stepsize 0.0202756 old stepsize 0.018248
basinhopping step 51: f 25009.7 trial_f 28150 accepted 0  lowest_f 25009.7
 Fit Status: False
 Force threshold: 1.0141
 Lowest RMSE: 0.2279
 Current RMSE: 0.2386
 Accepted count: 28
 Basinhop count: 2


adaptive stepsize: acceptance rate 0.519231 target 0.500000 new stepsize 0.0225284 old stepsize 0.0202756
basinhopping step 52: f 25009.7 trial_f 25009.7 accepted 1  lowest_f 25009.7
found new global minimum on step 52 with function value 25009.7
 Fit Status: False
 Force threshold: 1.0141
 Lowest RMSE: 0.2279
 Current RMSE: 0.2299
 Accepted count: 29
 Basinhop count: 0


adaptive stepsize: acceptance rate 0.528302 target 0.500000 new stepsize 0.0250316 old stepsize 0.0225284
basinhopping step 53: f 25009.7 trial_f 28010.7 accepted 0  lowest_f 25009.7
 Fit Status: False
 Force threshold: 1.0141
 Lowest RMSE: 0.2279
 Current RMSE: 0.2404
 Accepted count: 29
 Basinhop count: 1


adaptive stepsize: acceptance rate 0.518519 target 0.500000 new stepsize 0.0278128 old stepsize 0.0250316
basinhopping step 54: f 25009.7 trial_f 25009.7 accepted 1  lowest_f 25009.7
 Fit Status: False
 Force threshold: 1.0141
 Lowest RMSE: 0.2279
 Current RMSE: 0.2296
 Accepted count: 30
 Basinhop count: 2


adaptive stepsize: acceptance rate 0.527273 target 0.500000 new stepsize 0.0309032 old stepsize 0.0278128
basinhopping step 55: f 25009.7 trial_f 25009.7 accepted 1  lowest_f 25009.7
found new global minimum on step 55 with function value 25009.7
 Fit Status: False
 Force threshold: 1.0141
 Lowest RMSE: 0.2279
 Current RMSE: 0.2304
 Accepted count: 31
 Basinhop count: 0


adaptive stepsize: acceptance rate 0.535714 target 0.500000 new stepsize 0.0343368 old stepsize 0.0309032
basinhopping step 56: f 25009.7 trial_f 30831.7 accepted 0  lowest_f 25009.7
 Fit Status: False
 Force threshold: 1.0141
 Lowest RMSE: 0.2279
 Current RMSE: 0.2468
 Accepted count: 31
 Basinhop count: 1


adaptive stepsize: acceptance rate 0.526316 target 0.500000 new stepsize 0.038152 old stepsize 0.0343368
basinhopping step 57: f 25009.7 trial_f 25009.7 accepted 1  lowest_f 25009.7
 Fit Status: False
 Force threshold: 1.0141
 Lowest RMSE: 0.2279
 Current RMSE: 0.2333
 Accepted count: 32
 Basinhop count: 2


adaptive stepsize: acceptance rate 0.534483 target 0.500000 new stepsize 0.0423912 old stepsize 0.038152
basinhopping step 58: f 25009.7 trial_f 26788.8 accepted 0  lowest_f 25009.7
 Fit Status: False
 Force threshold: 1.0141
 Lowest RMSE: 0.2279
 Current RMSE: 0.2390
 Accepted count: 32
 Basinhop count: 3


adaptive stepsize: acceptance rate 0.525424 target 0.500000 new stepsize 0.0471013 old stepsize 0.0423912
basinhopping step 59: f 25009.7 trial_f 26923 accepted 0  lowest_f 25009.7
 Fit Status: False
 Force threshold: 1.0141
 Lowest RMSE: 0.2279
 Current RMSE: 0.2411
 Accepted count: 32
 Basinhop count: 4


adaptive stepsize: acceptance rate 0.516667 target 0.500000 new stepsize 0.0523348 old stepsize 0.0471013
basinhopping step 60: f 25009.7 trial_f 28187.5 accepted 0  lowest_f 25009.7
 Fit Status: False
 Force threshold: 1.0141
 Lowest RMSE: 0.2279
 Current RMSE: 0.2454
 Accepted count: 32
 Basinhop count: 5


adaptive stepsize: acceptance rate 0.508197 target 0.500000 new stepsize 0.0581497 old stepsize 0.0523348
basinhopping step 61: f 25009.7 trial_f 25009.7 accepted 1  lowest_f 25009.7
 Fit Status: False
 Force threshold: 1.0141
 Lowest RMSE: 0.2279
 Current RMSE: 0.2333
 Accepted count: 33
 Basinhop count: 6


adaptive stepsize: acceptance rate 0.516129 target 0.500000 new stepsize 0.0646108 old stepsize 0.0581497
basinhopping step 62: f 25009.7 trial_f 63477.5 accepted 0  lowest_f 25009.7
 Fit Status: False
 Force threshold: 1.0141
 Lowest RMSE: 0.2279
 Current RMSE: 0.3015
 Accepted count: 33
 Basinhop count: 7


adaptive stepsize: acceptance rate 0.507937 target 0.500000 new stepsize 0.0717898 old stepsize 0.0646108
basinhopping step 63: f 25009.7 trial_f 25009.7 accepted 1  lowest_f 25009.7
 Fit Status: False
 Force threshold: 1.0141
 Lowest RMSE: 0.2279
 Current RMSE: 0.2341
 Accepted count: 34
 Basinhop count: 8


adaptive stepsize: acceptance rate 0.515625 target 0.500000 new stepsize 0.0797664 old stepsize 0.0717898
basinhopping step 64: f 25009.7 trial_f 41008.3 accepted 0  lowest_f 25009.7
 Fit Status: False
 Force threshold: 1.0141
 Lowest RMSE: 0.2279
 Current RMSE: 0.2675
 Accepted count: 34
 Basinhop count: 9


adaptive stepsize: acceptance rate 0.507692 target 0.500000 new stepsize 0.0886294 old stepsize 0.0797664
basinhopping step 65: f 25009.7 trial_f 42649.9 accepted 0  lowest_f 25009.7
 Fit Status: False
 Force threshold: 1.0141
 Lowest RMSE: 0.2279
 Current RMSE: 0.2638
 Accepted count: 34
 Basinhop count: 10


adaptive stepsize: acceptance rate 0.500000 target 0.500000 new stepsize 0.0797664 old stepsize 0.0886294
basinhopping step 66: f 25009.7 trial_f 39928.4 accepted 0  lowest_f 25009.7
 Fit Status: False
 Force threshold: 1.0141
 Lowest RMSE: 0.2279
 Current RMSE: 0.2687
 Accepted count: 34
 Basinhop count: 11


adaptive stepsize: acceptance rate 0.492537 target 0.500000 new stepsize 0.0717898 old stepsize 0.0797664
basinhopping step 67: f 25009.7 trial_f 44841.1 accepted 0  lowest_f 25009.7
 Fit Status: False
 Force threshold: 1.0141
 Lowest RMSE: 0.2279
 Current RMSE: 0.2778
 Accepted count: 34
 Basinhop count: 12


adaptive stepsize: acceptance rate 0.485294 target 0.500000 new stepsize 0.0646108 old stepsize 0.0717898
basinhopping step 68: f 25009.7 trial_f 49260.3 accepted 0  lowest_f 25009.7
 Fit Status: False
 Force threshold: 1.0141
 Lowest RMSE: 0.2279
 Current RMSE: 0.2994
 Accepted count: 34
 Basinhop count: 13


adaptive stepsize: acceptance rate 0.478261 target 0.500000 new stepsize 0.0581497 old stepsize 0.0646108
basinhopping step 69: f 25009.7 trial_f 25009.7 accepted 1  lowest_f 25009.7
 Fit Status: False
 Force threshold: 1.0141
 Lowest RMSE: 0.2279
 Current RMSE: 0.2344
 Accepted count: 35
 Basinhop count: 14


adaptive stepsize: acceptance rate 0.485714 target 0.500000 new stepsize 0.0523348 old stepsize 0.0581497
basinhopping step 70: f 25009.8 trial_f 25009.8 accepted 1  lowest_f 25009.7
 Fit Status: False
 Force threshold: 1.0141
 Lowest RMSE: 0.2279
 Current RMSE: 0.2354
 Accepted count: 36
 Basinhop count: 15


adaptive stepsize: acceptance rate 0.492958 target 0.500000 new stepsize 0.0471013 old stepsize 0.0523348
basinhopping step 71: f 25009.8 trial_f 30446 accepted 0  lowest_f 25009.7
 Fit Status: False
 Force threshold: 1.0141
 Lowest RMSE: 0.2279
 Current RMSE: 0.2526
 Accepted count: 36
 Basinhop count: 16


adaptive stepsize: acceptance rate 0.486111 target 0.500000 new stepsize 0.0423912 old stepsize 0.0471013
basinhopping step 72: f 25009.8 trial_f 32852.2 accepted 0  lowest_f 25009.7
 Fit Status: False
 Force threshold: 1.0141
 Lowest RMSE: 0.2279
 Current RMSE: 0.2575
 Accepted count: 36
 Basinhop count: 17


adaptive stepsize: acceptance rate 0.479452 target 0.500000 new stepsize 0.038152 old stepsize 0.0423912
basinhopping step 73: f 25009.8 trial_f 35139.9 accepted 0  lowest_f 25009.7
 Fit Status: False
 Force threshold: 1.0141
 Lowest RMSE: 0.2279
 Current RMSE: 0.2661
 Accepted count: 36
 Basinhop count: 18


adaptive stepsize: acceptance rate 0.472973 target 0.500000 new stepsize 0.0343368 old stepsize 0.038152
basinhopping step 74: f 25009.7 trial_f 25009.7 accepted 1  lowest_f 25009.7
 Fit Status: False
 Force threshold: 1.0141
 Lowest RMSE: 0.2279
 Current RMSE: 0.2426
 Accepted count: 37
 Basinhop count: 19


adaptive stepsize: acceptance rate 0.480000 target 0.500000 new stepsize 0.0309032 old stepsize 0.0343368
basinhopping step 75: f 25009.7 trial_f 25009.7 accepted 1  lowest_f 25009.7
 Fit Status: False
 Force threshold: 1.0141
 Lowest RMSE: 0.2279
 Current RMSE: 0.2438
 Accepted count: 38
 Basinhop count: 20


adaptive stepsize: acceptance rate 0.486842 target 0.500000 new stepsize 0.0278128 old stepsize 0.0309032
basinhopping step 76: f 25009.7 trial_f 25009.7 accepted 1  lowest_f 25009.7
 Fit Status: False
 Force threshold: 1.0141
 Lowest RMSE: 0.2279
 Current RMSE: 0.2437
 Accepted count: 39
 Basinhop count: 21


adaptive stepsize: acceptance rate 0.493506 target 0.500000 new stepsize 0.0250316 old stepsize 0.0278128
basinhopping step 77: f 25009.7 trial_f 25009.7 accepted 1  lowest_f 25009.7
 Fit Status: False
 Force threshold: 1.0141
 Lowest RMSE: 0.2279
 Current RMSE: 0.2442
 Accepted count: 40
 Basinhop count: 22


adaptive stepsize: acceptance rate 0.500000 target 0.500000 new stepsize 0.0225284 old stepsize 0.0250316
basinhopping step 78: f 25009.7 trial_f 25009.7 accepted 1  lowest_f 25009.7
 Fit Status: False
 Force threshold: 1.0141
 Lowest RMSE: 0.2279
 Current RMSE: 0.2453
 Accepted count: 41
 Basinhop count: 23


adaptive stepsize: acceptance rate 0.506329 target 0.500000 new stepsize 0.0250316 old stepsize 0.0225284
basinhopping step 79: f 25009.7 trial_f 25009.7 accepted 1  lowest_f 25009.7
 Fit Status: False
 Force threshold: 1.0141
 Lowest RMSE: 0.2279
 Current RMSE: 0.2441
 Accepted count: 42
 Basinhop count: 24


adaptive stepsize: acceptance rate 0.512500 target 0.500000 new stepsize 0.0278128 old stepsize 0.0250316
basinhopping step 80: f 25009.8 trial_f 25009.8 accepted 1  lowest_f 25009.7
 Fit Status: True
 Force threshold: 1.0141
 Lowest RMSE: 0.2279
 Current RMSE: 0.2445
 Accepted count: 43
 Basinhop count: 25



 Reweighting noise to achieve a reduced chi-squared ~ 1.
	Current reduced chi-squared = 13.81112
	New reduced chi-squared = 1.00000


 R-Squared = 0.9484


 reduced Chi-Squared = 13.8111


 Root Mean Squared Error = 0.2279


 Mean Absolute Error = 0.0787


-------------------------------------------------------

 All target metrics achieved for ['NA_OIII_b', 'NA_OIII_a', 'NA_H_BETA', 'NA_H_ALPHA'] line test. 



New Line List:
BR_H_BETA
BR_OIII_a
BR_OIII_b
BR_H_ALPHA


BR_H_BETA
	 center : 4834
	 amp : free
	 disp : free
	 voff : free
	 line_type : br
	 ncomp : 1
	 line_profile : gaussian
	 center_pix : 1975.0580474316384
	 disp_res_ang : 35.913764891247396
	 disp_res_kms : 2227.2808963138514
BR_OIII_a
	 center : 4931
	 amp : free
	 disp : free
	 voff : free
	 line_type : br
	 ncomp : 1
	 line_profile : gaussian
	 center_pix : 2055.456053350012
	 disp_res_ang : 35.913764891247396
	 disp_res_kms : 2183.4670153683146
BR_OIII_b
	 center : 5008.24
	 amp : free
	 disp : free
	 voff : free
	 line_type : br
	 ncomp : 1
	 line_profile : gaussian
	 center_pix : 2118.3529882506477
	 disp_res_ang : 35.913764891247396
	 disp_res_kms : 2149.7923128246966
BR_H_ALPHA
	 center : 6555
	 amp : free
	 disp : free
	 voff : free
	 line_type : br
	 ncomp : 1
	 line_profile : gaussian
	 center_pix : 3207.4978138184815
	 disp_res_ang : 35.913764891247396
	 disp_res_kms : 1642.5134786851502

 Test Results:
+-------------------------------------------------------+---------+---------+-------+--------+------------+---------+-----------+--------+-------------+
|                          TEST                         | NCOMP_A | NCOMP_B | ANOVA | BADASS | CHI2_RATIO | F_RATIO | SSR_RATIO |  AON   | TARGET_RMSE |
+-------------------------------------------------------+---------+---------+-------+--------+------------+---------+-----------+--------+-------------+
| ['NA_OIII_b', 'NA_OIII_a', 'NA_H_BETA', 'NA_H_ALPHA'] |   0.0   |   1.0   |  0.0  |  0.0   |  -0.0963   |  0.9994 |   0.9988  | 8.1284 |    0.2279   |
+-------------------------------------------------------+---------+---------+-------+--------+------------+---------+-----------+--------+-------------+
 - Line testing complete for 2-onur! 

----------------------------------------------------------------------------------------------------

 Initializing parameters...
----------------------------------------------------------------------------------------------------
	- Fitting additive legendre polynomial component.
	- Fitting Simple AGN power-law continuum.
	- Fitting broad and narrow optical FeII using Veron-Cetty et al. (2004) optical FeII templates
	 		* varying optical FeII amplitudes
	 		* varying optical FeII dispersion.
	 		* varying optical FeII voff
	- Fitting UV iron emission using Vestergaard & Wilkes (2001) UV iron template
	 		* varying UV iron amplitudes
	 		* varying UV iron dispersion.
	- Fitting Balmer Continuum
	 		* varying Balmer amplitude

 Warning! Peak finding algorithm used for initial guesses of amplitude and velocity failed! Defaulting to user-defined locations...

 Warning! Peak finding algorithm used for initial guesses of amplitude and velocity failed! Defaulting to user-defined locations...

----------------------------------------------------------------------------------------------------------------------------------------

----------------------------------------------------------------------------------------------------------------------------------------

 Line List:

----------------------------------------------------------------------------------------------------------------------------------------
BR_H_ALPHA                                                                                
                              amp                           free                          
                              center                        6555                          
                              center_pix                    3207.4978138184815            
                              disp                          free                          
                              disp_res_ang                  35.913764891247396            
                              disp_res_kms                  1642.5134786851502            
                              line_profile                  gaussian                      
                              line_type                     br                            
                              ncomp                         1                             
                              voff                          free                          
BR_H_BETA                                                                                 
                              amp                           free                          
                              center                        4834                          
                              center_pix                    1975.0580474316384            
                              disp                          free                          
                              disp_res_ang                  35.913764891247396            
                              disp_res_kms                  2227.2808963138514            
                              line_profile                  gaussian                      
                              line_type                     br                            
                              ncomp                         1                             
                              voff                          free                          
BR_OIII_a                                                                                 
                              amp                           free                          
                              center                        4931                          
                              center_pix                    2055.456053350012             
                              disp                          free                          
                              disp_res_ang                  35.913764891247396            
                              disp_res_kms                  2183.4670153683146            
                              line_profile                  gaussian                      
                              line_type                     br                            
                              ncomp                         1                             
                              voff                          free                          
BR_OIII_b                                                                                 
                              amp                           free                          
                              center                        5008.24                       
                              center_pix                    2118.3529882506477            
                              disp                          free                          
                              disp_res_ang                  35.913764891247396            
                              disp_res_kms                  2149.7923128246966            
                              line_profile                  gaussian                      
                              line_type                     br                            
                              ncomp                         1                             
                              voff                          free                          

----------------------------------------------------------------------------------------------------------------------------------------

 Number of Free Line Parameters: 12

----------------------------------------------------------------------------------------------------------------------------------------

 All Free Parameters:

----------------------------------------------------------------------------------------------------------------------------------------
APOLY_COEFF_1                                                                             
                              init                          0.0                           
                              plim                          (-100.0, 100.0)               
APOLY_COEFF_2                                                                             
                              init                          0.0                           
                              plim                          (-100.0, 100.0)               
APOLY_COEFF_3                                                                             
                              init                          0.0                           
                              plim                          (-100.0, 100.0)               
APOLY_COEFF_4                                                                             
                              init                          0.0                           
                              plim                          (-100.0, 100.0)               
APOLY_COEFF_5                                                                             
                              init                          0.0                           
                              plim                          (-100.0, 100.0)               
APOLY_COEFF_6                                                                             
                              init                          0.0                           
                              plim                          (-100.0, 100.0)               
APOLY_COEFF_7                                                                             
                              init                          0.0                           
                              plim                          (-100.0, 100.0)               
BALMER_AMP                                                                                
                              init                          0.04958548169699575           
                              plim                          (0, 1.4999998169955353)       
BR_H_ALPHA_AMP                                                                            
                              init                          0.9921278749524814            
                              plim                          (0, 1000)                     
BR_H_ALPHA_DISP                                                                           
                              init                          500.0                         
                              plim                          (0, 1000)                     
BR_H_ALPHA_VOFF                                                                           
                              init                          0.0                           
                              plim                          (-10000, 10000)               
                              prior                         {'type': 'gaussian'}          
BR_H_BETA_AMP                                                                             
                              init                          0.6617523719532763            
                              plim                          (0, 1000)                     
BR_H_BETA_DISP                                                                            
                              init                          500.0                         
                              plim                          (0, 1000)                     
BR_H_BETA_VOFF                                                                            
                              init                          0.0                           
                              plim                          (-10000, 10000)               
                              prior                         {'type': 'gaussian'}          
BR_OIII_a_AMP                                                                             
                              init                          0.6377453975020012            
                              plim                          (0, 1000)                     
BR_OIII_a_DISP                                                                            
                              init                          500.0                         
                              plim                          (0, 1000)                     
BR_OIII_a_VOFF                                                                            
                              init                          0.0                           
                              plim                          (-10000, 10000)               
                              prior                         {'type': 'gaussian'}          
BR_OIII_b_AMP                                                                             
                              init                          0.8777015498317587            
                              plim                          (0, 1000)                     
BR_OIII_b_DISP                                                                            
                              init                          500.0                         
                              plim                          (0, 1000)                     
BR_OIII_b_VOFF                                                                            
                              init                          0.0                           
                              plim                          (-10000, 10000)               
                              prior                         {'type': 'gaussian'}          
BR_OPT_FEII_AMP                                                                           
                              init                          0.04958548169699575           
                              plim                          (0, 1.4999998169955353)       
BR_OPT_FEII_DISP                                                                          
                              init                          500.0                         
                              plim                          (500.0, 5000.0)               
BR_OPT_FEII_VOFF                                                                          
                              init                          0.0                           
                              plim                          (-500.0, 500.0)               
NA_OPT_FEII_AMP                                                                           
                              init                          0.04958548169699575           
                              plim                          (0, 1.4999998169955353)       
NA_OPT_FEII_DISP                                                                          
                              init                          10.0                          
                              plim                          (0.1, 500.0)                  
NA_OPT_FEII_VOFF                                                                          
                              init                          0.0                           
                              plim                          (-500.0, 500.0)               
POWER_AMP                                                                                 
                              init                          0.2479274084849787            
                              plim                          (0, 1.4999998169955353)       
POWER_SLOPE                                                                               
                              init                          -1.0                          
                              plim                          (-6.0, 6.0)                   
UV_IRON_AMP                                                                               
                              init                          0.04958548169699575           
                              plim                          (0, 1.4999998169955353)       
UV_IRON_DISP                                                                              
                              init                          1000.0                        
                              plim                          (100.0, 20000.0)              

----------------------------------------------------------------------------------------------------------------------------------------

 Total number of free parameters: 30

----------------------------------------------------------------------------------------------------------------------------------------

 Soft Constraints:


----------------------------------------------------------------------------------------------------------------------------------------

----------------------------------------------------------------------------------------------------------------------------------------

 Performing max. likelihood fitting.

 Using Basin-hopping algorithm to estimate parameters. niter_success = 25
basinhopping step 0: f 171793
adaptive stepsize: acceptance rate 0.000000 target 0.500000 new stepsize 0.9 old stepsize 1
basinhopping step 1: f 171793 trial_f 2.26898e+06 accepted 0  lowest_f 171793
adaptive stepsize: acceptance rate 0.000000 target 0.500000 new stepsize 0.81 old stepsize 0.9
basinhopping step 2: f 171793 trial_f 1.3944e+06 accepted 0  lowest_f 171793
adaptive stepsize: acceptance rate 0.000000 target 0.500000 new stepsize 0.729 old stepsize 0.81
basinhopping step 3: f 171793 trial_f 2.42065e+06 accepted 0  lowest_f 171793
adaptive stepsize: acceptance rate 0.000000 target 0.500000 new stepsize 0.6561 old stepsize 0.729
basinhopping step 4: f 171793 trial_f 1.81987e+06 accepted 0  lowest_f 171793
adaptive stepsize: acceptance rate 0.000000 target 0.500000 new stepsize 0.59049 old stepsize 0.6561
warning: basinhopping: local minimization failure
basinhopping step 5: f 24984.9 trial_f 24984.9 accepted 1  lowest_f 24984.9
found new global minimum on step 5 with function value 24984.9
adaptive stepsize: acceptance rate 0.166667 target 0.500000 new stepsize 0.531441 old stepsize 0.59049
basinhopping step 6: f 24984.9 trial_f 130395 accepted 0  lowest_f 24984.9
adaptive stepsize: acceptance rate 0.142857 target 0.500000 new stepsize 0.478297 old stepsize 0.531441
basinhopping step 7: f 24984.9 trial_f 168639 accepted 0  lowest_f 24984.9
adaptive stepsize: acceptance rate 0.125000 target 0.500000 new stepsize 0.430467 old stepsize 0.478297
basinhopping step 8: f 24984.9 trial_f 444277 accepted 0  lowest_f 24984.9
adaptive stepsize: acceptance rate 0.111111 target 0.500000 new stepsize 0.38742 old stepsize 0.430467
basinhopping step 9: f 24984.9 trial_f 526963 accepted 0  lowest_f 24984.9
adaptive stepsize: acceptance rate 0.100000 target 0.500000 new stepsize 0.348678 old stepsize 0.38742
basinhopping step 10: f 24984.9 trial_f 275294 accepted 0  lowest_f 24984.9
adaptive stepsize: acceptance rate 0.090909 target 0.500000 new stepsize 0.313811 old stepsize 0.348678
basinhopping step 11: f 24984.9 trial_f 108206 accepted 0  lowest_f 24984.9
adaptive stepsize: acceptance rate 0.083333 target 0.500000 new stepsize 0.28243 old stepsize 0.313811
basinhopping step 12: f 24984.9 trial_f 25014.5 accepted 0  lowest_f 24984.9
adaptive stepsize: acceptance rate 0.076923 target 0.500000 new stepsize 0.254187 old stepsize 0.28243
basinhopping step 13: f 24984.9 trial_f 63857.8 accepted 0  lowest_f 24984.9
adaptive stepsize: acceptance rate 0.071429 target 0.500000 new stepsize 0.228768 old stepsize 0.254187
basinhopping step 14: f 24984.9 trial_f 71568.3 accepted 0  lowest_f 24984.9
adaptive stepsize: acceptance rate 0.066667 target 0.500000 new stepsize 0.205891 old stepsize 0.228768
basinhopping step 15: f 24984.9 trial_f 56460.2 accepted 0  lowest_f 24984.9
adaptive stepsize: acceptance rate 0.062500 target 0.500000 new stepsize 0.185302 old stepsize 0.205891
basinhopping step 16: f 24984.9 trial_f 89486.7 accepted 0  lowest_f 24984.9
adaptive stepsize: acceptance rate 0.058824 target 0.500000 new stepsize 0.166772 old stepsize 0.185302
basinhopping step 17: f 24984.9 trial_f 81148.1 accepted 0  lowest_f 24984.9
adaptive stepsize: acceptance rate 0.055556 target 0.500000 new stepsize 0.150095 old stepsize 0.166772
basinhopping step 18: f 24984.9 trial_f 24985 accepted 0  lowest_f 24984.9
adaptive stepsize: acceptance rate 0.052632 target 0.500000 new stepsize 0.135085 old stepsize 0.150095
basinhopping step 19: f 24984.9 trial_f 24984.9 accepted 1  lowest_f 24984.9
adaptive stepsize: acceptance rate 0.100000 target 0.500000 new stepsize 0.121577 old stepsize 0.135085
basinhopping step 20: f 24984.9 trial_f 37956.4 accepted 0  lowest_f 24984.9
adaptive stepsize: acceptance rate 0.095238 target 0.500000 new stepsize 0.109419 old stepsize 0.121577
basinhopping step 21: f 24984.9 trial_f 49009.1 accepted 0  lowest_f 24984.9
adaptive stepsize: acceptance rate 0.090909 target 0.500000 new stepsize 0.0984771 old stepsize 0.109419
basinhopping step 22: f 24984.9 trial_f 33237.4 accepted 0  lowest_f 24984.9
adaptive stepsize: acceptance rate 0.086957 target 0.500000 new stepsize 0.0886294 old stepsize 0.0984771
basinhopping step 23: f 24984.9 trial_f 24984.9 accepted 1  lowest_f 24984.9
adaptive stepsize: acceptance rate 0.125000 target 0.500000 new stepsize 0.0797664 old stepsize 0.0886294
basinhopping step 24: f 24984.9 trial_f 33173.3 accepted 0  lowest_f 24984.9
adaptive stepsize: acceptance rate 0.120000 target 0.500000 new stepsize 0.0717898 old stepsize 0.0797664
basinhopping step 25: f 24984.9 trial_f 33691.7 accepted 0  lowest_f 24984.9
adaptive stepsize: acceptance rate 0.115385 target 0.500000 new stepsize 0.0646108 old stepsize 0.0717898
basinhopping step 26: f 24984.9 trial_f 27773.2 accepted 0  lowest_f 24984.9
adaptive stepsize: acceptance rate 0.111111 target 0.500000 new stepsize 0.0581497 old stepsize 0.0646108
basinhopping step 27: f 24984.9 trial_f 24984.9 accepted 1  lowest_f 24984.9
adaptive stepsize: acceptance rate 0.142857 target 0.500000 new stepsize 0.0523348 old stepsize 0.0581497
basinhopping step 28: f 24984.9 trial_f 24984.9 accepted 1  lowest_f 24984.9
adaptive stepsize: acceptance rate 0.172414 target 0.500000 new stepsize 0.0471013 old stepsize 0.0523348
basinhopping step 29: f 24984.4 trial_f 24984.4 accepted 1  lowest_f 24984.4
found new global minimum on step 29 with function value 24984.4
adaptive stepsize: acceptance rate 0.200000 target 0.500000 new stepsize 0.0423912 old stepsize 0.0471013
basinhopping step 30: f 24984.4 trial_f 24984.4 accepted 1  lowest_f 24984.4
found new global minimum on step 30 with function value 24984.4
adaptive stepsize: acceptance rate 0.225806 target 0.500000 new stepsize 0.038152 old stepsize 0.0423912
basinhopping step 31: f 24984.4 trial_f 24984.4 accepted 1  lowest_f 24984.4
found new global minimum on step 31 with function value 24984.4
adaptive stepsize: acceptance rate 0.250000 target 0.500000 new stepsize 0.0343368 old stepsize 0.038152
basinhopping step 32: f 24984.3 trial_f 24984.3 accepted 1  lowest_f 24984.3
found new global minimum on step 32 with function value 24984.3
adaptive stepsize: acceptance rate 0.272727 target 0.500000 new stepsize 0.0309032 old stepsize 0.0343368
basinhopping step 33: f 24984.3 trial_f 24984.3 accepted 1  lowest_f 24984.3
found new global minimum on step 33 with function value 24984.3
adaptive stepsize: acceptance rate 0.294118 target 0.500000 new stepsize 0.0278128 old stepsize 0.0309032
basinhopping step 34: f 24984.3 trial_f 24984.3 accepted 1  lowest_f 24984.3
found new global minimum on step 34 with function value 24984.3
adaptive stepsize: acceptance rate 0.314286 target 0.500000 new stepsize 0.0250316 old stepsize 0.0278128
basinhopping step 35: f 24984.3 trial_f 24984.3 accepted 1  lowest_f 24984.3
adaptive stepsize: acceptance rate 0.333333 target 0.500000 new stepsize 0.0225284 old stepsize 0.0250316
basinhopping step 36: f 24984.3 trial_f 27188.5 accepted 0  lowest_f 24984.3
adaptive stepsize: acceptance rate 0.324324 target 0.500000 new stepsize 0.0202756 old stepsize 0.0225284
basinhopping step 37: f 24984.3 trial_f 24984.3 accepted 1  lowest_f 24984.3
adaptive stepsize: acceptance rate 0.342105 target 0.500000 new stepsize 0.018248 old stepsize 0.0202756
basinhopping step 38: f 24984.1 trial_f 24984.1 accepted 1  lowest_f 24984.1
found new global minimum on step 38 with function value 24984.1
adaptive stepsize: acceptance rate 0.358974 target 0.500000 new stepsize 0.0164232 old stepsize 0.018248
basinhopping step 39: f 24983.9 trial_f 24983.9 accepted 1  lowest_f 24983.9
found new global minimum on step 39 with function value 24983.9
adaptive stepsize: acceptance rate 0.375000 target 0.500000 new stepsize 0.0147809 old stepsize 0.0164232
basinhopping step 40: f 24983.9 trial_f 24983.9 accepted 1  lowest_f 24983.9
adaptive stepsize: acceptance rate 0.390244 target 0.500000 new stepsize 0.0133028 old stepsize 0.0147809
basinhopping step 41: f 24983.9 trial_f 24983.9 accepted 1  lowest_f 24983.9
found new global minimum on step 41 with function value 24983.9
adaptive stepsize: acceptance rate 0.404762 target 0.500000 new stepsize 0.0119725 old stepsize 0.0133028
basinhopping step 42: f 24983.9 trial_f 24983.9 accepted 1  lowest_f 24983.9
adaptive stepsize: acceptance rate 0.418605 target 0.500000 new stepsize 0.0107753 old stepsize 0.0119725
basinhopping step 43: f 24983.9 trial_f 24983.9 accepted 1  lowest_f 24983.9
found new global minimum on step 43 with function value 24983.9
adaptive stepsize: acceptance rate 0.431818 target 0.500000 new stepsize 0.00969774 old stepsize 0.0107753
basinhopping step 44: f 24983.9 trial_f 24983.9 accepted 1  lowest_f 24983.9
found new global minimum on step 44 with function value 24983.9
adaptive stepsize: acceptance rate 0.444444 target 0.500000 new stepsize 0.00872796 old stepsize 0.00969774
basinhopping step 45: f 24983.9 trial_f 24983.9 accepted 1  lowest_f 24983.9
found new global minimum on step 45 with function value 24983.9
adaptive stepsize: acceptance rate 0.456522 target 0.500000 new stepsize 0.00785517 old stepsize 0.00872796
basinhopping step 46: f 24983.9 trial_f 24983.9 accepted 1  lowest_f 24983.9
adaptive stepsize: acceptance rate 0.468085 target 0.500000 new stepsize 0.00706965 old stepsize 0.00785517
basinhopping step 47: f 24983.9 trial_f 24983.9 accepted 1  lowest_f 24983.9
adaptive stepsize: acceptance rate 0.479167 target 0.500000 new stepsize 0.00636269 old stepsize 0.00706965
basinhopping step 48: f 24983.9 trial_f 24983.9 accepted 1  lowest_f 24983.9
adaptive stepsize: acceptance rate 0.489796 target 0.500000 new stepsize 0.00572642 old stepsize 0.00636269
basinhopping step 49: f 24983.9 trial_f 24983.9 accepted 1  lowest_f 24983.9
found new global minimum on step 49 with function value 24983.9
adaptive stepsize: acceptance rate 0.500000 target 0.500000 new stepsize 0.00515378 old stepsize 0.00572642
basinhopping step 50: f 24983.9 trial_f 24983.9 accepted 1  lowest_f 24983.9
found new global minimum on step 50 with function value 24983.9
adaptive stepsize: acceptance rate 0.509804 target 0.500000 new stepsize 0.00572642 old stepsize 0.00515378
basinhopping step 51: f 24983.9 trial_f 24983.9 accepted 1  lowest_f 24983.9
adaptive stepsize: acceptance rate 0.519231 target 0.500000 new stepsize 0.00636269 old stepsize 0.00572642
basinhopping step 52: f 24981.5 trial_f 24981.5 accepted 1  lowest_f 24981.5
found new global minimum on step 52 with function value 24981.5
adaptive stepsize: acceptance rate 0.528302 target 0.500000 new stepsize 0.00706965 old stepsize 0.00636269
basinhopping step 53: f 24981.5 trial_f 24981.5 accepted 1  lowest_f 24981.5
found new global minimum on step 53 with function value 24981.5
adaptive stepsize: acceptance rate 0.537037 target 0.500000 new stepsize 0.00785517 old stepsize 0.00706965
basinhopping step 54: f 24981.5 trial_f 24981.5 accepted 1  lowest_f 24981.5
found new global minimum on step 54 with function value 24981.5
adaptive stepsize: acceptance rate 0.545455 target 0.500000 new stepsize 0.00872796 old stepsize 0.00785517
basinhopping step 55: f 24981.5 trial_f 24981.5 accepted 1  lowest_f 24981.5
found new global minimum on step 55 with function value 24981.5
adaptive stepsize: acceptance rate 0.553571 target 0.500000 new stepsize 0.00969774 old stepsize 0.00872796
basinhopping step 56: f 24981.5 trial_f 24981.5 accepted 1  lowest_f 24981.5
found new global minimum on step 56 with function value 24981.5
adaptive stepsize: acceptance rate 0.561404 target 0.500000 new stepsize 0.0107753 old stepsize 0.00969774
basinhopping step 57: f 24981.5 trial_f 24981.5 accepted 1  lowest_f 24981.5
found new global minimum on step 57 with function value 24981.5
adaptive stepsize: acceptance rate 0.568966 target 0.500000 new stepsize 0.0119725 old stepsize 0.0107753
basinhopping step 58: f 24981.5 trial_f 24981.5 accepted 1  lowest_f 24981.5
found new global minimum on step 58 with function value 24981.5
adaptive stepsize: acceptance rate 0.576271 target 0.500000 new stepsize 0.0133028 old stepsize 0.0119725
basinhopping step 59: f 24981.5 trial_f 24981.5 accepted 1  lowest_f 24981.5
adaptive stepsize: acceptance rate 0.583333 target 0.500000 new stepsize 0.0147809 old stepsize 0.0133028
basinhopping step 60: f 24981.5 trial_f 24981.5 accepted 1  lowest_f 24981.5
found new global minimum on step 60 with function value 24981.5
adaptive stepsize: acceptance rate 0.590164 target 0.500000 new stepsize 0.0164232 old stepsize 0.0147809
basinhopping step 61: f 24981.4 trial_f 24981.4 accepted 1  lowest_f 24981.4
found new global minimum on step 61 with function value 24981.4
adaptive stepsize: acceptance rate 0.596774 target 0.500000 new stepsize 0.018248 old stepsize 0.0164232
basinhopping step 62: f 24981.4 trial_f 24981.4 accepted 1  lowest_f 24981.4
found new global minimum on step 62 with function value 24981.4
adaptive stepsize: acceptance rate 0.603175 target 0.500000 new stepsize 0.0202756 old stepsize 0.018248
basinhopping step 63: f 24981.4 trial_f 24981.4 accepted 1  lowest_f 24981.4
adaptive stepsize: acceptance rate 0.609375 target 0.500000 new stepsize 0.0225284 old stepsize 0.0202756
basinhopping step 64: f 24981.2 trial_f 24981.2 accepted 1  lowest_f 24981.2
found new global minimum on step 64 with function value 24981.2
adaptive stepsize: acceptance rate 0.615385 target 0.500000 new stepsize 0.0250316 old stepsize 0.0225284
basinhopping step 65: f 24981.3 trial_f 24981.3 accepted 1  lowest_f 24981.2
adaptive stepsize: acceptance rate 0.621212 target 0.500000 new stepsize 0.0278128 old stepsize 0.0250316
basinhopping step 66: f 24981.3 trial_f 29369.1 accepted 0  lowest_f 24981.2
adaptive stepsize: acceptance rate 0.611940 target 0.500000 new stepsize 0.0309032 old stepsize 0.0278128
basinhopping step 67: f 24981.3 trial_f 24981.3 accepted 1  lowest_f 24981.2
adaptive stepsize: acceptance rate 0.617647 target 0.500000 new stepsize 0.0343368 old stepsize 0.0309032
basinhopping step 68: f 24981.3 trial_f 32129 accepted 0  lowest_f 24981.2
adaptive stepsize: acceptance rate 0.608696 target 0.500000 new stepsize 0.038152 old stepsize 0.0343368
basinhopping step 69: f 24981.3 trial_f 24981.3 accepted 1  lowest_f 24981.2
adaptive stepsize: acceptance rate 0.614286 target 0.500000 new stepsize 0.0423912 old stepsize 0.038152
basinhopping step 70: f 24981.3 trial_f 27412 accepted 0  lowest_f 24981.2
adaptive stepsize: acceptance rate 0.605634 target 0.500000 new stepsize 0.0471013 old stepsize 0.0423912
basinhopping step 71: f 24981.3 trial_f 28155.1 accepted 0  lowest_f 24981.2
adaptive stepsize: acceptance rate 0.597222 target 0.500000 new stepsize 0.0523348 old stepsize 0.0471013
basinhopping step 72: f 24981.2 trial_f 24981.2 accepted 1  lowest_f 24981.2
adaptive stepsize: acceptance rate 0.602740 target 0.500000 new stepsize 0.0581497 old stepsize 0.0523348
basinhopping step 73: f 24981.2 trial_f 29067.4 accepted 0  lowest_f 24981.2
adaptive stepsize: acceptance rate 0.594595 target 0.500000 new stepsize 0.0646108 old stepsize 0.0581497
basinhopping step 74: f 24981.2 trial_f 24981.2 accepted 1  lowest_f 24981.2
found new global minimum on step 74 with function value 24981.2
adaptive stepsize: acceptance rate 0.600000 target 0.500000 new stepsize 0.0717898 old stepsize 0.0646108
basinhopping step 75: f 24981.2 trial_f 59860 accepted 0  lowest_f 24981.2
adaptive stepsize: acceptance rate 0.592105 target 0.500000 new stepsize 0.0797664 old stepsize 0.0717898
basinhopping step 76: f 24981.2 trial_f 24981.2 accepted 1  lowest_f 24981.2
found new global minimum on step 76 with function value 24981.2
adaptive stepsize: acceptance rate 0.597403 target 0.500000 new stepsize 0.0886294 old stepsize 0.0797664
basinhopping step 77: f 24981.2 trial_f 71852.1 accepted 0  lowest_f 24981.2
adaptive stepsize: acceptance rate 0.589744 target 0.500000 new stepsize 0.0984771 old stepsize 0.0886294
basinhopping step 78: f 24981.2 trial_f 33741.2 accepted 0  lowest_f 24981.2
adaptive stepsize: acceptance rate 0.582278 target 0.500000 new stepsize 0.109419 old stepsize 0.0984771
basinhopping step 79: f 24981.2 trial_f 45535.5 accepted 0  lowest_f 24981.2
adaptive stepsize: acceptance rate 0.575000 target 0.500000 new stepsize 0.121577 old stepsize 0.109419
basinhopping step 80: f 24981.2 trial_f 158685 accepted 0  lowest_f 24981.2
adaptive stepsize: acceptance rate 0.567901 target 0.500000 new stepsize 0.135085 old stepsize 0.121577
basinhopping step 81: f 24981.2 trial_f 92409.1 accepted 0  lowest_f 24981.2
adaptive stepsize: acceptance rate 0.560976 target 0.500000 new stepsize 0.150095 old stepsize 0.135085
basinhopping step 82: f 24981.2 trial_f 165466 accepted 0  lowest_f 24981.2
adaptive stepsize: acceptance rate 0.554217 target 0.500000 new stepsize 0.166772 old stepsize 0.150095
basinhopping step 83: f 24981.2 trial_f 107909 accepted 0  lowest_f 24981.2
adaptive stepsize: acceptance rate 0.547619 target 0.500000 new stepsize 0.185302 old stepsize 0.166772
basinhopping step 84: f 24981.2 trial_f 48695.8 accepted 0  lowest_f 24981.2
adaptive stepsize: acceptance rate 0.541176 target 0.500000 new stepsize 0.205891 old stepsize 0.185302
basinhopping step 85: f 24981.2 trial_f 257436 accepted 0  lowest_f 24981.2
adaptive stepsize: acceptance rate 0.534884 target 0.500000 new stepsize 0.228768 old stepsize 0.205891
basinhopping step 86: f 24981.2 trial_f 367841 accepted 0  lowest_f 24981.2
adaptive stepsize: acceptance rate 0.528736 target 0.500000 new stepsize 0.254187 old stepsize 0.228768
basinhopping step 87: f 24981.2 trial_f 236764 accepted 0  lowest_f 24981.2
adaptive stepsize: acceptance rate 0.522727 target 0.500000 new stepsize 0.28243 old stepsize 0.254187
basinhopping step 88: f 24981.2 trial_f 919591 accepted 0  lowest_f 24981.2
adaptive stepsize: acceptance rate 0.516854 target 0.500000 new stepsize 0.313811 old stepsize 0.28243
basinhopping step 89: f 24981.2 trial_f 1.40649e+06 accepted 0  lowest_f 24981.2
adaptive stepsize: acceptance rate 0.511111 target 0.500000 new stepsize 0.348678 old stepsize 0.313811
basinhopping step 90: f 24981.2 trial_f 81505.4 accepted 0  lowest_f 24981.2
adaptive stepsize: acceptance rate 0.505495 target 0.500000 new stepsize 0.38742 old stepsize 0.348678
basinhopping step 91: f 24981.2 trial_f 296617 accepted 0  lowest_f 24981.2
adaptive stepsize: acceptance rate 0.500000 target 0.500000 new stepsize 0.348678 old stepsize 0.38742
basinhopping step 92: f 24981.2 trial_f 356374 accepted 0  lowest_f 24981.2
adaptive stepsize: acceptance rate 0.494624 target 0.500000 new stepsize 0.313811 old stepsize 0.348678
basinhopping step 93: f 24981.2 trial_f 1.13252e+06 accepted 0  lowest_f 24981.2
adaptive stepsize: acceptance rate 0.489362 target 0.500000 new stepsize 0.28243 old stepsize 0.313811
basinhopping step 94: f 24981.2 trial_f 287575 accepted 0  lowest_f 24981.2
adaptive stepsize: acceptance rate 0.484211 target 0.500000 new stepsize 0.254187 old stepsize 0.28243
basinhopping step 95: f 24981.2 trial_f 96704.2 accepted 0  lowest_f 24981.2
adaptive stepsize: acceptance rate 0.479167 target 0.500000 new stepsize 0.228768 old stepsize 0.254187
basinhopping step 96: f 24981.2 trial_f 67564.1 accepted 0  lowest_f 24981.2
adaptive stepsize: acceptance rate 0.474227 target 0.500000 new stepsize 0.205891 old stepsize 0.228768
basinhopping step 97: f 24981.2 trial_f 511644 accepted 0  lowest_f 24981.2
adaptive stepsize: acceptance rate 0.469388 target 0.500000 new stepsize 0.185302 old stepsize 0.205891
basinhopping step 98: f 24981.2 trial_f 345137 accepted 0  lowest_f 24981.2
adaptive stepsize: acceptance rate 0.464646 target 0.500000 new stepsize 0.166772 old stepsize 0.185302
basinhopping step 99: f 24981.2 trial_f 155497 accepted 0  lowest_f 24981.2
adaptive stepsize: acceptance rate 0.460000 target 0.500000 new stepsize 0.150095 old stepsize 0.166772
basinhopping step 100: f 24981.2 trial_f 78908.7 accepted 0  lowest_f 24981.2
adaptive stepsize: acceptance rate 0.455446 target 0.500000 new stepsize 0.135085 old stepsize 0.150095
basinhopping step 101: f 24981.2 trial_f 75990.8 accepted 0  lowest_f 24981.2
adaptive stepsize: acceptance rate 0.450980 target 0.500000 new stepsize 0.121577 old stepsize 0.135085
basinhopping step 102: f 24981.2 trial_f 121307 accepted 0  lowest_f 24981.2

 Reweighting noise to achieve a reduced chi-squared ~ 1.
	Current reduced chi-squared = 13.63750
	New reduced chi-squared = 1.00000

 Performing Monte Carlo bootstrapping...
	   Completed 1 of 50 iterations.
	   Completed 2 of 50 iterations.
	   Completed 3 of 50 iterations.
	   Completed 4 of 50 iterations.
	   Completed 5 of 50 iterations.
	   Completed 6 of 50 iterations.
	   Completed 7 of 50 iterations.
	   Completed 8 of 50 iterations.
	   Completed 9 of 50 iterations.
	   Completed 10 of 50 iterations.
	   Completed 11 of 50 iterations.
	   Completed 12 of 50 iterations.
	   Completed 13 of 50 iterations.
	   Completed 14 of 50 iterations.
	   Completed 15 of 50 iterations.
	   Completed 16 of 50 iterations.
	   Completed 17 of 50 iterations.
	   Completed 18 of 50 iterations.
	   Completed 19 of 50 iterations.
	   Completed 20 of 50 iterations.
	   Completed 21 of 50 iterations.
	   Completed 22 of 50 iterations.
	   Completed 23 of 50 iterations.
	   Completed 24 of 50 iterations.
	   Completed 25 of 50 iterations.
	   Completed 26 of 50 iterations.
	   Completed 27 of 50 iterations.
	   Completed 28 of 50 iterations.
	   Completed 29 of 50 iterations.
	   Completed 30 of 50 iterations.
	   Completed 31 of 50 iterations.
	   Completed 32 of 50 iterations.
	   Completed 33 of 50 iterations.
	   Completed 34 of 50 iterations.
	   Completed 35 of 50 iterations.
	   Completed 36 of 50 iterations.
	   Completed 37 of 50 iterations.
	   Completed 38 of 50 iterations.
	   Completed 39 of 50 iterations.
	   Completed 40 of 50 iterations.
	   Completed 41 of 50 iterations.
	   Completed 42 of 50 iterations.
	   Completed 43 of 50 iterations.
	   Completed 44 of 50 iterations.
	   Completed 45 of 50 iterations.
	   Completed 46 of 50 iterations.
	   Completed 47 of 50 iterations.
	   Completed 48 of 50 iterations.
	   Completed 49 of 50 iterations.
	   Completed 50 of 50 iterations.

 Maximum Likelihood Best-fit Parameters:
--------------------------------------------------------------------------------------

Parameter                     Best-fit Value                +/- 1-sigma                   Flag                          
--------------------------------------------------------------------------------------
AGN_FRAC_4000                 1.000000                      0.000000                      1.0                           
AGN_FRAC_7000                 1.000000                      0.000000                      1.0                           
APOLY_COEFF_1                 0.194952                      0.120615                      0.0                           
APOLY_COEFF_2                 -0.068895                     0.085487                      0.0                           
APOLY_COEFF_3                 0.016372                      0.032047                      0.0                           
APOLY_COEFF_4                 0.004661                      0.010688                      0.0                           
APOLY_COEFF_5                 -0.018379                     0.005495                      0.0                           
APOLY_COEFF_6                 -0.025807                     0.004464                      0.0                           
APOLY_COEFF_7                 0.013345                      0.005455                      0.0                           
BALMER_AMP                    0.000000                      0.000000                      1.0                           
BR_H_ALPHA_AMP                0.997927                      76.872687                     1.0                           
BR_H_ALPHA_DISP               987.934446                    176.070770                    1.0                           
BR_H_ALPHA_DISP_CORR          0.000000                      176.070770                    1.0                           
BR_H_ALPHA_DISP_RES           1642.513479                   nan                           nan                           
BR_H_ALPHA_EW                 19.187961                     390.960305                    1.0                           
BR_H_ALPHA_FLUX               -15.137541                    0.464744                      0.0                           
BR_H_ALPHA_FWHM               2327.543006                   414.306378                    0.0                           
BR_H_ALPHA_FWHM_CORR          0.000000                      414.306378                    0.0                           
BR_H_ALPHA_LUM                41.472248                     0.464744                      0.0                           
BR_H_ALPHA_NPIX               0.000000                      14.866832                     0.0                           
BR_H_ALPHA_SNR                1.312757                      100.914643                    0.0                           
BR_H_ALPHA_VOFF               68.219301                     224.681065                    0.0                           
BR_H_ALPHA_W80                2591.687692                   461.711795                    0.0                           
BR_H_ALPHA_W80_CORR           0.000000                      461.711795                    0.0                           
BR_H_BETA_AMP                 4.226624                      9.979757                      1.0                           
BR_H_BETA_DISP                577.138413                    102.421689                    0.0                           
BR_H_BETA_DISP_CORR           0.000000                      102.421689                    0.0                           
BR_H_BETA_DISP_RES            2227.280896                   nan                           nan                           
BR_H_BETA_EW                  28.880695                     40.747934                     1.0                           
BR_H_BETA_FLUX                -14.876340                    0.322240                      0.0                           
BR_H_BETA_FWHM                1359.706420                   240.962094                    0.0                           
BR_H_BETA_FWHM_CORR           0.000000                      240.962094                    0.0                           
BR_H_BETA_LUM                 41.733449                     0.322240                      0.0                           
BR_H_BETA_NPIX                27.000000                     6.706628                      0.0                           
BR_H_BETA_SNR                 5.561311                      13.131805                     0.0                           
BR_H_BETA_VOFF                83.120733                     265.805525                    0.0                           
BR_H_BETA_W80                 1514.709465                   268.261878                    0.0                           
BR_H_BETA_W80_CORR            0.000000                      268.261878                    0.0                           
BR_OIII_a_AMP                 18.235500                     2218.873793                   1.0                           
BR_OIII_a_DISP                304.206662                    94.539448                     0.0                           
BR_OIII_a_DISP_CORR           0.000000                      94.539448                     0.0                           
BR_OIII_a_DISP_RES            2183.467015                   nan                           nan                           
BR_OIII_a_EW                  68.486803                     3860.348784                   1.0                           
BR_OIII_a_FLUX                -14.511002                    1.142645                      0.0                           
BR_OIII_a_FWHM                720.020615                    219.041181                    0.0                           
BR_OIII_a_FWHM_CORR           0.000000                      219.041181                    0.0                           
BR_OIII_a_LUM                 42.098786                     1.142645                      0.0                           
BR_OIII_a_NPIX                20.000000                     5.554802                      0.0                           
BR_OIII_a_SNR                 23.896224                     2410.148209                   0.0                           
BR_OIII_a_VOFF                11.932053                     259.556707                    0.0                           
BR_OIII_a_W80                 799.958571                    245.633653                    0.0                           
BR_OIII_a_W80_CORR            0.000000                      245.633653                    0.0                           
BR_OIII_b_AMP                 17.212258                     850.684493                    1.0                           
BR_OIII_b_DISP                614.430134                    133.941009                    0.0                           
BR_OIII_b_DISP_CORR           0.000000                      133.941009                    0.0                           
BR_OIII_b_DISP_RES            2149.792313                   nan                           nan                           
BR_OIII_b_EW                  135.161946                    2359.883372                   1.0                           
BR_OIII_b_FLUX                -14.223817                    0.612565                      0.0                           
BR_OIII_b_FWHM                1449.235949                   315.340673                    0.0                           
BR_OIII_b_FWHM_CORR           0.000000                      315.340673                    0.0                           
BR_OIII_b_LUM                 42.385972                     0.612565                      0.0                           
BR_OIII_b_NPIX                40.000000                     6.676233                      0.0                           
BR_OIII_b_SNR                 22.616309                     1117.958314                   0.0                           
BR_OIII_b_VOFF                157.289797                    248.350904                    0.0                           
BR_OIII_b_W80                 1612.787583                   350.813174                    0.0                           
BR_OIII_b_W80_CORR            0.000000                      350.813174                    0.0                           
BR_OPT_FEII_AMP               2.793659                      1.831612                      0.0                           
BR_OPT_FEII_DISP              503.022382                    65.545287                     1.0                           
BR_OPT_FEII_TEMPLATE_EW       28.914427                     19.180219                     0.0                           
BR_OPT_FEII_TEMPLATE_FLUX     -14.891542                    1.617299                      0.0                           
BR_OPT_FEII_TEMPLATE_LUM      41.718247                     1.617299                      0.0                           
BR_OPT_FEII_VOFF              373.381597                    40.281476                     0.0                           
HOST_FRAC_4000                -0.070245                     0.026953                      1.0                           
HOST_FRAC_7000                0.382319                      0.171751                      0.0                           
H_ALPHA_COMP_DISP             987.915675                    176.063033                    0.0                           
H_ALPHA_COMP_DISP_CORR        0.000000                      176.063033                    0.0                           
H_ALPHA_COMP_DISP_RES         1642.513479                   nan                           nan                           
H_ALPHA_COMP_EW               19.187961                     390.960305                    1.0                           
H_ALPHA_COMP_FLUX             -15.137541                    0.464744                      0.0                           
H_ALPHA_COMP_FWHM             2327.543006                   414.306378                    0.0                           
H_ALPHA_COMP_FWHM_CORR        0.000000                      414.306378                    0.0                           
H_ALPHA_COMP_LUM              41.472248                     0.464744                      0.0                           
H_ALPHA_COMP_NPIX             0.000000                      14.866832                     0.0                           
H_ALPHA_COMP_SNR              0.000000                      61.563351                     0.0                           
H_ALPHA_COMP_VOFF             68.219529                     224.681107                    0.0                           
H_ALPHA_COMP_W80              2591.687692                   461.711795                    0.0                           
H_ALPHA_COMP_W80_CORR         0.000000                      461.711795                    0.0                           
H_BETA_COMP_DISP              577.135389                    102.420240                    0.0                           
H_BETA_COMP_DISP_CORR         0.000000                      102.420240                    0.0                           
H_BETA_COMP_DISP_RES          2227.280896                   nan                           nan                           
H_BETA_COMP_EW                28.880695                     40.747934                     1.0                           
H_BETA_COMP_FLUX              -14.876340                    0.322240                      0.0                           
H_BETA_COMP_FWHM              1359.706420                   240.962094                    0.0                           
H_BETA_COMP_FWHM_CORR         0.000000                      240.962094                    0.0                           
H_BETA_COMP_LUM               41.733449                     0.322240                      0.0                           
H_BETA_COMP_NPIX              27.000000                     6.706628                      0.0                           
H_BETA_COMP_SNR               3.997042                      9.411210                      0.0                           
H_BETA_COMP_VOFF              83.120591                     265.805471                    0.0                           
H_BETA_COMP_W80               1514.709465                   268.261878                    0.0                           
H_BETA_COMP_W80_CORR          0.000000                      268.261878                    0.0                           
H_OIII_a_COMP_DISP            304.206301                    89.027849                     0.0                           
H_OIII_a_COMP_DISP_CORR       0.000000                      89.027849                     0.0                           
H_OIII_a_COMP_DISP_RES        2183.467015                   nan                           nan                           
H_OIII_a_COMP_EW              68.486803                     3860.348784                   1.0                           
H_OIII_a_COMP_FLUX            -14.511002                    1.142645                      0.0                           
H_OIII_a_COMP_FWHM            720.020615                    219.041181                    0.0                           
H_OIII_a_COMP_FWHM_CORR       0.000000                      219.041181                    0.0                           
H_OIII_a_COMP_LUM             42.098786                     1.142645                      0.0                           
H_OIII_a_COMP_NPIX            20.000000                     5.554802                      0.0                           
H_OIII_a_COMP_SNR             17.680403                     1780.458796                   0.0                           
H_OIII_a_COMP_VOFF            11.932033                     250.345464                    0.0                           
H_OIII_a_COMP_W80             799.958571                    245.633653                    0.0                           
H_OIII_a_COMP_W80_CORR        0.000000                      245.633653                    0.0                           
H_OIII_b_COMP_DISP            614.429143                    133.940329                    0.0                           
H_OIII_b_COMP_DISP_CORR       0.000000                      133.940329                    0.0                           
H_OIII_b_COMP_DISP_RES        2149.792313                   nan                           nan                           
H_OIII_b_COMP_EW              135.161946                    2359.883372                   1.0                           
H_OIII_b_COMP_FLUX            -14.223817                    0.612565                      0.0                           
H_OIII_b_COMP_FWHM            1449.235949                   315.340673                    0.0                           
H_OIII_b_COMP_FWHM_CORR       0.000000                      315.340673                    0.0                           
H_OIII_b_COMP_LUM             42.385972                     0.612565                      0.0                           
H_OIII_b_COMP_NPIX            40.000000                     6.676233                      0.0                           
H_OIII_b_COMP_SNR             13.430026                     658.479299                    0.0                           
H_OIII_b_COMP_VOFF            157.289802                    248.350873                    0.0                           
H_OIII_b_COMP_W80             1612.787583                   350.813174                    0.0                           
H_OIII_b_COMP_W80_CORR        0.000000                      350.813174                    0.0                           
LOG_LIKE                      24981.220627                  1543.353986                   0.0                           
L_CONT_AGN_3000               43.885440                     0.008580                      0.0                           
L_CONT_AGN_5100               43.953809                     0.004595                      0.0                           
L_CONT_HOST_3000              0.000000                      0.000000                      1.0                           
L_CONT_HOST_5100              43.073053                     0.233533                      0.0                           
L_CONT_TOT_3000               43.885440                     0.008580                      0.0                           
L_CONT_TOT_5100               43.953809                     0.004595                      0.0                           
NA_OPT_FEII_AMP               0.000000                      0.640989                      1.0                           
NA_OPT_FEII_DISP              10.110695                     0.637797                      0.0                           
NA_OPT_FEII_TEMPLATE_EW       0.000000                      9.042549                      1.0                           
NA_OPT_FEII_TEMPLATE_FLUX     -27.609913                    0.000000                      1.0                           
NA_OPT_FEII_TEMPLATE_LUM      28.999875                     0.000000                      1.0                           
NA_OPT_FEII_VOFF              -0.078919                     42.666664                     0.0                           
POWER_AMP                     3.650543                      0.522252                      0.0                           
POWER_SLOPE                   -1.643973                     0.699185                      0.0                           
RCHI_SQUARED                  1.000000                      16484.654037                  0.0                           
R_SQUARED                     0.946446                      809.722399                    0.0                           
UV_IRON_AMP                   0.291533                      0.227388                      0.0                           
UV_IRON_DISP                  704.648838                    136.998703                    0.0                           
UV_IRON_TEMPLATE_EW           2.867560                      2.227826                      0.0                           
UV_IRON_TEMPLATE_FLUX         -15.744666                    0.000000                      1.0                           
UV_IRON_TEMPLATE_LUM          40.865123                     0.000000                      1.0                           
NOISE_STD                     0.743476                                                                                  
RESID_STD                     0.298490                                                                                  
--------------------------------------------------------------------------------------

 Reweighting noise to achieve a reduced chi-squared ~ 1.
	Current reduced chi-squared = 13.63750
	New reduced chi-squared = 1.00000

 Initializing parameters for MCMC.
----------------------------------------------------------------------------------------------------
	- Fitting additive legendre polynomial component.
	- Fitting Simple AGN power-law continuum.
	- Fitting broad and narrow optical FeII using Veron-Cetty et al. (2004) optical FeII templates
	 		* varying optical FeII amplitudes
	 		* varying optical FeII dispersion.
	 		* varying optical FeII voff
	- Fitting UV iron emission using Vestergaard & Wilkes (2001) UV iron template
	 		* varying UV iron amplitudes
	 		* varying UV iron dispersion.
	- Fitting Balmer Continuum
	 		* varying Balmer amplitude

 Warning! Peak finding algorithm used for initial guesses of amplitude and velocity failed! Defaulting to user-defined locations...

 Warning! Peak finding algorithm used for initial guesses of amplitude and velocity failed! Defaulting to user-defined locations...

----------------------------------------------------------------------------------------------------------------------------------------

----------------------------------------------------------------------------------------------------------------------------------------

 Line List:

----------------------------------------------------------------------------------------------------------------------------------------
BR_H_ALPHA                                                                                
                              amp                           free                          
                              center                        6555                          
                              center_pix                    3207.4978138184815            
                              disp                          free                          
                              disp_res_ang                  35.913764891247396            
                              disp_res_kms                  1642.5134786851502            
                              line_profile                  gaussian                      
                              line_type                     br                            
                              ncomp                         1                             
                              voff                          free                          
BR_H_BETA                                                                                 
                              amp                           free                          
                              center                        4834                          
                              center_pix                    1975.0580474316384            
                              disp                          free                          
                              disp_res_ang                  35.913764891247396            
                              disp_res_kms                  2227.2808963138514            
                              line_profile                  gaussian                      
                              line_type                     br                            
                              ncomp                         1                             
                              voff                          free                          
BR_OIII_a                                                                                 
                              amp                           free                          
                              center                        4931                          
                              center_pix                    2055.456053350012             
                              disp                          free                          
                              disp_res_ang                  35.913764891247396            
                              disp_res_kms                  2183.4670153683146            
                              line_profile                  gaussian                      
                              line_type                     br                            
                              ncomp                         1                             
                              voff                          free                          
BR_OIII_b                                                                                 
                              amp                           free                          
                              center                        5008.24                       
                              center_pix                    2118.3529882506477            
                              disp                          free                          
                              disp_res_ang                  35.913764891247396            
                              disp_res_kms                  2149.7923128246966            
                              line_profile                  gaussian                      
                              line_type                     br                            
                              ncomp                         1                             
                              voff                          free                          

----------------------------------------------------------------------------------------------------------------------------------------

 Number of Free Line Parameters: 12

----------------------------------------------------------------------------------------------------------------------------------------

 All Free Parameters:

----------------------------------------------------------------------------------------------------------------------------------------
APOLY_COEFF_1                                                                             
                              init                          0.0                           
                              plim                          (-100.0, 100.0)               
APOLY_COEFF_2                                                                             
                              init                          0.0                           
                              plim                          (-100.0, 100.0)               
APOLY_COEFF_3                                                                             
                              init                          0.0                           
                              plim                          (-100.0, 100.0)               
APOLY_COEFF_4                                                                             
                              init                          0.0                           
                              plim                          (-100.0, 100.0)               
APOLY_COEFF_5                                                                             
                              init                          0.0                           
                              plim                          (-100.0, 100.0)               
APOLY_COEFF_6                                                                             
                              init                          0.0                           
                              plim                          (-100.0, 100.0)               
APOLY_COEFF_7                                                                             
                              init                          0.0                           
                              plim                          (-100.0, 100.0)               
BALMER_AMP                                                                                
                              init                          0.04958548169699575           
                              plim                          (0, 1.4999998169955353)       
BR_H_ALPHA_AMP                                                                            
                              init                          0.9921278749524814            
                              plim                          (0, 1000)                     
BR_H_ALPHA_DISP                                                                           
                              init                          500.0                         
                              plim                          (0, 1000)                     
BR_H_ALPHA_VOFF                                                                           
                              init                          0.0                           
                              plim                          (-10000, 10000)               
                              prior                         {'type': 'gaussian'}          
BR_H_BETA_AMP                                                                             
                              init                          0.6617523719532763            
                              plim                          (0, 1000)                     
BR_H_BETA_DISP                                                                            
                              init                          500.0                         
                              plim                          (0, 1000)                     
BR_H_BETA_VOFF                                                                            
                              init                          0.0                           
                              plim                          (-10000, 10000)               
                              prior                         {'type': 'gaussian'}          
BR_OIII_a_AMP                                                                             
                              init                          0.6377453975020012            
                              plim                          (0, 1000)                     
BR_OIII_a_DISP                                                                            
                              init                          500.0                         
                              plim                          (0, 1000)                     
BR_OIII_a_VOFF                                                                            
                              init                          0.0                           
                              plim                          (-10000, 10000)               
                              prior                         {'type': 'gaussian'}          
BR_OIII_b_AMP                                                                             
                              init                          0.8777015498317587            
                              plim                          (0, 1000)                     
BR_OIII_b_DISP                                                                            
                              init                          500.0                         
                              plim                          (0, 1000)                     
BR_OIII_b_VOFF                                                                            
                              init                          0.0                           
                              plim                          (-10000, 10000)               
                              prior                         {'type': 'gaussian'}          
BR_OPT_FEII_AMP                                                                           
                              init                          0.04958548169699575           
                              plim                          (0, 1.4999998169955353)       
BR_OPT_FEII_DISP                                                                          
                              init                          500.0                         
                              plim                          (500.0, 5000.0)               
BR_OPT_FEII_VOFF                                                                          
                              init                          0.0                           
                              plim                          (-500.0, 500.0)               
NA_OPT_FEII_AMP                                                                           
                              init                          0.04958548169699575           
                              plim                          (0, 1.4999998169955353)       
NA_OPT_FEII_DISP                                                                          
                              init                          10.0                          
                              plim                          (0.1, 500.0)                  
NA_OPT_FEII_VOFF                                                                          
                              init                          0.0                           
                              plim                          (-500.0, 500.0)               
POWER_AMP                                                                                 
                              init                          0.2479274084849787            
                              plim                          (0, 1.4999998169955353)       
POWER_SLOPE                                                                               
                              init                          -1.0                          
                              plim                          (-6.0, 6.0)                   
UV_IRON_AMP                                                                               
                              init                          0.04958548169699575           
                              plim                          (0, 1.4999998169955353)       
UV_IRON_DISP                                                                              
                              init                          1000.0                        
                              plim                          (100.0, 20000.0)              

----------------------------------------------------------------------------------------------------------------------------------------

 Total number of free parameters: 30

----------------------------------------------------------------------------------------------------------------------------------------

 Soft Constraints:


----------------------------------------------------------------------------------------------------------------------------------------

----------------------------------------------------------------------------------------------------------------------------------------

 Performing MCMC iterations...
----------------------------------------------------------------------------------------------------
MCMC iteration: 100
MCMC iteration: 200
MCMC iteration: 300
MCMC iteration: 400
MCMC iteration: 500
MCMC iteration: 600
MCMC iteration: 700
MCMC iteration: 800
MCMC iteration: 900
MCMC iteration: 1000

Iteration = 1000             
------------------------------------------------
Parameter                     Current Value       
------------------------------------------------
APOLY_COEFF_1                 0.1919              
APOLY_COEFF_2                 -0.0674             
APOLY_COEFF_3                 0.0167              
APOLY_COEFF_4                 0.0039              
APOLY_COEFF_5                 -0.0177             
APOLY_COEFF_6                 -0.0274             
APOLY_COEFF_7                 0.0157              
BALMER_AMP                    0.0039              
BR_H_ALPHA_AMP                0.1054              
BR_H_ALPHA_DISP               987.9683            
BR_H_ALPHA_VOFF               68.2278             
BR_H_BETA_AMP                 0.4372              
BR_H_BETA_DISP                577.0226            
BR_H_BETA_VOFF                83.0746             
BR_OIII_a_AMP                 1.8363              
BR_OIII_a_DISP                304.0823            
BR_OIII_a_VOFF                11.8847             
BR_OIII_b_AMP                 1.7532              
BR_OIII_b_DISP                614.4649            
BR_OIII_b_VOFF                157.2895            
BR_OPT_FEII_AMP               0.2500              
BR_OPT_FEII_DISP              503.1441            
BR_OPT_FEII_VOFF              373.3906            
NA_OPT_FEII_AMP               0.0443              
NA_OPT_FEII_DISP              10.1192             
NA_OPT_FEII_VOFF              -0.2292             
POWER_AMP                     0.3671              
POWER_SLOPE                   -1.6157             
UV_IRON_AMP                   0.0392              
UV_IRON_DISP                  704.7318            
------------------------------------------------
MCMC iteration: 1100

Iteration = 1100             
------------------------------------------------
Parameter                     Current Value       
------------------------------------------------
APOLY_COEFF_1                 0.1915              
APOLY_COEFF_2                 -0.0671             
APOLY_COEFF_3                 0.0167              
APOLY_COEFF_4                 0.0039              
APOLY_COEFF_5                 -0.0178             
APOLY_COEFF_6                 -0.0273             
APOLY_COEFF_7                 0.0156              
BALMER_AMP                    0.0038              
BR_H_ALPHA_AMP                0.1045              
BR_H_ALPHA_DISP               987.9416            
BR_H_ALPHA_VOFF               68.1909             
BR_H_BETA_AMP                 0.4348              
BR_H_BETA_DISP                576.9990            
BR_H_BETA_VOFF                83.0937             
BR_OIII_a_AMP                 1.8486              
BR_OIII_a_DISP                304.0370            
BR_OIII_a_VOFF                11.8712             
BR_OIII_b_AMP                 1.7707              
BR_OIII_b_DISP                614.4235            
BR_OIII_b_VOFF                157.4066            
BR_OPT_FEII_AMP               0.2505              
BR_OPT_FEII_DISP              503.2677            
BR_OPT_FEII_VOFF              373.4800            
NA_OPT_FEII_AMP               0.0512              
NA_OPT_FEII_DISP              10.1134             
NA_OPT_FEII_VOFF              -0.2802             
POWER_AMP                     0.3672              
POWER_SLOPE                   -1.6099             
UV_IRON_AMP                   0.0381              
UV_IRON_DISP                  704.7369            
------------------------------------------------
MCMC iteration: 1200

Iteration = 1200             
------------------------------------------------
Parameter                     Current Value       
------------------------------------------------
APOLY_COEFF_1                 0.1891              
APOLY_COEFF_2                 -0.0657             
APOLY_COEFF_3                 0.0164              
APOLY_COEFF_4                 0.0037              
APOLY_COEFF_5                 -0.0178             
APOLY_COEFF_6                 -0.0272             
APOLY_COEFF_7                 0.0154              
BALMER_AMP                    0.0039              
BR_H_ALPHA_AMP                0.1034              
BR_H_ALPHA_DISP               987.8970            
BR_H_ALPHA_VOFF               68.0795             
BR_H_BETA_AMP                 0.4314              
BR_H_BETA_DISP                577.0624            
BR_H_BETA_VOFF                82.8878             
BR_OIII_a_AMP                 1.8848              
BR_OIII_a_DISP                303.8251            
BR_OIII_a_VOFF                11.7806             
BR_OIII_b_AMP                 1.7563              
BR_OIII_b_DISP                614.2903            
BR_OIII_b_VOFF                157.4849            
BR_OPT_FEII_AMP               0.2487              
BR_OPT_FEII_DISP              503.3516            
BR_OPT_FEII_VOFF              373.5431            
NA_OPT_FEII_AMP               0.0556              
NA_OPT_FEII_DISP              10.0765             
NA_OPT_FEII_VOFF              -0.2154             
POWER_AMP                     0.3685              
POWER_SLOPE                   -1.6033             
UV_IRON_AMP                   0.0384              
UV_IRON_DISP                  704.7746            
------------------------------------------------
MCMC iteration: 1300

Iteration = 1300             
------------------------------------------------
Parameter                     Current Value       
------------------------------------------------
APOLY_COEFF_1                 0.1875              
APOLY_COEFF_2                 -0.0651             
APOLY_COEFF_3                 0.0163              
APOLY_COEFF_4                 0.0036              
APOLY_COEFF_5                 -0.0178             
APOLY_COEFF_6                 -0.0273             
APOLY_COEFF_7                 0.0154              
BALMER_AMP                    0.0036              
BR_H_ALPHA_AMP                0.1025              
BR_H_ALPHA_DISP               987.8291            
BR_H_ALPHA_VOFF               68.1471             
BR_H_BETA_AMP                 0.4318              
BR_H_BETA_DISP                577.0867            
BR_H_BETA_VOFF                82.8008             
BR_OIII_a_AMP                 1.9346              
BR_OIII_a_DISP                303.8011            
BR_OIII_a_VOFF                11.7261             
BR_OIII_b_AMP                 1.7627              
BR_OIII_b_DISP                614.1006            
BR_OIII_b_VOFF                157.5594            
BR_OPT_FEII_AMP               0.2565              
BR_OPT_FEII_DISP              503.5080            
BR_OPT_FEII_VOFF              373.5279            
NA_OPT_FEII_AMP               0.0625              
NA_OPT_FEII_DISP              10.0812             
NA_OPT_FEII_VOFF              -0.2589             
POWER_AMP                     0.3689              
POWER_SLOPE                   -1.5942             
UV_IRON_AMP                   0.0371              
UV_IRON_DISP                  704.8125            
------------------------------------------------
MCMC iteration: 1400

Iteration = 1400             
------------------------------------------------
Parameter                     Current Value       
------------------------------------------------
APOLY_COEFF_1                 0.1881              
APOLY_COEFF_2                 -0.0646             
APOLY_COEFF_3                 0.0165              
APOLY_COEFF_4                 0.0033              
APOLY_COEFF_5                 -0.0174             
APOLY_COEFF_6                 -0.0272             
APOLY_COEFF_7                 0.0154              
BALMER_AMP                    0.0035              
BR_H_ALPHA_AMP                0.1018              
BR_H_ALPHA_DISP               987.6962            
BR_H_ALPHA_VOFF               68.0622             
BR_H_BETA_AMP                 0.4266              
BR_H_BETA_DISP                577.1520            
BR_H_BETA_VOFF                82.7586             
BR_OIII_a_AMP                 1.9634              
BR_OIII_a_DISP                303.7751            
BR_OIII_a_VOFF                11.4336             
BR_OIII_b_AMP                 1.7916              
BR_OIII_b_DISP                613.7312            
BR_OIII_b_VOFF                157.4719            
BR_OPT_FEII_AMP               0.2482              
BR_OPT_FEII_DISP              503.9673            
BR_OPT_FEII_VOFF              373.6645            
NA_OPT_FEII_AMP               0.0732              
NA_OPT_FEII_DISP              9.8941              
NA_OPT_FEII_VOFF              -0.2954             
POWER_AMP                     0.3684              
POWER_SLOPE                   -1.5967             
UV_IRON_AMP                   0.0379              
UV_IRON_DISP                  705.1493            
------------------------------------------------
MCMC iteration: 1500

Iteration = 1500             
------------------------------------------------
Parameter                     Current Value       
------------------------------------------------
APOLY_COEFF_1                 0.1914              
APOLY_COEFF_2                 -0.0660             
APOLY_COEFF_3                 0.0165              
APOLY_COEFF_4                 0.0031              
APOLY_COEFF_5                 -0.0171             
APOLY_COEFF_6                 -0.0274             
APOLY_COEFF_7                 0.0155              
BALMER_AMP                    0.0034              
BR_H_ALPHA_AMP                0.1024              
BR_H_ALPHA_DISP               987.3684            
BR_H_ALPHA_VOFF               68.0741             
BR_H_BETA_AMP                 0.4278              
BR_H_BETA_DISP                577.1006            
BR_H_BETA_VOFF                82.8226             
BR_OIII_a_AMP                 1.9454              
BR_OIII_a_DISP                303.5565            
BR_OIII_a_VOFF                11.2571             
BR_OIII_b_AMP                 1.8108              
BR_OIII_b_DISP                613.6467            
BR_OIII_b_VOFF                157.3633            
BR_OPT_FEII_AMP               0.2479              
BR_OPT_FEII_DISP              504.3642            
BR_OPT_FEII_VOFF              373.7554            
NA_OPT_FEII_AMP               0.0787              
NA_OPT_FEII_DISP              10.1002             
NA_OPT_FEII_VOFF              -0.1634             
POWER_AMP                     0.3673              
POWER_SLOPE                   -1.6149             
UV_IRON_AMP                   0.0371              
UV_IRON_DISP                  705.2817            
------------------------------------------------

 emcee Runtime = 4:17:38. 


 > Fitting MCMC chains...

 Generating model parameter distributions...

		  APOLY_COEFF_1
		  APOLY_COEFF_2
		  APOLY_COEFF_3
		  APOLY_COEFF_4
		  APOLY_COEFF_5
		  APOLY_COEFF_6
		  APOLY_COEFF_7
		  POWER_AMP
		  POWER_SLOPE
		  NA_OPT_FEII_AMP
		  BR_OPT_FEII_AMP
		  NA_OPT_FEII_DISP
		  BR_OPT_FEII_DISP
		  NA_OPT_FEII_VOFF
		  BR_OPT_FEII_VOFF
		  UV_IRON_AMP
		  UV_IRON_DISP
		  BALMER_AMP
		  BR_H_BETA_VOFF
		  BR_H_BETA_AMP
		  BR_H_BETA_DISP
		  BR_OIII_a_VOFF
		  BR_OIII_a_AMP
		  BR_OIII_a_DISP
		  BR_OIII_b_VOFF
		  BR_OIII_b_AMP
		  BR_OIII_b_DISP
		  BR_H_ALPHA_VOFF
		  BR_H_ALPHA_AMP
		  BR_H_ALPHA_DISP

 Generating model flux distributions...

		  NA_OPT_FEII_TEMPLATE_FLUX
		  BR_OPT_FEII_TEMPLATE_FLUX
		  UV_IRON_TEMPLATE_FLUX
		  BR_H_BETA_FLUX
		  BR_OIII_a_FLUX
		  BR_OIII_b_FLUX
		  BR_H_ALPHA_FLUX
		  H_BETA_COMP_FLUX
		  H_OIII_a_COMP_FLUX
		  H_OIII_b_COMP_FLUX
		  H_ALPHA_COMP_FLUX

 Generating model luminosity distributions...

		  NA_OPT_FEII_TEMPLATE_LUM
		  BR_OPT_FEII_TEMPLATE_LUM
		  UV_IRON_TEMPLATE_LUM
		  BR_H_BETA_LUM
		  BR_OIII_a_LUM
		  BR_OIII_b_LUM
		  BR_H_ALPHA_LUM
		  H_BETA_COMP_LUM
		  H_OIII_a_COMP_LUM
		  H_OIII_b_COMP_LUM
		  H_ALPHA_COMP_LUM
		  L_CONT_TOT_3000
		  L_CONT_AGN_3000
		  L_CONT_HOST_3000
		  L_CONT_TOT_5100
		  L_CONT_AGN_5100
		  L_CONT_HOST_5100
		  HOST_FRAC_4000
		  AGN_FRAC_4000
		  HOST_FRAC_7000
		  AGN_FRAC_7000

 Generating model equivalent width distributions...

		  NA_OPT_FEII_TEMPLATE_EW
		  BR_OPT_FEII_TEMPLATE_EW
		  UV_IRON_TEMPLATE_EW
		  BR_H_BETA_EW
		  BR_OIII_a_EW
		  BR_OIII_b_EW
		  BR_H_ALPHA_EW
		  H_BETA_COMP_EW
		  H_OIII_a_COMP_EW
		  H_OIII_b_COMP_EW
		  H_ALPHA_COMP_EW

 Generating model integrated velocity moment distributions...

		  BR_H_BETA_FWHM
		  BR_H_BETA_W80
		  BR_OIII_a_FWHM
		  BR_OIII_a_W80
		  BR_OIII_b_FWHM
		  BR_OIII_b_W80
		  BR_H_ALPHA_FWHM
		  BR_H_ALPHA_W80
		  H_BETA_COMP_FWHM
		  H_BETA_COMP_W80
		  H_BETA_COMP_DISP
		  H_BETA_COMP_VOFF
		  H_OIII_a_COMP_FWHM
		  H_OIII_a_COMP_W80
		  H_OIII_a_COMP_DISP
		  H_OIII_a_COMP_VOFF
		  H_OIII_b_COMP_FWHM
		  H_OIII_b_COMP_W80
		  H_OIII_b_COMP_DISP
		  H_OIII_b_COMP_VOFF
		  H_ALPHA_COMP_FWHM
		  H_ALPHA_COMP_W80
		  H_ALPHA_COMP_DISP
		  H_ALPHA_COMP_VOFF
		  BR_H_BETA_NPIX
		  BR_OIII_a_NPIX
		  BR_OIII_b_NPIX
		  BR_H_ALPHA_NPIX
		  H_BETA_COMP_NPIX
		  H_OIII_a_COMP_NPIX
		  H_OIII_b_COMP_NPIX
		  H_ALPHA_COMP_NPIX
		  BR_H_BETA_SNR
		  BR_OIII_a_SNR
		  BR_OIII_b_SNR
		  BR_H_ALPHA_SNR
		  H_BETA_COMP_SNR
		  H_OIII_a_COMP_SNR
		  H_OIII_b_COMP_SNR
		  H_ALPHA_COMP_SNR
		  R_SQUARED
		  RCHI_SQUARED

 > Saving Data...

 Cleaning up...
----------------------------------------------------------------------------------------------------

 Total Runtime = 5:03:04
 - Done fitting my_sdss! 

End process memory: 1.42214758                    
