,wave,flux,error,model,cont,OIIIb_br,OIIIa_br,OIIIb_na,OIIIa_na,NII6583_na,NII6548_na,hbeta_br,hbeta_na,halpha_br,halpha_na
0,2900.2744,66.5082,2.6548111,60.03428253206269,60.03428253206269,0.0,0.0,0.0,0.0,0.0,0.0,0.0,0.0,0.0,0.0
1,2900.9417,62.382515,2.5777133,60.010743529085836,60.010743529085836,0.0,0.0,0.0,0.0,0.0,0.0,0.0,0.0,0.0,0.0
2,2901.6091,64.640335,2.6520758,59.98721056105866,59.98721056105866,0.0,0.0,0.0,0.0,0.0,0.0,0.0,0.0,0.0,0.0
3,2902.2783,66.453186,2.6653233,59.96363203465427,59.96363203465427,0.0,0.0,0.0,0.0,0.0,0.0,0.0,0.0,0.0,0.0
4,2902.9458,64.02902,2.63098,59.94012836764735,59.94012836764735,0.0,0.0,0.0,0.0,0.0,0.0,0.0,0.0,0.0,0.0
5,2903.6152,62.04846,2.6186547,59.916570603457465,59.916570603457465,0.0,0.0,0.0,0.0,0.0,0.0,0.0,0.0,0.0,0.0
6,2904.2832,64.41335,2.597743,59.893079025992684,59.893079025992684,0.0,0.0,0.0,0.0,0.0,0.0,0.0,0.0,0.0,0.0
7,2904.953,60.11079,2.522549,59.869542011421736,59.869542011421736,0.0,0.0,0.0,0.0,0.0,0.0,0.0,0.0,0.0,0.0
8,2905.6213,63.904785,2.5745819,59.846062532371974,59.846062532371974,0.0,0.0,0.0,0.0,0.0,0.0,0.0,0.0,0.0,0.0
9,2906.2896,65.86877,2.5667367,59.82260622666392,59.82260622666392,0.0,0.0,0.0,0.0,0.0,0.0,0.0,0.0,0.0,0.0
10,2906.96,59.009678,2.4514477,59.799087445073184,59.799087445073184,0.0,0.0,0.0,0.0,0.0,0.0,0.0,0.0,0.0,0.0
11,2907.6287,53.78223,2.4205232,59.775643227011734,59.775643227011734,0.0,0.0,0.0,0.0,0.0,0.0,0.0,0.0,0.0,0.0
12,2908.299,63.33357,2.4885726,59.75215372827202,59.75215372827202,0.0,0.0,0.0,0.0,0.0,0.0,0.0,0.0,0.0,0.0
13,2908.9683,59.920277,2.5182114,59.728721601319904,59.728721601319904,0.0,0.0,0.0,0.0,0.0,0.0,0.0,0.0,0.0,0.0
14,2909.639,62.554882,2.5012453,59.70525280539978,59.70525280539978,0.0,0.0,0.0,0.0,0.0,0.0,0.0,0.0,0.0,0.0
15,2910.3083,60.661438,2.597522,59.68184131375301,59.68184131375301,0.0,0.0,0.0,0.0,0.0,0.0,0.0,0.0,0.0,0.0
16,2910.9778,56.315903,2.4998531,59.65844438353004,59.65844438353004,0.0,0.0,0.0,0.0,0.0,0.0,0.0,0.0,0.0,0.0
17,2911.6492,60.74217,2.522798,59.634993803671634,59.634993803671634,0.0,0.0,0.0,0.0,0.0,0.0,0.0,0.0,0.0,0.0
18,2912.3188,58.4389,2.3845987,59.61161748197183,59.61161748197183,0.0,0.0,0.0,0.0,0.0,0.0,0.0,0.0,0.0,0.0
19,2912.9905,60.95957,2.3830142,59.58818758133279,59.58818758133279,0.0,0.0,0.0,0.0,0.0,0.0,0.0,0.0,0.0,0.0
20,2913.6606,60.08041,2.4318025,59.564823341383665,59.564823341383665,0.0,0.0,0.0,0.0,0.0,0.0,0.0,0.0,0.0,0.0
21,2914.3325,58.81633,2.4428682,59.541414107311155,59.541414107311155,0.0,0.0,0.0,0.0,0.0,0.0,0.0,0.0,0.0,0.0
22,2915.003,61.641968,2.5040848,59.51807045606394,59.51807045606394,0.0,0.0,0.0,0.0,0.0,0.0,0.0,0.0,0.0,0.0
23,2915.6733,65.69923,2.5768704,59.494741321809315,59.494741321809315,0.0,0.0,0.0,0.0,0.0,0.0,0.0,0.0,0.0,0.0
24,2916.3462,63.174007,2.5639415,59.471341814708154,59.471341814708154,0.0,0.0,0.0,0.0,0.0,0.0,0.0,0.0,0.0,0.0
25,2917.0168,62.299416,2.5121722,59.44803324765574,59.44803324765574,0.0,0.0,0.0,0.0,0.0,0.0,0.0,0.0,0.0,0.0
26,2917.6897,61.046097,2.4984324,59.424662876432166,59.424662876432166,0.0,0.0,0.0,0.0,0.0,0.0,0.0,0.0,0.0,0.0
27,2918.3608,62.91203,2.4760354,59.4013663815436,59.4013663815436,0.0,0.0,0.0,0.0,0.0,0.0,0.0,0.0,0.0,0.0
28,2919.0337,66.53121,2.5072525,59.37802510709155,59.37802510709155,0.0,0.0,0.0,0.0,0.0,0.0,0.0,0.0,0.0,0.0
29,2919.7053,65.48121,2.4913805,59.354740687617266,59.354740687617266,0.0,0.0,0.0,0.0,0.0,0.0,0.0,0.0,0.0,0.0
30,2920.377,60.12234,2.3788638,59.3314707513016,59.3314707513016,0.0,0.0,0.0,0.0,0.0,0.0,0.0,0.0,0.0,0.0
31,2921.0505,62.468773,2.4140143,59.308147679226764,59.308147679226764,0.0,0.0,0.0,0.0,0.0,0.0,0.0,0.0,0.0,0.0
32,2921.7224,66.66693,2.6832588,59.28489826869967,59.28489826869967,0.0,0.0,0.0,0.0,0.0,0.0,0.0,0.0,0.0,0.0
33,2922.3967,64.346275,2.6425166,59.26157891183404,59.26157891183404,0.0,0.0,0.0,0.0,0.0,0.0,0.0,0.0,0.0,0.0
34,2923.0688,61.8991,2.3926878,59.23835001972612,59.23835001972612,0.0,0.0,0.0,0.0,0.0,0.0,0.0,0.0,0.0,0.0
35,2923.743,66.840126,2.4621751,59.21506813178754,59.21506813178754,0.0,0.0,0.0,0.0,0.0,0.0,0.0,0.0,0.0,0.0
36,2924.4155,65.01167,2.470269,59.191851305192834,59.191851305192834,0.0,0.0,0.0,0.0,0.0,0.0,0.0,0.0,0.0,0.0
37,2925.0884,66.12804,2.4691966,59.16864049811882,59.16864049811882,0.0,0.0,0.0,0.0,0.0,0.0,0.0,0.0,0.0,0.0
38,2925.763,64.26134,2.4485714,59.145385229649065,59.145385229649065,0.0,0.0,0.0,0.0,0.0,0.0,0.0,0.0,0.0,0.0
39,2926.436,66.37512,2.486487,59.12219491207133,59.12219491207133,0.0,0.0,0.0,0.0,0.0,0.0,0.0,0.0,0.0,0.0
40,2927.1108,67.61137,2.42723,59.0989601922747,59.0989601922747,0.0,0.0,0.0,0.0,0.0,0.0,0.0,0.0,0.0,0.0
41,2927.7842,60.546207,2.3972344,59.07579034631611,59.07579034631611,0.0,0.0,0.0,0.0,0.0,0.0,0.0,0.0,0.0,0.0
42,2928.4592,62.34739,2.4024408,59.052576157229446,59.052576157229446,0.0,0.0,0.0,0.0,0.0,0.0,0.0,0.0,0.0,0.0
43,2929.133,63.197422,2.364634,59.029418377133204,59.029418377133204,0.0,0.0,0.0,0.0,0.0,0.0,0.0,0.0,0.0,0.0
44,2929.807,64.81143,2.3979704,59.00627500203511,59.00627500203511,0.0,0.0,0.0,0.0,0.0,0.0,0.0,0.0,0.0,0.0
45,2930.4824,64.78667,2.367017,58.983087377489746,58.983087377489746,0.0,0.0,0.0,0.0,0.0,0.0,0.0,0.0,0.0,0.0
46,2931.1565,63.384266,2.3632665,58.959964439808736,58.959964439808736,0.0,0.0,0.0,0.0,0.0,0.0,0.0,0.0,0.0,0.0
47,2931.8325,64.405685,2.3808866,58.936788944541306,58.936788944541306,0.0,0.0,0.0,0.0,0.0,0.0,0.0,0.0,0.0,0.0
48,2932.507,67.401794,2.3984268,58.91367806980828,58.91367806980828,0.0,0.0,0.0,0.0,0.0,0.0,0.0,0.0,0.0,0.0
49,2933.1833,64.02273,2.3870082,58.89052307373284,58.89052307373284,0.0,0.0,0.0,0.0,0.0,0.0,0.0,0.0,0.0,0.0
50,2933.8577,64.677155,2.3612278,58.8674493243091,58.8674493243091,0.0,0.0,0.0,0.0,0.0,0.0,0.0,0.0,0.0,0.0
51,2934.533,68.72548,2.428186,58.844356530046184,58.844356530046184,0.0,0.0,0.0,0.0,0.0,0.0,0.0,0.0,0.0,0.0
52,2935.2095,67.019875,2.3591251,58.821236400047646,58.821236400047646,0.0,0.0,0.0,0.0,0.0,0.0,0.0,0.0,0.0,0.0
53,2935.8848,60.699474,2.3152592,58.79817235810305,58.79817235810305,0.0,0.0,0.0,0.0,0.0,0.0,0.0,0.0,0.0,0.0
54,2936.5618,70.00825,2.3482094,58.77506434659209,58.77506434659209,0.0,0.0,0.0,0.0,0.0,0.0,0.0,0.0,0.0,0.0
55,2937.2373,65.66245,2.334017,58.75202069287467,58.75202069287467,0.0,0.0,0.0,0.0,0.0,0.0,0.0,0.0,0.0,0.0
56,2937.9148,65.72584,2.2852728,58.72892480784329,58.72892480784329,0.0,0.0,0.0,0.0,0.0,0.0,0.0,0.0,0.0,0.0
57,2938.5906,62.58784,2.2629929,58.70590152965507,58.70590152965507,0.0,0.0,0.0,0.0,0.0,0.0,0.0,0.0,0.0,0.0
58,2939.2666,58.88823,2.1782706,58.68288425818667,58.68288425818667,0.0,0.0,0.0,0.0,0.0,0.0,0.0,0.0,0.0,0.0
59,2939.9448,64.27943,2.2526429,58.6598065589665,58.6598065589665,0.0,0.0,0.0,0.0,0.0,0.0,0.0,0.0,0.0,0.0
60,2940.6208,62.41546,2.2474518,58.63681795129894,58.63681795129894,0.0,0.0,0.0,0.0,0.0,0.0,0.0,0.0,0.0,0.0
61,2941.299,63.796177,2.263966,58.6137689845171,58.6137689845171,0.0,0.0,0.0,0.0,0.0,0.0,0.0,0.0,0.0,0.0
62,2941.9758,63.211384,2.2399166,58.59078412412069,58.59078412412069,0.0,0.0,0.0,0.0,0.0,0.0,0.0,0.0,0.0,0.0
63,2942.654,61.222553,2.2144325,58.56776385630121,58.56776385630121,0.0,0.0,0.0,0.0,0.0,0.0,0.0,0.0,0.0,0.0
64,2943.3313,61.302925,2.2121632,58.54479105066533,58.54479105066533,0.0,0.0,0.0,0.0,0.0,0.0,0.0,0.0,0.0,0.0
65,2944.0098,63.407215,2.2487817,58.52179116946407,58.52179116946407,0.0,0.0,0.0,0.0,0.0,0.0,0.0,0.0,0.0,0.0
66,2944.6873,63.117878,2.2643495,58.498838695068585,58.498838695068585,0.0,0.0,0.0,0.0,0.0,0.0,0.0,0.0,0.0,0.0
67,2945.3645,68.711494,2.3325357,58.475908763178516,58.475908763178516,0.0,0.0,0.0,0.0,0.0,0.0,0.0,0.0,0.0,0.0
68,2946.0437,66.69349,2.283227,58.45292702148908,58.45292702148908,0.0,0.0,0.0,0.0,0.0,0.0,0.0,0.0,0.0,0.0
69,2946.7214,63.591114,2.2207553,58.43000912544012,58.43000912544012,0.0,0.0,0.0,0.0,0.0,0.0,0.0,0.0,0.0,0.0
70,2947.401,62.35271,2.195623,58.407047746094115,58.407047746094115,0.0,0.0,0.0,0.0,0.0,0.0,0.0,0.0,0.0,0.0
71,2948.079,61.172882,2.2051938,58.38414189371637,58.38414189371637,0.0,0.0,0.0,0.0,0.0,0.0,0.0,0.0,0.0,0.0
72,2948.759,67.42626,2.2902265,58.36119262614843,58.36119262614843,0.0,0.0,0.0,0.0,0.0,0.0,0.0,0.0,0.0,0.0
73,2949.4373,62.365314,2.2244003,58.33831529558789,58.33831529558789,0.0,0.0,0.0,0.0,0.0,0.0,0.0,0.0,0.0,0.0
74,2950.1157,64.368416,2.260603,58.31544396228189,58.31544396228189,0.0,0.0,0.0,0.0,0.0,0.0,0.0,0.0,0.0,0.0
75,2950.7961,66.732765,2.2480724,58.29252107284119,58.29252107284119,0.0,0.0,0.0,0.0,0.0,0.0,0.0,0.0,0.0,0.0
76,2951.4749,63.49885,2.2145724,58.26966999680342,58.26966999680342,0.0,0.0,0.0,0.0,0.0,0.0,0.0,0.0,0.0,0.0
77,2952.1553,61.66693,2.193265,58.246775644629246,58.246775644629246,0.0,0.0,0.0,0.0,0.0,0.0,0.0,0.0,0.0,0.0
78,2952.8345,66.50805,2.2118406,58.223936595856394,58.223936595856394,0.0,0.0,0.0,0.0,0.0,0.0,0.0,0.0,0.0,0.0
79,2953.5154,62.49161,2.170568,58.201054338715224,58.201054338715224,0.0,0.0,0.0,0.0,0.0,0.0,0.0,0.0,0.0,0.0
80,2954.195,62.78122,2.1858358,58.178227329998826,58.178227329998826,0.0,0.0,0.0,0.0,0.0,0.0,0.0,0.0,0.0,0.0
81,2954.8745,65.14157,2.1867714,58.15542271419972,58.15542271419972,0.0,0.0,0.0,0.0,0.0,0.0,0.0,0.0,0.0,0.0
82,2955.556,65.19513,2.1860173,58.13256678445798,58.13256678445798,0.0,0.0,0.0,0.0,0.0,0.0,0.0,0.0,0.0,0.0
83,2956.2358,64.013855,2.1722667,58.10977419211988,58.10977419211988,0.0,0.0,0.0,0.0,0.0,0.0,0.0,0.0,0.0,0.0
84,2956.9175,62.949696,2.1469886,58.08693853997765,58.08693853997765,0.0,0.0,0.0,0.0,0.0,0.0,0.0,0.0,0.0,0.0
85,2957.598,61.11454,2.1338048,58.06415797870577,58.06415797870577,0.0,0.0,0.0,0.0,0.0,0.0,0.0,0.0,0.0,0.0
86,2958.2798,62.233986,2.1254323,58.04134259129475,58.04134259129475,0.0,0.0,0.0,0.0,0.0,0.0,0.0,0.0,0.0,0.0
87,2958.9604,62.046288,2.1241245,58.018582229796884,58.018582229796884,0.0,0.0,0.0,0.0,0.0,0.0,0.0,0.0,0.0,0.0
88,2959.641,61.07309,2.0912476,57.99583602555445,57.99583602555445,0.0,0.0,0.0,0.0,0.0,0.0,0.0,0.0,0.0,0.0
89,2960.3235,62.47175,2.1135285,57.97304690954693,57.97304690954693,0.0,0.0,0.0,0.0,0.0,0.0,0.0,0.0,0.0,0.0
90,2961.0046,61.064156,2.1106794,57.950312727283126,57.950312727283126,0.0,0.0,0.0,0.0,0.0,0.0,0.0,0.0,0.0,0.0
91,2961.6875,64.50965,2.1687849,57.927535700453,57.927535700453,0.0,0.0,0.0,0.0,0.0,0.0,0.0,0.0,0.0,0.0
92,2962.3691,66.67461,2.1824195,57.90481355272178,57.90481355272178,0.0,0.0,0.0,0.0,0.0,0.0,0.0,0.0,0.0,0.0
93,2963.0522,63.760933,2.1631644,57.88205675823235,57.88205675823235,0.0,0.0,0.0,0.0,0.0,0.0,0.0,0.0,0.0,0.0
94,2963.734,59.828053,2.107651,57.85936290375044,57.85936290375044,0.0,0.0,0.0,0.0,0.0,0.0,0.0,0.0,0.0,0.0
95,2964.416,61.201065,2.1027672,57.83666692146372,57.83666692146372,0.0,0.0,0.0,0.0,0.0,0.0,0.0,0.0,0.0,0.0
96,2965.0996,64.8422,2.142236,57.81393636755545,57.81393636755545,0.0,0.0,0.0,0.0,0.0,0.0,0.0,0.0,0.0,0.0
97,2965.7815,60.88123,2.0768735,57.791276757108555,57.791276757108555,0.0,0.0,0.0,0.0,0.0,0.0,0.0,0.0,0.0,0.0
98,2966.4656,60.40885,2.089581,57.768558285200676,57.768558285200676,0.0,0.0,0.0,0.0,0.0,0.0,0.0,0.0,0.0,0.0
99,2967.148,64.11918,2.1213624,57.745910682119074,57.745910682119074,0.0,0.0,0.0,0.0,0.0,0.0,0.0,0.0,0.0,0.0
100,2967.8323,66.12894,2.162674,57.723212399875806,57.723212399875806,0.0,0.0,0.0,0.0,0.0,0.0,0.0,0.0,0.0,0.0
101,2968.515,62.947887,2.1143231,57.70058490180424,57.70058490180424,0.0,0.0,0.0,0.0,0.0,0.0,0.0,0.0,0.0,0.0
102,2969.1978,60.059933,2.100749,57.67796338803969,57.67796338803969,0.0,0.0,0.0,0.0,0.0,0.0,0.0,0.0,0.0,0.0
103,2969.8826,65.003235,2.1711798,57.655291300098554,57.655291300098554,0.0,0.0,0.0,0.0,0.0,0.0,0.0,0.0,0.0,0.0
104,2970.5657,65.32829,2.1606996,57.63268987462904,57.63268987462904,0.0,0.0,0.0,0.0,0.0,0.0,0.0,0.0,0.0,0.0
105,2971.2507,60.548782,2.0844753,57.61003794152075,57.61003794152075,0.0,0.0,0.0,0.0,0.0,0.0,0.0,0.0,0.0,0.0
106,2971.9343,59.919273,2.1138532,57.58744852133422,57.58744852133422,0.0,0.0,0.0,0.0,0.0,0.0,0.0,0.0,0.0,0.0
107,2972.6196,66.45036,2.1673145,57.56481673012045,57.56481673012045,0.0,0.0,0.0,0.0,0.0,0.0,0.0,0.0,0.0,0.0
108,2973.3037,65.13221,2.1926098,57.542239322454,57.542239322454,0.0,0.0,0.0,0.0,0.0,0.0,0.0,0.0,0.0,0.0
109,2973.9875,65.00786,2.3003113,57.51968401076347,57.51968401076347,0.0,0.0,0.0,0.0,0.0,0.0,0.0,0.0,0.0,0.0
110,2974.6733,59.642887,2.2090213,57.497078362370736,57.497078362370736,0.0,0.0,0.0,0.0,0.0,0.0,0.0,0.0,0.0,0.0
111,2975.3577,59.968582,2.11643,57.474535046430375,57.474535046430375,0.0,0.0,0.0,0.0,0.0,0.0,0.0,0.0,0.0,0.0
112,2976.044,64.01394,2.1491141,57.45194147002018,57.45194147002018,0.0,0.0,0.0,0.0,0.0,0.0,0.0,0.0,0.0,0.0
113,2976.7283,61.175663,2.1317668,57.42942622210464,57.42942622210464,0.0,0.0,0.0,0.0,0.0,0.0,0.0,0.0,0.0,0.0
114,2977.4148,62.570244,2.1260412,57.4068527447741,57.4068527447741,0.0,0.0,0.0,0.0,0.0,0.0,0.0,0.0,0.0,0.0
115,2978.0999,63.67026,2.1271288,57.3843414618466,57.3843414618466,0.0,0.0,0.0,0.0,0.0,0.0,0.0,0.0,0.0,0.0
116,2978.785,59.807194,2.0844522,57.36184418107676,57.36184418107676,0.0,0.0,0.0,0.0,0.0,0.0,0.0,0.0,0.0,0.0
117,2979.4717,59.314396,2.0679505,57.33930481998422,57.33930481998422,0.0,0.0,0.0,0.0,0.0,0.0,0.0,0.0,0.0,0.0
118,2980.1572,63.201233,2.1103702,57.31681953243552,57.31681953243552,0.0,0.0,0.0,0.0,0.0,0.0,0.0,0.0,0.0,0.0
119,2980.8445,63.025032,2.0824206,57.29429223044691,57.29429223044691,0.0,0.0,0.0,0.0,0.0,0.0,0.0,0.0,0.0,0.0
120,2981.53,58.4737,2.0242567,57.27183493839572,57.27183493839572,0.0,0.0,0.0,0.0,0.0,0.0,0.0,0.0,0.0,0.0
121,2982.2175,64.61267,2.087555,57.24932768762055,57.24932768762055,0.0,0.0,0.0,0.0,0.0,0.0,0.0,0.0,0.0,0.0
122,2982.9036,62.777958,2.055268,57.22688237796826,57.22688237796826,0.0,0.0,0.0,0.0,0.0,0.0,0.0,0.0,0.0,0.0
123,2983.5898,57.03204,1.9859341,57.20444304662113,57.20444304662113,0.0,0.0,0.0,0.0,0.0,0.0,0.0,0.0,0.0,0.0
124,2984.2778,57.323364,1.978528,57.181961845181085,57.181961845181085,0.0,0.0,0.0,0.0,0.0,0.0,0.0,0.0,0.0,0.0
125,2984.9646,62.296722,2.0223093,57.15953450921412,57.15953450921412,0.0,0.0,0.0,0.0,0.0,0.0,0.0,0.0,0.0,0.0
126,2985.6528,59.823284,1.9808756,57.1370733340114,57.1370733340114,0.0,0.0,0.0,0.0,0.0,0.0,0.0,0.0,0.0,0.0
127,2986.3396,59.975925,1.9786876,57.114673921039575,57.114673921039575,0.0,0.0,0.0,0.0,0.0,0.0,0.0,0.0,0.0,0.0
128,2987.0283,58.90054,1.9838916,57.09222479376492,57.09222479376492,0.0,0.0,0.0,0.0,0.0,0.0,0.0,0.0,0.0,0.0
129,2987.7156,57.62054,1.9437248,57.06983736521614,57.06983736521614,0.0,0.0,0.0,0.0,0.0,0.0,0.0,0.0,0.0,0.0
130,2988.4026,57.893124,1.9534376,57.04747180697752,57.04747180697752,0.0,0.0,0.0,0.0,0.0,0.0,0.0,0.0,0.0,0.0
131,2989.0918,58.318146,1.9332551,57.02504868694352,57.02504868694352,0.0,0.0,0.0,0.0,0.0,0.0,0.0,0.0,0.0,0.0
132,2989.78,56.620224,1.9147942,57.00267128946828,57.00267128946828,0.0,0.0,0.0,0.0,0.0,0.0,0.0,0.0,0.0,0.0
133,2990.4692,58.352604,1.9155976,56.980276098131924,56.980276098131924,0.0,0.0,0.0,0.0,0.0,0.0,0.0,0.0,0.0,0.0
134,2991.1572,57.60385,1.8986847,56.95793449170102,56.95793449170102,0.0,0.0,0.0,0.0,0.0,0.0,0.0,0.0,0.0,0.0
135,2991.8472,56.99432,1.902808,56.93554341418382,56.93554341418382,0.0,0.0,0.0,0.0,0.0,0.0,0.0,0.0,0.0,0.0
136,2992.5354,56.276096,1.8649505,56.913221709721356,56.913221709721356,0.0,0.0,0.0,0.0,0.0,0.0,0.0,0.0,0.0,0.0
137,2993.2239,53.838314,1.8528594,56.89090597561721,56.89090597561721,0.0,0.0,0.0,0.0,0.0,0.0,0.0,0.0,0.0,0.0
138,2993.914,56.613724,1.8570445,56.86854877885283,56.86854877885283,0.0,0.0,0.0,0.0,0.0,0.0,0.0,0.0,0.0,0.0
139,2994.6025,54.367596,1.8426236,56.846260825925576,56.846260825925576,0.0,0.0,0.0,0.0,0.0,0.0,0.0,0.0,0.0,0.0
140,2995.2932,55.134987,1.830388,56.823915663258255,56.823915663258255,0.0,0.0,0.0,0.0,0.0,0.0,0.0,0.0,0.0,0.0
141,2995.9822,55.30736,1.8506645,56.801639671499565,56.801639671499565,0.0,0.0,0.0,0.0,0.0,0.0,0.0,0.0,0.0,0.0
142,2996.673,54.783592,1.8239224,56.77931444081019,56.77931444081019,0.0,0.0,0.0,0.0,0.0,0.0,0.0,0.0,0.0,0.0
143,2997.3625,57.403255,1.8719058,56.75705041693207,56.75705041693207,0.0,0.0,0.0,0.0,0.0,0.0,0.0,0.0,0.0,0.0
144,2998.0537,56.557484,1.8593531,56.73474510517389,56.73474510517389,0.0,0.0,0.0,0.0,0.0,0.0,0.0,0.0,0.0,0.0
145,2998.7434,52.05355,1.822402,56.71250092744135,56.71250092744135,0.0,0.0,0.0,0.0,0.0,0.0,0.0,0.0,0.0,0.0
146,2999.4333,56.598896,1.8699086,56.69026271681917,56.69026271681917,0.0,0.0,0.0,0.0,0.0,0.0,0.0,0.0,0.0,0.0
147,3000.125,55.01652,1.8551815,56.66798330540217,56.66798330540217,0.0,0.0,0.0,0.0,0.0,0.0,0.0,0.0,0.0,0.0
148,3000.8152,50.312508,1.9433484,56.64576492393538,56.64576492393538,0.0,0.0,0.0,0.0,0.0,0.0,0.0,0.0,0.0,0.0
149,3001.507,57.266617,2.0360103,56.623505396379905,56.623505396379905,0.0,0.0,0.0,0.0,0.0,0.0,0.0,0.0,0.0,0.0
150,3002.1975,56.661785,2.0359993,56.60130682619898,56.60130682619898,0.0,0.0,0.0,0.0,0.0,0.0,0.0,0.0,0.0,0.0
151,3002.89,54.9077,1.8733357,56.57905932232397,56.57905932232397,0.0,0.0,0.0,0.0,0.0,0.0,0.0,0.0,0.0,0.0
152,3003.5808,52.912113,1.8325834,56.5568727130954,56.5568727130954,0.0,0.0,0.0,0.0,0.0,0.0,0.0,0.0,0.0,0.0
153,3004.2722,52.656403,1.8250105,56.53468423908152,56.53468423908152,0.0,0.0,0.0,0.0,0.0,0.0,0.0,0.0,0.0,0.0
154,3004.9648,53.23581,1.8247256,56.5124704349844,56.5124704349844,0.0,0.0,0.0,0.0,0.0,0.0,0.0,0.0,0.0,0.0
155,3005.6562,52.63498,1.8089105,56.49030958935165,56.49030958935165,0.0,0.0,0.0,0.0,0.0,0.0,0.0,0.0,0.0,0.0
156,3006.3494,53.54224,1.8166032,56.46810780311592,56.46810780311592,0.0,0.0,0.0,0.0,0.0,0.0,0.0,0.0,0.0,0.0
157,3007.0408,52.895905,1.8125482,56.44597454848756,56.44597454848756,0.0,0.0,0.0,0.0,0.0,0.0,0.0,0.0,0.0,0.0
158,3007.7341,53.504898,1.8178419,56.42379258975365,56.42379258975365,0.0,0.0,0.0,0.0,0.0,0.0,0.0,0.0,0.0,0.0
159,3008.426,53.84486,1.8284419,56.40167127743378,56.40167127743378,0.0,0.0,0.0,0.0,0.0,0.0,0.0,0.0,0.0,0.0
160,3009.1182,51.838478,1.7792535,56.379555923519014,56.379555923519014,0.0,0.0,0.0,0.0,0.0,0.0,0.0,0.0,0.0,0.0
161,3009.8123,49.955338,1.7870966,56.3573919760189,56.3573919760189,0.0,0.0,0.0,0.0,0.0,0.0,0.0,0.0,0.0,0.0
162,3010.5044,53.879322,1.8106478,56.33530415873792,56.33530415873792,0.0,0.0,0.0,0.0,0.0,0.0,0.0,0.0,0.0,0.0
163,3011.1987,50.778896,1.8051066,56.313160018187936,56.313160018187936,0.0,0.0,0.0,0.0,0.0,0.0,0.0,0.0,0.0,0.0
164,3011.8914,54.3465,1.7981526,56.2910841374388,56.2910841374388,0.0,0.0,0.0,0.0,0.0,0.0,0.0,0.0,0.0,0.0
165,3012.586,54.191536,1.8079596,56.26895979073674,56.26895979073674,0.0,0.0,0.0,0.0,0.0,0.0,0.0,0.0,0.0,0.0
166,3013.279,49.78756,1.7478874,56.24689585288798,56.24689585288798,0.0,0.0,0.0,0.0,0.0,0.0,0.0,0.0,0.0,0.0
167,3013.9722,51.79988,1.7781078,56.22484563823874,56.22484563823874,0.0,0.0,0.0,0.0,0.0,0.0,0.0,0.0,0.0,0.0
168,3014.6675,51.49173,1.7745737,56.20273929830382,56.20273929830382,0.0,0.0,0.0,0.0,0.0,0.0,0.0,0.0,0.0,0.0
169,3015.3613,51.893387,1.7573937,56.18069327398156,56.18069327398156,0.0,0.0,0.0,0.0,0.0,0.0,0.0,0.0,0.0,0.0
170,3016.0566,50.363594,1.7441311,56.15861446685682,56.15861446685682,0.0,0.0,0.0,0.0,0.0,0.0,0.0,0.0,0.0,0.0
171,3016.7505,49.251736,1.7057294,56.13659589390326,56.13659589390326,0.0,0.0,0.0,0.0,0.0,0.0,0.0,0.0,0.0,0.0
172,3017.446,49.865814,1.714533,56.114536832315736,56.114536832315736,0.0,0.0,0.0,0.0,0.0,0.0,0.0,0.0,0.0,0.0
173,3018.1401,50.619175,1.7134641,56.09253793323354,56.09253793323354,0.0,0.0,0.0,0.0,0.0,0.0,0.0,0.0,0.0,0.0
174,3018.8342,50.799507,1.7157835,56.07055271410878,56.07055271410878,0.0,0.0,0.0,0.0,0.0,0.0,0.0,0.0,0.0,0.0
175,3019.5305,49.798916,1.6971331,56.048511630302315,56.048511630302315,0.0,0.0,0.0,0.0,0.0,0.0,0.0,0.0,0.0,0.0
176,3020.225,51.403458,1.7098991,56.026538337217545,56.026538337217545,0.0,0.0,0.0,0.0,0.0,0.0,0.0,0.0,0.0,0.0
177,3020.9216,52.007584,1.7168865,56.00451697819897,56.00451697819897,0.0,0.0,0.0,0.0,0.0,0.0,0.0,0.0,0.0,0.0
178,3021.6165,50.05086,1.6946355,55.982563328803685,55.982563328803685,0.0,0.0,0.0,0.0,0.0,0.0,0.0,0.0,0.0,0.0
179,3022.3135,48.51346,1.6761924,55.96055396996574,55.96055396996574,0.0,0.0,0.0,0.0,0.0,0.0,0.0,0.0,0.0,0.0
180,3023.0088,49.223007,1.6843938,55.93861224934236,55.93861224934236,0.0,0.0,0.0,0.0,0.0,0.0,0.0,0.0,0.0,0.0
181,3023.704,53.4724,1.7494181,55.91668417510259,55.91668417510259,0.0,0.0,0.0,0.0,0.0,0.0,0.0,0.0,0.0,0.0
182,3024.4014,54.46102,1.7676655,55.89470819740271,55.89470819740271,0.0,0.0,0.0,0.0,0.0,0.0,0.0,0.0,0.0,0.0
183,3025.0972,52.196915,1.7489734,55.872792044350916,55.872792044350916,0.0,0.0,0.0,0.0,0.0,0.0,0.0,0.0,0.0,0.0
184,3025.795,50.49316,1.7379757,55.85082806034563,55.85082806034563,0.0,0.0,0.0,0.0,0.0,0.0,0.0,0.0,0.0,0.0
185,3026.491,51.53699,1.7702572,55.82893151725792,55.82893151725792,0.0,0.0,0.0,0.0,0.0,0.0,0.0,0.0,0.0,0.0
186,3027.189,52.358902,1.783292,55.80698720605173,55.80698720605173,0.0,0.0,0.0,0.0,0.0,0.0,0.0,0.0,0.0,0.0
187,3027.8853,51.386543,1.7813535,55.785110255065774,55.785110255065774,0.0,0.0,0.0,0.0,0.0,0.0,0.0,0.0,0.0,0.0
188,3028.5818,54.20586,1.7900683,55.763239243761575,55.763239243761575,0.0,0.0,0.0,0.0,0.0,0.0,0.0,0.0,0.0,0.0
189,3029.2803,54.380505,1.8034611,55.741320563164756,55.741320563164756,0.0,0.0,0.0,0.0,0.0,0.0,0.0,0.0,0.0,0.0
190,3029.9768,50.796917,1.7471439,55.71947678079494,55.71947678079494,0.0,0.0,0.0,0.0,0.0,0.0,0.0,0.0,0.0,0.0
191,3030.6755,50.350193,1.7588737,55.69757773292705,55.69757773292705,0.0,0.0,0.0,0.0,0.0,0.0,0.0,0.0,0.0,0.0
192,3031.3728,52.75367,1.7874019,55.6757382042811,55.6757382042811,0.0,0.0,0.0,0.0,0.0,0.0,0.0,0.0,0.0,0.0
193,3032.0718,49.93424,1.7341524,55.65385878074701,55.65385878074701,0.0,0.0,0.0,0.0,0.0,0.0,0.0,0.0,0.0,0.0
194,3032.7693,50.674774,1.7554673,55.63203880557961,55.63203880557961,0.0,0.0,0.0,0.0,0.0,0.0,0.0,0.0,0.0,0.0
195,3033.467,53.98524,1.7982163,55.61022476990055,55.61022476990055,0.0,0.0,0.0,0.0,0.0,0.0,0.0,0.0,0.0,0.0
196,3034.1667,55.01846,1.8105272,55.588363297919436,55.588363297919436,0.0,0.0,0.0,0.0,0.0,0.0,0.0,0.0,0.0,0.0
197,3034.8645,53.18088,1.8026001,55.566576423954274,55.566576423954274,0.0,0.0,0.0,0.0,0.0,0.0,0.0,0.0,0.0,0.0
198,3035.5645,53.738018,1.8085958,55.54473455049086,55.54473455049086,0.0,0.0,0.0,0.0,0.0,0.0,0.0,0.0,0.0,0.0
199,3036.263,53.523148,1.8078659,55.522951962886864,55.522951962886864,0.0,0.0,0.0,0.0,0.0,0.0,0.0,0.0,0.0,0.0
200,3036.9631,51.429153,1.7922289,55.50112967949403,55.50112967949403,0.0,0.0,0.0,0.0,0.0,0.0,0.0,0.0,0.0,0.0
201,3037.6616,53.235653,1.8186553,55.47937421314263,55.47937421314263,0.0,0.0,0.0,0.0,0.0,0.0,0.0,0.0,0.0,0.0
202,3038.3604,55.517654,1.8236091,55.45762467647744,55.45762467647744,0.0,0.0,0.0,0.0,0.0,0.0,0.0,0.0,0.0,0.0
203,3039.061,51.793884,1.7926316,55.43582792588166,55.43582792588166,0.0,0.0,0.0,0.0,0.0,0.0,0.0,0.0,0.0,0.0
204,3039.7603,52.392376,1.7763754,55.41409028960288,55.41409028960288,0.0,0.0,0.0,0.0,0.0,0.0,0.0,0.0,0.0,0.0
205,3040.4612,50.18085,1.756153,55.39231309371247,55.39231309371247,0.0,0.0,0.0,0.0,0.0,0.0,0.0,0.0,0.0,0.0
206,3041.1604,54.23843,1.7980417,55.37060251989373,55.37060251989373,0.0,0.0,0.0,0.0,0.0,0.0,0.0,0.0,0.0,0.0
207,3041.862,57.486015,1.835152,55.348829709198135,55.348829709198135,0.0,0.0,0.0,0.0,0.0,0.0,0.0,0.0,0.0,0.0
208,3042.562,55.53306,1.8199109,55.32712345969093,55.32712345969093,0.0,0.0,0.0,0.0,0.0,0.0,0.0,0.0,0.0,0.0
209,3043.262,53.54469,1.8000021,55.3054307128439,55.3054307128439,0.0,0.0,0.0,0.0,0.0,0.0,0.0,0.0,0.0,0.0
210,3043.9636,53.83709,1.7981429,55.283698542092964,55.283698542092964,0.0,0.0,0.0,0.0,0.0,0.0,0.0,0.0,0.0,0.0
211,3044.6638,50.819756,1.7780169,55.2620252443813,55.2620252443813,0.0,0.0,0.0,0.0,0.0,0.0,0.0,0.0,0.0,0.0
212,3045.3662,52.72571,1.7948438,55.2402974752795,55.2402974752795,0.0,0.0,0.0,0.0,0.0,0.0,0.0,0.0,0.0,0.0
213,3046.0667,54.69936,1.8175333,55.21864361826046,55.21864361826046,0.0,0.0,0.0,0.0,0.0,0.0,0.0,0.0,0.0,0.0
214,3046.769,53.841343,1.8102782,55.19694290133475,55.19694290133475,0.0,0.0,0.0,0.0,0.0,0.0,0.0,0.0,0.0,0.0
215,3047.4702,54.21038,1.7957947,55.17529339090224,55.17529339090224,0.0,0.0,0.0,0.0,0.0,0.0,0.0,0.0,0.0,0.0
216,3048.171,56.36207,1.8473283,55.15367241179003,55.15367241179003,0.0,0.0,0.0,0.0,0.0,0.0,0.0,0.0,0.0,0.0
217,3048.8743,55.920364,1.8280183,55.13198208107887,55.13198208107887,0.0,0.0,0.0,0.0,0.0,0.0,0.0,0.0,0.0,0.0
218,3049.5757,54.217335,1.8047401,55.11036545464004,55.11036545464004,0.0,0.0,0.0,0.0,0.0,0.0,0.0,0.0,0.0,0.0
219,3050.2788,53.878746,1.8049945,55.08870965300121,55.08870965300121,0.0,0.0,0.0,0.0,0.0,0.0,0.0,0.0,0.0,0.0
220,3050.9805,55.176365,1.813551,55.067112423590004,55.067112423590004,0.0,0.0,0.0,0.0,0.0,0.0,0.0,0.0,0.0,0.0
221,3051.684,55.478943,1.822061,55.045468563234074,55.045468563234074,0.0,0.0,0.0,0.0,0.0,0.0,0.0,0.0,0.0,0.0
222,3052.386,52.710945,1.7939782,55.02389071768959,55.02389071768959,0.0,0.0,0.0,0.0,0.0,0.0,0.0,0.0,0.0,0.0
223,3053.09,53.43449,1.7955496,55.00225880408181,55.00225880408181,0.0,0.0,0.0,0.0,0.0,0.0,0.0,0.0,0.0,0.0
224,3053.7925,52.91012,1.775648,54.98069283557665,54.98069283557665,0.0,0.0,0.0,0.0,0.0,0.0,0.0,0.0,0.0,0.0
225,3054.4949,55.410164,1.8321242,54.959140279753456,54.959140279753456,0.0,0.0,0.0,0.0,0.0,0.0,0.0,0.0,0.0,0.0
226,3055.1995,56.62399,1.8189559,54.93753376615831,54.93753376615831,0.0,0.0,0.0,0.0,0.0,0.0,0.0,0.0,0.0,0.0
227,3055.902,51.40156,1.7790551,54.91600056363405,54.91600056363405,0.0,0.0,0.0,0.0,0.0,0.0,0.0,0.0,0.0,0.0
228,3056.607,57.087666,1.8019308,54.89441347365291,54.89441347365291,0.0,0.0,0.0,0.0,0.0,0.0,0.0,0.0,0.0,0.0
229,3057.31,56.063366,1.782507,54.8728921362376,54.8728921362376,0.0,0.0,0.0,0.0,0.0,0.0,0.0,0.0,0.0,0.0
230,3058.0151,52.951023,1.7403843,54.85132445660074,54.85132445660074,0.0,0.0,0.0,0.0,0.0,0.0,0.0,0.0,0.0,0.0
231,3058.7185,52.03804,1.7086409,54.8298224507861,54.8298224507861,0.0,0.0,0.0,0.0,0.0,0.0,0.0,0.0,0.0,0.0
232,3059.4224,52.345387,1.7088847,54.80831890205676,54.80831890205676,0.0,0.0,0.0,0.0,0.0,0.0,0.0,0.0,0.0,0.0
233,3060.128,52.665752,1.7264966,54.78677656798372,54.78677656798372,0.0,0.0,0.0,0.0,0.0,0.0,0.0,0.0,0.0,0.0
234,3060.8315,56.268063,1.7814144,54.765307241613186,54.765307241613186,0.0,0.0,0.0,0.0,0.0,0.0,0.0,0.0,0.0,0.0
235,3061.5374,53.51934,1.7624055,54.74378427774552,54.74378427774552,0.0,0.0,0.0,0.0,0.0,0.0,0.0,0.0,0.0,0.0
236,3062.2417,58.04892,1.7766995,54.72231935808045,54.72231935808045,0.0,0.0,0.0,0.0,0.0,0.0,0.0,0.0,0.0,0.0
237,3062.9478,56.355793,1.7463667,54.700815755792775,54.700815755792775,0.0,0.0,0.0,0.0,0.0,0.0,0.0,0.0,0.0,0.0
238,3063.6526,50.683086,1.6936828,54.679362699937094,54.679362699937094,0.0,0.0,0.0,0.0,0.0,0.0,0.0,0.0,0.0,0.0
239,3064.3574,55.85703,1.7324404,54.65792298982323,54.65792298982323,0.0,0.0,0.0,0.0,0.0,0.0,0.0,0.0,0.0,0.0
240,3065.064,53.849335,1.7202673,54.63644467855269,54.63644467855269,0.0,0.0,0.0,0.0,0.0,0.0,0.0,0.0,0.0,0.0
241,3065.769,54.695446,1.7038809,54.6150242433755,54.6150242433755,0.0,0.0,0.0,0.0,0.0,0.0,0.0,0.0,0.0,0.0
242,3066.476,53.427402,1.6972164,54.59355784806666,54.59355784806666,0.0,0.0,0.0,0.0,0.0,0.0,0.0,0.0,0.0,0.0
243,3067.1814,54.91865,1.7176034,54.57215667461454,54.57215667461454,0.0,0.0,0.0,0.0,0.0,0.0,0.0,0.0,0.0,0.0
244,3067.889,57.728107,1.7372462,54.5507022004402,54.5507022004402,0.0,0.0,0.0,0.0,0.0,0.0,0.0,0.0,0.0,0.0
245,3068.5947,54.597225,1.7053212,54.529312879207986,54.529312879207986,0.0,0.0,0.0,0.0,0.0,0.0,0.0,0.0,0.0,0.0
246,3069.301,51.774727,1.6705562,54.50792207767274,54.50792207767274,0.0,0.0,0.0,0.0,0.0,0.0,0.0,0.0,0.0,0.0
247,3070.0085,52.775066,1.6522862,54.4865076508557,54.4865076508557,0.0,0.0,0.0,0.0,0.0,0.0,0.0,0.0,0.0,0.0
248,3070.7148,51.34478,1.6570586,54.46514348121154,54.46514348121154,0.0,0.0,0.0,0.0,0.0,0.0,0.0,0.0,0.0,0.0
249,3071.423,54.277557,1.6534746,54.44373357591909,54.44373357591909,0.0,0.0,0.0,0.0,0.0,0.0,0.0,0.0,0.0,0.0
250,3072.1294,57.505493,1.7035648,54.42239600653264,54.42239600653264,0.0,0.0,0.0,0.0,0.0,0.0,0.0,0.0,0.0,0.0
251,3072.838,51.989395,1.6454382,54.40100538361293,54.40100538361293,0.0,0.0,0.0,0.0,0.0,0.0,0.0,0.0,0.0,0.0
252,3073.545,53.430058,1.6393491,54.37967228137986,54.37967228137986,0.0,0.0,0.0,0.0,0.0,0.0,0.0,0.0,0.0,0.0
253,3074.252,54.19151,1.6646154,54.35835244879191,54.35835244879191,0.0,0.0,0.0,0.0,0.0,0.0,0.0,0.0,0.0,0.0
254,3074.961,52.886047,1.6394547,54.336987034959,54.336987034959,0.0,0.0,0.0,0.0,0.0,0.0,0.0,0.0,0.0,0.0
255,3075.6685,53.2613,1.6384544,54.31567904360666,54.31567904360666,0.0,0.0,0.0,0.0,0.0,0.0,0.0,0.0,0.0,0.0
256,3076.3774,53.67317,1.6432719,54.29434023153402,54.29434023153402,0.0,0.0,0.0,0.0,0.0,0.0,0.0,0.0,0.0,0.0
257,3077.0852,51.236805,1.6323733,54.27305142312414,54.27305142312414,0.0,0.0,0.0,0.0,0.0,0.0,0.0,0.0,0.0,0.0
258,3077.795,53.665333,1.648516,54.25171716211674,54.25171716211674,0.0,0.0,0.0,0.0,0.0,0.0,0.0,0.0,0.0,0.0
259,3078.503,52.493996,1.640191,54.23044752796596,54.23044752796596,0.0,0.0,0.0,0.0,0.0,0.0,0.0,0.0,0.0,0.0
260,3079.211,52.704395,1.6473008,54.209191120919535,54.209191120919535,0.0,0.0,0.0,0.0,0.0,0.0,0.0,0.0,0.0,0.0
261,3079.921,52.8822,1.674569,54.18788934607519,54.18788934607519,0.0,0.0,0.0,0.0,0.0,0.0,0.0,0.0,0.0,0.0
262,3080.6296,53.68249,1.7182811,54.16663744068378,54.16663744068378,0.0,0.0,0.0,0.0,0.0,0.0,0.0,0.0,0.0,0.0
263,3081.3398,56.345898,1.7342758,54.145354872895616,54.145354872895616,0.0,0.0,0.0,0.0,0.0,0.0,0.0,0.0,0.0,0.0
264,3082.0488,53.073498,1.6837459,54.12412211548276,54.12412211548276,0.0,0.0,0.0,0.0,0.0,0.0,0.0,0.0,0.0,0.0
265,3082.7595,55.038048,1.6690822,54.102851432134194,54.102851432134194,0.0,0.0,0.0,0.0,0.0,0.0,0.0,0.0,0.0,0.0
266,3083.4688,53.357464,1.6316981,54.08163780942702,54.08163780942702,0.0,0.0,0.0,0.0,0.0,0.0,0.0,0.0,0.0,0.0
267,3084.178,51.426064,1.6183294,54.06043738045445,54.06043738045445,0.0,0.0,0.0,0.0,0.0,0.0,0.0,0.0,0.0,0.0
268,3084.8894,52.084717,1.6030611,54.03918451410098,54.03918451410098,0.0,0.0,0.0,0.0,0.0,0.0,0.0,0.0,0.0,0.0
269,3085.599,51.829815,1.5978162,54.01799590657352,54.01799590657352,0.0,0.0,0.0,0.0,0.0,0.0,0.0,0.0,0.0,0.0
270,3086.3105,50.78051,1.5941482,53.99676950306002,53.99676950306002,0.0,0.0,0.0,0.0,0.0,0.0,0.0,0.0,0.0,0.0
271,3087.0205,55.921387,1.6231353,53.975599994805044,53.975599994805044,0.0,0.0,0.0,0.0,0.0,0.0,0.0,0.0,0.0,0.0
272,3087.7324,50.648415,1.572383,53.95438546765856,53.95438546765856,0.0,0.0,0.0,0.0,0.0,0.0,0.0,0.0,0.0,0.0
273,3088.4426,50.471344,1.5675112,53.93323504540055,53.93323504540055,0.0,0.0,0.0,0.0,0.0,0.0,0.0,0.0,0.0,0.0
274,3089.1533,56.649094,1.6291939,53.91208324666306,53.91208324666306,0.0,0.0,0.0,0.0,0.0,0.0,0.0,0.0,0.0,0.0
275,3089.8655,53.207806,1.6027501,53.890901049848374,53.890901049848374,0.0,0.0,0.0,0.0,0.0,0.0,0.0,0.0,0.0,0.0
276,3090.5764,52.265404,1.5929208,53.86976832852007,53.86976832852007,0.0,0.0,0.0,0.0,0.0,0.0,0.0,0.0,0.0,0.0
277,3091.289,53.898685,1.6096653,53.848597999595775,53.848597999595775,0.0,0.0,0.0,0.0,0.0,0.0,0.0,0.0,0.0,0.0
278,3092.0002,52.372402,1.5942,53.82748434238014,53.82748434238014,0.0,0.0,0.0,0.0,0.0,0.0,0.0,0.0,0.0,0.0
279,3092.7134,50.724937,1.591797,53.806325886049095,53.806325886049095,0.0,0.0,0.0,0.0,0.0,0.0,0.0,0.0,0.0,0.0
280,3093.4248,52.71072,1.6156292,53.785231279645274,53.785231279645274,0.0,0.0,0.0,0.0,0.0,0.0,0.0,0.0,0.0,0.0
281,3094.1362,55.51074,1.6295153,53.76414979124505,53.76414979124505,0.0,0.0,0.0,0.0,0.0,0.0,0.0,0.0,0.0,0.0
282,3094.8499,51.587482,1.6058029,53.743016359469856,53.743016359469856,0.0,0.0,0.0,0.0,0.0,0.0,0.0,0.0,0.0,0.0
283,3095.5623,51.66298,1.5937502,53.72193222081036,53.72193222081036,0.0,0.0,0.0,0.0,0.0,0.0,0.0,0.0,0.0,0.0
284,3096.276,54.82899,1.6226852,53.700825108587836,53.700825108587836,0.0,0.0,0.0,0.0,0.0,0.0,0.0,0.0,0.0,0.0
285,3096.9885,54.563087,1.6093756,53.67976000774565,53.67976000774565,0.0,0.0,0.0,0.0,0.0,0.0,0.0,0.0,0.0,0.0
286,3097.7026,50.85468,1.5761462,53.65866475508362,53.65866475508362,0.0,0.0,0.0,0.0,0.0,0.0,0.0,0.0,0.0,0.0
287,3098.4153,50.078632,1.549345,53.63762588404096,53.63762588404096,0.0,0.0,0.0,0.0,0.0,0.0,0.0,0.0,0.0,0.0
288,3099.1282,53.23443,1.5771528,53.61659289684403,53.61659289684403,0.0,0.0,0.0,0.0,0.0,0.0,0.0,0.0,0.0,0.0
289,3099.8428,53.22324,1.5961354,53.5955226176693,53.5955226176693,0.0,0.0,0.0,0.0,0.0,0.0,0.0,0.0,0.0,0.0
290,3100.556,53.63643,1.5870466,53.5745086237687,53.5745086237687,0.0,0.0,0.0,0.0,0.0,0.0,0.0,0.0,0.0,0.0
291,3101.271,52.43339,1.584594,53.553450199858275,53.553450199858275,0.0,0.0,0.0,0.0,0.0,0.0,0.0,0.0,0.0,0.0
292,3101.9846,50.307655,1.5557675,53.53244800301481,53.53244800301481,0.0,0.0,0.0,0.0,0.0,0.0,0.0,0.0,0.0,0.0
293,3102.6997,51.505703,1.5897655,53.511415800233465,53.511415800233465,0.0,0.0,0.0,0.0,0.0,0.0,0.0,0.0,0.0,0.0
294,3103.4136,53.791103,1.62604,53.49043257451529,53.49043257451529,0.0,0.0,0.0,0.0,0.0,0.0,0.0,0.0,0.0,0.0
295,3104.1277,54.143032,1.5988275,53.46945523066126,53.46945523066126,0.0,0.0,0.0,0.0,0.0,0.0,0.0,0.0,0.0,0.0
296,3104.8433,54.26018,1.6066879,53.4484479457053,53.4484479457053,0.0,0.0,0.0,0.0,0.0,0.0,0.0,0.0,0.0,0.0
297,3105.5574,54.59357,1.5942509,53.4274967158204,53.4274967158204,0.0,0.0,0.0,0.0,0.0,0.0,0.0,0.0,0.0,0.0
298,3106.2737,53.85469,1.6055534,53.40649410772066,53.40649410772066,0.0,0.0,0.0,0.0,0.0,0.0,0.0,0.0,0.0,0.0
299,3106.9883,52.378864,1.5877303,53.38555465729975,53.38555465729975,0.0,0.0,0.0,0.0,0.0,0.0,0.0,0.0,0.0,0.0
300,3107.7046,54.570118,1.5950693,53.364578198868685,53.364578198868685,0.0,0.0,0.0,0.0,0.0,0.0,0.0,0.0,0.0,0.0
301,3108.4197,53.81747,1.5861591,53.34365052794788,53.34365052794788,0.0,0.0,0.0,0.0,0.0,0.0,0.0,0.0,0.0,0.0
302,3109.1365,52.069004,1.5751587,53.32268590688394,53.32268590688394,0.0,0.0,0.0,0.0,0.0,0.0,0.0,0.0,0.0,0.0
303,3109.8518,53.483692,1.582506,53.301777158232106,53.301777158232106,0.0,0.0,0.0,0.0,0.0,0.0,0.0,0.0,0.0,0.0
304,3110.5671,56.34974,1.6294783,53.28088141433843,53.28088141433843,0.0,0.0,0.0,0.0,0.0,0.0,0.0,0.0,0.0,0.0
305,3111.2844,55.540176,1.5960324,53.25994166415542,53.25994166415542,0.0,0.0,0.0,0.0,0.0,0.0,0.0,0.0,0.0,0.0
306,3112.0002,53.480106,1.5735492,53.23905769087306,53.23905769087306,0.0,0.0,0.0,0.0,0.0,0.0,0.0,0.0,0.0,0.0
307,3112.7178,54.964504,1.5979549,53.21813689395911,53.21813689395911,0.0,0.0,0.0,0.0,0.0,0.0,0.0,0.0,0.0,0.0
308,3113.4338,55.55479,1.5924947,53.197271807373454,53.197271807373454,0.0,0.0,0.0,0.0,0.0,0.0,0.0,0.0,0.0,0.0
309,3114.1519,54.820553,1.5918864,53.176362838610004,53.176362838610004,0.0,0.0,0.0,0.0,0.0,0.0,0.0,0.0,0.0,0.0
310,3114.8682,54.86096,1.5790879,53.1555166253683,53.1555166253683,0.0,0.0,0.0,0.0,0.0,0.0,0.0,0.0,0.0,0.0
311,3115.5847,56.415627,1.6003333,53.134676276359336,53.134676276359336,0.0,0.0,0.0,0.0,0.0,0.0,0.0,0.0,0.0,0.0
312,3116.3032,56.952847,1.6187071,53.11379213578179,53.11379213578179,0.0,0.0,0.0,0.0,0.0,0.0,0.0,0.0,0.0,0.0
313,3117.02,56.91502,1.6234803,53.09297064231912,53.09297064231912,0.0,0.0,0.0,0.0,0.0,0.0,0.0,0.0,0.0,0.0
314,3117.739,56.32887,1.6069024,53.072098329499255,53.072098329499255,0.0,0.0,0.0,0.0,0.0,0.0,0.0,0.0,0.0,0.0
315,3118.4563,58.350586,1.6520796,53.05128859746589,53.05128859746589,0.0,0.0,0.0,0.0,0.0,0.0,0.0,0.0,0.0,0.0
316,3119.1753,59.672485,1.6328166,53.03044227370792,53.03044227370792,0.0,0.0,0.0,0.0,0.0,0.0,0.0,0.0,0.0,0.0
317,3119.893,56.186142,1.6112949,53.00964430297127,53.00964430297127,0.0,0.0,0.0,0.0,0.0,0.0,0.0,0.0,0.0,0.0
318,3120.6104,58.219387,1.6052833,52.98887340554733,52.98887340554733,0.0,0.0,0.0,0.0,0.0,0.0,0.0,0.0,0.0,0.0
319,3121.33,56.311077,1.5801332,52.96804478632515,52.96804478632515,0.0,0.0,0.0,0.0,0.0,0.0,0.0,0.0,0.0,0.0
320,3122.0479,55.188778,1.5604639,52.94728562357332,52.94728562357332,0.0,0.0,0.0,0.0,0.0,0.0,0.0,0.0,0.0,0.0
321,3122.7683,56.737408,1.5764754,52.926461768165936,52.926461768165936,0.0,0.0,0.0,0.0,0.0,0.0,0.0,0.0,0.0,0.0
322,3123.4866,57.716293,1.591409,52.90571435309653,52.90571435309653,0.0,0.0,0.0,0.0,0.0,0.0,0.0,0.0,0.0,0.0
323,3124.207,55.847595,1.5737718,52.88491642865799,52.88491642865799,0.0,0.0,0.0,0.0,0.0,0.0,0.0,0.0,0.0,0.0
324,3124.9255,56.892773,1.5765051,52.86418780224738,52.86418780224738,0.0,0.0,0.0,0.0,0.0,0.0,0.0,0.0,0.0,0.0
325,3125.6445,58.613953,1.6034921,52.84345798970658,52.84345798970658,0.0,0.0,0.0,0.0,0.0,0.0,0.0,0.0,0.0,0.0
326,3126.3657,58.354454,1.6102581,52.822677779443005,52.822677779443005,0.0,0.0,0.0,0.0,0.0,0.0,0.0,0.0,0.0,0.0
327,3127.0845,57.11839,1.5931093,52.801980811291536,52.801980811291536,0.0,0.0,0.0,0.0,0.0,0.0,0.0,0.0,0.0,0.0
328,3127.8057,56.835026,1.5968336,52.78122646980855,52.78122646980855,0.0,0.0,0.0,0.0,0.0,0.0,0.0,0.0,0.0,0.0
329,3128.5254,57.515976,1.5875064,52.76052718374025,52.76052718374025,0.0,0.0,0.0,0.0,0.0,0.0,0.0,0.0,0.0,0.0
330,3129.2468,57.061123,1.5937744,52.73979166954072,52.73979166954072,0.0,0.0,0.0,0.0,0.0,0.0,0.0,0.0,0.0,0.0
331,3129.9666,59.9802,1.6148773,52.71911815554247,52.71911815554247,0.0,0.0,0.0,0.0,0.0,0.0,0.0,0.0,0.0,0.0
332,3130.687,61.470352,1.6440601,52.69843647729326,52.69843647729326,0.0,0.0,0.0,0.0,0.0,0.0,0.0,0.0,0.0,0.0
333,3131.4087,58.901676,1.6063033,52.67773265944824,52.67773265944824,0.0,0.0,0.0,0.0,0.0,0.0,0.0,0.0,0.0,0.0
334,3132.1294,56.74438,1.5836208,52.65706973354594,52.65706973354594,0.0,0.0,0.0,0.0,0.0,0.0,0.0,0.0,0.0,0.0
335,3132.8513,58.412792,1.5834005,52.63638469840123,52.63638469840123,0.0,0.0,0.0,0.0,0.0,0.0,0.0,0.0,0.0,0.0
336,3133.5718,54.200245,1.5489335,52.61575448456695,52.61575448456695,0.0,0.0,0.0,0.0,0.0,0.0,0.0,0.0,0.0,0.0
337,3134.2947,54.888428,1.5530564,52.5950672524151,52.5950672524151,0.0,0.0,0.0,0.0,0.0,0.0,0.0,0.0,0.0,0.0
338,3135.0156,56.082348,1.5561402,52.57444876228866,52.57444876228866,0.0,0.0,0.0,0.0,0.0,0.0,0.0,0.0,0.0,0.0
339,3135.737,57.10601,1.5695735,52.55382914190044,52.55382914190044,0.0,0.0,0.0,0.0,0.0,0.0,0.0,0.0,0.0,0.0
340,3136.4597,56.868225,1.5548601,52.533187492288995,52.533187492288995,0.0,0.0,0.0,0.0,0.0,0.0,0.0,0.0,0.0,0.0
341,3137.1816,54.106644,1.5317166,52.51257960377282,52.51257960377282,0.0,0.0,0.0,0.0,0.0,0.0,0.0,0.0,0.0,0.0
342,3137.905,54.526875,1.5320389,52.49194276222921,52.49194276222921,0.0,0.0,0.0,0.0,0.0,0.0,0.0,0.0,0.0,0.0
343,3138.627,55.53196,1.5435255,52.47136053487679,52.47136053487679,0.0,0.0,0.0,0.0,0.0,0.0,0.0,0.0,0.0,0.0
344,3139.3506,55.23056,1.5456933,52.45074243062806,52.45074243062806,0.0,0.0,0.0,0.0,0.0,0.0,0.0,0.0,0.0,0.0
345,3140.0725,54.454502,1.5338206,52.430185825016096,52.430185825016096,0.0,0.0,0.0,0.0,0.0,0.0,0.0,0.0,0.0,0.0
346,3140.7952,55.051414,1.5410011,52.40962116268944,52.40962116268944,0.0,0.0,0.0,0.0,0.0,0.0,0.0,0.0,0.0,0.0
347,3141.5193,57.52587,1.5667706,52.38902764855809,52.38902764855809,0.0,0.0,0.0,0.0,0.0,0.0,0.0,0.0,0.0,0.0
348,3142.242,58.476936,1.5643219,52.368488590034055,52.368488590034055,0.0,0.0,0.0,0.0,0.0,0.0,0.0,0.0,0.0,0.0
349,3142.9666,53.423206,1.5363103,52.34790684494818,52.34790684494818,0.0,0.0,0.0,0.0,0.0,0.0,0.0,0.0,0.0,0.0
350,3143.69,54.863056,1.5324262,52.32737257097364,52.32737257097364,0.0,0.0,0.0,0.0,0.0,0.0,0.0,0.0,0.0,0.0
351,3144.4148,56.434868,1.5511388,52.30680953110804,52.30680953110804,0.0,0.0,0.0,0.0,0.0,0.0,0.0,0.0,0.0,0.0
352,3145.1387,54.792854,1.5262896,52.28628698652496,52.28628698652496,0.0,0.0,0.0,0.0,0.0,0.0,0.0,0.0,0.0,0.0
353,3145.862,55.119827,1.5261593,52.26579104432561,52.26579104432561,0.0,0.0,0.0,0.0,0.0,0.0,0.0,0.0,0.0,0.0
354,3146.5876,53.275375,1.5058767,52.24524564860527,52.24524564860527,0.0,0.0,0.0,0.0,0.0,0.0,0.0,0.0,0.0,0.0
355,3147.3113,53.720936,1.5079738,52.22476831570712,52.22476831570712,0.0,0.0,0.0,0.0,0.0,0.0,0.0,0.0,0.0,0.0
356,3148.0366,54.250103,1.5183547,52.204255398037695,52.204255398037695,0.0,0.0,0.0,0.0,0.0,0.0,0.0,0.0,0.0,0.0
357,3148.7612,53.31214,1.5099524,52.18377595432888,52.18377595432888,0.0,0.0,0.0,0.0,0.0,0.0,0.0,0.0,0.0,0.0
358,3149.487,53.230976,1.5034283,52.163274785919306,52.163274785919306,0.0,0.0,0.0,0.0,0.0,0.0,0.0,0.0,0.0,0.0
359,3150.212,55.587513,1.5231028,52.14281395043664,52.14281395043664,0.0,0.0,0.0,0.0,0.0,0.0,0.0,0.0,0.0,0.0
360,3150.9365,54.636536,1.5214052,52.12237273035648,52.12237273035648,0.0,0.0,0.0,0.0,0.0,0.0,0.0,0.0,0.0,0.0
361,3151.6633,58.10444,1.5486158,52.10188229424002,52.10188229424002,0.0,0.0,0.0,0.0,0.0,0.0,0.0,0.0,0.0,0.0
362,3152.3882,53.89471,1.4988647,52.081459647205186,52.081459647205186,0.0,0.0,0.0,0.0,0.0,0.0,0.0,0.0,0.0,0.0
363,3153.1152,52.002735,1.4708265,52.06098784811312,52.06098784811312,0.0,0.0,0.0,0.0,0.0,0.0,0.0,0.0,0.0,0.0
364,3153.8406,55.107124,1.493711,52.04057688847646,52.04057688847646,0.0,0.0,0.0,0.0,0.0,0.0,0.0,0.0,0.0,0.0
365,3154.5679,53.601566,1.4836298,52.020123712879254,52.020123712879254,0.0,0.0,0.0,0.0,0.0,0.0,0.0,0.0,0.0,0.0
366,3155.294,54.24798,1.4925853,51.99971758493111,51.99971758493111,0.0,0.0,0.0,0.0,0.0,0.0,0.0,0.0,0.0,0.0
367,3156.0195,54.930847,1.5141709,51.97933786439939,51.97933786439939,0.0,0.0,0.0,0.0,0.0,0.0,0.0,0.0,0.0,0.0
368,3156.7476,56.223843,1.5285636,51.95890230479205,51.95890230479205,0.0,0.0,0.0,0.0,0.0,0.0,0.0,0.0,0.0,0.0
369,3157.4734,55.87394,1.5201027,51.9385411081385,51.9385411081385,0.0,0.0,0.0,0.0,0.0,0.0,0.0,0.0,0.0,0.0
370,3158.2017,54.053646,1.4924488,51.91812414460738,51.91812414460738,0.0,0.0,0.0,0.0,0.0,0.0,0.0,0.0,0.0,0.0
371,3158.928,53.63059,1.4796259,51.897774616084625,51.897774616084625,0.0,0.0,0.0,0.0,0.0,0.0,0.0,0.0,0.0,0.0
372,3159.657,53.794594,1.4732546,51.87736256752293,51.87736256752293,0.0,0.0,0.0,0.0,0.0,0.0,0.0,0.0,0.0,0.0
373,3160.3833,54.0999,1.482956,51.85703837829468,51.85703837829468,0.0,0.0,0.0,0.0,0.0,0.0,0.0,0.0,0.0,0.0
374,3161.1108,56.584713,1.5105445,51.83669269272002,51.83669269272002,0.0,0.0,0.0,0.0,0.0,0.0,0.0,0.0,0.0,0.0
375,3161.8394,56.297424,1.5193436,51.81633238479026,51.81633238479026,0.0,0.0,0.0,0.0,0.0,0.0,0.0,0.0,0.0,0.0
376,3162.567,54.61612,1.5068587,51.796012028978694,51.796012028978694,0.0,0.0,0.0,0.0,0.0,0.0,0.0,0.0,0.0,0.0
377,3163.2964,56.53694,1.5261741,51.7756498130183,51.7756498130183,0.0,0.0,0.0,0.0,0.0,0.0,0.0,0.0,0.0,0.0
378,3164.0237,53.7108,1.5066867,51.75536156904442,51.75536156904442,0.0,0.0,0.0,0.0,0.0,0.0,0.0,0.0,0.0,0.0
379,3164.7534,54.99406,1.5020437,51.73501789460586,51.73501789460586,0.0,0.0,0.0,0.0,0.0,0.0,0.0,0.0,0.0,0.0
380,3165.4814,56.123028,1.5170525,51.71473450306964,51.71473450306964,0.0,0.0,0.0,0.0,0.0,0.0,0.0,0.0,0.0,0.0
381,3166.212,56.398895,1.5034695,51.694395769678096,51.694395769678096,0.0,0.0,0.0,0.0,0.0,0.0,0.0,0.0,0.0,0.0
382,3166.94,56.46392,1.509896,51.67413763775908,51.67413763775908,0.0,0.0,0.0,0.0,0.0,0.0,0.0,0.0,0.0,0.0
383,3167.6687,56.397953,1.5176963,51.65387173697883,51.65387173697883,0.0,0.0,0.0,0.0,0.0,0.0,0.0,0.0,0.0,0.0
384,3168.3992,57.94191,1.5367392,51.63357096299205,51.63357096299205,0.0,0.0,0.0,0.0,0.0,0.0,0.0,0.0,0.0,0.0
385,3169.1277,58.8218,1.5521371,51.613337073975806,51.613337073975806,0.0,0.0,0.0,0.0,0.0,0.0,0.0,0.0,0.0,0.0
386,3169.8584,56.79061,1.5182686,51.59305479198705,51.59305479198705,0.0,0.0,0.0,0.0,0.0,0.0,0.0,0.0,0.0,0.0
387,3170.588,56.590668,1.5352216,51.57281900361008,51.57281900361008,0.0,0.0,0.0,0.0,0.0,0.0,0.0,0.0,0.0,0.0
388,3171.319,57.61592,1.5289141,51.552548442496786,51.552548442496786,0.0,0.0,0.0,0.0,0.0,0.0,0.0,0.0,0.0,0.0
389,3172.0483,55.730278,1.5184284,51.53234461359191,51.53234461359191,0.0,0.0,0.0,0.0,0.0,0.0,0.0,0.0,0.0,0.0
390,3172.7786,57.597893,1.523371,51.512126313833036,51.512126313833036,0.0,0.0,0.0,0.0,0.0,0.0,0.0,0.0,0.0,0.0
391,3173.5098,54.21554,1.5035174,51.491893582988496,51.491893582988496,0.0,0.0,0.0,0.0,0.0,0.0,0.0,0.0,0.0,0.0
392,3174.2402,56.529358,1.5131578,51.47169370514995,51.47169370514995,0.0,0.0,0.0,0.0,0.0,0.0,0.0,0.0,0.0,0.0
393,3174.9722,58.19818,1.5348505,51.451465926827225,51.451465926827225,0.0,0.0,0.0,0.0,0.0,0.0,0.0,0.0,0.0,0.0
394,3175.7021,56.060356,1.5077305,51.43130468396802,51.43130468396802,0.0,0.0,0.0,0.0,0.0,0.0,0.0,0.0,0.0,0.0
395,3176.4348,56.571457,1.5021844,51.41108186980771,51.41108186980771,0.0,0.0,0.0,0.0,0.0,0.0,0.0,0.0,0.0,0.0
396,3177.1653,57.307884,1.5020534,51.390932260062364,51.390932260062364,0.0,0.0,0.0,0.0,0.0,0.0,0.0,0.0,0.0,0.0
397,3177.8965,57.69192,1.5146214,51.37077499231996,51.37077499231996,0.0,0.0,0.0,0.0,0.0,0.0,0.0,0.0,0.0,0.0
398,3178.629,57.0433,1.4984198,51.35059664554423,51.35059664554423,0.0,0.0,0.0,0.0,0.0,0.0,0.0,0.0,0.0,0.0
399,3179.3604,56.484035,1.4945565,51.33045775035451,51.33045775035451,0.0,0.0,0.0,0.0,0.0,0.0,0.0,0.0,0.0,0.0
400,3180.0935,55.559036,1.5545926,51.31028437366857,51.31028437366857,0.0,0.0,0.0,0.0,0.0,0.0,0.0,0.0,0.0,0.0
401,3180.825,54.04789,1.5436265,51.290170553169496,51.290170553169496,0.0,0.0,0.0,0.0,0.0,0.0,0.0,0.0,0.0,0.0
402,3181.5586,56.749256,1.4826267,51.27000887375379,51.27000887375379,0.0,0.0,0.0,0.0,0.0,0.0,0.0,0.0,0.0,0.0
403,3182.2905,56.739502,1.5007991,51.24990668731138,51.24990668731138,0.0,0.0,0.0,0.0,0.0,0.0,0.0,0.0,0.0,0.0
404,3183.0227,56.510227,1.4772573,51.2298103039802,51.2298103039802,0.0,0.0,0.0,0.0,0.0,0.0,0.0,0.0,0.0,0.0
405,3183.7566,57.76389,1.5041525,51.20967955698056,51.20967955698056,0.0,0.0,0.0,0.0,0.0,0.0,0.0,0.0,0.0,0.0
406,3184.4893,57.531265,1.4778886,51.18959481041198,51.18959481041198,0.0,0.0,0.0,0.0,0.0,0.0,0.0,0.0,0.0,0.0
407,3185.2234,54.35767,1.4665438,51.169482440300534,51.169482440300534,0.0,0.0,0.0,0.0,0.0,0.0,0.0,0.0,0.0,0.0
408,3185.9565,57.238182,1.4773856,51.14940933364097,51.14940933364097,0.0,0.0,0.0,0.0,0.0,0.0,0.0,0.0,0.0,0.0
409,3186.691,57.62974,1.4856021,51.12931532683109,51.12931532683109,0.0,0.0,0.0,0.0,0.0,0.0,0.0,0.0,0.0,0.0
410,3187.4243,56.284126,1.4678134,51.109260537145616,51.109260537145616,0.0,0.0,0.0,0.0,0.0,0.0,0.0,0.0,0.0,0.0
411,3188.1575,56.348763,1.4721261,51.08922489466964,51.08922489466964,0.0,0.0,0.0,0.0,0.0,0.0,0.0,0.0,0.0,0.0
412,3188.8928,56.603733,1.4587431,51.06914171984927,51.06914171984927,0.0,0.0,0.0,0.0,0.0,0.0,0.0,0.0,0.0,0.0
413,3189.6262,55.369747,1.4646016,51.049124359525216,51.049124359525216,0.0,0.0,0.0,0.0,0.0,0.0,0.0,0.0,0.0,0.0
414,3190.3616,59.073322,1.4973625,51.02906618592963,51.02906618592963,0.0,0.0,0.0,0.0,0.0,0.0,0.0,0.0,0.0,0.0
415,3191.0957,56.946434,1.4831918,51.00905377955196,51.00905377955196,0.0,0.0,0.0,0.0,0.0,0.0,0.0,0.0,0.0,0.0
416,3191.8313,57.34854,1.4819953,50.989013927949294,50.989013927949294,0.0,0.0,0.0,0.0,0.0,0.0,0.0,0.0,0.0,0.0
417,3192.566,56.097797,1.4521523,50.969013144207054,50.969013144207054,0.0,0.0,0.0,0.0,0.0,0.0,0.0,0.0,0.0,0.0
418,3193.3,53.44471,1.4404242,50.94903808648329,50.94903808648329,0.0,0.0,0.0,0.0,0.0,0.0,0.0,0.0,0.0,0.0
419,3194.0369,56.304092,1.4578936,50.929002442914786,50.929002442914786,0.0,0.0,0.0,0.0,0.0,0.0,0.0,0.0,0.0,0.0
420,3194.7715,57.513596,1.4719173,50.90903898960341,50.90903898960341,0.0,0.0,0.0,0.0,0.0,0.0,0.0,0.0,0.0,0.0
421,3195.508,58.141964,1.466595,50.88903492183027,50.88903492183027,0.0,0.0,0.0,0.0,0.0,0.0,0.0,0.0,0.0,0.0
422,3196.244,54.917873,1.44353,50.869063194904754,50.869063194904754,0.0,0.0,0.0,0.0,0.0,0.0,0.0,0.0,0.0,0.0
423,3196.9807,54.20397,1.4355929,50.849077420148724,50.849077420148724,0.0,0.0,0.0,0.0,0.0,0.0,0.0,0.0,0.0,0.0
424,3197.7163,56.14523,1.4514829,50.82913718049483,50.82913718049483,0.0,0.0,0.0,0.0,0.0,0.0,0.0,0.0,0.0,0.0
425,3198.4517,54.404102,1.4300992,50.809215955996976,50.809215955996976,0.0,0.0,0.0,0.0,0.0,0.0,0.0,0.0,0.0,0.0
426,3199.1895,55.161327,1.4382951,50.789241038182226,50.789241038182226,0.0,0.0,0.0,0.0,0.0,0.0,0.0,0.0,0.0,0.0
427,3199.925,57.051353,1.4567075,50.76933800948967,50.76933800948967,0.0,0.0,0.0,0.0,0.0,0.0,0.0,0.0,0.0,0.0
428,3200.6633,55.73869,1.4480172,50.74937475728949,50.74937475728949,0.0,0.0,0.0,0.0,0.0,0.0,0.0,0.0,0.0,0.0
429,3201.3994,55.534725,1.4348512,50.729483315433235,50.729483315433235,0.0,0.0,0.0,0.0,0.0,0.0,0.0,0.0,0.0,0.0
430,3202.1377,57.967968,1.4757562,50.70954491843557,50.70954491843557,0.0,0.0,0.0,0.0,0.0,0.0,0.0,0.0,0.0,0.0
431,3202.8745,57.894096,1.4709136,50.68965847498344,50.68965847498344,0.0,0.0,0.0,0.0,0.0,0.0,0.0,0.0,0.0,0.0
432,3203.6113,53.791546,1.434963,50.66978440190234,50.66978440190234,0.0,0.0,0.0,0.0,0.0,0.0,0.0,0.0,0.0,0.0
433,3204.3503,54.59804,1.4346278,50.64986347736731,50.64986347736731,0.0,0.0,0.0,0.0,0.0,0.0,0.0,0.0,0.0,0.0
434,3205.087,57.61659,1.4560119,50.63002072517495,50.63002072517495,0.0,0.0,0.0,0.0,0.0,0.0,0.0,0.0,0.0,0.0
435,3205.8264,57.284634,1.4524107,50.6101114534483,50.6101114534483,0.0,0.0,0.0,0.0,0.0,0.0,0.0,0.0,0.0,0.0
436,3206.5635,54.171654,1.4273337,50.59028026741918,50.59028026741918,0.0,0.0,0.0,0.0,0.0,0.0,0.0,0.0,0.0,0.0
437,3207.3032,53.41826,1.4102217,50.5703892179942,50.5703892179942,0.0,0.0,0.0,0.0,0.0,0.0,0.0,0.0,0.0,0.0
438,3208.0408,54.22961,1.4109931,50.55056960095922,50.55056960095922,0.0,0.0,0.0,0.0,0.0,0.0,0.0,0.0,0.0,0.0
439,3208.7788,55.949394,1.4408468,50.53074919611586,50.53074919611586,0.0,0.0,0.0,0.0,0.0,0.0,0.0,0.0,0.0,0.0
440,3209.5188,55.265656,1.4280194,50.51088871495509,50.51088871495509,0.0,0.0,0.0,0.0,0.0,0.0,0.0,0.0,0.0,0.0
441,3210.257,54.359768,1.4261315,50.491086439847244,50.491086439847244,0.0,0.0,0.0,0.0,0.0,0.0,0.0,0.0,0.0,0.0
442,3210.9976,53.101032,1.3782781,50.47123759853525,50.47123759853525,0.0,0.0,0.0,0.0,0.0,0.0,0.0,0.0,0.0,0.0
443,3211.7363,51.422195,1.3932813,50.45144690141667,50.45144690141667,0.0,0.0,0.0,0.0,0.0,0.0,0.0,0.0,0.0,0.0
444,3212.477,58.339466,1.4406931,50.431616240796565,50.431616240796565,0.0,0.0,0.0,0.0,0.0,0.0,0.0,0.0,0.0,0.0
445,3213.2158,54.60317,1.4166133,50.41185018447004,50.41185018447004,0.0,0.0,0.0,0.0,0.0,0.0,0.0,0.0,0.0,0.0
446,3213.955,52.55854,1.3970491,50.39208336458097,50.39208336458097,0.0,0.0,0.0,0.0,0.0,0.0,0.0,0.0,0.0,0.0
447,3214.6963,53.630135,1.3938643,50.372276663521944,50.372276663521944,0.0,0.0,0.0,0.0,0.0,0.0,0.0,0.0,0.0,0.0
448,3215.4358,54.27917,1.396297,50.35252793608375,50.35252793608375,0.0,0.0,0.0,0.0,0.0,0.0,0.0,0.0,0.0,0.0
449,3216.1772,54.78498,1.4076756,50.3327393795805,50.3327393795805,0.0,0.0,0.0,0.0,0.0,0.0,0.0,0.0,0.0,0.0
450,3216.917,56.056374,1.4090186,50.313008726967155,50.313008726967155,0.0,0.0,0.0,0.0,0.0,0.0,0.0,0.0,0.0,0.0
451,3217.6594,52.65451,1.3743494,50.29321878027333,50.29321878027333,0.0,0.0,0.0,0.0,0.0,0.0,0.0,0.0,0.0,0.0
452,3218.3997,54.401093,1.3830154,50.273499695376465,50.273499695376465,0.0,0.0,0.0,0.0,0.0,0.0,0.0,0.0,0.0,0.0
453,3219.1401,55.309444,1.3929884,50.2537863766125,50.2537863766125,0.0,0.0,0.0,0.0,0.0,0.0,0.0,0.0,0.0,0.0
454,3219.882,53.52045,1.4723842,50.23404635794448,50.23404635794448,0.0,0.0,0.0,0.0,0.0,0.0,0.0,0.0,0.0,0.0
455,3220.6233,55.35891,1.4849188,50.21433810717768,50.21433810717768,0.0,0.0,0.0,0.0,0.0,0.0,0.0,0.0,0.0,0.0
456,3221.3657,54.38139,1.4881488,50.19460969380454,50.19460969380454,0.0,0.0,0.0,0.0,0.0,0.0,0.0,0.0,0.0,0.0
457,3222.1064,54.13984,1.4979124,50.17493894495578,50.17493894495578,0.0,0.0,0.0,0.0,0.0,0.0,0.0,0.0,0.0,0.0
458,3222.8499,54.50562,1.4861542,50.155209172511896,50.155209172511896,0.0,0.0,0.0,0.0,0.0,0.0,0.0,0.0,0.0,0.0
459,3223.591,53.82862,1.4697195,50.13554996612445,50.13554996612445,0.0,0.0,0.0,0.0,0.0,0.0,0.0,0.0,0.0,0.0
460,3224.3347,52.886314,1.3996148,50.11583828943489,50.11583828943489,0.0,0.0,0.0,0.0,0.0,0.0,0.0,0.0,0.0,0.0
461,3225.0762,53.08375,1.3622768,50.09619709335232,50.09619709335232,0.0,0.0,0.0,0.0,0.0,0.0,0.0,0.0,0.0,0.0
462,3225.8184,51.402588,1.3342687,50.07654872355577,50.07654872355577,0.0,0.0,0.0,0.0,0.0,0.0,0.0,0.0,0.0,0.0
463,3226.562,54.570915,1.3678601,50.0568738340946,50.0568738340946,0.0,0.0,0.0,0.0,0.0,0.0,0.0,0.0,0.0,0.0
464,3227.304,52.46903,1.3417917,50.03725637881881,50.03725637881881,0.0,0.0,0.0,0.0,0.0,0.0,0.0,0.0,0.0,0.0
465,3228.0486,51.32987,1.3497946,50.01758017719698,50.01758017719698,0.0,0.0,0.0,0.0,0.0,0.0,0.0,0.0,0.0,0.0
466,3228.791,54.048786,1.363542,49.997974255132604,49.997974255132604,0.0,0.0,0.0,0.0,0.0,0.0,0.0,0.0,0.0,0.0
467,3229.5356,54.25395,1.3787606,49.97832255264631,49.97832255264631,0.0,0.0,0.0,0.0,0.0,0.0,0.0,0.0,0.0,0.0
468,3230.2786,55.42613,1.387286,49.95872816225944,49.95872816225944,0.0,0.0,0.0,0.0,0.0,0.0,0.0,0.0,0.0,0.0
469,3231.0217,55.165546,1.3843284,49.939139524117714,49.939139524117714,0.0,0.0,0.0,0.0,0.0,0.0,0.0,0.0,0.0,0.0
470,3231.7668,54.33899,1.3857852,49.91951163575795,49.91951163575795,0.0,0.0,0.0,0.0,0.0,0.0,0.0,0.0,0.0,0.0
471,3232.5105,53.23194,1.3728281,49.89993453497404,49.89993453497404,0.0,0.0,0.0,0.0,0.0,0.0,0.0,0.0,0.0,0.0
472,3233.2556,53.08089,1.369127,49.880331085528866,49.880331085528866,0.0,0.0,0.0,0.0,0.0,0.0,0.0,0.0,0.0,0.0
473,3233.9993,54.540398,1.3837643,49.86077835481421,49.86077835481421,0.0,0.0,0.0,0.0,0.0,0.0,0.0,0.0,0.0,0.0
474,3234.7454,53.28423,1.3631659,49.84117365000907,49.84117365000907,0.0,0.0,0.0,0.0,0.0,0.0,0.0,0.0,0.0,0.0
475,3235.4893,52.10228,1.3439672,49.82163885461124,49.82163885461124,0.0,0.0,0.0,0.0,0.0,0.0,0.0,0.0,0.0,0.0
476,3236.234,51.477398,1.3267198,49.802096988407236,49.802096988407236,0.0,0.0,0.0,0.0,0.0,0.0,0.0,0.0,0.0,0.0
477,3236.98,51.82994,1.3425238,49.78252887336426,49.78252887336426,0.0,0.0,0.0,0.0,0.0,0.0,0.0,0.0,0.0,0.0
478,3237.7249,52.752773,1.3468884,49.76300494005347,49.76300494005347,0.0,0.0,0.0,0.0,0.0,0.0,0.0,0.0,0.0,0.0
479,3238.4714,53.08781,1.354179,49.74344839973809,49.74344839973809,0.0,0.0,0.0,0.0,0.0,0.0,0.0,0.0,0.0,0.0
480,3239.2158,53.309933,1.362085,49.7239615534132,49.7239615534132,0.0,0.0,0.0,0.0,0.0,0.0,0.0,0.0,0.0,0.0
481,3239.9631,55.908924,1.3680046,49.7044101928729,49.7044101928729,0.0,0.0,0.0,0.0,0.0,0.0,0.0,0.0,0.0,0.0
482,3240.7085,54.137756,1.3851734,49.68492207654854,49.68492207654854,0.0,0.0,0.0,0.0,0.0,0.0,0.0,0.0,0.0,0.0
483,3241.454,52.692867,1.3507161,49.66543970292206,49.66543970292206,0.0,0.0,0.0,0.0,0.0,0.0,0.0,0.0,0.0,0.0
484,3242.2014,53.487476,1.358704,49.64592483352106,49.64592483352106,0.0,0.0,0.0,0.0,0.0,0.0,0.0,0.0,0.0,0.0
485,3242.9473,51.92961,1.331473,49.62646034317873,49.62646034317873,0.0,0.0,0.0,0.0,0.0,0.0,0.0,0.0,0.0,0.0
486,3243.6953,51.725883,1.3332899,49.60695066905836,49.60695066905836,0.0,0.0,0.0,0.0,0.0,0.0,0.0,0.0,0.0,0.0
487,3244.4414,53.956882,1.3560871,49.58750405235063,49.58750405235063,0.0,0.0,0.0,0.0,0.0,0.0,0.0,0.0,0.0,0.0
488,3245.1897,53.07917,1.3467497,49.56801231046556,49.56801231046556,0.0,0.0,0.0,0.0,0.0,0.0,0.0,0.0,0.0,0.0
489,3245.936,54.294678,1.3663334,49.548583549820194,49.548583549820194,0.0,0.0,0.0,0.0,0.0,0.0,0.0,0.0,0.0,0.0
490,3246.6829,56.146057,1.368538,49.529154169475206,49.529154169475206,0.0,0.0,0.0,0.0,0.0,0.0,0.0,0.0,0.0,0.0
491,3247.4316,52.43769,1.3565328,49.50968610914927,49.50968610914927,0.0,0.0,0.0,0.0,0.0,0.0,0.0,0.0,0.0,0.0
492,3248.1787,55.95281,1.3706374,49.490274578310895,49.490274578310895,0.0,0.0,0.0,0.0,0.0,0.0,0.0,0.0,0.0,0.0
493,3248.9275,53.99166,1.3652836,49.47083075569126,49.47083075569126,0.0,0.0,0.0,0.0,0.0,0.0,0.0,0.0,0.0,0.0
494,3249.6758,52.492283,1.3423604,49.45141171777674,49.45141171777674,0.0,0.0,0.0,0.0,0.0,0.0,0.0,0.0,0.0,0.0
495,3250.4248,51.716473,1.3346728,49.4319857814602,49.4319857814602,0.0,0.0,0.0,0.0,0.0,0.0,0.0,0.0,0.0,0.0
496,3251.1724,52.01318,1.3302208,49.41260990481392,49.41260990481392,0.0,0.0,0.0,0.0,0.0,0.0,0.0,0.0,0.0,0.0
497,3251.9211,54.674038,1.357011,49.39321446526914,49.39321446526914,0.0,0.0,0.0,0.0,0.0,0.0,0.0,0.0,0.0,0.0
498,3252.671,52.667747,1.344156,49.37380582960617,49.37380582960617,0.0,0.0,0.0,0.0,0.0,0.0,0.0,0.0,0.0,0.0
499,3253.4192,55.44044,1.3613311,49.35444717544086,49.35444717544086,0.0,0.0,0.0,0.0,0.0,0.0,0.0,0.0,0.0,0.0
500,3254.1692,54.62045,1.3581247,49.33505638988002,49.33505638988002,0.0,0.0,0.0,0.0,0.0,0.0,0.0,0.0,0.0,0.0
501,3254.918,52.531006,1.3431292,49.315709219690156,49.315709219690156,0.0,0.0,0.0,0.0,0.0,0.0,0.0,0.0,0.0,0.0
502,3255.6685,52.89468,1.3427924,49.29632996826728,49.29632996826728,0.0,0.0,0.0,0.0,0.0,0.0,0.0,0.0,0.0,0.0
503,3256.4172,53.93118,1.3566988,49.27700688478088,49.27700688478088,0.0,0.0,0.0,0.0,0.0,0.0,0.0,0.0,0.0,0.0
504,3257.1665,54.625835,1.3640541,49.2576832266513,49.2576832266513,0.0,0.0,0.0,0.0,0.0,0.0,0.0,0.0,0.0,0.0
505,3257.9175,54.63334,1.3639545,49.238327554524176,49.238327554524176,0.0,0.0,0.0,0.0,0.0,0.0,0.0,0.0,0.0,0.0
506,3258.6672,54.921402,1.367582,49.21901537966473,49.21901537966473,0.0,0.0,0.0,0.0,0.0,0.0,0.0,0.0,0.0,0.0
507,3259.4185,54.84493,1.3711,49.199677523478655,49.199677523478655,0.0,0.0,0.0,0.0,0.0,0.0,0.0,0.0,0.0,0.0
508,3260.1687,55.4088,1.4486982,49.180376833909676,49.180376833909676,0.0,0.0,0.0,0.0,0.0,0.0,0.0,0.0,0.0,0.0
509,3260.92,56.656586,1.4469242,49.16106305482764,49.16106305482764,0.0,0.0,0.0,0.0,0.0,0.0,0.0,0.0,0.0,0.0
510,3261.6704,51.579662,1.3888264,49.14178011959594,49.14178011959594,0.0,0.0,0.0,0.0,0.0,0.0,0.0,0.0,0.0,0.0
511,3262.4207,51.357613,1.377208,49.12251544871621,49.12251544871621,0.0,0.0,0.0,0.0,0.0,0.0,0.0,0.0,0.0,0.0
512,3263.1726,54.656773,1.3739377,49.103218914989185,49.103218914989185,0.0,0.0,0.0,0.0,0.0,0.0,0.0,0.0,0.0,0.0
513,3263.9236,55.620113,1.3590391,49.083959441929586,49.083959441929586,0.0,0.0,0.0,0.0,0.0,0.0,0.0,0.0,0.0,0.0
514,3264.6763,54.80921,1.356583,49.06466816355775,49.06466816355775,0.0,0.0,0.0,0.0,0.0,0.0,0.0,0.0,0.0,0.0
515,3265.4277,56.330494,1.3655673,49.04542016901873,49.04542016901873,0.0,0.0,0.0,0.0,0.0,0.0,0.0,0.0,0.0,0.0
516,3266.1804,54.206352,1.3497975,49.026152913964,49.026152913964,0.0,0.0,0.0,0.0,0.0,0.0,0.0,0.0,0.0,0.0
517,3266.9321,54.53041,1.3420404,49.00692263964408,49.00692263964408,0.0,0.0,0.0,0.0,0.0,0.0,0.0,0.0,0.0,0.0
518,3267.6833,52.678024,1.3223503,48.98771680960439,48.98771680960439,0.0,0.0,0.0,0.0,0.0,0.0,0.0,0.0,0.0,0.0
519,3268.4368,52.137432,1.3179117,48.96846679531207,48.96846679531207,0.0,0.0,0.0,0.0,0.0,0.0,0.0,0.0,0.0,0.0
520,3269.1887,54.16378,1.3396991,48.94926617183864,48.94926617183864,0.0,0.0,0.0,0.0,0.0,0.0,0.0,0.0,0.0,0.0
521,3269.9424,54.39529,1.3510593,48.93003389318952,48.93003389318952,0.0,0.0,0.0,0.0,0.0,0.0,0.0,0.0,0.0,0.0
522,3270.695,54.499195,1.3463633,48.910838497580116,48.910838497580116,0.0,0.0,0.0,0.0,0.0,0.0,0.0,0.0,0.0,0.0
523,3271.449,54.22242,1.3372053,48.89162394474701,48.89162394474701,0.0,0.0,0.0,0.0,0.0,0.0,0.0,0.0,0.0,0.0
524,3272.2017,56.194443,1.3637133,48.87245244779079,48.87245244779079,0.0,0.0,0.0,0.0,0.0,0.0,0.0,0.0,0.0,0.0
525,3272.9546,54.780117,1.3375931,48.853286662560464,48.853286662560464,0.0,0.0,0.0,0.0,0.0,0.0,0.0,0.0,0.0,0.0
526,3273.709,51.578392,1.3043181,48.83409554656808,48.83409554656808,0.0,0.0,0.0,0.0,0.0,0.0,0.0,0.0,0.0,0.0
527,3274.4622,54.4065,1.3274624,48.81494741332741,48.81494741332741,0.0,0.0,0.0,0.0,0.0,0.0,0.0,0.0,0.0,0.0
528,3275.2173,54.786114,1.4248185,48.795761580987225,48.795761580987225,0.0,0.0,0.0,0.0,0.0,0.0,0.0,0.0,0.0,0.0
529,3275.9712,54.736183,1.4218918,48.77661869556058,48.77661869556058,0.0,0.0,0.0,0.0,0.0,0.0,0.0,0.0,0.0,0.0
530,3276.726,54.029533,1.3280021,48.75746294897072,48.75746294897072,0.0,0.0,0.0,0.0,0.0,0.0,0.0,0.0,0.0,0.0
531,3277.4805,53.817696,1.3314718,48.73833151418915,48.73833151418915,0.0,0.0,0.0,0.0,0.0,0.0,0.0,0.0,0.0,0.0
532,3278.234,54.581768,1.3396835,48.71923672918041,48.71923672918041,0.0,0.0,0.0,0.0,0.0,0.0,0.0,0.0,0.0,0.0
533,3278.99,54.729652,1.3321631,48.700085810961674,48.700085810961674,0.0,0.0,0.0,0.0,0.0,0.0,0.0,0.0,0.0,0.0
534,3279.7441,53.099625,1.3161254,48.680996257012076,48.680996257012076,0.0,0.0,0.0,0.0,0.0,0.0,0.0,0.0,0.0,0.0
535,3280.5007,54.788128,1.3309219,48.661856831421055,48.661856831421055,0.0,0.0,0.0,0.0,0.0,0.0,0.0,0.0,0.0,0.0
536,3281.2554,55.214832,1.3362038,48.64277870359485,48.64277870359485,0.0,0.0,0.0,0.0,0.0,0.0,0.0,0.0,0.0,0.0
537,3282.0117,52.680073,1.316409,48.62366927528735,48.62366927528735,0.0,0.0,0.0,0.0,0.0,0.0,0.0,0.0,0.0,0.0
538,3282.767,51.486004,1.2986405,48.60459640507295,48.60459640507295,0.0,0.0,0.0,0.0,0.0,0.0,0.0,0.0,0.0,0.0
539,3283.5244,54.44842,1.3987396,48.585486132199485,48.585486132199485,0.0,0.0,0.0,0.0,0.0,0.0,0.0,0.0,0.0,0.0
540,3284.2793,52.022316,1.3892783,48.56644932636412,48.56644932636412,0.0,0.0,0.0,0.0,0.0,0.0,0.0,0.0,0.0,0.0
541,3285.0354,54.563263,1.4049864,48.547393596771826,48.547393596771826,0.0,0.0,0.0,0.0,0.0,0.0,0.0,0.0,0.0,0.0
542,3285.7927,53.868153,1.3270643,48.52831899076962,48.52831899076962,0.0,0.0,0.0,0.0,0.0,0.0,0.0,0.0,0.0,0.0
543,3286.5488,52.738754,1.3206391,48.50928698955162,48.50928698955162,0.0,0.0,0.0,0.0,0.0,0.0,0.0,0.0,0.0,0.0
544,3287.3064,53.72316,1.3238925,48.49022999040053,48.49022999040053,0.0,0.0,0.0,0.0,0.0,0.0,0.0,0.0,0.0,0.0
545,3288.063,53.248955,1.3227032,48.471209409438075,48.471209409438075,0.0,0.0,0.0,0.0,0.0,0.0,0.0,0.0,0.0,0.0
546,3288.8208,53.0336,1.3095914,48.45217000341388,48.45217000341388,0.0,0.0,0.0,0.0,0.0,0.0,0.0,0.0,0.0,0.0
547,3289.5774,51.405384,1.2939517,48.433173100523575,48.433173100523575,0.0,0.0,0.0,0.0,0.0,0.0,0.0,0.0,0.0,0.0
548,3290.3345,51.836987,1.2780163,48.414175763420076,48.414175763420076,0.0,0.0,0.0,0.0,0.0,0.0,0.0,0.0,0.0,0.0
549,3291.0928,52.285942,1.2956879,48.39515964347151,48.39515964347151,0.0,0.0,0.0,0.0,0.0,0.0,0.0,0.0,0.0,0.0
550,3291.8506,52.146194,1.2875328,48.37616760442019,48.37616760442019,0.0,0.0,0.0,0.0,0.0,0.0,0.0,0.0,0.0,0.0
551,3292.6091,53.80529,1.297739,48.357169049032194,48.357169049032194,0.0,0.0,0.0,0.0,0.0,0.0,0.0,0.0,0.0,0.0
552,3293.3667,54.17671,1.310415,48.338206764824655,48.338206764824655,0.0,0.0,0.0,0.0,0.0,0.0,0.0,0.0,0.0,0.0
553,3294.1262,52.999016,1.2935668,48.31920743311897,48.31920743311897,0.0,0.0,0.0,0.0,0.0,0.0,0.0,0.0,0.0,0.0
554,3294.8838,52.21765,1.3020803,48.300268758186085,48.300268758186085,0.0,0.0,0.0,0.0,0.0,0.0,0.0,0.0,0.0,0.0
555,3295.642,52.11182,1.2808648,48.28132356466897,48.28132356466897,0.0,0.0,0.0,0.0,0.0,0.0,0.0,0.0,0.0,0.0
556,3296.402,53.232693,1.3047789,48.262347501284346,48.262347501284346,0.0,0.0,0.0,0.0,0.0,0.0,0.0,0.0,0.0,0.0
557,3297.1604,55.027477,1.3050568,48.243425898442226,48.243425898442226,0.0,0.0,0.0,0.0,0.0,0.0,0.0,0.0,0.0,0.0
558,3297.9204,52.320873,1.2965021,48.22447345873422,48.22447345873422,0.0,0.0,0.0,0.0,0.0,0.0,0.0,0.0,0.0,0.0
559,3298.6797,53.2332,1.2899415,48.20555107644708,48.20555107644708,0.0,0.0,0.0,0.0,0.0,0.0,0.0,0.0,0.0,0.0
560,3299.4402,51.112083,1.2781813,48.18661007794101,48.18661007794101,0.0,0.0,0.0,0.0,0.0,0.0,0.0,0.0,0.0,0.0
561,3300.199,51.96736,1.2764221,48.16772340874081,48.16772340874081,0.0,0.0,0.0,0.0,0.0,0.0,0.0,0.0,0.0,0.0
562,3300.9583,54.987595,1.3084661,48.148836339306015,48.148836339306015,0.0,0.0,0.0,0.0,0.0,0.0,0.0,0.0,0.0,0.0
563,3301.7192,51.028404,1.2635175,48.12991854558112,48.12991854558112,0.0,0.0,0.0,0.0,0.0,0.0,0.0,0.0,0.0,0.0
564,3302.479,51.047268,1.2594777,48.11104285964755,48.11104285964755,0.0,0.0,0.0,0.0,0.0,0.0,0.0,0.0,0.0,0.0
565,3303.2405,51.96095,1.2604262,48.09213649736739,48.09213649736739,0.0,0.0,0.0,0.0,0.0,0.0,0.0,0.0,0.0,0.0
566,3304.0005,50.959106,1.2542355,48.07327825614432,48.07327825614432,0.0,0.0,0.0,0.0,0.0,0.0,0.0,0.0,0.0,0.0
567,3304.7622,50.950176,1.2613661,48.054389378899764,48.054389378899764,0.0,0.0,0.0,0.0,0.0,0.0,0.0,0.0,0.0,0.0
568,3305.5225,51.39357,1.2634823,48.03554856493034,48.03554856493034,0.0,0.0,0.0,0.0,0.0,0.0,0.0,0.0,0.0,0.0
569,3306.283,49.288765,1.2372975,48.016713423464154,48.016713423464154,0.0,0.0,0.0,0.0,0.0,0.0,0.0,0.0,0.0,0.0
570,3307.0454,51.321354,1.2536796,47.99784166915773,47.99784166915773,0.0,0.0,0.0,0.0,0.0,0.0,0.0,0.0,0.0,0.0
571,3307.8064,48.98985,1.230801,47.979017902897745,47.979017902897745,0.0,0.0,0.0,0.0,0.0,0.0,0.0,0.0,0.0,0.0
572,3308.5688,48.662376,1.2317932,47.960169645874,47.960169645874,0.0,0.0,0.0,0.0,0.0,0.0,0.0,0.0,0.0,0.0
573,3309.33,49.76911,1.2469553,47.94136328208206,47.94136328208206,0.0,0.0,0.0,0.0,0.0,0.0,0.0,0.0,0.0,0.0
574,3310.0938,50.21371,1.2554089,47.922508356483476,47.922508356483476,0.0,0.0,0.0,0.0,0.0,0.0,0.0,0.0,0.0,0.0
575,3310.855,50.550655,1.2521876,47.90372541487875,47.90372541487875,0.0,0.0,0.0,0.0,0.0,0.0,0.0,0.0,0.0,0.0
576,3311.6167,49.190018,1.2480949,47.8849421138334,47.8849421138334,0.0,0.0,0.0,0.0,0.0,0.0,0.0,0.0,0.0,0.0
577,3312.3801,50.033905,1.240961,47.86612839252286,47.86612839252286,0.0,0.0,0.0,0.0,0.0,0.0,0.0,0.0,0.0,0.0
578,3313.1426,49.44492,1.2388372,47.84735043977119,47.84735043977119,0.0,0.0,0.0,0.0,0.0,0.0,0.0,0.0,0.0,0.0
579,3313.9065,49.06217,1.2370336,47.82854812888674,47.82854812888674,0.0,0.0,0.0,0.0,0.0,0.0,0.0,0.0,0.0,0.0
580,3314.669,50.095306,1.2416029,47.80979355847127,47.80979355847127,0.0,0.0,0.0,0.0,0.0,0.0,0.0,0.0,0.0,0.0
581,3315.4333,50.113827,1.243308,47.791002655474244,47.791002655474244,0.0,0.0,0.0,0.0,0.0,0.0,0.0,0.0,0.0,0.0
582,3316.1958,49.048893,1.251322,47.77227143499413,47.77227143499413,0.0,0.0,0.0,0.0,0.0,0.0,0.0,0.0,0.0,0.0
583,3316.959,50.171677,1.3022391,47.753533882936466,47.753533882936466,0.0,0.0,0.0,0.0,0.0,0.0,0.0,0.0,0.0,0.0
584,3317.7239,51.205997,1.3704656,47.73476606893676,47.73476606893676,0.0,0.0,0.0,0.0,0.0,0.0,0.0,0.0,0.0,0.0
585,3318.4875,50.59907,1.3612851,47.716039878613095,47.716039878613095,0.0,0.0,0.0,0.0,0.0,0.0,0.0,0.0,0.0,0.0
586,3319.2524,49.92474,1.328243,47.6972954356535,47.6972954356535,0.0,0.0,0.0,0.0,0.0,0.0,0.0,0.0,0.0,0.0
587,3320.0164,50.699207,1.2829399,47.67858658185056,47.67858658185056,0.0,0.0,0.0,0.0,0.0,0.0,0.0,0.0,0.0,0.0
588,3320.7817,48.7066,1.2527312,47.659853526619955,47.659853526619955,0.0,0.0,0.0,0.0,0.0,0.0,0.0,0.0,0.0,0.0
589,3321.5454,49.79591,1.2437551,47.64117393538192,47.64117393538192,0.0,0.0,0.0,0.0,0.0,0.0,0.0,0.0,0.0,0.0
590,3322.3096,49.36854,1.2417245,47.622494024698646,47.622494024698646,0.0,0.0,0.0,0.0,0.0,0.0,0.0,0.0,0.0,0.0
591,3323.0757,48.61569,1.2316579,47.603778032244435,47.603778032244435,0.0,0.0,0.0,0.0,0.0,0.0,0.0,0.0,0.0,0.0
592,3323.8403,49.05837,1.2376043,47.58510945952406,47.58510945952406,0.0,0.0,0.0,0.0,0.0,0.0,0.0,0.0,0.0,0.0
593,3324.607,49.12833,1.2395513,47.56640485944962,47.56640485944962,0.0,0.0,0.0,0.0,0.0,0.0,0.0,0.0,0.0,0.0
594,3325.372,49.68206,1.239177,47.547747629537554,47.547747629537554,0.0,0.0,0.0,0.0,0.0,0.0,0.0,0.0,0.0,0.0
595,3326.1384,49.184093,1.2261958,47.529072269432156,47.529072269432156,0.0,0.0,0.0,0.0,0.0,0.0,0.0,0.0,0.0,0.0
596,3326.9036,47.254456,1.2065915,47.51043826384696,47.51043826384696,0.0,0.0,0.0,0.0,0.0,0.0,0.0,0.0,0.0,0.0
597,3327.669,47.590103,1.2062861,47.49180990612557,47.49180990612557,0.0,0.0,0.0,0.0,0.0,0.0,0.0,0.0,0.0,0.0
598,3328.4363,49.203045,1.2249424,47.47314564189564,47.47314564189564,0.0,0.0,0.0,0.0,0.0,0.0,0.0,0.0,0.0,0.0
599,3329.2024,47.70521,1.209608,47.45452267657605,47.45452267657605,0.0,0.0,0.0,0.0,0.0,0.0,0.0,0.0,0.0,0.0
600,3329.9695,48.99969,1.2231176,47.435887582758035,47.435887582758035,0.0,0.0,0.0,0.0,0.0,0.0,0.0,0.0,0.0,0.0
601,3330.7356,50.011845,1.2368151,47.41728779828163,47.41728779828163,0.0,0.0,0.0,0.0,0.0,0.0,0.0,0.0,0.0,0.0
602,3331.5037,48.82747,1.2216095,47.398652208116296,47.398652208116296,0.0,0.0,0.0,0.0,0.0,0.0,0.0,0.0,0.0,0.0
603,3332.2703,48.893482,1.2213081,47.38006374360144,47.38006374360144,0.0,0.0,0.0,0.0,0.0,0.0,0.0,0.0,0.0,0.0
604,3333.037,49.639496,1.2203144,47.36148092794881,47.36148092794881,0.0,0.0,0.0,0.0,0.0,0.0,0.0,0.0,0.0,0.0
605,3333.8054,47.573452,1.2098126,47.34287420891495,47.34287420891495,0.0,0.0,0.0,0.0,0.0,0.0,0.0,0.0,0.0,0.0
606,3334.5723,49.640854,1.2182754,47.324314526946196,47.324314526946196,0.0,0.0,0.0,0.0,0.0,0.0,0.0,0.0,0.0,0.0
607,3335.3416,48.75415,1.2223586,47.30570735272355,47.30570735272355,0.0,0.0,0.0,0.0,0.0,0.0,0.0,0.0,0.0,0.0
608,3336.1084,48.163113,1.1973298,47.287170779689006,47.287170779689006,0.0,0.0,0.0,0.0,0.0,0.0,0.0,0.0,0.0,0.0
609,3336.878,49.438366,1.2110173,47.268580872228206,47.268580872228206,0.0,0.0,0.0,0.0,0.0,0.0,0.0,0.0,0.0,0.0
610,3337.6455,50.246925,1.2161001,47.250049695472065,47.250049695472065,0.0,0.0,0.0,0.0,0.0,0.0,0.0,0.0,0.0,0.0
611,3338.4136,48.70299,1.2093198,47.23151826512431,47.23151826512431,0.0,0.0,0.0,0.0,0.0,0.0,0.0,0.0,0.0,0.0
612,3339.183,49.35061,1.211326,47.212963053456,47.212963053456,0.0,0.0,0.0,0.0,0.0,0.0,0.0,0.0,0.0,0.0
613,3339.951,48.666348,1.2041464,47.19446057361088,47.19446057361088,0.0,0.0,0.0,0.0,0.0,0.0,0.0,0.0,0.0,0.0
614,3340.7217,49.51311,1.2116544,47.17589906353108,47.17589906353108,0.0,0.0,0.0,0.0,0.0,0.0,0.0,0.0,0.0,0.0
615,3341.49,49.41409,1.2086484,47.15740787287324,47.15740787287324,0.0,0.0,0.0,0.0,0.0,0.0,0.0,0.0,0.0,0.0
616,3342.2605,48.42948,1.2022538,47.13887534579112,47.13887534579112,0.0,0.0,0.0,0.0,0.0,0.0,0.0,0.0,0.0,0.0
617,3343.0293,50.274033,1.2192042,47.12039543794411,47.12039543794411,0.0,0.0,0.0,0.0,0.0,0.0,0.0,0.0,0.0,0.0
618,3343.8008,50.38112,1.2191794,47.101862528414216,47.101862528414216,0.0,0.0,0.0,0.0,0.0,0.0,0.0,0.0,0.0,0.0
619,3344.5698,49.106567,1.2082865,47.083399774603116,47.083399774603116,0.0,0.0,0.0,0.0,0.0,0.0,0.0,0.0,0.0,0.0
620,3345.3389,49.100384,1.2137369,47.064948500031754,47.064948500031754,0.0,0.0,0.0,0.0,0.0,0.0,0.0,0.0,0.0,0.0
621,3346.1106,49.35668,1.202456,47.04644432204078,47.04644432204078,0.0,0.0,0.0,0.0,0.0,0.0,0.0,0.0,0.0,0.0
622,3346.8801,48.83507,1.2023203,47.02800431976619,47.02800431976619,0.0,0.0,0.0,0.0,0.0,0.0,0.0,0.0,0.0,0.0
623,3347.652,48.78332,1.2065308,47.00951733400596,47.00951733400596,0.0,0.0,0.0,0.0,0.0,0.0,0.0,0.0,0.0,0.0
624,3348.422,49.76452,1.2062423,46.991088604895985,46.991088604895985,0.0,0.0,0.0,0.0,0.0,0.0,0.0,0.0,0.0,0.0
625,3349.1946,47.430183,1.1917039,46.97261296006258,46.97261296006258,0.0,0.0,0.0,0.0,0.0,0.0,0.0,0.0,0.0,0.0
626,3349.9648,47.7536,1.1781539,46.95420134247094,46.95420134247094,0.0,0.0,0.0,0.0,0.0,0.0,0.0,0.0,0.0,0.0
627,3350.7354,47.878586,1.1983718,46.935795341777585,46.935795341777585,0.0,0.0,0.0,0.0,0.0,0.0,0.0,0.0,0.0,0.0
628,3351.5083,46.3324,1.168321,46.91734251951844,46.91734251951844,0.0,0.0,0.0,0.0,0.0,0.0,0.0,0.0,0.0,0.0
629,3352.2793,46.845604,1.1783977,46.89894778861757,46.89894778861757,0.0,0.0,0.0,0.0,0.0,0.0,0.0,0.0,0.0,0.0
630,3353.0525,46.34389,1.173414,46.8805121230436,46.8805121230436,0.0,0.0,0.0,0.0,0.0,0.0,0.0,0.0,0.0,0.0
631,3353.8237,47.941017,1.2014836,46.86213447846325,46.86213447846325,0.0,0.0,0.0,0.0,0.0,0.0,0.0,0.0,0.0,0.0
632,3354.597,51.384422,1.2288958,46.84372176426115,46.84372176426115,0.0,0.0,0.0,0.0,0.0,0.0,0.0,0.0,0.0,0.0
633,3355.3691,49.855015,1.2125965,46.8253437595476,46.8253437595476,0.0,0.0,0.0,0.0,0.0,0.0,0.0,0.0,0.0,0.0
634,3356.1409,45.215908,1.1692749,46.80698880137986,46.80698880137986,0.0,0.0,0.0,0.0,0.0,0.0,0.0,0.0,0.0,0.0
635,3356.915,46.5445,1.1686498,46.78858724306658,46.78858724306658,0.0,0.0,0.0,0.0,0.0,0.0,0.0,0.0,0.0,0.0
636,3357.6873,46.651226,1.1837811,46.77024354109112,46.77024354109112,0.0,0.0,0.0,0.0,0.0,0.0,0.0,0.0,0.0,0.0
637,3358.4614,50.45457,1.2018416,46.75186489426438,46.75186489426438,0.0,0.0,0.0,0.0,0.0,0.0,0.0,0.0,0.0,0.0
638,3359.234,49.502186,1.2198842,46.73353823604125,46.73353823604125,0.0,0.0,0.0,0.0,0.0,0.0,0.0,0.0,0.0,0.0
639,3360.0083,48.479996,1.2002152,46.71517667842014,46.71517667842014,0.0,0.0,0.0,0.0,0.0,0.0,0.0,0.0,0.0,0.0
640,3360.7815,49.522266,1.2077692,46.69685548017198,46.69685548017198,0.0,0.0,0.0,0.0,0.0,0.0,0.0,0.0,0.0,0.0
641,3361.5547,47.27504,1.1820792,46.67854567938043,46.67854567938043,0.0,0.0,0.0,0.0,0.0,0.0,0.0,0.0,0.0,0.0
642,3362.33,48.15593,1.1896807,46.660195282011465,46.660195282011465,0.0,0.0,0.0,0.0,0.0,0.0,0.0,0.0,0.0,0.0
643,3363.1033,46.573532,1.1749098,46.641908279335944,46.641908279335944,0.0,0.0,0.0,0.0,0.0,0.0,0.0,0.0,0.0,0.0
644,3363.8787,47.690655,1.1934611,46.62358072537329,46.62358072537329,0.0,0.0,0.0,0.0,0.0,0.0,0.0,0.0,0.0,0.0
645,3364.6528,48.14399,1.1883026,46.60529342093332,46.60529342093332,0.0,0.0,0.0,0.0,0.0,0.0,0.0,0.0,0.0,0.0
646,3365.4285,46.595524,1.1807446,46.586982924154555,46.586982924154555,0.0,0.0,0.0,0.0,0.0,0.0,0.0,0.0,0.0,0.0
647,3366.203,47.250202,1.1736343,46.56871262871442,46.56871262871442,0.0,0.0,0.0,0.0,0.0,0.0,0.0,0.0,0.0,0.0
648,3366.977,45.950912,1.1615385,46.55045945316818,46.55045945316818,0.0,0.0,0.0,0.0,0.0,0.0,0.0,0.0,0.0,0.0
649,3367.7537,44.93408,1.1514047,46.532160117077495,46.532160117077495,0.0,0.0,0.0,0.0,0.0,0.0,0.0,0.0,0.0,0.0
650,3368.5283,46.756603,1.1724471,46.51391817007897,46.51391817007897,0.0,0.0,0.0,0.0,0.0,0.0,0.0,0.0,0.0,0.0
651,3369.305,48.058857,1.1903582,46.49564161658414,46.49564161658414,0.0,0.0,0.0,0.0,0.0,0.0,0.0,0.0,0.0,0.0
652,3370.0803,46.96315,1.174568,46.47740515498478,46.47740515498478,0.0,0.0,0.0,0.0,0.0,0.0,0.0,0.0,0.0,0.0
653,3370.8574,46.19935,1.1695843,46.459139882792535,46.459139882792535,0.0,0.0,0.0,0.0,0.0,0.0,0.0,0.0,0.0,0.0
654,3371.633,46.656048,1.1734445,46.440920394656466,46.440920394656466,0.0,0.0,0.0,0.0,0.0,0.0,0.0,0.0,0.0,0.0
655,3372.409,46.962383,1.17816,46.422706510440065,46.422706510440065,0.0,0.0,0.0,0.0,0.0,0.0,0.0,0.0,0.0,0.0
656,3373.1865,47.749573,1.1804472,46.40446387584379,46.40446387584379,0.0,0.0,0.0,0.0,0.0,0.0,0.0,0.0,0.0,0.0
657,3373.9624,47.400032,1.1827374,46.386272668602,46.386272668602,0.0,0.0,0.0,0.0,0.0,0.0,0.0,0.0,0.0,0.0
658,3374.7405,47.296894,1.181845,46.36804130403237,46.36804130403237,0.0,0.0,0.0,0.0,0.0,0.0,0.0,0.0,0.0,0.0
659,3375.517,49.753357,1.1934679,46.34985559661763,46.34985559661763,0.0,0.0,0.0,0.0,0.0,0.0,0.0,0.0,0.0,0.0
660,3376.2954,47.1698,1.1675569,46.331641221295165,46.331641221295165,0.0,0.0,0.0,0.0,0.0,0.0,0.0,0.0,0.0,0.0
661,3377.0723,47.146004,1.1609517,46.31347244817174,46.31347244817174,0.0,0.0,0.0,0.0,0.0,0.0,0.0,0.0,0.0,0.0
662,3377.8489,46.332016,1.1697575,46.29532068096836,46.29532068096836,0.0,0.0,0.0,0.0,0.0,0.0,0.0,0.0,0.0,0.0
663,3378.6277,47.258713,1.1778326,46.2771288895833,46.2771288895833,0.0,0.0,0.0,0.0,0.0,0.0,0.0,0.0,0.0,0.0
664,3379.4053,48.580055,1.1907626,46.25897692426173,46.25897692426173,0.0,0.0,0.0,0.0,0.0,0.0,0.0,0.0,0.0,0.0
665,3380.184,45.389557,1.1611274,46.24080778329622,46.24080778329622,0.0,0.0,0.0,0.0,0.0,0.0,0.0,0.0,0.0,0.0
666,3380.9622,47.603985,1.1683732,46.22266703293006,46.22266703293006,0.0,0.0,0.0,0.0,0.0,0.0,0.0,0.0,0.0,0.0
667,3381.7417,46.415867,1.1618719,46.20450345048688,46.20450345048688,0.0,0.0,0.0,0.0,0.0,0.0,0.0,0.0,0.0,0.0
668,3382.5193,46.295677,1.1559595,46.18639665559766,46.18639665559766,0.0,0.0,0.0,0.0,0.0,0.0,0.0,0.0,0.0,0.0
669,3383.2979,46.109993,1.1536552,46.168278397129995,46.168278397129995,0.0,0.0,0.0,0.0,0.0,0.0,0.0,0.0,0.0,0.0
670,3384.0776,45.698975,1.1510469,46.15014303172928,46.15014303172928,0.0,0.0,0.0,0.0,0.0,0.0,0.0,0.0,0.0,0.0
671,3384.8564,47.806343,1.1692297,46.13204165660771,46.13204165660771,0.0,0.0,0.0,0.0,0.0,0.0,0.0,0.0,0.0,0.0
672,3385.6372,46.6923,1.1640496,46.1139061903915,46.1139061903915,0.0,0.0,0.0,0.0,0.0,0.0,0.0,0.0,0.0,0.0
673,3386.4158,46.703228,1.1562698,46.095833023089334,46.095833023089334,0.0,0.0,0.0,0.0,0.0,0.0,0.0,0.0,0.0,0.0
674,3387.197,48.38404,1.1768003,46.07770880873128,46.07770880873128,0.0,0.0,0.0,0.0,0.0,0.0,0.0,0.0,0.0,0.0
675,3387.9756,47.28669,1.1720781,46.059658141698584,46.059658141698584,0.0,0.0,0.0,0.0,0.0,0.0,0.0,0.0,0.0,0.0
676,3388.7556,44.448982,1.1417285,46.04158476100225,46.04158476100225,0.0,0.0,0.0,0.0,0.0,0.0,0.0,0.0,0.0,0.0
677,3389.5366,45.747158,1.1546282,46.023500023414826,46.023500023414826,0.0,0.0,0.0,0.0,0.0,0.0,0.0,0.0,0.0,0.0
678,3390.3171,45.92465,1.1486361,46.0054378493794,46.0054378493794,0.0,0.0,0.0,0.0,0.0,0.0,0.0,0.0,0.0,0.0
679,3391.0986,46.29938,1.16097,45.98736434148715,45.98736434148715,0.0,0.0,0.0,0.0,0.0,0.0,0.0,0.0,0.0,0.0
680,3391.879,46.89835,1.1672763,45.969330300732345,45.969330300732345,0.0,0.0,0.0,0.0,0.0,0.0,0.0,0.0,0.0,0.0
681,3392.6611,47.02128,1.1625665,45.951262378345604,45.951262378345604,0.0,0.0,0.0,0.0,0.0,0.0,0.0,0.0,0.0,0.0
682,3393.4414,46.01474,1.1475227,45.933250791580086,45.933250791580086,0.0,0.0,0.0,0.0,0.0,0.0,0.0,0.0,0.0,0.0
683,3394.2224,44.856808,1.1364474,45.91523351221422,45.91523351221422,0.0,0.0,0.0,0.0,0.0,0.0,0.0,0.0,0.0,0.0
684,3395.005,47.195103,1.167758,45.89719368153956,45.89719368153956,0.0,0.0,0.0,0.0,0.0,0.0,0.0,0.0,0.0,0.0
685,3395.7861,48.06952,1.1792731,45.87919321042019,45.87919321042019,0.0,0.0,0.0,0.0,0.0,0.0,0.0,0.0,0.0,0.0
686,3396.569,47.96867,1.170843,45.86116459801649,45.86116459801649,0.0,0.0,0.0,0.0,0.0,0.0,0.0,0.0,0.0,0.0
687,3397.35,48.084167,1.1717173,45.843192154185175,45.843192154185175,0.0,0.0,0.0,0.0,0.0,0.0,0.0,0.0,0.0,0.0
688,3398.1338,48.471188,1.1762601,45.82516914035495,45.82516914035495,0.0,0.0,0.0,0.0,0.0,0.0,0.0,0.0,0.0,0.0
689,3398.9155,48.352,1.1753912,45.80720224098559,45.80720224098559,0.0,0.0,0.0,0.0,0.0,0.0,0.0,0.0,0.0,0.0
690,3399.6995,47.647472,1.1696405,45.78919606220737,45.78919606220737,0.0,0.0,0.0,0.0,0.0,0.0,0.0,0.0,0.0,0.0
691,3400.4812,47.965584,1.169005,45.771251532263996,45.771251532263996,0.0,0.0,0.0,0.0,0.0,0.0,0.0,0.0,0.0,0.0
692,3401.2634,46.56682,1.1590469,45.7533069591851,45.7533069591851,0.0,0.0,0.0,0.0,0.0,0.0,0.0,0.0,0.0,0.0
693,3402.048,46.095562,1.1499935,45.73531759077662,45.73531759077662,0.0,0.0,0.0,0.0,0.0,0.0,0.0,0.0,0.0,0.0
694,3402.8306,47.311634,1.1565127,45.71738976934426,45.71738976934426,0.0,0.0,0.0,0.0,0.0,0.0,0.0,0.0,0.0,0.0
695,3403.6152,47.501102,1.160905,45.69942279865593,45.69942279865593,0.0,0.0,0.0,0.0,0.0,0.0,0.0,0.0,0.0,0.0
696,3404.3982,50.100677,1.1934005,45.681506123171275,45.681506123171275,0.0,0.0,0.0,0.0,0.0,0.0,0.0,0.0,0.0,0.0
697,3405.1833,48.8806,1.1881797,45.66355035594321,45.66355035594321,0.0,0.0,0.0,0.0,0.0,0.0,0.0,0.0,0.0,0.0
698,3405.9668,48.0575,1.1716347,45.64564483006019,45.64564483006019,0.0,0.0,0.0,0.0,0.0,0.0,0.0,0.0,0.0,0.0
699,3406.75,47.6563,1.1709958,45.62775601561508,45.62775601561508,0.0,0.0,0.0,0.0,0.0,0.0,0.0,0.0,0.0,0.0
700,3407.536,47.173298,1.1561214,45.60981703941192,45.60981703941192,0.0,0.0,0.0,0.0,0.0,0.0,0.0,0.0,0.0,0.0
701,3408.3196,48.108772,1.1670705,45.59193935918612,45.59193935918612,0.0,0.0,0.0,0.0,0.0,0.0,0.0,0.0,0.0,0.0
702,3409.1055,48.225006,1.1682929,45.574022716731896,45.574022716731896,0.0,0.0,0.0,0.0,0.0,0.0,0.0,0.0,0.0,0.0
703,3409.8901,47.79097,1.1557059,45.55614504599116,45.55614504599116,0.0,0.0,0.0,0.0,0.0,0.0,0.0,0.0,0.0,0.0
704,3410.676,48.04851,1.1706523,45.53825071307857,45.53825071307857,0.0,0.0,0.0,0.0,0.0,0.0,0.0,0.0,0.0,0.0
705,3411.4612,48.403873,1.151913,45.52038419066442,45.52038419066442,0.0,0.0,0.0,0.0,0.0,0.0,0.0,0.0,0.0,0.0
706,3412.2454,47.968716,1.161048,45.502550988462524,45.502550988462524,0.0,0.0,0.0,0.0,0.0,0.0,0.0,0.0,0.0,0.0
707,3413.0327,47.533367,1.1586331,45.48465675871388,45.48465675871388,0.0,0.0,0.0,0.0,0.0,0.0,0.0,0.0,0.0,0.0
708,3413.8179,49.227547,1.1714507,45.466823581836316,45.466823581836316,0.0,0.0,0.0,0.0,0.0,0.0,0.0,0.0,0.0,0.0
709,3414.6047,48.43584,1.165952,45.4489627156834,45.4489627156834,0.0,0.0,0.0,0.0,0.0,0.0,0.0,0.0,0.0,0.0
710,3415.3906,47.679752,1.1563631,45.43113512489887,45.43113512489887,0.0,0.0,0.0,0.0,0.0,0.0,0.0,0.0,0.0,0.0
711,3416.178,48.025555,1.156185,45.413285427954136,45.413285427954136,0.0,0.0,0.0,0.0,0.0,0.0,0.0,0.0,0.0,0.0
712,3416.9644,48.83746,1.1607047,45.39546897361647,45.39546897361647,0.0,0.0,0.0,0.0,0.0,0.0,0.0,0.0,0.0,0.0
713,3417.75,49.288857,1.1622907,45.37768018492033,45.37768018492033,0.0,0.0,0.0,0.0,0.0,0.0,0.0,0.0,0.0,0.0
714,3418.5378,48.754208,1.1642255,45.35985274855728,45.35985274855728,0.0,0.0,0.0,0.0,0.0,0.0,0.0,0.0,0.0,0.0
715,3419.3247,48.285732,1.1529193,45.342058498870216,45.342058498870216,0.0,0.0,0.0,0.0,0.0,0.0,0.0,0.0,0.0,0.0
716,3420.1128,48.31775,1.163908,45.324247742359304,45.324247742359304,0.0,0.0,0.0,0.0,0.0,0.0,0.0,0.0,0.0,0.0
717,3420.9,47.608868,1.145986,45.3064701329715,45.3064701329715,0.0,0.0,0.0,0.0,0.0,0.0,0.0,0.0,0.0,0.0
718,3421.6887,47.574142,1.14773,45.28866502108538,45.28866502108538,0.0,0.0,0.0,0.0,0.0,0.0,0.0,0.0,0.0,0.0
719,3422.4756,50.28325,1.1800001,45.27091505280333,45.27091505280333,0.0,0.0,0.0,0.0,0.0,0.0,0.0,0.0,0.0,0.0
720,3423.2632,49.027122,1.1666237,45.25315961287128,45.25315961287128,0.0,0.0,0.0,0.0,0.0,0.0,0.0,0.0,0.0,0.0
721,3424.0525,48.83716,1.1547352,45.235376727835096,45.235376727835096,0.0,0.0,0.0,0.0,0.0,0.0,0.0,0.0,0.0,0.0
722,3424.8406,48.279503,1.1545924,45.21763240367935,45.21763240367935,0.0,0.0,0.0,0.0,0.0,0.0,0.0,0.0,0.0,0.0
723,3425.6301,48.153244,1.1423885,45.19986616906237,45.19986616906237,0.0,0.0,0.0,0.0,0.0,0.0,0.0,0.0,0.0,0.0
724,3426.4177,48.329346,1.1499379,45.18215491441438,45.18215491441438,0.0,0.0,0.0,0.0,0.0,0.0,0.0,0.0,0.0,0.0
725,3427.208,47.199852,1.1321995,45.16439433265701,45.16439433265701,0.0,0.0,0.0,0.0,0.0,0.0,0.0,0.0,0.0,0.0
726,3427.9966,48.313087,1.1451772,45.1466831962229,45.1466831962229,0.0,0.0,0.0,0.0,0.0,0.0,0.0,0.0,0.0,0.0
727,3428.7856,48.471203,1.1506346,45.12897212015829,45.12897212015829,0.0,0.0,0.0,0.0,0.0,0.0,0.0,0.0,0.0,0.0
728,3429.5762,48.10839,1.1478859,45.111239216354406,45.111239216354406,0.0,0.0,0.0,0.0,0.0,0.0,0.0,0.0,0.0,0.0
729,3430.3652,47.35561,1.1416601,45.09355019339355,45.09355019339355,0.0,0.0,0.0,0.0,0.0,0.0,0.0,0.0,0.0,0.0
730,3431.1562,47.1402,1.140136,45.075828428839046,45.075828428839046,0.0,0.0,0.0,0.0,0.0,0.0,0.0,0.0,0.0,0.0
731,3431.9456,48.01855,1.1369094,45.05815596361248,45.05815596361248,0.0,0.0,0.0,0.0,0.0,0.0,0.0,0.0,0.0,0.0
732,3432.7373,45.831734,1.118106,45.0404398769562,45.0404398769562,0.0,0.0,0.0,0.0,0.0,0.0,0.0,0.0,0.0,0.0
733,3433.5269,47.21492,1.130651,45.02278395911185,45.02278395911185,0.0,0.0,0.0,0.0,0.0,0.0,0.0,0.0,0.0,0.0
734,3434.317,48.294113,1.1366045,45.005128110845064,45.005128110845064,0.0,0.0,0.0,0.0,0.0,0.0,0.0,0.0,0.0,0.0
735,3435.1086,47.354282,1.130584,44.9874450882764,44.9874450882764,0.0,0.0,0.0,0.0,0.0,0.0,0.0,0.0,0.0,0.0
736,3435.8984,46.48066,1.1241151,44.969816667058986,44.969816667058986,0.0,0.0,0.0,0.0,0.0,0.0,0.0,0.0,0.0,0.0
737,3436.6912,47.07079,1.1219529,44.95213387256407,44.95213387256407,0.0,0.0,0.0,0.0,0.0,0.0,0.0,0.0,0.0,0.0
738,3437.4817,45.13601,1.1110699,44.934511074309135,44.934511074309135,0.0,0.0,0.0,0.0,0.0,0.0,0.0,0.0,0.0,0.0
739,3438.275,49.11858,1.1374419,44.91683942317143,44.91683942317143,0.0,0.0,0.0,0.0,0.0,0.0,0.0,0.0,0.0,0.0
740,3439.0657,47.96209,1.127973,44.89923313606869,44.89923313606869,0.0,0.0,0.0,0.0,0.0,0.0,0.0,0.0,0.0,0.0
741,3439.8567,45.97106,1.1105427,44.881632365053434,44.881632365053434,0.0,0.0,0.0,0.0,0.0,0.0,0.0,0.0,0.0,0.0
742,3440.65,47.239956,1.1254191,44.86399369280863,44.86399369280863,0.0,0.0,0.0,0.0,0.0,0.0,0.0,0.0,0.0,0.0
743,3441.4414,46.343838,1.1165981,44.84640398339567,44.84640398339567,0.0,0.0,0.0,0.0,0.0,0.0,0.0,0.0,0.0,0.0
744,3442.2354,46.963566,1.1186951,44.82877100790206,44.82877100790206,0.0,0.0,0.0,0.0,0.0,0.0,0.0,0.0,0.0,0.0
745,3443.0273,47.94682,1.126709,44.81119236660769,44.81119236660769,0.0,0.0,0.0,0.0,0.0,0.0,0.0,0.0,0.0,0.0
746,3443.8208,45.836494,1.1649964,44.79359217658213,44.79359217658213,0.0,0.0,0.0,0.0,0.0,0.0,0.0,0.0,0.0,0.0
747,3444.6135,45.40163,1.163498,44.776019182651204,44.776019182651204,0.0,0.0,0.0,0.0,0.0,0.0,0.0,0.0,0.0,0.0
748,3445.4055,47.743412,1.1159074,44.7584733451627,44.7584733451627,0.0,0.0,0.0,0.0,0.0,0.0,0.0,0.0,0.0,0.0
749,3446.2004,46.954536,1.1137611,44.7408735696838,44.7408735696838,0.0,0.0,0.0,0.0,0.0,0.0,0.0,0.0,0.0,0.0
750,3446.993,46.101048,1.1004692,44.72333877439457,44.72333877439457,0.0,0.0,0.0,0.0,0.0,0.0,0.0,0.0,0.0,0.0
751,3447.788,47.60445,1.176346,44.70575551361594,44.70575551361594,0.0,0.0,0.0,0.0,0.0,0.0,0.0,0.0,0.0,0.0
752,3448.581,46.53469,1.1605144,44.68823176024581,44.68823176024581,0.0,0.0,0.0,0.0,0.0,0.0,0.0,0.0,0.0,0.0
753,3449.3762,46.75757,1.1167865,44.6706703905447,44.6706703905447,0.0,0.0,0.0,0.0,0.0,0.0,0.0,0.0,0.0,0.0
754,3450.1702,49.16757,1.1355749,44.65314690173855,44.65314690173855,0.0,0.0,0.0,0.0,0.0,0.0,0.0,0.0,0.0,0.0
755,3450.9634,48.0423,1.128889,44.635650467205984,44.635650467205984,0.0,0.0,0.0,0.0,0.0,0.0,0.0,0.0,0.0,0.0
756,3451.7598,47.921074,1.1691647,44.61809496513627,44.61809496513627,0.0,0.0,0.0,0.0,0.0,0.0,0.0,0.0,0.0,0.0
757,3452.5532,46.763145,1.1550539,44.60061493680585,44.60061493680585,0.0,0.0,0.0,0.0,0.0,0.0,0.0,0.0,0.0,0.0
758,3453.3496,45.581635,1.0959781,44.583081289600564,44.583081289600564,0.0,0.0,0.0,0.0,0.0,0.0,0.0,0.0,0.0,0.0
759,3454.144,46.46749,1.1093041,44.56560153674946,44.56560153674946,0.0,0.0,0.0,0.0,0.0,0.0,0.0,0.0,0.0,0.0
760,3454.9407,48.036453,1.1208315,44.54808435379475,44.54808435379475,0.0,0.0,0.0,0.0,0.0,0.0,0.0,0.0,0.0,0.0
761,3455.7354,46.87909,1.1099697,44.53062099975667,44.53062099975667,0.0,0.0,0.0,0.0,0.0,0.0,0.0,0.0,0.0,0.0
762,3456.5305,46.75676,1.10589,44.513157784422724,44.513157784422724,0.0,0.0,0.0,0.0,0.0,0.0,0.0,0.0,0.0,0.0
763,3457.3271,48.237564,1.1201158,44.49567329157919,44.49567329157919,0.0,0.0,0.0,0.0,0.0,0.0,0.0,0.0,0.0,0.0
764,3458.123,47.246338,1.1119286,44.47821575265816,44.47821575265816,0.0,0.0,0.0,0.0,0.0,0.0,0.0,0.0,0.0,0.0
765,3458.92,46.653904,1.1054962,44.460747677860816,44.460747677860816,0.0,0.0,0.0,0.0,0.0,0.0,0.0,0.0,0.0,0.0
766,3459.7158,47.636524,1.1115569,44.44331187182766,44.44331187182766,0.0,0.0,0.0,0.0,0.0,0.0,0.0,0.0,0.0,0.0
767,3460.5137,46.81301,1.1030526,44.42584416438659,44.42584416438659,0.0,0.0,0.0,0.0,0.0,0.0,0.0,0.0,0.0,0.0
768,3461.3096,47.52427,1.100184,44.40843006749135,44.40843006749135,0.0,0.0,0.0,0.0,0.0,0.0,0.0,0.0,0.0,0.0
769,3462.108,45.028534,1.0850269,44.39097343038903,44.39097343038903,0.0,0.0,0.0,0.0,0.0,0.0,0.0,0.0,0.0,0.0
770,3462.9043,45.504772,1.0724529,44.37357034538334,44.37357034538334,0.0,0.0,0.0,0.0,0.0,0.0,0.0,0.0,0.0,0.0
771,3463.7012,47.630657,1.1047791,44.35616742234985,44.35616742234985,0.0,0.0,0.0,0.0,0.0,0.0,0.0,0.0,0.0,0.0
772,3464.4998,48.967297,1.1226416,44.33873803797069,44.33873803797069,0.0,0.0,0.0,0.0,0.0,0.0,0.0,0.0,0.0,0.0
773,3465.2966,49.881794,1.1322702,44.32135678141114,44.32135678141114,0.0,0.0,0.0,0.0,0.0,0.0,0.0,0.0,0.0,0.0
774,3466.096,46.155937,1.0998583,44.30393313096111,44.30393313096111,0.0,0.0,0.0,0.0,0.0,0.0,0.0,0.0,0.0,0.0
775,3466.8933,47.58864,1.112108,44.28656288015442,44.28656288015442,0.0,0.0,0.0,0.0,0.0,0.0,0.0,0.0,0.0,0.0
776,3467.6926,49.207954,1.1226281,44.269160923586334,44.269160923586334,0.0,0.0,0.0,0.0,0.0,0.0,0.0,0.0,0.0,0.0
777,3468.4907,49.075886,1.1190188,44.25179636449093,44.25179636449093,0.0,0.0,0.0,0.0,0.0,0.0,0.0,0.0,0.0,0.0
778,3469.2888,48.39557,1.1206225,44.2344426093914,44.2344426093914,0.0,0.0,0.0,0.0,0.0,0.0,0.0,0.0,0.0,0.0
779,3470.0889,47.678165,1.1028895,44.21705722007605,44.21705722007605,0.0,0.0,0.0,0.0,0.0,0.0,0.0,0.0,0.0,0.0
780,3470.887,46.797394,1.0987469,44.19972507174621,44.19972507174621,0.0,0.0,0.0,0.0,0.0,0.0,0.0,0.0,0.0,0.0
781,3471.6875,47.88489,1.1005907,44.182350729567474,44.182350729567474,0.0,0.0,0.0,0.0,0.0,0.0,0.0,0.0,0.0,0.0
782,3472.486,45.93559,1.0910541,44.16502957031031,44.16502957031031,0.0,0.0,0.0,0.0,0.0,0.0,0.0,0.0,0.0,0.0
783,3473.2869,45.55359,1.0825624,44.1476715683801,44.1476715683801,0.0,0.0,0.0,0.0,0.0,0.0,0.0,0.0,0.0,0.0
784,3474.086,47.95644,1.1032739,44.130361397643185,44.130361397643185,0.0,0.0,0.0,0.0,0.0,0.0,0.0,0.0,0.0,0.0
785,3474.8848,46.44341,1.0890759,44.11306727672065,44.11306727672065,0.0,0.0,0.0,0.0,0.0,0.0,0.0,0.0,0.0,0.0
786,3475.6868,45.228115,1.0727872,44.09571525880817,44.09571525880817,0.0,0.0,0.0,0.0,0.0,0.0,0.0,0.0,0.0,0.0
787,3476.4858,45.625793,1.0777755,44.07843739458552,44.07843739458552,0.0,0.0,0.0,0.0,0.0,0.0,0.0,0.0,0.0,0.0
788,3477.2874,46.770824,1.0781338,44.06111752900267,44.06111752900267,0.0,0.0,0.0,0.0,0.0,0.0,0.0,0.0,0.0,0.0
789,3478.0876,47.33194,1.0982186,44.043834811839105,44.043834811839105,0.0,0.0,0.0,0.0,0.0,0.0,0.0,0.0,0.0,0.0
790,3478.8896,47.230976,1.0909942,44.02652597571303,44.02652597571303,0.0,0.0,0.0,0.0,0.0,0.0,0.0,0.0,0.0,0.0
791,3479.69,47.624786,1.0939159,44.009264778175854,44.009264778175854,0.0,0.0,0.0,0.0,0.0,0.0,0.0,0.0,0.0,0.0
792,3480.4907,48.272003,1.0943412,43.992003793515664,43.992003793515664,0.0,0.0,0.0,0.0,0.0,0.0,0.0,0.0,0.0,0.0
793,3481.2927,47.6412,1.0967759,43.97472725948052,43.97472725948052,0.0,0.0,0.0,0.0,0.0,0.0,0.0,0.0,0.0,0.0
794,3482.094,48.304356,1.0969734,43.95747725047986,43.95747725047986,0.0,0.0,0.0,0.0,0.0,0.0,0.0,0.0,0.0,0.0
795,3482.8967,48.963207,1.1111499,43.94020646856925,43.94020646856925,0.0,0.0,0.0,0.0,0.0,0.0,0.0,0.0,0.0,0.0
796,3483.6982,47.5359,1.0941422,43.92297268887308,43.92297268887308,0.0,0.0,0.0,0.0,0.0,0.0,0.0,0.0,0.0,0.0
797,3484.5012,45.361626,1.0702745,43.905718163722135,43.905718163722135,0.0,0.0,0.0,0.0,0.0,0.0,0.0,0.0,0.0,0.0
798,3485.3027,46.539104,1.0768173,43.888505837541516,43.888505837541516,0.0,0.0,0.0,0.0,0.0,0.0,0.0,0.0,0.0,0.0
799,3486.105,47.874996,1.0940896,43.87128850070333,43.87128850070333,0.0,0.0,0.0,0.0,0.0,0.0,0.0,0.0,0.0,0.0
800,3486.9087,48.127644,1.0995445,43.854050469296695,43.854050469296695,0.0,0.0,0.0,0.0,0.0,0.0,0.0,0.0,0.0,0.0
801,3487.7112,47.678284,1.1056833,43.83684933880771,43.83684933880771,0.0,0.0,0.0,0.0,0.0,0.0,0.0,0.0,0.0,0.0
802,3488.5151,47.3644,1.0807467,43.819627541098384,43.819627541098384,0.0,0.0,0.0,0.0,0.0,0.0,0.0,0.0,0.0,0.0
803,3489.3174,47.27272,1.0885658,43.80245304981756,43.80245304981756,0.0,0.0,0.0,0.0,0.0,0.0,0.0,0.0,0.0,0.0
804,3490.1223,46.02758,1.076158,43.78523179718827,43.78523179718827,0.0,0.0,0.0,0.0,0.0,0.0,0.0,0.0,0.0,0.0
805,3490.9253,46.40887,1.0769776,43.76806303161007,43.76806303161007,0.0,0.0,0.0,0.0,0.0,0.0,0.0,0.0,0.0,0.0
806,3491.728,45.903896,1.0701967,43.750910159681524,43.750910159681524,0.0,0.0,0.0,0.0,0.0,0.0,0.0,0.0,0.0,0.0
807,3492.5332,46.09813,1.0786388,43.73371583121826,43.73371583121826,0.0,0.0,0.0,0.0,0.0,0.0,0.0,0.0,0.0,0.0
808,3493.3367,47.05079,1.0846751,43.71656868227679,43.71656868227679,0.0,0.0,0.0,0.0,0.0,0.0,0.0,0.0,0.0,0.0
809,3494.1426,45.690456,1.0730591,43.69938014296049,43.69938014296049,0.0,0.0,0.0,0.0,0.0,0.0,0.0,0.0,0.0,0.0
810,3494.9463,45.54593,1.0670235,43.68224914336237,43.68224914336237,0.0,0.0,0.0,0.0,0.0,0.0,0.0,0.0,0.0,0.0
811,3495.7522,44.217083,1.0535066,43.66508200545588,43.66508200545588,0.0,0.0,0.0,0.0,0.0,0.0,0.0,0.0,0.0,0.0
812,3496.5566,45.41008,1.063633,43.64795674351948,43.64795674351948,0.0,0.0,0.0,0.0,0.0,0.0,0.0,0.0,0.0,0.0
813,3497.3606,46.151703,1.0625669,43.630852520231564,43.630852520231564,0.0,0.0,0.0,0.0,0.0,0.0,0.0,0.0,0.0,0.0
814,3498.1672,45.20926,1.0600976,43.613701846650315,43.613701846650315,0.0,0.0,0.0,0.0,0.0,0.0,0.0,0.0,0.0,0.0
815,3498.9722,46.289177,1.0630252,43.59659816895458,43.59659816895458,0.0,0.0,0.0,0.0,0.0,0.0,0.0,0.0,0.0,0.0
816,3499.7788,45.26396,1.0547494,43.57946885094834,43.57946885094834,0.0,0.0,0.0,0.0,0.0,0.0,0.0,0.0,0.0,0.0
817,3500.584,43.872417,1.0372081,43.56238128582965,43.56238128582965,0.0,0.0,0.0,0.0,0.0,0.0,0.0,0.0,0.0,0.0
818,3501.3909,44.772224,1.0476935,43.54526811386861,43.54526811386861,0.0,0.0,0.0,0.0,0.0,0.0,0.0,0.0,0.0,0.0
819,3502.197,46.603386,1.0684122,43.5281811249765,43.5281811249765,0.0,0.0,0.0,0.0,0.0,0.0,0.0,0.0,0.0,0.0
820,3503.0024,46.406357,1.0687346,43.51112028107866,43.51112028107866,0.0,0.0,0.0,0.0,0.0,0.0,0.0,0.0,0.0,0.0
821,3503.8098,44.354477,1.0510565,43.49402871053517,43.49402871053517,0.0,0.0,0.0,0.0,0.0,0.0,0.0,0.0,0.0,0.0
822,3504.6162,46.22906,1.0510578,43.476968443200704,43.476968443200704,0.0,0.0,0.0,0.0,0.0,0.0,0.0,0.0,0.0,0.0
823,3505.4243,43.634212,1.0289283,43.45988266856559,43.45988266856559,0.0,0.0,0.0,0.0,0.0,0.0,0.0,0.0,0.0,0.0
824,3506.231,44.61565,1.0374457,43.44283848664031,43.44283848664031,0.0,0.0,0.0,0.0,0.0,0.0,0.0,0.0,0.0,0.0
825,3507.0396,45.932198,1.0496665,43.42576367687642,43.42576367687642,0.0,0.0,0.0,0.0,0.0,0.0,0.0,0.0,0.0,0.0
826,3507.8462,44.83016,1.0435889,43.40874071722714,43.40874071722714,0.0,0.0,0.0,0.0,0.0,0.0,0.0,0.0,0.0,0.0
827,3508.653,46.095173,1.057686,43.391723194912956,43.391723194912956,0.0,0.0,0.0,0.0,0.0,0.0,0.0,0.0,0.0,0.0
828,3509.463,44.73167,1.0313131,43.374654524155254,43.374654524155254,0.0,0.0,0.0,0.0,0.0,0.0,0.0,0.0,0.0,0.0
829,3510.2705,42.948555,1.0206801,43.357642772460935,43.357642772460935,0.0,0.0,0.0,0.0,0.0,0.0,0.0,0.0,0.0,0.0
830,3511.0798,43.47549,1.0129225,43.34060563938986,43.34060563938986,0.0,0.0,0.0,0.0,0.0,0.0,0.0,0.0,0.0,0.0
831,3511.8877,43.726597,1.0250082,43.32360993299437,43.32360993299437,0.0,0.0,0.0,0.0,0.0,0.0,0.0,0.0,0.0,0.0
832,3512.6973,42.953457,1.0088314,43.30658887834116,43.30658887834116,0.0,0.0,0.0,0.0,0.0,0.0,0.0,0.0,0.0,0.0
833,3513.5054,43.587414,1.0159558,43.289609200305186,43.289609200305186,0.0,0.0,0.0,0.0,0.0,0.0,0.0,0.0,0.0,0.0
834,3514.314,41.279457,0.9940706,43.27262983219733,43.27262983219733,0.0,0.0,0.0,0.0,0.0,0.0,0.0,0.0,0.0,0.0
835,3515.124,43.061634,1.0044537,43.255630296819035,43.255630296819035,0.0,0.0,0.0,0.0,0.0,0.0,0.0,0.0,0.0,0.0
836,3515.9324,43.579422,1.0168556,43.23867718494398,43.23867718494398,0.0,0.0,0.0,0.0,0.0,0.0,0.0,0.0,0.0,0.0
837,3516.7437,42.571716,1.0025402,43.221673226919364,43.221673226919364,0.0,0.0,0.0,0.0,0.0,0.0,0.0,0.0,0.0,0.0
838,3517.5525,42.50581,1.0064523,43.204730998404415,43.204730998404415,0.0,0.0,0.0,0.0,0.0,0.0,0.0,0.0,0.0,0.0
839,3518.364,43.151398,1.0100602,43.18774310401446,43.18774310401446,0.0,0.0,0.0,0.0,0.0,0.0,0.0,0.0,0.0,0.0
840,3519.1729,42.857555,1.0098112,43.17082196967628,43.17082196967628,0.0,0.0,0.0,0.0,0.0,0.0,0.0,0.0,0.0,0.0
841,3519.9824,43.551594,1.0160229,43.15389604328454,43.15389604328454,0.0,0.0,0.0,0.0,0.0,0.0,0.0,0.0,0.0,0.0
842,3520.7944,42.86032,1.0034813,43.13692964757212,43.13692964757212,0.0,0.0,0.0,0.0,0.0,0.0,0.0,0.0,0.0,0.0
843,3521.6045,41.799995,0.9995829,43.120014603618834,43.120014603618834,0.0,0.0,0.0,0.0,0.0,0.0,0.0,0.0,0.0,0.0
844,3522.4167,41.462063,0.9867107,43.10306424178545,43.10306424178545,0.0,0.0,0.0,0.0,0.0,0.0,0.0,0.0,0.0,0.0
845,3523.2266,40.84487,0.9797756,43.08617534931964,43.08617534931964,0.0,0.0,0.0,0.0,0.0,0.0,0.0,0.0,0.0,0.0
846,3524.0388,41.163498,0.97620904,43.06924608488631,43.06924608488631,0.0,0.0,0.0,0.0,0.0,0.0,0.0,0.0,0.0,0.0
847,3524.85,40.494087,0.97208863,43.05234770628927,43.05234770628927,0.0,0.0,0.0,0.0,0.0,0.0,0.0,0.0,0.0,0.0
848,3525.6626,41.64171,0.9855281,43.03543444178174,43.03543444178174,0.0,0.0,0.0,0.0,0.0,0.0,0.0,0.0,0.0,0.0
849,3526.474,41.565315,0.97691685,43.01855202613138,43.01855202613138,0.0,0.0,0.0,0.0,0.0,0.0,0.0,0.0,0.0,0.0
850,3527.285,39.674347,0.97007275,43.001695338226774,43.001695338226774,0.0,0.0,0.0,0.0,0.0,0.0,0.0,0.0,0.0,0.0
851,3528.0981,40.608593,0.97346205,42.98479841705779,42.98479841705779,0.0,0.0,0.0,0.0,0.0,0.0,0.0,0.0,0.0,0.0
852,3528.9102,40.650585,0.9690106,42.96793736676451,42.96793736676451,0.0,0.0,0.0,0.0,0.0,0.0,0.0,0.0,0.0,0.0
853,3529.7239,40.54529,0.97270757,42.951051354226685,42.951051354226685,0.0,0.0,0.0,0.0,0.0,0.0,0.0,0.0,0.0,0.0
854,3530.5356,40.634598,0.9700402,42.93421636041675,42.93421636041675,0.0,0.0,0.0,0.0,0.0,0.0,0.0,0.0,0.0,0.0
855,3531.35,40.0457,0.9663751,42.91733619059238,42.91733619059238,0.0,0.0,0.0,0.0,0.0,0.0,0.0,0.0,0.0,0.0
856,3532.1624,39.537815,0.9597163,42.90051204532284,42.90051204532284,0.0,0.0,0.0,0.0,0.0,0.0,0.0,0.0,0.0,0.0
857,3532.975,41.014637,0.98086804,42.883688257224186,42.883688257224186,0.0,0.0,0.0,0.0,0.0,0.0,0.0,0.0,0.0,0.0
858,3533.7896,41.236332,0.98429126,42.866839591304775,42.866839591304775,0.0,0.0,0.0,0.0,0.0,0.0,0.0,0.0,0.0,0.0
859,3534.6025,39.037525,0.9592593,42.85003170062017,42.85003170062017,0.0,0.0,0.0,0.0,0.0,0.0,0.0,0.0,0.0,0.0
860,3535.4177,39.986134,0.9630787,42.83318887914841,42.83318887914841,0.0,0.0,0.0,0.0,0.0,0.0,0.0,0.0,0.0,0.0
861,3536.231,41.456738,0.9779296,42.81639687528502,42.81639687528502,0.0,0.0,0.0,0.0,0.0,0.0,0.0,0.0,0.0,0.0
862,3537.0466,40.92017,0.97268814,42.799564949162544,42.799564949162544,0.0,0.0,0.0,0.0,0.0,0.0,0.0,0.0,0.0,0.0
863,3537.8599,40.857826,0.96557164,42.7827938516761,42.7827938516761,0.0,0.0,0.0,0.0,0.0,0.0,0.0,0.0,0.0,0.0
864,3538.6736,38.8997,0.94635487,42.766023118050555,42.766023118050555,0.0,0.0,0.0,0.0,0.0,0.0,0.0,0.0,0.0,0.0
865,3539.49,39.05419,0.94593346,42.74920751495169,42.74920751495169,0.0,0.0,0.0,0.0,0.0,0.0,0.0,0.0,0.0,0.0
866,3540.3042,39.15894,0.94175667,42.73244761465337,42.73244761465337,0.0,0.0,0.0,0.0,0.0,0.0,0.0,0.0,0.0,0.0
867,3541.1208,38.72487,0.9506858,42.71564792922415,42.71564792922415,0.0,0.0,0.0,0.0,0.0,0.0,0.0,0.0,0.0,0.0
868,3541.9353,38.60145,0.93539417,42.69890387867638,42.69890387867638,0.0,0.0,0.0,0.0,0.0,0.0,0.0,0.0,0.0,0.0
869,3542.752,38.92573,0.94218796,42.6821251084876,42.6821251084876,0.0,0.0,0.0,0.0,0.0,0.0,0.0,0.0,0.0,0.0
870,3543.5671,39.32514,0.94624203,42.66538686494109,42.66538686494109,0.0,0.0,0.0,0.0,0.0,0.0,0.0,0.0,0.0,0.0
871,3544.382,39.93739,0.9596345,42.64866404161615,42.64866404161615,0.0,0.0,0.0,0.0,0.0,0.0,0.0,0.0,0.0,0.0
872,3545.1995,39.715164,0.9446682,42.6319015635669,42.6319015635669,0.0,0.0,0.0,0.0,0.0,0.0,0.0,0.0,0.0,0.0
873,3546.0151,38.75533,0.94421744,42.61518455007517,42.61518455007517,0.0,0.0,0.0,0.0,0.0,0.0,0.0,0.0,0.0,0.0
874,3546.8328,38.74691,0.94929016,42.598437942972474,42.598437942972474,0.0,0.0,0.0,0.0,0.0,0.0,0.0,0.0,0.0,0.0
875,3547.649,40.424152,0.9643329,42.581731749439236,42.581731749439236,0.0,0.0,0.0,0.0,0.0,0.0,0.0,0.0,0.0,0.0
876,3548.4666,39.23481,0.9475252,42.56500599219,42.56500599219,0.0,0.0,0.0,0.0,0.0,0.0,0.0,0.0,0.0,0.0
877,3549.283,39.18397,0.952923,42.548315603816,42.548315603816,0.0,0.0,0.0,0.0,0.0,0.0,0.0,0.0,0.0,0.0
878,3550.0996,38.892654,0.9434679,42.53163060993435,42.53163060993435,0.0,0.0,0.0,0.0,0.0,0.0,0.0,0.0,0.0,0.0
879,3550.9182,39.3422,0.9520491,42.51491612732787,42.51491612732787,0.0,0.0,0.0,0.0,0.0,0.0,0.0,0.0,0.0,0.0
880,3551.7356,40.49392,0.9630115,42.49823696523921,42.49823696523921,0.0,0.0,0.0,0.0,0.0,0.0,0.0,0.0,0.0,0.0
881,3552.5547,39.70934,0.9521335,42.481533342152126,42.481533342152126,0.0,0.0,0.0,0.0,0.0,0.0,0.0,0.0,0.0,0.0
882,3553.3716,39.07359,0.9384612,42.464884899514566,42.464884899514566,0.0,0.0,0.0,0.0,0.0,0.0,0.0,0.0,0.0,0.0
883,3554.1914,40.03216,0.9611006,42.448187154266975,42.448187154266975,0.0,0.0,0.0,0.0,0.0,0.0,0.0,0.0,0.0,0.0
884,3555.0088,39.93697,0.9495629,42.43154950244673,42.43154950244673,0.0,0.0,0.0,0.0,0.0,0.0,0.0,0.0,0.0,0.0
885,3555.827,39.49965,0.9554772,42.41490730011365,42.41490730011365,0.0,0.0,0.0,0.0,0.0,0.0,0.0,0.0,0.0,0.0
886,3556.6467,39.746685,0.94930655,42.39824071945346,42.39824071945346,0.0,0.0,0.0,0.0,0.0,0.0,0.0,0.0,0.0,0.0
887,3557.4648,39.27089,0.9457317,42.38161923707666,42.38161923707666,0.0,0.0,0.0,0.0,0.0,0.0,0.0,0.0,0.0,0.0
888,3558.2852,38.01593,0.9349154,42.36496349090432,42.36496349090432,0.0,0.0,0.0,0.0,0.0,0.0,0.0,0.0,0.0,0.0
889,3559.1038,39.921467,0.9564921,42.348352794446015,42.348352794446015,0.0,0.0,0.0,0.0,0.0,0.0,0.0,0.0,0.0,0.0
890,3559.9243,39.983982,0.9525429,42.331712833774816,42.331712833774816,0.0,0.0,0.0,0.0,0.0,0.0,0.0,0.0,0.0,0.0
891,3560.7434,39.537666,0.95172244,42.315112921858365,42.315112921858365,0.0,0.0,0.0,0.0,0.0,0.0,0.0,0.0,0.0,0.0
892,3561.5625,40.05301,0.9524231,42.29852333527172,42.29852333527172,0.0,0.0,0.0,0.0,0.0,0.0,0.0,0.0,0.0,0.0
893,3562.384,39.108963,0.9433748,42.281894664029686,42.281894664029686,0.0,0.0,0.0,0.0,0.0,0.0,0.0,0.0,0.0,0.0
894,3563.2034,39.87834,0.9454869,42.265320795394985,42.265320795394985,0.0,0.0,0.0,0.0,0.0,0.0,0.0,0.0,0.0,0.0
895,3564.025,39.77306,0.9471148,42.24871282612416,42.24871282612416,0.0,0.0,0.0,0.0,0.0,0.0,0.0,0.0,0.0,0.0
896,3564.8452,40.51206,0.95341355,42.232139862900794,42.232139862900794,0.0,0.0,0.0,0.0,0.0,0.0,0.0,0.0,0.0,0.0
897,3565.6672,40.155636,0.94036174,42.215542716962474,42.215542716962474,0.0,0.0,0.0,0.0,0.0,0.0,0.0,0.0,0.0,0.0
898,3566.4875,38.690166,0.93892133,42.198990390509216,42.198990390509216,0.0,0.0,0.0,0.0,0.0,0.0,0.0,0.0,0.0,0.0
899,3567.3079,39.965664,0.94760597,42.182448358524454,42.182448358524454,0.0,0.0,0.0,0.0,0.0,0.0,0.0,0.0,0.0,0.0
900,3568.1304,40.889683,0.9559309,42.16587234458195,42.16587234458195,0.0,0.0,0.0,0.0,0.0,0.0,0.0,0.0,0.0,0.0
901,3568.9514,39.971607,0.95264065,42.1493361560589,42.1493361560589,0.0,0.0,0.0,0.0,0.0,0.0,0.0,0.0,0.0,0.0
902,3569.7742,40.951973,0.95543134,42.132775866515104,42.132775866515104,0.0,0.0,0.0,0.0,0.0,0.0,0.0,0.0,0.0,0.0
903,3570.5952,42.116737,0.97425425,42.11626026362793,42.11626026362793,0.0,0.0,0.0,0.0,0.0,0.0,0.0,0.0,0.0,0.0
904,3571.419,41.937607,0.97075754,42.099700959437435,42.099700959437435,0.0,0.0,0.0,0.0,0.0,0.0,0.0,0.0,0.0,0.0
905,3572.2405,42.024113,0.9695822,42.08319611263297,42.08319611263297,0.0,0.0,0.0,0.0,0.0,0.0,0.0,0.0,0.0,0.0
906,3573.0625,39.36452,0.99084234,42.06669172892219,42.06669172892219,0.0,0.0,0.0,0.0,0.0,0.0,0.0,0.0,0.0,0.0
907,3573.8862,41.189606,0.99417156,42.050163331704844,42.050163331704844,0.0,0.0,0.0,0.0,0.0,0.0,0.0,0.0,0.0,0.0
908,3574.708,41.122776,0.9530289,42.03368438896295,42.03368438896295,0.0,0.0,0.0,0.0,0.0,0.0,0.0,0.0,0.0,0.0
909,3575.5327,41.227913,0.96487594,42.01715699611623,42.01715699611623,0.0,0.0,0.0,0.0,0.0,0.0,0.0,0.0,0.0,0.0
910,3576.3552,43.017883,0.9728022,42.00068390390119,42.00068390390119,0.0,0.0,0.0,0.0,0.0,0.0,0.0,0.0,0.0,0.0
911,3577.1802,41.499268,0.96135473,41.98417220553442,41.98417220553442,0.0,0.0,0.0,0.0,0.0,0.0,0.0,0.0,0.0,0.0
912,3578.0027,40.81502,0.95399314,41.96771962354209,41.96771962354209,0.0,0.0,0.0,0.0,0.0,0.0,0.0,0.0,0.0,0.0
913,3578.8257,41.963474,0.95683974,41.95126751043929,41.95126751043929,0.0,0.0,0.0,0.0,0.0,0.0,0.0,0.0,0.0,0.0
914,3579.6514,40.40114,0.9516513,41.93477199237612,41.93477199237612,0.0,0.0,0.0,0.0,0.0,0.0,0.0,0.0,0.0,0.0
915,3580.4749,39.85001,0.9408418,41.91833061861875,41.91833061861875,0.0,0.0,0.0,0.0,0.0,0.0,0.0,0.0,0.0,0.0
916,3581.3,41.628475,0.958972,41.901865380785544,41.901865380785544,0.0,0.0,0.0,0.0,0.0,0.0,0.0,0.0,0.0,0.0
917,3582.1243,40.113186,0.9450525,41.885429868887734,41.885429868887734,0.0,0.0,0.0,0.0,0.0,0.0,0.0,0.0,0.0,0.0
918,3582.9502,39.679993,0.9406642,41.86897053609651,41.86897053609651,0.0,0.0,0.0,0.0,0.0,0.0,0.0,0.0,0.0,0.0
919,3583.7747,40.504166,0.954467,41.852550627214846,41.852550627214846,0.0,0.0,0.0,0.0,0.0,0.0,0.0,0.0,0.0,0.0
920,3584.599,41.03376,0.95477897,41.83614093260476,41.83614093260476,0.0,0.0,0.0,0.0,0.0,0.0,0.0,0.0,0.0,0.0
921,3585.426,40.800983,0.96144295,41.819692896410764,41.819692896410764,0.0,0.0,0.0,0.0,0.0,0.0,0.0,0.0,0.0,0.0
922,3586.2507,40.483597,0.95138025,41.80329878273996,41.80329878273996,0.0,0.0,0.0,0.0,0.0,0.0,0.0,0.0,0.0,0.0
923,3587.078,40.63717,0.9537114,41.78686637656362,41.78686637656362,0.0,0.0,0.0,0.0,0.0,0.0,0.0,0.0,0.0,0.0
924,3587.903,40.127216,0.9524128,41.77048298145504,41.77048298145504,0.0,0.0,0.0,0.0,0.0,0.0,0.0,0.0,0.0,0.0
925,3588.7302,40.87072,0.9511555,41.75407103415004,41.75407103415004,0.0,0.0,0.0,0.0,0.0,0.0,0.0,0.0,0.0,0.0
926,3589.556,40.391777,0.9518472,41.73769835296126,41.73769835296126,0.0,0.0,0.0,0.0,0.0,0.0,0.0,0.0,0.0,0.0
927,3590.3838,40.319977,0.94326967,41.7212923258804,41.7212923258804,0.0,0.0,0.0,0.0,0.0,0.0,0.0,0.0,0.0,0.0
928,3591.2097,41.827217,0.9698086,41.70493519658116,41.70493519658116,0.0,0.0,0.0,0.0,0.0,0.0,0.0,0.0,0.0,0.0
929,3592.0356,42.493023,0.97189546,41.688588239476275,41.688588239476275,0.0,0.0,0.0,0.0,0.0,0.0,0.0,0.0,0.0,0.0
930,3592.8643,42.712254,0.9755601,41.67219834253919,41.67219834253919,0.0,0.0,0.0,0.0,0.0,0.0,0.0,0.0,0.0,0.0
931,3593.6907,41.248047,0.96249866,41.65586208770481,41.65586208770481,0.0,0.0,0.0,0.0,0.0,0.0,0.0,0.0,0.0,0.0
932,3594.5198,40.584854,0.9479936,41.63948295383617,41.63948295383617,0.0,0.0,0.0,0.0,0.0,0.0,0.0,0.0,0.0,0.0
933,3595.3464,40.4592,0.9526565,41.62316222115875,41.62316222115875,0.0,0.0,0.0,0.0,0.0,0.0,0.0,0.0,0.0,0.0
934,3596.176,40.4104,0.95418227,41.60679384859501,41.60679384859501,0.0,0.0,0.0,0.0,0.0,0.0,0.0,0.0,0.0,0.0
935,3597.0032,41.165974,0.9585946,41.59048381181116,41.59048381181116,0.0,0.0,0.0,0.0,0.0,0.0,0.0,0.0,0.0,0.0
936,3597.8303,40.21575,0.9455955,41.57418391656647,41.57418391656647,0.0,0.0,0.0,0.0,0.0,0.0,0.0,0.0,0.0,0.0
937,3598.6604,41.205162,0.96264017,41.55783647530877,41.55783647530877,0.0,0.0,0.0,0.0,0.0,0.0,0.0,0.0,0.0,0.0
938,3599.4883,41.451,0.9505647,41.54154246234121,41.54154246234121,0.0,0.0,0.0,0.0,0.0,0.0,0.0,0.0,0.0,0.0
939,3600.3179,40.94998,0.95968014,41.525224978779754,41.525224978779754,0.0,0.0,0.0,0.0,0.0,0.0,0.0,0.0,0.0,0.0
940,3601.1465,40.932945,0.95037144,41.50893685235705,41.50893685235705,0.0,0.0,0.0,0.0,0.0,0.0,0.0,0.0,0.0,0.0
941,3601.9766,41.13222,0.9561246,41.492630092427966,41.492630092427966,0.0,0.0,0.0,0.0,0.0,0.0,0.0,0.0,0.0,0.0
942,3602.8057,41.347305,0.9557851,41.47635266035937,41.47635266035937,0.0,0.0,0.0,0.0,0.0,0.0,0.0,0.0,0.0,0.0
943,3603.6343,40.241783,0.94269544,41.46009493440756,41.46009493440756,0.0,0.0,0.0,0.0,0.0,0.0,0.0,0.0,0.0,0.0
944,3604.465,39.922752,0.9363942,41.44380424573538,41.44380424573538,0.0,0.0,0.0,0.0,0.0,0.0,0.0,0.0,0.0,0.0
945,3605.2947,40.975853,0.9470938,41.427547623762116,41.427547623762116,0.0,0.0,0.0,0.0,0.0,0.0,0.0,0.0,0.0,0.0
946,3606.126,41.397614,0.95162326,41.411267658688125,41.411267658688125,0.0,0.0,0.0,0.0,0.0,0.0,0.0,0.0,0.0,0.0
947,3606.9553,39.564835,0.9859361,41.395036055325235,41.395036055325235,0.0,0.0,0.0,0.0,0.0,0.0,0.0,0.0,0.0,0.0
948,3607.787,39.881756,0.9858756,41.37876680604739,41.37876680604739,0.0,0.0,0.0,0.0,0.0,0.0,0.0,0.0,0.0,0.0
949,3608.617,39.82719,0.9368367,41.36254586550989,41.36254586550989,0.0,0.0,0.0,0.0,0.0,0.0,0.0,0.0,0.0,0.0
950,3609.4473,40.19552,0.9382035,41.34632547565824,41.34632547565824,0.0,0.0,0.0,0.0,0.0,0.0,0.0,0.0,0.0,0.0
951,3610.2798,41.30937,0.9460801,41.33007229177265,41.33007229177265,0.0,0.0,0.0,0.0,0.0,0.0,0.0,0.0,0.0,0.0
952,3611.11,41.411636,0.9475313,41.31387209917237,41.31387209917237,0.0,0.0,0.0,0.0,0.0,0.0,0.0,0.0,0.0,0.0
953,3611.9429,39.65893,0.92610395,41.29763438980357,41.29763438980357,0.0,0.0,0.0,0.0,0.0,0.0,0.0,0.0,0.0,0.0
954,3612.7737,41.951508,0.95354205,41.281444851076124,41.281444851076124,0.0,0.0,0.0,0.0,0.0,0.0,0.0,0.0,0.0,0.0
955,3613.6067,40.231186,0.92318314,41.26522260247645,41.26522260247645,0.0,0.0,0.0,0.0,0.0,0.0,0.0,0.0,0.0,0.0
956,3614.4382,40.029484,0.9452914,41.249038965764036,41.249038965764036,0.0,0.0,0.0,0.0,0.0,0.0,0.0,0.0,0.0,0.0
957,3615.2695,40.862137,0.92798096,41.232870143734054,41.232870143734054,0.0,0.0,0.0,0.0,0.0,0.0,0.0,0.0,0.0,0.0
958,3616.1038,40.228565,0.9353856,41.21665444539509,41.21665444539509,0.0,0.0,0.0,0.0,0.0,0.0,0.0,0.0,0.0,0.0
959,3616.9353,40.018135,0.9267611,41.200501015278654,41.200501015278654,0.0,0.0,0.0,0.0,0.0,0.0,0.0,0.0,0.0,0.0
960,3617.769,40.947998,0.94694895,41.18431498311652,41.18431498311652,0.0,0.0,0.0,0.0,0.0,0.0,0.0,0.0,0.0,0.0
961,3618.6018,40.612907,0.93555236,41.16815797839573,41.16815797839573,0.0,0.0,0.0,0.0,0.0,0.0,0.0,0.0,0.0,0.0
962,3619.4358,40.92867,0.9430018,41.15198736632262,41.15198736632262,0.0,0.0,0.0,0.0,0.0,0.0,0.0,0.0,0.0,0.0
963,3620.2686,41.19028,0.9301431,41.13585047617641,41.13585047617641,0.0,0.0,0.0,0.0,0.0,0.0,0.0,0.0,0.0,0.0
964,3621.1016,41.036404,0.9403754,41.11971889667808,41.11971889667808,0.0,0.0,0.0,0.0,0.0,0.0,0.0,0.0,0.0,0.0
965,3621.9365,41.57098,0.939179,41.103559563729775,41.103559563729775,0.0,0.0,0.0,0.0,0.0,0.0,0.0,0.0,0.0,0.0
966,3622.7695,39.060238,0.91113985,41.087448067985854,41.087448067985854,0.0,0.0,0.0,0.0,0.0,0.0,0.0,0.0,0.0,0.0
967,3623.6052,39.404945,0.92318475,41.07129469592153,41.07129469592153,0.0,0.0,0.0,0.0,0.0,0.0,0.0,0.0,0.0,0.0
968,3624.4387,39.32456,0.9104192,41.055193829168125,41.055193829168125,0.0,0.0,0.0,0.0,0.0,0.0,0.0,0.0,0.0,0.0
969,3625.2747,38.551514,0.9118567,41.03905585708432,41.03905585708432,0.0,0.0,0.0,0.0,0.0,0.0,0.0,0.0,0.0,0.0
970,3626.1084,39.082912,0.9097183,41.02297032618581,41.02297032618581,0.0,0.0,0.0,0.0,0.0,0.0,0.0,0.0,0.0,0.0
971,3626.9426,40.6453,0.9294769,41.00688538428661,41.00688538428661,0.0,0.0,0.0,0.0,0.0,0.0,0.0,0.0,0.0,0.0
972,3627.779,39.947823,0.916681,40.990768119898476,40.990768119898476,0.0,0.0,0.0,0.0,0.0,0.0,0.0,0.0,0.0,0.0
973,3628.6135,39.695972,0.92410344,40.97469850362409,40.97469850362409,0.0,0.0,0.0,0.0,0.0,0.0,0.0,0.0,0.0,0.0
974,3629.45,40.47313,0.916372,40.95860130342008,40.95860130342008,0.0,0.0,0.0,0.0,0.0,0.0,0.0,0.0,0.0,0.0
975,3630.2854,39.87459,0.91772115,40.942532910791776,40.942532910791776,0.0,0.0,0.0,0.0,0.0,0.0,0.0,0.0,0.0,0.0
976,3631.1226,38.46036,0.9071294,40.92644167858934,40.92644167858934,0.0,0.0,0.0,0.0,0.0,0.0,0.0,0.0,0.0,0.0
977,3631.958,39.88843,0.9161698,40.91039329593024,40.91039329593024,0.0,0.0,0.0,0.0,0.0,0.0,0.0,0.0,0.0,0.0
978,3632.7935,39.47605,0.9162196,40.89435489525275,40.89435489525275,0.0,0.0,0.0,0.0,0.0,0.0,0.0,0.0,0.0,0.0
979,3633.6309,39.954403,0.9119379,40.87828900824956,40.87828900824956,0.0,0.0,0.0,0.0,0.0,0.0,0.0,0.0,0.0,0.0
980,3634.467,39.27923,0.91799974,40.86225653064377,40.86225653064377,0.0,0.0,0.0,0.0,0.0,0.0,0.0,0.0,0.0,0.0
981,3635.305,39.29881,0.9068916,40.846201290462865,40.846201290462865,0.0,0.0,0.0,0.0,0.0,0.0,0.0,0.0,0.0,0.0
982,3636.141,40.48017,0.924546,40.830188772599456,40.830188772599456,0.0,0.0,0.0,0.0,0.0,0.0,0.0,0.0,0.0,0.0
983,3636.9797,39.322254,0.916042,40.81413950343862,40.81413950343862,0.0,0.0,0.0,0.0,0.0,0.0,0.0,0.0,0.0,0.0
984,3637.8162,38.777008,0.9105206,40.79814225209211,40.79814225209211,0.0,0.0,0.0,0.0,0.0,0.0,0.0,0.0,0.0,0.0
985,3638.6533,38.93793,0.9028882,40.782140951478056,40.782140951478056,0.0,0.0,0.0,0.0,0.0,0.0,0.0,0.0,0.0,0.0
986,3639.4924,38.94714,0.9122963,40.76611230872441,40.76611230872441,0.0,0.0,0.0,0.0,0.0,0.0,0.0,0.0,0.0,0.0
987,3640.3296,38.745483,0.89738727,40.75013093223365,40.75013093223365,0.0,0.0,0.0,0.0,0.0,0.0,0.0,0.0,0.0,0.0
988,3641.1692,38.96519,0.91144425,40.73411293045931,40.73411293045931,0.0,0.0,0.0,0.0,0.0,0.0,0.0,0.0,0.0,0.0
989,3642.007,39.78053,0.91253275,40.71813748971067,40.71813748971067,0.0,0.0,0.0,0.0,0.0,0.0,0.0,0.0,0.0,0.0
990,3642.8474,39.41248,0.906836,40.702125482096775,40.702125482096775,0.0,0.0,0.0,0.0,0.0,0.0,0.0,0.0,0.0,0.0
991,3643.6853,38.28636,0.8961206,40.686169938106,40.686169938106,0.0,0.0,0.0,0.0,0.0,0.0,0.0,0.0,0.0,0.0
992,3644.5232,37.830013,0.88179594,40.6702243153193,40.6702243153193,0.0,0.0,0.0,0.0,0.0,0.0,0.0,0.0,0.0,0.0
993,3645.364,38.49941,0.93519086,40.65423290340372,40.65423290340372,0.0,0.0,0.0,0.0,0.0,0.0,0.0,0.0,0.0,0.0
994,3646.2021,38.866352,0.9391394,40.63830249337284,40.63830249337284,0.0,0.0,0.0,0.0,0.0,0.0,0.0,0.0,0.0,0.0
995,3647.043,37.57286,0.87908167,40.62233098846403,40.62233098846403,0.0,0.0,0.0,0.0,0.0,0.0,0.0,0.0,0.0,0.0
996,3647.882,38.353016,0.89288956,40.60640187230396,40.60640187230396,0.0,0.0,0.0,0.0,0.0,0.0,0.0,0.0,0.0,0.0
997,3648.7234,38.07047,0.8859816,40.59044099148582,40.59044099148582,0.0,0.0,0.0,0.0,0.0,0.0,0.0,0.0,0.0,0.0
998,3649.563,37.177975,0.87996775,40.574522453598355,40.574522453598355,0.0,0.0,0.0,0.0,0.0,0.0,0.0,0.0,0.0,0.0
999,3650.4023,37.47982,0.88249254,40.55861844262763,40.55861844262763,0.0,0.0,0.0,0.0,0.0,0.0,0.0,0.0,0.0,0.0
1000,3651.2441,38.99076,0.9064641,40.54267810356883,40.54267810356883,0.0,0.0,0.0,0.0,0.0,0.0,0.0,0.0,0.0,0.0
1001,3652.0842,39.482388,0.90768456,40.526780033087036,40.526780033087036,0.0,0.0,0.0,0.0,0.0,0.0,0.0,0.0,0.0,0.0
1002,3652.926,38.877537,0.8991897,40.51085954006663,40.51085954006663,0.0,0.0,0.0,0.0,0.0,0.0,0.0,0.0,0.0,0.0
1003,3653.7666,39.91261,0.91957325,40.49497203243873,40.49497203243873,0.0,0.0,0.0,0.0,0.0,0.0,0.0,0.0,0.0,0.0
1004,3654.6094,38.61526,0.88869786,40.47905291686952,40.47905291686952,0.0,0.0,0.0,0.0,0.0,0.0,0.0,0.0,0.0,0.0
1005,3655.45,37.470177,0.8859402,40.46318519305598,40.46318519305598,0.0,0.0,0.0,0.0,0.0,0.0,0.0,0.0,0.0,0.0
1006,3656.2925,38.214127,0.88687366,40.44729050048519,40.44729050048519,0.0,0.0,0.0,0.0,0.0,0.0,0.0,0.0,0.0,0.0
1007,3657.1343,37.398037,0.8870239,40.4314195162815,40.4314195162815,0.0,0.0,0.0,0.0,0.0,0.0,0.0,0.0,0.0,0.0
1008,3657.975,38.56409,0.8930864,40.415576804881425,40.415576804881425,0.0,0.0,0.0,0.0,0.0,0.0,0.0,0.0,0.0,0.0
1009,3658.8188,38.785088,0.9015475,40.39968879078331,40.39968879078331,0.0,0.0,0.0,0.0,0.0,0.0,0.0,0.0,0.0,0.0
1010,3659.6604,39.95825,0.9107847,40.383852020205545,40.383852020205545,0.0,0.0,0.0,0.0,0.0,0.0,0.0,0.0,0.0,0.0
1011,3660.5044,40.303936,0.91992474,40.3679791960947,40.3679791960947,0.0,0.0,0.0,0.0,0.0,0.0,0.0,0.0,0.0,0.0
1012,3661.3467,39.278324,0.90587,40.352148378446245,40.352148378446245,0.0,0.0,0.0,0.0,0.0,0.0,0.0,0.0,0.0,0.0
1013,3662.191,39.921364,0.91285247,40.33629073347066,40.33629073347066,0.0,0.0,0.0,0.0,0.0,0.0,0.0,0.0,0.0,0.0
1014,3663.0332,38.60794,0.90479755,40.3204796253254,40.3204796253254,0.0,0.0,0.0,0.0,0.0,0.0,0.0,0.0,0.0,0.0
1015,3663.876,37.56069,0.87935036,40.304669190624615,40.304669190624615,0.0,0.0,0.0,0.0,0.0,0.0,0.0,0.0,0.0,0.0
1016,3664.721,37.926285,0.8901677,40.288827407463664,40.288827407463664,0.0,0.0,0.0,0.0,0.0,0.0,0.0,0.0,0.0,0.0
1017,3665.5637,38.308277,0.8964321,40.27303665753723,40.27303665753723,0.0,0.0,0.0,0.0,0.0,0.0,0.0,0.0,0.0,0.0
1018,3666.4092,37.87173,0.8881235,40.25720545343469,40.25720545343469,0.0,0.0,0.0,0.0,0.0,0.0,0.0,0.0,0.0,0.0
1019,3667.2527,37.821133,0.8882906,40.241420658624016,40.241420658624016,0.0,0.0,0.0,0.0,0.0,0.0,0.0,0.0,0.0,0.0
1020,3668.0989,37.94935,0.8897252,40.225595472550665,40.225595472550665,0.0,0.0,0.0,0.0,0.0,0.0,0.0,0.0,0.0,0.0
1021,3668.9426,38.498135,0.89516574,40.209825773640766,40.209825773640766,0.0,0.0,0.0,0.0,0.0,0.0,0.0,0.0,0.0,0.0
1022,3669.7866,38.493732,0.8994424,40.19406132223591,40.19406132223591,0.0,0.0,0.0,0.0,0.0,0.0,0.0,0.0,0.0,0.0
1023,3670.633,38.14185,0.8994029,40.178261115423545,40.178261115423545,0.0,0.0,0.0,0.0,0.0,0.0,0.0,0.0,0.0,0.0
1024,3671.477,38.24224,0.8947637,40.16251629111011,40.16251629111011,0.0,0.0,0.0,0.0,0.0,0.0,0.0,0.0,0.0,0.0
1025,3672.324,38.78607,0.89504087,40.14672665093612,40.14672665093612,0.0,0.0,0.0,0.0,0.0,0.0,0.0,0.0,0.0,0.0
1026,3673.1685,38.632572,0.90490663,40.13099233112898,40.13099233112898,0.0,0.0,0.0,0.0,0.0,0.0,0.0,0.0,0.0,0.0
1027,3674.0156,39.242405,0.8989938,40.11521780262479,40.11521780262479,0.0,0.0,0.0,0.0,0.0,0.0,0.0,0.0,0.0,0.0
1028,3674.861,38.832947,0.90069467,40.09948490157365,40.09948490157365,0.0,0.0,0.0,0.0,0.0,0.0,0.0,0.0,0.0,0.0
1029,3675.7063,38.011814,0.8886758,40.08376632681116,40.08376632681116,0.0,0.0,0.0,0.0,0.0,0.0,0.0,0.0,0.0,0.0
1030,3676.554,37.91863,0.8946365,40.06801216466736,40.06801216466736,0.0,0.0,0.0,0.0,0.0,0.0,0.0,0.0,0.0,0.0
1031,3677.3997,37.895264,0.8878517,40.05230409007445,40.05230409007445,0.0,0.0,0.0,0.0,0.0,0.0,0.0,0.0,0.0,0.0
1032,3678.2476,37.73423,0.88732916,40.03656500961902,40.03656500961902,0.0,0.0,0.0,0.0,0.0,0.0,0.0,0.0,0.0,0.0
1033,3679.0935,37.93285,0.88800216,40.02087196047519,40.02087196047519,0.0,0.0,0.0,0.0,0.0,0.0,0.0,0.0,0.0,0.0
1034,3679.9424,37.52126,0.88993996,40.00513437083942,40.00513437083942,0.0,0.0,0.0,0.0,0.0,0.0,0.0,0.0,0.0,0.0
1035,3680.7888,37.440205,0.8830145,39.9894518171816,39.9894518171816,0.0,0.0,0.0,0.0,0.0,0.0,0.0,0.0,0.0,0.0
1036,3681.636,37.881073,0.88711613,39.9737654576506,39.9737654576506,0.0,0.0,0.0,0.0,0.0,0.0,0.0,0.0,0.0,0.0
1037,3682.4846,37.19701,0.8793627,39.95806176021832,39.95806176021832,0.0,0.0,0.0,0.0,0.0,0.0,0.0,0.0,0.0,0.0
1038,3683.3318,37.431297,0.88213205,39.94239492955127,39.94239492955127,0.0,0.0,0.0,0.0,0.0,0.0,0.0,0.0,0.0,0.0
1039,3684.1812,39.43085,0.899297,39.926697245910816,39.926697245910816,0.0,0.0,0.0,0.0,0.0,0.0,0.0,0.0,0.0,0.0
1040,3685.0288,37.9186,0.89234084,39.911040903408335,39.911040903408335,0.0,0.0,0.0,0.0,0.0,0.0,0.0,0.0,0.0,0.0
1041,3685.8782,36.85127,0.87288713,39.895362763290755,39.895362763290755,0.0,0.0,0.0,0.0,0.0,0.0,0.0,0.0,0.0,0.0
1042,3686.7263,38.547016,0.889571,39.879716903754236,39.879716903754236,0.0,0.0,0.0,0.0,0.0,0.0,0.0,0.0,0.0,0.0
1043,3687.5745,37.758163,0.8855114,39.86408077694679,39.86408077694679,0.0,0.0,0.0,0.0,0.0,0.0,0.0,0.0,0.0,0.0
1044,3688.4246,39.793728,0.8955805,39.84841840098698,39.84841840098698,0.0,0.0,0.0,0.0,0.0,0.0,0.0,0.0,0.0,0.0
1045,3689.2734,38.71726,0.8983022,39.83278825544285,39.83278825544285,0.0,0.0,0.0,0.0,0.0,0.0,0.0,0.0,0.0,0.0
1046,3690.1245,37.22393,0.8714193,39.81712741464515,39.81712741464515,0.0,0.0,0.0,0.0,0.0,0.0,0.0,0.0,0.0,0.0
1047,3690.9734,37.758762,0.88244784,39.801516735217334,39.801516735217334,0.0,0.0,0.0,0.0,0.0,0.0,0.0,0.0,0.0,0.0
1048,3691.8245,38.449013,0.883674,39.7858753942752,39.7858753942752,0.0,0.0,0.0,0.0,0.0,0.0,0.0,0.0,0.0,0.0
1049,3692.6738,36.452507,0.86533856,39.77027518234445,39.77027518234445,0.0,0.0,0.0,0.0,0.0,0.0,0.0,0.0,0.0,0.0
1050,3693.5237,37.804527,0.8726957,39.75467571321276,39.75467571321276,0.0,0.0,0.0,0.0,0.0,0.0,0.0,0.0,0.0,0.0
1051,3694.3748,39.151756,0.8859676,39.73906356393579,39.73906356393579,0.0,0.0,0.0,0.0,0.0,0.0,0.0,0.0,0.0,0.0
1052,3695.225,38.552937,0.88636273,39.7234745628214,39.7234745628214,0.0,0.0,0.0,0.0,0.0,0.0,0.0,0.0,0.0,0.0
1053,3696.077,38.574425,0.88968813,39.70786843246404,39.70786843246404,0.0,0.0,0.0,0.0,0.0,0.0,0.0,0.0,0.0,0.0
1054,3696.9272,39.570374,0.8936856,39.692298840013294,39.692298840013294,0.0,0.0,0.0,0.0,0.0,0.0,0.0,0.0,0.0,0.0
1055,3697.78,37.778316,0.8705828,39.67669427121005,39.67669427121005,0.0,0.0,0.0,0.0,0.0,0.0,0.0,0.0,0.0,0.0
1056,3698.6304,36.93362,0.85864407,39.66114406544698,39.66114406544698,0.0,0.0,0.0,0.0,0.0,0.0,0.0,0.0,0.0,0.0
1057,3699.4814,38.440475,0.87129503,39.64559014544588,39.64559014544588,0.0,0.0,0.0,0.0,0.0,0.0,0.0,0.0,0.0,0.0
1058,3700.3345,38.40911,0.87628216,39.630010239658354,39.630010239658354,0.0,0.0,0.0,0.0,0.0,0.0,0.0,0.0,0.0,0.0
1059,3701.1858,37.961647,0.8710331,39.61447122967515,39.61447122967515,0.0,0.0,0.0,0.0,0.0,0.0,0.0,0.0,0.0,0.0
1060,3702.0388,38.47744,0.87595147,39.598910719454274,39.598910719454274,0.0,0.0,0.0,0.0,0.0,0.0,0.0,0.0,0.0,0.0
1061,3702.8909,37.81292,0.8684152,39.583377701662634,39.583377701662634,0.0,0.0,0.0,0.0,0.0,0.0,0.0,0.0,0.0,0.0
1062,3703.7449,37.967777,0.87011164,39.56781877601038,39.56781877601038,0.0,0.0,0.0,0.0,0.0,0.0,0.0,0.0,0.0,0.0
1063,3704.5967,37.132175,0.8622697,39.55230954522802,39.55230954522802,0.0,0.0,0.0,0.0,0.0,0.0,0.0,0.0,0.0,0.0
1064,3705.4492,37.68221,0.87432283,39.53679663400124,39.53679663400124,0.0,0.0,0.0,0.0,0.0,0.0,0.0,0.0,0.0,0.0
1065,3706.3035,38.676308,0.87350804,39.521262305920835,39.521262305920835,0.0,0.0,0.0,0.0,0.0,0.0,0.0,0.0,0.0,0.0
1066,3707.1562,38.561295,0.88620317,39.505764272318466,39.505764272318466,0.0,0.0,0.0,0.0,0.0,0.0,0.0,0.0,0.0,0.0
1067,3708.0112,38.241875,0.8765154,39.49023598412743,39.49023598412743,0.0,0.0,0.0,0.0,0.0,0.0,0.0,0.0,0.0,0.0
1068,3708.864,37.461426,0.86737674,39.47475724727852,39.47475724727852,0.0,0.0,0.0,0.0,0.0,0.0,0.0,0.0,0.0,0.0
1069,3709.7192,38.035866,0.8691052,39.45924386184259,39.45924386184259,0.0,0.0,0.0,0.0,0.0,0.0,0.0,0.0,0.0,0.0
1070,3710.5728,37.914898,0.86728483,39.4437711182053,39.4437711182053,0.0,0.0,0.0,0.0,0.0,0.0,0.0,0.0,0.0,0.0
1071,3711.4263,37.749233,0.8767022,39.42830799831312,39.42830799831312,0.0,0.0,0.0,0.0,0.0,0.0,0.0,0.0,0.0,0.0
1072,3712.2825,37.909252,0.86866075,39.41280588540914,39.41280588540914,0.0,0.0,0.0,0.0,0.0,0.0,0.0,0.0,0.0,0.0
1073,3713.1362,37.223503,0.90537435,39.397357602433274,39.397357602433274,0.0,0.0,0.0,0.0,0.0,0.0,0.0,0.0,0.0,0.0
1074,3713.9924,39.917793,0.9438503,39.381874789515855,39.381874789515855,0.0,0.0,0.0,0.0,0.0,0.0,0.0,0.0,0.0,0.0
1075,3714.847,38.72304,0.8827763,39.36643250295187,39.36643250295187,0.0,0.0,0.0,0.0,0.0,0.0,0.0,0.0,0.0,0.0
1076,3715.7034,38.844173,0.9007037,39.35096455740952,39.35096455740952,0.0,0.0,0.0,0.0,0.0,0.0,0.0,0.0,0.0,0.0
1077,3716.5583,40.010662,0.8882011,39.33553268360799,39.33553268360799,0.0,0.0,0.0,0.0,0.0,0.0,0.0,0.0,0.0,0.0
1078,3717.413,39.616272,0.9035685,39.32011481159758,39.32011481159758,0.0,0.0,0.0,0.0,0.0,0.0,0.0,0.0,0.0,0.0
1079,3718.2703,39.030693,0.88446724,39.30466252786919,39.30466252786919,0.0,0.0,0.0,0.0,0.0,0.0,0.0,0.0,0.0,0.0
1080,3719.126,38.768806,0.88381326,39.28924625837351,39.28924625837351,0.0,0.0,0.0,0.0,0.0,0.0,0.0,0.0,0.0,0.0
1081,3719.9836,39.059196,0.88125145,39.27380442600793,39.27380442600793,0.0,0.0,0.0,0.0,0.0,0.0,0.0,0.0,0.0,0.0
1082,3720.8389,40.07061,0.8985226,39.25841613563905,39.25841613563905,0.0,0.0,0.0,0.0,0.0,0.0,0.0,0.0,0.0,0.0
1083,3721.6973,41.808582,0.9132874,39.24298035493,39.24298035493,0.0,0.0,0.0,0.0,0.0,0.0,0.0,0.0,0.0,0.0
1084,3722.5535,43.572052,0.93740517,39.22759367548979,39.22759367548979,0.0,0.0,0.0,0.0,0.0,0.0,0.0,0.0,0.0,0.0
1085,3723.4116,44.53058,0.9479767,39.212181498887496,39.212181498887496,0.0,0.0,0.0,0.0,0.0,0.0,0.0,0.0,0.0,0.0
1086,3724.2686,46.155624,0.9654621,39.19680083017432,39.19680083017432,0.0,0.0,0.0,0.0,0.0,0.0,0.0,0.0,0.0,0.0
1087,3725.125,46.83776,0.97077274,39.18143848666301,39.18143848666301,0.0,0.0,0.0,0.0,0.0,0.0,0.0,0.0,0.0,0.0
1088,3725.9841,47.78165,0.9859762,39.16603756698866,39.16603756698866,0.0,0.0,0.0,0.0,0.0,0.0,0.0,0.0,0.0,0.0
1089,3726.8413,47.931343,0.98634744,39.1506812288415,39.1506812288415,0.0,0.0,0.0,0.0,0.0,0.0,0.0,0.0,0.0,0.0
1090,3727.7007,45.70276,0.95791656,39.13529511388142,39.13529511388142,0.0,0.0,0.0,0.0,0.0,0.0,0.0,0.0,0.0,0.0
1091,3728.558,42.641464,0.9267769,39.11995352597876,39.11995352597876,0.0,0.0,0.0,0.0,0.0,0.0,0.0,0.0,0.0,0.0
1092,3729.4182,42.95865,0.9196672,39.104573470864466,39.104573470864466,0.0,0.0,0.0,0.0,0.0,0.0,0.0,0.0,0.0,0.0
1093,3730.276,38.96387,0.8829278,39.08924662234521,39.08924662234521,0.0,0.0,0.0,0.0,0.0,0.0,0.0,0.0,0.0,0.0
1094,3731.134,37.991245,0.87065494,39.07392058493514,39.07392058493514,0.0,0.0,0.0,0.0,0.0,0.0,0.0,0.0,0.0,0.0
1095,3731.9946,37.937244,0.8639086,39.05856051790497,39.05856051790497,0.0,0.0,0.0,0.0,0.0,0.0,0.0,0.0,0.0,0.0
1096,3732.853,35.93943,0.8485714,39.04324920903616,39.04324920903616,0.0,0.0,0.0,0.0,0.0,0.0,0.0,0.0,0.0,0.0
1097,3733.7139,37.164726,0.859448,39.02790391394378,39.02790391394378,0.0,0.0,0.0,0.0,0.0,0.0,0.0,0.0,0.0,0.0
1098,3734.5728,37.90191,0.86672235,39.0126029693565,39.0126029693565,0.0,0.0,0.0,0.0,0.0,0.0,0.0,0.0,0.0,0.0
1099,3735.434,38.0242,0.87019193,38.99726808730049,38.99726808730049,0.0,0.0,0.0,0.0,0.0,0.0,0.0,0.0,0.0,0.0
1100,3736.2935,38.25927,0.8715995,38.981977506962615,38.981977506962615,0.0,0.0,0.0,0.0,0.0,0.0,0.0,0.0,0.0,0.0
1101,3737.1528,38.84981,0.8742432,38.966696436437644,38.966696436437644,0.0,0.0,0.0,0.0,0.0,0.0,0.0,0.0,0.0,0.0
1102,3738.0146,39.572636,0.88237935,38.95138149601498,38.95138149601498,0.0,0.0,0.0,0.0,0.0,0.0,0.0,0.0,0.0,0.0
1103,3738.8748,40.095062,0.8911838,38.93610644440488,38.93610644440488,0.0,0.0,0.0,0.0,0.0,0.0,0.0,0.0,0.0,0.0
1104,3739.737,40.248505,0.89153576,38.92080190864366,38.92080190864366,0.0,0.0,0.0,0.0,0.0,0.0,0.0,0.0,0.0,0.0
1105,3740.5977,39.284554,0.87914777,38.905537218431846,38.905537218431846,0.0,0.0,0.0,0.0,0.0,0.0,0.0,0.0,0.0,0.0
1106,3741.4602,38.794415,0.8778151,38.89024741355319,38.89024741355319,0.0,0.0,0.0,0.0,0.0,0.0,0.0,0.0,0.0,0.0
1107,3742.3208,38.95769,0.87417805,38.875001729287156,38.875001729287156,0.0,0.0,0.0,0.0,0.0,0.0,0.0,0.0,0.0,0.0
1108,3743.1816,38.90545,0.8704964,38.8597612041043,38.8597612041043,0.0,0.0,0.0,0.0,0.0,0.0,0.0,0.0,0.0,0.0
1109,3744.045,38.260372,0.8622819,38.84448697336568,38.84448697336568,0.0,0.0,0.0,0.0,0.0,0.0,0.0,0.0,0.0,0.0
1110,3744.9062,37.76598,0.8568096,38.829256790483,38.829256790483,0.0,0.0,0.0,0.0,0.0,0.0,0.0,0.0,0.0,0.0
1111,3745.7698,39.24487,0.8656595,38.81399726330441,38.81399726330441,0.0,0.0,0.0,0.0,0.0,0.0,0.0,0.0,0.0,0.0
1112,3746.6313,39.292507,0.8727673,38.79878173014258,38.79878173014258,0.0,0.0,0.0,0.0,0.0,0.0,0.0,0.0,0.0,0.0
1113,3747.4954,38.643456,0.872344,38.78353258267457,38.78353258267457,0.0,0.0,0.0,0.0,0.0,0.0,0.0,0.0,0.0,0.0
1114,3748.3577,39.118877,0.86963516,38.768323075953354,38.768323075953354,0.0,0.0,0.0,0.0,0.0,0.0,0.0,0.0,0.0,0.0
1115,3749.2197,39.365894,0.881613,38.75312733250591,38.75312733250591,0.0,0.0,0.0,0.0,0.0,0.0,0.0,0.0,0.0,0.0
1116,3750.0845,38.53422,0.8695033,38.737893742158576,38.737893742158576,0.0,0.0,0.0,0.0,0.0,0.0,0.0,0.0,0.0,0.0
1117,3750.9473,38.439514,0.8666388,38.7227040249313,38.7227040249313,0.0,0.0,0.0,0.0,0.0,0.0,0.0,0.0,0.0,0.0
1118,3751.8118,39.484737,0.88489217,38.70749369623014,38.70749369623014,0.0,0.0,0.0,0.0,0.0,0.0,0.0,0.0,0.0,0.0
1119,3752.6753,39.795856,0.87757,38.69231001040955,38.69231001040955,0.0,0.0,0.0,0.0,0.0,0.0,0.0,0.0,0.0,0.0
1120,3753.5405,39.642876,0.8957798,38.677105750458765,38.677105750458765,0.0,0.0,0.0,0.0,0.0,0.0,0.0,0.0,0.0,0.0
1121,3754.404,41.1334,0.9012763,38.66194097028966,38.66194097028966,0.0,0.0,0.0,0.0,0.0,0.0,0.0,0.0,0.0,0.0
1122,3755.2678,37.979015,0.87204224,38.64678133805735,38.64678133805735,0.0,0.0,0.0,0.0,0.0,0.0,0.0,0.0,0.0,0.0
1123,3756.134,38.599007,0.87469035,38.63158832650367,38.63158832650367,0.0,0.0,0.0,0.0,0.0,0.0,0.0,0.0,0.0,0.0
1124,3756.9983,39.089985,0.889682,38.61643901398742,38.61643901398742,0.0,0.0,0.0,0.0,0.0,0.0,0.0,0.0,0.0,0.0
1125,3757.8645,39.48629,0.8892093,38.60126492096479,38.60126492096479,0.0,0.0,0.0,0.0,0.0,0.0,0.0,0.0,0.0,0.0
1126,3758.729,40.575512,0.9050644,38.586130195414086,38.586130195414086,0.0,0.0,0.0,0.0,0.0,0.0,0.0,0.0,0.0,0.0
1127,3759.596,39.324543,0.8931855,38.570962180894725,38.570962180894725,0.0,0.0,0.0,0.0,0.0,0.0,0.0,0.0,0.0,0.0
1128,3760.4607,38.857998,0.88551605,38.55584203142025,38.55584203142025,0.0,0.0,0.0,0.0,0.0,0.0,0.0,0.0,0.0,0.0
1129,3761.3257,39.601467,0.89355046,38.54072701888685,38.54072701888685,0.0,0.0,0.0,0.0,0.0,0.0,0.0,0.0,0.0,0.0
1130,3762.1934,39.68045,0.8946402,38.52557452145275,38.52557452145275,0.0,0.0,0.0,0.0,0.0,0.0,0.0,0.0,0.0,0.0
1131,3763.0586,39.01766,0.89261854,38.5104740686821,38.5104740686821,0.0,0.0,0.0,0.0,0.0,0.0,0.0,0.0,0.0,0.0
1132,3763.9263,38.571724,0.88021094,38.495340435522046,38.495340435522046,0.0,0.0,0.0,0.0,0.0,0.0,0.0,0.0,0.0,0.0
1133,3764.7925,38.641068,0.8831918,38.48024176101611,38.48024176101611,0.0,0.0,0.0,0.0,0.0,0.0,0.0,0.0,0.0,0.0
1134,3765.6604,38.718662,0.8758097,38.46512271901068,38.46512271901068,0.0,0.0,0.0,0.0,0.0,0.0,0.0,0.0,0.0,0.0
1135,3766.5266,36.39311,0.8605075,38.45004284202087,38.45004284202087,0.0,0.0,0.0,0.0,0.0,0.0,0.0,0.0,0.0,0.0
1136,3767.3936,36.79297,0.855845,38.434959603676404,38.434959603676404,0.0,0.0,0.0,0.0,0.0,0.0,0.0,0.0,0.0,0.0
1137,3768.2617,37.28403,0.86606926,38.41986453249622,38.41986453249622,0.0,0.0,0.0,0.0,0.0,0.0,0.0,0.0,0.0,0.0
1138,3769.1287,35.557877,0.84486645,38.40480007005529,38.40480007005529,0.0,0.0,0.0,0.0,0.0,0.0,0.0,0.0,0.0,0.0
1139,3769.9983,36.464878,0.85213274,38.389698355070024,38.389698355070024,0.0,0.0,0.0,0.0,0.0,0.0,0.0,0.0,0.0,0.0
1140,3770.865,37.389652,0.86225575,38.37465688806011,38.37465688806011,0.0,0.0,0.0,0.0,0.0,0.0,0.0,0.0,0.0,0.0
1141,3771.7346,36.517036,0.8518184,38.35957397221156,38.35957397221156,0.0,0.0,0.0,0.0,0.0,0.0,0.0,0.0,0.0,0.0
1142,3772.6025,36.53576,0.8547398,38.34453007281615,38.34453007281615,0.0,0.0,0.0,0.0,0.0,0.0,0.0,0.0,0.0,0.0
1143,3773.4702,37.346912,0.8636662,38.32949975970989,38.32949975970989,0.0,0.0,0.0,0.0,0.0,0.0,0.0,0.0,0.0,0.0
1144,3774.3408,37.39384,0.8596796,38.3144280897184,38.3144280897184,0.0,0.0,0.0,0.0,0.0,0.0,0.0,0.0,0.0,0.0
1145,3775.2087,37.067554,0.8613458,38.299412268120285,38.299412268120285,0.0,0.0,0.0,0.0,0.0,0.0,0.0,0.0,0.0,0.0
1146,3776.0793,38.076855,0.8719181,38.28435936199149,38.28435936199149,0.0,0.0,0.0,0.0,0.0,0.0,0.0,0.0,0.0,0.0
1147,3776.9482,36.69507,0.858153,38.26934536126521,38.26934536126521,0.0,0.0,0.0,0.0,0.0,0.0,0.0,0.0,0.0,0.0
1148,3777.819,36.140736,0.85526186,38.25430698286997,38.25430698286997,0.0,0.0,0.0,0.0,0.0,0.0,0.0,0.0,0.0,0.0
1149,3778.6877,36.856148,0.8558133,38.23931588645404,38.23931588645404,0.0,0.0,0.0,0.0,0.0,0.0,0.0,0.0,0.0,0.0
1150,3779.5574,37.38597,0.8697171,38.2243172708309,38.2243172708309,0.0,0.0,0.0,0.0,0.0,0.0,0.0,0.0,0.0,0.0
1151,3780.429,37.40479,0.86497086,38.209294332310165,38.209294332310165,0.0,0.0,0.0,0.0,0.0,0.0,0.0,0.0,0.0,0.0
1152,3781.2986,36.03053,0.85270613,38.19431439262319,38.19431439262319,0.0,0.0,0.0,0.0,0.0,0.0,0.0,0.0,0.0,0.0
1153,3782.1707,36.30784,0.84795994,38.179301752906525,38.179301752906525,0.0,0.0,0.0,0.0,0.0,0.0,0.0,0.0,0.0,0.0
1154,3783.0405,37.225483,0.8574877,38.164336263598045,38.164336263598045,0.0,0.0,0.0,0.0,0.0,0.0,0.0,0.0,0.0,0.0
1155,3783.9128,36.334614,0.8503153,38.1493381159044,38.1493381159044,0.0,0.0,0.0,0.0,0.0,0.0,0.0,0.0,0.0,0.0
1156,3784.7834,34.61016,0.83428335,38.13437867342326,38.13437867342326,0.0,0.0,0.0,0.0,0.0,0.0,0.0,0.0,0.0,0.0
1157,3785.654,35.795696,0.8502254,38.11942853563447,38.11942853563447,0.0,0.0,0.0,0.0,0.0,0.0,0.0,0.0,0.0,0.0
1158,3786.5269,35.11865,0.88469833,38.10444999813152,38.10444999813152,0.0,0.0,0.0,0.0,0.0,0.0,0.0,0.0,0.0,0.0
1159,3787.3982,35.046764,0.874456,38.089505911724196,38.089505911724196,0.0,0.0,0.0,0.0,0.0,0.0,0.0,0.0,0.0,0.0
1160,3788.2715,34.732533,0.8347509,38.07453765559777,38.07453765559777,0.0,0.0,0.0,0.0,0.0,0.0,0.0,0.0,0.0,0.0
1161,3789.1428,35.61557,0.8468999,38.05961217515815,38.05961217515815,0.0,0.0,0.0,0.0,0.0,0.0,0.0,0.0,0.0,0.0
1162,3790.0168,36.985073,0.8576472,38.04465001658894,38.04465001658894,0.0,0.0,0.0,0.0,0.0,0.0,0.0,0.0,0.0,0.0
1163,3790.8884,34.62101,0.8401523,38.0297389427202,38.0297389427202,0.0,0.0,0.0,0.0,0.0,0.0,0.0,0.0,0.0,0.0
1164,3791.7637,33.99144,0.820559,38.01477454583526,38.01477454583526,0.0,0.0,0.0,0.0,0.0,0.0,0.0,0.0,0.0,0.0
1165,3792.6357,34.694515,0.83812165,37.999873702548676,37.999873702548676,0.0,0.0,0.0,0.0,0.0,0.0,0.0,0.0,0.0,0.0
1166,3793.508,33.730057,0.8126313,37.984977956201725,37.984977956201725,0.0,0.0,0.0,0.0,0.0,0.0,0.0,0.0,0.0,0.0
1167,3794.3833,33.07286,0.8175175,37.970041490773596,37.970041490773596,0.0,0.0,0.0,0.0,0.0,0.0,0.0,0.0,0.0,0.0
1168,3795.2556,33.963917,0.8151446,37.955164291430044,37.955164291430044,0.0,0.0,0.0,0.0,0.0,0.0,0.0,0.0,0.0,0.0
1169,3796.1306,33.016376,0.8119307,37.940250579320434,37.940250579320434,0.0,0.0,0.0,0.0,0.0,0.0,0.0,0.0,0.0,0.0
1170,3797.0044,32.410244,0.8079446,37.925366948929984,37.925366948929984,0.0,0.0,0.0,0.0,0.0,0.0,0.0,0.0,0.0,0.0
1171,3797.8796,34.27412,0.82061136,37.91046765161625,37.91046765161625,0.0,0.0,0.0,0.0,0.0,0.0,0.0,0.0,0.0,0.0
1172,3798.7534,33.660927,0.8198296,37.8956025516014,37.8956025516014,0.0,0.0,0.0,0.0,0.0,0.0,0.0,0.0,0.0,0.0
1173,3799.6277,32.93653,0.81265175,37.88073839808332,37.88073839808332,0.0,0.0,0.0,0.0,0.0,0.0,0.0,0.0,0.0,0.0
1174,3800.5034,34.223946,0.8212108,37.86585861082477,37.86585861082477,0.0,0.0,0.0,0.0,0.0,0.0,0.0,0.0,0.0,0.0
1175,3801.3777,33.14435,0.8163984,37.85101296098401,37.85101296098401,0.0,0.0,0.0,0.0,0.0,0.0,0.0,0.0,0.0,0.0
1176,3802.2546,33.31561,0.8142637,37.83613098360809,37.83613098360809,0.0,0.0,0.0,0.0,0.0,0.0,0.0,0.0,0.0,0.0
1177,3803.1294,33.6276,0.81735855,37.82129554033974,37.82129554033974,0.0,0.0,0.0,0.0,0.0,0.0,0.0,0.0,0.0,0.0
1178,3804.0059,34.52578,0.82550615,37.80644036739176,37.80644036739176,0.0,0.0,0.0,0.0,0.0,0.0,0.0,0.0,0.0,0.0
1179,3804.8813,34.79844,0.8327864,37.79161098572295,37.79161098572295,0.0,0.0,0.0,0.0,0.0,0.0,0.0,0.0,0.0,0.0
1180,3805.7563,33.98524,0.8147997,37.77679909357918,37.77679909357918,0.0,0.0,0.0,0.0,0.0,0.0,0.0,0.0,0.0,0.0
1181,3806.634,34.207485,0.82008725,37.7619509916527,37.7619509916527,0.0,0.0,0.0,0.0,0.0,0.0,0.0,0.0,0.0,0.0
1182,3807.5098,34.863083,0.82314414,37.7471451576229,37.7471451576229,0.0,0.0,0.0,0.0,0.0,0.0,0.0,0.0,0.0,0.0
1183,3808.388,33.33355,0.8171438,37.732307293847235,37.732307293847235,0.0,0.0,0.0,0.0,0.0,0.0,0.0,0.0,0.0,0.0
1184,3809.2642,33.40296,0.81510913,37.71751165136201,37.71751165136201,0.0,0.0,0.0,0.0,0.0,0.0,0.0,0.0,0.0,0.0
1185,3810.1426,35.187183,0.833183,37.70268814368148,37.70268814368148,0.0,0.0,0.0,0.0,0.0,0.0,0.0,0.0,0.0,0.0
1186,3811.019,35.572117,0.8303403,37.68790680560458,37.68790680560458,0.0,0.0,0.0,0.0,0.0,0.0,0.0,0.0,0.0,0.0
1187,3811.896,33.883404,0.8163578,37.673126432552266,37.673126432552266,0.0,0.0,0.0,0.0,0.0,0.0,0.0,0.0,0.0,0.0
1188,3812.7747,35.905422,0.8375835,37.65832647724265,37.65832647724265,0.0,0.0,0.0,0.0,0.0,0.0,0.0,0.0,0.0,0.0
1189,3813.6516,34.1862,0.83058447,37.64356450320444,37.64356450320444,0.0,0.0,0.0,0.0,0.0,0.0,0.0,0.0,0.0,0.0
1190,3814.5315,34.152775,0.80968964,37.628762437837416,37.628762437837416,0.0,0.0,0.0,0.0,0.0,0.0,0.0,0.0,0.0,0.0
1191,3815.409,35.010765,0.83139265,37.61401063764216,37.61401063764216,0.0,0.0,0.0,0.0,0.0,0.0,0.0,0.0,0.0,0.0
1192,3816.2883,34.036285,0.81425804,37.599235204944975,37.599235204944975,0.0,0.0,0.0,0.0,0.0,0.0,0.0,0.0,0.0,0.0
1193,3817.1667,34.21616,0.8157038,37.584485371330906,37.584485371330906,0.0,0.0,0.0,0.0,0.0,0.0,0.0,0.0,0.0,0.0
1194,3818.045,35.23088,0.8218211,37.56974881145804,37.56974881145804,0.0,0.0,0.0,0.0,0.0,0.0,0.0,0.0,0.0,0.0
1195,3818.925,35.22222,0.82655627,37.55498867215234,37.55498867215234,0.0,0.0,0.0,0.0,0.0,0.0,0.0,0.0,0.0,0.0
1196,3819.804,34.98963,0.8234221,37.540258183636624,37.540258183636624,0.0,0.0,0.0,0.0,0.0,0.0,0.0,0.0,0.0,0.0
1197,3820.6846,35.00564,0.82360506,37.525508244086495,37.525508244086495,0.0,0.0,0.0,0.0,0.0,0.0,0.0,0.0,0.0,0.0
1198,3821.5632,35.188004,0.82889223,37.51080018067567,37.51080018067567,0.0,0.0,0.0,0.0,0.0,0.0,0.0,0.0,0.0,0.0
1199,3822.4446,35.4616,0.8319069,37.49605634956547,37.49605634956547,0.0,0.0,0.0,0.0,0.0,0.0,0.0,0.0,0.0,0.0
1200,3823.3242,35.356224,0.830885,37.481350273148166,37.481350273148166,0.0,0.0,0.0,0.0,0.0,0.0,0.0,0.0,0.0,0.0
1201,3824.2034,35.957043,0.83328235,37.46666150120002,37.46666150120002,0.0,0.0,0.0,0.0,0.0,0.0,0.0,0.0,0.0,0.0
1202,3825.0854,35.038837,0.8299736,37.45193295686861,37.45193295686861,0.0,0.0,0.0,0.0,0.0,0.0,0.0,0.0,0.0,0.0
1203,3825.9653,34.29321,0.8148928,37.43725025114493,37.43725025114493,0.0,0.0,0.0,0.0,0.0,0.0,0.0,0.0,0.0,0.0
1204,3826.8474,34.86051,0.82324564,37.42254004415456,37.42254004415456,0.0,0.0,0.0,0.0,0.0,0.0,0.0,0.0,0.0,0.0
1205,3827.728,34.004322,0.8113669,37.40786341149872,37.40786341149872,0.0,0.0,0.0,0.0,0.0,0.0,0.0,0.0,0.0,0.0
1206,3828.6106,34.211327,0.8132867,37.3931633879368,37.3931633879368,0.0,0.0,0.0,0.0,0.0,0.0,0.0,0.0,0.0,0.0
1207,3829.4912,32.85237,0.8391497,37.3785050280216,37.3785050280216,0.0,0.0,0.0,0.0,0.0,0.0,0.0,0.0,0.0,0.0
1208,3830.3726,33.27606,0.83352447,37.36384360246728,37.36384360246728,0.0,0.0,0.0,0.0,0.0,0.0,0.0,0.0,0.0,0.0
1209,3831.2559,34.54221,0.81842536,37.349158838528446,37.349158838528446,0.0,0.0,0.0,0.0,0.0,0.0,0.0,0.0,0.0,0.0
1210,3832.137,34.458664,0.8159527,37.334519724350045,37.334519724350045,0.0,0.0,0.0,0.0,0.0,0.0,0.0,0.0,0.0,0.0
1211,3833.0208,34.20949,0.81563777,37.319845134112995,37.319845134112995,0.0,0.0,0.0,0.0,0.0,0.0,0.0,0.0,0.0,0.0
1212,3833.9026,33.372337,0.7999638,37.30521209273011,37.30521209273011,0.0,0.0,0.0,0.0,0.0,0.0,0.0,0.0,0.0,0.0
1213,3834.7866,34.178593,0.8129656,37.290551725285674,37.290551725285674,0.0,0.0,0.0,0.0,0.0,0.0,0.0,0.0,0.0,0.0
1214,3835.6692,34.480568,0.81391644,37.27592476595403,37.27592476595403,0.0,0.0,0.0,0.0,0.0,0.0,0.0,0.0,0.0,0.0
1215,3836.5513,34.22394,0.81452376,37.26131499198983,37.26131499198983,0.0,0.0,0.0,0.0,0.0,0.0,0.0,0.0,0.0,0.0
1216,3837.4355,33.834564,0.8003499,37.24667794170821,37.24667794170821,0.0,0.0,0.0,0.0,0.0,0.0,0.0,0.0,0.0,0.0
1217,3838.3188,32.496433,0.7878063,37.2320661611875,37.2320661611875,0.0,0.0,0.0,0.0,0.0,0.0,0.0,0.0,0.0,0.0
1218,3839.2039,33.3537,0.79978424,37.217435228988876,37.217435228988876,0.0,0.0,0.0,0.0,0.0,0.0,0.0,0.0,0.0,0.0
1219,3840.0867,34.92217,0.8164707,37.20284970772482,37.20284970772482,0.0,0.0,0.0,0.0,0.0,0.0,0.0,0.0,0.0,0.0
1220,3840.9727,34.87134,0.82414246,37.1882208653552,37.1882208653552,0.0,0.0,0.0,0.0,0.0,0.0,0.0,0.0,0.0,0.0
1221,3841.8562,34.842426,0.8239175,37.173641420603126,37.173641420603126,0.0,0.0,0.0,0.0,0.0,0.0,0.0,0.0,0.0,0.0
1222,3842.7397,35.61101,0.83180845,37.15907104224944,37.15907104224944,0.0,0.0,0.0,0.0,0.0,0.0,0.0,0.0,0.0,0.0
1223,3843.626,34.645046,0.8199665,37.14446547704409,37.14446547704409,0.0,0.0,0.0,0.0,0.0,0.0,0.0,0.0,0.0,0.0
1224,3844.5105,35.76895,0.8274304,37.12989715656908,37.12989715656908,0.0,0.0,0.0,0.0,0.0,0.0,0.0,0.0,0.0,0.0
1225,3845.3967,35.448616,0.8310721,37.11530977814479,37.11530977814479,0.0,0.0,0.0,0.0,0.0,0.0,0.0,0.0,0.0,0.0
1226,3846.282,35.1733,0.81991804,37.10074754947038,37.10074754947038,0.0,0.0,0.0,0.0,0.0,0.0,0.0,0.0,0.0,0.0
1227,3847.1687,35.460896,0.8295807,37.08617030971242,37.08617030971242,0.0,0.0,0.0,0.0,0.0,0.0,0.0,0.0,0.0,0.0
1228,3848.0542,35.463665,0.8183812,37.07162220401345,37.07162220401345,0.0,0.0,0.0,0.0,0.0,0.0,0.0,0.0,0.0,0.0
1229,3848.9392,35.243393,0.8263341,37.05709116524785,37.05709116524785,0.0,0.0,0.0,0.0,0.0,0.0,0.0,0.0,0.0,0.0
1230,3849.8267,36.259014,0.836176,37.04252911289188,37.04252911289188,0.0,0.0,0.0,0.0,0.0,0.0,0.0,0.0,0.0,0.0
1231,3850.7124,36.020065,0.82786614,37.02800415358617,37.02800415358617,0.0,0.0,0.0,0.0,0.0,0.0,0.0,0.0,0.0,0.0
1232,3851.6008,36.17102,0.8484228,37.01344423026164,37.01344423026164,0.0,0.0,0.0,0.0,0.0,0.0,0.0,0.0,0.0,0.0
1233,3852.487,36.76183,0.8371005,36.99892936423837,36.99892936423837,0.0,0.0,0.0,0.0,0.0,0.0,0.0,0.0,0.0,0.0
1234,3853.3752,36.8983,0.84911984,36.98439156808334,36.98439156808334,0.0,0.0,0.0,0.0,0.0,0.0,0.0,0.0,0.0,0.0
1235,3854.2617,36.80905,0.8434747,36.969890779257305,36.969890779257305,0.0,0.0,0.0,0.0,0.0,0.0,0.0,0.0,0.0,0.0
1236,3855.1484,36.2553,0.843091,36.955395018814094,36.955395018814094,0.0,0.0,0.0,0.0,0.0,0.0,0.0,0.0,0.0,0.0
1237,3856.0376,36.832375,0.8390085,36.94086839994357,36.94086839994357,0.0,0.0,0.0,0.0,0.0,0.0,0.0,0.0,0.0,0.0
1238,3856.9246,36.974163,0.8530651,36.92638670279118,36.92638670279118,0.0,0.0,0.0,0.0,0.0,0.0,0.0,0.0,0.0,0.0
1239,3857.814,37.17228,0.8455867,36.91187418643877,36.91187418643877,0.0,0.0,0.0,0.0,0.0,0.0,0.0,0.0,0.0,0.0
1240,3858.7014,37.683945,0.8525054,36.897402556729524,36.897402556729524,0.0,0.0,0.0,0.0,0.0,0.0,0.0,0.0,0.0,0.0
1241,3859.5908,36.828514,0.8417589,36.88290810689646,36.88290810689646,0.0,0.0,0.0,0.0,0.0,0.0,0.0,0.0,0.0,0.0
1242,3860.479,37.35987,0.8499584,36.86844256366545,36.86844256366545,0.0,0.0,0.0,0.0,0.0,0.0,0.0,0.0,0.0,0.0
1243,3861.3694,37.048553,0.8423366,36.853950266905805,36.853950266905805,0.0,0.0,0.0,0.0,0.0,0.0,0.0,0.0,0.0,0.0
1244,3862.2573,36.24229,0.83470994,36.83950670663482,36.83950670663482,0.0,0.0,0.0,0.0,0.0,0.0,0.0,0.0,0.0,0.0
1245,3863.1462,36.16083,0.8323478,36.82505625493438,36.82505625493438,0.0,0.0,0.0,0.0,0.0,0.0,0.0,0.0,0.0,0.0
1246,3864.0369,37.11748,0.8451646,36.81058703846002,36.81058703846002,0.0,0.0,0.0,0.0,0.0,0.0,0.0,0.0,0.0,0.0
1247,3864.9258,37.91491,0.85460967,36.79615457833018,36.79615457833018,0.0,0.0,0.0,0.0,0.0,0.0,0.0,0.0,0.0,0.0
1248,3865.8171,37.59296,0.8561787,36.78169149213491,36.78169149213491,0.0,0.0,0.0,0.0,0.0,0.0,0.0,0.0,0.0,0.0
1249,3866.7063,39.05078,0.87447965,36.76727304258733,36.76727304258733,0.0,0.0,0.0,0.0,0.0,0.0,0.0,0.0,0.0,0.0
1250,3867.5981,38.95922,0.8678054,36.75282005065599,36.75282005065599,0.0,0.0,0.0,0.0,0.0,0.0,0.0,0.0,0.0,0.0
1251,3868.488,37.076344,0.85618263,36.73840769273448,36.73840769273448,0.0,0.0,0.0,0.0,0.0,0.0,0.0,0.0,0.0,0.0
1252,3869.3774,35.73337,0.83863103,36.724012200190934,36.724012200190934,0.0,0.0,0.0,0.0,0.0,0.0,0.0,0.0,0.0,0.0
1253,3870.2698,35.993103,0.84960115,36.70957828058909,36.70957828058909,0.0,0.0,0.0,0.0,0.0,0.0,0.0,0.0,0.0,0.0
1254,3871.1604,37.04402,0.8540542,36.69518097740974,36.69518097740974,0.0,0.0,0.0,0.0,0.0,0.0,0.0,0.0,0.0,0.0
1255,3872.053,36.22748,0.84932,36.680761087232476,36.680761087232476,0.0,0.0,0.0,0.0,0.0,0.0,0.0,0.0,0.0,0.0
1256,3872.9436,34.383533,0.823594,36.666381709153654,36.666381709153654,0.0,0.0,0.0,0.0,0.0,0.0,0.0,0.0,0.0,0.0
1257,3873.837,35.007755,0.82706714,36.65196795396764,36.65196795396764,0.0,0.0,0.0,0.0,0.0,0.0,0.0,0.0,0.0,0.0
1258,3874.728,36.97956,0.84049994,36.637598606611384,36.637598606611384,0.0,0.0,0.0,0.0,0.0,0.0,0.0,0.0,0.0,0.0
1259,3875.6194,34.45729,0.8225223,36.623234261952,36.623234261952,0.0,0.0,0.0,0.0,0.0,0.0,0.0,0.0,0.0,0.0
1260,3876.5134,35.838657,0.82791984,36.60883561286182,36.60883561286182,0.0,0.0,0.0,0.0,0.0,0.0,0.0,0.0,0.0,0.0
1261,3877.4048,35.362545,0.8245156,36.59448915370207,36.59448915370207,0.0,0.0,0.0,0.0,0.0,0.0,0.0,0.0,0.0,0.0
1262,3878.2988,35.50637,0.82597613,36.58010842869951,36.58010842869951,0.0,0.0,0.0,0.0,0.0,0.0,0.0,0.0,0.0,0.0
1263,3879.1914,35.676086,0.8255755,36.565760207807735,36.565760207807735,0.0,0.0,0.0,0.0,0.0,0.0,0.0,0.0,0.0,0.0
1264,3880.0857,34.923336,0.8192918,36.5513934676668,36.5513934676668,0.0,0.0,0.0,0.0,0.0,0.0,0.0,0.0,0.0,0.0
1265,3880.9783,35.641747,0.82707316,36.53706311039445,36.53706311039445,0.0,0.0,0.0,0.0,0.0,0.0,0.0,0.0,0.0,0.0
1266,3881.871,33.871326,0.8052635,36.522737748955535,36.522737748955535,0.0,0.0,0.0,0.0,0.0,0.0,0.0,0.0,0.0,0.0
1267,3882.7664,33.977665,0.8125306,36.50838216078505,36.50838216078505,0.0,0.0,0.0,0.0,0.0,0.0,0.0,0.0,0.0,0.0
1268,3883.6597,34.115055,0.8016386,36.49406681206855,36.49406681206855,0.0,0.0,0.0,0.0,0.0,0.0,0.0,0.0,0.0,0.0
1269,3884.5552,34.196507,0.8155983,36.47972518860431,36.47972518860431,0.0,0.0,0.0,0.0,0.0,0.0,0.0,0.0,0.0,0.0
1270,3885.4487,34.783054,0.81207466,36.46542375525399,36.46542375525399,0.0,0.0,0.0,0.0,0.0,0.0,0.0,0.0,0.0,0.0
1271,3886.3447,34.49594,0.8194142,36.45109217678228,36.45109217678228,0.0,0.0,0.0,0.0,0.0,0.0,0.0,0.0,0.0,0.0
1272,3887.239,34.81367,0.8070923,36.43679684259305,36.43679684259305,0.0,0.0,0.0,0.0,0.0,0.0,0.0,0.0,0.0,0.0
1273,3888.133,34.126537,0.8045866,36.42251430014735,36.42251430014734,0.0,0.0,0.0,0.0,0.0,0.0,0.0,0.0,0.0,0.0
1274,3889.0295,33.46368,0.79702395,36.40820167240528,36.408201672405276,0.0,0.0,0.0,0.0,0.0,0.0,0.0,0.0,0.0,0.0
1275,3889.924,34.16859,0.80098486,36.393929119003886,36.39392911900388,0.0,0.0,0.0,0.0,0.0,0.0,0.0,0.0,0.0,0.0
1276,3890.8213,34.86828,0.8085593,36.379622631655344,36.37962263165534,0.0,0.0,0.0,0.0,0.0,0.0,0.0,0.0,0.0,0.0
1277,3891.716,33.01101,0.7975716,36.365363957773454,36.36536395777345,0.0,0.0,0.0,0.0,0.0,0.0,0.0,0.0,0.0,0.0
1278,3892.6135,34.468075,0.80378854,36.35107139294213,36.35107139294212,0.0,0.0,0.0,0.0,0.0,0.0,0.0,0.0,0.0,0.0
1279,3893.5095,34.05135,0.8104779,36.336811045023694,36.33681104502368,0.0,0.0,0.0,0.0,0.0,0.0,0.0,0.0,0.0,0.0
1280,3894.405,33.89845,0.8030204,36.322567334788594,36.32256733478857,0.0,0.0,0.0,0.0,0.0,0.0,0.0,0.0,0.0,0.0
1281,3895.3027,34.51375,0.8120564,36.30829756445396,36.30829756445393,0.0,0.0,0.0,0.0,0.0,0.0,0.0,0.0,0.0,0.0
1282,3896.1992,34.421722,0.8044881,36.29405607241427,36.294056072414236,0.0,0.0,0.0,0.0,0.0,0.0,0.0,0.0,0.0,0.0
1283,3897.0974,33.66301,0.8059761,36.27979631751177,36.279796317511725,0.0,0.0,0.0,0.0,0.0,0.0,0.0,0.0,0.0,0.0
1284,3897.994,33.87721,0.80220497,36.26557255599846,36.2655725559984,0.0,0.0,0.0,0.0,0.0,0.0,0.0,0.0,0.0,0.0
1285,3898.8928,34.464554,0.8166482,36.25131894040916,36.25131894040909,0.0,0.0,0.0,0.0,0.0,0.0,0.0,0.0,0.0,0.0
1286,3899.7898,34.82241,0.8153459,36.23710515132284,36.23710515132275,0.0,0.0,0.0,0.0,0.0,0.0,0.0,0.0,0.0,0.0
1287,3900.6868,34.526928,0.81062967,36.2229002022747,36.222900202274595,0.0,0.0,0.0,0.0,0.0,0.0,0.0,0.0,0.0,0.0
1288,3901.5864,34.162296,0.8040511,36.208661595647385,36.20866159564724,0.0,0.0,0.0,0.0,0.0,0.0,0.0,0.0,0.0,0.0
1289,3902.4846,34.5759,0.80256766,36.194455028862606,36.19445502886243,0.0,0.0,0.0,0.0,0.0,0.0,0.0,0.0,0.0,0.0
1290,3903.3845,32.8268,0.79375815,36.18023029807622,36.180230298076,0.0,0.0,0.0,0.0,0.0,0.0,0.0,0.0,0.0,0.0
1291,3904.2822,33.462337,0.7935276,36.16604913451861,36.16604913451833,0.0,0.0,0.0,0.0,0.0,0.0,0.0,0.0,0.0,0.0
1292,3905.1826,33.47325,0.79504764,36.15183440341797,36.151834403417624,0.0,0.0,0.0,0.0,0.0,0.0,0.0,0.0,0.0,0.0
1293,3906.081,33.12383,0.7922006,36.13765934011626,36.137659340115825,0.0,0.0,0.0,0.0,0.0,0.0,0.0,0.0,0.0,0.0
1294,3906.9795,33.9183,0.80575883,36.12349309294269,36.12349309294214,0.0,0.0,0.0,0.0,0.0,0.0,0.0,0.0,0.0,0.0
1295,3907.8806,34.348057,0.8120814,36.109293349155095,36.10929334915441,0.0,0.0,0.0,0.0,0.0,0.0,0.0,0.0,0.0,0.0
1296,3908.7798,35.536877,0.81708026,36.09513320741102,36.095133207410164,0.0,0.0,0.0,0.0,0.0,0.0,0.0,0.0,0.0,0.0
1297,3909.681,33.274925,0.80422527,36.080951144479364,36.0809511444783,0.0,0.0,0.0,0.0,0.0,0.0,0.0,0.0,0.0,0.0
1298,3910.58,33.315453,0.7980181,36.06680863022327,36.06680863022195,0.0,0.0,0.0,0.0,0.0,0.0,0.0,0.0,0.0,0.0
1299,3911.4824,34.166645,0.80216,36.052625036222544,36.052625036220896,0.0,0.0,0.0,0.0,0.0,0.0,0.0,0.0,0.0,0.0
1300,3912.382,33.339077,0.7959961,36.03849246339314,36.03849246339109,0.0,0.0,0.0,0.0,0.0,0.0,0.0,0.0,0.0,0.0
1301,3913.282,34.92129,0.8060057,36.02436484644741,36.02436484644486,0.0,0.0,0.0,0.0,0.0,0.0,0.0,0.0,0.0,0.0
1302,3914.1846,34.541176,0.81032836,36.010203893058524,36.01020389305535,0.0,0.0,0.0,0.0,0.0,0.0,0.0,0.0,0.0,0.0
1303,3915.085,34.307278,0.804894,35.99608621068677,35.99608621068283,0.0,0.0,0.0,0.0,0.0,0.0,0.0,0.0,0.0,0.0
1304,3915.9878,34.549183,0.8120717,35.981939063289786,35.98193906328491,0.0,0.0,0.0,0.0,0.0,0.0,0.0,0.0,0.0,0.0
1305,3916.889,34.349125,0.8045326,35.96782748964946,35.96782748964342,0.0,0.0,0.0,0.0,0.0,0.0,0.0,0.0,0.0,0.0
1306,3917.7917,33.64942,0.8056668,35.95369795690837,35.9536979569009,0.0,0.0,0.0,0.0,0.0,0.0,0.0,0.0,0.0,0.0
1307,3918.6929,33.802208,0.80281353,35.93960394958794,35.939603949578725,0.0,0.0,0.0,0.0,0.0,0.0,0.0,0.0,0.0,0.0
1308,3919.5947,34.043163,0.8055547,35.92550726113764,35.92550726112627,0.0,0.0,0.0,0.0,0.0,0.0,0.0,0.0,0.0,0.0
1309,3920.4985,32.753227,0.830686,35.91138884275503,35.91138884274101,0.0,0.0,0.0,0.0,0.0,0.0,0.0,0.0,0.0,0.0
1310,3921.4001,33.106525,0.8279626,35.89731351675835,35.8973135167411,0.0,0.0,0.0,0.0,0.0,0.0,0.0,0.0,0.0,0.0
1311,3922.3042,34.033016,0.8083968,35.883208863506226,35.883208863485,0.0,0.0,0.0,0.0,0.0,0.0,0.0,0.0,0.0,0.0
1312,3923.2068,33.729,0.8049214,35.869135833433724,35.869135833407654,0.0,0.0,0.0,0.0,0.0,0.0,0.0,0.0,0.0,0.0
1313,3924.1116,34.199833,0.8063134,35.85503733059606,35.855037330564066,0.0,0.0,0.0,0.0,0.0,0.0,0.0,0.0,0.0,0.0
1314,3925.0142,34.065495,0.802666,35.840981823788816,35.84098182374961,0.0,0.0,0.0,0.0,0.0,0.0,0.0,0.0,0.0,0.0
1315,3925.9194,33.25302,0.79341054,35.82689327526207,35.82689327521405,0.0,0.0,0.0,0.0,0.0,0.0,0.0,0.0,0.0,0.0
1316,3926.8228,32.624004,0.79168516,35.81284387870918,35.812843878650455,0.0,0.0,0.0,0.0,0.0,0.0,0.0,0.0,0.0,0.0
1317,3927.7256,32.391747,0.7832089,35.79881080839738,35.798810808325655,0.0,0.0,0.0,0.0,0.0,0.0,0.0,0.0,0.0,0.0
1318,3928.6316,31.881817,0.7769853,35.78473717425506,35.7847371741675,0.0,0.0,0.0,0.0,0.0,0.0,0.0,0.0,0.0,0.0
1319,3929.5352,30.831678,0.76375264,35.77071020488921,35.770710204782496,0.0,0.0,0.0,0.0,0.0,0.0,0.0,0.0,0.0,0.0
1320,3930.4417,31.797915,0.7746563,35.756646518839105,35.75664651870911,0.0,0.0,0.0,0.0,0.0,0.0,0.0,0.0,0.0,0.0
1321,3931.346,31.239685,0.76530206,35.742625660718154,35.74262566056006,0.0,0.0,0.0,0.0,0.0,0.0,0.0,0.0,0.0,0.0
1322,3932.2522,30.983845,0.7634649,35.72858326892533,35.728583268733196,0.0,0.0,0.0,0.0,0.0,0.0,0.0,0.0,0.0,0.0
1323,3933.1567,31.9826,0.7743203,35.71457608413041,35.71457608389727,0.0,0.0,0.0,0.0,0.0,0.0,0.0,0.0,0.0,0.0
1324,3934.0618,33.113884,0.7805511,35.70057005568502,35.70057005540241,0.0,0.0,0.0,0.0,0.0,0.0,0.0,0.0,0.0,0.0
1325,3934.969,33.060055,0.77664703,35.68653876711142,35.686538766769075,0.0,0.0,0.0,0.0,0.0,0.0,0.0,0.0,0.0,0.0
1326,3935.874,32.334103,0.77473164,35.672550177388956,35.672550176974916,0.0,0.0,0.0,0.0,0.0,0.0,0.0,0.0,0.0,0.0
1327,3936.7817,32.840904,0.7750426,35.65852881490239,35.65852881440193,0.0,0.0,0.0,0.0,0.0,0.0,0.0,0.0,0.0,0.0
1328,3937.6875,33.378624,0.78470105,35.644546335800115,35.64454633519615,0.0,0.0,0.0,0.0,0.0,0.0,0.0,0.0,0.0,0.0
1329,3938.5955,33.422573,0.7816556,35.63053866549728,35.63053866476889,0.0,0.0,0.0,0.0,0.0,0.0,0.0,0.0,0.0,0.0
1330,3939.502,33.32874,0.79085195,35.61656230485364,35.61656230397647,0.0,0.0,0.0,0.0,0.0,0.0,0.0,0.0,0.0,0.0
1331,3940.4077,33.446026,0.79032075,35.60260592230199,35.60260592124702,0.0,0.0,0.0,0.0,0.0,0.0,0.0,0.0,0.0,0.0
1332,3941.3162,34.57556,0.79983675,35.5886168729371,35.58861687166905,0.0,0.0,0.0,0.0,0.0,0.0,0.0,0.0,0.0,0.0
1333,3942.2234,33.21838,0.78953665,35.57465532220206,35.57465532068003,0.0,0.0,0.0,0.0,0.0,0.0,0.0,0.0,0.0,0.0
1334,3943.132,32.79289,0.7837505,35.560679937586634,35.56067993576131,0.0,0.0,0.0,0.0,0.0,0.0,0.0,0.0,0.0,0.0
1335,3944.0393,33.738064,0.7885029,35.54673576934782,35.54673576716191,0.0,0.0,0.0,0.0,0.0,0.0,0.0,0.0,0.0,0.0
1336,3944.949,34.296402,0.78891265,35.53276278462073,35.53276278200477,0.0,0.0,0.0,0.0,0.0,0.0,0.0,0.0,0.0,0.0
1337,3945.8562,34.338936,0.7876948,35.51883597861577,35.51883597549024,0.0,0.0,0.0,0.0,0.0,0.0,0.0,0.0,0.0,0.0
1338,3946.764,33.27864,0.78151846,35.504910342400635,35.504910338670214,0.0,0.0,0.0,0.0,0.0,0.0,0.0,0.0,0.0,0.0
1339,3947.674,33.872944,0.78306925,35.4909559468529,35.490955942403545,0.0,0.0,0.0,0.0,0.0,0.0,0.0,0.0,0.0,0.0
1340,3948.5825,34.02479,0.79821503,35.477036428325306,35.47703642302631,0.0,0.0,0.0,0.0,0.0,0.0,0.0,0.0,0.0,0.0
1341,3949.493,33.809624,0.7928292,35.46309567091372,35.46309566460776,0.0,0.0,0.0,0.0,0.0,0.0,0.0,0.0,0.0,0.0
1342,3950.4014,34.546566,0.80755824,35.44919348278672,35.449193475293896,0.0,0.0,0.0,0.0,0.0,0.0,0.0,0.0,0.0,0.0
1343,3951.3125,35.186943,0.8030736,35.43525888032568,35.43525887142836,0.0,0.0,0.0,0.0,0.0,0.0,0.0,0.0,0.0,0.0
1344,3952.2214,33.81481,0.79170334,35.421366539484616,35.42136652893609,0.0,0.0,0.0,0.0,0.0,0.0,0.0,0.0,0.0,0.0
1345,3953.1304,34.38558,0.79754025,35.4074828381367,35.407482825644934,0.0,0.0,0.0,0.0,0.0,0.0,0.0,0.0,0.0,0.0
1346,3954.0422,34.132168,0.79536945,35.39356306070115,35.39356304591722,0.0,0.0,0.0,0.0,0.0,0.0,0.0,0.0,0.0,0.0
1347,3954.952,33.79401,0.79605544,35.37968547411181,35.37968545664241,0.0,0.0,0.0,0.0,0.0,0.0,0.0,0.0,0.0,0.0
1348,3955.8638,34.710697,0.8080325,35.36578302955609,35.36578300892902,0.0,0.0,0.0,0.0,0.0,0.0,0.0,0.0,0.0,0.0
1349,3956.7744,34.279396,0.8069631,35.351907844548684,35.35190782022675,0.0,0.0,0.0,0.0,0.0,0.0,0.0,0.0,0.0,0.0
1350,3957.6868,34.411114,0.82132334,35.338015280076135,35.33801525142187,0.0,0.0,0.0,0.0,0.0,0.0,0.0,0.0,0.0,0.0
1351,3958.5974,35.207306,0.81288975,35.32415737486953,35.32415734116067,0.0,0.0,0.0,0.0,0.0,0.0,0.0,0.0,0.0,0.0
1352,3959.5078,34.64182,0.81585056,35.3103118023837,35.31031176277616,0.0,0.0,0.0,0.0,0.0,0.0,0.0,0.0,0.0,0.0
1353,3960.421,34.023495,0.80075127,35.29643403473001,35.29643398822347,0.0,0.0,0.0,0.0,0.0,0.0,0.0,0.0,0.0,0.0
1354,3961.3328,34.426132,0.80030495,35.282583455632164,35.28258340109998,0.0,0.0,0.0,0.0,0.0,0.0,0.0,0.0,0.0,0.0
1355,3962.246,33.53361,0.7880611,35.26871926982285,35.26871920593799,0.0,0.0,0.0,0.0,0.0,0.0,0.0,0.0,0.0,0.0
1356,3963.1575,33.51748,0.7835732,35.25489334737308,35.25489327264349,0.0,0.0,0.0,0.0,0.0,0.0,0.0,0.0,0.0,0.0
1357,3964.0715,33.033974,0.78484446,35.24103532117907,35.24103523382523,0.0,0.0,0.0,0.0,0.0,0.0,0.0,0.0,0.0,0.0
1358,3964.9834,31.975075,0.7666299,35.227219218993774,35.227219117039624,0.0,0.0,0.0,0.0,0.0,0.0,0.0,0.0,0.0,0.0
1359,3965.8953,31.706306,0.7706973,35.21341171085936,35.213411592002686,0.0,0.0,0.0,0.0,0.0,0.0,0.0,0.0,0.0,0.0
1360,3966.81,32.787674,0.7831002,35.199568469747334,35.199568331278854,0.0,0.0,0.0,0.0,0.0,0.0,0.0,0.0,0.0,0.0
1361,3967.7224,33.359478,0.78263164,35.18577077431883,35.18577061325579,0.0,0.0,0.0,0.0,0.0,0.0,0.0,0.0,0.0,0.0
1362,3968.6372,32.248264,0.77391076,35.171944773959325,35.17194458675722,0.0,0.0,0.0,0.0,0.0,0.0,0.0,0.0,0.0,0.0
1363,3969.5505,32.43021,0.7760083,35.15814951379402,35.15814929651629,0.0,0.0,0.0,0.0,0.0,0.0,0.0,0.0,0.0,0.0
1364,3970.4658,33.04174,0.78280234,35.14433336772888,35.144333115757355,0.0,0.0,0.0,0.0,0.0,0.0,0.0,0.0,0.0,0.0
1365,3971.3792,32.314766,0.7677031,35.13055529368993,35.130555001917095,0.0,0.0,0.0,0.0,0.0,0.0,0.0,0.0,0.0,0.0
1366,3972.293,30.92103,0.7595055,35.11677843449534,35.11677809700118,0.0,0.0,0.0,0.0,0.0,0.0,0.0,0.0,0.0,0.0
1367,3973.2087,31.907639,0.77877086,35.102980733839836,35.102980343793796,0.0,0.0,0.0,0.0,0.0,0.0,0.0,0.0,0.0,0.0
1368,3974.1228,33.072994,0.7841812,35.08921736484833,35.089216914714534,0.0,0.0,0.0,0.0,0.0,0.0,0.0,0.0,0.0,0.0
1369,3975.0393,32.06364,0.77255565,35.07542583760479,35.07542531853513,0.0,0.0,0.0,0.0,0.0,0.0,0.0,0.0,0.0,0.0
1370,3975.9536,31.81877,0.77000475,35.061675952004215,35.06167535434256,0.0,0.0,0.0,0.0,0.0,0.0,0.0,0.0,0.0,0.0
1371,3976.8704,32.584522,0.77643853,35.04789794634839,35.04789725874249,0.0,0.0,0.0,0.0,0.0,0.0,0.0,0.0,0.0,0.0
1372,3977.7852,32.65163,0.7822531,35.03415786801129,35.034157078084164,0.0,0.0,0.0,0.0,0.0,0.0,0.0,0.0,0.0,0.0
1373,3978.701,32.093834,0.7729453,35.02041169412476,35.020410787574775,0.0,0.0,0.0,0.0,0.0,0.0,0.0,0.0,0.0,0.0
1374,3979.618,32.192112,0.77437407,35.00665578538286,35.00665474601948,0.0,0.0,0.0,0.0,0.0,0.0,0.0,0.0,0.0,0.0
1375,3980.5334,32.295982,0.7740826,34.99293041927933,34.992929229296465,0.0,0.0,0.0,0.0,0.0,0.0,0.0,0.0,0.0,0.0
1376,3981.4517,32.18971,0.7709248,34.97917338622744,34.97917202485518,0.0,0.0,0.0,0.0,0.0,0.0,0.0,0.0,0.0,0.0
1377,3982.3672,32.629124,0.78082794,34.96546515329908,34.965463598286874,0.0,0.0,0.0,0.0,0.0,0.0,0.0,0.0,0.0,0.0
1378,3983.2854,33.19339,0.78619564,34.95172529432067,34.95172351951406,0.0,0.0,0.0,0.0,0.0,0.0,0.0,0.0,0.0,0.0
1379,3984.2021,32.142365,0.7715305,34.938015927361896,34.938013904493566,0.0,0.0,0.0,0.0,0.0,0.0,0.0,0.0,0.0,0.0
1380,3985.119,32.895214,0.7780144,34.92431512220175,34.924312819297725,0.0,0.0,0.0,0.0,0.0,0.0,0.0,0.0,0.0,0.0
1381,3986.0374,32.280853,0.7732018,34.91059735846102,34.91059473919677,0.0,0.0,0.0,0.0,0.0,0.0,0.0,0.0,0.0,0.0
1382,3986.9548,31.719406,0.7723184,34.89690275365928,34.896899778477014,0.0,0.0,0.0,0.0,0.0,0.0,0.0,0.0,0.0,0.0
1383,3987.874,32.521523,0.78121483,34.8831912299938,34.883187853697535,0.0,0.0,0.0,0.0,0.0,0.0,0.0,0.0,0.0,0.0
1384,3988.7913,33.319496,0.7895055,34.86951740933765,34.86951358336856,0.0,0.0,0.0,0.0,0.0,0.0,0.0,0.0,0.0,0.0
1385,3989.7112,31.937634,0.77166647,34.85581214854553,34.85580781652586,0.0,0.0,0.0,0.0,0.0,0.0,0.0,0.0,0.0,0.0
1386,3990.629,32.393776,0.7720822,34.84214819872738,34.84214330093379,0.0,0.0,0.0,0.0,0.0,0.0,0.0,0.0,0.0,0.0
1387,3991.5469,31.238762,0.7556637,34.8284891818549,34.82848365070193,0.0,0.0,0.0,0.0,0.0,0.0,0.0,0.0,0.0,0.0
1388,3992.4673,30.841269,0.76225126,34.81480244100033,34.81479619992036,0.0,0.0,0.0,0.0,0.0,0.0,0.0,0.0,0.0,0.0
1389,3993.3862,31.189644,0.7542389,34.80114607737422,34.801139044873786,0.0,0.0,0.0,0.0,0.0,0.0,0.0,0.0,0.0,0.0
1390,3994.3066,31.200565,0.7636747,34.78747655440117,34.78746863794282,0.0,0.0,0.0,0.0,0.0,0.0,0.0,0.0,0.0,0.0
1391,3995.2256,32.01854,0.7599492,34.77383738448321,34.773828485108474,0.0,0.0,0.0,0.0,0.0,0.0,0.0,0.0,0.0,0.0
1392,3996.147,31.62257,0.76841533,34.76017060678354,34.76016061113118,0.0,0.0,0.0,0.0,0.0,0.0,0.0,0.0,0.0,0.0
1393,3997.0664,31.652206,0.7656285,34.746541415131375,34.74653020411942,0.0,0.0,0.0,0.0,0.0,0.0,0.0,0.0,0.0,0.0
1394,3997.9878,30.984922,0.75637746,34.73289190987571,34.73287934748742,0.0,0.0,0.0,0.0,0.0,0.0,0.0,0.0,0.0,0.0
1395,3998.908,30.62935,0.7586092,34.71926912413372,34.719255066159604,0.0,0.0,0.0,0.0,0.0,0.0,0.0,0.0,0.0,0.0
1396,3999.8276,31.489079,0.7660105,34.70566219697372,34.705646484786996,0.0,0.0,0.0,0.0,0.0,0.0,0.0,0.0,0.0,0.0
1397,4000.7498,31.448036,0.77260923,34.69202781772329,34.69201027218988,0.0,0.0,0.0,0.0,0.0,0.0,0.0,0.0,0.0,0.0
1398,4001.6707,31.167948,0.7698523,34.67842015979191,34.67840059293381,0.0,0.0,0.0,0.0,0.0,0.0,0.0,0.0,0.0,0.0
1399,4002.5933,31.51266,0.78000873,34.66479594925792,34.66477414955031,0.0,0.0,0.0,0.0,0.0,0.0,0.0,0.0,0.0,0.0
1400,4003.5142,30.541185,0.75399023,34.651205670390844,34.651181416475445,0.0,0.0,0.0,0.0,0.0,0.0,0.0,0.0,0.0,0.0
1401,4004.437,29.673176,0.7438181,34.63759529466973,34.63756833602077,0.0,0.0,0.0,0.0,0.0,0.0,0.0,0.0,0.0,0.0
1402,4005.3586,30.670954,0.75298035,34.62401165406576,34.62398172853049,0.0,0.0,0.0,0.0,0.0,0.0,0.0,0.0,0.0,0.0
1403,4006.2798,31.447168,0.76571465,34.61044394398343,34.61041076595504,0.0,0.0,0.0,0.0,0.0,0.0,0.0,0.0,0.0,0.0
1404,4007.2036,31.614737,0.75916183,34.596845463739754,34.59680871209932,0.0,0.0,0.0,0.0,0.0,0.0,0.0,0.0,0.0,0.0
1405,4008.1255,31.006388,0.75394493,34.58328452108306,34.583243867666695,0.0,0.0,0.0,0.0,0.0,0.0,0.0,0.0,0.0,0.0
1406,4009.0498,31.339497,0.75679296,34.56969649754499,34.569651569219765,0.0,0.0,0.0,0.0,0.0,0.0,0.0,0.0,0.0,0.0
1407,4009.972,31.66102,0.76463187,34.556149608193884,34.55610002571142,0.0,0.0,0.0,0.0,0.0,0.0,0.0,0.0,0.0,0.0
1408,4010.8967,31.311089,0.756764,34.542572148250606,34.54251747838584,0.0,0.0,0.0,0.0,0.0,0.0,0.0,0.0,0.0,0.0
1409,4011.8193,32.354862,0.773386,34.52903583454036,34.52897564029927,0.0,0.0,0.0,0.0,0.0,0.0,0.0,0.0,0.0,0.0
1410,4012.7424,31.560005,0.7644154,34.51550126515528,34.5154350629268,0.0,0.0,0.0,0.0,0.0,0.0,0.0,0.0,0.0,0.0
1411,4013.668,31.51576,0.7615264,34.50193987167891,34.50186712948503,0.0,0.0,0.0,0.0,0.0,0.0,0.0,0.0,0.0,0.0
1412,4014.591,31.675196,0.7695713,34.4884232268134,34.488343412490586,0.0,0.0,0.0,0.0,0.0,0.0,0.0,0.0,0.0,0.0
1413,4015.5166,31.698988,0.771823,34.47487986176282,34.47479236960215,0.0,0.0,0.0,0.0,0.0,0.0,0.0,0.0,0.0,0.0
1414,4016.4404,31.923933,0.77275175,34.46137055011629,34.461274770661724,0.0,0.0,0.0,0.0,0.0,0.0,0.0,0.0,0.0,0.0
1415,4017.3667,32.15312,0.77957666,34.44783464239505,34.44772988931278,0.0,0.0,0.0,0.0,0.0,0.0,0.0,0.0,0.0,0.0
1416,4018.2908,31.884895,0.77721393,34.43433996160786,34.4342255532207,0.0,0.0,0.0,0.0,0.0,0.0,0.0,0.0,0.0,0.0
1417,4019.215,31.533484,0.7619055,34.420850859899915,34.420726049985646,0.0,0.0,0.0,0.0,0.0,0.0,0.0,0.0,0.0,0.0
1418,4020.142,31.828442,0.76566774,34.407331786989026,34.407195756020165,0.0,0.0,0.0,0.0,0.0,0.0,0.0,0.0,0.0,0.0
1419,4021.067,32.26402,0.771953,34.393853995718665,34.39370593914892,0.0,0.0,0.0,0.0,0.0,0.0,0.0,0.0,0.0,0.0
1420,4021.9941,31.984705,0.7684765,34.380349924331675,34.38018893275366,0.0,0.0,0.0,0.0,0.0,0.0,0.0,0.0,0.0,0.0
1421,4022.9197,31.313463,0.7578089,34.36688006652411,34.366705242302935,0.0,0.0,0.0,0.0,0.0,0.0,0.0,0.0,0.0,0.0
1422,4023.8477,31.325384,0.7569376,34.353384068952394,34.35319440560484,0.0,0.0,0.0,0.0,0.0,0.0,0.0,0.0,0.0,0.0
1423,4024.7734,30.855371,0.7552709,34.33992943646304,34.339723955227285,0.0,0.0,0.0,0.0,0.0,0.0,0.0,0.0,0.0,0.0
1424,4025.6992,30.202026,0.75029427,34.32648424133617,34.32626188313838,0.0,0.0,0.0,0.0,0.0,0.0,0.0,0.0,0.0,0.0
1425,4026.6274,31.18155,0.76333076,34.31301310338045,34.312772714093676,0.0,0.0,0.0,0.0,0.0,0.0,0.0,0.0,0.0,0.0
1426,4027.5537,32.632454,0.7717995,34.299579846459004,34.29932031002411,0.0,0.0,0.0,0.0,0.0,0.0,0.0,0.0,0.0,0.0
1427,4028.4827,30.435755,0.7582583,34.28611724830387,34.28583730531079,0.0,0.0,0.0,0.0,0.0,0.0,0.0,0.0,0.0,0.0
1428,4029.4094,32.047882,0.7650371,34.272696117524156,34.27239456936075,0.0,0.0,0.0,0.0,0.0,0.0,0.0,0.0,0.0,0.0
1429,4030.3384,31.048828,0.7603017,34.259252850946915,34.25892835179385,0.0,0.0,0.0,0.0,0.0,0.0,0.0,0.0,0.0,0.0
1430,4031.2659,30.302088,0.7527401,34.24584049227679,34.245491741658505,0.0,0.0,0.0,0.0,0.0,0.0,0.0,0.0,0.0,0.0
1431,4032.1929,30.38778,0.75101554,34.23244492399119,34.232070557869356,0.0,0.0,0.0,0.0,0.0,0.0,0.0,0.0,0.0,0.0
1432,4033.1226,30.156557,0.75384307,34.21902035116467,34.21861887214722,0.0,0.0,0.0,0.0,0.0,0.0,0.0,0.0,0.0,0.0
1433,4034.0508,31.070852,0.7638718,34.20562675619865,34.20519674602681,0.0,0.0,0.0,0.0,0.0,0.0,0.0,0.0,0.0,0.0
1434,4034.981,31.089687,0.76253194,34.192214857487095,34.191754755031404,0.0,0.0,0.0,0.0,0.0,0.0,0.0,0.0,0.0,0.0
1435,4035.9092,31.465717,0.7558446,34.178841005327634,34.17834934133942,0.0,0.0,0.0,0.0,0.0,0.0,0.0,0.0,0.0,0.0
1436,4036.84,31.132107,0.765663,34.16543840189389,34.16491351588321,0.0,0.0,0.0,0.0,0.0,0.0,0.0,0.0,0.0,0.0
1437,4037.7686,30.57796,0.7536686,34.15208088744606,34.15152127230016,0.0,0.0,0.0,0.0,0.0,0.0,0.0,0.0,0.0,0.0
1438,4038.6973,30.79277,0.7584645,34.13872980861585,34.1381338374306,0.0,0.0,0.0,0.0,0.0,0.0,0.0,0.0,0.0,0.0
1439,4039.6284,31.073736,0.76132786,34.1253536360075,34.12471956656941,0.0,0.0,0.0,0.0,0.0,0.0,0.0,0.0,0.0,0.0
1440,4040.558,31.59213,0.76229835,34.11200851046568,34.11133473956114,0.0,0.0,0.0,0.0,0.0,0.0,0.0,0.0,0.0,0.0
1441,4041.4897,30.202536,0.7839747,34.098645383452215,34.09793014692344,0.0,0.0,0.0,0.0,0.0,0.0,0.0,0.0,0.0,0.0
1442,4042.4194,30.382677,0.7890929,34.085320288213644,34.08456198529175,0.0,0.0,0.0,0.0,0.0,0.0,0.0,0.0,0.0,0.0
1443,4043.3516,31.322304,0.76455,34.071970244362475,34.07116706426534,0.0,0.0,0.0,0.0,0.0,0.0,0.0,0.0,0.0,0.0
1444,4044.2817,30.791933,0.7649492,34.058658192588574,34.05780853379061,0.0,0.0,0.0,0.0,0.0,0.0,0.0,0.0,0.0,0.0
1445,4045.2122,30.620735,0.76133704,34.04535264804101,34.04445480825918,0.0,0.0,0.0,0.0,0.0,0.0,0.0,0.0,0.0,0.0
1446,4046.1453,29.945965,0.7476583,34.03201872844048,34.03107087989602,0.0,0.0,0.0,0.0,0.0,0.0,0.0,0.0,0.0,0.0
1447,4047.0762,30.855215,0.7532098,34.01872619504114,34.01772678440442,0.0,0.0,0.0,0.0,0.0,0.0,0.0,0.0,0.0,0.0
1448,4048.009,31.403215,0.8245405,34.00541575373594,34.00436301766407,0.0,0.0,0.0,0.0,0.0,0.0,0.0,0.0,0.0,0.0
1449,4048.9404,31.26043,0.81902975,33.99213614956574,33.99102854346023,0.0,0.0,0.0,0.0,0.0,0.0,0.0,0.0,0.0,0.0
1450,4049.874,31.097828,0.7613324,33.978835144113766,33.97767093536539,0.0,0.0,0.0,0.0,0.0,0.0,0.0,0.0,0.0,0.0
1451,4050.8057,30.513105,0.7582834,33.96557183055067,33.96434957223339,0.0,0.0,0.0,0.0,0.0,0.0,0.0,0.0,0.0,0.0
1452,4051.7373,31.309433,0.7597096,33.95231832539763,33.95103649351846,0.0,0.0,0.0,0.0,0.0,0.0,0.0,0.0,0.0,0.0
1453,4052.672,30.34445,0.7456834,33.939029475351,33.937686380723626,0.0,0.0,0.0,0.0,0.0,0.0,0.0,0.0,0.0,0.0
1454,4053.604,30.52625,0.7544698,33.925791992419704,33.92438639452246,0.0,0.0,0.0,0.0,0.0,0.0,0.0,0.0,0.0,0.0
1455,4054.539,31.531174,0.76931083,33.9125191184417,33.91104942087127,0.0,0.0,0.0,0.0,0.0,0.0,0.0,0.0,0.0,0.0
1456,4055.4717,31.416489,0.7637636,33.89929050510171,33.89775555394943,0.0,0.0,0.0,0.0,0.0,0.0,0.0,0.0,0.0,0.0
1457,4056.407,31.23719,0.7596004,33.88603336383959,33.88443170845413,0.0,0.0,0.0,0.0,0.0,0.0,0.0,0.0,0.0,0.0
1458,4057.34,30.368046,0.76039815,33.87281683794153,33.871147441877284,0.0,0.0,0.0,0.0,0.0,0.0,0.0,0.0,0.0,0.0
1459,4058.2732,31.49736,0.7663811,33.85960969611286,33.85787143631122,0.0,0.0,0.0,0.0,0.0,0.0,0.0,0.0,0.0,0.0
1460,4059.2095,31.539589,0.7671382,33.84636698357935,33.84455857039138,0.0,0.0,0.0,0.0,0.0,0.0,0.0,0.0,0.0,0.0
1461,4060.1428,31.420073,0.76642686,33.833174949821625,33.831295625616406,0.0,0.0,0.0,0.0,0.0,0.0,0.0,0.0,0.0,0.0
1462,4061.0793,32.07602,0.76497805,33.81994724635982,33.81799586689115,0.0,0.0,0.0,0.0,0.0,0.0,0.0,0.0,0.0,0.0
1463,4062.014,29.996346,0.74968034,33.80675622033672,33.80473211225839,0.0,0.0,0.0,0.0,0.0,0.0,0.0,0.0,0.0,0.0
1464,4062.9502,31.179853,0.7615379,33.793550091678206,33.79145237745151,0.0,0.0,0.0,0.0,0.0,0.0,0.0,0.0,0.0,0.0
1465,4063.8848,31.274715,0.7580021,33.78037698431797,33.7782051342532,0.0,0.0,0.0,0.0,0.0,0.0,0.0,0.0,0.0,0.0
1466,4064.82,30.760607,0.7527488,33.76720238456921,33.76495575651945,0.0,0.0,0.0,0.0,0.0,0.0,0.0,0.0,0.0,0.0
1467,4065.7573,31.171919,0.75312823,33.75400904955791,33.75168698042148,0.0,0.0,0.0,0.0,0.0,0.0,0.0,0.0,0.0,0.0
1468,4066.6924,32.418083,0.77165395,33.74085531512196,33.738457552976115,0.0,0.0,0.0,0.0,0.0,0.0,0.0,0.0,0.0,0.0
1469,4067.63,32.73218,0.7758372,33.72767584808083,33.725201841349765,0.0,0.0,0.0,0.0,0.0,0.0,0.0,0.0,0.0,0.0
1470,4068.566,31.430601,0.76320446,33.71452549574598,33.71197508354373,0.0,0.0,0.0,0.0,0.0,0.0,0.0,0.0,0.0,0.0
1471,4069.5044,30.93758,0.75143915,33.70134931605863,33.69872208767193,0.0,0.0,0.0,0.0,0.0,0.0,0.0,0.0,0.0,0.0
1472,4070.4404,31.16341,0.7562034,33.68821578959418,33.68551180090239,0.0,0.0,0.0,0.0,0.0,0.0,0.0,0.0,0.0,0.0
1473,4071.3796,31.391478,0.7586356,33.675046070102916,33.67226497791366,0.0,0.0,0.0,0.0,0.0,0.0,0.0,0.0,0.0,0.0
1474,4072.3162,31.495604,0.76096797,33.66192225999101,33.65906426011487,0.0,0.0,0.0,0.0,0.0,0.0,0.0,0.0,0.0,0.0
1475,4073.2532,31.772846,0.7705085,33.64879979585201,33.64586487501763,0.0,0.0,0.0,0.0,0.0,0.0,0.0,0.0,0.0,0.0
1476,4074.1921,31.530111,0.7634911,33.63565814041561,33.63264621294132,0.0,0.0,0.0,0.0,0.0,0.0,0.0,0.0,0.0,0.0
1477,4075.1294,32.474068,0.7758959,33.622548503864316,33.6194598249325,0.0,0.0,0.0,0.0,0.0,0.0,0.0,0.0,0.0,0.0
1478,4076.069,32.708504,0.77698356,33.60941280113436,33.60624732115209,0.0,0.0,0.0,0.0,0.0,0.0,0.0,0.0,0.0,0.0
1479,4077.007,32.263416,0.7817256,33.59630902351657,33.59306706029767,0.0,0.0,0.0,0.0,0.0,0.0,0.0,0.0,0.0,0.0
1480,4077.947,32.221813,0.7749035,33.583185984739906,33.57986757996107,0.0,0.0,0.0,0.0,0.0,0.0,0.0,0.0,0.0,0.0
1481,4078.885,32.25978,0.78033805,33.570098199144006,33.566703728128225,0.0,0.0,0.0,0.0,0.0,0.0,0.0,0.0,0.0,0.0
1482,4079.8237,33.8339,0.782839,33.55700816395545,33.553537792478146,0.0,0.0,0.0,0.0,0.0,0.0,0.0,0.0,0.0,0.0
1483,4080.7644,33.19327,0.7843696,33.543898881268895,33.54035268034341,0.0,0.0,0.0,0.0,0.0,0.0,0.0,0.0,0.0,0.0
1484,4081.7031,33.109924,0.777301,33.53082478563854,33.52720313733997,0.0,0.0,0.0,0.0,0.0,0.0,0.0,0.0,0.0,0.0
1485,4082.6443,33.813942,0.7910719,33.51772468040636,33.514027604525296,0.0,0.0,0.0,0.0,0.0,0.0,0.0,0.0,0.0,0.0
1486,4083.5837,33.757603,0.7833859,33.50465635233796,33.50088418671167,0.0,0.0,0.0,0.0,0.0,0.0,0.0,0.0,0.0,0.0
1487,4084.5254,33.87149,0.7941574,33.49156548267872,33.48771823289515,0.0,0.0,0.0,0.0,0.0,0.0,0.0,0.0,0.0,0.0
1488,4085.4646,34.1424,0.79555017,33.478516571727475,33.474594589826545,0.0,0.0,0.0,0.0,0.0,0.0,0.0,0.0,0.0,0.0
1489,4086.4048,34.84748,0.8282223,33.46546213558293,33.461465471856066,0.0,0.0,0.0,0.0,0.0,0.0,0.0,0.0,0.0,0.0
1490,4087.3472,34.349556,0.8378529,33.45238528988044,33.44831386702786,0.0,0.0,0.0,0.0,0.0,0.0,0.0,0.0,0.0,0.0
1491,4088.2874,34.089767,0.838358,33.43934704158803,33.435201097097,0.0,0.0,0.0,0.0,0.0,0.0,0.0,0.0,0.0,0.0
1492,4089.2307,35.088295,0.8469307,33.426272946327906,33.42205225714667,0.0,0.0,0.0,0.0,0.0,0.0,0.0,0.0,0.0,0.0
1493,4090.1711,34.34139,0.799201,33.413247626466685,33.408952416112655,0.0,0.0,0.0,0.0,0.0,0.0,0.0,0.0,0.0,0.0
1494,4091.1147,34.097668,0.80119026,33.4001865776694,33.39581655044766,0.0,0.0,0.0,0.0,0.0,0.0,0.0,0.0,0.0,0.0
1495,4092.0554,34.816032,0.7964922,33.38717431264976,33.38272962315986,0.0,0.0,0.0,0.0,0.0,0.0,0.0,0.0,0.0,0.0
1496,4092.997,35.139683,0.81098574,33.374156797372464,33.36963725702158,0.0,0.0,0.0,0.0,0.0,0.0,0.0,0.0,0.0,0.0
1497,4093.9407,34.596237,0.79756784,33.36112059085662,33.35652590534682,0.0,0.0,0.0,0.0,0.0,0.0,0.0,0.0,0.0,0.0
1498,4094.8826,33.67743,0.8299598,33.348116306498646,33.343446449287235,0.0,0.0,0.0,0.0,0.0,0.0,0.0,0.0,0.0,0.0
1499,4095.8267,33.124462,0.8231229,33.33509003221757,33.33034464474536,0.0,0.0,0.0,0.0,0.0,0.0,0.0,0.0,0.0,0.0
1500,4096.769,34.14577,0.7923058,33.322095674406974,33.317274700794606,0.0,0.0,0.0,0.0,0.0,0.0,0.0,0.0,0.0,0.0
1501,4097.714,34.256477,0.7918782,33.30907601266926,33.30417905803596,0.0,0.0,0.0,0.0,0.0,0.0,0.0,0.0,0.0,0.0
1502,4098.6562,34.427185,0.7945195,33.29609832013063,33.29112538727038,0.0,0.0,0.0,0.0,0.0,0.0,0.0,0.0,0.0,0.0
1503,4099.5996,34.508064,0.7941295,33.28311548674385,33.278066317680285,0.0,0.0,0.0,0.0,0.0,0.0,0.0,0.0,0.0,0.0
1504,4100.5444,34.42373,0.80147284,33.270120792219046,33.26499511454031,0.0,0.0,0.0,0.0,0.0,0.0,0.0,0.0,0.0,0.0
1505,4101.4883,35.03448,0.7980487,33.25714777928395,33.25194555294318,0.0,0.0,0.0,0.0,0.0,0.0,0.0,0.0,0.0,0.0
1506,4102.434,30.403149,0.76485854,33.24415613751028,33.23887713293646,0.0,0.0,0.0,0.0,0.0,0.0,0.0,0.0,0.0,0.0
1507,4103.3774,31.654608,0.7422474,33.2312061556281,33.22585056187971,0.0,0.0,0.0,0.0,0.0,0.0,0.0,0.0,0.0,0.0
1508,4104.3237,33.260654,0.79689664,33.21822402743242,33.21279167128346,0.0,0.0,0.0,0.0,0.0,0.0,0.0,0.0,0.0,0.0
1509,4105.268,34.007927,0.78649956,33.20527665717346,33.19976785015133,0.0,0.0,0.0,0.0,0.0,0.0,0.0,0.0,0.0,0.0
1510,4106.2124,35.3005,0.80627227,33.19233713349632,33.186752129852096,0.0,0.0,0.0,0.0,0.0,0.0,0.0,0.0,0.0,0.0
1511,4107.1597,33.035606,0.78253317,33.179365226251406,33.17370416149251,0.0,0.0,0.0,0.0,0.0,0.0,0.0,0.0,0.0,0.0
1512,4108.1045,32.969902,0.7831845,33.16643435514823,33.1606979277666,0.0,0.0,0.0,0.0,0.0,0.0,0.0,0.0,0.0,0.0
1513,4109.052,33.637863,0.783168,33.153477543909055,33.14766620606179,0.0,0.0,0.0,0.0,0.0,0.0,0.0,0.0,0.0,0.0
1514,4109.9966,33.370712,0.78316283,33.14056141463024,33.13467616329817,0.0,0.0,0.0,0.0,0.0,0.0,0.0,0.0,0.0,0.0
1515,4110.945,33.40154,0.7845648,33.127605699514774,33.121647246693996,0.0,0.0,0.0,0.0,0.0,0.0,0.0,0.0,0.0,0.0
1516,4111.89,34.149,0.7939983,33.114696939979645,33.10866667287514,0.0,0.0,0.0,0.0,0.0,0.0,0.0,0.0,0.0,0.0
1517,4112.8364,32.900944,0.779041,33.10178156917193,33.095680771146206,0.0,0.0,0.0,0.0,0.0,0.0,0.0,0.0,0.0,0.0
1518,4113.7847,33.352734,0.7822469,33.088846074371176,33.08267617081343,0.0,0.0,0.0,0.0,0.0,0.0,0.0,0.0,0.0,0.0
1519,4114.731,32.95599,0.7733917,33.075943520085644,33.06970643697096,0.0,0.0,0.0,0.0,0.0,0.0,0.0,0.0,0.0,0.0
1520,4115.68,32.817123,0.7750073,33.06300710364019,33.056704651925315,0.0,0.0,0.0,0.0,0.0,0.0,0.0,0.0,0.0,0.0
1521,4116.6265,33.661358,0.7820826,33.05011643719406,33.04375106672303,0.0,0.0,0.0,0.0,0.0,0.0,0.0,0.0,0.0,0.0
1522,4117.576,34.064533,0.7877327,33.0371848074103,33.03075878874755,0.0,0.0,0.0,0.0,0.0,0.0,0.0,0.0,0.0,0.0
1523,4118.5234,32.396313,0.76983005,33.02429175298074,33.01780798160815,0.0,0.0,0.0,0.0,0.0,0.0,0.0,0.0,0.0,0.0
1524,4119.4707,32.179054,0.7609403,33.01140376806509,33.004865228871516,0.0,0.0,0.0,0.0,0.0,0.0,0.0,0.0,0.0,0.0
1525,4120.421,32.349197,0.7750258,32.99848075671374,32.991890531911245,0.0,0.0,0.0,0.0,0.0,0.0,0.0,0.0,0.0,0.0
1526,4121.3687,32.412827,0.7747085,32.985595514963514,32.9789572311222,0.0,0.0,0.0,0.0,0.0,0.0,0.0,0.0,0.0,0.0
1527,4122.319,32.044502,0.77574736,32.97268140144001,32.965998687458296,0.0,0.0,0.0,0.0,0.0,0.0,0.0,0.0,0.0,0.0
1528,4123.267,31.901499,0.7685802,32.959797892144074,32.95307483187144,0.0,0.0,0.0,0.0,0.0,0.0,0.0,0.0,0.0,0.0
1529,4124.218,33.170593,0.78069633,32.94688503717752,32.940125769411495,0.0,0.0,0.0,0.0,0.0,0.0,0.0,0.0,0.0,0.0
1530,4125.1665,31.69423,0.762916,32.9340022896181,32.92721135641887,0.0,0.0,0.0,0.0,0.0,0.0,0.0,0.0,0.0,0.0
1531,4126.1157,31.584682,0.76156265,32.92111626087806,32.91429833422533,0.0,0.0,0.0,0.0,0.0,0.0,0.0,0.0,0.0,0.0
1532,4127.0674,32.284943,0.7740879,32.90820023203763,32.90136016319069,0.0,0.0,0.0,0.0,0.0,0.0,0.0,0.0,0.0,0.0
1533,4128.0166,32.01956,0.77228844,32.895320270678425,32.88846322009566,0.0,0.0,0.0,0.0,0.0,0.0,0.0,0.0,0.0,0.0
1534,4128.9683,30.877176,0.7541042,32.882409930304064,32.87554115576707,0.0,0.0,0.0,0.0,0.0,0.0,0.0,0.0,0.0,0.0
1535,4129.918,30.87624,0.7565261,32.86952865857083,32.86265364044729,0.0,0.0,0.0,0.0,0.0,0.0,0.0,0.0,0.0,0.0
1536,4130.871,31.220112,0.75638545,32.856603456701095,32.84972780015593,0.0,0.0,0.0,0.0,0.0,0.0,0.0,0.0,0.0,0.0
1537,4131.821,32.11439,0.76850295,32.84372689142485,32.836856333870784,0.0,0.0,0.0,0.0,0.0,0.0,0.0,0.0,0.0,0.0
1538,4132.7715,31.868217,0.7588879,32.83083926165667,32.82397964434889,0.0,0.0,0.0,0.0,0.0,0.0,0.0,0.0,0.0,0.0
1539,4133.7246,31.330198,0.76550835,32.81792063026112,32.81107792716828,0.0,0.0,0.0,0.0,0.0,0.0,0.0,0.0,0.0,0.0
1540,4134.676,32.046093,0.7658852,32.80503050243724,32.798210667038894,0.0,0.0,0.0,0.0,0.0,0.0,0.0,0.0,0.0,0.0
1541,4135.629,32.410774,0.7759316,32.792115901711874,32.78532501414745,0.0,0.0,0.0,0.0,0.0,0.0,0.0,0.0,0.0,0.0
1542,4136.5806,30.571486,0.7482696,32.779223133536846,32.77246717662257,0.0,0.0,0.0,0.0,0.0,0.0,0.0,0.0,0.0,0.0
1543,4137.534,30.975489,0.76447034,32.76630591010636,32.759590973760545,0.0,0.0,0.0,0.0,0.0,0.0,0.0,0.0,0.0,0.0
1544,4138.4863,31.46191,0.75776696,32.753410581783164,32.74674255615543,0.0,0.0,0.0,0.0,0.0,0.0,0.0,0.0,0.0,0.0
1545,4139.4385,30.52896,0.75507885,32.7405173802283,32.733902131719546,0.0,0.0,0.0,0.0,0.0,0.0,0.0,0.0,0.0,0.0
1546,4140.393,29.977499,0.7492904,32.72759336469167,32.72103680021533,0.0,0.0,0.0,0.0,0.0,0.0,0.0,0.0,0.0,0.0
1547,4141.345,31.606333,0.76447886,32.714704781782395,32.70821236214838,0.0,0.0,0.0,0.0,0.0,0.0,0.0,0.0,0.0,0.0
1548,4142.3003,29.829243,0.7467935,32.7017791029596,32.69535647384536,0.0,0.0,0.0,0.0,0.0,0.0,0.0,0.0,0.0,0.0
1549,4143.2534,31.979122,0.77078456,32.688882620210364,32.682534866171494,0.0,0.0,0.0,0.0,0.0,0.0,0.0,0.0,0.0,0.0
1550,4144.2085,31.169556,0.759783,32.675962718595095,32.66969498472316,0.0,0.0,0.0,0.0,0.0,0.0,0.0,0.0,0.0,0.0
1551,4145.1616,29.409662,0.7466005,32.66307251571177,32.6568893375477,0.0,0.0,0.0,0.0,0.0,0.0,0.0,0.0,0.0,0.0
1552,4146.1177,31.118938,0.7568278,32.650146289035476,32.64405232738311,0.0,0.0,0.0,0.0,0.0,0.0,0.0,0.0,0.0,0.0
1553,4147.072,29.657028,0.7469874,32.637250406797484,32.63124952152322,0.0,0.0,0.0,0.0,0.0,0.0,0.0,0.0,0.0,0.0
1554,4148.026,30.012144,0.7397917,32.62435883978076,32.618454680272116,0.0,0.0,0.0,0.0,0.0,0.0,0.0,0.0,0.0,0.0
1555,4148.982,29.701513,0.74167705,32.61144563007946,32.60564162919144,0.0,0.0,0.0,0.0,0.0,0.0,0.0,0.0,0.0,0.0
1556,4149.9365,29.38917,0.7433058,32.59855740607777,32.59285617523887,0.0,0.0,0.0,0.0,0.0,0.0,0.0,0.0,0.0,0.0
1557,4150.8936,29.728397,0.7343235,32.585641932893445,32.58004600483542,0.0,0.0,0.0,0.0,0.0,0.0,0.0,0.0,0.0,0.0
1558,4151.8486,30.367956,0.750008,32.57275906255956,32.567269939505714,0.0,0.0,0.0,0.0,0.0,0.0,0.0,0.0,0.0,0.0
1559,4152.8057,30.786278,0.7521211,32.55985668669492,32.554475718597324,0.0,0.0,0.0,0.0,0.0,0.0,0.0,0.0,0.0,0.0
1560,4153.7617,30.293724,0.74742365,32.54697494340238,32.541702513500276,0.0,0.0,0.0,0.0,0.0,0.0,0.0,0.0,0.0,0.0
1561,4154.717,30.123413,0.7530158,32.53411448605061,32.52895029306114,0.0,0.0,0.0,0.0,0.0,0.0,0.0,0.0,0.0,0.0
1562,4155.675,30.544785,0.7794344,32.52122346972502,32.51616691853307,0.0,0.0,0.0,0.0,0.0,0.0,0.0,0.0,0.0,0.0
1563,4156.631,31.326254,0.8290502,32.50836839574114,32.50341755012706,0.0,0.0,0.0,0.0,0.0,0.0,0.0,0.0,0.0,0.0
1564,4157.59,31.70323,0.83777314,32.49548447141884,32.490637078979,0.0,0.0,0.0,0.0,0.0,0.0,0.0,0.0,0.0,0.0
1565,4158.546,31.04529,0.80438775,32.48265132300457,32.47790358673682,0.0,0.0,0.0,0.0,0.0,0.0,0.0,0.0,0.0,0.0
1566,4159.5054,32.073708,0.7908322,32.4697847340391,32.46513252958143,0.0,0.0,0.0,0.0,0.0,0.0,0.0,0.0,0.0,0.0
1567,4160.4624,31.916782,0.7725167,32.45696435232172,32.45240190407718,0.0,0.0,0.0,0.0,0.0,0.0,0.0,0.0,0.0,0.0
1568,4161.4194,31.210186,0.7648506,32.4441585536048,32.439679197029044,0.0,0.0,0.0,0.0,0.0,0.0,0.0,0.0,0.0,0.0
1569,4162.379,30.97566,0.75571465,32.431335953290656,32.42693197610144,0.0,0.0,0.0,0.0,0.0,0.0,0.0,0.0,0.0,0.0
1570,4163.3364,31.55809,0.7696714,32.41855661640325,32.41421862481543,0.0,0.0,0.0,0.0,0.0,0.0,0.0,0.0,0.0,0.0
1571,4164.2964,32.72684,0.7773125,32.40576334175341,32.40148079459243,0.0,0.0,0.0,0.0,0.0,0.0,0.0,0.0,0.0,0.0
1572,4165.2544,32.195805,0.7741138,32.39301625951198,32.38877679626462,0.0,0.0,0.0,0.0,0.0,0.0,0.0,0.0,0.0,0.0
1573,4166.215,31.341854,0.7661506,32.380258601085465,32.376048353892934,0.0,0.0,0.0,0.0,0.0,0.0,0.0,0.0,0.0,0.0
1574,4167.1733,31.088337,0.7635124,32.367550583764626,32.36335370570765,0.0,0.0,0.0,0.0,0.0,0.0,0.0,0.0,0.0,0.0
1575,4168.132,31.762722,0.7622629,32.354868218934364,32.35066695295108,0.0,0.0,0.0,0.0,0.0,0.0,0.0,0.0,0.0,0.0
1576,4169.0933,32.400658,0.7723603,32.342175025728544,32.33794934745227,0.0,0.0,0.0,0.0,0.0,0.0,0.0,0.0,0.0,0.0
1577,4170.0522,31.252373,0.7594765,32.32954428343176,32.325271936581274,0.0,0.0,0.0,0.0,0.0,0.0,0.0,0.0,0.0,0.0
1578,4171.014,31.213978,0.75726575,32.31690783919859,32.31256371578294,0.0,0.0,0.0,0.0,0.0,0.0,0.0,0.0,0.0,0.0
1579,4171.9736,31.43495,0.75660414,32.3043390575355,32.29989564395753,0.0,0.0,0.0,0.0,0.0,0.0,0.0,0.0,0.0,0.0
1580,4172.9355,31.137728,0.7605428,32.29177701566055,32.28720324579313,0.0,0.0,0.0,0.0,0.0,0.0,0.0,0.0,0.0,0.0
1581,4173.8955,31.242418,0.7603308,32.27928242907753,32.274544506155756,0.0,0.0,0.0,0.0,0.0,0.0,0.0,0.0,0.0,0.0
1582,4174.8555,31.772806,0.76539874,32.26683333569856,32.26189363894702,0.0,0.0,0.0,0.0,0.0,0.0,0.0,0.0,0.0,0.0
1583,4175.819,30.577518,0.75766534,32.254389575556225,32.24920563573421,0.0,0.0,0.0,0.0,0.0,0.0,0.0,0.0,0.0,0.0
1584,4176.7793,31.282972,0.76437634,32.242037430775156,32.236564096432915,0.0,0.0,0.0,0.0,0.0,0.0,0.0,0.0,0.0,0.0
1585,4177.742,31.54675,0.7636999,32.22971241956567,32.22389831336206,0.0,0.0,0.0,0.0,0.0,0.0,0.0,0.0,0.0,0.0
1586,4178.7036,31.712788,0.765,32.21746965405687,32.21125967429175,0.0,0.0,0.0,0.0,0.0,0.0,0.0,0.0,0.0,0.0
1587,4179.667,32.342632,0.7710008,32.205271129016154,32.1986032468121,0.0,0.0,0.0,0.0,0.0,0.0,0.0,0.0,0.0,0.0
1588,4180.6284,32.552998,0.7690651,32.19317221820672,32.18598034272288,0.0,0.0,0.0,0.0,0.0,0.0,0.0,0.0,0.0,0.0
1589,4181.5903,31.130953,0.7611573,32.181148431739786,32.173358883253314,0.0,0.0,0.0,0.0,0.0,0.0,0.0,0.0,0.0,0.0
1590,4182.554,31.038418,0.7564748,32.169188709760775,32.16071967111783,0.0,0.0,0.0,0.0,0.0,0.0,0.0,0.0,0.0,0.0
1591,4183.5166,30.981756,0.7462279,32.15734303330436,32.14810752549573,0.0,0.0,0.0,0.0,0.0,0.0,0.0,0.0,0.0,0.0
1592,4184.4814,31.687937,0.7649579,32.1455715751737,32.13547126078006,0.0,0.0,0.0,0.0,0.0,0.0,0.0,0.0,0.0,0.0
1593,4185.444,32.089054,0.76584643,32.13394265645867,32.12287481898194,0.0,0.0,0.0,0.0,0.0,0.0,0.0,0.0,0.0,0.0
1594,4186.4097,31.166054,0.7602634,32.12239505726686,32.110241514666285,0.0,0.0,0.0,0.0,0.0,0.0,0.0,0.0,0.0,0.0
1595,4187.372,31.096056,0.7590615,32.11102061465085,32.09766075785905,0.0,0.0,0.0,0.0,0.0,0.0,0.0,0.0,0.0,0.0
1596,4188.3354,31.660576,0.7621584,32.09977771732864,32.08507506567893,0.0,0.0,0.0,0.0,0.0,0.0,0.0,0.0,0.0,0.0
1597,4189.3013,31.278809,0.76524216,32.088661676574084,32.07246533625159,0.0,0.0,0.0,0.0,0.0,0.0,0.0,0.0,0.0,0.0
1598,4190.265,31.394953,0.75555736,32.0777356323816,32.0598889437534,0.0,0.0,0.0,0.0,0.0,0.0,0.0,0.0,0.0,0.0
1599,4191.2314,31.626371,0.7657179,32.066963231251286,32.04728854826157,0.0,0.0,0.0,0.0,0.0,0.0,0.0,0.0,0.0,0.0
1600,4192.1953,31.00523,0.7538326,32.056413063720726,32.03472781361725,0.0,0.0,0.0,0.0,0.0,0.0,0.0,0.0,0.0,0.0
1601,4193.162,30.89509,0.75712836,32.046041657283936,32.02213674511019,0.0,0.0,0.0,0.0,0.0,0.0,0.0,0.0,0.0,0.0
1602,4194.127,30.58111,0.7527745,32.03591773626447,32.00957893920184,0.0,0.0,0.0,0.0,0.0,0.0,0.0,0.0,0.0,0.0
1603,4195.092,30.15722,0.74488705,32.02603712843961,31.99702894481129,0.0,0.0,0.0,0.0,0.0,0.0,0.0,0.0,0.0,0.0
1604,4196.059,29.889845,0.7455762,32.016393861122125,31.984455028868904,0.0,0.0,0.0,0.0,0.0,0.0,0.0,0.0,0.0,0.0
1605,4197.025,29.818043,0.7327964,32.00704631342449,31.971907974620244,0.0,0.0,0.0,0.0,0.0,0.0,0.0,0.0,0.0,0.0
1606,4197.9927,29.808496,0.7435836,31.99798185819347,31.95934337818582,0.0,0.0,0.0,0.0,0.0,0.0,0.0,0.0,0.0,0.0
1607,4198.959,29.766472,0.74073327,31.98925393378272,31.946805614287996,0.0,0.0,0.0,0.0,0.0,0.0,0.0,0.0,0.0,0.0
1608,4199.927,29.67663,0.7424853,31.98085845103678,31.93425666382727,0.0,0.0,0.0,0.0,0.0,0.0,0.0,0.0,0.0,0.0
1609,4200.893,29.133839,0.72925615,31.972844158138088,31.921734508897117,0.0,0.0,0.0,0.0,0.0,0.0,0.0,0.0,0.0,0.0
1610,4201.859,29.112923,0.7348701,31.96522632062684,31.909226464184627,0.0,0.0,0.0,0.0,0.0,0.0,0.0,0.0,0.0,0.0
1611,4202.8286,29.878906,0.7430018,31.957997994750045,31.896675652145646,0.0,0.0,0.0,0.0,0.0,0.0,0.0,0.0,0.0,0.0
1612,4203.795,30.028656,0.74530995,31.95124077199099,31.88417686669228,0.0,0.0,0.0,0.0,0.0,0.0,0.0,0.0,0.0,0.0
1613,4204.7646,28.20249,0.7238079,31.944934763663003,31.871641681246945,0.0,0.0,0.0,0.0,0.0,0.0,0.0,0.0,0.0,0.0
1614,4205.732,28.76741,0.73350555,31.939147576458968,31.859145842261828,0.0,0.0,0.0,0.0,0.0,0.0,0.0,0.0,0.0,0.0
1615,4206.7017,29.39764,0.7358532,31.93387999165411,31.846626264635276,0.0,0.0,0.0,0.0,0.0,0.0,0.0,0.0,0.0,0.0
1616,4207.6694,29.9801,0.7462398,31.929187238729263,31.834139682865406,0.0,0.0,0.0,0.0,0.0,0.0,0.0,0.0,0.0,0.0
1617,4208.637,30.026329,0.74855655,31.925089856467807,31.821660866818988,0.0,0.0,0.0,0.0,0.0,0.0,0.0,0.0,0.0,0.0
1618,4209.6084,29.394531,0.73588884,31.92160950611278,31.80914577851936,0.0,0.0,0.0,0.0,0.0,0.0,0.0,0.0,0.0,0.0
1619,4210.576,29.784966,0.7370483,31.918804327268447,31.7966825014542,0.0,0.0,0.0,0.0,0.0,0.0,0.0,0.0,0.0,0.0
1620,4211.5474,29.710207,0.7453892,31.916689170546015,31.784182993716676,0.0,0.0,0.0,0.0,0.0,0.0,0.0,0.0,0.0,0.0
1621,4212.516,29.634724,0.73576957,31.91531297351157,31.771722672236315,0.0,0.0,0.0,0.0,0.0,0.0,0.0,0.0,0.0,0.0
1622,4213.488,29.344887,0.73541313,31.914704819797894,31.759232451795956,0.0,0.0,0.0,0.0,0.0,0.0,0.0,0.0,0.0,0.0
1623,4214.4565,29.914665,0.74347454,31.91490476455523,31.746787643693224,0.0,0.0,0.0,0.0,0.0,0.0,0.0,0.0,0.0,0.0
1624,4215.4263,31.202223,0.75536215,31.915948144618703,31.734338037196828,0.0,0.0,0.0,0.0,0.0,0.0,0.0,0.0,0.0,0.0
1625,4216.399,30.079084,0.7465284,31.91787963310955,31.721858597795944,0.0,0.0,0.0,0.0,0.0,0.0,0.0,0.0,0.0,0.0
1626,4217.3687,29.861279,0.7426865,31.920725316335503,31.709424496223274,0.0,0.0,0.0,0.0,0.0,0.0,0.0,0.0,0.0,0.0
1627,4218.341,30.410765,0.7513944,31.92453818876656,31.696966850351416,0.0,0.0,0.0,0.0,0.0,0.0,0.0,0.0,0.0,0.0
1628,4219.311,31.01221,0.75867516,31.92933954473082,31.684541972237266,0.0,0.0,0.0,0.0,0.0,0.0,0.0,0.0,0.0,0.0
1629,4220.2847,31.452736,0.7714015,31.935196226682386,31.67208108886691,0.0,0.0,0.0,0.0,0.0,0.0,0.0,0.0,0.0,0.0
1630,4221.2554,31.720589,0.77326804,31.94210833649541,31.659665438937196,0.0,0.0,0.0,0.0,0.0,0.0,0.0,0.0,0.0,0.0
1631,4222.2285,31.669956,0.7659591,31.950150914949308,31.647226311725507,0.0,0.0,0.0,0.0,0.0,0.0,0.0,0.0,0.0,0.0
1632,4223.1997,31.773088,0.76648146,31.95932496985962,31.634819879146118,0.0,0.0,0.0,0.0,0.0,0.0,0.0,0.0,0.0,0.0
1633,4224.172,30.39027,0.75052786,31.969692627398974,31.622408697812563,0.0,0.0,0.0,0.0,0.0,0.0,0.0,0.0,0.0,0.0
1634,4225.1455,30.727362,0.76681644,31.9812990556481,31.609986556601775,0.0,0.0,0.0,0.0,0.0,0.0,0.0,0.0,0.0,0.0
1635,4226.117,31.760847,0.75972337,31.99413691835229,31.597597051428004,0.0,0.0,0.0,0.0,0.0,0.0,0.0,0.0,0.0,0.0
1636,4227.0923,31.017338,0.7603887,32.00831342635344,31.585171708442672,0.0,0.0,0.0,0.0,0.0,0.0,0.0,0.0,0.0,0.0
1637,4228.0645,31.143887,0.75870776,32.02376951323481,31.57279141293498,0.0,0.0,0.0,0.0,0.0,0.0,0.0,0.0,0.0,0.0
1638,4229.0396,32.153904,0.77074844,32.040628889296414,31.560381540749432,0.0,0.0,0.0,0.0,0.0,0.0,0.0,0.0,0.0,0.0
1639,4230.013,31.542435,0.7651269,32.05884810294566,31.547998031038617,0.0,0.0,0.0,0.0,0.0,0.0,0.0,0.0,0.0,0.0
1640,4230.986,31.598259,0.76776314,32.078458310124915,31.535634637830302,0.0,0.0,0.0,0.0,0.0,0.0,0.0,0.0,0.0,0.0
1641,4231.962,32.417362,0.78109515,32.09957947844005,31.523235524830582,0.0,0.0,0.0,0.0,0.0,0.0,0.0,0.0,0.0,0.0
1642,4232.935,32.239746,0.7728354,32.12209852657494,31.510881325818865,0.0,0.0,0.0,0.0,0.0,0.0,0.0,0.0,0.0,0.0
1643,4233.9116,31.57512,0.7690336,32.146185447321514,31.498491455660442,0.0,0.0,0.0,0.0,0.0,0.0,0.0,0.0,0.0,0.0
1644,4234.8853,31.801304,0.7737863,32.17170440920028,31.486146447736353,0.0,0.0,0.0,0.0,0.0,0.0,0.0,0.0,0.0,0.0
1645,4235.862,31.677588,0.78012156,32.19882543214065,31.47377200253707,0.0,0.0,0.0,0.0,0.0,0.0,0.0,0.0,0.0,0.0
1646,4236.8364,31.930513,0.77801293,32.22743026813211,31.461429997288604,0.0,0.0,0.0,0.0,0.0,0.0,0.0,0.0,0.0,0.0
1647,4237.811,32.15882,0.77489376,32.25758344179306,31.44909566885147,0.0,0.0,0.0,0.0,0.0,0.0,0.0,0.0,0.0,0.0
1648,4238.788,31.990496,0.77052087,32.28937596930659,31.4367381419102,0.0,0.0,0.0,0.0,0.0,0.0,0.0,0.0,0.0,0.0
1649,4239.763,32.57705,0.77106255,32.322672457690075,31.424412996764023,0.0,0.0,0.0,0.0,0.0,0.0,0.0,0.0,0.0,0.0
1650,4240.7407,30.698734,0.765515,32.357627942882544,31.41206468614197,0.0,0.0,0.0,0.0,0.0,0.0,0.0,0.0,0.0,0.0
1651,4241.717,33.3311,0.790927,32.394106105289005,31.399742558917545,0.0,0.0,0.0,0.0,0.0,0.0,0.0,0.0,0.0,0.0
1652,4242.695,32.670174,0.86948234,32.43223426437128,31.3874034652685,0.0,0.0,0.0,0.0,0.0,0.0,0.0,0.0,0.0,0.0
1653,4243.671,22.988155,1.9891268,32.47185456989587,31.375096681101923,0.0,0.0,0.0,0.0,0.0,0.0,0.0,0.0,0.0,0.0
1654,4244.647,20.275856,3.0677507,32.51303415759563,31.362797550997723,0.0,0.0,0.0,0.0,0.0,0.0,0.0,0.0,0.0,0.0
1655,4245.626,47.99602,7.5106,32.55589254215046,31.35046918704792,0.0,0.0,0.0,0.0,0.0,0.0,0.0,0.0,0.0,0.0
1656,4246.6025,39.24105,6.202588,32.60018169348231,31.338179225373178,0.0,0.0,0.0,0.0,0.0,0.0,0.0,0.0,0.0,0.0
1657,4247.582,22.184082,3.50041,32.646129297403384,31.32586007037549,0.0,0.0,0.0,0.0,0.0,0.0,0.0,0.0,0.0,0.0
1658,4248.559,22.584152,1.5075055,32.693464470643704,31.313579273957917,0.0,0.0,0.0,0.0,0.0,0.0,0.0,0.0,0.0,0.0
1659,4249.5386,31.618696,0.7659996,32.74240049156555,31.301275456279598,0.0,0.0,0.0,0.0,0.0,0.0,0.0,0.0,0.0,0.0
1660,4250.516,32.123486,0.782419,32.79269251116976,31.28900381812319,0.0,0.0,0.0,0.0,0.0,0.0,0.0,0.0,0.0,0.0
1661,4251.494,31.846294,0.76356524,32.84443431180934,31.2767336873434,0.0,0.0,0.0,0.0,0.0,0.0,0.0,0.0,0.0,0.0
1662,4252.4746,31.153494,0.76342124,32.89770298410224,31.26444058824347,0.0,0.0,0.0,0.0,0.0,0.0,0.0,0.0,0.0,0.0
1663,4253.4526,31.58025,0.759615,32.9521982995806,31.252185734921483,0.0,0.0,0.0,0.0,0.0,0.0,0.0,0.0,0.0,0.0
1664,4254.4336,31.542076,0.77586067,33.008182212745865,31.23990182582112,0.0,0.0,0.0,0.0,0.0,0.0,0.0,0.0,0.0,0.0
1665,4255.4126,31.056099,0.7587063,33.06533714499263,31.227650010249896,0.0,0.0,0.0,0.0,0.0,0.0,0.0,0.0,0.0,0.0
1666,4256.3936,31.14372,0.76225,33.12384773574159,31.215381396630267,0.0,0.0,0.0,0.0,0.0,0.0,0.0,0.0,0.0,0.0
1667,4257.3726,31.166468,0.7628237,33.18343417308668,31.203144833067455,0.0,0.0,0.0,0.0,0.0,0.0,0.0,0.0,0.0,0.0
1668,4258.352,31.808764,0.76281965,33.24419299540794,31.190909780838854,0.0,0.0,0.0,0.0,0.0,0.0,0.0,0.0,0.0,0.0
1669,4259.3345,31.051664,0.7581867,33.30622999615716,31.17864577717828,0.0,0.0,0.0,0.0,0.0,0.0,0.0,0.0,0.0,0.0
1670,4260.314,30.659227,0.7557546,33.36911966152968,31.16642596073927,0.0,0.0,0.0,0.0,0.0,0.0,0.0,0.0,0.0,0.0
1671,4261.2964,31.14364,0.75347245,33.43318060713479,31.154177225405657,0.0,0.0,0.0,0.0,0.0,0.0,0.0,0.0,0.0,0.0
1672,4262.277,31.756338,0.7699966,33.4980357413298,31.14196045446457,0.0,0.0,0.0,0.0,0.0,0.0,0.0,0.0,0.0,0.0
1673,4263.2593,32.690804,0.77979124,33.56388100267506,31.129726969014175,0.0,0.0,0.0,0.0,0.0,0.0,0.0,0.0,0.0,0.0
1674,4264.24,32.397507,0.77495134,33.6304223051569,31.1175193300745,0.0,0.0,0.0,0.0,0.0,0.0,0.0,0.0,0.0,0.0
1675,4265.221,31.803421,0.7635893,33.697688841136085,31.105319284709083,0.0,0.0,0.0,0.0,0.0,0.0,0.0,0.0,0.0,0.0
1676,4266.205,31.04294,0.76305246,33.76581395601572,31.0930904242927,0.0,0.0,0.0,0.0,0.0,0.0,0.0,0.0,0.0,0.0
1677,4267.1865,30.447458,0.76289624,33.83435323759732,31.080899506060454,0.0,0.0,0.0,0.0,0.0,0.0,0.0,0.0,0.0,0.0
1678,4268.17,30.485968,0.76090556,33.90353723613623,31.068691931647095,0.0,0.0,0.0,0.0,0.0,0.0,0.0,0.0,0.0,0.0
1679,4269.152,30.897692,0.75684017,33.973046222503896,31.05651012974572,0.0,0.0,0.0,0.0,0.0,0.0,0.0,0.0,0.0,0.0
1680,4270.1367,31.062666,0.76313657,34.043111552813585,31.04429959259325,0.0,0.0,0.0,0.0,0.0,0.0,0.0,0.0,0.0,0.0
1681,4271.119,31.650072,0.7642625,34.113266714228615,31.032126911295876,0.0,0.0,0.0,0.0,0.0,0.0,0.0,0.0,0.0,0.0
1682,4272.1016,32.653408,0.78232425,34.18359991585111,31.019961800921912,0.0,0.0,0.0,0.0,0.0,0.0,0.0,0.0,0.0,0.0
1683,4273.087,32.634468,0.7716658,34.25423178685708,31.007768011222318,0.0,0.0,0.0,0.0,0.0,0.0,0.0,0.0,0.0,0.0
1684,4274.07,31.249392,0.7663596,34.3246856765409,30.995612009014657,0.0,0.0,0.0,0.0,0.0,0.0,0.0,0.0,0.0,0.0
1685,4275.055,31.446156,0.7626569,34.39521804922328,30.983433400328018,0.0,0.0,0.0,0.0,0.0,0.0,0.0,0.0,0.0,0.0
1686,4276.0386,33.137104,0.78659177,34.46541687225062,30.971286499249523,0.0,0.0,0.0,0.0,0.0,0.0,0.0,0.0,0.0,0.0
1687,4277.025,31.30122,0.77157426,34.535531067001905,30.95911099826106,0.0,0.0,0.0,0.0,0.0,0.0,0.0,0.0,0.0,0.0
1688,4278.009,32.127384,0.774853,34.605076664807704,30.94697319877377,0.0,0.0,0.0,0.0,0.0,0.0,0.0,0.0,0.0,0.0
1689,4278.9927,33.58455,0.7826635,34.674126032464756,30.934842947595367,0.0,0.0,0.0,0.0,0.0,0.0,0.0,0.0,0.0,0.0
1690,4279.9795,31.564833,0.7764023,34.74277492287733,30.9226841521559,0.0,0.0,0.0,0.0,0.0,0.0,0.0,0.0,0.0,0.0
1691,4280.9644,33.25531,0.7869561,34.810575433121315,30.910556979523292,0.0,0.0,0.0,0.0,0.0,0.0,0.0,0.0,0.0,0.0
1692,4281.951,33.769005,0.7948863,34.877686642639,30.898413323394614,0.0,0.0,0.0,0.0,0.0,0.0,0.0,0.0,0.0,0.0
1693,4282.9365,33.355034,0.7938807,34.943764135240045,30.886295244096242,0.0,0.0,0.0,0.0,0.0,0.0,0.0,0.0,0.0,0.0
1694,4283.924,33.146984,0.7790567,35.00892394663868,30.874160705824472,0.0,0.0,0.0,0.0,0.0,0.0,0.0,0.0,0.0,0.0
1695,4284.9097,33.22816,0.78689605,35.07282566139098,30.862051716536246,0.0,0.0,0.0,0.0,0.0,0.0,0.0,0.0,0.0,0.0
1696,4285.8955,32.986202,0.78433746,35.13545317105027,30.849950260436263,0.0,0.0,0.0,0.0,0.0,0.0,0.0,0.0,0.0,0.0
1697,4286.884,32.604477,0.78317064,35.19684042442026,30.83782639014902,0.0,0.0,0.0,0.0,0.0,0.0,0.0,0.0,0.0,0.0
1698,4287.87,34.08678,0.80143595,35.256599303113376,30.825734015332618,0.0,0.0,0.0,0.0,0.0,0.0,0.0,0.0,0.0,0.0
1699,4288.8584,33.53743,0.79099226,35.314850233612304,30.81362523895288,0.0,0.0,0.0,0.0,0.0,0.0,0.0,0.0,0.0,0.0
1700,4289.845,32.731224,0.78036755,35.37127794223174,30.801541938356014,0.0,0.0,0.0,0.0,0.0,0.0,0.0,0.0,0.0,0.0
1701,4290.8345,33.09849,0.78637004,35.42599100532233,30.789436287304756,0.0,0.0,0.0,0.0,0.0,0.0,0.0,0.0,0.0,0.0
1702,4291.822,33.813698,0.79651517,35.47863121107967,30.777362061299396,0.0,0.0,0.0,0.0,0.0,0.0,0.0,0.0,0.0,0.0
1703,4292.809,33.943684,0.8014499,35.529200871109055,30.765295345901535,0.0,0.0,0.0,0.0,0.0,0.0,0.0,0.0,0.0,0.0
1704,4293.799,34.64176,0.80459505,35.57771069945929,30.75320632400152,0.0,0.0,0.0,0.0,0.0,0.0,0.0,0.0,0.0,0.0
1705,4294.7866,34.31668,0.81110686,35.62384339195695,30.74114867073503,0.0,0.0,0.0,0.0,0.0,0.0,0.0,0.0,0.0,0.0
1706,4295.7773,33.5265,0.78706616,35.667720071767135,30.729062787984176,0.0,0.0,0.0,0.0,0.0,0.0,0.0,0.0,0.0,0.0
1707,4296.765,33.731865,0.8018879,35.70899164096731,30.71702014819998,0.0,0.0,0.0,0.0,0.0,0.0,0.0,0.0,0.0,0.0
1708,4297.756,34.531307,0.8024689,35.747810772257594,30.704949310618193,0.0,0.0,0.0,0.0,0.0,0.0,0.0,0.0,0.0,0.0
1709,4298.7446,33.223167,0.7933811,35.783902222229386,30.69290977151528,0.0,0.0,0.0,0.0,0.0,0.0,0.0,0.0,0.0,0.0
1710,4299.7363,33.139317,0.78985935,35.81736008263125,30.68084208107485,0.0,0.0,0.0,0.0,0.0,0.0,0.0,0.0,0.0,0.0
1711,4300.725,33.9031,0.7965786,35.84791947785078,30.668817533881054,0.0,0.0,0.0,0.0,0.0,0.0,0.0,0.0,0.0,0.0
1712,4301.715,35.09128,0.8113601,35.87564874634782,30.656788596964276,0.0,0.0,0.0,0.0,0.0,0.0,0.0,0.0,0.0,0.0
1713,4302.7065,35.130257,0.8135305,35.900507436047135,30.64474342847878,0.0,0.0,0.0,0.0,0.0,0.0,0.0,0.0,0.0,0.0
1714,4303.6963,34.18659,0.8030571,35.92235511199438,30.632729467310543,0.0,0.0,0.0,0.0,0.0,0.0,0.0,0.0,0.0,0.0
1715,4304.689,35.68415,0.81449914,35.941257917373875,30.620687448471283,0.0,0.0,0.0,0.0,0.0,0.0,0.0,0.0,0.0,0.0
1716,4305.6797,34.11231,0.8004874,35.957096752524684,30.608676609397243,0.0,0.0,0.0,0.0,0.0,0.0,0.0,0.0,0.0,0.0
1717,4306.6724,34.130222,0.8027231,35.96991819128144,30.596649587002872,0.0,0.0,0.0,0.0,0.0,0.0,0.0,0.0,0.0,0.0
1718,4307.663,35.579113,0.81422883,35.979669418654396,30.58465370210166,0.0,0.0,0.0,0.0,0.0,0.0,0.0,0.0,0.0,0.0
1719,4308.6543,36.17368,0.8295936,35.98638951517447,30.57265937067374,0.0,0.0,0.0,0.0,0.0,0.0,0.0,0.0,0.0,0.0
1720,4309.648,35.178143,0.81215006,35.99009921928547,30.560642985307194,0.0,0.0,0.0,0.0,0.0,0.0,0.0,0.0,0.0,0.0
1721,4310.639,34.721386,0.80667454,35.99081131999098,30.54866358820998,0.0,0.0,0.0,0.0,0.0,0.0,0.0,0.0,0.0,0.0
1722,4311.6333,35.63966,0.8206378,35.98857248332676,30.536656265522804,0.0,0.0,0.0,0.0,0.0,0.0,0.0,0.0,0.0,0.0
1723,4312.625,37.064575,0.84071064,35.98344567365946,30.524685888960978,0.0,0.0,0.0,0.0,0.0,0.0,0.0,0.0,0.0,0.0
1724,4313.6196,36.807556,0.8372654,35.97547429997918,30.512687625479675,0.0,0.0,0.0,0.0,0.0,0.0,0.0,0.0,0.0,0.0
1725,4314.612,36.521423,0.8392201,35.964777989504455,30.50072626602423,0.0,0.0,0.0,0.0,0.0,0.0,0.0,0.0,0.0,0.0
1726,4315.6045,37.915203,0.8528486,35.95142629908218,30.48876646326675,0.0,0.0,0.0,0.0,0.0,0.0,0.0,0.0,0.0,0.0
1727,4316.5996,37.32831,0.8500568,35.935484892532756,30.47678471247904,0.0,0.0,0.0,0.0,0.0,0.0,0.0,0.0,0.0,0.0
1728,4317.593,36.089203,0.83226514,35.917140672777336,30.46483392534081,0.0,0.0,0.0,0.0,0.0,0.0,0.0,0.0,0.0,0.0
1729,4318.5884,36.93067,0.8546193,35.89643564994488,30.452861221386524,0.0,0.0,0.0,0.0,0.0,0.0,0.0,0.0,0.0,0.0
1730,4319.5815,37.599445,0.8470234,35.873611641668674,30.440925312780738,0.0,0.0,0.0,0.0,0.0,0.0,0.0,0.0,0.0,0.0
1731,4320.5776,37.276096,0.8551278,35.84868992761539,30.42896164850162,0.0,0.0,0.0,0.0,0.0,0.0,0.0,0.0,0.0,0.0
1732,4321.572,37.468636,0.8556093,35.82194802606841,30.417028878576954,0.0,0.0,0.0,0.0,0.0,0.0,0.0,0.0,0.0,0.0
1733,4322.566,38.72093,0.875254,35.79350551637883,30.405103531210372,0.0,0.0,0.0,0.0,0.0,0.0,0.0,0.0,0.0,0.0
1734,4323.5625,38.920162,0.87719876,35.76345663416785,30.3931563411991,0.0,0.0,0.0,0.0,0.0,0.0,0.0,0.0,0.0,0.0
1735,4324.557,39.384865,0.8830841,35.732117275048175,30.381239990044513,0.0,0.0,0.0,0.0,0.0,0.0,0.0,0.0,0.0,0.0
1736,4325.5547,39.13877,0.8899342,35.69951620529005,30.369295982816904,0.0,0.0,0.0,0.0,0.0,0.0,0.0,0.0,0.0,0.0
1737,4326.55,38.855545,0.88552266,35.666018617659105,30.357388628035082,0.0,0.0,0.0,0.0,0.0,0.0,0.0,0.0,0.0,0.0
1738,4327.5474,39.61698,0.90178245,35.63165810871224,30.345459492684405,0.0,0.0,0.0,0.0,0.0,0.0,0.0,0.0,0.0,0.0
1739,4328.543,39.952904,0.90981114,35.596780960526296,30.333561127152272,0.0,0.0,0.0,0.0,0.0,0.0,0.0,0.0,0.0,0.0
1740,4329.539,41.26229,0.9206549,35.56150340879316,30.32166433179731,0.0,0.0,0.0,0.0,0.0,0.0,0.0,0.0,0.0,0.0
1741,4330.537,39.69962,0.90340346,35.52597010377218,30.30975163224508,0.0,0.0,0.0,0.0,0.0,0.0,0.0,0.0,0.0,0.0
1742,4331.533,38.94964,0.9024496,35.49051853486168,30.2978696472274,0.0,0.0,0.0,0.0,0.0,0.0,0.0,0.0,0.0,0.0
1743,4332.5327,39.494972,0.9054946,35.45515616810761,30.285954317216497,0.0,0.0,0.0,0.0,0.0,0.0,0.0,0.0,0.0,0.0
1744,4333.5293,39.323368,0.8940113,35.420295797873464,30.274081312705007,0.0,0.0,0.0,0.0,0.0,0.0,0.0,0.0,0.0,0.0
1745,4334.5283,40.25293,0.9065159,35.38593970302022,30.26218663218892,0.0,0.0,0.0,0.0,0.0,0.0,0.0,0.0,0.0,0.0
1746,4335.5254,41.35152,0.9162032,35.352420585564374,30.250322597435712,0.0,0.0,0.0,0.0,0.0,0.0,0.0,0.0,0.0,0.0
1747,4336.5234,41.62736,0.9075536,35.31981228717095,30.238454331238326,0.0,0.0,0.0,0.0,0.0,0.0,0.0,0.0,0.0,0.0
1748,4337.523,41.357975,0.917889,35.28826923954503,30.226576048016707,0.0,0.0,0.0,0.0,0.0,0.0,0.0,0.0,0.0,0.0
1749,4338.521,41.06341,0.91800773,35.25803844557823,30.214722558127058,0.0,0.0,0.0,0.0,0.0,0.0,0.0,0.0,0.0,0.0
1750,4339.5215,40.837166,0.89993405,35.2291488567612,30.202847472789035,0.0,0.0,0.0,0.0,0.0,0.0,0.0,0.0,0.0,0.0
1751,4340.52,40.419777,0.8978095,35.20186244052553,30.191002951084617,0.0,0.0,0.0,0.0,0.0,0.0,0.0,0.0,0.0,0.0
1752,4341.5205,40.39278,0.8894325,35.17619484385486,30.179142651166874,0.0,0.0,0.0,0.0,0.0,0.0,0.0,0.0,0.0,0.0
1753,4342.5195,39.48187,0.8854078,35.1523396489437,30.16730709050254,0.0,0.0,0.0,0.0,0.0,0.0,0.0,0.0,0.0,0.0
1754,4343.5186,39.583275,0.871675,35.130352435185955,30.155478892400307,0.0,0.0,0.0,0.0,0.0,0.0,0.0,0.0,0.0,0.0
1755,4344.52,39.991283,0.8954901,35.1102648759466,30.143629171906067,0.0,0.0,0.0,0.0,0.0,0.0,0.0,0.0,0.0,0.0
1756,4345.5195,39.33409,0.8770723,35.09222576608208,30.13180992593315,0.0,0.0,0.0,0.0,0.0,0.0,0.0,0.0,0.0,0.0
1757,4346.5215,39.951084,0.8889273,35.076205550618745,30.11996918816147,0.0,0.0,0.0,0.0,0.0,0.0,0.0,0.0,0.0,0.0
1758,4347.5215,40.01694,0.8901311,35.06230527595712,30.10815889076425,0.0,0.0,0.0,0.0,0.0,0.0,0.0,0.0,0.0,0.0
1759,4348.524,39.82675,0.8890117,35.05047637833361,30.09632713211779,0.0,0.0,0.0,0.0,0.0,0.0,0.0,0.0,0.0,0.0
1760,4349.5244,40.00712,0.88425326,35.04076977158583,30.084525779734022,0.0,0.0,0.0,0.0,0.0,0.0,0.0,0.0,0.0,0.0
1761,4350.525,40.426834,0.89978445,35.03313759412523,30.072731767556625,0.0,0.0,0.0,0.0,0.0,0.0,0.0,0.0,0.0,0.0
1762,4351.5283,40.36442,0.8902818,35.02752769305711,30.060910585665752,0.0,0.0,0.0,0.0,0.0,0.0,0.0,0.0,0.0,0.0
1763,4352.5293,39.496666,0.8812093,35.02391846687577,30.049125509569865,0.0,0.0,0.0,0.0,0.0,0.0,0.0,0.0,0.0,0.0
1764,4353.5327,38.97044,0.8788659,35.02221713517485,30.0373190448123,0.0,0.0,0.0,0.0,0.0,0.0,0.0,0.0,0.0,0.0
1765,4354.5347,38.304764,0.87450665,35.0223485476951,30.025537157772007,0.0,0.0,0.0,0.0,0.0,0.0,0.0,0.0,0.0,0.0
1766,4355.5386,38.961334,0.87265944,35.024207662052014,30.01373965591798,0.0,0.0,0.0,0.0,0.0,0.0,0.0,0.0,0.0,0.0
1767,4356.5405,39.328594,0.8836665,35.02767109947526,30.001972437671064,0.0,0.0,0.0,0.0,0.0,0.0,0.0,0.0,0.0,0.0
1768,4357.543,37.91291,0.8619281,35.032610506116626,29.9902068081491,0.0,0.0,0.0,0.0,0.0,0.0,0.0,0.0,0.0,0.0
1769,4358.548,38.31983,0.87021613,35.03889712621258,29.97841986943768,0.0,0.0,0.0,0.0,0.0,0.0,0.0,0.0,0.0,0.0
1770,4359.5503,38.37774,0.8696243,35.04634170246004,29.96666888904451,0.0,0.0,0.0,0.0,0.0,0.0,0.0,0.0,0.0,0.0
1771,4360.5557,39.29438,0.8826542,35.05481403800418,29.954890904154084,0.0,0.0,0.0,0.0,0.0,0.0,0.0,0.0,0.0,0.0
1772,4361.5586,38.52,0.859608,35.064090475513034,29.9431488365665,0.0,0.0,0.0,0.0,0.0,0.0,0.0,0.0,0.0,0.0
1773,4362.565,36.93584,0.85767776,35.07403709252199,29.931374090507834,0.0,0.0,0.0,0.0,0.0,0.0,0.0,0.0,0.0,0.0
1774,4363.5684,37.24633,0.8565691,35.08439389587836,29.91964093567328,0.0,0.0,0.0,0.0,0.0,0.0,0.0,0.0,0.0,0.0
1775,4364.572,37.676033,0.8619951,35.094986876673616,29.90791507644168,0.0,0.0,0.0,0.0,0.0,0.0,0.0,0.0,0.0,0.0
1776,4365.5786,36.260956,0.84969276,35.105642132634934,29.896156601781662,0.0,0.0,0.0,0.0,0.0,0.0,0.0,0.0,0.0,0.0
1777,4366.583,35.643764,0.83999455,35.11608525180096,29.884433945648617,0.0,0.0,0.0,0.0,0.0,0.0,0.0,0.0,0.0,0.0
1778,4367.59,35.451553,0.83579975,35.12615051995852,29.87269011270144,0.0,0.0,0.0,0.0,0.0,0.0,0.0,0.0,0.0,0.0
1779,4368.594,35.36206,0.8315832,35.13557158889482,29.8609820503206,0.0,0.0,0.0,0.0,0.0,0.0,0.0,0.0,0.0,0.0
1780,4369.602,35.626774,0.8392853,35.14418336329115,29.8492414611305,0.0,0.0,0.0,0.0,0.0,0.0,0.0,0.0,0.0,0.0
1781,4370.6074,35.404793,0.8283749,35.151719843944846,29.83753660877639,0.0,0.0,0.0,0.0,0.0,0.0,0.0,0.0,0.0,0.0
1782,4371.6123,33.797993,0.8194098,35.157984685145045,29.825844716272975,0.0,0.0,0.0,0.0,0.0,0.0,0.0,0.0,0.0,0.0
1783,4372.6206,34.385437,0.8179258,35.16278941182778,29.814120359703757,0.0,0.0,0.0,0.0,0.0,0.0,0.0,0.0,0.0,0.0
1784,4373.6265,34.463486,0.8204806,35.16589746129803,29.802431675317806,0.0,0.0,0.0,0.0,0.0,0.0,0.0,0.0,0.0,0.0
1785,4374.6353,33.70889,0.8164251,35.16712577752162,29.790716246881974,0.0,0.0,0.0,0.0,0.0,0.0,0.0,0.0,0.0,0.0
1786,4375.6416,33.978146,0.8194184,35.166275906095336,29.779036449918575,0.0,0.0,0.0,0.0,0.0,0.0,0.0,0.0,0.0,0.0
1787,4376.651,33.975044,0.8155407,35.16315771614368,29.767329945910525,0.0,0.0,0.0,0.0,0.0,0.0,0.0,0.0,0.0,0.0
1788,4377.657,33.56359,0.8095228,35.157618864986276,29.755664690944524,0.0,0.0,0.0,0.0,0.0,0.0,0.0,0.0,0.0,0.0
1789,4378.6665,34.277992,0.83321494,35.14946411091316,29.743972758831855,0.0,0.0,0.0,0.0,0.0,0.0,0.0,0.0,0.0,0.0
1790,4379.6743,34.069168,0.8120909,35.13857175679203,29.7323050674915,0.0,0.0,0.0,0.0,0.0,0.0,0.0,0.0,0.0,0.0
1791,4380.6816,32.658657,0.8155534,35.12480220020571,29.720650283701804,0.0,0.0,0.0,0.0,0.0,0.0,0.0,0.0,0.0,0.0
1792,4381.692,32.229813,0.8825071,35.10797238731317,29.70896888160638,0.0,0.0,0.0,0.0,0.0,0.0,0.0,0.0,0.0,0.0
1793,4382.6997,33.72717,0.8786977,35.08805763792198,29.697322965375594,0.0,0.0,0.0,0.0,0.0,0.0,0.0,0.0,0.0,0.0
1794,4383.7104,33.406296,0.81875974,35.06485187986236,29.685650467661432,0.0,0.0,0.0,0.0,0.0,0.0,0.0,0.0,0.0,0.0
1795,4384.7188,32.60044,0.7982737,35.038393298124305,29.67401341531181,0.0,0.0,0.0,0.0,0.0,0.0,0.0,0.0,0.0,0.0
1796,4385.73,32.223434,0.80397874,35.00846826841468,29.662349818249886,0.0,0.0,0.0,0.0,0.0,0.0,0.0,0.0,0.0,0.0
1797,4386.7393,32.226944,0.79514277,34.975164584996946,29.65071599948669,0.0,0.0,0.0,0.0,0.0,0.0,0.0,0.0,0.0,0.0
1798,4387.7485,32.54787,0.80433035,34.93838865847993,29.639089418367625,0.0,0.0,0.0,0.0,0.0,0.0,0.0,0.0,0.0,0.0
1799,4388.7603,33.342308,0.8140004,34.89801749406928,29.627441970692814,0.0,0.0,0.0,0.0,0.0,0.0,0.0,0.0,0.0,0.0
1800,4389.77,32.45546,0.8106003,34.854214693442714,29.61582424773348,0.0,0.0,0.0,0.0,0.0,0.0,0.0,0.0,0.0,0.0
1801,4390.7827,32.97164,0.81703645,34.80676958712696,29.60418007525562,0.0,0.0,0.0,0.0,0.0,0.0,0.0,0.0,0.0,0.0
1802,4391.7925,32.6872,0.8339797,34.75598033039803,29.59257681935067,0.0,0.0,0.0,0.0,0.0,0.0,0.0,0.0,0.0,0.0
1803,4392.805,32.16045,0.8191808,34.70158837506352,29.58094714352666,0.0,0.0,0.0,0.0,0.0,0.0,0.0,0.0,0.0,0.0
1804,4393.816,33.132355,0.82986104,34.64390299961944,29.569347125748596,0.0,0.0,0.0,0.0,0.0,0.0,0.0,0.0,0.0,0.0
1805,4394.8267,32.70403,0.8135858,34.58288745635541,29.557754323420834,0.0,0.0,0.0,0.0,0.0,0.0,0.0,0.0,0.0,0.0
1806,4395.84,32.5647,0.8063276,34.51845654286512,29.546140754596074,0.0,0.0,0.0,0.0,0.0,0.0,0.0,0.0,0.0,0.0
1807,4396.851,31.698984,0.7960966,34.450983449082386,29.53455679045201,0.0,0.0,0.0,0.0,0.0,0.0,0.0,0.0,0.0,0.0
1808,4397.865,31.868378,0.79703987,34.38023676905783,29.52294650111349,0.0,0.0,0.0,0.0,0.0,0.0,0.0,0.0,0.0,0.0
1809,4398.877,32.513565,0.80093426,34.30670332985996,29.5113713749039,0.0,0.0,0.0,0.0,0.0,0.0,0.0,0.0,0.0,0.0
1810,4399.891,31.836376,0.8017586,34.23015607627087,29.49977554114514,0.0,0.0,0.0,0.0,0.0,0.0,0.0,0.0,0.0,0.0
1811,4400.9033,31.362122,0.7923552,34.15105724141527,29.48820924565722,0.0,0.0,0.0,0.0,0.0,0.0,0.0,0.0,0.0,0.0
1812,4401.916,32.397343,0.8039408,34.06936889244912,29.47664456917641,0.0,0.0,0.0,0.0,0.0,0.0,0.0,0.0,0.0,0.0
1813,4402.931,31.065256,0.7899293,33.98507208823517,29.465059232705386,0.0,0.0,0.0,0.0,0.0,0.0,0.0,0.0,0.0,0.0
1814,4403.944,30.696444,0.783497,33.89873419442762,29.45350895562757,0.0,0.0,0.0,0.0,0.0,0.0,0.0,0.0,0.0,0.0
1815,4404.9595,31.883379,0.7980427,33.81006602200607,29.44193247708419,0.0,0.0,0.0,0.0,0.0,0.0,0.0,0.0,0.0,0.0
1816,4405.973,32.141747,0.8056833,33.71966348787862,29.43038545748311,0.0,0.0,0.0,0.0,0.0,0.0,0.0,0.0,0.0,0.0
1817,4406.989,32.054237,0.81742907,33.62735620369833,29.418823393487145,0.0,0.0,0.0,0.0,0.0,0.0,0.0,0.0,0.0,0.0
1818,4408.0024,32.756073,0.831815,33.53368549713156,29.40729074844381,0.0,0.0,0.0,0.0,0.0,0.0,0.0,0.0,0.0,0.0
1819,4409.0166,33.2314,0.8409369,33.438614510459736,29.395759724540547,0.0,0.0,0.0,0.0,0.0,0.0,0.0,0.0,0.0,0.0
1820,4410.0337,32.30849,0.8201886,33.34210073305714,29.384202593103524,0.0,0.0,0.0,0.0,0.0,0.0,0.0,0.0,0.0,0.0
1821,4411.048,31.53742,0.80837446,33.244891661992234,29.372685927739305,0.0,0.0,0.0,0.0,0.0,0.0,0.0,0.0,0.0,0.0
1822,4412.065,32.33279,0.8000343,33.14662225279497,29.36114318403887,0.0,0.0,0.0,0.0,0.0,0.0,0.0,0.0,0.0,0.0
1823,4413.0796,31.850452,0.8016907,33.04800505794281,29.34963531650299,0.0,0.0,0.0,0.0,0.0,0.0,0.0,0.0,0.0,0.0
1824,4414.0977,30.160587,0.77878773,32.94866701991743,29.338095873906077,0.0,0.0,0.0,0.0,0.0,0.0,0.0,0.0,0.0,0.0
1825,4415.1133,30.412748,0.77731127,32.849375507624444,29.326591274531182,0.0,0.0,0.0,0.0,0.0,0.0,0.0,0.0,0.0,0.0
1826,4416.129,32.0694,0.7995677,32.75008614452402,29.315093831139006,0.0,0.0,0.0,0.0,0.0,0.0,0.0,0.0,0.0,0.0
1827,4417.147,31.828876,0.84690917,32.65075533818757,29.303575925345775,0.0,0.0,0.0,0.0,0.0,0.0,0.0,0.0,0.0,0.0
1828,4418.163,29.645199,0.78156966,32.552001195141514,29.29208727378531,0.0,0.0,0.0,0.0,0.0,0.0,0.0,0.0,0.0,0.0
1829,4419.182,31.562923,0.79218113,32.45353891513236,29.280572673295815,0.0,0.0,0.0,0.0,0.0,0.0,0.0,0.0,0.0,0.0
1830,4420.1987,30.905596,0.7965731,32.35607554025512,29.269092813204338,0.0,0.0,0.0,0.0,0.0,0.0,0.0,0.0,0.0,0.0
1831,4421.218,30.465624,0.78868616,32.259325375008444,29.257592548775534,0.0,0.0,0.0,0.0,0.0,0.0,0.0,0.0,0.0,0.0
1832,4422.235,30.0603,0.77857757,32.1638839908467,29.246121472917626,0.0,0.0,0.0,0.0,0.0,0.0,2.1e-44,0.0,0.0,0.0
1833,4423.253,30.198872,0.7850498,32.069648234332654,29.234646527255627,0.0,0.0,0.0,0.0,0.0,0.0,2.1e-44,0.0,0.0,0.0
1834,4424.2725,31.193993,0.78765947,31.97674875851177,29.223162227826347,0.0,0.0,0.0,0.0,0.0,0.0,4.2e-44,0.0,0.0,0.0
1835,4425.29,30.213253,0.8235908,31.885661789671367,29.211707064405864,0.0,0.0,0.0,0.0,0.0,0.0,6.3e-44,0.0,0.0,0.0
1836,4426.3105,29.7833,0.82555854,31.796112304439266,29.200226073970516,0.0,0.0,0.0,0.0,0.0,0.0,1.05e-43,0.0,0.0,0.0
1837,4427.329,31.046232,0.7876135,31.7086866749734,29.188774193665417,0.0,0.0,0.0,0.0,0.0,0.0,1.68e-43,0.0,0.0,0.0
1838,4428.35,31.538687,0.79832447,31.623158107999867,29.177302013639515,0.0,0.0,0.0,0.0,0.0,0.0,2.73e-43,0.0,0.0,0.0
1839,4429.3687,30.584625,0.7915648,31.540081664179237,29.165864392374427,0.0,0.0,0.0,0.0,0.0,0.0,4.2e-43,0.0,0.0,0.0
1840,4430.387,29.751505,0.7746065,31.459386266032574,29.154433882991192,0.0,0.0,0.0,0.0,0.0,0.0,6.73e-43,0.0,0.0,0.0
1841,4431.409,29.752565,0.77902305,31.38094632469104,29.14297215782092,0.0,0.0,0.0,0.0,0.0,0.0,1.093e-42,0.0,0.0,0.0
1842,4432.4287,29.327452,0.7757059,31.305342304645343,29.131544935642047,0.0,0.0,0.0,0.0,0.0,0.0,1.764e-42,0.0,0.0,0.0
1843,4433.4507,29.903938,0.77259105,31.232332313143882,29.12009748228756,0.0,0.0,0.0,0.0,0.0,0.0,2.815e-42,0.0,0.0,0.0
1844,4434.4707,29.43379,0.78044367,31.162347281968096,29.108679021393755,0.0,0.0,0.0,0.0,0.0,0.0,4.495e-42,0.0,0.0,0.0
1845,4435.4937,29.191252,0.77111185,31.095165066261682,29.097234897156152,0.0,0.0,0.0,0.0,0.0,0.0,7.205e-42,0.0,0.0,0.0
1846,4436.5137,31.033245,0.796012,31.031271542985778,29.08583065458093,0.0,0.0,0.0,0.0,0.0,0.0,1.149e-41,0.0,0.0,0.0
1847,4437.534,31.006083,0.788932,30.970538701675174,29.074428047797916,0.0,0.0,0.0,0.0,0.0,0.0,1.8318e-41,0.0,0.0,0.0
1848,4438.557,30.537165,0.78113323,30.91295308831849,29.063005278145454,0.0,0.0,0.0,0.0,0.0,0.0,2.922e-41,0.0,0.0,0.0
1849,4439.5786,30.759586,0.7867019,30.858823805300315,29.05160596892031,0.0,0.0,0.0,0.0,0.0,0.0,4.6508e-41,0.0,0.0,0.0
1850,4440.6025,30.23635,0.78032756,30.808026083203515,29.04018653223153,0.0,0.0,0.0,0.0,0.0,0.0,7.4026e-41,0.0,0.0,0.0
1851,4441.624,29.860056,0.7733335,30.7608736522429,29.028801418089152,0.0,0.0,0.0,0.0,0.0,0.0,1.17551e-40,0.0,0.0,0.0
1852,4442.6484,30.635654,0.78646654,30.717186841732964,29.01739076114367,0.0,0.0,0.0,0.0,0.0,0.0,1.86705e-40,0.0,0.0,0.0
1853,4443.6704,29.914957,0.7852722,30.677256624605402,29.006014387514337,0.0,0.0,0.0,0.0,0.0,0.0,2.95895e-40,0.0,0.0,0.0
1854,4444.6924,31.903929,0.8001004,30.6410274204256,28.994645088577457,0.0,0.0,0.0,0.0,0.0,0.0,4.68441e-40,0.0,0.0,0.0
1855,4445.7173,30.94138,0.7883735,30.608459270259296,28.983250296374713,0.0,0.0,0.0,0.0,0.0,0.0,7.4169e-40,0.0,0.0,0.0
1856,4446.7397,29.9157,0.76989233,30.579765668566388,28.97188972538249,0.0,0.0,0.0,0.0,0.0,0.0,1.171732e-39,0.0,0.0,0.0
1857,4447.7656,30.88642,0.78866696,30.5548242954145,28.960498276127392,0.0,0.0,0.0,0.0,0.0,0.0,1.851854e-39,0.0,0.0,0.0
1858,4448.789,31.413815,0.7916198,30.533811678595494,28.94914101571555,0.0,0.0,0.0,0.0,0.0,0.0,2.920277e-39,0.0,0.0,0.0
1859,4449.8145,29.1318,0.7603006,30.5166586553405,28.93776916616661,0.0,0.0,0.0,0.0,0.0,0.0,4.603934e-39,0.0,0.0,0.0
1860,4450.8384,29.501478,0.77493465,30.50344294674447,28.926420632672816,0.0,0.0,0.0,0.0,0.0,0.0,7.245268e-39,0.0,0.0,0.0
1861,4451.8623,30.14199,0.76389164,30.494149845951828,28.91507915865782,0.0,0.0,0.0,0.0,0.0,0.0,1.1388931e-38,0.0,0.0,0.0
1862,4452.8887,29.773699,0.7826792,30.488776291117244,28.9037177212091,0.0,0.0,0.0,0.0,0.0,0.0,1.7901603e-38,0.0,0.0,0.0
1863,4453.913,29.787378,0.76456565,30.487348277047325,28.892384964898277,0.0,0.0,0.0,0.0,0.0,0.0,2.8082503e-38,0.0,0.0,0.0
1864,4454.94,30.758541,0.78227085,30.489857361028196,28.881032273480894,0.0,0.0,0.0,0.0,0.0,0.0,4.4050392e-38,0.0,0.0,0.0
1865,4455.965,29.713833,0.7675153,30.4962848930294,28.869708230965802,0.0,0.0,0.0,0.0,0.0,0.0,6.895924e-38,0.0,0.0,0.0
1866,4456.992,29.881397,0.7623974,30.506643710112648,28.858364281630593,0.0,0.0,0.0,0.0,0.0,0.0,1.0794732e-37,0.0,0.0,0.0
1867,4458.018,30.724466,0.7736474,30.52087705183707,28.84704356241904,0.0,0.0,0.0,0.0,0.0,0.0,1.6867832e-37,0.0,0.0,0.0
1868,4459.046,30.25464,0.7692695,30.539007042502494,28.83570835456762,0.0,0.0,0.0,0.0,0.0,0.0,2.6349803e-37,0.0,0.0,0.0
1869,4460.072,29.700563,0.7613858,30.560930962310646,28.824401731239174,0.0,0.0,0.0,0.0,0.0,0.0,4.108035e-37,0.0,0.0,0.0
1870,4461.0977,30.828255,0.7735679,30.586639060694264,28.81310214014678,0.0,0.0,0.0,0.0,0.0,0.0,6.397305e-37,0.0,0.0,0.0
1871,4462.127,30.949558,0.774706,30.616192186307632,28.80177196307155,0.0,0.0,0.0,0.0,0.0,0.0,9.96558e-37,0.0,0.0,0.0
1872,4463.1533,30.488573,0.7737084,30.649357419581804,28.790481072039995,0.0,0.0,0.0,0.0,0.0,0.0,1.548701e-36,0.0,0.0,0.0
1873,4464.182,30.545221,0.79143333,30.686251377479856,28.779170369522397,0.0,0.0,0.0,0.0,0.0,0.0,2.4065205e-36,0.0,0.0,0.0
1874,4465.209,30.263319,0.8082692,30.726654628351575,28.767888167932874,0.0,0.0,0.0,0.0,0.0,0.0,3.732129e-36,0.0,0.0,0.0
1875,4466.239,30.147394,0.8115789,30.770697825646124,28.75658082315894,0.0,0.0,0.0,0.0,0.0,0.0,5.788555e-36,0.0,0.0,0.0
1876,4467.2666,30.902657,0.82723933,30.818103305491412,28.74530195394417,0.0,0.0,0.0,0.0,0.0,0.0,8.960293e-36,0.0,0.0,0.0
1877,4468.294,30.666283,0.80395424,30.86884828675165,28.734035454872988,0.0,0.0,0.0,0.0,0.0,0.0,1.3851317e-35,0.0,0.0,0.0
1878,4469.324,30.828571,0.793605,30.923028580828213,28.72274386136105,0.0,0.0,0.0,0.0,0.0,0.0,2.1414257e-35,0.0,0.0,0.0
1879,4470.353,31.350063,0.7912195,30.9803304405223,28.711475345612634,0.0,0.0,0.0,0.0,0.0,0.0,3.3048077e-35,0.0,0.0,0.0
1880,4471.384,31.466349,0.8006323,31.04085208807212,28.700192469694436,0.0,0.0,0.0,0.0,0.0,0.0,5.098631e-35,0.0,0.0,0.0
1881,4472.412,31.06993,0.78147227,31.104232966271805,28.68894332584517,0.0,0.0,0.0,0.0,0.0,0.0,7.848981e-35,0.0,0.0,0.0
1882,4473.444,31.223568,0.7891998,31.170733707528523,28.67766382036727,0.0,0.0,0.0,0.0,0.0,0.0,1.2086457e-34,0.0,0.0,0.0
1883,4474.473,32.891808,0.8005533,31.239870010874892,28.666418015025283,0.0,0.0,0.0,0.0,0.0,0.0,1.8571355e-34,0.0,0.0,0.0
1884,4475.502,32.48856,0.7956191,31.311646250354272,28.65518453465603,0.0,0.0,0.0,0.0,0.0,0.0,2.8497388e-34,0.0,0.0,0.0
1885,4476.534,32.42093,0.7916828,31.386227698831973,28.643920751123844,0.0,0.0,0.0,0.0,0.0,0.0,4.374038e-34,0.0,0.0,0.0
1886,4477.5645,32.72338,0.7986488,31.463108161692357,28.632685283426976,0.0,0.0,0.0,0.0,0.0,0.0,6.7005194e-34,0.0,0.0,0.0
1887,4478.5967,32.33336,0.78493106,31.542448405066803,28.621435526648835,0.0,0.0,0.0,0.0,0.0,0.0,1.0260896e-33,0.0,0.0,0.0
1888,4479.627,31.326984,0.7827584,31.62381725767354,28.61021404722432,0.0,0.0,0.0,0.0,0.0,0.0,1.5682566e-33,0.0,0.0,0.0
1889,4480.66,31.351355,0.7887959,31.707467670563148,28.59896766674845,0.0,0.0,0.0,0.0,0.0,0.0,2.3970233e-33,0.0,0.0,0.0
1890,4481.691,31.103848,0.8210971,31.792824390327294,28.58775484839614,0.0,0.0,0.0,0.0,0.0,0.0,3.6558605e-33,0.0,0.0,0.0
1891,4482.722,31.980356,0.93054146,31.879983790663633,28.576543696669493,0.0,0.0,0.0,0.0,0.0,0.0,5.5705252e-33,0.0,0.0,0.0
1892,4483.7554,32.885845,1.0274452,31.96892781970497,28.56531830546852,0.0,0.0,0.0,0.0,0.0,0.0,8.484968e-33,0.0,0.0,0.0
1893,4484.787,32.024998,0.9771214,32.059214628564746,28.55411580883208,0.0,0.0,0.0,0.0,0.0,0.0,1.290166e-32,0.0,0.0,0.0
1894,4485.8213,30.011517,0.88883334,32.151037365125546,28.542893797086606,0.0,0.0,0.0,0.0,0.0,0.0,1.9614084e-32,0.0,0.0,0.0
1895,4486.8535,30.752539,0.84885496,32.243852435912096,28.531699954832995,0.0,0.0,0.0,0.0,0.0,0.0,2.9761093e-32,0.0,0.0,0.0
1896,4487.888,32.13476,0.9102538,32.33790114732298,28.520486625151957,0.0,0.0,0.0,0.0,0.0,0.0,4.514956e-32,0.0,0.0,0.0
1897,4488.9204,31.133274,0.9292393,32.43258290611527,28.509306720125892,0.0,0.0,0.0,0.0,0.0,0.0,6.8349766e-32,0.0,0.0,0.0
1898,4489.953,31.416021,0.8463919,32.528006145667455,28.498128483008763,0.0,0.0,0.0,0.0,0.0,0.0,1.0337123e-31,0.0,0.0,0.0
1899,4490.989,32.661243,0.80929774,32.62424222011798,28.48692551632159,0.0,0.0,0.0,0.0,0.0,0.0,1.5633961e-31,0.0,0.0,0.0
1900,4492.022,32.204113,0.78853023,32.72063325866425,28.47575592025483,0.0,0.0,0.0,0.0,0.0,0.0,2.359467e-31,0.0,0.0,0.0
1901,4493.0576,32.872276,0.7881363,32.81747885164209,28.46456690248438,0.0,0.0,0.0,0.0,0.0,0.0,3.56024e-31,0.0,0.0,0.0
1902,4494.0913,32.37417,0.7959373,32.91420944891641,28.45340594015786,0.0,0.0,0.0,0.0,0.0,0.0,5.3617476e-31,0.0,0.0,0.0
1903,4495.128,33.342705,0.80380523,33.0111266237501,28.44222031652964,0.0,0.0,0.0,0.0,0.0,0.0,8.074831e-31,0.0,0.0,0.0
1904,4496.1616,33.576313,0.8094723,33.10752588777327,28.43107325105452,0.0,0.0,0.0,0.0,0.0,0.0,1.2132581e-30,0.0,0.0,0.0
1905,4497.1963,33.363182,0.8088074,33.203623537114964,28.419922594121804,0.0,0.0,0.0,0.0,0.0,0.0,1.8215526e-30,0.0,0.0,0.0
1906,4498.2334,34.924564,0.8167328,33.299404290413605,28.408752587532746,0.0,0.0,0.0,0.0,0.0,0.0,2.7342862e-30,0.0,0.0,0.0
1907,4499.268,36.180485,0.8222309,33.39426603381462,28.39761581485099,0.0,0.0,0.0,0.0,0.0,0.0,4.0956725e-30,0.0,0.0,0.0
1908,4500.305,35.011627,0.81842047,33.48851764721296,28.38645971340559,0.0,0.0,0.0,0.0,0.0,0.0,6.133574e-30,0.0,0.0,0.0
1909,4501.341,35.688454,0.8302739,33.58165994354496,28.375326306307418,0.0,0.0,0.0,0.0,0.0,0.0,9.1697286e-30,0.0,0.0,0.0
1910,4502.379,36.151814,0.8430395,33.67390556468618,28.364173604389546,0.0,0.0,0.0,0.0,0.0,0.0,1.3705766e-29,0.0,0.0,0.0
1911,4503.4146,35.27657,0.8564211,33.7646932739184,28.35305406035639,0.0,0.0,0.0,0.0,0.0,0.0,2.0442576e-29,0.0,0.0,0.0
1912,4504.4507,34.447746,0.8340534,33.85415562215454,28.34193619313843,0.0,0.0,0.0,0.0,0.0,0.0,3.0460977e-29,0.0,0.0,0.0
1913,4505.4893,34.06514,0.80845416,33.942335094851444,28.330799068850464,0.0,0.0,0.0,0.0,0.0,0.0,4.5379107e-29,0.0,0.0,0.0
1914,4506.5254,34.933903,0.8124938,34.02869706028183,28.319695042306975,0.0,0.0,0.0,0.0,0.0,0.0,6.746215e-29,0.0,0.0,0.0
1915,4507.565,35.173286,0.81181866,34.11362504814734,28.308561323629515,0.0,0.0,0.0,0.0,0.0,0.0,1.0030533e-28,0.0,0.0,0.0
1916,4508.602,35.085453,0.8140985,34.19652855004913,28.297460671325986,0.0,0.0,0.0,0.0,0.0,0.0,1.4882527e-28,0.0,0.0,0.0
1917,4509.6416,35.07256,0.82003516,34.277700527214144,28.286340816520784,0.0,0.0,0.0,0.0,0.0,0.0,2.207632e-28,0.0,0.0,0.0
1918,4510.679,34.939877,0.82443833,34.35670590362965,28.27524876556813,0.0,0.0,0.0,0.0,0.0,0.0,3.2685234e-28,0.0,0.0,0.0
1919,4511.717,34.89586,0.82246065,34.43361771166519,28.264163613917386,0.0,0.0,0.0,0.0,0.0,0.0,4.8335878e-28,0.0,0.0,0.0
1920,4512.7573,35.622856,0.81332374,34.50856298534657,28.253054085657848,0.0,0.0,0.0,0.0,0.0,0.0,7.147614e-28,0.0,0.0,0.0
1921,4513.7954,35.565403,0.8229085,34.581083608915456,28.241977525999197,0.0,0.0,0.0,0.0,0.0,0.0,1.0547381e-27,0.0,0.0,0.0
1922,4514.836,34.99377,0.8175237,34.65145553996578,28.230881828570514,0.0,0.0,0.0,0.0,0.0,0.0,1.5560333e-27,0.0,0.0,0.0
1923,4515.8745,34.956917,0.83675396,34.71932271130898,28.219813853581933,0.0,0.0,0.0,0.0,0.0,0.0,2.2912621e-27,0.0,0.0,0.0
1924,4516.9165,36.03565,0.86114055,34.784984089819886,28.208716370551087,0.0,0.0,0.0,0.0,0.0,0.0,3.374197e-27,0.0,0.0,0.0
1925,4517.955,37.127735,0.85230446,34.847960296672795,28.197662178081487,0.0,0.0,0.0,0.0,0.0,0.0,4.9568684e-27,0.0,0.0,0.0
1926,4518.9946,35.01392,0.8167635,34.90849349129688,28.18660447228443,0.0,0.0,0.0,0.0,0.0,0.0,7.276035e-27,0.0,0.0,0.0
1927,4520.0366,36.042637,0.8162012,34.966625340681105,28.175527699689898,0.0,0.0,0.0,0.0,0.0,0.0,1.0677457e-26,0.0,0.0,0.0
1928,4521.0767,35.89136,0.8307063,35.02208498578915,28.16447857480892,0.0,0.0,0.0,0.0,0.0,0.0,1.563937e-26,0.0,0.0,0.0
1929,4522.119,34.532207,0.81322426,35.07508704590187,28.153410410159683,0.0,0.0,0.0,0.0,0.0,0.0,2.290066e-26,0.0,0.0,0.0
1930,4523.159,35.753925,0.81426835,35.125371505172566,28.142375041396928,0.0,0.0,0.0,0.0,0.0,0.0,3.346446e-26,0.0,0.0,0.0
1931,4524.202,35.92126,0.8135072,35.17319274705957,28.1313154773147,0.0,0.0,0.0,0.0,0.0,0.0,4.8895805e-26,0.0,0.0,0.0
1932,4525.243,34.69047,0.8094313,35.21832312578383,28.120283498708638,0.0,0.0,0.0,0.0,0.0,0.0,7.130899e-26,0.0,0.0,0.0
1933,4526.284,35.64183,0.8219358,35.2608563591706,28.10925838248603,0.0,0.0,0.0,0.0,0.0,0.0,1.0387396e-25,0.0,0.0,0.0
1934,4527.3276,35.554096,0.8131257,35.30089726261375,28.098214290659406,0.0,0.0,0.0,0.0,0.0,0.0,1.5126665e-25,0.0,0.0,0.0
1935,4528.3696,34.07648,0.80486685,35.338305509237756,28.087192571310506,0.0,0.0,0.0,0.0,0.0,0.0,2.1990624e-25,0.0,0.0,0.0
1936,4529.4136,34.03205,0.7972168,35.37322089719293,28.07615706967828,0.0,0.0,0.0,0.0,0.0,0.0,3.1954325e-25,0.0,0.0,0.0
1937,4530.456,34.561573,0.7973518,35.40555081061622,28.06514391593238,0.0,0.0,0.0,0.0,0.0,0.0,4.6353373e-25,0.0,0.0,0.0
1938,4531.5005,34.397728,0.82018167,35.43542555593105,28.05411700032802,0.0,0.0,0.0,0.0,0.0,0.0,6.7208765e-25,0.0,0.0,0.0
1939,4532.543,34.870846,0.8218248,35.462767159386296,28.04311755840363,0.0,0.0,0.0,0.0,0.0,0.0,9.726508e-25,0.0,0.0,0.0
1940,4533.588,36.074673,0.827824,35.487715695595995,28.032099221444387,0.0,0.0,0.0,0.0,0.0,0.0,1.4071883e-24,0.0,0.0,0.0
1941,4534.631,36.000107,0.80006397,35.510206399270956,28.021108327218954,0.0,0.0,0.0,0.0,0.0,0.0,2.0320716e-24,0.0,0.0,0.0
1942,4535.6743,34.577946,0.8119927,35.53033130118007,28.010119127718152,0.0,0.0,0.0,0.0,0.0,0.0,2.931479e-24,0.0,0.0,0.0
1943,4536.72,36.496178,0.8214113,35.54815759294386,27.999111076525402,0.0,0.0,0.0,0.0,0.0,0.0,4.2276145e-24,0.0,0.0,0.0
1944,4537.7637,35.987106,0.8013221,35.56364463061828,27.98813555926818,0.0,0.0,0.0,0.0,0.0,0.0,6.084445e-24,0.0,0.0,0.0
1945,4538.81,35.226906,0.7900131,35.57691377800486,27.977136079488012,0.0,0.0,0.0,0.0,0.0,0.0,8.755453e-24,0.0,0.0,0.0
1946,4539.8545,36.19336,0.81214106,35.58794054923722,27.966163968426674,0.0,0.0,0.0,0.0,0.0,0.0,1.2575621e-23,0.0,0.0,0.0
1947,4540.9014,36.21405,0.7989368,35.59681706007396,27.95517305906688,0.0,0.0,0.0,0.0,0.0,0.0,1.8056468e-23,0.0,0.0,0.0
1948,4541.946,33.985497,0.7907333,35.603546407706105,27.94421460915264,0.0,0.0,0.0,0.0,0.0,0.0,2.5873577e-23,0.0,0.0,0.0
1949,4542.99,36.078953,0.79694766,35.60819592981129,27.93326297311573,0.0,0.0,0.0,0.0,0.0,0.0,3.703138e-23,0.0,0.0,0.0
1950,4544.038,35.86251,0.8044282,35.61081326068404,27.922282338748,0.0,0.0,0.0,0.0,0.0,0.0,5.30003e-23,0.0,0.0,0.0
1951,4545.0835,35.659096,0.8010349,35.61142881114651,27.911334111286894,0.0,0.0,0.0,0.0,0.0,0.0,7.5702545e-23,0.0,0.0,0.0
1952,4546.132,35.390274,0.7963472,35.61008646629411,27.900362040024582,0.0,0.0,0.0,0.0,0.0,0.0,1.0810887e-22,0.0,0.0,0.0
1953,4547.1777,35.46673,0.8019234,35.60683767133075,27.889422338536566,0.0,0.0,0.0,0.0,0.0,0.0,1.5407685e-22,0.0,0.0,0.0
1954,4548.226,35.8632,0.7929889,35.601710979862155,27.87846392862314,0.0,0.0,0.0,0.0,0.0,0.0,2.195118e-22,0.0,0.0,0.0
1955,4549.273,33.722515,0.78725547,35.594763440529576,27.86752764646219,0.0,0.0,0.0,0.0,0.0,0.0,3.122106e-22,0.0,0.0,0.0
1956,4550.3193,34.373352,0.7912087,35.58603537144745,27.85660326542939,0.0,0.0,0.0,0.0,0.0,0.0,4.4346155e-22,0.0,0.0,0.0
1957,4551.368,34.549576,0.8019676,35.575542452829,27.845660212533588,0.0,0.0,0.0,0.0,0.0,0.0,6.2965393e-22,0.0,0.0,0.0
1958,4552.4155,36.683952,0.80138916,35.56335691589024,27.834739247738383,0.0,0.0,0.0,0.0,0.0,0.0,8.925219e-22,0.0,0.0,0.0
1959,4553.465,37.807243,0.8128092,35.54948126703533,27.823804730475278,0.0,0.0,0.0,0.0,0.0,0.0,1.2644567e-21,0.0,0.0,0.0
1960,4554.5127,34.632355,0.7875172,35.533998329415994,27.812892277017312,0.0,0.0,0.0,0.0,0.0,0.0,1.788388e-21,0.0,0.0,0.0
1961,4555.563,35.68078,0.7887415,35.516884115863846,27.80196121089558,0.0,0.0,0.0,0.0,0.0,0.0,2.5284468e-21,0.0,0.0,0.0
1962,4556.611,34.99079,0.7836278,35.49825810366657,27.79106234484699,0.0,0.0,0.0,0.0,0.0,0.0,3.567627e-21,0.0,0.0,0.0
1963,4557.659,35.03864,0.78455806,35.478107438898064,27.78016518197057,0.0,0.0,0.0,0.0,0.0,0.0,5.0287617e-21,0.0,0.0,0.0
1964,4558.7104,35.340607,0.78680116,35.456417738555885,27.76924437200925,0.0,0.0,0.0,0.0,0.0,0.0,7.086634e-21,0.0,0.0,0.0
1965,4559.759,35.34122,0.78353435,35.433345709547964,27.758360777602167,0.0,0.0,0.0,0.0,0.0,0.0,9.965205e-21,0.0,0.0,0.0
1966,4560.81,35.466156,0.7864556,35.408800474809006,27.747453562424973,0.0,0.0,0.0,0.0,0.0,0.0,1.400978e-20,0.0,0.0,0.0
1967,4561.86,35.582294,0.78904337,35.38291203741866,27.736568329380333,0.0,0.0,0.0,0.0,0.0,0.0,1.966305e-20,0.0,0.0,0.0
1968,4562.912,36.64937,0.7949542,35.355625592735215,27.72566457894127,0.0,0.0,0.0,0.0,0.0,0.0,2.7586276e-20,0.0,0.0,0.0
1969,4563.962,34.372562,0.77851856,35.327099974460396,27.714792902774608,0.0,0.0,0.0,0.0,0.0,0.0,3.862577e-20,0.0,0.0,0.0
1970,4565.0117,33.953915,0.7747239,35.2973122544157,27.703927988516043,0.0,0.0,0.0,0.0,0.0,0.0,5.4018723e-20,0.0,0.0,0.0
1971,4566.0645,35.48725,0.7885446,35.26621163045553,27.69303953801779,0.0,0.0,0.0,0.0,0.0,0.0,7.5526695e-20,0.0,0.0,0.0
1972,4567.1147,35.014263,0.78579605,35.23399146078482,27.682183103546052,0.0,0.0,0.0,0.0,0.0,0.0,1.0538978e-19,0.0,0.0,0.0
1973,4568.168,36.027153,0.7881834,35.200525176872176,27.671303165306018,0.0,0.0,0.0,0.0,0.0,0.0,1.470214e-19,0.0,0.0,0.0
1974,4569.2188,37.423286,0.8031989,35.166020372871216,27.66045520639783,0.0,0.0,0.0,0.0,0.0,0.0,2.0469601e-19,0.0,0.0,0.0
1975,4570.2725,36.294758,0.80350065,35.1303414894649,27.649583776147026,0.0,0.0,0.0,0.0,0.0,0.0,2.8491737e-19,0.0,0.0,0.0
1976,4571.324,35.077057,0.78901696,35.093687680835956,27.638739255542987,0.0,0.0,0.0,0.0,0.0,0.0,3.9585997e-19,0.0,0.0,0.0
1977,4572.3755,35.301247,0.8096529,35.05605668852368,27.627906511521726,0.0,0.0,0.0,0.0,0.0,0.0,5.492639e-19,0.0,0.0,0.0
1978,4573.4297,35.613953,0.8058791,35.01736038108467,27.61705034156441,0.0,0.0,0.0,0.0,0.0,0.0,7.6189404e-19,0.0,0.0,0.0
1979,4574.482,34.787724,0.7705569,34.97781927634894,27.60622103263556,0.0,0.0,0.0,0.0,0.0,0.0,1.0549362e-18,0.0,0.0,0.0
1980,4575.5366,35.093033,0.77650523,34.93730756095211,27.595373356850548,0.0,0.0,0.0,0.0,0.0,0.0,1.4600317e-18,0.0,0.0,0.0
1981,4576.59,36.649727,0.793232,34.89601895666515,27.584547494415396,0.0,0.0,0.0,0.0,0.0,0.0,2.0173566e-18,0.0,0.0,0.0
1982,4577.645,35.41356,0.7756553,34.85385872515929,27.573708311646108,0.0,0.0,0.0,0.0,0.0,0.0,2.7857553e-18,0.0,0.0,0.0
1983,4578.6978,33.37152,0.7644083,34.81104699760235,27.56290094047344,0.0,0.0,0.0,0.0,0.0,0.0,3.839341e-18,0.0,0.0,0.0
1984,4579.7515,34.316475,0.7610727,34.767486199667545,27.55209027223835,0.0,0.0,0.0,0.0,0.0,0.0,5.286636e-18,0.0,0.0,0.0
1985,4580.807,33.28888,0.75878805,34.72317825545731,27.541266310114295,0.0,0.0,0.0,0.0,0.0,0.0,7.275041e-18,0.0,0.0,0.0
1986,4581.8613,34.182415,0.76402384,34.67830221393407,27.53046409824193,0.0,0.0,0.0,0.0,0.0,0.0,9.994914e-18,0.0,0.0,0.0
1987,4582.9175,33.89057,0.75956434,34.63275677027451,27.519648612162936,0.0,0.0,0.0,0.0,0.0,0.0,1.372322e-17,0.0,0.0,0.0
1988,4583.9717,33.3923,0.75506294,34.586746429361654,27.50885984794076,0.0,0.0,0.0,0.0,0.0,0.0,1.8808502e-17,0.0,0.0,0.0
1989,4585.029,33.528088,0.7485553,34.540098199684124,27.49804783805082,0.0,0.0,0.0,0.0,0.0,0.0,2.576974e-17,0.0,0.0,0.0
1990,4586.084,33.73037,0.75372446,34.49306038909702,27.487262526090426,0.0,0.0,0.0,0.0,0.0,0.0,3.524443e-17,0.0,0.0,0.0
1991,4587.1387,34.19758,0.75696254,34.445606074963315,27.4764889103515,0.0,0.0,0.0,0.0,0.0,0.0,4.8137964e-17,0.0,0.0,0.0
1992,4588.197,34.053913,0.75853986,34.39758856570242,27.465687110776884,0.0,0.0,0.0,0.0,0.0,0.0,6.5735084e-17,0.0,0.0,0.0
1993,4589.252,33.538082,0.75497985,34.34932490793352,27.454921927129078,0.0,0.0,0.0,0.0,0.0,0.0,8.957987e-17,0.0,0.0,0.0
1994,4590.3105,33.763054,0.7593873,34.300553883187476,27.44412859784812,0.0,0.0,0.0,0.0,0.0,0.0,1.2204853e-16,0.0,0.0,0.0
1995,4591.366,33.70142,0.76917166,34.251588165867524,27.433371842014985,0.0,0.0,0.0,0.0,0.0,0.0,1.659434e-16,0.0,0.0,0.0
1996,4592.4253,32.27615,0.76425797,34.202157081390055,27.422586978698405,0.0,0.0,0.0,0.0,0.0,0.0,2.2557607e-16,0.0,0.0,0.0
1997,4593.4814,32.243145,0.7434107,34.15257274673999,27.4118386463982,0.0,0.0,0.0,0.0,0.0,0.0,3.0600818e-16,0.0,0.0,0.0
1998,4594.538,32.313328,0.74907225,34.10268972252891,27.401092031946632,0.0,0.0,0.0,0.0,0.0,0.0,4.1467954e-16,0.0,0.0,0.0
1999,4595.5977,33.126987,0.74051964,34.05239880489333,27.390322331657245,0.0,0.0,0.0,0.0,0.0,0.0,5.6173277e-16,0.0,0.0,0.0
2000,4596.6553,32.688213,0.7418279,34.0019398853769,27.379579179047557,0.0,0.0,0.0,0.0,0.0,0.0,7.5959104e-16,0.0,0.0,0.0
2001,4597.715,32.141235,0.73464817,33.95112736685185,27.368822889160196,0.0,0.0,0.0,0.0,0.0,0.0,1.0264669e-15,0.0,0.0,0.0
2002,4598.7725,33.304523,0.7448291,33.90014442612457,27.358093110816952,0.0,0.0,0.0,0.0,0.0,0.0,1.3846651e-15,0.0,0.0,0.0
2003,4599.833,32.30178,0.7371397,33.84874793355578,27.34734031026476,0.0,0.0,0.0,0.0,0.0,0.0,1.867134e-15,0.0,0.0,0.0
2004,4600.8916,31.504929,0.7343083,33.797164305727534,27.336613997499988,0.0,0.0,0.0,0.0,0.0,0.0,2.5132895e-15,0.0,0.0,0.0
2005,4601.9497,31.85624,0.7339256,33.74530571506438,27.325899301032397,0.0,0.0,0.0,0.0,0.0,0.0,3.3785061e-15,0.0,0.0,0.0
2006,4603.011,32.583447,0.7413359,33.69296048949373,27.315156687003487,0.0,0.0,0.0,0.0,0.0,0.0,4.5403846e-15,0.0,0.0,0.0
2007,4604.07,33.06682,0.7416544,33.640415072318895,27.30445039260087,0.0,0.0,0.0,0.0,0.0,0.0,6.0894884e-15,0.0,0.0,0.0
2008,4605.1313,32.85053,0.7413829,33.58735127532364,27.293721152185203,0.0,0.0,0.0,0.0,0.0,0.0,8.16382e-15,0.0,0.0,0.0
2009,4606.1914,31.585691,0.7289527,33.53395657507477,27.283013391175828,0.0,0.0,0.0,0.0,0.0,0.0,1.0927065e-14,0.0,0.0,0.0
2010,4607.2534,33.268494,0.7479562,33.48001953863881,27.272292583224974,0.0,0.0,0.0,0.0,0.0,0.0,1.4615616e-14,0.0,0.0,0.0
2011,4608.313,32.677383,0.74472374,33.42572804567614,27.2616030800084,0.0,0.0,0.0,0.0,0.0,0.0,1.9512546e-14,0.0,0.0,0.0
2012,4609.373,32.657417,0.7395638,33.370888483892564,27.250915301214317,0.0,0.0,0.0,0.0,0.0,0.0,2.6021974e-14,0.0,0.0,0.0
2013,4610.436,33.919735,0.7500626,33.31532701488548,27.240204658470656,0.0,0.0,0.0,0.0,0.0,0.0,3.4688405e-14,0.0,0.0,0.0
2014,4611.497,33.257614,0.74212086,33.25925162803554,27.229520354384377,0.0,0.0,0.0,0.0,0.0,0.0,4.616023e-14,0.0,0.0,0.0
2015,4612.56,31.342823,0.72578704,33.20240840616996,27.218823048503882,0.0,0.0,0.0,0.0,0.0,0.0,6.138352e-14,0.0,0.0,0.0
2016,4613.621,33.141376,0.73987234,33.144952525311325,27.20815204542233,0.0,0.0,0.0,0.0,0.0,0.0,8.148516e-14,0.0,0.0,0.0
2017,4614.685,33.05299,0.74264383,33.08656880658019,27.197458241394536,0.0,0.0,0.0,0.0,0.0,0.0,1.0812257e-13,0.0,0.0,0.0
2018,4615.747,32.244587,0.72767127,33.02747369997732,27.186790716578745,0.0,0.0,0.0,0.0,0.0,0.0,1.4321781e-13,0.0,0.0,0.0
2019,4616.811,32.201965,0.7334883,32.96739478957649,27.17611022841907,0.0,0.0,0.0,0.0,0.0,0.0,1.8957142e-13,0.0,0.0,0.0
2020,4617.8735,32.634686,0.7346838,32.90647701139565,27.16545108671278,0.0,0.0,0.0,0.0,0.0,0.0,2.505242e-13,0.0,0.0,0.0
2021,4618.9355,33.98418,0.7485806,32.84461422336305,27.154803470494066,0.0,0.0,0.0,0.0,0.0,0.0,3.3063014e-13,0.0,0.0,0.0
2022,4620.0005,32.038826,0.73570114,32.78155759776682,27.144133128772246,0.0,0.0,0.0,0.0,0.0,0.0,4.3614965e-13,0.0,0.0,0.0
2023,4621.0635,32.903873,0.73817706,32.717547750707524,27.133488989110266,0.0,0.0,0.0,0.0,0.0,0.0,5.7435204e-13,0.0,0.0,0.0
2024,4622.1294,32.932854,0.73982614,32.65224587504738,27.12282216136254,0.0,0.0,0.0,0.0,0.0,0.0,7.559918e-13,0.0,0.0,0.0
2025,4623.1924,32.132164,0.7337328,32.585971430851274,27.112191275668398,0.0,0.0,0.0,0.0,0.0,0.0,9.93111e-13,0.0,0.0,0.0
2026,4624.259,33.603107,0.73889554,32.518291385665734,27.10153284837195,0.0,0.0,0.0,0.0,0.0,0.0,1.3041455e-12,0.0,0.0,0.0
2027,4625.3223,32.61472,0.72633517,32.44957340353001,27.090910321405502,0.0,0.0,0.0,0.0,0.0,0.0,1.7092226e-12,0.0,0.0,0.0
2028,4626.386,31.5884,0.7265016,32.37957589150321,27.080289525991933,0.0,0.0,0.0,0.0,0.0,0.0,2.2376558e-12,0.0,0.0,0.0
2029,4627.453,32.486744,0.7200084,32.30810618148614,27.06964611754888,0.0,0.0,0.0,0.0,0.0,0.0,2.9280432e-12,0.0,0.0,0.0
2030,4628.518,32.76222,0.732109,32.2354738181134,27.059028810785353,0.0,0.0,0.0,0.0,0.0,0.0,3.8248445e-12,0.0,0.0,0.0
2031,4629.585,32.63039,0.72876143,32.16140047874646,27.04839865531617,0.0,0.0,0.0,0.0,0.0,0.0,4.9926487e-12,0.0,0.0,0.0
2032,4630.65,33.40283,0.7353578,32.08614871485409,27.037794565982836,0.0,0.0,0.0,0.0,0.0,0.0,6.5058198e-12,0.0,0.0,0.0
2033,4631.7183,31.743114,0.7214111,32.00933841862553,27.027163068427853,0.0,0.0,0.0,0.0,0.0,0.0,8.474401e-12,0.0,0.0,0.0
2034,4632.7837,32.935947,0.7298828,31.93143043818948,27.01656732858984,0.0,0.0,0.0,0.0,0.0,0.0,1.1017089e-11,0.0,0.0,0.0
2035,4633.849,33.61216,0.73857355,31.85222632765063,27.005978177764497,0.0,0.0,0.0,0.0,0.0,0.0,1.4305168e-11,0.0,0.0,0.0
2036,4634.9175,32.81103,0.73387617,31.771523422108366,26.995366519776567,0.0,0.0,0.0,0.0,0.0,0.0,1.8564985e-11,0.0,0.0,0.0
2037,4635.984,31.995132,0.72397923,31.68971259342879,26.984780857412307,0.0,0.0,0.0,0.0,0.0,0.0,2.4052297e-11,0.0,0.0,0.0
2038,4637.053,32.369423,0.72787917,31.606450213681153,26.97417272494151,0.0,0.0,0.0,0.0,0.0,0.0,3.1145166e-11,0.0,0.0,0.0
2039,4638.1196,32.57826,0.74825734,31.52222784897493,26.963600243496444,0.0,0.0,0.0,0.0,0.0,0.0,4.0251597e-11,0.0,0.0,0.0
2040,4639.1895,31.434492,0.7405911,31.436590129779418,26.953000480526978,0.0,0.0,0.0,0.0,0.0,0.0,5.1999304e-11,0.0,0.0,0.0
2041,4640.2563,32.30771,0.7501406,31.350092043196273,26.942436327186844,0.0,0.0,0.0,0.0,0.0,0.0,6.704573e-11,0.0,0.0,0.0
2042,4641.3237,32.31219,0.74672484,31.262515657919128,26.931873911311783,0.0,0.0,0.0,0.0,0.0,0.0,8.634974e-11,0.0,0.0,0.0
2043,4642.3945,31.550493,0.73631287,31.173676564446783,26.921284272312914,0.0,0.0,0.0,0.0,0.0,0.0,1.1116472e-10,0.0,0.0,0.0
2044,4643.4624,32.37176,0.73900807,31.084166348966498,26.910730183967704,0.0,0.0,0.0,0.0,0.0,0.0,1.4283558e-10,0.0,0.0,0.0
2045,4644.5327,31.593693,0.7177193,30.99360671428158,26.900158552019313,0.0,0.0,0.0,0.0,0.0,0.0,1.8340728e-10,0.0,0.0,0.0
2046,4645.601,31.194225,0.71671563,30.90244399211751,26.88961278079232,0.0,0.0,0.0,0.0,0.0,0.0,2.3510602e-10,0.0,0.0,0.0
2047,4646.673,31.148775,0.7237595,30.81029996938503,26.879039860136036,0.0,0.0,0.0,0.0,0.0,0.0,3.0124309e-10,0.0,0.0,0.0
2048,4647.7417,31.122221,0.7204241,30.717801362007556,26.8685024076123,0.0,0.0,0.0,0.0,0.0,0.0,3.8524728e-10,0.0,0.0,0.0
2049,4648.811,30.623032,0.7150141,30.62474111485177,26.857966698389795,0.0,0.0,0.0,0.0,0.0,0.0,4.921245e-10,0.0,0.0,0.0
2050,4649.883,30.071678,0.72933954,30.531036825055605,26.847413510523573,0.0,0.0,0.0,0.0,0.0,0.0,6.282229e-10,0.0,0.0,0.0
2051,4650.9526,31.159973,0.73213077,30.43716496855422,26.836886113383493,0.0,0.0,0.0,0.0,0.0,0.0,8.0061197e-10,0.0,0.0,0.0
2052,4652.025,30.165255,0.7100529,30.342831722784176,26.82634126232243,0.0,0.0,0.0,0.0,0.0,0.0,1.0196074e-09,0.0,0.0,0.0
2053,4653.0957,30.295115,0.7082258,30.24847676436141,26.815817375476446,0.0,0.0,0.0,0.0,0.0,0.0,1.296464e-09,0.0,0.0,0.0
2054,4654.1685,30.688808,0.7124779,30.15389412357146,26.805280859747775,0.0,0.0,0.0,0.0,0.0,0.0,1.6471732e-09,0.0,0.0,0.0
2055,4655.239,30.01852,0.7068945,30.05956802752402,26.794774867857477,0.0,0.0,0.0,0.0,0.0,0.0,2.0890283e-09,0.0,0.0,0.0
2056,4656.31,29.297842,0.6944719,29.965293722532937,26.784265830634535,0.0,0.0,0.0,0.0,0.0,0.0,2.6466942e-09,0.0,0.0,0.0
2057,4657.3833,30.635357,0.70652425,29.871081915668025,26.773744189539187,0.0,0.0,0.0,0.0,0.0,0.0,3.350518e-09,0.0,0.0,0.0
2058,4658.4556,31.258644,0.71462244,29.777284388994286,26.763238669426933,0.0,0.0,0.0,0.0,0.0,0.0,4.2353223e-09,0.0,0.0,0.0
2059,4659.53,29.899548,0.7091006,29.68373988157219,26.752720570039934,0.0,0.0,0.0,0.0,0.0,0.0,5.3493965e-09,0.0,0.0,0.0
2060,4660.602,30.137657,0.70225304,29.590880979836914,26.74222813343099,0.0,0.0,0.0,0.0,0.0,0.0,6.7452794e-09,0.0,0.0,0.0
2061,4661.677,31.187151,0.70946836,29.498417917721074,26.731718356685786,0.0,0.0,0.0,0.0,0.0,0.0,8.499277e-09,0.0,0.0,0.0
2062,4662.749,29.799875,0.68780136,29.406858349179387,26.721238984240884,0.0,0.0,0.0,0.0,0.0,0.0,1.0690456e-08,0.0,0.0,0.0
2063,4663.8213,29.244062,0.6838212,29.316076104764754,26.710766128108613,0.0,0.0,0.0,0.0,0.0,0.0,1.3429822e-08,0.0,0.0,0.0
2064,4664.897,29.243216,0.6861031,29.2258680727818,26.700266430476876,0.0,0.0,0.0,0.0,0.0,0.0,1.6862419e-08,0.0,0.0,0.0
2065,4665.9707,28.186771,0.68219733,29.136764955836508,26.689792326133038,0.0,0.0,0.0,0.0,0.0,0.0,2.1137186e-08,0.0,0.0,0.0
2066,4667.0464,28.48258,0.6857283,29.04851835840747,26.679305704523067,0.0,0.0,0.0,0.0,0.0,0.0,2.6473517e-08,0.0,0.0,0.0
2067,4668.12,29.402735,0.6863184,28.96151969273826,26.668844641325617,0.0,0.0,0.0,0.0,0.0,0.0,3.3102097e-08,0.0,0.0,0.0
2068,4669.1973,28.622578,0.68360573,28.87540454791682,26.6583568152035,0.0,0.0,0.0,0.0,0.0,0.0,4.1368104e-08,0.0,0.0,0.0
2069,4670.271,29.255964,0.6968943,28.790783549096886,26.6479087797872,0.0,0.0,0.0,0.0,0.0,0.0,5.1597283e-08,0.0,0.0,0.0
2070,4671.345,29.58741,0.6887165,28.7074021703834,26.63746249275901,0.0,0.0,0.0,0.0,0.0,0.0,6.4282105e-08,0.0,0.0,0.0
2071,4672.423,29.741348,0.6979115,28.625095815436975,26.62698949416966,0.0,0.0,0.0,0.0,0.0,0.0,8.004112e-08,0.0,0.0,0.0
2072,4673.4976,29.180006,0.6942491,28.54440098396277,26.616551472518662,0.0,0.0,0.0,0.0,0.0,0.0,9.947969e-08,0.0,0.0,0.0
2073,4674.575,28.718477,0.69052017,28.46492447315343,26.60609151344481,0.0,0.0,0.0,0.0,0.0,0.0,1.235575e-07,0.0,0.0,0.0
2074,4675.651,29.314919,0.6860426,28.387070117497935,26.595657014724956,0.0,0.0,0.0,0.0,0.0,0.0,1.532109e-07,0.0,0.0,0.0
2075,4676.729,29.207033,0.68887436,28.310559015991444,26.585205346770636,0.0,0.0,0.0,0.0,0.0,0.0,1.8983543e-07,0.0,0.0,0.0
2076,4677.8047,29.903439,0.6984282,28.235770497793894,26.57478383949443,0.0,0.0,0.0,0.0,0.0,0.0,2.3480703e-07,0.0,0.0,0.0
2077,4678.8804,29.678722,0.6934055,28.16255857550347,26.564368812282215,0.0,0.0,0.0,0.0,0.0,0.0,2.900691e-07,0.0,0.0,0.0
2078,4679.96,28.834661,0.67792016,28.090690672215807,26.553922473668116,0.0,0.0,0.0,0.0,0.0,0.0,3.5816225e-07,0.0,0.0,0.0
2079,4681.0366,28.017952,0.67265487,28.020644211589214,26.5435109729152,0.0,0.0,0.0,0.0,0.0,0.0,4.414328e-07,0.0,0.0,0.0
2080,4682.1157,28.076405,0.6656612,27.95208472194037,26.53308236059917,0.0,0.0,0.0,0.0,0.0,0.0,5.4363795e-07,0.0,0.0,0.0
2081,4683.193,30.071661,0.6853891,27.885304895545822,26.52267910506108,0.0,0.0,0.0,0.0,0.0,0.0,6.6841443e-07,0.0,0.0,0.0
2082,4684.273,27.951887,0.6787754,27.82001224954592,26.512254050663437,0.0,0.0,0.0,0.0,0.0,0.0,8.2125797e-07,0.0,0.0,0.0
2083,4685.3506,28.40925,0.6759883,27.75653722256823,26.501859038777642,0.0,0.0,0.0,0.0,0.0,0.0,1.0073151e-06,0.0,0.0,0.0
2084,4686.4287,28.807934,0.68285304,27.69470288489136,26.491465786162696,0.0,0.0,0.0,0.0,0.0,0.0,1.2340894e-06,0.0,0.0,0.0
2085,4687.5093,27.68767,0.6657681,27.634401388800697,26.481055485318265,0.0,0.0,0.0,0.0,0.0,0.0,1.5107059e-06,0.0,0.0,0.0
2086,4688.587,27.858633,0.67280924,27.575924804875104,26.47067987207031,0.0,0.0,0.0,0.0,0.0,0.0,1.8459899e-06,0.0,0.0,0.0
2087,4689.6685,29.028875,0.6814131,27.51889488614943,26.460273132463318,0.0,0.0,0.0,0.0,0.0,0.0,2.2544796e-06,0.0,0.0,0.0
2088,4690.7476,27.261868,0.66804326,27.463637017683055,26.44989635207881,0.0,0.0,0.0,0.0,0.0,0.0,2.7486578e-06,0.0,0.0,0.0
2089,4691.829,27.390015,0.6633303,27.409885272628205,26.439502571627916,0.0,0.0,0.0,0.0,0.0,0.0,3.3484307e-06,0.0,0.0,0.0
2090,4692.9087,27.283453,0.65956944,27.357840687386528,26.42913402204735,0.0,0.0,0.0,0.0,0.0,0.0,4.0724894e-06,0.0,0.0,0.0
2091,4693.9883,26.621283,0.64726526,27.307383655802138,26.41877192218794,0.0,0.0,0.0,0.0,0.0,0.0,4.9468863e-06,0.0,0.0,0.0
2092,4695.0703,27.295734,0.650954,27.258381955555286,26.40839285536598,0.0,0.0,0.0,0.0,0.0,0.0,6.0040666e-06,0.0,0.0,0.0
2093,4696.151,26.40688,0.6567183,27.210988307273023,26.39803429438231,0.0,0.0,0.0,0.0,0.0,0.0,7.276078e-06,0.0,0.0,0.0
2094,4697.234,26.449308,0.67098117,27.165005694051995,26.387658796248086,0.0,0.0,0.0,0.0,0.0,0.0,8.810245e-06,0.0,0.0,0.0
2095,4698.314,26.31256,0.65859896,27.12063092097875,26.37731780757846,0.0,0.0,0.0,0.0,0.0,0.0,1.0648915e-05,0.0,0.0,0.0
2096,4699.3975,25.828846,0.6515527,27.07757231523584,26.366950552884475,0.0,0.0,0.0,0.0,0.0,0.0,1.2862758e-05,0.0,0.0,0.0
2097,4700.4785,25.850906,0.6426798,27.036031259851136,26.356613099869485,0.0,0.0,0.0,0.0,0.0,0.0,1.5510579e-05,0.0,0.0,0.0
2098,4701.5625,26.55413,0.6471211,26.99576724539611,26.346254086961835,0.0,0.0,0.0,0.0,0.0,0.0,1.8689268e-05,0.0,0.0,0.0
2099,4702.644,26.214563,0.67989343,26.956944453813406,26.33592484147229,0.0,0.0,0.0,0.0,0.0,0.0,2.248147e-05,0.0,0.0,0.0
2100,4703.726,25.921236,0.70666933,26.919416571883026,26.325597360587686,0.0,0.0,0.0,0.0,0.0,0.0,2.7011207e-05,0.0,0.0,0.0
2101,4704.8105,26.793745,1.3462317,26.88308281195467,26.315253023273986,0.0,0.0,0.0,0.0,0.0,0.0,3.2425876e-05,0.0,0.0,0.0
2102,4705.893,26.593777,1.3218021,26.848051986151074,26.304933746017593,0.0,0.0,0.0,0.0,0.0,0.0,3.8863913e-05,0.0,0.0,0.0
2103,4706.9785,26.618105,0.6813407,26.814127566310304,26.294592985889864,0.0,0.0,0.0,0.0,0.0,0.0,4.6543788e-05,0.0,0.0,0.0
2104,4708.061,28.632927,1.0098344,26.781452389588484,26.284286557978593,0.0,0.0,0.0,0.0,0.0,0.0,5.5643603e-05,0.0,0.0,0.0
2105,4709.1465,27.078712,0.89329904,26.749808578500748,26.273958670982907,0.0,0.0,0.0,0.0,0.0,0.0,6.647003e-05,3.5e-44,0.0,0.0
2106,4710.23,26.956545,0.64585215,26.719298877793854,26.263655787338003,0.0,0.0,0.0,0.0,0.0,0.0,7.927701e-05,1.39e-43,0.0,0.0
2107,4711.3135,26.562988,0.6468723,26.689824474028352,26.253359312103054,0.0,0.0,0.0,0.0,0.0,0.0,9.4431525e-05,5.91e-43,0.0,0.0
2108,4712.4,26.679136,0.6420518,26.661268659039365,26.243041424955322,0.0,0.0,0.0,0.0,0.0,0.0,0.0001123931,2.606e-42,0.0,0.0
2109,4713.484,27.066393,0.64658195,26.633732449395396,26.23275313453742,0.0,0.0,0.0,0.0,0.0,0.0,0.00013354879,1.1279e-41,0.0,0.0
2110,4714.571,26.607079,0.65262926,26.60703964080529,26.222443461682253,0.0,0.0,0.0,0.0,0.0,0.0,0.00015855848,4.8523e-41,0.0,0.0
2111,4715.6553,27.024925,0.6580264,26.581282614618317,26.212163351524282,0.0,0.0,0.0,0.0,0.0,0.0,0.0001879398,2.05807e-40,0.0,0.0
2112,4716.7427,27.228117,0.65028095,26.55629511707563,26.201861888362753,0.0,0.0,0.0,0.0,0.0,0.0,0.00022258375,8.66833e-40,0.0,0.0
2113,4717.8276,28.023687,0.66304517,26.532162573277862,26.19158995390372,0.0,0.0,0.0,0.0,0.0,0.0,0.00026317828,3.599071e-39,0.0,0.0
2114,4718.9136,27.886663,0.66405386,26.508769696400115,26.181315169898873,0.0,0.0,0.0,0.0,0.0,0.0,0.00031082757,1.479789e-38,0.0,0.0
2115,4720.0015,27.171806,0.66058195,26.48606186939511,26.17102831686722,0.0,0.0,0.0,0.0,0.0,0.0,0.00036674488,6.0325254e-38,0.0,0.0
2116,4721.087,27.462868,0.659117,26.46409488856166,26.160770938758063,0.0,0.0,0.0,0.0,0.0,0.0,0.00043200993,2.4244625e-37,0.0,0.0
2117,4722.176,27.09814,0.6545111,26.442716797734807,26.150487668267647,0.0,0.0,0.0,0.0,0.0,0.0,0.0005085007,9.678605e-37,0.0,0.0
2118,4723.262,26.338524,0.6447244,26.422010706881338,26.140233844545946,0.0,0.0,0.0,0.0,0.0,0.0,0.00059755344,3.8093748e-36,0.0,0.0
2119,4724.3516,26.298695,0.64818835,26.401843275983587,26.129958773373396,0.0,0.0,0.0,0.0,0.0,0.0,0.0007016079,1.4882096e-35,0.0,0.0
2120,4725.4385,26.177555,0.6320425,26.382284548537523,26.11971311509488,0.0,0.0,0.0,0.0,0.0,0.0,0.0008224341,5.732333e-35,0.0,0.0
2121,4726.5254,25.687302,0.6385062,26.36326085514446,26.10947382916055,0.0,0.0,0.0,0.0,0.0,0.0,0.0009628387,2.18364e-34,0.0,0.0
2122,4727.615,25.713472,0.6268545,26.344696633207775,26.099213336750097,0.0,0.0,0.0,0.0,0.0,0.0,0.001126247,8.2559505e-34,0.0,0.0
2123,4728.7026,26.528126,0.6406152,26.32665966641141,26.088982203663157,0.0,0.0,0.0,0.0,0.0,0.0,0.0013152439,3.0777719e-33,0.0,0.0
2124,4729.7935,26.282637,0.6440791,26.30903100738304,26.078725303444102,0.0,0.0,0.0,0.0,0.0,0.0,0.0015347326,1.1393597e-32,0.0,0.0
2125,4730.8813,26.273792,0.63684756,26.291893308967204,26.068502321475037,0.0,0.0,0.0,0.0,0.0,0.0,0.0017878175,4.15649e-32,0.0,0.0
2126,4731.972,26.263987,0.63362914,26.275136345211067,26.058258191361674,0.0,0.0,0.0,0.0,0.0,0.0,0.002080821,1.5047562e-31,0.0,0.0
2127,4733.061,25.89673,0.62948793,26.258820091323418,26.048038771790875,0.0,0.0,0.0,0.0,0.0,0.0,0.0024180845,5.374861e-31,0.0,0.0
2128,4734.1494,25.708933,0.6311096,26.242907858466204,26.037830287835966,0.0,0.0,0.0,0.0,0.0,0.0,0.0028062284,1.8975599e-30,0.0,0.0
2129,4735.2417,26.319613,0.6446586,26.227326433641363,26.027591545369003,0.0,0.0,0.0,0.0,0.0,0.0,0.0032542266,6.6548425e-30,0.0,0.0
2130,4736.3306,26.334017,0.6532801,26.21217230300081,26.017391198199586,0.0,0.0,0.0,0.0,0.0,0.0,0.0037671577,2.298985e-29,0.0,0.0
2131,4737.423,26.576984,0.6547768,26.197344764563674,26.0071652028332,0.0,0.0,0.0,0.0,0.0,0.0,0.004357328,7.8843666e-29,0.0,0.0
2132,4738.5127,26.200523,0.6477414,26.18292105206119,25.99696841797622,0.0,0.0,0.0,0.0,0.0,0.0,0.0050318544,2.6666159e-28,0.0,0.0
2133,4739.6055,25.686615,0.6367149,26.168830237159494,25.986750589491788,0.0,0.0,0.0,0.0,0.0,0.0,0.0058055567,8.94777e-28,0.0,0.0
2134,4740.696,26.473452,0.6404624,26.155144925654096,25.97656193790601,0.0,0.0,0.0,0.0,0.0,0.0,0.0066874838,2.961048e-27,0.0,0.0
2135,4741.786,27.171772,0.64161056,26.141839135187084,25.966379622677678,0.0,0.0,0.0,0.0,0.0,0.0,0.007693493,9.690181e-27,0.0,0.0
2136,4742.88,25.738203,0.6386794,26.128882082672753,25.956171748721935,0.0,0.0,0.0,0.0,0.0,0.0,0.008843307,3.1475032e-26,0.0,0.0
2137,4743.971,26.360443,0.65499085,26.11635624319411,25.945993004181453,0.0,0.0,0.0,0.0,0.0,0.0,0.0101487255,1.0083235e-25,0.0,0.0
2138,4745.065,26.918724,0.6810895,26.104221335473905,25.935797841149817,0.0,0.0,0.0,0.0,0.0,0.0,0.0116353985,3.202539e-25,0.0,0.0
2139,4746.1562,26.980839,0.7151008,26.09255093922329,25.925631768344463,0.0,0.0,0.0,0.0,0.0,0.0,0.013318612,1.00325555e-24,0.0,0.0
2140,4747.2515,27.622904,0.7382458,26.08130107356264,25.915435661580698,0.0,0.0,0.0,0.0,0.0,0.0,0.015232986,3.1204994e-24,0.0,0.0
2141,4748.3433,25.285429,0.73706007,26.070574012717792,25.905277705884167,0.0,0.0,0.0,0.0,0.0,0.0,0.017392775,9.563938e-24,0.0,0.0
2142,4749.4355,26.55285,0.7195063,26.06036011426323,25.89512152707749,0.0,0.0,0.0,0.0,0.0,0.0,0.019834382,2.9000404e-23,0.0,0.0
2143,4750.531,26.529308,0.6925733,26.0506738096538,25.88494444899885,0.0,0.0,0.0,0.0,0.0,0.0,0.022597449,8.7213344e-23,0.0,0.0
2144,4751.623,25.460543,0.63804585,26.041605970253684,25.8748009133986,0.0,0.0,0.0,0.0,0.0,0.0,0.02570325,2.585912e-22,0.0,0.0
2145,4752.719,24.923216,0.63205886,26.033144185154466,25.864627441226272,0.0,0.0,0.0,0.0,0.0,0.0,0.02921151,7.611067e-22,0.0,0.0
2146,4753.8125,25.070488,0.6233367,26.025390140125765,25.854487478146567,0.0,0.0,0.0,0.0,0.0,0.0,0.033144347,2.2087629e-21,0.0,0.0
2147,4754.909,25.754988,0.6310367,26.018352527162257,25.844322148701373,0.0,0.0,0.0,0.0,0.0,0.0,0.037572786,6.359239e-21,0.0,0.0
2148,4756.0024,25.178524,0.6148752,26.01213295947158,25.834194811092253,0.0,0.0,0.0,0.0,0.0,0.0,0.042521223,1.8044745e-20,0.0,0.0
2149,4757.0967,25.228525,0.6156589,26.006766850833337,25.824064730439822,0.0,0.0,0.0,0.0,0.0,0.0,0.048064526,5.0678833e-20,0.0,0.0
2150,4758.1934,25.293175,0.61200655,26.002319685254044,25.813918369892782,0.0,0.0,0.0,0.0,0.0,0.0,0.0542748,1.4106119e-19,0.0,0.0
2151,4759.2886,25.237465,0.61935204,25.998882934001234,25.803791872707155,0.0,0.0,0.0,0.0,0.0,0.0,0.061198168,3.877065e-19,0.0,0.0
2152,4760.3857,25.613792,0.6154897,25.996526775304968,25.793653634731466,0.0,0.0,0.0,0.0,0.0,0.0,0.068929836,1.0555573e-18,0.0,0.0
2153,4761.4814,25.156769,0.6157812,25.99534572262554,25.783535238097,0.0,0.0,0.0,0.0,0.0,0.0,0.07752529,2.8378e-18,0.0,0.0
2154,4762.5796,25.057573,0.6400311,25.995429874418907,25.77340061312788,0.0,0.0,0.0,0.0,0.0,0.0,0.087101914,7.560211e-18,0.0,0.0
2155,4763.6753,24.9037,0.66914827,25.996878163264157,25.763294817254902,0.0,0.0,0.0,0.0,0.0,0.0,0.09770928,1.9871979e-17,0.0,0.0
2156,4764.771,25.575338,0.68872845,25.999795085236965,25.753195306703983,0.0,0.0,0.0,0.0,0.0,0.0,0.109466314,5.164831e-17,0.0,0.0
2157,4765.8696,25.856731,0.6523803,26.004307451034613,25.743075097287722,0.0,0.0,0.0,0.0,0.0,0.0,0.122515686,1.3306656e-16,0.0,0.0
2158,4766.966,24.954317,0.6306173,26.01051439419467,25.732983664424008,0.0,0.0,0.0,0.0,0.0,0.0,0.13690828,3.3827253e-16,0.0,0.0
2159,4768.0654,27.273073,0.64488024,26.018579407190714,25.722867070292864,0.0,0.0,0.0,0.0,0.0,0.0,0.15284507,8.527236e-16,0.0,0.0
2160,4769.1626,26.794136,0.65602636,26.028597236936854,25.71277922517614,0.0,0.0,0.0,0.0,0.0,0.0,0.1703733,2.1210357e-15,0.0,0.0
2161,4770.2617,26.141985,0.6515435,26.040750047252494,25.702679714248493,0.0,0.0,0.0,0.0,0.0,0.0,0.1897009,5.2248605e-15,0.0,0.0
2162,4771.3594,25.479734,0.62498623,26.055152019664465,25.69259994308631,0.0,0.0,0.0,0.0,0.0,0.0,0.21091592,1.271064e-14,0.0,0.0
2163,4772.457,25.26268,0.61667114,26.071976574967337,25.682526442120473,0.0,0.0,0.0,0.0,0.0,0.0,0.23419844,3.057382e-14,0.0,0.0
2164,4773.5576,26.549404,0.6243754,26.09144524870787,25.67243234454062,0.0,0.0,0.0,0.0,0.0,0.0,0.25978395,7.288204e-14,0.0,0.0
2165,4774.656,27.321957,0.6251555,26.113639532276487,25.662366910525485,0.0,0.0,0.0,0.0,0.0,0.0,0.2877227,1.7144872e-13,0.0,0.0
2166,4775.757,26.011023,0.63788503,26.138853158949004,25.652280908224768,0.0,0.0,0.0,0.0,0.0,0.0,0.31833637,3.996748e-13,0.0,0.0
2167,4776.8555,25.743462,0.6397771,26.167155742159792,25.64222353648184,0.0,0.0,0.0,0.0,0.0,0.0,0.35166907,9.19476e-13,0.0,0.0
2168,4777.957,25.899286,0.6555392,26.198886495219327,25.63214562474146,0.0,0.0,0.0,0.0,0.0,0.0,0.3880866,2.0960482e-12,0.0,0.0
2169,4779.056,25.911398,0.65992653,26.234098832347033,25.622096310589008,0.0,0.0,0.0,0.0,0.0,0.0,0.42762277,4.715641e-12,0.0,0.0
2170,4780.156,26.41642,0.6495273,26.27309006041256,25.61204878573528,0.0,0.0,0.0,0.0,0.0,0.0,0.47059193,1.04932625e-11,0.0,0.0
2171,4781.258,26.822247,0.6375543,26.316164649894816,25.601985223440032,0.0,0.0,0.0,0.0,0.0,0.0,0.5173104,2.312644e-11,0.0,0.0
2172,4782.358,27.47339,0.6395694,26.363380044181838,25.591945751934286,0.0,0.0,0.0,0.0,0.0,0.0,0.56782794,5.032267e-11,0.0,0.0
2173,4783.4604,26.860836,0.6336688,26.41516007044615,25.581890265621592,0.0,0.0,0.0,0.0,0.0,0.0,0.62259007,1.08447536e-10,0.0,0.0
2174,4784.5605,26.336205,0.6375852,26.471513269799548,25.571863291884853,0.0,0.0,0.0,0.0,0.0,0.0,0.68160194,2.3067508e-10,0.0,0.0
2175,4785.6646,26.54084,0.6581565,26.533016060887704,25.561806981374136,0.0,0.0,0.0,0.0,0.0,0.0,0.7454661,4.863926e-10,0.0,0.0
2176,4786.7656,26.495443,0.6714397,26.599541202036775,25.55178360524729,0.0,0.0,0.0,0.0,0.0,0.0,0.81405264,1.0119712e-09,0.0,0.0
2177,4787.869,26.232046,0.65144444,26.67165769595828,25.541744259487064,0.0,0.0,0.0,0.0,0.0,0.0,0.88795495,2.0849626e-09,0.0,0.0
2178,4788.9707,27.136637,0.6409778,26.74933216329383,25.53172892261545,0.0,0.0,0.0,0.0,0.0,0.0,0.96714735,4.241536e-09,0.0,0.0
2179,4790.0723,26.956247,0.6304978,26.832937191217365,25.521719815037198,0.0,0.0,0.0,0.0,0.0,0.0,1.0520222,8.531089e-09,0.0,0.0
2180,4791.1763,26.602016,0.6252924,26.922928300381137,25.511694768843633,0.0,0.0,0.0,0.0,0.0,0.0,1.1430546,1.6990157e-08,0.0,0.0
2181,4792.279,26.706041,0.6824574,27.01924247207401,25.501689258195523,0.0,0.0,0.0,0.0,0.0,0.0,1.2401962,3.3422324e-08,0.0,0.0
2182,4793.3843,26.576254,0.7354349,27.12252118112728,25.491663409941932,0.0,0.0,0.0,0.0,0.0,0.0,1.3441113,6.51154e-08,0.0,0.0
2183,4794.487,26.438114,0.89661855,27.23245625253886,25.481670359307024,0.0,0.0,0.0,0.0,0.0,0.0,1.4545091,1.2519976e-07,0.0,0.0
2184,4795.5923,25.915197,1.2695287,27.34986408101712,25.47165699351989,0.0,0.0,0.0,0.0,0.0,0.0,1.5722301,2.3839902e-07,0.0,0.0
2185,4796.696,25.289528,1.3590927,27.47445837436593,25.461667544182042,0.0,0.0,0.0,0.0,0.0,0.0,1.6970088,4.4827547e-07,0.0,0.0
2186,4797.799,26.336432,1.1632373,27.606592016323244,25.451688725015284,0.0,0.0,0.0,0.0,0.0,0.0,1.8292218,8.3311704e-07,0.0,0.0
2187,4798.906,27.471497,0.80884284,27.747026799773483,25.441680803342923,0.0,0.0,0.0,0.0,0.0,0.0,1.9696543,1.5340358e-06,0.0,0.0
2188,4800.01,26.795544,0.73626405,27.895091661836226,25.43170558665522,0.0,0.0,0.0,0.0,0.0,0.0,2.1176593,2.7879896e-06,0.0,0.0
2189,4801.116,28.863918,0.75796586,28.051669686760327,25.421714535044906,0.0,0.0,0.0,0.0,0.0,0.0,2.2741437,5.015769e-06,0.0,0.0
2190,4802.2207,28.276152,0.75200945,28.21629431217367,25.411747329357024,0.0,0.0,0.0,0.0,0.0,0.0,2.438665,8.911661e-06,0.0,0.0
2191,4803.328,29.238636,0.6771314,28.38983325836999,25.401759908832545,0.0,0.0,0.0,0.0,0.0,0.0,2.612114,1.567656e-05,0.0,0.0
2192,4804.433,30.064047,0.6684139,28.57155668698807,25.391800712161523,0.0,0.0,0.0,0.0,0.0,0.0,2.793784,2.7228412e-05,0.0,0.0
2193,4805.5386,29.326979,0.6441359,28.762004960469486,25.381843312311677,0.0,0.0,0.0,0.0,0.0,0.0,2.9842355,4.6764973e-05,0.0,0.0
2194,4806.6465,28.729141,0.67127764,28.961604315507003,25.371870136059016,0.0,0.0,0.0,0.0,0.0,0.0,3.1839142,7.949538e-05,0.0,0.0
2195,4807.752,29.22516,0.66361105,29.169502365052,25.36192513217812,0.0,0.0,0.0,0.0,0.0,0.0,3.3919816,0.00013343529,0.0,0.0
2196,4808.861,29.875334,0.7457543,29.38681406213856,25.351955591545096,0.0,0.0,0.0,0.0,0.0,0.0,3.609563,0.00022176448,0.0,0.0
2197,4809.9673,29.813625,0.7382931,29.612373739615077,25.3420141962883,0.0,0.0,0.0,0.0,0.0,0.0,3.8354926,0.00036394334,0.0,0.0
2198,4811.0767,29.831295,0.82274574,29.84722986117844,25.33205268600863,0.0,0.0,0.0,0.0,0.0,0.0,4.07081,0.00059120334,0.0,0.0
2199,4812.183,29.852287,0.82421905,30.09006477119079,25.3221236690381,0.0,0.0,0.0,0.0,0.0,0.0,4.314167,0.00094817556,0.0,0.0
2200,4813.29,29.564642,0.8164001,30.341507188237905,25.312196447474584,0.0,0.0,0.0,0.0,0.0,0.0,4.5661426,0.0015036243,0.0,0.0
2201,4814.4004,30.756151,0.7484976,30.60216233033162,25.30224477468465,0.0,0.0,0.0,0.0,0.0,0.0,4.8272576,0.00236044,0.0,0.0
2202,4815.5073,30.684439,0.69731283,30.870322676296823,25.29232991339221,0.0,0.0,0.0,0.0,0.0,0.0,5.0956697,0.0036579925,0.0,0.0
2203,4816.618,31.432026,0.7108868,31.147683641223452,25.28238625899165,0.0,0.0,0.0,0.0,0.0,0.0,5.372879,0.0056123487,0.0,0.0
2204,4817.7266,30.666348,0.6943844,31.43262820344053,25.272470639344377,0.0,0.0,0.0,0.0,0.0,0.0,5.656986,0.008504066,0.0,0.0
2205,4818.8374,29.492006,0.69060975,31.72643221066375,25.262539368020786,0.0,0.0,0.0,0.0,0.0,0.0,5.9488654,0.01274922,0.0,0.0
2206,4819.946,31.394365,0.7118464,32.02792209019286,25.25263609369618,0.0,0.0,0.0,0.0,0.0,0.0,6.2468057,0.018877424,0.0,0.0
2207,4821.0547,32.68587,0.701794,32.338134475320246,25.242734618752866,0.0,0.0,0.0,0.0,0.0,0.0,6.5511026,0.027635515,0.0,0.0
2208,4822.166,32.930252,0.6905925,32.65810081668083,25.232817522509738,0.0,0.0,0.0,0.0,0.0,0.0,6.861789,0.040024858,0.0,0.0
2209,4823.276,33.217133,0.68174934,32.98740929420505,25.222919665830474,0.0,0.0,0.0,0.0,0.0,0.0,7.1772075,0.05727402,0.0,0.0
2210,4824.3877,33.480152,0.6965406,33.32808751000578,25.213010565773793,0.0,0.0,0.0,0.0,0.0,0.0,7.497705,0.08106379,0.0,0.0
2211,4825.4976,33.076965,0.6838519,33.680321255699326,25.20312503166549,0.0,0.0,0.0,0.0,0.0,0.0,7.821489,0.113346346,0.0,0.0
2212,4826.6104,32.369244,0.68150675,34.04749465281894,25.193219575237535,0.0,0.0,0.0,0.0,0.0,0.0,8.14927,0.15679535,0.0,0.0
2213,4827.7207,33.476917,0.6846245,34.4301474948151,25.183342005751843,0.0,0.0,0.0,0.0,0.0,0.0,8.478709,0.21424991,0.0,0.0
2214,4828.831,34.72584,0.69695747,34.831892006195936,25.173470579184446,0.0,0.0,0.0,0.0,0.0,0.0,8.809722,0.28939065,0.0,0.0
2215,4829.945,35.181763,0.7072896,35.257436362574055,25.16357493169065,0.0,0.0,0.0,0.0,0.0,0.0,9.142495,0.38672587,0.0,0.0
2216,4831.056,35.96674,0.71763945,35.70846936987728,25.15370712565273,0.0,0.0,0.0,0.0,0.0,0.0,9.474402,0.5105146,0.0,0.0
2217,4832.17,36.88837,0.73461115,36.191340324689435,25.143823799897714,0.0,0.0,0.0,0.0,0.0,0.0,9.805991,0.6665441,0.0,0.0
2218,4833.2817,36.959854,0.7407416,36.708862609439734,25.133963949256778,0.0,0.0,0.0,0.0,0.0,0.0,10.1350155,0.85981554,0.0,0.0
2219,4834.396,37.927517,0.74683577,37.267977074294215,25.124088600783473,0.0,0.0,0.0,0.0,0.0,0.0,10.461812,1.0969094,0.0,0.0
2220,4835.5083,39.49916,0.7545753,37.871276664957165,25.114236700758102,0.0,0.0,0.0,0.0,0.0,0.0,10.784106,1.382628,0.0,0.0
2221,4836.621,39.580746,0.75746256,38.52436737220075,25.104386607811712,0.0,0.0,0.0,0.0,0.0,0.0,11.101618,1.7228183,0.0,0.0
2222,4837.7363,39.44172,0.7673647,39.23219896042886,25.09452105248513,0.0,0.0,0.0,0.0,0.0,0.0,11.413875,2.1228566,0.0,0.0
2223,4838.849,39.97127,0.779658,39.99407784559744,25.084683223748378,0.0,0.0,0.0,0.0,0.0,0.0,11.718495,2.5843549,0.0,0.0
2224,4839.965,41.037903,0.7938283,40.81448798558274,25.074825636358646,0.0,0.0,0.0,0.0,0.0,0.0,12.015931,3.1113071,0.0,0.0
2225,4841.078,43.45432,0.7960918,41.688198842364336,25.06499574359038,0.0,0.0,0.0,0.0,0.0,0.0,12.303733,3.7008505,0.0,0.0
2226,4842.1943,43.154804,0.8130956,42.61565705271323,25.055146119314035,0.0,0.0,0.0,0.0,0.0,0.0,12.582287,4.352998,0.0,0.0
2227,4843.3086,44.21213,0.87188685,43.586259601364596,25.045319853077395,0.0,0.0,0.0,0.0,0.0,0.0,12.8493805,5.059277,0.0,0.0
2228,4844.423,45.11961,0.98099923,44.59197396805076,25.035499699614327,0.0,0.0,0.0,0.0,0.0,0.0,13.104555,5.812052,0.0,0.0
2229,4845.54,46.478355,0.9864732,45.622842549058866,25.025659857961607,0.0,0.0,0.0,0.0,0.0,0.0,13.347498,6.60161,0.0,0.0
2230,4846.6543,49.65433,0.9083625,46.65782590278778,25.015851930467218,0.0,0.0,0.0,0.0,0.0,0.0,13.576042,7.4089994,0.0,0.0
2231,4847.772,48.426376,0.8473011,47.68451163494542,25.006020042538196,0.0,0.0,0.0,0.0,0.0,0.0,13.790624,8.221303,0.0,0.0
2232,4848.887,50.580032,0.9032103,48.677159348590635,24.99621574030664,0.0,0.0,0.0,0.0,0.0,0.0,13.9892845,9.014663,0.0,0.0
2233,4850.0054,48.655754,0.8843614,49.61877371998718,24.98639180394104,0.0,0.0,0.0,0.0,0.0,0.0,14.172207,9.771824,0.0,0.0
2234,4851.1216,49.12812,0.89163154,50.483002151519905,24.97659113553251,0.0,0.0,0.0,0.0,0.0,0.0,14.337865,10.467892,0.0,0.0
2235,4852.2373,52.17896,0.91498077,51.2496542130248,24.966800848080336,0.0,0.0,0.0,0.0,0.0,0.0,14.485884,11.082977,0.0,0.0
2236,4853.356,50.377846,0.8584978,51.90070552333796,24.956990964259745,0.0,0.0,0.0,0.0,0.0,0.0,14.616078,11.599155,0.0,0.0
2237,4854.4727,49.44118,0.84883446,52.41576899525114,24.947204306091752,0.0,0.0,0.0,0.0,0.0,0.0,14.72734,11.997097,0.0,0.0
2238,4855.592,51.065926,0.8613502,52.782902709058675,24.937402359060197,0.0,0.0,0.0,0.0,0.0,0.0,14.819648,12.264788,0.0,0.0
2239,4856.7095,50.935467,0.8712148,52.991105557137594,24.92761933868514,0.0,0.0,0.0,0.0,0.0,0.0,14.892286,12.3919,0.0,0.0
2240,4857.829,52.513523,0.8909582,53.03623424463854,24.917825326257805,0.0,0.0,0.0,0.0,0.0,0.0,14.945169,12.374288,0.0,0.0
2241,4858.9463,55.09579,0.9079373,52.918678692361766,24.908058753988204,0.0,0.0,0.0,0.0,0.0,0.0,14.977893,12.212725,0.0,0.0
2242,4860.0645,53.8141,0.89564866,52.64394591677979,24.898289724477088,0.0,0.0,0.0,0.0,0.0,0.0,14.990459,11.912629,0.0,0.0
2243,4861.185,52.572666,0.94668525,52.221314553183156,24.888505462568837,0.0,0.0,0.0,0.0,0.0,0.0,14.982746,11.483328,0.0,0.0
2244,4862.3037,52.857735,0.945637,51.66687897120605,24.87874433671127,0.0,0.0,0.0,0.0,0.0,0.0,14.954799,10.94088,0.0,0.0
2245,4863.425,50.50395,0.86322457,50.996352126114246,24.868967999927875,0.0,0.0,0.0,0.0,0.0,0.0,14.9066105,10.3009,0.0,0.0
2246,4864.544,48.417107,0.8386341,50.23263942212754,24.859214772888954,0.0,0.0,0.0,0.0,0.0,0.0,14.838547,9.585964,0.0,0.0
2247,4865.665,48.16834,0.8291152,49.39486457867072,24.849450607723455,0.0,0.0,0.0,0.0,0.0,0.0,14.750652,8.815055,0.0,0.0
2248,4866.785,47.66184,0.8255715,48.50719985028705,24.839701023306464,0.0,0.0,0.0,0.0,0.0,0.0,14.643479,8.011825,0.0,0.0
2249,4867.905,47.060467,0.8158629,47.59073922596275,24.829961752513043,0.0,0.0,0.0,0.0,0.0,0.0,14.517452,7.196923,0.0,0.0
2250,4869.0273,46.012962,0.80944103,46.66250242041083,24.82020307825537,0.0,0.0,0.0,0.0,0.0,0.0,14.372627,6.387227,0.0,0.0
2251,4870.1475,45.910854,0.7997413,45.74455443805292,24.810471691547185,0.0,0.0,0.0,0.0,0.0,0.0,14.210262,5.6036716,0.0,0.0
2252,4871.271,46.529842,0.8175763,44.84704738026646,24.800716689882552,0.0,0.0,0.0,0.0,0.0,0.0,14.030124,4.856504,0.0,0.0
2253,4872.3916,46.59396,0.8090046,43.986933083546646,24.790993185055743,0.0,0.0,0.0,0.0,0.0,0.0,13.833924,4.16115,0.0,0.0
2254,4873.515,45.37528,0.8018846,43.16848251443699,24.781250330026893,0.0,0.0,0.0,0.0,0.0,0.0,13.621398,3.5220106,0.0,0.0
2255,4874.636,43.97376,0.78526545,42.40136088768743,24.77153469959997,0.0,0.0,0.0,0.0,0.0,0.0,13.394367,2.947124,0.0,0.0
2256,4875.7607,42.213066,0.76647645,41.68458544924761,24.761795517950304,0.0,0.0,0.0,0.0,0.0,0.0,13.152493,2.435709,0.0,0.0
2257,4876.8823,42.307625,0.7605931,41.022765445445685,24.752087759708076,0.0,0.0,0.0,0.0,0.0,0.0,12.898032,1.9903781,0.0,0.0
2258,4878.0044,41.762325,0.74870116,40.412259225966224,24.742381816031227,0.0,0.0,0.0,0.0,0.0,0.0,12.631199,1.6072321,0.0,0.0
2259,4879.129,40.357662,0.743176,39.84920863378916,24.73266081083689,0.0,0.0,0.0,0.0,0.0,0.0,12.352451,1.2819542,0.0,0.0
2260,4880.2515,40.542336,0.79181534,39.33178674674224,24.722962732078543,0.0,0.0,0.0,0.0,0.0,0.0,12.063874,1.010876,0.0,0.0
2261,4881.3765,40.44463,0.78911144,38.853265036320884,24.713249613023002,0.0,0.0,0.0,0.0,0.0,0.0,11.765351,0.78731304,0.0,0.0
2262,4882.5,38.89685,0.7773962,38.41034825234167,24.703555182502193,0.0,0.0,0.0,0.0,0.0,0.0,11.45894,0.60616565,0.0,0.0
2263,4883.6255,38.649124,0.77501416,37.99671524392798,24.69384994732573,0.0,0.0,0.0,0.0,0.0,0.0,11.144748,0.46097854,0.0,0.0
2264,4884.749,37.84886,0.72598886,37.60906612147292,24.68416758645972,0.0,8e-45,0.0,0.0,0.0,0.0,10.824906,0.34659985,0.0,0.0
2265,4885.8726,36.901615,0.6990441,37.242352625664466,24.674491247471565,0.0,1.36e-43,0.0,0.0,0.0,0.0,10.499913,0.25753278,0.0,0.0
2266,4886.9995,37.691917,0.7131492,36.891750431373545,24.664791515782305,0.0,3.425e-42,0.0,0.0,0.0,0.0,10.16979,0.18891959,0.0,0.0
2267,4888.1235,35.99338,0.7027856,36.55601833714418,24.655123024715706,0.0,8.116e-41,0.0,0.0,0.0,0.0,9.837408,0.13706179,0.0,0.0
2268,4889.251,35.397808,0.6888192,36.23060933915599,24.645431172528102,0.0,1.84112e-39,0.0,0.0,0.0,0.0,9.501889,0.0981659,0.0,0.0
2269,4890.376,35.13385,0.6792898,35.915125902648924,24.635766331013205,0.0,3.936368e-38,0.0,0.0,0.0,0.0,9.16595,0.06952738,0.0,0.0
2270,4891.5034,35.024223,0.6833384,35.60658168315466,24.626086546923478,0.0,8.038515e-37,0.0,0.0,0.0,0.0,8.829074,0.0486242,0.0,0.0
2271,4892.6284,34.958286,0.67939186,35.30514490721103,24.616433737103907,0.0,1.5475217e-35,0.0,0.0,0.0,0.0,8.493634,0.03362966,0.0,0.0
2272,4893.7544,34.631348,0.67785877,35.009080772446,24.60677855757018,0.0,2.8342923e-34,0.0,3e-45,0.0,0.0,8.159484,0.022976825,0.0,0.0
2273,4894.8823,34.43125,0.6719571,34.71765126179448,24.59711265269211,0.0,4.9498278e-33,0.0,2.34e-43,0.0,0.0,7.827178,0.015502112,0.0,0.0
2274,4896.009,33.37657,0.662304,34.43146875827175,24.58746531187158,0.0,8.1715125e-32,0.0,2.2955e-41,0.0,0.0,7.4985156,0.01034046,0.0,0.0
2275,4897.1377,32.744064,0.657471,34.14945703413037,24.57780308363659,0.0,1.287577e-30,0.0,2.035797e-39,0.0,0.0,7.1731133,0.0068095806,0.0,0.0
2276,4898.2646,33.009506,0.6595414,33.87275195532527,24.56816357924652,0.0,1.9156697e-29,0.0,1.6066211e-37,0.0,0.0,6.852941,0.0044344054,0.0,0.0
2277,4899.3936,33.011,0.65515685,33.60051561172403,24.558513381074214,0.0,2.7165235e-28,0.0,1.1454453e-35,0.0,0.0,6.537541,0.0028512774,0.0,0.0
2278,4900.521,32.202652,0.64805937,33.33375464706765,24.54888170562768,0.0,3.6421076e-27,0.0,7.2824006e-34,0.0,0.0,6.2284737,0.0018126292,0.0,0.0
2279,4901.6484,33.222073,0.6577213,33.07230964506225,24.53925602201552,0.0,4.6327924e-26,0.0,4.1519877e-32,0.0,0.0,5.925873,0.0011386736,0.0,0.0
2280,4902.779,32.302395,0.6429091,32.8157348285191,24.529611335880517,0.0,5.626871e-25,0.0,2.1443018e-30,0.0,0.0,5.629477,0.0007059359,0.0,0.0
2281,4903.9067,32.42691,0.6481638,32.56545291717992,24.519993473884078,0.0,6.4484374e-24,0.0,9.8447165e-29,0.0,0.0,5.3411446,0.00043290254,0.0,0.0
2282,4905.0376,31.852388,0.638685,32.3204578587437,24.510356635449078,0.0,7.054051e-23,0.0,4.091543e-27,0.0,0.0,5.0599003,0.00026197464,0.0,0.0
2283,4906.1655,30.992434,0.6365805,32.08217567615684,24.500750747275372,0.0,7.275004e-22,0.0,1.5099118e-25,0.0,0.0,4.7875433,0.00015685675,0.0,0.0
2284,4907.297,32.228413,0.6454336,31.84939850214466,24.49112174901854,0.0,7.166838e-21,0.0,5.048748e-24,0.0,0.0,4.5228386,9.265393e-05,0.0,0.0
2285,4908.426,31.672863,0.6358296,31.623432469285913,24.481519512989475,0.0,6.664145e-20,0.0,1.5018661e-22,0.0,0.0,4.2674074,5.414015e-05,0.0,0.0
2286,4909.555,30.27369,0.6240823,31.403737126913626,24.471919099267694,0.0,5.8838505e-19,0.0,4.0108417e-21,0.0,0.0,4.0207562,3.1252057e-05,0.0,0.0
2287,4910.6875,30.632273,0.6279836,31.18989550064487,24.462299776724993,0.0,4.954664e-18,0.0,9.679827e-20,0.0,0.0,3.7825387,1.7799191e-05,0.0,0.0
2288,4911.8174,31.62938,0.6358912,30.98292936522095,24.452707172660592,0.0,3.939129e-17,0.0,2.079396e-18,0.0,0.0,3.5539937,1.0028635e-05,0.0,0.0
2289,4912.9497,31.457693,0.6400926,30.781912270966814,24.443099827321248,0.0,2.9834104e-16,0.0,4.0290525e-17,0.0,0.0,3.3341904,5.576046e-06,0.0,0.0
2290,4914.08,30.288755,0.628203,30.587573448883663,24.433515025428306,0.0,2.1355998e-15,0.0,6.960466e-16,0.0,0.0,3.1240067,3.066476e-06,0.0,0.0
2291,4915.213,30.237387,0.62694204,30.399081342109092,24.42391550301772,0.0,1.4559034e-14,0.0,1.0839804e-14,0.0,0.0,2.92261,1.6640578e-06,0.0,0.0
2292,4916.3438,29.882359,0.65266097,30.217072574480714,24.41433849839125,0.0,9.3821645e-14,0.0,1.5055557e-13,0.0,0.0,2.7307327,8.931821e-07,0.0,0.0
2293,4917.475,29.90773,0.6501221,30.04102215641852,24.404763319126978,0.0,5.738805e-13,0.0,1.8759551e-12,0.0,0.0,2.5478523,4.7356534e-07,0.0,0.0
2294,4918.609,29.979216,0.6210039,29.870517881815275,24.395173452991262,0.0,3.341606e-12,0.0,2.1052595e-11,0.0,0.0,2.373569,2.4773883e-07,0.0,0.0
2295,4919.74,29.603577,0.6269779,29.706147175269432,24.385610194926894,0.0,1.838283e-11,0.0,2.105839e-10,0.0,0.0,2.2084854,1.2823064e-07,0.0,0.0
2296,4920.875,29.05373,0.6291305,29.54691274815914,24.376024018378143,0.0,9.638163e-11,0.0,1.899752e-09,0.0,0.0,2.0515838,6.5446606e-08,0.0,0.0
2297,4922.007,29.121428,0.6319895,29.393545911351826,24.366468545309548,0.0,4.771594e-10,0.0,1.5266776e-08,0.0,0.0,1.9035519,3.306049e-08,0.0,0.0
2298,4923.1416,29.245533,0.6329003,29.245089708578085,24.356894303122957,0.0,2.2491327e-09,0.0,1.10474424e-07,0.0,0.0,1.7634072,1.6471194e-08,0.0,0.0
2299,4924.275,29.446129,0.63025504,29.101962163617543,24.347338375815706,0.0,1.003223e-08,0.0,7.1419646e-07,0.0,0.0,1.6314741,8.115076e-09,0.0,0.0
2300,4925.407,30.78816,0.6432214,28.963923868702018,24.337796621925396,0.0,4.2380343e-08,0.0,4.1297267e-06,0.0,0.0,1.5074226,3.952747e-09,0.0,0.0
2301,4926.543,31.596079,0.6514561,28.830303258670828,24.32823202420598,0.0,1.704784e-07,0.0,2.1496773e-05,0.0,0.0,1.3905352,1.8980832e-09,0.0,0.0
2302,4927.6763,29.58532,0.6270491,28.701687411293847,24.31869392971299,0.0,6.4828134e-07,0.0,9.986613e-05,0.0,0.0,1.2811528,9.01939e-10,0.0,0.0
2303,4928.8125,28.636648,0.60555524,28.577497045539502,24.3091371329654,0.0,2.3452153e-06,0.0,0.0004170457,0.0,0.0,1.1784818,4.2261905e-10,0.0,0.0
2304,4929.9463,29.425276,0.60774523,28.458767523815297,24.29960680882546,0.0,8.021795e-06,0.0,0.0015549128,0.0,0.0,1.0827267,1.9596828e-10,0.0,0.0
2305,4931.083,29.476587,0.6147454,28.346505706210014,24.29005780808996,0.0,2.6094254e-05,0.0,0.0052078837,0.0,0.0,0.9931485,8.959854e-11,0.0,0.0
2306,4932.218,29.666147,0.612885,28.24532862955489,24.28053115140337,2.7e-44,8.031068e-05,0.0,0.015585917,0.0,0.0,0.90984917,4.0527515e-11,0.0,0.0
2307,4933.3525,30.09482,0.6239546,28.16406796348568,24.271010421385764,9.29e-43,0.00023434513,0.0,0.04176984,0.0,0.0,0.8323773,1.8111342e-11,0.0,0.0
2308,4934.4897,29.471872,0.6078871,28.119232616161767,24.261475148610078,2.2869e-41,0.000649709,0.0,0.1004197,0.0,0.0,0.7602946,7.982441e-12,0.0,0.0
2309,4935.625,29.037975,0.605195,28.13580778286416,24.251962179185096,5.34939e-40,0.0017046543,0.0,0.21582289,0.0,0.0,0.6935946,3.4807647e-12,0.0,0.0
2310,4936.763,28.557339,0.5942757,28.242144236629912,24.24243059969366,1.197124e-38,0.004249908,0.0,0.41597372,0.0,0.0,0.63171273,1.496282e-12,0.0,0.0
2311,4937.899,29.273092,0.59906477,28.456227438034375,24.232925388471404,2.5252145e-37,0.010024471,0.0,0.71671766,0.0,0.0,0.5746649,6.366121e-13,0.0,0.0
2312,4939.0376,29.792408,0.6040395,28.76965956543195,24.2234015927144,5.0938226e-36,0.022461057,0.0,1.1067016,0.0,0.0,0.52191055,2.6699544e-13,0.0,0.0
2313,4940.1743,29.235748,0.60187334,29.131365897867312,24.213900054606913,9.699515e-35,0.047637857,0.0,1.5284182,0.0,0.0,0.47341526,1.1079278e-13,0.0,0.0
2314,4941.3105,28.890713,0.5985767,29.458910347750194,24.20440850578781,1.7503965e-33,0.09574678,1.8e-44,1.8893777,0.0,0.0,0.42884552,4.5438056e-14,0.0,0.0
2315,4942.4497,30.093279,0.6082568,29.669537496028816,24.194898408113378,3.0193322e-32,0.1827186,2.245e-42,2.0911355,0.0,0.0,0.38782936,1.8367462e-14,0.0,0.0
2316,4943.5864,29.7946,0.6104774,29.722499805391784,24.185414600075234,4.9116616e-31,0.33005768,2.13729e-40,2.0710645,0.0,0.0,0.35032162,7.349398e-15,0.0,0.0
2317,4944.7266,29.914042,0.6121127,29.651675215036732,24.1759081986259,7.643666e-30,0.56602955,1.846781e-38,1.8351412,0.0,0.0,0.3159014,2.8971333e-15,0.0,0.0
2318,4945.8647,30.021368,0.63146436,29.557907360528212,24.1664239940388,1.1232371e-28,0.9191408,1.4200128e-36,1.4553384,0.0,0.0,0.2845146,1.1300459e-15,0.0,0.0
2319,4947.005,29.736843,0.65460354,29.56767466473541,24.156929431438062,1.5730658e-27,1.4156024,9.86215e-35,1.0321232,0.0,0.0,0.255841,4.347401e-16,0.0,0.0
2320,4948.143,29.80967,0.653372,29.78046906188653,24.147457035338146,2.0806223e-26,2.064782,6.0973542e-33,0.65536535,0.0,0.0,0.22977695,1.6549666e-16,0.0,0.0
2321,4949.2812,30.009054,0.6339089,30.231320169120682,24.13799053087796,2.6109509e-25,2.8544474,3.3806938e-31,0.37239644,0.0,0.0,0.20607948,6.2240127e-17,0.0,0.0
2322,4950.4224,30.303387,0.6169786,30.883795332188196,24.128505568975992,3.128264e-24,3.742458,1.697705e-29,0.18900761,0.0,0.0,0.18451488,2.3065357e-17,0.0,0.0
2323,4951.561,30.508469,0.62432176,31.637531907039573,24.119046793061187,3.5368475e-23,4.647401,7.580112e-28,0.08595286,0.0,0.0,0.1650142,8.462222e-18,0.0,0.0
2324,4952.703,31.285517,0.6381234,32.36657296024167,24.109565532728073,3.8205417e-22,5.4718685,3.0681408e-26,0.034875877,0.0,0.0,0.14731771,3.0576907e-18,0.0,0.0
2325,4953.843,32.194973,0.64225525,32.93518981347049,24.10011043315942,3.894917e-21,6.1029453,1.1044718e-24,0.012682983,0.0,0.0,0.13136613,1.0938273e-18,0.0,0.0
2326,4954.9854,32.369766,0.6373659,33.23839696260589,24.09063693179238,3.788588e-20,6.4510446,3.596013e-23,0.0041138427,0.0,0.0,0.11694259,3.8551942e-19,0.0,0.0
2327,4956.125,33.372883,0.6413205,33.2130473499354,24.08119360566419,3.4752797e-19,6.460763,1.0401923e-21,0.0011970474,0.0,0.0,0.10398743,1.3458664e-19,0.0,0.0
2328,4957.265,34.26236,0.6486467,32.855006325630576,24.071752108972625,3.0269303e-18,6.1316566,2.7012576e-20,0.00031142985,0.0,0.0,0.09233309,4.6394942e-20,0.0,0.0
2329,4958.408,32.461376,0.64131343,32.21177763445054,24.06229224579626,2.5143209e-17,5.5126247,6.3386706e-19,7.219787e-05,0.0,0.0,0.08184441,1.5755487e-20,0.0,0.0
2330,4959.5483,30.500866,0.61759084,31.37683195478442,24.052862502519957,1.9703093e-16,4.697452,1.3224646e-17,1.5026512e-05,0.0,0.0,0.07246765,5.3001844e-21,0.0,0.0
2331,4960.6924,29.19998,0.6020928,30.453828924043005,24.043406343590146,1.4745914e-15,3.7900336,2.4978692e-16,2.7810654e-06,0.0,0.0,0.06404791,1.7547096e-21,0.0,0.0
2332,4961.8335,27.177387,0.58027136,29.551329603591242,24.033980274407128,1.0413156e-14,2.8988602,4.1963478e-15,4.6227436e-07,0.0,0.0,0.056544643,5.7548733e-22,0.0,0.0
2333,4962.978,27.053036,0.58184767,28.744040698615127,24.024531859440128,7.014119e-14,2.0987105,6.369032e-14,6.832158e-08,0.0,0.0,0.049831275,1.8581769e-22,0.0,0.0
2334,4964.119,26.434717,0.572505,28.08337628273862,24.015117526197635,4.455497e-13,1.4409752,8.592587e-13,9.081222e-09,0.0,0.0,0.04386972,5.9469106e-23,0.0,0.0
2335,4965.264,26.295301,0.5770903,27.579638471763,24.005676847665278,2.7007897e-12,0.93600065,1.04771036e-11,1.0715261e-09,0.0,0.0,0.038549967,1.8726998e-23,0.0,0.0
2336,4966.4062,26.384903,0.57358766,27.2256277490611,23.996266188622567,1.5454443e-11,0.57663375,1.13731406e-10,1.136613e-10,0.0,0.0,0.033838715,5.8426174e-24,0.0,0.0
2337,4967.549,26.199575,0.5668078,26.994908948303085,23.986857361694938,8.3932125e-11,0.33649132,1.1073807e-09,1.0769937e-11,0.0,0.0,0.02965973,1.799748e-24,0.0,0.0
2338,4968.695,26.115543,0.56723535,26.85756445431188,23.977426266729413,4.3438914e-10,0.1856851,9.7225e-09,9.055882e-13,0.0,0.0,0.025949795,5.456875e-25,0.0,0.0
2339,4969.838,26.737022,0.5710603,26.786434136986752,23.96802514118362,2.1229363e-09,0.0972132,7.604445e-08,6.8499995e-14,0.0,0.0,0.022679586,1.6393387e-25,0.0,0.0
2340,4970.9834,26.151888,0.5734583,26.75855871312501,23.9586098018463,9.8708615e-09,0.048140712,5.3504897e-07,4.6052605e-15,0.0,0.0,0.019787753,4.8521833e-26,0.0,0.0
2341,4972.1274,25.885813,0.57942206,26.75788855834568,23.949212358090474,4.343366e-08,0.02260212,3.363612e-06,2.7768903e-16,0.0,0.0,0.017243234,1.4208462e-26,0.0,0.0
2342,4973.274,26.665133,0.6133708,26.773825545434455,23.939800725533054,1.8176922e-07,0.010034251,1.900942e-05,1.4872178e-17,0.0,0.0,0.015000211,4.098903e-27,0.0,0.0
2343,4974.4175,27.552862,0.61432475,26.799922458679752,23.930418987417788,7.1868647e-07,0.0042284993,9.5805175e-05,7.1728894e-19,0.0,0.0,0.0130351605,1.1717377e-27,0.0,0.0
2344,4975.562,27.533411,0.5959815,26.8328165230352,23.92103507686482,2.697611e-06,0.0016866771,0.00043310114,3.0841723e-20,0.0,0.0,0.011310162,3.305164e-28,0.0,0.0
2345,4976.7095,27.65808,0.580651,26.871359460983008,23.91163300529974,9.631742e-06,0.00063565193,0.0017597144,1.1752413e-21,0.0,0.0,0.009795956,9.1789496e-29,0.0,0.0
2346,4977.8545,26.223743,0.5622836,26.91664742007414,23.902256781172024,3.2517175e-05,0.00022736221,0.0063836225,4.029701e-23,0.0,0.0,0.008475029,2.5248252e-29,0.0,0.0
2347,4979.0024,26.85144,0.5692356,26.9748069079985,23.892862420933596,0.0001043918,7.681005e-05,0.020799771,1.2236932e-24,0.0,0.0,0.0073190955,6.837025e-30,0.0,0.0
2348,4980.148,28.027613,0.58937114,27.060863385301634,23.883493878233782,0.00031694397,2.4632589e-05,0.06053206,3.344994e-26,0.0,0.0,0.006313824,1.8338396e-30,0.0,0.0
2349,4981.296,28.292112,0.6429192,27.20743576368451,23.874111213969368,0.00091435586,7.462567e-06,0.15806125,8.105463e-28,0.0,0.0,0.0054371757,4.8447177e-31,0.0,0.0
2350,4982.442,28.847864,0.6492862,27.470214847392075,23.864750345217093,0.0024962544,2.1454716e-06,0.36893684,1.7659222e-29,0.0,0.0,0.0046767914,1.267093e-31,0.0,0.0
2351,4983.5884,29.942163,0.656059,27.928608717151832,23.85539131362637,0.006463649,5.838554e-07,0.77133286,3.4318807e-31,0.0,0.0,0.0040167784,3.2714648e-32,0.0,0.0
2352,4984.738,29.344805,0.6473744,28.666272016011785,23.846014210490733,0.015902214,1.4994332e-07,1.4459778,5.8965037e-33,0.0,0.0,0.0034436577,8.313758e-33,0.0,0.0
2353,4985.8843,29.765854,0.64267933,29.718784673754005,23.836666832555487,0.037002824,3.6593004e-08,2.4228156,9.144457e-35,0.0,0.0,0.0029492718,2.0941559e-33,0.0,0.0
2354,4987.0337,31.2018,0.6663572,31.034316214392145,23.827301402890654,0.081787124,8.425328e-09,3.638009,1.2530773e-36,0.0,0.0,0.0025212655,5.1917297e-34,0.0,0.0
2355,4988.181,31.783102,0.65456986,32.427950889142444,23.817957709136348,0.17112517,1.8415098e-09,4.886302,1.5448888e-38,0.0,0.0,0.0021528786,1.2743184e-34,0.0,0.0
2356,4989.332,31.469173,0.6681483,33.644305785706734,23.808592021024033,0.3400783,3.7933415e-10,5.877294,1.6784e-40,0.0,0.0,0.0018348299,3.0763135e-35,0.0,0.0
2357,4990.48,34.18834,0.68029034,34.446462298988294,23.79925599362064,0.6394693,7.428472e-11,6.3238587,1.648e-42,0.0,0.0,0.001562177,7.361834e-36,0.0,0.0
2358,4991.628,35.26895,0.6711293,34.769349687643604,23.789925773175884,1.1397915,1.3774933e-11,6.0905995,1.5e-44,0.0,0.0,0.0013281446,1.7400717e-36,0.0,0.0
2359,4992.779,35.758167,0.6636758,34.770309324796386,23.780577565262558,1.9281782,2.4078877e-12,5.2478943,0.0,0.0,0.0,0.0011270947,4.0472213e-37,0.0,0.0
2360,4993.9272,35.75501,0.6663182,34.78448423266,23.771254996245407,3.088196,3.9999793e-13,4.047886,0.0,0.0,0.0,0.00095544796,9.3264075e-38,0.0,0.0
2361,4995.079,36.285557,0.6770649,35.186042282215524,23.761910504437655,4.6936684,6.2567274e-14,2.790955,0.0,0.0,0.0,0.0008083849,2.1133701e-38,0.0,0.0
2362,4996.2285,37.89556,0.69643164,36.23068778911175,23.752591626793485,6.7548428,9.301888e-15,1.7231326,0.0,0.0,0.0,0.00068322325,4.744759e-39,0.0,0.0
2363,4997.3804,36.589367,0.68482405,37.97190859765122,23.743258770930865,9.219026,1.3038087e-15,0.9506839,0.0,0.0,0.0,0.0005764086,1.048761e-39,0.0,0.0
2364,4998.5303,38.640533,0.7059481,40.236817972525266,23.733947542082994,11.917677,1.7358719e-16,0.46974233,0.0,0.0,0.0,0.000485738,2.2953e-40,0.0,0.0
2365,4999.6797,40.504894,0.7216916,42.70179113876917,23.724646055404136,14.599945,2.1899896e-17,0.2077558,0.0,0.0,0.0,0.00040877622,4.9654e-41,0.0,0.0
2366,5000.8325,42.35531,0.74825966,44.976118602637044,23.71532271726018,16.95799,2.599198e-18,0.08198384,0.0,0.0,0.0,0.0003433392,1.0567e-41,0.0,0.0
2367,5001.983,45.971844,0.8345321,46.66361327096709,23.706024916812368,18.659536,2.9334908e-19,0.028998472,0.0,0.0,0.0,0.00028807114,2.225e-42,0.0,0.0
2368,5003.1367,50.665203,0.8924729,47.47861482650699,23.69670529926446,19.458637,3.113299e-20,0.009143943,0.0,0.0,0.0,0.00024122743,4.7e-43,0.0,0.0
2369,5004.288,52.61664,0.87029094,47.271477897810456,23.68741119476798,19.225906,3.1424347e-21,0.0025851615,0.0,0.0,0.0,0.00020178693,8.7e-44,0.0,0.0
2370,5005.442,52.584496,0.8732215,46.06917224165646,23.678103183167522,17.99707,2.98741e-22,0.00065179396,0.0,0.0,0.0,0.00016848904,1.7e-44,0.0,0.0
2371,5006.593,47.781662,0.8860213,44.06239791743658,23.668824585571677,15.966363,2.7044742e-23,0.00014750878,0.0,0.0,0.0,0.00014054858,0.0,0.0,0.0
2372,5007.745,42.76166,0.82336503,41.53601718028614,23.659539956496072,13.419778,2.3104097e-24,2.9801557e-05,0.0,0.0,0.0,0.00011704656,0.0,0.0,0.0
2373,5008.8994,38.833664,0.71752644,38.815001833383846,23.650245382563572,10.682765,1.8601801e-25,5.368627e-06,0.0,0.0,0.0,9.730412e-05,0.0,0.0,0.0
2374,5010.052,33.406128,0.6858176,36.20414430518083,23.640972312563648,8.060394,1.4235909e-26,8.673818e-07,0.0,0.0,0.0,8.080083e-05,0.0,0.0,0.0
2375,5011.2075,31.119675,0.6548154,33.90703892231629,23.631677530636505,5.7563643,1.0231268e-27,1.2459395e-07,0.0,0.0,0.0,6.696319e-05,0.0,0.0,0.0
2376,5012.36,30.121843,0.64761865,32.05159320242543,23.622416007332173,3.8987415,7.013807e-29,1.6095623e-08,0.0,0.0,0.0,5.5446286e-05,0.0,0.0,0.0
2377,5013.516,30.534859,0.64905244,30.64820934885025,23.61312887576476,2.4980106,4.5086125e-30,1.8457094e-09,0.0,0.0,0.0,4.5814715e-05,0.0,0.0,0.0
2378,5014.6694,30.512794,0.6574384,29.660652845109468,23.60387104536854,1.5179971,2.7619206e-31,1.9026637e-10,0.0,0.0,0.0,3.7820097e-05,0.0,0.0,0.0
2379,5015.8228,29.309319,0.61078876,29.004134713354812,23.59461897232891,0.87396544,1.6012897e-32,1.7538082e-11,0.0,0.0,0.0,3.117575e-05,0.0,0.0,0.0
2380,5016.9795,28.401665,0.599882,28.588482118323274,23.58534525798233,0.47582754,8.710674e-34,1.4346276e-12,0.0,0.0,0.0,2.5646894e-05,0.0,0.0,0.0
2381,5018.1333,28.638412,0.59134096,28.33599323327859,23.576100791020277,0.2457937,4.5172606e-35,1.05576944e-13,0.0,0.0,0.0,2.1078618e-05,0.0,0.0,0.0
2382,5019.291,28.45981,0.5870419,28.182659193017873,23.56683080339219,0.119985335,2.1943001e-36,6.8817048e-15,0.0,0.0,0.0,1.7287533e-05,0.0,0.0,0.0
2383,5020.446,27.684626,0.5774266,28.08585680040346,23.557590033815583,0.05558157,1.0163453e-37,4.0370183e-16,0.0,0.0,0.0,1.4164964e-05,0.0,0.0,0.0
2384,5021.603,27.124922,0.57734114,28.017256671456956,23.548335493389125,0.024346681,4.425085e-39,2.1036004e-17,0.0,0.0,0.0,1.1584769e-05,0.0,0.0,0.0
2385,5022.759,28.035051,0.59847444,27.960888611761835,23.539098423454266,0.010111948,1.83022e-40,9.832779e-19,0.0,0.0,0.0,9.463298e-06,0.0,0.0,0.0
2386,5023.914,29.881624,0.66436476,27.907926708236502,23.529870999649958,0.0039797286,7.177e-42,4.113399e-20,0.0,0.0,0.0,7.7198365e-06,0.0,0.0,0.0
2387,5025.0723,28.557522,0.91278744,27.853863435106213,23.520625935212628,0.0014798681,2.63e-43,1.525091e-21,0.0,0.0,0.0,6.285227e-06,0.0,0.0,0.0
2388,5026.2285,28.399128,0.72915953,27.796956888476597,23.51140220834186,0.00052206457,8e-45,5.080912e-23,0.0,0.0,0.0,5.1115985e-06,0.0,0.0,0.0
2389,5027.3877,28.22202,0.72726,27.73618038509016,23.502160869855512,0.00017394709,0.0,1.499098e-24,0.0,0.0,0.0,4.1489247e-06,0.0,0.0,0.0
2390,5028.5444,28.585138,0.74176633,27.671600093207907,23.49294473850845,5.501712e-05,0.0,3.981314e-26,0.0,0.0,0.0,3.3641595e-06,0.0,0.0,0.0
2391,5029.7036,29.197893,0.632988,27.60297864279582,23.48371490634517,1.643828e-05,0.0,9.372908e-28,0.0,0.0,0.0,2.7226702e-06,0.0,0.0,0.0
2392,5030.8604,28.765345,0.58483815,27.530747657035366,23.474510247295488,4.663397e-06,0.0,1.9871516e-29,0.0,0.0,0.0,2.2012991e-06,0.0,0.0,0.0
2393,5032.018,28.733812,0.579672,27.454891737022855,23.46530354734748,1.2515945e-06,0.0,3.7518636e-31,0.0,0.0,0.0,1.7768717e-06,0.0,0.0,0.0
2394,5033.178,26.953754,0.5692969,27.375514705648627,23.45608317786055,3.1718568e-07,0.0,6.2736986e-33,0.0,0.0,0.0,1.4315497e-06,0.0,0.0,0.0
2395,5034.3364,27.876564,0.57500875,27.293146316066686,23.446884063211538,7.629492e-08,0.0,9.4354033e-35,0.0,0.0,0.0,1.1520851e-06,0.0,0.0,0.0
2396,5035.497,27.760506,0.56664884,27.207712037793062,23.43767129823309,1.7323867e-08,0.0,1.2560571e-36,0.0,0.0,0.0,9.254069e-07,0.0,0.0,0.0
2397,5036.656,25.874554,0.5481384,27.119782332735962,23.428479763815805,3.7341077e-09,0.0,1.5043226e-38,0.0,0.0,0.0,7.425237e-07,0.0,0.0,0.0
2398,5037.817,26.315655,0.5548969,27.029276280839227,23.419274598250155,7.5958556e-10,0.0,1.59382e-40,0.0,0.0,0.0,5.9464077e-07,0.0,0.0,0.0
2399,5038.976,26.10217,0.5529508,26.936796141466388,23.41009063899637,1.4669621e-10,0.0,1.518e-42,0.0,0.0,0.0,4.7569674e-07,0.0,0.0,0.0
2400,5040.1353,25.525349,0.5470385,26.842452775327654,23.40091239248524,2.6826728e-11,0.0,8e-45,0.0,0.0,0.0,3.799927e-07,0.0,0.0,0.0
2401,5041.2974,25.281029,0.5412512,26.74626829682858,23.391716678587468,4.6245555e-12,0.0,0.0,0.0,0.0,0.0,3.0292887e-07,0.0,0.0,0.0
2402,5042.457,25.977943,0.54926336,26.648952536179028,23.382545997236875,7.575978e-13,0.0,0.0,0.0,0.0,0.0,2.4125768e-07,0.0,0.0,0.0
2403,5043.62,26.577751,0.5563805,26.55027891192801,23.37335401468977,1.1686279e-13,0.0,0.0,0.0,0.0,0.0,1.9173275e-07,0.0,0.0,0.0
2404,5044.7803,25.774427,0.5526468,26.45105122797316,23.36419089583143,1.7147316e-14,0.0,0.0,0.0,0.0,0.0,1.5224059e-07,0.0,0.0,0.0
2405,5045.944,25.563196,0.547583,26.3509885567822,23.355006504471405,2.3682226e-15,0.0,0.0,0.0,0.0,0.0,1.2062439e-07,0.0,0.0,0.0
2406,5047.1045,24.48609,0.5356271,26.250895594185806,23.345850943030804,3.111947e-16,0.0,0.0,0.0,0.0,0.0,9.549094e-08,0.0,0.0,0.0
2407,5048.2656,25.103596,0.5377868,26.1507329560898,23.336697226545045,3.868154e-17,0.0,0.0,0.0,0.0,0.0,7.547676e-08,0.0,0.0,0.0
2408,5049.429,25.811066,0.5494475,26.050580151416224,23.32752997438266,4.5313248e-18,0.0,0.0,0.0,0.0,0.0,5.9540888e-08,0.0,0.0,0.0
2409,5050.591,25.548899,0.5556687,25.951057356602895,23.318383807714742,5.043075e-19,0.0,0.0,0.0,0.0,0.0,4.691977e-08,0.0,0.0,0.0
2410,5051.756,25.536547,0.558594,25.85194132716801,23.30921644248024,5.2779422e-20,0.0,0.0,0.0,0.0,0.0,3.6894193e-08,0.0,0.0,0.0
2411,5052.918,25.455698,0.546941,25.753998933955856,23.300077825334355,5.258446e-21,0.0,0.0,0.0,0.0,0.0,2.8985879e-08,0.0,0.0,0.0
2412,5054.083,26.21484,0.55126685,25.65695473589123,23.29092187434426,4.9297233e-22,0.0,0.0,0.0,0.0,0.0,2.2725558e-08,0.0,0.0,0.0
2413,5055.246,25.4866,0.5421045,25.561426704181507,23.28178696546621,4.3917654e-23,0.0,0.0,0.0,0.0,0.0,1.779855e-08,0.0,0.0,0.0
2414,5056.4116,24.729755,0.53523856,25.467254199054743,23.272638582649265,3.684028e-24,0.0,0.0,0.0,0.0,0.0,1.3912193e-08,0.0,0.0,0.0
2415,5057.5747,25.21108,0.53681964,25.37502104302773,23.26351504690357,2.9402557e-25,0.0,0.0,0.0,0.0,0.0,1.086415e-08,0.0,0.0,0.0
2416,5058.7383,25.69114,0.5410253,25.284669426447607,23.254393357872623,2.2187938e-26,0.0,0.0,0.0,0.0,0.0,8.470616e-09,0.0,0.0,0.0
2417,5059.905,25.122725,0.5440946,25.196186190728106,23.24525439664668,1.5742182e-27,0.0,0.0,0.0,0.0,0.0,6.5905836e-09,0.0,0.0,0.0
2418,5061.069,26.121365,0.549456,25.11013888881656,23.236140241725778,1.0629079e-28,0.0,0.0,0.0,0.0,0.0,5.1230105e-09,0.0,0.0,0.0
2419,5062.236,24.277802,0.53738934,25.026279352906695,23.22700883825931,6.745357e-30,0.0,0.0,0.0,0.0,0.0,3.9738635e-09,0.0,0.0,0.0
2420,5063.4004,23.406029,0.52266145,24.94513192982906,23.217902212355842,4.0745206e-31,0.0,0.0,0.0,0.0,0.0,3.0796026e-09,0.0,0.0,0.0
2421,5064.5684,24.639603,0.5357097,24.866417509727746,23.208774546798058,2.309692e-32,0.0,0.0,0.0,0.0,0.0,2.3812898e-09,0.0,0.0,0.0
2422,5065.7334,24.049305,0.5236059,24.790681608813426,23.199675447191215,1.2479493e-33,0.0,0.0,0.0,0.0,0.0,1.8398024e-09,0.0,0.0,0.0
2423,5066.8984,23.946705,0.52335405,24.71782884037136,23.1905820061044,6.38127e-35,0.0,0.0,0.0,0.0,0.0,1.4193671e-09,0.0,0.0,0.0
2424,5068.067,24.093124,0.52623874,24.647754941048458,23.181467565459435,3.0604692e-36,0.0,0.0,0.0,0.0,0.0,1.0925634e-09,0.0,0.0,0.0
2425,5069.233,23.8648,0.54611653,24.580900082160436,23.172377833052078,1.3977621e-37,0.0,0.0,0.0,0.0,0.0,8.4023055e-10,0.0,0.0,0.0
2426,5070.402,23.472404,0.54549074,24.51703725975003,23.163270936969308,5.992998e-39,0.0,0.0,0.0,0.0,0.0,6.447962e-10,0.0,0.0,0.0
2427,5071.5684,23.84363,0.5566445,24.456528394025234,23.154188720488573,2.44737e-40,0.0,0.0,0.0,0.0,0.0,4.9436544e-10,0.0,0.0,0.0
2428,5072.738,24.97649,0.5656373,24.399159169353204,23.145089363829722,9.372e-42,0.0,0.0,0.0,0.0,0.0,3.782184e-10,0.0,0.0,0.0
2429,5073.905,24.21308,0.55844814,24.345246392735472,23.13601465817056,3.55e-43,0.0,0.0,0.0,0.0,0.0,2.8909491e-10,0.0,0.0,0.0
2430,5075.072,23.56811,0.52801055,24.294712405902512,23.126945596218363,0.0,0.0,0.0,0.0,0.0,0.0,2.206482e-10,0.0,0.0,0.0
2431,5076.242,23.828808,0.5205975,24.24746188296968,23.117855635853413,0.0,0.0,0.0,0.0,0.0,0.0,1.6802462e-10,0.0,0.0,0.0
2432,5077.4097,23.93676,0.52533954,24.2037849243338,23.108794074711014,0.0,0.0,0.0,0.0,0.0,0.0,1.2785029e-10,0.0,0.0,0.0
2433,5078.5806,23.684685,0.5210011,24.163472758462408,23.09971164329119,0.0,0.0,0.0,0.0,0.0,0.0,9.706025e-11,0.0,0.0,0.0
2434,5079.7495,23.732199,0.5221153,24.126736688500593,23.09065000992204,0.0,0.0,0.0,0.0,0.0,0.0,7.361034e-11,0.0,0.0,0.0
2435,5080.921,23.161087,0.5149581,24.09345681617671,23.081575107022186,0.0,0.0,0.0,0.0,0.0,0.0,5.571119e-11,0.0,0.0,0.0
2436,5082.0894,23.919199,0.5240081,24.06379431070561,23.072528536890285,0.0,0.0,0.0,0.0,0.0,0.0,4.213145e-11,0.0,0.0,0.0
2437,5083.259,24.369635,0.5275698,24.03764851662287,23.063480037148466,0.0,0.0,0.0,0.0,0.0,0.0,3.1807338e-11,0.0,0.0,0.0
2438,5084.4307,24.413074,0.52291465,24.015005258558688,23.05441829345065,0.0,0.0,0.0,0.0,0.0,0.0,2.3963507e-11,0.0,0.0,0.0
2439,5085.6,24.188713,0.5238997,23.995959390224314,23.04538105825895,0.0,0.0,0.0,0.0,0.0,0.0,1.8037991e-11,0.0,0.0,0.0
2440,5086.773,23.829624,0.5152087,23.98041699595642,23.036323053300663,0.0,0.0,0.0,0.0,0.0,0.0,1.3546266e-11,0.0,0.0,0.0
2441,5087.944,24.841564,0.52670515,23.968450438014454,23.027285765629564,0.0,0.0,0.0,0.0,0.0,0.0,1.0162825e-11,0.0,0.0,0.0
2442,5089.1167,23.767778,0.5199479,23.960012694052185,23.01823904101418,0.0,0.0,0.0,0.0,0.0,0.0,7.609513e-12,0.0,0.0,0.0
2443,5090.2876,23.74293,0.51133716,23.955121194121116,23.00921300529554,0.0,0.0,0.0,0.0,0.0,0.0,5.6919838e-12,0.0,0.0,0.0
2444,5091.4585,24.289513,0.52329504,23.953748465659082,23.000192583677748,0.0,0.0,0.0,0.0,0.0,0.0,4.251357e-12,0.0,0.0,0.0
2445,5092.6323,24.245426,0.52385896,23.955890372923186,22.991155222582798,0.0,0.0,0.0,0.0,0.0,0.0,3.1683196e-12,0.0,0.0,0.0
2446,5093.804,24.086359,0.5212796,23.961527529120538,22.982138517258285,0.0,0.0,0.0,0.0,0.0,0.0,2.3588375e-12,0.0,0.0,0.0
2447,5094.9785,23.952324,0.5168573,23.970666949496476,22.973108653767948,0.0,0.0,0.0,0.0,0.0,0.0,1.7524812e-12,0.0,0.0,0.0
2448,5096.1514,23.175138,0.5097801,23.983264167437287,22.96409567130409,0.0,0.0,0.0,0.0,0.0,0.0,1.3005388e-12,0.0,0.0,0.0
2449,5097.3267,24.206266,0.5201624,23.999346268146724,22.95506955382081,0.0,0.0,0.0,0.0,0.0,0.0,9.631108e-13,0.0,0.0,0.0
2450,5098.499,24.300615,0.51602006,24.01881603114032,22.946071542423482,0.0,0.0,0.0,0.0,0.0,0.0,7.1270436e-13,0.0,0.0,0.0
2451,5099.672,23.366318,0.5122436,24.041697149556814,22.937075381558547,0.0,0.0,0.0,0.0,0.0,0.0,5.265537e-13,0.0,0.0,0.0
2452,5100.848,24.3267,0.52541286,24.068038581287073,22.928058622752445,0.0,0.0,0.0,0.0,0.0,0.0,3.881009e-13,0.0,0.0,0.0
2453,5102.0215,23.595,0.51495844,24.097673572171107,22.91906992303142,0.0,0.0,0.0,0.0,0.0,0.0,2.8584418e-13,0.0,0.0,0.0
2454,5103.198,23.416994,0.5163952,24.130735644702085,22.91006065309421,0.0,0.0,0.0,0.0,0.0,0.0,2.1002866e-13,0.0,0.0,0.0
2455,5104.372,24.486551,0.519082,24.167016737719162,22.901079409380387,0.0,0.0,0.0,0.0,0.0,0.0,1.5421045e-13,0.0,0.0,0.0
2456,5105.549,24.604319,0.52620506,24.206664418729776,22.892081355604052,0.0,0.0,0.0,0.0,0.0,0.0,1.1297007e-13,0.0,0.0,0.0
2457,5106.7236,24.273497,0.5247413,24.249480230286263,22.883103830292285,0.0,0.0,0.0,0.0,0.0,0.0,8.267843e-14,0.0,0.0,0.0
2458,5107.8984,25.526007,0.5763745,24.295487017793274,22.874131889504945,0.0,0.0,0.0,0.0,0.0,0.0,6.041872e-14,0.0,0.0,0.0
2459,5109.076,24.431948,0.5642442,24.344767327636664,22.86514317545309,0.0,0.0,0.0,0.0,0.0,0.0,4.405161e-14,0.0,0.0,0.0
2460,5110.252,24.49925,0.5285604,24.39707280319659,22.856174956974634,0.0,0.0,0.0,0.0,0.0,0.0,3.208704e-14,0.0,0.0,0.0
2461,5111.43,24.794867,0.5263526,24.452547903556823,22.847193713684057,0.0,0.0,0.0,0.0,0.0,0.0,2.3321766e-14,0.0,0.0,0.0
2462,5112.606,25.160172,0.53334236,24.510906190971916,22.838236661057042,0.0,0.0,0.0,0.0,0.0,0.0,1.6936827e-14,0.0,0.0,0.0
2463,5113.7847,25.31936,0.5322157,24.57235315297926,22.829262881029482,0.0,0.0,0.0,0.0,0.0,0.0,1.2271671e-14,0.0,0.0,0.0
2464,5114.9614,24.81561,0.52872056,24.63657143724085,22.820309549690485,0.0,0.0,0.0,0.0,0.0,0.0,8.882962e-15,0.0,0.0,0.0
2465,5116.1387,25.049913,0.52689767,24.703616005339928,22.811358076491654,0.0,0.0,0.0,0.0,0.0,0.0,6.4195255e-15,0.0,0.0,0.0
2466,5117.3184,24.725641,0.5203208,24.77352924273276,22.802393626430266,0.0,0.0,0.0,0.0,0.0,0.0,4.629176e-15,0.0,0.0,0.0
2467,5118.495,25.278381,0.5299562,24.845905994212995,22.793457006252176,0.0,0.0,0.0,0.0,0.0,0.0,3.3358605e-15,0.0,0.0,0.0
2468,5119.676,25.19216,0.5249968,24.921079393977326,22.78449630414883,0.0,0.0,0.0,0.0,0.0,0.0,2.3976396e-15,0.0,0.0,0.0
2469,5120.8535,24.222721,0.52057785,24.99851910768094,22.77556340394559,0.0,0.0,0.0,0.0,0.0,0.0,1.7221264e-15,0.0,0.0,0.0
2470,5122.034,24.527758,0.5239839,25.07850517595885,22.766613858591295,0.0,0.0,0.0,0.0,0.0,0.0,1.2340625e-15,0.0,0.0,0.0
2471,5123.213,25.696875,0.5363339,25.16059849125879,22.757684682436157,0.0,0.0,0.0,0.0,0.0,0.0,8.834734e-16,0.0,0.0,0.0
2472,5124.3916,25.269335,0.5310718,25.244810465405703,22.748761061261416,0.0,0.0,0.0,0.0,0.0,0.0,6.3153697e-16,0.0,0.0,0.0
2473,5125.573,24.774887,0.52668566,25.331234329293878,22.739820831369073,0.0,0.0,0.0,0.0,0.0,0.0,4.503897e-16,0.0,0.0,0.0
2474,5126.7524,25.315521,0.5358108,25.41934304440653,22.730904628879188,0.0,0.0,0.0,0.0,0.0,0.0,3.209435e-16,0.0,0.0,0.0
2475,5127.9346,25.999075,0.53616893,25.50940284205216,22.721971840388953,0.0,0.0,0.0,0.0,0.0,0.0,2.281637e-16,0.0,0.0,0.0
2476,5129.114,25.61058,0.5332811,25.60081640962458,22.713066737688546,0.0,0.0,0.0,0.0,0.0,0.0,1.6209871e-16,0.0,0.0,0.0
2477,5130.297,25.950773,0.53683275,25.693966047299668,22.704137699139878,0.0,0.0,0.0,0.0,0.0,0.0,1.1485883e-16,0.0,0.0,0.0
2478,5131.477,26.10023,0.5386019,25.788153760856577,22.6952363185348,0.0,0.0,0.0,0.0,0.0,0.0,8.133286e-17,0.0,0.0,0.0
2479,5132.6577,25.80946,0.53780466,25.883482733057853,22.686336794184562,0.0,0.0,0.0,0.0,0.0,0.0,5.74979e-17,0.0,0.0,0.0
2480,5133.8413,26.08799,0.53836495,25.97998369480872,22.677420742767094,0.0,0.0,0.0,0.0,0.0,0.0,4.0551388e-17,0.0,0.0,0.0
2481,5135.0225,26.606995,0.54218143,26.077042169610742,22.66852862362075,0.0,0.0,0.0,0.0,0.0,0.0,2.8577108e-17,0.0,0.0,0.0
2482,5136.206,26.276983,0.5368359,26.174876501122874,22.65962367252485,0.0,0.0,0.0,0.0,0.0,0.0,2.0093701e-17,0.0,0.0,0.0
2483,5137.388,26.910955,0.5484447,26.272977731610833,22.650735280896722,0.0,0.0,0.0,0.0,0.0,0.0,1.4113544e-17,0.0,0.0,0.0
2484,5138.5723,26.968763,0.55174464,26.371439131040862,22.641837747831634,0.0,0.0,0.0,0.0,0.0,0.0,9.892348e-18,0.0,0.0,0.0
2485,5139.7544,27.323803,0.5532541,26.46974216148606,22.63296042129746,0.0,0.0,0.0,0.0,0.0,0.0,6.9272646e-18,0.0,0.0,0.0
2486,5140.937,27.252012,0.5464083,26.567893984735843,22.624084952295657,0.0,0.0,0.0,0.0,0.0,0.0,4.8428765e-18,0.0,0.0,0.0
2487,5142.1226,26.701138,0.575667,26.665897516682957,22.615193037465428,0.0,0.0,0.0,0.0,0.0,0.0,3.3775602e-18,0.0,0.0,0.0
2488,5143.3057,26.830696,0.57547235,26.763109017752925,22.606324960135737,0.0,0.0,0.0,0.0,0.0,0.0,2.3537832e-18,0.0,0.0,0.0
2489,5144.491,27.052788,0.54566604,26.85972791803843,22.59744411600596,0.0,0.0,0.0,0.0,0.0,0.0,1.6366182e-18,0.0,0.0,0.0
2490,5145.675,27.007303,0.5442648,26.955197764628835,22.588583422892995,0.0,0.0,0.0,0.0,0.0,0.0,1.136922e-18,0.0,0.0,0.0
2491,5146.862,27.681496,0.55204755,27.04975158132854,22.579702676909594,0.0,0.0,0.0,0.0,0.0,0.0,7.8776323e-19,0.0,0.0,0.0
2492,5148.0454,27.13237,0.5468312,27.142646096471683,22.570853017095462,0.0,0.0,0.0,0.0,0.0,0.0,5.455844e-19,0.0,0.0,0.0
2493,5149.2324,26.144016,0.53415346,27.23422644512198,22.561983326835847,0.0,0.0,0.0,0.0,0.0,0.0,3.7688445e-19,0.0,0.0,0.0
2494,5150.417,27.51326,0.5460539,27.323850720483158,22.553137391167972,0.0,0.0,0.0,0.0,0.0,0.0,2.601506e-19,0.0,0.0,0.0
2495,5151.6025,27.59512,0.5492377,27.411593996137842,22.544289671034083,0.0,0.0,0.0,0.0,0.0,0.0,1.7924602e-19,0.0,0.0,0.0
2496,5152.7905,28.565119,0.5577021,27.49737621771587,22.535429253451955,0.0,0.0,0.0,0.0,0.0,0.0,1.2321972e-19,0.0,0.0,0.0
2497,5153.9756,28.504345,0.5635136,27.580642343774507,22.52659618975229,0.0,0.0,0.0,0.0,0.0,0.0,8.4654976e-20,0.0,0.0,0.0
2498,5155.164,27.940773,0.55726016,27.661667878278575,22.51774316514381,0.0,0.0,0.0,0.0,0.0,0.0,5.800848e-20,0.0,0.0,0.0
2499,5156.3496,28.055954,0.5521258,27.739865433704203,22.50891746236021,0.0,0.0,0.0,0.0,0.0,0.0,3.9726057e-20,0.0,0.0,0.0
2500,5157.539,28.598122,0.5639335,27.815532213711958,22.500068193936567,0.0,0.0,0.0,0.0,0.0,0.0,2.7130425e-20,0.0,0.0,0.0
2501,5158.7256,28.4798,0.5608258,27.888092037400977,22.49124621983506,0.0,0.0,0.0,0.0,0.0,0.0,1.8517512e-20,0.0,0.0,0.0
2502,5159.912,28.683147,0.5638803,27.957609404608167,22.482429732366956,0.0,0.0,0.0,0.0,0.0,0.0,1.26196605e-20,0.0,0.0,0.0
2503,5161.102,28.307528,0.5616666,28.024152397160478,22.4735933532762,0.0,0.0,0.0,0.0,0.0,0.0,8.577674e-21,0.0,0.0,0.0
2504,5162.2896,28.042116,0.55068433,28.087284353229176,22.46478059575237,0.0,0.0,0.0,0.0,0.0,0.0,5.8260604e-21,0.0,0.0,0.0
2505,5163.48,28.154202,0.5548626,28.14719906137795,22.455951598151632,0.0,0.0,0.0,0.0,0.0,0.0,3.9473014e-21,0.0,0.0,0.0
2506,5164.6675,27.942364,0.5565418,28.20351844980033,22.44714981271537,0.0,0.0,0.0,0.0,0.0,0.0,2.6728752e-21,0.0,0.0,0.0
2507,5165.859,28.060863,0.5593916,28.25649845868928,22.43832457334382,0.0,0.0,0.0,0.0,0.0,0.0,1.8048293e-21,0.0,0.0,0.0
2508,5167.0474,28.274797,0.55670154,28.305773924742955,22.429526518737095,0.0,0.0,0.0,0.0,0.0,0.0,1.2180031e-21,0.0,0.0,0.0
2509,5168.2354,27.853466,0.56042993,28.351425928540028,22.42073754734496,0.0,0.0,0.0,0.0,0.0,0.0,8.2086336e-22,0.0,0.0,0.0
2510,5169.4272,28.212553,0.5531519,28.3935793336759,22.411925166500605,0.0,0.0,0.0,0.0,0.0,0.0,5.516463e-22,0.0,0.0,0.0
2511,5170.6167,29.338215,0.572347,28.431991160579496,22.40313631362515,0.0,0.0,0.0,0.0,0.0,0.0,3.70461e-22,0.0,0.0,0.0
2512,5171.809,29.338652,0.569265,28.46683391353615,22.394331300468522,0.0,0.0,0.0,0.0,0.0,0.0,2.4816037e-22,0.0,0.0,0.0
2513,5172.999,28.911871,0.566963,28.497967962695544,22.38554978795189,0.0,0.0,0.0,0.0,0.0,0.0,1.661158e-22,0.0,0.0,0.0
2514,5174.192,28.905666,0.5669452,28.525556325017547,22.37675213724289,0.0,0.0,0.0,0.0,0.0,0.0,1.1091604e-22,0.0,0.0,0.0
2515,5175.3823,28.266108,0.55801994,28.5495198795853,22.36797795987705,0.0,0.0,0.0,0.0,0.0,0.0,7.400702e-23,0.0,0.0,0.0
2516,5176.5723,28.28602,0.56186926,28.56996532251323,22.359212835330613,0.0,0.0,0.0,0.0,0.0,0.0,4.9312475e-23,0.0,0.0,0.0
2517,5177.766,28.797052,0.5578862,28.58702195027281,22.350424412278425,0.0,0.0,0.0,0.0,0.0,0.0,3.2763842e-23,0.0,0.0,0.0
2518,5178.9575,28.12198,0.5548796,28.600676414608643,22.34165942394702,0.0,0.0,0.0,0.0,0.0,0.0,2.1753523e-23,0.0,0.0,0.0
2519,5180.1514,28.473284,0.55729294,28.61107637107324,22.332881943583004,0.0,0.0,0.0,0.0,0.0,0.0,1.4408948e-23,0.0,0.0,0.0
2520,5181.3433,29.005638,0.56454074,28.61828846038439,22.324124279628776,0.0,0.0,0.0,0.0,0.0,0.0,9.535838e-24,0.0,0.0,0.0
2521,5182.5386,28.761652,0.5630482,28.622453467284153,22.31534697238059,0.0,0.0,0.0,0.0,0.0,0.0,6.293651e-24,0.0,0.0,0.0
2522,5183.7305,28.921423,0.5656301,28.623672605715925,22.306600214205915,0.0,0.0,0.0,0.0,0.0,0.0,4.1523504e-24,0.0,0.0,0.0
2523,5184.923,29.147062,0.56607765,28.622095045060117,22.297855314225156,0.0,0.0,0.0,0.0,0.0,0.0,2.7349206e-24,0.0,0.0,0.0
2524,5186.1187,28.079206,0.5570969,28.61784714070237,22.28909080830491,0.0,0.0,0.0,0.0,0.0,0.0,1.7964193e-24,0.0,0.0,0.0
2525,5187.3115,28.537926,0.55574346,28.611099870370886,22.280353219675085,0.0,0.0,0.0,0.0,0.0,0.0,1.179366e-24,0.0,0.0,0.0
2526,5188.508,28.197445,0.55449533,28.60197124601083,22.27159605146127,0.0,0.0,0.0,0.0,0.0,0.0,7.721382e-25,0.0,0.0,0.0
2527,5189.701,27.856028,0.55082816,28.590674149096,22.262865768969046,0.0,0.0,0.0,0.0,0.0,0.0,5.0526723e-25,0.0,0.0,0.0
2528,5190.898,27.88427,0.553667,28.57731186750648,22.254115933210826,0.0,0.0,0.0,0.0,0.0,0.0,3.297244e-25,0.0,0.0,0.0
2529,5192.092,27.792557,0.54964274,28.562128696119295,22.245392951642977,0.0,0.0,0.0,0.0,0.0,0.0,2.1506217e-25,0.0,0.0,0.0
2530,5193.2866,27.520239,0.5497894,28.545251524426664,22.236668264844145,0.0,0.0,0.0,0.0,0.0,0.0,1.4000876e-25,0.0,0.0,0.0
2531,5194.4844,28.463366,0.55494875,28.52682346884673,22.227927632970264,0.0,0.0,0.0,0.0,0.0,0.0,9.0911036e-26,0.0,0.0,0.0
2532,5195.679,27.806942,0.55905986,28.507109966599288,22.219213810288252,0.0,0.0,0.0,0.0,0.0,0.0,5.9002106e-26,0.0,0.0,0.0
2533,5196.8774,27.59377,0.58134043,28.48618822389572,22.210480502185515,0.0,0.0,0.0,0.0,0.0,0.0,3.818643e-26,0.0,0.0,0.0
2534,5198.0728,27.648277,0.61123973,28.46434196880587,22.20177397182711,0.0,0.0,0.0,0.0,0.0,0.0,2.470246e-26,0.0,0.0,0.0
2535,5199.2715,27.560741,0.6319699,28.441634160062666,22.193047982236738,0.0,0.0,0.0,0.0,0.0,0.0,1.5935181e-26,0.0,0.0,0.0
2536,5200.4673,27.91429,0.62332946,28.41835657436885,22.184348738980667,0.0,0.0,0.0,0.0,0.0,0.0,1.0274681e-26,0.0,0.0,0.0
2537,5201.6636,27.982704,0.61754346,28.394614978764174,22.1756513557173,0.0,0.0,0.0,0.0,0.0,0.0,6.6134416e-27,0.0,0.0,0.0
2538,5202.8633,27.667173,0.6213342,28.370517795142643,22.16693455463361,0.0,0.0,0.0,0.0,0.0,0.0,4.2449156e-27,0.0,0.0,0.0
2539,5204.0605,27.456827,0.6027553,28.346345540152406,22.158240910635804,0.0,0.0,0.0,0.0,0.0,0.0,2.722872e-27,0.0,0.0,0.0
2540,5205.2607,27.699556,0.5731755,28.322144088637884,22.149531421554144,0.0,0.0,0.0,0.0,0.0,0.0,1.7419701e-27,0.0,0.0,0.0
2541,5206.458,27.773876,0.56044567,28.298188175560114,22.14084860265362,0.0,0.0,0.0,0.0,0.0,0.0,1.113915e-27,0.0,0.0,0.0
2542,5207.6587,27.165981,0.56612116,28.274488985538376,22.13214641809453,0.0,0.0,0.0,0.0,0.0,0.0,7.1028744e-28,0.0,0.0,0.0
2543,5208.8564,27.804949,0.57292914,28.251316636587543,22.123470872427387,0.0,0.0,0.0,0.0,0.0,0.0,4.5270717e-28,0.0,0.0,0.0
2544,5210.0547,27.915503,0.5623581,28.228731704472697,22.11479718756596,0.0,0.0,0.0,0.0,0.0,0.0,2.8803934e-28,0.0,0.0,0.0
2545,5211.256,27.85141,0.55129766,28.206811425740128,22.10610770946205,0.0,0.0,0.0,0.0,0.0,0.0,1.8277771e-28,0.0,0.0,0.0
2546,5212.4546,27.968884,0.5501409,28.185773945245078,22.097441292199424,0.0,0.0,0.0,0.0,0.0,0.0,1.1591144e-28,0.0,0.0,0.0
2547,5213.657,28.057116,0.55520475,28.165612954335884,22.08875204964228,0.0,0.0,0.0,0.0,0.0,0.0,7.328368e-29,0.0,0.0,0.0
2548,5214.8564,27.878998,0.554854,28.146550647546803,22.080092899133717,0.0,0.0,0.0,0.0,0.0,0.0,4.6320755e-29,0.0,0.0,0.0
2549,5216.059,28.000471,0.55306375,28.128566270510607,22.071414476077013,0.0,0.0,0.0,0.0,0.0,0.0,2.9194528e-29,0.0,0.0,0.0
2550,5217.2593,27.877594,0.55024093,28.111832760798425,22.06275906466195,0.0,0.0,0.0,0.0,0.0,0.0,1.838889e-29,0.0,0.0,0.0
2551,5218.459,27.043755,0.5424823,28.09638273882877,22.054112555265537,0.0,0.0,0.0,0.0,0.0,0.0,1.15668885e-29,0.0,0.0,0.0
2552,5219.6626,26.65937,0.5361389,28.082233188205446,22.045443294101442,0.0,0.0,0.0,0.0,0.0,0.0,7.25341e-30,0.0,0.0,0.0
2553,5220.8633,27.120337,0.57901734,28.06951584091685,22.03680052032969,0.0,0.0,0.0,0.0,0.0,0.0,4.5465895e-30,0.0,0.0,0.0
2554,5222.067,27.285252,0.5447983,28.058213310871967,22.028142052327045,0.0,0.0,0.0,0.0,0.0,0.0,2.8421887e-30,0.0,0.0,0.0
2555,5223.2686,26.78238,0.57010543,28.048409363062937,22.019503017695506,0.0,0.0,0.0,0.0,0.0,0.0,1.7753155e-30,0.0,0.0,0.0
2556,5224.473,26.545427,0.63914233,28.040090353364356,22.01084831463755,0.0,0.0,0.0,0.0,0.0,0.0,1.105907e-30,0.0,0.0,0.0
2557,5225.6753,27.232813,0.6809027,28.033313467195832,22.002216531923615,0.0,0.0,0.0,0.0,0.0,0.0,6.884936e-31,0.0,0.0,0.0
2558,5226.8774,28.519802,0.6687186,28.028068306129427,21.99359011856839,0.0,0.0,0.0,0.0,0.0,0.0,4.2795875e-31,0.0,0.0,0.0
2559,5228.0825,28.352468,0.635857,28.024350551574713,21.984948066680914,0.0,0.0,0.0,0.0,0.0,0.0,2.652901e-31,0.0,0.0,0.0
2560,5229.285,25.94952,0.62562007,28.02217058688898,21.976328893010805,0.0,0.0,0.0,0.0,0.0,0.0,1.6435581e-31,0.0,0.0,0.0
2561,5230.491,26.971159,0.6478993,28.021504063457527,21.967690605968514,0.0,0.0,0.0,0.0,0.0,0.0,1.0152433e-31,0.0,0.0,0.0
2562,5231.6943,27.865282,0.6488665,28.02233350213327,21.959078668911836,0.0,0.0,0.0,0.0,0.0,0.0,6.268874e-32,0.0,0.0,0.0
2563,5232.9004,26.862041,0.60896224,28.024638414747226,21.950451135999668,0.0,0.0,0.0,0.0,0.0,0.0,3.860226e-32,0.0,0.0,0.0
2564,5234.104,26.425436,0.5836646,28.028374252535574,21.94184642813372,0.0,0.0,0.0,0.0,0.0,0.0,2.3756592e-32,0.0,0.0,0.0
2565,5235.311,27.451294,0.62448055,28.033517725043264,21.93322265820977,0.0,0.0,0.0,0.0,0.0,0.0,1.4577175e-32,0.0,0.0,0.0
2566,5236.5156,27.758497,0.62376636,28.039999117282267,21.924621691134806,0.0,0.0,0.0,0.0,0.0,0.0,8.939378e-33,0.0,0.0,0.0
2567,5237.72,27.465666,0.5813262,28.04777665766598,21.9160260740173,0.0,0.0,0.0,0.0,0.0,0.0,5.4735036e-33,0.0,0.0,0.0
2568,5238.928,27.742798,0.57596916,28.05681691482798,21.907411435396828,0.0,0.0,0.0,0.0,0.0,0.0,3.3414466e-33,0.0,0.0,0.0
2569,5240.1333,27.711481,0.5723215,28.067015904321696,21.89882304085734,0.0,0.0,0.0,0.0,0.0,0.0,2.0390975e-33,0.0,0.0,0.0
2570,5241.342,27.646114,0.56588364,28.07835938052963,21.890215650366056,0.0,0.0,0.0,0.0,0.0,0.0,1.24065e-33,0.0,0.0,0.0
2571,5242.5474,28.092726,0.5824868,28.09071850711249,21.881634473146427,0.0,0.0,0.0,0.0,0.0,0.0,7.545734e-34,0.0,0.0,0.0
2572,5243.7563,28.608456,0.61012036,28.104083386311288,21.873034325489755,0.0,0.0,0.0,0.0,0.0,0.0,4.5757064e-34,0.0,0.0,0.0
2573,5244.9624,28.097921,0.61460763,28.11830891303614,21.864460360332284,0.0,0.0,0.0,0.0,0.0,0.0,2.7736976e-34,0.0,0.0,0.0
2574,5246.1694,28.570562,0.6038583,28.13335728624968,21.855884790216965,0.0,0.0,0.0,0.0,0.0,0.0,1.6780253e-34,0.0,0.0,0.0
2575,5247.379,28.171448,0.58821434,28.149167572091898,21.84729722602256,0.0,0.0,0.0,0.0,0.0,0.0,1.0125305e-34,0.0,0.0,0.0
2576,5248.5864,28.280197,0.58736026,28.16559835648741,21.83872886872496,0.0,0.0,0.0,0.0,0.0,0.0,6.105056e-35,0.0,0.0,0.0
2577,5249.7964,28.750048,0.58427453,28.18262226994698,21.830148534137653,0.0,0.0,0.0,0.0,0.0,0.0,3.6714815e-35,0.0,0.0,0.0
2578,5251.0044,27.65624,0.573009,28.200086415454173,21.82158738438728,0.0,0.0,0.0,0.0,0.0,0.0,2.2063023e-35,0.0,0.0,0.0
2579,5252.2153,28.60595,0.60344744,28.217973356568933,21.81301081689608,0.0,0.0,0.0,0.0,0.0,0.0,1.3220952e-35,0.0,0.0,0.0
2580,5253.424,29.508718,0.6243446,28.23611513954856,21.804456871573706,0.0,0.0,0.0,0.0,0.0,0.0,7.918176e-36,0.0,0.0,0.0
2581,5254.633,28.935007,0.60652995,28.254457631490954,21.795904794119128,0.0,0.0,0.0,0.0,0.0,0.0,4.7338257e-36,0.0,0.0,0.0
2582,5255.844,28.466915,0.58446914,28.272938393861473,21.78734078338784,0.0,0.0,0.0,0.0,0.0,0.0,2.8226452e-36,0.0,0.0,0.0
2583,5257.0537,28.545855,0.573636,28.291397280186107,21.778795904606273,0.0,0.0,0.0,0.0,0.0,0.0,1.6818046e-36,0.0,0.0,0.0
2584,5258.2656,27.983084,0.56093454,28.309808010311684,21.770239109249673,0.0,0.0,0.0,0.0,0.0,0.0,9.994359e-37,0.0,0.0,0.0
2585,5259.4756,28.421444,0.71917504,28.328006107549463,21.76170142386416,0.0,0.0,0.0,0.0,0.0,0.0,5.9348954e-37,0.0,0.0,0.0
2586,5260.688,27.744022,0.66625416,28.34596771458749,21.75315183858041,0.0,0.0,0.0,0.0,0.0,0.0,3.5149949e-37,0.0,0.0,0.0
2587,5261.8984,27.991549,0.64812845,28.363530223455694,21.74462134131458,0.0,0.0,0.0,0.0,0.0,0.0,2.0802312e-37,0.0,0.0,0.0
2588,5263.109,27.63102,0.6253304,28.380629784447915,21.736096150262124,0.0,0.0,0.0,0.0,0.0,0.0,1.229172e-37,0.0,0.0,0.0
2589,5264.3228,26.90983,0.60284346,28.397215639890028,21.727552210629774,0.0,0.0,0.0,0.0,0.0,0.0,7.240663e-38,0.0,0.0,0.0
2590,5265.5337,28.190105,0.64474887,28.413114552569983,21.71903419978678,0.0,0.0,0.0,0.0,0.0,0.0,4.2639124e-38,0.0,0.0,0.0
2591,5266.748,27.681244,0.6961703,28.428312387872143,21.71049746553938,0.0,0.0,0.0,0.0,0.0,0.0,2.5032218e-38,0.0,0.0,0.0
2592,5267.9595,27.614527,0.6430647,28.442637760304482,21.701986629628212,0.0,0.0,0.0,0.0,0.0,0.0,1.469123e-38,0.0,0.0,0.0
2593,5269.1743,27.942253,0.5957934,28.456078975029843,21.693457095452207,0.0,0.0,0.0,0.0,0.0,0.0,8.595575e-39,0.0,0.0,0.0
2594,5270.3867,28.294014,0.6444382,28.468474040534556,21.684950004127085,0.0,0.0,0.0,0.0,0.0,0.0,5.026518e-39,0.0,0.0,0.0
2595,5271.5986,28.485764,0.6281307,28.479762498521055,21.676451627396787,0.0,0.0,0.0,0.0,0.0,0.0,2.935381e-39,0.0,0.0,0.0
2596,5272.8145,28.424816,0.5810429,28.489894000500104,21.667931167095563,0.0,0.0,0.0,0.0,0.0,0.0,1.708507e-39,0.0,0.0,0.0
2597,5274.0273,28.203114,0.55858165,28.498722858666106,21.659436531304046,0.0,0.0,0.0,0.0,0.0,0.0,9.94125e-40,0.0,0.0,0.0
2598,5275.2437,28.262144,0.55455124,28.506207952918704,21.65092326206177,0.0,0.0,0.0,0.0,0.0,0.0,5.76644e-40,0.0,0.0,0.0
2599,5276.4575,27.930416,0.55404216,28.51223532438657,21.642432372573825,0.0,0.0,0.0,0.0,0.0,0.0,3.34316e-40,0.0,0.0,0.0
2600,5277.674,27.87345,0.58511084,28.51674220349135,21.63392970349135,0.0,0.0,0.0,0.0,0.0,0.0,1.93301e-40,0.0,0.0,0.0
2601,5278.888,28.34817,0.5884258,28.51963485461547,21.62544597369506,0.0,0.0,0.0,0.0,0.0,0.0,1.1169e-40,0.0,0.0,0.0
2602,5280.1025,28.69098,0.5993561,28.520844779313197,21.616967521012416,0.0,0.0,0.0,0.0,0.0,0.0,6.4426e-41,0.0,0.0,0.0
2603,5281.32,29.133669,0.6154762,28.520292409723595,21.6084739053901,0.0,0.0,0.0,0.0,0.0,0.0,3.7055e-41,0.0,0.0,0.0
2604,5282.5347,27.671244,0.5916902,28.517906502499066,21.600002602352582,0.0,0.0,0.0,0.0,0.0,0.0,2.13e-41,0.0,0.0,0.0
2605,5283.753,27.795097,0.5838176,28.513603762608362,21.591512755375696,0.0,0.0,0.0,0.0,0.0,0.0,1.2205e-41,0.0,0.0,0.0
2606,5284.9688,28.321363,0.56666124,28.50733442577935,21.58304519924737,0.0,0.0,0.0,0.0,0.0,0.0,6.995e-42,0.0,0.0,0.0
2607,5286.187,28.355486,0.5563915,28.49900726079213,21.57456592320668,0.0,0.0,0.0,0.0,0.0,0.0,3.991e-42,0.0,0.0,0.0
2608,5287.4033,29.2158,0.56706303,28.488589910386576,21.566105512498392,0.0,0.0,0.0,0.0,0.0,0.0,2.29e-42,0.0,0.0,0.0
2609,5288.62,28.6714,0.59894115,28.476005773946873,21.557646971151463,0.0,0.0,0.0,0.0,0.0,0.0,1.302e-42,0.0,0.0,0.0
2610,5289.8394,28.571096,0.6396152,28.46117214749977,21.54917673658058,0.0,0.0,0.0,0.0,0.0,0.0,7.36e-43,0.0,0.0,0.0
2611,5291.0566,28.49668,0.6231952,28.444087134274415,21.54072533694165,0.0,0.0,0.0,0.0,0.0,0.0,4.2e-43,0.0,0.0,0.0
2612,5292.2764,28.292164,0.58356845,28.424641544338964,21.532262260433935,0.0,0.0,0.0,0.0,0.0,0.0,2.31e-43,0.0,0.0,0.0
2613,5293.494,27.821924,0.5532129,28.402861576303867,21.523817997202304,0.0,0.0,0.0,0.0,0.0,0.0,1.26e-43,0.0,0.0,0.0
2614,5294.715,27.272856,0.5438067,28.378612284209506,21.515358690764682,0.0,0.0,0.0,0.0,0.0,0.0,8.4e-44,0.0,0.0,0.0
2615,5295.9326,28.293108,0.55111426,28.351978614098964,21.506924941308437,0.0,0.0,0.0,0.0,0.0,0.0,4.2e-44,0.0,0.0,0.0
2616,5297.151,28.059446,0.5547544,28.322859149931602,21.498493057249718,0.0,0.0,0.0,0.0,0.0,0.0,2.1e-44,0.0,0.0,0.0
2617,5298.372,28.499788,0.5597965,28.291164532507555,21.490046158636705,0.0,0.0,0.0,0.0,0.0,0.0,2.1e-44,0.0,0.0,0.0
2618,5299.5913,28.257631,0.545073,28.256995771781657,21.48161802138493,0.0,0.0,0.0,0.0,0.0,0.0,0.0,0.0,0.0,0.0
2619,5300.8135,27.66528,0.5444287,28.220195615696863,21.473174894261316,0.0,0.0,0.0,0.0,0.0,0.0,0.0,0.0,0.0,0.0
2620,5302.033,28.838179,0.54936385,28.180921807961102,21.464753881172772,0.0,0.0,0.0,0.0,0.0,0.0,0.0,0.0,0.0,0.0
2621,5303.256,27.435928,0.54399073,28.13899182978096,21.456317898659133,0.0,0.0,0.0,0.0,0.0,0.0,0.0,0.0,0.0,0.0
2622,5304.4756,28.396425,0.5511182,28.09461061353615,21.447907370280536,0.0,0.0,0.0,0.0,0.0,0.0,0.0,0.0,0.0,0.0
2623,5305.696,29.218052,0.57406384,28.047675415731366,21.43949870750993,0.0,0.0,0.0,0.0,0.0,0.0,0.0,0.0,0.0,0.0
2624,5306.919,28.762115,0.57678044,27.998091228545015,21.431075103819673,0.0,0.0,0.0,0.0,0.0,0.0,0.0,0.0,0.0,0.0
2625,5308.14,28.117937,0.5557985,27.94608003163067,21.422670188185847,0.0,0.0,0.0,0.0,0.0,0.0,0.0,0.0,0.0,0.0
2626,5309.364,28.600746,0.552005,27.891482355185097,21.414253713675087,0.0,0.0,0.0,0.0,0.0,0.0,0.0,0.0,0.0,0.0
2627,5310.5854,29.355112,0.601153,27.834528219415215,21.40585590572503,0.0,0.0,0.0,0.0,0.0,0.0,0.0,0.0,0.0,0.0
2628,5311.81,27.948778,0.6180732,27.775032904362263,21.39744320175606,0.0,0.0,0.0,0.0,0.0,0.0,0.0,0.0,0.0,0.0
2629,5313.0317,28.434868,0.5992067,27.71332895891767,21.389055849481636,0.0,0.0,0.0,0.0,0.0,0.0,0.0,0.0,0.0,0.0
2630,5314.2544,28.92481,0.5872197,27.649285597523342,21.380667013844143,0.0,0.0,0.0,0.0,0.0,0.0,0.0,0.0,0.0,0.0
2631,5315.48,28.150885,0.5481748,27.582850816249245,21.372263314723366,0.0,0.0,0.0,0.0,0.0,0.0,0.0,0.0,0.0,0.0
2632,5316.7026,28.321335,0.55249196,27.514416693510867,21.36388492471204,0.0,0.0,0.0,0.0,0.0,0.0,0.0,0.0,0.0,0.0
2633,5317.9287,27.72776,0.5782299,27.443707033405296,21.355488344440452,0.0,0.0,0.0,0.0,0.0,0.0,0.0,0.0,0.0,0.0
2634,5319.1523,27.876184,0.5418395,27.37113818927292,21.34711370273117,0.0,0.0,0.0,0.0,0.0,0.0,0.0,0.0,0.0,0.0
2635,5320.379,27.25279,0.5386596,27.29648647940937,21.338724238045845,0.0,0.0,0.0,0.0,0.0,0.0,0.0,0.0,0.0,0.0
2636,5321.6025,26.81064,0.53149784,27.2202053942452,21.33036002299886,0.0,0.0,0.0,0.0,0.0,0.0,0.0,0.0,0.0,0.0
2637,5322.8267,27.391026,0.53625256,27.14219287188904,21.32199767382996,0.0,0.0,0.0,0.0,0.0,0.0,0.0,0.0,0.0,0.0
2638,5324.054,27.651758,0.5408813,27.062363115690104,21.31361719741618,0.0,0.0,0.0,0.0,0.0,0.0,0.0,0.0,0.0,0.0
2639,5325.2793,26.4631,0.52763504,26.981215800728112,21.305258597816735,0.0,0.0,0.0,0.0,0.0,0.0,0.0,0.0,0.0,0.0
2640,5326.507,27.293676,0.5667588,26.8985445161951,21.29688855611209,0.0,0.0,0.0,0.0,0.0,0.0,0.0,0.0,0.0,0.0
2641,5327.732,27.099503,0.57141113,26.814809797470172,21.288540361587604,0.0,0.0,0.0,0.0,0.0,0.0,0.0,0.0,0.0,0.0
2642,5328.961,26.619728,0.52917886,26.72970518042859,21.280170764229858,0.0,0.0,0.0,0.0,0.0,0.0,0.0,0.0,0.0,0.0
2643,5330.187,27.231216,0.53783154,26.643838457365977,21.271826318999278,0.0,0.0,0.0,0.0,0.0,0.0,0.0,0.0,0.0,0.0
2644,5331.416,27.700035,0.551293,26.556939433612072,21.26346714357301,0.0,0.0,0.0,0.0,0.0,0.0,0.0,0.0,0.0,0.0
2645,5332.6426,26.65638,0.54550666,26.469530536856286,21.255129768576257,0.0,0.0,0.0,0.0,0.0,0.0,0.0,0.0,0.0,0.0
2646,5333.8696,26.733658,0.5329229,26.381548920808868,21.246794263063506,0.0,0.0,0.0,0.0,0.0,0.0,0.0,0.0,0.0,0.0
2647,5335.099,26.442806,0.5259768,26.293002312646955,21.238447373376935,0.0,0.0,0.0,0.0,0.0,0.0,0.0,0.0,0.0,0.0
2648,5336.3267,26.05651,0.53629065,26.20435685103842,21.23011893218466,0.0,0.0,0.0,0.0,0.0,0.0,0.0,0.0,0.0,0.0
2649,5337.557,26.097448,0.54912674,26.115409178627498,21.221775812996395,0.0,0.0,0.0,0.0,0.0,0.0,0.0,0.0,0.0,0.0
2650,5338.7847,26.18458,0.5791686,26.02673641560914,21.213457740529794,0.0,0.0,0.0,0.0,0.0,0.0,0.0,0.0,0.0,0.0
2651,5340.016,26.670979,0.56361747,25.937998510241183,21.20511839473215,0.0,0.0,0.0,0.0,0.0,0.0,0.0,0.0,0.0,0.0
2652,5341.244,25.472824,0.5375156,25.849873055330736,21.196807373873217,0.0,0.0,0.0,0.0,0.0,0.0,0.0,0.0,0.0,0.0
2653,5342.4736,26.027027,0.54023117,25.762161048967588,21.188491615373838,0.0,0.0,0.0,0.0,0.0,0.0,0.0,0.0,0.0,0.0
2654,5343.7056,26.819635,0.5274453,25.674944121235683,21.18016453444369,0.0,0.0,0.0,0.0,0.0,0.0,0.0,0.0,0.0,0.0
2655,5344.935,26.251282,0.51822925,25.588716373930673,21.171859131346444,0.0,0.0,0.0,0.0,0.0,0.0,0.0,0.0,0.0,0.0
2656,5346.167,25.955105,0.51636314,25.503279832845244,21.163542417531524,0.0,0.0,0.0,0.0,0.0,0.0,0.0,0.0,0.0,0.0
2657,5347.3975,26.319048,0.52106714,25.419050446556508,21.155240765617787,0.0,0.0,0.0,0.0,0.0,0.0,0.0,0.0,0.0,0.0
2658,5348.6304,25.827826,0.5158534,25.33590124971087,21.14692782289202,0.0,0.0,0.0,0.0,0.0,0.0,0.0,0.0,0.0,0.0
2659,5349.861,25.97095,0.5186601,25.254294790724945,21.138636507491302,0.0,0.0,0.0,0.0,0.0,0.0,0.0,0.0,0.0,0.0
2660,5351.0913,25.986387,0.515239,25.174195048483316,21.130350348623697,0.0,0.0,0.0,0.0,0.0,0.0,0.0,0.0,0.0,0.0
2661,5352.325,25.484621,0.51227033,25.095512742604498,21.12204634627271,0.0,0.0,0.0,0.0,0.0,0.0,0.0,0.0,0.0,0.0
2662,5353.5566,25.748283,0.5102596,25.01874125713184,21.113763935507084,0.0,0.0,0.0,0.0,0.0,0.0,0.0,0.0,0.0,0.0
2663,5354.791,26.304523,0.5197054,24.943663029473132,21.105466990273303,0.0,0.0,0.0,0.0,0.0,0.0,0.0,0.0,0.0,0.0
2664,5356.0225,25.834223,0.5115206,24.870738725094895,21.097194890408616,0.0,0.0,0.0,0.0,0.0,0.0,0.0,0.0,0.0,0.0
2665,5357.2583,25.22063,0.50792426,24.79964282200861,21.088898441057683,0.0,0.0,0.0,0.0,0.0,0.0,0.0,0.0,0.0,0.0
2666,5358.4907,25.386797,0.51335,24.73091652696399,21.08063009088306,0.0,0.0,0.0,0.0,0.0,0.0,0.0,0.0,0.0,0.0
2667,5359.723,25.760006,0.51778203,24.66444914486577,21.072366882826586,0.0,0.0,0.0,0.0,0.0,0.0,0.0,0.0,0.0,0.0
2668,5360.959,25.198973,0.5109424,24.600143389147544,21.06408591691854,0.0,0.0,0.0,0.0,0.0,0.0,0.0,0.0,0.0,0.0
2669,5362.193,25.090874,0.51219994,24.538352351271804,21.05582318791121,0.0,0.0,0.0,0.0,0.0,0.0,0.0,0.0,0.0,0.0
2670,5363.4297,24.563,0.50964695,24.478895277230947,21.04754599973461,0.0,0.0,0.0,0.0,0.0,0.0,0.0,0.0,0.0,0.0
2671,5364.6636,24.50426,0.5083074,24.422108206659786,21.039293560892574,0.0,0.0,0.0,0.0,0.0,0.0,0.0,0.0,0.0,0.0
2672,5365.901,24.725727,0.5226294,24.367742690381935,21.03102341586106,0.0,0.0,0.0,0.0,0.0,0.0,0.0,0.0,0.0,0.0
2673,5367.135,24.524149,0.5163943,24.316135524510326,21.02278125166792,0.0,0.0,0.0,0.0,0.0,0.0,0.0,0.0,0.0,0.0
2674,5368.3696,24.004139,0.51047146,24.26711952873204,21.014537693938948,0.0,0.0,0.0,0.0,0.0,0.0,0.0,0.0,0.0,0.0
2675,5369.6074,24.437332,0.5084741,24.220644968112534,21.00627972420079,0.0,0.0,0.0,0.0,0.0,0.0,0.0,0.0,0.0,0.0
2676,5370.843,24.50559,0.49808452,24.176920528185835,20.998043174517623,0.0,0.0,0.0,0.0,0.0,0.0,0.0,0.0,0.0,0.0
2677,5372.081,24.831078,0.5320609,24.135754470770205,20.989792232458438,0.0,0.0,0.0,0.0,0.0,0.0,0.0,0.0,0.0,0.0
2678,5373.317,24.582764,0.54220843,24.09731395195449,20.981562685474998,0.0,0.0,0.0,0.0,0.0,0.0,0.0,0.0,0.0,0.0
2679,5374.556,24.395168,0.5209052,24.061395685028113,20.973315517257728,0.0,0.0,0.0,0.0,0.0,0.0,0.0,0.0,0.0,0.0
2680,5375.793,25.554789,0.52532464,24.02813951645171,20.9650897232083,0.0,0.0,0.0,0.0,0.0,0.0,0.0,0.0,0.0,0.0
2681,5377.0293,23.956177,0.5195127,23.99744111953281,20.956872290950045,0.0,0.0,0.0,0.0,0.0,0.0,0.0,0.0,0.0,0.0
2682,5378.2695,24.67581,0.5272233,23.96914732457729,20.94863402844997,0.0,0.0,0.0,0.0,0.0,0.0,0.0,0.0,0.0,0.0
2683,5379.5063,24.96241,0.5306707,23.943367101308077,20.94042358553049,0.0,0.0,0.0,0.0,0.0,0.0,0.0,0.0,0.0,0.0
2684,5380.747,24.414562,0.50585675,23.919876351440642,20.93219233998129,0.0,0.0,0.0,0.0,0.0,0.0,0.0,0.0,0.0,0.0
2685,5381.985,24.076138,0.5014538,23.898725434670432,20.923985644707663,0.0,0.0,0.0,0.0,0.0,0.0,0.0,0.0,0.0,0.0
2686,5383.226,24.11029,0.49905062,23.879718245629693,20.91576141274395,0.0,0.0,0.0,0.0,0.0,0.0,0.0,0.0,0.0,0.0
2687,5384.4644,24.417866,0.5009709,23.86285511913886,20.90756170216193,0.0,0.0,0.0,0.0,0.0,0.0,0.0,0.0,0.0,0.0
2688,5385.703,24.360027,0.4993651,23.847977503877527,20.899363860231286,0.0,0.0,0.0,0.0,0.0,0.0,0.0,0.0,0.0,0.0
2689,5386.945,23.793728,0.49642077,23.83494862024635,20.8911517471537,0.0,0.0,0.0,0.0,0.0,0.0,0.0,0.0,0.0,0.0
2690,5388.184,23.423634,0.48817572,23.823704330256177,20.88296088390608,0.0,0.0,0.0,0.0,0.0,0.0,0.0,0.0,0.0,0.0
2691,5389.427,23.631065,0.4936324,23.814064049034755,20.87475254467074,0.0,0.0,0.0,0.0,0.0,0.0,0.0,0.0,0.0,0.0
2692,5390.6665,23.785233,0.4984035,23.80594310362741,20.866568656758513,0.0,0.0,0.0,0.0,0.0,0.0,0.0,0.0,0.0,0.0
2693,5391.9097,23.222263,0.4972877,23.799160353696738,20.858367316282187,0.0,0.0,0.0,0.0,0.0,0.0,0.0,0.0,0.0,0.0
2694,5393.1504,24.174398,0.5044817,23.79360162978282,20.850187180091048,0.0,0.0,0.0,0.0,0.0,0.0,0.0,0.0,0.0,0.0
2695,5394.3906,23.371078,0.49695408,23.789102159828794,20.84201534876312,0.0,0.0,0.0,0.0,0.0,0.0,0.0,0.0,0.0,0.0
2696,5395.635,22.707434,0.4891992,23.785497106625314,20.833822883679147,0.0,0.0,0.0,0.0,0.0,0.0,0.0,0.0,0.0,0.0
2697,5396.876,23.652401,0.4983857,23.782647426239354,20.82565480004917,0.0,0.0,0.0,0.0,0.0,0.0,0.0,0.0,0.0,0.0
2698,5398.12,24.015547,0.50320315,23.780380325648146,20.81747253451045,0.0,0.0,0.0,0.0,0.0,0.0,0.0,0.0,0.0,0.0
2699,5399.3623,24.094353,0.5002861,23.77854147568547,20.80930820122563,0.0,0.0,0.0,0.0,0.0,0.0,0.0,0.0,0.0,0.0
2700,5400.6074,24.291697,0.49646276,23.779297619612972,20.80346539572076,0.0,0.0,0.0,0.0,0.0,0.0,0.0,0.0,0.0,0.0
2701,5401.8496,23.94049,0.49725685,23.782593614009944,20.80008495464715,0.0,0.0,0.0,0.0,0.0,0.0,0.0,0.0,0.0,0.0
2702,5403.0923,23.431787,0.48248833,23.785823564828444,20.79670451194148,0.0,0.0,0.0,0.0,0.0,0.0,0.0,0.0,0.0,0.0
2703,5404.339,23.095047,0.4816971,23.788833698748714,20.793314775942928,0.0,0.0,0.0,0.0,0.0,0.0,0.0,0.0,0.0,0.0
2704,5405.582,22.857323,0.47826687,23.791448905520344,20.789935662798786,0.0,0.0,0.0,0.0,0.0,0.0,0.0,0.0,0.0,0.0
2705,5406.8286,23.681782,0.48664588,23.793527817603827,20.786548590537787,0.0,0.0,0.0,0.0,0.0,0.0,0.0,0.0,0.0,0.0
2706,5408.0723,24.266783,0.49927324,23.79490648397004,20.783170806250922,0.0,0.0,0.0,0.0,0.0,0.0,0.0,0.0,0.0,0.0
2707,5409.3193,23.698917,0.48427427,23.795447024410688,20.779785069530927,0.0,0.0,0.0,0.0,0.0,0.0,0.0,0.0,0.0,0.0
2708,5410.564,23.720844,0.4930386,23.79500536871954,20.776407289038143,0.0,0.0,0.0,0.0,0.0,0.0,0.0,0.0,0.0,0.0
2709,5411.809,24.443592,0.4915845,23.79344910760943,20.773029509983697,0.0,0.0,0.0,0.0,0.0,0.0,0.0,0.0,0.0,0.0
2710,5413.057,23.91785,0.49442357,23.790642876588926,20.769645113908872,0.0,0.0,0.0,0.0,0.0,0.0,0.0,0.0,0.0,0.0
2711,5414.3022,24.263676,0.493665,23.78648287788777,20.76626998917012,0.0,0.0,0.0,0.0,0.0,0.0,0.0,0.0,0.0,0.0
2712,5415.551,24.260056,0.49497712,23.78083794085824,20.762886929200526,0.0,0.0,0.0,0.0,0.0,0.0,0.0,0.0,0.0,0.0
2713,5416.7964,24.485666,0.49057952,23.773635381406784,20.75951313371086,0.0,0.0,0.0,0.0,0.0,0.0,0.0,0.0,0.0,0.0
2714,5418.0454,25.035997,0.5022431,23.764748572357366,20.756131409652898,0.0,0.0,0.0,0.0,0.0,0.0,0.0,0.0,0.0,0.0
2715,5419.2915,24.928543,0.49907777,23.754141532564265,20.752758943224055,0.0,0.0,0.0,0.0,0.0,0.0,0.0,0.0,0.0,0.0
2716,5420.5386,23.625057,0.4880652,23.741718332239426,20.749385158487595,0.0,0.0,0.0,0.0,0.0,0.0,0.0,0.0,0.0,0.0
2717,5421.7886,23.687159,0.48460686,23.72739453789314,20.74600477692207,0.0,0.0,0.0,0.0,0.0,0.0,0.0,0.0,0.0,0.0
2718,5423.0356,24.368187,0.49489635,23.711192431539683,20.742633643240122,0.0,0.0,0.0,0.0,0.0,0.0,0.0,0.0,0.0,0.0
2719,5424.286,24.201801,0.49463376,23.692995671745155,20.739254598136757,0.0,0.0,0.0,0.0,0.0,0.0,0.0,0.0,0.0,0.0
2720,5425.534,24.09659,0.49673957,23.672868968136953,20.735883475430654,0.0,0.0,0.0,0.0,0.0,0.0,0.0,0.0,0.0,0.0
2721,5426.785,24.361042,0.4961037,23.65071603513072,20.73250576711009,0.0,0.0,0.0,0.0,0.0,0.0,0.0,0.0,0.0,0.0
2722,5428.0337,23.871546,0.48965153,23.62663601353415,20.729135975387177,0.0,0.0,0.0,0.0,0.0,0.0,0.0,0.0,0.0,0.0
2723,5429.2856,23.819365,0.49047077,23.60053274258151,20.72575828655734,0.0,0.0,0.0,0.0,0.0,0.0,0.0,0.0,0.0,0.0
2724,5430.5347,23.394117,0.4840886,23.572566637357394,20.722389826139132,0.0,0.0,0.0,0.0,0.0,0.0,0.0,0.0,0.0,0.0
2725,5431.7837,23.247091,0.48554936,23.542723354076905,20.719022687649293,0.0,0.0,0.0,0.0,0.0,0.0,0.0,0.0,0.0,0.0
2726,5433.036,23.493734,0.48727828,23.510966264989985,20.71564766147436,0.0,0.0,0.0,0.0,0.0,0.0,0.0,0.0,0.0,0.0
2727,5434.286,23.861433,0.49241066,23.47750880942111,20.712280537936735,0.0,0.0,0.0,0.0,0.0,0.0,0.0,0.0,0.0,0.0
2728,5435.5396,23.991478,0.48923078,23.44227035484947,20.708905534369123,0.0,0.0,0.0,0.0,0.0,0.0,0.0,0.0,0.0,0.0
2729,5436.7896,23.416748,0.49058715,23.405532044444836,20.705541056667126,0.0,0.0,0.0,0.0,0.0,0.0,0.0,0.0,0.0,0.0
2730,5438.0435,23.968533,0.5012684,23.367177366475754,20.702167391042405,0.0,0.0,0.0,0.0,0.0,0.0,0.0,0.0,0.0,0.0
2731,5439.2944,23.572922,0.4979726,23.327521545055717,20.69880293047747,0.0,0.0,0.0,0.0,0.0,0.0,0.0,0.0,0.0,0.0
2732,5440.5454,23.319984,0.4937504,23.28659317346117,20.695439790206166,0.0,0.0,0.0,0.0,0.0,0.0,0.0,0.0,0.0,0.0
2733,5441.8003,23.511574,0.48814926,23.244386285400406,20.69206747398378,0.0,0.0,0.0,0.0,0.0,0.0,0.0,0.0,0.0,0.0
2734,5443.0522,22.658443,0.48426196,23.201262098107307,20.68870435312745,0.0,0.0,0.0,0.0,0.0,0.0,0.0,0.0,0.0,0.0
2735,5444.307,23.706652,0.4942291,23.15715837909752,20.685334686775743,0.0,0.0,0.0,0.0,0.0,0.0,0.0,0.0,0.0,0.0
2736,5445.56,23.12784,0.48298278,23.112393416416346,20.681971587192713,0.0,0.0,0.0,0.0,0.0,0.0,0.0,0.0,0.0,0.0
2737,5446.8154,22.99234,0.47657463,23.066959705794776,20.678603258574928,0.0,0.0,0.0,0.0,0.0,0.0,0.0,0.0,0.0,0.0
2738,5448.069,22.985106,0.47941777,23.021172068310833,20.67524149198637,0.0,0.0,0.0,0.0,0.0,0.0,0.0,0.0,0.0,0.0
2739,5449.322,22.566679,0.47849983,22.975135766164822,20.671882353918118,0.0,0.0,0.0,0.0,0.0,0.0,0.0,0.0,0.0,0.0
2740,5450.5786,22.662556,0.48316956,22.92884736672792,20.668514067091078,0.0,0.0,0.0,0.0,0.0,0.0,0.0,0.0,0.0,0.0
2741,5451.8325,22.402054,0.48351878,22.882721204110048,20.665154952355287,0.0,0.0,0.0,0.0,0.0,0.0,0.0,0.0,0.0,0.0
2742,5453.09,22.56731,0.47818953,22.83668662921265,20.661788004792484,0.0,0.0,0.0,0.0,0.0,0.0,0.0,0.0,0.0,0.0
2743,5454.3438,22.669115,0.48022708,22.79115271499906,20.658431529314857,0.0,0.0,0.0,0.0,0.0,0.0,0.0,0.0,0.0,0.0
2744,5455.602,22.658133,0.48239288,22.74599746008859,20.655064614019253,0.0,0.0,0.0,0.0,0.0,0.0,0.0,0.0,0.0,0.0
2745,5456.857,22.640871,0.48317817,22.70165924053338,20.651708164025813,0.0,0.0,0.0,0.0,0.0,0.0,0.0,0.0,0.0,0.0
2746,5458.1123,22.413395,0.4863177,22.65814834521527,20.648351725799987,0.0,0.0,0.0,0.0,0.0,0.0,0.0,0.0,0.0,0.0
2747,5459.3706,21.986223,0.4865903,22.615533949100165,20.64498877640882,0.0,0.0,0.0,0.0,0.0,0.0,0.0,0.0,0.0,0.0
2748,5460.6265,22.843197,0.48799074,22.57414213927561,20.641633670647682,0.0,0.0,0.0,0.0,0.0,0.0,0.0,0.0,0.0,0.0
2749,5461.8857,22.58328,0.49668038,22.533919354220416,20.638270755549456,0.0,0.0,0.0,0.0,0.0,0.0,0.0,0.0,0.0,0.0
2750,5463.1426,22.275167,0.49109393,22.495184868240823,20.634915679359903,0.0,0.0,0.0,0.0,0.0,0.0,0.0,0.0,0.0,0.0
2751,5464.4023,22.47804,0.48387957,22.457897998096,20.63155410409118,0.0,0.0,0.0,0.0,0.0,0.0,0.0,0.0,0.0,0.0
2752,5465.6597,21.899723,0.48069307,22.422334382792588,20.62820036198723,0.0,0.0,0.0,0.0,0.0,0.0,0.0,0.0,0.0,0.0
2753,5466.917,23.146551,0.49134666,22.388526486988184,20.62484793626797,0.0,0.0,0.0,0.0,0.0,0.0,0.0,0.0,0.0,0.0
2754,5468.1772,22.322456,0.48818606,22.356499047123176,20.62148901923774,0.0,0.0,0.0,0.0,0.0,0.0,0.0,0.0,0.0,0.0
2755,5469.435,21.734213,0.48454544,22.32647749821113,20.61813792625831,0.0,0.0,0.0,0.0,0.0,0.0,0.0,0.0,0.0,0.0
2756,5470.697,22.146954,0.48598,22.298392001234113,20.61477774723631,0.0,0.0,0.0,0.0,0.0,0.0,0.0,0.0,0.0,0.0
2757,5471.955,22.220701,0.48094568,22.272472943054282,20.61142798780068,0.0,0.0,0.0,0.0,0.0,0.0,0.0,0.0,0.0,0.0
2758,5473.217,21.306416,0.4902568,22.2486369172172,20.60807044897837,0.0,0.0,0.0,0.0,0.0,0.0,0.0,0.0,0.0,0.0
2759,5474.476,22.089384,0.49576405,22.227041971820597,20.604720723766093,0.0,0.0,0.0,0.0,0.0,0.0,0.0,0.0,0.0,0.0
2760,5475.7354,21.944569,0.4794843,22.207673501752453,20.60137231328352,0.0,0.0,0.0,0.0,0.0,0.0,0.0,0.0,0.0,0.0
2761,5476.998,22.24194,0.47953713,22.19051121751759,20.59801613370869,0.0,0.0,0.0,0.0,0.0,0.0,0.0,0.0,0.0,0.0
2762,5478.258,22.330332,0.4787553,22.175654006798005,20.594669056732393,0.0,0.0,0.0,0.0,0.0,0.0,0.0,0.0,0.0,0.0
2763,5479.521,22.015844,0.47703233,22.16302873763534,20.591314217180933,0.0,0.0,0.0,0.0,0.0,0.0,0.0,0.0,0.0,0.0
2764,5480.7817,22.434126,0.47962546,22.152685304697037,20.587967177446366,0.0,0.0,0.0,0.0,0.0,0.0,0.0,0.0,0.0,0.0
2765,5482.0454,21.630976,0.48311037,22.14455938075322,20.584613678200423,0.0,0.0,0.0,0.0,0.0,0.0,0.0,0.0,0.0,0.0
2766,5483.307,22.282898,0.48055235,22.13865188425289,20.581266678030357,0.0,0.0,0.0,0.0,0.0,0.0,0.0,0.0,0.0,0.0
2767,5484.5684,22.4853,0.48873934,22.13490611500811,20.577922286463494,0.0,0.0,0.0,0.0,0.0,0.0,0.0,0.0,0.0,0.0
2768,5485.833,22.353762,0.49996597,22.133264750155366,20.574570149096406,0.0,0.0,0.0,0.0,0.0,0.0,0.0,0.0,0.0,0.0
2769,5487.095,22.47822,0.48106778,22.133674537779417,20.571225797773923,0.0,0.0,0.0,0.0,0.0,0.0,0.0,0.0,0.0,0.0
2770,5488.361,22.288359,0.47074434,22.13606654778788,20.567873708165383,0.0,0.0,0.0,0.0,0.0,0.0,0.0,0.0,0.0,0.0
2771,5489.623,22.183895,0.46807414,22.140347066470667,20.564531984874293,0.0,0.0,0.0,0.0,0.0,0.0,0.0,0.0,0.0,0.0
2772,5490.8887,22.465923,0.471423,22.14644864205293,20.56118252877168,0.0,0.0,0.0,0.0,0.0,0.0,0.0,0.0,0.0,0.0
2773,5492.152,22.401184,0.46562093,22.154248379995444,20.55784084730349,0.0,0.0,0.0,0.0,0.0,0.0,0.0,0.0,0.0,0.0
2774,5493.4155,22.232359,0.47187343,22.16365496039839,20.554499186281873,0.0,0.0,0.0,0.0,0.0,0.0,0.0,0.0,0.0,0.0
2775,5494.682,22.306902,0.47280964,22.174582061477167,20.551151094146235,0.0,0.0,0.0,0.0,0.0,0.0,0.0,0.0,0.0,0.0
2776,5495.9463,22.368984,0.47412494,22.186867212776384,20.547810768608294,0.0,0.0,0.0,0.0,0.0,0.0,0.0,0.0,0.0,0.0
2777,5497.2134,22.28483,0.46928877,22.20044067051731,20.54446401741825,0.0,0.0,0.0,0.0,0.0,0.0,0.0,0.0,0.0,0.0
2778,5498.478,21.671694,0.47059205,22.21511909146331,20.541125027132257,0.0,0.0,0.0,0.0,0.0,0.0,0.0,0.0,0.0,0.0
2779,5499.746,22.632195,0.5104725,22.230840752885225,20.537778328225496,0.0,0.0,0.0,0.0,0.0,0.0,0.0,0.0,0.0,0.0
2780,5501.011,23.016714,0.52029467,22.24739424096945,20.534440673464566,0.0,0.0,0.0,0.0,0.0,0.0,0.0,0.0,0.0,0.0
2781,5502.277,22.101524,0.47084334,22.264686014508857,20.531103041028633,0.0,0.0,0.0,0.0,0.0,0.0,0.0,0.0,0.0,0.0
2782,5503.546,22.645958,0.47753987,22.28262252206714,20.527757710169862,0.0,0.0,0.0,0.0,0.0,0.0,0.0,0.0,0.0,0.0
2783,5504.812,22.754171,0.48092905,22.300975521585606,20.52442141391959,0.0,0.0,0.0,0.0,0.0,0.0,0.0,0.0,0.0,0.0
2784,5506.081,21.731497,0.48011738,22.319691663831428,20.521078711599067,0.0,0.0,0.0,0.0,0.0,0.0,0.0,0.0,0.0,0.0
2785,5507.348,22.564545,0.49253628,22.338561962509793,20.517742465401334,0.0,0.0,0.0,0.0,0.0,0.0,0.0,0.0,0.0,0.0
2786,5508.6177,23.498966,0.51542664,22.357515480537614,20.5144011044695,0.0,0.0,0.0,0.0,0.0,0.0,0.0,0.0,0.0,0.0
2787,5509.8853,22.681564,0.5717902,22.376352426034426,20.51106619499347,0.0,0.0,0.0,0.0,0.0,0.0,0.0,0.0,0.0,0.0
2788,5511.153,21.876564,0.6595574,22.394970501048913,20.50773259459292,0.0,0.0,0.0,0.0,0.0,0.0,0.0,0.0,0.0,0.0
2789,5512.424,22.45562,0.6781506,22.413291222138934,20.50439131884151,0.0,0.0,0.0,0.0,0.0,0.0,0.0,0.0,0.0,0.0
2790,5513.692,22.35981,0.7043634,22.431098102998725,20.50105905480384,0.0,0.0,0.0,0.0,0.0,0.0,0.0,0.0,0.0,0.0
2791,5514.963,23.161415,0.733886,22.448353334016986,20.497720404215045,0.0,0.0,0.0,0.0,0.0,0.0,0.0,0.0,0.0,0.0
2792,5516.232,23.82459,0.6609573,22.464875550121178,20.494388193935265,0.0,0.0,0.0,0.0,0.0,0.0,0.0,0.0,0.0,0.0
2793,5517.504,23.58732,0.5905429,22.480617598605352,20.49104960353394,0.0,0.0,0.0,0.0,0.0,0.0,0.0,0.0,0.0,0.0
2794,5518.773,23.704046,0.5209712,22.495403527047287,20.48772001149858,0.0,0.0,0.0,0.0,0.0,0.0,0.0,0.0,0.0,0.0
2795,5520.043,23.407024,0.5143996,22.50918469737923,20.484389165152667,0.0,0.0,0.0,0.0,0.0,0.0,0.0,0.0,0.0,0.0
2796,5521.3154,23.135412,0.53222364,22.521881216734474,20.481053227156227,0.0,0.0,0.0,0.0,0.0,0.0,0.0,0.0,0.0,0.0
2797,5522.586,23.33002,0.5445514,22.533365607911296,20.477723718339153,0.0,0.0,0.0,0.0,0.0,0.0,0.0,0.0,0.0,0.0
2798,5523.859,23.131348,0.5075726,22.543600605276385,20.474389122274676,0.0,0.0,0.0,0.0,0.0,0.0,0.0,0.0,0.0,0.0
2799,5525.1304,22.501854,0.4878913,22.552483908698605,20.471059672400997,0.0,0.0,0.0,0.0,0.0,0.0,0.0,0.0,0.0,0.0
2800,5526.4043,22.694103,0.4795993,22.55998025619331,20.467725140684276,0.0,0.0,0.0,0.0,0.0,0.0,0.0,0.0,0.0,0.0
2801,5527.676,22.947306,0.4782107,22.566006583556913,20.464398307189725,0.0,0.0,0.0,0.0,0.0,0.0,0.0,0.0,0.0,0.0
2802,5528.95,22.35536,0.475929,22.570541923142986,20.46106511840971,0.0,0.0,0.0,0.0,0.0,0.0,0.0,0.0,0.0,0.0
2803,5530.222,22.963295,0.48884377,22.573528081982232,20.4577396222044,0.0,0.0,0.0,0.0,0.0,0.0,0.0,0.0,0.0,0.0
2804,5531.4946,23.275932,0.49807373,22.574944522155118,20.454414155257535,0.0,0.0,0.0,0.0,0.0,0.0,0.0,0.0,0.0,0.0
2805,5532.77,22.55803,0.48694503,22.574764125289967,20.45108234161382,0.0,0.0,0.0,0.0,0.0,0.0,0.0,0.0,0.0,0.0
2806,5534.0425,22.763351,0.48968512,22.5729728720416,20.447759487413304,0.0,0.0,0.0,0.0,0.0,0.0,0.0,0.0,0.0,0.0
2807,5535.319,22.532284,0.48844102,22.56955005097756,20.444427742246482,0.0,0.0,0.0,0.0,0.0,0.0,0.0,0.0,0.0,0.0
2808,5536.592,22.593977,0.50895846,22.564513588602686,20.441106224711085,0.0,0.0,0.0,0.0,0.0,0.0,0.0,0.0,0.0,0.0
2809,5537.869,22.378939,0.6669296,22.557835470984205,20.437774550268873,0.0,0.0,0.0,0.0,0.0,0.0,0.0,0.0,0.0,0.0
2810,5539.143,22.444052,0.83564544,22.54956611676437,20.434453096821134,0.0,0.0,0.0,0.0,0.0,0.0,0.0,0.0,0.0,0.0
2811,5540.417,23.196653,0.75441164,22.53970852927911,20.431132946774838,0.0,0.0,0.0,0.0,0.0,0.0,0.0,0.0,0.0,0.0
2812,5541.695,23.498465,0.61301446,22.528248241573767,20.427803924709753,0.0,0.0,0.0,0.0,0.0,0.0,0.0,0.0,0.0,0.0
2813,5542.969,21.998293,0.52104014,22.51527919815425,20.42448511169795,0.0,0.0,0.0,0.0,0.0,0.0,0.0,0.0,0.0,0.0
2814,5544.248,22.721125,0.5416861,22.50075411319136,20.42115616320967,0.0,0.0,0.0,0.0,0.0,0.0,0.0,0.0,0.0,0.0
2815,5545.5234,22.966225,0.5879332,22.48479942085679,20.417837417148903,0.0,0.0,0.0,0.0,0.0,0.0,0.0,0.0,0.0,0.0
2816,5546.8022,22.693974,0.5624477,22.467371821474543,20.41451108462762,0.0,0.0,0.0,0.0,0.0,0.0,0.0,0.0,0.0,0.0
2817,5548.078,22.790096,0.53173554,22.44860417425242,20.411193676587015,0.0,0.0,0.0,0.0,0.0,0.0,0.0,0.0,0.0,0.0
2818,5549.355,22.724709,0.5104397,22.42849132554811,20.407875032594617,0.0,0.0,0.0,0.0,0.0,0.0,0.0,0.0,0.0,0.0
2819,5550.6343,22.930529,0.5085242,22.407058798029453,20.404551349833042,0.0,0.0,0.0,0.0,0.0,0.0,0.0,0.0,0.0,0.0
2820,5551.911,22.599129,0.50913554,22.384443015938732,20.401235313302013,0.0,0.0,0.0,0.0,0.0,0.0,0.0,0.0,0.0,0.0
2821,5553.1914,22.370266,0.49125585,22.360596695664622,20.397911706689097,0.0,0.0,0.0,0.0,0.0,0.0,0.0,0.0,0.0,0.0
2822,5554.4688,22.007975,0.5003891,22.33569581777046,20.394597008528212,0.0,0.0,0.0,0.0,0.0,0.0,0.0,0.0,0.0,0.0
2823,5555.7495,21.578197,0.48108867,22.30967682239595,20.391274746628433,0.0,0.0,0.0,0.0,0.0,0.0,0.0,0.0,0.0,0.0
2824,5557.028,22.007267,0.4690616,22.282718822058563,20.3879601207341,0.0,0.0,0.0,0.0,0.0,0.0,0.0,0.0,0.0,0.0
2825,5558.306,22.696955,0.49000415,22.254834078410415,20.38464679584816,0.0,0.0,0.0,0.0,0.0,0.0,0.0,0.0,0.0,0.0
2826,5559.588,21.51178,0.5448222,22.226006345727054,20.38132591722211,0.0,0.0,0.0,0.0,0.0,0.0,0.0,0.0,0.0,0.0
2827,5560.867,21.63526,0.54176176,22.196427950851863,20.378012666695064,0.0,0.0,0.0,0.0,0.0,0.0,0.0,0.0,0.0,0.0
2828,5562.149,21.972925,0.502507,22.16604726553927,20.37469439745913,0.0,0.0,0.0,0.0,0.0,0.0,0.0,0.0,0.0,0.0
2829,5563.4287,21.229456,0.46403745,22.1350275392811,20.37138248637125,0.0,0.0,0.0,0.0,0.0,0.0,0.0,0.0,0.0,0.0
2830,5564.7114,21.209248,0.46687835,22.103310121909697,20.36806429804953,0.0,0.0,0.0,0.0,0.0,0.0,0.0,0.0,0.0,0.0
2831,5565.9917,21.750422,0.470046,22.07108402600801,20.364753726630568,0.0,0.0,0.0,0.0,0.0,0.0,0.0,0.0,0.0,0.0
2832,5567.2725,20.280798,0.4885233,22.038334757971235,20.36144319264836,0.0,0.0,0.0,0.0,0.0,0.0,0.0,0.0,0.0,0.0
2833,5568.5566,20.667068,0.63291866,22.00503937223647,20.35812512853835,0.0,0.0,0.0,0.0,0.0,0.0,0.0,0.0,0.0,0.0
2834,5569.838,21.821278,0.7151113,21.97141549509455,20.354815935310615,0.0,0.0,0.0,0.0,0.0,0.0,0.0,0.0,0.0,0.0
2835,5571.122,21.915258,0.6318531,21.937361684701187,20.3515004786465,0.0,0.0,0.0,0.0,0.0,0.0,0.0,0.0,0.0,0.0
2836,5572.404,22.004978,0.51914847,21.903068714503785,20.348192625407716,0.0,0.0,0.0,0.0,0.0,0.0,0.0,0.0,0.0,0.0
2837,5573.6885,21.404787,0.46110603,21.868440945380343,20.344878514044893,0.0,0.0,0.0,0.0,0.0,0.0,0.0,0.0,0.0,0.0
2838,5574.9707,21.226635,0.4558387,21.833668424627156,20.341572000524373,0.0,0.0,0.0,0.0,0.0,0.0,0.0,0.0,0.0,0.0
2839,5576.2534,20.769789,0.45144036,21.798715460206626,20.33826552620089,0.0,0.0,0.0,0.0,0.0,0.0,0.0,0.0,0.0,0.0
2840,5577.539,20.37662,0.47995895,21.76355668976302,20.334952802205038,0.0,0.0,0.0,0.0,0.0,0.0,0.0,0.0,0.0,0.0
2841,5578.8223,20.547592,0.543919,21.728378329573804,20.331647668181592,0.0,0.0,0.0,0.0,0.0,0.0,0.0,0.0,0.0,0.0
2842,5580.109,20.817062,0.56718194,21.693057284758044,20.328335032865954,0.0,0.0,0.0,0.0,0.0,0.0,0.0,0.0,0.0,0.0
2843,5581.3926,20.621778,0.5160367,21.65780349430588,20.325031239362033,0.0,0.0,0.0,0.0,0.0,0.0,0.0,0.0,0.0,0.0
2844,5582.68,21.141762,0.4662097,21.622463228456127,20.32171869491731,0.0,0.0,0.0,0.0,0.0,0.0,0.0,0.0,0.0,0.0
2845,5583.964,21.129593,0.45406887,21.587282725288816,20.318417497589536,0.0,0.0,0.0,0.0,0.0,0.0,0.0,0.0,0.0,0.0
2846,5585.2485,20.140352,0.45217866,21.55215858522045,20.315115085273856,0.0,0.0,0.0,0.0,0.0,0.0,0.0,0.0,0.0,0.0
2847,5586.5366,19.486162,0.53685945,21.517053305300745,20.311805187853846,0.0,0.0,0.0,0.0,0.0,0.0,0.0,0.0,0.0,0.0
2848,5587.822,20.446354,0.7908731,21.482167494116336,20.308504116354495,0.0,0.0,0.0,0.0,0.0,0.0,0.0,0.0,0.0,0.0
2849,5589.1104,20.53648,0.8251393,21.447354551157943,20.305195566020004,0.0,0.0,0.0,0.0,0.0,0.0,0.0,0.0,0.0,0.0
2850,5590.396,21.298714,0.632704,21.412811138288767,20.30189583505848,0.0,0.0,0.0,0.0,0.0,0.0,0.0,0.0,0.0,0.0
2851,5591.685,20.706266,0.51164407,21.378390190973313,20.29858863152507,0.0,0.0,0.0,0.0,0.0,0.0,0.0,0.0,0.0,0.0
2852,5592.971,20.010868,0.4664009,21.344283828316044,20.295290240822148,0.0,0.0,0.0,0.0,0.0,0.0,0.0,0.0,0.0,0.0
2853,5594.258,20.389238,0.45992127,21.310422125798965,20.291991892797256,0.0,0.0,0.0,0.0,0.0,0.0,0.0,0.0,0.0,0.0
2854,5595.548,20.535753,0.46842286,21.27674953670135,20.288686082073358,0.0,0.0,0.0,0.0,0.0,0.0,0.0,0.0,0.0,0.0
2855,5596.8354,20.82863,0.4606986,21.24343902903623,20.285387824354835,0.0,0.0,0.0,0.0,0.0,0.0,0.0,0.0,0.0,0.0
2856,5598.126,20.204473,0.45469457,21.21037092690238,20.28208336119422,0.0,0.0,0.0,0.0,0.0,0.0,0.0,0.0,0.0,0.0
2857,5599.4136,20.315775,0.4603204,21.177713178248887,20.27878769502211,0.0,0.0,0.0,0.0,0.0,0.0,0.0,0.0,0.0,0.0
2858,5600.705,20.594494,0.49715096,21.14531060011026,20.275483329602448,0.0,0.0,0.0,0.0,0.0,0.0,0.0,0.0,0.0,0.0
2859,5601.993,20.328466,0.5430858,21.113364083522658,20.272189004176955,0.0,0.0,0.0,0.0,0.0,0.0,0.0,0.0,0.0,0.0
2860,5603.282,20.47831,0.51895577,21.081779534372917,20.268893475088706,0.0,0.0,0.0,0.0,0.0,0.0,0.0,0.0,0.0,0.0
2861,5604.574,21.144115,0.47753066,21.05052693056205,20.265591754189522,0.0,0.0,0.0,0.0,0.0,0.0,0.0,0.0,0.0,0.0
2862,5605.8633,20.90657,0.4616674,21.019763104128874,20.26229881446365,0.0,0.0,0.0,0.0,0.0,0.0,0.0,0.0,0.0,0.0
2863,5607.1562,20.522198,0.45926303,20.989339999399682,20.258997194014093,0.0,0.0,0.0,0.0,0.0,0.0,0.0,0.0,0.0,0.0
2864,5608.4463,20.033373,0.6347953,20.95943326346206,20.255704349201196,0.0,0.0,0.0,0.0,0.0,0.0,0.0,0.0,0.0,0.0
2865,5609.7397,19.497227,0.79968905,20.929909391809527,20.2524040774594,0.0,0.0,0.0,0.0,0.0,0.0,0.0,0.0,0.0,0.0
2866,5611.0303,19.750439,0.68189067,20.900926856781144,20.249112574840684,0.0,0.0,0.0,0.0,0.0,0.0,0.0,0.0,0.0,0.0
2867,5612.321,20.743921,0.5524228,20.87243037804544,20.24582236393869,0.0,0.0,0.0,0.0,0.0,0.0,0.0,0.0,0.0,0.0
2868,5613.615,20.132454,0.46194038,20.844348072419947,20.24252349079687,0.0,0.0,0.0,0.0,0.0,0.0,0.0,0.0,0.0,0.0
2869,5614.9067,20.242975,0.44886866,20.81683981710151,20.239233377511056,0.0,0.0,0.0,0.0,0.0,0.0,0.0,0.0,0.0,0.0
2870,5616.2017,20.49563,0.44743848,20.78978149731451,20.23593585331732,0.0,0.0,0.0,0.0,0.0,0.0,0.0,0.0,0.0,0.0
2871,5617.493,20.128035,0.44325298,20.763325762937257,20.23264832515497,0.0,0.0,0.0,0.0,0.0,0.0,0.0,0.0,0.0,0.0
2872,5618.7886,20.291857,0.4440671,20.73733189975542,20.22935214912218,0.0,0.0,0.0,0.0,0.0,0.0,0.0,0.0,0.0,0.0
2873,5620.081,20.02903,0.4432268,20.711946197541387,20.22606471994701,0.0,0.0,0.0,0.0,0.0,0.0,0.0,0.0,0.0,0.0
2874,5621.374,20.546885,0.451173,20.68710732731179,20.22277733954743,0.0,0.0,0.0,0.0,0.0,0.0,0.0,0.0,0.0,0.0
2875,5622.6704,20.244228,0.44565317,20.66276826788275,20.219482564223693,0.0,0.0,0.0,0.0,0.0,0.0,0.0,0.0,0.0,0.0
2876,5623.964,19.748644,0.4393222,20.639054407104425,20.21619652651208,0.0,0.0,0.0,0.0,0.0,0.0,0.0,0.0,0.0,0.0
2877,5625.2607,20.006279,0.45740306,20.61585445981531,20.21290310006647,0.0,0.0,0.0,0.0,0.0,0.0,0.0,0.0,0.0,0.0
2878,5626.555,20.402258,0.49814692,20.593277869379897,20.20961716548242,0.0,0.0,0.0,0.0,0.0,0.0,0.0,0.0,0.0,0.0
2879,5627.8525,20.73406,0.517131,20.571234230356318,20.206325088100535,0.0,0.0,0.0,0.0,0.0,0.0,0.0,0.0,0.0,0.0
2880,5629.147,20.656189,0.5210267,20.54982507533935,20.203041735362085,0.0,0.0,0.0,0.0,0.0,0.0,0.0,0.0,0.0,0.0
2881,5630.445,20.36773,0.48510367,20.52894665468517,20.199751006253393,0.0,0.0,0.0,0.0,0.0,0.0,0.0,0.0,0.0,0.0
2882,5631.74,20.385672,0.48333436,20.5086938448494,20.196467757994466,0.0,0.0,0.0,0.0,0.0,0.0,0.0,0.0,0.0,0.0
2883,5633.0356,20.676159,0.5046805,20.489025614663685,20.19318579833182,0.0,0.0,0.0,0.0,0.0,0.0,0.0,0.0,0.0,0.0
2884,5634.3345,20.55696,0.5762282,20.469890423360624,20.189896472039976,0.0,0.0,0.0,0.0,0.0,0.0,0.0,0.0,0.0,0.0
2885,5635.631,20.289324,0.5661694,20.45137201362934,20.18661461883869,0.0,0.0,0.0,0.0,0.0,0.0,0.0,0.0,0.0,0.0
2886,5636.9307,21.26869,0.51659304,20.433383222650463,20.18332540614503,0.0,0.0,0.0,0.0,0.0,0.0,0.0,0.0,0.0,0.0
2887,5638.2275,20.571152,0.45722917,20.416007049386764,20.180044896905684,0.0,0.0,0.0,0.0,0.0,0.0,0.0,0.0,0.0,0.0
2888,5639.528,19.714409,0.43707654,20.399152707727865,20.17675703433366,0.0,0.0,0.0,0.0,0.0,0.0,0.0,0.0,0.0,0.0
2889,5640.825,20.203775,0.44417724,20.382895673828283,20.173477868752638,0.0,0.0,0.0,0.0,0.0,0.0,0.0,0.0,0.0,0.0
2890,5642.123,20.24861,0.44704196,20.367183792730362,20.170198756595642,0.0,0.0,0.0,0.0,0.0,0.0,0.0,0.0,0.0,0.0
2891,5643.424,20.380703,0.45275733,20.351980770189314,20.166913533765822,0.0,0.0,0.0,0.0,0.0,0.0,0.0,0.0,0.0,0.0
2892,5644.722,20.600037,0.45286322,20.33734009144919,20.163635765296387,0.0,0.0,0.0,0.0,0.0,0.0,0.0,0.0,0.0,0.0
2893,5646.024,20.39983,0.45262766,20.32318601892309,20.160350659349724,0.0,0.0,0.0,0.0,0.0,0.0,0.0,0.0,0.0,0.0
2894,5647.3228,20.134783,0.4455517,20.309576667211203,20.15707423474565,0.0,0.0,0.0,0.0,0.0,0.0,0.0,0.0,0.0,0.0
2895,5648.625,20.293045,0.44571674,20.296434139111142,20.15379047880421,0.0,0.0,0.0,0.0,0.0,0.0,0.0,0.0,0.0,0.0
2896,5649.924,20.596565,0.4486143,20.28381502535183,20.150516628287622,0.0,0.0,0.0,0.0,0.0,0.0,0.0,0.0,0.0,0.0
2897,5651.224,20.30118,0.44622436,20.271658026953407,20.147240371783443,0.0,0.0,0.0,0.0,0.0,0.0,0.0,0.0,0.0,0.0
2898,5652.527,20.702684,0.44794255,20.259942717537125,20.14395925371333,0.0,0.0,0.0,0.0,0.0,0.0,0.0,0.0,0.0,0.0
2899,5653.8276,20.500572,0.45858428,20.24869506642611,20.14068434223921,0.0,0.0,0.0,0.0,0.0,0.0,0.0,0.0,0.0,0.0
2900,5655.1313,20.180563,0.47347403,20.23785923241138,20.1374033447957,0.0,0.0,0.0,0.0,0.0,0.0,0.0,0.0,0.0,0.0
2901,5656.432,20.185793,0.48215708,20.22746948126831,20.134131006637002,0.0,0.0,0.0,0.0,0.0,0.0,0.0,0.0,0.0,0.0
2902,5657.7363,19.736572,0.47068197,20.217460581061456,20.13085135906658,0.0,0.0,0.0,0.0,0.0,0.0,0.0,0.0,0.0,0.0
2903,5659.0376,19.931944,0.44879213,20.207866680923686,20.127580364350067,0.0,0.0,0.0,0.0,0.0,0.0,0.0,0.0,0.0,0.0
2904,5660.34,20.088337,0.4573012,20.198643156377077,20.124308199671507,0.0,0.0,0.0,0.0,0.0,0.0,0.0,0.0,0.0,0.0
2905,5661.645,20.300165,0.49942806,20.18976276047957,20.121029962380053,0.0,0.0,0.0,0.0,0.0,0.0,0.0,0.0,0.0,0.0
2906,5662.9478,20.49925,0.527808,20.18124723163384,20.117759143085657,0.0,0.0,0.0,0.0,0.0,0.0,0.0,0.0,0.0,0.0
2907,5664.2534,20.602905,0.50283015,20.173046610055405,20.11448225632115,0.0,0.0,0.0,0.0,0.0,0.0,0.0,0.0,0.0,0.0
2908,5665.5566,20.578386,0.48346618,20.165179922710532,20.111212782095546,0.0,0.0,0.0,0.0,0.0,0.0,0.0,0.0,0.0,0.0
2909,5666.863,19.978031,0.4638899,20.157600159664778,20.107937245537666,0.0,0.0,0.0,0.0,0.0,0.0,0.0,0.0,0.0,0.0
2910,5668.1665,20.380945,0.4660086,20.150324064865625,20.104669116064823,0.0,0.0,0.0,0.0,0.0,0.0,0.0,0.0,0.0,0.0
2911,5669.4707,20.147526,0.46386424,20.14332037042688,20.10140104587983,0.0,0.0,0.0,0.0,0.0,0.0,0.0,0.0,0.0,0.0
2912,5670.778,20.253262,0.44277453,20.136562905941933,20.098126921539038,0.0,0.0,0.0,0.0,0.0,0.0,0.0,0.0,0.0,0.0
2913,5672.0825,21.41212,0.48934308,20.13006585884369,20.09486019659317,0.0,0.0,0.0,0.0,0.0,0.0,0.0,0.0,0.0,0.0
2914,5673.3906,21.587976,0.48996186,20.123786824065125,20.091586200761473,0.0,0.0,0.0,0.0,0.0,0.0,0.0,0.0,0.0,0.0
2915,5674.696,20.038982,0.44085583,20.117743331630717,20.0883208212154,0.0,0.0,0.0,0.0,0.0,0.0,0.0,0.0,0.0,0.0
2916,5676.0044,20.38592,0.4537763,20.11189339175373,20.085048176865275,0.0,0.0,0.0,0.0,0.0,0.0,0.0,0.0,0.0,0.0
2917,5677.31,20.72184,0.44865316,20.106253190183423,20.081784142398618,0.0,0.0,0.0,0.0,0.0,0.0,0.0,0.0,0.0,0.0
2918,5678.616,20.408138,0.4508686,20.100795560792097,20.078520168825992,0.0,0.0,0.0,0.0,0.0,0.0,0.0,0.0,0.0,0.0
2919,5679.926,20.359287,0.45960057,20.09549763065807,20.075248940038005,0.0,0.0,0.0,0.0,0.0,0.0,0.0,0.0,0.0,0.0
2920,5681.2324,20.86421,0.47039336,20.09037416053355,20.07198631202221,0.0,0.0,0.0,0.0,0.0,0.0,0.0,0.0,0.0,0.0
2921,5682.5425,20.366465,0.47403365,20.08538977811508,20.068716434858963,0.0,0.0,0.0,0.0,0.0,0.0,0.0,0.0,0.0,0.0
2922,5683.8506,20.597517,0.47980982,20.08055507456963,20.0654527160347,0.0,0.0,0.0,0.0,0.0,0.0,0.0,0.0,0.0,0.0
2923,5685.161,20.33279,0.4743167,20.075844219702347,20.062184191125496,0.0,0.0,0.0,0.0,0.0,0.0,0.0,0.0,0.0,0.0
2924,5686.4688,20.160105,0.4728924,20.071267258554492,20.0589242542086,0.0,0.0,0.0,0.0,0.0,0.0,0.0,0.0,0.0,0.0
2925,5687.777,20.509295,0.49450332,20.066803182173544,20.055664379779273,0.0,0.0,0.0,0.0,0.0,0.0,0.0,0.0,0.0,0.0
2926,5689.089,20.260403,0.50873286,20.06243260152251,20.052396055716876,0.0,0.0,0.0,0.0,0.0,0.0,0.0,0.0,0.0,0.0
2927,5690.3975,20.289022,0.49460134,20.058172150535086,20.04913752714316,0.0,0.0,0.0,0.0,0.0,0.0,0.0,0.0,0.0,0.0
2928,5691.7095,20.510641,0.47862384,20.053992142122038,20.045871771093257,0.0,0.0,0.0,0.0,0.0,0.0,0.0,0.0,0.0,0.0
2929,5693.0186,20.65623,0.48899776,20.049905898968976,20.042614587570828,0.0,0.0,0.0,0.0,0.0,0.0,0.0,0.0,0.0,0.0
2930,5694.3315,20.42146,0.51544005,20.045885589086442,20.039348968417375,0.0,0.0,0.0,0.0,0.0,0.0,0.0,0.0,0.0,0.0
2931,5695.6416,20.401833,0.5124362,20.041946080159033,20.0360919163745,0.0,0.0,0.0,0.0,0.0,0.0,0.0,0.0,0.0,0.0
2932,5696.952,21.252207,0.5207957,20.03807112894455,20.032834929353243,0.0,0.0,0.0,0.0,0.0,0.0,0.0,0.0,0.0,0.0
2933,5698.2656,20.391136,0.49500486,20.034248373238285,20.029571944149126,0.0,0.0,0.0,0.0,0.0,0.0,0.0,0.0,0.0,0.0
2934,5699.5767,20.152267,0.4643205,20.030488447733767,20.02631630374173,0.0,0.0,0.0,0.0,0.0,0.0,0.0,0.0,0.0,0.0
2935,5700.891,20.183788,0.44376314,20.02676990999497,20.023053458413404,0.0,0.0,0.0,0.0,0.0,0.0,0.0,0.0,0.0,0.0
2936,5702.202,20.14725,0.45447367,20.023107742845912,20.01980037610223,0.0,0.0,0.0,0.0,0.0,0.0,0.0,0.0,0.0,0.0
2937,5703.517,20.065529,0.45884636,20.01947746145014,20.016538883079182,0.0,0.0,0.0,0.0,0.0,0.0,0.0,0.0,0.0,0.0
2938,5704.829,19.868748,0.46326238,20.01589424813837,20.01328593537882,0.0,0.0,0.0,0.0,0.0,0.0,0.0,0.0,0.0,0.0
2939,5706.1416,19.637476,0.45359582,20.012345197599394,20.010033054266138,0.0,0.0,0.0,0.0,0.0,0.0,0.0,0.0,0.0,0.0
2940,5707.4575,19.870375,0.44739914,20.00881934997631,20.006772983754107,0.0,0.0,0.0,0.0,0.0,0.0,0.0,0.0,0.0,0.0
2941,5708.7705,19.604944,0.44611186,20.00533079018554,20.003521449516697,0.0,0.0,0.0,0.0,0.0,0.0,0.0,0.0,0.0,0.0
2942,5710.087,19.590359,0.4401986,20.001859960466728,20.0002627318903,0.0,0.0,0.0,0.0,0.0,0.0,0.0,0.0,0.0,0.0
2943,5711.4004,20.0561,0.4442801,19.998421128724505,19.997012544192177,0.0,0.0,0.0,0.0,0.0,0.0,0.0,0.0,0.0,0.0
2944,5712.7173,19.810968,0.46445286,19.9949954149795,19.993755179109726,0.0,0.0,0.0,0.0,0.0,0.0,0.0,0.0,0.0,0.0
2945,5714.0317,20.301676,0.46581542,19.991596009638744,19.99050513055234,0.0,0.0,0.0,0.0,0.0,0.0,0.0,0.0,0.0,0.0
2946,5715.346,20.32938,0.4444238,19.988214646633633,19.987256357672077,0.0,0.0,0.0,0.0,0.0,0.0,0.0,0.0,0.0,0.0
2947,5716.664,20.03267,0.44594666,19.984840875138527,19.98400041687628,0.0,0.0,0.0,0.0,0.0,0.0,0.0,0.0,0.0,0.0
2948,5717.979,20.323656,0.44672993,19.981489381288807,19.980752990640863,0.0,0.0,0.0,0.0,0.0,0.0,0.0,0.0,0.0,0.0
2949,5719.298,21.079765,0.45482603,19.978141329053237,19.97749719731501,0.0,0.0,0.0,0.0,0.0,0.0,0.0,0.0,0.0,0.0
2950,5720.6133,21.006886,0.4579344,19.974814025462035,19.974251117858,0.0,0.0,0.0,0.0,0.0,0.0,0.0,0.0,0.0,0.0
2951,5721.9326,20.674572,0.46278098,19.971487777093675,19.97099667824364,0.0,0.0,0.0,0.0,0.0,0.0,0.0,0.0,0.0,0.0
2952,5723.249,20.617262,0.4697677,19.968178774190093,19.967750741478014,0.0,0.0,0.0,0.0,0.0,0.0,0.0,0.0,0.0,0.0
2953,5724.5654,20.29206,0.4675003,19.96487866756844,19.964506078613805,0.0,0.0,0.0,0.0,0.0,0.0,0.0,0.0,0.0,0.0
2954,5725.8857,19.62666,0.5408488,19.961576843391562,19.96125306645005,0.0,0.0,0.0,0.0,0.0,0.0,0.0,0.0,0.0,0.0
2955,5727.2026,19.450392,0.71492743,19.958290852306344,19.95800975045695,0.0,0.0,0.0,0.0,0.0,0.0,0.0,0.0,0.0,0.0
2956,5728.5234,20.493032,0.61679554,19.95500172788631,19.9547580920818,0.0,0.0,0.0,0.0,0.0,0.0,0.0,0.0,0.0,0.0
2957,5729.8413,21.014437,0.5476816,19.951725880900682,19.951514921232643,0.0,0.0,0.0,0.0,0.0,0.0,0.0,0.0,0.0,0.0
2958,5731.1626,20.713816,0.4855332,19.948446979944308,19.948264616768753,0.0,0.0,0.0,0.0,0.0,0.0,0.0,0.0,0.0,0.0
2959,5732.481,20.35137,0.52467406,19.945180285447936,19.945022793518223,0.0,0.0,0.0,0.0,0.0,0.0,0.0,0.0,0.0,0.0
2960,5733.803,20.480576,0.5025173,19.941908421954906,19.941772642646868,0.0,0.0,0.0,0.0,0.0,0.0,0.0,0.0,0.0,0.0
2961,5735.1226,20.918217,0.47461647,19.93864791633828,19.938530967623276,0.0,0.0,0.0,0.0,0.0,0.0,0.0,0.0,0.0,0.0
2962,5736.442,21.031067,0.45955595,19.93539116656463,19.935290565020086,0.0,0.0,0.0,0.0,0.0,0.0,0.0,0.0,0.0,0.0
2963,5737.7646,20.930023,0.46022,19.932129439547946,19.932043044165123,0.0,0.0,0.0,0.0,0.0,0.0,0.0,0.0,0.0,0.0
2964,5739.0845,20.21795,0.4608663,19.928878115825835,19.9288039892355,0.0,0.0,0.0,0.0,0.0,0.0,0.0,0.0,0.0,0.0
2965,5740.4077,20.510105,0.45953622,19.925621317006417,19.925557822001693,0.0,0.0,0.0,0.0,0.0,0.0,0.0,0.0,0.0,0.0
2966,5741.7285,20.518265,0.4611233,19.92237325351307,19.922318917254596,0.0,0.0,0.0,0.0,0.0,0.0,0.0,0.0,0.0,0.0
2967,5743.0522,19.821642,0.4462074,19.919120529508188,19.919074103758145,0.0,0.0,0.0,0.0,0.0,0.0,0.0,0.0,0.0,0.0
2968,5744.3735,20.25171,0.44452253,19.915876178394935,19.915836547396136,0.0,0.0,0.0,0.0,0.0,0.0,0.0,0.0,0.0,0.0
2969,5745.695,19.062187,0.4333331,19.912634053363167,19.9126002616696,0.0,0.0,0.0,0.0,0.0,0.0,0.0,0.0,0.0,0.0
2970,5747.021,20.04998,0.4425226,19.909382057054984,19.90935329316818,0.0,0.0,0.0,0.0,0.0,0.0,0.0,0.0,0.0,0.0
2971,5748.343,19.74437,0.44026455,19.906142828189484,19.906118356237283,0.0,0.0,0.0,0.0,0.0,0.0,0.0,0.0,0.0,0.0
2972,5749.6685,19.239267,0.4397723,19.902895925000742,19.902875133924574,0.0,0.0,0.0,0.0,0.0,0.0,0.0,0.0,0.0,0.0
2973,5750.991,20.086702,0.4524854,19.89965800682844,19.899640350644084,0.0,0.0,0.0,0.0,0.0,0.0,0.0,0.0,0.0,0.0
2974,5752.3174,20.192034,0.472365,19.89641346176315,19.896398483166667,0.0,0.0,0.0,0.0,0.0,0.0,0.0,0.0,0.0,0.0
2975,5753.6406,20.354105,0.48426977,19.89317775576239,19.89316504844248,0.0,0.0,0.0,0.0,0.0,0.0,0.0,0.0,0.0,0.0
2976,5754.9644,20.755548,0.4730992,19.889942470052247,19.889931690118047,0.0,0.0,0.0,0.0,0.0,0.0,0.0,0.0,0.0,0.0
2977,5756.2915,20.290531,0.45405936,19.886700402513654,19.886691256937794,0.0,0.0,0.0,0.0,0.0,0.0,0.0,0.0,0.0,0.0
2978,5757.615,19.747347,0.44062203,19.883468210326257,19.883460439083294,0.0,0.0,0.0,0.0,0.0,0.0,0.0,0.0,0.0,0.0
2979,5758.9434,19.90016,0.45276558,19.880226782600023,19.88022016926296,0.0,0.0,0.0,0.0,0.0,0.0,0.0,0.0,0.0,0.0
2980,5760.268,19.899569,0.45151588,19.876995156818488,19.876989508500323,0.0,0.0,0.0,0.0,0.0,0.0,0.0,0.0,0.0,0.0
2981,5761.596,19.504372,0.45848238,19.873756629683438,19.873751784696477,0.0,0.0,0.0,0.0,0.0,0.0,0.0,0.0,0.0,0.0
2982,5762.922,19.22547,0.5108024,19.8705254673441,19.870521282538878,0.0,0.0,0.0,0.0,0.0,0.0,0.0,0.0,0.0,0.0
2983,5764.2476,19.435472,0.5648641,19.86729569569598,19.86729204837075,0.0,0.0,0.0,0.0,0.0,0.0,0.0,0.0,0.0,0.0
2984,5765.5767,19.980211,0.54307956,19.864058976214654,19.86405576047331,0.0,0.0,0.0,0.0,0.0,0.0,0.0,0.0,0.0,0.0
2985,5766.9033,20.262108,0.489075,19.86082956552647,19.86082668670721,0.0,0.0,0.0,0.0,0.0,0.0,0.0,0.0,0.0,0.0
2986,5768.233,20.008156,0.4544562,19.857594378080044,19.857591753807206,0.0,0.0,0.0,0.0,0.0,0.0,0.0,0.0,0.0,0.0
2987,5769.56,20.51562,0.44660062,19.85436647398942,19.85436402971877,0.0,0.0,0.0,0.0,0.0,0.0,0.0,0.0,0.0,0.0
2988,5770.89,20.275759,0.44565466,19.851132782452876,19.85113045144865,0.0,0.0,0.0,0.0,0.0,0.0,0.0,0.0,0.0,0.0
2989,5772.218,20.0232,0.44695556,19.847906356147966,19.847904076674574,0.0,0.0,0.0,0.0,0.0,0.0,0.0,0.0,0.0,0.0
2990,5773.546,20.043869,0.46428216,19.844680067563225,19.84467778218835,0.0,0.0,0.0,0.0,0.0,0.0,0.0,0.0,0.0,0.0
2991,5774.8774,20.24272,0.49103028,19.841446802176616,19.841444455965867,0.0,0.0,0.0,0.0,0.0,0.0,0.0,0.0,0.0,0.0
2992,5776.2056,20.362598,0.49036753,19.838223156720538,19.838220696618542,0.0,0.0,0.0,0.0,0.0,0.0,0.0,0.0,0.0,0.0
2993,5777.5376,19.13618,0.4827941,19.834991353201353,19.834988725968564,0.0,0.0,0.0,0.0,0.0,0.0,0.0,0.0,0.0,0.0
2994,5778.8667,19.753872,0.474036,19.831767978344377,19.831765130982493,0.0,0.0,0.0,0.0,0.0,0.0,0.0,0.0,0.0,0.0
2995,5780.199,20.678131,0.5144396,19.828537639101352,19.82853451599932,0.0,0.0,0.0,0.0,0.0,0.0,0.0,0.0,0.0,0.0
2996,5781.529,20.4009,0.55256075,19.825315726081353,19.825312270445547,0.0,0.0,0.0,0.0,0.0,0.0,0.0,0.0,0.0,0.0
2997,5782.859,19.047527,0.66148776,19.822093955673573,19.822090106637425,0.0,0.0,0.0,0.0,0.0,0.0,0.0,0.0,0.0,0.0
2998,5784.1924,18.465805,0.8945851,19.81886524081602,19.81886093208487,0.0,0.0,0.0,0.0,0.0,0.0,0.0,0.0,0.0,0.0
2999,5785.5234,21.005617,1.0748383,19.81564377433819,19.81563893636889,0.0,0.0,0.0,0.0,0.0,0.0,0.0,0.0,0.0,0.0
3000,5786.8574,21.390797,1.0680491,19.812416563012185,19.812411117945167,0.0,0.0,0.0,0.0,0.0,0.0,0.0,0.0,0.0,0.0
3001,5788.1885,19.859123,1.0128496,19.80919778827195,19.809191653851148,0.0,0.0,0.0,0.0,0.0,0.0,0.0,0.0,0.0,0.0
3002,5789.523,19.640352,1.0756114,19.80597210814809,19.80596519071556,0.0,0.0,0.0,0.0,0.0,0.0,0.0,0.0,0.0,0.0
3003,5790.855,20.395998,1.0441519,19.802753695684906,19.80274589582924,0.0,0.0,0.0,0.0,0.0,0.0,0.0,0.0,0.0,0.0
3004,5792.1875,18.617342,0.9965341,19.79953547860493,19.79952668506082,0.0,0.0,0.0,0.0,0.0,0.0,0.0,0.0,0.0,0.0
3005,5793.523,19.83779,0.8724348,19.796311576432405,19.79630166433714,0.0,0.0,0.0,0.0,0.0,0.0,0.0,0.0,0.0,0.0
3006,5794.8555,20.501875,0.77914065,19.79309614596499,19.793084982869768,0.0,0.0,0.0,0.0,0.0,0.0,0.0,0.0,0.0,0.0
3007,5796.192,19.677454,0.6382979,19.789872706367465,19.78986013941169,0.0,0.0,0.0,0.0,0.0,0.0,0.0,0.0,0.0,0.0
3008,5797.5254,20.225231,0.66323376,19.786657761768282,19.78664362992683,0.0,0.0,0.0,0.0,0.0,0.0,0.0,0.0,0.0,0.0
3009,5798.8623,21.404425,0.7549289,19.783436025189218,19.783420143216205,0.0,0.0,0.0,0.0,0.0,0.0,0.0,0.0,0.0,0.0
3010,5800.1963,19.222298,0.653435,19.780222811634907,19.780204984272736,0.0,0.0,0.0,0.0,0.0,0.0,0.0,0.0,0.0,0.0
3011,5801.531,21.685747,0.6243498,19.777009903156504,19.77698991087862,0.0,0.0,0.0,0.0,0.0,0.0,0.0,0.0,0.0,0.0
3012,5802.8687,19.699001,0.61451215,19.773790273605695,19.773767869453362,0.0,0.0,0.0,0.0,0.0,0.0,0.0,0.0,0.0,0.0
3013,5804.203,19.121243,0.6329281,19.770580396396813,19.77055532219541,0.0,0.0,0.0,0.0,0.0,0.0,0.0,0.0,0.0,0.0
3014,5805.542,19.432367,0.704045,19.767361506291568,19.76733346225345,0.0,0.0,0.0,0.0,0.0,0.0,0.0,0.0,0.0,0.0
3015,5806.8774,18.95323,0.8771451,19.76415241469268,19.764121090283616,0.0,0.0,0.0,0.0,0.0,0.0,0.0,0.0,0.0,0.0
3016,5808.217,20.835506,0.99869037,19.76093555172244,19.760900588061276,0.0,0.0,0.0,0.0,0.0,0.0,0.0,0.0,0.0,0.0
3017,5809.5527,21.273233,0.6904669,19.75772854128344,19.757689566696072,0.0,0.0,0.0,0.0,0.0,0.0,0.0,0.0,0.0,0.0
3018,5810.889,22.222746,0.636422,19.754522035126055,19.754478632299932,0.0,0.0,0.0,0.0,0.0,0.0,0.0,0.0,0.0,0.0
3019,5812.229,21.137665,0.6110753,19.75130904856765,19.751260750666418,0.0,0.0,0.0,0.0,0.0,0.0,0.0,0.0,0.0,0.0
3020,5813.5664,20.197521,0.5832872,19.748103674534363,19.74804999476008,0.0,0.0,0.0,0.0,0.0,0.0,0.0,0.0,0.0,0.0
3021,5814.9067,21.099436,0.58198714,19.74489308446547,19.744833469881737,0.0,0.0,0.0,0.0,0.0,0.0,0.0,0.0,0.0,0.0
3022,5816.2446,20.905535,0.5803965,19.74169019166558,19.741624065470855,0.0,0.0,0.0,0.0,0.0,0.0,0.0,0.0,0.0,0.0
3023,5817.586,20.211222,0.55736953,19.73848102115242,19.73840772633501,0.0,0.0,0.0,0.0,0.0,0.0,0.0,0.0,0.0,0.0
3024,5818.924,19.915863,0.54932547,19.735281982295326,19.735200843660913,0.0,0.0,0.0,0.0,0.0,0.0,0.0,0.0,0.0,0.0
3025,5820.2627,20.484306,0.552261,19.73208261968191,19.73199287965779,0.0,0.0,0.0,0.0,0.0,0.0,0.0,0.0,0.0,0.0
3026,5821.605,21.030012,0.5348698,19.72887717137968,19.72877799006568,0.0,0.0,0.0,0.0,0.0,0.0,0.0,0.0,0.0,0.0
3027,5822.944,20.932987,0.5284081,19.72568202843255,19.725572546763637,0.0,0.0,0.0,0.0,0.0,0.0,0.0,0.0,0.0,0.0
3028,5824.287,20.892206,0.5292781,19.722478620462816,19.722357846078403,0.0,0.0,0.0,0.0,0.0,0.0,0.0,0.0,0.0,0.0
3029,5825.627,21.185509,0.5360565,19.71928565722236,19.71915258551643,0.0,0.0,0.0,0.0,0.0,0.0,0.0,0.0,0.0,0.0
3030,5826.97,21.133244,0.5308151,19.71608692951222,19.715940410919846,0.0,0.0,0.0,0.0,0.0,0.0,0.0,0.0,0.0,0.0
3031,5828.3105,20.859982,0.51522493,19.712897641330592,19.712736501497666,0.0,0.0,0.0,0.0,0.0,0.0,0.0,0.0,0.0,0.0
3032,5829.6514,20.359732,0.4820423,19.70970974544923,19.709532682765143,0.0,0.0,0.0,0.0,0.0,0.0,0.0,0.0,0.0,0.0
3033,5830.9956,19.971378,0.49206132,19.70651638632789,19.706321959105296,0.0,0.0,0.0,0.0,0.0,0.0,0.0,0.0,0.0,0.0
3034,5832.337,20.399069,0.5210493,19.703332750179914,19.70311949184769,0.0,0.0,0.0,0.0,0.0,0.0,0.0,0.0,0.0,0.0
3035,5833.6816,20.874014,0.5172871,19.70014388431966,19.699910125423887,0.0,0.0,0.0,0.0,0.0,0.0,0.0,0.0,0.0,0.0
3036,5835.024,20.950392,0.5099391,19.69696380594008,19.696707844590613,0.0,0.0,0.0,0.0,0.0,0.0,0.0,0.0,0.0,0.0
3037,5836.3696,20.776917,0.4809313,19.693778763733455,19.693498671263107,0.0,0.0,0.0,0.0,0.0,0.0,0.0,0.0,0.0,0.0
3038,5837.7124,21.286264,0.47091603,19.690603917927426,19.69029774295347,0.0,0.0,0.0,0.0,0.0,0.0,0.0,0.0,0.0,0.0
3039,5839.058,21.780699,0.47878003,19.68742555793771,19.687091091188375,0.0,0.0,0.0,0.0,0.0,0.0,0.0,0.0,0.0,0.0
3040,5840.402,20.588358,0.47018415,19.68425537187572,19.683890351721445,0.0,0.0,0.0,0.0,0.0,0.0,0.0,0.0,0.0,0.0
3041,5841.745,21.669601,0.47311834,19.681090055294852,19.680692031164007,0.0,0.0,0.0,0.0,0.0,0.0,0.0,0.0,0.0,0.0
3042,5843.0923,21.6602,0.4728501,19.67791943792773,19.677485670102133,0.0,0.0,0.0,0.0,0.0,0.0,0.0,0.0,0.0,0.0
3043,5844.4365,21.42487,0.4662587,19.6747597939859,19.674287539167594,0.0,0.0,0.0,0.0,0.0,0.0,0.0,0.0,0.0,0.0
3044,5845.784,21.22343,0.46645725,19.67159639818474,19.671082536297583,0.0,0.0,0.0,0.0,0.0,0.0,0.0,0.0,0.0,0.0
3045,5847.129,21.186647,0.47043347,19.66844435614518,19.667885757421452,0.0,0.0,0.0,0.0,0.0,0.0,0.0,0.0,0.0,0.0
3046,5848.477,21.89146,0.48402902,19.665289007475565,19.664682112342177,0.0,0.0,0.0,0.0,0.0,0.0,0.0,0.0,0.0,0.0
3047,5849.8228,21.162008,0.47199884,19.66214429890099,19.661485525491322,0.0,0.0,0.0,0.0,0.0,0.0,0.0,0.0,0.0,0.0
3048,5851.1685,21.074116,0.47574615,19.659004753268086,19.65829019334516,0.0,0.0,0.0,0.0,0.0,0.0,0.0,0.0,0.0,0.0
3049,5852.518,21.803726,0.5119559,19.655861534971365,19.655086845312354,0.0,0.0,0.0,0.0,0.0,0.0,0.0,0.0,0.0,0.0
3050,5853.864,22.016197,0.51991534,19.652733109071757,19.651894023870025,0.0,0.0,0.0,0.0,0.0,0.0,0.0,0.0,0.0,0.0
3051,5855.2144,21.120613,0.47655612,19.64959933535132,19.648690876629495,0.0,0.0,0.0,0.0,0.0,0.0,0.0,0.0,0.0,0.0
3052,5856.561,20.68687,0.46768034,19.646480914057243,19.645498248949657,0.0,0.0,0.0,0.0,0.0,0.0,0.0,0.0,0.0,0.0
3053,5857.9116,22.420435,0.48001415,19.64336007364284,19.642297618637826,0.0,0.0,0.0,0.0,0.0,0.0,0.0,0.0,0.0,0.0
3054,5859.259,21.85237,0.485051,19.640254077058632,19.639106342591692,0.0,0.0,0.0,0.0,0.0,0.0,0.0,0.0,0.0,0.0
3055,5860.607,21.874716,0.4998468,19.637153126426778,19.63591400651428,0.0,0.0,0.0,0.0,0.0,0.0,0.0,0.0,0.0,0.0
3056,5861.9585,22.385098,0.5014049,19.63405201489622,19.632714834632857,0.0,0.0,0.0,0.0,0.0,0.0,0.0,0.0,0.0,0.0
3057,5863.307,22.262383,0.48996392,19.630965704398132,19.629523851859286,0.0,0.0,0.0,0.0,0.0,0.0,0.0,0.0,0.0,0.0
3058,5864.659,22.746914,0.4840227,19.627880086671944,19.626326038983102,0.0,0.0,0.0,0.0,0.0,0.0,0.0,0.0,0.0,0.0
3059,5866.0083,23.367077,0.4813191,19.624810087162203,19.62313640910959,0.0,0.0,0.0,0.0,0.0,0.0,0.0,0.0,0.0,0.0
3060,5867.361,22.871237,0.47634268,19.621741724777046,19.619939954829412,0.0,0.0,0.0,0.0,0.0,0.0,0.0,0.0,0.0,0.0
3061,5868.711,22.057293,0.49723336,19.618688780612032,19.616750524176936,0.0,0.0,0.0,0.0,0.0,0.0,0.0,0.0,0.0,0.0
3062,5870.061,22.397383,0.607671,19.615646209994786,19.6135623454661,0.0,0.0,0.0,0.0,0.0,0.0,0.0,0.0,0.0,0.0
3063,5871.4146,24.002785,0.7929621,19.61260687711762,19.610367351333814,0.0,0.0,0.0,0.0,0.0,0.0,0.0,0.0,0.0,0.0
3064,5872.765,24.784523,0.7184684,19.609585592624786,19.607180525417494,0.0,0.0,0.0,0.0,0.0,0.0,0.0,0.0,0.0,0.0
3065,5874.1196,23.184471,0.77975297,19.606567654583188,19.60398573829937,0.0,0.0,0.0,0.0,0.0,0.0,0.0,0.0,0.0,0.0
3066,5875.4707,23.280165,0.8185159,19.603569991784187,19.600800265222805,0.0,0.0,0.0,0.0,0.0,0.0,0.0,0.0,0.0,0.0
3067,5876.8257,23.780993,0.68399507,19.600576986336606,19.59760683752735,0.0,0.0,0.0,0.0,0.0,0.0,0.0,0.0,0.0,0.0
3068,5878.1777,23.169369,0.54704297,19.597604406378085,19.594421566775853,0.0,0.0,0.0,0.0,0.0,0.0,0.0,0.0,0.0,0.0
3069,5879.53,21.94957,0.50857496,19.594646442629365,19.591237546125395,0.0,0.0,0.0,0.0,0.0,0.0,0.0,0.0,0.0,0.0
3070,5880.8857,21.914276,0.54186666,19.59169531792283,19.588045581168235,0.0,0.0,0.0,0.0,0.0,0.0,0.0,0.0,0.0,0.0
3071,5882.2383,22.688852,0.5449358,19.588767708747568,19.5848629132406,0.0,0.0,0.0,0.0,0.0,0.0,0.0,0.0,0.0,0.0
3072,5883.5947,22.014055,0.5004055,19.585848524705547,19.58167230757423,0.0,0.0,0.0,0.0,0.0,0.0,0.0,0.0,0.0,0.0
3073,5884.948,22.111141,0.4749078,19.582953270412755,19.578489844109637,0.0,0.0,0.0,0.0,0.0,0.0,0.0,0.0,0.0,0.0
3074,5886.3057,22.349733,0.47773415,19.580068146053584,19.575299450371297,0.0,0.0,0.0,0.0,0.0,0.0,0.0,0.0,0.0,0.0
3075,5887.6597,21.608355,0.47885403,19.577209545850238,19.572118340610942,0.0,0.0,0.0,0.0,0.0,0.0,0.0,0.0,0.0,0.0
3076,5889.014,21.232864,0.4806935,19.57436999795921,19.568937332611156,0.0,0.0,0.0,0.0,0.0,0.0,0.0,0.0,0.0,0.0
3077,5890.372,21.307228,0.48313496,19.57154430258755,19.56574955066402,0.0,0.0,0.0,0.0,0.0,0.0,0.0,0.0,0.0,0.0
3078,5891.7275,21.574066,0.50267947,19.568745551070574,19.5625687506035,0.0,0.0,0.0,0.0,0.0,0.0,0.0,0.0,0.0,0.0
3079,5893.0854,21.340786,0.51010734,19.56596454566514,19.559383473435247,0.0,0.0,0.0,0.0,0.0,0.0,0.0,0.0,0.0,0.0
3080,5894.4414,21.14575,0.5003843,19.56321118761995,19.55620402739593,0.0,0.0,0.0,0.0,0.0,0.0,0.0,0.0,0.0,0.0
3081,5895.801,21.27546,0.4836161,19.56047551177386,19.553017819597756,0.0,0.0,0.0,0.0,0.0,0.0,0.0,0.0,0.0,0.0
3082,5897.157,21.04097,0.4817781,19.557771205452358,19.54983972806213,0.0,0.0,0.0,0.0,0.0,0.0,0.0,0.0,0.0,0.0
3083,5898.5137,21.498499,0.6120779,19.55509324558439,19.54666288383665,0.0,0.0,0.0,0.0,0.0,0.0,0.0,0.0,0.0,0.0
3084,5899.874,22.07652,0.849662,19.552434929199755,19.543478142954648,0.0,0.0,0.0,0.0,0.0,0.0,0.0,0.0,0.0,0.0
3085,5901.231,21.901901,0.83622396,19.549811459370222,19.540302652158108,0.0,0.0,0.0,0.0,0.0,0.0,0.0,0.0,0.0,0.0
3086,5902.592,21.899609,0.629681,19.547209562732107,19.537119271232015,0.0,0.0,0.0,0.0,0.0,0.0,0.0,0.0,0.0,0.0
3087,5903.95,22.034487,0.49819127,19.544642263127795,19.533942850342324,0.0,0.0,0.0,0.0,0.0,0.0,0.0,0.0,0.0,0.0
3088,5905.311,20.908018,0.4984052,19.54210115018906,19.53076197094889,0.0,0.0,0.0,0.0,0.0,0.0,0.0,0.0,0.0,0.0
3089,5906.67,21.961445,0.63017374,19.539595221707927,19.527586904893028,0.0,0.0,0.0,0.0,0.0,0.0,0.0,0.0,0.0,0.0
3090,5908.029,21.295958,0.6428633,19.537121549829592,19.524413085192194,0.0,0.0,0.0,0.0,0.0,0.0,0.0,0.0,0.0,0.0
3091,5909.391,21.026869,0.5320758,19.5346747184632,19.52123253275581,0.0,0.0,0.0,0.0,0.0,0.0,0.0,0.0,0.0,0.0
3092,5910.7505,21.006254,0.47572362,19.53226678591047,19.51806006725703,0.0,0.0,0.0,0.0,0.0,0.0,0.0,0.0,0.0,0.0
3093,5912.114,20.365633,0.45598987,19.529886244448424,19.514879735770226,0.0,0.0,0.0,0.0,0.0,0.0,0.0,0.0,0.0,0.0
3094,5913.4736,20.41761,0.46157452,19.527546401904022,19.511708624498045,0.0,0.0,0.0,0.0,0.0,0.0,0.0,0.0,0.0,0.0
3095,5914.8374,21.126633,0.4703672,19.525235095958806,19.508529653738833,0.0,0.0,0.0,0.0,0.0,0.0,0.0,0.0,0.0,0.0
3096,5916.1978,20.89404,0.4928044,19.522965089229,19.50535989626969,0.0,0.0,0.0,0.0,0.0,0.0,0.0,0.0,0.0,0.0
3097,5917.5586,21.34974,0.51854,19.520729981379112,19.502190245331725,0.0,0.0,0.0,0.0,0.0,0.0,0.0,0.0,0.0,0.0
3098,5918.9233,21.501919,0.516592,19.518524459667905,19.49901274509023,0.0,0.0,0.0,0.0,0.0,0.0,0.0,0.0,0.0,0.0
3099,5920.285,20.65086,0.47513175,19.516359633094456,19.495843312031415,0.0,0.0,0.0,0.0,0.0,0.0,0.0,0.0,0.0,0.0
3100,5921.6504,20.719229,0.49917403,19.51422532715847,19.49266717278411,0.0,0.0,0.0,0.0,0.0,0.0,0.0,0.0,0.0,0.0
3101,5923.0127,20.513826,0.5479443,19.512131261442146,19.489499094698868,0.0,0.0,0.0,0.0,0.0,0.0,0.0,0.0,0.0,0.0
3102,5924.3784,20.25037,0.529151,19.5100673326583,19.486324316012986,0.0,0.0,0.0,0.0,0.0,0.0,0.0,0.0,0.0,0.0
3103,5925.741,20.14784,0.4760254,19.508042637838003,19.483157592473503,0.0,0.0,0.0,0.0,0.0,0.0,0.0,0.0,0.0,0.0
3104,5927.1045,20.281874,0.46118072,19.506051365115813,19.479990977623633,0.0,0.0,0.0,0.0,0.0,0.0,0.0,0.0,0.0,0.0
3105,5928.471,20.479185,0.46059403,19.50408856734846,19.476817670988183,0.0,0.0,0.0,0.0,0.0,0.0,0.0,0.0,0.0,0.0
3106,5929.8354,20.393354,0.47547874,19.502161727326563,19.473651277872374,0.0,0.0,0.0,0.0,0.0,0.0,0.0,0.0,0.0,0.0
3107,5931.2026,20.275768,0.5211398,19.50026214136945,19.47047933205234,0.0,0.0,0.0,0.0,0.0,0.0,0.0,0.0,0.0,0.0
3108,5932.5674,21.730093,0.6689493,19.498396002784215,19.467314294636093,0.0,0.0,0.0,0.0,0.0,0.0,0.0,0.0,0.0,0.0
3109,5933.935,20.784351,0.72045285,19.496554494751145,19.464143709195305,0.0,0.0,0.0,0.0,0.0,0.0,0.0,0.0,0.0,0.0
3110,5935.3003,19.642307,0.6412436,19.49474323081653,19.460980027046606,0.0,0.0,0.0,0.0,0.0,0.0,0.0,0.0,0.0,0.0
3111,5936.6655,20.63941,0.48652306,19.492957083936417,19.45781758656689,0.0,0.0,0.0,0.0,0.0,0.0,0.0,0.0,0.0,0.0
3112,5938.0347,20.475908,0.45035708,19.49118905538195,19.454647343842918,0.0,0.0,0.0,0.0,0.0,0.0,0.0,0.0,0.0,0.0
3113,5939.401,19.778982,0.44479486,19.489445839900757,19.45148512803414,0.0,0.0,0.0,0.0,0.0,0.0,0.0,0.0,0.0,0.0
3114,5940.77,20.061907,0.44341192,19.48771763349349,19.44831737632329,0.0,0.0,0.0,0.0,0.0,0.0,0.0,0.0,0.0,0.0
3115,5942.137,20.118532,0.4743719,19.486008119484023,19.445155386527613,0.0,0.0,0.0,0.0,0.0,0.0,0.0,0.0,0.0,0.0
3116,5943.5073,19.754416,0.5399283,19.484308553705855,19.441987866382046,0.0,0.0,0.0,0.0,0.0,0.0,0.0,0.0,0.0,0.0
3117,5944.8755,19.702658,0.57686144,19.482622200822426,19.43882610482533,0.0,0.0,0.0,0.0,0.0,0.0,0.0,0.0,0.0,0.0
3118,5946.246,20.251356,0.5243757,19.480940693311204,19.435659946195592,0.0,0.0,0.0,0.0,0.0,0.0,0.0,0.0,0.0,0.0
3119,5947.6143,20.768219,0.4714148,19.479266942906598,19.43250066922925,0.0,0.0,0.0,0.0,0.0,0.0,0.0,0.0,0.0,0.0
3120,5948.9824,20.868298,0.4776213,19.47759473800396,19.429342632291068,0.0,0.0,0.0,0.0,0.0,0.0,0.0,0.0,0.0,0.0
3121,5950.3545,20.226599,0.4653008,19.475915990492865,19.426176823398634,0.0,0.0,0.0,0.0,0.0,0.0,0.0,0.0,0.0,0.0
3122,5951.723,19.900526,0.4935646,19.474236259816077,19.423020141778377,0.0,0.0,0.0,0.0,0.0,0.0,0.0,0.0,0.0,0.0
3123,5953.095,19.809792,0.6795132,19.472543652984683,19.419856820139472,0.0,0.0,0.0,0.0,0.0,0.0,0.0,0.0,0.0,0.0
3124,5954.465,18.615088,0.79180825,19.470841807380115,19.416700367882644,0.0,0.0,0.0,0.0,0.0,0.0,0.0,0.0,0.0,0.0
3125,5955.838,20.076466,0.71364456,19.46911984634505,19.413537282020908,0.0,0.0,0.0,0.0,0.0,0.0,0.0,0.0,0.0,0.0
3126,5957.2085,20.645292,0.51122314,19.467381437623906,19.410381061339784,0.0,0.0,0.0,0.0,0.0,0.0,0.0,0.0,0.0,0.0
3127,5958.5786,20.477957,0.46554977,19.465620532829714,19.40722720344777,0.0,0.0,0.0,0.0,0.0,0.0,0.0,0.0,0.0,0.0
3128,5959.9526,20.064724,0.4550869,19.463827757709698,19.404065596484617,0.0,0.0,0.0,0.0,0.0,0.0,0.0,0.0,0.0,0.0
3129,5961.3237,19.799643,0.45083228,19.46200840766551,19.4009119703901,0.0,0.0,0.0,0.0,0.0,0.0,0.0,0.0,0.0,0.0
3130,5962.698,20.26295,0.4558735,19.46015049016726,19.39775172493112,0.0,0.0,0.0,0.0,0.0,0.0,0.0,0.0,0.0,0.0
3131,5964.0703,20.50474,0.45570076,19.45825841759896,19.394598332397695,0.0,0.0,0.0,0.0,0.0,0.0,0.0,0.0,0.0,0.0
3132,5965.4453,20.966446,0.4593309,19.45632138415173,19.391439448436056,0.0,0.0,0.0,0.0,0.0,0.0,0.0,0.0,0.0,0.0
3133,5966.818,20.536673,0.4653565,19.45434372345621,19.388287412325685,0.0,0.0,0.0,0.0,0.0,0.0,0.0,0.0,0.0,0.0
3134,5968.1904,20.11705,0.5375348,19.452318938207416,19.3851366133807,0.0,0.0,0.0,0.0,0.0,0.0,0.0,0.0,0.0,0.0
3135,5969.5664,20.353804,0.5924549,19.450238895511198,19.381979209279585,0.0,0.0,0.0,0.0,0.0,0.0,0.0,0.0,0.0,0.0
3136,5970.94,20.062944,0.5271997,19.448109680040773,19.37882864586919,0.0,0.0,0.0,0.0,0.0,0.0,0.0,0.0,0.0,0.0
3137,5972.317,20.599255,0.47455484,19.44591964791879,19.375671483682243,0.0,0.0,0.0,0.0,0.0,0.0,0.0,0.0,0.0,0.0
3138,5973.691,20.395725,0.4616194,19.44367661800249,19.372522276900842,0.0,0.0,0.0,0.0,0.0,0.0,0.0,0.0,0.0,0.0
3139,5975.0684,19.989988,0.49948677,19.441368209722903,19.369366476837065,0.0,0.0,0.0,0.0,0.0,0.0,0.0,0.0,0.0,0.0
3140,5976.443,20.194262,0.57826084,19.43900333318677,19.36621862623658,0.0,0.0,0.0,0.0,0.0,0.0,0.0,0.0,0.0,0.0
3141,5977.818,20.33584,0.7662754,19.436574901693433,19.363070893340677,0.0,0.0,0.0,0.0,0.0,0.0,0.0,0.0,0.0,0.0
3142,5979.1963,19.40085,0.7841737,19.43407637683704,19.359916575830724,0.0,0.0,0.0,0.0,0.0,0.0,0.0,0.0,0.0,0.0
3143,5980.572,20.872736,0.63434017,19.43151857384337,19.356770199321637,0.0,0.0,0.0,0.0,0.0,0.0,0.0,0.0,0.0,0.0
3144,5981.9507,19.600058,0.54276145,19.428889267357743,19.353617243679917,0.0,0.0,0.0,0.0,0.0,0.0,0.0,0.0,0.0,0.0
3145,5983.327,20.072605,0.592969,19.4261996354811,19.35047110727952,0.0,0.0,0.0,0.0,0.0,0.0,0.0,0.0,0.0,0.0
3146,5984.7065,21.154217,0.60181403,19.423439554800257,19.34731951348947,0.0,0.0,0.0,0.0,0.0,0.0,0.0,0.0,0.0,0.0
3147,5986.083,20.315592,0.52641565,19.42062160718357,19.344175848840827,0.0,0.0,0.0,0.0,0.0,0.0,0.0,0.0,0.0,0.0
3148,5987.4604,20.019104,0.47384176,19.417739199902748,19.341031188573574,0.0,0.0,0.0,0.0,0.0,0.0,0.0,0.0,0.0,0.0
3149,5988.841,19.971489,0.51092845,19.414789681553323,19.337881078242738,0.0,0.0,0.0,0.0,0.0,0.0,0.0,0.0,0.0,0.0
3150,5990.2188,19.678303,0.5832623,19.411786635464026,19.334737774973703,0.0,0.0,0.0,0.0,0.0,0.0,0.0,0.0,0.0,0.0
3151,5991.6,19.631014,0.60730827,19.40871982514157,19.331587913029335,0.0,0.0,0.0,0.0,0.0,0.0,0.0,0.0,0.0,0.0
3152,5992.9785,19.909147,0.59112614,19.405606332620806,19.32844596674127,0.0,0.0,0.0,0.0,0.0,0.0,0.0,0.0,0.0,0.0
3153,5994.3604,20.365147,0.5044731,19.402435332363,19.32529746723687,0.0,0.0,0.0,0.0,0.0,0.0,0.0,0.0,0.0,0.0
3154,5995.7397,20.635008,0.4813075,19.399224176399752,19.322155765585943,0.0,0.0,0.0,0.0,0.0,0.0,0.0,0.0,0.0,0.0
3155,5997.1187,19.225761,0.51993155,19.39597285959902,19.31901640865984,0.0,0.0,0.0,0.0,0.0,0.0,0.0,0.0,0.0,0.0
3156,5998.5015,19.474453,0.5510452,19.392675769136286,19.31586939524207,0.0,0.0,0.0,0.0,0.0,0.0,0.0,0.0,0.0,0.0
3157,5999.8813,19.78317,0.5452231,19.38935452759485,19.312730283143328,0.0,0.0,0.0,0.0,0.0,0.0,0.0,0.0,0.0,0.0
3158,6001.265,20.280228,0.5230016,19.385998412333063,19.309583521745733,0.0,0.0,0.0,0.0,0.0,0.0,0.0,0.0,0.0,0.0
3159,6002.6455,20.987581,0.4921767,19.38263144726702,19.306445766341174,0.0,0.0,0.0,0.0,0.0,0.0,0.0,0.0,0.0,0.0
3160,6004.0303,19.841522,0.49606088,19.37924127582026,19.303299258682255,0.0,0.0,0.0,0.0,0.0,0.0,0.0,0.0,0.0,0.0
3161,6005.4116,18.734661,0.5803322,19.37585418125303,19.30016175111444,0.0,0.0,0.0,0.0,0.0,0.0,0.0,0.0,0.0,0.0
3162,6006.793,19.450008,0.6438031,19.372469346249808,19.297025474930514,0.0,0.0,0.0,0.0,0.0,0.0,0.0,0.0,0.0,0.0
3163,6008.1777,19.617674,0.5737576,19.369086449978635,19.293882673619077,0.0,0.0,0.0,0.0,0.0,0.0,0.0,0.0,0.0,0.0
3164,6009.5605,19.40486,0.48209253,19.36572704155081,19.2907455383622,0.0,0.0,0.0,0.0,0.0,0.0,0.0,0.0,0.0,0.0
3165,6010.946,19.80835,0.46580398,19.36238932442696,19.287604099333596,0.0,0.0,0.0,0.0,0.0,0.0,0.0,0.0,0.0,0.0
3166,6012.3286,19.929281,0.46535844,19.35909433236741,19.28446942886733,0.0,0.0,0.0,0.0,0.0,0.0,0.0,0.0,0.0,0.0
3167,6013.7153,19.86035,0.45358467,19.35583665513303,19.281327138774653,0.0,0.0,0.0,0.0,0.0,0.0,0.0,0.0,0.0,0.0
3168,6015.0986,19.488804,0.4526224,19.352643603145797,19.278193825542647,0.0,0.0,0.0,0.0,0.0,0.0,0.0,0.0,0.0,0.0
3169,6016.4824,20.041435,0.45116222,19.349516344714853,19.27506063644955,0.0,0.0,0.0,0.0,0.0,0.0,0.0,0.0,0.0,0.0
3170,6017.8696,20.227646,0.46144316,19.346459382023987,19.271920942511734,0.0,0.0,0.0,0.0,0.0,0.0,0.0,0.0,0.0,0.0
3171,6019.2544,19.490747,0.45456553,19.34349687745073,19.26878800590732,0.0,0.0,0.0,0.0,0.0,0.0,0.0,0.0,0.0,0.0
3172,6020.6426,19.769913,0.4557357,19.340627957962266,19.265648570738545,0.0,0.0,0.0,0.0,0.0,0.0,0.0,0.0,0.0,0.0
3173,6022.0273,18.522894,0.50952125,19.337878550615454,19.262518095996523,0.0,0.0,0.0,0.0,0.0,0.0,0.0,0.0,0.0,0.0
3174,6023.416,17.090385,0.82303125,19.335246484845218,19.259380024045047,0.0,0.0,0.0,0.0,0.0,0.0,0.0,0.0,0.0,0.0
3175,6024.802,18.656584,0.92774695,19.332757334136073,19.2562498030296,0.0,0.0,0.0,0.0,0.0,0.0,0.0,0.0,0.0,0.0
3176,6026.1875,20.813734,0.77828014,19.330418267042717,19.253120810480198,0.0,0.0,0.0,0.0,0.0,0.0,0.0,0.0,0.0,0.0
3177,6027.577,20.205954,0.5270822,19.328236516271613,19.249984230552695,0.0,0.0,0.0,0.0,0.0,0.0,0.0,0.0,0.0,0.0
3178,6028.9644,18.91508,0.61792064,19.32623576824932,19.24685439174442,0.0,0.0,0.0,0.0,0.0,0.0,0.0,0.0,0.0,0.0
3179,6030.3545,21.778933,0.84336996,19.324422203134727,19.24371917558832,0.0,0.0,0.0,0.0,0.0,0.0,0.0,0.0,0.0,0.0
3180,6031.7417,21.20664,0.651353,19.322817513742773,19.240591796138613,0.0,0.0,0.0,0.0,0.0,0.0,0.0,0.0,0.0,0.0
3181,6033.1323,20.222534,0.49010676,19.321428772690457,19.23745794284598,0.0,0.0,0.0,0.0,0.0,0.0,0.0,0.0,0.0,0.0
3182,6034.5205,20.350334,0.46456963,19.320276695132172,19.23433082067958,0.0,0.0,0.0,0.0,0.0,0.0,0.0,0.0,0.0,0.0
3183,6035.9087,20.148315,0.4971331,19.319373397996824,19.231204925945203,0.0,0.0,0.0,0.0,0.0,0.0,0.0,0.0,0.0,0.0
3184,6037.301,19.1844,0.56765985,19.318732463750127,19.22807146701503,0.0,0.0,0.0,0.0,0.0,0.0,0.0,0.0,0.0,0.0
3185,6038.6895,20.091892,0.57735103,19.318372635904854,19.224946929875916,0.0,0.0,0.0,0.0,0.0,0.0,0.0,0.0,0.0,0.0
3186,6040.0815,20.654097,0.5184376,19.31830761977566,19.22181593277586,0.0,0.0,0.0,0.0,0.0,0.0,0.0,0.0,0.0,0.0
3187,6041.471,20.474686,0.46591678,19.318553515041078,19.21869165476581,0.0,0.0,0.0,0.0,0.0,0.0,0.0,0.0,0.0,0.0
3188,6042.8643,19.615305,0.44924873,19.31912751000092,19.21556092302964,0.0,0.0,0.0,0.0,0.0,0.0,0.0,0.0,5.9e-44,0.0
3189,6044.2544,18.936234,0.4391023,19.320042886574697,19.212438002963495,0.0,0.0,0.0,0.0,0.0,0.0,0.0,0.0,5.9e-44,0.0
3190,6045.6484,19.739845,0.45067498,19.32132043868103,19.20930753826895,0.0,0.0,0.0,0.0,0.0,0.0,0.0,0.0,1.78e-43,0.0
3191,6047.039,19.977457,0.45645544,19.3229694907215,19.206185976102628,0.0,0.0,0.0,0.0,0.0,0.0,0.0,0.0,2.96e-43,0.0
3192,6048.43,19.981464,0.47054994,19.325009380663065,19.203064543390898,0.0,0.0,0.0,0.0,0.0,0.0,0.0,0.0,4.74e-43,0.0
3193,6049.825,19.717897,0.49395826,19.327462723343572,19.199935575812063,0.0,0.0,0.0,0.0,0.0,0.0,0.0,0.0,8.28e-43,0.0
3194,6051.217,19.677406,0.5643326,19.33033249824734,19.196815501148418,0.0,0.0,0.0,0.0,0.0,0.0,0.0,0.0,1.362e-42,0.0
3195,6052.612,19.967321,0.5460884,19.333648327278127,19.193688991950978,0.0,0.0,0.0,0.0,0.0,0.0,0.0,0.0,2.427e-42,0.0
3196,6054.0044,19.870665,0.47626284,19.337411943568657,19.190569180740784,0.0,0.0,0.0,0.0,0.0,0.0,0.0,0.0,4.144e-42,0.0
3197,6055.401,20.128145,0.44941762,19.34165609600981,19.18744184794863,0.0,0.0,0.0,0.0,0.0,0.0,0.0,0.0,7.163e-42,0.0
3198,6056.7935,19.56276,0.44170398,19.34637159142616,19.18432448837879,0.0,0.0,0.0,0.0,0.0,0.0,0.0,0.0,1.2254e-41,0.0
3199,6058.187,20.163523,0.44507846,19.35158741496599,19.181206166968707,0.0,0.0,0.0,0.0,0.0,0.0,0.0,0.0,2.1076e-41,0.0
3200,6059.584,20.762323,0.4613765,19.357328492055917,19.178081425677323,0.0,0.0,0.0,0.0,0.0,0.0,0.0,0.0,3.617e-41,0.0
3201,6060.978,19.678291,0.5056983,19.363581871065396,19.17496446278979,0.0,0.0,0.0,0.0,0.0,0.0,0.0,0.0,6.1863e-41,0.0
3202,6062.3765,18.87892,0.67644787,19.3703932997639,19.171838903134567,0.0,0.0,0.0,0.0,0.0,0.0,0.0,0.0,1.05907e-40,0.0
3203,6063.771,20.822449,0.89570856,19.37773376607848,19.16872329914523,0.0,0.0,0.0,0.0,0.0,0.0,0.0,0.0,1.80794e-40,0.0
3204,6065.1694,20.002754,0.7063179,19.385654792354263,19.16560019569174,0.0,0.0,0.0,0.0,0.0,0.0,0.0,0.0,3.08607e-40,0.0
3205,6066.5645,20.227823,0.52196,19.394124366338094,19.162485949690183,0.0,0.0,0.0,0.0,0.0,0.0,0.0,0.0,5.25275e-40,0.0
3206,6067.96,20.996729,0.482399,19.403172327293184,19.159371836198595,0.0,0.0,0.0,0.0,0.0,0.0,0.0,0.0,8.92962e-40,0.0
3207,6069.36,20.356976,0.46367645,19.412833937301794,19.156249143972556,0.0,0.0,0.0,0.0,0.0,0.0,0.0,0.0,1.518165e-39,0.0
3208,6070.756,20.346947,0.5008109,19.423057513010907,19.15313638902943,0.0,0.0,0.0,0.0,0.0,0.0,0.0,0.0,2.573452e-39,0.0
3209,6072.156,20.354397,0.5292795,19.433904252077266,19.150016150499507,0.0,0.0,0.0,0.0,0.0,0.0,0.0,0.0,4.36216e-39,0.0
3210,6073.5527,19.485355,0.55787456,19.445323915921588,19.146903665505786,0.0,0.0,0.0,0.0,0.0,0.0,0.0,0.0,7.37493e-39,0.0
3211,6074.953,19.876421,0.5908845,19.457369446734585,19.143784791211285,0.0,0.0,0.0,0.0,0.0,0.0,0.0,0.0,1.2465714e-38,0.0
3212,6076.351,20.545599,0.54185,19.46998961110967,19.14067257781881,0.0,0.0,0.0,0.0,0.0,0.0,0.0,0.0,2.1019656e-38,0.0
3213,6077.7485,20.116728,0.4691249,19.483197222393855,19.13756267253767,0.0,0.0,0.0,0.0,0.0,0.0,0.0,0.0,3.53833e-38,0.0
3214,6079.15,19.964602,0.4487297,19.49703051627225,19.134445299511615,0.0,0.0,0.0,0.0,0.0,0.0,0.0,0.0,5.9559585e-38,0.0
3215,6080.5483,19.719189,0.45941645,19.511415382401037,19.13133566595702,0.0,0.0,0.0,0.0,0.0,0.0,0.0,0.0,9.999424e-38,0.0
3216,6081.95,20.733778,0.46930486,19.526407860366955,19.12821965679373,0.0,0.0,0.0,0.0,0.0,0.0,0.0,0.0,1.6784125e-37,0.0
3217,6083.3496,19.245958,0.60325515,19.54193416059439,19.125110296611236,0.0,0.0,0.0,0.0,0.0,0.0,0.0,0.0,2.8104043e-37,0.0
3218,6084.7524,18.522097,0.7921789,19.55804548865011,19.121994566971566,0.0,0.0,0.0,0.0,0.0,0.0,0.0,0.0,4.7046746e-37,0.0
3219,6086.152,20.996857,0.81373775,19.574647115618667,19.11888764992424,0.0,0.0,0.0,0.0,0.0,0.0,0.0,0.0,7.854001e-37,0.0
3220,6087.5522,21.217375,0.59023625,19.59177064662447,19.11577978497019,0.0,0.0,0.0,0.0,0.0,0.0,0.0,0.0,1.3096502e-36,0.0
3221,6088.956,20.612299,0.48013055,19.609426970349194,19.112665558920742,0.0,0.0,0.0,0.0,0.0,0.0,0.0,0.0,2.1832343e-36,0.0
3222,6090.357,20.017288,0.46061194,19.627512568423846,19.10955905337105,0.0,0.0,0.0,0.0,0.0,0.0,0.0,0.0,3.6301578e-36,0.0
3223,6091.7617,19.94421,0.4565641,19.64609006645635,19.106445109867604,0.0,0.0,0.0,0.0,0.0,0.0,0.0,0.0,6.035466e-36,0.0
3224,6093.1626,20.29764,0.46023253,19.665027382369534,19.103341045375362,0.0,0.0,0.0,0.0,0.0,0.0,0.0,0.0,1.00050784e-35,0.0
3225,6094.568,20.360136,0.45857567,19.68440566294194,19.100228466916093,0.0,0.0,0.0,0.0,0.0,0.0,0.0,0.0,1.6586828e-35,0.0
3226,6095.9697,19.764837,0.4508566,19.704084320103423,19.097124679123656,0.0,0.0,0.0,0.0,0.0,0.0,0.0,0.0,2.742311e-35,0.0
3227,6097.3726,20.437754,0.4531663,19.724088727300717,19.09401994830902,0.0,0.0,0.0,0.0,0.0,0.0,0.0,0.0,4.5285903e-35,0.0
3228,6098.7783,19.343105,0.45953995,19.7444099766779,19.090909956173903,0.0,0.0,0.0,0.0,0.0,0.0,0.0,0.0,7.474819e-35,0.0
3229,6100.181,18.986347,0.5537016,19.764924058802855,19.087807664759886,0.0,0.0,0.0,0.0,0.0,0.0,0.0,0.0,1.2306416e-34,0.0
3230,6101.588,19.896755,0.5775691,19.785689408992017,19.084697957251752,0.0,0.0,0.0,0.0,0.0,0.0,0.0,0.0,2.0258141e-34,0.0
3231,6102.9917,20.49327,0.51235956,19.80656211395234,19.081595945548713,0.0,0.0,0.0,0.0,0.0,0.0,0.0,0.0,3.3263216e-34,0.0
3232,6104.399,20.189026,0.50332963,19.8275922220636,19.078487603037416,0.0,0.0,0.0,0.0,0.0,0.0,0.0,0.0,5.4599633e-34,0.0
3233,6105.803,20.473188,0.5120618,19.84863884170609,19.07538695056992,0.0,0.0,0.0,0.0,0.0,0.0,0.0,0.0,8.939334e-34,0.0
3234,6107.208,19.655779,0.48197573,19.869706343082548,19.07228643742001,0.0,0.0,0.0,0.0,0.0,0.0,0.0,0.0,1.461619e-33,0.0
3235,6108.616,19.810728,0.5942536,19.89079118500371,19.06917960177083,0.0,0.0,0.0,0.0,0.0,0.0,0.0,0.0,2.3890615e-33,0.0
3236,6110.022,20.480083,0.7614554,19.911757164352903,19.066079371326932,0.0,0.0,0.0,0.0,0.0,0.0,0.0,0.0,3.8956812e-33,0.0
3237,6111.4307,20.708944,0.6507936,19.932635947123682,19.062973900691187,0.0,0.0,0.0,0.0,0.0,0.0,0.0,0.0,6.349274e-33,0.0
3238,6112.8364,21.364706,0.53428215,19.95329268967834,19.059876106140283,0.0,0.0,0.0,0.0,0.0,0.0,0.0,0.0,1.0321863e-32,0.0
3239,6114.246,20.011007,0.4727357,19.973779741424227,19.056770924228335,0.0,0.0,0.0,0.0,0.0,0.0,0.0,0.0,1.6777064e-32,0.0
3240,6115.653,20.695097,0.4696944,19.99395045350408,19.05367341349935,0.0,0.0,0.0,0.0,0.0,0.0,0.0,0.0,2.7200504e-32,0.0
3241,6117.0596,20.614172,0.46310887,20.013801648705385,19.050577118485354,0.0,0.0,0.0,0.0,0.0,0.0,0.0,0.0,4.4032702e-32,0.0
3242,6118.4697,20.416004,0.46898946,20.03333576157337,19.047474519755895,0.0,0.0,0.0,0.0,0.0,0.0,0.0,0.0,7.1254894e-32,0.0
3243,6119.8774,21.208378,0.4678227,20.052428832036153,19.0443785095035,0.0,0.0,0.0,0.0,0.0,0.0,0.0,0.0,1.1503593e-31,0.0
3244,6121.2886,20.465845,0.46019801,20.07111905516148,19.041276201615336,0.0,0.0,0.0,0.0,0.0,0.0,0.0,0.0,1.8564928e-31,0.0
3245,6122.697,20.231825,0.45758212,20.089283712391666,19.038181550984195,0.0,0.0,0.0,0.0,0.0,0.0,0.0,0.0,2.9885206e-31,0.0
3246,6124.109,20.665947,0.45861074,20.106974896486264,19.03507953553961,0.0,0.0,0.0,0.0,0.0,0.0,0.0,0.0,4.8097947e-31,0.0
3247,6125.5176,20.141155,0.44917342,20.12406886411475,19.031986244447697,0.0,0.0,0.0,0.0,0.0,0.0,0.0,0.0,7.7202933e-31,0.0
3248,6126.927,18.582666,0.4123511,20.140585643373704,19.028893095575548,0.0,0.0,0.0,0.0,0.0,0.0,0.0,0.0,1.2375079e-30,0.0
3249,6128.34,17.96998,0.458241,20.15653776391027,19.025792591409658,0.0,0.0,0.0,0.0,0.0,0.0,0.0,0.0,1.9831827e-30,0.0
3250,6129.75,20.015083,0.5350182,20.171826499550974,19.02269973143879,0.0,0.0,0.0,0.0,0.0,0.0,0.0,0.0,3.1702293e-30,0.0
3251,6131.163,21.090054,0.52426255,20.186498126125063,19.019601663684572,0.0,0.0,0.0,0.0,0.0,0.0,0.0,0.0,5.064891e-30,0.0
3252,6132.573,21.418457,0.49129584,20.200480492821157,19.016511233559072,0.0,0.0,0.0,0.0,0.0,0.0,0.0,0.0,8.0717206e-30,0.0
3253,6133.988,21.13306,0.4811975,20.213837538803503,19.01341239079325,0.0,0.0,0.0,0.0,0.0,0.0,0.0,0.0,1.2862505e-29,0.0
3254,6135.399,20.829752,0.49908328,20.226492919261467,19.010322250659478,0.0,0.0,0.0,0.0,0.0,0.0,0.0,0.0,2.0442254e-29,0.0
3255,6136.8105,20.74822,0.6262013,20.238486355397455,19.007232254597895,0.0,0.0,0.0,0.0,0.0,0.0,0.0,0.0,3.2444083e-29,0.0
3256,6138.2256,20.432863,0.5999971,20.249847916538354,19.004135993892785,0.0,0.0,0.0,0.0,0.0,0.0,0.0,0.0,5.147069e-29,0.0
3257,6139.6377,21.021126,0.5377976,20.260540827977426,19.00104735778547,0.0,0.0,0.0,0.0,0.0,0.0,0.0,0.0,8.1451857e-29,0.0
3258,6141.053,20.805855,0.47992623,20.270630956690077,18.997952462236647,0.0,0.0,0.0,0.0,0.0,0.0,0.0,0.0,1.288417e-28,0.0
3259,6142.466,20.838804,0.47435793,20.280097133473575,18.99486518557471,0.0,0.0,0.0,0.0,0.0,0.0,0.0,0.0,2.032989e-28,0.0
3260,6143.883,21.040937,0.46992034,20.289017646694823,18.99176952161853,0.0,0.0,0.0,0.0,0.0,0.0,0.0,0.0,3.2074307e-28,0.0
3261,6145.296,21.016209,0.4800717,20.29737498713799,18.988683604729847,0.0,0.0,0.0,0.0,0.0,0.0,0.0,0.0,5.046228e-28,0.0
3262,6146.71,21.382973,0.48156995,20.3052396686473,18.985596767226706,0.0,0.0,0.0,0.0,0.0,0.0,0.0,0.0,7.9293877e-28,0.0
3263,6148.127,21.073643,0.4822303,20.312665844455665,18.982504749790138,0.0,0.0,0.0,0.0,0.0,0.0,0.0,0.0,1.2452427e-27,0.0
3264,6149.541,21.954353,0.49954277,20.319673452102165,18.979420337401848,0.0,0.0,0.0,0.0,0.0,0.0,0.0,0.0,1.9507196e-27,0.0
3265,6150.9595,21.342001,0.47549087,20.32635189783242,18.976327555295494,0.0,0.0,0.0,0.0,0.0,0.0,0.0,0.0,3.0553856e-27,0.0
3266,6152.374,20.54391,0.4738813,20.332721426182893,18.973244502240327,0.0,0.0,0.0,0.0,0.0,0.0,0.0,0.0,4.7723385e-27,0.0
3267,6153.793,21.183659,0.48148817,20.338882081644133,18.970153086320952,0.0,0.0,0.0,0.0,0.0,0.0,0.0,0.0,7.452982e-27,0.0
3268,6155.2085,20.83662,0.4927961,20.344865667539118,18.96707032890844,0.0,0.0,0.0,0.0,0.0,0.0,0.0,0.0,1.1608849e-26,0.0
3269,6156.6284,20.719389,0.48172963,20.350775452353997,18.96397921631579,0.0,0.0,0.0,0.0,0.0,0.0,0.0,0.0,1.807897e-26,0.0
3270,6158.0444,20.117651,0.46783677,20.35664762623799,18.960897818880202,0.0,0.0,0.0,0.0,0.0,0.0,0.0,0.0,2.8077412e-26,0.0
3271,6159.4614,20.619762,0.47710818,20.362577536228024,18.957815506580197,0.0,0.0,0.0,0.0,0.0,0.0,0.0,0.0,4.3551396e-26,0.0
3272,6160.882,20.97617,0.4969647,20.368651190849192,18.95472697362507,0.0,0.0,0.0,0.0,0.0,0.0,0.0,0.0,6.752039e-26,0.0
3273,6162.299,20.255322,0.499245,20.374916593558787,18.95164708328962,0.0,0.0,0.0,0.0,0.0,0.0,0.0,0.0,1.0440863e-25,0.0
3274,6163.7197,20.54139,0.481536,20.381483948166114,18.94855991595481,0.0,0.0,0.0,0.0,0.0,0.0,0.0,0.0,1.6139325e-25,0.0
3275,6165.1387,19.72024,0.4655127,20.388403776349378,18.945478203954053,0.0,0.0,0.0,0.0,0.0,0.0,0.0,0.0,2.4894397e-25,0.0
3276,6166.5605,19.652256,0.48042113,20.395777649891752,18.942391343129056,0.0,0.0,0.0,0.0,0.0,0.0,0.0,0.0,3.8373488e-25,0.0
3277,6167.979,20.145132,0.56322473,20.403647600644106,18.939313112729067,0.0,0.0,0.0,0.0,0.0,0.0,0.0,0.0,5.8997827e-25,0.0
3278,6169.398,20.481903,0.5550818,20.412107667039862,18.936235031198493,0.0,0.0,0.0,0.0,0.0,0.0,0.0,0.0,9.057974e-25,0.0
3279,6170.821,20.581656,0.48693717,20.421251648117877,18.933149688889362,0.0,0.0,0.0,0.0,0.0,0.0,0.0,0.0,1.3901622e-24,0.0
3280,6172.24,20.845186,0.4778383,20.431101147789782,18.930072967667407,0.0,0.0,0.0,0.0,0.0,0.0,0.0,0.0,2.1280243e-24,0.0
3281,6173.6636,20.550709,0.47335115,20.44177177801568,18.926988991646358,0.0,0.0,0.0,0.0,0.0,0.0,0.0,0.0,3.2562948e-24,0.0
3282,6175.084,20.425163,0.47657233,20.453272867210412,18.92391257286837,0.0,0.0,0.0,0.0,0.0,0.0,0.0,0.0,4.970658e-24,0.0
3283,6176.508,20.079557,0.46666038,20.465711902913437,18.920829963025437,0.0,0.0,0.0,0.0,0.0,0.0,0.0,0.0,7.583484e-24,0.0
3284,6177.928,20.24853,0.4729548,20.479078650331115,18.917755961274718,0.0,0.0,0.0,0.0,0.0,0.0,0.0,0.0,1.15400324e-23,0.0
3285,6179.3496,20.838402,0.47001144,20.493455743887548,18.914681053259496,0.0,0.0,0.0,0.0,0.0,0.0,0.0,0.0,1.7538681e-23,0.0
3286,6180.775,20.063831,0.46426207,20.508915410137515,18.911598906612735,0.0,0.0,0.0,0.0,0.0,0.0,0.0,0.0,2.6644623e-23,0.0
3287,6182.197,20.320808,0.46632707,20.525409710349596,18.908525359572923,0.0,0.0,0.0,0.0,0.0,0.0,0.0,0.0,4.0374665e-23,0.0
3288,6183.622,19.596617,0.4584729,20.543041765087608,18.905445634716514,0.0,0.0,0.0,0.0,0.0,0.0,0.0,0.0,6.114553e-23,0.0
3289,6185.0444,19.475359,0.45834276,20.56174899607662,18.902373447713888,0.0,0.0,0.0,0.0,0.0,0.0,0.0,0.0,9.23787e-23,0.0
3290,6186.4707,19.903187,0.46177238,20.581630960455204,18.899294033994938,0.0,0.0,0.0,0.0,0.0,0.0,0.0,0.0,1.3950616e-22,0.0
3291,6187.894,19.835447,0.46537685,20.60259393751791,18.896222153307704,0.0,0.0,0.0,0.0,0.0,0.0,0.0,0.0,2.1016942e-22,0.0
3292,6189.3174,19.669127,0.47103587,20.62466927001103,18.893151478262983,0.0,0.0,0.0,0.0,0.0,0.0,0.0,0.0,3.1613178e-22,0.0
3293,6190.745,19.921556,0.47313976,20.64791412011886,18.89007253305221,0.0,0.0,0.0,0.0,0.0,0.0,0.0,0.0,4.753745e-22,0.0
3294,6192.169,19.99233,0.48164126,20.672169005131472,18.88700321838831,0.0,0.0,0.0,0.0,0.0,0.0,0.0,0.0,7.1291685e-22,0.0
3295,6193.597,20.198452,0.47558314,20.697542869789512,18.883925640327842,0.0,0.0,0.0,0.0,0.0,0.0,0.0,0.0,1.0688155e-21,0.0
3296,6195.022,19.83919,0.48946488,20.72385728438019,18.880856633974307,0.0,0.0,0.0,0.0,0.0,0.0,0.0,0.0,1.5983366e-21,0.0
3297,6196.45,19.365412,0.48695698,20.751188480338197,18.877781474074464,0.0,0.0,0.0,0.0,0.0,0.0,0.0,0.0,2.3887569e-21,0.0
3298,6197.876,20.714453,0.49257788,20.779367876071667,18.874712777156567,0.0,0.0,0.0,0.0,0.0,0.0,0.0,0.0,3.5620223e-21,0.0
3299,6199.302,19.876032,0.4733169,20.80837710009253,18.871645284754397,0.0,0.0,0.0,0.0,0.0,0.0,0.0,0.0,5.3032488e-21,0.0
3300,6200.7314,20.544527,0.49300438,20.838225872325193,18.868570596980344,0.0,0.0,0.0,0.0,0.0,0.0,0.0,0.0,7.8918766e-21,0.0
3301,6202.158,20.917984,0.5134084,20.868694171540977,18.86550341569686,0.0,0.0,0.0,0.0,0.0,0.0,0.0,0.0,1.1716101e-20,0.0
3302,6203.588,20.244852,0.5047103,20.899821376009832,18.86243114392365,0.0,0.0,0.0,0.0,0.0,0.0,0.0,0.0,1.7380197e-20,0.0
3303,6205.0146,19.884037,0.4784207,20.931387379725752,18.85936637218791,0.0,0.0,0.0,0.0,0.0,0.0,0.0,0.0,2.572146e-20,0.0
3304,6206.4453,20.653831,0.48103186,20.963447594181847,18.856294416920495,0.0,0.0,0.0,0.0,0.0,0.0,0.0,0.0,3.8046935e-20,0.0
3305,6207.8735,20.33739,0.478198,20.9957593503442,18.85322890906002,0.0,0.0,0.0,0.0,0.0,0.0,0.0,0.0,5.6152775e-20,0.0
3306,6209.302,20.42206,0.483175,21.028269958891833,18.85016460458275,0.0,0.0,0.0,0.0,0.0,0.0,0.0,0.0,8.27447e-20,0.0
3307,6210.7334,20.531893,0.4783174,21.060950155508188,18.847094173681405,0.0,0.0,0.0,0.0,0.0,0.0,0.0,0.0,1.2185102e-19,0.0
3308,6212.1626,20.259382,0.48059773,21.093552869410306,18.844030183405668,0.0,0.0,0.0,0.0,0.0,0.0,0.0,0.0,1.7903886e-19,0.0
3309,6213.5947,19.895575,0.4875466,21.126087804891657,18.840961118795466,0.0,0.0,0.0,0.0,0.0,0.0,0.0,0.0,2.628588e-19,0.0
3310,6215.0244,19.964222,0.49037874,21.15831684786668,18.837898490017558,0.0,0.0,0.0,0.0,0.0,0.0,0.0,0.0,3.8506312e-19,0.0
3311,6216.4575,20.131897,0.48401195,21.190255580452042,18.83482974579628,0.0,0.0,0.0,0.0,0.0,0.0,0.0,0.0,5.6370213e-19,0.0
3312,6217.8877,20.48648,0.48684463,21.221648420331732,18.831768478391425,0.0,0.0,0.0,0.0,0.0,0.0,0.0,0.0,8.2327875e-19,0.0
3313,6219.318,20.759392,0.49024776,21.252445461513304,18.82870841241052,0.0,0.0,0.0,0.0,0.0,0.0,0.0,0.0,1.2004938e-18,0.0
3314,6220.752,20.82057,0.4908704,21.282616415681264,18.825641194047353,0.0,0.0,0.0,0.0,0.0,0.0,0.0,0.0,1.7495825e-18,0.0
3315,6222.183,20.746466,0.48353937,21.311907683136514,18.822581444504312,0.0,0.0,0.0,0.0,0.0,0.0,0.0,0.0,2.5438316e-18,0.0
3316,6223.618,20.526361,0.48245844,21.340350664168852,18.81951454928543,0.0,0.0,0.0,0.0,0.0,0.0,0.0,0.0,3.6965684e-18,0.0
3317,6225.0503,19.842241,0.491048,21.367707483215696,18.81645511810339,0.0,0.0,0.0,0.0,0.0,0.0,0.0,0.0,5.3591018e-18,0.0
3318,6226.4854,20.649372,0.50201106,21.393990894617712,18.81339063292948,0.0,0.0,0.0,0.0,0.0,0.0,0.0,0.0,7.762988e-18,0.0
3319,6227.9175,20.87933,0.51251566,21.419003124798028,18.81033360537359,0.0,0.0,0.0,0.0,0.0,0.0,0.0,0.0,1.12188596e-17,0.0
3320,6229.35,20.874327,0.50228906,21.44271946937254,18.807276735607893,0.0,0.0,0.0,0.0,0.0,0.0,0.0,0.0,1.6189768e-17,0.0
3321,6230.7866,21.488945,0.5088365,21.46511189755607,18.80421273526359,0.0,0.0,0.0,0.0,0.0,0.0,0.0,0.0,2.3349314e-17,0.0
3322,6232.22,21.145298,0.5122568,21.485998295058874,18.801156185378698,0.0,0.0,0.0,0.0,0.0,0.0,0.0,0.0,3.3596854e-17,0.0
3323,6233.657,20.878283,0.517085,21.505406612806976,18.798093552046478,0.0,0.0,0.0,0.0,0.0,0.0,0.0,0.0,4.8306812e-17,0.0
3324,6235.0913,20.970667,0.51428854,21.523191830761878,18.795038363583533,0.0,0.0,0.0,0.0,0.0,0.0,0.0,0.0,6.929642e-17,0.0
3325,6236.529,21.011522,0.5160888,21.539383817832267,18.791977096717154,0.0,0.0,0.0,0.0,0.0,0.0,0.0,0.0,9.933376e-17,0.0
3326,6237.9644,20.653057,0.51755327,21.553878141836332,18.788921190694975,0.0,0.0,0.0,0.0,0.0,0.0,0.0,0.0,1.4209539e-16,0.0
3327,6239.3984,20.410667,0.51719517,21.56665206222419,18.785869601057808,0.0,0.0,0.0,0.0,0.0,0.0,0.0,0.0,2.0286941e-16,0.0
3328,6240.8374,21.084175,0.51875657,21.5777361827643,18.782808824136982,0.0,0.0,0.0,0.0,0.0,0.0,0.0,0.0,2.8952703e-16,0.0
3329,6242.2734,20.545998,0.49998173,21.587048417588857,18.779755479356435,0.0,0.0,0.0,0.0,0.0,0.0,0.0,0.0,4.122472e-16,0.0
3330,6243.7124,20.81586,0.4977766,21.59462351443242,18.77669710757207,0.0,0.0,0.0,0.0,0.0,0.0,0.0,0.0,5.8647375e-16,0.0
3331,6245.1494,21.122992,0.49952936,21.600433943132234,18.773644087175203,0.0,0.0,0.0,0.0,0.0,0.0,0.0,0.0,8.326098e-16,0.0
3332,6246.5894,21.224535,0.4972959,21.604511053576125,18.77058604480232,0.0,0.0,0.0,0.0,0.0,0.0,0.0,0.0,1.1810006e-15,0.0
3333,6248.0264,21.300009,0.49978346,21.606856559893178,18.76753542341857,0.0,0.0,0.0,0.0,0.0,0.0,0.0,0.0,1.6713266e-15,0.0
3334,6249.464,21.012884,0.49390414,21.60750683290145,18.764484963242023,0.0,0.0,0.0,0.0,0.0,0.0,0.0,0.0,2.361736e-15,0.0
3335,6250.9053,21.304491,0.49285766,21.606492055934126,18.761427415888956,0.0,0.0,0.0,0.0,0.0,0.0,0.0,0.0,3.3351588e-15,0.0
3336,6252.3423,20.25486,0.48120672,21.603859160946584,18.758380387829515,0.0,0.0,0.0,0.0,0.0,0.0,0.0,0.0,4.6973754e-15,0.0
3337,6253.7847,20.815178,0.4831467,21.59963917829006,18.755323172583267,0.0,0.0,0.0,0.0,0.0,0.0,0.0,0.0,6.613832e-15,0.0
3338,6255.223,21.4345,0.49187505,21.5939092318014,18.752275435109496,0.0,0.0,0.0,0.0,0.0,0.0,0.0,0.0,9.288792e-15,0.0
3339,6256.6655,20.26547,0.4750306,21.586701167157422,18.749220622113462,0.0,0.0,0.0,0.0,0.0,0.0,0.0,0.0,1.3036734e-14,0.0
3340,6258.105,20.567604,0.48362097,21.578112909120062,18.74617321185442,0.0,0.0,0.0,0.0,0.0,0.0,0.0,0.0,1.8255244e-14,0.0
3341,6259.545,21.33305,0.49073285,21.56819682249238,18.743125964490645,0.0,0.0,0.0,0.0,0.0,0.0,0.0,0.0,2.5524882e-14,0.0
3342,6260.9883,21.557325,0.5010154,21.557001547779844,18.740072684254418,0.0,0.0,0.0,0.0,0.0,0.0,0.0,0.0,3.5660727e-14,0.0
3343,6262.428,20.598143,0.50813276,21.54465884690935,18.737027831131712,0.0,0.0,0.0,0.0,0.0,0.0,0.0,0.0,4.970247e-14,0.0
3344,6263.873,20.405853,0.51633924,21.531174533418938,18.733973853639817,0.0,0.0,0.0,0.0,0.0,0.0,0.0,0.0,6.9239976e-14,0.0
3345,6265.313,21.470781,0.5214613,21.516722551666447,18.730931392990204,0.0,0.0,0.0,0.0,0.0,0.0,0.0,0.0,9.619586e-14,0.0
3346,6266.7583,20.678677,0.50035113,21.50128290490349,18.72787878350443,0.0,0.0,0.0,0.0,0.0,0.0,0.0,0.0,1.335955e-13,0.0
3347,6268.1997,20.9363,0.4909492,21.485037790131724,18.724835620713204,0.0,0.0,0.0,0.0,0.0,0.0,0.0,0.0,1.8507468e-13,0.0
3348,6269.646,21.155304,0.4895718,21.46797151297132,18.72178334921374,0.0,0.0,0.0,0.0,0.0,0.0,0.0,0.0,2.5626165e-13,0.0
3349,6271.0874,21.011522,0.48048216,21.45028397297954,18.718742577791808,0.0,0.0,0.0,0.0,0.0,0.0,0.0,0.0,3.5387283e-13,0.0
3350,6272.531,20.931644,0.48542985,21.43197504987973,18.715698881056,0.0,0.0,0.0,0.0,0.0,0.0,0.0,0.0,4.8809627e-13,0.0
3351,6273.9766,21.236443,0.49219528,21.413118343734943,18.712651234054096,0.0,0.0,0.0,0.0,0.0,0.0,0.0,0.0,6.7251326e-13,0.0
3352,6275.4204,21.498049,0.49974495,21.39384995645538,18.709608900012196,0.0,0.0,0.0,0.0,0.0,0.0,0.0,0.0,9.247242e-13,0.0
3353,6276.867,20.913235,0.48633906,21.37418177285241,18.706561590813784,0.0,0.0,0.0,0.0,0.0,0.0,0.0,0.0,1.2702946e-12,0.0
3354,6278.312,20.386015,0.47956422,21.354254254477418,18.703519591466033,0.0,0.0,0.0,0.0,0.0,0.0,0.0,0.0,1.7414578e-12,0.0
3355,6279.7593,20.676296,0.49013913,21.334077222228164,18.70047364938032,0.0,0.0,0.0,0.0,0.0,0.0,0.0,0.0,2.3848076e-12,0.0
3356,6281.204,21.001232,0.48303193,21.31378755208324,18.69743404026968,0.0,0.0,0.0,0.0,0.0,0.0,0.0,0.0,3.2588559e-12,0.0
3357,6282.6484,20.64984,0.47952828,21.29342070818334,18.69439665079059,0.0,0.0,0.0,0.0,0.0,0.0,0.0,0.0,4.4456366e-12,0.0
3358,6284.0977,20.575272,0.4904457,21.272962538979083,18.691350190416504,0.0,0.0,0.0,0.0,0.0,0.0,0.0,0.0,6.0611854e-12,0.0
3359,6285.5435,21.192902,0.4919636,21.252584990182974,18.68831210962053,0.0,0.0,0.0,0.0,0.0,0.0,0.0,0.0,8.244524e-12,0.0
3360,6286.9927,21.250216,0.48824987,21.232243417440998,18.68526804320799,0.0,0.0,0.0,0.0,0.0,0.0,0.0,0.0,1.1204353e-11,0.0
3361,6288.4395,21.14478,0.4903505,21.212069338053993,18.68223029918992,0.0,0.0,0.0,0.0,0.0,0.0,0.0,0.0,1.5194429e-11,0.0
3362,6289.889,21.104837,0.48148778,21.192030016725266,18.679187599941375,0.0,0.0,0.0,0.0,0.0,0.0,0.0,0.0,2.058486e-11,0.0
3363,6291.336,20.973425,0.4826305,21.172246469458848,18.676152242593865,0.0,0.0,0.0,0.0,0.0,0.0,0.0,0.0,2.7825613e-11,0.0
3364,6292.783,20.79322,0.4871019,21.152707230017302,18.673117052443736,0.0,0.0,0.0,0.0,0.0,0.0,0.0,0.0,3.7556538e-11,0.0
3365,6294.235,20.802671,0.5024393,21.133390760106025,18.670073842635937,0.0,0.0,0.0,0.0,0.0,0.0,0.0,0.0,5.065462e-11,0.0
3366,6295.682,21.458534,0.51789826,21.114443038007472,18.667041037512078,0.0,0.0,0.0,0.0,0.0,0.0,0.0,0.0,6.814868e-11,0.0
3367,6297.1343,21.831984,0.52142423,21.095767136484405,18.663999195871536,0.0,0.0,0.0,0.0,0.0,0.0,0.0,0.0,9.162802e-11,0.0
3368,6298.5825,21.5185,0.52343535,21.077496622783606,18.660966728785585,0.0,0.0,0.0,0.0,0.0,0.0,0.0,0.0,1.2289936e-10,0.0
3369,6300.035,21.0857,0.52494085,21.05954521283174,18.657926255147483,0.0,0.0,0.0,0.0,0.0,0.0,0.0,0.0,1.6472343e-10,0.0
3370,6301.4844,21.337902,0.5932272,21.042025818745614,18.65489412754634,0.0,0.0,0.0,0.0,0.0,0.0,0.0,0.0,2.2027172e-10,0.0
3371,6302.934,21.6282,0.65485144,21.024901891512727,18.651862168775995,0.0,0.0,0.0,0.0,0.0,0.0,0.0,0.0,2.941047e-10,0.0
3372,6304.387,20.550028,0.72226804,21.008151572352,18.648824255675503,0.0,0.0,0.0,0.0,0.0,0.0,0.0,0.0,3.9231596e-10,0.0
3373,6305.838,20.693956,0.66383874,20.991851961234598,18.645792638355196,0.0,0.0,0.0,0.0,0.0,0.0,0.0,0.0,5.222254e-10,0.0
3374,6307.292,21.48934,0.59562355,20.97594479900846,18.642755072438117,0.0,0.0,0.0,0.0,0.0,0.0,0.0,0.0,6.9448847e-10,0.0
3375,6308.7427,20.717464,0.717732,20.960511360592367,18.639725837209966,0.0,0.0,0.0,0.0,0.0,0.0,0.0,0.0,9.2146313e-10,0.0
3376,6310.1978,19.285774,0.8262777,20.94547453610594,18.63668861950951,0.0,0.0,0.0,0.0,0.0,0.0,0.0,0.0,1.2216743e-09,0.0
3377,6311.6494,20.715857,0.70676327,20.930920251463704,18.633659727005302,0.0,0.0,0.0,0.0,0.0,0.0,0.0,0.0,1.615994e-09,0.0
3378,6313.1016,20.482656,0.56976146,20.91681317223215,18.63063100495195,0.0,0.0,0.0,0.0,0.0,0.0,0.0,0.0,2.134325e-09,0.0
3379,6314.557,20.319223,0.65373933,20.90313074122704,18.627596347007675,0.0,0.0,0.0,0.0,0.0,0.0,0.0,0.0,2.8161702e-09,0.0
3380,6316.0103,19.961708,0.96990746,20.889934527598783,18.624567969630448,0.0,0.0,0.0,0.0,0.0,0.0,0.0,0.0,3.708082e-09,0.0
3381,6317.4663,19.403608,1.0800838,20.877180912745143,18.621534679077644,0.0,0.0,0.0,0.0,0.0,0.0,0.0,0.0,4.8772137e-09,0.0
3382,6318.92,21.532972,0.8343195,20.864923524309795,18.618507664407826,0.0,0.0,0.0,0.0,0.0,0.0,0.0,0.0,6.4016046e-09,0.0
3383,6320.3765,21.100714,0.5831007,20.85312447457656,18.615475740673567,0.0,0.0,0.0,0.0,0.0,0.0,0.0,0.0,8.39335e-09,0.0
3384,6321.8315,21.599648,0.5291154,20.84182843670851,18.61244805653824,0.0,0.0,0.0,0.0,0.0,0.0,0.0,0.0,1.0983866e-08,0.0
3385,6323.2847,21.058676,0.49716118,20.83104667394691,18.609425623071967,0.0,0.0,0.0,0.0,0.0,0.0,0.0,0.0,1.4345402e-08,0.0
3386,6324.7427,19.92635,0.50482357,20.820741129090404,18.606394224687325,0.0,0.0,0.0,0.0,0.0,0.0,0.0,0.0,1.8721927e-08,0.0
3387,6326.1987,20.042547,0.5744867,20.810973224990583,18.603368077085594,0.0,0.0,0.0,0.0,0.0,0.0,0.0,0.0,2.4385091e-08,0.0
3388,6327.6562,20.688633,0.5852846,20.80173299603358,18.600340075292923,0.0,0.0,0.0,0.0,0.0,0.0,0.0,0.0,3.171783e-08,0.0
3389,6329.113,21.529783,0.52458674,20.793050786936423,18.597315291196065,0.0,0.0,0.0,0.0,0.0,0.0,0.0,0.0,4.1181032e-08,0.0
3390,6330.5723,21.02457,0.52869904,20.784921110527478,18.594285614385388,0.0,0.0,0.0,0.0,0.0,0.0,0.0,0.0,5.3408325e-08,0.0
3391,6332.029,20.82388,0.5266082,20.777392608131596,18.591263207426163,0.0,0.0,0.0,0.0,0.0,0.0,0.0,0.0,6.911669e-08,0.0
3392,6333.4854,21.13295,0.5078604,20.770467780224617,18.58824198673224,0.0,0.0,0.0,0.0,0.0,0.0,0.0,0.0,8.929926e-08,0.0
3393,6334.9463,21.071142,0.49520063,20.76414729260378,18.58521284161975,0.0,0.0,0.0,0.0,0.0,0.0,0.0,0.0,1.1527541e-07,0.0
3394,6336.403,20.822943,0.48448518,20.75848966214179,18.582193994815817,0.0,0.0,0.0,0.0,0.0,0.0,0.0,0.0,1.4845085e-07,0.0
3395,6337.8643,20.82863,0.51102966,20.753480907774925,18.579166217851604,0.0,0.0,0.0,0.0,0.0,0.0,0.0,0.0,1.9102195e-07,0.0
3396,6339.3223,20.579523,0.4727106,20.749172324205226,18.576146709306492,0.0,0.0,0.0,0.0,0.0,0.0,0.0,0.0,2.4525457e-07,0.0
3397,6340.7847,21.265783,0.48269197,20.745563471414776,18.573119290081102,0.0,0.0,0.0,0.0,0.0,0.0,0.0,0.0,3.1460394e-07,0.0
3398,6342.2427,21.387693,0.48865643,20.742699965172065,18.57010215427634,0.0,0.0,0.0,0.0,0.0,0.0,0.0,0.0,4.0260105e-07,0.0
3399,6343.701,20.535181,0.4796163,20.74059125119011,18.567085192117318,0.0,0.0,0.0,0.0,0.0,0.0,0.0,0.0,5.144103e-07,0.0
3400,6345.1646,21.660875,0.4910367,20.739258530857185,18.564059319133506,0.0,0.0,0.0,0.0,0.0,0.0,0.0,0.0,6.56731e-07,0.0
3401,6346.624,19.73908,0.48286378,20.73873309800002,18.561042709187355,0.0,0.0,0.0,0.0,0.0,0.0,0.0,0.0,8.3650554e-07,0.0
3402,6348.088,20.526302,0.4928994,20.739035476356445,18.55801820510045,0.0,0.0,0.0,0.0,0.0,0.0,0.0,0.0,1.0645147e-06,0.0
3403,6349.548,20.846392,0.55963266,20.740185211081172,18.555002957018775,0.0,0.0,0.0,0.0,0.0,0.0,0.0,0.0,1.3515813e-06,0.0
3404,6351.0127,19.231688,0.97040063,20.742211612820604,18.55197881339553,0.0,0.0,0.0,0.0,0.0,0.0,0.0,0.0,1.7146015e-06,0.0
3405,6352.4736,19.636421,1.3906586,20.745123306740695,18.548963919542118,0.0,0.0,0.0,0.0,0.0,0.0,0.0,0.0,2.1701728e-06,0.0
3406,6353.935,24.757502,1.1449933,20.748944383459563,18.545949201696946,0.0,0.0,0.0,0.0,0.0,0.0,0.0,0.0,2.7424926e-06,0.0
3407,6355.4,20.91854,0.73129267,20.753704596614583,18.54292862033249,0.0,0.0,0.0,0.0,0.0,0.0,0.0,0.0,3.4619388e-06,0.0
3408,6356.8623,20.571049,0.5700305,20.759401041324455,18.539914258222726,0.0,0.0,0.0,0.0,0.0,0.0,0.0,0.0,4.3612267e-06,0.0
3409,6358.328,21.840424,0.75072056,20.766071756021116,18.53689403823682,0.0,0.0,0.0,0.0,0.0,0.0,0.0,0.0,5.4880175e-06,7e-44
3410,6359.7905,21.657198,0.75398064,20.773699402225763,18.53388204460686,0.0,0.0,0.0,0.0,0.0,0.0,0.0,0.0,6.8908525e-06,2.1e-43
3411,6361.2573,20.865496,0.59251535,20.782335913077596,18.530862186994973,0.0,0.0,0.0,0.0,0.0,0.0,0.0,0.0,8.643914e-06,8.41e-43
3412,6362.7207,21.299988,0.5249072,20.79194451672949,18.52785055030974,0.0,0.0,0.0,0.0,0.0,0.0,0.0,0.0,1.0819371e-05,3.784e-42
3413,6364.1846,21.26374,0.5342787,20.802555182191202,18.52483909118938,0.0,0.0,0.0,0.0,0.0,0.0,0.0,0.0,1.352104e-05,1.6465e-41
3414,6365.6514,21.616028,0.56729466,20.814193059171103,18.52182279059265,0.0,0.0,0.0,0.0,0.0,0.0,0.0,0.0,1.6876931e-05,7.1466e-41
3415,6367.1167,21.388603,0.61152726,20.82682703208427,18.51881068640994,0.0,0.0,0.0,0.0,0.0,0.0,0.0,0.0,2.1026308e-05,3.05763e-40
3416,6368.5845,21.294922,0.6324766,20.840491703158566,18.515794749484574,0.0,0.0,0.0,0.0,0.0,0.0,0.0,0.0,2.6162048e-05,1.296902e-39
3417,6370.05,21.943035,0.57453954,20.855138656207462,18.512785012136053,0.0,0.0,0.0,0.0,0.0,0.0,0.0,0.0,3.2486616e-05,5.426949e-39
3418,6371.518,21.625504,0.5253427,20.87081675448391,18.509770442190728,0.0,0.0,0.0,0.0,0.0,0.0,0.0,0.0,4.0290794e-05,2.252335e-38
3419,6372.985,21.230488,0.51587456,20.887471665584503,18.506760063340966,0.0,0.0,0.0,0.0,0.0,0.0,0.0,0.0,4.9876246e-05,9.231761e-38
3420,6374.45,20.843252,0.47431308,20.90509113320803,18.503753871306966,0.0,0.0,0.0,0.0,0.0,0.0,0.0,0.0,6.1627135e-05,3.7370487e-37
3421,6375.921,21.114824,0.48540148,20.923746549771096,18.500737845853365,0.0,0.0,0.0,0.0,0.0,0.0,0.0,0.0,7.60791e-05,1.5037373e-36
3422,6377.387,21.474325,0.49015674,20.94330058283797,18.497732014153577,0.0,0.0,0.0,0.0,0.0,0.0,0.0,0.0,9.370563e-05,5.9592965e-36
3423,6378.8574,21.141647,0.5176186,20.963842854518266,18.494719358848347,0.0,0.0,0.0,0.0,0.0,0.0,0.0,0.0,0.00011528835,2.3441609e-35
3424,6380.325,20.902477,0.62252635,20.985266225729138,18.49171288811718,0.0,0.0,0.0,0.0,0.0,0.0,0.0,0.0,0.00014155821,9.0986747e-35
3425,6381.7964,21.787304,0.7267565,21.007630836618215,18.488700600522304,0.0,0.0,0.0,0.0,0.0,0.0,0.0,0.0,0.00017360806,3.5035605e-34
3426,6383.265,20.512365,0.6202448,21.03082218178981,18.485694493668525,0.0,0.0,0.0,0.0,0.0,0.0,0.0,0.0,0.00021248884,1.33120805e-33
3427,6384.7363,20.327677,0.51699686,21.05488639611238,18.482684573111584,0.0,0.0,0.0,0.0,0.0,0.0,0.0,0.0,0.000259732,5.013168e-33
3428,6386.2056,21.10397,0.50880426,21.079720274231665,18.479679829505773,0.0,0.0,0.0,0.0,0.0,0.0,0.0,0.0,0.00031686723,1.8637407e-32
3429,6387.6743,21.07548,0.5278454,21.105308997793845,18.476677263417304,0.0,0.0,0.0,0.0,0.0,0.0,0.0,0.0,0.00038590384,6.849395e-32
3430,6389.148,21.438334,0.51504266,21.131712442961664,18.473665899276178,0.0,0.0,0.0,0.0,0.0,0.0,0.0,0.0,0.00046950587,2.500058e-31
3431,6390.617,20.546257,0.48655343,21.158722472165,18.47066469515882,0.0,0.0,0.0,0.0,0.0,0.0,0.0,0.0,0.00056993635,8.98974e-31
3432,6392.0913,20.46486,0.6218373,21.186465939606986,18.467654700141846,0.0,0.0,0.0,0.0,0.0,0.0,0.0,0.0,0.00069114135,3.2102502e-30
3433,6393.561,21.59298,1.1929624,21.214721488995487,18.46465485740547,0.0,0.0,0.0,0.0,0.0,0.0,0.0,0.0,0.00083624676,1.12940474e-29
3434,6395.0356,21.796202,1.2235873,21.243618512201245,18.461646230915683,0.0,0.0,0.0,0.0,0.0,0.0,0.0,0.0,0.0010107678,3.9457108e-29
3435,6396.507,20.624073,0.7040236,21.27294354039874,18.45864575767588,0.0,0.0,0.0,0.0,0.0,0.0,0.0,0.0,0.0012191408,1.3592549e-28
3436,6397.978,21.389158,0.49960306,21.302707937102724,18.455646461945918,0.0,0.0,0.0,0.0,0.0,0.0,0.0,0.0,0.0014680227,4.6305837e-28
3437,6399.454,21.571661,0.4878251,21.332956913767575,18.452638394341065,0.0,0.0,0.0,0.0,0.0,0.0,0.0,0.0,0.0017658442,1.56632695e-27
3438,6400.926,20.934418,0.47347215,21.363441727905638,18.44964046086102,0.0,0.0,0.0,0.0,0.0,0.0,0.0,0.0,0.0021193766,5.2204076e-27
3439,6402.4023,20.920198,0.48508263,21.3942945911122,18.44663376263729,0.0,0.0,0.0,0.0,0.0,0.0,0.0,0.0,0.0025409707,1.7274293e-26
3440,6403.8745,21.596668,0.5170974,21.425260232257145,18.443637190813618,0.0,0.0,0.0,0.0,0.0,0.0,0.0,0.0,0.0030397056,5.632457e-26
3441,6405.352,22.145853,0.6571703,21.45648195174613,18.44063086806887,0.0,0.0,0.0,0.0,0.0,0.0,0.0,0.0,0.0036326083,1.8238965e-25
3442,6406.825,22.073511,0.6955506,21.487688520189824,18.437634664785566,0.0,0.0,0.0,0.0,0.0,0.0,0.0,0.0,0.0043316092,5.8200826e-25
3443,6408.3,20.311014,0.5843757,21.518941146767137,18.434636659434435,0.0,0.0,0.0,0.0,0.0,0.0,0.0,0.0,0.005157387,1.8386514e-24
3444,6409.777,20.937765,0.48633504,21.55019703058705,18.43163487052724,0.0,0.0,0.0,0.0,0.0,0.0,0.0,0.0,0.0061320644,5.7547817e-24
3445,6411.252,21.324375,0.48522934,21.581299386628903,18.428638228856958,0.0,0.0,0.0,0.0,0.0,0.0,0.0,0.0,0.0072770845,1.778436e-23
3446,6412.731,20.844982,0.4893764,21.612310889839442,18.42563483278385,0.0,0.0,0.0,0.0,0.0,0.0,0.0,0.0,0.008625301,5.450829e-23
3447,6414.206,21.2989,0.5019744,21.64300740892966,18.422640546327127,0.0,0.0,0.0,0.0,0.0,0.0,0.0,0.0,0.0102016,1.6471585e-22
3448,6415.6855,23.255724,0.696538,21.673504844792355,18.419638519659806,0.0,0.0,0.0,0.0,0.0,0.0,0.0,0.0,0.012051712,4.938034e-22
3449,6417.16,25.293741,1.1185267,21.703558592385363,18.41664757605524,0.0,0.0,0.0,0.0,0.0,0.0,0.0,0.0,0.0142057,1.4585901e-21
3450,6418.6377,19.91295,1.0798044,21.73328091345196,18.413651866385987,0.0,0.0,0.0,0.0,0.0,0.0,0.0,0.0,0.016722057,4.2694576e-21
3451,6420.117,20.022709,0.6988543,21.762606692212206,18.410653375732284,0.0,0.0,0.0,0.0,0.0,0.0,0.0,0.0,0.019655276,1.2374981e-20
3452,6421.594,23.300014,0.5411034,21.791413260229334,18.407661009185418,0.0,0.0,0.0,0.0,0.0,0.0,0.0,0.0,0.023058081,3.540546e-20
3453,6423.0747,21.683916,0.49225777,21.819786292254182,18.404662896632406,0.0,0.0,0.0,0.0,0.0,0.0,0.0,0.0,0.027014427,1.0040741e-19
3454,6424.5527,21.762836,0.48364508,21.847593368519114,18.401670904386805,0.0,0.0,0.0,0.0,0.0,0.0,0.0,0.0,0.031588167,2.8107688e-19
3455,6426.034,22.09733,0.48350015,21.874937134347782,18.39867317166172,0.0,0.0,0.0,0.0,0.0,0.0,0.0,0.0,0.03688737,7.798709e-19
3456,6427.5117,22.063705,0.4872243,21.901686590083397,18.395684517838514,0.0,0.0,0.0,0.0,0.0,0.0,0.0,0.0,0.042985562,2.1338722e-18
3457,6428.991,21.403706,0.48189148,21.92796562289406,18.392693087957394,0.0,0.0,0.0,0.0,0.0,0.0,0.0,0.0,0.05001777,5.780983e-18
3458,6430.473,21.490921,0.48843083,21.953815152077905,18.389697899251214,0.0,0.0,0.0,0.0,0.0,0.0,0.0,0.0,0.058116734,1.551125e-17
3459,6431.953,23.16755,0.51774544,21.979207573934307,18.386707833512535,0.0,0.0,0.0,0.0,0.0,0.0,0.0,0.0,0.067399986,4.109886e-17
3460,6433.4355,24.112312,0.64956653,22.0042882257005,18.383714012136103,0.0,0.0,0.0,0.0,0.0,0.0,0.0,0.0,0.07805321,1.07846174e-16
3461,6434.9165,22.011509,0.72105753,22.029080277804802,18.380724324409435,0.0,0.0,0.0,0.0,0.0,0.0,0.0,0.0,0.090224735,2.7955245e-16
3462,6436.4,21.967188,0.5786554,22.053763264273766,18.377730885004166,0.0,0.0,0.0,0.0,0.0,0.0,0.0,0.0,0.10414274,7.176138e-16
3463,6437.881,22.466215,0.5062219,22.078394579852784,18.374743546510896,0.0,0.0,0.0,0.0,0.0,0.0,0.0,0.0,0.1199766,1.8186187e-15
3464,6439.362,23.057156,0.49822676,22.103179313148555,18.371757380570465,0.0,0.0,0.0,0.0,0.0,0.0,0.0,0.0,0.13798474,4.5571016e-15
3465,6440.8467,23.949217,0.520534,22.12837877362942,18.368764514624818,0.0,0.0,0.0,0.0,0.0,0.0,0.0,0.0,0.15848568,1.1318026e-14
3466,6442.328,23.541872,0.61007804,22.15409606525301,18.365779711097442,0.0,0.0,0.0,0.0,0.0,0.0,0.0,0.0,0.18166696,2.7735293e-14
3467,6443.8135,24.344864,0.92590284,22.180717123316644,18.362788213061144,0.0,0.0,0.0,0.0,0.0,0.0,0.0,0.0,0.20796096,6.7359394e-14
3468,6445.2964,21.39321,0.974806,22.20842682651821,18.359802805703154,0.0,0.0,0.0,0.0,0.0,0.0,0.0,0.0,0.23760512,1.6151468e-13
3469,6446.782,21.203009,0.6874917,22.237660278821558,18.356812675738517,0.0,0.0,0.0,0.0,0.0,0.0,0.0,0.0,0.27108613,3.8357414e-13
3470,6448.2656,23.334543,0.5236453,22.268685542604384,18.35382863189792,0.0,0.0,0.0,0.0,0.0,0.0,0.0,0.0,0.30869412,8.993921e-13
3471,6449.749,23.365862,0.50473785,22.301964735238283,18.350845759358435,0.0,0.0,0.0,0.0,0.0,0.0,0.0,0.0,0.35092476,2.0851233e-12
3472,6451.2363,23.041786,0.5078306,22.33805535584571,18.347856207185984,0.0,0.0,0.0,0.0,0.0,0.0,0.0,0.0,0.39838988,4.7900403e-12
3473,6452.72,22.954437,0.5028526,22.37728516989418,18.344874697251864,0.0,0.0,0.0,0.0,0.0,0.0,0.0,0.0,0.45137653,1.0859055e-11
3474,6454.209,22.958872,0.50083184,22.42043208950676,18.341884552155545,0.0,0.0,0.0,0.0,0.0,0.0,0.0,0.0,0.51075035,2.4404465e-11
3475,6455.693,23.259165,0.49562055,22.46781586709067,18.33890538510681,0.0,0.0,0.0,0.0,0.0,0.0,0.0,0.0,0.5767204,5.40836e-11
3476,6457.181,23.640749,0.50323933,22.520379268551434,18.335918568874394,0.0,0.0,0.0,0.0,0.0,0.0,0.0,0.0,0.6503375,1.1878014e-10
3477,6458.6675,23.682627,0.50146884,22.57861288556839,18.332936844661322,0.0,0.0,0.0,0.0,0.0,0.0,0.0,0.0,0.7319901,2.5765204e-10
3478,6460.153,23.562056,0.5048555,22.64328895967759,18.329958249191062,0.0,0.0,0.0,0.0,0.0,0.0,0.0,0.0,0.8224326,5.5229593e-10
3479,6461.6426,24.173847,0.5057138,22.715466627005803,18.326972015046255,0.0,0.0,0.0,0.0,0.0,0.0,0.0,0.0,0.9227935,1.1731086e-09
3480,6463.129,23.54926,0.51601964,22.795627955017892,18.3239938030072,0.0,0.0,0.0,0.0,0.0,1e-45,0.0,0.0,1.0333672,2.4593036e-09
3481,6464.6196,24.069399,0.5857768,22.885107872276937,18.32100795929356,0.0,0.0,0.0,0.0,0.0,1.1e-43,0.0,0.0,1.155603,5.1083147e-09
3482,6466.1064,24.410208,0.64744973,22.984362769103704,18.318031109806615,0.0,0.0,0.0,0.0,0.0,9.848e-42,0.0,0.0,1.2897209,1.0470492e-08
3483,6467.598,23.498318,0.5865946,23.094991171839872,18.315045657827987,0.0,0.0,0.0,0.0,0.0,8.08063e-40,0.0,0.0,1.4374639,2.1267438e-08
3484,6469.0854,24.980333,0.53548616,23.217353425944847,18.31207017066383,0.0,0.0,0.0,0.0,0.0,5.8693134e-38,0.0,0.0,1.598892,4.2619273e-08
3485,6470.574,24.071236,0.5536195,23.35297418432185,18.309092921921774,0.0,0.0,0.0,0.0,0.0,3.8393978e-36,0.0,0.0,1.7756045,8.4497856e-08
3486,6472.0664,25.08616,0.59146506,23.50322333295809,18.306110010757966,0.0,0.0,0.0,0.0,0.0,2.2730872e-34,0.0,0.0,1.9689504,1.6588146e-07
3487,6473.5547,25.48736,0.7215357,23.668508102609042,18.30313607712093,0.0,0.0,0.0,0.0,0.0,1.1939291e-32,0.0,0.0,2.1790366,3.2138655e-07
3488,6475.0474,24.653774,0.7751869,23.850940453856403,18.300154533955187,0.0,0.0,0.0,0.0,0.0,5.6873873e-31,0.0,0.0,2.4081347,6.1678537e-07
3489,6476.5376,24.377953,0.63844734,24.050923139532383,18.297179037265177,0.0,0.0,0.0,0.0,0.0,2.413491e-29,0.0,0.0,2.6563373,1.1689939e-06
3490,6478.0312,24.83155,0.52986324,24.270480532639294,18.29419788826949,0.0,0.0,0.0,0.0,0.0,9.258287e-28,0.0,0.0,2.9257588,2.1935489e-06
3491,6479.521,24.975506,0.5176983,24.50975350727158,18.291225703918098,0.0,0.0,0.0,0.0,0.0,3.153728e-26,0.0,0.0,3.2161887,4.062585e-06
3492,6481.0117,24.89067,0.51630706,24.77069063807777,18.288252738365475,0.0,0.0,0.0,0.0,0.0,9.65355e-25,0.0,0.0,3.5296285,7.4416434e-06
3493,6482.506,25.27548,0.5158444,25.055032733069194,18.28527412712253,0.0,0.0,0.0,0.0,0.0,2.668973e-23,0.0,0.0,3.867799,1.3494481e-05
3494,6483.998,26.060495,0.52930033,25.362990101360637,18.2823005786082,0.0,0.0,0.0,0.0,0.0,6.584792e-22,0.0,0.0,4.230602,2.4172792e-05
3495,6485.4927,26.516855,0.53415465,25.6966552015569,18.279323335488193,0.0,0.0,0.0,0.0,0.0,1.4633885e-20,0.0,0.0,4.620173,4.2847438e-05
3496,6486.985,26.320534,0.5405128,26.056068287995384,18.276352123408667,0.0,0.0,0.0,0.0,0.0,2.8999903e-19,0.0,0.0,5.0362477,7.501316e-05
3497,6488.4805,26.641163,0.53747606,26.44374996085085,18.27337527572368,0.0,0.0,0.0,0.0,0.0,5.184349e-18,0.0,0.0,5.4814434,0.00012999137
3498,6489.9727,26.758747,0.54031146,26.85895169144935,18.27040639793124,0.0,0.0,0.0,0.0,0.0,8.251548e-17,0.0,0.0,5.954617,0.00022241563
3499,6491.4663,27.132072,0.5679433,27.303926160808796,18.267435772099443,0.0,0.0,0.0,0.0,0.0,1.1801669e-15,0.0,0.0,6.4580693,0.00037641128
3500,6492.963,27.49862,0.57249403,27.78012054645627,18.264460489320864,0.0,0.0,0.0,0.0,0.0,1.5199908e-14,0.0,0.0,6.9931526,0.0006303883
3501,6494.457,27.548698,0.57082933,28.28663098395432,18.261491227453426,0.0,0.0,0.0,0.0,0.0,1.7467154e-13,0.0,0.0,7.5585785,0.0010427907
3502,6495.9546,28.098492,0.55504394,28.826186318088634,18.258516342748322,0.0,0.0,0.0,0.0,0.0,1.8079885e-12,0.0,0.0,8.157103,0.0017071839
3503,6497.449,28.73844,0.56815505,29.397133632839807,18.255548444603793,0.0,0.0,0.0,0.0,0.0,1.668937e-11,0.0,0.0,8.786573,0.0027602485
3504,6498.9473,29.1108,0.59192246,30.002465834207896,18.25257492826428,0.0,0.0,0.0,0.0,4.8e-44,1.3868479e-10,0.0,0.0,9.449915,0.0044165673
3505,6500.443,30.098515,0.6295942,30.640338372406575,18.249607424587374,0.0,0.0,0.0,0.0,4.483e-42,1.0287741e-09,0.0,0.0,10.144641,0.006980508
3506,6501.941,31.086199,0.6180975,31.313292761821508,18.246636244618568,0.0,0.0,0.0,0.0,3.83135e-40,6.857301e-09,0.0,0.0,10.872925,0.010914485
3507,6503.437,31.287447,0.5891513,32.01984485794637,18.243670104179895,0.0,0.0,0.0,0.0,2.920084e-38,4.0840327e-08,0.0,0.0,11.63237,0.016860176
3508,6504.9336,31.861841,0.5983892,32.761652019290906,18.24070416052594,0.0,0.0,0.0,0.0,1.9987081e-36,2.1800324e-07,0.0,0.0,12.423707,0.025750106
3509,6506.433,32.9672,0.6978738,33.54076705569951,18.2377335785149,0.0,0.0,0.0,0.0,1.2366608e-34,1.0454331e-06,0.0,0.0,13.24767,0.0389078
3510,6507.93,33.19837,0.70875174,34.35540542859148,18.234768998303974,0.0,0.0,0.0,0.0,6.814766e-33,4.478449e-06,0.0,0.0,14.100442,0.05807521
3511,6509.4307,34.133923,0.69585085,35.210212250783414,18.23179881725203,0.0,0.0,0.0,0.0,3.3972422e-31,1.7233888e-05,0.0,0.0,14.984291,0.08576634
3512,6510.928,35.594353,0.6514193,36.10360531854079,18.228835600238224,0.0,0.0,0.0,0.0,1.50684e-29,5.9232963e-05,0.0,0.0,15.894174,0.12511139
3513,6512.429,36.304478,0.6778591,37.04222777977887,18.225866787006478,0.0,0.0,0.0,0.0,6.042725e-28,0.00018277524,0.0,0.0,16.8324,0.18056048
3514,6513.9277,36.682014,0.6424699,38.026371917261606,18.22290396735105,0.0,0.0,0.0,0.0,2.1593334e-26,0.0005040672,0.0,0.0,17.793545,0.2574351
3515,6515.4263,37.44835,0.64898026,39.06280046594816,18.21994231069016,0.0,0.0,0.0,0.0,6.917835e-25,0.0012448328,0.0,0.0,18.777098,0.36282328
3516,6516.9287,39.00445,0.66866976,40.16135542430408,18.21697410066105,0.0,0.0,0.0,0.0,2.0041422e-23,0.0027581723,0.0,0.0,19.783445,0.50591093
3517,6518.428,39.902218,0.6761517,41.32585108938913,18.214012842693435,0.0,0.0,0.0,0.0,5.1700323e-22,0.005462612,0.0,0.0,20.805542,0.69685525
3518,6519.9307,41.883926,0.75010335,42.571465613338646,18.211046964879632,0.0,0.0,0.0,0.0,1.2027618e-20,0.0096963355,0.0,0.0,21.844656,0.949388
3519,6521.431,44.985203,0.7777333,43.9065367416799,18.208086106492573,0.0,0.0,0.0,0.0,2.4974852e-19,0.015395234,0.0,0.0,22.894484,1.2780167
3520,6522.934,44.29296,0.8413135,45.34884019607999,18.205121595806858,0.0,0.0,0.0,0.0,4.6697654e-18,0.021892786,0.0,0.0,23.954962,1.701361
3521,6524.4355,46.65266,0.86908317,46.909854824972534,18.202161138263726,0.0,0.0,0.0,0.0,7.8019735e-17,0.027855268,0.0,0.0,25.01999,2.2381833
3522,6525.9365,49.061367,0.8945039,48.6068684752861,18.19920280536804,0.0,0.0,0.0,0.0,1.1671346e-15,0.031722486,0.0,0.0,26.086727,2.9101903
3523,6527.4414,50.83157,0.8642105,50.463397650582735,18.196237939013177,0.0,0.0,0.0,0.0,1.575142e-14,0.03233565,0.0,0.0,27.1546,3.7427437
3524,6528.943,52.36233,0.8121029,52.489770755312776,18.1932809689559,0.0,0.0,0.0,0.0,1.8935598e-13,0.029497575,0.0,0.0,28.214563,4.75519
3525,6530.4478,54.521164,0.8386009,54.714841433008466,18.19031843184222,0.0,0.0,0.0,0.0,2.0507493e-12,0.024071317,0.0,0.0,29.267464,5.9748654
3526,6531.95,58.569763,0.8798014,57.14823126279383,18.187361862943312,0.0,0.0,0.0,0.0,1.9822076e-11,0.017584054,0.0,0.0,30.305124,7.417877
3527,6533.4565,63.167233,0.98427355,59.81494360512198,18.184398772041746,0.0,0.0,0.0,0.0,1.726155e-10,0.0114814555,0.0,0.0,31.327738,9.107766
3528,6534.96,64.21897,1.0031109,62.711519113268594,18.181442606311403,0.0,0.0,0.0,0.0,1.3408846e-09,0.006713154,0.0,0.0,32.32644,11.048816
3529,6536.4634,66.68469,1.1160581,65.843433397847,18.178487600997947,0.0,0.0,0.0,0.0,9.331688e-09,0.0035123292,0.0,0.0,33.29901,13.248576
3530,6537.971,72.40973,1.0995315,69.21192362327216,18.175525122907903,0.0,0.0,0.0,0.0,5.8484247e-08,0.0016404701,0.0,0.0,34.243935,15.710163
3531,6539.474,78.24681,1.1597922,72.77659991472109,18.172573398435397,0.0,0.0,0.0,0.0,3.2639687e-07,0.00068723306,0.0,0.0,35.151234,18.40337
3532,6540.9834,81.63429,1.1173539,76.53303271357535,18.169610372130567,0.0,0.0,0.0,0.0,1.6428277e-06,0.00025651214,0.0,0.0,36.023487,21.321865
3533,6542.4883,86.51184,1.2428424,80.41138156421096,18.16665713468513,0.0,0.0,0.0,0.0,7.370349e-06,8.588795e-05,0.0,0.0,36.850388,24.406157
3534,6543.9966,90.51262,1.2983178,84.37584325283099,18.16369835270491,0.0,0.0,0.0,0.0,2.9707442e-05,2.565411e-05,0.0,0.0,37.632343,27.620369
3535,6545.5024,93.45574,1.2525533,88.34400352555267,18.160745520730963,0.0,0.0,0.0,0.0,0.00010698555,6.8671075e-06,0.0,0.0,38.362526,30.888853
3536,6547.008,96.61756,1.3596463,92.24421787649068,18.157794804782174,0.0,0.0,0.0,0.0,0.00034492862,1.6450609e-06,0.0,0.0,39.038494,34.142403
3537,6548.5176,98.30526,1.3598726,96.00442684030506,18.154836637723204,0.0,0.0,0.0,0.0,0.0009989413,3.5089698e-07,0.0,0.0,39.65887,37.310215
3538,6550.024,94.97025,1.3236226,99.51672655704618,18.15188632742126,0.0,0.0,0.0,0.0,0.002584172,6.717262e-08,0.0,0.0,40.217304,40.29011
3539,6551.5347,98.33118,1.4643378,102.71023130623882,18.148928572832194,0.0,0.0,0.0,0.0,0.0060002212,1.1440574e-08,0.0,0.0,40.7138,43.010483
3540,6553.042,99.3861,1.3804662,105.48340871748377,18.145978669794435,0.0,0.0,0.0,0.0,0.012449131,1.7493462e-09,0.0,0.0,41.143204,45.373642
3541,6554.553,100.488,1.3953066,107.77235328283729,18.14302228431273,0.0,0.0,0.0,0.0,0.02316082,2.3795202e-10,0.0,0.0,41.50535,47.31479
3542,6556.061,105.01624,1.4492204,109.49992297391283,18.14007374442877,0.0,0.0,0.0,0.0,0.038519576,2.9071186e-11,0.0,0.0,41.79658,48.759964
3543,6557.569,112.0243,1.7763492,110.62001906860878,18.137126361615362,0.0,0.0,0.0,0.0,0.05735697,3.1760918e-12,0.0,0.0,42.016285,49.66495
3544,6559.081,117.18953,1.8453772,111.09741147316178,18.134171550041927,0.0,0.0,0.0,0.0,0.07651766,3.081509e-13,0.0,0.0,42.163647,49.998592
3545,6560.5894,117.10852,1.8692167,110.9121409905316,18.131225529050955,0.0,0.0,0.0,0.0,0.091305636,2.6891487e-14,0.0,0.0,42.23703,49.747173
3546,6562.103,116.39481,1.6414336,110.06625413151198,18.128270179049302,0.0,0.0,0.0,0.0,0.097542904,2.0790229e-15,0.0,0.0,42.236404,48.91712
3547,6563.6123,110.65789,1.6695278,108.59135673697259,18.125324567213305,0.0,0.0,0.0,0.0,0.093244694,1.4475069e-16,0.0,0.0,42.1617,47.541996
3548,6565.126,101.216385,1.5896497,106.52784539758423,18.122371539466165,0.0,0.0,0.0,0.0,0.07973865,8.936421e-18,0.0,0.0,42.012886,45.661057
3549,6566.636,94.7955,1.5220377,103.9532592162623,18.119426337642867,0.0,0.0,0.0,0.0,0.061042745,4.962266e-19,0.0,0.0,41.791424,43.34629
3550,6568.1475,93.38554,1.5052295,100.9421555479706,18.11648038827783,0.0,0.0,0.0,0.0,0.041811794,2.4583173e-20,0.0,0.0,41.498013,40.666996
3551,6569.661,89.38231,1.3955758,97.57856841404305,18.113530839051467,0.0,0.0,0.0,0.0,0.025605908,1.0829395e-21,0.0,0.0,41.133675,37.702675
3552,6571.173,86.372116,1.3747766,93.9626795659001,18.11058625301077,0.0,0.0,0.0,0.0,0.01403955,4.2804905e-23,0.0,0.0,40.70131,34.548973
3553,6572.6885,85.257324,1.2520782,90.16922658392674,18.107635218552115,0.0,0.0,0.0,0.0,0.006874361,1.4988945e-24,0.0,0.0,40.20135,31.280533
3554,6574.2,83.605194,1.3079736,86.30197257739977,18.10469294647239,0.0,0.0,0.0,0.0,0.0030170071,4.7308944e-26,0.0,0.0,39.638943,27.997005
3555,6575.717,81.92939,1.2742046,82.41561212285669,18.101742330936382,0.0,0.0,0.0,0.0,0.001181024,1.3189736e-27,0.0,0.0,39.013615,24.75497
3556,6577.229,85.68653,1.2802869,78.60148886003634,18.09880142126684,0.0,0.0,0.0,0.0,0.00041471366,3.319972e-29,0.0,0.0,38.332314,21.639698
3557,6578.7427,87.47056,1.2827859,74.9011185497012,18.09585881819031,0.0,0.0,0.0,0.0,0.00013014386,7.440253e-31,0.0,0.0,37.59596,18.692463
3558,6580.2593,85.00143,1.1662792,71.35591779179501,18.092911678339956,0.0,0.0,0.0,0.0,3.6440775e-05,1.478372e-32,0.0,0.0,36.807217,15.952344
3559,6581.773,80.61549,1.115102,68.01166501004127,18.08997138724089,0.0,0.0,0.0,0.0,9.149047e-06,2.644221e-34,0.0,0.0,35.97296,13.458328
3560,6583.2905,75.85109,1.1067507,64.87371375943333,18.087024666555703,0.0,0.0,0.0,0.0,2.0465882e-06,4.1801096e-36,0.0,0.0,35.09336,11.215739
3561,6584.805,70.14039,1.0885893,61.96588072636421,18.08408479019848,0.0,0.0,0.0,0.0,4.106149e-07,5.9501095e-38,0.0,0.0,34.17646,9.24031
3562,6586.3237,63.26186,1.0390009,59.27547113345045,18.081138490264202,0.0,0.0,0.0,0.0,7.334868e-08,7.48037e-40,0.0,0.0,33.22231,7.5193853
3563,6587.8384,60.43567,1.0980496,56.80907028843334,18.078200923846435,0.0,0.0,0.0,0.0,1.1769369e-08,8.495e-42,0.0,0.0,32.240112,6.050283
3564,6589.3545,55.629208,1.0768508,54.54451032467637,18.075261670532342,0.0,0.0,0.0,0.0,1.6858352e-09,8.5e-44,0.0,0.0,31.23078,4.809992
3565,6590.874,51.604458,0.93276006,52.46306825116012,18.072316948702927,0.0,0.0,0.0,0.0,2.1491034e-10,1e-45,0.0,0.0,30.197233,3.7768965
3566,6592.3906,50.15654,0.94980484,50.5545646230008,18.06937905941191,0.0,0.0,0.0,0.0,2.4591927e-11,0.0,0.0,0.0,29.148104,2.9321342
3567,6593.91,48.8043,0.9086679,48.79180255838827,18.06643665143195,0.0,0.0,0.0,0.0,2.5048648e-12,0.0,0.0,0.0,28.083601,2.2483625
3568,6595.427,45.091343,0.8798667,47.16216183716895,18.063501070090325,0.0,0.0,0.0,0.0,2.2911637e-13,0.0,0.0,0.0,27.01202,1.704617
3569,6596.948,44.465088,0.8839809,45.639174320525996,18.060557194776386,0.0,0.0,0.0,0.0,1.8585145e-14,0.0,0.0,0.0,25.931911,1.2759576
3570,6598.4653,41.86098,0.83003783,44.21569112606929,18.05762297578738,0.0,0.0,0.0,0.0,1.3574993e-15,0.0,0.0,0.0,24.853804,0.9446237
3571,6599.9834,40.2815,0.8158451,42.87197829650967,18.054688020220684,0.0,0.0,0.0,0.0,8.8495005e-17,0.0,0.0,0.0,23.777676,0.6909551
3572,6601.5054,40.17641,0.799433,41.59364941953562,18.051746668805105,0.0,0.0,0.0,0.0,5.1189605e-18,0.0,0.0,0.0,22.705095,0.49902508
3573,6603.0244,39.008316,0.7576277,40.37656573646725,18.048812133008845,0.0,0.0,0.0,0.0,2.6609534e-19,0.0,0.0,0.0,21.644321,0.3563742
3574,6604.547,36.8832,0.78334737,39.2077699285731,18.045872150062056,0.0,0.0,0.0,0.0,1.2277199e-20,0.0,0.0,0.0,20.594158,0.25129735
3575,6606.067,35.73958,0.7502084,38.08579483281328,18.042938035237324,0.0,0.0,0.0,0.0,5.0869866e-22,0.0,0.0,0.0,19.561674,0.17520486
3576,6607.5894,34.69236,0.72108024,37.002605138478444,18.040000362453622,0.0,0.0,0.0,0.0,1.873604e-23,0.0,0.0,0.0,18.546335,0.1206363
3577,6609.109,33.812176,0.72147197,35.95890890283766,18.03706949426117,0.0,0.0,0.0,0.0,6.206385e-25,0.0,0.0,0.0,17.55425,0.08214056
3578,6610.63,33.221813,0.6549282,34.94959638009857,18.034136952116,0.0,0.0,0.0,0.0,1.8311559e-26,0.0,0.0,0.0,16.584816,0.05524713
3579,6612.1543,32.27831,0.6874733,33.972315516767665,18.0311989751436,0.0,0.0,0.0,0.0,4.7879085e-28,0.0,0.0,0.0,15.638962,0.03668499
3580,6613.6763,30.380083,0.63205177,33.030214339455355,18.028266856407516,0.0,0.0,0.0,0.0,1.1249434e-29,0.0,0.0,0.0,14.72215,0.024086406
3581,6615.2,30.320427,0.595203,32.12033030187363,18.02533212845797,0.0,0.0,0.0,0.0,2.3496489e-31,0.0,0.0,0.0,13.833282,0.015618347
3582,6616.7227,29.896204,0.59771883,31.24475180588465,18.022401373347154,0.0,0.0,0.0,0.0,4.4005483e-33,0.0,0.0,0.0,12.975684,0.010011463
3583,6618.2485,29.44649,0.5953679,30.400901028370086,18.019465193101738,0.0,0.0,0.0,0.0,7.294622e-35,0.0,0.0,0.0,12.147742,0.0063347607
3584,6619.7705,28.637753,0.5738007,29.59303042042282,18.016537680115817,0.0,0.0,0.0,0.0,1.0916064e-36,0.0,0.0,0.0,11.354268,0.003965421
3585,6621.2974,27.194456,0.5612663,28.81669232326597,18.013601929024233,0.0,0.0,0.0,0.0,1.4391747e-38,0.0,0.0,0.0,10.591332,0.0024490363
3586,6622.82,26.696644,0.56637514,28.076746001306766,18.01067577761396,0.0,0.0,0.0,0.0,1.71607e-40,0.0,0.0,0.0,9.864006,0.0014966377
3587,6624.344,26.089104,0.5528744,27.370040331815826,18.00774702228372,0.0,0.0,0.0,0.0,1.817e-42,0.0,0.0,0.0,9.169387,0.0009031808
3588,6625.871,25.593973,0.5302395,26.696391409881556,18.004814729189178,0.0,0.0,0.0,0.0,1.7e-44,0.0,0.0,0.0,8.50742,0.00053811684
3589,6627.396,25.974495,0.5920958,26.057528272415,18.001887337768636,0.0,0.0,0.0,0.0,0.0,0.0,0.0,0.0,7.8798804,0.00031700605
3590,6628.924,25.53589,0.580381,25.451064967796167,17.998955474757434,0.0,0.0,0.0,0.0,0.0,0.0,0.0,0.0,7.28447,0.00018433454
3591,6630.4497,23.806887,0.5152979,24.87848031996642,17.996028510511188,0.0,0.0,0.0,0.0,0.0,0.0,0.0,0.0,6.7226624,0.00010598402
3592,6631.978,24.489334,0.51289564,24.337524303905557,17.993098015206815,0.0,0.0,0.0,0.0,0.0,0.0,0.0,0.0,6.1922565,6.0155486e-05
3593,6633.5034,24.253784,0.50319815,23.829354256878396,17.99017428644158,0.0,0.0,0.0,0.0,0.0,0.0,0.0,0.0,5.6943827,3.3773595e-05
3594,6635.03,24.297499,0.5119908,23.351778443708014,17.987249834151868,0.0,0.0,0.0,0.0,0.0,0.0,0.0,0.0,5.2268815,1.8729013e-05
3595,6636.56,23.915127,0.5007858,22.90310749236877,17.98431904998241,0.0,0.0,0.0,0.0,0.0,0.0,0.0,0.0,4.7880845,1.0246409e-05
3596,6638.087,23.21284,0.49454412,22.484508712404075,17.981395961133384,0.0,0.0,0.0,0.0,0.0,0.0,0.0,0.0,4.3791127,5.5462374e-06
3597,6639.617,22.877485,0.49178526,22.093042169751644,17.978467479824477,0.0,0.0,0.0,0.0,0.0,0.0,0.0,0.0,3.9970698,2.9621149e-06
3598,6641.145,22.582123,0.493124,21.729123959268993,17.975544819515864,0.0,0.0,0.0,0.0,0.0,0.0,0.0,0.0,3.642336,1.5646656e-06
3599,6642.677,22.753548,0.4952416,21.39012275987446,17.972615838418193,0.0,0.0,0.0,0.0,0.0,0.0,0.0,0.0,3.3123178,8.1525843e-07
3600,6644.2036,22.333607,0.49481875,21.076777111154247,17.969697341110635,0.0,0.0,0.0,0.0,0.0,0.0,0.0,0.0,3.0077035,4.205854e-07
3601,6645.733,22.065855,0.47427347,20.786326559318347,17.966775324300265,0.0,0.0,0.0,0.0,0.0,0.0,0.0,0.0,2.725776,2.1415741e-07
3602,6647.265,22.180763,0.48122302,20.51758767377633,17.96384886036316,0.0,0.0,0.0,0.0,0.0,0.0,0.0,0.0,2.4653547,1.07599284e-07
3603,6648.7944,22.123575,0.47739145,20.27037932776983,17.96092913965057,0.0,0.0,0.0,0.0,0.0,0.0,0.0,0.0,2.2262287,5.348429e-08
3604,6650.3276,21.790121,0.48483476,20.04241075033137,17.958003111430642,0.0,0.0,0.0,0.0,0.0,0.0,0.0,0.0,2.0061455,2.6219341e-08
3605,6651.8574,22.05616,0.48720387,19.833593907603877,17.955084753379502,0.0,0.0,0.0,0.0,0.0,0.0,0.0,0.0,1.804982,1.27196085e-08
3606,6653.3916,21.392426,0.4810713,19.641711661516617,17.952159162039447,0.0,0.0,0.0,0.0,0.0,0.0,0.0,0.0,1.620563,6.0837473e-09
3607,6654.9214,21.535696,0.4889627,19.46672784668113,17.94924309692671,0.0,0.0,0.0,0.0,0.0,0.0,0.0,0.0,1.4528134,2.8810412e-09
3608,6656.453,21.957457,0.4840263,19.306773665884286,17.946324454728273,0.0,0.0,0.0,0.0,0.0,0.0,0.0,0.0,1.2998986,1.3467111e-09
3609,6657.9873,21.368404,0.47663683,19.160795138207426,17.94340230927075,0.0,0.0,0.0,0.0,0.0,0.0,0.0,0.0,1.1607704,6.21181e-10
3610,6659.52,21.425781,0.47684368,19.02814848210612,17.940484101153235,0.0,0.0,0.0,0.0,0.0,0.0,0.0,0.0,1.0347719,2.8328917e-10
3611,6661.055,21.621813,0.4829644,18.907520318969148,17.937562393462393,0.0,0.0,0.0,0.0,0.0,0.0,0.0,0.0,0.9206114,1.2747917e-10
3612,6662.588,21.116003,0.4757096,18.798354505211005,17.934646478447085,0.0,0.0,0.0,0.0,0.0,0.0,0.0,0.0,0.8177172,5.6747277e-11
3613,6664.124,21.128977,0.47340587,18.69934762058867,17.93172520931269,0.0,0.0,0.0,0.0,0.0,0.0,0.0,0.0,0.7248151,2.4911587e-11
3614,6665.6577,21.61,0.50201076,18.61004093738996,17.928809729233524,0.0,0.0,0.0,0.0,0.0,0.0,0.0,0.0,0.64142835,1.0818475e-11
3615,6667.191,21.118666,0.61913323,18.529494215724068,17.925896321408473,0.0,0.0,0.0,0.0,0.0,0.0,0.0,0.0,0.5666305,4.642932e-12
3616,6668.7275,19.458677,0.7986573,18.456775381153076,17.922977565709026,0.0,0.0,0.0,0.0,0.0,0.0,0.0,0.0,0.49950936,1.9648504e-12
3617,6670.262,20.362234,0.8519294,18.391445214050957,17.920063665258013,0.0,0.0,0.0,0.0,0.0,0.0,0.0,0.0,0.43961188,8.2238697e-13
3618,6671.8003,20.90061,0.725458,18.332624835335444,17.917144422792283,0.0,0.0,0.0,0.0,0.0,0.0,0.0,0.0,0.38608393,3.3939125e-13
3619,6673.3354,20.712317,0.8031597,18.27994689776622,17.914231885811773,0.0,0.0,0.0,0.0,0.0,0.0,0.0,0.0,0.33854225,1.3860744e-13
3620,6674.874,20.290243,1.1834142,18.232625963761013,17.911314011214717,0.0,0.0,0.0,0.0,0.0,0.0,0.0,0.0,0.29622865,5.5811377e-14
3621,6676.41,20.093788,0.87413806,18.190319997676,17.908401911564432,0.0,0.0,0.0,0.0,0.0,0.0,0.0,0.0,0.2587879,2.223354e-14
3622,6677.9453,20.528473,0.5486535,18.152486935688717,17.905492805375314,0.0,0.0,0.0,0.0,0.0,0.0,0.0,0.0,0.22568901,8.755508e-15
3623,6679.485,20.498917,0.5681416,18.118560886277187,17.902576517580375,0.0,0.0,0.0,0.0,0.0,0.0,0.0,0.0,0.19638819,3.3970957e-15
3624,6681.0225,21.238712,0.92150563,18.088280781894817,17.899665074214234,0.0,0.0,0.0,0.0,0.0,0.0,0.0,0.0,0.17061087,1.3036756e-15
3625,6682.562,20.317604,1.0518373,18.06119288154274,17.896751078072487,0.0,0.0,0.0,0.0,0.0,0.0,0.0,0.0,0.14792058,4.936392e-16
3626,6684.1006,19.229939,0.9085964,18.037008753226495,17.893840074719286,0.0,0.0,0.0,0.0,0.0,0.0,0.0,0.0,0.12802607,1.8476868e-16
3627,6685.6406,20.141418,0.5538931,18.015378866012902,17.890927444811673,0.0,0.0,0.0,0.0,0.0,0.0,0.0,0.0,0.110590145,6.825634e-17
3628,6687.1797,19.840097,0.46957383,17.996055320152003,17.888017805539924,0.0,0.0,0.0,0.0,0.0,0.0,0.0,0.0,0.09536364,2.4925056e-17
3629,6688.7183,19.321863,0.45182166,17.978772562331617,17.885110231450856,0.0,0.0,0.0,0.0,0.0,0.0,0.0,0.0,0.08208771,8.994533e-18
3630,6690.26,19.62085,0.49779284,17.963265362699165,17.882198265325858,0.0,0.0,0.0,0.0,0.0,0.0,0.0,0.0,0.07051094,3.2001825e-18
3631,6691.8,20.052511,0.62784624,17.94937180487064,17.87929020953921,0.0,0.0,0.0,0.0,0.0,0.0,0.0,0.0,0.06046505,1.1258924e-18
3632,6693.3433,20.004532,0.7030636,17.936862908698423,17.876376845337255,0.0,0.0,0.0,0.0,0.0,0.0,0.0,0.0,0.051737912,3.9038396e-19
3633,6694.883,19.75512,0.5319718,17.925629500834205,17.873471996350148,0.0,0.0,0.0,0.0,0.0,0.0,0.0,0.0,0.044207048,1.3407579e-19
3634,6696.4263,19.971975,0.45956844,17.9154641128524,17.87056092111457,0.0,0.0,0.0,0.0,0.0,0.0,0.0,0.0,0.037688214,4.53645e-20
3635,6697.9673,19.62499,0.45482486,17.906276238347058,17.867655592701052,0.0,0.0,0.0,0.0,0.0,0.0,0.0,0.0,0.032080058,1.5188425e-20
3636,6699.508,19.40361,0.450102,17.897932516032792,17.864752324851192,0.0,0.0,0.0,0.0,0.0,0.0,0.0,0.0,0.027257973,5.02528e-21
3637,6701.0537,19.683552,0.49302876,17.890299094107938,17.8618400797369,0.0,0.0,0.0,0.0,0.0,0.0,0.0,0.0,0.023105107,1.6360628e-21
3638,6702.5947,20.010832,0.48418716,17.883333295300886,17.85893817403941,0.0,0.0,0.0,0.0,0.0,0.0,0.0,0.0,0.019559352,5.2803663e-22
3639,6704.1396,19.855167,0.459496,17.8769117750554,17.856030055168144,0.0,0.0,0.0,0.0,0.0,0.0,0.0,0.0,0.016520415,1.6786467e-22
3640,6705.6826,19.672308,0.4729083,17.87098688591071,17.85312675410681,0.0,0.0,0.0,0.0,0.0,0.0,0.0,0.0,0.013931042,5.2790745e-23
3641,6707.229,20.369785,0.49415025,17.8654742365708,17.850218165340404,0.0,0.0,0.0,0.0,0.0,0.0,0.0,0.0,0.011721528,1.635724e-23
3642,6708.7715,20.247269,0.49880958,17.860343300939984,17.847318063692637,0.0,0.0,0.0,0.0,0.0,0.0,0.0,0.0,0.009848675,5.0213627e-24
3643,6710.315,21.664509,0.5005276,17.85552741502015,17.844417264764886,0.0,0.0,0.0,0.0,0.0,0.0,0.0,0.0,0.0082590105,1.521565e-24
3644,6711.863,23.453337,0.49419105,17.850974189015368,17.841509350007662,0.0,0.0,0.0,0.0,0.0,0.0,0.0,0.0,0.0069097294,4.5387235e-25
3645,6713.4062,23.215384,0.4952316,17.84667173847469,17.838610830529653,0.0,0.0,0.0,0.0,0.0,0.0,0.0,0.0,0.005773201,1.3419615e-25
3646,6714.954,23.020123,0.4916433,17.842562584516934,17.835705200287855,0.0,0.0,0.0,0.0,0.0,0.0,0.0,0.0,0.0048122723,3.905673e-26
3647,6716.499,22.391203,0.5232196,17.838637882856773,17.832806209231848,0.0,0.0,0.0,0.0,0.0,0.0,0.0,0.0,0.0040053036,1.12544975e-26
3648,6718.048,21.260643,0.9438043,17.834855533370504,17.829901030336263,0.0,0.0,0.0,0.0,0.0,0.0,0.0,0.0,0.003325968,3.1932656e-27
3649,6719.5938,19.77124,2.104566,17.831210875760767,17.82700248632394,0.0,0.0,0.0,0.0,0.0,0.0,0.0,0.0,0.002757745,8.970946e-28
3650,6721.139,18.849354,1.262548,17.827679160604056,17.82410599509607,0.0,0.0,0.0,0.0,0.0,0.0,0.0,0.0,0.0022825345,2.4904385e-28
3651,6722.69,19.39094,0.74011564,17.824231436799632,17.821200579379106,0.0,0.0,0.0,0.0,0.0,0.0,0.0,0.0,0.0018844858,6.798514e-29
3652,6724.236,20.905582,0.62922174,17.820876727893992,17.818305449875115,0.0,0.0,0.0,0.0,0.0,0.0,0.0,0.0,0.001553928,1.8406887e-29
3653,6725.7856,22.05502,0.7770497,17.817583962623836,17.815404144803402,0.0,0.0,0.0,0.0,0.0,0.0,0.0,0.0,0.0012783664,4.906301e-30
3654,6727.334,21.00905,0.86712027,17.814354497315644,17.812506721080563,0.0,0.0,0.0,0.0,0.0,0.0,0.0,0.0,0.0010499252,1.293333e-30
3655,6728.885,21.63633,0.7293127,17.81117145255195,17.809605869268868,0.0,0.0,0.0,0.0,0.0,0.0,0.0,0.0,0.00086044526,3.3603483e-31
3656,6730.433,22.322653,0.5152673,17.808037343949767,17.806710722323263,0.0,0.0,0.0,0.0,0.0,0.0,0.0,0.0,0.0007040809,8.6420805e-32
3657,6731.981,20.120789,0.46352503,17.804941684407556,17.803817624276878,0.0,0.0,0.0,0.0,0.0,0.0,0.0,0.0,0.00057510694,2.1962748e-32
3658,6733.534,19.341127,0.46691507,17.801867432811346,17.800915628008593,0.0,0.0,0.0,0.0,0.0,0.0,0.0,0.0,0.00046855942,5.4866405e-33
3659,6735.083,19.029016,0.4974886,17.798829269625035,17.798022979696302,0.0,0.0,0.0,0.0,0.0,0.0,0.0,0.0,0.00038126754,1.3591427e-33
3660,6736.6353,18.56216,0.6258132,17.795807848126945,17.795125086641722,0.0,0.0,0.0,0.0,0.0,0.0,0.0,0.0,0.0003095229,3.3151817e-34
3661,6738.1855,17.764397,0.6151316,17.792810262749367,17.792231977059668,0.0,0.0,0.0,0.0,0.0,0.0,0.0,0.0,0.00025088,8.0010545e-35
3662,6739.7393,17.741302,0.4774842,17.78982326132667,17.789333628480232,0.0,0.0,0.0,0.0,0.0,0.0,0.0,0.0,0.00020287685,1.9012436e-35
3663,6741.29,18.693586,0.44797757,17.78685660220832,17.78644188187933,0.0,0.0,0.0,0.0,0.0,0.0,0.0,0.0,0.0001638206,4.4743186e-36
3664,6742.8447,18.305164,0.506181,17.78389513266317,17.78354399062679,0.0,0.0,0.0,0.0,0.0,0.0,0.0,0.0,0.00013196639,1.0361947e-36
3665,6744.3955,18.3419,0.519754,17.780951969667736,17.780654516282308,0.0,0.0,0.0,0.0,0.0,0.0,0.0,0.0,0.00010616699,2.3788582e-37
3666,6745.9473,17.402708,0.48509088,17.77801631978113,17.77776435707969,0.0,0.0,0.0,0.0,0.0,0.0,0.0,0.0,8.524163e-05,5.3891136e-38
3667,6747.5024,17.581081,0.5022716,17.775082332944557,17.774868969998614,0.0,0.0,0.0,0.0,0.0,0.0,0.0,0.0,6.82805e-05,1.2018376e-38
3668,6749.0547,18.383152,0.5881318,17.77216091408014,17.771980172773745,0.0,0.0,0.0,0.0,0.0,0.0,0.0,0.0,5.4615695e-05,2.65469e-39
3669,6750.611,17.903896,0.7655614,17.769238291591876,17.769085243791608,0.0,0.0,0.0,0.0,0.0,0.0,0.0,0.0,4.3579825e-05,5.76915e-40
3670,6752.165,17.476603,0.6650771,17.766324710531702,17.766195084752038,0.0,0.0,0.0,0.0,0.0,0.0,0.0,0.0,3.4719127e-05,1.24085e-40
3671,6753.7207,18.420254,0.48704368,17.763413107683366,17.763303338421313,0.0,0.0,0.0,0.0,0.0,0.0,0.0,0.0,2.760263e-05,2.6344e-41
3672,6755.275,17.976608,0.46883544,17.760508414881514,17.760415449941974,0.0,0.0,0.0,0.0,0.0,0.0,0.0,0.0,2.1908818e-05,5.535e-42
3673,6756.8296,17.769602,0.4327575,17.757606511342644,17.7575277883971,0.0,0.0,0.0,0.0,0.0,0.0,0.0,0.0,1.7355911e-05,1.121e-42
3674,6758.3867,17.988111,0.43202773,17.754703366559074,17.754636728570762,0.0,0.0,0.0,0.0,0.0,0.0,0.0,0.0,1.3718533e-05,2.1e-43
3675,6759.9424,17.845034,0.43486723,17.751805932034234,17.751749523404772,0.0,0.0,0.0,0.0,0.0,0.0,0.0,0.0,1.0825686e-05,7e-44
3676,6761.5005,18.162905,0.46168765,17.748906651449005,17.748858923529014,0.0,0.0,0.0,0.0,0.0,0.0,0.0,0.0,8.523743e-06,0.0
3677,6763.0566,15.712024,0.9218891,17.746013463689437,17.745973081512133,0.0,0.0,0.0,0.0,0.0,0.0,0.0,0.0,6.7007836e-06,0.0
3678,6764.6157,16.573307,1.4410046,17.743117089493516,17.74308294267137,0.0,0.0,0.0,0.0,0.0,0.0,0.0,0.0,5.255484e-06,0.0
3679,6766.172,17.60117,1.1816474,17.740228242174126,17.74019936808112,0.0,0.0,0.0,0.0,0.0,0.0,0.0,0.0,4.116121e-06,0.0
3680,6767.7285,17.687948,0.62732166,17.73734042614057,17.73731602081977,0.0,0.0,0.0,0.0,0.0,0.0,0.0,0.0,3.2175158e-06,0.0
3681,6769.289,18.278954,0.45995805,17.734447184892158,17.73442657391413,0.0,0.0,0.0,0.0,0.0,0.0,0.0,0.0,2.5088357e-06,0.0
3682,6770.8467,18.000116,0.44697532,17.73156108898714,17.73154368487538,0.0,0.0,0.0,0.0,0.0,0.0,0.0,0.0,1.953503e-06,0.0
3683,6772.407,18.053926,0.45128343,17.72867119240557,17.728656508272095,0.0,0.0,0.0,0.0,0.0,0.0,0.0,0.0,1.5175351e-06,0.0
3684,6773.9663,17.618637,0.44380942,17.725785559789504,17.7257731753426,0.0,0.0,0.0,0.0,0.0,0.0,0.0,0.0,1.1769401e-06,0.0
3685,6775.528,17.570337,0.5175391,17.722896898238982,17.722886462309273,0.0,0.0,0.0,0.0,0.0,0.0,0.0,0.0,9.107135e-07,0.0
3686,6777.086,17.565155,0.78073835,17.720015991068852,17.720007199346572,0.0,0.0,0.0,0.0,0.0,0.0,0.0,0.0,7.037878e-07,0.0
3687,6778.6455,17.29379,0.9681001,17.717133760918546,17.71712636054814,0.0,0.0,0.0,0.0,0.0,0.0,0.0,0.0,5.4272897e-07,0.0
3688,6780.2085,18.250027,0.7104967,17.714246565108738,17.714240342710326,0.0,0.0,0.0,0.0,0.0,0.0,0.0,0.0,4.1750573e-07,0.0
3689,6781.769,17.42022,0.45232645,17.711365194783543,17.71135996537622,0.0,0.0,0.0,0.0,0.0,0.0,0.0,0.0,3.2070434e-07,0.0
3690,6783.3325,17.555895,0.45386723,17.70847970464618,17.708475314680896,0.0,0.0,0.0,0.0,0.0,0.0,0.0,0.0,2.4576264e-07,0.0
3691,6784.893,17.652048,0.43537456,17.70560088403534,17.705597200602632,0.0,0.0,0.0,0.0,0.0,0.0,0.0,0.0,1.8807404e-07,0.0
3692,6786.4575,17.579016,0.44315284,17.702716102584265,17.70271301598827,0.0,0.0,0.0,0.0,0.0,0.0,0.0,0.0,1.4356004e-07,0.0
3693,6788.0186,17.887384,0.6234681,17.69983884856031,17.699836263400663,0.0,0.0,0.0,0.0,0.0,0.0,0.0,0.0,1.09441174e-07,0.0
3694,6789.5806,17.039375,1.2991893,17.69696100396972,17.69695884102436,0.0,0.0,0.0,0.0,0.0,0.0,0.0,0.0,8.326021e-08,0.0
3695,6791.1455,15.286737,2.0155525,17.694078961856476,17.69407715449256,0.0,0.0,0.0,0.0,0.0,0.0,0.0,0.0,6.319091e-08,0.0
3696,6792.7085,17.531395,0.9340814,17.691201704478594,17.6912001953821,0.0,0.0,0.0,0.0,0.0,0.0,0.0,0.0,4.7885596e-08,0.0
3697,6794.274,18.700674,0.49365667,17.688321133028857,17.688319874597322,0.0,0.0,0.0,0.0,0.0,0.0,0.0,0.0,3.6203215e-08,0.0
3698,6795.838,17.595863,0.45791104,17.685444428321752,17.685443379818455,0.0,0.0,0.0,0.0,0.0,0.0,0.0,0.0,2.7326626e-08,0.0
3699,6797.405,17.224873,0.45793274,17.682563501739686,17.682562629364213,0.0,0.0,0.0,0.0,0.0,0.0,0.0,0.0,2.0576728e-08,0.0
3700,6798.9683,17.419895,0.44267666,17.679690017575474,17.6796892922276,0.0,0.0,0.0,0.0,0.0,0.0,0.0,0.0,1.5474525e-08,0.0
3701,6800.5327,17.957436,0.4485064,17.676815891220794,17.67681528884738,0.0,0.0,0.0,0.0,0.0,0.0,0.0,0.0,1.1613518e-08,0.0
3702,6802.1006,17.866566,0.44711196,17.67393663774192,17.673936138252902,0.0,0.0,0.0,0.0,0.0,0.0,0.0,0.0,8.693959e-09,0.0
3703,6803.6655,17.859581,0.44841844,17.671063910605113,17.67106349674909,0.0,0.0,0.0,0.0,0.0,0.0,0.0,0.0,6.4996004e-09,0.0
3704,6805.2344,17.70831,0.4531047,17.668185158837993,17.668184816487585,0.0,0.0,0.0,0.0,0.0,0.0,0.0,0.0,4.84639e-09,0.0
3705,6806.7993,17.34259,0.5739327,17.665314714936148,17.66531443193004,0.0,0.0,0.0,0.0,0.0,0.0,0.0,0.0,3.6095078e-09,0.0
3706,6808.3696,18.155588,0.8269548,17.662435561156713,17.662435327635258,0.0,0.0,0.0,0.0,0.0,0.0,0.0,0.0,2.680502e-09,0.0
3707,6809.935,16.744484,0.67834955,17.659566496125976,17.65956630354942,0.0,0.0,0.0,0.0,0.0,0.0,0.0,0.0,1.9886888e-09,0.0
3708,6811.5024,17.308886,0.48890537,17.65669498589794,17.656694827314706,0.0,0.0,0.0,0.0,0.0,0.0,0.0,0.0,1.4720895e-09,0.0
3709,6813.0728,17.88472,0.43962252,17.653819244802715,17.65381911441745,0.0,0.0,0.0,0.0,0.0,0.0,0.0,0.0,1.0870107e-09,0.0
3710,6814.6406,17.845266,0.43866155,17.650949107867604,17.650949000764175,0.0,0.0,0.0,0.0,0.0,0.0,0.0,0.0,8.015238e-10,0.0
3711,6816.2114,17.863657,0.47979507,17.648074741798638,17.648074653960016,0.0,0.0,0.0,0.0,0.0,0.0,0.0,0.0,5.895598e-10,0.0
3712,6817.78,16.877035,0.81487775,17.645205974155317,17.645205902182877,0.0,0.0,0.0,0.0,0.0,0.0,0.0,0.0,4.3303755e-10,0.0
3713,6819.352,19.501339,1.3204753,17.642331194414155,17.642331135544726,0.0,0.0,0.0,0.0,0.0,0.0,0.0,0.0,3.1722094e-10,0.0
3714,6820.921,16.572577,1.236633,17.63946379375212,17.639463745639308,0.0,0.0,0.0,0.0,0.0,0.0,0.0,0.0,2.320975e-10,0.0
3715,6822.49,16.014791,0.61306345,17.636596628407357,17.63659658913749,0.0,0.0,0.0,0.0,0.0,0.0,0.0,0.0,1.6947743e-10,0.0
3716,6824.0635,18.324003,0.48178637,17.633723457479068,17.633723425483563,0.0,0.0,0.0,0.0,0.0,0.0,0.0,0.0,1.2342062e-10,0.0
3717,6825.634,17.882156,0.4473661,17.630856765333647,17.630856739288127,0.0,0.0,0.0,0.0,0.0,0.0,0.0,0.0,8.976275e-11,0.0
3718,6827.2075,17.846497,0.44967183,17.627984963565538,17.627984942400026,0.0,0.0,0.0,0.0,0.0,0.0,0.0,0.0,6.51143e-11,0.0
3719,6828.778,17.23807,0.44845426,17.62512052575446,17.625120508568845,0.0,0.0,0.0,0.0,0.0,0.0,0.0,0.0,4.7177397e-11,0.0
3720,6830.3525,17.009682,0.46191266,17.622249201154972,17.622249187226895,0.0,0.0,0.0,0.0,0.0,0.0,0.0,0.0,3.4085765e-11,0.0
3721,6831.9233,17.14456,0.44650692,17.619386125124393,17.61938611384506,0.0,0.0,0.0,0.0,0.0,0.0,0.0,0.0,2.4600039e-11,0.0
3722,6833.4956,17.319748,0.44054884,17.616521504413438,17.616521495292663,0.0,0.0,0.0,0.0,0.0,0.0,0.0,0.0,1.771506e-11,0.0
3723,6835.0713,17.39614,0.4485418,17.613651784940732,17.61365177757839,0.0,0.0,0.0,0.0,0.0,0.0,0.0,0.0,1.272354e-11,0.0
3724,6836.6436,17.334705,0.4631148,17.610789415907316,17.610789409969325,0.0,0.0,0.0,0.0,0.0,0.0,0.0,0.0,9.1276665e-12,0.0
3725,6838.2207,16.947937,0.48812982,17.607919286236076,17.60791928145628,0.0,0.0,0.0,0.0,0.0,0.0,0.0,0.0,6.5288126e-12,0.0
3726,6839.793,17.76867,0.49785605,17.60505916687729,17.60505916303218,0.0,0.0,0.0,0.0,0.0,0.0,0.0,0.0,4.6658432e-12,0.0
3727,6841.3706,17.603731,0.6840279,17.602190404658344,17.602190401571466,0.0,0.0,0.0,0.0,0.0,0.0,0.0,0.0,3.3242849e-12,0.0
3728,6842.9443,16.414284,0.87310565,17.59932987026419,17.59932986778787,0.0,0.0,0.0,0.0,0.0,0.0,0.0,0.0,2.3659284e-12,0.0
3729,6844.519,16.204771,0.6134835,17.596468684448723,17.59646868246502,0.0,0.0,0.0,0.0,0.0,0.0,0.0,0.0,1.6802915e-12,0.0
3730,6846.0967,17.243635,0.49486178,17.593603301914015,17.593603300327604,0.0,0.0,0.0,0.0,0.0,0.0,0.0,0.0,1.1903126e-12,0.0
3731,6847.6714,18.676964,0.47802922,17.59074436403085,17.59074436276321,0.0,0.0,0.0,0.0,0.0,0.0,0.0,0.0,8.421412e-13,0.0
3732,6849.2515,19.4948,0.48423055,17.587876802325894,17.587876801314973,0.0,0.0,0.0,0.0,0.0,0.0,0.0,0.0,5.9396867e-13,0.0
3733,6850.8267,17.111105,0.6497443,17.58501922563136,17.58501922482552,0.0,0.0,0.0,0.0,0.0,0.0,0.0,0.0,4.1858167e-13,0.0
3734,6852.4067,15.327533,0.9964047,17.582153917322135,17.58215391668089,0.0,0.0,0.0,0.0,0.0,0.0,0.0,0.0,2.940992e-13,0.0
3735,6853.983,17.400158,0.8768353,17.579296815790254,17.579296815280145,0.0,0.0,0.0,0.0,0.0,0.0,0.0,0.0,2.0642086e-13,0.0
3736,6855.559,16.67725,0.50582165,17.57644083536004,17.57644083495449,0.0,0.0,0.0,0.0,0.0,0.0,0.0,0.0,1.4460553e-13,0.0
3737,6857.14,16.779848,0.43999016,17.573577133016727,17.573577132694602,0.0,0.0,0.0,0.0,0.0,0.0,0.0,0.0,1.00995235e-13,0.0
3738,6858.718,16.856174,0.42929348,17.57072074449975,17.570720744243637,0.0,0.0,0.0,0.0,0.0,0.0,0.0,0.0,7.0456566e-14,0.0
3739,6860.2993,16.959658,0.4266054,17.56785840876875,17.567858408564938,0.0,0.0,0.0,0.0,0.0,0.0,0.0,0.0,4.901429e-14,0.0
3740,6861.8774,17.160538,0.43433198,17.565003381288054,17.565003381125283,0.0,0.0,0.0,0.0,0.0,0.0,0.0,0.0,3.4058744e-14,0.0
3741,6863.4604,16.856346,0.42116404,17.562140645755086,17.562140645624464,0.0,0.0,0.0,0.0,0.0,0.0,0.0,0.0,2.3594504e-14,0.0
3742,6865.039,15.95033,0.41823864,17.559286979279698,17.559286979173848,0.0,0.0,0.0,0.0,0.0,0.0,0.0,0.0,1.6330533e-14,0.0
3743,6866.6216,17.783552,0.441711,17.55642737527847,17.556427375191504,0.0,0.0,0.0,0.0,0.0,0.0,0.0,0.0,1.1270909e-14,0.0
3744,6868.2017,16.929045,0.44202748,17.55357330479099,17.55357330471797,0.0,0.0,0.0,0.0,0.0,0.0,0.0,0.0,7.768392e-15,0.0
3745,6869.7812,15.967947,0.4131671,17.55072123610022,17.55072123603703,0.0,0.0,0.0,0.0,0.0,0.0,0.0,0.0,5.3446343e-15,0.0
3746,6871.3657,16.532059,0.42076945,17.54786147526741,17.547861475210546,0.0,0.0,0.0,0.0,0.0,0.0,0.0,0.0,3.665793e-15,0.0
3747,6872.9463,17.08821,0.44052675,17.545009885712588,17.545009885658896,0.0,0.0,0.0,0.0,0.0,0.0,0.0,0.0,2.5117832e-15,0.0
3748,6874.531,16.891766,0.4341657,17.542152371760373,17.54215237170697,0.0,0.0,0.0,0.0,0.0,0.0,0.0,0.0,1.7161509e-15,0.0
3749,6876.113,17.408424,0.43291676,17.539300381936773,17.539300381880857,0.0,0.0,0.0,0.0,0.0,0.0,0.0,0.0,1.1709697e-15,0.0
3750,6877.6987,17.600708,0.4430705,17.536442473929817,17.536442473868547,0.0,0.0,0.0,0.0,0.0,0.0,0.0,0.0,7.966821e-16,0.0
3751,6879.281,17.816029,0.5121666,17.53359272540588,17.53359272533627,0.0,0.0,0.0,0.0,0.0,0.0,0.0,0.0,5.415044e-16,0.0
3752,6880.863,17.702616,0.6179816,17.530744095104716,17.530744095023465,0.0,0.0,0.0,0.0,0.0,0.0,0.0,0.0,3.6735043e-16,0.0
3753,6882.45,17.069984,0.57498884,17.527886916752088,17.527886916655394,0.0,0.0,0.0,0.0,0.0,0.0,0.0,0.0,2.483968e-16,0.0
3754,6884.033,17.499353,0.47277635,17.52503876791448,17.525038767798023,0.0,0.0,0.0,0.0,0.0,0.0,0.0,0.0,1.6781999e-16,0.0
3755,6885.62,17.577919,0.46852604,17.522184712602968,17.522184712461534,0.0,0.0,0.0,0.0,0.0,0.0,0.0,0.0,1.1305261e-16,0.0
3756,6887.2046,17.721895,0.53026026,17.519336167894842,17.51933616772232,0.0,0.0,0.0,0.0,0.0,0.0,0.0,0.0,7.605731e-17,0.0
3757,6888.7925,17.527252,0.63987815,17.516482600217785,17.516482600006697,0.0,0.0,0.0,0.0,0.0,0.0,0.0,0.0,5.1025854e-17,0.0
3758,6890.378,17.269094,0.65063334,17.513634539680055,17.51363453942154,0.0,0.0,0.0,0.0,0.0,0.0,0.0,0.0,3.4187166e-17,0.0
3759,6891.963,17.539751,0.50310516,17.510788473940394,17.51078847362369,0.0,0.0,0.0,0.0,0.0,0.0,0.0,0.0,2.2863919e-17,0.0
3760,6893.552,17.844885,0.4493542,17.507936514795585,17.507936514407472,0.0,0.0,0.0,0.0,0.0,0.0,0.0,0.0,1.5246348e-17,0.0
3761,6895.138,17.799288,0.4404783,17.505090056914348,17.505090056439116,0.0,0.0,0.0,0.0,0.0,0.0,0.0,0.0,1.0153351e-17,0.0
3762,6896.7275,17.099937,0.436853,17.502239462987532,17.502239462405843,0.0,0.0,0.0,0.0,0.0,0.0,0.0,0.0,6.7434435e-18,0.0
3763,6898.315,17.137436,0.43498358,17.49939349093943,17.499393490228233,0.0,0.0,0.0,0.0,0.0,0.0,0.0,0.0,4.4723025e-18,0.0
3764,6899.9053,17.409443,0.44761744,17.496543386965364,17.496543386096345,0.0,0.0,0.0,0.0,0.0,0.0,0.0,0.0,2.9580645e-18,0.0
3765,6901.4917,16.957956,0.44795614,17.493701400327804,17.493701399267543,0.0,0.0,0.0,0.0,0.0,0.0,0.0,0.0,1.9547064e-18,0.0
3766,6903.0806,17.307076,0.46089137,17.490856157345014,17.490856156052388,0.0,0.0,0.0,0.0,0.0,0.0,0.0,0.0,1.2883597e-18,0.0
3767,6904.672,17.18768,0.47452137,17.488007662481706,17.488007660906998,0.0,0.0,0.0,0.0,0.0,0.0,0.0,0.0,8.4696956e-19,0.0
3768,6906.2603,17.687265,0.46996853,17.485165528971233,17.48516552705566,0.0,0.0,0.0,0.0,0.0,0.0,0.0,0.0,5.5614744e-19,0.0
3769,6907.853,17.632069,0.4533745,17.482316652231443,17.482316649902515,0.0,0.0,0.0,0.0,0.0,0.0,0.0,0.0,3.6404927e-19,0.0
3770,6909.4424,17.140053,0.44144222,17.479475006254493,17.47947500342731,0.0,0.0,0.0,0.0,0.0,0.0,0.0,0.0,2.3805632e-19,0.0
3771,6911.0356,17.354597,0.4656559,17.476627495731652,17.476627492301755,0.0,0.0,0.0,0.0,0.0,0.0,0.0,0.0,1.5520257e-19,0.0
3772,6912.6255,17.75251,0.5083609,17.47378721049823,17.47378720634344,0.0,0.0,0.0,0.0,0.0,0.0,0.0,0.0,1.0108165e-19,0.0
3773,6914.216,17.51994,0.47018564,17.47094716821004,17.470947163182398,0.0,0.0,0.0,0.0,0.0,0.0,0.0,0.0,6.569659e-20,0.0
3774,6915.8096,17.609066,0.46782058,17.468102140425167,17.468102134345536,0.0,0.0,0.0,0.0,0.0,0.0,0.0,0.0,4.2575616e-20,0.0
3775,6917.4014,17.303305,0.456982,17.465261716046427,17.465261708704492,0.0,0.0,0.0,0.0,0.0,0.0,0.0,0.0,2.7552714e-20,0.0
3776,6918.996,17.093222,0.44790372,17.46241718248726,17.462417173627646,0.0,0.0,0.0,0.0,0.0,0.0,0.0,0.0,1.7781633e-20,0.0
3777,6920.588,17.741335,0.48947963,17.459578990540606,17.459578979865068,0.0,0.0,0.0,0.0,0.0,0.0,0.0,0.0,1.14625245e-20,0.0
3778,6922.184,17.76946,0.53388715,17.456734081942322,17.45673406908622,0.0,0.0,0.0,0.0,0.0,0.0,0.0,0.0,7.365669e-21,0.0
3779,6923.776,17.383896,0.49631593,17.453898120903286,17.453898105446164,0.0,0.0,0.0,0.0,0.0,0.0,0.0,0.0,4.7295994e-21,0.0
3780,6925.369,17.43685,0.45014897,17.451060664610743,17.451060646043626,0.0,0.0,0.0,0.0,0.0,0.0,0.0,0.0,3.0297796e-21,0.0
3781,6926.9663,17.188086,0.46152383,17.448217370178405,17.44821734789012,0.0,0.0,0.0,0.0,0.0,0.0,0.0,0.0,1.9349616e-21,0.0
3782,6928.56,17.047241,0.56324863,17.44538127618321,17.445381249467793,0.0,0.0,0.0,0.0,0.0,0.0,0.0,0.0,1.2345244e-21,0.0
3783,6930.157,17.418425,0.6207521,17.44254021744133,17.442540185442255,0.0,0.0,0.0,0.0,0.0,0.0,0.0,0.0,7.853402e-22,0.0
3784,6931.751,16.768854,0.537542,17.43970635324874,17.439706314977784,0.0,0.0,0.0,0.0,0.0,0.0,0.0,0.0,4.991012e-22,0.0
3785,6933.35,17.550528,0.48615804,17.436864057213533,17.43686401146403,0.0,0.0,0.0,0.0,0.0,0.0,0.0,0.0,3.1608233e-22,0.0
3786,6934.945,17.518904,0.44175896,17.434030687411333,17.43403063280862,0.0,0.0,0.0,0.0,0.0,0.0,0.0,0.0,2.0003468e-22,0.0
3787,6936.5405,17.07329,0.4257913,17.431196696926055,17.431196631821063,0.0,0.0,0.0,0.0,0.0,0.0,0.0,0.0,1.2631054e-22,0.0
3788,6938.1396,16.96286,0.43189603,17.42835775399092,17.4283576764195,0.0,0.0,0.0,0.0,0.0,0.0,0.0,0.0,7.9522783e-23,0.0
3789,6939.736,17.052595,0.43092138,17.425525127851376,17.425525035556934,0.0,0.0,0.0,0.0,0.0,0.0,0.0,0.0,5.0010528e-23,0.0
3790,6941.3364,16.95581,0.461042,17.422685822074598,17.422685712330413,0.0,0.0,0.0,0.0,0.0,0.0,0.0,0.0,3.1348723e-23,0.0
3791,6942.9326,17.143568,0.44447052,17.4198554274943,17.419855297205235,0.0,0.0,0.0,0.0,0.0,0.0,0.0,0.0,1.9637447e-23,0.0
3792,6944.534,17.360016,0.43771753,17.41701662840422,17.417016473803834,0.0,0.0,0.0,0.0,0.0,0.0,0.0,0.0,1.22576655e-23,0.0
3793,6946.132,17.705053,0.4358338,17.41418587053911,17.41418568736695,0.0,0.0,0.0,0.0,0.0,0.0,0.0,0.0,7.645003e-24,0.0
3794,6947.7295,17.452923,0.4351134,17.411356228671995,17.411356011883615,0.0,0.0,0.0,0.0,0.0,0.0,0.0,0.0,4.7587478e-24,0.0
3795,6949.332,16.59391,0.42962995,17.408519060031402,17.408518803604373,0.0,0.0,0.0,0.0,0.0,0.0,0.0,0.0,2.952036e-24,0.0
3796,6950.93,17.353971,0.4510237,17.40569079022379,17.405690487378596,0.0,0.0,0.0,0.0,0.0,0.0,0.0,0.0,1.8300615e-24,0.0
3797,6952.534,17.788754,0.46030915,17.402853274685,17.402852917189747,0.0,0.0,0.0,0.0,0.0,0.0,0.0,0.0,1.1302886e-24,0.0
3798,6954.1323,16.853867,0.45207676,17.400027244747474,17.400026823451935,0.0,0.0,0.0,0.0,0.0,0.0,0.0,0.0,6.9794893e-25,0.0
3799,6955.736,16.593193,0.46162558,17.397192841675256,17.397192345457277,0.0,0.0,0.0,0.0,0.0,0.0,0.0,0.0,4.2943157e-25,0.0
3800,6957.337,17.216146,0.44560975,17.394363879133287,17.394363295445622,0.0,0.0,0.0,0.0,0.0,0.0,0.0,0.0,2.6389384e-25,0.0
3801,6958.9365,17.257408,0.4346364,17.39153862883611,17.391537943100296,0.0,0.0,0.0,0.0,0.0,0.0,0.0,0.0,1.6192174e-25,0.0
3802,6960.542,17.04013,0.42847455,17.38870416093854,17.388703355708028,0.0,0.0,0.0,0.0,0.0,0.0,0.0,0.0,9.89785e-26,0.0
3803,6962.143,18.32907,0.44625172,17.38587858233373,17.385877638217465,0.0,0.0,0.0,0.0,0.0,0.0,0.0,0.0,6.0464894e-26,0.0
3804,6963.749,17.667496,0.4762766,17.383045523266205,17.383044416964808,0.0,0.0,0.0,0.0,0.0,0.0,0.0,0.0,3.680906e-26,0.0
3805,6965.3506,17.47858,0.4622707,17.380221353206064,17.380220058808657,0.0,0.0,0.0,0.0,0.0,0.0,0.0,0.0,2.2394319e-26,0.0
3806,6966.9565,17.70731,0.51586396,17.37739057702812,17.37738906352855,0.0,0.0,0.0,0.0,0.0,0.0,0.0,0.0,1.3579006e-26,0.0
3807,6968.5596,16.903587,0.5217424,17.374566110446626,17.37456434315222,0.0,0.0,0.0,0.0,0.0,0.0,0.0,0.0,8.224969e-27,0.0
3808,6970.162,17.708294,0.4980503,17.371743652747337,17.371741591397605,0.0,0.0,0.0,0.0,0.0,0.0,0.0,0.0,4.972869e-27,0.0
3809,6971.7705,17.42298,0.5078062,17.368912035344803,17.368909632230608,0.0,0.0,0.0,0.0,0.0,0.0,0.0,0.0,2.9951465e-27,0.0
3810,6973.374,16.879837,0.5290952,17.366090177345374,17.36608738009028,0.0,0.0,0.0,0.0,0.0,0.0,0.0,0.0,1.8031712e-27,0.0
3811,6974.9814,17.22092,0.5095646,17.363262617946447,17.36325936416503,0.0,0.0,0.0,0.0,0.0,0.0,0.0,0.0,1.0820755e-27,0.0
3812,6976.5864,17.653635,0.466983,17.36044053295253,17.360436753024565,0.0,0.0,0.0,0.0,0.0,0.0,0.0,0.0,6.4856673e-28,0.0
3813,6978.195,17.062744,0.4606107,17.357613630253695,17.357609242354215,0.0,0.0,0.0,0.0,0.0,0.0,0.0,0.0,3.87537e-28,0.0
3814,6979.801,16.802443,0.45908356,17.354792220170683,17.35478713305986,0.0,0.0,0.0,0.0,0.0,0.0,0.0,0.0,2.3128536e-28,0.0
3815,6981.41,17.727068,0.44640183,17.35196602228064,17.351960128923228,0.0,0.0,0.0,0.0,0.0,0.0,0.0,0.0,1.376072e-28,0.0
3816,6983.0156,17.846655,0.46045136,17.349147912131784,17.349141094361684,0.0,0.0,0.0,0.0,0.0,0.0,0.0,0.0,8.181246e-29,0.0
3817,6984.6226,17.037151,0.4569909,17.346328475016307,17.34632059508145,0.0,0.0,0.0,0.0,0.0,0.0,0.0,0.0,4.8521115e-29,0.0
3818,6986.233,16.9823,0.49330345,17.34350430809242,17.343495207305537,0.0,0.0,0.0,0.0,0.0,0.0,0.0,0.0,2.8687557e-29,0.0
3819,6987.8403,18.161192,0.48356807,17.3406865649475,17.340676067913446,0.0,0.0,0.0,0.0,0.0,0.0,0.0,0.0,1.6943603e-29,0.0
3820,6989.4517,17.77737,0.48152897,17.33786328716124,17.337851188173232,0.0,0.0,0.0,0.0,0.0,0.0,0.0,0.0,9.974624e-30,0.0
3821,6991.059,17.640186,0.48676416,17.335048189847043,17.335034263781495,0.0,0.0,0.0,0.0,0.0,0.0,0.0,0.0,5.867851e-30,0.0
3822,6992.6714,17.497704,0.4592983,17.332225911820775,17.332209892674133,0.0,0.0,0.0,0.0,0.0,0.0,0.0,0.0,3.4394927e-30,0.0
3823,6994.2803,17.308725,0.4412602,17.329411018832293,17.32939261665128,0.0,0.0,0.0,0.0,0.0,0.0,0.0,0.0,2.0143518e-30,0.0
3824,6995.889,17.300253,0.43826166,17.326597564190006,17.326576446386962,0.0,0.0,0.0,0.0,0.0,0.0,0.0,0.0,1.1773659e-30,0.0
3825,6997.5024,17.59514,0.43759006,17.32377791170636,17.323753693605045,0.0,0.0,0.0,0.0,0.0,0.0,0.0,0.0,6.8577757e-31,0.0
3826,6999.1123,17.931452,0.44979233,17.320965764896847,17.320938028127877,0.0,0.0,0.0,0.0,0.0,0.0,0.0,0.0,3.991021e-31,0.0
3827,7000.726,17.92074,0.45019332,17.318148383903427,17.318116639642504,0.0,0.0,0.0,0.0,0.0,0.0,0.0,0.0,2.3149772e-31,0.0
3828,7002.3364,17.74959,0.4503907,17.315338616042887,17.315302333054156,0.0,0.0,0.0,0.0,0.0,0.0,0.0,0.0,1.3416574e-31,0.0
3829,7003.952,17.610847,0.43744418,17.312521195962336,17.312479749612113,0.0,0.0,0.0,0.0,0.0,0.0,0.0,0.0,7.7459835e-32,0.0
3830,7005.5625,17.751463,0.44124663,17.309714929691843,17.3096676546702,0.0,0.0,0.0,0.0,0.0,0.0,0.0,0.0,4.471315e-32,0.0
3831,7007.1743,18.000198,0.44279557,17.30690798091044,17.30685410618415,0.0,0.0,0.0,0.0,0.0,0.0,0.0,0.0,2.5746045e-32,0.0
3832,7008.7905,17.601665,0.50560045,17.304095350215114,17.304033995498806,0.0,0.0,0.0,0.0,0.0,0.0,0.0,0.0,1.4772645e-32,0.0
3833,7010.4023,17.703375,0.50532824,17.301292435210478,17.30122265787474,0.0,0.0,0.0,0.0,0.0,0.0,0.0,0.0,8.472155e-33,0.0
3834,7012.0205,17.652252,0.46694005,17.29848067334373,17.298401358057017,0.0,0.0,0.0,0.0,0.0,0.0,0.0,0.0,4.8384244e-33,0.0
3835,7013.633,17.206778,0.48077524,17.295681402770967,17.29559137904998,0.0,0.0,0.0,0.0,0.0,0.0,0.0,0.0,2.7632739e-33,0.0
3836,7015.2505,17.259779,0.5141655,17.292875264019795,17.29277314682052,0.0,0.0,0.0,0.0,0.0,0.0,0.0,0.0,1.5720413e-33,0.0
3837,7016.864,18.009628,0.53272635,17.29007935339344,17.28996367485691,0.0,0.0,0.0,0.0,0.0,0.0,0.0,0.0,8.939129e-34,0.0
3838,7018.478,17.576687,0.5101321,17.287284524056826,17.287153605394064,0.0,0.0,0.0,0.0,0.0,0.0,0.0,0.0,5.0711446e-34,0.0
3839,7020.097,18.13788,0.538538,17.28448421615779,17.284336143828323,0.0,0.0,0.0,0.0,0.0,0.0,0.0,0.0,2.8661564e-34,0.0
3840,7021.7124,17.581192,0.55020964,17.28169383971404,17.28152658429322,0.0,0.0,0.0,0.0,0.0,0.0,0.0,0.0,1.6189072e-34,0.0
3841,7023.3315,17.72598,0.55435234,17.278900126396245,17.278711336934855,0.0,0.0,0.0,0.0,0.0,0.0,0.0,0.0,9.113104e-35,0.0
3842,7024.947,18.39417,0.52499056,17.276116805339296,17.275903984888753,0.0,0.0,0.0,0.0,0.0,0.0,0.0,0.0,5.126713e-35,0.0
3843,7026.5664,18.094995,0.45153233,17.273329849113555,17.273090100824096,0.0,0.0,0.0,0.0,0.0,0.0,0.0,0.0,2.8737855e-35,0.0
3844,7028.183,18.38344,0.4563197,17.270552166278797,17.270282410383082,0.0,0.0,0.0,0.0,0.0,0.0,0.0,0.0,1.6093562e-35,0.0
3845,7029.8,18.05387,0.45055383,17.267779039506912,17.26747582194779,0.0,0.0,0.0,0.0,0.0,0.0,0.0,0.0,8.9945335e-36,0.0
3846,7031.421,18.352152,0.4489319,17.265003309233858,17.26466271042386,0.0,0.0,0.0,0.0,0.0,0.0,0.0,0.0,5.0088482e-36,0.0
3847,7033.039,18.486984,0.49174193,17.262237915013166,17.261855786463194,0.0,0.0,0.0,0.0,0.0,0.0,0.0,0.0,2.786653e-36,0.0
3848,7034.6606,18.354584,0.48470783,17.259472439943206,17.259044039009463,0.0,0.0,0.0,0.0,0.0,0.0,0.0,0.0,1.5452893e-36,0.0
3849,7036.279,18.242098,0.4544557,17.256719007082186,17.25623932057167,0.0,0.0,0.0,0.0,0.0,0.0,0.0,0.0,8.562527e-37,0.0
3850,7037.9014,17.31659,0.44704774,17.25396483574404,17.253428090271694,0.0,0.0,0.0,0.0,0.0,0.0,0.0,0.0,4.727379e-37,0.0
3851,7039.5205,18.09815,0.46197864,17.251223742753954,17.250623884286487,0.0,0.0,0.0,0.0,0.0,0.0,0.0,0.0,2.6079788e-37,0.0
3852,7041.1396,18.387989,0.47388643,17.248490513378695,17.247820778826192,0.0,0.0,0.0,0.0,0.0,0.0,0.0,0.0,1.4358636e-37,0.0
3853,7042.7637,18.25462,0.48241118,17.245757587703306,17.24501032491204,0.0,0.0,0.0,0.0,0.0,0.0,0.0,0.0,7.875087e-38,0.0
3854,7044.3843,18.737753,0.4784082,17.24303964466838,17.2422068882692,0.0,0.0,0.0,0.0,0.0,0.0,0.0,0.0,4.3159188e-38,0.0
3855,7046.008,19.257446,0.46643266,17.240326790834608,17.239399487091525,0.0,0.0,0.0,0.0,0.0,0.0,0.0,0.0,2.357973e-38,0.0
3856,7047.6294,17.608133,0.4481797,17.237628007777783,17.236596564999598,0.0,0.0,0.0,0.0,0.0,0.0,0.0,0.0,1.2865842e-38,0.0
3857,7049.254,18.448734,0.44977137,17.234936058439654,17.23378968230669,0.0,0.0,0.0,0.0,0.0,0.0,0.0,0.0,6.998127e-39,0.0
3858,7050.8755,18.338345,0.46583477,17.232261595779015,17.230988962340085,0.0,0.0,0.0,0.0,0.0,0.0,0.0,0.0,3.802963e-39,0.0
3859,7052.4985,18.128265,0.45658287,17.229598368230256,17.22818681289533,0.0,0.0,0.0,0.0,0.0,0.0,0.0,0.0,2.06132e-39,0.0
3860,7054.1245,18.218834,0.4574759,17.22694511809293,17.225380708741955,0.0,0.0,0.0,0.0,0.0,0.0,0.0,0.0,1.113776e-39,0.0
3861,7055.7476,17.791546,0.44255993,17.22431257330349,17.222580761280863,0.0,0.0,0.0,0.0,0.0,0.0,0.0,0.0,6.01287e-40,0.0
3862,7057.374,17.635784,0.44058865,17.221691695685763,17.21977601986498,0.0,0.0,0.0,0.0,0.0,0.0,0.0,0.0,3.23525e-40,0.0
3863,7058.997,17.549273,0.44181892,17.219094831979486,17.216978271974835,0.0,0.0,0.0,0.0,0.0,0.0,0.0,0.0,1.73928e-40,0.0
3864,7060.6255,18.275873,0.45171043,17.216509380856294,17.21417236864916,0.0,0.0,0.0,0.0,0.0,0.0,0.0,0.0,9.312e-41,0.0
3865,7062.25,18.381207,0.46003,17.213951612595093,17.211374296346303,0.0,0.0,0.0,0.0,0.0,0.0,0.0,0.0,4.9846e-41,0.0
3866,7063.875,18.342047,0.47230875,17.211416152948445,17.208576481733402,0.0,0.0,0.0,0.0,0.0,0.0,0.0,0.0,2.664e-41,0.0
3867,7065.503,19.106188,0.47398558,17.20890097612244,17.205774724145503,0.0,0.0,0.0,0.0,0.0,0.0,0.0,0.0,1.4149e-41,0.0
3868,7067.1284,18.54427,0.4695145,17.20641620737558,17.20297826734429,0.0,0.0,0.0,0.0,0.0,0.0,0.0,0.0,7.518e-42,0.0
3869,7068.759,18.370771,0.5368147,17.20395263830887,17.200174512683766,0.0,0.0,0.0,0.0,0.0,0.0,0.0,0.0,3.966e-42,0.0
3870,7070.3843,17.892948,0.5368747,17.201527053368302,17.19738025345749,0.0,0.0,0.0,0.0,0.0,0.0,0.0,0.0,2.131e-42,0.0
3871,7072.015,17.720333,0.4784108,17.199126316451498,17.194577862725623,0.0,0.0,0.0,0.0,0.0,0.0,0.0,0.0,1.125e-42,0.0
3872,7073.642,17.808645,0.4910796,17.196766385933604,17.191783283030833,0.0,0.0,0.0,0.0,0.0,0.0,0.0,0.0,5.91e-43,0.0
3873,7075.2686,17.588907,0.5169966,17.194444527532994,17.188990638274788,0.0,0.0,0.0,0.0,0.0,0.0,0.0,0.0,2.96e-43,0.0
3874,7076.9004,17.571545,0.5093397,17.192155046791072,17.186189872149612,0.0,0.0,0.0,0.0,0.0,0.0,0.0,0.0,1.78e-43,0.0
3875,7078.529,17.719845,0.48542735,17.18991295401273,17.183396070862987,0.0,0.0,0.0,0.0,0.0,0.0,0.0,0.0,5.9e-44,0.0
3876,7080.1616,17.7417,0.4879343,17.187710275100212,17.18059583117221,0.0,0.0,0.0,0.0,0.0,0.0,0.0,0.0,5.9e-44,0.0
3877,7081.7896,17.644337,0.52613175,17.185562353084844,17.17780506235273,0.0,0.0,0.0,0.0,0.0,0.0,0.0,0.0,0.0,0.0
3878,7083.4224,18.148443,0.8331635,17.18345927866424,17.175007022454093,0.0,0.0,0.0,0.0,0.0,0.0,0.0,0.0,0.0,0.0
3879,7085.0527,17.727179,1.455241,17.18141369264644,17.172214264274356,0.0,0.0,0.0,0.0,0.0,0.0,0.0,0.0,0.0,0.0
3880,7086.682,13.398838,1.6516875,17.17942678601602,17.169424274462553,0.0,0.0,0.0,0.0,0.0,0.0,0.0,0.0,0.0,0.0
3881,7088.3164,19.903303,1.5387733,17.1774949459163,17.16662702334947,0.0,0.0,0.0,0.0,0.0,0.0,0.0,0.0,0.0,0.0
3882,7089.947,16.20876,2.0701666,17.17563204638576,17.163837554714735,0.0,0.0,0.0,0.0,0.0,0.0,0.0,0.0,0.0,0.0
3883,7091.582,12.438867,1.8443828,17.17383164440231,17.16104083129154,0.0,0.0,0.0,0.0,0.0,0.0,0.0,0.0,0.0,0.0
3884,7093.214,14.891198,0.96752566,17.172106610190106,17.158251050438714,0.0,0.0,0.0,0.0,0.0,0.0,0.0,0.0,0.0,0.0
3885,7094.8486,17.90624,0.7480613,17.170453938896824,17.155457359048594,0.0,0.0,0.0,0.0,0.0,0.0,0.0,0.0,0.0,0.0
3886,7096.4814,20.075975,1.126813,17.168882448293765,17.152668101780613,0.0,0.0,0.0,0.0,0.0,0.0,0.0,0.0,0.0,0.0
3887,7098.114,14.857988,2.5212808,17.167394437609612,17.149880773170292,0.0,0.0,0.0,0.0,0.0,0.0,0.0,0.0,0.0,0.0
3888,7099.7505,13.837007,2.0558658,17.165989726015155,17.14708703865928,0.0,0.0,0.0,0.0,0.0,0.0,0.0,0.0,0.0,0.0
3889,7101.384,16.897844,0.653158,17.16467911586107,17.144300233795654,0.0,0.0,0.0,0.0,0.0,0.0,0.0,0.0,0.0,0.0
3890,7103.0215,18.107897,0.59472424,17.16346049614887,17.141507028869196,0.0,0.0,0.0,0.0,0.0,0.0,0.0,0.0,0.0,0.0
3891,7104.656,15.948809,0.6119887,17.16234386340087,17.138720748949105,0.0,0.0,0.0,0.0,0.0,0.0,0.0,0.0,0.0,0.0
3892,7106.2935,17.34851,0.660821,17.161328667431366,17.13592973875929,0.0,0.0,0.0,0.0,0.0,0.0,0.0,0.0,0.0,0.0
3893,7107.928,18.384295,0.9802405,17.160423019494264,17.133144815977065,0.0,0.0,0.0,0.0,0.0,0.0,0.0,0.0,0.0,0.0
3894,7109.568,16.537567,0.99215,17.159626886870264,17.13035267281115,0.0,0.0,0.0,0.0,0.0,0.0,0.0,0.0,0.0,0.0
3895,7111.2036,15.928369,0.7032109,17.158948724868548,17.127568276378167,0.0,0.0,0.0,0.0,0.0,0.0,0.0,0.0,0.0,0.0
3896,7112.84,17.147537,0.6991294,17.15839036586007,17.124784142098033,0.0,0.0,0.0,0.0,0.0,0.0,0.0,0.0,0.0,0.0
3897,7114.479,17.38003,0.697894,17.157955302701403,17.121996118531634,0.0,0.0,0.0,0.0,0.0,0.0,0.0,0.0,0.0,0.0
3898,7116.1157,17.259533,0.5973905,17.15764889337111,17.11921334110189,0.0,0.0,0.0,0.0,0.0,0.0,0.0,0.0,0.0,0.0
3899,7117.7573,17.492594,0.562463,17.157473796648148,17.11642335881031,0.0,0.0,0.0,0.0,0.0,0.0,0.0,0.0,0.0,0.0
3900,7119.394,16.677786,0.60253686,17.157434676904636,17.113642768133836,0.0,0.0,0.0,0.0,0.0,0.0,0.0,0.0,0.0,0.0
3901,7121.0366,16.572376,0.59422,17.157534865341937,17.110853319667136,0.0,0.0,0.0,0.0,0.0,0.0,0.0,0.0,0.0,0.0
3902,7122.6743,17.115828,0.63856274,17.157777103852105,17.108073256235194,0.0,0.0,0.0,0.0,0.0,0.0,0.0,0.0,0.0,0.0
3903,7124.313,16.856922,0.6254693,17.15816480762729,17.10529262668857,0.0,0.0,0.0,0.0,0.0,0.0,0.0,0.0,0.0,0.0
3904,7125.956,16.950602,0.59988,17.158702340340888,17.102505635834014,0.0,0.0,0.0,0.0,0.0,0.0,0.0,0.0,0.0,0.0
3905,7127.5947,17.581528,0.56343204,17.159389410251308,17.099727191114354,0.0,0.0,0.0,0.0,0.0,0.0,0.0,0.0,0.0,0.0
3906,7129.2393,17.19491,0.5526844,17.160232820473222,17.096939907334356,0.0,0.0,0.0,0.0,0.0,0.0,0.0,0.0,0.0,0.0
3907,7130.8784,18.146984,0.6673541,17.161228892020485,17.094162818602822,0.0,0.0,0.0,0.0,0.0,0.0,0.0,0.0,0.0,0.0
3908,7132.523,18.8281,0.700403,17.162385795971645,17.091377724668277,0.0,0.0,0.0,0.0,0.0,0.0,0.0,0.0,0.0,0.0
3909,7134.164,16.515337,0.8030269,17.16369896483602,17.08859951150598,0.0,0.0,0.0,0.0,0.0,0.0,0.0,0.0,0.0,0.0
3910,7135.8047,14.858068,2.4389038,17.165171108515356,17.08582321491966,0.0,0.0,0.0,0.0,0.0,0.0,0.0,0.0,0.0,0.0
3911,7137.4507,10.887148,5.4860325,17.166808744383754,17.083038923753204,0.0,0.0,0.0,0.0,0.0,0.0,0.0,0.0,0.0,0.0
3912,7139.0923,11.805795,4.336702,17.168602426542844,17.08026315738162,0.0,0.0,0.0,0.0,0.0,0.0,0.0,0.0,0.0,0.0
3913,7140.7383,15.922112,1.6780711,17.17056147756425,17.077481053791914,0.0,0.0,0.0,0.0,0.0,0.0,0.0,0.0,0.0,0.0
3914,7142.3813,18.18117,0.8613578,17.17267660406525,17.074704993340323,0.0,0.0,0.0,0.0,0.0,0.0,0.0,0.0,0.0,0.0
3915,7144.0283,17.123459,0.6460478,17.174955583411762,17.071923426586697,0.0,0.0,0.0,0.0,0.0,0.0,0.0,0.0,0.0,0.0
3916,7145.672,17.148739,0.62904066,17.17738662302637,17.06914872318649,0.0,0.0,0.0,0.0,0.0,0.0,0.0,0.0,0.0,0.0
3917,7147.316,16.71362,0.580965,17.17997296687078,17.066374284884446,0.0,0.0,0.0,0.0,0.0,0.0,0.0,0.0,0.0,0.0
3918,7148.9644,17.39029,0.49642628,17.182718718632632,17.06359352378505,0.0,0.0,0.0,0.0,0.0,0.0,0.0,0.0,0.0,0.0
3919,7150.609,17.16125,0.47050712,17.185607013010305,17.060820442342084,0.0,0.0,0.0,0.0,0.0,0.0,0.0,0.0,0.0,0.0
3920,7152.258,16.73205,0.49291807,17.188648827009146,17.058041043214743,0.0,0.0,0.0,0.0,0.0,0.0,0.0,0.0,0.0,0.0
3921,7153.903,17.524778,0.5209267,17.191824795830975,17.055269317854176,0.0,0.0,0.0,0.0,0.0,0.0,0.0,0.0,0.0,0.0
3922,7155.5527,16.041996,0.59889334,17.195147350225696,17.052490457687625,0.0,0.0,0.0,0.0,0.0,0.0,0.0,0.0,0.0,0.0
3923,7157.1997,16.021637,0.8886191,17.19859594328707,17.049717622235473,0.0,0.0,0.0,0.0,0.0,0.0,0.0,0.0,0.0,0.0
3924,7158.846,17.605797,0.819714,17.20216975376027,17.046946697086266,0.0,0.0,0.0,0.0,0.0,0.0,0.0,0.0,0.0,0.0
3925,7160.497,17.488306,0.5458687,17.20587375491534,17.044169467982396,0.0,0.0,0.0,0.0,0.0,0.0,0.0,0.0,0.0,0.0
3926,7162.1445,16.63515,0.49997586,17.20968422432738,17.04139907797175,0.0,0.0,0.0,0.0,0.0,0.0,0.0,0.0,0.0,0.0
3927,7163.7954,17.464466,0.5271947,17.213610169919665,17.038624030979808,0.0,0.0,0.0,0.0,0.0,0.0,0.0,0.0,0.0,0.0
3928,7165.444,16.760164,0.50243264,17.217630491593326,17.035854176619495,0.0,0.0,0.0,0.0,0.0,0.0,0.0,0.0,0.0,0.0
3929,7167.0967,17.051003,0.48703578,17.221754610569924,17.03307802978322,0.0,0.0,0.0,0.0,0.0,0.0,0.0,0.0,0.0,0.0
3930,7168.7446,16.184536,0.59179723,17.225951556968667,17.030311171817758,0.0,0.0,0.0,0.0,0.0,0.0,0.0,0.0,0.0,0.0
3931,7170.3945,15.84048,0.9539304,17.230230517785863,17.027542121808843,0.0,0.0,0.0,0.0,0.0,0.0,0.0,0.0,0.0,0.0
3932,7172.0474,16.753075,1.079338,17.234586103103634,17.024769244931218,0.0,0.0,0.0,0.0,0.0,0.0,0.0,0.0,0.0,0.0
3933,7173.6973,17.68458,0.6881835,17.23899452521642,17.022002370498974,0.0,0.0,0.0,0.0,0.0,0.0,0.0,0.0,0.0,0.0
3934,7175.352,17.924238,0.57738554,17.243468209558724,17.019228398257493,0.0,0.0,0.0,0.0,0.0,0.0,0.0,0.0,0.0,0.0
3935,7177.0024,16.218723,0.61387414,17.247973519126948,17.016462879936274,0.0,0.0,0.0,0.0,0.0,0.0,0.0,0.0,0.0,0.0
3936,7178.6567,16.44409,0.5881688,17.252524512827126,17.013691904961792,0.0,0.0,0.0,0.0,0.0,0.0,0.0,0.0,0.0,0.0
3937,7180.3086,17.667114,0.5616895,17.25709530111243,17.010926106533304,0.0,0.0,0.0,0.0,0.0,0.0,0.0,0.0,0.0,0.0
3938,7181.961,17.502596,0.5037363,17.261685476181192,17.008160576698465,0.0,0.0,0.0,0.0,0.0,0.0,0.0,0.0,0.0,0.0
3939,7183.617,16.741745,0.73950756,17.266296294775703,17.005389598456123,0.0,0.0,0.0,0.0,0.0,0.0,0.0,0.0,0.0,0.0
3940,7185.269,18.28193,3.2668304,17.27089668650222,17.002627058215857,0.0,0.0,0.0,0.0,0.0,0.0,0.0,0.0,0.0,0.0
3941,7186.926,9.804296,3.4899855,17.275504574067934,16.999857440479143,0.0,0.0,0.0,0.0,0.0,0.0,0.0,0.0,0.0,0.0
3942,7188.58,13.282685,1.9466,17.28009223839723,16.997092991084685,0.0,0.0,0.0,0.0,0.0,0.0,0.0,0.0,0.0,0.0
3943,7190.237,17.95819,0.7355476,17.284665943603713,16.99432554982205,0.0,0.0,0.0,0.0,0.0,0.0,0.0,0.0,0.0,0.0
3944,7191.892,17.136625,0.59533054,17.289208313569723,16.99156164203614,0.0,0.0,0.0,0.0,0.0,0.0,0.0,0.0,0.0,0.0
3945,7193.5464,17.066402,0.57515323,17.293714446986034,16.988800449335887,0.0,0.0,0.0,0.0,0.0,0.0,0.0,0.0,0.0,0.0
3946,7195.204,17.25288,0.53638095,17.298190719718175,16.98603463851853,0.0,0.0,0.0,0.0,0.0,0.0,0.0,0.0,0.0,0.0
3947,7196.86,16.664846,0.54722023,17.302617155865235,16.98327317173819,0.0,0.0,0.0,0.0,0.0,0.0,0.0,0.0,0.0,0.0
3948,7198.519,17.573343,0.8294141,17.30700363338859,16.980507091888498,0.0,0.0,0.0,0.0,0.0,0.0,0.0,0.0,0.0,0.0
3949,7200.176,17.413301,1.7393862,17.311330625269452,16.977746167633573,0.0,0.0,0.0,0.0,0.0,0.0,0.0,0.0,0.0,0.0
3950,7201.836,16.424173,1.5167782,17.315610003733752,16.97498063471329,0.0,0.0,0.0,0.0,0.0,0.0,0.0,0.0,0.0,0.0
3951,7203.492,17.056892,0.8207878,17.31982017267337,16.97222269285312,0.0,0.0,0.0,0.0,0.0,0.0,0.0,0.0,0.0,0.0
3952,7205.1504,17.495054,0.5657436,17.32397423100687,16.96946258259035,0.0,0.0,0.0,0.0,0.0,0.0,0.0,0.0,0.0,0.0
3953,7206.811,17.065928,0.5144897,17.328071578231903,16.96669949480638,0.0,0.0,0.0,0.0,0.0,0.0,0.0,0.0,0.0,0.0
3954,7208.469,16.598114,0.53252053,17.332099506188726,16.963941553164815,0.0,0.0,0.0,0.0,0.0,0.0,0.0,0.0,0.0,0.0
3955,7210.1313,17.168015,0.5321146,17.336073326561223,16.961178200933706,0.0,0.0,0.0,0.0,0.0,0.0,0.0,0.0,0.0,0.0
3956,7211.79,17.70879,0.66179144,17.339975860799054,16.958421614850263,0.0,0.0,0.0,0.0,0.0,0.0,0.0,0.0,0.0,0.0
3957,7213.453,16.66118,2.4882514,17.343826639890008,16.95565881156855,0.0,0.0,0.0,0.0,0.0,0.0,0.0,0.0,0.0,0.0
3958,7215.113,15.417787,2.7096207,17.347609168142206,16.952902769893534,0.0,0.0,0.0,0.0,0.0,0.0,0.0,0.0,0.0,0.0
3959,7216.772,14.502293,2.0448081,17.35133249370895,16.950148620293955,0.0,0.0,0.0,0.0,0.0,0.0,0.0,0.0,0.0,0.0
3960,7218.437,17.340876,0.8645872,17.355013293919644,16.947385830578884,0.0,0.0,0.0,0.0,0.0,0.0,0.0,0.0,0.0,0.0
3961,7220.097,17.674597,0.56517506,17.358630859101666,16.944632225478543,0.0,0.0,0.0,0.0,0.0,0.0,0.0,0.0,0.0,0.0
3962,7221.762,16.051691,0.4997128,17.3622096710711,16.941871606638955,0.0,0.0,0.0,0.0,0.0,0.0,0.0,0.0,0.0,0.0
3963,7223.4233,17.455645,0.50508136,17.365734768187945,16.93911854652161,0.0,0.0,0.0,0.0,0.0,0.0,0.0,0.0,0.0,0.0
3964,7225.0894,17.172497,0.5205628,17.36922853915437,16.93635847894891,0.0,0.0,0.0,0.0,0.0,0.0,0.0,0.0,0.0,0.0
3965,7226.752,17.079445,0.5588962,17.37267740779874,16.933605156478855,0.0,0.0,0.0,0.0,0.0,0.0,0.0,0.0,0.0,0.0
3966,7228.414,16.18311,0.57198936,17.376091925765138,16.93085372295485,0.0,0.0,0.0,0.0,0.0,0.0,0.0,0.0,0.0,0.0
3967,7230.08,17.343695,0.57347023,17.379484937632977,16.9280969063887,0.0,0.0,0.0,0.0,0.0,0.0,0.0,0.0,0.0,0.0
3968,7231.744,18.467093,0.7925737,17.382848318564772,16.925344403731703,0.0,0.0,0.0,0.0,0.0,0.0,0.0,0.0,0.0,0.0
3969,7233.4116,16.691109,1.4856822,17.386196669292286,16.922587331485584,0.0,0.0,0.0,0.0,0.0,0.0,0.0,0.0,0.0,0.0
3970,7235.0757,18.09728,1.4819717,17.389519744847693,16.919836991761603,0.0,0.0,0.0,0.0,0.0,0.0,0.0,0.0,0.0,0.0
3971,7236.744,17.268772,0.72260565,17.392836104366662,16.917080472442986,0.0,0.0,0.0,0.0,0.0,0.0,0.0,0.0,0.0,0.0
3972,7238.4087,17.16823,0.51433706,17.39613180512254,16.914331487358258,0.0,0.0,0.0,0.0,0.0,0.0,0.0,0.0,0.0,0.0
3973,7240.0786,17.434916,0.4896136,17.39942719982766,16.91157471583985,0.0,0.0,0.0,0.0,0.0,0.0,0.0,0.0,0.0,0.0
3974,7241.7437,17.793554,0.5058557,17.402703512646152,16.90882708523412,0.0,0.0,0.0,0.0,0.0,0.0,0.0,0.0,0.0,0.0
3975,7243.4097,18.231552,0.55041474,17.40597297473109,16.906078921987177,0.0,0.0,0.0,0.0,0.0,0.0,0.0,0.0,0.0,0.0
3976,7245.0796,16.63132,0.89615464,17.409241098917597,16.903325397528285,0.0,0.0,0.0,0.0,0.0,0.0,0.0,0.0,0.0,0.0
3977,7246.7466,15.928958,2.1505003,17.412493765640594,16.900577783871032,0.0,0.0,0.0,0.0,0.0,0.0,0.0,0.0,0.0,0.0
3978,7248.418,17.51473,1.8261312,17.415743252030314,16.897824009648264,0.0,0.0,0.0,0.0,0.0,0.0,0.0,0.0,0.0,0.0
3979,7250.085,18.160282,0.76877916,17.418969944403358,16.895078555033393,0.0,0.0,0.0,0.0,0.0,0.0,0.0,0.0,0.0,0.0
3980,7251.757,17.635283,0.5691619,17.422188007922387,16.89232614049456,0.0,0.0,0.0,0.0,0.0,0.0,0.0,0.0,0.0,0.0
3981,7253.4253,17.892715,0.6197436,17.425376836275014,16.889580432390126,0.0,0.0,0.0,0.0,0.0,0.0,0.0,0.0,0.0,0.0
3982,7255.0933,17.299458,0.6245699,17.428536372111477,16.886836604998745,0.0,0.0,0.0,0.0,0.0,0.0,0.0,0.0,0.0,0.0
3983,7256.767,17.406063,0.54561824,17.431672152044865,16.884084220888706,0.0,0.0,0.0,0.0,0.0,0.0,0.0,0.0,0.0,0.0
3984,7258.436,17.37372,0.5710379,17.434756064057776,16.881340944409796,0.0,0.0,0.0,0.0,0.0,0.0,0.0,0.0,0.0,0.0
3985,7260.11,17.682684,0.6085191,17.43779780474281,16.878590722948072,0.0,0.0,0.0,0.0,0.0,0.0,0.0,0.0,0.0,0.0
3986,7261.7803,17.79007,0.58288276,17.440772687847787,16.87584719603794,0.0,0.0,0.0,0.0,0.0,0.0,0.0,0.0,0.0,0.0
3987,7263.4546,17.226372,0.52372736,17.44368334641905,16.873098333983137,0.0,0.0,0.0,0.0,0.0,0.0,0.0,0.0,0.0,0.0
3988,7265.126,18.025814,0.5676902,17.44650655236214,16.87035536017388,0.0,0.0,0.0,0.0,0.0,0.0,0.0,0.0,0.0,0.0
3989,7266.7974,17.41223,0.5569109,17.44923588482892,16.867613463087434,0.0,0.0,0.0,0.0,0.0,0.0,0.0,0.0,0.0,0.0
3990,7268.473,18.179379,0.5338939,17.451865270689662,16.86486543710583,0.0,0.0,0.0,0.0,0.0,0.0,0.0,0.0,0.0,0.0
3991,7270.145,17.606133,0.6191626,17.45436868467299,16.862124894046463,0.0,0.0,0.0,0.0,0.0,0.0,0.0,0.0,0.0,0.0
3992,7271.8213,16.246397,1.0420299,17.456744917675593,16.85937822703991,0.0,0.0,0.0,0.0,0.0,0.0,0.0,0.0,0.0,0.0
3993,7273.4937,17.318586,1.1645858,17.45896817215017,16.856639037209067,0.0,0.0,0.0,0.0,0.0,0.0,0.0,0.0,0.0,0.0
3994,7275.1714,18.365005,0.6691969,17.4610367239827,16.853892129790196,0.0,0.0,0.0,0.0,0.0,0.0,0.0,0.0,0.0,0.0
3995,7276.845,17.30444,0.57167476,17.462924278617546,16.851152695060417,0.0,0.0,0.0,0.0,0.0,0.0,0.0,0.0,0.0,0.0
3996,7278.5195,18.581581,0.6054289,17.464622686196783,16.848413536836127,0.0,0.0,0.0,0.0,0.0,0.0,0.0,0.0,0.0,0.0
3997,7280.1973,17.886345,0.65897876,17.466119885120875,16.84566986528445,0.0,0.0,0.0,0.0,0.0,0.0,0.0,0.0,0.0,0.0
3998,7281.8726,15.217569,1.2167506,17.46739738396185,16.842931262765102,0.0,0.0,0.0,0.0,0.0,0.0,0.0,0.0,0.0,0.0
3999,7283.552,15.66924,1.842811,17.468446177848435,16.840187353499985,0.0,0.0,0.0,0.0,0.0,0.0,0.0,0.0,0.0,0.0
4000,7285.227,18.380243,1.2841182,17.46924922986756,16.837450902898414,0.0,0.0,0.0,0.0,0.0,0.0,0.0,0.0,0.0,0.0
4001,7286.907,18.208668,0.63642037,17.46979891941579,16.834707555032093,0.0,0.0,0.0,0.0,0.0,0.0,0.0,0.0,0.0,0.0
4002,7288.5835,17.361786,0.5240656,17.47008134471662,16.83197166072614,0.0,0.0,0.0,0.0,0.0,0.0,0.0,0.0,0.0,0.0
4003,7290.2603,17.6797,0.5406748,17.470088494888802,16.82923604356434,0.0,0.0,0.0,0.0,0.0,0.0,0.0,0.0,0.0,0.0
4004,7291.9414,18.274065,0.5341162,17.46981096110362,16.82649433455485,0.0,0.0,0.0,0.0,0.0,0.0,0.0,0.0,0.0,0.0
4005,7293.6187,18.092506,0.5620028,17.469242968593253,16.82376007083477,0.0,0.0,0.0,0.0,0.0,0.0,0.0,0.0,0.0,0.0
4006,7295.3003,19.013346,0.5528788,17.468376230345815,16.82101972018346,0.0,0.0,0.0,0.0,0.0,0.0,0.0,0.0,0.0,0.0
4007,7296.979,18.381016,0.51689523,17.467209927029582,16.81828521866319,0.0,0.0,0.0,0.0,0.0,0.0,0.0,0.0,0.0,0.0
4008,7298.6616,18.753345,0.5448657,17.46573733439562,16.8155454312813,0.0,0.0,0.0,0.0,0.0,0.0,0.0,0.0,0.0,0.0
4009,7300.341,18.139454,0.57350874,17.46396411970146,16.812812283783032,0.0,0.0,0.0,0.0,0.0,0.0,0.0,0.0,0.0,0.0
4010,7302.0205,17.23245,0.5928,17.46188857062407,16.81007941468306,0.0,0.0,0.0,0.0,0.0,0.0,0.0,0.0,0.0,0.0
4011,7303.7036,18.502481,0.57107186,17.459509738304295,16.80734206042496,0.0,0.0,0.0,0.0,0.0,0.0,0.0,0.0,0.0,0.0
4012,7305.385,19.015888,0.5481345,17.456840173566352,16.804608957135688,0.0,0.0,0.0,0.0,0.0,0.0,0.0,0.0,0.0,0.0
4013,7307.0684,18.270794,0.5405759,17.45388054008578,16.801872960282314,0.0,0.0,0.0,0.0,0.0,0.0,0.0,0.0,0.0,0.0
4014,7308.7495,18.5166,0.52572113,17.450648964613563,16.799142004221565,0.0,0.0,0.0,0.0,0.0,0.0,0.0,0.0,0.0,0.0
4015,7310.435,18.90829,0.571321,17.44714376121225,16.796404985482116,0.0,0.0,0.0,0.0,0.0,0.0,0.0,0.0,0.0,0.0
4016,7312.1167,18.42455,0.62753665,17.443395813181837,16.79367538280769,0.0,0.0,0.0,0.0,0.0,0.0,0.0,0.0,0.0,0.0
4017,7313.7993,17.84788,0.8679219,17.439410721629304,16.790945267050905,0.0,0.0,0.0,0.0,0.0,0.0,0.0,0.0,0.0,0.0
4018,7315.4854,18.690466,0.8242675,17.435199608780625,16.7882106804626,0.0,0.0,0.0,0.0,0.0,0.0,0.0,0.0,0.0,0.0
4019,7317.168,17.99633,0.5624178,17.430799310406204,16.785482709606644,0.0,0.0,0.0,0.0,0.0,0.0,0.0,0.0,0.0,0.0
4020,7318.8564,18.42258,0.5453484,17.42620694647119,16.782746315100646,0.0,0.0,0.0,0.0,0.0,0.0,0.0,0.0,0.0,0.0
4021,7320.5396,18.3142,0.56097555,17.421476062754397,16.78001969716907,0.0,0.0,0.0,0.0,0.0,0.0,0.0,0.0,0.0,0.0
4022,7322.227,17.638538,0.6565735,17.416604427274198,16.77728703397128,0.0,0.0,0.0,0.0,0.0,0.0,0.0,0.0,0.0,0.0
4023,7323.9116,18.419516,0.93667436,17.411639306437113,16.7745601867548,0.0,0.0,0.0,0.0,0.0,0.0,0.0,0.0,0.0,0.0
4024,7325.5967,19.31212,0.86706275,17.40659882755688,16.771833619789394,0.0,0.0,0.0,0.0,0.0,0.0,0.0,0.0,0.0,0.0
4025,7327.2866,17.41735,0.62299955,17.401498116897848,16.769100226806906,0.0,0.0,0.0,0.0,0.0,0.0,0.0,0.0,0.0,0.0
4026,7328.9717,18.034187,0.5753025,17.39639689780994,16.76637580253406,0.0,0.0,0.0,0.0,0.0,0.0,0.0,0.0,0.0,0.0
4027,7330.6616,18.396305,0.5740885,17.391296367760017,16.76364455711396,0.0,0.0,0.0,0.0,0.0,0.0,0.0,0.0,0.0,0.0
4028,7332.3486,17.74858,0.54256636,17.38625153323079,16.76091911812688,0.0,0.0,0.0,0.0,0.0,0.0,0.0,0.0,0.0,0.0
4029,7334.0386,18.430107,0.5771271,17.3812769481562,16.75819001883491,0.0,0.0,0.0,0.0,0.0,0.0,0.0,0.0,0.0,0.0
4030,7335.726,18.569338,0.55925256,17.376420267591765,16.755465932855895,0.0,0.0,0.0,0.0,0.0,0.0,0.0,0.0,0.0,0.0
4031,7337.414,18.515787,0.60736936,17.37170519111191,16.752742128348697,0.0,0.0,0.0,0.0,0.0,0.0,0.0,0.0,0.0,0.0
4032,7339.1055,17.912992,0.541769,17.36715590255736,16.750013880901324,0.0,0.0,0.0,0.0,0.0,0.0,0.0,0.0,0.0,0.0
4033,7340.7944,17.999138,0.5364821,17.362819940761113,16.747290641978765,0.0,0.0,0.0,0.0,0.0,0.0,0.0,0.0,0.0,0.0
4034,7342.487,18.099192,0.5424723,17.358713309676773,16.744562964351303,0.0,0.0,0.0,0.0,0.0,0.0,0.0,0.0,0.0,0.0
4035,7344.176,17.223534,0.5456039,17.354882669955302,16.741841865092326,0.0,0.0,0.0,0.0,0.0,0.0,0.0,0.0,0.0,0.0
4036,7345.87,17.964573,0.535113,17.351337764146294,16.739113185288872,0.0,0.0,0.0,0.0,0.0,0.0,0.0,0.0,0.0,0.0
4037,7347.5596,17.53361,0.5445349,17.348127769016376,16.73639343836223,0.0,0.0,0.0,0.0,0.0,0.0,0.0,0.0,0.0,0.0
4038,7349.25,17.548868,0.5740417,17.345266850983588,16.733673187291114,0.0,0.0,0.0,0.0,0.0,0.0,0.0,0.0,0.0,0.0
4039,7350.9443,17.71475,0.5571354,17.342776167954117,16.730947721565872,0.0,0.0,0.0,0.0,0.0,0.0,0.0,0.0,0.0,0.0
4040,7352.6357,17.567734,0.5769911,17.34068900844011,16.728228037561507,0.0,0.0,0.0,0.0,0.0,0.0,0.0,0.0,0.0,0.0
4041,7354.3315,17.357498,0.60165393,17.339017497702606,16.725502359076508,0.0,0.0,0.0,0.0,0.0,0.0,0.0,0.0,0.0,0.0
4042,7356.023,17.159966,0.5988324,17.337789232478375,16.72278481219792,0.0,0.0,0.0,0.0,0.0,0.0,0.0,0.0,0.0,0.0
4043,7357.7188,17.096895,0.5723242,17.337013992360397,16.720061275056167,0.0,0.0,0.0,0.0,0.0,0.0,0.0,0.0,0.0,0.0
4044,7359.4126,16.476343,0.7044788,17.336709543423098,16.717341943935793,0.0,0.0,0.0,0.0,0.0,0.0,0.0,0.0,0.0,0.0
4045,7361.1045,16.50759,0.89450216,17.336885656467324,16.7146268144759,0.0,0.0,0.0,0.0,0.0,0.0,0.0,0.0,0.0,0.0
4046,7362.8027,16.775023,0.6928569,17.33755351151105,16.711902569185458,0.0,0.0,0.0,0.0,0.0,0.0,0.0,0.0,0.0,0.0
4047,7364.496,16.67044,0.5933276,17.33871526986164,16.709187224207344,0.0,0.0,0.0,0.0,0.0,0.0,0.0,0.0,0.0,0.0
4048,7366.1943,18.57535,0.5823447,17.34038054379211,16.706465119445188,0.0,0.0,0.0,0.0,0.0,0.0,0.0,0.0,0.0,0.0
4049,7367.8896,17.156168,0.6632028,17.342542604803178,16.703748778699968,0.0,0.0,0.0,0.0,0.0,0.0,0.0,0.0,0.0,0.0
4050,7369.5884,16.829733,1.0414274,17.34520701768471,16.701028031135333,0.0,0.0,0.0,0.0,0.0,0.0,0.0,0.0,0.0,0.0
4051,7371.283,17.340984,1.045042,17.348356067347645,16.69831460635674,0.0,0.0,0.0,0.0,0.0,0.0,0.0,0.0,0.0,0.0
4052,7372.984,17.31515,0.69458354,17.352000107764248,16.69559287071133,0.0,0.0,0.0,0.0,0.0,0.0,0.0,0.0,0.0,0.0
4053,7374.6797,17.188656,0.57336634,17.356104713123134,16.692880016010097,0.0,0.0,0.0,0.0,0.0,0.0,0.0,0.0,0.0,0.0
4054,7376.376,18.022768,0.68042094,17.360666412216588,16.690167445045873,0.0,0.0,0.0,0.0,0.0,0.0,0.0,0.0,0.0,0.0
4055,7378.077,17.682936,0.69828606,17.365681698729283,16.68744813482929,0.0,0.0,0.0,0.0,0.0,0.0,0.0,0.0,0.0,0.0
4056,7379.774,16.982857,0.57221985,17.371103115366296,16.684736914919213,0.0,0.0,0.0,0.0,0.0,0.0,0.0,0.0,0.0,0.0
4057,7381.4766,16.852999,0.62052846,17.376940742953416,16.682017401679154,0.0,0.0,0.0,0.0,0.0,0.0,0.0,0.0,0.0,0.0
4058,7383.1743,16.988169,1.0207152,17.383132524985218,16.679306753176594,0.0,0.0,0.0,0.0,0.0,0.0,0.0,0.0,0.0,0.0
4059,7384.878,16.870937,1.2344859,17.389689622852032,16.676587818595593,0.0,0.0,0.0,0.0,0.0,0.0,0.0,0.0,0.0,0.0
4060,7386.5767,17.332386,0.681816,17.396540370215867,16.673877742518876,0.0,0.0,0.0,0.0,0.0,0.0,0.0,0.0,0.0,0.0
4061,7388.2754,17.126507,0.5554662,17.403670415497213,16.67116872987786,0.0,0.0,0.0,0.0,0.0,0.0,0.0,0.0,0.0,0.0
4062,7389.9795,17.332685,0.54065704,17.411068634647446,16.668452219623642,0.0,0.0,0.0,0.0,0.0,0.0,0.0,0.0,0.0,0.0
4063,7391.6797,16.918045,0.6188384,17.418658264669123,16.66574300149316,0.0,0.0,0.0,0.0,0.0,0.0,0.0,0.0,0.0,0.0
4064,7393.384,16.559858,0.900692,17.42643549854949,16.663028625800163,0.0,0.0,0.0,0.0,0.0,0.0,0.0,0.0,0.0,0.0
4065,7395.085,17.276499,0.7619772,17.43432903034984,16.66031998141109,0.0,0.0,0.0,0.0,0.0,0.0,0.0,0.0,0.0,0.0
4066,7396.7896,16.186531,0.6543218,17.44232690523765,16.657606961237406,0.0,0.0,0.0,0.0,0.0,0.0,0.0,0.0,0.0,0.0
4067,7398.492,15.975338,1.0969113,17.450361199781362,16.6548981146068,0.0,0.0,0.0,0.0,0.0,0.0,0.0,0.0,0.0,0.0
4068,7400.194,17.217628,1.6549714,17.45839274635694,16.65219188442609,0.0,0.0,0.0,0.0,0.0,0.0,0.0,0.0,0.0,0.0
4069,7401.9004,17.140062,0.8965523,17.466404540523428,16.6494789552535,0.0,0.0,0.0,0.0,0.0,0.0,0.0,0.0,0.0,0.0
4070,7403.6035,16.65003,0.6080354,17.474312682959944,16.64677252373448,0.0,0.0,0.0,0.0,0.0,0.0,0.0,0.0,0.0,0.0
4071,7405.3105,17.907494,0.58213127,17.482105534562322,16.644060950764867,0.0,0.0,0.0,0.0,0.0,0.0,0.0,0.0,0.0,0.0
4072,7407.0137,16.973375,0.5841711,17.489701984925446,16.641356645627198,0.0,0.0,0.0,0.0,0.0,0.0,0.0,0.0,0.0,0.0
4073,7408.722,17.050339,0.5802627,17.497097555735508,16.638644878008762,0.0,0.0,0.0,0.0,0.0,0.0,0.0,0.0,0.0,0.0
4074,7410.4263,17.281738,0.6765357,17.504204631451877,16.63594114840439,0.0,0.0,0.0,0.0,0.0,0.0,0.0,0.0,0.0,0.0
4075,7412.131,16.853827,0.8607799,17.511000142289657,16.633237705422896,0.0,0.0,0.0,0.0,0.0,0.0,0.0,0.0,0.0,0.0
4076,7413.8403,16.387552,0.92188394,17.51745584411557,16.630527583789185,0.0,0.0,0.0,0.0,0.0,0.0,0.0,0.0,0.0,0.0
4077,7415.546,16.734188,0.7090762,17.52349560834905,16.627824717540946,0.0,0.0,0.0,0.0,0.0,0.0,0.0,0.0,0.0,0.0
4078,7417.256,17.12137,0.630648,17.529106161056593,16.625115951953962,0.0,0.0,0.0,0.0,0.0,0.0,0.0,0.0,0.0,0.0
4079,7418.962,18.100416,0.7852417,17.534219946690815,16.62241443616988,0.0,0.0,0.0,0.0,0.0,0.0,0.0,0.0,0.0,0.0
4080,7420.673,18.007938,0.6893312,17.538823703782978,16.619706253068866,0.0,0.0,0.0,0.0,0.0,0.0,0.0,0.0,0.0,0.0
4081,7422.3804,17.29282,0.57894534,17.54285696031777,16.61700454237191,0.0,0.0,0.0,0.0,0.0,0.0,0.0,0.0,0.0,0.0
4082,7424.0874,17.268553,0.5616065,17.546293022795144,16.614304664297524,0.0,0.0,0.0,0.0,0.0,0.0,0.0,0.0,0.0,0.0
4083,7425.799,17.90222,0.5609985,17.549106290037184,16.61159889906123,0.0,0.0,0.0,0.0,0.0,0.0,0.0,0.0,0.0,0.0
4084,7427.5083,17.157173,0.5660732,17.551253512753327,16.608897283924897,0.0,0.0,0.0,0.0,0.0,0.0,0.0,0.0,0.0,0.0
4085,7429.22,17.612123,0.5689596,17.552710579571894,16.606192873654535,0.0,0.0,0.0,0.0,0.0,0.0,0.0,0.0,0.0,0.0
4086,7430.9297,17.832449,0.5571408,17.553447056521886,16.603493381251806,0.0,0.0,0.0,0.0,0.0,0.0,0.0,0.0,0.0,0.0
4087,7432.643,18.314108,0.57160175,17.553440284297867,16.600788783595963,0.0,0.0,0.0,0.0,0.0,0.0,0.0,0.0,0.0,0.0
4088,7434.3525,18.296875,0.5596267,17.552669096592446,16.59809141218998,0.0,0.0,0.0,0.0,0.0,0.0,0.0,0.0,0.0,0.0
4089,7436.0635,16.953917,0.54033834,17.551113452141596,16.595392789070917,0.0,0.0,0.0,0.0,0.0,0.0,0.0,0.0,0.0,0.0
4090,7437.778,17.284006,0.54270077,17.54875275043735,16.592689837496373,0.0,0.0,0.0,0.0,0.0,0.0,0.0,0.0,0.0,0.0
4091,7439.4883,16.825344,0.54048604,17.545584113826763,16.589994104137432,0.0,0.0,0.0,0.0,0.0,0.0,0.0,0.0,0.0,0.0
4092,7441.205,16.964392,0.53634936,17.541576362997866,16.587289430052614,0.0,0.0,0.0,0.0,0.0,0.0,0.0,0.0,0.0,0.0
4093,7442.9165,17.370008,0.56064385,17.5367489734152,16.5845942774275,0.0,0.0,0.0,0.0,0.0,0.0,0.0,0.0,0.0,0.0
4094,7444.6333,17.512735,0.5653137,17.531067384648548,16.58189172880672,0.0,0.0,0.0,0.0,0.0,0.0,0.0,0.0,0.0,0.0
4095,7446.345,17.539928,0.5681474,17.524563712037875,16.579197925485445,0.0,0.0,0.0,0.0,0.0,0.0,0.0,0.0,0.0,0.0
4096,7448.0586,17.605745,0.7168877,17.517217830531365,16.57650287520147,0.0,0.0,0.0,0.0,0.0,0.0,0.0,0.0,0.0,0.0
4097,7449.7764,18.17543,0.84393746,17.50901756687373,16.573801974489392,0.0,0.0,0.0,0.0,0.0,0.0,0.0,0.0,0.0,0.0
4098,7451.4893,17.65999,2.4212573,17.50001470026484,16.57110980925074,0.0,0.0,0.0,0.0,0.0,0.0,0.0,0.0,0.0,0.0
4099,7453.2075,17.275417,0.78860587,17.490165338576737,16.568410263122026,0.0,0.0,0.0,0.0,0.0,0.0,0.0,0.0,0.0,0.0
4100,7454.923,16.890835,5.8760147,17.479528301063127,16.565716378989762,0.0,0.0,0.0,0.0,0.0,0.0,0.0,0.0,0.0,0.0
4101,7456.6416,18.059889,1.4160984,17.468079492385613,16.56301818781637,0.0,0.0,0.0,0.0,0.0,0.0,0.0,0.0,0.0,0.0
4102,7458.357,18.5897,0.95305616,17.455882751065385,16.560326420384538,0.0,0.0,0.0,0.0,0.0,0.0,0.0,0.0,0.0,0.0
4103,7460.0728,15.335047,2.1997843,17.442932957169614,16.55763494348248,0.0,0.0,0.0,0.0,0.0,0.0,0.0,0.0,0.0,0.0
4104,7461.793,16.097166,1.3208252,17.429220649254873,16.554937633526876,0.0,0.0,0.0,0.0,0.0,0.0,0.0,0.0,0.0,0.0
4105,7463.51,17.73488,0.94538736,17.414832941057757,16.552246740820483,0.0,0.0,0.0,0.0,0.0,0.0,0.0,0.0,0.0,0.0
4106,7465.231,17.543991,0.8045066,17.39973124232145,16.549550020359476,0.0,0.0,0.0,0.0,0.0,0.0,0.0,0.0,0.0,0.0
4107,7466.9478,17.113312,0.8873521,17.38402230612062,16.54686124197267,0.0,0.0,0.0,0.0,0.0,0.0,0.0,0.0,0.0,0.0
4108,7468.6704,16.440193,0.8534375,17.367643045826124,16.544164347095656,0.0,0.0,0.0,0.0,0.0,0.0,0.0,0.0,0.0,0.0
4109,7470.3887,17.707573,0.9272735,17.350723061924885,16.541475389367054,0.0,0.0,0.0,0.0,0.0,0.0,0.0,0.0,0.0,0.0
4110,7472.1064,17.510777,0.72367024,17.333260945017607,16.538788250620634,0.0,0.0,0.0,0.0,0.0,0.0,0.0,0.0,0.0,0.0
4111,7473.83,17.449776,0.7170962,17.31522584843265,16.536093005415072,0.0,0.0,0.0,0.0,0.0,0.0,0.0,0.0,0.0,0.0
4112,7475.549,17.838078,0.6550511,17.296766713471584,16.53340645155447,0.0,0.0,0.0,0.0,0.0,0.0,0.0,0.0,0.0,0.0
4113,7477.273,17.211216,0.5958019,17.277811424217344,16.530712561092496,0.0,0.0,0.0,0.0,0.0,0.0,0.0,0.0,0.0,0.0
4114,7478.993,17.478369,0.6061824,17.25850048116712,16.528025830307286,0.0,0.0,0.0,0.0,0.0,0.0,0.0,0.0,0.0,0.0
4115,7480.7173,17.452791,0.6488261,17.238785918860906,16.5253340565257,0.0,0.0,0.0,0.0,0.0,0.0,0.0,0.0,0.0,0.0
4116,7482.4395,18.005154,0.6673613,17.21877445915556,16.5226463888011,0.0,0.0,0.0,0.0,0.0,0.0,0.0,0.0,0.0,0.0
4117,7484.1597,17.830029,0.6408404,17.198507463424495,16.519962822883418,0.0,0.0,0.0,0.0,0.0,0.0,0.0,0.0,0.0,0.0
4118,7485.8853,17.558352,0.6147683,17.17793828189453,16.517271935344542,0.0,0.0,0.0,0.0,0.0,0.0,0.0,0.0,0.0,0.0
4119,7487.608,18.573965,0.61405194,17.15720622227939,16.514586672051273,0.0,0.0,0.0,0.0,0.0,0.0,0.0,0.0,0.0,0.0
4120,7489.3345,18.017273,0.63648,17.136269098153587,16.511896377435203,0.0,0.0,0.0,0.0,0.0,0.0,0.0,0.0,0.0,0.0
4121,7491.0566,16.79443,0.6243661,17.11526739646017,16.509213984499567,0.0,0.0,0.0,0.0,0.0,0.0,0.0,0.0,0.0,0.0
4122,7492.7856,17.183666,0.5948796,17.094103756344882,16.50652200261411,0.0,0.0,0.0,0.0,0.0,0.0,0.0,0.0,0.0,0.0
4123,7494.509,16.423784,0.62053955,17.072972168458207,16.50384019805263,0.0,0.0,0.0,0.0,0.0,0.0,0.0,0.0,0.0,0.0
4124,7496.232,15.8785515,0.9383019,17.051838771641663,16.50115944558423,0.0,0.0,0.0,0.0,0.0,0.0,0.0,0.0,0.0,0.0
4125,7497.9614,18.073372,1.4114057,17.03066264178004,16.498469875113628,0.0,0.0,0.0,0.0,0.0,0.0,0.0,0.0,0.0,0.0
4126,7499.686,16.713314,0.8070977,17.009617229657884,16.495788952069994,0.0,0.0,0.0,0.0,0.0,0.0,0.0,0.0,0.0,0.0
4127,7501.4155,17.772776,0.63578385,16.988617944242637,16.49310149502961,0.0,0.0,0.0,0.0,0.0,0.0,0.0,0.0,0.0,0.0
4128,7503.141,17.01344,0.601457,16.967805102962078,16.490421161550106,0.0,0.0,0.0,0.0,0.0,0.0,0.0,0.0,0.0,0.0
4129,7504.871,16.868956,0.5864261,16.947110260564784,16.487735057908992,0.0,0.0,0.0,0.0,0.0,0.0,0.0,0.0,0.0,0.0
4130,7506.598,17.735107,0.5983371,16.92665181003209,16.485054556947908,0.0,0.0,0.0,0.0,0.0,0.0,0.0,0.0,0.0,0.0
4131,7508.329,17.045025,0.5944479,16.90637756751723,16.482369049059816,0.0,0.0,0.0,0.0,0.0,0.0,0.0,0.0,0.0,0.0
4132,7510.056,17.026472,0.6018838,16.886406226237867,16.479690654357526,0.0,0.0,0.0,0.0,0.0,0.0,0.0,0.0,0.0,0.0
4133,7511.784,16.407434,0.6700974,16.86670589166086,16.477011797002962,0.0,0.0,0.0,0.0,0.0,0.0,0.0,0.0,0.0,0.0
4134,7513.516,13.45256,1.6320407,16.847267942953337,16.47432793908142,0.0,0.0,0.0,0.0,0.0,0.0,0.0,0.0,0.0,0.0
4135,7515.244,15.313156,3.3301578,16.828201820336453,16.471651186429135,0.0,0.0,0.0,0.0,0.0,0.0,0.0,0.0,0.0,0.0
4136,7516.978,19.95636,1.892315,16.809420216542357,16.46896641300308,0.0,0.0,0.0,0.0,0.0,0.0,0.0,0.0,0.0,0.0
4137,7518.7065,18.817825,1.100119,16.791063008314506,16.4662910080017,0.0,0.0,0.0,0.0,0.0,0.0,0.0,0.0,0.0,0.0
4138,7520.441,16.87712,0.7059654,16.773027310003,16.463607588638023,0.0,0.0,0.0,0.0,0.0,0.0,0.0,0.0,0.0,0.0
4139,7522.171,16.954824,0.62710047,16.755434576726834,16.46093202040283,0.0,0.0,0.0,0.0,0.0,0.0,0.0,0.0,0.0,0.0
4140,7523.901,17.626139,0.6685066,16.73825109579567,16.45825750210289,0.0,0.0,0.0,0.0,0.0,0.0,0.0,0.0,0.0,0.0
4141,7525.636,17.405106,0.7147157,16.721436083302645,16.45557573436275,0.0,0.0,0.0,0.0,0.0,0.0,0.0,0.0,0.0,0.0
4142,7527.3677,17.060867,0.6776364,16.705088873119035,16.45290105483023,0.0,0.0,0.0,0.0,0.0,0.0,0.0,0.0,0.0,0.0
4143,7529.103,17.476055,0.6772002,16.689142962153994,16.450221394356333,0.0,0.0,0.0,0.0,0.0,0.0,0.0,0.0,0.0,0.0
4144,7530.8354,15.968597,0.9646334,16.673666857038462,16.44754730895611,0.0,0.0,0.0,0.0,0.0,0.0,0.0,0.0,0.0,0.0
4145,7532.5723,14.030913,1.3256834,16.658599647161957,16.444867493984695,0.0,0.0,0.0,0.0,0.0,0.0,0.0,0.0,0.0,0.0
4146,7534.304,15.941421,1.1979432,16.644023788882247,16.442196262789718,0.0,0.0,0.0,0.0,0.0,0.0,0.0,0.0,0.0,0.0
4147,7536.038,17.424469,0.7333361,16.62988140945091,16.439523068710706,0.0,0.0,0.0,0.0,0.0,0.0,0.0,0.0,0.0,0.0
4148,7537.7754,17.126776,0.6794477,16.61616192494254,16.43684565757136,0.0,0.0,0.0,0.0,0.0,0.0,0.0,0.0,0.0,0.0
4149,7539.5103,17.854263,0.6434893,16.602909860209895,16.43417305965848,0.0,0.0,0.0,0.0,0.0,0.0,0.0,0.0,0.0,0.0
4150,7541.2485,17.919306,0.71193737,16.590077520464998,16.431496248697382,0.0,0.0,0.0,0.0,0.0,0.0,0.0,0.0,0.0,0.0
4151,7542.983,18.215458,0.71018213,16.57771421107188,16.42882650228873,0.0,0.0,0.0,0.0,0.0,0.0,0.0,0.0,0.0,0.0
4152,7544.723,17.533195,0.8695322,16.565745340850388,16.426148789193665,0.0,0.0,0.0,0.0,0.0,0.0,0.0,0.0,0.0,0.0
4153,7546.4585,16.443132,2.0234008,16.55423844580019,16.42347963873709,0.0,0.0,0.0,0.0,0.0,0.0,0.0,0.0,0.0,0.0
4154,7548.195,16.101358,2.4140742,16.543145542863364,16.420810034397597,0.0,0.0,0.0,0.0,0.0,0.0,0.0,0.0,0.0,0.0
4155,7549.935,16.552927,1.4045551,16.532441158031183,16.418135475550848,0.0,0.0,0.0,0.0,0.0,0.0,0.0,0.0,0.0,0.0
4156,7551.672,16.375957,0.820535,16.5221611792726,16.41546721854634,0.0,0.0,0.0,0.0,0.0,0.0,0.0,0.0,0.0,0.0
4157,7553.413,17.102648,0.71550494,16.512249661012127,16.412793261332943,0.0,0.0,0.0,0.0,0.0,0.0,0.0,0.0,0.0,0.0
4158,7555.1514,17.277506,0.65411437,16.502738184273294,16.41012485229974,0.0,0.0,0.0,0.0,0.0,0.0,0.0,0.0,0.0,0.0
4159,7556.893,17.134176,0.66662145,16.493581033249544,16.4074522470433,0.0,0.0,0.0,0.0,0.0,0.0,0.0,0.0,0.0,0.0
4160,7558.6313,17.207172,0.6680368,16.48480250283332,16.40478593453021,0.0,0.0,0.0,0.0,0.0,0.0,0.0,0.0,0.0,0.0
4161,7560.3706,17.266878,0.67059135,16.476367723545128,16.40211917122274,0.0,0.0,0.0,0.0,0.0,0.0,0.0,0.0,0.0,0.0
4162,7562.114,16.862862,0.66138834,16.46825168077284,16.399447468858302,0.0,0.0,0.0,0.0,0.0,0.0,0.0,0.0,0.0,0.0
4163,7563.8535,16.522293,0.6746106,16.460476112713984,16.3967820528652,0.0,0.0,0.0,0.0,0.0,0.0,0.0,0.0,0.0,0.0
4164,7565.5977,15.060097,0.79752785,16.452993749434167,16.39411095415991,0.0,0.0,0.0,0.0,0.0,0.0,0.0,0.0,0.0,0.0
4165,7567.3384,15.549804,1.4675826,16.445825619401234,16.39144613757898,0.0,0.0,0.0,0.0,0.0,0.0,0.0,0.0,0.0,0.0
4166,7569.084,16.850382,1.8725939,16.43892510829056,16.38877489639009,0.0,0.0,0.0,0.0,0.0,0.0,0.0,0.0,0.0,0.0
4167,7570.824,15.687696,2.1477838,16.432319924003075,16.386112920707653,0.0,0.0,0.0,0.0,0.0,0.0,0.0,0.0,0.0,0.0
4168,7572.5664,16.66959,2.6952374,16.425968818462508,16.383449003196375,0.0,0.0,0.0,0.0,0.0,0.0,0.0,0.0,0.0,0.0
4169,7574.3125,17.487783,1.7336032,16.41985343929341,16.380780162028575,0.0,0.0,0.0,0.0,0.0,0.0,0.0,0.0,0.0,0.0
4170,7576.0547,15.883155,1.0542532,16.41398879288138,16.37811833767594,0.0,0.0,0.0,0.0,0.0,0.0,0.0,0.0,0.0,0.0
4171,7577.802,14.272923,1.3638368,16.408333321299303,16.375450101878393,0.0,0.0,0.0,0.0,0.0,0.0,0.0,0.0,0.0,0.0
4172,7579.545,14.394146,2.4265342,16.402903744865977,16.37278887807282,0.0,0.0,0.0,0.0,0.0,0.0,0.0,0.0,0.0,0.0
4173,7581.293,14.424604,2.0414252,16.397661218902748,16.370121248549502,0.0,0.0,0.0,0.0,0.0,0.0,0.0,0.0,0.0,0.0
4174,7583.0366,12.163251,1.9063424,16.392622320583587,16.36746137090636,0.0,0.0,0.0,0.0,0.0,0.0,0.0,0.0,0.0,0.0
4175,7584.7812,16.473356,2.2249732,16.387759987907536,16.364801048012502,0.0,0.0,0.0,0.0,0.0,0.0,0.0,0.0,0.0,0.0
4176,7586.5303,18.036673,1.1296463,16.383054851418507,16.362135072102916,0.0,0.0,0.0,0.0,0.0,0.0,0.0,0.0,0.0,0.0
4177,7588.2764,16.518057,0.77250063,16.3785165466024,16.359474607895166,0.0,0.0,0.0,0.0,0.0,0.0,0.0,0.0,0.0,0.0
4178,7590.026,15.522804,0.952865,16.374118682431856,16.356809983464757,0.0,0.0,0.0,0.0,0.0,0.0,0.0,0.0,0.0,0.0
4179,7591.7715,16.251036,1.2379434,16.369870103416996,16.35415235300179,0.0,0.0,0.0,0.0,0.0,0.0,0.0,0.0,0.0,0.0
4180,7593.5225,16.838192,1.0597863,16.365739264430417,16.351487592698945,0.0,0.0,0.0,0.0,0.0,0.0,0.0,0.0,0.0,0.0
4181,7595.2695,17.132837,0.9308673,16.361739472941323,16.34882982213871,0.0,0.0,0.0,0.0,0.0,0.0,0.0,0.0,0.0,0.0
4182,7597.016,15.748,0.9322315,16.357854143003014,16.34617383706757,0.0,0.0,0.0,0.0,0.0,0.0,0.0,0.0,0.0,0.0
4183,7598.768,15.536407,0.9255337,16.35406276850729,16.343510730999995,0.0,0.0,0.0,0.0,0.0,0.0,0.0,0.0,0.0,0.0
4184,7600.516,16.607876,0.76211417,16.35037804890243,16.34085460688738,0.0,0.0,0.0,0.0,0.0,0.0,0.0,0.0,0.0,0.0
4185,7602.2686,16.36683,0.73093134,16.34677536262038,16.338192851634947,0.0,0.0,0.0,0.0,0.0,0.0,0.0,0.0,0.0,0.0
4186,7604.018,16.37991,0.7416985,16.343263149957725,16.335536590542265,0.0,0.0,0.0,0.0,0.0,0.0,0.0,0.0,0.0,0.0
4187,7605.772,16.792387,0.7301331,16.339820415562258,16.33287470400171,0.0,0.0,0.0,0.0,0.0,0.0,0.0,0.0,0.0,0.0
4188,7607.521,16.452799,0.7378764,16.336459351622267,16.330221271061106,0.0,0.0,0.0,0.0,0.0,0.0,0.0,0.0,0.0,0.0
4189,7609.271,16.651566,0.72552735,16.33316283607213,16.327567398355438,0.0,0.0,0.0,0.0,0.0,0.0,0.0,0.0,0.0,0.0
4190,7611.026,16.436064,0.8548327,16.3299185477632,16.324907166647435,0.0,0.0,0.0,0.0,0.0,0.0,0.0,0.0,0.0,0.0
4191,7612.7812,14.646397,1.0919845,16.326729928289474,16.32224724176985,0.0,0.0,0.0,0.0,0.0,0.0,0.0,0.0,0.0,0.0
4192,7614.5283,15.95236,1.0250779,16.323607967290066,16.319600934217654,0.0,0.0,0.0,0.0,0.0,0.0,0.0,0.0,0.0,0.0
4193,7616.2837,15.965239,0.8158646,16.32051868277772,16.316943096762362,0.0,0.0,0.0,0.0,0.0,0.0,0.0,0.0,0.0,0.0
4194,7618.0405,15.906854,0.8137854,16.317470486529583,16.314284087878132,0.0,0.0,0.0,0.0,0.0,0.0,0.0,0.0,0.0,0.0
4195,7619.7974,15.12971,1.3171401,16.314462226050395,16.311626125293273,0.0,0.0,0.0,0.0,0.0,0.0,0.0,0.0,0.0,0.0
4196,7621.546,14.695701,4.0493374,16.31150439725858,16.30898175942381,0.0,0.0,0.0,0.0,0.0,0.0,0.0,0.0,0.0,0.0
4197,7623.303,16.119678,5.4195647,16.308564906409547,16.306325144535467,0.0,0.0,0.0,0.0,0.0,0.0,0.0,0.0,0.0,0.0
4198,7625.061,16.023851,2.316729,16.30565494185013,16.303668836855117,0.0,0.0,0.0,0.0,0.0,0.0,0.0,0.0,0.0,0.0
4199,7626.811,17.198233,1.0886966,16.3027853450774,16.301025372886915,0.0,0.0,0.0,0.0,0.0,0.0,0.0,0.0,0.0,0.0
4200,7628.5703,17.884865,1.0044856,16.299925616183923,16.2983689382073,0.0,0.0,0.0,0.0,0.0,0.0,0.0,0.0,0.0,0.0
4201,7630.329,14.808136,1.6472375,16.297089508365996,16.295714285670936,0.0,0.0,0.0,0.0,0.0,0.0,0.0,0.0,0.0,0.0
4202,7632.0884,13.484584,3.1136088,16.294273325197096,16.29305994063772,0.0,0.0,0.0,0.0,0.0,0.0,0.0,0.0,0.0,0.0
4203,7633.841,19.184065,1.8072577,16.2914867514484,16.29041694737695,0.0,0.0,0.0,0.0,0.0,0.0,0.0,0.0,0.0,0.0
4204,7635.6006,18.268663,1.1631328,16.288705509137603,16.28776394963987,0.0,0.0,0.0,0.0,0.0,0.0,0.0,0.0,0.0,0.0
4205,7637.361,18.54119,1.1844958,16.285938898612173,16.285111259481297,0.0,0.0,0.0,0.0,0.0,0.0,0.0,0.0,0.0,0.0
4206,7639.1143,16.785498,0.81485975,16.283196883720905,16.282469908162113,0.0,0.0,0.0,0.0,0.0,0.0,0.0,0.0,0.0,0.0
4207,7640.8755,16.15796,0.84924006,16.280455230601554,16.279817829473366,0.0,0.0,0.0,0.0,0.0,0.0,0.0,0.0,0.0,0.0
4208,7642.637,16.730883,0.8511391,16.277724212450963,16.27716605901584,0.0,0.0,0.0,0.0,0.0,0.0,0.0,0.0,0.0,0.0
4209,7644.4,15.467311,1.0255569,16.275001981175173,16.274513862470066,0.0,0.0,0.0,0.0,0.0,0.0,0.0,0.0,0.0,0.0
4210,7646.154,16.401731,1.2206514,16.27230255900939,16.271875925871413,0.0,0.0,0.0,0.0,0.0,0.0,0.0,0.0,0.0,0.0
4211,7647.9175,16.080732,1.0453624,16.269596495427123,16.269224342535182,0.0,0.0,0.0,0.0,0.0,0.0,0.0,0.0,0.0,0.0
4212,7649.681,15.928245,0.84402263,16.266898030391562,16.266573802544404,0.0,0.0,0.0,0.0,0.0,0.0,0.0,0.0,0.0,0.0
4213,7651.4365,16.124422,0.8097738,16.2642190828795,16.26393677275548,0.0,0.0,0.0,0.0,0.0,0.0,0.0,0.0,0.0,0.0
4214,7653.201,15.9730215,0.79881394,16.2615321746755,16.261286846410492,0.0,0.0,0.0,0.0,0.0,0.0,0.0,0.0,0.0,0.0
4215,7654.9663,15.554807,0.8202516,16.25885014778709,16.25863722980961,0.0,0.0,0.0,0.0,0.0,0.0,0.0,0.0,0.0,0.0
4216,7656.7305,15.810868,1.0924534,16.256174695410213,16.255990120721894,0.0,0.0,0.0,0.0,0.0,0.0,0.0,0.0,0.0,0.0
4217,7658.489,13.289563,1.6718216,16.25351272196065,16.253352839078506,0.0,0.0,0.0,0.0,0.0,0.0,0.0,0.0,0.0,0.0
4218,7660.2544,16.737553,1.5207638,16.250843851240294,16.250705611407117,0.0,0.0,0.0,0.0,0.0,0.0,0.0,0.0,0.0,0.0
4219,7662.0205,18.67992,1.1329792,16.248178066381133,16.248058693186085,0.0,0.0,0.0,0.0,0.0,0.0,0.0,0.0,0.0,0.0
4220,7663.7793,16.567318,1.0834285,16.245526803166996,16.245423786521116,0.0,0.0,0.0,0.0,0.0,0.0,0.0,0.0,0.0,0.0
4221,7665.5464,16.561796,1.1749225,16.24286621236349,16.24277748323909,0.0,0.0,0.0,0.0,0.0,0.0,0.0,0.0,0.0,0.0
4222,7667.314,16.268715,1.2172232,16.240207814867265,16.240131490050064,0.0,0.0,0.0,0.0,0.0,0.0,0.0,0.0,0.0,0.0
4223,7669.0825,17.571104,1.0560857,16.237550643960446,16.23748507666113,0.0,0.0,0.0,0.0,0.0,0.0,0.0,0.0,0.0,0.0
4224,7670.8423,18.405231,0.92477167,16.234909147235832,16.23485284853154,0.0,0.0,0.0,0.0,0.0,0.0,0.0,0.0,0.0,0.0
4225,7672.611,14.857717,1.1148152,16.232256755373665,16.23220851194753,0.0,0.0,0.0,0.0,0.0,0.0,0.0,0.0,0.0,0.0
4226,7674.3804,10.699676,2.7964883,16.229605041655145,16.229563756089032,0.0,0.0,0.0,0.0,0.0,0.0,0.0,0.0,0.0,0.0
4227,7676.1416,12.892515,2.9654472,16.226967753003816,16.22693243985294,0.0,0.0,0.0,0.0,0.0,0.0,0.0,0.0,0.0,0.0
4228,7677.911,16.124939,1.7474875,16.2243199043372,16.224289759500927,0.0,0.0,0.0,0.0,0.0,0.0,0.0,0.0,0.0,0.0
4229,7679.682,16.813862,1.0337921,16.2216716293679,16.22164593201165,0.0,0.0,0.0,0.0,0.0,0.0,0.0,0.0,0.0,0.0
4230,7681.453,16.638607,0.95796096,16.219025023450865,16.219003144815485,0.0,0.0,0.0,0.0,0.0,0.0,0.0,0.0,0.0,0.0
4231,7683.217,16.79008,0.91221356,16.216390937071907,16.216372320464785,0.0,0.0,0.0,0.0,0.0,0.0,0.0,0.0,0.0,0.0
4232,7684.9883,17.08499,0.9811491,16.213746689495167,16.2137308796851,0.0,0.0,0.0,0.0,0.0,0.0,0.0,0.0,0.0,0.0
4233,7686.76,16.919754,0.98769706,16.211103887198924,16.21109047782823,0.0,0.0,0.0,0.0,0.0,0.0,0.0,0.0,0.0,0.0
4234,7688.5244,16.688725,1.036857,16.208472663665898,16.20846129722676,0.0,0.0,0.0,0.0,0.0,0.0,0.0,0.0,0.0,0.0
4235,7690.2974,17.146162,1.6587414,16.20583040127124,16.20582078605869,0.0,0.0,0.0,0.0,0.0,0.0,0.0,0.0,0.0,0.0
4236,7692.0703,16.098015,1.9855756,16.203189437166557,16.203181313588985,0.0,0.0,0.0,0.0,0.0,0.0,0.0,0.0,0.0,0.0
4237,7693.844,16.878664,1.5080038,16.2005482802635,16.200541426173185,0.0,0.0,0.0,0.0,0.0,0.0,0.0,0.0,0.0,0.0
4238,7695.6104,18.888924,1.0306969,16.197919976805128,16.19791419671255,0.0,0.0,0.0,0.0,0.0,0.0,0.0,0.0,0.0,0.0
4239,7697.3843,17.889517,0.97476494,16.195281245770627,16.195276381171322,0.0,0.0,0.0,0.0,0.0,0.0,0.0,0.0,0.0,0.0
4240,7699.1597,16.73779,0.9859815,16.192641514331264,16.19263742595613,0.0,0.0,0.0,0.0,0.0,0.0,0.0,0.0,0.0,0.0
4241,7700.927,16.850037,0.98951364,16.19001527464095,16.19001184013998,0.0,0.0,0.0,0.0,0.0,0.0,0.0,0.0,0.0,0.0
4242,7702.702,18.323627,1.0385998,16.187377835288114,16.187374956065266,0.0,0.0,0.0,0.0,0.0,0.0,0.0,0.0,0.0,0.0
4243,7704.479,17.930983,1.5428325,16.184739344980485,16.184736934654453,0.0,0.0,0.0,0.0,0.0,0.0,0.0,0.0,0.0,0.0
4244,7706.2554,15.4876,3.4186847,16.182102691180916,16.182100675837063,0.0,0.0,0.0,0.0,0.0,0.0,0.0,0.0,0.0,0.0
4245,7708.023,14.68676,3.2265513,16.179480174292458,16.17947848982289,0.0,0.0,0.0,0.0,0.0,0.0,0.0,0.0,0.0,0.0
4246,7709.8013,16.705881,1.8988448,16.17684280785571,16.17684140324346,0.0,0.0,0.0,0.0,0.0,0.0,0.0,0.0,0.0,0.0
4247,7711.579,17.01731,1.2493536,16.174207248003533,16.174206078174727,0.0,0.0,0.0,0.0,0.0,0.0,0.0,0.0,0.0,0.0
4248,7713.3486,16.525091,1.1447333,16.171585060857687,16.171584086959164,0.0,0.0,0.0,0.0,0.0,0.0,0.0,0.0,0.0,0.0
4249,7715.128,16.124617,1.1154965,16.168949469395898,16.168948660453452,0.0,0.0,0.0,0.0,0.0,0.0,0.0,0.0,0.0,0.0
4250,7716.9067,16.799818,1.0774157,16.16631566491585,16.16631499380579,0.0,0.0,0.0,0.0,0.0,0.0,0.0,0.0,0.0,0.0
4251,7718.686,17.912588,1.0832273,16.163682196520647,16.16368164049134,0.0,0.0,0.0,0.0,0.0,0.0,0.0,0.0,0.0,0.0
4252,7720.4575,15.455874,1.1654704,16.161061339090686,16.16106087860738,0.0,0.0,0.0,0.0,0.0,0.0,0.0,0.0,0.0,0.0
4253,7722.2373,16.472775,1.2547644,16.15842925023115,16.158428869693708,0.0,0.0,0.0,0.0,0.0,0.0,0.0,0.0,0.0,0.0
4254,7724.018,16.416113,1.3221006,16.155796766543432,16.155796452504035,0.0,0.0,0.0,0.0,0.0,0.0,0.0,0.0,0.0,0.0
4255,7725.7915,17.31515,1.3826443,16.153176150563823,16.153175891523844,0.0,0.0,0.0,0.0,0.0,0.0,0.0,0.0,0.0,0.0
4256,7727.5728,18.34775,1.7431927,16.150545032632856,16.150544819411586,0.0,0.0,0.0,0.0,0.0,0.0,0.0,0.0,0.0,0.0
4257,7729.3555,15.832061,2.1246512,16.147912794936573,16.147912619680625,0.0,0.0,0.0,0.0,0.0,0.0,0.0,0.0,0.0,0.0
4258,7731.1377,15.214126,1.997992,16.145282320223703,16.145282176348278,0.0,0.0,0.0,0.0,0.0,0.0,0.0,0.0,0.0,0.0
4259,7732.9116,18.492212,1.7948596,16.142665129910398,16.142665011837423,0.0,0.0,0.0,0.0,0.0,0.0,0.0,0.0,0.0,0.0
4260,7734.695,18.063303,1.625333,16.140035289111502,16.140035192436322,0.0,0.0,0.0,0.0,0.0,0.0,0.0,0.0,0.0,0.0
4261,7736.4785,16.749231,1.380783,16.137405766909424,16.137405687859413,0.0,0.0,0.0,0.0,0.0,0.0,0.0,0.0,0.0,0.0
4262,7738.2534,17.656654,1.4118325,16.134790231465477,16.134790166844947,0.0,0.0,0.0,0.0,0.0,0.0,0.0,0.0,0.0,0.0
4263,7740.0386,16.298267,1.5231898,16.132160620732208,16.132160568035772,0.0,0.0,0.0,0.0,0.0,0.0,0.0,0.0,0.0,0.0
4264,7741.823,7.8016315,2.8950348,16.12953276581246,16.129532722892186,0.0,0.0,0.0,0.0,0.0,0.0,0.0,0.0,0.0,0.0
4265,7743.608,18.633392,3.9543595,16.126905946284968,16.12690591137175,0.0,0.0,0.0,0.0,0.0,0.0,0.0,0.0,0.0,0.0
4266,7745.3853,21.310722,3.1940622,16.12429093521667,16.12429090682868,0.0,0.0,0.0,0.0,0.0,0.0,0.0,0.0,0.0,0.0
4267,7747.1714,17.544727,1.5272225,16.12166402546109,16.121664002431746,0.0,0.0,0.0,0.0,0.0,0.0,0.0,0.0,0.0,0.0
4268,7748.9575,16.505272,1.550652,16.119038150080485,16.119038131422126,0.0,0.0,0.0,0.0,0.0,0.0,0.0,0.0,0.0,0.0
4269,7750.737,17.213278,1.7706963,16.11642335215182,16.11642333704185,0.0,0.0,0.0,0.0,0.0,0.0,0.0,0.0,0.0,0.0
4270,7752.5234,17.261084,1.6268797,16.11379882199611,16.11379880978592,0.0,0.0,0.0,0.0,0.0,0.0,0.0,0.0,0.0,0.0
4271,7754.3115,15.750409,1.6628822,16.111173173833702,16.111173163981142,0.0,0.0,0.0,0.0,0.0,0.0,0.0,0.0,0.0,0.0
4272,7756.0996,11.335335,2.628476,16.108548559185866,16.10854855124587,0.0,0.0,0.0,0.0,0.0,0.0,0.0,0.0,0.0,0.0
4273,7757.8794,12.327743,3.335032,16.105937154321655,16.1059371479247,0.0,0.0,0.0,0.0,0.0,0.0,0.0,0.0,0.0,0.0
4274,7759.668,17.429,2.0914721,16.10331388373649,16.103313878594776,0.0,0.0,0.0,0.0,0.0,0.0,0.0,0.0,0.0,0.0
4275,7761.4585,17.207481,1.5241804,16.10068878217242,16.100688778045924,0.0,0.0,0.0,0.0,0.0,0.0,0.0,0.0,0.0,0.0
4276,7763.239,16.762903,1.339671,16.098079738563477,16.0980797352518,0.0,0.0,0.0,0.0,0.0,0.0,0.0,0.0,0.0,0.0
4277,7765.0293,16.522877,1.5540168,16.095456697422485,16.095456694771492,0.0,0.0,0.0,0.0,0.0,0.0,0.0,0.0,0.0,0.0
4278,7766.8203,15.368144,2.2108033,16.092833973550054,16.092833971430792,0.0,0.0,0.0,0.0,0.0,0.0,0.0,0.0,0.0,0.0
4279,7768.6104,17.425756,2.1388226,16.09021371094063,16.090213709248417,0.0,0.0,0.0,0.0,0.0,0.0,0.0,0.0,0.0,0.0
4280,7770.3936,17.309448,2.0737498,16.08760447915854,16.087604477807886,0.0,0.0,0.0,0.0,0.0,0.0,0.0,0.0,0.0,0.0
4281,7772.186,8.988209,3.4602652,16.084982702256138,16.08498270118075,0.0,0.0,0.0,0.0,0.0,0.0,0.0,0.0,0.0,0.0
4282,7773.9775,11.200038,3.6036606,16.082363384642033,16.082363383786806,0.0,0.0,0.0,0.0,0.0,0.0,0.0,0.0,0.0,0.0
4283,7775.762,16.851675,2.346932,16.079755085793465,16.0797550851136,0.0,0.0,0.0,0.0,0.0,0.0,0.0,0.0,0.0,0.0
4284,7777.555,17.901033,1.7026384,16.07713568395217,16.077135683412983,0.0,0.0,0.0,0.0,0.0,0.0,0.0,0.0,0.0,0.0
4285,7779.3486,17.9978,1.5038052,16.07451659955427,16.074516599127225,0.0,0.0,0.0,0.0,0.0,0.0,0.0,0.0,0.0,0.0
4286,7781.1426,17.361351,1.663152,16.071897832792704,16.07189783245494,0.0,0.0,0.0,0.0,0.0,0.0,0.0,0.0,0.0,0.0
4287,7782.928,13.319649,2.3500018,16.069292206406356,16.06929220613926,0.0,0.0,0.0,0.0,0.0,0.0,0.0,0.0,0.0,0.0
4288,7784.723,14.6650505,2.9604876,16.066674070454184,16.066674070243497,0.0,0.0,0.0,0.0,0.0,0.0,0.0,0.0,0.0,0.0
4289,7786.5176,14.144552,2.6294653,16.06405767633094,16.064057676164953,0.0,0.0,0.0,0.0,0.0,0.0,0.0,0.0,0.0,0.0
4290,7788.305,15.062976,2.3880703,16.061452272372993,16.061452272242274,0.0,0.0,0.0,0.0,0.0,0.0,0.0,0.0,0.0,0.0
4291,7790.101,17.19017,2.2051096,16.058835797595215,16.058835797492517,0.0,0.0,0.0,0.0,0.0,0.0,0.0,0.0,0.0,0.0
4292,7791.8965,17.711222,1.7067382,16.056221062997736,16.05622106291715,0.0,0.0,0.0,0.0,0.0,0.0,0.0,0.0,0.0,0.0
4293,7793.6943,16.332298,1.4948896,16.053603802983236,16.053603802920104,0.0,0.0,0.0,0.0,0.0,0.0,0.0,0.0,0.0,0.0
4294,7795.4824,17.693354,1.5925269,16.05100178127019,16.05100178122073,0.0,0.0,0.0,0.0,0.0,0.0,0.0,0.0,0.0,0.0
4295,7797.2803,16.053703,1.5759425,16.048386575353113,16.048386575314467,0.0,0.0,0.0,0.0,0.0,0.0,0.0,0.0,0.0,0.0
4296,7799.0786,16.369326,1.5895776,16.045771688469998,16.045771688439842,0.0,0.0,0.0,0.0,0.0,0.0,0.0,0.0,0.0,0.0
4297,7800.868,16.652273,1.5614773,16.043170602646086,16.043170602622556,0.0,0.0,0.0,0.0,0.0,0.0,0.0,0.0,0.0,0.0
4298,7802.6665,15.944174,1.5669566,16.04055776769483,16.040557767676514,0.0,0.0,0.0,0.0,0.0,0.0,0.0,0.0,0.0,0.0
4299,7804.4663,16.293146,1.6258179,16.03794383322381,16.037943833209578,0.0,0.0,0.0,0.0,0.0,0.0,0.0,0.0,0.0,0.0
4300,7806.2666,15.406458,1.6331735,16.03533021856948,16.035330218558435,0.0,0.0,0.0,0.0,0.0,0.0,0.0,0.0,0.0,0.0
4301,7808.0576,16.203693,1.7009877,16.03273109303242,16.03273109302385,0.0,0.0,0.0,0.0,0.0,0.0,0.0,0.0,0.0,0.0
4302,7809.8584,16.476679,1.5928319,16.03011882119577,16.030118821189138,0.0,0.0,0.0,0.0,0.0,0.0,0.0,0.0,0.0,0.0
4303,7811.6587,15.240662,1.7569958,16.027508285001073,16.027508284995942,0.0,0.0,0.0,0.0,0.0,0.0,0.0,0.0,0.0,0.0
4304,7813.452,15.532028,1.6864258,16.02490868204527,16.024908682041307,0.0,0.0,0.0,0.0,0.0,0.0,0.0,0.0,0.0,0.0
4305,7815.2534,18.429054,1.8614349,16.022298779720103,16.022298779717048,0.0,0.0,0.0,0.0,0.0,0.0,0.0,0.0,0.0,0.0
4306,7817.0557,15.212642,1.9981388,16.019688489645215,16.019688489642864,0.0,0.0,0.0,0.0,0.0,0.0,0.0,0.0,0.0,0.0
4307,7818.8584,15.559629,2.2292597,16.01707851963593,16.017078519634122,0.0,0.0,0.0,0.0,0.0,0.0,0.0,0.0,0.0,0.0
4308,7820.6543,17.231098,2.116679,16.01447946752341,16.014479467522023,0.0,0.0,0.0,0.0,0.0,0.0,0.0,0.0,0.0,0.0
4309,7822.457,18.598694,1.9764215,16.011871546519334,16.011871546518268,0.0,0.0,0.0,0.0,0.0,0.0,0.0,0.0,0.0,0.0
4310,7824.261,19.377579,1.9331057,16.00926253314268,16.009262533141865,0.0,0.0,0.0,0.0,0.0,0.0,0.0,0.0,0.0,0.0
4311,7826.0566,18.108103,2.0206726,16.006667248467085,16.00666724846646,0.0,0.0,0.0,0.0,0.0,0.0,0.0,0.0,0.0,0.0
4312,7827.8613,10.966966,2.9499354,16.004059577086114,16.004059577085638,0.0,0.0,0.0,0.0,0.0,0.0,0.0,0.0,0.0,0.0
4313,7829.6665,-1.5548562,7.423835,16.00145222637636,16.001452226376,0.0,0.0,0.0,0.0,0.0,0.0,0.0,0.0,0.0,0.0
4314,7831.472,10.177413,7.4332175,15.998845196530073,15.998845196529796,0.0,0.0,0.0,0.0,0.0,0.0,0.0,0.0,0.0,0.0
4315,7833.269,22.909624,4.651463,15.996251874539015,15.996251874538803,0.0,0.0,0.0,0.0,0.0,0.0,0.0,0.0,0.0,0.0
4316,7835.0757,17.957218,3.2822037,15.993645481727825,15.993645481727665,0.0,0.0,0.0,0.0,0.0,0.0,0.0,0.0,0.0,0.0
4317,7836.8823,10.282698,3.641268,15.991040114371879,15.991040114371758,0.0,0.0,0.0,0.0,0.0,0.0,0.0,0.0,0.0,0.0
4318,7838.681,16.782124,4.192003,15.988447031647944,15.988447031647851,0.0,0.0,0.0,0.0,0.0,0.0,0.0,0.0,0.0,0.0
4319,7840.4893,22.614483,3.44707,15.985841598469502,15.985841598469433,0.0,0.0,0.0,0.0,0.0,0.0,0.0,0.0,0.0,0.0
4320,7842.2964,18.56865,2.3760085,15.98323859686249,15.983238596862437,0.0,0.0,0.0,0.0,0.0,0.0,0.0,0.0,0.0,0.0
4321,7844.1045,15.97347,2.3325458,15.980635212892121,15.980635212892082,0.0,0.0,0.0,0.0,0.0,0.0,0.0,0.0,0.0,0.0
4322,7845.9053,17.905832,2.3476205,15.978043392340343,15.978043392340313,0.0,0.0,0.0,0.0,0.0,0.0,0.0,0.0,0.0,0.0
4323,7847.714,16.112068,2.8632448,15.97544134907442,15.975441349074396,0.0,0.0,0.0,0.0,0.0,0.0,0.0,0.0,0.0,0.0
4324,7849.5234,15.867457,2.9023242,15.972838924846654,15.972838924846638,0.0,0.0,0.0,0.0,0.0,0.0,0.0,0.0,0.0,0.0
4325,7851.335,16.17366,2.5135078,15.970234717066537,15.970234717066525,0.0,0.0,0.0,0.0,0.0,0.0,0.0,0.0,0.0,0.0
4326,7853.136,16.917856,2.276801,15.967646266635002,15.967646266634993,0.0,0.0,0.0,0.0,0.0,0.0,0.0,0.0,0.0,0.0
4327,7854.947,17.816858,2.2798421,15.965045505398974,15.965045505398967,0.0,0.0,0.0,0.0,0.0,0.0,0.0,0.0,0.0,0.0
4328,7856.7583,17.730848,2.3989768,15.962444365064595,15.96244436506459,0.0,0.0,0.0,0.0,0.0,0.0,0.0,0.0,0.0,0.0
4329,7858.561,17.072517,2.5810373,15.959856860706516,15.959856860706513,0.0,0.0,0.0,0.0,0.0,0.0,0.0,0.0,0.0,0.0
4330,7860.373,19.63418,2.7361038,15.957257060990916,15.957257060990912,0.0,0.0,0.0,0.0,0.0,0.0,0.0,0.0,0.0,0.0
4331,7862.1865,16.431963,2.8211262,15.954656183418614,15.954656183418612,0.0,0.0,0.0,0.0,0.0,0.0,0.0,0.0,0.0,0.0
4332,7863.999,13.426313,2.6752405,15.95205772921527,15.952057729215268,0.0,0.0,0.0,0.0,0.0,0.0,0.0,0.0,0.0,0.0
4333,7865.803,14.834642,2.5989537,15.949472190127324,15.949472190127322,0.0,0.0,0.0,0.0,0.0,0.0,0.0,0.0,0.0,0.0
4334,7867.618,16.901707,2.88489,15.94687227772313,15.946872277723129,0.0,0.0,0.0,0.0,0.0,0.0,0.0,0.0,0.0,0.0
4335,7869.432,17.25101,3.190394,15.944274786778683,15.944274786778683,0.0,0.0,0.0,0.0,0.0,0.0,0.0,0.0,0.0,0.0
4336,7871.2383,22.13365,4.1552234,15.94168949790136,15.94168949790136,0.0,0.0,0.0,0.0,0.0,0.0,0.0,0.0,0.0,0.0
4337,7873.0537,-16.235914,13.853611,15.93909194964475,15.93909194964475,0.0,0.0,0.0,0.0,0.0,0.0,0.0,0.0,0.0,0.0
4338,7874.8687,-5.3492384,6.63372,15.936496121610617,15.936496121610617,0.0,0.0,0.0,0.0,0.0,0.0,0.0,0.0,0.0,0.0
4339,7876.684,28.340914,3.3727407,15.933900616428678,15.933900616428678,0.0,0.0,0.0,0.0,0.0,0.0,0.0,0.0,0.0,0.0
4340,7878.4927,21.24974,5.1973934,15.931315899493267,15.931315899493267,0.0,0.0,0.0,0.0,0.0,0.0,0.0,0.0,0.0,0.0
4341,7880.309,-20.802032,15.09532,15.928721036459583,15.928721036459583,0.0,0.0,0.0,0.0,0.0,0.0,0.0,0.0,0.0,0.0
4342,7882.1265,-8.263819,28.371277,15.926125799707023,15.926125799707023,0.0,0.0,0.0,0.0,0.0,0.0,0.0,0.0,0.0,0.0
4343,7883.935,-8.263911,0.78860587,15.923544127416234,15.923544127416234,0.0,0.0,0.0,0.0,0.0,0.0,0.0,0.0,0.0,0.0
4344,7885.753,-8.264003,0.78860587,15.920950230520338,15.920950230520338,0.0,0.0,0.0,0.0,0.0,0.0,0.0,0.0,0.0,0.0
4345,7887.5713,-8.264095,0.78860587,15.918356657596862,15.918356657596862,0.0,0.0,0.0,0.0,0.0,0.0,0.0,0.0,0.0,0.0
4346,7889.3906,-8.264187,0.78860587,15.915762712793907,15.915762712793907,0.0,0.0,0.0,0.0,0.0,0.0,0.0,0.0,0.0,0.0
4347,7891.201,-8.264279,0.78860587,15.91318231239587,15.91318231239587,0.0,0.0,0.0,0.0,0.0,0.0,0.0,0.0,0.0,0.0
4348,7893.0205,-8.264371,0.78860587,15.910590403337483,15.910590403337483,0.0,0.0,0.0,0.0,0.0,0.0,0.0,0.0,0.0,0.0
4349,7894.841,-8.264464,0.78860587,15.907998123228138,15.907998123228138,0.0,0.0,0.0,0.0,0.0,0.0,0.0,0.0,0.0,0.0
4350,7896.653,-8.264555,0.78860587,15.905418677016021,15.905418677016021,0.0,0.0,0.0,0.0,0.0,0.0,0.0,0.0,0.0,0.0
4351,7898.4736,-8.264647,0.78860587,15.902827736635961,15.902827736635961,0.0,0.0,0.0,0.0,0.0,0.0,0.0,0.0,0.0,0.0
4352,7900.295,-8.26474,0.78860587,15.900237120976605,15.900237120976605,0.0,0.0,0.0,0.0,0.0,0.0,0.0,0.0,0.0,0.0
4353,7902.1167,-8.264831,0.78860587,15.897646830221701,15.897646830221701,0.0,0.0,0.0,0.0,0.0,0.0,0.0,0.0,0.0,0.0
4354,7903.9297,-8.264922,0.78860587,15.895070047758326,15.895070047758326,0.0,0.0,0.0,0.0,0.0,0.0,0.0,0.0,0.0,0.0
4355,7905.7534,-8.265016,0.78860587,15.892479015014736,15.892479015014736,0.0,0.0,0.0,0.0,0.0,0.0,0.0,0.0,0.0,0.0
4356,7907.5757,-8.265106,0.78860587,15.8898910820489,15.8898910820489,0.0,0.0,0.0,0.0,0.0,0.0,0.0,0.0,0.0,0.0
4357,7909.3906,-8.265198,0.78860587,15.887314562199592,15.887314562199592,0.0,0.0,0.0,0.0,0.0,0.0,0.0,0.0,0.0,0.0
4358,7911.2153,-8.26529,0.78860587,15.884725195860574,15.884725195860574,0.0,0.0,0.0,0.0,0.0,0.0,0.0,0.0,0.0,0.0
4359,7913.039,-8.265382,0.78860587,15.882138233544273,15.882138233544273,0.0,0.0,0.0,0.0,0.0,0.0,0.0,0.0,0.0,0.0
4360,7914.8633,-8.265473,0.78860587,15.879551596325093,15.879551596325093,0.0,0.0,0.0,0.0,0.0,0.0,0.0,0.0,0.0,0.0
