<IPython.core.display.HTML object>
/app/BADASS3/example_spectra/2-onur
/app/BADASS3/example_spectra/2-onur/my_sdss.fits
0.3479999899864197
Start process memory: 0.22040576                    
 Folder has not been created.  Creating MCMC_output folder...

 > Starting fit for 2-onur

 Input fitting region exceeds available wavelength range.  BADASS will adjust your fitting range automatically...
		- Input fitting range: (2900, 8000)
		- Available wavelength range: (2967, 7418)
		- New fitting region is (2967, 7419). 


 Input spectrum is not linearly binned. BADASS will linearly rebin and conserve flux...


-----------------------------------------------------------
 file:                        my_sdss.fits                  
 redshift:                    0.34800                       
 fitting region:              (2967,7419) [A]               
 velocity scale:              74.08 [km/s/pixel]            
 Galactic E(B-V):             0.190                         
 Flux Normalization:          1e-17                         
 Fit Normalization:           9.94065                       
-----------------------------------------------------------

 Initializing parameters...
----------------------------------------------------------------------------------------------------
	- Fitting additive legendre polynomial component.
	- Fitting Simple AGN power-law continuum.

 Warning! Peak finding algorithm used for initial guesses of amplitude and velocity failed! Defaulting to user-defined locations...

 Warning! Peak finding algorithm used for initial guesses of amplitude and velocity failed! Defaulting to user-defined locations...

----------------------------------------------------------------------------------------------------------------------------------------

----------------------------------------------------------------------------------------------------------------------------------------

 Line List:

----------------------------------------------------------------------------------------------------------------------------------------
BR_H_ALPHA                                                                                
                              amp                           free                          
                              center                        6564.632                      
                              center_pix                    3213.439730611314             
                              disp                          free                          
                              disp_res_ang                  35.913764891247396            
                              disp_res_kms                  1640.1034898500266            
                              line_profile                  gaussian                      
                              line_type                     br                            
                              ncomp                         1                             
                              voff                          free                          
BR_H_BETA                                                                                 
                              amp                           free                          
                              center                        4862.691                      
                              center_pix                    1999.00526952167              
                              disp                          free                          
                              disp_res_ang                  35.913764891247396            
                              disp_res_kms                  2214.1394246069017            
                              line_profile                  gaussian                      
                              line_type                     br                            
                              ncomp                         1                             
                              voff                          free                          
BR_H_DELTA                                                                                
                              amp                           free                          
                              center                        4102.9                        
                              center_pix                    1311.4782179593687            
                              disp                          free                          
                              disp_res_ang                  35.913764891247396            
                              disp_res_kms                  2624.1623858200687            
                              line_profile                  gaussian                      
                              line_type                     br                            
                              ncomp                         1                             
                              voff                          free                          
BR_H_GAMMA                                                                                
                              amp                           free                          
                              center                        4341.691                      
                              center_pix                    1540.3998148436597            
                              disp                          free                          
                              disp_res_ang                  35.913764891247396            
                              disp_res_kms                  2479.8346664424434            
                              line_profile                  gaussian                      
                              line_type                     br                            
                              ncomp                         1                             
                              voff                          free                          
NA_ARIII_7135                                                                             
                              amp                           free                          
                              center                        7135.79                       
                              center_pix                    3551.0423247188955            
                              disp                          free                          
                              disp_res_ang                  35.913764891247396            
                              disp_res_kms                  1508.8274532716293            
                              label                         [Ar III]                      
                              line_profile                  gaussian                      
                              line_type                     na                            
                              ncomp                         1                             
                              voff                          free                          
NA_FEVII_5720                                                                             
                              amp                           free                          
                              center                        5720.7                        
                              center_pix                    2656.5916542643276            
                              disp                          NA_FEVII_6087_DISP            
                              disp_res_ang                  35.913764891247396            
                              disp_res_kms                  1882.0556667507753            
                              label                         [Fe VII]                      
                              line_profile                  gaussian                      
                              line_type                     na                            
                              ncomp                         1                             
                              voff                          NA_FEVII_6087_VOFF            
NA_FEVII_6087                                                                             
                              amp                           free                          
                              center                        6087.0                        
                              center_pix                    2907.747117742844             
                              disp                          free                          
                              disp_res_ang                  35.913764891247396            
                              disp_res_kms                  1768.7983986826284            
                              label                         [Fe VII]                      
                              line_profile                  gaussian                      
                              line_type                     na                            
                              ncomp                         1                             
                              voff                          free                          
NA_FEVI_5638                                                                              
                              amp                           free                          
                              center                        5637.6                        
                              center_pix                    2597.3772906506156            
                              disp                          NA_FEVI_5677_DISP             
                              disp_res_ang                  35.913764891247396            
                              disp_res_kms                  1909.7977601782954            
                              label                         [Fe VI]                       
                              line_profile                  gaussian                      
                              line_type                     na                            
                              ncomp                         1                             
                              voff                          NA_FEVI_5677_VOFF             
NA_FEVI_5677                                                                              
                              amp                           free                          
                              center                        5677.0                        
                              center_pix                    2625.560496002655             
                              disp                          free                          
                              disp_res_ang                  35.913764891247396            
                              disp_res_kms                  1896.5432187389747            
                              label                         [Fe VI]                       
                              line_profile                  gaussian                      
                              line_type                     na                            
                              ncomp                         1                             
                              voff                          free                          
NA_FEX_6374                                                                               
                              amp                           free                          
                              center                        6374.51                       
                              center_pix                    3094.5101768987274            
                              disp                          NA_NII_6585_DISP              
                              disp_res_ang                  35.913764891247396            
                              disp_res_kms                  1689.0201525734776            
                              label                         [Fe X]                        
                              line_profile                  gaussian                      
                              line_type                     na                            
                              ncomp                         1                             
                              voff                          free                          
NA_HEII_3203                                                                              
                              amp                           free                          
                              center                        3203.1                        
                              center_pix                    309.6152174336715             
                              disp                          free                          
                              disp_res_ang                  35.913764891247396            
                              disp_res_kms                  3361.3299156383378            
                              label                         He II                         
                              line_profile                  gaussian                      
                              line_type                     na                            
                              ncomp                         1                             
                              voff                          free                          
NA_HEII_4687                                                                              
                              amp                           free                          
                              center                        4687.021                      
                              center_pix                    1850.1075699214               
                              disp                          free                          
                              disp_res_ang                  35.913764891247396            
                              disp_res_kms                  2297.125584199678             
                              label                         He II                         
                              line_profile                  gaussian                      
                              line_type                     na                            
                              ncomp                         1                             
                              voff                          free                          
NA_HEI_3889                                                                               
                              amp                           free                          
                              center                        3888.647                      
                              center_pix                    1094.442219712871             
                              disp                          free                          
                              disp_res_ang                  35.913764891247396            
                              disp_res_kms                  2768.746006716773             
                              label                         He I                          
                              line_profile                  gaussian                      
                              line_type                     na                            
                              ncomp                         1                             
                              voff                          free                          
NA_HEI_5876                                                                               
                              amp                           free                          
                              center                        5875.624                      
                              center_pix                    2764.724057688043             
                              disp                          free                          
                              disp_res_ang                  35.913764891247396            
                              disp_res_kms                  1832.43104949894              
                              label                         He I                          
                              line_profile                  gaussian                      
                              line_type                     na                            
                              ncomp                         1                             
                              voff                          free                          
NA_HEI_7062                                                                               
                              amp                           free                          
                              center                        7065.196                      
                              center_pix                    3510.8091173847906            
                              disp                          free                          
                              disp_res_ang                  35.913764891247396            
                              disp_res_kms                  1523.9033499963991            
                              label                         He I                          
                              line_profile                  gaussian                      
                              line_type                     na                            
                              ncomp                         1                             
                              voff                          free                          
NA_H_ALPHA                                                                                
                              amp                           free                          
                              center                        6564.632                      
                              center_pix                    3213.439730611314             
                              disp                          NA_NII_6585_DISP              
                              disp_res_ang                  35.913764891247396            
                              disp_res_kms                  1640.1034898500266            
                              label                         H$\alpha$                     
                              line_profile                  gaussian                      
                              line_type                     na                            
                              ncomp                         1                             
                              voff                          NA_NII_6585_VOFF              
NA_H_BETA                                                                                 
                              amp                           free                          
                              center                        4862.691                      
                              center_pix                    1999.00526952167              
                              disp                          NA_OIII_5007_DISP             
                              disp_res_ang                  35.913764891247396            
                              disp_res_kms                  2214.1394246069017            
                              label                         H$\beta$                      
                              line_profile                  gaussian                      
                              line_type                     na                            
                              ncomp                         1                             
                              voff                          free                          
NA_H_DELTA                                                                                
                              amp                           free                          
                              center                        4102.9                        
                              center_pix                    1311.4782179593687            
                              disp                          NA_H_GAMMA_DISP               
                              disp_res_ang                  35.913764891247396            
                              disp_res_kms                  2624.1623858200687            
                              label                         H$\delta$                     
                              line_profile                  gaussian                      
                              line_type                     na                            
                              ncomp                         1                             
                              voff                          NA_H_GAMMA_VOFF               
NA_H_GAMMA                                                                                
                              amp                           free                          
                              center                        4341.691                      
                              center_pix                    1540.3998148436597            
                              disp                          free                          
                              disp_res_ang                  35.913764891247396            
                              disp_res_kms                  2479.8346664424434            
                              label                         H$\gamma$                     
                              line_profile                  gaussian                      
                              line_type                     na                            
                              ncomp                         1                             
                              voff                          free                          
NA_NEIII_3869                                                                             
                              amp                           free                          
                              center                        3869.857                      
                              center_pix                    1074.8410961646537            
                              disp                          free                          
                              disp_res_ang                  35.913764891247396            
                              disp_res_kms                  2782.189588085854             
                              label                         [Ne III]                      
                              line_profile                  gaussian                      
                              line_type                     na                            
                              ncomp                         1                             
                              voff                          free                          
NA_NEIII_3968                                                                             
                              amp                           free                          
                              center                        3968.593                      
                              center_pix                    1176.7940767371024            
                              disp                          NA_NEIII_3869_DISP            
                              disp_res_ang                  35.913764891247396            
                              disp_res_kms                  2712.9705295506897            
                              label                         [Ne III]                      
                              line_profile                  gaussian                      
                              line_type                     na                            
                              ncomp                         1                             
                              voff                          NA_NEIII_3869_VOFF            
NA_NEV_3346                                                                               
                              amp                           free                          
                              center                        3346.783                      
                              center_pix                    487.18668477884773            
                              disp                          free                          
                              disp_res_ang                  35.913764891247396            
                              disp_res_kms                  3217.022392184124             
                              label                         [Ne V]                        
                              line_profile                  gaussian                      
                              line_type                     na                            
                              ncomp                         1                             
                              voff                          free                          
NA_NEV_3426                                                                               
                              amp                           free                          
                              center                        3426.863                      
                              center_pix                    582.8737998268626             
                              disp                          NA_NEV_3346_DISP              
                              disp_res_ang                  35.913764891247396            
                              disp_res_kms                  3141.8460127472736            
                              label                         [Ne V]                        
                              line_profile                  gaussian                      
                              line_type                     na                            
                              ncomp                         1                             
                              voff                          NA_NEV_3346_VOFF              
NA_NII_6549                                                                               
                              amp                           NA_NII_6585_AMP/2.93          
                              center                        6549.859                      
                              center_pix                    3204.3227944591185            
                              disp                          NA_NII_6585_DISP              
                              disp_res_ang                  35.913764891247396            
                              disp_res_kms                  1643.8026914443744            
                              label                         [N II]                        
                              line_profile                  gaussian                      
                              line_type                     na                            
                              ncomp                         1                             
                              voff                          NA_NII_6585_VOFF              
NA_NII_6585                                                                               
                              amp                           free                          
                              center                        6585.278                      
                              center_pix                    3226.1468071400573            
                              disp                          free                          
                              disp_res_ang                  35.913764891247396            
                              disp_res_kms                  1634.9614781306361            
                              label                         [N II]                        
                              line_profile                  gaussian                      
                              line_type                     na                            
                              ncomp                         1                             
                              voff                          free                          
NA_OIII_4364                                                                              
                              amp                           free                          
                              center                        4364.436                      
                              center_pix                    1561.54412619904              
                              disp                          NA_H_GAMMA_DISP               
                              disp_res_ang                  35.913764891247396            
                              disp_res_kms                  2466.911154793233             
                              label                         [O III]                       
                              line_profile                  gaussian                      
                              line_type                     na                            
                              ncomp                         1                             
                              voff                          NA_H_GAMMA_VOFF               
NA_OIII_4960                                                                              
                              amp                           (NA_OIII_5007_AMP/2.98)       
                              center                        4960.295                      
                              center_pix                    2079.426341794273             
                              disp                          NA_OIII_5007_DISP             
                              disp_res_ang                  35.913764891247396            
                              disp_res_kms                  2170.57168026925              
                              label                         [O III]                       
                              line_profile                  gaussian                      
                              line_type                     na                            
                              ncomp                         1                             
                              voff                          NA_OIII_5007_VOFF             
NA_OIII_5007                                                                              
                              amp                           free                          
                              center                        5008.24                       
                              center_pix                    2118.3529882506477            
                              disp                          free                          
                              disp_res_ang                  35.913764891247396            
                              disp_res_kms                  2149.7923128246966            
                              label                         [O III]                       
                              line_profile                  gaussian                      
                              line_type                     na                            
                              ncomp                         1                             
                              voff                          free                          
NA_OII_3727                                                                               
                              amp                           free                          
                              center                        3727.092                      
                              center_pix                    922.7284476008236             
                              disp                          NA_OII_3729_DISP              
                              disp_res_ang                  35.913764891247396            
                              disp_res_kms                  2888.760420397768             
                              label                         [O II]                        
                              line_profile                  gaussian                      
                              line_type                     na                            
                              ncomp                         1                             
                              voff                          NA_OII_3729_VOFF              
NA_OII_3729                                                                               
                              amp                           free                          
                              center                        3729.875                      
                              center_pix                    925.7489752401567             
                              disp                          free                          
                              disp_res_ang                  35.913764891247396            
                              disp_res_kms                  2886.605007615847             
                              line_profile                  gaussian                      
                              line_type                     na                            
                              ncomp                         1                             
                              voff                          free                          
NA_OII_7319                                                                               
                              amp                           free                          
                              center                        7319.99                       
                              center_pix                    3654.1766382849564            
                              disp                          NA_OII_7331_DISP              
                              disp_res_ang                  35.913764891247396            
                              disp_res_kms                  1470.8593663080358            
                              label                         [O II]                        
                              line_profile                  gaussian                      
                              line_type                     na                            
                              ncomp                         1                             
                              voff                          NA_OII_7331_VOFF              
NA_OII_7331                                                                               
                              amp                           free                          
                              center                        7330.73                       
                              center_pix                    3660.109680762756             
                              disp                          free                          
                              disp_res_ang                  35.913764891247396            
                              disp_res_kms                  1468.7044609174202            
                              label                         [O II]                        
                              line_profile                  gaussian                      
                              line_type                     na                            
                              ncomp                         1                             
                              voff                          free                          
NA_OI_6302                                                                                
                              amp                           free                          
                              center                        6302.046                      
                              center_pix                    3048.2446711756684            
                              disp                          NA_NII_6585_DISP              
                              disp_res_ang                  35.913764891247396            
                              disp_res_kms                  1708.4413304474704            
                              label                         [O I]                         
                              line_profile                  gaussian                      
                              line_type                     na                            
                              ncomp                         1                             
                              voff                          NA_NII_6585_VOFF              
NA_OI_6365                                                                                
                              amp                           NA_OI_6302_AMP/3.0            
                              center                        6365.535                      
                              center_pix                    3088.8086089251506            
                              disp                          NA_NII_6585_DISP              
                              disp_res_ang                  35.913764891247396            
                              disp_res_kms                  1691.40156369907              
                              label                         [O I]                         
                              line_profile                  gaussian                      
                              line_type                     na                            
                              ncomp                         1                             
                              voff                          NA_NII_6585_VOFF              
NA_SIII_6312                                                                              
                              amp                           free                          
                              center                        6312.06                       
                              center_pix                    3054.6698102603405            
                              disp                          NA_NII_6585_DISP              
                              disp_res_ang                  35.913764891247396            
                              disp_res_kms                  1705.7309107931735            
                              label                         [S III]                       
                              line_profile                  gaussian                      
                              line_type                     na                            
                              ncomp                         1                             
                              voff                          free                          
NA_SII_6718                                                                               
                              amp                           free                          
                              center                        6718.294                      
                              center_pix                    3307.0716315634036            
                              disp                          NA_NII_6585_DISP              
                              disp_res_ang                  35.913764891247396            
                              disp_res_kms                  1602.5907548525204            
                              label                         [S II]                        
                              line_profile                  gaussian                      
                              line_type                     na                            
                              ncomp                         1                             
                              voff                          NA_NII_6585_VOFF              
NA_SII_6732                                                                               
                              amp                           free                          
                              center                        6732.668                      
                              center_pix                    3315.7204196822045            
                              disp                          NA_NII_6585_DISP              
                              disp_res_ang                  35.913764891247396            
                              disp_res_kms                  1599.16928218964              
                              label                         [S II]                        
                              line_profile                  gaussian                      
                              line_type                     na                            
                              ncomp                         1                             
                              voff                          NA_NII_6585_VOFF              

----------------------------------------------------------------------------------------------------------------------------------------

 Number of Free Line Parameters: 75

----------------------------------------------------------------------------------------------------------------------------------------

 All Free Parameters:

----------------------------------------------------------------------------------------------------------------------------------------
APOLY_COEFF_1                                                                             
                              init                          0.0                           
                              plim                          (-100.0, 100.0)               
APOLY_COEFF_2                                                                             
                              init                          0.0                           
                              plim                          (-100.0, 100.0)               
APOLY_COEFF_3                                                                             
                              init                          0.0                           
                              plim                          (-100.0, 100.0)               
APOLY_COEFF_4                                                                             
                              init                          0.0                           
                              plim                          (-100.0, 100.0)               
APOLY_COEFF_5                                                                             
                              init                          0.0                           
                              plim                          (-100.0, 100.0)               
APOLY_COEFF_6                                                                             
                              init                          0.0                           
                              plim                          (-100.0, 100.0)               
APOLY_COEFF_7                                                                             
                              init                          0.0                           
                              plim                          (-100.0, 100.0)               
BR_H_ALPHA_AMP                                                                            
                              init                          0.7948245720721098            
                              plim                          (0, 1000)                     
BR_H_ALPHA_DISP                                                                           
                              init                          500.0                         
                              plim                          (0, 1000)                     
BR_H_ALPHA_VOFF                                                                           
                              init                          0.0                           
                              plim                          (-10000, 10000)               
                              prior                         {'type': 'gaussian'}          
BR_H_BETA_AMP                                                                             
                              init                          0.4328172953558956            
                              plim                          (0, 1000)                     
BR_H_BETA_DISP                                                                            
                              init                          500.0                         
                              plim                          (0, 1000)                     
BR_H_BETA_VOFF                                                                            
                              init                          0.0                           
                              plim                          (-10000, 10000)               
                              prior                         {'type': 'gaussian'}          
BR_H_DELTA_AMP                                                                            
                              init                          0.5246651345671226            
                              plim                          (0, 1000)                     
BR_H_DELTA_DISP                                                                           
                              init                          500.0                         
                              plim                          (0, 1000)                     
BR_H_DELTA_VOFF                                                                           
                              init                          0.0                           
                              plim                          (-10000, 10000)               
                              prior                         {'type': 'gaussian'}          
BR_H_GAMMA_AMP                                                                            
                              init                          0.5039069058000752            
                              plim                          (0, 1000)                     
BR_H_GAMMA_DISP                                                                           
                              init                          500.0                         
                              plim                          (0, 1000)                     
BR_H_GAMMA_VOFF                                                                           
                              init                          0.0                           
                              plim                          (-10000, 10000)               
                              prior                         {'type': 'gaussian'}          
NA_ARIII_7135_AMP                                                                         
                              init                          0.3299192023879993            
                              plim                          (0, 1000)                     
NA_ARIII_7135_DISP                                                                        
                              init                          10.0                          
                              plim                          (0, 20)                       
NA_ARIII_7135_VOFF                                                                        
                              init                          0.0                           
                              plim                          (-1200, 1200)                 
                              prior                         {'type': 'gaussian'}          
NA_FEVII_5720_AMP                                                                         
                              init                          0.38074226519353105           
                              plim                          (0, 1000)                     
NA_FEVII_6087_AMP                                                                         
                              init                          0.4326806069287725            
                              plim                          (0, 1000)                     
NA_FEVII_6087_DISP                                                                        
                              init                          10.0                          
                              plim                          (0, 20)                       
NA_FEVII_6087_VOFF                                                                        
                              init                          0.0                           
                              plim                          (-1200, 1200)                 
                              prior                         {'type': 'gaussian'}          
NA_FEVI_5638_AMP                                                                          
                              init                          0.37787266616819043           
                              plim                          (0, 1000)                     
NA_FEVI_5677_AMP                                                                          
                              init                          0.35893619719930797           
                              plim                          (0, 1000)                     
NA_FEVI_5677_DISP                                                                         
                              init                          10.0                          
                              plim                          (0, 20)                       
NA_FEVI_5677_VOFF                                                                         
                              init                          0.0                           
                              plim                          (-1200, 1200)                 
                              prior                         {'type': 'gaussian'}          
NA_FEX_6374_AMP                                                                           
                              init                          0.38011124293447485           
                              plim                          (0, 1000)                     
NA_FEX_6374_VOFF                                                                          
                              init                          0.0                           
                              plim                          (-1200, 1200)                 
                              prior                         {'type': 'gaussian'}          
NA_HEII_3203_AMP                                                                          
                              init                          0.598590028507031             
                              plim                          (0, 1000)                     
NA_HEII_3203_DISP                                                                         
                              init                          10.0                          
                              plim                          (0, 20)                       
NA_HEII_3203_VOFF                                                                         
                              init                          0.0                           
                              plim                          (-1200, 1200)                 
                              prior                         {'type': 'gaussian'}          
NA_HEII_4687_AMP                                                                          
                              init                          0.5180287862818633            
                              plim                          (0, 1000)                     
NA_HEII_4687_DISP                                                                         
                              init                          10.0                          
                              plim                          (0, 20)                       
NA_HEII_4687_VOFF                                                                         
                              init                          0.0                           
                              plim                          (-1200, 1200)                 
                              prior                         {'type': 'gaussian'}          
NA_HEI_3889_AMP                                                                           
                              init                          0.5760552193952642            
                              plim                          (0, 1000)                     
NA_HEI_3889_DISP                                                                          
                              init                          10.0                          
                              plim                          (0, 20)                       
NA_HEI_3889_VOFF                                                                          
                              init                          0.0                           
                              plim                          (-1200, 1200)                 
                              prior                         {'type': 'gaussian'}          
NA_HEI_5876_AMP                                                                           
                              init                          0.4128077563837052            
                              plim                          (0, 1000)                     
NA_HEI_5876_DISP                                                                          
                              init                          10.0                          
                              plim                          (0, 20)                       
NA_HEI_5876_VOFF                                                                          
                              init                          0.0                           
                              plim                          (-1200, 1200)                 
                              prior                         {'type': 'gaussian'}          
NA_HEI_7062_AMP                                                                           
                              init                          0.39445352689371244           
                              plim                          (0, 1000)                     
NA_HEI_7062_DISP                                                                          
                              init                          10.0                          
                              plim                          (0, 20)                       
NA_HEI_7062_VOFF                                                                          
                              init                          0.0                           
                              plim                          (-1200, 1200)                 
                              prior                         {'type': 'gaussian'}          
NA_H_ALPHA_AMP                                                                            
                              init                          0.7948245720721098            
                              plim                          (0, 1000)                     
NA_H_BETA_AMP                                                                             
                              init                          0.4328172953558956            
                              plim                          (0, 1000)                     
NA_H_BETA_VOFF                                                                            
                              init                          0.0                           
                              plim                          (-1200, 1200)                 
                              prior                         {'type': 'gaussian'}          
NA_H_DELTA_AMP                                                                            
                              init                          0.5246651345671226            
                              plim                          (0, 1000)                     
NA_H_GAMMA_AMP                                                                            
                              init                          0.5039069058000752            
                              plim                          (0, 1000)                     
NA_H_GAMMA_DISP                                                                           
                              init                          10.0                          
                              plim                          (0, 20)                       
NA_H_GAMMA_VOFF                                                                           
                              init                          0.0                           
                              plim                          (-1200, 1200)                 
                              prior                         {'type': 'gaussian'}          
NA_NEIII_3869_AMP                                                                         
                              init                          0.5650634704753568            
                              plim                          (0, 1000)                     
NA_NEIII_3869_DISP                                                                        
                              init                          10.0                          
                              plim                          (0, 20)                       
NA_NEIII_3869_VOFF                                                                        
                              init                          0.0                           
                              plim                          (-1200, 1200)                 
                              prior                         {'type': 'gaussian'}          
NA_NEIII_3968_AMP                                                                         
                              init                          0.5605561353847595            
                              plim                          (0, 1000)                     
NA_NEV_3346_AMP                                                                           
                              init                          0.6385498187617421            
                              plim                          (0, 1000)                     
NA_NEV_3346_DISP                                                                          
                              init                          10.0                          
                              plim                          (0, 20)                       
NA_NEV_3346_VOFF                                                                          
                              init                          0.0                           
                              plim                          (-1200, 1200)                 
                              prior                         {'type': 'gaussian'}          
NA_NEV_3426_AMP                                                                           
                              init                          0.48751907800511873           
                              plim                          (0, 1000)                     
NA_NII_6585_AMP                                                                           
                              init                          0.42644141103138              
                              plim                          (0, 1000)                     
NA_NII_6585_DISP                                                                          
                              init                          10.0                          
                              plim                          (0, 20)                       
NA_NII_6585_VOFF                                                                          
                              init                          0.0                           
                              plim                          (-1200, 1200)                 
                              prior                         {'type': 'gaussian'}          
NA_OIII_4364_AMP                                                                          
                              init                          0.49648412694515237           
                              plim                          (0, 1000)                     
NA_OIII_5007_AMP                                                                          
                              init                          0.8777015498317587            
                              plim                          (0, 1000)                     
NA_OIII_5007_DISP                                                                         
                              init                          10.0                          
                              plim                          (0, 20)                       
NA_OIII_5007_VOFF                                                                         
                              init                          0.0                           
                              plim                          (-1200, 1200)                 
                              prior                         {'type': 'gaussian'}          
NA_OII_3727_AMP                                                                           
                              init                          0.5298146063321549            
                              plim                          (0, 1000)                     
NA_OII_3729_AMP                                                                           
                              init                          0.5305902086948743            
                              plim                          (0, 1000)                     
NA_OII_3729_DISP                                                                          
                              init                          10.0                          
                              plim                          (0, 20)                       
NA_OII_3729_VOFF                                                                          
                              init                          0.0                           
                              plim                          (-1200, 1200)                 
                              prior                         {'type': 'gaussian'}          
NA_OII_7319_AMP                                                                           
                              init                          0.3679799657296484            
                              plim                          (0, 1000)                     
NA_OII_7331_AMP                                                                           
                              init                          0.3403374870042605            
                              plim                          (0, 1000)                     
NA_OII_7331_DISP                                                                          
                              init                          10.0                          
                              plim                          (0, 20)                       
NA_OII_7331_VOFF                                                                          
                              init                          0.0                           
                              plim                          (-1200, 1200)                 
                              prior                         {'type': 'gaussian'}          
NA_OI_6302_AMP                                                                            
                              init                          0.38753635737712766           
                              plim                          (0, 1000)                     
NA_SIII_6312_AMP                                                                          
                              init                          0.3867341354778738            
                              plim                          (0, 1000)                     
NA_SIII_6312_VOFF                                                                         
                              init                          0.0                           
                              plim                          (-1200, 1200)                 
                              prior                         {'type': 'gaussian'}          
NA_SII_6718_AMP                                                                           
                              init                          0.4077387549485311            
                              plim                          (0, 1000)                     
NA_SII_6732_AMP                                                                           
                              init                          0.3981365064729749            
                              plim                          (0, 1000)                     
POWER_AMP                                                                                 
                              init                          0.2479274084849787            
                              plim                          (0, 1.4999998169955353)       
POWER_SLOPE                                                                               
                              init                          -1.0                          
                              plim                          (-6.0, 6.0)                   

----------------------------------------------------------------------------------------------------------------------------------------

 Total number of free parameters: 84

----------------------------------------------------------------------------------------------------------------------------------------

 Soft Constraints:


----------------------------------------------------------------------------------------------------------------------------------------

----------------------------------------------------------------------------------------------------------------------------------------

 Required Maximum Likelihood RMSE threshold: 0.2117 


 Performing max. likelihood fitting.

 Using Basin-hopping algorithm to estimate parameters. niter_success = 25
basinhopping step 0: f 204548
 Fit Status: False
 Force threshold: 0.2117
 Lowest RMSE: 0.4321
 Current RMSE: 0.4321
 Accepted count: 1
 Basinhop count: 0


adaptive stepsize: acceptance rate 0.000000 target 0.500000 new stepsize 0.9 old stepsize 1
basinhopping step 1: f 204548 trial_f 2.55369e+06 accepted 0  lowest_f 204548
 Fit Status: False
 Force threshold: 0.2117
 Lowest RMSE: 0.4321
 Current RMSE: 1.4805
 Accepted count: 1
 Basinhop count: 1


adaptive stepsize: acceptance rate 0.000000 target 0.500000 new stepsize 0.81 old stepsize 0.9
basinhopping step 2: f 204548 trial_f 1.46343e+06 accepted 0  lowest_f 204548
 Fit Status: False
 Force threshold: 0.2117
 Lowest RMSE: 0.4321
 Current RMSE: 1.1237
 Accepted count: 1
 Basinhop count: 2


adaptive stepsize: acceptance rate 0.000000 target 0.500000 new stepsize 0.729 old stepsize 0.81
basinhopping step 3: f 204548 trial_f 247868 accepted 0  lowest_f 204548
 Fit Status: False
 Force threshold: 0.2117
 Lowest RMSE: 0.4321
 Current RMSE: 0.4445
 Accepted count: 1
 Basinhop count: 3


adaptive stepsize: acceptance rate 0.000000 target 0.500000 new stepsize 0.6561 old stepsize 0.729
basinhopping step 4: f 204548 trial_f 1.29203e+06 accepted 0  lowest_f 204548
 Fit Status: False
 Force threshold: 0.2117
 Lowest RMSE: 0.4321
 Current RMSE: 1.0442
 Accepted count: 1
 Basinhop count: 4


adaptive stepsize: acceptance rate 0.000000 target 0.500000 new stepsize 0.59049 old stepsize 0.6561
basinhopping step 5: f 204548 trial_f 1.05852e+06 accepted 0  lowest_f 204548
 Fit Status: False
 Force threshold: 0.2117
 Lowest RMSE: 0.4321
 Current RMSE: 0.9689
 Accepted count: 1
 Basinhop count: 5


adaptive stepsize: acceptance rate 0.000000 target 0.500000 new stepsize 0.531441 old stepsize 0.59049
basinhopping step 6: f 204548 trial_f 465394 accepted 0  lowest_f 204548
 Fit Status: False
 Force threshold: 0.2117
 Lowest RMSE: 0.4321
 Current RMSE: 0.6890
 Accepted count: 1
 Basinhop count: 6


adaptive stepsize: acceptance rate 0.000000 target 0.500000 new stepsize 0.478297 old stepsize 0.531441
basinhopping step 7: f 204548 trial_f 402032 accepted 0  lowest_f 204548
 Fit Status: False
 Force threshold: 0.2117
 Lowest RMSE: 0.4321
 Current RMSE: 0.5710
 Accepted count: 1
 Basinhop count: 7


adaptive stepsize: acceptance rate 0.000000 target 0.500000 new stepsize 0.430467 old stepsize 0.478297
basinhopping step 8: f 204548 trial_f 919652 accepted 0  lowest_f 204548
 Fit Status: False
 Force threshold: 0.2117
 Lowest RMSE: 0.4321
 Current RMSE: 0.9423
 Accepted count: 1
 Basinhop count: 8


adaptive stepsize: acceptance rate 0.000000 target 0.500000 new stepsize 0.38742 old stepsize 0.430467
basinhopping step 9: f 204548 trial_f 868166 accepted 0  lowest_f 204548
 Fit Status: False
 Force threshold: 0.2117
 Lowest RMSE: 0.4321
 Current RMSE: 0.8711
 Accepted count: 1
 Basinhop count: 9


adaptive stepsize: acceptance rate 0.000000 target 0.500000 new stepsize 0.348678 old stepsize 0.38742
basinhopping step 10: f 204548 trial_f 1.30869e+06 accepted 0  lowest_f 204548
 Fit Status: False
 Force threshold: 0.2117
 Lowest RMSE: 0.4321
 Current RMSE: 1.0287
 Accepted count: 1
 Basinhop count: 10


adaptive stepsize: acceptance rate 0.000000 target 0.500000 new stepsize 0.313811 old stepsize 0.348678
basinhopping step 11: f 45890.8 trial_f 45890.8 accepted 1  lowest_f 45890.8
found new global minimum on step 11 with function value 45890.8
 Fit Status: False
 Force threshold: 0.2117
 Lowest RMSE: 0.1584
 Current RMSE: 0.1584
 Accepted count: 2
 Basinhop count: 0


adaptive stepsize: acceptance rate 0.083333 target 0.500000 new stepsize 0.28243 old stepsize 0.313811
basinhopping step 12: f 45890.8 trial_f 127439 accepted 0  lowest_f 45890.8
 Fit Status: False
 Force threshold: 0.2117
 Lowest RMSE: 0.1584
 Current RMSE: 0.3314
 Accepted count: 2
 Basinhop count: 1


adaptive stepsize: acceptance rate 0.076923 target 0.500000 new stepsize 0.254187 old stepsize 0.28243
warning: basinhopping: local minimization failure
basinhopping step 13: f 29565.2 trial_f 29565.2 accepted 1  lowest_f 29565.2
found new global minimum on step 13 with function value 29565.2
 Fit Status: False
 Force threshold: 0.2117
 Lowest RMSE: 0.1011
 Current RMSE: 0.1011
 Accepted count: 3
 Basinhop count: 0


adaptive stepsize: acceptance rate 0.142857 target 0.500000 new stepsize 0.228768 old stepsize 0.254187
warning: basinhopping: local minimization failure
basinhopping step 14: f 29564.3 trial_f 29564.3 accepted 1  lowest_f 29564.3
found new global minimum on step 14 with function value 29564.3
 Fit Status: False
 Force threshold: 0.2117
 Lowest RMSE: 0.1011
 Current RMSE: 0.1011
 Accepted count: 4
 Basinhop count: 0


adaptive stepsize: acceptance rate 0.200000 target 0.500000 new stepsize 0.205891 old stepsize 0.228768
basinhopping step 15: f 29564.3 trial_f 47270.7 accepted 0  lowest_f 29564.3
 Fit Status: False
 Force threshold: 0.2117
 Lowest RMSE: 0.1011
 Current RMSE: 0.1941
 Accepted count: 4
 Basinhop count: 1


adaptive stepsize: acceptance rate 0.187500 target 0.500000 new stepsize 0.185302 old stepsize 0.205891
basinhopping step 16: f 29564.3 trial_f 137810 accepted 0  lowest_f 29564.3
 Fit Status: False
 Force threshold: 0.2117
 Lowest RMSE: 0.1011
 Current RMSE: 0.3164
 Accepted count: 4
 Basinhop count: 2


adaptive stepsize: acceptance rate 0.176471 target 0.500000 new stepsize 0.166772 old stepsize 0.185302
basinhopping step 17: f 29564.3 trial_f 64951.2 accepted 0  lowest_f 29564.3
 Fit Status: False
 Force threshold: 0.2117
 Lowest RMSE: 0.1011
 Current RMSE: 0.2216
 Accepted count: 4
 Basinhop count: 3


adaptive stepsize: acceptance rate 0.166667 target 0.500000 new stepsize 0.150095 old stepsize 0.166772
warning: basinhopping: local minimization failure
basinhopping step 18: f 29562.9 trial_f 29562.9 accepted 1  lowest_f 29562.9
found new global minimum on step 18 with function value 29562.9
 Fit Status: False
 Force threshold: 0.2117
 Lowest RMSE: 0.1011
 Current RMSE: 0.1011
 Accepted count: 5
 Basinhop count: 0


adaptive stepsize: acceptance rate 0.210526 target 0.500000 new stepsize 0.135085 old stepsize 0.150095
basinhopping step 19: f 29562.9 trial_f 29570.7 accepted 0  lowest_f 29562.9
 Fit Status: False
 Force threshold: 0.2117
 Lowest RMSE: 0.1011
 Current RMSE: 0.1011
 Accepted count: 5
 Basinhop count: 1


adaptive stepsize: acceptance rate 0.200000 target 0.500000 new stepsize 0.121577 old stepsize 0.135085
basinhopping step 20: f 29562.9 trial_f 49855.7 accepted 0  lowest_f 29562.9
 Fit Status: False
 Force threshold: 0.2117
 Lowest RMSE: 0.1011
 Current RMSE: 0.1566
 Accepted count: 5
 Basinhop count: 2


adaptive stepsize: acceptance rate 0.190476 target 0.500000 new stepsize 0.109419 old stepsize 0.121577
basinhopping step 21: f 29562.9 trial_f 44588.1 accepted 0  lowest_f 29562.9
 Fit Status: False
 Force threshold: 0.2117
 Lowest RMSE: 0.1011
 Current RMSE: 0.1699
 Accepted count: 5
 Basinhop count: 3


adaptive stepsize: acceptance rate 0.181818 target 0.500000 new stepsize 0.0984771 old stepsize 0.109419
basinhopping step 22: f 29562.9 trial_f 35192 accepted 0  lowest_f 29562.9
 Fit Status: False
 Force threshold: 0.2117
 Lowest RMSE: 0.1011
 Current RMSE: 0.1143
 Accepted count: 5
 Basinhop count: 4


adaptive stepsize: acceptance rate 0.173913 target 0.500000 new stepsize 0.0886294 old stepsize 0.0984771
basinhopping step 23: f 29562.9 trial_f 29562.9 accepted 1  lowest_f 29562.9
found new global minimum on step 23 with function value 29562.9
 Fit Status: False
 Force threshold: 0.2117
 Lowest RMSE: 0.1011
 Current RMSE: 0.1011
 Accepted count: 6
 Basinhop count: 0


adaptive stepsize: acceptance rate 0.208333 target 0.500000 new stepsize 0.0797664 old stepsize 0.0886294
basinhopping step 24: f 29562.9 trial_f 37003.7 accepted 0  lowest_f 29562.9
 Fit Status: False
 Force threshold: 0.2117
 Lowest RMSE: 0.1011
 Current RMSE: 0.1419
 Accepted count: 6
 Basinhop count: 1


adaptive stepsize: acceptance rate 0.200000 target 0.500000 new stepsize 0.0717898 old stepsize 0.0797664
basinhopping step 25: f 29562.9 trial_f 42600.2 accepted 0  lowest_f 29562.9
 Fit Status: False
 Force threshold: 0.2117
 Lowest RMSE: 0.1011
 Current RMSE: 0.1640
 Accepted count: 6
 Basinhop count: 2


adaptive stepsize: acceptance rate 0.192308 target 0.500000 new stepsize 0.0646108 old stepsize 0.0717898
basinhopping step 26: f 29562.9 trial_f 29576.8 accepted 0  lowest_f 29562.9
 Fit Status: False
 Force threshold: 0.2117
 Lowest RMSE: 0.1011
 Current RMSE: 0.1012
 Accepted count: 6
 Basinhop count: 3


adaptive stepsize: acceptance rate 0.185185 target 0.500000 new stepsize 0.0581497 old stepsize 0.0646108
basinhopping step 27: f 29562.9 trial_f 29562.9 accepted 1  lowest_f 29562.9
 Fit Status: False
 Force threshold: 0.2117
 Lowest RMSE: 0.1011
 Current RMSE: 0.1011
 Accepted count: 7
 Basinhop count: 4


adaptive stepsize: acceptance rate 0.214286 target 0.500000 new stepsize 0.0523348 old stepsize 0.0581497
basinhopping step 28: f 29562.3 trial_f 29562.3 accepted 1  lowest_f 29562.3
found new global minimum on step 28 with function value 29562.3
 Fit Status: False
 Force threshold: 0.2117
 Lowest RMSE: 0.1011
 Current RMSE: 0.1011
 Accepted count: 8
 Basinhop count: 0


adaptive stepsize: acceptance rate 0.241379 target 0.500000 new stepsize 0.0471013 old stepsize 0.0523348
basinhopping step 29: f 29562.3 trial_f 29562.3 accepted 1  lowest_f 29562.3
found new global minimum on step 29 with function value 29562.3
 Fit Status: False
 Force threshold: 0.2117
 Lowest RMSE: 0.1011
 Current RMSE: 0.1011
 Accepted count: 9
 Basinhop count: 0


adaptive stepsize: acceptance rate 0.266667 target 0.500000 new stepsize 0.0423912 old stepsize 0.0471013
basinhopping step 30: f 29562.3 trial_f 29565.8 accepted 0  lowest_f 29562.3
 Fit Status: False
 Force threshold: 0.2117
 Lowest RMSE: 0.1010
 Current RMSE: 0.1010
 Accepted count: 9
 Basinhop count: 1


adaptive stepsize: acceptance rate 0.258065 target 0.500000 new stepsize 0.038152 old stepsize 0.0423912
basinhopping step 31: f 29562.3 trial_f 29570.8 accepted 0  lowest_f 29562.3
 Fit Status: False
 Force threshold: 0.2117
 Lowest RMSE: 0.1010
 Current RMSE: 0.1013
 Accepted count: 9
 Basinhop count: 2


adaptive stepsize: acceptance rate 0.250000 target 0.500000 new stepsize 0.0343368 old stepsize 0.038152
basinhopping step 32: f 29562.6 trial_f 29562.6 accepted 1  lowest_f 29562.3
 Fit Status: False
 Force threshold: 0.2117
 Lowest RMSE: 0.1010
 Current RMSE: 0.1011
 Accepted count: 10
 Basinhop count: 3


adaptive stepsize: acceptance rate 0.272727 target 0.500000 new stepsize 0.0309032 old stepsize 0.0343368
basinhopping step 33: f 29562.3 trial_f 29562.3 accepted 1  lowest_f 29562.3
found new global minimum on step 33 with function value 29562.3
 Fit Status: False
 Force threshold: 0.2117
 Lowest RMSE: 0.1010
 Current RMSE: 0.1011
 Accepted count: 11
 Basinhop count: 0


adaptive stepsize: acceptance rate 0.294118 target 0.500000 new stepsize 0.0278128 old stepsize 0.0309032
basinhopping step 34: f 29562.3 trial_f 31494 accepted 0  lowest_f 29562.3
 Fit Status: False
 Force threshold: 0.2117
 Lowest RMSE: 0.1010
 Current RMSE: 0.1030
 Accepted count: 11
 Basinhop count: 1


adaptive stepsize: acceptance rate 0.285714 target 0.500000 new stepsize 0.0250316 old stepsize 0.0278128
basinhopping step 35: f 29562.3 trial_f 29562.3 accepted 1  lowest_f 29562.3
found new global minimum on step 35 with function value 29562.3
 Fit Status: False
 Force threshold: 0.2117
 Lowest RMSE: 0.1010
 Current RMSE: 0.1011
 Accepted count: 12
 Basinhop count: 0


adaptive stepsize: acceptance rate 0.305556 target 0.500000 new stepsize 0.0225284 old stepsize 0.0250316
basinhopping step 36: f 29563.4 trial_f 29563.4 accepted 1  lowest_f 29562.3
 Fit Status: False
 Force threshold: 0.2117
 Lowest RMSE: 0.1010
 Current RMSE: 0.1010
 Accepted count: 13
 Basinhop count: 1


adaptive stepsize: acceptance rate 0.324324 target 0.500000 new stepsize 0.0202756 old stepsize 0.0225284
basinhopping step 37: f 29562.3 trial_f 29562.3 accepted 1  lowest_f 29562.3
found new global minimum on step 37 with function value 29562.3
 Fit Status: False
 Force threshold: 0.2117
 Lowest RMSE: 0.1010
 Current RMSE: 0.1011
 Accepted count: 14
 Basinhop count: 0


adaptive stepsize: acceptance rate 0.342105 target 0.500000 new stepsize 0.018248 old stepsize 0.0202756
basinhopping step 38: f 29562.3 trial_f 29562.3 accepted 1  lowest_f 29562.3
 Fit Status: False
 Force threshold: 0.2117
 Lowest RMSE: 0.1010
 Current RMSE: 0.1011
 Accepted count: 15
 Basinhop count: 1


adaptive stepsize: acceptance rate 0.358974 target 0.500000 new stepsize 0.0164232 old stepsize 0.018248
basinhopping step 39: f 29562.3 trial_f 29562.3 accepted 1  lowest_f 29562.3
 Fit Status: False
 Force threshold: 0.2117
 Lowest RMSE: 0.1010
 Current RMSE: 0.1011
 Accepted count: 16
 Basinhop count: 2


adaptive stepsize: acceptance rate 0.375000 target 0.500000 new stepsize 0.0147809 old stepsize 0.0164232
basinhopping step 40: f 29562.3 trial_f 29562.4 accepted 0  lowest_f 29562.3
 Fit Status: False
 Force threshold: 0.2117
 Lowest RMSE: 0.1010
 Current RMSE: 0.1011
 Accepted count: 16
 Basinhop count: 3


adaptive stepsize: acceptance rate 0.365854 target 0.500000 new stepsize 0.0133028 old stepsize 0.0147809
basinhopping step 41: f 29562.3 trial_f 29562.3 accepted 1  lowest_f 29562.3
 Fit Status: False
 Force threshold: 0.2117
 Lowest RMSE: 0.1010
 Current RMSE: 0.1011
 Accepted count: 17
 Basinhop count: 4


adaptive stepsize: acceptance rate 0.380952 target 0.500000 new stepsize 0.0119725 old stepsize 0.0133028
basinhopping step 42: f 29562.3 trial_f 29562.3 accepted 1  lowest_f 29562.3
 Fit Status: False
 Force threshold: 0.2117
 Lowest RMSE: 0.1010
 Current RMSE: 0.1011
 Accepted count: 18
 Basinhop count: 5


adaptive stepsize: acceptance rate 0.395349 target 0.500000 new stepsize 0.0107753 old stepsize 0.0119725
basinhopping step 43: f 29562.3 trial_f 29562.3 accepted 1  lowest_f 29562.3
 Fit Status: False
 Force threshold: 0.2117
 Lowest RMSE: 0.1010
 Current RMSE: 0.1011
 Accepted count: 19
 Basinhop count: 6


adaptive stepsize: acceptance rate 0.409091 target 0.500000 new stepsize 0.00969774 old stepsize 0.0107753
basinhopping step 44: f 29562.3 trial_f 29562.3 accepted 1  lowest_f 29562.3
 Fit Status: False
 Force threshold: 0.2117
 Lowest RMSE: 0.1010
 Current RMSE: 0.1011
 Accepted count: 20
 Basinhop count: 7


adaptive stepsize: acceptance rate 0.422222 target 0.500000 new stepsize 0.00872796 old stepsize 0.00969774
basinhopping step 45: f 29562.3 trial_f 29562.3 accepted 1  lowest_f 29562.3
 Fit Status: False
 Force threshold: 0.2117
 Lowest RMSE: 0.1010
 Current RMSE: 0.1011
 Accepted count: 21
 Basinhop count: 8


adaptive stepsize: acceptance rate 0.434783 target 0.500000 new stepsize 0.00785517 old stepsize 0.00872796
basinhopping step 46: f 29562.3 trial_f 29562.3 accepted 1  lowest_f 29562.3
 Fit Status: False
 Force threshold: 0.2117
 Lowest RMSE: 0.1010
 Current RMSE: 0.1011
 Accepted count: 22
 Basinhop count: 9


adaptive stepsize: acceptance rate 0.446809 target 0.500000 new stepsize 0.00706965 old stepsize 0.00785517
basinhopping step 47: f 29562.3 trial_f 29562.8 accepted 0  lowest_f 29562.3
 Fit Status: False
 Force threshold: 0.2117
 Lowest RMSE: 0.1010
 Current RMSE: 0.1011
 Accepted count: 22
 Basinhop count: 10


adaptive stepsize: acceptance rate 0.437500 target 0.500000 new stepsize 0.00636269 old stepsize 0.00706965
basinhopping step 48: f 29562.3 trial_f 29562.3 accepted 1  lowest_f 29562.3
 Fit Status: False
 Force threshold: 0.2117
 Lowest RMSE: 0.1010
 Current RMSE: 0.1011
 Accepted count: 23
 Basinhop count: 11


adaptive stepsize: acceptance rate 0.448980 target 0.500000 new stepsize 0.00572642 old stepsize 0.00636269
basinhopping step 49: f 29562.3 trial_f 29562.3 accepted 1  lowest_f 29562.3
 Fit Status: False
 Force threshold: 0.2117
 Lowest RMSE: 0.1010
 Current RMSE: 0.1011
 Accepted count: 24
 Basinhop count: 12


adaptive stepsize: acceptance rate 0.460000 target 0.500000 new stepsize 0.00515378 old stepsize 0.00572642
basinhopping step 50: f 29562.3 trial_f 29562.3 accepted 1  lowest_f 29562.3
 Fit Status: False
 Force threshold: 0.2117
 Lowest RMSE: 0.1010
 Current RMSE: 0.1011
 Accepted count: 25
 Basinhop count: 13


adaptive stepsize: acceptance rate 0.470588 target 0.500000 new stepsize 0.0046384 old stepsize 0.00515378
basinhopping step 51: f 29562.3 trial_f 29563.4 accepted 0  lowest_f 29562.3
 Fit Status: False
 Force threshold: 0.2117
 Lowest RMSE: 0.1010
 Current RMSE: 0.1011
 Accepted count: 25
 Basinhop count: 14


adaptive stepsize: acceptance rate 0.461538 target 0.500000 new stepsize 0.00417456 old stepsize 0.0046384
basinhopping step 52: f 29562.2 trial_f 29562.2 accepted 1  lowest_f 29562.2
found new global minimum on step 52 with function value 29562.2
 Fit Status: False
 Force threshold: 0.2117
 Lowest RMSE: 0.1010
 Current RMSE: 0.1011
 Accepted count: 26
 Basinhop count: 0


adaptive stepsize: acceptance rate 0.471698 target 0.500000 new stepsize 0.0037571 old stepsize 0.00417456
basinhopping step 53: f 29562.2 trial_f 29562.2 accepted 1  lowest_f 29562.2
found new global minimum on step 53 with function value 29562.2
 Fit Status: False
 Force threshold: 0.2117
 Lowest RMSE: 0.1010
 Current RMSE: 0.1011
 Accepted count: 27
 Basinhop count: 0


adaptive stepsize: acceptance rate 0.481481 target 0.500000 new stepsize 0.00338139 old stepsize 0.0037571
basinhopping step 54: f 29562.2 trial_f 29562.2 accepted 1  lowest_f 29562.2
 Fit Status: False
 Force threshold: 0.2117
 Lowest RMSE: 0.1010
 Current RMSE: 0.1011
 Accepted count: 28
 Basinhop count: 1


adaptive stepsize: acceptance rate 0.490909 target 0.500000 new stepsize 0.00304325 old stepsize 0.00338139
basinhopping step 55: f 29562.2 trial_f 29562.2 accepted 1  lowest_f 29562.2
 Fit Status: False
 Force threshold: 0.2117
 Lowest RMSE: 0.1010
 Current RMSE: 0.1011
 Accepted count: 29
 Basinhop count: 2


adaptive stepsize: acceptance rate 0.500000 target 0.500000 new stepsize 0.00273893 old stepsize 0.00304325
basinhopping step 56: f 29562.3 trial_f 29562.3 accepted 1  lowest_f 29562.2
 Fit Status: False
 Force threshold: 0.2117
 Lowest RMSE: 0.1010
 Current RMSE: 0.1011
 Accepted count: 30
 Basinhop count: 3


adaptive stepsize: acceptance rate 0.508772 target 0.500000 new stepsize 0.00304325 old stepsize 0.00273893
basinhopping step 57: f 29562.3 trial_f 29562.3 accepted 1  lowest_f 29562.2
 Fit Status: False
 Force threshold: 0.2117
 Lowest RMSE: 0.1010
 Current RMSE: 0.1011
 Accepted count: 31
 Basinhop count: 4


adaptive stepsize: acceptance rate 0.517241 target 0.500000 new stepsize 0.00338139 old stepsize 0.00304325
basinhopping step 58: f 29562.3 trial_f 29562.3 accepted 1  lowest_f 29562.2
 Fit Status: False
 Force threshold: 0.2117
 Lowest RMSE: 0.1010
 Current RMSE: 0.1011
 Accepted count: 32
 Basinhop count: 5


adaptive stepsize: acceptance rate 0.525424 target 0.500000 new stepsize 0.0037571 old stepsize 0.00338139
basinhopping step 59: f 29562.2 trial_f 29562.2 accepted 1  lowest_f 29562.2
found new global minimum on step 59 with function value 29562.2
 Fit Status: False
 Force threshold: 0.2117
 Lowest RMSE: 0.1010
 Current RMSE: 0.1011
 Accepted count: 33
 Basinhop count: 0


adaptive stepsize: acceptance rate 0.533333 target 0.500000 new stepsize 0.00417456 old stepsize 0.0037571
basinhopping step 60: f 29562.2 trial_f 29562.2 accepted 1  lowest_f 29562.2
 Fit Status: False
 Force threshold: 0.2117
 Lowest RMSE: 0.1010
 Current RMSE: 0.1011
 Accepted count: 34
 Basinhop count: 1


adaptive stepsize: acceptance rate 0.540984 target 0.500000 new stepsize 0.0046384 old stepsize 0.00417456
basinhopping step 61: f 29562.3 trial_f 29562.3 accepted 1  lowest_f 29562.2
 Fit Status: False
 Force threshold: 0.2117
 Lowest RMSE: 0.1010
 Current RMSE: 0.1011
 Accepted count: 35
 Basinhop count: 2


adaptive stepsize: acceptance rate 0.548387 target 0.500000 new stepsize 0.00515378 old stepsize 0.0046384
basinhopping step 62: f 29562.2 trial_f 29562.2 accepted 1  lowest_f 29562.2
 Fit Status: False
 Force threshold: 0.2117
 Lowest RMSE: 0.1010
 Current RMSE: 0.1011
 Accepted count: 36
 Basinhop count: 3


adaptive stepsize: acceptance rate 0.555556 target 0.500000 new stepsize 0.00572642 old stepsize 0.00515378
basinhopping step 63: f 29562.2 trial_f 29562.3 accepted 0  lowest_f 29562.2
 Fit Status: False
 Force threshold: 0.2117
 Lowest RMSE: 0.1010
 Current RMSE: 0.1011
 Accepted count: 36
 Basinhop count: 4


adaptive stepsize: acceptance rate 0.546875 target 0.500000 new stepsize 0.00636269 old stepsize 0.00572642
basinhopping step 64: f 29562.3 trial_f 29562.3 accepted 1  lowest_f 29562.2
 Fit Status: False
 Force threshold: 0.2117
 Lowest RMSE: 0.1010
 Current RMSE: 0.1011
 Accepted count: 37
 Basinhop count: 5


adaptive stepsize: acceptance rate 0.553846 target 0.500000 new stepsize 0.00706965 old stepsize 0.00636269
basinhopping step 65: f 29562.5 trial_f 29562.5 accepted 1  lowest_f 29562.2
 Fit Status: False
 Force threshold: 0.2117
 Lowest RMSE: 0.1010
 Current RMSE: 0.1011
 Accepted count: 38
 Basinhop count: 6


adaptive stepsize: acceptance rate 0.560606 target 0.500000 new stepsize 0.00785517 old stepsize 0.00706965
basinhopping step 66: f 29562.2 trial_f 29562.2 accepted 1  lowest_f 29562.2
found new global minimum on step 66 with function value 29562.2
 Fit Status: False
 Force threshold: 0.2117
 Lowest RMSE: 0.1010
 Current RMSE: 0.1011
 Accepted count: 39
 Basinhop count: 0


adaptive stepsize: acceptance rate 0.567164 target 0.500000 new stepsize 0.00872796 old stepsize 0.00785517
basinhopping step 67: f 29562.3 trial_f 29562.3 accepted 1  lowest_f 29562.2
 Fit Status: False
 Force threshold: 0.2117
 Lowest RMSE: 0.1010
 Current RMSE: 0.1011
 Accepted count: 40
 Basinhop count: 1


adaptive stepsize: acceptance rate 0.573529 target 0.500000 new stepsize 0.00969774 old stepsize 0.00872796
basinhopping step 68: f 29562.3 trial_f 29562.3 accepted 1  lowest_f 29562.2
 Fit Status: False
 Force threshold: 0.2117
 Lowest RMSE: 0.1010
 Current RMSE: 0.1011
 Accepted count: 41
 Basinhop count: 2


adaptive stepsize: acceptance rate 0.579710 target 0.500000 new stepsize 0.0107753 old stepsize 0.00969774
basinhopping step 69: f 29562.3 trial_f 29562.3 accepted 1  lowest_f 29562.2
 Fit Status: False
 Force threshold: 0.2117
 Lowest RMSE: 0.1010
 Current RMSE: 0.1011
 Accepted count: 42
 Basinhop count: 3


adaptive stepsize: acceptance rate 0.585714 target 0.500000 new stepsize 0.0119725 old stepsize 0.0107753
basinhopping step 70: f 29562.4 trial_f 29562.4 accepted 1  lowest_f 29562.2
 Fit Status: False
 Force threshold: 0.2117
 Lowest RMSE: 0.1010
 Current RMSE: 0.1011
 Accepted count: 43
 Basinhop count: 4


adaptive stepsize: acceptance rate 0.591549 target 0.500000 new stepsize 0.0133028 old stepsize 0.0119725
basinhopping step 71: f 29562.3 trial_f 29562.3 accepted 1  lowest_f 29562.2
 Fit Status: False
 Force threshold: 0.2117
 Lowest RMSE: 0.1010
 Current RMSE: 0.1011
 Accepted count: 44
 Basinhop count: 5


adaptive stepsize: acceptance rate 0.597222 target 0.500000 new stepsize 0.0147809 old stepsize 0.0133028
basinhopping step 72: f 29562.3 trial_f 29562.3 accepted 1  lowest_f 29562.2
 Fit Status: False
 Force threshold: 0.2117
 Lowest RMSE: 0.1010
 Current RMSE: 0.1011
 Accepted count: 45
 Basinhop count: 6


adaptive stepsize: acceptance rate 0.602740 target 0.500000 new stepsize 0.0164232 old stepsize 0.0147809
basinhopping step 73: f 29562.7 trial_f 29562.7 accepted 1  lowest_f 29562.2
 Fit Status: False
 Force threshold: 0.2117
 Lowest RMSE: 0.1010
 Current RMSE: 0.1011
 Accepted count: 46
 Basinhop count: 7


adaptive stepsize: acceptance rate 0.608108 target 0.500000 new stepsize 0.018248 old stepsize 0.0164232
basinhopping step 74: f 29562.9 trial_f 29562.9 accepted 1  lowest_f 29562.2
 Fit Status: False
 Force threshold: 0.2117
 Lowest RMSE: 0.1010
 Current RMSE: 0.1011
 Accepted count: 47
 Basinhop count: 8


adaptive stepsize: acceptance rate 0.613333 target 0.500000 new stepsize 0.0202756 old stepsize 0.018248
basinhopping step 75: f 29562.4 trial_f 29562.4 accepted 1  lowest_f 29562.2
 Fit Status: False
 Force threshold: 0.2117
 Lowest RMSE: 0.1010
 Current RMSE: 0.1011
 Accepted count: 48
 Basinhop count: 9


adaptive stepsize: acceptance rate 0.618421 target 0.500000 new stepsize 0.0225284 old stepsize 0.0202756
basinhopping step 76: f 29562.2 trial_f 29562.2 accepted 1  lowest_f 29562.2
found new global minimum on step 76 with function value 29562.2
 Fit Status: False
 Force threshold: 0.2117
 Lowest RMSE: 0.1010
 Current RMSE: 0.1011
 Accepted count: 49
 Basinhop count: 0


adaptive stepsize: acceptance rate 0.623377 target 0.500000 new stepsize 0.0250316 old stepsize 0.0225284
basinhopping step 77: f 29562.5 trial_f 29562.5 accepted 1  lowest_f 29562.2
 Fit Status: False
 Force threshold: 0.2117
 Lowest RMSE: 0.1010
 Current RMSE: 0.1011
 Accepted count: 50
 Basinhop count: 1


adaptive stepsize: acceptance rate 0.628205 target 0.500000 new stepsize 0.0278128 old stepsize 0.0250316
basinhopping step 78: f 29562.3 trial_f 29562.3 accepted 1  lowest_f 29562.2
 Fit Status: False
 Force threshold: 0.2117
 Lowest RMSE: 0.1010
 Current RMSE: 0.1011
 Accepted count: 51
 Basinhop count: 2


adaptive stepsize: acceptance rate 0.632911 target 0.500000 new stepsize 0.0309032 old stepsize 0.0278128
basinhopping step 79: f 29562.3 trial_f 32562.8 accepted 0  lowest_f 29562.2
 Fit Status: False
 Force threshold: 0.2117
 Lowest RMSE: 0.1010
 Current RMSE: 0.1223
 Accepted count: 51
 Basinhop count: 3


adaptive stepsize: acceptance rate 0.625000 target 0.500000 new stepsize 0.0343368 old stepsize 0.0309032
basinhopping step 80: f 29562.2 trial_f 29562.2 accepted 1  lowest_f 29562.2
found new global minimum on step 80 with function value 29562.2
 Fit Status: False
 Force threshold: 0.2117
 Lowest RMSE: 0.1010
 Current RMSE: 0.1011
 Accepted count: 52
 Basinhop count: 0


adaptive stepsize: acceptance rate 0.629630 target 0.500000 new stepsize 0.038152 old stepsize 0.0343368
basinhopping step 81: f 29562.4 trial_f 29562.4 accepted 1  lowest_f 29562.2
 Fit Status: False
 Force threshold: 0.2117
 Lowest RMSE: 0.1010
 Current RMSE: 0.1011
 Accepted count: 53
 Basinhop count: 1


adaptive stepsize: acceptance rate 0.634146 target 0.500000 new stepsize 0.0423912 old stepsize 0.038152
warning: basinhopping: local minimization failure
basinhopping step 82: f 29562.2 trial_f 29562.2 accepted 1  lowest_f 29562.2
found new global minimum on step 82 with function value 29562.2
 Fit Status: False
 Force threshold: 0.2117
 Lowest RMSE: 0.1010
 Current RMSE: 0.1011
 Accepted count: 54
 Basinhop count: 0


adaptive stepsize: acceptance rate 0.638554 target 0.500000 new stepsize 0.0471013 old stepsize 0.0423912
basinhopping step 83: f 29562.3 trial_f 29562.3 accepted 1  lowest_f 29562.2
 Fit Status: False
 Force threshold: 0.2117
 Lowest RMSE: 0.1010
 Current RMSE: 0.1011
 Accepted count: 55
 Basinhop count: 1


adaptive stepsize: acceptance rate 0.642857 target 0.500000 new stepsize 0.0523348 old stepsize 0.0471013
basinhopping step 84: f 29562.3 trial_f 35909.9 accepted 0  lowest_f 29562.2
 Fit Status: False
 Force threshold: 0.2117
 Lowest RMSE: 0.1010
 Current RMSE: 0.1380
 Accepted count: 55
 Basinhop count: 2


adaptive stepsize: acceptance rate 0.635294 target 0.500000 new stepsize 0.0581497 old stepsize 0.0523348
basinhopping step 85: f 29562.3 trial_f 29569.8 accepted 0  lowest_f 29562.2
 Fit Status: False
 Force threshold: 0.2117
 Lowest RMSE: 0.1010
 Current RMSE: 0.1012
 Accepted count: 55
 Basinhop count: 3


adaptive stepsize: acceptance rate 0.627907 target 0.500000 new stepsize 0.0646108 old stepsize 0.0581497
basinhopping step 86: f 29562.3 trial_f 47178 accepted 0  lowest_f 29562.2
 Fit Status: False
 Force threshold: 0.2117
 Lowest RMSE: 0.1010
 Current RMSE: 0.1492
 Accepted count: 55
 Basinhop count: 4


adaptive stepsize: acceptance rate 0.620690 target 0.500000 new stepsize 0.0717898 old stepsize 0.0646108
basinhopping step 87: f 29562.3 trial_f 34930.9 accepted 0  lowest_f 29562.2
 Fit Status: False
 Force threshold: 0.2117
 Lowest RMSE: 0.1010
 Current RMSE: 0.1137
 Accepted count: 55
 Basinhop count: 5


adaptive stepsize: acceptance rate 0.613636 target 0.500000 new stepsize 0.0797664 old stepsize 0.0717898
basinhopping step 88: f 29562.3 trial_f 33785 accepted 0  lowest_f 29562.2
 Fit Status: False
 Force threshold: 0.2117
 Lowest RMSE: 0.1010
 Current RMSE: 0.1100
 Accepted count: 55
 Basinhop count: 6


adaptive stepsize: acceptance rate 0.606742 target 0.500000 new stepsize 0.0886294 old stepsize 0.0797664
basinhopping step 89: f 29562.3 trial_f 63976 accepted 0  lowest_f 29562.2
 Fit Status: False
 Force threshold: 0.2117
 Lowest RMSE: 0.1010
 Current RMSE: 0.1897
 Accepted count: 55
 Basinhop count: 7


adaptive stepsize: acceptance rate 0.600000 target 0.500000 new stepsize 0.0984771 old stepsize 0.0886294
basinhopping step 90: f 29562.3 trial_f 29565.9 accepted 0  lowest_f 29562.2
 Fit Status: False
 Force threshold: 0.2117
 Lowest RMSE: 0.1010
 Current RMSE: 0.1011
 Accepted count: 55
 Basinhop count: 8


adaptive stepsize: acceptance rate 0.593407 target 0.500000 new stepsize 0.109419 old stepsize 0.0984771
basinhopping step 91: f 29562.3 trial_f 50960.9 accepted 0  lowest_f 29562.2
 Fit Status: False
 Force threshold: 0.2117
 Lowest RMSE: 0.1010
 Current RMSE: 0.1591
 Accepted count: 55
 Basinhop count: 9


adaptive stepsize: acceptance rate 0.586957 target 0.500000 new stepsize 0.121577 old stepsize 0.109419
basinhopping step 92: f 29562.3 trial_f 109220 accepted 0  lowest_f 29562.2
 Fit Status: False
 Force threshold: 0.2117
 Lowest RMSE: 0.1010
 Current RMSE: 0.2760
 Accepted count: 55
 Basinhop count: 10


adaptive stepsize: acceptance rate 0.580645 target 0.500000 new stepsize 0.135085 old stepsize 0.121577
basinhopping step 93: f 29562.3 trial_f 72771.5 accepted 0  lowest_f 29562.2
 Fit Status: False
 Force threshold: 0.2117
 Lowest RMSE: 0.1010
 Current RMSE: 0.2601
 Accepted count: 55
 Basinhop count: 11


adaptive stepsize: acceptance rate 0.574468 target 0.500000 new stepsize 0.150095 old stepsize 0.135085
basinhopping step 94: f 29562.3 trial_f 56624.7 accepted 0  lowest_f 29562.2
 Fit Status: False
 Force threshold: 0.2117
 Lowest RMSE: 0.1010
 Current RMSE: 0.1740
 Accepted count: 55
 Basinhop count: 12


adaptive stepsize: acceptance rate 0.568421 target 0.500000 new stepsize 0.166772 old stepsize 0.150095
basinhopping step 95: f 29562.3 trial_f 174421 accepted 0  lowest_f 29562.2
 Fit Status: False
 Force threshold: 0.2117
 Lowest RMSE: 0.1010
 Current RMSE: 0.3475
 Accepted count: 55
 Basinhop count: 13


adaptive stepsize: acceptance rate 0.562500 target 0.500000 new stepsize 0.185302 old stepsize 0.166772
basinhopping step 96: f 29562.3 trial_f 258243 accepted 0  lowest_f 29562.2
 Fit Status: False
 Force threshold: 0.2117
 Lowest RMSE: 0.1010
 Current RMSE: 0.4410
 Accepted count: 55
 Basinhop count: 14


adaptive stepsize: acceptance rate 0.556701 target 0.500000 new stepsize 0.205891 old stepsize 0.185302
basinhopping step 97: f 29562.3 trial_f 186911 accepted 0  lowest_f 29562.2
 Fit Status: False
 Force threshold: 0.2117
 Lowest RMSE: 0.1010
 Current RMSE: 0.3859
 Accepted count: 55
 Basinhop count: 15


adaptive stepsize: acceptance rate 0.551020 target 0.500000 new stepsize 0.228768 old stepsize 0.205891
basinhopping step 98: f 29562.3 trial_f 112086 accepted 0  lowest_f 29562.2
 Fit Status: False
 Force threshold: 0.2117
 Lowest RMSE: 0.1010
 Current RMSE: 0.2771
 Accepted count: 55
 Basinhop count: 16


adaptive stepsize: acceptance rate 0.545455 target 0.500000 new stepsize 0.254187 old stepsize 0.228768
basinhopping step 99: f 29562.3 trial_f 175897 accepted 0  lowest_f 29562.2
 Fit Status: False
 Force threshold: 0.2117
 Lowest RMSE: 0.1010
 Current RMSE: 0.3634
 Accepted count: 55
 Basinhop count: 17


adaptive stepsize: acceptance rate 0.540000 target 0.500000 new stepsize 0.28243 old stepsize 0.254187
basinhopping step 100: f 29562.3 trial_f 355646 accepted 0  lowest_f 29562.2
 Fit Status: False
 Force threshold: 0.2117
 Lowest RMSE: 0.1010
 Current RMSE: 0.5138
 Accepted count: 55
 Basinhop count: 18


adaptive stepsize: acceptance rate 0.534653 target 0.500000 new stepsize 0.313811 old stepsize 0.28243
basinhopping step 101: f 29562.3 trial_f 470588 accepted 0  lowest_f 29562.2
 Fit Status: False
 Force threshold: 0.2117
 Lowest RMSE: 0.1010
 Current RMSE: 0.6206
 Accepted count: 55
 Basinhop count: 19


adaptive stepsize: acceptance rate 0.529412 target 0.500000 new stepsize 0.348678 old stepsize 0.313811
basinhopping step 102: f 29562.3 trial_f 363016 accepted 0  lowest_f 29562.2
 Fit Status: False
 Force threshold: 0.2117
 Lowest RMSE: 0.1010
 Current RMSE: 0.5441
 Accepted count: 55
 Basinhop count: 20


adaptive stepsize: acceptance rate 0.524272 target 0.500000 new stepsize 0.38742 old stepsize 0.348678
basinhopping step 103: f 29562.3 trial_f 766758 accepted 0  lowest_f 29562.2
 Fit Status: False
 Force threshold: 0.2117
 Lowest RMSE: 0.1010
 Current RMSE: 0.8163
 Accepted count: 55
 Basinhop count: 21


adaptive stepsize: acceptance rate 0.519231 target 0.500000 new stepsize 0.430467 old stepsize 0.38742
basinhopping step 104: f 29562.3 trial_f 840629 accepted 0  lowest_f 29562.2
 Fit Status: False
 Force threshold: 0.2117
 Lowest RMSE: 0.1010
 Current RMSE: 0.8911
 Accepted count: 55
 Basinhop count: 22


adaptive stepsize: acceptance rate 0.514286 target 0.500000 new stepsize 0.478297 old stepsize 0.430467
basinhopping step 105: f 29562.3 trial_f 389687 accepted 0  lowest_f 29562.2
 Fit Status: False
 Force threshold: 0.2117
 Lowest RMSE: 0.1010
 Current RMSE: 0.5866
 Accepted count: 55
 Basinhop count: 23


adaptive stepsize: acceptance rate 0.509434 target 0.500000 new stepsize 0.531441 old stepsize 0.478297
basinhopping step 106: f 29562.3 trial_f 171121 accepted 0  lowest_f 29562.2
 Fit Status: False
 Force threshold: 0.2117
 Lowest RMSE: 0.1010
 Current RMSE: 0.3645
 Accepted count: 55
 Basinhop count: 24


adaptive stepsize: acceptance rate 0.504673 target 0.500000 new stepsize 0.59049 old stepsize 0.531441
basinhopping step 107: f 29562.3 trial_f 1.17088e+06 accepted 0  lowest_f 29562.2
 Fit Status: True
 Force threshold: 0.2117
 Lowest RMSE: 0.1010
 Current RMSE: 0.9110
 Accepted count: 55
 Basinhop count: 25



 Reweighting noise to achieve a reduced chi-squared ~ 1.
	Current reduced chi-squared = 4.04850
	New reduced chi-squared = 1.00000

 Performing Monte Carlo bootstrapping...
	   Completed 1 of 50 iterations.
	   Completed 2 of 50 iterations.
	   Completed 3 of 50 iterations.
	   Completed 4 of 50 iterations.
	   Completed 5 of 50 iterations.
	   Completed 6 of 50 iterations.
	   Completed 7 of 50 iterations.
	   Completed 8 of 50 iterations.
	   Completed 9 of 50 iterations.
	   Completed 10 of 50 iterations.
	   Completed 11 of 50 iterations.
	   Completed 12 of 50 iterations.
	   Completed 13 of 50 iterations.
	   Completed 14 of 50 iterations.
	   Completed 15 of 50 iterations.
	   Completed 16 of 50 iterations.
	   Completed 17 of 50 iterations.
	   Completed 18 of 50 iterations.
	   Completed 19 of 50 iterations.
	   Completed 20 of 50 iterations.
	   Completed 21 of 50 iterations.
	   Completed 22 of 50 iterations.
	   Completed 23 of 50 iterations.
	   Completed 24 of 50 iterations.
	   Completed 25 of 50 iterations.
	   Completed 26 of 50 iterations.
	   Completed 27 of 50 iterations.
	   Completed 28 of 50 iterations.
	   Completed 29 of 50 iterations.
	   Completed 30 of 50 iterations.
	   Completed 31 of 50 iterations.
	   Completed 32 of 50 iterations.
	   Completed 33 of 50 iterations.
	   Completed 34 of 50 iterations.
	   Completed 35 of 50 iterations.
	   Completed 36 of 50 iterations.
	   Completed 37 of 50 iterations.
	   Completed 38 of 50 iterations.
	   Completed 39 of 50 iterations.
	   Completed 40 of 50 iterations.
	   Completed 41 of 50 iterations.
	   Completed 42 of 50 iterations.
	   Completed 43 of 50 iterations.
	   Completed 44 of 50 iterations.
	   Completed 45 of 50 iterations.
	   Completed 46 of 50 iterations.
	   Completed 47 of 50 iterations.
	   Completed 48 of 50 iterations.
	   Completed 49 of 50 iterations.
	   Completed 50 of 50 iterations.

 Maximum Likelihood Best-fit Parameters:
--------------------------------------------------------------------------------------

Parameter                     Best-fit Value                +/- 1-sigma                   Flag                          
--------------------------------------------------------------------------------------
AGN_FRAC_4000                 1.000000                      0.000000                      1.0                           
AGN_FRAC_7000                 1.000000                      0.000000                      1.0                           
APOLY_COEFF_1                 -0.211443                     0.088693                      0.0                           
APOLY_COEFF_2                 0.004805                      0.013597                      0.0                           
APOLY_COEFF_3                 -0.000546                     0.002444                      0.0                           
APOLY_COEFF_4                 0.018521                      0.001769                      0.0                           
APOLY_COEFF_5                 -0.019397                     0.002071                      0.0                           
APOLY_COEFF_6                 -0.028616                     0.001956                      0.0                           
APOLY_COEFF_7                 0.000552                      0.002524                      0.0                           
BR_H_ALPHA_AMP                5.819879                      0.280547                      0.0                           
BR_H_ALPHA_DISP               586.545169                    19.766254                     0.0                           
BR_H_ALPHA_DISP_CORR          0.000000                      19.766254                     0.0                           
BR_H_ALPHA_DISP_RES           1640.103490                   nan                           nan                           
BR_H_ALPHA_EW                 67.009846                     2.276418                      0.0                           
BR_H_ALPHA_FLUX               -14.598472                    0.014469                      0.0                           
BR_H_ALPHA_FWHM               1383.155661                   46.390509                     0.0                           
BR_H_ALPHA_FWHM_CORR          0.000000                      46.390509                     0.0                           
BR_H_ALPHA_LUM                42.011316                     0.014469                      0.0                           
BR_H_ALPHA_NPIX               36.000000                     1.125360                      0.0                           
BR_H_ALPHA_SNR                14.035939                     0.675490                      0.0                           
BR_H_ALPHA_VOFF               -592.123959                   27.295202                     0.0                           
BR_H_ALPHA_W80                1536.449214                   51.697080                     0.0                           
BR_H_ALPHA_W80_CORR           0.000000                      51.697080                     0.0                           
BR_H_BETA_AMP                 0.000000                      0.000000                      2.0                           
BR_H_BETA_DISP                374.769642                    0.000000                      0.0                           
BR_H_BETA_DISP_CORR           0.000000                      0.000000                      0.0                           
BR_H_BETA_DISP_RES            2214.139425                   nan                           nan                           
BR_H_BETA_EW                  0.000000                      0.000000                      1.0                           
BR_H_BETA_FLUX                0.000000                      0.000000                      0.0                           
BR_H_BETA_FWHM                0.000000                      0.000000                      0.0                           
BR_H_BETA_FWHM_CORR           0.000000                      0.000000                      0.0                           
BR_H_BETA_LUM                 0.000000                      0.000000                      1.0                           
BR_H_BETA_NPIX                0.000000                      0.000000                      0.0                           
BR_H_BETA_SNR                 0.000000                      0.000000                      0.0                           
BR_H_BETA_VOFF                -98.943217                    29.052484                     0.0                           
BR_H_BETA_W80                 0.000000                      0.000000                      0.0                           
BR_H_BETA_W80_CORR            0.000000                      0.000000                      0.0                           
BR_H_DELTA_AMP                0.000047                      0.383059                      1.0                           
BR_H_DELTA_DISP               376.509539                    137.981136                    0.0                           
BR_H_DELTA_DISP_CORR          0.000000                      137.981136                    0.0                           
BR_H_DELTA_DISP_RES           2624.162386                   nan                           nan                           
BR_H_DELTA_EW                 0.000141                      1.224616                      1.0                           
BR_H_DELTA_FLUX               -20.129389                    0.000000                      1.0                           
BR_H_DELTA_FWHM               886.689890                    543.854421                    0.0                           
BR_H_DELTA_FWHM_CORR          0.000000                      543.854421                    0.0                           
BR_H_DELTA_LUM                36.480399                     0.000000                      0.0                           
BR_H_DELTA_NPIX               0.000000                      3.905556                      0.0                           
BR_H_DELTA_SNR                0.000114                      0.607684                      0.0                           
BR_H_DELTA_VOFF               -33.875978                    471.417029                    0.0                           
BR_H_DELTA_W80                838.014465                    608.607664                    0.0                           
BR_H_DELTA_W80_CORR           0.000000                      608.607664                    0.0                           
BR_H_GAMMA_AMP                0.000010                      0.000011                      1.0                           
BR_H_GAMMA_DISP               281.668298                    0.129264                      0.0                           
BR_H_GAMMA_DISP_CORR          0.000000                      0.129264                      0.0                           
BR_H_GAMMA_DISP_RES           2479.834666                   nan                           nan                           
BR_H_GAMMA_EW                 0.000000                      0.000031                      1.0                           
BR_H_GAMMA_FLUX               0.000000                      0.000000                      0.0                           
BR_H_GAMMA_FWHM               0.000000                      91.896205                     0.0                           
BR_H_GAMMA_FWHM_CORR          0.000000                      91.896205                     0.0                           
BR_H_GAMMA_LUM                0.000000                      0.000000                      1.0                           
BR_H_GAMMA_NPIX               0.000000                      0.000000                      0.0                           
BR_H_GAMMA_SNR                0.000000                      0.000029                      0.0                           
BR_H_GAMMA_VOFF               16.014318                     5.877364                      0.0                           
BR_H_GAMMA_W80                0.000000                      93.978091                     0.0                           
BR_H_GAMMA_W80_CORR           0.000000                      93.978091                     0.0                           
HOST_FRAC_4000                0.134783                      0.058655                      0.0                           
HOST_FRAC_7000                -0.455964                     0.217203                      1.0                           
LOG_LIKE                      29562.237370                  1232.532022                   0.0                           
L_CONT_AGN_3000               43.896203                     0.002418                      0.0                           
L_CONT_AGN_5100               43.969967                     0.001468                      0.0                           
L_CONT_HOST_3000              43.431598                     0.100279                      0.0                           
L_CONT_HOST_5100              0.000000                      0.366947                      1.0                           
L_CONT_TOT_3000               43.896203                     0.002418                      0.0                           
L_CONT_TOT_5100               43.969967                     0.001468                      0.0                           
NA_ARIII_7135_AMP             46.010873                     40.836436                     0.0                           
NA_ARIII_7135_DISP            0.528249                      0.000000                      0.0                           
NA_ARIII_7135_DISP_CORR       0.000000                      0.000000                      0.0                           
NA_ARIII_7135_DISP_RES        1508.827453                   nan                           nan                           
NA_ARIII_7135_EW              0.000000                      0.033873                      1.0                           
NA_ARIII_7135_FLUX            0.000000                      0.000000                      0.0                           
NA_ARIII_7135_FWHM            0.000000                      22.029914                     0.0                           
NA_ARIII_7135_FWHM_CORR       0.000000                      22.029914                     0.0                           
NA_ARIII_7135_LUM             0.000000                      0.000000                      1.0                           
NA_ARIII_7135_NPIX            0.000000                      0.138648                      0.0                           
NA_ARIII_7135_SNR             0.000000                      0.121871                      0.0                           
NA_ARIII_7135_VOFF            50.167042                     23.659945                     0.0                           
NA_ARIII_7135_W80             0.000000                      17.841839                     0.0                           
NA_ARIII_7135_W80_CORR        0.000000                      17.841839                     0.0                           
NA_FEVII_5720_AMP             61.591468                     0.000000                      0.0                           
NA_FEVII_5720_DISP            0.229321                      0.000000                      1.0                           
NA_FEVII_5720_DISP_CORR       0.000000                      0.000000                      1.0                           
NA_FEVII_5720_DISP_RES        1882.055667                   nan                           nan                           
NA_FEVII_5720_EW              0.000000                      0.000000                      1.0                           
NA_FEVII_5720_FLUX            0.000000                      0.000000                      0.0                           
NA_FEVII_5720_FWHM            0.000000                      0.000000                      0.0                           
NA_FEVII_5720_FWHM_CORR       0.000000                      0.000000                      0.0                           
NA_FEVII_5720_LUM             0.000000                      0.000000                      1.0                           
NA_FEVII_5720_NPIX            0.000000                      0.000000                      0.0                           
NA_FEVII_5720_SNR             0.000000                      0.000000                      0.0                           
NA_FEVII_5720_VOFF            -20.793679                    14.083542                     0.0                           
NA_FEVII_5720_W80             0.000000                      0.000000                      0.0                           
NA_FEVII_5720_W80_CORR        0.000000                      0.000000                      0.0                           
NA_FEVII_6087_AMP             165.892720                    35.036053                     0.0                           
NA_FEVII_6087_DISP            0.229321                      0.000000                      1.0                           
NA_FEVII_6087_DISP_CORR       0.000000                      0.000000                      1.0                           
NA_FEVII_6087_DISP_RES        1768.798399                   nan                           nan                           
NA_FEVII_6087_EW              0.000000                      0.101512                      1.0                           
NA_FEVII_6087_FLUX            0.000000                      0.000000                      0.0                           
NA_FEVII_6087_FWHM            0.000000                      23.868810                     0.0                           
NA_FEVII_6087_FWHM_CORR       0.000000                      23.868810                     0.0                           
NA_FEVII_6087_LUM             0.000000                      0.000000                      1.0                           
NA_FEVII_6087_NPIX            0.000000                      0.297368                      0.0                           
NA_FEVII_6087_SNR             0.000000                      0.457342                      0.0                           
NA_FEVII_6087_VOFF            -20.793679                    14.083542                     0.0                           
NA_FEVII_6087_W80             0.000000                      19.332556                     0.0                           
NA_FEVII_6087_W80_CORR        0.000000                      19.332556                     0.0                           
NA_FEVI_5638_AMP              25.781089                     21.579849                     0.0                           
NA_FEVI_5638_DISP             2.366846                      1.128266                      0.0                           
NA_FEVI_5638_DISP_CORR        0.000000                      1.128266                      0.0                           
NA_FEVI_5638_DISP_RES         1909.797760                   nan                           nan                           
NA_FEVI_5638_EW               0.000000                      0.036185                      1.0                           
NA_FEVI_5638_FLUX             0.000000                      0.000000                      0.0                           
NA_FEVI_5638_FWHM             0.000000                      17.442134                     0.0                           
NA_FEVI_5638_FWHM_CORR        0.000000                      17.442134                     0.0                           
NA_FEVI_5638_LUM              0.000000                      0.000000                      1.0                           
NA_FEVI_5638_NPIX             0.000000                      0.138648                      0.0                           
NA_FEVI_5638_SNR              0.000000                      0.185544                      0.0                           
NA_FEVI_5638_VOFF             9.242743                      10.736045                     0.0                           
NA_FEVI_5638_W80              0.000000                      14.133775                     0.0                           
NA_FEVI_5638_W80_CORR         0.000000                      14.133775                     0.0                           
NA_FEVI_5677_AMP              6.705019                      30.185650                     1.0                           
NA_FEVI_5677_DISP             2.366846                      1.128266                      0.0                           
NA_FEVI_5677_DISP_CORR        0.000000                      1.128266                      0.0                           
NA_FEVI_5677_DISP_RES         1896.543219                   nan                           nan                           
NA_FEVI_5677_EW               0.000000                      0.017839                      1.0                           
NA_FEVI_5677_FLUX             0.000000                      0.000000                      0.0                           
NA_FEVI_5677_FWHM             0.000000                      17.434448                     0.0                           
NA_FEVI_5677_FWHM_CORR        0.000000                      17.434448                     0.0                           
NA_FEVI_5677_LUM              0.000000                      0.000000                      1.0                           
NA_FEVI_5677_NPIX             0.000000                      0.000000                      0.0                           
NA_FEVI_5677_SNR              0.000000                      0.090797                      0.0                           
NA_FEVI_5677_VOFF             9.242743                      10.736045                     0.0                           
NA_FEVI_5677_W80              0.000000                      14.124225                     0.0                           
NA_FEVI_5677_W80_CORR         0.000000                      14.124225                     0.0                           
NA_FEX_6374_AMP               4.731197                      0.351997                      0.0                           
NA_FEX_6374_DISP              2.895097                      1.101030                      0.0                           
NA_FEX_6374_DISP_CORR         0.000000                      1.101030                      0.0                           
NA_FEX_6374_DISP_RES          1689.020153                   nan                           nan                           
NA_FEX_6374_EW                0.000000                      0.000000                      1.0                           
NA_FEX_6374_FLUX              0.000000                      0.000000                      0.0                           
NA_FEX_6374_FWHM              0.000000                      0.000000                      0.0                           
NA_FEX_6374_FWHM_CORR         0.000000                      0.000000                      0.0                           
NA_FEX_6374_LUM               0.000000                      0.000000                      1.0                           
NA_FEX_6374_NPIX              0.000000                      0.000000                      0.0                           
NA_FEX_6374_SNR               0.000000                      0.000000                      0.0                           
NA_FEX_6374_VOFF              -0.150627                     4.538037                      0.0                           
NA_FEX_6374_W80               0.000000                      0.000000                      0.0                           
NA_FEX_6374_W80_CORR          0.000000                      0.000000                      0.0                           
NA_HEII_3203_AMP              42.850486                     5.420870                      0.0                           
NA_HEII_3203_DISP             1.611214                      0.194113                      0.0                           
NA_HEII_3203_DISP_CORR        0.000000                      0.194113                      0.0                           
NA_HEII_3203_DISP_RES         3361.329916                   nan                           nan                           
NA_HEII_3203_EW               0.000000                      0.012413                      1.0                           
NA_HEII_3203_FLUX             0.000000                      0.000000                      0.0                           
NA_HEII_3203_FWHM             0.000000                      14.380101                     0.0                           
NA_HEII_3203_FWHM_CORR        0.000000                      14.380101                     0.0                           
NA_HEII_3203_LUM              0.000000                      0.000000                      1.0                           
NA_HEII_3203_NPIX             0.000000                      0.138648                      0.0                           
NA_HEII_3203_SNR              0.000000                      0.171361                      0.0                           
NA_HEII_3203_VOFF             -3.184004                     7.148259                      0.0                           
NA_HEII_3203_W80              0.000000                      11.647550                     0.0                           
NA_HEII_3203_W80_CORR         0.000000                      11.647550                     0.0                           
NA_HEII_4687_AMP              256.210339                    282.610684                    1.0                           
NA_HEII_4687_DISP             9.785079                      4.434560                      0.0                           
NA_HEII_4687_DISP_CORR        0.000000                      4.434560                      0.0                           
NA_HEII_4687_DISP_RES         2297.125584                   nan                           nan                           
NA_HEII_4687_EW               0.126574                      0.150338                      1.0                           
NA_HEII_4687_FLUX             -17.207058                    0.000000                      0.0                           
NA_HEII_4687_FWHM             141.376139                    38.228114                     0.0                           
NA_HEII_4687_FWHM_CORR        0.000000                      38.228114                     0.0                           
NA_HEII_4687_LUM              39.402731                     0.000000                      0.0                           
NA_HEII_4687_NPIX             0.000000                      0.680932                      0.0                           
NA_HEII_4687_SNR              0.520373                      0.777247                      0.0                           
NA_HEII_4687_VOFF             102.937981                    18.075955                     0.0                           
NA_HEII_4687_W80              119.966373                    36.539087                     0.0                           
NA_HEII_4687_W80_CORR         0.000000                      36.539087                     0.0                           
NA_HEI_3889_AMP               56.940887                     222.902300                    1.0                           
NA_HEI_3889_DISP              11.741072                     4.342358                      0.0                           
NA_HEI_3889_DISP_CORR         0.000000                      4.342358                      0.0                           
NA_HEI_3889_DISP_RES          2768.746007                   nan                           nan                           
NA_HEI_3889_EW                0.191246                      0.128182                      0.0                           
NA_HEI_3889_FLUX              -16.992300                    0.000000                      0.0                           
NA_HEI_3889_FWHM              145.960535                    37.334847                     0.0                           
NA_HEI_3889_FWHM_CORR         0.000000                      37.334847                     0.0                           
NA_HEI_3889_LUM               39.617488                     0.000000                      0.0                           
NA_HEI_3889_NPIX              1.000000                      0.681496                      0.0                           
NA_HEI_3889_SNR               0.976509                      0.905618                      0.0                           
NA_HEI_3889_VOFF              4.172915                      14.723529                     0.0                           
NA_HEI_3889_W80               120.020887                    36.107290                     0.0                           
NA_HEI_3889_W80_CORR          0.000000                      36.107290                     0.0                           
NA_HEI_5876_AMP               2164.229495                   8.362211                      0.0                           
NA_HEI_5876_DISP              1.376133                      0.605575                      0.0                           
NA_HEI_5876_DISP_CORR         0.000000                      0.605575                      0.0                           
NA_HEI_5876_DISP_RES          1832.431049                   nan                           nan                           
NA_HEI_5876_EW                0.000000                      0.103572                      1.0                           
NA_HEI_5876_FLUX              0.000000                      0.000000                      0.0                           
NA_HEI_5876_FWHM              0.000000                      29.413101                     0.0                           
NA_HEI_5876_FWHM_CORR         0.000000                      29.413101                     0.0                           
NA_HEI_5876_LUM               0.000000                      0.000000                      1.0                           
NA_HEI_5876_NPIX              0.000000                      0.322190                      0.0                           
NA_HEI_5876_SNR               0.000000                      0.492238                      0.0                           
NA_HEI_5876_VOFF              -16.990666                    12.684378                     0.0                           
NA_HEI_5876_W80               0.000000                      23.822704                     0.0                           
NA_HEI_5876_W80_CORR          0.000000                      23.822704                     0.0                           
NA_HEI_7062_AMP               420.293434                    273.014698                    0.0                           
NA_HEI_7062_DISP              9.846825                      3.629928                      0.0                           
NA_HEI_7062_DISP_CORR         0.000000                      3.629928                      0.0                           
NA_HEI_7062_DISP_RES          1523.903350                   nan                           nan                           
NA_HEI_7062_EW                0.466910                      0.316837                      0.0                           
NA_HEI_7062_FLUX              -16.775541                    0.000000                      0.0                           
NA_HEI_7062_FWHM              142.439716                    35.324896                     0.0                           
NA_HEI_7062_FWHM_CORR         0.000000                      35.324896                     0.0                           
NA_HEI_7062_LUM               39.834248                     0.000000                      0.0                           
NA_HEI_7062_NPIX              0.000000                      0.657375                      0.0                           
NA_HEI_7062_SNR               0.922290                      0.730573                      0.0                           
NA_HEI_7062_VOFF              -23.088510                    17.269402                     0.0                           
NA_HEI_7062_W80               119.951726                    33.518369                     0.0                           
NA_HEI_7062_W80_CORR          0.000000                      33.518369                     0.0                           
NA_H_ALPHA_AMP                218.052007                    14.467451                     0.0                           
NA_H_ALPHA_DISP               2.895097                      1.101030                      0.0                           
NA_H_ALPHA_DISP_CORR          0.000000                      1.101030                      0.0                           
NA_H_ALPHA_DISP_RES           1640.103490                   nan                           nan                           
NA_H_ALPHA_EW                 0.105725                      0.273368                      1.0                           
NA_H_ALPHA_FLUX               -17.400480                    0.000000                      0.0                           
NA_H_ALPHA_FWHM               74.083086                     36.460210                     0.0                           
NA_H_ALPHA_FWHM_CORR          0.000000                      36.460210                     0.0                           
NA_H_ALPHA_LUM                39.209308                     0.000000                      0.0                           
NA_H_ALPHA_NPIX               0.000000                      0.411298                      0.0                           
NA_H_ALPHA_SNR                0.439218                      1.138476                      0.0                           
NA_H_ALPHA_VOFF               30.605048                     5.410534                      0.0                           
NA_H_ALPHA_W80                60.008193                     29.533210                     0.0                           
NA_H_ALPHA_W80_CORR           0.000000                      29.533210                     0.0                           
NA_H_BETA_AMP                 172.991809                    42.705628                     0.0                           
NA_H_BETA_DISP                1.914635                      1.732548                      0.0                           
NA_H_BETA_DISP_CORR           0.000000                      1.732548                      0.0                           
NA_H_BETA_DISP_RES            2214.139425                   nan                           nan                           
NA_H_BETA_EW                  0.000000                      0.012684                      1.0                           
NA_H_BETA_FLUX                0.000000                      0.000000                      0.0                           
NA_H_BETA_FWHM                0.000000                      14.380101                     0.0                           
NA_H_BETA_FWHM_CORR           0.000000                      14.380101                     0.0                           
NA_H_BETA_LUM                 0.000000                      0.000000                      1.0                           
NA_H_BETA_NPIX                0.000000                      0.000000                      0.0                           
NA_H_BETA_SNR                 0.000000                      0.089647                      0.0                           
NA_H_BETA_VOFF                27.367943                     16.698109                     0.0                           
NA_H_BETA_W80                 0.000000                      11.646427                     0.0                           
NA_H_BETA_W80_CORR            0.000000                      11.646427                     0.0                           
NA_H_DELTA_AMP                4.041927                      7.076477                      1.0                           
NA_H_DELTA_DISP               2.789883                      1.103757                      0.0                           
NA_H_DELTA_DISP_CORR          0.000000                      1.103757                      0.0                           
NA_H_DELTA_DISP_RES           2624.162386                   nan                           nan                           
NA_H_DELTA_EW                 0.000000                      0.012895                      1.0                           
NA_H_DELTA_FLUX               0.000000                      0.000000                      0.0                           
NA_H_DELTA_FWHM               0.000000                      22.029914                     0.0                           
NA_H_DELTA_FWHM_CORR          0.000000                      22.029914                     0.0                           
NA_H_DELTA_LUM                0.000000                      0.000000                      1.0                           
NA_H_DELTA_NPIX               0.000000                      0.000000                      0.0                           
NA_H_DELTA_SNR                0.000000                      0.119174                      0.0                           
NA_H_DELTA_VOFF               10.591412                     11.966013                     0.0                           
NA_H_DELTA_W80                0.000000                      17.840799                     0.0                           
NA_H_DELTA_W80_CORR           0.000000                      17.840799                     0.0                           
NA_H_GAMMA_AMP                6.857945                      27.277010                     1.0                           
NA_H_GAMMA_DISP               2.789883                      1.103757                      0.0                           
NA_H_GAMMA_DISP_CORR          0.000000                      1.103757                      0.0                           
NA_H_GAMMA_DISP_RES           2479.834666                   nan                           nan                           
NA_H_GAMMA_EW                 0.000000                      0.020880                      1.0                           
NA_H_GAMMA_FLUX               0.000000                      0.000000                      0.0                           
NA_H_GAMMA_FWHM               0.000000                      23.868810                     0.0                           
NA_H_GAMMA_FWHM_CORR          0.000000                      23.868810                     0.0                           
NA_H_GAMMA_LUM                0.000000                      0.000000                      1.0                           
NA_H_GAMMA_NPIX               0.000000                      0.138648                      0.0                           
NA_H_GAMMA_SNR                0.000000                      0.179651                      0.0                           
NA_H_GAMMA_VOFF               10.591412                     11.966013                     0.0                           
NA_H_GAMMA_W80                0.000000                      19.330234                     0.0                           
NA_H_GAMMA_W80_CORR           0.000000                      19.330234                     0.0                           
NA_NEIII_3869_AMP             347.822408                    19.062954                     0.0                           
NA_NEIII_3869_DISP            1.816249                      1.249967                      0.0                           
NA_NEIII_3869_DISP_CORR       0.000000                      1.249967                      0.0                           
NA_NEIII_3869_DISP_RES        2782.189588                   nan                           nan                           
NA_NEIII_3869_EW              0.000000                      0.051332                      1.0                           
NA_NEIII_3869_FLUX            0.000000                      0.000000                      0.0                           
NA_NEIII_3869_FWHM            0.000000                      29.431076                     0.0                           
NA_NEIII_3869_FWHM_CORR       0.000000                      29.431076                     0.0                           
NA_NEIII_3869_LUM             0.000000                      0.000000                      1.0                           
NA_NEIII_3869_NPIX            0.000000                      0.297368                      0.0                           
NA_NEIII_3869_SNR             0.000000                      0.511305                      0.0                           
NA_NEIII_3869_VOFF            -14.470550                    8.778420                      0.0                           
NA_NEIII_3869_W80             0.000000                      23.850861                     0.0                           
NA_NEIII_3869_W80_CORR        0.000000                      23.850861                     0.0                           
NA_NEIII_3968_AMP             100.938974                    7.484274                      0.0                           
NA_NEIII_3968_DISP            1.816249                      1.249967                      0.0                           
NA_NEIII_3968_DISP_CORR       0.000000                      1.249967                      0.0                           
NA_NEIII_3968_DISP_RES        2712.970530                   nan                           nan                           
NA_NEIII_3968_EW              0.000000                      0.004257                      1.0                           
NA_NEIII_3968_FLUX            0.000000                      0.000000                      0.0                           
NA_NEIII_3968_FWHM            0.000000                      17.432257                     0.0                           
NA_NEIII_3968_FWHM_CORR       0.000000                      17.432257                     0.0                           
NA_NEIII_3968_LUM             0.000000                      0.000000                      1.0                           
NA_NEIII_3968_NPIX            0.000000                      0.000000                      0.0                           
NA_NEIII_3968_SNR             0.000000                      0.041187                      0.0                           
NA_NEIII_3968_VOFF            -14.470550                    8.778420                      0.0                           
NA_NEIII_3968_W80             0.000000                      14.118703                     0.0                           
NA_NEIII_3968_W80_CORR        0.000000                      14.118703                     0.0                           
NA_NEV_3346_AMP               192.858823                    227.085151                    1.0                           
NA_NEV_3346_DISP              2.488864                      0.917846                      0.0                           
NA_NEV_3346_DISP_CORR         0.000000                      0.917846                      0.0                           
NA_NEV_3346_DISP_RES          3217.022392                   nan                           nan                           
NA_NEV_3346_EW                0.106964                      0.080435                      0.0                           
NA_NEV_3346_FLUX              -17.203829                    0.000000                      0.0                           
NA_NEV_3346_FWHM              74.083086                     32.285860                     0.0                           
NA_NEV_3346_FWHM_CORR         0.000000                      32.285860                     0.0                           
NA_NEV_3346_LUM               39.405959                     0.000000                      0.0                           
NA_NEV_3346_NPIX              1.000000                      0.499904                      0.0                           
NA_NEV_3346_SNR               1.355507                      1.018611                      0.0                           
NA_NEV_3346_VOFF              -79.407530                    5.006377                      0.0                           
NA_NEV_3346_W80               59.982293                     26.140649                     0.0                           
NA_NEV_3346_W80_CORR          0.000000                      26.140649                     0.0                           
NA_NEV_3426_AMP               350.067417                    22.052019                     0.0                           
NA_NEV_3426_DISP              2.488864                      0.917846                      0.0                           
NA_NEV_3426_DISP_CORR         0.000000                      0.917846                      0.0                           
NA_NEV_3426_DISP_RES          3141.846013                   nan                           nan                           
NA_NEV_3426_EW                0.000000                      0.000017                      1.0                           
NA_NEV_3426_FLUX              0.000000                      0.000000                      0.0                           
NA_NEV_3426_FWHM              0.000000                      37.034422                     0.0                           
NA_NEV_3426_FWHM_CORR         0.000000                      37.034422                     0.0                           
NA_NEV_3426_LUM               0.000000                      0.000000                      1.0                           
NA_NEV_3426_NPIX              0.000000                      0.000000                      0.0                           
NA_NEV_3426_SNR               0.000000                      0.000203                      0.0                           
NA_NEV_3426_VOFF              -79.407530                    5.006377                      0.0                           
NA_NEV_3426_W80               0.000000                      29.987699                     0.0                           
NA_NEV_3426_W80_CORR          0.000000                      29.987699                     0.0                           
NA_NII_6549_AMP               31.953991                     0.000000                      1.0                           
NA_NII_6549_DISP              2.895097                      1.101030                      0.0                           
NA_NII_6549_DISP_CORR         0.000000                      1.101030                      0.0                           
NA_NII_6549_DISP_RES          1643.802691                   nan                           nan                           
NA_NII_6549_EW                0.000000                      0.000000                      1.0                           
NA_NII_6549_FLUX              0.000000                      0.000000                      0.0                           
NA_NII_6549_FWHM              0.000000                      0.000000                      0.0                           
NA_NII_6549_FWHM_CORR         0.000000                      0.000000                      0.0                           
NA_NII_6549_LUM               0.000000                      0.000000                      1.0                           
NA_NII_6549_NPIX              0.000000                      0.000000                      0.0                           
NA_NII_6549_SNR               0.000000                      0.000000                      0.0                           
NA_NII_6549_VOFF              30.605048                     5.410534                      0.0                           
NA_NII_6549_W80               0.000000                      0.000000                      0.0                           
NA_NII_6549_W80_CORR          0.000000                      0.000000                      0.0                           
NA_NII_6585_AMP               93.625192                     0.000000                      1.0                           
NA_NII_6585_DISP              2.895097                      1.101030                      0.0                           
NA_NII_6585_DISP_CORR         0.000000                      1.101030                      0.0                           
NA_NII_6585_DISP_RES          1634.961478                   nan                           nan                           
NA_NII_6585_EW                0.000000                      0.000000                      1.0                           
NA_NII_6585_FLUX              0.000000                      0.000000                      0.0                           
NA_NII_6585_FWHM              0.000000                      0.000000                      0.0                           
NA_NII_6585_FWHM_CORR         0.000000                      0.000000                      0.0                           
NA_NII_6585_LUM               0.000000                      0.000000                      1.0                           
NA_NII_6585_NPIX              0.000000                      0.000000                      0.0                           
NA_NII_6585_SNR               0.000000                      0.000000                      0.0                           
NA_NII_6585_VOFF              30.605048                     5.410534                      0.0                           
NA_NII_6585_W80               0.000000                      0.000000                      0.0                           
NA_NII_6585_W80_CORR          0.000000                      0.000000                      0.0                           
NA_OIII_4364_AMP              4.720039                      3.107994                      0.0                           
NA_OIII_4364_DISP             2.789883                      1.103757                      0.0                           
NA_OIII_4364_DISP_CORR        0.000000                      1.103757                      0.0                           
NA_OIII_4364_DISP_RES         2466.911155                   nan                           nan                           
NA_OIII_4364_EW               0.000000                      0.000006                      1.0                           
NA_OIII_4364_FLUX             0.000000                      0.000000                      0.0                           
NA_OIII_4364_FWHM             0.000000                      20.528725                     0.0                           
NA_OIII_4364_FWHM_CORR        0.000000                      20.528725                     0.0                           
NA_OIII_4364_LUM              0.000000                      0.000000                      1.0                           
NA_OIII_4364_NPIX             0.000000                      0.000000                      0.0                           
NA_OIII_4364_SNR              0.000000                      0.000024                      0.0                           
NA_OIII_4364_VOFF             10.591412                     11.966013                     0.0                           
NA_OIII_4364_W80              0.000000                      16.637896                     0.0                           
NA_OIII_4364_W80_CORR         0.000000                      16.637896                     0.0                           
NA_OIII_4960_AMP              198.306626                    378.568098                    0.0                           
NA_OIII_4960_DISP             1.914635                      1.732548                      0.0                           
NA_OIII_4960_DISP_CORR        0.000000                      1.732548                      0.0                           
NA_OIII_4960_DISP_RES         2170.571680                   nan                           nan                           
NA_OIII_4960_EW               0.000000                      0.012183                      1.0                           
NA_OIII_4960_FLUX             0.000000                      0.000000                      0.0                           
NA_OIII_4960_FWHM             0.000000                      36.115799                     0.0                           
NA_OIII_4960_FWHM_CORR        0.000000                      36.115799                     0.0                           
NA_OIII_4960_LUM              0.000000                      0.000000                      1.0                           
NA_OIII_4960_NPIX             0.000000                      0.000000                      0.0                           
NA_OIII_4960_SNR              0.000000                      0.068094                      0.0                           
NA_OIII_4960_VOFF             -20.118547                    5.406549                      0.0                           
NA_OIII_4960_W80              0.000000                      30.599348                     0.0                           
NA_OIII_4960_W80_CORR         0.000000                      30.599348                     0.0                           
NA_OIII_5007_AMP              590.953747                    378.568098                    0.0                           
NA_OIII_5007_DISP             1.914635                      1.732548                      0.0                           
NA_OIII_5007_DISP_CORR        0.000000                      1.732548                      0.0                           
NA_OIII_5007_DISP_RES         2149.792313                   nan                           nan                           
NA_OIII_5007_EW               1.501927                      0.272483                      0.0                           
NA_OIII_5007_FLUX             -16.161434                    0.081328                      0.0                           
NA_OIII_5007_FWHM             74.083086                     0.048721                      0.0                           
NA_OIII_5007_FWHM_CORR        0.000000                      0.048721                      0.0                           
NA_OIII_5007_LUM              40.448355                     0.081328                      0.0                           
NA_OIII_5007_NPIX             1.000000                      0.000000                      0.0                           
NA_OIII_5007_SNR              9.985060                      1.811446                      0.0                           
NA_OIII_5007_VOFF             -20.118547                    5.406549                      0.0                           
NA_OIII_5007_W80              59.994652                     0.078169                      0.0                           
NA_OIII_5007_W80_CORR         0.000000                      0.078169                      0.0                           
NA_OII_3727_AMP               88.598741                     8.783809                      0.0                           
NA_OII_3727_DISP              1.063886                      0.578503                      0.0                           
NA_OII_3727_DISP_CORR         0.000000                      0.578503                      0.0                           
NA_OII_3727_DISP_RES          2888.760420                   nan                           nan                           
NA_OII_3727_EW                0.000000                      0.011489                      1.0                           
NA_OII_3727_FLUX              0.000000                      0.000000                      0.0                           
NA_OII_3727_FWHM              0.000000                      14.380101                     0.0                           
NA_OII_3727_FWHM_CORR         0.000000                      14.380101                     0.0                           
NA_OII_3727_LUM               0.000000                      0.000000                      1.0                           
NA_OII_3727_NPIX              0.000000                      0.000000                      0.0                           
NA_OII_3727_SNR               0.000000                      0.119509                      0.0                           
NA_OII_3727_VOFF              -12.791759                    9.809862                      0.0                           
NA_OII_3727_W80               0.000000                      11.645785                     0.0                           
NA_OII_3727_W80_CORR          0.000000                      11.645785                     0.0                           
NA_OII_3729_AMP               69.464414                     39.261446                     0.0                           
NA_OII_3729_DISP              1.063886                      0.578503                      0.0                           
NA_OII_3729_DISP_CORR         0.000000                      0.578503                      0.0                           
NA_OII_3729_DISP_RES          2886.605008                   nan                           nan                           
NA_OII_3729_EW                0.000000                      0.011220                      1.0                           
NA_OII_3729_FLUX              0.000000                      0.000000                      0.0                           
NA_OII_3729_FWHM              0.000000                      17.431314                     0.0                           
NA_OII_3729_FWHM_CORR         0.000000                      17.431314                     0.0                           
NA_OII_3729_LUM               0.000000                      0.000000                      1.0                           
NA_OII_3729_NPIX              0.000000                      0.000000                      0.0                           
NA_OII_3729_SNR               0.000000                      0.117111                      0.0                           
NA_OII_3729_VOFF              -12.791759                    9.809862                      0.0                           
NA_OII_3729_W80               0.000000                      14.117333                     0.0                           
NA_OII_3729_W80_CORR          0.000000                      14.117333                     0.0                           
NA_OII_7319_AMP               1035.335216                   188.675791                    0.0                           
NA_OII_7319_DISP              3.358406                      1.959318                      0.0                           
NA_OII_7319_DISP_CORR         0.000000                      1.959318                      0.0                           
NA_OII_7319_DISP_RES          1470.859366                   nan                           nan                           
NA_OII_7319_EW                0.000000                      0.230217                      1.0                           
NA_OII_7319_FLUX              0.000000                      0.000000                      0.0                           
NA_OII_7319_FWHM              0.000000                      34.696991                     0.0                           
NA_OII_7319_FWHM_CORR         0.000000                      34.696991                     0.0                           
NA_OII_7319_LUM               0.000000                      0.000000                      1.0                           
NA_OII_7319_NPIX              0.000000                      0.459008                      0.0                           
NA_OII_7319_SNR               0.000000                      0.567612                      0.0                           
NA_OII_7319_VOFF              21.797307                     12.013776                     0.0                           
NA_OII_7319_W80               0.000000                      29.910136                     0.0                           
NA_OII_7319_W80_CORR          0.000000                      29.910136                     0.0                           
NA_OII_7331_AMP               736.332817                    177.898427                    0.0                           
NA_OII_7331_DISP              3.358406                      1.959318                      0.0                           
NA_OII_7331_DISP_CORR         0.000000                      1.959318                      0.0                           
NA_OII_7331_DISP_RES          1468.704461                   nan                           nan                           
NA_OII_7331_EW                0.000000                      0.181349                      1.0                           
NA_OII_7331_FLUX              0.000000                      0.000000                      0.0                           
NA_OII_7331_FWHM              0.000000                      35.565461                     0.0                           
NA_OII_7331_FWHM_CORR         0.000000                      35.565461                     0.0                           
NA_OII_7331_LUM               0.000000                      0.000000                      1.0                           
NA_OII_7331_NPIX              0.000000                      0.397029                      0.0                           
NA_OII_7331_SNR               0.000000                      0.527344                      0.0                           
NA_OII_7331_VOFF              21.797307                     12.013776                     0.0                           
NA_OII_7331_W80               0.000000                      29.905087                     0.0                           
NA_OII_7331_W80_CORR          0.000000                      29.905087                     0.0                           
NA_OI_6302_AMP                0.249817                      0.000000                      1.0                           
NA_OI_6302_DISP               2.895097                      1.101030                      0.0                           
NA_OI_6302_DISP_CORR          0.000000                      1.101030                      0.0                           
NA_OI_6302_DISP_RES           1708.441330                   nan                           nan                           
NA_OI_6302_EW                 0.000000                      0.000000                      1.0                           
NA_OI_6302_FLUX               0.000000                      0.000000                      0.0                           
NA_OI_6302_FWHM               0.000000                      0.000000                      0.0                           
NA_OI_6302_FWHM_CORR          0.000000                      0.000000                      0.0                           
NA_OI_6302_LUM                0.000000                      0.000000                      1.0                           
NA_OI_6302_NPIX               0.000000                      0.000000                      0.0                           
NA_OI_6302_SNR                0.000000                      0.000000                      0.0                           
NA_OI_6302_VOFF               30.605048                     5.410534                      0.0                           
NA_OI_6302_W80                0.000000                      0.000000                      0.0                           
NA_OI_6302_W80_CORR           0.000000                      0.000000                      0.0                           
NA_OI_6365_AMP                0.083272                      0.000000                      1.0                           
NA_OI_6365_DISP               2.895097                      1.101030                      0.0                           
NA_OI_6365_DISP_CORR          0.000000                      1.101030                      0.0                           
NA_OI_6365_DISP_RES           1691.401564                   nan                           nan                           
NA_OI_6365_EW                 0.000000                      0.000000                      1.0                           
NA_OI_6365_FLUX               0.000000                      0.000000                      0.0                           
NA_OI_6365_FWHM               0.000000                      0.000000                      0.0                           
NA_OI_6365_FWHM_CORR          0.000000                      0.000000                      0.0                           
NA_OI_6365_LUM                0.000000                      0.000000                      1.0                           
NA_OI_6365_NPIX               0.000000                      0.000000                      0.0                           
NA_OI_6365_SNR                0.000000                      0.000000                      0.0                           
NA_OI_6365_VOFF               30.605048                     5.410534                      0.0                           
NA_OI_6365_W80                0.000000                      0.000000                      0.0                           
NA_OI_6365_W80_CORR           0.000000                      0.000000                      0.0                           
NA_SIII_6312_AMP              0.878220                      0.000000                      1.0                           
NA_SIII_6312_DISP             2.895097                      1.101030                      0.0                           
NA_SIII_6312_DISP_CORR        0.000000                      1.101030                      0.0                           
NA_SIII_6312_DISP_RES         1705.730911                   nan                           nan                           
NA_SIII_6312_EW               0.000000                      0.000000                      1.0                           
NA_SIII_6312_FLUX             0.000000                      0.000000                      0.0                           
NA_SIII_6312_FWHM             0.000000                      0.000000                      0.0                           
NA_SIII_6312_FWHM_CORR        0.000000                      0.000000                      0.0                           
NA_SIII_6312_LUM              0.000000                      0.000000                      1.0                           
NA_SIII_6312_NPIX             0.000000                      0.000000                      0.0                           
NA_SIII_6312_SNR              0.000000                      0.000000                      0.0                           
NA_SIII_6312_VOFF             0.124966                      1.332913                      0.0                           
NA_SIII_6312_W80              0.000000                      0.000000                      0.0                           
NA_SIII_6312_W80_CORR         0.000000                      0.000000                      0.0                           
NA_SII_6718_AMP               483.046334                    0.000000                      0.0                           
NA_SII_6718_DISP              2.895097                      1.101030                      0.0                           
NA_SII_6718_DISP_CORR         0.000000                      1.101030                      0.0                           
NA_SII_6718_DISP_RES          1602.590755                   nan                           nan                           
NA_SII_6718_EW                0.000000                      0.000000                      1.0                           
NA_SII_6718_FLUX              0.000000                      0.000000                      0.0                           
NA_SII_6718_FWHM              0.000000                      0.000000                      0.0                           
NA_SII_6718_FWHM_CORR         0.000000                      0.000000                      0.0                           
NA_SII_6718_LUM               0.000000                      0.000000                      1.0                           
NA_SII_6718_NPIX              0.000000                      0.000000                      0.0                           
NA_SII_6718_SNR               0.000000                      0.000000                      0.0                           
NA_SII_6718_VOFF              30.605048                     5.410534                      0.0                           
NA_SII_6718_W80               0.000000                      0.000000                      0.0                           
NA_SII_6718_W80_CORR          0.000000                      0.000000                      0.0                           
NA_SII_6732_AMP               72.235176                     318.317864                    1.0                           
NA_SII_6732_DISP              2.895097                      1.101030                      0.0                           
NA_SII_6732_DISP_CORR         0.000000                      1.101030                      0.0                           
NA_SII_6732_DISP_RES          1599.169282                   nan                           nan                           
NA_SII_6732_EW                0.126018                      0.171389                      1.0                           
NA_SII_6732_FLUX              -17.326000                    0.000000                      0.0                           
NA_SII_6732_FWHM              74.083086                     33.060831                     0.0                           
NA_SII_6732_FWHM_CORR         0.000000                      33.060831                     0.0                           
NA_SII_6732_LUM               39.283788                     0.000000                      0.0                           
NA_SII_6732_NPIX              0.000000                      0.381220                      0.0                           
NA_SII_6732_SNR               0.508410                      0.693084                      0.0                           
NA_SII_6732_VOFF              30.605048                     5.410534                      0.0                           
NA_SII_6732_W80               60.004031                     26.777815                     0.0                           
NA_SII_6732_W80_CORR          0.000000                      26.777815                     0.0                           
POWER_AMP                     4.898012                      0.191417                      0.0                           
POWER_SLOPE                   0.265365                      0.410092                      0.0                           
RCHI_SQUARED                  1.000000                      0.002353                      0.0                           
R_SQUARED                     0.990067                      0.000062                      0.0                           
NOISE_STD                     0.406780                                                                                  
RESID_STD                     0.492339                                                                                  
--------------------------------------------------------------------------------------

 Reweighting noise to achieve a reduced chi-squared ~ 1.
	Current reduced chi-squared = 4.04850
	New reduced chi-squared = 1.00000

 Initializing parameters for MCMC.
----------------------------------------------------------------------------------------------------
	- Fitting additive legendre polynomial component.
	- Fitting Simple AGN power-law continuum.

 Warning! Peak finding algorithm used for initial guesses of amplitude and velocity failed! Defaulting to user-defined locations...

 Warning! Peak finding algorithm used for initial guesses of amplitude and velocity failed! Defaulting to user-defined locations...

----------------------------------------------------------------------------------------------------------------------------------------

----------------------------------------------------------------------------------------------------------------------------------------

 Line List:

----------------------------------------------------------------------------------------------------------------------------------------
BR_H_ALPHA                                                                                
                              amp                           free                          
                              center                        6564.632                      
                              center_pix                    3213.439730611314             
                              disp                          free                          
                              disp_res_ang                  35.913764891247396            
                              disp_res_kms                  1640.1034898500266            
                              line_profile                  gaussian                      
                              line_type                     br                            
                              ncomp                         1                             
                              voff                          free                          
BR_H_BETA                                                                                 
                              amp                           free                          
                              center                        4862.691                      
                              center_pix                    1999.00526952167              
                              disp                          free                          
                              disp_res_ang                  35.913764891247396            
                              disp_res_kms                  2214.1394246069017            
                              line_profile                  gaussian                      
                              line_type                     br                            
                              ncomp                         1                             
                              voff                          free                          
BR_H_DELTA                                                                                
                              amp                           free                          
                              center                        4102.9                        
                              center_pix                    1311.4782179593687            
                              disp                          free                          
                              disp_res_ang                  35.913764891247396            
                              disp_res_kms                  2624.1623858200687            
                              line_profile                  gaussian                      
                              line_type                     br                            
                              ncomp                         1                             
                              voff                          free                          
BR_H_GAMMA                                                                                
                              amp                           free                          
                              center                        4341.691                      
                              center_pix                    1540.3998148436597            
                              disp                          free                          
                              disp_res_ang                  35.913764891247396            
                              disp_res_kms                  2479.8346664424434            
                              line_profile                  gaussian                      
                              line_type                     br                            
                              ncomp                         1                             
                              voff                          free                          
NA_ARIII_7135                                                                             
                              amp                           free                          
                              center                        7135.79                       
                              center_pix                    3551.0423247188955            
                              disp                          free                          
                              disp_res_ang                  35.913764891247396            
                              disp_res_kms                  1508.8274532716293            
                              label                         [Ar III]                      
                              line_profile                  gaussian                      
                              line_type                     na                            
                              ncomp                         1                             
                              voff                          free                          
NA_FEVII_5720                                                                             
                              amp                           free                          
                              center                        5720.7                        
                              center_pix                    2656.5916542643276            
                              disp                          NA_FEVII_6087_DISP            
                              disp_res_ang                  35.913764891247396            
                              disp_res_kms                  1882.0556667507753            
                              label                         [Fe VII]                      
                              line_profile                  gaussian                      
                              line_type                     na                            
                              ncomp                         1                             
                              voff                          NA_FEVII_6087_VOFF            
NA_FEVII_6087                                                                             
                              amp                           free                          
                              center                        6087.0                        
                              center_pix                    2907.747117742844             
                              disp                          free                          
                              disp_res_ang                  35.913764891247396            
                              disp_res_kms                  1768.7983986826284            
                              label                         [Fe VII]                      
                              line_profile                  gaussian                      
                              line_type                     na                            
                              ncomp                         1                             
                              voff                          free                          
NA_FEVI_5638                                                                              
                              amp                           free                          
                              center                        5637.6                        
                              center_pix                    2597.3772906506156            
                              disp                          NA_FEVI_5677_DISP             
                              disp_res_ang                  35.913764891247396            
                              disp_res_kms                  1909.7977601782954            
                              label                         [Fe VI]                       
                              line_profile                  gaussian                      
                              line_type                     na                            
                              ncomp                         1                             
                              voff                          NA_FEVI_5677_VOFF             
NA_FEVI_5677                                                                              
                              amp                           free                          
                              center                        5677.0                        
                              center_pix                    2625.560496002655             
                              disp                          free                          
                              disp_res_ang                  35.913764891247396            
                              disp_res_kms                  1896.5432187389747            
                              label                         [Fe VI]                       
                              line_profile                  gaussian                      
                              line_type                     na                            
                              ncomp                         1                             
                              voff                          free                          
NA_FEX_6374                                                                               
                              amp                           free                          
                              center                        6374.51                       
                              center_pix                    3094.5101768987274            
                              disp                          NA_NII_6585_DISP              
                              disp_res_ang                  35.913764891247396            
                              disp_res_kms                  1689.0201525734776            
                              label                         [Fe X]                        
                              line_profile                  gaussian                      
                              line_type                     na                            
                              ncomp                         1                             
                              voff                          free                          
NA_HEII_3203                                                                              
                              amp                           free                          
                              center                        3203.1                        
                              center_pix                    309.6152174336715             
                              disp                          free                          
                              disp_res_ang                  35.913764891247396            
                              disp_res_kms                  3361.3299156383378            
                              label                         He II                         
                              line_profile                  gaussian                      
                              line_type                     na                            
                              ncomp                         1                             
                              voff                          free                          
NA_HEII_4687                                                                              
                              amp                           free                          
                              center                        4687.021                      
                              center_pix                    1850.1075699214               
                              disp                          free                          
                              disp_res_ang                  35.913764891247396            
                              disp_res_kms                  2297.125584199678             
                              label                         He II                         
                              line_profile                  gaussian                      
                              line_type                     na                            
                              ncomp                         1                             
                              voff                          free                          
NA_HEI_3889                                                                               
                              amp                           free                          
                              center                        3888.647                      
                              center_pix                    1094.442219712871             
                              disp                          free                          
                              disp_res_ang                  35.913764891247396            
                              disp_res_kms                  2768.746006716773             
                              label                         He I                          
                              line_profile                  gaussian                      
                              line_type                     na                            
                              ncomp                         1                             
                              voff                          free                          
NA_HEI_5876                                                                               
                              amp                           free                          
                              center                        5875.624                      
                              center_pix                    2764.724057688043             
                              disp                          free                          
                              disp_res_ang                  35.913764891247396            
                              disp_res_kms                  1832.43104949894              
                              label                         He I                          
                              line_profile                  gaussian                      
                              line_type                     na                            
                              ncomp                         1                             
                              voff                          free                          
NA_HEI_7062                                                                               
                              amp                           free                          
                              center                        7065.196                      
                              center_pix                    3510.8091173847906            
                              disp                          free                          
                              disp_res_ang                  35.913764891247396            
                              disp_res_kms                  1523.9033499963991            
                              label                         He I                          
                              line_profile                  gaussian                      
                              line_type                     na                            
                              ncomp                         1                             
                              voff                          free                          
NA_H_ALPHA                                                                                
                              amp                           free                          
                              center                        6564.632                      
                              center_pix                    3213.439730611314             
                              disp                          NA_NII_6585_DISP              
                              disp_res_ang                  35.913764891247396            
                              disp_res_kms                  1640.1034898500266            
                              label                         H$\alpha$                     
                              line_profile                  gaussian                      
                              line_type                     na                            
                              ncomp                         1                             
                              voff                          NA_NII_6585_VOFF              
NA_H_BETA                                                                                 
                              amp                           free                          
                              center                        4862.691                      
                              center_pix                    1999.00526952167              
                              disp                          NA_OIII_5007_DISP             
                              disp_res_ang                  35.913764891247396            
                              disp_res_kms                  2214.1394246069017            
                              label                         H$\beta$                      
                              line_profile                  gaussian                      
                              line_type                     na                            
                              ncomp                         1                             
                              voff                          free                          
NA_H_DELTA                                                                                
                              amp                           free                          
                              center                        4102.9                        
                              center_pix                    1311.4782179593687            
                              disp                          NA_H_GAMMA_DISP               
                              disp_res_ang                  35.913764891247396            
                              disp_res_kms                  2624.1623858200687            
                              label                         H$\delta$                     
                              line_profile                  gaussian                      
                              line_type                     na                            
                              ncomp                         1                             
                              voff                          NA_H_GAMMA_VOFF               
NA_H_GAMMA                                                                                
                              amp                           free                          
                              center                        4341.691                      
                              center_pix                    1540.3998148436597            
                              disp                          free                          
                              disp_res_ang                  35.913764891247396            
                              disp_res_kms                  2479.8346664424434            
                              label                         H$\gamma$                     
                              line_profile                  gaussian                      
                              line_type                     na                            
                              ncomp                         1                             
                              voff                          free                          
NA_NEIII_3869                                                                             
                              amp                           free                          
                              center                        3869.857                      
                              center_pix                    1074.8410961646537            
                              disp                          free                          
                              disp_res_ang                  35.913764891247396            
                              disp_res_kms                  2782.189588085854             
                              label                         [Ne III]                      
                              line_profile                  gaussian                      
                              line_type                     na                            
                              ncomp                         1                             
                              voff                          free                          
NA_NEIII_3968                                                                             
                              amp                           free                          
                              center                        3968.593                      
                              center_pix                    1176.7940767371024            
                              disp                          NA_NEIII_3869_DISP            
                              disp_res_ang                  35.913764891247396            
                              disp_res_kms                  2712.9705295506897            
                              label                         [Ne III]                      
                              line_profile                  gaussian                      
                              line_type                     na                            
                              ncomp                         1                             
                              voff                          NA_NEIII_3869_VOFF            
NA_NEV_3346                                                                               
                              amp                           free                          
                              center                        3346.783                      
                              center_pix                    487.18668477884773            
                              disp                          free                          
                              disp_res_ang                  35.913764891247396            
                              disp_res_kms                  3217.022392184124             
                              label                         [Ne V]                        
                              line_profile                  gaussian                      
                              line_type                     na                            
                              ncomp                         1                             
                              voff                          free                          
NA_NEV_3426                                                                               
                              amp                           free                          
                              center                        3426.863                      
                              center_pix                    582.8737998268626             
                              disp                          NA_NEV_3346_DISP              
                              disp_res_ang                  35.913764891247396            
                              disp_res_kms                  3141.8460127472736            
                              label                         [Ne V]                        
                              line_profile                  gaussian                      
                              line_type                     na                            
                              ncomp                         1                             
                              voff                          NA_NEV_3346_VOFF              
NA_NII_6549                                                                               
                              amp                           NA_NII_6585_AMP/2.93          
                              center                        6549.859                      
                              center_pix                    3204.3227944591185            
                              disp                          NA_NII_6585_DISP              
                              disp_res_ang                  35.913764891247396            
                              disp_res_kms                  1643.8026914443744            
                              label                         [N II]                        
                              line_profile                  gaussian                      
                              line_type                     na                            
                              ncomp                         1                             
                              voff                          NA_NII_6585_VOFF              
NA_NII_6585                                                                               
                              amp                           free                          
                              center                        6585.278                      
                              center_pix                    3226.1468071400573            
                              disp                          free                          
                              disp_res_ang                  35.913764891247396            
                              disp_res_kms                  1634.9614781306361            
                              label                         [N II]                        
                              line_profile                  gaussian                      
                              line_type                     na                            
                              ncomp                         1                             
                              voff                          free                          
NA_OIII_4364                                                                              
                              amp                           free                          
                              center                        4364.436                      
                              center_pix                    1561.54412619904              
                              disp                          NA_H_GAMMA_DISP               
                              disp_res_ang                  35.913764891247396            
                              disp_res_kms                  2466.911154793233             
                              label                         [O III]                       
                              line_profile                  gaussian                      
                              line_type                     na                            
                              ncomp                         1                             
                              voff                          NA_H_GAMMA_VOFF               
NA_OIII_4960                                                                              
                              amp                           (NA_OIII_5007_AMP/2.98)       
                              center                        4960.295                      
                              center_pix                    2079.426341794273             
                              disp                          NA_OIII_5007_DISP             
                              disp_res_ang                  35.913764891247396            
                              disp_res_kms                  2170.57168026925              
                              label                         [O III]                       
                              line_profile                  gaussian                      
                              line_type                     na                            
                              ncomp                         1                             
                              voff                          NA_OIII_5007_VOFF             
NA_OIII_5007                                                                              
                              amp                           free                          
                              center                        5008.24                       
                              center_pix                    2118.3529882506477            
                              disp                          free                          
                              disp_res_ang                  35.913764891247396            
                              disp_res_kms                  2149.7923128246966            
                              label                         [O III]                       
                              line_profile                  gaussian                      
                              line_type                     na                            
                              ncomp                         1                             
                              voff                          free                          
NA_OII_3727                                                                               
                              amp                           free                          
                              center                        3727.092                      
                              center_pix                    922.7284476008236             
                              disp                          NA_OII_3729_DISP              
                              disp_res_ang                  35.913764891247396            
                              disp_res_kms                  2888.760420397768             
                              label                         [O II]                        
                              line_profile                  gaussian                      
                              line_type                     na                            
                              ncomp                         1                             
                              voff                          NA_OII_3729_VOFF              
NA_OII_3729                                                                               
                              amp                           free                          
                              center                        3729.875                      
                              center_pix                    925.7489752401567             
                              disp                          free                          
                              disp_res_ang                  35.913764891247396            
                              disp_res_kms                  2886.605007615847             
                              line_profile                  gaussian                      
                              line_type                     na                            
                              ncomp                         1                             
                              voff                          free                          
NA_OII_7319                                                                               
                              amp                           free                          
                              center                        7319.99                       
                              center_pix                    3654.1766382849564            
                              disp                          NA_OII_7331_DISP              
                              disp_res_ang                  35.913764891247396            
                              disp_res_kms                  1470.8593663080358            
                              label                         [O II]                        
                              line_profile                  gaussian                      
                              line_type                     na                            
                              ncomp                         1                             
                              voff                          NA_OII_7331_VOFF              
NA_OII_7331                                                                               
                              amp                           free                          
                              center                        7330.73                       
                              center_pix                    3660.109680762756             
                              disp                          free                          
                              disp_res_ang                  35.913764891247396            
                              disp_res_kms                  1468.7044609174202            
                              label                         [O II]                        
                              line_profile                  gaussian                      
                              line_type                     na                            
                              ncomp                         1                             
                              voff                          free                          
NA_OI_6302                                                                                
                              amp                           free                          
                              center                        6302.046                      
                              center_pix                    3048.2446711756684            
                              disp                          NA_NII_6585_DISP              
                              disp_res_ang                  35.913764891247396            
                              disp_res_kms                  1708.4413304474704            
                              label                         [O I]                         
                              line_profile                  gaussian                      
                              line_type                     na                            
                              ncomp                         1                             
                              voff                          NA_NII_6585_VOFF              
NA_OI_6365                                                                                
                              amp                           NA_OI_6302_AMP/3.0            
                              center                        6365.535                      
                              center_pix                    3088.8086089251506            
                              disp                          NA_NII_6585_DISP              
                              disp_res_ang                  35.913764891247396            
                              disp_res_kms                  1691.40156369907              
                              label                         [O I]                         
                              line_profile                  gaussian                      
                              line_type                     na                            
                              ncomp                         1                             
                              voff                          NA_NII_6585_VOFF              
NA_SIII_6312                                                                              
                              amp                           free                          
                              center                        6312.06                       
                              center_pix                    3054.6698102603405            
                              disp                          NA_NII_6585_DISP              
                              disp_res_ang                  35.913764891247396            
                              disp_res_kms                  1705.7309107931735            
                              label                         [S III]                       
                              line_profile                  gaussian                      
                              line_type                     na                            
                              ncomp                         1                             
                              voff                          free                          
NA_SII_6718                                                                               
                              amp                           free                          
                              center                        6718.294                      
                              center_pix                    3307.0716315634036            
                              disp                          NA_NII_6585_DISP              
                              disp_res_ang                  35.913764891247396            
                              disp_res_kms                  1602.5907548525204            
                              label                         [S II]                        
                              line_profile                  gaussian                      
                              line_type                     na                            
                              ncomp                         1                             
                              voff                          NA_NII_6585_VOFF              
NA_SII_6732                                                                               
                              amp                           free                          
                              center                        6732.668                      
                              center_pix                    3315.7204196822045            
                              disp                          NA_NII_6585_DISP              
                              disp_res_ang                  35.913764891247396            
                              disp_res_kms                  1599.16928218964              
                              label                         [S II]                        
                              line_profile                  gaussian                      
                              line_type                     na                            
                              ncomp                         1                             
                              voff                          NA_NII_6585_VOFF              

----------------------------------------------------------------------------------------------------------------------------------------

 Number of Free Line Parameters: 75

----------------------------------------------------------------------------------------------------------------------------------------

 All Free Parameters:

----------------------------------------------------------------------------------------------------------------------------------------
APOLY_COEFF_1                                                                             
                              init                          0.0                           
                              plim                          (-100.0, 100.0)               
APOLY_COEFF_2                                                                             
                              init                          0.0                           
                              plim                          (-100.0, 100.0)               
APOLY_COEFF_3                                                                             
                              init                          0.0                           
                              plim                          (-100.0, 100.0)               
APOLY_COEFF_4                                                                             
                              init                          0.0                           
                              plim                          (-100.0, 100.0)               
APOLY_COEFF_5                                                                             
                              init                          0.0                           
                              plim                          (-100.0, 100.0)               
APOLY_COEFF_6                                                                             
                              init                          0.0                           
                              plim                          (-100.0, 100.0)               
APOLY_COEFF_7                                                                             
                              init                          0.0                           
                              plim                          (-100.0, 100.0)               
BR_H_ALPHA_AMP                                                                            
                              init                          0.7948245720721098            
                              plim                          (0, 1000)                     
BR_H_ALPHA_DISP                                                                           
                              init                          500.0                         
                              plim                          (0, 1000)                     
BR_H_ALPHA_VOFF                                                                           
                              init                          0.0                           
                              plim                          (-10000, 10000)               
                              prior                         {'type': 'gaussian'}          
BR_H_BETA_AMP                                                                             
                              init                          0.4328172953558956            
                              plim                          (0, 1000)                     
BR_H_BETA_DISP                                                                            
                              init                          500.0                         
                              plim                          (0, 1000)                     
BR_H_BETA_VOFF                                                                            
                              init                          0.0                           
                              plim                          (-10000, 10000)               
                              prior                         {'type': 'gaussian'}          
BR_H_DELTA_AMP                                                                            
                              init                          0.5246651345671226            
                              plim                          (0, 1000)                     
BR_H_DELTA_DISP                                                                           
                              init                          500.0                         
                              plim                          (0, 1000)                     
BR_H_DELTA_VOFF                                                                           
                              init                          0.0                           
                              plim                          (-10000, 10000)               
                              prior                         {'type': 'gaussian'}          
BR_H_GAMMA_AMP                                                                            
                              init                          0.5039069058000752            
                              plim                          (0, 1000)                     
BR_H_GAMMA_DISP                                                                           
                              init                          500.0                         
                              plim                          (0, 1000)                     
BR_H_GAMMA_VOFF                                                                           
                              init                          0.0                           
                              plim                          (-10000, 10000)               
                              prior                         {'type': 'gaussian'}          
NA_ARIII_7135_AMP                                                                         
                              init                          0.3299192023879993            
                              plim                          (0, 1000)                     
NA_ARIII_7135_DISP                                                                        
                              init                          10.0                          
                              plim                          (0, 20)                       
NA_ARIII_7135_VOFF                                                                        
                              init                          0.0                           
                              plim                          (-1200, 1200)                 
                              prior                         {'type': 'gaussian'}          
NA_FEVII_5720_AMP                                                                         
                              init                          0.38074226519353105           
                              plim                          (0, 1000)                     
NA_FEVII_6087_AMP                                                                         
                              init                          0.4326806069287725            
                              plim                          (0, 1000)                     
NA_FEVII_6087_DISP                                                                        
                              init                          10.0                          
                              plim                          (0, 20)                       
NA_FEVII_6087_VOFF                                                                        
                              init                          0.0                           
                              plim                          (-1200, 1200)                 
                              prior                         {'type': 'gaussian'}          
NA_FEVI_5638_AMP                                                                          
                              init                          0.37787266616819043           
                              plim                          (0, 1000)                     
NA_FEVI_5677_AMP                                                                          
                              init                          0.35893619719930797           
                              plim                          (0, 1000)                     
NA_FEVI_5677_DISP                                                                         
                              init                          10.0                          
                              plim                          (0, 20)                       
NA_FEVI_5677_VOFF                                                                         
                              init                          0.0                           
                              plim                          (-1200, 1200)                 
                              prior                         {'type': 'gaussian'}          
NA_FEX_6374_AMP                                                                           
                              init                          0.38011124293447485           
                              plim                          (0, 1000)                     
NA_FEX_6374_VOFF                                                                          
                              init                          0.0                           
                              plim                          (-1200, 1200)                 
                              prior                         {'type': 'gaussian'}          
NA_HEII_3203_AMP                                                                          
                              init                          0.598590028507031             
                              plim                          (0, 1000)                     
NA_HEII_3203_DISP                                                                         
                              init                          10.0                          
                              plim                          (0, 20)                       
NA_HEII_3203_VOFF                                                                         
                              init                          0.0                           
                              plim                          (-1200, 1200)                 
                              prior                         {'type': 'gaussian'}          
NA_HEII_4687_AMP                                                                          
                              init                          0.5180287862818633            
                              plim                          (0, 1000)                     
NA_HEII_4687_DISP                                                                         
                              init                          10.0                          
                              plim                          (0, 20)                       
NA_HEII_4687_VOFF                                                                         
                              init                          0.0                           
                              plim                          (-1200, 1200)                 
                              prior                         {'type': 'gaussian'}          
NA_HEI_3889_AMP                                                                           
                              init                          0.5760552193952642            
                              plim                          (0, 1000)                     
NA_HEI_3889_DISP                                                                          
                              init                          10.0                          
                              plim                          (0, 20)                       
NA_HEI_3889_VOFF                                                                          
                              init                          0.0                           
                              plim                          (-1200, 1200)                 
                              prior                         {'type': 'gaussian'}          
NA_HEI_5876_AMP                                                                           
                              init                          0.4128077563837052            
                              plim                          (0, 1000)                     
NA_HEI_5876_DISP                                                                          
                              init                          10.0                          
                              plim                          (0, 20)                       
NA_HEI_5876_VOFF                                                                          
                              init                          0.0                           
                              plim                          (-1200, 1200)                 
                              prior                         {'type': 'gaussian'}          
NA_HEI_7062_AMP                                                                           
                              init                          0.39445352689371244           
                              plim                          (0, 1000)                     
NA_HEI_7062_DISP                                                                          
                              init                          10.0                          
                              plim                          (0, 20)                       
NA_HEI_7062_VOFF                                                                          
                              init                          0.0                           
                              plim                          (-1200, 1200)                 
                              prior                         {'type': 'gaussian'}          
NA_H_ALPHA_AMP                                                                            
                              init                          0.7948245720721098            
                              plim                          (0, 1000)                     
NA_H_BETA_AMP                                                                             
                              init                          0.4328172953558956            
                              plim                          (0, 1000)                     
NA_H_BETA_VOFF                                                                            
                              init                          0.0                           
                              plim                          (-1200, 1200)                 
                              prior                         {'type': 'gaussian'}          
NA_H_DELTA_AMP                                                                            
                              init                          0.5246651345671226            
                              plim                          (0, 1000)                     
NA_H_GAMMA_AMP                                                                            
                              init                          0.5039069058000752            
                              plim                          (0, 1000)                     
NA_H_GAMMA_DISP                                                                           
                              init                          10.0                          
                              plim                          (0, 20)                       
NA_H_GAMMA_VOFF                                                                           
                              init                          0.0                           
                              plim                          (-1200, 1200)                 
                              prior                         {'type': 'gaussian'}          
NA_NEIII_3869_AMP                                                                         
                              init                          0.5650634704753568            
                              plim                          (0, 1000)                     
NA_NEIII_3869_DISP                                                                        
                              init                          10.0                          
                              plim                          (0, 20)                       
NA_NEIII_3869_VOFF                                                                        
                              init                          0.0                           
                              plim                          (-1200, 1200)                 
                              prior                         {'type': 'gaussian'}          
NA_NEIII_3968_AMP                                                                         
                              init                          0.5605561353847595            
                              plim                          (0, 1000)                     
NA_NEV_3346_AMP                                                                           
                              init                          0.6385498187617421            
                              plim                          (0, 1000)                     
NA_NEV_3346_DISP                                                                          
                              init                          10.0                          
                              plim                          (0, 20)                       
NA_NEV_3346_VOFF                                                                          
                              init                          0.0                           
                              plim                          (-1200, 1200)                 
                              prior                         {'type': 'gaussian'}          
NA_NEV_3426_AMP                                                                           
                              init                          0.48751907800511873           
                              plim                          (0, 1000)                     
NA_NII_6585_AMP                                                                           
                              init                          0.42644141103138              
                              plim                          (0, 1000)                     
NA_NII_6585_DISP                                                                          
                              init                          10.0                          
                              plim                          (0, 20)                       
NA_NII_6585_VOFF                                                                          
                              init                          0.0                           
                              plim                          (-1200, 1200)                 
                              prior                         {'type': 'gaussian'}          
NA_OIII_4364_AMP                                                                          
                              init                          0.49648412694515237           
                              plim                          (0, 1000)                     
NA_OIII_5007_AMP                                                                          
                              init                          0.8777015498317587            
                              plim                          (0, 1000)                     
NA_OIII_5007_DISP                                                                         
                              init                          10.0                          
                              plim                          (0, 20)                       
NA_OIII_5007_VOFF                                                                         
                              init                          0.0                           
                              plim                          (-1200, 1200)                 
                              prior                         {'type': 'gaussian'}          
NA_OII_3727_AMP                                                                           
                              init                          0.5298146063321549            
                              plim                          (0, 1000)                     
NA_OII_3729_AMP                                                                           
                              init                          0.5305902086948743            
                              plim                          (0, 1000)                     
NA_OII_3729_DISP                                                                          
                              init                          10.0                          
                              plim                          (0, 20)                       
NA_OII_3729_VOFF                                                                          
                              init                          0.0                           
                              plim                          (-1200, 1200)                 
                              prior                         {'type': 'gaussian'}          
NA_OII_7319_AMP                                                                           
                              init                          0.3679799657296484            
                              plim                          (0, 1000)                     
NA_OII_7331_AMP                                                                           
                              init                          0.3403374870042605            
                              plim                          (0, 1000)                     
NA_OII_7331_DISP                                                                          
                              init                          10.0                          
                              plim                          (0, 20)                       
NA_OII_7331_VOFF                                                                          
                              init                          0.0                           
                              plim                          (-1200, 1200)                 
                              prior                         {'type': 'gaussian'}          
NA_OI_6302_AMP                                                                            
                              init                          0.38753635737712766           
                              plim                          (0, 1000)                     
NA_SIII_6312_AMP                                                                          
                              init                          0.3867341354778738            
                              plim                          (0, 1000)                     
NA_SIII_6312_VOFF                                                                         
                              init                          0.0                           
                              plim                          (-1200, 1200)                 
                              prior                         {'type': 'gaussian'}          
NA_SII_6718_AMP                                                                           
                              init                          0.4077387549485311            
                              plim                          (0, 1000)                     
NA_SII_6732_AMP                                                                           
                              init                          0.3981365064729749            
                              plim                          (0, 1000)                     
POWER_AMP                                                                                 
                              init                          0.2479274084849787            
                              plim                          (0, 1.4999998169955353)       
POWER_SLOPE                                                                               
                              init                          -1.0                          
                              plim                          (-6.0, 6.0)                   

----------------------------------------------------------------------------------------------------------------------------------------

 Total number of free parameters: 84

----------------------------------------------------------------------------------------------------------------------------------------

 Soft Constraints:


----------------------------------------------------------------------------------------------------------------------------------------

----------------------------------------------------------------------------------------------------------------------------------------

 Performing MCMC iterations...
----------------------------------------------------------------------------------------------------
MCMC iteration: 100
MCMC iteration: 200
MCMC iteration: 300
MCMC iteration: 400
MCMC iteration: 500
MCMC iteration: 600
MCMC iteration: 700
MCMC iteration: 800
MCMC iteration: 900
MCMC iteration: 1000

Iteration = 1000             
------------------------------------------------
Parameter                     Current Value       
------------------------------------------------
APOLY_COEFF_1                 -0.2109             
APOLY_COEFF_2                 0.0048              
APOLY_COEFF_3                 -0.0010             
APOLY_COEFF_4                 0.0179              
APOLY_COEFF_5                 -0.0195             
APOLY_COEFF_6                 -0.0282             
APOLY_COEFF_7                 0.0002              
BR_H_ALPHA_AMP                0.5865              
BR_H_ALPHA_DISP               586.5210            
BR_H_ALPHA_VOFF               -592.1208           
BR_H_BETA_AMP                 0.0070              
BR_H_BETA_DISP                374.7635            
BR_H_BETA_VOFF                -98.9325            
BR_H_DELTA_AMP                0.0125              
BR_H_DELTA_DISP               376.5226            
BR_H_DELTA_VOFF               -33.8657            
BR_H_GAMMA_AMP                0.0104              
BR_H_GAMMA_DISP               281.6775            
BR_H_GAMMA_VOFF               16.0053             
NA_ARIII_7135_AMP             4.6408              
NA_ARIII_7135_DISP            0.5436              
NA_ARIII_7135_VOFF            50.1700             
NA_FEVII_5720_AMP             6.2145              
NA_FEVII_6087_AMP             16.6873             
NA_FEVII_6087_DISP            0.2379              
NA_FEVII_6087_VOFF            -20.7990            
NA_FEVI_5638_AMP              2.5774              
NA_FEVI_5677_AMP              0.6701              
NA_FEVI_5677_DISP             2.3741              
NA_FEVI_5677_VOFF             9.2456              
NA_FEX_6374_AMP               0.5228              
NA_FEX_6374_VOFF              -0.1424             
NA_HEII_3203_AMP              4.2997              
NA_HEII_3203_DISP             1.5886              
NA_HEII_3203_VOFF             -3.1823             
NA_HEII_4687_AMP              25.8009             
NA_HEII_4687_DISP             9.7887              
NA_HEII_4687_VOFF             102.9083            
NA_HEI_3889_AMP               5.7452              
NA_HEI_3889_DISP              11.7170             
NA_HEI_3889_VOFF              4.1718              
NA_HEI_5876_AMP               217.7409            
NA_HEI_5876_DISP              1.3797              
NA_HEI_5876_VOFF              -16.9820            
NA_HEI_7062_AMP               42.2788             
NA_HEI_7062_DISP              9.8670              
NA_HEI_7062_VOFF              -23.1065            
NA_H_ALPHA_AMP                21.9728             
NA_H_BETA_AMP                 17.3972             
NA_H_BETA_VOFF                27.4177             
NA_H_DELTA_AMP                0.3915              
NA_H_GAMMA_AMP                0.6757              
NA_H_GAMMA_DISP               2.7690              
NA_H_GAMMA_VOFF               10.5953             
NA_NEIII_3869_AMP             35.0226             
NA_NEIII_3869_DISP            1.8411              
NA_NEIII_3869_VOFF            -14.4799            
NA_NEIII_3968_AMP             10.1456             
NA_NEV_3346_AMP               19.4101             
NA_NEV_3346_DISP              2.4747              
NA_NEV_3346_VOFF              -79.3821            
NA_NEV_3426_AMP               35.2136             
NA_NII_6585_AMP               9.4013              
NA_NII_6585_DISP              2.8793              
NA_NII_6585_VOFF              30.6229             
NA_OIII_4364_AMP              0.4858              
NA_OIII_5007_AMP              59.4554             
NA_OIII_5007_DISP             1.9024              
NA_OIII_5007_VOFF             -20.1138            
NA_OII_3727_AMP               8.9230              
NA_OII_3729_AMP               6.9826              
NA_OII_3729_DISP              1.0792              
NA_OII_3729_VOFF              -12.7576            
NA_OII_7319_AMP               104.1441            
NA_OII_7331_AMP               74.0406             
NA_OII_7331_DISP              3.3618              
NA_OII_7331_VOFF              21.7885             
NA_OI_6302_AMP                0.0832              
NA_SIII_6312_AMP              0.1308              
NA_SIII_6312_VOFF             0.1453              
NA_SII_6718_AMP               48.6251             
NA_SII_6732_AMP               7.2703              
POWER_AMP                     0.4929              
POWER_SLOPE                   0.2637              
------------------------------------------------
MCMC iteration: 1100

Iteration = 1100             
------------------------------------------------
Parameter                     Current Value       
------------------------------------------------
APOLY_COEFF_1                 -0.2115             
APOLY_COEFF_2                 0.0046              
APOLY_COEFF_3                 -0.0011             
APOLY_COEFF_4                 0.0179              
APOLY_COEFF_5                 -0.0194             
APOLY_COEFF_6                 -0.0282             
APOLY_COEFF_7                 0.0001              
BR_H_ALPHA_AMP                0.5867              
BR_H_ALPHA_DISP               586.5242            
BR_H_ALPHA_VOFF               -592.1244           
BR_H_BETA_AMP                 0.0069              
BR_H_BETA_DISP                374.7682            
BR_H_BETA_VOFF                -98.9236            
BR_H_DELTA_AMP                0.0128              
BR_H_DELTA_DISP               376.5226            
BR_H_DELTA_VOFF               -33.8669            
BR_H_GAMMA_AMP                0.0104              
BR_H_GAMMA_DISP               281.6846            
BR_H_GAMMA_VOFF               16.0086             
NA_ARIII_7135_AMP             4.6416              
NA_ARIII_7135_DISP            0.5395              
NA_ARIII_7135_VOFF            50.1678             
NA_FEVII_5720_AMP             6.2164              
NA_FEVII_6087_AMP             16.6901             
NA_FEVII_6087_DISP            0.2452              
NA_FEVII_6087_VOFF            -20.7972            
NA_FEVI_5638_AMP              2.5696              
NA_FEVI_5677_AMP              0.6719              
NA_FEVI_5677_DISP             2.3797              
NA_FEVI_5677_VOFF             9.2459              
NA_FEX_6374_AMP               0.5319              
NA_FEX_6374_VOFF              -0.1450             
NA_HEII_3203_AMP              4.3040              
NA_HEII_3203_DISP             1.5930              
NA_HEII_3203_VOFF             -3.1825             
NA_HEII_4687_AMP              25.7945             
NA_HEII_4687_DISP             9.7820              
NA_HEII_4687_VOFF             102.8950            
NA_HEI_3889_AMP               5.7485              
NA_HEI_3889_DISP              11.7073             
NA_HEI_3889_VOFF              4.1692              
NA_HEI_5876_AMP               217.7463            
NA_HEI_5876_DISP              1.3779              
NA_HEI_5876_VOFF              -16.9859            
NA_HEI_7062_AMP               42.2693             
NA_HEI_7062_DISP              9.8723              
NA_HEI_7062_VOFF              -23.1036            
NA_H_ALPHA_AMP                21.9739             
NA_H_BETA_AMP                 17.3886             
NA_H_BETA_VOFF                27.4294             
NA_H_DELTA_AMP                0.3946              
NA_H_GAMMA_AMP                0.6831              
NA_H_GAMMA_DISP               2.7593              
NA_H_GAMMA_VOFF               10.6037             
NA_NEIII_3869_AMP             35.0272             
NA_NEIII_3869_DISP            1.8461              
NA_NEIII_3869_VOFF            -14.4862            
NA_NEIII_3968_AMP             10.1445             
NA_NEV_3346_AMP               19.4116             
NA_NEV_3346_DISP              2.4706              
NA_NEV_3346_VOFF              -79.3747            
NA_NEV_3426_AMP               35.2180             
NA_NII_6585_AMP               9.3913              
NA_NII_6585_DISP              2.8712              
NA_NII_6585_VOFF              30.6387             
NA_OIII_4364_AMP              0.4885              
NA_OIII_5007_AMP              59.4630             
NA_OIII_5007_DISP             1.8972              
NA_OIII_5007_VOFF             -20.1043            
NA_OII_3727_AMP               8.9223              
NA_OII_3729_AMP               6.9877              
NA_OII_3729_DISP              1.0899              
NA_OII_3729_VOFF              -12.7469            
NA_OII_7319_AMP               104.1368            
NA_OII_7331_AMP               74.0332             
NA_OII_7331_DISP              3.3713              
NA_OII_7331_VOFF              21.7833             
NA_OI_6302_AMP                0.0892              
NA_SIII_6312_AMP              0.1399              
NA_SIII_6312_VOFF             0.1527              
NA_SII_6718_AMP               48.6326             
NA_SII_6732_AMP               7.2691              
POWER_AMP                     0.4928              
POWER_SLOPE                   0.2673              
------------------------------------------------
MCMC iteration: 1200

Iteration = 1200             
------------------------------------------------
Parameter                     Current Value       
------------------------------------------------
APOLY_COEFF_1                 -0.2116             
APOLY_COEFF_2                 0.0045              
APOLY_COEFF_3                 -0.0011             
APOLY_COEFF_4                 0.0179              
APOLY_COEFF_5                 -0.0193             
APOLY_COEFF_6                 -0.0281             
APOLY_COEFF_7                 0.0001              
BR_H_ALPHA_AMP                0.5867              
BR_H_ALPHA_DISP               586.5266            
BR_H_ALPHA_VOFF               -592.1344           
BR_H_BETA_AMP                 0.0068              
BR_H_BETA_DISP                374.7706            
BR_H_BETA_VOFF                -98.9264            
BR_H_DELTA_AMP                0.0128              
BR_H_DELTA_DISP               376.5242            
BR_H_DELTA_VOFF               -33.8731            
BR_H_GAMMA_AMP                0.0104              
BR_H_GAMMA_DISP               281.6830            
BR_H_GAMMA_VOFF               16.0088             
NA_ARIII_7135_AMP             4.6461              
NA_ARIII_7135_DISP            0.5408              
NA_ARIII_7135_VOFF            50.1722             
NA_FEVII_5720_AMP             6.2239              
NA_FEVII_6087_AMP             16.6951             
NA_FEVII_6087_DISP            0.2659              
NA_FEVII_6087_VOFF            -20.8039            
NA_FEVI_5638_AMP              2.5721              
NA_FEVI_5677_AMP              0.6751              
NA_FEVI_5677_DISP             2.3785              
NA_FEVI_5677_VOFF             9.2521              
NA_FEX_6374_AMP               0.5427              
NA_FEX_6374_VOFF              -0.1480             
NA_HEII_3203_AMP              4.3033              
NA_HEII_3203_DISP             1.6040              
NA_HEII_3203_VOFF             -3.1778             
NA_HEII_4687_AMP              25.8039             
NA_HEII_4687_DISP             9.7771              
NA_HEII_4687_VOFF             102.8857            
NA_HEI_3889_AMP               5.7449              
NA_HEI_3889_DISP              11.7006             
NA_HEI_3889_VOFF              4.1694              
NA_HEI_5876_AMP               217.7565            
NA_HEI_5876_DISP              1.3821              
NA_HEI_5876_VOFF              -16.9820            
NA_HEI_7062_AMP               42.2524             
NA_HEI_7062_DISP              9.8701              
NA_HEI_7062_VOFF              -23.1070            
NA_H_ALPHA_AMP                21.9880             
NA_H_BETA_AMP                 17.3832             
NA_H_BETA_VOFF                27.4449             
NA_H_DELTA_AMP                0.3725              
NA_H_GAMMA_AMP                0.6809              
NA_H_GAMMA_DISP               2.7658              
NA_H_GAMMA_VOFF               10.6023             
NA_NEIII_3869_AMP             35.0315             
NA_NEIII_3869_DISP            1.8467              
NA_NEIII_3869_VOFF            -14.4887            
NA_NEIII_3968_AMP             10.1525             
NA_NEV_3346_AMP               19.4182             
NA_NEV_3346_DISP              2.4603              
NA_NEV_3346_VOFF              -79.3646            
NA_NEV_3426_AMP               35.2165             
NA_NII_6585_AMP               9.3869              
NA_NII_6585_DISP              2.8556              
NA_NII_6585_VOFF              30.6481             
NA_OIII_4364_AMP              0.4919              
NA_OIII_5007_AMP              59.4670             
NA_OIII_5007_DISP             1.8933              
NA_OIII_5007_VOFF             -20.1057            
NA_OII_3727_AMP               8.9251              
NA_OII_3729_AMP               6.9917              
NA_OII_3729_DISP              1.0947              
NA_OII_3729_VOFF              -12.7408            
NA_OII_7319_AMP               104.1389            
NA_OII_7331_AMP               74.0277             
NA_OII_7331_DISP              3.3787              
NA_OII_7331_VOFF              21.7720             
NA_OI_6302_AMP                0.0989              
NA_SIII_6312_AMP              0.1516              
NA_SIII_6312_VOFF             0.1600              
NA_SII_6718_AMP               48.6362             
NA_SII_6732_AMP               7.2570              
POWER_AMP                     0.4929              
POWER_SLOPE                   0.2663              
------------------------------------------------
MCMC iteration: 1300

Iteration = 1300             
------------------------------------------------
Parameter                     Current Value       
------------------------------------------------
APOLY_COEFF_1                 -0.2118             
APOLY_COEFF_2                 0.0045              
APOLY_COEFF_3                 -0.0012             
APOLY_COEFF_4                 0.0180              
APOLY_COEFF_5                 -0.0192             
APOLY_COEFF_6                 -0.0281             
APOLY_COEFF_7                 0.0002              
BR_H_ALPHA_AMP                0.5872              
BR_H_ALPHA_DISP               586.5167            
BR_H_ALPHA_VOFF               -592.1538           
BR_H_BETA_AMP                 0.0067              
BR_H_BETA_DISP                374.7729            
BR_H_BETA_VOFF                -98.9272            
BR_H_DELTA_AMP                0.0127              
BR_H_DELTA_DISP               376.5319            
BR_H_DELTA_VOFF               -33.8716            
BR_H_GAMMA_AMP                0.0109              
BR_H_GAMMA_DISP               281.6981            
BR_H_GAMMA_VOFF               16.0033             
NA_ARIII_7135_AMP             4.6584              
NA_ARIII_7135_DISP            0.5362              
NA_ARIII_7135_VOFF            50.1686             
NA_FEVII_5720_AMP             6.2398              
NA_FEVII_6087_AMP             16.6975             
NA_FEVII_6087_DISP            0.2758              
NA_FEVII_6087_VOFF            -20.8038            
NA_FEVI_5638_AMP              2.5745              
NA_FEVI_5677_AMP              0.6716              
NA_FEVI_5677_DISP             2.3860              
NA_FEVI_5677_VOFF             9.2504              
NA_FEX_6374_AMP               0.5488              
NA_FEX_6374_VOFF              -0.1515             
NA_HEII_3203_AMP              4.3060              
NA_HEII_3203_DISP             1.6001              
NA_HEII_3203_VOFF             -3.1858             
NA_HEII_4687_AMP              25.8180             
NA_HEII_4687_DISP             9.7797              
NA_HEII_4687_VOFF             102.8847            
NA_HEI_3889_AMP               5.7473              
NA_HEI_3889_DISP              11.7008             
NA_HEI_3889_VOFF              4.1691              
NA_HEI_5876_AMP               217.7748            
NA_HEI_5876_DISP              1.3794              
NA_HEI_5876_VOFF              -16.9850            
NA_HEI_7062_AMP               42.2417             
NA_HEI_7062_DISP              9.8721              
NA_HEI_7062_VOFF              -23.1193            
NA_H_ALPHA_AMP                21.9911             
NA_H_BETA_AMP                 17.3799             
NA_H_BETA_VOFF                27.4541             
NA_H_DELTA_AMP                0.3746              
NA_H_GAMMA_AMP                0.6803              
NA_H_GAMMA_DISP               2.7627              
NA_H_GAMMA_VOFF               10.6013             
NA_NEIII_3869_AMP             35.0445             
NA_NEIII_3869_DISP            1.8515              
NA_NEIII_3869_VOFF            -14.4847            
NA_NEIII_3968_AMP             10.1532             
NA_NEV_3346_AMP               19.4233             
NA_NEV_3346_DISP              2.4484              
NA_NEV_3346_VOFF              -79.3521            
NA_NEV_3426_AMP               35.2124             
NA_NII_6585_AMP               9.3821              
NA_NII_6585_DISP              2.8548              
NA_NII_6585_VOFF              30.6499             
NA_OIII_4364_AMP              0.4953              
NA_OIII_5007_AMP              59.4685             
NA_OIII_5007_DISP             1.8937              
NA_OIII_5007_VOFF             -20.1015            
NA_OII_3727_AMP               8.9362              
NA_OII_3729_AMP               6.9979              
NA_OII_3729_DISP              1.0876              
NA_OII_3729_VOFF              -12.7400            
NA_OII_7319_AMP               104.1297            
NA_OII_7331_AMP               74.0225             
NA_OII_7331_DISP              3.3827              
NA_OII_7331_VOFF              21.7651             
NA_OI_6302_AMP                0.1063              
NA_SIII_6312_AMP              0.1644              
NA_SIII_6312_VOFF             0.1540              
NA_SII_6718_AMP               48.6460             
NA_SII_6732_AMP               7.2534              
POWER_AMP                     0.4929              
POWER_SLOPE                   0.2671              
------------------------------------------------
MCMC iteration: 1400

Iteration = 1400             
------------------------------------------------
Parameter                     Current Value       
------------------------------------------------
APOLY_COEFF_1                 -0.2116             
APOLY_COEFF_2                 0.0045              
APOLY_COEFF_3                 -0.0011             
APOLY_COEFF_4                 0.0179              
APOLY_COEFF_5                 -0.0192             
APOLY_COEFF_6                 -0.0280             
APOLY_COEFF_7                 0.0003              
BR_H_ALPHA_AMP                0.5865              
BR_H_ALPHA_DISP               586.5137            
BR_H_ALPHA_VOFF               -592.1695           
BR_H_BETA_AMP                 0.0068              
BR_H_BETA_DISP                374.7632            
BR_H_BETA_VOFF                -98.9211            
BR_H_DELTA_AMP                0.0132              
BR_H_DELTA_DISP               376.5378            
BR_H_DELTA_VOFF               -33.8681            
BR_H_GAMMA_AMP                0.0108              
BR_H_GAMMA_DISP               281.7097            
BR_H_GAMMA_VOFF               15.9948             
NA_ARIII_7135_AMP             4.6733              
NA_ARIII_7135_DISP            0.5478              
NA_ARIII_7135_VOFF            50.1745             
NA_FEVII_5720_AMP             6.2559              
NA_FEVII_6087_AMP             16.7046             
NA_FEVII_6087_DISP            0.2865              
NA_FEVII_6087_VOFF            -20.8074            
NA_FEVI_5638_AMP              2.5810              
NA_FEVI_5677_AMP              0.6852              
NA_FEVI_5677_DISP             2.3926              
NA_FEVI_5677_VOFF             9.2543              
NA_FEX_6374_AMP               0.5588              
NA_FEX_6374_VOFF              -0.1489             
NA_HEII_3203_AMP              4.3076              
NA_HEII_3203_DISP             1.5913              
NA_HEII_3203_VOFF             -3.1898             
NA_HEII_4687_AMP              25.8274             
NA_HEII_4687_DISP             9.7789              
NA_HEII_4687_VOFF             102.8702            
NA_HEI_3889_AMP               5.7485              
NA_HEI_3889_DISP              11.6890             
NA_HEI_3889_VOFF              4.1810              
NA_HEI_5876_AMP               217.7680            
NA_HEI_5876_DISP              1.3828              
NA_HEI_5876_VOFF              -16.9909            
NA_HEI_7062_AMP               42.2347             
NA_HEI_7062_DISP              9.8765              
NA_HEI_7062_VOFF              -23.1165            
NA_H_ALPHA_AMP                21.9856             
NA_H_BETA_AMP                 17.3787             
NA_H_BETA_VOFF                27.4514             
NA_H_DELTA_AMP                0.3806              
NA_H_GAMMA_AMP                0.6890              
NA_H_GAMMA_DISP               2.7574              
NA_H_GAMMA_VOFF               10.6146             
NA_NEIII_3869_AMP             35.0590             
NA_NEIII_3869_DISP            1.8507              
NA_NEIII_3869_VOFF            -14.4844            
NA_NEIII_3968_AMP             10.1333             
NA_NEV_3346_AMP               19.4188             
NA_NEV_3346_DISP              2.4334              
NA_NEV_3346_VOFF              -79.3290            
NA_NEV_3426_AMP               35.2139             
NA_NII_6585_AMP               9.3756              
NA_NII_6585_DISP              2.8297              
NA_NII_6585_VOFF              30.6599             
NA_OIII_4364_AMP              0.4944              
NA_OIII_5007_AMP              59.4744             
NA_OIII_5007_DISP             1.8939              
NA_OIII_5007_VOFF             -20.0943            
NA_OII_3727_AMP               8.9583              
NA_OII_3729_AMP               7.0000              
NA_OII_3729_DISP              1.0795              
NA_OII_3729_VOFF              -12.7439            
NA_OII_7319_AMP               104.1343            
NA_OII_7331_AMP               74.0131             
NA_OII_7331_DISP              3.3700              
NA_OII_7331_VOFF              21.7555             
NA_OI_6302_AMP                0.1138              
NA_SIII_6312_AMP              0.1780              
NA_SIII_6312_VOFF             0.1453              
NA_SII_6718_AMP               48.6660             
NA_SII_6732_AMP               7.2560              
POWER_AMP                     0.4929              
POWER_SLOPE                   0.2671              
------------------------------------------------
MCMC iteration: 1500

Iteration = 1500             
------------------------------------------------
Parameter                     Current Value       
------------------------------------------------
APOLY_COEFF_1                 -0.2114             
APOLY_COEFF_2                 0.0043              
APOLY_COEFF_3                 -0.0010             
APOLY_COEFF_4                 0.0180              
APOLY_COEFF_5                 -0.0192             
APOLY_COEFF_6                 -0.0281             
APOLY_COEFF_7                 0.0004              
BR_H_ALPHA_AMP                0.5864              
BR_H_ALPHA_DISP               586.5167            
BR_H_ALPHA_VOFF               -592.1760           
BR_H_BETA_AMP                 0.0068              
BR_H_BETA_DISP                374.7428            
BR_H_BETA_VOFF                -98.9261            
BR_H_DELTA_AMP                0.0140              
BR_H_DELTA_DISP               376.5490            
BR_H_DELTA_VOFF               -33.8650            
BR_H_GAMMA_AMP                0.0110              
BR_H_GAMMA_DISP               281.7228            
BR_H_GAMMA_VOFF               15.9912             
NA_ARIII_7135_AMP             4.6799              
NA_ARIII_7135_DISP            0.5628              
NA_ARIII_7135_VOFF            50.1683             
NA_FEVII_5720_AMP             6.2625              
NA_FEVII_6087_AMP             16.7100             
NA_FEVII_6087_DISP            0.3022              
NA_FEVII_6087_VOFF            -20.8130            
NA_FEVI_5638_AMP              2.5805              
NA_FEVI_5677_AMP              0.6890              
NA_FEVI_5677_DISP             2.3939              
NA_FEVI_5677_VOFF             9.2547              
NA_FEX_6374_AMP               0.5750              
NA_FEX_6374_VOFF              -0.1443             
NA_HEII_3203_AMP              4.3012              
NA_HEII_3203_DISP             1.6021              
NA_HEII_3203_VOFF             -3.1947             
NA_HEII_4687_AMP              25.8469             
NA_HEII_4687_DISP             9.7719              
NA_HEII_4687_VOFF             102.8648            
NA_HEI_3889_AMP               5.7435              
NA_HEI_3889_DISP              11.6701             
NA_HEI_3889_VOFF              4.1844              
NA_HEI_5876_AMP               217.7731            
NA_HEI_5876_DISP              1.3846              
NA_HEI_5876_VOFF              -16.9899            
NA_HEI_7062_AMP               42.2208             
NA_HEI_7062_DISP              9.8790              
NA_HEI_7062_VOFF              -23.1140            
NA_H_ALPHA_AMP                21.9897             
NA_H_BETA_AMP                 17.3760             
NA_H_BETA_VOFF                27.4684             
NA_H_DELTA_AMP                0.3962              
NA_H_GAMMA_AMP                0.6922              
NA_H_GAMMA_DISP               2.7540              
NA_H_GAMMA_VOFF               10.6186             
NA_NEIII_3869_AMP             35.0685             
NA_NEIII_3869_DISP            1.8644              
NA_NEIII_3869_VOFF            -14.5036            
NA_NEIII_3968_AMP             10.1145             
NA_NEV_3346_AMP               19.4103             
NA_NEV_3346_DISP              2.4129              
NA_NEV_3346_VOFF              -79.3246            
NA_NEV_3426_AMP               35.2129             
NA_NII_6585_AMP               9.3630              
NA_NII_6585_DISP              2.8085              
NA_NII_6585_VOFF              30.6607             
NA_OIII_4364_AMP              0.5066              
NA_OIII_5007_AMP              59.4741             
NA_OIII_5007_DISP             1.8901              
NA_OIII_5007_VOFF             -20.0922            
NA_OII_3727_AMP               8.9700              
NA_OII_3729_AMP               7.0019              
NA_OII_3729_DISP              1.0750              
NA_OII_3729_VOFF              -12.7470            
NA_OII_7319_AMP               104.1314            
NA_OII_7331_AMP               74.0052             
NA_OII_7331_DISP              3.3611              
NA_OII_7331_VOFF              21.7511             
NA_OI_6302_AMP                0.1201              
NA_SIII_6312_AMP              0.1912              
NA_SIII_6312_VOFF             0.1356              
NA_SII_6718_AMP               48.6572             
NA_SII_6732_AMP               7.2617              
POWER_AMP                     0.4928              
POWER_SLOPE                   0.2648              
------------------------------------------------

 emcee Runtime = 13:49:39. 


 > Fitting MCMC chains...

 Generating model parameter distributions...

		  APOLY_COEFF_1
		  APOLY_COEFF_2
		  APOLY_COEFF_3
		  APOLY_COEFF_4
		  APOLY_COEFF_5
		  APOLY_COEFF_6
		  APOLY_COEFF_7
		  POWER_AMP
		  POWER_SLOPE
		  NA_HEII_3203_VOFF
		  NA_HEII_3203_AMP
		  NA_HEII_3203_DISP
		  NA_NEV_3346_VOFF
		  NA_NEV_3346_AMP
		  NA_NEV_3346_DISP
		  NA_NEV_3426_AMP
		  NA_OII_3727_AMP
		  NA_OII_3729_VOFF
		  NA_OII_3729_AMP
		  NA_OII_3729_DISP
		  NA_NEIII_3869_VOFF
		  NA_NEIII_3869_AMP
		  NA_NEIII_3869_DISP
		  NA_HEI_3889_VOFF
		  NA_HEI_3889_AMP
		  NA_HEI_3889_DISP
		  NA_NEIII_3968_AMP
		  NA_H_DELTA_AMP
		  NA_H_GAMMA_VOFF
		  NA_H_GAMMA_AMP
		  NA_H_GAMMA_DISP
		  NA_OIII_4364_AMP
		  NA_HEII_4687_VOFF
		  NA_HEII_4687_AMP
		  NA_HEII_4687_DISP
		  NA_H_BETA_VOFF
		  NA_H_BETA_AMP
		  NA_OIII_5007_VOFF
		  NA_OIII_5007_AMP
		  NA_OIII_5007_DISP
		  NA_FEVI_5638_AMP
		  NA_FEVI_5677_VOFF
		  NA_FEVI_5677_AMP
		  NA_FEVI_5677_DISP
		  NA_FEVII_5720_AMP
		  NA_HEI_5876_VOFF
		  NA_HEI_5876_AMP
		  NA_HEI_5876_DISP
		  NA_FEVII_6087_VOFF
		  NA_FEVII_6087_AMP
		  NA_FEVII_6087_DISP
		  NA_OI_6302_AMP
		  NA_SIII_6312_VOFF
		  NA_SIII_6312_AMP
		  NA_FEX_6374_VOFF
		  NA_FEX_6374_AMP
		  NA_H_ALPHA_AMP
		  NA_NII_6585_VOFF
		  NA_NII_6585_AMP
		  NA_NII_6585_DISP
		  NA_SII_6718_AMP
		  NA_SII_6732_AMP
		  NA_HEI_7062_VOFF
		  NA_HEI_7062_AMP
		  NA_HEI_7062_DISP
		  NA_ARIII_7135_VOFF
		  NA_ARIII_7135_AMP
		  NA_ARIII_7135_DISP
		  NA_OII_7319_AMP
		  NA_OII_7331_VOFF
		  NA_OII_7331_AMP
		  NA_OII_7331_DISP
		  BR_H_DELTA_VOFF
		  BR_H_DELTA_AMP
		  BR_H_DELTA_DISP
		  BR_H_GAMMA_VOFF
		  BR_H_GAMMA_AMP
		  BR_H_GAMMA_DISP
		  BR_H_BETA_VOFF
		  BR_H_BETA_AMP
		  BR_H_BETA_DISP
		  BR_H_ALPHA_VOFF
		  BR_H_ALPHA_AMP
		  BR_H_ALPHA_DISP

 Generating model flux distributions...

		  NA_HEII_3203_FLUX
		  NA_NEV_3346_FLUX
		  NA_NEV_3426_FLUX
		  NA_OII_3727_FLUX
		  NA_OII_3729_FLUX
		  NA_NEIII_3869_FLUX
		  NA_HEI_3889_FLUX
		  NA_NEIII_3968_FLUX
		  NA_H_DELTA_FLUX
		  NA_H_GAMMA_FLUX
		  NA_OIII_4364_FLUX
		  NA_HEII_4687_FLUX
		  NA_H_BETA_FLUX
		  NA_OIII_4960_FLUX
		  NA_OIII_5007_FLUX
		  NA_FEVI_5638_FLUX
		  NA_FEVI_5677_FLUX
		  NA_FEVII_5720_FLUX
		  NA_HEI_5876_FLUX
		  NA_FEVII_6087_FLUX
		  NA_OI_6302_FLUX
		  NA_SIII_6312_FLUX
		  NA_OI_6365_FLUX
		  NA_FEX_6374_FLUX
		  NA_NII_6549_FLUX
		  NA_H_ALPHA_FLUX
		  NA_NII_6585_FLUX
		  NA_SII_6718_FLUX
		  NA_SII_6732_FLUX
		  NA_HEI_7062_FLUX
		  NA_ARIII_7135_FLUX
		  NA_OII_7319_FLUX
		  NA_OII_7331_FLUX
		  BR_H_DELTA_FLUX
		  BR_H_GAMMA_FLUX
		  BR_H_BETA_FLUX
		  BR_H_ALPHA_FLUX

 Generating model luminosity distributions...

		  NA_HEII_3203_LUM
		  NA_NEV_3346_LUM
		  NA_NEV_3426_LUM
		  NA_OII_3727_LUM
		  NA_OII_3729_LUM
		  NA_NEIII_3869_LUM
		  NA_HEI_3889_LUM
		  NA_NEIII_3968_LUM
		  NA_H_DELTA_LUM
		  NA_H_GAMMA_LUM
		  NA_OIII_4364_LUM
		  NA_HEII_4687_LUM
		  NA_H_BETA_LUM
		  NA_OIII_4960_LUM
		  NA_OIII_5007_LUM
		  NA_FEVI_5638_LUM
		  NA_FEVI_5677_LUM
		  NA_FEVII_5720_LUM
		  NA_HEI_5876_LUM
		  NA_FEVII_6087_LUM
		  NA_OI_6302_LUM
		  NA_SIII_6312_LUM
		  NA_OI_6365_LUM
		  NA_FEX_6374_LUM
		  NA_NII_6549_LUM
		  NA_H_ALPHA_LUM
		  NA_NII_6585_LUM
		  NA_SII_6718_LUM
		  NA_SII_6732_LUM
		  NA_HEI_7062_LUM
		  NA_ARIII_7135_LUM
		  NA_OII_7319_LUM
		  NA_OII_7331_LUM
		  BR_H_DELTA_LUM
		  BR_H_GAMMA_LUM
		  BR_H_BETA_LUM
		  BR_H_ALPHA_LUM
		  L_CONT_TOT_3000
		  L_CONT_AGN_3000
		  L_CONT_HOST_3000
		  L_CONT_TOT_5100
		  L_CONT_AGN_5100
		  L_CONT_HOST_5100
		  HOST_FRAC_4000
		  AGN_FRAC_4000
		  HOST_FRAC_7000
		  AGN_FRAC_7000

 Generating model equivalent width distributions...

		  NA_HEII_3203_EW
		  NA_NEV_3346_EW
		  NA_NEV_3426_EW
		  NA_OII_3727_EW
		  NA_OII_3729_EW
		  NA_NEIII_3869_EW
		  NA_HEI_3889_EW
		  NA_NEIII_3968_EW
		  NA_H_DELTA_EW
		  NA_H_GAMMA_EW
		  NA_OIII_4364_EW
		  NA_HEII_4687_EW
		  NA_H_BETA_EW
		  NA_OIII_4960_EW
		  NA_OIII_5007_EW
		  NA_FEVI_5638_EW
		  NA_FEVI_5677_EW
		  NA_FEVII_5720_EW
		  NA_HEI_5876_EW
		  NA_FEVII_6087_EW
		  NA_OI_6302_EW
		  NA_SIII_6312_EW
		  NA_OI_6365_EW
		  NA_FEX_6374_EW
		  NA_NII_6549_EW
		  NA_H_ALPHA_EW
		  NA_NII_6585_EW
		  NA_SII_6718_EW
		  NA_SII_6732_EW
		  NA_HEI_7062_EW
		  NA_ARIII_7135_EW
		  NA_OII_7319_EW
		  NA_OII_7331_EW
		  BR_H_DELTA_EW
		  BR_H_GAMMA_EW
		  BR_H_BETA_EW
		  BR_H_ALPHA_EW

 Generating model integrated velocity moment distributions...

		  NA_HEII_3203_FWHM
		  NA_HEII_3203_W80
		  NA_NEV_3346_FWHM
		  NA_NEV_3346_W80
		  NA_NEV_3426_FWHM
		  NA_NEV_3426_W80
		  NA_OII_3727_FWHM
		  NA_OII_3727_W80
		  NA_OII_3729_FWHM
		  NA_OII_3729_W80
		  NA_NEIII_3869_FWHM
		  NA_NEIII_3869_W80
		  NA_HEI_3889_FWHM
		  NA_HEI_3889_W80
		  NA_NEIII_3968_FWHM
		  NA_NEIII_3968_W80
		  NA_H_DELTA_FWHM
		  NA_H_DELTA_W80
		  NA_H_GAMMA_FWHM
		  NA_H_GAMMA_W80
		  NA_OIII_4364_FWHM
		  NA_OIII_4364_W80
		  NA_HEII_4687_FWHM
		  NA_HEII_4687_W80
		  NA_H_BETA_FWHM
		  NA_H_BETA_W80
		  NA_OIII_4960_FWHM
		  NA_OIII_4960_W80
		  NA_OIII_5007_FWHM
		  NA_OIII_5007_W80
		  NA_FEVI_5638_FWHM
		  NA_FEVI_5638_W80
		  NA_FEVI_5677_FWHM
		  NA_FEVI_5677_W80
		  NA_FEVII_5720_FWHM
		  NA_FEVII_5720_W80
		  NA_HEI_5876_FWHM
		  NA_HEI_5876_W80
		  NA_FEVII_6087_FWHM
		  NA_FEVII_6087_W80
		  NA_OI_6302_FWHM
		  NA_OI_6302_W80
		  NA_SIII_6312_FWHM
		  NA_SIII_6312_W80
		  NA_OI_6365_FWHM
		  NA_OI_6365_W80
		  NA_FEX_6374_FWHM
		  NA_FEX_6374_W80
		  NA_NII_6549_FWHM
		  NA_NII_6549_W80
		  NA_H_ALPHA_FWHM
		  NA_H_ALPHA_W80
		  NA_NII_6585_FWHM
		  NA_NII_6585_W80
		  NA_SII_6718_FWHM
		  NA_SII_6718_W80
		  NA_SII_6732_FWHM
		  NA_SII_6732_W80
		  NA_HEI_7062_FWHM
		  NA_HEI_7062_W80
		  NA_ARIII_7135_FWHM
		  NA_ARIII_7135_W80
		  NA_OII_7319_FWHM
		  NA_OII_7319_W80
		  NA_OII_7331_FWHM
		  NA_OII_7331_W80
		  BR_H_DELTA_FWHM
		  BR_H_DELTA_W80
		  BR_H_GAMMA_FWHM
		  BR_H_GAMMA_W80
		  BR_H_BETA_FWHM
		  BR_H_BETA_W80
		  BR_H_ALPHA_FWHM
		  BR_H_ALPHA_W80
		  NA_HEII_3203_NPIX
		  NA_NEV_3346_NPIX
		  NA_NEV_3426_NPIX
		  NA_OII_3727_NPIX
		  NA_OII_3729_NPIX
		  NA_NEIII_3869_NPIX
		  NA_HEI_3889_NPIX
		  NA_NEIII_3968_NPIX
		  NA_H_DELTA_NPIX
		  NA_H_GAMMA_NPIX
		  NA_OIII_4364_NPIX
		  NA_HEII_4687_NPIX
		  NA_H_BETA_NPIX
		  NA_OIII_4960_NPIX
		  NA_OIII_5007_NPIX
		  NA_FEVI_5638_NPIX
		  NA_FEVI_5677_NPIX
		  NA_FEVII_5720_NPIX
		  NA_HEI_5876_NPIX
		  NA_FEVII_6087_NPIX
		  NA_OI_6302_NPIX
		  NA_SIII_6312_NPIX
		  NA_OI_6365_NPIX
		  NA_FEX_6374_NPIX
		  NA_NII_6549_NPIX
		  NA_H_ALPHA_NPIX
		  NA_NII_6585_NPIX
		  NA_SII_6718_NPIX
		  NA_SII_6732_NPIX
		  NA_HEI_7062_NPIX
		  NA_ARIII_7135_NPIX
		  NA_OII_7319_NPIX
		  NA_OII_7331_NPIX
		  BR_H_DELTA_NPIX
		  BR_H_GAMMA_NPIX
		  BR_H_BETA_NPIX
		  BR_H_ALPHA_NPIX
		  NA_HEII_3203_SNR
		  NA_NEV_3346_SNR
		  NA_NEV_3426_SNR
		  NA_OII_3727_SNR
		  NA_OII_3729_SNR
		  NA_NEIII_3869_SNR
		  NA_HEI_3889_SNR
		  NA_NEIII_3968_SNR
		  NA_H_DELTA_SNR
		  NA_H_GAMMA_SNR
		  NA_OIII_4364_SNR
		  NA_HEII_4687_SNR
		  NA_H_BETA_SNR
		  NA_OIII_4960_SNR
		  NA_OIII_5007_SNR
		  NA_FEVI_5638_SNR
		  NA_FEVI_5677_SNR
		  NA_FEVII_5720_SNR
		  NA_HEI_5876_SNR
		  NA_FEVII_6087_SNR
		  NA_OI_6302_SNR
		  NA_SIII_6312_SNR
		  NA_OI_6365_SNR
		  NA_FEX_6374_SNR
		  NA_NII_6549_SNR
		  NA_H_ALPHA_SNR
		  NA_NII_6585_SNR
		  NA_SII_6718_SNR
		  NA_SII_6732_SNR
		  NA_HEI_7062_SNR
		  NA_ARIII_7135_SNR
		  NA_OII_7319_SNR
		  NA_OII_7331_SNR
		  BR_H_DELTA_SNR
		  BR_H_GAMMA_SNR
		  BR_H_BETA_SNR
		  BR_H_ALPHA_SNR
		  R_SQUARED
		  RCHI_SQUARED

 > Saving Data...

 Cleaning up...
----------------------------------------------------------------------------------------------------

 Total Runtime = 18:34:49
 - Done fitting my_sdss! 

End process memory: 3.64779520                    
