<IPython.core.display.HTML object>
/app/BADASS3/example_spectra/2-onur
/app/BADASS3/example_spectra/2-onur/my_sdss.fits
0.09091717004776001
Start process memory: 0.22321971                    
 Folder has not been created.  Creating MCMC_output folder...

 > Starting fit for 2-onur

 Input fitting region exceeds available wavelength range.  BADASS will adjust your fitting range automatically...
		- Input fitting range: (2900, 8000)
		- Available wavelength range: (3269, 9532)
		- New fitting region is (3269, 8000). 


 Input spectrum is not linearly binned. BADASS will linearly rebin and conserve flux...


-----------------------------------------------------------
 file:                        my_sdss.fits                  
 redshift:                    0.09092                       
 fitting region:              (3269,8000) [A]               
 velocity scale:              69.03 [km/s/pixel]            
 Galactic E(B-V):             0.000                         
 Flux Normalization:          1e-17                         
 Fit Normalization:           200.35920                     
-----------------------------------------------------------

 Initializing parameters...
----------------------------------------------------------------------------------------------------
	- Fitting a SSP host-galaxy template.
	- Fitting additive legendre polynomial component.
	- Fitting Simple AGN power-law continuum.
	- Fitting broad and narrow optical FeII using Veron-Cetty et al. (2004) optical FeII templates
	 		* varying optical FeII amplitudes
	 		* varying optical FeII dispersion.
	 		* varying optical FeII voff

 Warning! Peak finding algorithm used for initial guesses of amplitude and velocity failed! Defaulting to user-defined locations...

 Warning! Peak finding algorithm used for initial guesses of amplitude and velocity failed! Defaulting to user-defined locations...

----------------------------------------------------------------------------------------------------------------------------------------

----------------------------------------------------------------------------------------------------------------------------------------

 Line List:

----------------------------------------------------------------------------------------------------------------------------------------
BR_H_ALPHA                                                                                
                              amp                           free                          
                              center                        6564.6                        
                              center_pix                    3027.262745683908             
                              disp                          free                          
                              disp_res_ang                  2.335637535237614             
                              disp_res_kms                  106.6640035471995             
                              line_profile                  gaussian                      
                              line_type                     br                            
                              ncomp                         1                             
                              voff                          free                          
BR_H_BETA                                                                                 
                              amp                           free                          
                              center                        4862.691                      
                              center_pix                    1724.0040382226402            
                              disp                          BR_H_ALPHA_DISP               
                              disp_res_ang                  2.335637535237614             
                              disp_res_kms                  143.99568421804838            
                              line_profile                  gaussian                      
                              line_type                     br                            
                              ncomp                         1                             
                              voff                          BR_H_ALPHA_VOFF               
NA_H_ALPHA                                                                                
                              amp                           free                          
                              center                        6564.6                        
                              center_pix                    3027.262745683908             
                              disp                          free                          
                              disp_res_ang                  2.335637535237614             
                              disp_res_kms                  106.6640035471995             
                              label                         [H$\alpha$]                   
                              line_profile                  gaussian                      
                              line_type                     na                            
                              ncomp                         1                             
                              voff                          free                          
NA_H_BETA                                                                                 
                              amp                           free                          
                              center                        4862.691                      
                              center_pix                    1724.0040382226402            
                              disp                          NA_H_ALPHA_DISP               
                              disp_res_ang                  2.335637535237614             
                              disp_res_kms                  143.99568421804838            
                              label                         H$\beta$                      
                              line_profile                  gaussian                      
                              line_type                     na                            
                              ncomp                         1                             
                              voff                          NA_H_ALPHA_VOFF               
NA_NII_6549                                                                               
                              amp                           (NA_NII_6585_AMP/3.0)         
                              center                        6549.86                       
                              center_pix                    3017.5006562881167            
                              disp                          NA_H_ALPHA_DISP               
                              disp_res_ang                  2.335637535237614             
                              disp_res_kms                  106.9040433972552             
                              label                         [NII]                         
                              line_profile                  gaussian                      
                              line_type                     na                            
                              ncomp                         1                             
                              voff                          NA_H_ALPHA_VOFF               
NA_NII_6585                                                                               
                              amp                           free                          
                              center                        6585.27                       
                              center_pix                    3040.915335399022             
                              disp                          NA_H_ALPHA_DISP               
                              disp_res_ang                  2.335637535237614             
                              disp_res_kms                  106.32920406998436            
                              label                         [NII]                         
                              line_profile                  gaussian                      
                              line_type                     na                            
                              ncomp                         1                             
                              voff                          NA_H_ALPHA_VOFF               
NA_OII                                                                                    
                              amp                           free                          
                              center                        3727.09                       
                              center_pix                    568.9868197796488             
                              disp                          free                          
                              disp_res_ang                  2.335637535237614             
                              disp_res_kms                  187.86949542027315            
                              label                         [OII]                         
                              line_profile                  gaussian                      
                              line_type                     na                            
                              ncomp                         1                             
                              voff                          free                          
NA_OIII_a                                                                                 
                              amp                           (NA_OIII_b_AMP/2.98)          
                              center                        4960.295                      
                              center_pix                    1810.3085502997817            
                              disp                          NA_H_ALPHA_DISP               
                              disp_res_ang                  2.335637535237614             
                              disp_res_kms                  141.16227314825952            
                              label                         [OIIIa]                       
                              line_profile                  gaussian                      
                              line_type                     na                            
                              ncomp                         1                             
                              voff                          NA_H_ALPHA_VOFF               
NA_OIII_b                                                                                 
                              amp                           free                          
                              center                        5008.24                       
                              center_pix                    1852.082999896774             
                              disp                          NA_H_ALPHA_DISP               
                              disp_res_ang                  2.335637535237614             
                              disp_res_kms                  139.81089518192937            
                              label                         [OIIIb]                       
                              line_profile                  gaussian                      
                              line_type                     na                            
                              ncomp                         1                             
                              voff                          NA_H_ALPHA_VOFF               
NA_SII_6716                                                                               
                              amp                           free                          
                              center                        6718.29                       
                              center_pix                    3127.763115818543             
                              disp                          NA_H_ALPHA_DISP               
                              disp_res_ang                  2.335637535237614             
                              disp_res_kms                  104.22391973045907            
                              label                         [SII]                         
                              line_profile                  gaussian                      
                              line_type                     na                            
                              ncomp                         1                             
                              voff                          NA_H_ALPHA_VOFF               
NA_SII_6731                                                                               
                              amp                           free                          
                              center                        6732.67                       
                              center_pix                    3137.048539685831             
                              disp                          NA_H_ALPHA_DISP               
                              disp_res_ang                  2.335637535237614             
                              disp_res_kms                  104.00131265693193            
                              label                         [SII]                         
                              line_profile                  gaussian                      
                              line_type                     na                            
                              ncomp                         1                             
                              voff                          NA_H_ALPHA_VOFF               

----------------------------------------------------------------------------------------------------------------------------------------

 Number of Free Line Parameters: 15

----------------------------------------------------------------------------------------------------------------------------------------

 All Free Parameters:

----------------------------------------------------------------------------------------------------------------------------------------
APOLY_COEFF_1                                                                             
                              init                          0.0                           
                              plim                          (-100.0, 100.0)               
APOLY_COEFF_2                                                                             
                              init                          0.0                           
                              plim                          (-100.0, 100.0)               
APOLY_COEFF_3                                                                             
                              init                          0.0                           
                              plim                          (-100.0, 100.0)               
BR_H_ALPHA_AMP                                                                            
                              init                          0.6165122316343027            
                              plim                          (0, 50)                       
BR_H_ALPHA_DISP                                                                           
                              init                          3300.0                        
                              plim                          (600, 6000)                   
BR_H_ALPHA_VOFF                                                                           
                              init                          0.0                           
                              plim                          (-1500, 1500)                 
                              prior                         {'type': 'gaussian'}          
BR_H_BETA_AMP                                                                             
                              init                          0.2804312774274264            
                              plim                          (0, 50)                       
BR_OPT_FEII_AMP                                                                           
                              init                          0.011320403543349223          
                              plim                          (0, 1.5000000017246398)       
BR_OPT_FEII_DISP                                                                          
                              init                          500.0                         
                              plim                          (500.0, 5000.0)               
BR_OPT_FEII_VOFF                                                                          
                              init                          0.0                           
                              plim                          (-500.0, 500.0)               
HOST_TEMP_DISP                                                                            
                              init                          100.0                         
                              plim                          (0.001, 500.0)                
HOST_TEMP_VEL                                                                             
                              init                          0.0                           
                              plim                          (-500.0, 500)                 
NA_H_ALPHA_AMP                                                                            
                              init                          0.6165122316343027            
                              plim                          (0, 50)                       
NA_H_ALPHA_DISP                                                                           
                              init                          1300.0                        
                              plim                          (100, 2500)                   
NA_H_ALPHA_VOFF                                                                           
                              init                          0.0                           
                              plim                          (-1000, 1000)                 
                              prior                         {'type': 'gaussian'}          
NA_H_BETA_AMP                                                                             
                              init                          0.2804312774274264            
                              plim                          (0, 50)                       
NA_NII_6585_AMP                                                                           
                              init                          0.37151723704148487           
                              plim                          (0, 50)                       
NA_OIII_b_AMP                                                                             
                              init                          1.0000000011497598            
                              plim                          (0, 50)                       
NA_OII_AMP                                                                                
                              init                          0.3515851053630792            
                              plim                          (0, 50)                       
NA_OII_DISP                                                                               
                              init                          1300.0                        
                              plim                          (100, 2500)                   
NA_OII_VOFF                                                                               
                              init                          0.0                           
                              plim                          (-1000, 1000)                 
                              prior                         {'type': 'gaussian'}          
NA_OPT_FEII_AMP                                                                           
                              init                          0.011320403543349223          
                              plim                          (0, 1.5000000017246398)       
NA_OPT_FEII_DISP                                                                          
                              init                          10.0                          
                              plim                          (0.1, 500.0)                  
NA_OPT_FEII_VOFF                                                                          
                              init                          0.0                           
                              plim                          (-500.0, 500.0)               
NA_SII_6716_AMP                                                                           
                              init                          0.19292684524402295           
                              plim                          (0, 50)                       
NA_SII_6731_AMP                                                                           
                              init                          0.17826831035125357           
                              plim                          (0, 50)                       
POWER_AMP                                                                                 
                              init                          0.05660201771674611           
                              plim                          (0, 1.5000000017246398)       
POWER_SLOPE                                                                               
                              init                          -1.0                          
                              plim                          (-6.0, 6.0)                   

----------------------------------------------------------------------------------------------------------------------------------------

 Total number of free parameters: 28

----------------------------------------------------------------------------------------------------------------------------------------

 Soft Constraints:


----------------------------------------------------------------------------------------------------------------------------------------

----------------------------------------------------------------------------------------------------------------------------------------

 Required Maximum Likelihood RMSE threshold: 0.4587 


 Performing max. likelihood fitting.

 Using Basin-hopping algorithm to estimate parameters. niter_success = 5
basinhopping step 0: f 1.55519e+06
 Fit Status: False
 Force threshold: 0.4587
 Lowest RMSE: 1.2035
 Current RMSE: 1.6880
 Accepted count: 1
 Basinhop count: 0


adaptive stepsize: acceptance rate 0.000000 target 0.500000 new stepsize 0.9 old stepsize 1
basinhopping step 1: f 1.55519e+06 trial_f 2.67981e+06 accepted 0  lowest_f 1.55519e+06
 Fit Status: False
 Force threshold: 0.4587
 Lowest RMSE: 1.2035
 Current RMSE: 1.9708
 Accepted count: 1
 Basinhop count: 1


adaptive stepsize: acceptance rate 0.000000 target 0.500000 new stepsize 0.81 old stepsize 0.9
warning: basinhopping: local minimization failure
basinhopping step 2: f 1.55519e+06 trial_f 5.23582e+07 accepted 0  lowest_f 1.55519e+06
 Fit Status: False
 Force threshold: 0.4587
 Lowest RMSE: 1.2035
 Current RMSE: 6.6797
 Accepted count: 1
 Basinhop count: 2


adaptive stepsize: acceptance rate 0.000000 target 0.500000 new stepsize 0.729 old stepsize 0.81
basinhopping step 3: f 1.55519e+06 trial_f 6.50971e+06 accepted 0  lowest_f 1.55519e+06
 Fit Status: False
 Force threshold: 0.4587
 Lowest RMSE: 1.2035
 Current RMSE: 2.7782
 Accepted count: 1
 Basinhop count: 3


adaptive stepsize: acceptance rate 0.000000 target 0.500000 new stepsize 0.6561 old stepsize 0.729
basinhopping step 4: f 1.55519e+06 trial_f 4.94293e+06 accepted 0  lowest_f 1.55519e+06
 Fit Status: False
 Force threshold: 0.4587
 Lowest RMSE: 1.2035
 Current RMSE: 2.6068
 Accepted count: 1
 Basinhop count: 4


adaptive stepsize: acceptance rate 0.000000 target 0.500000 new stepsize 0.59049 old stepsize 0.6561
basinhopping step 5: f 1.55519e+06 trial_f 1.99974e+07 accepted 0  lowest_f 1.55519e+06
 Fit Status: False
 Force threshold: 0.4587
 Lowest RMSE: 1.2035
 Current RMSE: 4.0044
 Accepted count: 1
 Basinhop count: 5


adaptive stepsize: acceptance rate 0.000000 target 0.500000 new stepsize 0.531441 old stepsize 0.59049
basinhopping step 6: f 1.55519e+06 trial_f 1.04373e+07 accepted 0  lowest_f 1.55519e+06
 Fit Status: False
 Force threshold: 0.4587
 Lowest RMSE: 1.2035
 Current RMSE: 2.9348
 Accepted count: 1
 Basinhop count: 6


adaptive stepsize: acceptance rate 0.000000 target 0.500000 new stepsize 0.478297 old stepsize 0.531441
basinhopping step 7: f 1.55519e+06 trial_f 3.68022e+06 accepted 0  lowest_f 1.55519e+06
 Fit Status: False
 Force threshold: 0.4587
 Lowest RMSE: 1.2035
 Current RMSE: 1.7757
 Accepted count: 1
 Basinhop count: 7


adaptive stepsize: acceptance rate 0.000000 target 0.500000 new stepsize 0.430467 old stepsize 0.478297
basinhopping step 8: f 1.55519e+06 trial_f 7.49269e+06 accepted 0  lowest_f 1.55519e+06
 Fit Status: False
 Force threshold: 0.4587
 Lowest RMSE: 1.2035
 Current RMSE: 3.0061
 Accepted count: 1
 Basinhop count: 8


adaptive stepsize: acceptance rate 0.000000 target 0.500000 new stepsize 0.38742 old stepsize 0.430467
warning: basinhopping: local minimization failure
basinhopping step 9: f 1.55519e+06 trial_f 1.69855e+07 accepted 0  lowest_f 1.55519e+06
 Fit Status: False
 Force threshold: 0.4587
 Lowest RMSE: 1.2035
 Current RMSE: 4.1490
 Accepted count: 1
 Basinhop count: 9


adaptive stepsize: acceptance rate 0.000000 target 0.500000 new stepsize 0.348678 old stepsize 0.38742
basinhopping step 10: f 1.55519e+06 trial_f 6.74691e+06 accepted 0  lowest_f 1.55519e+06
 Fit Status: False
 Force threshold: 0.4587
 Lowest RMSE: 1.2035
 Current RMSE: 2.8076
 Accepted count: 1
 Basinhop count: 10


adaptive stepsize: acceptance rate 0.000000 target 0.500000 new stepsize 0.313811 old stepsize 0.348678
warning: basinhopping: local minimization failure
basinhopping step 11: f 1.55519e+06 trial_f 1.33363e+07 accepted 0  lowest_f 1.55519e+06
 Fit Status: False
 Force threshold: 0.4587
 Lowest RMSE: 1.2035
 Current RMSE: 3.7461
 Accepted count: 1
 Basinhop count: 11


adaptive stepsize: acceptance rate 0.000000 target 0.500000 new stepsize 0.28243 old stepsize 0.313811
basinhopping step 12: f 1.55519e+06 trial_f 4.45185e+06 accepted 0  lowest_f 1.55519e+06
 Fit Status: False
 Force threshold: 0.4587
 Lowest RMSE: 1.2035
 Current RMSE: 2.6875
 Accepted count: 1
 Basinhop count: 12


adaptive stepsize: acceptance rate 0.000000 target 0.500000 new stepsize 0.254187 old stepsize 0.28243
basinhopping step 13: f 1.55519e+06 trial_f 4.52338e+06 accepted 0  lowest_f 1.55519e+06
 Fit Status: False
 Force threshold: 0.4587
 Lowest RMSE: 1.2035
 Current RMSE: 1.9789
 Accepted count: 1
 Basinhop count: 13


adaptive stepsize: acceptance rate 0.000000 target 0.500000 new stepsize 0.228768 old stepsize 0.254187
basinhopping step 14: f 1.55519e+06 trial_f 3.27082e+06 accepted 0  lowest_f 1.55519e+06
 Fit Status: False
 Force threshold: 0.4587
 Lowest RMSE: 1.2035
 Current RMSE: 2.1348
 Accepted count: 1
 Basinhop count: 14


adaptive stepsize: acceptance rate 0.000000 target 0.500000 new stepsize 0.205891 old stepsize 0.228768
basinhopping step 15: f 1.55519e+06 trial_f 2.14644e+06 accepted 0  lowest_f 1.55519e+06
 Fit Status: False
 Force threshold: 0.4587
 Lowest RMSE: 1.2035
 Current RMSE: 1.7455
 Accepted count: 1
 Basinhop count: 15


adaptive stepsize: acceptance rate 0.000000 target 0.500000 new stepsize 0.185302 old stepsize 0.205891
basinhopping step 16: f 1.55519e+06 trial_f 6.3955e+06 accepted 0  lowest_f 1.55519e+06
 Fit Status: False
 Force threshold: 0.4587
 Lowest RMSE: 1.2035
 Current RMSE: 2.9231
 Accepted count: 1
 Basinhop count: 16


adaptive stepsize: acceptance rate 0.000000 target 0.500000 new stepsize 0.166772 old stepsize 0.185302
basinhopping step 17: f 1.55519e+06 trial_f 3.81932e+06 accepted 0  lowest_f 1.55519e+06
 Fit Status: False
 Force threshold: 0.4587
 Lowest RMSE: 1.2035
 Current RMSE: 2.3299
 Accepted count: 1
 Basinhop count: 17


adaptive stepsize: acceptance rate 0.000000 target 0.500000 new stepsize 0.150095 old stepsize 0.166772
basinhopping step 18: f 1.55519e+06 trial_f 1.80463e+06 accepted 0  lowest_f 1.55519e+06
 Fit Status: False
 Force threshold: 0.4587
 Lowest RMSE: 1.2035
 Current RMSE: 1.7842
 Accepted count: 1
 Basinhop count: 18


adaptive stepsize: acceptance rate 0.000000 target 0.500000 new stepsize 0.135085 old stepsize 0.150095
basinhopping step 19: f 1.55519e+06 trial_f 1.57241e+06 accepted 0  lowest_f 1.55519e+06
 Fit Status: False
 Force threshold: 0.4587
 Lowest RMSE: 1.2035
 Current RMSE: 1.6123
 Accepted count: 1
 Basinhop count: 19


adaptive stepsize: acceptance rate 0.000000 target 0.500000 new stepsize 0.121577 old stepsize 0.135085
basinhopping step 20: f 1.55519e+06 trial_f 1.57878e+06 accepted 0  lowest_f 1.55519e+06
 Fit Status: False
 Force threshold: 0.4587
 Lowest RMSE: 1.2035
 Current RMSE: 1.6908
 Accepted count: 1
 Basinhop count: 20


adaptive stepsize: acceptance rate 0.000000 target 0.500000 new stepsize 0.109419 old stepsize 0.121577
basinhopping step 21: f 1.33547e+06 trial_f 1.33547e+06 accepted 1  lowest_f 1.33547e+06
found new global minimum on step 21 with function value 1.33547e+06
 Fit Status: False
 Force threshold: 0.4587
 Lowest RMSE: 1.2035
 Current RMSE: 1.5069
 Accepted count: 2
 Basinhop count: 0


adaptive stepsize: acceptance rate 0.045455 target 0.500000 new stepsize 0.0984771 old stepsize 0.109419
basinhopping step 22: f 1.33547e+06 trial_f 1.87704e+06 accepted 0  lowest_f 1.33547e+06
 Fit Status: False
 Force threshold: 0.4587
 Lowest RMSE: 1.2035
 Current RMSE: 1.6865
 Accepted count: 2
 Basinhop count: 1


adaptive stepsize: acceptance rate 0.043478 target 0.500000 new stepsize 0.0886294 old stepsize 0.0984771
basinhopping step 23: f 1.33547e+06 trial_f 1.66631e+06 accepted 0  lowest_f 1.33547e+06
 Fit Status: False
 Force threshold: 0.4587
 Lowest RMSE: 1.2035
 Current RMSE: 1.6377
 Accepted count: 2
 Basinhop count: 2


adaptive stepsize: acceptance rate 0.041667 target 0.500000 new stepsize 0.0797664 old stepsize 0.0886294
basinhopping step 24: f 1.29844e+06 trial_f 1.29844e+06 accepted 1  lowest_f 1.29844e+06
found new global minimum on step 24 with function value 1.29844e+06
 Fit Status: False
 Force threshold: 0.4587
 Lowest RMSE: 1.2035
 Current RMSE: 1.5269
 Accepted count: 3
 Basinhop count: 0


adaptive stepsize: acceptance rate 0.080000 target 0.500000 new stepsize 0.0717898 old stepsize 0.0797664
basinhopping step 25: f 1.29844e+06 trial_f 1.32709e+06 accepted 0  lowest_f 1.29844e+06
 Fit Status: False
 Force threshold: 0.4587
 Lowest RMSE: 1.2035
 Current RMSE: 1.5517
 Accepted count: 3
 Basinhop count: 1


adaptive stepsize: acceptance rate 0.076923 target 0.500000 new stepsize 0.0646108 old stepsize 0.0717898
basinhopping step 26: f 1.29844e+06 trial_f 1.45755e+06 accepted 0  lowest_f 1.29844e+06
 Fit Status: False
 Force threshold: 0.4587
 Lowest RMSE: 1.2035
 Current RMSE: 1.5592
 Accepted count: 3
 Basinhop count: 2


adaptive stepsize: acceptance rate 0.074074 target 0.500000 new stepsize 0.0581497 old stepsize 0.0646108
basinhopping step 27: f 1.29844e+06 trial_f 1.40127e+06 accepted 0  lowest_f 1.29844e+06
 Fit Status: False
 Force threshold: 0.4587
 Lowest RMSE: 1.2035
 Current RMSE: 1.6002
 Accepted count: 3
 Basinhop count: 3


adaptive stepsize: acceptance rate 0.071429 target 0.500000 new stepsize 0.0523348 old stepsize 0.0581497
basinhopping step 28: f 1.29844e+06 trial_f 1.47262e+06 accepted 0  lowest_f 1.29844e+06
 Fit Status: False
 Force threshold: 0.4587
 Lowest RMSE: 1.2035
 Current RMSE: 1.5913
 Accepted count: 3
 Basinhop count: 4


adaptive stepsize: acceptance rate 0.068966 target 0.500000 new stepsize 0.0471013 old stepsize 0.0523348
basinhopping step 29: f 1.29844e+06 trial_f 1.38129e+06 accepted 0  lowest_f 1.29844e+06
 Fit Status: False
 Force threshold: 0.4587
 Lowest RMSE: 1.2035
 Current RMSE: 1.5627
 Accepted count: 3
 Basinhop count: 5


adaptive stepsize: acceptance rate 0.066667 target 0.500000 new stepsize 0.0423912 old stepsize 0.0471013
basinhopping step 30: f 1.29844e+06 trial_f 1.40201e+06 accepted 0  lowest_f 1.29844e+06
 Fit Status: False
 Force threshold: 0.4587
 Lowest RMSE: 1.2035
 Current RMSE: 1.5998
 Accepted count: 3
 Basinhop count: 6


adaptive stepsize: acceptance rate 0.064516 target 0.500000 new stepsize 0.038152 old stepsize 0.0423912
basinhopping step 31: f 1.29844e+06 trial_f 1.38318e+06 accepted 0  lowest_f 1.29844e+06
 Fit Status: False
 Force threshold: 0.4587
 Lowest RMSE: 1.2035
 Current RMSE: 1.5538
 Accepted count: 3
 Basinhop count: 7


adaptive stepsize: acceptance rate 0.062500 target 0.500000 new stepsize 0.0343368 old stepsize 0.038152
basinhopping step 32: f 1.24279e+06 trial_f 1.24279e+06 accepted 1  lowest_f 1.24279e+06
found new global minimum on step 32 with function value 1.24279e+06
 Fit Status: False
 Force threshold: 0.4587
 Lowest RMSE: 1.2035
 Current RMSE: 1.4441
 Accepted count: 4
 Basinhop count: 0


adaptive stepsize: acceptance rate 0.090909 target 0.500000 new stepsize 0.0309032 old stepsize 0.0343368
basinhopping step 33: f 1.24277e+06 trial_f 1.24277e+06 accepted 1  lowest_f 1.24277e+06
found new global minimum on step 33 with function value 1.24277e+06
 Fit Status: False
 Force threshold: 0.4587
 Lowest RMSE: 1.2035
 Current RMSE: 1.4225
 Accepted count: 5
 Basinhop count: 0


adaptive stepsize: acceptance rate 0.117647 target 0.500000 new stepsize 0.0278128 old stepsize 0.0309032
basinhopping step 34: f 1.24277e+06 trial_f 1.28334e+06 accepted 0  lowest_f 1.24277e+06
 Fit Status: False
 Force threshold: 0.4587
 Lowest RMSE: 1.2035
 Current RMSE: 1.4543
 Accepted count: 5
 Basinhop count: 1


adaptive stepsize: acceptance rate 0.114286 target 0.500000 new stepsize 0.0250316 old stepsize 0.0278128
basinhopping step 35: f 1.24277e+06 trial_f 1.29672e+06 accepted 0  lowest_f 1.24277e+06
 Fit Status: False
 Force threshold: 0.4587
 Lowest RMSE: 1.2035
 Current RMSE: 1.4458
 Accepted count: 5
 Basinhop count: 2


adaptive stepsize: acceptance rate 0.111111 target 0.500000 new stepsize 0.0225284 old stepsize 0.0250316
basinhopping step 36: f 1.24277e+06 trial_f 1.26324e+06 accepted 0  lowest_f 1.24277e+06
 Fit Status: False
 Force threshold: 0.4587
 Lowest RMSE: 1.2035
 Current RMSE: 1.4430
 Accepted count: 5
 Basinhop count: 3


adaptive stepsize: acceptance rate 0.108108 target 0.500000 new stepsize 0.0202756 old stepsize 0.0225284
basinhopping step 37: f 1.24277e+06 trial_f 1.24391e+06 accepted 0  lowest_f 1.24277e+06
 Fit Status: False
 Force threshold: 0.4587
 Lowest RMSE: 1.2035
 Current RMSE: 1.4461
 Accepted count: 5
 Basinhop count: 4


adaptive stepsize: acceptance rate 0.105263 target 0.500000 new stepsize 0.018248 old stepsize 0.0202756
basinhopping step 38: f 1.2409e+06 trial_f 1.2409e+06 accepted 1  lowest_f 1.2409e+06
found new global minimum on step 38 with function value 1.2409e+06
 Fit Status: False
 Force threshold: 0.4587
 Lowest RMSE: 1.2035
 Current RMSE: 1.4250
 Accepted count: 6
 Basinhop count: 0


adaptive stepsize: acceptance rate 0.128205 target 0.500000 new stepsize 0.0164232 old stepsize 0.018248
basinhopping step 39: f 1.2409e+06 trial_f 1.25743e+06 accepted 0  lowest_f 1.2409e+06
 Fit Status: False
 Force threshold: 0.4587
 Lowest RMSE: 1.2035
 Current RMSE: 1.4381
 Accepted count: 6
 Basinhop count: 1


adaptive stepsize: acceptance rate 0.125000 target 0.500000 new stepsize 0.0147809 old stepsize 0.0164232
basinhopping step 40: f 1.21615e+06 trial_f 1.21615e+06 accepted 1  lowest_f 1.21615e+06
found new global minimum on step 40 with function value 1.21615e+06
 Fit Status: False
 Force threshold: 0.4587
 Lowest RMSE: 1.2035
 Current RMSE: 1.4105
 Accepted count: 7
 Basinhop count: 0


adaptive stepsize: acceptance rate 0.146341 target 0.500000 new stepsize 0.0133028 old stepsize 0.0147809
basinhopping step 41: f 1.21615e+06 trial_f 1.2428e+06 accepted 0  lowest_f 1.21615e+06
 Fit Status: False
 Force threshold: 0.4587
 Lowest RMSE: 1.2035
 Current RMSE: 1.4237
 Accepted count: 7
 Basinhop count: 1


adaptive stepsize: acceptance rate 0.142857 target 0.500000 new stepsize 0.0119725 old stepsize 0.0133028
basinhopping step 42: f 1.21615e+06 trial_f 1.23209e+06 accepted 0  lowest_f 1.21615e+06
 Fit Status: False
 Force threshold: 0.4587
 Lowest RMSE: 1.2035
 Current RMSE: 1.4285
 Accepted count: 7
 Basinhop count: 2


adaptive stepsize: acceptance rate 0.139535 target 0.500000 new stepsize 0.0107753 old stepsize 0.0119725
basinhopping step 43: f 1.21615e+06 trial_f 1.22192e+06 accepted 0  lowest_f 1.21615e+06
 Fit Status: False
 Force threshold: 0.4587
 Lowest RMSE: 1.2035
 Current RMSE: 1.4223
 Accepted count: 7
 Basinhop count: 3


adaptive stepsize: acceptance rate 0.136364 target 0.500000 new stepsize 0.00969774 old stepsize 0.0107753
basinhopping step 44: f 1.21615e+06 trial_f 1.2363e+06 accepted 0  lowest_f 1.21615e+06
 Fit Status: False
 Force threshold: 0.4587
 Lowest RMSE: 1.2035
 Current RMSE: 1.4222
 Accepted count: 7
 Basinhop count: 4


adaptive stepsize: acceptance rate 0.133333 target 0.500000 new stepsize 0.00872796 old stepsize 0.00969774
basinhopping step 45: f 1.21615e+06 trial_f 1.23422e+06 accepted 0  lowest_f 1.21615e+06
 Fit Status: False
 Force threshold: 0.4587
 Lowest RMSE: 1.2035
 Current RMSE: 1.4162
 Accepted count: 7
 Basinhop count: 5


adaptive stepsize: acceptance rate 0.130435 target 0.500000 new stepsize 0.00785517 old stepsize 0.00872796
basinhopping step 46: f 1.21615e+06 trial_f 1.22866e+06 accepted 0  lowest_f 1.21615e+06
 Fit Status: False
 Force threshold: 0.4587
 Lowest RMSE: 1.2035
 Current RMSE: 1.4189
 Accepted count: 7
 Basinhop count: 6


adaptive stepsize: acceptance rate 0.127660 target 0.500000 new stepsize 0.00706965 old stepsize 0.00785517
basinhopping step 47: f 1.21497e+06 trial_f 1.21497e+06 accepted 1  lowest_f 1.21497e+06
found new global minimum on step 47 with function value 1.21497e+06
 Fit Status: False
 Force threshold: 0.4587
 Lowest RMSE: 1.2035
 Current RMSE: 1.4080
 Accepted count: 8
 Basinhop count: 0


adaptive stepsize: acceptance rate 0.145833 target 0.500000 new stepsize 0.00636269 old stepsize 0.00706965
basinhopping step 48: f 1.20789e+06 trial_f 1.20789e+06 accepted 1  lowest_f 1.20789e+06
found new global minimum on step 48 with function value 1.20789e+06
 Fit Status: False
 Force threshold: 0.4587
 Lowest RMSE: 1.2035
 Current RMSE: 1.4036
 Accepted count: 9
 Basinhop count: 0


adaptive stepsize: acceptance rate 0.163265 target 0.500000 new stepsize 0.00572642 old stepsize 0.00636269
basinhopping step 49: f 1.20582e+06 trial_f 1.20582e+06 accepted 1  lowest_f 1.20582e+06
found new global minimum on step 49 with function value 1.20582e+06
 Fit Status: False
 Force threshold: 0.4587
 Lowest RMSE: 1.2035
 Current RMSE: 1.3996
 Accepted count: 10
 Basinhop count: 0


adaptive stepsize: acceptance rate 0.180000 target 0.500000 new stepsize 0.00515378 old stepsize 0.00572642
basinhopping step 50: f 1.19751e+06 trial_f 1.19751e+06 accepted 1  lowest_f 1.19751e+06
found new global minimum on step 50 with function value 1.19751e+06
 Fit Status: False
 Force threshold: 0.4587
 Lowest RMSE: 1.2035
 Current RMSE: 1.3949
 Accepted count: 11
 Basinhop count: 0


adaptive stepsize: acceptance rate 0.196078 target 0.500000 new stepsize 0.0046384 old stepsize 0.00515378
basinhopping step 51: f 1.19648e+06 trial_f 1.19648e+06 accepted 1  lowest_f 1.19648e+06
found new global minimum on step 51 with function value 1.19648e+06
 Fit Status: False
 Force threshold: 0.4587
 Lowest RMSE: 1.2035
 Current RMSE: 1.3919
 Accepted count: 12
 Basinhop count: 0


adaptive stepsize: acceptance rate 0.211538 target 0.500000 new stepsize 0.00417456 old stepsize 0.0046384
basinhopping step 52: f 1.19648e+06 trial_f 1.1989e+06 accepted 0  lowest_f 1.19648e+06
 Fit Status: False
 Force threshold: 0.4587
 Lowest RMSE: 1.2035
 Current RMSE: 1.3943
 Accepted count: 12
 Basinhop count: 1


adaptive stepsize: acceptance rate 0.207547 target 0.500000 new stepsize 0.0037571 old stepsize 0.00417456
basinhopping step 53: f 1.19648e+06 trial_f 1.20294e+06 accepted 0  lowest_f 1.19648e+06
 Fit Status: False
 Force threshold: 0.4587
 Lowest RMSE: 1.2035
 Current RMSE: 1.3926
 Accepted count: 12
 Basinhop count: 2


adaptive stepsize: acceptance rate 0.203704 target 0.500000 new stepsize 0.00338139 old stepsize 0.0037571
basinhopping step 54: f 1.19648e+06 trial_f 1.19881e+06 accepted 0  lowest_f 1.19648e+06
 Fit Status: False
 Force threshold: 0.4587
 Lowest RMSE: 1.2035
 Current RMSE: 1.3973
 Accepted count: 12
 Basinhop count: 3


adaptive stepsize: acceptance rate 0.200000 target 0.500000 new stepsize 0.00304325 old stepsize 0.00338139
basinhopping step 55: f 1.19321e+06 trial_f 1.19321e+06 accepted 1  lowest_f 1.19321e+06
found new global minimum on step 55 with function value 1.19321e+06
 Fit Status: False
 Force threshold: 0.4587
 Lowest RMSE: 1.2035
 Current RMSE: 1.3908
 Accepted count: 13
 Basinhop count: 0


adaptive stepsize: acceptance rate 0.214286 target 0.500000 new stepsize 0.00273893 old stepsize 0.00304325
basinhopping step 56: f 1.18872e+06 trial_f 1.18872e+06 accepted 1  lowest_f 1.18872e+06
found new global minimum on step 56 with function value 1.18872e+06
 Fit Status: False
 Force threshold: 0.4587
 Lowest RMSE: 1.2035
 Current RMSE: 1.3889
 Accepted count: 14
 Basinhop count: 0


adaptive stepsize: acceptance rate 0.228070 target 0.500000 new stepsize 0.00246503 old stepsize 0.00273893
basinhopping step 57: f 1.18872e+06 trial_f 1.18878e+06 accepted 0  lowest_f 1.18872e+06
 Fit Status: False
 Force threshold: 0.4587
 Lowest RMSE: 1.2035
 Current RMSE: 1.3905
 Accepted count: 14
 Basinhop count: 1


adaptive stepsize: acceptance rate 0.224138 target 0.500000 new stepsize 0.00221853 old stepsize 0.00246503
basinhopping step 58: f 1.18872e+06 trial_f 1.19094e+06 accepted 0  lowest_f 1.18872e+06
 Fit Status: False
 Force threshold: 0.4587
 Lowest RMSE: 1.2035
 Current RMSE: 1.3922
 Accepted count: 14
 Basinhop count: 2


adaptive stepsize: acceptance rate 0.220339 target 0.500000 new stepsize 0.00199668 old stepsize 0.00221853
basinhopping step 59: f 1.18463e+06 trial_f 1.18463e+06 accepted 1  lowest_f 1.18463e+06
found new global minimum on step 59 with function value 1.18463e+06
 Fit Status: False
 Force threshold: 0.4587
 Lowest RMSE: 1.2035
 Current RMSE: 1.3869
 Accepted count: 15
 Basinhop count: 0


adaptive stepsize: acceptance rate 0.233333 target 0.500000 new stepsize 0.00179701 old stepsize 0.00199668
basinhopping step 60: f 1.18453e+06 trial_f 1.18453e+06 accepted 1  lowest_f 1.18453e+06
found new global minimum on step 60 with function value 1.18453e+06
 Fit Status: False
 Force threshold: 0.4587
 Lowest RMSE: 1.2035
 Current RMSE: 1.3867
 Accepted count: 16
 Basinhop count: 0


adaptive stepsize: acceptance rate 0.245902 target 0.500000 new stepsize 0.00161731 old stepsize 0.00179701
basinhopping step 61: f 1.18453e+06 trial_f 1.18764e+06 accepted 0  lowest_f 1.18453e+06
 Fit Status: False
 Force threshold: 0.4587
 Lowest RMSE: 1.2035
 Current RMSE: 1.3888
 Accepted count: 16
 Basinhop count: 1


adaptive stepsize: acceptance rate 0.241935 target 0.500000 new stepsize 0.00145558 old stepsize 0.00161731
basinhopping step 62: f 1.18324e+06 trial_f 1.18324e+06 accepted 1  lowest_f 1.18324e+06
found new global minimum on step 62 with function value 1.18324e+06
 Fit Status: False
 Force threshold: 0.4587
 Lowest RMSE: 1.2035
 Current RMSE: 1.3858
 Accepted count: 17
 Basinhop count: 0


adaptive stepsize: acceptance rate 0.253968 target 0.500000 new stepsize 0.00131002 old stepsize 0.00145558
basinhopping step 63: f 1.18324e+06 trial_f 1.18438e+06 accepted 0  lowest_f 1.18324e+06
 Fit Status: False
 Force threshold: 0.4587
 Lowest RMSE: 1.2035
 Current RMSE: 1.3862
 Accepted count: 17
 Basinhop count: 1


adaptive stepsize: acceptance rate 0.250000 target 0.500000 new stepsize 0.00117902 old stepsize 0.00131002
basinhopping step 64: f 1.18108e+06 trial_f 1.18108e+06 accepted 1  lowest_f 1.18108e+06
found new global minimum on step 64 with function value 1.18108e+06
 Fit Status: False
 Force threshold: 0.4587
 Lowest RMSE: 1.2035
 Current RMSE: 1.3849
 Accepted count: 18
 Basinhop count: 0


adaptive stepsize: acceptance rate 0.261538 target 0.500000 new stepsize 0.00106112 old stepsize 0.00117902
basinhopping step 65: f 1.17913e+06 trial_f 1.17913e+06 accepted 1  lowest_f 1.17913e+06
found new global minimum on step 65 with function value 1.17913e+06
 Fit Status: False
 Force threshold: 0.4587
 Lowest RMSE: 1.2035
 Current RMSE: 1.3843
 Accepted count: 19
 Basinhop count: 0


adaptive stepsize: acceptance rate 0.272727 target 0.500000 new stepsize 0.000955005 old stepsize 0.00106112
basinhopping step 66: f 1.17913e+06 trial_f 1.18032e+06 accepted 0  lowest_f 1.17913e+06
 Fit Status: False
 Force threshold: 0.4587
 Lowest RMSE: 1.2035
 Current RMSE: 1.3849
 Accepted count: 19
 Basinhop count: 1


adaptive stepsize: acceptance rate 0.268657 target 0.500000 new stepsize 0.000859504 old stepsize 0.000955005
basinhopping step 67: f 1.17607e+06 trial_f 1.17607e+06 accepted 1  lowest_f 1.17607e+06
found new global minimum on step 67 with function value 1.17607e+06
 Fit Status: False
 Force threshold: 0.4587
 Lowest RMSE: 1.2035
 Current RMSE: 1.3797
 Accepted count: 20
 Basinhop count: 0


adaptive stepsize: acceptance rate 0.279412 target 0.500000 new stepsize 0.000773554 old stepsize 0.000859504
basinhopping step 68: f 1.17359e+06 trial_f 1.17359e+06 accepted 1  lowest_f 1.17359e+06
found new global minimum on step 68 with function value 1.17359e+06
 Fit Status: False
 Force threshold: 0.4587
 Lowest RMSE: 1.2035
 Current RMSE: 1.3792
 Accepted count: 21
 Basinhop count: 0


adaptive stepsize: acceptance rate 0.289855 target 0.500000 new stepsize 0.000696199 old stepsize 0.000773554
basinhopping step 69: f 1.17359e+06 trial_f 1.17375e+06 accepted 0  lowest_f 1.17359e+06
 Fit Status: False
 Force threshold: 0.4587
 Lowest RMSE: 1.2035
 Current RMSE: 1.3795
 Accepted count: 21
 Basinhop count: 1


adaptive stepsize: acceptance rate 0.285714 target 0.500000 new stepsize 0.000626579 old stepsize 0.000696199
basinhopping step 70: f 1.17359e+06 trial_f 1.17466e+06 accepted 0  lowest_f 1.17359e+06
 Fit Status: False
 Force threshold: 0.4587
 Lowest RMSE: 1.2035
 Current RMSE: 1.3806
 Accepted count: 21
 Basinhop count: 2


adaptive stepsize: acceptance rate 0.281690 target 0.500000 new stepsize 0.000563921 old stepsize 0.000626579
basinhopping step 71: f 1.17282e+06 trial_f 1.17282e+06 accepted 1  lowest_f 1.17282e+06
found new global minimum on step 71 with function value 1.17282e+06
 Fit Status: False
 Force threshold: 0.4587
 Lowest RMSE: 1.2035
 Current RMSE: 1.3785
 Accepted count: 22
 Basinhop count: 0


adaptive stepsize: acceptance rate 0.291667 target 0.500000 new stepsize 0.000507529 old stepsize 0.000563921
basinhopping step 72: f 1.17183e+06 trial_f 1.17183e+06 accepted 1  lowest_f 1.17183e+06
found new global minimum on step 72 with function value 1.17183e+06
 Fit Status: False
 Force threshold: 0.4587
 Lowest RMSE: 1.2035
 Current RMSE: 1.3779
 Accepted count: 23
 Basinhop count: 0


adaptive stepsize: acceptance rate 0.301370 target 0.500000 new stepsize 0.000456776 old stepsize 0.000507529
basinhopping step 73: f 1.17172e+06 trial_f 1.17172e+06 accepted 1  lowest_f 1.17172e+06
found new global minimum on step 73 with function value 1.17172e+06
 Fit Status: False
 Force threshold: 0.4587
 Lowest RMSE: 1.2035
 Current RMSE: 1.3776
 Accepted count: 24
 Basinhop count: 0


adaptive stepsize: acceptance rate 0.310811 target 0.500000 new stepsize 0.000411098 old stepsize 0.000456776
basinhopping step 74: f 1.17172e+06 trial_f 1.17233e+06 accepted 0  lowest_f 1.17172e+06
 Fit Status: False
 Force threshold: 0.4587
 Lowest RMSE: 1.2035
 Current RMSE: 1.3780
 Accepted count: 24
 Basinhop count: 1


adaptive stepsize: acceptance rate 0.306667 target 0.500000 new stepsize 0.000369988 old stepsize 0.000411098
basinhopping step 75: f 1.17172e+06 trial_f 1.17225e+06 accepted 0  lowest_f 1.17172e+06
 Fit Status: False
 Force threshold: 0.4587
 Lowest RMSE: 1.2035
 Current RMSE: 1.3778
 Accepted count: 24
 Basinhop count: 2


adaptive stepsize: acceptance rate 0.302632 target 0.500000 new stepsize 0.00033299 old stepsize 0.000369988
basinhopping step 76: f 1.17172e+06 trial_f 1.17225e+06 accepted 0  lowest_f 1.17172e+06
 Fit Status: False
 Force threshold: 0.4587
 Lowest RMSE: 1.2035
 Current RMSE: 1.3779
 Accepted count: 24
 Basinhop count: 3


adaptive stepsize: acceptance rate 0.298701 target 0.500000 new stepsize 0.000299691 old stepsize 0.00033299
basinhopping step 77: f 1.17172e+06 trial_f 1.17215e+06 accepted 0  lowest_f 1.17172e+06
 Fit Status: False
 Force threshold: 0.4587
 Lowest RMSE: 1.2035
 Current RMSE: 1.3781
 Accepted count: 24
 Basinhop count: 4


adaptive stepsize: acceptance rate 0.294872 target 0.500000 new stepsize 0.000269722 old stepsize 0.000299691
basinhopping step 78: f 1.17172e+06 trial_f 1.1722e+06 accepted 0  lowest_f 1.17172e+06
 Fit Status: False
 Force threshold: 0.4587
 Lowest RMSE: 1.2035
 Current RMSE: 1.3782
 Accepted count: 24
 Basinhop count: 5


adaptive stepsize: acceptance rate 0.291139 target 0.500000 new stepsize 0.000242749 old stepsize 0.000269722
basinhopping step 79: f 1.17172e+06 trial_f 1.17178e+06 accepted 0  lowest_f 1.17172e+06
 Fit Status: False
 Force threshold: 0.4587
 Lowest RMSE: 1.2035
 Current RMSE: 1.3776
 Accepted count: 24
 Basinhop count: 6


adaptive stepsize: acceptance rate 0.287500 target 0.500000 new stepsize 0.000218475 old stepsize 0.000242749
basinhopping step 80: f 1.17172e+06 trial_f 1.17194e+06 accepted 0  lowest_f 1.17172e+06
 Fit Status: False
 Force threshold: 0.4587
 Lowest RMSE: 1.2035
 Current RMSE: 1.3773
 Accepted count: 24
 Basinhop count: 7


adaptive stepsize: acceptance rate 0.283951 target 0.500000 new stepsize 0.000196627 old stepsize 0.000218475
basinhopping step 81: f 1.17172e+06 trial_f 1.17183e+06 accepted 0  lowest_f 1.17172e+06
 Fit Status: False
 Force threshold: 0.4587
 Lowest RMSE: 1.2035
 Current RMSE: 1.3778
 Accepted count: 24
 Basinhop count: 8


adaptive stepsize: acceptance rate 0.280488 target 0.500000 new stepsize 0.000176964 old stepsize 0.000196627
basinhopping step 82: f 1.17172e+06 trial_f 1.17215e+06 accepted 0  lowest_f 1.17172e+06
 Fit Status: False
 Force threshold: 0.4587
 Lowest RMSE: 1.2035
 Current RMSE: 1.3780
 Accepted count: 24
 Basinhop count: 9


adaptive stepsize: acceptance rate 0.277108 target 0.500000 new stepsize 0.000159268 old stepsize 0.000176964
basinhopping step 83: f 1.17172e+06 trial_f 1.17184e+06 accepted 0  lowest_f 1.17172e+06
 Fit Status: False
 Force threshold: 0.4587
 Lowest RMSE: 1.2035
 Current RMSE: 1.3778
 Accepted count: 24
 Basinhop count: 10


adaptive stepsize: acceptance rate 0.273810 target 0.500000 new stepsize 0.000143341 old stepsize 0.000159268
basinhopping step 84: f 1.17172e+06 trial_f 1.17187e+06 accepted 0  lowest_f 1.17172e+06
 Fit Status: False
 Force threshold: 0.4587
 Lowest RMSE: 1.2035
 Current RMSE: 1.3778
 Accepted count: 24
 Basinhop count: 11


adaptive stepsize: acceptance rate 0.270588 target 0.500000 new stepsize 0.000129007 old stepsize 0.000143341
basinhopping step 85: f 1.17167e+06 trial_f 1.17167e+06 accepted 1  lowest_f 1.17167e+06
found new global minimum on step 85 with function value 1.17167e+06
 Fit Status: False
 Force threshold: 0.4587
 Lowest RMSE: 1.2035
 Current RMSE: 1.3777
 Accepted count: 25
 Basinhop count: 0


adaptive stepsize: acceptance rate 0.279070 target 0.500000 new stepsize 0.000116106 old stepsize 0.000129007
basinhopping step 86: f 1.17167e+06 trial_f 1.17175e+06 accepted 0  lowest_f 1.17167e+06
 Fit Status: False
 Force threshold: 0.4587
 Lowest RMSE: 1.2035
 Current RMSE: 1.3778
 Accepted count: 25
 Basinhop count: 1


adaptive stepsize: acceptance rate 0.275862 target 0.500000 new stepsize 0.000104496 old stepsize 0.000116106
basinhopping step 87: f 1.17167e+06 trial_f 1.17204e+06 accepted 0  lowest_f 1.17167e+06
 Fit Status: False
 Force threshold: 0.4587
 Lowest RMSE: 1.2035
 Current RMSE: 1.3780
 Accepted count: 25
 Basinhop count: 2


adaptive stepsize: acceptance rate 0.272727 target 0.500000 new stepsize 9.40461e-05 old stepsize 0.000104496
basinhopping step 88: f 1.17152e+06 trial_f 1.17152e+06 accepted 1  lowest_f 1.17152e+06
found new global minimum on step 88 with function value 1.17152e+06
 Fit Status: False
 Force threshold: 0.4587
 Lowest RMSE: 1.2035
 Current RMSE: 1.3775
 Accepted count: 26
 Basinhop count: 0


adaptive stepsize: acceptance rate 0.280899 target 0.500000 new stepsize 8.46415e-05 old stepsize 9.40461e-05
basinhopping step 89: f 1.17152e+06 trial_f 1.17152e+06 accepted 1  lowest_f 1.17152e+06
 Fit Status: False
 Force threshold: 0.4587
 Lowest RMSE: 1.2035
 Current RMSE: 1.3775
 Accepted count: 27
 Basinhop count: 1


adaptive stepsize: acceptance rate 0.288889 target 0.500000 new stepsize 7.61773e-05 old stepsize 8.46415e-05
basinhopping step 90: f 1.1715e+06 trial_f 1.1715e+06 accepted 1  lowest_f 1.1715e+06
found new global minimum on step 90 with function value 1.1715e+06
 Fit Status: False
 Force threshold: 0.4587
 Lowest RMSE: 1.2035
 Current RMSE: 1.3776
 Accepted count: 28
 Basinhop count: 0


adaptive stepsize: acceptance rate 0.296703 target 0.500000 new stepsize 6.85596e-05 old stepsize 7.61773e-05
basinhopping step 91: f 1.17144e+06 trial_f 1.17144e+06 accepted 1  lowest_f 1.17144e+06
found new global minimum on step 91 with function value 1.17144e+06
 Fit Status: False
 Force threshold: 0.4587
 Lowest RMSE: 1.2035
 Current RMSE: 1.3775
 Accepted count: 29
 Basinhop count: 0


adaptive stepsize: acceptance rate 0.304348 target 0.500000 new stepsize 6.17037e-05 old stepsize 6.85596e-05
basinhopping step 92: f 1.17144e+06 trial_f 1.17157e+06 accepted 0  lowest_f 1.17144e+06
 Fit Status: False
 Force threshold: 0.4587
 Lowest RMSE: 1.2035
 Current RMSE: 1.3776
 Accepted count: 29
 Basinhop count: 1


adaptive stepsize: acceptance rate 0.301075 target 0.500000 new stepsize 5.55333e-05 old stepsize 6.17037e-05
basinhopping step 93: f 1.17144e+06 trial_f 1.17153e+06 accepted 0  lowest_f 1.17144e+06
 Fit Status: False
 Force threshold: 0.4587
 Lowest RMSE: 1.2035
 Current RMSE: 1.3775
 Accepted count: 29
 Basinhop count: 2


adaptive stepsize: acceptance rate 0.297872 target 0.500000 new stepsize 4.998e-05 old stepsize 5.55333e-05
basinhopping step 94: f 1.17133e+06 trial_f 1.17133e+06 accepted 1  lowest_f 1.17133e+06
found new global minimum on step 94 with function value 1.17133e+06
 Fit Status: False
 Force threshold: 0.4587
 Lowest RMSE: 1.2035
 Current RMSE: 1.3774
 Accepted count: 30
 Basinhop count: 0


adaptive stepsize: acceptance rate 0.305263 target 0.500000 new stepsize 4.4982e-05 old stepsize 4.998e-05
basinhopping step 95: f 1.17133e+06 trial_f 1.17136e+06 accepted 0  lowest_f 1.17133e+06
 Fit Status: False
 Force threshold: 0.4587
 Lowest RMSE: 1.2035
 Current RMSE: 1.3774
 Accepted count: 30
 Basinhop count: 1


adaptive stepsize: acceptance rate 0.302083 target 0.500000 new stepsize 4.04838e-05 old stepsize 4.4982e-05
basinhopping step 96: f 1.17132e+06 trial_f 1.17132e+06 accepted 1  lowest_f 1.17132e+06
found new global minimum on step 96 with function value 1.17132e+06
 Fit Status: False
 Force threshold: 0.4587
 Lowest RMSE: 1.2035
 Current RMSE: 1.3774
 Accepted count: 31
 Basinhop count: 0


adaptive stepsize: acceptance rate 0.309278 target 0.500000 new stepsize 3.64354e-05 old stepsize 4.04838e-05
basinhopping step 97: f 1.17131e+06 trial_f 1.17131e+06 accepted 1  lowest_f 1.17131e+06
found new global minimum on step 97 with function value 1.17131e+06
 Fit Status: False
 Force threshold: 0.4587
 Lowest RMSE: 1.2035
 Current RMSE: 1.3774
 Accepted count: 32
 Basinhop count: 0


adaptive stepsize: acceptance rate 0.316327 target 0.500000 new stepsize 3.27919e-05 old stepsize 3.64354e-05
basinhopping step 98: f 1.17115e+06 trial_f 1.17115e+06 accepted 1  lowest_f 1.17115e+06
found new global minimum on step 98 with function value 1.17115e+06
 Fit Status: False
 Force threshold: 0.4587
 Lowest RMSE: 1.2035
 Current RMSE: 1.3769
 Accepted count: 33
 Basinhop count: 0


adaptive stepsize: acceptance rate 0.323232 target 0.500000 new stepsize 2.95127e-05 old stepsize 3.27919e-05
basinhopping step 99: f 1.17071e+06 trial_f 1.17071e+06 accepted 1  lowest_f 1.17071e+06
found new global minimum on step 99 with function value 1.17071e+06
 Fit Status: False
 Force threshold: 0.4587
 Lowest RMSE: 1.2035
 Current RMSE: 1.3765
 Accepted count: 34
 Basinhop count: 0


adaptive stepsize: acceptance rate 0.330000 target 0.500000 new stepsize 2.65614e-05 old stepsize 2.95127e-05
basinhopping step 100: f 1.17065e+06 trial_f 1.17065e+06 accepted 1  lowest_f 1.17065e+06
found new global minimum on step 100 with function value 1.17065e+06
 Fit Status: False
 Force threshold: 0.4587
 Lowest RMSE: 1.2035
 Current RMSE: 1.3772
 Accepted count: 35
 Basinhop count: 0


adaptive stepsize: acceptance rate 0.336634 target 0.500000 new stepsize 2.39053e-05 old stepsize 2.65614e-05
basinhopping step 101: f 1.17065e+06 trial_f 1.17068e+06 accepted 0  lowest_f 1.17065e+06
 Fit Status: False
 Force threshold: 0.4587
 Lowest RMSE: 1.2035
 Current RMSE: 1.3772
 Accepted count: 35
 Basinhop count: 1


adaptive stepsize: acceptance rate 0.333333 target 0.500000 new stepsize 2.15147e-05 old stepsize 2.39053e-05
basinhopping step 102: f 1.17065e+06 trial_f 1.17068e+06 accepted 0  lowest_f 1.17065e+06
 Fit Status: False
 Force threshold: 0.4587
 Lowest RMSE: 1.2035
 Current RMSE: 1.3772
 Accepted count: 35
 Basinhop count: 2


adaptive stepsize: acceptance rate 0.330097 target 0.500000 new stepsize 1.93633e-05 old stepsize 2.15147e-05
basinhopping step 103: f 1.17054e+06 trial_f 1.17054e+06 accepted 1  lowest_f 1.17054e+06
found new global minimum on step 103 with function value 1.17054e+06
 Fit Status: False
 Force threshold: 0.4587
 Lowest RMSE: 1.2035
 Current RMSE: 1.3773
 Accepted count: 36
 Basinhop count: 0


adaptive stepsize: acceptance rate 0.336538 target 0.500000 new stepsize 1.74269e-05 old stepsize 1.93633e-05
basinhopping step 104: f 1.17054e+06 trial_f 1.17054e+06 accepted 0  lowest_f 1.17054e+06
 Fit Status: False
 Force threshold: 0.4587
 Lowest RMSE: 1.2035
 Current RMSE: 1.3772
 Accepted count: 36
 Basinhop count: 1


adaptive stepsize: acceptance rate 0.333333 target 0.500000 new stepsize 1.56842e-05 old stepsize 1.74269e-05
basinhopping step 105: f 1.17054e+06 trial_f 1.17054e+06 accepted 0  lowest_f 1.17054e+06
 Fit Status: False
 Force threshold: 0.4587
 Lowest RMSE: 1.2035
 Current RMSE: 1.3773
 Accepted count: 36
 Basinhop count: 2


adaptive stepsize: acceptance rate 0.330189 target 0.500000 new stepsize 1.41158e-05 old stepsize 1.56842e-05
basinhopping step 106: f 1.17054e+06 trial_f 1.17056e+06 accepted 0  lowest_f 1.17054e+06
 Fit Status: False
 Force threshold: 0.4587
 Lowest RMSE: 1.2035
 Current RMSE: 1.3773
 Accepted count: 36
 Basinhop count: 3


adaptive stepsize: acceptance rate 0.327103 target 0.500000 new stepsize 1.27042e-05 old stepsize 1.41158e-05
basinhopping step 107: f 1.17054e+06 trial_f 1.17055e+06 accepted 0  lowest_f 1.17054e+06
 Fit Status: False
 Force threshold: 0.4587
 Lowest RMSE: 1.2035
 Current RMSE: 1.3773
 Accepted count: 36
 Basinhop count: 4


adaptive stepsize: acceptance rate 0.324074 target 0.500000 new stepsize 1.14338e-05 old stepsize 1.27042e-05
basinhopping step 108: f 1.17051e+06 trial_f 1.17051e+06 accepted 1  lowest_f 1.17051e+06
found new global minimum on step 108 with function value 1.17051e+06
 Fit Status: False
 Force threshold: 0.4587
 Lowest RMSE: 1.2035
 Current RMSE: 1.3771
 Accepted count: 37
 Basinhop count: 0


adaptive stepsize: acceptance rate 0.330275 target 0.500000 new stepsize 1.02904e-05 old stepsize 1.14338e-05
basinhopping step 109: f 1.1705e+06 trial_f 1.1705e+06 accepted 1  lowest_f 1.1705e+06
found new global minimum on step 109 with function value 1.1705e+06
 Fit Status: False
 Force threshold: 0.4587
 Lowest RMSE: 1.2035
 Current RMSE: 1.3771
 Accepted count: 38
 Basinhop count: 0


adaptive stepsize: acceptance rate 0.336364 target 0.500000 new stepsize 9.26139e-06 old stepsize 1.02904e-05
basinhopping step 110: f 1.17049e+06 trial_f 1.17049e+06 accepted 1  lowest_f 1.17049e+06
found new global minimum on step 110 with function value 1.17049e+06
 Fit Status: False
 Force threshold: 0.4587
 Lowest RMSE: 1.2035
 Current RMSE: 1.3771
 Accepted count: 39
 Basinhop count: 0


adaptive stepsize: acceptance rate 0.342342 target 0.500000 new stepsize 8.33525e-06 old stepsize 9.26139e-06
basinhopping step 111: f 1.1704e+06 trial_f 1.1704e+06 accepted 1  lowest_f 1.1704e+06
found new global minimum on step 111 with function value 1.1704e+06
 Fit Status: False
 Force threshold: 0.4587
 Lowest RMSE: 1.2035
 Current RMSE: 1.3763
 Accepted count: 40
 Basinhop count: 0


adaptive stepsize: acceptance rate 0.348214 target 0.500000 new stepsize 7.50172e-06 old stepsize 8.33525e-06
basinhopping step 112: f 1.17039e+06 trial_f 1.17039e+06 accepted 1  lowest_f 1.17039e+06
found new global minimum on step 112 with function value 1.17039e+06
 Fit Status: False
 Force threshold: 0.4587
 Lowest RMSE: 1.2035
 Current RMSE: 1.3763
 Accepted count: 41
 Basinhop count: 0


adaptive stepsize: acceptance rate 0.353982 target 0.500000 new stepsize 6.75155e-06 old stepsize 7.50172e-06
basinhopping step 113: f 1.17039e+06 trial_f 1.17039e+06 accepted 0  lowest_f 1.17039e+06
 Fit Status: False
 Force threshold: 0.4587
 Lowest RMSE: 1.2035
 Current RMSE: 1.3763
 Accepted count: 41
 Basinhop count: 1


adaptive stepsize: acceptance rate 0.350877 target 0.500000 new stepsize 6.0764e-06 old stepsize 6.75155e-06
basinhopping step 114: f 1.17038e+06 trial_f 1.17038e+06 accepted 1  lowest_f 1.17038e+06
found new global minimum on step 114 with function value 1.17038e+06
 Fit Status: False
 Force threshold: 0.4587
 Lowest RMSE: 1.2035
 Current RMSE: 1.3763
 Accepted count: 42
 Basinhop count: 0


adaptive stepsize: acceptance rate 0.356522 target 0.500000 new stepsize 5.46876e-06 old stepsize 6.0764e-06
basinhopping step 115: f 1.17038e+06 trial_f 1.17038e+06 accepted 1  lowest_f 1.17038e+06
 Fit Status: False
 Force threshold: 0.4587
 Lowest RMSE: 1.2035
 Current RMSE: 1.3763
 Accepted count: 43
 Basinhop count: 1


adaptive stepsize: acceptance rate 0.362069 target 0.500000 new stepsize 4.92188e-06 old stepsize 5.46876e-06
basinhopping step 116: f 1.17037e+06 trial_f 1.17037e+06 accepted 1  lowest_f 1.17037e+06
found new global minimum on step 116 with function value 1.17037e+06
 Fit Status: False
 Force threshold: 0.4587
 Lowest RMSE: 1.2035
 Current RMSE: 1.3763
 Accepted count: 44
 Basinhop count: 0


adaptive stepsize: acceptance rate 0.367521 target 0.500000 new stepsize 4.42969e-06 old stepsize 4.92188e-06
basinhopping step 117: f 1.17037e+06 trial_f 1.17038e+06 accepted 0  lowest_f 1.17037e+06
 Fit Status: False
 Force threshold: 0.4587
 Lowest RMSE: 1.2035
 Current RMSE: 1.3763
 Accepted count: 44
 Basinhop count: 1


adaptive stepsize: acceptance rate 0.364407 target 0.500000 new stepsize 3.98672e-06 old stepsize 4.42969e-06
basinhopping step 118: f 1.17037e+06 trial_f 1.17037e+06 accepted 1  lowest_f 1.17037e+06
found new global minimum on step 118 with function value 1.17037e+06
 Fit Status: False
 Force threshold: 0.4587
 Lowest RMSE: 1.2035
 Current RMSE: 1.3763
 Accepted count: 45
 Basinhop count: 0


adaptive stepsize: acceptance rate 0.369748 target 0.500000 new stepsize 3.58805e-06 old stepsize 3.98672e-06
basinhopping step 119: f 1.17037e+06 trial_f 1.17037e+06 accepted 1  lowest_f 1.17037e+06
found new global minimum on step 119 with function value 1.17037e+06
 Fit Status: False
 Force threshold: 0.4587
 Lowest RMSE: 1.2035
 Current RMSE: 1.3763
 Accepted count: 46
 Basinhop count: 0


adaptive stepsize: acceptance rate 0.375000 target 0.500000 new stepsize 3.22925e-06 old stepsize 3.58805e-06
basinhopping step 120: f 1.17037e+06 trial_f 1.17037e+06 accepted 0  lowest_f 1.17037e+06
 Fit Status: False
 Force threshold: 0.4587
 Lowest RMSE: 1.2035
 Current RMSE: 1.3763
 Accepted count: 46
 Basinhop count: 1


adaptive stepsize: acceptance rate 0.371901 target 0.500000 new stepsize 2.90632e-06 old stepsize 3.22925e-06
basinhopping step 121: f 1.17036e+06 trial_f 1.17036e+06 accepted 1  lowest_f 1.17036e+06
found new global minimum on step 121 with function value 1.17036e+06
 Fit Status: False
 Force threshold: 0.4587
 Lowest RMSE: 1.2035
 Current RMSE: 1.3763
 Accepted count: 47
 Basinhop count: 0


adaptive stepsize: acceptance rate 0.377049 target 0.500000 new stepsize 2.61569e-06 old stepsize 2.90632e-06
basinhopping step 122: f 1.17036e+06 trial_f 1.17036e+06 accepted 1  lowest_f 1.17036e+06
found new global minimum on step 122 with function value 1.17036e+06
 Fit Status: False
 Force threshold: 0.4587
 Lowest RMSE: 1.2035
 Current RMSE: 1.3763
 Accepted count: 48
 Basinhop count: 0


adaptive stepsize: acceptance rate 0.382114 target 0.500000 new stepsize 2.35412e-06 old stepsize 2.61569e-06
basinhopping step 123: f 1.17036e+06 trial_f 1.17036e+06 accepted 1  lowest_f 1.17036e+06
found new global minimum on step 123 with function value 1.17036e+06
 Fit Status: False
 Force threshold: 0.4587
 Lowest RMSE: 1.2035
 Current RMSE: 1.3763
 Accepted count: 49
 Basinhop count: 0


adaptive stepsize: acceptance rate 0.387097 target 0.500000 new stepsize 2.11871e-06 old stepsize 2.35412e-06
basinhopping step 124: f 1.17036e+06 trial_f 1.17036e+06 accepted 1  lowest_f 1.17036e+06
found new global minimum on step 124 with function value 1.17036e+06
 Fit Status: False
 Force threshold: 0.4587
 Lowest RMSE: 1.2035
 Current RMSE: 1.3763
 Accepted count: 50
 Basinhop count: 0


adaptive stepsize: acceptance rate 0.392000 target 0.500000 new stepsize 1.90684e-06 old stepsize 2.11871e-06
basinhopping step 125: f 1.17036e+06 trial_f 1.17036e+06 accepted 1  lowest_f 1.17036e+06
 Fit Status: False
 Force threshold: 0.4587
 Lowest RMSE: 1.2035
 Current RMSE: 1.3763
 Accepted count: 51
 Basinhop count: 1


adaptive stepsize: acceptance rate 0.396825 target 0.500000 new stepsize 1.71615e-06 old stepsize 1.90684e-06
basinhopping step 126: f 1.17036e+06 trial_f 1.17036e+06 accepted 1  lowest_f 1.17036e+06
found new global minimum on step 126 with function value 1.17036e+06
 Fit Status: False
 Force threshold: 0.4587
 Lowest RMSE: 1.2035
 Current RMSE: 1.3763
 Accepted count: 52
 Basinhop count: 0


adaptive stepsize: acceptance rate 0.401575 target 0.500000 new stepsize 1.54454e-06 old stepsize 1.71615e-06
basinhopping step 127: f 1.17036e+06 trial_f 1.17036e+06 accepted 0  lowest_f 1.17036e+06
 Fit Status: False
 Force threshold: 0.4587
 Lowest RMSE: 1.2035
 Current RMSE: 1.3763
 Accepted count: 52
 Basinhop count: 1


adaptive stepsize: acceptance rate 0.398438 target 0.500000 new stepsize 1.39008e-06 old stepsize 1.54454e-06
basinhopping step 128: f 1.17036e+06 trial_f 1.17036e+06 accepted 1  lowest_f 1.17036e+06
 Fit Status: False
 Force threshold: 0.4587
 Lowest RMSE: 1.2035
 Current RMSE: 1.3763
 Accepted count: 53
 Basinhop count: 2


adaptive stepsize: acceptance rate 0.403101 target 0.500000 new stepsize 1.25108e-06 old stepsize 1.39008e-06
basinhopping step 129: f 1.17036e+06 trial_f 1.17036e+06 accepted 1  lowest_f 1.17036e+06
found new global minimum on step 129 with function value 1.17036e+06
 Fit Status: False
 Force threshold: 0.4587
 Lowest RMSE: 1.2035
 Current RMSE: 1.3763
 Accepted count: 54
 Basinhop count: 0


adaptive stepsize: acceptance rate 0.407692 target 0.500000 new stepsize 1.12597e-06 old stepsize 1.25108e-06
basinhopping step 130: f 1.17036e+06 trial_f 1.17036e+06 accepted 0  lowest_f 1.17036e+06
 Fit Status: False
 Force threshold: 0.4587
 Lowest RMSE: 1.2035
 Current RMSE: 1.3763
 Accepted count: 54
 Basinhop count: 1


adaptive stepsize: acceptance rate 0.404580 target 0.500000 new stepsize 1.01337e-06 old stepsize 1.12597e-06
basinhopping step 131: f 1.17035e+06 trial_f 1.17035e+06 accepted 1  lowest_f 1.17035e+06
found new global minimum on step 131 with function value 1.17035e+06
 Fit Status: False
 Force threshold: 0.4587
 Lowest RMSE: 1.2035
 Current RMSE: 1.3763
 Accepted count: 55
 Basinhop count: 0


adaptive stepsize: acceptance rate 0.409091 target 0.500000 new stepsize 9.12034e-07 old stepsize 1.01337e-06
basinhopping step 132: f 1.17035e+06 trial_f 1.17035e+06 accepted 1  lowest_f 1.17035e+06
found new global minimum on step 132 with function value 1.17035e+06
 Fit Status: False
 Force threshold: 0.4587
 Lowest RMSE: 1.2035
 Current RMSE: 1.3763
 Accepted count: 56
 Basinhop count: 0


adaptive stepsize: acceptance rate 0.413534 target 0.500000 new stepsize 8.20831e-07 old stepsize 9.12034e-07
basinhopping step 133: f 1.17035e+06 trial_f 1.17035e+06 accepted 1  lowest_f 1.17035e+06
found new global minimum on step 133 with function value 1.17035e+06
 Fit Status: False
 Force threshold: 0.4587
 Lowest RMSE: 1.2035
 Current RMSE: 1.3763
 Accepted count: 57
 Basinhop count: 0


adaptive stepsize: acceptance rate 0.417910 target 0.500000 new stepsize 7.38748e-07 old stepsize 8.20831e-07
basinhopping step 134: f 1.1703e+06 trial_f 1.1703e+06 accepted 1  lowest_f 1.1703e+06
found new global minimum on step 134 with function value 1.1703e+06
 Fit Status: False
 Force threshold: 0.4587
 Lowest RMSE: 1.2035
 Current RMSE: 1.3773
 Accepted count: 58
 Basinhop count: 0


adaptive stepsize: acceptance rate 0.422222 target 0.500000 new stepsize 6.64873e-07 old stepsize 7.38748e-07
basinhopping step 135: f 1.1703e+06 trial_f 1.1703e+06 accepted 1  lowest_f 1.1703e+06
found new global minimum on step 135 with function value 1.1703e+06
 Fit Status: False
 Force threshold: 0.4587
 Lowest RMSE: 1.2035
 Current RMSE: 1.3773
 Accepted count: 59
 Basinhop count: 0


adaptive stepsize: acceptance rate 0.426471 target 0.500000 new stepsize 5.98386e-07 old stepsize 6.64873e-07
basinhopping step 136: f 1.17025e+06 trial_f 1.17025e+06 accepted 1  lowest_f 1.17025e+06
found new global minimum on step 136 with function value 1.17025e+06
 Fit Status: False
 Force threshold: 0.4587
 Lowest RMSE: 1.2035
 Current RMSE: 1.3769
 Accepted count: 60
 Basinhop count: 0


adaptive stepsize: acceptance rate 0.430657 target 0.500000 new stepsize 5.38547e-07 old stepsize 5.98386e-07
basinhopping step 137: f 1.17022e+06 trial_f 1.17022e+06 accepted 1  lowest_f 1.17022e+06
found new global minimum on step 137 with function value 1.17022e+06
 Fit Status: False
 Force threshold: 0.4587
 Lowest RMSE: 1.2035
 Current RMSE: 1.3761
 Accepted count: 61
 Basinhop count: 0


adaptive stepsize: acceptance rate 0.434783 target 0.500000 new stepsize 4.84693e-07 old stepsize 5.38547e-07
basinhopping step 138: f 1.17022e+06 trial_f 1.17022e+06 accepted 1  lowest_f 1.17022e+06
 Fit Status: False
 Force threshold: 0.4587
 Lowest RMSE: 1.2035
 Current RMSE: 1.3761
 Accepted count: 62
 Basinhop count: 1


adaptive stepsize: acceptance rate 0.438849 target 0.500000 new stepsize 4.36223e-07 old stepsize 4.84693e-07
basinhopping step 139: f 1.17022e+06 trial_f 1.17022e+06 accepted 1  lowest_f 1.17022e+06
found new global minimum on step 139 with function value 1.17022e+06
 Fit Status: False
 Force threshold: 0.4587
 Lowest RMSE: 1.2035
 Current RMSE: 1.3761
 Accepted count: 63
 Basinhop count: 0


adaptive stepsize: acceptance rate 0.442857 target 0.500000 new stepsize 3.92601e-07 old stepsize 4.36223e-07
basinhopping step 140: f 1.17022e+06 trial_f 1.17022e+06 accepted 0  lowest_f 1.17022e+06
 Fit Status: False
 Force threshold: 0.4587
 Lowest RMSE: 1.2035
 Current RMSE: 1.3761
 Accepted count: 63
 Basinhop count: 1


adaptive stepsize: acceptance rate 0.439716 target 0.500000 new stepsize 3.53341e-07 old stepsize 3.92601e-07
basinhopping step 141: f 1.17016e+06 trial_f 1.17016e+06 accepted 1  lowest_f 1.17016e+06
found new global minimum on step 141 with function value 1.17016e+06
 Fit Status: False
 Force threshold: 0.4587
 Lowest RMSE: 1.2035
 Current RMSE: 1.3759
 Accepted count: 64
 Basinhop count: 0


adaptive stepsize: acceptance rate 0.443662 target 0.500000 new stepsize 3.18007e-07 old stepsize 3.53341e-07
basinhopping step 142: f 1.17016e+06 trial_f 1.17016e+06 accepted 0  lowest_f 1.17016e+06
 Fit Status: False
 Force threshold: 0.4587
 Lowest RMSE: 1.2035
 Current RMSE: 1.3759
 Accepted count: 64
 Basinhop count: 1


adaptive stepsize: acceptance rate 0.440559 target 0.500000 new stepsize 2.86206e-07 old stepsize 3.18007e-07
basinhopping step 143: f 1.17016e+06 trial_f 1.17016e+06 accepted 1  lowest_f 1.17016e+06
 Fit Status: False
 Force threshold: 0.4587
 Lowest RMSE: 1.2035
 Current RMSE: 1.3759
 Accepted count: 65
 Basinhop count: 2


adaptive stepsize: acceptance rate 0.444444 target 0.500000 new stepsize 2.57585e-07 old stepsize 2.86206e-07
basinhopping step 144: f 1.17016e+06 trial_f 1.17016e+06 accepted 1  lowest_f 1.17016e+06
 Fit Status: False
 Force threshold: 0.4587
 Lowest RMSE: 1.2035
 Current RMSE: 1.3759
 Accepted count: 66
 Basinhop count: 3


adaptive stepsize: acceptance rate 0.448276 target 0.500000 new stepsize 2.31827e-07 old stepsize 2.57585e-07
basinhopping step 145: f 1.17016e+06 trial_f 1.17016e+06 accepted 0  lowest_f 1.17016e+06
 Fit Status: False
 Force threshold: 0.4587
 Lowest RMSE: 1.2035
 Current RMSE: 1.3759
 Accepted count: 66
 Basinhop count: 4


adaptive stepsize: acceptance rate 0.445205 target 0.500000 new stepsize 2.08644e-07 old stepsize 2.31827e-07
basinhopping step 146: f 1.17016e+06 trial_f 1.17016e+06 accepted 0  lowest_f 1.17016e+06
 Fit Status: False
 Force threshold: 0.4587
 Lowest RMSE: 1.2035
 Current RMSE: 1.3759
 Accepted count: 66
 Basinhop count: 5


adaptive stepsize: acceptance rate 0.442177 target 0.500000 new stepsize 1.8778e-07 old stepsize 2.08644e-07
basinhopping step 147: f 1.17016e+06 trial_f 1.17016e+06 accepted 1  lowest_f 1.17016e+06
 Fit Status: False
 Force threshold: 0.4587
 Lowest RMSE: 1.2035
 Current RMSE: 1.3759
 Accepted count: 67
 Basinhop count: 6


adaptive stepsize: acceptance rate 0.445946 target 0.500000 new stepsize 1.69002e-07 old stepsize 1.8778e-07
basinhopping step 148: f 1.17016e+06 trial_f 1.17016e+06 accepted 1  lowest_f 1.17016e+06
 Fit Status: False
 Force threshold: 0.4587
 Lowest RMSE: 1.2035
 Current RMSE: 1.3759
 Accepted count: 68
 Basinhop count: 7


adaptive stepsize: acceptance rate 0.449664 target 0.500000 new stepsize 1.52102e-07 old stepsize 1.69002e-07
basinhopping step 149: f 1.17016e+06 trial_f 1.17016e+06 accepted 1  lowest_f 1.17016e+06
 Fit Status: False
 Force threshold: 0.4587
 Lowest RMSE: 1.2035
 Current RMSE: 1.3759
 Accepted count: 69
 Basinhop count: 8


adaptive stepsize: acceptance rate 0.453333 target 0.500000 new stepsize 1.36891e-07 old stepsize 1.52102e-07
basinhopping step 150: f 1.17016e+06 trial_f 1.17016e+06 accepted 1  lowest_f 1.17016e+06
 Fit Status: False
 Force threshold: 0.4587
 Lowest RMSE: 1.2035
 Current RMSE: 1.3759
 Accepted count: 70
 Basinhop count: 9


adaptive stepsize: acceptance rate 0.456954 target 0.500000 new stepsize 1.23202e-07 old stepsize 1.36891e-07
basinhopping step 151: f 1.16981e+06 trial_f 1.16981e+06 accepted 1  lowest_f 1.16981e+06
found new global minimum on step 151 with function value 1.16981e+06
 Fit Status: False
 Force threshold: 0.4587
 Lowest RMSE: 1.2035
 Current RMSE: 1.3763
 Accepted count: 71
 Basinhop count: 0


adaptive stepsize: acceptance rate 0.460526 target 0.500000 new stepsize 1.10882e-07 old stepsize 1.23202e-07
basinhopping step 152: f 1.16981e+06 trial_f 1.16981e+06 accepted 1  lowest_f 1.16981e+06
 Fit Status: False
 Force threshold: 0.4587
 Lowest RMSE: 1.2035
 Current RMSE: 1.3763
 Accepted count: 72
 Basinhop count: 1


adaptive stepsize: acceptance rate 0.464052 target 0.500000 new stepsize 9.97939e-08 old stepsize 1.10882e-07
basinhopping step 153: f 1.16981e+06 trial_f 1.16981e+06 accepted 1  lowest_f 1.16981e+06
found new global minimum on step 153 with function value 1.16981e+06
 Fit Status: False
 Force threshold: 0.4587
 Lowest RMSE: 1.2035
 Current RMSE: 1.3763
 Accepted count: 73
 Basinhop count: 0


adaptive stepsize: acceptance rate 0.467532 target 0.500000 new stepsize 8.98145e-08 old stepsize 9.97939e-08
basinhopping step 154: f 1.1698e+06 trial_f 1.1698e+06 accepted 1  lowest_f 1.1698e+06
found new global minimum on step 154 with function value 1.1698e+06
 Fit Status: False
 Force threshold: 0.4587
 Lowest RMSE: 1.2035
 Current RMSE: 1.3762
 Accepted count: 74
 Basinhop count: 0


adaptive stepsize: acceptance rate 0.470968 target 0.500000 new stepsize 8.0833e-08 old stepsize 8.98145e-08
basinhopping step 155: f 1.1698e+06 trial_f 1.1698e+06 accepted 1  lowest_f 1.1698e+06
 Fit Status: False
 Force threshold: 0.4587
 Lowest RMSE: 1.2035
 Current RMSE: 1.3762
 Accepted count: 75
 Basinhop count: 1


adaptive stepsize: acceptance rate 0.474359 target 0.500000 new stepsize 7.27497e-08 old stepsize 8.0833e-08
basinhopping step 156: f 1.1698e+06 trial_f 1.1698e+06 accepted 1  lowest_f 1.1698e+06
 Fit Status: False
 Force threshold: 0.4587
 Lowest RMSE: 1.2035
 Current RMSE: 1.3762
 Accepted count: 76
 Basinhop count: 2


adaptive stepsize: acceptance rate 0.477707 target 0.500000 new stepsize 6.54748e-08 old stepsize 7.27497e-08
basinhopping step 157: f 1.1698e+06 trial_f 1.1698e+06 accepted 1  lowest_f 1.1698e+06
 Fit Status: False
 Force threshold: 0.4587
 Lowest RMSE: 1.2035
 Current RMSE: 1.3762
 Accepted count: 77
 Basinhop count: 3


adaptive stepsize: acceptance rate 0.481013 target 0.500000 new stepsize 5.89273e-08 old stepsize 6.54748e-08
basinhopping step 158: f 1.1698e+06 trial_f 1.1698e+06 accepted 1  lowest_f 1.1698e+06
found new global minimum on step 158 with function value 1.1698e+06
 Fit Status: False
 Force threshold: 0.4587
 Lowest RMSE: 1.2035
 Current RMSE: 1.3762
 Accepted count: 78
 Basinhop count: 0


adaptive stepsize: acceptance rate 0.484277 target 0.500000 new stepsize 5.30346e-08 old stepsize 5.89273e-08
basinhopping step 159: f 1.1698e+06 trial_f 1.1698e+06 accepted 1  lowest_f 1.1698e+06
found new global minimum on step 159 with function value 1.1698e+06
 Fit Status: False
 Force threshold: 0.4587
 Lowest RMSE: 1.2035
 Current RMSE: 1.3762
 Accepted count: 79
 Basinhop count: 0


adaptive stepsize: acceptance rate 0.487500 target 0.500000 new stepsize 4.77311e-08 old stepsize 5.30346e-08
basinhopping step 160: f 1.16971e+06 trial_f 1.16971e+06 accepted 1  lowest_f 1.16971e+06
found new global minimum on step 160 with function value 1.16971e+06
 Fit Status: False
 Force threshold: 0.4587
 Lowest RMSE: 1.2035
 Current RMSE: 1.3772
 Accepted count: 80
 Basinhop count: 0


adaptive stepsize: acceptance rate 0.490683 target 0.500000 new stepsize 4.2958e-08 old stepsize 4.77311e-08
basinhopping step 161: f 1.16966e+06 trial_f 1.16966e+06 accepted 1  lowest_f 1.16966e+06
found new global minimum on step 161 with function value 1.16966e+06
 Fit Status: False
 Force threshold: 0.4587
 Lowest RMSE: 1.2035
 Current RMSE: 1.3764
 Accepted count: 81
 Basinhop count: 0


adaptive stepsize: acceptance rate 0.493827 target 0.500000 new stepsize 3.86622e-08 old stepsize 4.2958e-08
basinhopping step 162: f 1.16966e+06 trial_f 1.16966e+06 accepted 1  lowest_f 1.16966e+06
 Fit Status: False
 Force threshold: 0.4587
 Lowest RMSE: 1.2035
 Current RMSE: 1.3764
 Accepted count: 82
 Basinhop count: 1


adaptive stepsize: acceptance rate 0.496933 target 0.500000 new stepsize 3.4796e-08 old stepsize 3.86622e-08
basinhopping step 163: f 1.16966e+06 trial_f 1.16966e+06 accepted 1  lowest_f 1.16966e+06
 Fit Status: False
 Force threshold: 0.4587
 Lowest RMSE: 1.2035
 Current RMSE: 1.3764
 Accepted count: 83
 Basinhop count: 2


adaptive stepsize: acceptance rate 0.500000 target 0.500000 new stepsize 3.13164e-08 old stepsize 3.4796e-08
basinhopping step 164: f 1.16966e+06 trial_f 1.16966e+06 accepted 1  lowest_f 1.16966e+06
 Fit Status: False
 Force threshold: 0.4587
 Lowest RMSE: 1.2035
 Current RMSE: 1.3764
 Accepted count: 84
 Basinhop count: 3


adaptive stepsize: acceptance rate 0.503030 target 0.500000 new stepsize 3.4796e-08 old stepsize 3.13164e-08
basinhopping step 165: f 1.16966e+06 trial_f 1.16966e+06 accepted 1  lowest_f 1.16966e+06
found new global minimum on step 165 with function value 1.16966e+06
 Fit Status: False
 Force threshold: 0.4587
 Lowest RMSE: 1.2035
 Current RMSE: 1.3764
 Accepted count: 85
 Basinhop count: 0


adaptive stepsize: acceptance rate 0.506024 target 0.500000 new stepsize 3.86622e-08 old stepsize 3.4796e-08
basinhopping step 166: f 1.16966e+06 trial_f 1.16966e+06 accepted 1  lowest_f 1.16966e+06
 Fit Status: False
 Force threshold: 0.4587
 Lowest RMSE: 1.2035
 Current RMSE: 1.3764
 Accepted count: 86
 Basinhop count: 1


adaptive stepsize: acceptance rate 0.508982 target 0.500000 new stepsize 4.2958e-08 old stepsize 3.86622e-08
basinhopping step 167: f 1.16881e+06 trial_f 1.16881e+06 accepted 1  lowest_f 1.16881e+06
found new global minimum on step 167 with function value 1.16881e+06
 Fit Status: False
 Force threshold: 0.4587
 Lowest RMSE: 1.2035
 Current RMSE: 1.3754
 Accepted count: 87
 Basinhop count: 0


adaptive stepsize: acceptance rate 0.511905 target 0.500000 new stepsize 4.77311e-08 old stepsize 4.2958e-08
basinhopping step 168: f 1.16877e+06 trial_f 1.16877e+06 accepted 1  lowest_f 1.16877e+06
found new global minimum on step 168 with function value 1.16877e+06
 Fit Status: False
 Force threshold: 0.4587
 Lowest RMSE: 1.2035
 Current RMSE: 1.3755
 Accepted count: 88
 Basinhop count: 0


adaptive stepsize: acceptance rate 0.514793 target 0.500000 new stepsize 5.30346e-08 old stepsize 4.77311e-08
basinhopping step 169: f 1.16877e+06 trial_f 1.16877e+06 accepted 1  lowest_f 1.16877e+06
found new global minimum on step 169 with function value 1.16877e+06
 Fit Status: False
 Force threshold: 0.4587
 Lowest RMSE: 1.2035
 Current RMSE: 1.3755
 Accepted count: 89
 Basinhop count: 0


adaptive stepsize: acceptance rate 0.517647 target 0.500000 new stepsize 5.89273e-08 old stepsize 5.30346e-08
basinhopping step 170: f 1.16877e+06 trial_f 1.16877e+06 accepted 1  lowest_f 1.16877e+06
 Fit Status: False
 Force threshold: 0.4587
 Lowest RMSE: 1.2035
 Current RMSE: 1.3755
 Accepted count: 90
 Basinhop count: 1


adaptive stepsize: acceptance rate 0.520468 target 0.500000 new stepsize 6.54748e-08 old stepsize 5.89273e-08
basinhopping step 171: f 1.16877e+06 trial_f 1.16877e+06 accepted 1  lowest_f 1.16877e+06
 Fit Status: False
 Force threshold: 0.4587
 Lowest RMSE: 1.2035
 Current RMSE: 1.3755
 Accepted count: 91
 Basinhop count: 2


adaptive stepsize: acceptance rate 0.523256 target 0.500000 new stepsize 7.27497e-08 old stepsize 6.54748e-08
basinhopping step 172: f 1.16877e+06 trial_f 1.16877e+06 accepted 1  lowest_f 1.16877e+06
 Fit Status: False
 Force threshold: 0.4587
 Lowest RMSE: 1.2035
 Current RMSE: 1.3755
 Accepted count: 92
 Basinhop count: 3


adaptive stepsize: acceptance rate 0.526012 target 0.500000 new stepsize 8.0833e-08 old stepsize 7.27497e-08
basinhopping step 173: f 1.16877e+06 trial_f 1.16877e+06 accepted 1  lowest_f 1.16877e+06
found new global minimum on step 173 with function value 1.16877e+06
 Fit Status: False
 Force threshold: 0.4587
 Lowest RMSE: 1.2035
 Current RMSE: 1.3755
 Accepted count: 93
 Basinhop count: 0


adaptive stepsize: acceptance rate 0.528736 target 0.500000 new stepsize 8.98145e-08 old stepsize 8.0833e-08
basinhopping step 174: f 1.16877e+06 trial_f 1.16877e+06 accepted 1  lowest_f 1.16877e+06
found new global minimum on step 174 with function value 1.16877e+06
 Fit Status: False
 Force threshold: 0.4587
 Lowest RMSE: 1.2035
 Current RMSE: 1.3755
 Accepted count: 94
 Basinhop count: 0


adaptive stepsize: acceptance rate 0.531429 target 0.500000 new stepsize 9.97939e-08 old stepsize 8.98145e-08
basinhopping step 175: f 1.16873e+06 trial_f 1.16873e+06 accepted 1  lowest_f 1.16873e+06
found new global minimum on step 175 with function value 1.16873e+06
 Fit Status: False
 Force threshold: 0.4587
 Lowest RMSE: 1.2035
 Current RMSE: 1.3753
 Accepted count: 95
 Basinhop count: 0


adaptive stepsize: acceptance rate 0.534091 target 0.500000 new stepsize 1.10882e-07 old stepsize 9.97939e-08
basinhopping step 176: f 1.16873e+06 trial_f 1.16873e+06 accepted 1  lowest_f 1.16873e+06
found new global minimum on step 176 with function value 1.16873e+06
 Fit Status: False
 Force threshold: 0.4587
 Lowest RMSE: 1.2035
 Current RMSE: 1.3753
 Accepted count: 96
 Basinhop count: 0


adaptive stepsize: acceptance rate 0.536723 target 0.500000 new stepsize 1.23202e-07 old stepsize 1.10882e-07
basinhopping step 177: f 1.16873e+06 trial_f 1.16873e+06 accepted 1  lowest_f 1.16873e+06
 Fit Status: False
 Force threshold: 0.4587
 Lowest RMSE: 1.2035
 Current RMSE: 1.3753
 Accepted count: 97
 Basinhop count: 1


adaptive stepsize: acceptance rate 0.539326 target 0.500000 new stepsize 1.36891e-07 old stepsize 1.23202e-07
basinhopping step 178: f 1.16873e+06 trial_f 1.16873e+06 accepted 1  lowest_f 1.16873e+06
 Fit Status: False
 Force threshold: 0.4587
 Lowest RMSE: 1.2035
 Current RMSE: 1.3753
 Accepted count: 98
 Basinhop count: 2


adaptive stepsize: acceptance rate 0.541899 target 0.500000 new stepsize 1.52102e-07 old stepsize 1.36891e-07
basinhopping step 179: f 1.16873e+06 trial_f 1.16873e+06 accepted 1  lowest_f 1.16873e+06
 Fit Status: False
 Force threshold: 0.4587
 Lowest RMSE: 1.2035
 Current RMSE: 1.3753
 Accepted count: 99
 Basinhop count: 3


adaptive stepsize: acceptance rate 0.544444 target 0.500000 new stepsize 1.69002e-07 old stepsize 1.52102e-07
basinhopping step 180: f 1.16873e+06 trial_f 1.16873e+06 accepted 1  lowest_f 1.16873e+06
 Fit Status: False
 Force threshold: 0.4587
 Lowest RMSE: 1.2035
 Current RMSE: 1.3753
 Accepted count: 100
 Basinhop count: 4


adaptive stepsize: acceptance rate 0.546961 target 0.500000 new stepsize 1.8778e-07 old stepsize 1.69002e-07
basinhopping step 181: f 1.16873e+06 trial_f 1.16873e+06 accepted 1  lowest_f 1.16873e+06
 Fit Status: False
 Force threshold: 0.4587
 Lowest RMSE: 1.2035
 Current RMSE: 1.3753
 Accepted count: 101
 Basinhop count: 5


adaptive stepsize: acceptance rate 0.549451 target 0.500000 new stepsize 2.08644e-07 old stepsize 1.8778e-07
basinhopping step 182: f 1.16864e+06 trial_f 1.16864e+06 accepted 1  lowest_f 1.16864e+06
found new global minimum on step 182 with function value 1.16864e+06
 Fit Status: False
 Force threshold: 0.4587
 Lowest RMSE: 1.2035
 Current RMSE: 1.3764
 Accepted count: 102
 Basinhop count: 0


adaptive stepsize: acceptance rate 0.551913 target 0.500000 new stepsize 2.31827e-07 old stepsize 2.08644e-07
basinhopping step 183: f 1.16864e+06 trial_f 1.16864e+06 accepted 1  lowest_f 1.16864e+06
found new global minimum on step 183 with function value 1.16864e+06
 Fit Status: False
 Force threshold: 0.4587
 Lowest RMSE: 1.2035
 Current RMSE: 1.3764
 Accepted count: 103
 Basinhop count: 0


adaptive stepsize: acceptance rate 0.554348 target 0.500000 new stepsize 2.57585e-07 old stepsize 2.31827e-07
basinhopping step 184: f 1.16864e+06 trial_f 1.16864e+06 accepted 1  lowest_f 1.16864e+06
found new global minimum on step 184 with function value 1.16864e+06
 Fit Status: False
 Force threshold: 0.4587
 Lowest RMSE: 1.2035
 Current RMSE: 1.3764
 Accepted count: 104
 Basinhop count: 0


adaptive stepsize: acceptance rate 0.556757 target 0.500000 new stepsize 2.86206e-07 old stepsize 2.57585e-07
basinhopping step 185: f 1.16799e+06 trial_f 1.16799e+06 accepted 1  lowest_f 1.16799e+06
found new global minimum on step 185 with function value 1.16799e+06
 Fit Status: False
 Force threshold: 0.4587
 Lowest RMSE: 1.2035
 Current RMSE: 1.3739
 Accepted count: 105
 Basinhop count: 0


adaptive stepsize: acceptance rate 0.559140 target 0.500000 new stepsize 3.18007e-07 old stepsize 2.86206e-07
basinhopping step 186: f 1.16799e+06 trial_f 1.16799e+06 accepted 1  lowest_f 1.16799e+06
 Fit Status: False
 Force threshold: 0.4587
 Lowest RMSE: 1.2035
 Current RMSE: 1.3739
 Accepted count: 106
 Basinhop count: 1


adaptive stepsize: acceptance rate 0.561497 target 0.500000 new stepsize 3.53341e-07 old stepsize 3.18007e-07
basinhopping step 187: f 1.16799e+06 trial_f 1.16799e+06 accepted 0  lowest_f 1.16799e+06
 Fit Status: False
 Force threshold: 0.4587
 Lowest RMSE: 1.2035
 Current RMSE: 1.3739
 Accepted count: 106
 Basinhop count: 2


adaptive stepsize: acceptance rate 0.558511 target 0.500000 new stepsize 3.92601e-07 old stepsize 3.53341e-07
basinhopping step 188: f 1.16747e+06 trial_f 1.16747e+06 accepted 1  lowest_f 1.16747e+06
found new global minimum on step 188 with function value 1.16747e+06
 Fit Status: False
 Force threshold: 0.4587
 Lowest RMSE: 1.2035
 Current RMSE: 1.3752
 Accepted count: 107
 Basinhop count: 0


adaptive stepsize: acceptance rate 0.560847 target 0.500000 new stepsize 4.36223e-07 old stepsize 3.92601e-07
basinhopping step 189: f 1.16741e+06 trial_f 1.16741e+06 accepted 1  lowest_f 1.16741e+06
found new global minimum on step 189 with function value 1.16741e+06
 Fit Status: False
 Force threshold: 0.4587
 Lowest RMSE: 1.2035
 Current RMSE: 1.3752
 Accepted count: 108
 Basinhop count: 0


adaptive stepsize: acceptance rate 0.563158 target 0.500000 new stepsize 4.84693e-07 old stepsize 4.36223e-07
basinhopping step 190: f 1.16741e+06 trial_f 1.16741e+06 accepted 1  lowest_f 1.16741e+06
found new global minimum on step 190 with function value 1.16741e+06
 Fit Status: False
 Force threshold: 0.4587
 Lowest RMSE: 1.2035
 Current RMSE: 1.3752
 Accepted count: 109
 Basinhop count: 0


adaptive stepsize: acceptance rate 0.565445 target 0.500000 new stepsize 5.38547e-07 old stepsize 4.84693e-07
basinhopping step 191: f 1.16733e+06 trial_f 1.16733e+06 accepted 1  lowest_f 1.16733e+06
found new global minimum on step 191 with function value 1.16733e+06
 Fit Status: False
 Force threshold: 0.4587
 Lowest RMSE: 1.2035
 Current RMSE: 1.3748
 Accepted count: 110
 Basinhop count: 0


adaptive stepsize: acceptance rate 0.567708 target 0.500000 new stepsize 5.98386e-07 old stepsize 5.38547e-07
basinhopping step 192: f 1.16733e+06 trial_f 1.16733e+06 accepted 1  lowest_f 1.16733e+06
found new global minimum on step 192 with function value 1.16733e+06
 Fit Status: False
 Force threshold: 0.4587
 Lowest RMSE: 1.2035
 Current RMSE: 1.3748
 Accepted count: 111
 Basinhop count: 0


adaptive stepsize: acceptance rate 0.569948 target 0.500000 new stepsize 6.64873e-07 old stepsize 5.98386e-07
basinhopping step 193: f 1.16722e+06 trial_f 1.16722e+06 accepted 1  lowest_f 1.16722e+06
found new global minimum on step 193 with function value 1.16722e+06
 Fit Status: False
 Force threshold: 0.4587
 Lowest RMSE: 1.2035
 Current RMSE: 1.3751
 Accepted count: 112
 Basinhop count: 0


adaptive stepsize: acceptance rate 0.572165 target 0.500000 new stepsize 7.38748e-07 old stepsize 6.64873e-07
basinhopping step 194: f 1.16722e+06 trial_f 1.16722e+06 accepted 1  lowest_f 1.16722e+06
found new global minimum on step 194 with function value 1.16722e+06
 Fit Status: False
 Force threshold: 0.4587
 Lowest RMSE: 1.2035
 Current RMSE: 1.3751
 Accepted count: 113
 Basinhop count: 0


adaptive stepsize: acceptance rate 0.574359 target 0.500000 new stepsize 8.20831e-07 old stepsize 7.38748e-07
basinhopping step 195: f 1.16722e+06 trial_f 1.16722e+06 accepted 1  lowest_f 1.16722e+06
found new global minimum on step 195 with function value 1.16722e+06
 Fit Status: False
 Force threshold: 0.4587
 Lowest RMSE: 1.2035
 Current RMSE: 1.3751
 Accepted count: 114
 Basinhop count: 0


adaptive stepsize: acceptance rate 0.576531 target 0.500000 new stepsize 9.12034e-07 old stepsize 8.20831e-07
basinhopping step 196: f 1.16714e+06 trial_f 1.16714e+06 accepted 1  lowest_f 1.16714e+06
found new global minimum on step 196 with function value 1.16714e+06
 Fit Status: False
 Force threshold: 0.4587
 Lowest RMSE: 1.2035
 Current RMSE: 1.3747
 Accepted count: 115
 Basinhop count: 0


adaptive stepsize: acceptance rate 0.578680 target 0.500000 new stepsize 1.01337e-06 old stepsize 9.12034e-07
basinhopping step 197: f 1.16714e+06 trial_f 1.16714e+06 accepted 1  lowest_f 1.16714e+06
found new global minimum on step 197 with function value 1.16714e+06
 Fit Status: False
 Force threshold: 0.4587
 Lowest RMSE: 1.2035
 Current RMSE: 1.3747
 Accepted count: 116
 Basinhop count: 0


adaptive stepsize: acceptance rate 0.580808 target 0.500000 new stepsize 1.12597e-06 old stepsize 1.01337e-06
basinhopping step 198: f 1.16714e+06 trial_f 1.16714e+06 accepted 1  lowest_f 1.16714e+06
 Fit Status: False
 Force threshold: 0.4587
 Lowest RMSE: 1.2035
 Current RMSE: 1.3747
 Accepted count: 117
 Basinhop count: 1


adaptive stepsize: acceptance rate 0.582915 target 0.500000 new stepsize 1.25108e-06 old stepsize 1.12597e-06
basinhopping step 199: f 1.16668e+06 trial_f 1.16668e+06 accepted 1  lowest_f 1.16668e+06
found new global minimum on step 199 with function value 1.16668e+06
 Fit Status: False
 Force threshold: 0.4587
 Lowest RMSE: 1.2035
 Current RMSE: 1.3745
 Accepted count: 118
 Basinhop count: 0


adaptive stepsize: acceptance rate 0.585000 target 0.500000 new stepsize 1.39008e-06 old stepsize 1.25108e-06
basinhopping step 200: f 1.16668e+06 trial_f 1.16669e+06 accepted 0  lowest_f 1.16668e+06
 Fit Status: False
 Force threshold: 0.4587
 Lowest RMSE: 1.2035
 Current RMSE: 1.3745
 Accepted count: 118
 Basinhop count: 1


adaptive stepsize: acceptance rate 0.582090 target 0.500000 new stepsize 1.54454e-06 old stepsize 1.39008e-06
basinhopping step 201: f 1.16669e+06 trial_f 1.16669e+06 accepted 1  lowest_f 1.16668e+06
 Fit Status: False
 Force threshold: 0.4587
 Lowest RMSE: 1.2035
 Current RMSE: 1.3745
 Accepted count: 119
 Basinhop count: 2


adaptive stepsize: acceptance rate 0.584158 target 0.500000 new stepsize 1.71615e-06 old stepsize 1.54454e-06
basinhopping step 202: f 1.16669e+06 trial_f 1.16669e+06 accepted 0  lowest_f 1.16668e+06
 Fit Status: False
 Force threshold: 0.4587
 Lowest RMSE: 1.2035
 Current RMSE: 1.3745
 Accepted count: 119
 Basinhop count: 3


adaptive stepsize: acceptance rate 0.581281 target 0.500000 new stepsize 1.90684e-06 old stepsize 1.71615e-06
basinhopping step 203: f 1.16663e+06 trial_f 1.16663e+06 accepted 1  lowest_f 1.16663e+06
found new global minimum on step 203 with function value 1.16663e+06
 Fit Status: False
 Force threshold: 0.4587
 Lowest RMSE: 1.2035
 Current RMSE: 1.3750
 Accepted count: 120
 Basinhop count: 0


adaptive stepsize: acceptance rate 0.583333 target 0.500000 new stepsize 2.11871e-06 old stepsize 1.90684e-06
basinhopping step 204: f 1.16663e+06 trial_f 1.16663e+06 accepted 0  lowest_f 1.16663e+06
 Fit Status: False
 Force threshold: 0.4587
 Lowest RMSE: 1.2035
 Current RMSE: 1.3750
 Accepted count: 120
 Basinhop count: 1


adaptive stepsize: acceptance rate 0.580488 target 0.500000 new stepsize 2.35412e-06 old stepsize 2.11871e-06
basinhopping step 205: f 1.16616e+06 trial_f 1.16616e+06 accepted 1  lowest_f 1.16616e+06
found new global minimum on step 205 with function value 1.16616e+06
 Fit Status: False
 Force threshold: 0.4587
 Lowest RMSE: 1.2035
 Current RMSE: 1.3741
 Accepted count: 121
 Basinhop count: 0


adaptive stepsize: acceptance rate 0.582524 target 0.500000 new stepsize 2.61569e-06 old stepsize 2.35412e-06
basinhopping step 206: f 1.16602e+06 trial_f 1.16602e+06 accepted 1  lowest_f 1.16602e+06
found new global minimum on step 206 with function value 1.16602e+06
 Fit Status: False
 Force threshold: 0.4587
 Lowest RMSE: 1.2035
 Current RMSE: 1.3751
 Accepted count: 122
 Basinhop count: 0


adaptive stepsize: acceptance rate 0.584541 target 0.500000 new stepsize 2.90632e-06 old stepsize 2.61569e-06
basinhopping step 207: f 1.16602e+06 trial_f 1.16602e+06 accepted 1  lowest_f 1.16602e+06
found new global minimum on step 207 with function value 1.16602e+06
 Fit Status: False
 Force threshold: 0.4587
 Lowest RMSE: 1.2035
 Current RMSE: 1.3751
 Accepted count: 123
 Basinhop count: 0


adaptive stepsize: acceptance rate 0.586538 target 0.500000 new stepsize 3.22925e-06 old stepsize 2.90632e-06
basinhopping step 208: f 1.16602e+06 trial_f 1.16602e+06 accepted 0  lowest_f 1.16602e+06
 Fit Status: False
 Force threshold: 0.4587
 Lowest RMSE: 1.2035
 Current RMSE: 1.3751
 Accepted count: 123
 Basinhop count: 1


adaptive stepsize: acceptance rate 0.583732 target 0.500000 new stepsize 3.58805e-06 old stepsize 3.22925e-06
basinhopping step 209: f 1.16602e+06 trial_f 1.16602e+06 accepted 0  lowest_f 1.16602e+06
 Fit Status: False
 Force threshold: 0.4587
 Lowest RMSE: 1.2035
 Current RMSE: 1.3751
 Accepted count: 123
 Basinhop count: 2


adaptive stepsize: acceptance rate 0.580952 target 0.500000 new stepsize 3.98672e-06 old stepsize 3.58805e-06
basinhopping step 210: f 1.1659e+06 trial_f 1.1659e+06 accepted 1  lowest_f 1.1659e+06
found new global minimum on step 210 with function value 1.1659e+06
 Fit Status: False
 Force threshold: 0.4587
 Lowest RMSE: 1.2035
 Current RMSE: 1.3734
 Accepted count: 124
 Basinhop count: 0


adaptive stepsize: acceptance rate 0.582938 target 0.500000 new stepsize 4.42969e-06 old stepsize 3.98672e-06
basinhopping step 211: f 1.1659e+06 trial_f 1.16591e+06 accepted 0  lowest_f 1.1659e+06
 Fit Status: False
 Force threshold: 0.4587
 Lowest RMSE: 1.2035
 Current RMSE: 1.3734
 Accepted count: 124
 Basinhop count: 1


adaptive stepsize: acceptance rate 0.580189 target 0.500000 new stepsize 4.92188e-06 old stepsize 4.42969e-06
basinhopping step 212: f 1.16571e+06 trial_f 1.16571e+06 accepted 1  lowest_f 1.16571e+06
found new global minimum on step 212 with function value 1.16571e+06
 Fit Status: False
 Force threshold: 0.4587
 Lowest RMSE: 1.2035
 Current RMSE: 1.3745
 Accepted count: 125
 Basinhop count: 0


adaptive stepsize: acceptance rate 0.582160 target 0.500000 new stepsize 5.46876e-06 old stepsize 4.92188e-06
basinhopping step 213: f 1.16523e+06 trial_f 1.16523e+06 accepted 1  lowest_f 1.16523e+06
found new global minimum on step 213 with function value 1.16523e+06
 Fit Status: False
 Force threshold: 0.4587
 Lowest RMSE: 1.2035
 Current RMSE: 1.3741
 Accepted count: 126
 Basinhop count: 0


adaptive stepsize: acceptance rate 0.584112 target 0.500000 new stepsize 6.0764e-06 old stepsize 5.46876e-06
basinhopping step 214: f 1.16517e+06 trial_f 1.16517e+06 accepted 1  lowest_f 1.16517e+06
found new global minimum on step 214 with function value 1.16517e+06
 Fit Status: False
 Force threshold: 0.4587
 Lowest RMSE: 1.2035
 Current RMSE: 1.3735
 Accepted count: 127
 Basinhop count: 0


adaptive stepsize: acceptance rate 0.586047 target 0.500000 new stepsize 6.75155e-06 old stepsize 6.0764e-06
basinhopping step 215: f 1.16512e+06 trial_f 1.16512e+06 accepted 1  lowest_f 1.16512e+06
found new global minimum on step 215 with function value 1.16512e+06
 Fit Status: False
 Force threshold: 0.4587
 Lowest RMSE: 1.2035
 Current RMSE: 1.3736
 Accepted count: 128
 Basinhop count: 0


adaptive stepsize: acceptance rate 0.587963 target 0.500000 new stepsize 7.50172e-06 old stepsize 6.75155e-06
basinhopping step 216: f 1.16512e+06 trial_f 1.16512e+06 accepted 1  lowest_f 1.16512e+06
found new global minimum on step 216 with function value 1.16512e+06
 Fit Status: False
 Force threshold: 0.4587
 Lowest RMSE: 1.2035
 Current RMSE: 1.3736
 Accepted count: 129
 Basinhop count: 0


adaptive stepsize: acceptance rate 0.589862 target 0.500000 new stepsize 8.33525e-06 old stepsize 7.50172e-06
basinhopping step 217: f 1.16512e+06 trial_f 1.16512e+06 accepted 0  lowest_f 1.16512e+06
 Fit Status: False
 Force threshold: 0.4587
 Lowest RMSE: 1.2035
 Current RMSE: 1.3736
 Accepted count: 129
 Basinhop count: 1


adaptive stepsize: acceptance rate 0.587156 target 0.500000 new stepsize 9.26139e-06 old stepsize 8.33525e-06
basinhopping step 218: f 1.16511e+06 trial_f 1.16511e+06 accepted 1  lowest_f 1.16511e+06
found new global minimum on step 218 with function value 1.16511e+06
 Fit Status: False
 Force threshold: 0.4587
 Lowest RMSE: 1.2035
 Current RMSE: 1.3736
 Accepted count: 130
 Basinhop count: 0


adaptive stepsize: acceptance rate 0.589041 target 0.500000 new stepsize 1.02904e-05 old stepsize 9.26139e-06
basinhopping step 219: f 1.16509e+06 trial_f 1.16509e+06 accepted 1  lowest_f 1.16509e+06
found new global minimum on step 219 with function value 1.16509e+06
 Fit Status: False
 Force threshold: 0.4587
 Lowest RMSE: 1.2035
 Current RMSE: 1.3736
 Accepted count: 131
 Basinhop count: 0


adaptive stepsize: acceptance rate 0.590909 target 0.500000 new stepsize 1.14338e-05 old stepsize 1.02904e-05
basinhopping step 220: f 1.16508e+06 trial_f 1.16508e+06 accepted 1  lowest_f 1.16508e+06
found new global minimum on step 220 with function value 1.16508e+06
 Fit Status: False
 Force threshold: 0.4587
 Lowest RMSE: 1.2035
 Current RMSE: 1.3736
 Accepted count: 132
 Basinhop count: 0


adaptive stepsize: acceptance rate 0.592760 target 0.500000 new stepsize 1.27042e-05 old stepsize 1.14338e-05
basinhopping step 221: f 1.16508e+06 trial_f 1.16508e+06 accepted 0  lowest_f 1.16508e+06
 Fit Status: False
 Force threshold: 0.4587
 Lowest RMSE: 1.2035
 Current RMSE: 1.3736
 Accepted count: 132
 Basinhop count: 1


adaptive stepsize: acceptance rate 0.590090 target 0.500000 new stepsize 1.41158e-05 old stepsize 1.27042e-05
basinhopping step 222: f 1.16506e+06 trial_f 1.16506e+06 accepted 1  lowest_f 1.16506e+06
found new global minimum on step 222 with function value 1.16506e+06
 Fit Status: False
 Force threshold: 0.4587
 Lowest RMSE: 1.2035
 Current RMSE: 1.3736
 Accepted count: 133
 Basinhop count: 0


adaptive stepsize: acceptance rate 0.591928 target 0.500000 new stepsize 1.56842e-05 old stepsize 1.41158e-05
basinhopping step 223: f 1.16496e+06 trial_f 1.16496e+06 accepted 1  lowest_f 1.16496e+06
found new global minimum on step 223 with function value 1.16496e+06
 Fit Status: False
 Force threshold: 0.4587
 Lowest RMSE: 1.2035
 Current RMSE: 1.3735
 Accepted count: 134
 Basinhop count: 0


adaptive stepsize: acceptance rate 0.593750 target 0.500000 new stepsize 1.74269e-05 old stepsize 1.56842e-05
basinhopping step 224: f 1.16495e+06 trial_f 1.16495e+06 accepted 1  lowest_f 1.16495e+06
found new global minimum on step 224 with function value 1.16495e+06
 Fit Status: False
 Force threshold: 0.4587
 Lowest RMSE: 1.2035
 Current RMSE: 1.3735
 Accepted count: 135
 Basinhop count: 0


adaptive stepsize: acceptance rate 0.595556 target 0.500000 new stepsize 1.93633e-05 old stepsize 1.74269e-05
basinhopping step 225: f 1.16494e+06 trial_f 1.16494e+06 accepted 1  lowest_f 1.16494e+06
found new global minimum on step 225 with function value 1.16494e+06
 Fit Status: False
 Force threshold: 0.4587
 Lowest RMSE: 1.2035
 Current RMSE: 1.3735
 Accepted count: 136
 Basinhop count: 0


adaptive stepsize: acceptance rate 0.597345 target 0.500000 new stepsize 2.15147e-05 old stepsize 1.93633e-05
basinhopping step 226: f 1.16488e+06 trial_f 1.16488e+06 accepted 1  lowest_f 1.16488e+06
found new global minimum on step 226 with function value 1.16488e+06
 Fit Status: False
 Force threshold: 0.4587
 Lowest RMSE: 1.2035
 Current RMSE: 1.3733
 Accepted count: 137
 Basinhop count: 0


adaptive stepsize: acceptance rate 0.599119 target 0.500000 new stepsize 2.39053e-05 old stepsize 2.15147e-05
basinhopping step 227: f 1.16486e+06 trial_f 1.16486e+06 accepted 1  lowest_f 1.16486e+06
found new global minimum on step 227 with function value 1.16486e+06
 Fit Status: False
 Force threshold: 0.4587
 Lowest RMSE: 1.2035
 Current RMSE: 1.3735
 Accepted count: 138
 Basinhop count: 0


adaptive stepsize: acceptance rate 0.600877 target 0.500000 new stepsize 2.65614e-05 old stepsize 2.39053e-05
basinhopping step 228: f 1.16484e+06 trial_f 1.16484e+06 accepted 1  lowest_f 1.16484e+06
found new global minimum on step 228 with function value 1.16484e+06
 Fit Status: False
 Force threshold: 0.4587
 Lowest RMSE: 1.2035
 Current RMSE: 1.3733
 Accepted count: 139
 Basinhop count: 0


adaptive stepsize: acceptance rate 0.602620 target 0.500000 new stepsize 2.95127e-05 old stepsize 2.65614e-05
basinhopping step 229: f 1.16484e+06 trial_f 1.16486e+06 accepted 0  lowest_f 1.16484e+06
 Fit Status: False
 Force threshold: 0.4587
 Lowest RMSE: 1.2035
 Current RMSE: 1.3733
 Accepted count: 139
 Basinhop count: 1


adaptive stepsize: acceptance rate 0.600000 target 0.500000 new stepsize 3.27919e-05 old stepsize 2.95127e-05
basinhopping step 230: f 1.16472e+06 trial_f 1.16472e+06 accepted 1  lowest_f 1.16472e+06
found new global minimum on step 230 with function value 1.16472e+06
 Fit Status: False
 Force threshold: 0.4587
 Lowest RMSE: 1.2035
 Current RMSE: 1.3741
 Accepted count: 140
 Basinhop count: 0


adaptive stepsize: acceptance rate 0.601732 target 0.500000 new stepsize 3.64354e-05 old stepsize 3.27919e-05
basinhopping step 231: f 1.16471e+06 trial_f 1.16471e+06 accepted 1  lowest_f 1.16471e+06
found new global minimum on step 231 with function value 1.16471e+06
 Fit Status: False
 Force threshold: 0.4587
 Lowest RMSE: 1.2035
 Current RMSE: 1.3742
 Accepted count: 141
 Basinhop count: 0


adaptive stepsize: acceptance rate 0.603448 target 0.500000 new stepsize 4.04838e-05 old stepsize 3.64354e-05
basinhopping step 232: f 1.16469e+06 trial_f 1.16469e+06 accepted 1  lowest_f 1.16469e+06
found new global minimum on step 232 with function value 1.16469e+06
 Fit Status: False
 Force threshold: 0.4587
 Lowest RMSE: 1.2035
 Current RMSE: 1.3743
 Accepted count: 142
 Basinhop count: 0


adaptive stepsize: acceptance rate 0.605150 target 0.500000 new stepsize 4.4982e-05 old stepsize 4.04838e-05
basinhopping step 233: f 1.16469e+06 trial_f 1.16469e+06 accepted 0  lowest_f 1.16469e+06
 Fit Status: False
 Force threshold: 0.4587
 Lowest RMSE: 1.2035
 Current RMSE: 1.3743
 Accepted count: 142
 Basinhop count: 1


adaptive stepsize: acceptance rate 0.602564 target 0.500000 new stepsize 4.998e-05 old stepsize 4.4982e-05
basinhopping step 234: f 1.16464e+06 trial_f 1.16464e+06 accepted 1  lowest_f 1.16464e+06
found new global minimum on step 234 with function value 1.16464e+06
 Fit Status: False
 Force threshold: 0.4587
 Lowest RMSE: 1.2035
 Current RMSE: 1.3742
 Accepted count: 143
 Basinhop count: 0


adaptive stepsize: acceptance rate 0.604255 target 0.500000 new stepsize 5.55333e-05 old stepsize 4.998e-05
basinhopping step 235: f 1.16464e+06 trial_f 1.16464e+06 accepted 1  lowest_f 1.16464e+06
found new global minimum on step 235 with function value 1.16464e+06
 Fit Status: False
 Force threshold: 0.4587
 Lowest RMSE: 1.2035
 Current RMSE: 1.3742
 Accepted count: 144
 Basinhop count: 0


adaptive stepsize: acceptance rate 0.605932 target 0.500000 new stepsize 6.17037e-05 old stepsize 5.55333e-05
basinhopping step 236: f 1.16452e+06 trial_f 1.16452e+06 accepted 1  lowest_f 1.16452e+06
found new global minimum on step 236 with function value 1.16452e+06
 Fit Status: False
 Force threshold: 0.4587
 Lowest RMSE: 1.2035
 Current RMSE: 1.3742
 Accepted count: 145
 Basinhop count: 0


adaptive stepsize: acceptance rate 0.607595 target 0.500000 new stepsize 6.85596e-05 old stepsize 6.17037e-05
basinhopping step 237: f 1.16452e+06 trial_f 1.16462e+06 accepted 0  lowest_f 1.16452e+06
 Fit Status: False
 Force threshold: 0.4587
 Lowest RMSE: 1.2035
 Current RMSE: 1.3743
 Accepted count: 145
 Basinhop count: 1


adaptive stepsize: acceptance rate 0.605042 target 0.500000 new stepsize 7.61773e-05 old stepsize 6.85596e-05
basinhopping step 238: f 1.16452e+06 trial_f 1.16454e+06 accepted 0  lowest_f 1.16452e+06
 Fit Status: False
 Force threshold: 0.4587
 Lowest RMSE: 1.2035
 Current RMSE: 1.3743
 Accepted count: 145
 Basinhop count: 2


adaptive stepsize: acceptance rate 0.602510 target 0.500000 new stepsize 8.46415e-05 old stepsize 7.61773e-05
basinhopping step 239: f 1.16437e+06 trial_f 1.16437e+06 accepted 1  lowest_f 1.16437e+06
found new global minimum on step 239 with function value 1.16437e+06
 Fit Status: False
 Force threshold: 0.4587
 Lowest RMSE: 1.2035
 Current RMSE: 1.3733
 Accepted count: 146
 Basinhop count: 0


adaptive stepsize: acceptance rate 0.604167 target 0.500000 new stepsize 9.40461e-05 old stepsize 8.46415e-05
basinhopping step 240: f 1.16436e+06 trial_f 1.16436e+06 accepted 1  lowest_f 1.16436e+06
found new global minimum on step 240 with function value 1.16436e+06
 Fit Status: False
 Force threshold: 0.4587
 Lowest RMSE: 1.2035
 Current RMSE: 1.3734
 Accepted count: 147
 Basinhop count: 0


adaptive stepsize: acceptance rate 0.605809 target 0.500000 new stepsize 0.000104496 old stepsize 9.40461e-05
basinhopping step 241: f 1.16425e+06 trial_f 1.16425e+06 accepted 1  lowest_f 1.16425e+06
found new global minimum on step 241 with function value 1.16425e+06
 Fit Status: False
 Force threshold: 0.4587
 Lowest RMSE: 1.2035
 Current RMSE: 1.3732
 Accepted count: 148
 Basinhop count: 0


adaptive stepsize: acceptance rate 0.607438 target 0.500000 new stepsize 0.000116106 old stepsize 0.000104496
basinhopping step 242: f 1.16422e+06 trial_f 1.16422e+06 accepted 1  lowest_f 1.16422e+06
found new global minimum on step 242 with function value 1.16422e+06
 Fit Status: False
 Force threshold: 0.4587
 Lowest RMSE: 1.2035
 Current RMSE: 1.3732
 Accepted count: 149
 Basinhop count: 0


adaptive stepsize: acceptance rate 0.609053 target 0.500000 new stepsize 0.000129007 old stepsize 0.000116106
basinhopping step 243: f 1.16422e+06 trial_f 1.1643e+06 accepted 0  lowest_f 1.16422e+06
 Fit Status: False
 Force threshold: 0.4587
 Lowest RMSE: 1.2035
 Current RMSE: 1.3732
 Accepted count: 149
 Basinhop count: 1


adaptive stepsize: acceptance rate 0.606557 target 0.500000 new stepsize 0.000143341 old stepsize 0.000129007
basinhopping step 244: f 1.16388e+06 trial_f 1.16388e+06 accepted 1  lowest_f 1.16388e+06
found new global minimum on step 244 with function value 1.16388e+06
 Fit Status: False
 Force threshold: 0.4587
 Lowest RMSE: 1.2035
 Current RMSE: 1.3737
 Accepted count: 150
 Basinhop count: 0


adaptive stepsize: acceptance rate 0.608163 target 0.500000 new stepsize 0.000159268 old stepsize 0.000143341
basinhopping step 245: f 1.16363e+06 trial_f 1.16363e+06 accepted 1  lowest_f 1.16363e+06
found new global minimum on step 245 with function value 1.16363e+06
 Fit Status: False
 Force threshold: 0.4587
 Lowest RMSE: 1.2035
 Current RMSE: 1.3725
 Accepted count: 151
 Basinhop count: 0


adaptive stepsize: acceptance rate 0.609756 target 0.500000 new stepsize 0.000176964 old stepsize 0.000159268
basinhopping step 246: f 1.16363e+06 trial_f 1.16375e+06 accepted 0  lowest_f 1.16363e+06
 Fit Status: False
 Force threshold: 0.4587
 Lowest RMSE: 1.2035
 Current RMSE: 1.3726
 Accepted count: 151
 Basinhop count: 1


adaptive stepsize: acceptance rate 0.607287 target 0.500000 new stepsize 0.000196627 old stepsize 0.000176964
basinhopping step 247: f 1.16352e+06 trial_f 1.16352e+06 accepted 1  lowest_f 1.16352e+06
found new global minimum on step 247 with function value 1.16352e+06
 Fit Status: False
 Force threshold: 0.4587
 Lowest RMSE: 1.2035
 Current RMSE: 1.3724
 Accepted count: 152
 Basinhop count: 0


adaptive stepsize: acceptance rate 0.608871 target 0.500000 new stepsize 0.000218475 old stepsize 0.000196627
basinhopping step 248: f 1.16337e+06 trial_f 1.16337e+06 accepted 1  lowest_f 1.16337e+06
found new global minimum on step 248 with function value 1.16337e+06
 Fit Status: False
 Force threshold: 0.4587
 Lowest RMSE: 1.2035
 Current RMSE: 1.3723
 Accepted count: 153
 Basinhop count: 0


adaptive stepsize: acceptance rate 0.610442 target 0.500000 new stepsize 0.000242749 old stepsize 0.000218475
basinhopping step 249: f 1.16337e+06 trial_f 1.16345e+06 accepted 0  lowest_f 1.16337e+06
 Fit Status: False
 Force threshold: 0.4587
 Lowest RMSE: 1.2035
 Current RMSE: 1.3726
 Accepted count: 153
 Basinhop count: 1


adaptive stepsize: acceptance rate 0.608000 target 0.500000 new stepsize 0.000269722 old stepsize 0.000242749
basinhopping step 250: f 1.16328e+06 trial_f 1.16328e+06 accepted 1  lowest_f 1.16328e+06
found new global minimum on step 250 with function value 1.16328e+06
 Fit Status: False
 Force threshold: 0.4587
 Lowest RMSE: 1.2035
 Current RMSE: 1.3729
 Accepted count: 154
 Basinhop count: 0


adaptive stepsize: acceptance rate 0.609562 target 0.500000 new stepsize 0.000299691 old stepsize 0.000269722
basinhopping step 251: f 1.1631e+06 trial_f 1.1631e+06 accepted 1  lowest_f 1.1631e+06
found new global minimum on step 251 with function value 1.1631e+06
 Fit Status: False
 Force threshold: 0.4587
 Lowest RMSE: 1.2035
 Current RMSE: 1.3727
 Accepted count: 155
 Basinhop count: 0


adaptive stepsize: acceptance rate 0.611111 target 0.500000 new stepsize 0.00033299 old stepsize 0.000299691
basinhopping step 252: f 1.16281e+06 trial_f 1.16281e+06 accepted 1  lowest_f 1.16281e+06
found new global minimum on step 252 with function value 1.16281e+06
 Fit Status: False
 Force threshold: 0.4587
 Lowest RMSE: 1.2035
 Current RMSE: 1.3732
 Accepted count: 156
 Basinhop count: 0


adaptive stepsize: acceptance rate 0.612648 target 0.500000 new stepsize 0.000369988 old stepsize 0.00033299
basinhopping step 253: f 1.16281e+06 trial_f 1.16309e+06 accepted 0  lowest_f 1.16281e+06
 Fit Status: False
 Force threshold: 0.4587
 Lowest RMSE: 1.2035
 Current RMSE: 1.3725
 Accepted count: 156
 Basinhop count: 1


adaptive stepsize: acceptance rate 0.610236 target 0.500000 new stepsize 0.000411098 old stepsize 0.000369988
basinhopping step 254: f 1.16177e+06 trial_f 1.16177e+06 accepted 1  lowest_f 1.16177e+06
found new global minimum on step 254 with function value 1.16177e+06
 Fit Status: False
 Force threshold: 0.4587
 Lowest RMSE: 1.2035
 Current RMSE: 1.3730
 Accepted count: 157
 Basinhop count: 0


adaptive stepsize: acceptance rate 0.611765 target 0.500000 new stepsize 0.000456776 old stepsize 0.000411098
basinhopping step 255: f 1.16e+06 trial_f 1.16e+06 accepted 1  lowest_f 1.16e+06
found new global minimum on step 255 with function value 1.16e+06
 Fit Status: False
 Force threshold: 0.4587
 Lowest RMSE: 1.2035
 Current RMSE: 1.3719
 Accepted count: 158
 Basinhop count: 0


adaptive stepsize: acceptance rate 0.613281 target 0.500000 new stepsize 0.000507529 old stepsize 0.000456776
basinhopping step 256: f 1.15979e+06 trial_f 1.15979e+06 accepted 1  lowest_f 1.15979e+06
found new global minimum on step 256 with function value 1.15979e+06
 Fit Status: False
 Force threshold: 0.4587
 Lowest RMSE: 1.2035
 Current RMSE: 1.3707
 Accepted count: 159
 Basinhop count: 0


adaptive stepsize: acceptance rate 0.614786 target 0.500000 new stepsize 0.000563921 old stepsize 0.000507529
basinhopping step 257: f 1.15979e+06 trial_f 1.16032e+06 accepted 0  lowest_f 1.15979e+06
 Fit Status: False
 Force threshold: 0.4587
 Lowest RMSE: 1.2035
 Current RMSE: 1.3704
 Accepted count: 159
 Basinhop count: 1


adaptive stepsize: acceptance rate 0.612403 target 0.500000 new stepsize 0.000626579 old stepsize 0.000563921
basinhopping step 258: f 1.15979e+06 trial_f 1.15981e+06 accepted 0  lowest_f 1.15979e+06
 Fit Status: False
 Force threshold: 0.4587
 Lowest RMSE: 1.2035
 Current RMSE: 1.3708
 Accepted count: 159
 Basinhop count: 2


adaptive stepsize: acceptance rate 0.610039 target 0.500000 new stepsize 0.000696199 old stepsize 0.000626579
basinhopping step 259: f 1.15802e+06 trial_f 1.15802e+06 accepted 1  lowest_f 1.15802e+06
found new global minimum on step 259 with function value 1.15802e+06
 Fit Status: False
 Force threshold: 0.4587
 Lowest RMSE: 1.2035
 Current RMSE: 1.3707
 Accepted count: 160
 Basinhop count: 0


adaptive stepsize: acceptance rate 0.611538 target 0.500000 new stepsize 0.000773554 old stepsize 0.000696199
basinhopping step 260: f 1.15545e+06 trial_f 1.15545e+06 accepted 1  lowest_f 1.15545e+06
found new global minimum on step 260 with function value 1.15545e+06
 Fit Status: False
 Force threshold: 0.4587
 Lowest RMSE: 1.2035
 Current RMSE: 1.3686
 Accepted count: 161
 Basinhop count: 0


adaptive stepsize: acceptance rate 0.613027 target 0.500000 new stepsize 0.000859504 old stepsize 0.000773554
basinhopping step 261: f 1.15545e+06 trial_f 1.15578e+06 accepted 0  lowest_f 1.15545e+06
 Fit Status: False
 Force threshold: 0.4587
 Lowest RMSE: 1.2035
 Current RMSE: 1.3681
 Accepted count: 161
 Basinhop count: 1


adaptive stepsize: acceptance rate 0.610687 target 0.500000 new stepsize 0.000955005 old stepsize 0.000859504
basinhopping step 262: f 1.15545e+06 trial_f 1.15725e+06 accepted 0  lowest_f 1.15545e+06
 Fit Status: False
 Force threshold: 0.4587
 Lowest RMSE: 1.2035
 Current RMSE: 1.3692
 Accepted count: 161
 Basinhop count: 2


adaptive stepsize: acceptance rate 0.608365 target 0.500000 new stepsize 0.00106112 old stepsize 0.000955005
basinhopping step 263: f 1.15268e+06 trial_f 1.15268e+06 accepted 1  lowest_f 1.15268e+06
found new global minimum on step 263 with function value 1.15268e+06
 Fit Status: False
 Force threshold: 0.4587
 Lowest RMSE: 1.2035
 Current RMSE: 1.3669
 Accepted count: 162
 Basinhop count: 0


adaptive stepsize: acceptance rate 0.609848 target 0.500000 new stepsize 0.00117902 old stepsize 0.00106112
basinhopping step 264: f 1.15268e+06 trial_f 1.15392e+06 accepted 0  lowest_f 1.15268e+06
 Fit Status: False
 Force threshold: 0.4587
 Lowest RMSE: 1.2035
 Current RMSE: 1.3659
 Accepted count: 162
 Basinhop count: 1


adaptive stepsize: acceptance rate 0.607547 target 0.500000 new stepsize 0.00131002 old stepsize 0.00117902
basinhopping step 265: f 1.15268e+06 trial_f 1.15436e+06 accepted 0  lowest_f 1.15268e+06
 Fit Status: False
 Force threshold: 0.4587
 Lowest RMSE: 1.2035
 Current RMSE: 1.3681
 Accepted count: 162
 Basinhop count: 2


adaptive stepsize: acceptance rate 0.605263 target 0.500000 new stepsize 0.00145558 old stepsize 0.00131002
basinhopping step 266: f 1.15268e+06 trial_f 1.15286e+06 accepted 0  lowest_f 1.15268e+06
 Fit Status: False
 Force threshold: 0.4587
 Lowest RMSE: 1.2035
 Current RMSE: 1.3656
 Accepted count: 162
 Basinhop count: 3


adaptive stepsize: acceptance rate 0.602996 target 0.500000 new stepsize 0.00161731 old stepsize 0.00145558
basinhopping step 267: f 1.15188e+06 trial_f 1.15188e+06 accepted 1  lowest_f 1.15188e+06
found new global minimum on step 267 with function value 1.15188e+06
 Fit Status: False
 Force threshold: 0.4587
 Lowest RMSE: 1.2035
 Current RMSE: 1.3654
 Accepted count: 163
 Basinhop count: 0


adaptive stepsize: acceptance rate 0.604478 target 0.500000 new stepsize 0.00179701 old stepsize 0.00161731
basinhopping step 268: f 1.14844e+06 trial_f 1.14844e+06 accepted 1  lowest_f 1.14844e+06
found new global minimum on step 268 with function value 1.14844e+06
 Fit Status: False
 Force threshold: 0.4587
 Lowest RMSE: 1.2035
 Current RMSE: 1.3647
 Accepted count: 164
 Basinhop count: 0


adaptive stepsize: acceptance rate 0.605948 target 0.500000 new stepsize 0.00199668 old stepsize 0.00179701
basinhopping step 269: f 1.14844e+06 trial_f 1.15185e+06 accepted 0  lowest_f 1.14844e+06
 Fit Status: False
 Force threshold: 0.4587
 Lowest RMSE: 1.2035
 Current RMSE: 1.3666
 Accepted count: 164
 Basinhop count: 1


adaptive stepsize: acceptance rate 0.603704 target 0.500000 new stepsize 0.00221853 old stepsize 0.00199668
basinhopping step 270: f 1.14844e+06 trial_f 1.14959e+06 accepted 0  lowest_f 1.14844e+06
 Fit Status: False
 Force threshold: 0.4587
 Lowest RMSE: 1.2035
 Current RMSE: 1.3654
 Accepted count: 164
 Basinhop count: 2


adaptive stepsize: acceptance rate 0.601476 target 0.500000 new stepsize 0.00246503 old stepsize 0.00221853
basinhopping step 271: f 1.14844e+06 trial_f 1.14897e+06 accepted 0  lowest_f 1.14844e+06
 Fit Status: False
 Force threshold: 0.4587
 Lowest RMSE: 1.2035
 Current RMSE: 1.3645
 Accepted count: 164
 Basinhop count: 3


adaptive stepsize: acceptance rate 0.599265 target 0.500000 new stepsize 0.00273893 old stepsize 0.00246503
basinhopping step 272: f 1.14793e+06 trial_f 1.14793e+06 accepted 1  lowest_f 1.14793e+06
found new global minimum on step 272 with function value 1.14793e+06
 Fit Status: False
 Force threshold: 0.4587
 Lowest RMSE: 1.2035
 Current RMSE: 1.3641
 Accepted count: 165
 Basinhop count: 0


adaptive stepsize: acceptance rate 0.600733 target 0.500000 new stepsize 0.00304325 old stepsize 0.00273893
basinhopping step 273: f 1.14734e+06 trial_f 1.14734e+06 accepted 1  lowest_f 1.14734e+06
found new global minimum on step 273 with function value 1.14734e+06
 Fit Status: False
 Force threshold: 0.4587
 Lowest RMSE: 1.2035
 Current RMSE: 1.3625
 Accepted count: 166
 Basinhop count: 0


adaptive stepsize: acceptance rate 0.602190 target 0.500000 new stepsize 0.00338139 old stepsize 0.00304325
basinhopping step 274: f 1.14206e+06 trial_f 1.14206e+06 accepted 1  lowest_f 1.14206e+06
found new global minimum on step 274 with function value 1.14206e+06
 Fit Status: False
 Force threshold: 0.4587
 Lowest RMSE: 1.2035
 Current RMSE: 1.3590
 Accepted count: 167
 Basinhop count: 0


adaptive stepsize: acceptance rate 0.603636 target 0.500000 new stepsize 0.0037571 old stepsize 0.00338139
basinhopping step 275: f 1.14206e+06 trial_f 1.1476e+06 accepted 0  lowest_f 1.14206e+06
 Fit Status: False
 Force threshold: 0.4587
 Lowest RMSE: 1.2035
 Current RMSE: 1.3608
 Accepted count: 167
 Basinhop count: 1


adaptive stepsize: acceptance rate 0.601449 target 0.500000 new stepsize 0.00417456 old stepsize 0.0037571
basinhopping step 276: f 1.14206e+06 trial_f 1.15331e+06 accepted 0  lowest_f 1.14206e+06
 Fit Status: False
 Force threshold: 0.4587
 Lowest RMSE: 1.2035
 Current RMSE: 1.3666
 Accepted count: 167
 Basinhop count: 2


adaptive stepsize: acceptance rate 0.599278 target 0.500000 new stepsize 0.0046384 old stepsize 0.00417456
basinhopping step 277: f 1.14187e+06 trial_f 1.14187e+06 accepted 1  lowest_f 1.14187e+06
found new global minimum on step 277 with function value 1.14187e+06
 Fit Status: False
 Force threshold: 0.4587
 Lowest RMSE: 1.2035
 Current RMSE: 1.3591
 Accepted count: 168
 Basinhop count: 0


adaptive stepsize: acceptance rate 0.600719 target 0.500000 new stepsize 0.00515378 old stepsize 0.0046384
basinhopping step 278: f 1.14187e+06 trial_f 1.14352e+06 accepted 0  lowest_f 1.14187e+06
 Fit Status: False
 Force threshold: 0.4587
 Lowest RMSE: 1.2035
 Current RMSE: 1.3587
 Accepted count: 168
 Basinhop count: 1


adaptive stepsize: acceptance rate 0.598566 target 0.500000 new stepsize 0.00572642 old stepsize 0.00515378
basinhopping step 279: f 1.13555e+06 trial_f 1.13555e+06 accepted 1  lowest_f 1.13555e+06
found new global minimum on step 279 with function value 1.13555e+06
 Fit Status: False
 Force threshold: 0.4587
 Lowest RMSE: 1.2035
 Current RMSE: 1.3574
 Accepted count: 169
 Basinhop count: 0


adaptive stepsize: acceptance rate 0.600000 target 0.500000 new stepsize 0.00636269 old stepsize 0.00572642
basinhopping step 280: f 1.1309e+06 trial_f 1.1309e+06 accepted 1  lowest_f 1.1309e+06
found new global minimum on step 280 with function value 1.1309e+06
 Fit Status: False
 Force threshold: 0.4587
 Lowest RMSE: 1.2035
 Current RMSE: 1.3496
 Accepted count: 170
 Basinhop count: 0


adaptive stepsize: acceptance rate 0.601423 target 0.500000 new stepsize 0.00706965 old stepsize 0.00636269
basinhopping step 281: f 1.1309e+06 trial_f 1.14025e+06 accepted 0  lowest_f 1.1309e+06
 Fit Status: False
 Force threshold: 0.4587
 Lowest RMSE: 1.2035
 Current RMSE: 1.3545
 Accepted count: 170
 Basinhop count: 1


adaptive stepsize: acceptance rate 0.599291 target 0.500000 new stepsize 0.00785517 old stepsize 0.00706965
basinhopping step 282: f 1.13023e+06 trial_f 1.13023e+06 accepted 1  lowest_f 1.13023e+06
found new global minimum on step 282 with function value 1.13023e+06
 Fit Status: False
 Force threshold: 0.4587
 Lowest RMSE: 1.2035
 Current RMSE: 1.3471
 Accepted count: 171
 Basinhop count: 0


adaptive stepsize: acceptance rate 0.600707 target 0.500000 new stepsize 0.00872796 old stepsize 0.00785517
basinhopping step 283: f 1.12555e+06 trial_f 1.12555e+06 accepted 1  lowest_f 1.12555e+06
found new global minimum on step 283 with function value 1.12555e+06
 Fit Status: False
 Force threshold: 0.4587
 Lowest RMSE: 1.2035
 Current RMSE: 1.3428
 Accepted count: 172
 Basinhop count: 0


adaptive stepsize: acceptance rate 0.602113 target 0.500000 new stepsize 0.00969774 old stepsize 0.00872796
basinhopping step 284: f 1.1146e+06 trial_f 1.1146e+06 accepted 1  lowest_f 1.1146e+06
found new global minimum on step 284 with function value 1.1146e+06
 Fit Status: False
 Force threshold: 0.4587
 Lowest RMSE: 1.2035
 Current RMSE: 1.3310
 Accepted count: 173
 Basinhop count: 0


adaptive stepsize: acceptance rate 0.603509 target 0.500000 new stepsize 0.0107753 old stepsize 0.00969774
basinhopping step 285: f 1.1146e+06 trial_f 1.12173e+06 accepted 0  lowest_f 1.1146e+06
 Fit Status: False
 Force threshold: 0.4587
 Lowest RMSE: 1.2035
 Current RMSE: 1.3338
 Accepted count: 173
 Basinhop count: 1


adaptive stepsize: acceptance rate 0.601399 target 0.500000 new stepsize 0.0119725 old stepsize 0.0107753
basinhopping step 286: f 1.0961e+06 trial_f 1.0961e+06 accepted 1  lowest_f 1.0961e+06
found new global minimum on step 286 with function value 1.0961e+06
 Fit Status: False
 Force threshold: 0.4587
 Lowest RMSE: 1.2035
 Current RMSE: 1.3160
 Accepted count: 174
 Basinhop count: 0


adaptive stepsize: acceptance rate 0.602787 target 0.500000 new stepsize 0.0133028 old stepsize 0.0119725
basinhopping step 287: f 1.06606e+06 trial_f 1.06606e+06 accepted 1  lowest_f 1.06606e+06
found new global minimum on step 287 with function value 1.06606e+06
 Fit Status: False
 Force threshold: 0.4587
 Lowest RMSE: 1.2035
 Current RMSE: 1.3026
 Accepted count: 175
 Basinhop count: 0


adaptive stepsize: acceptance rate 0.604167 target 0.500000 new stepsize 0.0147809 old stepsize 0.0133028
basinhopping step 288: f 1.0448e+06 trial_f 1.0448e+06 accepted 1  lowest_f 1.0448e+06
found new global minimum on step 288 with function value 1.0448e+06
 Fit Status: False
 Force threshold: 0.4587
 Lowest RMSE: 1.2035
 Current RMSE: 1.3137
 Accepted count: 176
 Basinhop count: 0


adaptive stepsize: acceptance rate 0.605536 target 0.500000 new stepsize 0.0164232 old stepsize 0.0147809
basinhopping step 289: f 1.03749e+06 trial_f 1.03749e+06 accepted 1  lowest_f 1.03749e+06
found new global minimum on step 289 with function value 1.03749e+06
 Fit Status: False
 Force threshold: 0.4587
 Lowest RMSE: 1.2035
 Current RMSE: 1.3197
 Accepted count: 177
 Basinhop count: 0


adaptive stepsize: acceptance rate 0.606897 target 0.500000 new stepsize 0.018248 old stepsize 0.0164232
basinhopping step 290: f 1.03749e+06 trial_f 1.03793e+06 accepted 0  lowest_f 1.03749e+06
 Fit Status: False
 Force threshold: 0.4587
 Lowest RMSE: 1.2035
 Current RMSE: 1.2925
 Accepted count: 177
 Basinhop count: 1


adaptive stepsize: acceptance rate 0.604811 target 0.500000 new stepsize 0.0202756 old stepsize 0.018248
basinhopping step 291: f 1.03749e+06 trial_f 1.09464e+06 accepted 0  lowest_f 1.03749e+06
 Fit Status: False
 Force threshold: 0.4587
 Lowest RMSE: 1.2035
 Current RMSE: 1.3415
 Accepted count: 177
 Basinhop count: 2


adaptive stepsize: acceptance rate 0.602740 target 0.500000 new stepsize 0.0225284 old stepsize 0.0202756
basinhopping step 292: f 1.03749e+06 trial_f 1.0645e+06 accepted 0  lowest_f 1.03749e+06
 Fit Status: False
 Force threshold: 0.4587
 Lowest RMSE: 1.2035
 Current RMSE: 1.3459
 Accepted count: 177
 Basinhop count: 3


adaptive stepsize: acceptance rate 0.600683 target 0.500000 new stepsize 0.0250316 old stepsize 0.0225284
basinhopping step 293: f 1.03512e+06 trial_f 1.03512e+06 accepted 1  lowest_f 1.03512e+06
found new global minimum on step 293 with function value 1.03512e+06
 Fit Status: False
 Force threshold: 0.4587
 Lowest RMSE: 1.2035
 Current RMSE: 1.2910
 Accepted count: 178
 Basinhop count: 0


adaptive stepsize: acceptance rate 0.602041 target 0.500000 new stepsize 0.0278128 old stepsize 0.0250316
basinhopping step 294: f 1.03512e+06 trial_f 1.04621e+06 accepted 0  lowest_f 1.03512e+06
 Fit Status: False
 Force threshold: 0.4587
 Lowest RMSE: 1.2035
 Current RMSE: 1.2802
 Accepted count: 178
 Basinhop count: 1


adaptive stepsize: acceptance rate 0.600000 target 0.500000 new stepsize 0.0309032 old stepsize 0.0278128
basinhopping step 295: f 1.03363e+06 trial_f 1.03363e+06 accepted 1  lowest_f 1.03363e+06
found new global minimum on step 295 with function value 1.03363e+06
 Fit Status: False
 Force threshold: 0.4587
 Lowest RMSE: 1.2035
 Current RMSE: 1.2488
 Accepted count: 179
 Basinhop count: 0


adaptive stepsize: acceptance rate 0.601351 target 0.500000 new stepsize 0.0343368 old stepsize 0.0309032
basinhopping step 296: f 1.03363e+06 trial_f 1.07445e+06 accepted 0  lowest_f 1.03363e+06
 Fit Status: False
 Force threshold: 0.4587
 Lowest RMSE: 1.2035
 Current RMSE: 1.2939
 Accepted count: 179
 Basinhop count: 1


adaptive stepsize: acceptance rate 0.599327 target 0.500000 new stepsize 0.038152 old stepsize 0.0343368
basinhopping step 297: f 1.03363e+06 trial_f 1.07976e+06 accepted 0  lowest_f 1.03363e+06
 Fit Status: False
 Force threshold: 0.4587
 Lowest RMSE: 1.2035
 Current RMSE: 1.2649
 Accepted count: 179
 Basinhop count: 2


adaptive stepsize: acceptance rate 0.597315 target 0.500000 new stepsize 0.0423912 old stepsize 0.038152
basinhopping step 298: f 1.03363e+06 trial_f 1.08221e+06 accepted 0  lowest_f 1.03363e+06
 Fit Status: False
 Force threshold: 0.4587
 Lowest RMSE: 1.2035
 Current RMSE: 1.2704
 Accepted count: 179
 Basinhop count: 3


adaptive stepsize: acceptance rate 0.595318 target 0.500000 new stepsize 0.0471013 old stepsize 0.0423912
basinhopping step 299: f 1.03363e+06 trial_f 1.18404e+06 accepted 0  lowest_f 1.03363e+06
 Fit Status: False
 Force threshold: 0.4587
 Lowest RMSE: 1.2035
 Current RMSE: 1.3124
 Accepted count: 179
 Basinhop count: 4


adaptive stepsize: acceptance rate 0.593333 target 0.500000 new stepsize 0.0523348 old stepsize 0.0471013
basinhopping step 300: f 1.01336e+06 trial_f 1.01336e+06 accepted 1  lowest_f 1.01336e+06
found new global minimum on step 300 with function value 1.01336e+06
 Fit Status: False
 Force threshold: 0.4587
 Lowest RMSE: 1.2035
 Current RMSE: 1.2387
 Accepted count: 180
 Basinhop count: 0


adaptive stepsize: acceptance rate 0.594684 target 0.500000 new stepsize 0.0581497 old stepsize 0.0523348
basinhopping step 301: f 891246 trial_f 891246 accepted 1  lowest_f 891246
found new global minimum on step 301 with function value 891246
 Fit Status: False
 Force threshold: 0.4587
 Lowest RMSE: 1.1284
 Current RMSE: 1.1284
 Accepted count: 181
 Basinhop count: 0


adaptive stepsize: acceptance rate 0.596026 target 0.500000 new stepsize 0.0646108 old stepsize 0.0581497
basinhopping step 302: f 891246 trial_f 1.0885e+06 accepted 0  lowest_f 891246
 Fit Status: False
 Force threshold: 0.4587
 Lowest RMSE: 1.1284
 Current RMSE: 1.2758
 Accepted count: 181
 Basinhop count: 1


adaptive stepsize: acceptance rate 0.594059 target 0.500000 new stepsize 0.0717898 old stepsize 0.0646108
basinhopping step 303: f 891246 trial_f 1.29246e+06 accepted 0  lowest_f 891246
 Fit Status: False
 Force threshold: 0.4587
 Lowest RMSE: 1.1284
 Current RMSE: 1.3164
 Accepted count: 181
 Basinhop count: 2


adaptive stepsize: acceptance rate 0.592105 target 0.500000 new stepsize 0.0797664 old stepsize 0.0717898
basinhopping step 304: f 771501 trial_f 771501 accepted 1  lowest_f 771501
found new global minimum on step 304 with function value 771501
 Fit Status: False
 Force threshold: 0.4587
 Lowest RMSE: 1.0651
 Current RMSE: 1.0651
 Accepted count: 182
 Basinhop count: 0


adaptive stepsize: acceptance rate 0.593443 target 0.500000 new stepsize 0.0886294 old stepsize 0.0797664
basinhopping step 305: f 771501 trial_f 970466 accepted 0  lowest_f 771501
 Fit Status: False
 Force threshold: 0.4587
 Lowest RMSE: 1.0651
 Current RMSE: 1.1714
 Accepted count: 182
 Basinhop count: 1


adaptive stepsize: acceptance rate 0.591503 target 0.500000 new stepsize 0.0984771 old stepsize 0.0886294
basinhopping step 306: f 771501 trial_f 1.0023e+06 accepted 0  lowest_f 771501
 Fit Status: False
 Force threshold: 0.4587
 Lowest RMSE: 1.0651
 Current RMSE: 1.1831
 Accepted count: 182
 Basinhop count: 2


adaptive stepsize: acceptance rate 0.589577 target 0.500000 new stepsize 0.109419 old stepsize 0.0984771
basinhopping step 307: f 771501 trial_f 1.50414e+06 accepted 0  lowest_f 771501
 Fit Status: False
 Force threshold: 0.4587
 Lowest RMSE: 1.0651
 Current RMSE: 1.3310
 Accepted count: 182
 Basinhop count: 3


adaptive stepsize: acceptance rate 0.587662 target 0.500000 new stepsize 0.121577 old stepsize 0.109419
basinhopping step 308: f 771501 trial_f 1.57871e+06 accepted 0  lowest_f 771501
 Fit Status: False
 Force threshold: 0.4587
 Lowest RMSE: 1.0651
 Current RMSE: 1.3082
 Accepted count: 182
 Basinhop count: 4


adaptive stepsize: acceptance rate 0.585761 target 0.500000 new stepsize 0.135085 old stepsize 0.121577
basinhopping step 309: f 771501 trial_f 819771 accepted 0  lowest_f 771501
 Fit Status: False
 Force threshold: 0.4587
 Lowest RMSE: 1.0493
 Current RMSE: 1.0493
 Accepted count: 182
 Basinhop count: 5


adaptive stepsize: acceptance rate 0.583871 target 0.500000 new stepsize 0.150095 old stepsize 0.135085
basinhopping step 310: f 771501 trial_f 1.14448e+06 accepted 0  lowest_f 771501
 Fit Status: False
 Force threshold: 0.4587
 Lowest RMSE: 1.0493
 Current RMSE: 1.2761
 Accepted count: 182
 Basinhop count: 6


adaptive stepsize: acceptance rate 0.581994 target 0.500000 new stepsize 0.166772 old stepsize 0.150095
basinhopping step 311: f 771501 trial_f 1.76013e+06 accepted 0  lowest_f 771501
 Fit Status: False
 Force threshold: 0.4587
 Lowest RMSE: 1.0493
 Current RMSE: 1.6018
 Accepted count: 182
 Basinhop count: 7


adaptive stepsize: acceptance rate 0.580128 target 0.500000 new stepsize 0.185302 old stepsize 0.166772
basinhopping step 312: f 771501 trial_f 915352 accepted 0  lowest_f 771501
 Fit Status: False
 Force threshold: 0.4587
 Lowest RMSE: 1.0493
 Current RMSE: 1.0783
 Accepted count: 182
 Basinhop count: 8


adaptive stepsize: acceptance rate 0.578275 target 0.500000 new stepsize 0.205891 old stepsize 0.185302
basinhopping step 313: f 771501 trial_f 1.48258e+06 accepted 0  lowest_f 771501
 Fit Status: False
 Force threshold: 0.4587
 Lowest RMSE: 1.0493
 Current RMSE: 1.3974
 Accepted count: 182
 Basinhop count: 9


adaptive stepsize: acceptance rate 0.576433 target 0.500000 new stepsize 0.228768 old stepsize 0.205891
basinhopping step 314: f 771501 trial_f 849180 accepted 0  lowest_f 771501
 Fit Status: False
 Force threshold: 0.4587
 Lowest RMSE: 1.0493
 Current RMSE: 1.1111
 Accepted count: 182
 Basinhop count: 10


adaptive stepsize: acceptance rate 0.574603 target 0.500000 new stepsize 0.254187 old stepsize 0.228768
basinhopping step 315: f 771501 trial_f 2.59946e+06 accepted 0  lowest_f 771501
 Fit Status: False
 Force threshold: 0.4587
 Lowest RMSE: 1.0493
 Current RMSE: 1.9127
 Accepted count: 182
 Basinhop count: 11


adaptive stepsize: acceptance rate 0.572785 target 0.500000 new stepsize 0.28243 old stepsize 0.254187
basinhopping step 316: f 771501 trial_f 7.19785e+06 accepted 0  lowest_f 771501
 Fit Status: False
 Force threshold: 0.4587
 Lowest RMSE: 1.0493
 Current RMSE: 2.5845
 Accepted count: 182
 Basinhop count: 12


adaptive stepsize: acceptance rate 0.570978 target 0.500000 new stepsize 0.313811 old stepsize 0.28243
warning: basinhopping: local minimization failure
basinhopping step 317: f 771501 trial_f 7.33811e+06 accepted 0  lowest_f 771501
 Fit Status: False
 Force threshold: 0.4587
 Lowest RMSE: 1.0493
 Current RMSE: 2.7430
 Accepted count: 182
 Basinhop count: 13


adaptive stepsize: acceptance rate 0.569182 target 0.500000 new stepsize 0.348678 old stepsize 0.313811
basinhopping step 318: f 771501 trial_f 1.37343e+06 accepted 0  lowest_f 771501
 Fit Status: False
 Force threshold: 0.4587
 Lowest RMSE: 1.0493
 Current RMSE: 1.4480
 Accepted count: 182
 Basinhop count: 14


adaptive stepsize: acceptance rate 0.567398 target 0.500000 new stepsize 0.38742 old stepsize 0.348678
basinhopping step 319: f 771501 trial_f 2.2869e+06 accepted 0  lowest_f 771501
 Fit Status: False
 Force threshold: 0.4587
 Lowest RMSE: 1.0493
 Current RMSE: 1.4134
 Accepted count: 182
 Basinhop count: 15


adaptive stepsize: acceptance rate 0.565625 target 0.500000 new stepsize 0.430467 old stepsize 0.38742
warning: basinhopping: local minimization failure
basinhopping step 320: f 771501 trial_f 1.60819e+07 accepted 0  lowest_f 771501
 Fit Status: False
 Force threshold: 0.4587
 Lowest RMSE: 1.0493
 Current RMSE: 3.6509
 Accepted count: 182
 Basinhop count: 16


adaptive stepsize: acceptance rate 0.563863 target 0.500000 new stepsize 0.478297 old stepsize 0.430467
basinhopping step 321: f 771501 trial_f 2.5263e+06 accepted 0  lowest_f 771501
 Fit Status: False
 Force threshold: 0.4587
 Lowest RMSE: 1.0493
 Current RMSE: 1.7907
 Accepted count: 182
 Basinhop count: 17


adaptive stepsize: acceptance rate 0.562112 target 0.500000 new stepsize 0.531441 old stepsize 0.478297
basinhopping step 322: f 771501 trial_f 2.32879e+06 accepted 0  lowest_f 771501
 Fit Status: False
 Force threshold: 0.4587
 Lowest RMSE: 1.0493
 Current RMSE: 1.8184
 Accepted count: 182
 Basinhop count: 18


adaptive stepsize: acceptance rate 0.560372 target 0.500000 new stepsize 0.59049 old stepsize 0.531441
basinhopping step 323: f 771501 trial_f 3.91228e+06 accepted 0  lowest_f 771501
 Fit Status: False
 Force threshold: 0.4587
 Lowest RMSE: 1.0493
 Current RMSE: 2.0833
 Accepted count: 182
 Basinhop count: 19


adaptive stepsize: acceptance rate 0.558642 target 0.500000 new stepsize 0.6561 old stepsize 0.59049
basinhopping step 324: f 771501 trial_f 1.79291e+07 accepted 0  lowest_f 771501
 Fit Status: False
 Force threshold: 0.4587
 Lowest RMSE: 1.0493
 Current RMSE: 4.0118
 Accepted count: 182
 Basinhop count: 20


adaptive stepsize: acceptance rate 0.556923 target 0.500000 new stepsize 0.729 old stepsize 0.6561
warning: basinhopping: local minimization failure
basinhopping step 325: f 771501 trial_f 7.42615e+07 accepted 0  lowest_f 771501
 Fit Status: False
 Force threshold: 0.4587
 Lowest RMSE: 1.0493
 Current RMSE: 7.8297
 Accepted count: 182
 Basinhop count: 21


adaptive stepsize: acceptance rate 0.555215 target 0.500000 new stepsize 0.81 old stepsize 0.729
basinhopping step 326: f 771501 trial_f 3.3513e+07 accepted 0  lowest_f 771501
 Fit Status: False
 Force threshold: 0.4587
 Lowest RMSE: 1.0493
 Current RMSE: 4.8787
 Accepted count: 182
 Basinhop count: 22


adaptive stepsize: acceptance rate 0.553517 target 0.500000 new stepsize 0.9 old stepsize 0.81
warning: basinhopping: local minimization failure
basinhopping step 327: f 771501 trial_f 3.8026e+07 accepted 0  lowest_f 771501
 Fit Status: False
 Force threshold: 0.4587
 Lowest RMSE: 1.0493
 Current RMSE: 5.5420
 Accepted count: 182
 Basinhop count: 23


adaptive stepsize: acceptance rate 0.551829 target 0.500000 new stepsize 1 old stepsize 0.9
warning: basinhopping: local minimization failure
basinhopping step 328: f 771501 trial_f 8.31411e+07 accepted 0  lowest_f 771501
 Fit Status: False
 Force threshold: 0.4587
 Lowest RMSE: 1.0493
 Current RMSE: 8.3173
 Accepted count: 182
 Basinhop count: 24


adaptive stepsize: acceptance rate 0.550152 target 0.500000 new stepsize 1.11111 old stepsize 1
basinhopping step 329: f 771501 trial_f 6.14711e+06 accepted 0  lowest_f 771501
 Fit Status: False
 Force threshold: 0.4587
 Lowest RMSE: 1.0493
 Current RMSE: 3.2065
 Accepted count: 182
 Basinhop count: 25


adaptive stepsize: acceptance rate 0.548485 target 0.500000 new stepsize 1.23457 old stepsize 1.11111
warning: basinhopping: local minimization failure
basinhopping step 330: f 771501 trial_f 7.55488e+07 accepted 0  lowest_f 771501
 Fit Status: False
 Force threshold: 0.4587
 Lowest RMSE: 1.0493
 Current RMSE: 7.1003
 Accepted count: 182
 Basinhop count: 26


adaptive stepsize: acceptance rate 0.546828 target 0.500000 new stepsize 1.37174 old stepsize 1.23457
basinhopping step 331: f 771501 trial_f 888311 accepted 0  lowest_f 771501
 Fit Status: False
 Force threshold: 0.4587
 Lowest RMSE: 1.0493
 Current RMSE: 1.0608
 Accepted count: 182
 Basinhop count: 27


adaptive stepsize: acceptance rate 0.545181 target 0.500000 new stepsize 1.52416 old stepsize 1.37174
warning: basinhopping: local minimization failure
basinhopping step 332: f 771501 trial_f 5.1805e+07 accepted 0  lowest_f 771501
 Fit Status: False
 Force threshold: 0.4587
 Lowest RMSE: 1.0493
 Current RMSE: 6.0770
 Accepted count: 182
 Basinhop count: 28


adaptive stepsize: acceptance rate 0.543544 target 0.500000 new stepsize 1.69351 old stepsize 1.52416
warning: basinhopping: local minimization failure
basinhopping step 333: f 771501 trial_f 6.80612e+07 accepted 0  lowest_f 771501
 Fit Status: False
 Force threshold: 0.4587
 Lowest RMSE: 1.0493
 Current RMSE: 8.3853
 Accepted count: 182
 Basinhop count: 29


adaptive stepsize: acceptance rate 0.541916 target 0.500000 new stepsize 1.88168 old stepsize 1.69351
warning: basinhopping: local minimization failure
basinhopping step 334: f 771501 trial_f 7.11221e+07 accepted 0  lowest_f 771501
 Fit Status: False
 Force threshold: 0.4587
 Lowest RMSE: 1.0493
 Current RMSE: 8.0114
 Accepted count: 182
 Basinhop count: 30


adaptive stepsize: acceptance rate 0.540299 target 0.500000 new stepsize 2.09075 old stepsize 1.88168
basinhopping step 335: f 771501 trial_f 8.84211e+06 accepted 0  lowest_f 771501
 Fit Status: False
 Force threshold: 0.4587
 Lowest RMSE: 1.0493
 Current RMSE: 3.4397
 Accepted count: 182
 Basinhop count: 31


adaptive stepsize: acceptance rate 0.538690 target 0.500000 new stepsize 2.32306 old stepsize 2.09075
warning: basinhopping: local minimization failure
basinhopping step 336: f 771501 trial_f 9.49178e+07 accepted 0  lowest_f 771501
 Fit Status: False
 Force threshold: 0.4587
 Lowest RMSE: 1.0493
 Current RMSE: 8.1087
 Accepted count: 182
 Basinhop count: 32


adaptive stepsize: acceptance rate 0.537092 target 0.500000 new stepsize 2.58117 old stepsize 2.32306
warning: basinhopping: local minimization failure
basinhopping step 337: f 771501 trial_f 1.0213e+08 accepted 0  lowest_f 771501
 Fit Status: False
 Force threshold: 0.4587
 Lowest RMSE: 1.0493
 Current RMSE: 8.6787
 Accepted count: 182
 Basinhop count: 33


adaptive stepsize: acceptance rate 0.535503 target 0.500000 new stepsize 2.86797 old stepsize 2.58117
warning: basinhopping: local minimization failure
basinhopping step 338: f 771501 trial_f 7.55979e+08 accepted 0  lowest_f 771501
 Fit Status: False
 Force threshold: 0.4587
 Lowest RMSE: 1.0493
 Current RMSE: 25.6555
 Accepted count: 182
 Basinhop count: 34


adaptive stepsize: acceptance rate 0.533923 target 0.500000 new stepsize 3.18664 old stepsize 2.86797
warning: basinhopping: local minimization failure
basinhopping step 339: f 771501 trial_f 7.6034e+08 accepted 0  lowest_f 771501
 Fit Status: False
 Force threshold: 0.4587
 Lowest RMSE: 1.0493
 Current RMSE: 22.1521
 Accepted count: 182
 Basinhop count: 35


adaptive stepsize: acceptance rate 0.532353 target 0.500000 new stepsize 3.54071 old stepsize 3.18664
warning: basinhopping: local minimization failure
basinhopping step 340: f 771501 trial_f 8.70029e+08 accepted 0  lowest_f 771501
 Fit Status: False
 Force threshold: 0.4587
 Lowest RMSE: 1.0493
 Current RMSE: 28.1856
 Accepted count: 182
 Basinhop count: 36


adaptive stepsize: acceptance rate 0.530792 target 0.500000 new stepsize 3.93412 old stepsize 3.54071
warning: basinhopping: local minimization failure
basinhopping step 341: f 771501 trial_f 3.80237e+08 accepted 0  lowest_f 771501
 Fit Status: False
 Force threshold: 0.4587
 Lowest RMSE: 1.0493
 Current RMSE: 18.9669
 Accepted count: 182
 Basinhop count: 37


adaptive stepsize: acceptance rate 0.529240 target 0.500000 new stepsize 4.37124 old stepsize 3.93412
warning: basinhopping: local minimization failure
basinhopping step 342: f 771501 trial_f 1.3233e+08 accepted 0  lowest_f 771501
 Fit Status: False
 Force threshold: 0.4587
 Lowest RMSE: 1.0493
 Current RMSE: 11.7042
 Accepted count: 182
 Basinhop count: 38


adaptive stepsize: acceptance rate 0.527697 target 0.500000 new stepsize 4.85694 old stepsize 4.37124
warning: basinhopping: local minimization failure
basinhopping step 343: f 771501 trial_f 6.97145e+07 accepted 0  lowest_f 771501
 Fit Status: False
 Force threshold: 0.4587
 Lowest RMSE: 1.0493
 Current RMSE: 12.9973
 Accepted count: 182
 Basinhop count: 39


adaptive stepsize: acceptance rate 0.526163 target 0.500000 new stepsize 5.3966 old stepsize 4.85694
warning: basinhopping: local minimization failure
basinhopping step 344: f 771501 trial_f 9.24326e+08 accepted 0  lowest_f 771501
 Fit Status: False
 Force threshold: 0.4587
 Lowest RMSE: 1.0493
 Current RMSE: 32.5576
 Accepted count: 182
 Basinhop count: 40


adaptive stepsize: acceptance rate 0.524638 target 0.500000 new stepsize 5.99622 old stepsize 5.3966
warning: basinhopping: local minimization failure
basinhopping step 345: f 771501 trial_f 1.46548e+09 accepted 0  lowest_f 771501
 Fit Status: False
 Force threshold: 0.4587
 Lowest RMSE: 1.0493
 Current RMSE: 40.4890
 Accepted count: 182
 Basinhop count: 41


adaptive stepsize: acceptance rate 0.523121 target 0.500000 new stepsize 6.66246 old stepsize 5.99622
warning: basinhopping: local minimization failure
basinhopping step 346: f 771501 trial_f 4.55544e+08 accepted 0  lowest_f 771501
 Fit Status: False
 Force threshold: 0.4587
 Lowest RMSE: 1.0493
 Current RMSE: 21.9179
 Accepted count: 182
 Basinhop count: 42


adaptive stepsize: acceptance rate 0.521614 target 0.500000 new stepsize 7.40274 old stepsize 6.66246
warning: basinhopping: local minimization failure
basinhopping step 347: f 771501 trial_f 2.23726e+09 accepted 0  lowest_f 771501
 Fit Status: False
 Force threshold: 0.4587
 Lowest RMSE: 1.0493
 Current RMSE: 40.7338
 Accepted count: 182
 Basinhop count: 43


adaptive stepsize: acceptance rate 0.520115 target 0.500000 new stepsize 8.22526 old stepsize 7.40274
warning: basinhopping: local minimization failure
basinhopping step 348: f 771501 trial_f 1.3813e+09 accepted 0  lowest_f 771501
 Fit Status: False
 Force threshold: 0.4587
 Lowest RMSE: 1.0493
 Current RMSE: 32.1486
 Accepted count: 182
 Basinhop count: 44


adaptive stepsize: acceptance rate 0.518625 target 0.500000 new stepsize 9.13918 old stepsize 8.22526
warning: basinhopping: local minimization failure
basinhopping step 349: f 771501 trial_f 5.19527e+08 accepted 0  lowest_f 771501
 Fit Status: False
 Force threshold: 0.4587
 Lowest RMSE: 1.0493
 Current RMSE: 23.5415
 Accepted count: 182
 Basinhop count: 45


adaptive stepsize: acceptance rate 0.517143 target 0.500000 new stepsize 10.1546 old stepsize 9.13918
warning: basinhopping: local minimization failure
basinhopping step 350: f 771501 trial_f 1.10715e+09 accepted 0  lowest_f 771501
 Fit Status: False
 Force threshold: 0.4587
 Lowest RMSE: 1.0493
 Current RMSE: 30.8487
 Accepted count: 182
 Basinhop count: 46


adaptive stepsize: acceptance rate 0.515670 target 0.500000 new stepsize 11.2829 old stepsize 10.1546
warning: basinhopping: local minimization failure
basinhopping step 351: f 771501 trial_f 1.30008e+09 accepted 0  lowest_f 771501
 Fit Status: False
 Force threshold: 0.4587
 Lowest RMSE: 1.0493
 Current RMSE: 36.4953
 Accepted count: 182
 Basinhop count: 47


adaptive stepsize: acceptance rate 0.514205 target 0.500000 new stepsize 12.5366 old stepsize 11.2829
warning: basinhopping: local minimization failure
basinhopping step 352: f 771501 trial_f 4.2725e+09 accepted 0  lowest_f 771501
 Fit Status: False
 Force threshold: 0.4587
 Lowest RMSE: 1.0493
 Current RMSE: 66.2885
 Accepted count: 182
 Basinhop count: 48


adaptive stepsize: acceptance rate 0.512748 target 0.500000 new stepsize 13.9296 old stepsize 12.5366
warning: basinhopping: local minimization failure
basinhopping step 353: f 771501 trial_f 9.38516e+08 accepted 0  lowest_f 771501
 Fit Status: False
 Force threshold: 0.4587
 Lowest RMSE: 1.0493
 Current RMSE: 30.8037
 Accepted count: 182
 Basinhop count: 49


adaptive stepsize: acceptance rate 0.511299 target 0.500000 new stepsize 15.4773 old stepsize 13.9296
warning: basinhopping: local minimization failure
basinhopping step 354: f 771501 trial_f 2.36919e+09 accepted 0  lowest_f 771501
 Fit Status: False
 Force threshold: 0.4587
 Lowest RMSE: 1.0493
 Current RMSE: 45.9128
 Accepted count: 182
 Basinhop count: 50


adaptive stepsize: acceptance rate 0.509859 target 0.500000 new stepsize 17.197 old stepsize 15.4773
warning: basinhopping: local minimization failure
basinhopping step 355: f 771501 trial_f 1.88492e+09 accepted 0  lowest_f 771501
 Fit Status: False
 Force threshold: 0.4587
 Lowest RMSE: 1.0493
 Current RMSE: 50.7312
 Accepted count: 182
 Basinhop count: 51


adaptive stepsize: acceptance rate 0.508427 target 0.500000 new stepsize 19.1078 old stepsize 17.197
warning: basinhopping: local minimization failure
basinhopping step 356: f 771501 trial_f 2.80231e+09 accepted 0  lowest_f 771501
 Fit Status: False
 Force threshold: 0.4587
 Lowest RMSE: 1.0493
 Current RMSE: 48.9784
 Accepted count: 182
 Basinhop count: 52


adaptive stepsize: acceptance rate 0.507003 target 0.500000 new stepsize 21.2308 old stepsize 19.1078
warning: basinhopping: local minimization failure
basinhopping step 357: f 771501 trial_f 1.29413e+10 accepted 0  lowest_f 771501
 Fit Status: False
 Force threshold: 0.4587
 Lowest RMSE: 1.0493
 Current RMSE: 100.7227
 Accepted count: 182
 Basinhop count: 53


adaptive stepsize: acceptance rate 0.505587 target 0.500000 new stepsize 23.5898 old stepsize 21.2308
warning: basinhopping: local minimization failure
basinhopping step 358: f 771501 trial_f 2.49945e+09 accepted 0  lowest_f 771501
 Fit Status: False
 Force threshold: 0.4587
 Lowest RMSE: 1.0493
 Current RMSE: 47.9431
 Accepted count: 182
 Basinhop count: 54


adaptive stepsize: acceptance rate 0.504178 target 0.500000 new stepsize 26.2109 old stepsize 23.5898
warning: basinhopping: local minimization failure
basinhopping step 359: f 771501 trial_f 5.47472e+09 accepted 0  lowest_f 771501
 Fit Status: False
 Force threshold: 0.4587
 Lowest RMSE: 1.0493
 Current RMSE: 75.8432
 Accepted count: 182
 Basinhop count: 55


adaptive stepsize: acceptance rate 0.502778 target 0.500000 new stepsize 29.1232 old stepsize 26.2109
warning: basinhopping: local minimization failure
basinhopping step 360: f 771501 trial_f 1.99068e+10 accepted 0  lowest_f 771501
 Fit Status: False
 Force threshold: 0.4587
 Lowest RMSE: 1.0493
 Current RMSE: 130.3325
 Accepted count: 182
 Basinhop count: 56


adaptive stepsize: acceptance rate 0.501385 target 0.500000 new stepsize 32.3592 old stepsize 29.1232
warning: basinhopping: local minimization failure
basinhopping step 361: f 771501 trial_f 2.28638e+10 accepted 0  lowest_f 771501
 Fit Status: False
 Force threshold: 0.4587
 Lowest RMSE: 1.0493
 Current RMSE: 158.2309
 Accepted count: 182
 Basinhop count: 57


adaptive stepsize: acceptance rate 0.500000 target 0.500000 new stepsize 29.1232 old stepsize 32.3592
warning: basinhopping: local minimization failure
basinhopping step 362: f 771501 trial_f 2.65967e+10 accepted 0  lowest_f 771501
 Fit Status: False
 Force threshold: 0.4587
 Lowest RMSE: 1.0493
 Current RMSE: 155.0824
 Accepted count: 182
 Basinhop count: 58


adaptive stepsize: acceptance rate 0.498623 target 0.500000 new stepsize 26.2109 old stepsize 29.1232
warning: basinhopping: local minimization failure
basinhopping step 363: f 771501 trial_f 7.4162e+09 accepted 0  lowest_f 771501
 Fit Status: False
 Force threshold: 0.4587
 Lowest RMSE: 1.0493
 Current RMSE: 87.6138
 Accepted count: 182
 Basinhop count: 59


adaptive stepsize: acceptance rate 0.497253 target 0.500000 new stepsize 23.5898 old stepsize 26.2109
warning: basinhopping: local minimization failure
basinhopping step 364: f 771501 trial_f 1.48651e+10 accepted 0  lowest_f 771501
 Fit Status: False
 Force threshold: 0.4587
 Lowest RMSE: 1.0493
 Current RMSE: 126.8515
 Accepted count: 182
 Basinhop count: 60


adaptive stepsize: acceptance rate 0.495890 target 0.500000 new stepsize 21.2308 old stepsize 23.5898
warning: basinhopping: local minimization failure
basinhopping step 365: f 771501 trial_f 3.76111e+09 accepted 0  lowest_f 771501
 Fit Status: False
 Force threshold: 0.4587
 Lowest RMSE: 1.0493
 Current RMSE: 54.9256
 Accepted count: 182
 Basinhop count: 61


adaptive stepsize: acceptance rate 0.494536 target 0.500000 new stepsize 19.1078 old stepsize 21.2308
warning: basinhopping: local minimization failure
basinhopping step 366: f 771501 trial_f 7.41493e+08 accepted 0  lowest_f 771501
 Fit Status: False
 Force threshold: 0.4587
 Lowest RMSE: 1.0493
 Current RMSE: 32.3377
 Accepted count: 182
 Basinhop count: 62


adaptive stepsize: acceptance rate 0.493188 target 0.500000 new stepsize 17.197 old stepsize 19.1078
warning: basinhopping: local minimization failure
basinhopping step 367: f 771501 trial_f 6.28851e+09 accepted 0  lowest_f 771501
 Fit Status: False
 Force threshold: 0.4587
 Lowest RMSE: 1.0493
 Current RMSE: 81.1533
 Accepted count: 182
 Basinhop count: 63


adaptive stepsize: acceptance rate 0.491848 target 0.500000 new stepsize 15.4773 old stepsize 17.197
warning: basinhopping: local minimization failure
basinhopping step 368: f 771501 trial_f 5.43827e+09 accepted 0  lowest_f 771501
 Fit Status: False
 Force threshold: 0.4587
 Lowest RMSE: 1.0493
 Current RMSE: 79.4724
 Accepted count: 182
 Basinhop count: 64


adaptive stepsize: acceptance rate 0.490515 target 0.500000 new stepsize 13.9296 old stepsize 15.4773
warning: basinhopping: local minimization failure
basinhopping step 369: f 771501 trial_f 5.31463e+09 accepted 0  lowest_f 771501
 Fit Status: False
 Force threshold: 0.4587
 Lowest RMSE: 1.0493
 Current RMSE: 65.2495
 Accepted count: 182
 Basinhop count: 65


adaptive stepsize: acceptance rate 0.489189 target 0.500000 new stepsize 12.5366 old stepsize 13.9296
warning: basinhopping: local minimization failure
basinhopping step 370: f 771501 trial_f 7.00631e+09 accepted 0  lowest_f 771501
 Fit Status: False
 Force threshold: 0.4587
 Lowest RMSE: 1.0493
 Current RMSE: 71.6458
 Accepted count: 182
 Basinhop count: 66


adaptive stepsize: acceptance rate 0.487871 target 0.500000 new stepsize 11.2829 old stepsize 12.5366
warning: basinhopping: local minimization failure
basinhopping step 371: f 771501 trial_f 3.322e+09 accepted 0  lowest_f 771501
 Fit Status: False
 Force threshold: 0.4587
 Lowest RMSE: 1.0493
 Current RMSE: 55.3467
 Accepted count: 182
 Basinhop count: 67


adaptive stepsize: acceptance rate 0.486559 target 0.500000 new stepsize 10.1546 old stepsize 11.2829
warning: basinhopping: local minimization failure
basinhopping step 372: f 771501 trial_f 3.57693e+09 accepted 0  lowest_f 771501
 Fit Status: False
 Force threshold: 0.4587
 Lowest RMSE: 1.0493
 Current RMSE: 51.3309
 Accepted count: 182
 Basinhop count: 68


adaptive stepsize: acceptance rate 0.485255 target 0.500000 new stepsize 9.13918 old stepsize 10.1546
warning: basinhopping: local minimization failure
basinhopping step 373: f 771501 trial_f 1.43565e+09 accepted 0  lowest_f 771501
 Fit Status: False
 Force threshold: 0.4587
 Lowest RMSE: 1.0493
 Current RMSE: 38.7043
 Accepted count: 182
 Basinhop count: 69


adaptive stepsize: acceptance rate 0.483957 target 0.500000 new stepsize 8.22526 old stepsize 9.13918
warning: basinhopping: local minimization failure
basinhopping step 374: f 771501 trial_f 2.96062e+09 accepted 0  lowest_f 771501
 Fit Status: False
 Force threshold: 0.4587
 Lowest RMSE: 1.0493
 Current RMSE: 44.7428
 Accepted count: 182
 Basinhop count: 70


adaptive stepsize: acceptance rate 0.482667 target 0.500000 new stepsize 7.40274 old stepsize 8.22526
warning: basinhopping: local minimization failure
basinhopping step 375: f 771501 trial_f 9.47757e+08 accepted 0  lowest_f 771501
 Fit Status: False
 Force threshold: 0.4587
 Lowest RMSE: 1.0493
 Current RMSE: 29.4631
 Accepted count: 182
 Basinhop count: 71


adaptive stepsize: acceptance rate 0.481383 target 0.500000 new stepsize 6.66246 old stepsize 7.40274
warning: basinhopping: local minimization failure
basinhopping step 376: f 771501 trial_f 7.81405e+08 accepted 0  lowest_f 771501
 Fit Status: False
 Force threshold: 0.4587
 Lowest RMSE: 1.0493
 Current RMSE: 25.1199
 Accepted count: 182
 Basinhop count: 72


adaptive stepsize: acceptance rate 0.480106 target 0.500000 new stepsize 5.99622 old stepsize 6.66246
warning: basinhopping: local minimization failure
basinhopping step 377: f 771501 trial_f 1.43531e+09 accepted 0  lowest_f 771501
 Fit Status: False
 Force threshold: 0.4587
 Lowest RMSE: 1.0493
 Current RMSE: 36.1830
 Accepted count: 182
 Basinhop count: 73


adaptive stepsize: acceptance rate 0.478836 target 0.500000 new stepsize 5.3966 old stepsize 5.99622
warning: basinhopping: local minimization failure
basinhopping step 378: f 771501 trial_f 2.50538e+08 accepted 0  lowest_f 771501
 Fit Status: False
 Force threshold: 0.4587
 Lowest RMSE: 1.0493
 Current RMSE: 16.8847
 Accepted count: 182
 Basinhop count: 74


adaptive stepsize: acceptance rate 0.477573 target 0.500000 new stepsize 4.85694 old stepsize 5.3966
warning: basinhopping: local minimization failure
basinhopping step 379: f 771501 trial_f 5.04036e+09 accepted 0  lowest_f 771501
 Fit Status: False
 Force threshold: 0.4587
 Lowest RMSE: 1.0493
 Current RMSE: 79.0890
 Accepted count: 182
 Basinhop count: 75


adaptive stepsize: acceptance rate 0.476316 target 0.500000 new stepsize 4.37124 old stepsize 4.85694
warning: basinhopping: local minimization failure
basinhopping step 380: f 771501 trial_f 6.66492e+08 accepted 0  lowest_f 771501
 Fit Status: False
 Force threshold: 0.4587
 Lowest RMSE: 1.0493
 Current RMSE: 23.2052
 Accepted count: 182
 Basinhop count: 76


adaptive stepsize: acceptance rate 0.475066 target 0.500000 new stepsize 3.93412 old stepsize 4.37124
warning: basinhopping: local minimization failure
basinhopping step 381: f 771501 trial_f 8.6532e+08 accepted 0  lowest_f 771501
 Fit Status: False
 Force threshold: 0.4587
 Lowest RMSE: 1.0493
 Current RMSE: 24.3775
 Accepted count: 182
 Basinhop count: 77


adaptive stepsize: acceptance rate 0.473822 target 0.500000 new stepsize 3.54071 old stepsize 3.93412
warning: basinhopping: local minimization failure
basinhopping step 382: f 771501 trial_f 3.84941e+08 accepted 0  lowest_f 771501
 Fit Status: False
 Force threshold: 0.4587
 Lowest RMSE: 1.0493
 Current RMSE: 17.6361
 Accepted count: 182
 Basinhop count: 78


adaptive stepsize: acceptance rate 0.472585 target 0.500000 new stepsize 3.18664 old stepsize 3.54071
warning: basinhopping: local minimization failure
basinhopping step 383: f 771501 trial_f 1.48333e+08 accepted 0  lowest_f 771501
 Fit Status: False
 Force threshold: 0.4587
 Lowest RMSE: 1.0493
 Current RMSE: 13.5072
 Accepted count: 182
 Basinhop count: 79


adaptive stepsize: acceptance rate 0.471354 target 0.500000 new stepsize 2.86797 old stepsize 3.18664
warning: basinhopping: local minimization failure
basinhopping step 384: f 771501 trial_f 8.25069e+07 accepted 0  lowest_f 771501
 Fit Status: False
 Force threshold: 0.4587
 Lowest RMSE: 1.0493
 Current RMSE: 8.3551
 Accepted count: 182
 Basinhop count: 80


adaptive stepsize: acceptance rate 0.470130 target 0.500000 new stepsize 2.58117 old stepsize 2.86797
warning: basinhopping: local minimization failure
basinhopping step 385: f 771501 trial_f 6.91713e+07 accepted 0  lowest_f 771501
 Fit Status: False
 Force threshold: 0.4587
 Lowest RMSE: 1.0493
 Current RMSE: 8.1353
 Accepted count: 182
 Basinhop count: 81


adaptive stepsize: acceptance rate 0.468912 target 0.500000 new stepsize 2.32306 old stepsize 2.58117
warning: basinhopping: local minimization failure
basinhopping step 386: f 771501 trial_f 2.36841e+08 accepted 0  lowest_f 771501
 Fit Status: False
 Force threshold: 0.4587
 Lowest RMSE: 1.0493
 Current RMSE: 14.9376
 Accepted count: 182
 Basinhop count: 82


adaptive stepsize: acceptance rate 0.467700 target 0.500000 new stepsize 2.09075 old stepsize 2.32306
warning: basinhopping: local minimization failure
basinhopping step 387: f 771501 trial_f 2.11407e+08 accepted 0  lowest_f 771501
 Fit Status: False
 Force threshold: 0.4587
 Lowest RMSE: 1.0493
 Current RMSE: 14.6341
 Accepted count: 182
 Basinhop count: 83


adaptive stepsize: acceptance rate 0.466495 target 0.500000 new stepsize 1.88168 old stepsize 2.09075
warning: basinhopping: local minimization failure
basinhopping step 388: f 771501 trial_f 1.29381e+08 accepted 0  lowest_f 771501
 Fit Status: False
 Force threshold: 0.4587
 Lowest RMSE: 1.0493
 Current RMSE: 12.0737
 Accepted count: 182
 Basinhop count: 84


adaptive stepsize: acceptance rate 0.465296 target 0.500000 new stepsize 1.69351 old stepsize 1.88168
warning: basinhopping: local minimization failure
basinhopping step 389: f 771501 trial_f 5.40279e+08 accepted 0  lowest_f 771501
 Fit Status: False
 Force threshold: 0.4587
 Lowest RMSE: 1.0493
 Current RMSE: 24.2664
 Accepted count: 182
 Basinhop count: 85


adaptive stepsize: acceptance rate 0.464103 target 0.500000 new stepsize 1.52416 old stepsize 1.69351
warning: basinhopping: local minimization failure
basinhopping step 390: f 771501 trial_f 2.01611e+08 accepted 0  lowest_f 771501
 Fit Status: False
 Force threshold: 0.4587
 Lowest RMSE: 1.0493
 Current RMSE: 13.2375
 Accepted count: 182
 Basinhop count: 86


adaptive stepsize: acceptance rate 0.462916 target 0.500000 new stepsize 1.37174 old stepsize 1.52416
basinhopping step 391: f 771501 trial_f 8.23988e+06 accepted 0  lowest_f 771501
 Fit Status: False
 Force threshold: 0.4587
 Lowest RMSE: 1.0493
 Current RMSE: 2.5961
 Accepted count: 182
 Basinhop count: 87


adaptive stepsize: acceptance rate 0.461735 target 0.500000 new stepsize 1.23457 old stepsize 1.37174
warning: basinhopping: local minimization failure
basinhopping step 392: f 771501 trial_f 8.59415e+07 accepted 0  lowest_f 771501
 Fit Status: False
 Force threshold: 0.4587
 Lowest RMSE: 1.0493
 Current RMSE: 8.2381
 Accepted count: 182
 Basinhop count: 88


adaptive stepsize: acceptance rate 0.460560 target 0.500000 new stepsize 1.11111 old stepsize 1.23457
warning: basinhopping: local minimization failure
basinhopping step 393: f 771501 trial_f 4.32217e+07 accepted 0  lowest_f 771501
 Fit Status: False
 Force threshold: 0.4587
 Lowest RMSE: 1.0493
 Current RMSE: 5.8138
 Accepted count: 182
 Basinhop count: 89


adaptive stepsize: acceptance rate 0.459391 target 0.500000 new stepsize 1 old stepsize 1.11111
warning: basinhopping: local minimization failure
basinhopping step 394: f 771501 trial_f 3.06183e+07 accepted 0  lowest_f 771501
 Fit Status: False
 Force threshold: 0.4587
 Lowest RMSE: 1.0493
 Current RMSE: 5.3701
 Accepted count: 182
 Basinhop count: 90


adaptive stepsize: acceptance rate 0.458228 target 0.500000 new stepsize 0.9 old stepsize 1
basinhopping step 395: f 771501 trial_f 6.72069e+06 accepted 0  lowest_f 771501
 Fit Status: False
 Force threshold: 0.4587
 Lowest RMSE: 1.0493
 Current RMSE: 2.6603
 Accepted count: 182
 Basinhop count: 91


adaptive stepsize: acceptance rate 0.457071 target 0.500000 new stepsize 0.81 old stepsize 0.9
basinhopping step 396: f 771501 trial_f 3.46901e+06 accepted 0  lowest_f 771501
 Fit Status: False
 Force threshold: 0.4587
 Lowest RMSE: 1.0493
 Current RMSE: 2.5057
 Accepted count: 182
 Basinhop count: 92


adaptive stepsize: acceptance rate 0.455919 target 0.500000 new stepsize 0.729 old stepsize 0.81
basinhopping step 397: f 771501 trial_f 1.42432e+07 accepted 0  lowest_f 771501
 Fit Status: False
 Force threshold: 0.4587
 Lowest RMSE: 1.0493
 Current RMSE: 3.5222
 Accepted count: 182
 Basinhop count: 93


adaptive stepsize: acceptance rate 0.454774 target 0.500000 new stepsize 0.6561 old stepsize 0.729
basinhopping step 398: f 771501 trial_f 7.68191e+06 accepted 0  lowest_f 771501
 Fit Status: False
 Force threshold: 0.4587
 Lowest RMSE: 1.0493
 Current RMSE: 2.7943
 Accepted count: 182
 Basinhop count: 94


adaptive stepsize: acceptance rate 0.453634 target 0.500000 new stepsize 0.59049 old stepsize 0.6561
basinhopping step 399: f 771501 trial_f 1.31176e+06 accepted 0  lowest_f 771501
 Fit Status: False
 Force threshold: 0.4587
 Lowest RMSE: 1.0493
 Current RMSE: 1.6301
 Accepted count: 182
 Basinhop count: 95


adaptive stepsize: acceptance rate 0.452500 target 0.500000 new stepsize 0.531441 old stepsize 0.59049
basinhopping step 400: f 771501 trial_f 2.2344e+06 accepted 0  lowest_f 771501
 Fit Status: False
 Force threshold: 0.4587
 Lowest RMSE: 1.0493
 Current RMSE: 1.8435
 Accepted count: 182
 Basinhop count: 96


adaptive stepsize: acceptance rate 0.451372 target 0.500000 new stepsize 0.478297 old stepsize 0.531441
basinhopping step 401: f 771501 trial_f 1.04792e+07 accepted 0  lowest_f 771501
 Fit Status: False
 Force threshold: 0.4587
 Lowest RMSE: 1.0493
 Current RMSE: 3.1962
 Accepted count: 182
 Basinhop count: 97


adaptive stepsize: acceptance rate 0.450249 target 0.500000 new stepsize 0.430467 old stepsize 0.478297
basinhopping step 402: f 771501 trial_f 1.98701e+06 accepted 0  lowest_f 771501
 Fit Status: False
 Force threshold: 0.4587
 Lowest RMSE: 1.0493
 Current RMSE: 1.7599
 Accepted count: 182
 Basinhop count: 98


adaptive stepsize: acceptance rate 0.449132 target 0.500000 new stepsize 0.38742 old stepsize 0.430467
basinhopping step 403: f 771501 trial_f 2.46403e+06 accepted 0  lowest_f 771501
 Fit Status: False
 Force threshold: 0.4587
 Lowest RMSE: 1.0493
 Current RMSE: 1.7708
 Accepted count: 182
 Basinhop count: 99


adaptive stepsize: acceptance rate 0.448020 target 0.500000 new stepsize 0.348678 old stepsize 0.38742
basinhopping step 404: f 771501 trial_f 836203 accepted 0  lowest_f 771501
 Fit Status: False
 Force threshold: 0.4587
 Lowest RMSE: 0.9317
 Current RMSE: 0.9317
 Accepted count: 182
 Basinhop count: 100


adaptive stepsize: acceptance rate 0.446914 target 0.500000 new stepsize 0.313811 old stepsize 0.348678
basinhopping step 405: f 771501 trial_f 1.96926e+06 accepted 0  lowest_f 771501
 Fit Status: False
 Force threshold: 0.4587
 Lowest RMSE: 0.9317
 Current RMSE: 1.6054
 Accepted count: 182
 Basinhop count: 101


adaptive stepsize: acceptance rate 0.445813 target 0.500000 new stepsize 0.28243 old stepsize 0.313811
basinhopping step 406: f 771501 trial_f 4.16743e+06 accepted 0  lowest_f 771501
 Fit Status: False
 Force threshold: 0.4587
 Lowest RMSE: 0.9317
 Current RMSE: 1.9237
 Accepted count: 182
 Basinhop count: 102


adaptive stepsize: acceptance rate 0.444717 target 0.500000 new stepsize 0.254187 old stepsize 0.28243
basinhopping step 407: f 771501 trial_f 1.53934e+06 accepted 0  lowest_f 771501
 Fit Status: False
 Force threshold: 0.4587
 Lowest RMSE: 0.9317
 Current RMSE: 1.3915
 Accepted count: 182
 Basinhop count: 103


adaptive stepsize: acceptance rate 0.443627 target 0.500000 new stepsize 0.228768 old stepsize 0.254187
basinhopping step 408: f 770370 trial_f 770370 accepted 1  lowest_f 770370
found new global minimum on step 408 with function value 770370
 Fit Status: False
 Force threshold: 0.4587
 Lowest RMSE: 0.9317
 Current RMSE: 1.0840
 Accepted count: 183
 Basinhop count: 0


adaptive stepsize: acceptance rate 0.444988 target 0.500000 new stepsize 0.205891 old stepsize 0.228768
basinhopping step 409: f 770370 trial_f 950158 accepted 0  lowest_f 770370
 Fit Status: False
 Force threshold: 0.4587
 Lowest RMSE: 0.9317
 Current RMSE: 1.0254
 Accepted count: 183
 Basinhop count: 1


adaptive stepsize: acceptance rate 0.443902 target 0.500000 new stepsize 0.185302 old stepsize 0.205891
basinhopping step 410: f 770370 trial_f 1.27385e+06 accepted 0  lowest_f 770370
 Fit Status: False
 Force threshold: 0.4587
 Lowest RMSE: 0.9317
 Current RMSE: 1.3837
 Accepted count: 183
 Basinhop count: 2


adaptive stepsize: acceptance rate 0.442822 target 0.500000 new stepsize 0.166772 old stepsize 0.185302
basinhopping step 411: f 770370 trial_f 2.06773e+06 accepted 0  lowest_f 770370
 Fit Status: False
 Force threshold: 0.4587
 Lowest RMSE: 0.9317
 Current RMSE: 1.5080
 Accepted count: 183
 Basinhop count: 3


adaptive stepsize: acceptance rate 0.441748 target 0.500000 new stepsize 0.150095 old stepsize 0.166772
basinhopping step 412: f 770370 trial_f 1.66943e+06 accepted 0  lowest_f 770370
 Fit Status: False
 Force threshold: 0.4587
 Lowest RMSE: 0.9317
 Current RMSE: 1.3387
 Accepted count: 183
 Basinhop count: 4


adaptive stepsize: acceptance rate 0.440678 target 0.500000 new stepsize 0.135085 old stepsize 0.150095
basinhopping step 413: f 770370 trial_f 943142 accepted 0  lowest_f 770370
 Fit Status: False
 Force threshold: 0.4587
 Lowest RMSE: 0.9317
 Current RMSE: 1.2133
 Accepted count: 183
 Basinhop count: 5


adaptive stepsize: acceptance rate 0.439614 target 0.500000 new stepsize 0.121577 old stepsize 0.135085
basinhopping step 414: f 619933 trial_f 619933 accepted 1  lowest_f 619933
found new global minimum on step 414 with function value 619933
 Fit Status: False
 Force threshold: 0.4587
 Lowest RMSE: 0.9191
 Current RMSE: 0.9191
 Accepted count: 184
 Basinhop count: 0


adaptive stepsize: acceptance rate 0.440964 target 0.500000 new stepsize 0.109419 old stepsize 0.121577
basinhopping step 415: f 616733 trial_f 616733 accepted 1  lowest_f 616733
found new global minimum on step 415 with function value 616733
 Fit Status: False
 Force threshold: 0.4587
 Lowest RMSE: 0.9068
 Current RMSE: 0.9068
 Accepted count: 185
 Basinhop count: 0


adaptive stepsize: acceptance rate 0.442308 target 0.500000 new stepsize 0.0984771 old stepsize 0.109419
basinhopping step 416: f 616733 trial_f 933272 accepted 0  lowest_f 616733
 Fit Status: False
 Force threshold: 0.4587
 Lowest RMSE: 0.9068
 Current RMSE: 1.0261
 Accepted count: 185
 Basinhop count: 1


adaptive stepsize: acceptance rate 0.441247 target 0.500000 new stepsize 0.0886294 old stepsize 0.0984771
basinhopping step 417: f 616733 trial_f 675656 accepted 0  lowest_f 616733
 Fit Status: False
 Force threshold: 0.4587
 Lowest RMSE: 0.9068
 Current RMSE: 0.9886
 Accepted count: 185
 Basinhop count: 2


adaptive stepsize: acceptance rate 0.440191 target 0.500000 new stepsize 0.0797664 old stepsize 0.0886294
basinhopping step 418: f 502529 trial_f 502529 accepted 1  lowest_f 502529
found new global minimum on step 418 with function value 502529
 Fit Status: False
 Force threshold: 0.4587
 Lowest RMSE: 0.8667
 Current RMSE: 0.8667
 Accepted count: 186
 Basinhop count: 0


adaptive stepsize: acceptance rate 0.441527 target 0.500000 new stepsize 0.0717898 old stepsize 0.0797664
basinhopping step 419: f 502529 trial_f 594868 accepted 0  lowest_f 502529
 Fit Status: False
 Force threshold: 0.4587
 Lowest RMSE: 0.8667
 Current RMSE: 0.9035
 Accepted count: 186
 Basinhop count: 1


adaptive stepsize: acceptance rate 0.440476 target 0.500000 new stepsize 0.0646108 old stepsize 0.0717898
basinhopping step 420: f 502529 trial_f 579712 accepted 0  lowest_f 502529
 Fit Status: False
 Force threshold: 0.4587
 Lowest RMSE: 0.8667
 Current RMSE: 0.9274
 Accepted count: 186
 Basinhop count: 2


adaptive stepsize: acceptance rate 0.439430 target 0.500000 new stepsize 0.0581497 old stepsize 0.0646108
basinhopping step 421: f 492700 trial_f 492700 accepted 1  lowest_f 492700
found new global minimum on step 421 with function value 492700
 Fit Status: False
 Force threshold: 0.4587
 Lowest RMSE: 0.8328
 Current RMSE: 0.8328
 Accepted count: 187
 Basinhop count: 0


adaptive stepsize: acceptance rate 0.440758 target 0.500000 new stepsize 0.0523348 old stepsize 0.0581497
basinhopping step 422: f 492700 trial_f 548740 accepted 0  lowest_f 492700
 Fit Status: False
 Force threshold: 0.4587
 Lowest RMSE: 0.8328
 Current RMSE: 0.8577
 Accepted count: 187
 Basinhop count: 1


adaptive stepsize: acceptance rate 0.439716 target 0.500000 new stepsize 0.0471013 old stepsize 0.0523348
basinhopping step 423: f 492700 trial_f 585499 accepted 0  lowest_f 492700
 Fit Status: False
 Force threshold: 0.4587
 Lowest RMSE: 0.8328
 Current RMSE: 0.8446
 Accepted count: 187
 Basinhop count: 2


adaptive stepsize: acceptance rate 0.438679 target 0.500000 new stepsize 0.0423912 old stepsize 0.0471013
basinhopping step 424: f 479528 trial_f 479528 accepted 1  lowest_f 479528
found new global minimum on step 424 with function value 479528
 Fit Status: False
 Force threshold: 0.4587
 Lowest RMSE: 0.8328
 Current RMSE: 0.8393
 Accepted count: 188
 Basinhop count: 0


adaptive stepsize: acceptance rate 0.440000 target 0.500000 new stepsize 0.038152 old stepsize 0.0423912
basinhopping step 425: f 472753 trial_f 472753 accepted 1  lowest_f 472753
found new global minimum on step 425 with function value 472753
 Fit Status: False
 Force threshold: 0.4587
 Lowest RMSE: 0.8328
 Current RMSE: 0.8779
 Accepted count: 189
 Basinhop count: 0


adaptive stepsize: acceptance rate 0.441315 target 0.500000 new stepsize 0.0343368 old stepsize 0.038152
basinhopping step 426: f 472753 trial_f 487772 accepted 0  lowest_f 472753
 Fit Status: False
 Force threshold: 0.4587
 Lowest RMSE: 0.8328
 Current RMSE: 0.8725
 Accepted count: 189
 Basinhop count: 1


adaptive stepsize: acceptance rate 0.440281 target 0.500000 new stepsize 0.0309032 old stepsize 0.0343368
basinhopping step 427: f 472753 trial_f 476768 accepted 0  lowest_f 472753
 Fit Status: False
 Force threshold: 0.4587
 Lowest RMSE: 0.8328
 Current RMSE: 0.8443
 Accepted count: 189
 Basinhop count: 2


adaptive stepsize: acceptance rate 0.439252 target 0.500000 new stepsize 0.0278128 old stepsize 0.0309032
basinhopping step 428: f 472753 trial_f 501190 accepted 0  lowest_f 472753
 Fit Status: False
 Force threshold: 0.4587
 Lowest RMSE: 0.8328
 Current RMSE: 0.9006
 Accepted count: 189
 Basinhop count: 3


adaptive stepsize: acceptance rate 0.438228 target 0.500000 new stepsize 0.0250316 old stepsize 0.0278128
basinhopping step 429: f 472753 trial_f 510309 accepted 0  lowest_f 472753
 Fit Status: False
 Force threshold: 0.4587
 Lowest RMSE: 0.8328
 Current RMSE: 0.9247
 Accepted count: 189
 Basinhop count: 4


adaptive stepsize: acceptance rate 0.437209 target 0.500000 new stepsize 0.0225284 old stepsize 0.0250316
basinhopping step 430: f 449895 trial_f 449895 accepted 1  lowest_f 449895
found new global minimum on step 430 with function value 449895
 Fit Status: False
 Force threshold: 0.4587
 Lowest RMSE: 0.8328
 Current RMSE: 0.8472
 Accepted count: 190
 Basinhop count: 0


adaptive stepsize: acceptance rate 0.438515 target 0.500000 new stepsize 0.0202756 old stepsize 0.0225284
basinhopping step 431: f 441846 trial_f 441846 accepted 1  lowest_f 441846
found new global minimum on step 431 with function value 441846
 Fit Status: False
 Force threshold: 0.4587
 Lowest RMSE: 0.8328
 Current RMSE: 0.8438
 Accepted count: 191
 Basinhop count: 0


adaptive stepsize: acceptance rate 0.439815 target 0.500000 new stepsize 0.018248 old stepsize 0.0202756
basinhopping step 432: f 441846 trial_f 482283 accepted 0  lowest_f 441846
 Fit Status: False
 Force threshold: 0.4587
 Lowest RMSE: 0.8328
 Current RMSE: 0.8833
 Accepted count: 191
 Basinhop count: 1


adaptive stepsize: acceptance rate 0.438799 target 0.500000 new stepsize 0.0164232 old stepsize 0.018248
basinhopping step 433: f 428806 trial_f 428806 accepted 1  lowest_f 428806
found new global minimum on step 433 with function value 428806
 Fit Status: False
 Force threshold: 0.4587
 Lowest RMSE: 0.8328
 Current RMSE: 0.8328
 Accepted count: 192
 Basinhop count: 0


adaptive stepsize: acceptance rate 0.440092 target 0.500000 new stepsize 0.0147809 old stepsize 0.0164232
basinhopping step 434: f 428526 trial_f 428526 accepted 1  lowest_f 428526
found new global minimum on step 434 with function value 428526
 Fit Status: False
 Force threshold: 0.4587
 Lowest RMSE: 0.8308
 Current RMSE: 0.8308
 Accepted count: 193
 Basinhop count: 0


adaptive stepsize: acceptance rate 0.441379 target 0.500000 new stepsize 0.0133028 old stepsize 0.0147809
basinhopping step 435: f 428526 trial_f 431484 accepted 0  lowest_f 428526
 Fit Status: False
 Force threshold: 0.4587
 Lowest RMSE: 0.8294
 Current RMSE: 0.8294
 Accepted count: 193
 Basinhop count: 1


adaptive stepsize: acceptance rate 0.440367 target 0.500000 new stepsize 0.0119725 old stepsize 0.0133028
basinhopping step 436: f 420968 trial_f 420968 accepted 1  lowest_f 420968
found new global minimum on step 436 with function value 420968
 Fit Status: False
 Force threshold: 0.4587
 Lowest RMSE: 0.8294
 Current RMSE: 0.8355
 Accepted count: 194
 Basinhop count: 0


adaptive stepsize: acceptance rate 0.441648 target 0.500000 new stepsize 0.0107753 old stepsize 0.0119725
basinhopping step 437: f 417826 trial_f 417826 accepted 1  lowest_f 417826
found new global minimum on step 437 with function value 417826
 Fit Status: False
 Force threshold: 0.4587
 Lowest RMSE: 0.8220
 Current RMSE: 0.8220
 Accepted count: 195
 Basinhop count: 0


adaptive stepsize: acceptance rate 0.442922 target 0.500000 new stepsize 0.00969774 old stepsize 0.0107753
basinhopping step 438: f 417826 trial_f 434227 accepted 0  lowest_f 417826
 Fit Status: False
 Force threshold: 0.4587
 Lowest RMSE: 0.8220
 Current RMSE: 0.8488
 Accepted count: 195
 Basinhop count: 1


adaptive stepsize: acceptance rate 0.441913 target 0.500000 new stepsize 0.00872796 old stepsize 0.00969774
basinhopping step 439: f 417826 trial_f 419040 accepted 0  lowest_f 417826
 Fit Status: False
 Force threshold: 0.4587
 Lowest RMSE: 0.8099
 Current RMSE: 0.8099
 Accepted count: 195
 Basinhop count: 2


adaptive stepsize: acceptance rate 0.440909 target 0.500000 new stepsize 0.00785517 old stepsize 0.00872796
basinhopping step 440: f 412466 trial_f 412466 accepted 1  lowest_f 412466
found new global minimum on step 440 with function value 412466
 Fit Status: False
 Force threshold: 0.4587
 Lowest RMSE: 0.8099
 Current RMSE: 0.8201
 Accepted count: 196
 Basinhop count: 0


adaptive stepsize: acceptance rate 0.442177 target 0.500000 new stepsize 0.00706965 old stepsize 0.00785517
basinhopping step 441: f 412466 trial_f 414811 accepted 0  lowest_f 412466
 Fit Status: False
 Force threshold: 0.4587
 Lowest RMSE: 0.8099
 Current RMSE: 0.8261
 Accepted count: 196
 Basinhop count: 1


adaptive stepsize: acceptance rate 0.441176 target 0.500000 new stepsize 0.00636269 old stepsize 0.00706965
basinhopping step 442: f 411913 trial_f 411913 accepted 1  lowest_f 411913
found new global minimum on step 442 with function value 411913
 Fit Status: False
 Force threshold: 0.4587
 Lowest RMSE: 0.8099
 Current RMSE: 0.8249
 Accepted count: 197
 Basinhop count: 0


adaptive stepsize: acceptance rate 0.442438 target 0.500000 new stepsize 0.00572642 old stepsize 0.00636269
basinhopping step 443: f 411913 trial_f 415467 accepted 0  lowest_f 411913
 Fit Status: False
 Force threshold: 0.4587
 Lowest RMSE: 0.8099
 Current RMSE: 0.8224
 Accepted count: 197
 Basinhop count: 1


adaptive stepsize: acceptance rate 0.441441 target 0.500000 new stepsize 0.00515378 old stepsize 0.00572642
basinhopping step 444: f 411913 trial_f 416592 accepted 0  lowest_f 411913
 Fit Status: False
 Force threshold: 0.4587
 Lowest RMSE: 0.8099
 Current RMSE: 0.8233
 Accepted count: 197
 Basinhop count: 2


adaptive stepsize: acceptance rate 0.440449 target 0.500000 new stepsize 0.0046384 old stepsize 0.00515378
basinhopping step 445: f 411913 trial_f 413784 accepted 0  lowest_f 411913
 Fit Status: False
 Force threshold: 0.4587
 Lowest RMSE: 0.8099
 Current RMSE: 0.8266
 Accepted count: 197
 Basinhop count: 3


adaptive stepsize: acceptance rate 0.439462 target 0.500000 new stepsize 0.00417456 old stepsize 0.0046384
basinhopping step 446: f 411278 trial_f 411278 accepted 1  lowest_f 411278
found new global minimum on step 446 with function value 411278
 Fit Status: False
 Force threshold: 0.4587
 Lowest RMSE: 0.8099
 Current RMSE: 0.8242
 Accepted count: 198
 Basinhop count: 0


adaptive stepsize: acceptance rate 0.440716 target 0.500000 new stepsize 0.0037571 old stepsize 0.00417456
basinhopping step 447: f 411278 trial_f 411860 accepted 0  lowest_f 411278
 Fit Status: False
 Force threshold: 0.4587
 Lowest RMSE: 0.8099
 Current RMSE: 0.8248
 Accepted count: 198
 Basinhop count: 1


adaptive stepsize: acceptance rate 0.439732 target 0.500000 new stepsize 0.00338139 old stepsize 0.0037571
basinhopping step 448: f 411278 trial_f 413545 accepted 0  lowest_f 411278
 Fit Status: False
 Force threshold: 0.4587
 Lowest RMSE: 0.8099
 Current RMSE: 0.8270
 Accepted count: 198
 Basinhop count: 2


adaptive stepsize: acceptance rate 0.438753 target 0.500000 new stepsize 0.00304325 old stepsize 0.00338139
basinhopping step 449: f 407906 trial_f 407906 accepted 1  lowest_f 407906
found new global minimum on step 449 with function value 407906
 Fit Status: False
 Force threshold: 0.4587
 Lowest RMSE: 0.8099
 Current RMSE: 0.8204
 Accepted count: 199
 Basinhop count: 0


adaptive stepsize: acceptance rate 0.440000 target 0.500000 new stepsize 0.00273893 old stepsize 0.00304325
basinhopping step 450: f 407906 trial_f 407909 accepted 0  lowest_f 407906
 Fit Status: False
 Force threshold: 0.4587
 Lowest RMSE: 0.8099
 Current RMSE: 0.8227
 Accepted count: 199
 Basinhop count: 1


adaptive stepsize: acceptance rate 0.439024 target 0.500000 new stepsize 0.00246503 old stepsize 0.00273893
basinhopping step 451: f 406562 trial_f 406562 accepted 1  lowest_f 406562
found new global minimum on step 451 with function value 406562
 Fit Status: False
 Force threshold: 0.4587
 Lowest RMSE: 0.8099
 Current RMSE: 0.8218
 Accepted count: 200
 Basinhop count: 0


adaptive stepsize: acceptance rate 0.440265 target 0.500000 new stepsize 0.00221853 old stepsize 0.00246503
basinhopping step 452: f 406562 trial_f 408316 accepted 0  lowest_f 406562
 Fit Status: False
 Force threshold: 0.4587
 Lowest RMSE: 0.8099
 Current RMSE: 0.8222
 Accepted count: 200
 Basinhop count: 1


adaptive stepsize: acceptance rate 0.439294 target 0.500000 new stepsize 0.00199668 old stepsize 0.00221853
basinhopping step 453: f 406446 trial_f 406446 accepted 1  lowest_f 406446
found new global minimum on step 453 with function value 406446
 Fit Status: False
 Force threshold: 0.4587
 Lowest RMSE: 0.8099
 Current RMSE: 0.8225
 Accepted count: 201
 Basinhop count: 0


adaptive stepsize: acceptance rate 0.440529 target 0.500000 new stepsize 0.00179701 old stepsize 0.00199668
basinhopping step 454: f 406446 trial_f 407734 accepted 0  lowest_f 406446
 Fit Status: False
 Force threshold: 0.4587
 Lowest RMSE: 0.8099
 Current RMSE: 0.8231
 Accepted count: 201
 Basinhop count: 1


adaptive stepsize: acceptance rate 0.439560 target 0.500000 new stepsize 0.00161731 old stepsize 0.00179701
basinhopping step 455: f 406446 trial_f 408167 accepted 0  lowest_f 406446
 Fit Status: False
 Force threshold: 0.4587
 Lowest RMSE: 0.8099
 Current RMSE: 0.8229
 Accepted count: 201
 Basinhop count: 2


adaptive stepsize: acceptance rate 0.438596 target 0.500000 new stepsize 0.00145558 old stepsize 0.00161731
basinhopping step 456: f 406086 trial_f 406086 accepted 1  lowest_f 406086
found new global minimum on step 456 with function value 406086
 Fit Status: False
 Force threshold: 0.4587
 Lowest RMSE: 0.8099
 Current RMSE: 0.8213
 Accepted count: 202
 Basinhop count: 0


adaptive stepsize: acceptance rate 0.439825 target 0.500000 new stepsize 0.00131002 old stepsize 0.00145558
basinhopping step 457: f 406086 trial_f 406642 accepted 0  lowest_f 406086
 Fit Status: False
 Force threshold: 0.4587
 Lowest RMSE: 0.8099
 Current RMSE: 0.8219
 Accepted count: 202
 Basinhop count: 1


adaptive stepsize: acceptance rate 0.438865 target 0.500000 new stepsize 0.00117902 old stepsize 0.00131002
basinhopping step 458: f 404761 trial_f 404761 accepted 1  lowest_f 404761
found new global minimum on step 458 with function value 404761
 Fit Status: False
 Force threshold: 0.4587
 Lowest RMSE: 0.8099
 Current RMSE: 0.8197
 Accepted count: 203
 Basinhop count: 0


adaptive stepsize: acceptance rate 0.440087 target 0.500000 new stepsize 0.00106112 old stepsize 0.00117902
basinhopping step 459: f 404761 trial_f 405234 accepted 0  lowest_f 404761
 Fit Status: False
 Force threshold: 0.4587
 Lowest RMSE: 0.8099
 Current RMSE: 0.8208
 Accepted count: 203
 Basinhop count: 1


adaptive stepsize: acceptance rate 0.439130 target 0.500000 new stepsize 0.000955005 old stepsize 0.00106112
basinhopping step 460: f 403809 trial_f 403809 accepted 1  lowest_f 403809
found new global minimum on step 460 with function value 403809
 Fit Status: False
 Force threshold: 0.4587
 Lowest RMSE: 0.8099
 Current RMSE: 0.8181
 Accepted count: 204
 Basinhop count: 0


adaptive stepsize: acceptance rate 0.440347 target 0.500000 new stepsize 0.000859504 old stepsize 0.000955005
basinhopping step 461: f 402331 trial_f 402331 accepted 1  lowest_f 402331
found new global minimum on step 461 with function value 402331
 Fit Status: False
 Force threshold: 0.4587
 Lowest RMSE: 0.8099
 Current RMSE: 0.8167
 Accepted count: 205
 Basinhop count: 0


adaptive stepsize: acceptance rate 0.441558 target 0.500000 new stepsize 0.000773554 old stepsize 0.000859504
basinhopping step 462: f 402010 trial_f 402010 accepted 1  lowest_f 402010
found new global minimum on step 462 with function value 402010
 Fit Status: False
 Force threshold: 0.4587
 Lowest RMSE: 0.8099
 Current RMSE: 0.8166
 Accepted count: 206
 Basinhop count: 0


adaptive stepsize: acceptance rate 0.442765 target 0.500000 new stepsize 0.000696199 old stepsize 0.000773554
basinhopping step 463: f 401014 trial_f 401014 accepted 1  lowest_f 401014
found new global minimum on step 463 with function value 401014
 Fit Status: False
 Force threshold: 0.4587
 Lowest RMSE: 0.8099
 Current RMSE: 0.8168
 Accepted count: 207
 Basinhop count: 0


adaptive stepsize: acceptance rate 0.443966 target 0.500000 new stepsize 0.000626579 old stepsize 0.000696199
basinhopping step 464: f 400947 trial_f 400947 accepted 1  lowest_f 400947
found new global minimum on step 464 with function value 400947
 Fit Status: False
 Force threshold: 0.4587
 Lowest RMSE: 0.8099
 Current RMSE: 0.8169
 Accepted count: 208
 Basinhop count: 0


adaptive stepsize: acceptance rate 0.445161 target 0.500000 new stepsize 0.000563921 old stepsize 0.000626579
basinhopping step 465: f 400947 trial_f 401131 accepted 0  lowest_f 400947
 Fit Status: False
 Force threshold: 0.4587
 Lowest RMSE: 0.8099
 Current RMSE: 0.8171
 Accepted count: 208
 Basinhop count: 1


adaptive stepsize: acceptance rate 0.444206 target 0.500000 new stepsize 0.000507529 old stepsize 0.000563921
basinhopping step 466: f 400947 trial_f 401203 accepted 0  lowest_f 400947
 Fit Status: False
 Force threshold: 0.4587
 Lowest RMSE: 0.8099
 Current RMSE: 0.8168
 Accepted count: 208
 Basinhop count: 2


adaptive stepsize: acceptance rate 0.443255 target 0.500000 new stepsize 0.000456776 old stepsize 0.000507529
basinhopping step 467: f 400762 trial_f 400762 accepted 1  lowest_f 400762
found new global minimum on step 467 with function value 400762
 Fit Status: False
 Force threshold: 0.4587
 Lowest RMSE: 0.8099
 Current RMSE: 0.8169
 Accepted count: 209
 Basinhop count: 0


adaptive stepsize: acceptance rate 0.444444 target 0.500000 new stepsize 0.000411098 old stepsize 0.000456776
basinhopping step 468: f 400587 trial_f 400587 accepted 1  lowest_f 400587
found new global minimum on step 468 with function value 400587
 Fit Status: False
 Force threshold: 0.4587
 Lowest RMSE: 0.8099
 Current RMSE: 0.8168
 Accepted count: 210
 Basinhop count: 0


adaptive stepsize: acceptance rate 0.445629 target 0.500000 new stepsize 0.000369988 old stepsize 0.000411098
basinhopping step 469: f 400587 trial_f 400910 accepted 0  lowest_f 400587
 Fit Status: False
 Force threshold: 0.4587
 Lowest RMSE: 0.8099
 Current RMSE: 0.8173
 Accepted count: 210
 Basinhop count: 1


adaptive stepsize: acceptance rate 0.444681 target 0.500000 new stepsize 0.00033299 old stepsize 0.000369988
basinhopping step 470: f 400336 trial_f 400336 accepted 1  lowest_f 400336
found new global minimum on step 470 with function value 400336
 Fit Status: False
 Force threshold: 0.4587
 Lowest RMSE: 0.8099
 Current RMSE: 0.8166
 Accepted count: 211
 Basinhop count: 0


adaptive stepsize: acceptance rate 0.445860 target 0.500000 new stepsize 0.000299691 old stepsize 0.00033299
basinhopping step 471: f 400184 trial_f 400184 accepted 1  lowest_f 400184
found new global minimum on step 471 with function value 400184
 Fit Status: False
 Force threshold: 0.4587
 Lowest RMSE: 0.8099
 Current RMSE: 0.8162
 Accepted count: 212
 Basinhop count: 0


adaptive stepsize: acceptance rate 0.447034 target 0.500000 new stepsize 0.000269722 old stepsize 0.000299691
basinhopping step 472: f 400051 trial_f 400051 accepted 1  lowest_f 400051
found new global minimum on step 472 with function value 400051
 Fit Status: False
 Force threshold: 0.4587
 Lowest RMSE: 0.8099
 Current RMSE: 0.8162
 Accepted count: 213
 Basinhop count: 0


adaptive stepsize: acceptance rate 0.448203 target 0.500000 new stepsize 0.000242749 old stepsize 0.000269722
basinhopping step 473: f 400051 trial_f 400117 accepted 0  lowest_f 400051
 Fit Status: False
 Force threshold: 0.4587
 Lowest RMSE: 0.8099
 Current RMSE: 0.8167
 Accepted count: 213
 Basinhop count: 1


adaptive stepsize: acceptance rate 0.447257 target 0.500000 new stepsize 0.000218475 old stepsize 0.000242749
basinhopping step 474: f 399920 trial_f 399920 accepted 1  lowest_f 399920
found new global minimum on step 474 with function value 399920
 Fit Status: False
 Force threshold: 0.4587
 Lowest RMSE: 0.8099
 Current RMSE: 0.8160
 Accepted count: 214
 Basinhop count: 0


adaptive stepsize: acceptance rate 0.448421 target 0.500000 new stepsize 0.000196627 old stepsize 0.000218475
basinhopping step 475: f 399920 trial_f 399966 accepted 0  lowest_f 399920
 Fit Status: False
 Force threshold: 0.4587
 Lowest RMSE: 0.8099
 Current RMSE: 0.8161
 Accepted count: 214
 Basinhop count: 1


adaptive stepsize: acceptance rate 0.447479 target 0.500000 new stepsize 0.000176964 old stepsize 0.000196627
basinhopping step 476: f 399920 trial_f 399949 accepted 0  lowest_f 399920
 Fit Status: False
 Force threshold: 0.4587
 Lowest RMSE: 0.8099
 Current RMSE: 0.8160
 Accepted count: 214
 Basinhop count: 2


adaptive stepsize: acceptance rate 0.446541 target 0.500000 new stepsize 0.000159268 old stepsize 0.000176964
basinhopping step 477: f 399919 trial_f 399919 accepted 1  lowest_f 399919
found new global minimum on step 477 with function value 399919
 Fit Status: False
 Force threshold: 0.4587
 Lowest RMSE: 0.8099
 Current RMSE: 0.8159
 Accepted count: 215
 Basinhop count: 0


adaptive stepsize: acceptance rate 0.447699 target 0.500000 new stepsize 0.000143341 old stepsize 0.000159268
basinhopping step 478: f 399919 trial_f 400010 accepted 0  lowest_f 399919
 Fit Status: False
 Force threshold: 0.4587
 Lowest RMSE: 0.8099
 Current RMSE: 0.8160
 Accepted count: 215
 Basinhop count: 1


adaptive stepsize: acceptance rate 0.446764 target 0.500000 new stepsize 0.000129007 old stepsize 0.000143341
basinhopping step 479: f 399919 trial_f 400007 accepted 0  lowest_f 399919
 Fit Status: False
 Force threshold: 0.4587
 Lowest RMSE: 0.8099
 Current RMSE: 0.8162
 Accepted count: 215
 Basinhop count: 2


adaptive stepsize: acceptance rate 0.445833 target 0.500000 new stepsize 0.000116106 old stepsize 0.000129007
basinhopping step 480: f 399881 trial_f 399881 accepted 1  lowest_f 399881
found new global minimum on step 480 with function value 399881
 Fit Status: False
 Force threshold: 0.4587
 Lowest RMSE: 0.8099
 Current RMSE: 0.8157
 Accepted count: 216
 Basinhop count: 0


adaptive stepsize: acceptance rate 0.446985 target 0.500000 new stepsize 0.000104496 old stepsize 0.000116106
basinhopping step 481: f 399881 trial_f 399922 accepted 0  lowest_f 399881
 Fit Status: False
 Force threshold: 0.4587
 Lowest RMSE: 0.8099
 Current RMSE: 0.8158
 Accepted count: 216
 Basinhop count: 1


adaptive stepsize: acceptance rate 0.446058 target 0.500000 new stepsize 9.40461e-05 old stepsize 0.000104496
basinhopping step 482: f 399795 trial_f 399795 accepted 1  lowest_f 399795
found new global minimum on step 482 with function value 399795
 Fit Status: False
 Force threshold: 0.4587
 Lowest RMSE: 0.8099
 Current RMSE: 0.8161
 Accepted count: 217
 Basinhop count: 0


adaptive stepsize: acceptance rate 0.447205 target 0.500000 new stepsize 8.46415e-05 old stepsize 9.40461e-05
basinhopping step 483: f 399723 trial_f 399723 accepted 1  lowest_f 399723
found new global minimum on step 483 with function value 399723
 Fit Status: False
 Force threshold: 0.4587
 Lowest RMSE: 0.8099
 Current RMSE: 0.8160
 Accepted count: 218
 Basinhop count: 0


adaptive stepsize: acceptance rate 0.448347 target 0.500000 new stepsize 7.61773e-05 old stepsize 8.46415e-05
basinhopping step 484: f 399723 trial_f 399779 accepted 0  lowest_f 399723
 Fit Status: False
 Force threshold: 0.4587
 Lowest RMSE: 0.8099
 Current RMSE: 0.8160
 Accepted count: 218
 Basinhop count: 1


adaptive stepsize: acceptance rate 0.447423 target 0.500000 new stepsize 6.85596e-05 old stepsize 7.61773e-05
basinhopping step 485: f 399699 trial_f 399699 accepted 1  lowest_f 399699
found new global minimum on step 485 with function value 399699
 Fit Status: False
 Force threshold: 0.4587
 Lowest RMSE: 0.8099
 Current RMSE: 0.8160
 Accepted count: 219
 Basinhop count: 0


adaptive stepsize: acceptance rate 0.448560 target 0.500000 new stepsize 6.17037e-05 old stepsize 6.85596e-05
basinhopping step 486: f 399699 trial_f 399771 accepted 0  lowest_f 399699
 Fit Status: False
 Force threshold: 0.4587
 Lowest RMSE: 0.8099
 Current RMSE: 0.8159
 Accepted count: 219
 Basinhop count: 1


adaptive stepsize: acceptance rate 0.447639 target 0.500000 new stepsize 5.55333e-05 old stepsize 6.17037e-05
basinhopping step 487: f 399657 trial_f 399657 accepted 1  lowest_f 399657
found new global minimum on step 487 with function value 399657
 Fit Status: False
 Force threshold: 0.4587
 Lowest RMSE: 0.8099
 Current RMSE: 0.8160
 Accepted count: 220
 Basinhop count: 0


adaptive stepsize: acceptance rate 0.448770 target 0.500000 new stepsize 4.998e-05 old stepsize 5.55333e-05
basinhopping step 488: f 399657 trial_f 399670 accepted 0  lowest_f 399657
 Fit Status: False
 Force threshold: 0.4587
 Lowest RMSE: 0.8099
 Current RMSE: 0.8160
 Accepted count: 220
 Basinhop count: 1


adaptive stepsize: acceptance rate 0.447853 target 0.500000 new stepsize 4.4982e-05 old stepsize 4.998e-05
basinhopping step 489: f 399657 trial_f 399698 accepted 0  lowest_f 399657
 Fit Status: False
 Force threshold: 0.4587
 Lowest RMSE: 0.8099
 Current RMSE: 0.8160
 Accepted count: 220
 Basinhop count: 2


adaptive stepsize: acceptance rate 0.446939 target 0.500000 new stepsize 4.04838e-05 old stepsize 4.4982e-05
basinhopping step 490: f 399645 trial_f 399645 accepted 1  lowest_f 399645
found new global minimum on step 490 with function value 399645
 Fit Status: False
 Force threshold: 0.4587
 Lowest RMSE: 0.8099
 Current RMSE: 0.8160
 Accepted count: 221
 Basinhop count: 0


adaptive stepsize: acceptance rate 0.448065 target 0.500000 new stepsize 3.64354e-05 old stepsize 4.04838e-05
basinhopping step 491: f 399633 trial_f 399633 accepted 1  lowest_f 399633
found new global minimum on step 491 with function value 399633
 Fit Status: False
 Force threshold: 0.4587
 Lowest RMSE: 0.8099
 Current RMSE: 0.8158
 Accepted count: 222
 Basinhop count: 0


adaptive stepsize: acceptance rate 0.449187 target 0.500000 new stepsize 3.27919e-05 old stepsize 3.64354e-05
basinhopping step 492: f 399633 trial_f 399645 accepted 0  lowest_f 399633
 Fit Status: False
 Force threshold: 0.4587
 Lowest RMSE: 0.8099
 Current RMSE: 0.8158
 Accepted count: 222
 Basinhop count: 1


adaptive stepsize: acceptance rate 0.448276 target 0.500000 new stepsize 2.95127e-05 old stepsize 3.27919e-05
basinhopping step 493: f 399633 trial_f 399635 accepted 0  lowest_f 399633
 Fit Status: False
 Force threshold: 0.4587
 Lowest RMSE: 0.8099
 Current RMSE: 0.8159
 Accepted count: 222
 Basinhop count: 2


adaptive stepsize: acceptance rate 0.447368 target 0.500000 new stepsize 2.65614e-05 old stepsize 2.95127e-05
basinhopping step 494: f 399596 trial_f 399596 accepted 1  lowest_f 399596
found new global minimum on step 494 with function value 399596
 Fit Status: False
 Force threshold: 0.4587
 Lowest RMSE: 0.8099
 Current RMSE: 0.8159
 Accepted count: 223
 Basinhop count: 0


adaptive stepsize: acceptance rate 0.448485 target 0.500000 new stepsize 2.39053e-05 old stepsize 2.65614e-05
basinhopping step 495: f 399596 trial_f 399637 accepted 0  lowest_f 399596
 Fit Status: False
 Force threshold: 0.4587
 Lowest RMSE: 0.8099
 Current RMSE: 0.8159
 Accepted count: 223
 Basinhop count: 1


adaptive stepsize: acceptance rate 0.447581 target 0.500000 new stepsize 2.15147e-05 old stepsize 2.39053e-05
basinhopping step 496: f 399596 trial_f 399626 accepted 0  lowest_f 399596
 Fit Status: False
 Force threshold: 0.4587
 Lowest RMSE: 0.8099
 Current RMSE: 0.8159
 Accepted count: 223
 Basinhop count: 2


adaptive stepsize: acceptance rate 0.446680 target 0.500000 new stepsize 1.93633e-05 old stepsize 2.15147e-05
basinhopping step 497: f 399596 trial_f 399604 accepted 0  lowest_f 399596
 Fit Status: False
 Force threshold: 0.4587
 Lowest RMSE: 0.8099
 Current RMSE: 0.8158
 Accepted count: 223
 Basinhop count: 3


adaptive stepsize: acceptance rate 0.445783 target 0.500000 new stepsize 1.74269e-05 old stepsize 1.93633e-05
basinhopping step 498: f 399594 trial_f 399594 accepted 1  lowest_f 399594
found new global minimum on step 498 with function value 399594
 Fit Status: False
 Force threshold: 0.4587
 Lowest RMSE: 0.8099
 Current RMSE: 0.8159
 Accepted count: 224
 Basinhop count: 0


adaptive stepsize: acceptance rate 0.446894 target 0.500000 new stepsize 1.56842e-05 old stepsize 1.74269e-05
basinhopping step 499: f 399581 trial_f 399581 accepted 1  lowest_f 399581
found new global minimum on step 499 with function value 399581
 Fit Status: False
 Force threshold: 0.4587
 Lowest RMSE: 0.8099
 Current RMSE: 0.8159
 Accepted count: 225
 Basinhop count: 0


adaptive stepsize: acceptance rate 0.448000 target 0.500000 new stepsize 1.41158e-05 old stepsize 1.56842e-05
basinhopping step 500: f 399567 trial_f 399567 accepted 1  lowest_f 399567
found new global minimum on step 500 with function value 399567
 Fit Status: False
 Force threshold: 0.4587
 Lowest RMSE: 0.8099
 Current RMSE: 0.8157
 Accepted count: 226
 Basinhop count: 0


adaptive stepsize: acceptance rate 0.449102 target 0.500000 new stepsize 1.27042e-05 old stepsize 1.41158e-05
basinhopping step 501: f 399556 trial_f 399556 accepted 1  lowest_f 399556
found new global minimum on step 501 with function value 399556
 Fit Status: False
 Force threshold: 0.4587
 Lowest RMSE: 0.8099
 Current RMSE: 0.8158
 Accepted count: 227
 Basinhop count: 0


adaptive stepsize: acceptance rate 0.450199 target 0.500000 new stepsize 1.14338e-05 old stepsize 1.27042e-05
basinhopping step 502: f 399551 trial_f 399551 accepted 1  lowest_f 399551
found new global minimum on step 502 with function value 399551
 Fit Status: False
 Force threshold: 0.4587
 Lowest RMSE: 0.8099
 Current RMSE: 0.8158
 Accepted count: 228
 Basinhop count: 0


adaptive stepsize: acceptance rate 0.451292 target 0.500000 new stepsize 1.02904e-05 old stepsize 1.14338e-05
basinhopping step 503: f 399551 trial_f 399553 accepted 0  lowest_f 399551
 Fit Status: False
 Force threshold: 0.4587
 Lowest RMSE: 0.8099
 Current RMSE: 0.8158
 Accepted count: 228
 Basinhop count: 1


adaptive stepsize: acceptance rate 0.450397 target 0.500000 new stepsize 9.26139e-06 old stepsize 1.02904e-05
basinhopping step 504: f 399551 trial_f 399551 accepted 0  lowest_f 399551
 Fit Status: False
 Force threshold: 0.4587
 Lowest RMSE: 0.8099
 Current RMSE: 0.8158
 Accepted count: 228
 Basinhop count: 2


adaptive stepsize: acceptance rate 0.449505 target 0.500000 new stepsize 8.33525e-06 old stepsize 9.26139e-06
basinhopping step 505: f 399551 trial_f 399556 accepted 0  lowest_f 399551
 Fit Status: False
 Force threshold: 0.4587
 Lowest RMSE: 0.8099
 Current RMSE: 0.8158
 Accepted count: 228
 Basinhop count: 3


adaptive stepsize: acceptance rate 0.448617 target 0.500000 new stepsize 7.50172e-06 old stepsize 8.33525e-06
basinhopping step 506: f 288709 trial_f 288709 accepted 1  lowest_f 288709
found new global minimum on step 506 with function value 288709
 Fit Status: False
 Force threshold: 0.4587
 Lowest RMSE: 0.6763
 Current RMSE: 0.6763
 Accepted count: 229
 Basinhop count: 0


adaptive stepsize: acceptance rate 0.449704 target 0.500000 new stepsize 6.75155e-06 old stepsize 7.50172e-06
basinhopping step 507: f 288278 trial_f 288278 accepted 1  lowest_f 288278
found new global minimum on step 507 with function value 288278
 Fit Status: False
 Force threshold: 0.4587
 Lowest RMSE: 0.6763
 Current RMSE: 0.6769
 Accepted count: 230
 Basinhop count: 0


adaptive stepsize: acceptance rate 0.450787 target 0.500000 new stepsize 6.0764e-06 old stepsize 6.75155e-06
basinhopping step 508: f 287524 trial_f 287524 accepted 1  lowest_f 287524
found new global minimum on step 508 with function value 287524
 Fit Status: False
 Force threshold: 0.4587
 Lowest RMSE: 0.6739
 Current RMSE: 0.6739
 Accepted count: 231
 Basinhop count: 0


adaptive stepsize: acceptance rate 0.451866 target 0.500000 new stepsize 5.46876e-06 old stepsize 6.0764e-06
basinhopping step 509: f 286855 trial_f 286855 accepted 1  lowest_f 286855
found new global minimum on step 509 with function value 286855
 Fit Status: False
 Force threshold: 0.4587
 Lowest RMSE: 0.6739
 Current RMSE: 0.6749
 Accepted count: 232
 Basinhop count: 0


adaptive stepsize: acceptance rate 0.452941 target 0.500000 new stepsize 4.92188e-06 old stepsize 5.46876e-06
basinhopping step 510: f 286855 trial_f 286857 accepted 0  lowest_f 286855
 Fit Status: False
 Force threshold: 0.4587
 Lowest RMSE: 0.6739
 Current RMSE: 0.6749
 Accepted count: 232
 Basinhop count: 1


adaptive stepsize: acceptance rate 0.452055 target 0.500000 new stepsize 4.42969e-06 old stepsize 4.92188e-06
basinhopping step 511: f 286855 trial_f 286858 accepted 0  lowest_f 286855
 Fit Status: False
 Force threshold: 0.4587
 Lowest RMSE: 0.6739
 Current RMSE: 0.6749
 Accepted count: 232
 Basinhop count: 2


adaptive stepsize: acceptance rate 0.451172 target 0.500000 new stepsize 3.98672e-06 old stepsize 4.42969e-06
basinhopping step 512: f 286855 trial_f 286857 accepted 0  lowest_f 286855
 Fit Status: False
 Force threshold: 0.4587
 Lowest RMSE: 0.6739
 Current RMSE: 0.6749
 Accepted count: 232
 Basinhop count: 3


adaptive stepsize: acceptance rate 0.450292 target 0.500000 new stepsize 3.58805e-06 old stepsize 3.98672e-06
basinhopping step 513: f 286851 trial_f 286851 accepted 1  lowest_f 286851
found new global minimum on step 513 with function value 286851
 Fit Status: False
 Force threshold: 0.4587
 Lowest RMSE: 0.6739
 Current RMSE: 0.6747
 Accepted count: 233
 Basinhop count: 0


adaptive stepsize: acceptance rate 0.451362 target 0.500000 new stepsize 3.22925e-06 old stepsize 3.58805e-06
basinhopping step 514: f 286851 trial_f 286854 accepted 0  lowest_f 286851
 Fit Status: False
 Force threshold: 0.4587
 Lowest RMSE: 0.6739
 Current RMSE: 0.6747
 Accepted count: 233
 Basinhop count: 1


adaptive stepsize: acceptance rate 0.450485 target 0.500000 new stepsize 2.90632e-06 old stepsize 3.22925e-06
basinhopping step 515: f 286851 trial_f 286854 accepted 0  lowest_f 286851
 Fit Status: False
 Force threshold: 0.4587
 Lowest RMSE: 0.6739
 Current RMSE: 0.6747
 Accepted count: 233
 Basinhop count: 2


adaptive stepsize: acceptance rate 0.449612 target 0.500000 new stepsize 2.61569e-06 old stepsize 2.90632e-06
basinhopping step 516: f 286853 trial_f 286853 accepted 1  lowest_f 286851
 Fit Status: False
 Force threshold: 0.4587
 Lowest RMSE: 0.6739
 Current RMSE: 0.6747
 Accepted count: 234
 Basinhop count: 3


adaptive stepsize: acceptance rate 0.450677 target 0.500000 new stepsize 2.35412e-06 old stepsize 2.61569e-06
basinhopping step 517: f 286852 trial_f 286852 accepted 1  lowest_f 286851
 Fit Status: False
 Force threshold: 0.4587
 Lowest RMSE: 0.6739
 Current RMSE: 0.6747
 Accepted count: 235
 Basinhop count: 4


adaptive stepsize: acceptance rate 0.451737 target 0.500000 new stepsize 2.11871e-06 old stepsize 2.35412e-06
basinhopping step 518: f 286852 trial_f 286854 accepted 0  lowest_f 286851
 Fit Status: False
 Force threshold: 0.4587
 Lowest RMSE: 0.6739
 Current RMSE: 0.6747
 Accepted count: 235
 Basinhop count: 5


adaptive stepsize: acceptance rate 0.450867 target 0.500000 new stepsize 1.90684e-06 old stepsize 2.11871e-06
basinhopping step 519: f 286850 trial_f 286850 accepted 1  lowest_f 286850
found new global minimum on step 519 with function value 286850
 Fit Status: False
 Force threshold: 0.4587
 Lowest RMSE: 0.6739
 Current RMSE: 0.6747
 Accepted count: 236
 Basinhop count: 0


adaptive stepsize: acceptance rate 0.451923 target 0.500000 new stepsize 1.71615e-06 old stepsize 1.90684e-06
basinhopping step 520: f 286850 trial_f 286850 accepted 1  lowest_f 286850
found new global minimum on step 520 with function value 286850
 Fit Status: False
 Force threshold: 0.4587
 Lowest RMSE: 0.6739
 Current RMSE: 0.6747
 Accepted count: 237
 Basinhop count: 0


adaptive stepsize: acceptance rate 0.452975 target 0.500000 new stepsize 1.54454e-06 old stepsize 1.71615e-06
basinhopping step 521: f 286846 trial_f 286846 accepted 1  lowest_f 286846
found new global minimum on step 521 with function value 286846
 Fit Status: False
 Force threshold: 0.4587
 Lowest RMSE: 0.6739
 Current RMSE: 0.6747
 Accepted count: 238
 Basinhop count: 0


adaptive stepsize: acceptance rate 0.454023 target 0.500000 new stepsize 1.39008e-06 old stepsize 1.54454e-06
basinhopping step 522: f 286846 trial_f 286846 accepted 1  lowest_f 286846
found new global minimum on step 522 with function value 286846
 Fit Status: False
 Force threshold: 0.4587
 Lowest RMSE: 0.6739
 Current RMSE: 0.6747
 Accepted count: 239
 Basinhop count: 0


adaptive stepsize: acceptance rate 0.455067 target 0.500000 new stepsize 1.25108e-06 old stepsize 1.39008e-06
basinhopping step 523: f 286846 trial_f 286846 accepted 1  lowest_f 286846
 Fit Status: False
 Force threshold: 0.4587
 Lowest RMSE: 0.6739
 Current RMSE: 0.6747
 Accepted count: 240
 Basinhop count: 1


adaptive stepsize: acceptance rate 0.456107 target 0.500000 new stepsize 1.12597e-06 old stepsize 1.25108e-06
basinhopping step 524: f 286846 trial_f 286846 accepted 1  lowest_f 286846
 Fit Status: False
 Force threshold: 0.4587
 Lowest RMSE: 0.6739
 Current RMSE: 0.6747
 Accepted count: 241
 Basinhop count: 2


adaptive stepsize: acceptance rate 0.457143 target 0.500000 new stepsize 1.01337e-06 old stepsize 1.12597e-06
basinhopping step 525: f 286846 trial_f 286847 accepted 0  lowest_f 286846
 Fit Status: False
 Force threshold: 0.4587
 Lowest RMSE: 0.6739
 Current RMSE: 0.6747
 Accepted count: 241
 Basinhop count: 3


adaptive stepsize: acceptance rate 0.456274 target 0.500000 new stepsize 9.12034e-07 old stepsize 1.01337e-06
basinhopping step 526: f 286846 trial_f 286846 accepted 1  lowest_f 286846
 Fit Status: False
 Force threshold: 0.4587
 Lowest RMSE: 0.6739
 Current RMSE: 0.6747
 Accepted count: 242
 Basinhop count: 4


adaptive stepsize: acceptance rate 0.457306 target 0.500000 new stepsize 8.20831e-07 old stepsize 9.12034e-07
basinhopping step 527: f 286845 trial_f 286845 accepted 1  lowest_f 286845
found new global minimum on step 527 with function value 286845
 Fit Status: False
 Force threshold: 0.4587
 Lowest RMSE: 0.6739
 Current RMSE: 0.6747
 Accepted count: 243
 Basinhop count: 0


adaptive stepsize: acceptance rate 0.458333 target 0.500000 new stepsize 7.38748e-07 old stepsize 8.20831e-07
basinhopping step 528: f 286839 trial_f 286839 accepted 1  lowest_f 286839
found new global minimum on step 528 with function value 286839
 Fit Status: False
 Force threshold: 0.4587
 Lowest RMSE: 0.6739
 Current RMSE: 0.6748
 Accepted count: 244
 Basinhop count: 0


adaptive stepsize: acceptance rate 0.459357 target 0.500000 new stepsize 6.64873e-07 old stepsize 7.38748e-07
basinhopping step 529: f 286836 trial_f 286836 accepted 1  lowest_f 286836
found new global minimum on step 529 with function value 286836
 Fit Status: False
 Force threshold: 0.4587
 Lowest RMSE: 0.6739
 Current RMSE: 0.6748
 Accepted count: 245
 Basinhop count: 0


adaptive stepsize: acceptance rate 0.460377 target 0.500000 new stepsize 5.98386e-07 old stepsize 6.64873e-07
basinhopping step 530: f 286836 trial_f 286836 accepted 1  lowest_f 286836
found new global minimum on step 530 with function value 286836
 Fit Status: False
 Force threshold: 0.4587
 Lowest RMSE: 0.6739
 Current RMSE: 0.6748
 Accepted count: 246
 Basinhop count: 0


adaptive stepsize: acceptance rate 0.461394 target 0.500000 new stepsize 5.38547e-07 old stepsize 5.98386e-07
basinhopping step 531: f 286836 trial_f 286836 accepted 1  lowest_f 286836
found new global minimum on step 531 with function value 286836
 Fit Status: False
 Force threshold: 0.4587
 Lowest RMSE: 0.6739
 Current RMSE: 0.6748
 Accepted count: 247
 Basinhop count: 0


adaptive stepsize: acceptance rate 0.462406 target 0.500000 new stepsize 4.84693e-07 old stepsize 5.38547e-07
basinhopping step 532: f 286836 trial_f 286836 accepted 1  lowest_f 286836
 Fit Status: False
 Force threshold: 0.4587
 Lowest RMSE: 0.6739
 Current RMSE: 0.6748
 Accepted count: 248
 Basinhop count: 1


adaptive stepsize: acceptance rate 0.463415 target 0.500000 new stepsize 4.36223e-07 old stepsize 4.84693e-07
basinhopping step 533: f 286836 trial_f 286836 accepted 1  lowest_f 286836
 Fit Status: False
 Force threshold: 0.4587
 Lowest RMSE: 0.6739
 Current RMSE: 0.6748
 Accepted count: 249
 Basinhop count: 2


adaptive stepsize: acceptance rate 0.464419 target 0.500000 new stepsize 3.92601e-07 old stepsize 4.36223e-07
basinhopping step 534: f 286836 trial_f 286836 accepted 1  lowest_f 286836
 Fit Status: False
 Force threshold: 0.4587
 Lowest RMSE: 0.6739
 Current RMSE: 0.6748
 Accepted count: 250
 Basinhop count: 3


adaptive stepsize: acceptance rate 0.465421 target 0.500000 new stepsize 3.53341e-07 old stepsize 3.92601e-07
basinhopping step 535: f 286836 trial_f 286836 accepted 1  lowest_f 286836
 Fit Status: False
 Force threshold: 0.4587
 Lowest RMSE: 0.6739
 Current RMSE: 0.6748
 Accepted count: 251
 Basinhop count: 4


adaptive stepsize: acceptance rate 0.466418 target 0.500000 new stepsize 3.18007e-07 old stepsize 3.53341e-07
basinhopping step 536: f 286831 trial_f 286831 accepted 1  lowest_f 286831
found new global minimum on step 536 with function value 286831
 Fit Status: False
 Force threshold: 0.4587
 Lowest RMSE: 0.6739
 Current RMSE: 0.6747
 Accepted count: 252
 Basinhop count: 0


adaptive stepsize: acceptance rate 0.467412 target 0.500000 new stepsize 2.86206e-07 old stepsize 3.18007e-07
basinhopping step 537: f 286831 trial_f 286831 accepted 1  lowest_f 286831
 Fit Status: False
 Force threshold: 0.4587
 Lowest RMSE: 0.6739
 Current RMSE: 0.6747
 Accepted count: 253
 Basinhop count: 1


adaptive stepsize: acceptance rate 0.468401 target 0.500000 new stepsize 2.57585e-07 old stepsize 2.86206e-07
basinhopping step 538: f 286829 trial_f 286829 accepted 1  lowest_f 286829
found new global minimum on step 538 with function value 286829
 Fit Status: False
 Force threshold: 0.4587
 Lowest RMSE: 0.6739
 Current RMSE: 0.6748
 Accepted count: 254
 Basinhop count: 0


adaptive stepsize: acceptance rate 0.469388 target 0.500000 new stepsize 2.31827e-07 old stepsize 2.57585e-07
basinhopping step 539: f 286829 trial_f 286829 accepted 1  lowest_f 286829
found new global minimum on step 539 with function value 286829
 Fit Status: False
 Force threshold: 0.4587
 Lowest RMSE: 0.6739
 Current RMSE: 0.6748
 Accepted count: 255
 Basinhop count: 0


adaptive stepsize: acceptance rate 0.470370 target 0.500000 new stepsize 2.08644e-07 old stepsize 2.31827e-07
basinhopping step 540: f 286829 trial_f 286829 accepted 1  lowest_f 286829
found new global minimum on step 540 with function value 286829
 Fit Status: False
 Force threshold: 0.4587
 Lowest RMSE: 0.6739
 Current RMSE: 0.6748
 Accepted count: 256
 Basinhop count: 0


adaptive stepsize: acceptance rate 0.471349 target 0.500000 new stepsize 1.8778e-07 old stepsize 2.08644e-07
basinhopping step 541: f 286828 trial_f 286828 accepted 1  lowest_f 286828
found new global minimum on step 541 with function value 286828
 Fit Status: False
 Force threshold: 0.4587
 Lowest RMSE: 0.6739
 Current RMSE: 0.6748
 Accepted count: 257
 Basinhop count: 0


adaptive stepsize: acceptance rate 0.472325 target 0.500000 new stepsize 1.69002e-07 old stepsize 1.8778e-07
basinhopping step 542: f 286827 trial_f 286827 accepted 1  lowest_f 286827
found new global minimum on step 542 with function value 286827
 Fit Status: False
 Force threshold: 0.4587
 Lowest RMSE: 0.6739
 Current RMSE: 0.6748
 Accepted count: 258
 Basinhop count: 0


adaptive stepsize: acceptance rate 0.473297 target 0.500000 new stepsize 1.52102e-07 old stepsize 1.69002e-07
basinhopping step 543: f 286827 trial_f 286827 accepted 1  lowest_f 286827
found new global minimum on step 543 with function value 286827
 Fit Status: False
 Force threshold: 0.4587
 Lowest RMSE: 0.6739
 Current RMSE: 0.6748
 Accepted count: 259
 Basinhop count: 0


adaptive stepsize: acceptance rate 0.474265 target 0.500000 new stepsize 1.36891e-07 old stepsize 1.52102e-07
basinhopping step 544: f 286827 trial_f 286827 accepted 1  lowest_f 286827
 Fit Status: False
 Force threshold: 0.4587
 Lowest RMSE: 0.6739
 Current RMSE: 0.6748
 Accepted count: 260
 Basinhop count: 1


adaptive stepsize: acceptance rate 0.475229 target 0.500000 new stepsize 1.23202e-07 old stepsize 1.36891e-07
basinhopping step 545: f 286822 trial_f 286822 accepted 1  lowest_f 286822
found new global minimum on step 545 with function value 286822
 Fit Status: False
 Force threshold: 0.4587
 Lowest RMSE: 0.6739
 Current RMSE: 0.6748
 Accepted count: 261
 Basinhop count: 0


adaptive stepsize: acceptance rate 0.476190 target 0.500000 new stepsize 1.10882e-07 old stepsize 1.23202e-07
basinhopping step 546: f 286821 trial_f 286821 accepted 1  lowest_f 286821
found new global minimum on step 546 with function value 286821
 Fit Status: False
 Force threshold: 0.4587
 Lowest RMSE: 0.6739
 Current RMSE: 0.6747
 Accepted count: 262
 Basinhop count: 0


adaptive stepsize: acceptance rate 0.477148 target 0.500000 new stepsize 9.97939e-08 old stepsize 1.10882e-07
basinhopping step 547: f 286820 trial_f 286820 accepted 1  lowest_f 286820
found new global minimum on step 547 with function value 286820
 Fit Status: False
 Force threshold: 0.4587
 Lowest RMSE: 0.6739
 Current RMSE: 0.6747
 Accepted count: 263
 Basinhop count: 0


adaptive stepsize: acceptance rate 0.478102 target 0.500000 new stepsize 8.98145e-08 old stepsize 9.97939e-08
basinhopping step 548: f 286819 trial_f 286819 accepted 1  lowest_f 286819
found new global minimum on step 548 with function value 286819
 Fit Status: False
 Force threshold: 0.4587
 Lowest RMSE: 0.6739
 Current RMSE: 0.6747
 Accepted count: 264
 Basinhop count: 0


adaptive stepsize: acceptance rate 0.479053 target 0.500000 new stepsize 8.0833e-08 old stepsize 8.98145e-08
basinhopping step 549: f 286819 trial_f 286819 accepted 1  lowest_f 286819
found new global minimum on step 549 with function value 286819
 Fit Status: False
 Force threshold: 0.4587
 Lowest RMSE: 0.6739
 Current RMSE: 0.6747
 Accepted count: 265
 Basinhop count: 0


adaptive stepsize: acceptance rate 0.480000 target 0.500000 new stepsize 7.27497e-08 old stepsize 8.0833e-08
basinhopping step 550: f 286819 trial_f 286819 accepted 1  lowest_f 286819
found new global minimum on step 550 with function value 286819
 Fit Status: False
 Force threshold: 0.4587
 Lowest RMSE: 0.6739
 Current RMSE: 0.6747
 Accepted count: 266
 Basinhop count: 0


adaptive stepsize: acceptance rate 0.480944 target 0.500000 new stepsize 6.54748e-08 old stepsize 7.27497e-08
basinhopping step 551: f 286819 trial_f 286819 accepted 1  lowest_f 286819
 Fit Status: False
 Force threshold: 0.4587
 Lowest RMSE: 0.6739
 Current RMSE: 0.6747
 Accepted count: 267
 Basinhop count: 1


adaptive stepsize: acceptance rate 0.481884 target 0.500000 new stepsize 5.89273e-08 old stepsize 6.54748e-08
basinhopping step 552: f 286819 trial_f 286819 accepted 1  lowest_f 286819
 Fit Status: False
 Force threshold: 0.4587
 Lowest RMSE: 0.6739
 Current RMSE: 0.6747
 Accepted count: 268
 Basinhop count: 2


adaptive stepsize: acceptance rate 0.482821 target 0.500000 new stepsize 5.30346e-08 old stepsize 5.89273e-08
basinhopping step 553: f 286819 trial_f 286819 accepted 1  lowest_f 286819
 Fit Status: False
 Force threshold: 0.4587
 Lowest RMSE: 0.6739
 Current RMSE: 0.6747
 Accepted count: 269
 Basinhop count: 3


adaptive stepsize: acceptance rate 0.483755 target 0.500000 new stepsize 4.77311e-08 old stepsize 5.30346e-08
basinhopping step 554: f 286819 trial_f 286819 accepted 1  lowest_f 286819
 Fit Status: False
 Force threshold: 0.4587
 Lowest RMSE: 0.6739
 Current RMSE: 0.6747
 Accepted count: 270
 Basinhop count: 4


adaptive stepsize: acceptance rate 0.484685 target 0.500000 new stepsize 4.2958e-08 old stepsize 4.77311e-08
basinhopping step 555: f 286819 trial_f 286819 accepted 1  lowest_f 286819
 Fit Status: False
 Force threshold: 0.4587
 Lowest RMSE: 0.6739
 Current RMSE: 0.6747
 Accepted count: 271
 Basinhop count: 5


adaptive stepsize: acceptance rate 0.485612 target 0.500000 new stepsize 3.86622e-08 old stepsize 4.2958e-08
basinhopping step 556: f 286820 trial_f 286820 accepted 1  lowest_f 286819
 Fit Status: False
 Force threshold: 0.4587
 Lowest RMSE: 0.6739
 Current RMSE: 0.6747
 Accepted count: 272
 Basinhop count: 6


adaptive stepsize: acceptance rate 0.486535 target 0.500000 new stepsize 3.4796e-08 old stepsize 3.86622e-08
basinhopping step 557: f 286820 trial_f 286820 accepted 1  lowest_f 286819
 Fit Status: False
 Force threshold: 0.4587
 Lowest RMSE: 0.6739
 Current RMSE: 0.6747
 Accepted count: 273
 Basinhop count: 7


adaptive stepsize: acceptance rate 0.487455 target 0.500000 new stepsize 3.13164e-08 old stepsize 3.4796e-08
basinhopping step 558: f 286820 trial_f 286820 accepted 1  lowest_f 286819
 Fit Status: False
 Force threshold: 0.4587
 Lowest RMSE: 0.6739
 Current RMSE: 0.6747
 Accepted count: 274
 Basinhop count: 8


adaptive stepsize: acceptance rate 0.488372 target 0.500000 new stepsize 2.81847e-08 old stepsize 3.13164e-08
basinhopping step 559: f 286820 trial_f 286820 accepted 1  lowest_f 286819
 Fit Status: False
 Force threshold: 0.4587
 Lowest RMSE: 0.6739
 Current RMSE: 0.6747
 Accepted count: 275
 Basinhop count: 9


adaptive stepsize: acceptance rate 0.489286 target 0.500000 new stepsize 2.53663e-08 old stepsize 2.81847e-08
basinhopping step 560: f 286820 trial_f 286820 accepted 1  lowest_f 286819
 Fit Status: False
 Force threshold: 0.4587
 Lowest RMSE: 0.6739
 Current RMSE: 0.6747
 Accepted count: 276
 Basinhop count: 10


adaptive stepsize: acceptance rate 0.490196 target 0.500000 new stepsize 2.28296e-08 old stepsize 2.53663e-08
basinhopping step 561: f 286818 trial_f 286818 accepted 1  lowest_f 286818
found new global minimum on step 561 with function value 286818
 Fit Status: False
 Force threshold: 0.4587
 Lowest RMSE: 0.6739
 Current RMSE: 0.6747
 Accepted count: 277
 Basinhop count: 0


adaptive stepsize: acceptance rate 0.491103 target 0.500000 new stepsize 2.05467e-08 old stepsize 2.28296e-08
basinhopping step 562: f 286818 trial_f 286818 accepted 1  lowest_f 286818
 Fit Status: False
 Force threshold: 0.4587
 Lowest RMSE: 0.6739
 Current RMSE: 0.6747
 Accepted count: 278
 Basinhop count: 1


adaptive stepsize: acceptance rate 0.492007 target 0.500000 new stepsize 1.8492e-08 old stepsize 2.05467e-08
basinhopping step 563: f 286818 trial_f 286818 accepted 1  lowest_f 286818
 Fit Status: False
 Force threshold: 0.4587
 Lowest RMSE: 0.6739
 Current RMSE: 0.6747
 Accepted count: 279
 Basinhop count: 2


adaptive stepsize: acceptance rate 0.492908 target 0.500000 new stepsize 1.66428e-08 old stepsize 1.8492e-08
basinhopping step 564: f 286817 trial_f 286817 accepted 1  lowest_f 286817
found new global minimum on step 564 with function value 286817
 Fit Status: False
 Force threshold: 0.4587
 Lowest RMSE: 0.6739
 Current RMSE: 0.6748
 Accepted count: 280
 Basinhop count: 0


adaptive stepsize: acceptance rate 0.493805 target 0.500000 new stepsize 1.49785e-08 old stepsize 1.66428e-08
basinhopping step 565: f 286817 trial_f 286817 accepted 1  lowest_f 286817
found new global minimum on step 565 with function value 286817
 Fit Status: False
 Force threshold: 0.4587
 Lowest RMSE: 0.6739
 Current RMSE: 0.6748
 Accepted count: 281
 Basinhop count: 0


adaptive stepsize: acceptance rate 0.494700 target 0.500000 new stepsize 1.34807e-08 old stepsize 1.49785e-08
basinhopping step 566: f 286817 trial_f 286817 accepted 1  lowest_f 286817
found new global minimum on step 566 with function value 286817
 Fit Status: False
 Force threshold: 0.4587
 Lowest RMSE: 0.6739
 Current RMSE: 0.6747
 Accepted count: 282
 Basinhop count: 0


adaptive stepsize: acceptance rate 0.495591 target 0.500000 new stepsize 1.21326e-08 old stepsize 1.34807e-08
basinhopping step 567: f 286817 trial_f 286817 accepted 1  lowest_f 286817
 Fit Status: False
 Force threshold: 0.4587
 Lowest RMSE: 0.6739
 Current RMSE: 0.6747
 Accepted count: 283
 Basinhop count: 1


adaptive stepsize: acceptance rate 0.496479 target 0.500000 new stepsize 1.09193e-08 old stepsize 1.21326e-08
basinhopping step 568: f 286817 trial_f 286817 accepted 1  lowest_f 286817
 Fit Status: False
 Force threshold: 0.4587
 Lowest RMSE: 0.6739
 Current RMSE: 0.6747
 Accepted count: 284
 Basinhop count: 2


adaptive stepsize: acceptance rate 0.497364 target 0.500000 new stepsize 9.82741e-09 old stepsize 1.09193e-08
basinhopping step 569: f 286817 trial_f 286817 accepted 1  lowest_f 286817
found new global minimum on step 569 with function value 286817
 Fit Status: False
 Force threshold: 0.4587
 Lowest RMSE: 0.6739
 Current RMSE: 0.6747
 Accepted count: 285
 Basinhop count: 0


adaptive stepsize: acceptance rate 0.498246 target 0.500000 new stepsize 8.84467e-09 old stepsize 9.82741e-09
basinhopping step 570: f 286817 trial_f 286817 accepted 1  lowest_f 286817
 Fit Status: False
 Force threshold: 0.4587
 Lowest RMSE: 0.6739
 Current RMSE: 0.6747
 Accepted count: 286
 Basinhop count: 1


adaptive stepsize: acceptance rate 0.499124 target 0.500000 new stepsize 7.9602e-09 old stepsize 8.84467e-09
basinhopping step 571: f 286817 trial_f 286817 accepted 1  lowest_f 286817
 Fit Status: False
 Force threshold: 0.4587
 Lowest RMSE: 0.6739
 Current RMSE: 0.6747
 Accepted count: 287
 Basinhop count: 2


adaptive stepsize: acceptance rate 0.500000 target 0.500000 new stepsize 7.16418e-09 old stepsize 7.9602e-09
basinhopping step 572: f 286817 trial_f 286817 accepted 1  lowest_f 286817
 Fit Status: False
 Force threshold: 0.4587
 Lowest RMSE: 0.6739
 Current RMSE: 0.6747
 Accepted count: 288
 Basinhop count: 3


adaptive stepsize: acceptance rate 0.500873 target 0.500000 new stepsize 7.9602e-09 old stepsize 7.16418e-09
basinhopping step 573: f 286817 trial_f 286817 accepted 1  lowest_f 286817
 Fit Status: False
 Force threshold: 0.4587
 Lowest RMSE: 0.6739
 Current RMSE: 0.6747
 Accepted count: 289
 Basinhop count: 4


adaptive stepsize: acceptance rate 0.501742 target 0.500000 new stepsize 8.84467e-09 old stepsize 7.9602e-09
basinhopping step 574: f 286817 trial_f 286817 accepted 1  lowest_f 286817
 Fit Status: False
 Force threshold: 0.4587
 Lowest RMSE: 0.6739
 Current RMSE: 0.6747
 Accepted count: 290
 Basinhop count: 5


adaptive stepsize: acceptance rate 0.502609 target 0.500000 new stepsize 9.82741e-09 old stepsize 8.84467e-09
basinhopping step 575: f 286817 trial_f 286817 accepted 1  lowest_f 286817
 Fit Status: False
 Force threshold: 0.4587
 Lowest RMSE: 0.6739
 Current RMSE: 0.6747
 Accepted count: 291
 Basinhop count: 6


adaptive stepsize: acceptance rate 0.503472 target 0.500000 new stepsize 1.09193e-08 old stepsize 9.82741e-09
basinhopping step 576: f 286817 trial_f 286817 accepted 1  lowest_f 286817
 Fit Status: False
 Force threshold: 0.4587
 Lowest RMSE: 0.6739
 Current RMSE: 0.6747
 Accepted count: 292
 Basinhop count: 7


adaptive stepsize: acceptance rate 0.504333 target 0.500000 new stepsize 1.21326e-08 old stepsize 1.09193e-08
basinhopping step 577: f 286817 trial_f 286817 accepted 1  lowest_f 286817
 Fit Status: False
 Force threshold: 0.4587
 Lowest RMSE: 0.6739
 Current RMSE: 0.6747
 Accepted count: 293
 Basinhop count: 8


adaptive stepsize: acceptance rate 0.505190 target 0.500000 new stepsize 1.34807e-08 old stepsize 1.21326e-08
basinhopping step 578: f 286817 trial_f 286817 accepted 1  lowest_f 286817
 Fit Status: False
 Force threshold: 0.4587
 Lowest RMSE: 0.6739
 Current RMSE: 0.6747
 Accepted count: 294
 Basinhop count: 9


adaptive stepsize: acceptance rate 0.506045 target 0.500000 new stepsize 1.49785e-08 old stepsize 1.34807e-08
basinhopping step 579: f 286817 trial_f 286817 accepted 1  lowest_f 286817
 Fit Status: False
 Force threshold: 0.4587
 Lowest RMSE: 0.6739
 Current RMSE: 0.6747
 Accepted count: 295
 Basinhop count: 10


adaptive stepsize: acceptance rate 0.506897 target 0.500000 new stepsize 1.66428e-08 old stepsize 1.49785e-08
basinhopping step 580: f 286817 trial_f 286817 accepted 1  lowest_f 286817
 Fit Status: False
 Force threshold: 0.4587
 Lowest RMSE: 0.6739
 Current RMSE: 0.6747
 Accepted count: 296
 Basinhop count: 11


adaptive stepsize: acceptance rate 0.507745 target 0.500000 new stepsize 1.8492e-08 old stepsize 1.66428e-08
basinhopping step 581: f 286815 trial_f 286815 accepted 1  lowest_f 286815
found new global minimum on step 581 with function value 286815
 Fit Status: False
 Force threshold: 0.4587
 Lowest RMSE: 0.6739
 Current RMSE: 0.6748
 Accepted count: 297
 Basinhop count: 0


adaptive stepsize: acceptance rate 0.508591 target 0.500000 new stepsize 2.05467e-08 old stepsize 1.8492e-08
basinhopping step 582: f 286814 trial_f 286814 accepted 1  lowest_f 286814
found new global minimum on step 582 with function value 286814
 Fit Status: False
 Force threshold: 0.4587
 Lowest RMSE: 0.6739
 Current RMSE: 0.6748
 Accepted count: 298
 Basinhop count: 0


adaptive stepsize: acceptance rate 0.509434 target 0.500000 new stepsize 2.28296e-08 old stepsize 2.05467e-08
basinhopping step 583: f 286814 trial_f 286814 accepted 1  lowest_f 286814
found new global minimum on step 583 with function value 286814
 Fit Status: False
 Force threshold: 0.4587
 Lowest RMSE: 0.6739
 Current RMSE: 0.6748
 Accepted count: 299
 Basinhop count: 0


adaptive stepsize: acceptance rate 0.510274 target 0.500000 new stepsize 2.53663e-08 old stepsize 2.28296e-08
basinhopping step 584: f 286814 trial_f 286814 accepted 1  lowest_f 286814
 Fit Status: False
 Force threshold: 0.4587
 Lowest RMSE: 0.6739
 Current RMSE: 0.6748
 Accepted count: 300
 Basinhop count: 1


adaptive stepsize: acceptance rate 0.511111 target 0.500000 new stepsize 2.81847e-08 old stepsize 2.53663e-08
basinhopping step 585: f 286814 trial_f 286814 accepted 1  lowest_f 286814
found new global minimum on step 585 with function value 286814
 Fit Status: False
 Force threshold: 0.4587
 Lowest RMSE: 0.6739
 Current RMSE: 0.6748
 Accepted count: 301
 Basinhop count: 0


adaptive stepsize: acceptance rate 0.511945 target 0.500000 new stepsize 3.13164e-08 old stepsize 2.81847e-08
basinhopping step 586: f 286814 trial_f 286814 accepted 1  lowest_f 286814
found new global minimum on step 586 with function value 286814
 Fit Status: False
 Force threshold: 0.4587
 Lowest RMSE: 0.6739
 Current RMSE: 0.6748
 Accepted count: 302
 Basinhop count: 0


adaptive stepsize: acceptance rate 0.512777 target 0.500000 new stepsize 3.4796e-08 old stepsize 3.13164e-08
basinhopping step 587: f 286814 trial_f 286814 accepted 1  lowest_f 286814
 Fit Status: False
 Force threshold: 0.4587
 Lowest RMSE: 0.6739
 Current RMSE: 0.6748
 Accepted count: 303
 Basinhop count: 1


adaptive stepsize: acceptance rate 0.513605 target 0.500000 new stepsize 3.86622e-08 old stepsize 3.4796e-08
basinhopping step 588: f 286814 trial_f 286814 accepted 1  lowest_f 286814
 Fit Status: False
 Force threshold: 0.4587
 Lowest RMSE: 0.6739
 Current RMSE: 0.6748
 Accepted count: 304
 Basinhop count: 2


adaptive stepsize: acceptance rate 0.514431 target 0.500000 new stepsize 4.2958e-08 old stepsize 3.86622e-08
basinhopping step 589: f 286814 trial_f 286814 accepted 1  lowest_f 286814
 Fit Status: False
 Force threshold: 0.4587
 Lowest RMSE: 0.6739
 Current RMSE: 0.6748
 Accepted count: 305
 Basinhop count: 3


adaptive stepsize: acceptance rate 0.515254 target 0.500000 new stepsize 4.77311e-08 old stepsize 4.2958e-08
basinhopping step 590: f 286814 trial_f 286814 accepted 1  lowest_f 286814
 Fit Status: False
 Force threshold: 0.4587
 Lowest RMSE: 0.6739
 Current RMSE: 0.6748
 Accepted count: 306
 Basinhop count: 4


adaptive stepsize: acceptance rate 0.516074 target 0.500000 new stepsize 5.30346e-08 old stepsize 4.77311e-08
basinhopping step 591: f 286814 trial_f 286814 accepted 1  lowest_f 286814
 Fit Status: False
 Force threshold: 0.4587
 Lowest RMSE: 0.6739
 Current RMSE: 0.6748
 Accepted count: 307
 Basinhop count: 5


adaptive stepsize: acceptance rate 0.516892 target 0.500000 new stepsize 5.89273e-08 old stepsize 5.30346e-08
basinhopping step 592: f 286814 trial_f 286814 accepted 1  lowest_f 286814
 Fit Status: False
 Force threshold: 0.4587
 Lowest RMSE: 0.6739
 Current RMSE: 0.6748
 Accepted count: 308
 Basinhop count: 6


adaptive stepsize: acceptance rate 0.517707 target 0.500000 new stepsize 6.54748e-08 old stepsize 5.89273e-08
basinhopping step 593: f 286814 trial_f 286814 accepted 1  lowest_f 286814
 Fit Status: False
 Force threshold: 0.4587
 Lowest RMSE: 0.6739
 Current RMSE: 0.6748
 Accepted count: 309
 Basinhop count: 7


adaptive stepsize: acceptance rate 0.518519 target 0.500000 new stepsize 7.27497e-08 old stepsize 6.54748e-08
basinhopping step 594: f 286814 trial_f 286814 accepted 1  lowest_f 286814
 Fit Status: False
 Force threshold: 0.4587
 Lowest RMSE: 0.6739
 Current RMSE: 0.6748
 Accepted count: 310
 Basinhop count: 8


adaptive stepsize: acceptance rate 0.519328 target 0.500000 new stepsize 8.0833e-08 old stepsize 7.27497e-08
basinhopping step 595: f 286814 trial_f 286814 accepted 1  lowest_f 286814
 Fit Status: False
 Force threshold: 0.4587
 Lowest RMSE: 0.6739
 Current RMSE: 0.6748
 Accepted count: 311
 Basinhop count: 9


adaptive stepsize: acceptance rate 0.520134 target 0.500000 new stepsize 8.98145e-08 old stepsize 8.0833e-08
basinhopping step 596: f 286814 trial_f 286814 accepted 1  lowest_f 286814
 Fit Status: False
 Force threshold: 0.4587
 Lowest RMSE: 0.6739
 Current RMSE: 0.6748
 Accepted count: 312
 Basinhop count: 10


adaptive stepsize: acceptance rate 0.520938 target 0.500000 new stepsize 9.97939e-08 old stepsize 8.98145e-08
basinhopping step 597: f 286814 trial_f 286814 accepted 1  lowest_f 286814
 Fit Status: False
 Force threshold: 0.4587
 Lowest RMSE: 0.6739
 Current RMSE: 0.6748
 Accepted count: 313
 Basinhop count: 11


adaptive stepsize: acceptance rate 0.521739 target 0.500000 new stepsize 1.10882e-07 old stepsize 9.97939e-08
basinhopping step 598: f 286811 trial_f 286811 accepted 1  lowest_f 286811
found new global minimum on step 598 with function value 286811
 Fit Status: False
 Force threshold: 0.4587
 Lowest RMSE: 0.6739
 Current RMSE: 0.6747
 Accepted count: 314
 Basinhop count: 0


adaptive stepsize: acceptance rate 0.522538 target 0.500000 new stepsize 1.23202e-07 old stepsize 1.10882e-07
basinhopping step 599: f 286811 trial_f 286811 accepted 1  lowest_f 286811
found new global minimum on step 599 with function value 286811
 Fit Status: False
 Force threshold: 0.4587
 Lowest RMSE: 0.6739
 Current RMSE: 0.6747
 Accepted count: 315
 Basinhop count: 0


adaptive stepsize: acceptance rate 0.523333 target 0.500000 new stepsize 1.36891e-07 old stepsize 1.23202e-07
basinhopping step 600: f 286811 trial_f 286811 accepted 1  lowest_f 286811
 Fit Status: False
 Force threshold: 0.4587
 Lowest RMSE: 0.6739
 Current RMSE: 0.6747
 Accepted count: 316
 Basinhop count: 1


adaptive stepsize: acceptance rate 0.524126 target 0.500000 new stepsize 1.52102e-07 old stepsize 1.36891e-07
basinhopping step 601: f 286811 trial_f 286811 accepted 1  lowest_f 286811
 Fit Status: False
 Force threshold: 0.4587
 Lowest RMSE: 0.6739
 Current RMSE: 0.6747
 Accepted count: 317
 Basinhop count: 2


adaptive stepsize: acceptance rate 0.524917 target 0.500000 new stepsize 1.69002e-07 old stepsize 1.52102e-07
basinhopping step 602: f 286811 trial_f 286811 accepted 1  lowest_f 286811
 Fit Status: False
 Force threshold: 0.4587
 Lowest RMSE: 0.6739
 Current RMSE: 0.6747
 Accepted count: 318
 Basinhop count: 3


adaptive stepsize: acceptance rate 0.525705 target 0.500000 new stepsize 1.8778e-07 old stepsize 1.69002e-07
basinhopping step 603: f 286808 trial_f 286808 accepted 1  lowest_f 286808
found new global minimum on step 603 with function value 286808
 Fit Status: False
 Force threshold: 0.4587
 Lowest RMSE: 0.6739
 Current RMSE: 0.6748
 Accepted count: 319
 Basinhop count: 0


adaptive stepsize: acceptance rate 0.526490 target 0.500000 new stepsize 2.08644e-07 old stepsize 1.8778e-07
basinhopping step 604: f 273474 trial_f 273474 accepted 1  lowest_f 273474
found new global minimum on step 604 with function value 273474
 Fit Status: False
 Force threshold: 0.4587
 Lowest RMSE: 0.6544
 Current RMSE: 0.6544
 Accepted count: 320
 Basinhop count: 0


adaptive stepsize: acceptance rate 0.527273 target 0.500000 new stepsize 2.31827e-07 old stepsize 2.08644e-07
basinhopping step 605: f 273471 trial_f 273471 accepted 1  lowest_f 273471
found new global minimum on step 605 with function value 273471
 Fit Status: False
 Force threshold: 0.4587
 Lowest RMSE: 0.6543
 Current RMSE: 0.6543
 Accepted count: 321
 Basinhop count: 0


adaptive stepsize: acceptance rate 0.528053 target 0.500000 new stepsize 2.57585e-07 old stepsize 2.31827e-07
basinhopping step 606: f 273471 trial_f 273471 accepted 1  lowest_f 273471
 Fit Status: False
 Force threshold: 0.4587
 Lowest RMSE: 0.6543
 Current RMSE: 0.6543
 Accepted count: 322
 Basinhop count: 1


adaptive stepsize: acceptance rate 0.528830 target 0.500000 new stepsize 2.86206e-07 old stepsize 2.57585e-07
basinhopping step 607: f 273470 trial_f 273470 accepted 1  lowest_f 273470
found new global minimum on step 607 with function value 273470
 Fit Status: False
 Force threshold: 0.4587
 Lowest RMSE: 0.6543
 Current RMSE: 0.6543
 Accepted count: 323
 Basinhop count: 0


adaptive stepsize: acceptance rate 0.529605 target 0.500000 new stepsize 3.18007e-07 old stepsize 2.86206e-07
basinhopping step 608: f 273471 trial_f 273471 accepted 1  lowest_f 273470
 Fit Status: False
 Force threshold: 0.4587
 Lowest RMSE: 0.6543
 Current RMSE: 0.6543
 Accepted count: 324
 Basinhop count: 1


adaptive stepsize: acceptance rate 0.530378 target 0.500000 new stepsize 3.53341e-07 old stepsize 3.18007e-07
basinhopping step 609: f 273471 trial_f 273471 accepted 1  lowest_f 273470
 Fit Status: False
 Force threshold: 0.4587
 Lowest RMSE: 0.6543
 Current RMSE: 0.6543
 Accepted count: 325
 Basinhop count: 2


adaptive stepsize: acceptance rate 0.531148 target 0.500000 new stepsize 3.92601e-07 old stepsize 3.53341e-07
basinhopping step 610: f 273471 trial_f 273471 accepted 1  lowest_f 273470
 Fit Status: False
 Force threshold: 0.4587
 Lowest RMSE: 0.6543
 Current RMSE: 0.6543
 Accepted count: 326
 Basinhop count: 3


adaptive stepsize: acceptance rate 0.531915 target 0.500000 new stepsize 4.36223e-07 old stepsize 3.92601e-07
basinhopping step 611: f 273471 trial_f 273471 accepted 1  lowest_f 273470
 Fit Status: False
 Force threshold: 0.4587
 Lowest RMSE: 0.6543
 Current RMSE: 0.6543
 Accepted count: 327
 Basinhop count: 4


adaptive stepsize: acceptance rate 0.532680 target 0.500000 new stepsize 4.84693e-07 old stepsize 4.36223e-07
basinhopping step 612: f 273470 trial_f 273470 accepted 1  lowest_f 273470
found new global minimum on step 612 with function value 273470
 Fit Status: False
 Force threshold: 0.4587
 Lowest RMSE: 0.6543
 Current RMSE: 0.6543
 Accepted count: 328
 Basinhop count: 0


adaptive stepsize: acceptance rate 0.533442 target 0.500000 new stepsize 5.38547e-07 old stepsize 4.84693e-07
basinhopping step 613: f 273399 trial_f 273399 accepted 1  lowest_f 273399
found new global minimum on step 613 with function value 273399
 Fit Status: False
 Force threshold: 0.4587
 Lowest RMSE: 0.6538
 Current RMSE: 0.6538
 Accepted count: 329
 Basinhop count: 0


adaptive stepsize: acceptance rate 0.534202 target 0.500000 new stepsize 5.98386e-07 old stepsize 5.38547e-07
basinhopping step 614: f 273399 trial_f 273399 accepted 1  lowest_f 273399
 Fit Status: False
 Force threshold: 0.4587
 Lowest RMSE: 0.6538
 Current RMSE: 0.6538
 Accepted count: 330
 Basinhop count: 1


adaptive stepsize: acceptance rate 0.534959 target 0.500000 new stepsize 6.64873e-07 old stepsize 5.98386e-07
basinhopping step 615: f 273399 trial_f 273399 accepted 1  lowest_f 273399
found new global minimum on step 615 with function value 273399
 Fit Status: False
 Force threshold: 0.4587
 Lowest RMSE: 0.6538
 Current RMSE: 0.6538
 Accepted count: 331
 Basinhop count: 0


adaptive stepsize: acceptance rate 0.535714 target 0.500000 new stepsize 7.38748e-07 old stepsize 6.64873e-07
basinhopping step 616: f 273399 trial_f 273400 accepted 0  lowest_f 273399
 Fit Status: False
 Force threshold: 0.4587
 Lowest RMSE: 0.6538
 Current RMSE: 0.6538
 Accepted count: 331
 Basinhop count: 1


adaptive stepsize: acceptance rate 0.534846 target 0.500000 new stepsize 8.20831e-07 old stepsize 7.38748e-07
basinhopping step 617: f 273399 trial_f 273399 accepted 1  lowest_f 273399
found new global minimum on step 617 with function value 273399
 Fit Status: False
 Force threshold: 0.4587
 Lowest RMSE: 0.6538
 Current RMSE: 0.6538
 Accepted count: 332
 Basinhop count: 0


adaptive stepsize: acceptance rate 0.535599 target 0.500000 new stepsize 9.12034e-07 old stepsize 8.20831e-07
basinhopping step 618: f 273329 trial_f 273329 accepted 1  lowest_f 273329
found new global minimum on step 618 with function value 273329
 Fit Status: False
 Force threshold: 0.4587
 Lowest RMSE: 0.6538
 Current RMSE: 0.6541
 Accepted count: 333
 Basinhop count: 0


adaptive stepsize: acceptance rate 0.536349 target 0.500000 new stepsize 1.01337e-06 old stepsize 9.12034e-07
basinhopping step 619: f 273328 trial_f 273328 accepted 1  lowest_f 273328
found new global minimum on step 619 with function value 273328
 Fit Status: False
 Force threshold: 0.4587
 Lowest RMSE: 0.6538
 Current RMSE: 0.6542
 Accepted count: 334
 Basinhop count: 0


adaptive stepsize: acceptance rate 0.537097 target 0.500000 new stepsize 1.12597e-06 old stepsize 1.01337e-06
basinhopping step 620: f 273328 trial_f 273328 accepted 1  lowest_f 273328
 Fit Status: False
 Force threshold: 0.4587
 Lowest RMSE: 0.6538
 Current RMSE: 0.6542
 Accepted count: 335
 Basinhop count: 1


adaptive stepsize: acceptance rate 0.537842 target 0.500000 new stepsize 1.25108e-06 old stepsize 1.12597e-06
basinhopping step 621: f 273327 trial_f 273327 accepted 1  lowest_f 273327
found new global minimum on step 621 with function value 273327
 Fit Status: False
 Force threshold: 0.4587
 Lowest RMSE: 0.6538
 Current RMSE: 0.6542
 Accepted count: 336
 Basinhop count: 0


adaptive stepsize: acceptance rate 0.538585 target 0.500000 new stepsize 1.39008e-06 old stepsize 1.25108e-06
basinhopping step 622: f 273326 trial_f 273326 accepted 1  lowest_f 273326
found new global minimum on step 622 with function value 273326
 Fit Status: False
 Force threshold: 0.4587
 Lowest RMSE: 0.6538
 Current RMSE: 0.6542
 Accepted count: 337
 Basinhop count: 0


adaptive stepsize: acceptance rate 0.539326 target 0.500000 new stepsize 1.54454e-06 old stepsize 1.39008e-06
basinhopping step 623: f 273325 trial_f 273325 accepted 1  lowest_f 273325
found new global minimum on step 623 with function value 273325
 Fit Status: False
 Force threshold: 0.4587
 Lowest RMSE: 0.6538
 Current RMSE: 0.6541
 Accepted count: 338
 Basinhop count: 0


adaptive stepsize: acceptance rate 0.540064 target 0.500000 new stepsize 1.71615e-06 old stepsize 1.54454e-06
basinhopping step 624: f 273323 trial_f 273323 accepted 1  lowest_f 273323
found new global minimum on step 624 with function value 273323
 Fit Status: False
 Force threshold: 0.4587
 Lowest RMSE: 0.6538
 Current RMSE: 0.6541
 Accepted count: 339
 Basinhop count: 0


adaptive stepsize: acceptance rate 0.540800 target 0.500000 new stepsize 1.90684e-06 old stepsize 1.71615e-06
basinhopping step 625: f 273323 trial_f 273324 accepted 0  lowest_f 273323
 Fit Status: False
 Force threshold: 0.4587
 Lowest RMSE: 0.6538
 Current RMSE: 0.6541
 Accepted count: 339
 Basinhop count: 1


adaptive stepsize: acceptance rate 0.539936 target 0.500000 new stepsize 2.11871e-06 old stepsize 1.90684e-06
basinhopping step 626: f 273323 trial_f 273323 accepted 1  lowest_f 273323
found new global minimum on step 626 with function value 273323
 Fit Status: False
 Force threshold: 0.4587
 Lowest RMSE: 0.6538
 Current RMSE: 0.6541
 Accepted count: 340
 Basinhop count: 0


adaptive stepsize: acceptance rate 0.540670 target 0.500000 new stepsize 2.35412e-06 old stepsize 2.11871e-06
basinhopping step 627: f 273323 trial_f 273323 accepted 1  lowest_f 273323
found new global minimum on step 627 with function value 273323
 Fit Status: False
 Force threshold: 0.4587
 Lowest RMSE: 0.6538
 Current RMSE: 0.6541
 Accepted count: 341
 Basinhop count: 0


adaptive stepsize: acceptance rate 0.541401 target 0.500000 new stepsize 2.61569e-06 old stepsize 2.35412e-06
basinhopping step 628: f 273323 trial_f 273325 accepted 0  lowest_f 273323
 Fit Status: False
 Force threshold: 0.4587
 Lowest RMSE: 0.6538
 Current RMSE: 0.6541
 Accepted count: 341
 Basinhop count: 1


adaptive stepsize: acceptance rate 0.540541 target 0.500000 new stepsize 2.90632e-06 old stepsize 2.61569e-06
basinhopping step 629: f 273323 trial_f 273323 accepted 0  lowest_f 273323
 Fit Status: False
 Force threshold: 0.4587
 Lowest RMSE: 0.6538
 Current RMSE: 0.6541
 Accepted count: 341
 Basinhop count: 2


adaptive stepsize: acceptance rate 0.539683 target 0.500000 new stepsize 3.22925e-06 old stepsize 2.90632e-06
basinhopping step 630: f 273322 trial_f 273322 accepted 1  lowest_f 273322
found new global minimum on step 630 with function value 273322
 Fit Status: False
 Force threshold: 0.4587
 Lowest RMSE: 0.6538
 Current RMSE: 0.6542
 Accepted count: 342
 Basinhop count: 0


adaptive stepsize: acceptance rate 0.540412 target 0.500000 new stepsize 3.58805e-06 old stepsize 3.22925e-06
basinhopping step 631: f 273322 trial_f 273322 accepted 1  lowest_f 273322
found new global minimum on step 631 with function value 273322
 Fit Status: False
 Force threshold: 0.4587
 Lowest RMSE: 0.6538
 Current RMSE: 0.6542
 Accepted count: 343
 Basinhop count: 0


adaptive stepsize: acceptance rate 0.541139 target 0.500000 new stepsize 3.98672e-06 old stepsize 3.58805e-06
basinhopping step 632: f 273320 trial_f 273320 accepted 1  lowest_f 273320
found new global minimum on step 632 with function value 273320
 Fit Status: False
 Force threshold: 0.4587
 Lowest RMSE: 0.6538
 Current RMSE: 0.6542
 Accepted count: 344
 Basinhop count: 0


adaptive stepsize: acceptance rate 0.541864 target 0.500000 new stepsize 4.42969e-06 old stepsize 3.98672e-06
basinhopping step 633: f 273316 trial_f 273316 accepted 1  lowest_f 273316
found new global minimum on step 633 with function value 273316
 Fit Status: False
 Force threshold: 0.4587
 Lowest RMSE: 0.6538
 Current RMSE: 0.6542
 Accepted count: 345
 Basinhop count: 0


adaptive stepsize: acceptance rate 0.542587 target 0.500000 new stepsize 4.92188e-06 old stepsize 4.42969e-06
basinhopping step 634: f 273316 trial_f 273319 accepted 0  lowest_f 273316
 Fit Status: False
 Force threshold: 0.4587
 Lowest RMSE: 0.6538
 Current RMSE: 0.6542
 Accepted count: 345
 Basinhop count: 1


adaptive stepsize: acceptance rate 0.541732 target 0.500000 new stepsize 5.46876e-06 old stepsize 4.92188e-06
basinhopping step 635: f 273316 trial_f 273317 accepted 0  lowest_f 273316
 Fit Status: False
 Force threshold: 0.4587
 Lowest RMSE: 0.6538
 Current RMSE: 0.6542
 Accepted count: 345
 Basinhop count: 2


adaptive stepsize: acceptance rate 0.540881 target 0.500000 new stepsize 6.0764e-06 old stepsize 5.46876e-06
basinhopping step 636: f 273316 trial_f 273316 accepted 0  lowest_f 273316
 Fit Status: False
 Force threshold: 0.4587
 Lowest RMSE: 0.6538
 Current RMSE: 0.6542
 Accepted count: 345
 Basinhop count: 3


adaptive stepsize: acceptance rate 0.540031 target 0.500000 new stepsize 6.75155e-06 old stepsize 6.0764e-06
basinhopping step 637: f 273316 trial_f 273316 accepted 1  lowest_f 273316
 Fit Status: False
 Force threshold: 0.4587
 Lowest RMSE: 0.6538
 Current RMSE: 0.6542
 Accepted count: 346
 Basinhop count: 4


adaptive stepsize: acceptance rate 0.540752 target 0.500000 new stepsize 7.50172e-06 old stepsize 6.75155e-06
basinhopping step 638: f 273312 trial_f 273312 accepted 1  lowest_f 273312
found new global minimum on step 638 with function value 273312
 Fit Status: False
 Force threshold: 0.4587
 Lowest RMSE: 0.6538
 Current RMSE: 0.6542
 Accepted count: 347
 Basinhop count: 0


adaptive stepsize: acceptance rate 0.541471 target 0.500000 new stepsize 8.33525e-06 old stepsize 7.50172e-06
basinhopping step 639: f 273311 trial_f 273311 accepted 1  lowest_f 273311
found new global minimum on step 639 with function value 273311
 Fit Status: False
 Force threshold: 0.4587
 Lowest RMSE: 0.6538
 Current RMSE: 0.6542
 Accepted count: 348
 Basinhop count: 0


adaptive stepsize: acceptance rate 0.542188 target 0.500000 new stepsize 9.26139e-06 old stepsize 8.33525e-06
basinhopping step 640: f 273305 trial_f 273305 accepted 1  lowest_f 273305
found new global minimum on step 640 with function value 273305
 Fit Status: False
 Force threshold: 0.4587
 Lowest RMSE: 0.6538
 Current RMSE: 0.6541
 Accepted count: 349
 Basinhop count: 0


adaptive stepsize: acceptance rate 0.542902 target 0.500000 new stepsize 1.02904e-05 old stepsize 9.26139e-06
basinhopping step 641: f 273298 trial_f 273298 accepted 1  lowest_f 273298
found new global minimum on step 641 with function value 273298
 Fit Status: False
 Force threshold: 0.4587
 Lowest RMSE: 0.6538
 Current RMSE: 0.6541
 Accepted count: 350
 Basinhop count: 0


adaptive stepsize: acceptance rate 0.543614 target 0.500000 new stepsize 1.14338e-05 old stepsize 1.02904e-05
basinhopping step 642: f 273297 trial_f 273297 accepted 1  lowest_f 273297
found new global minimum on step 642 with function value 273297
 Fit Status: False
 Force threshold: 0.4587
 Lowest RMSE: 0.6538
 Current RMSE: 0.6541
 Accepted count: 351
 Basinhop count: 0


adaptive stepsize: acceptance rate 0.544323 target 0.500000 new stepsize 1.27042e-05 old stepsize 1.14338e-05
basinhopping step 643: f 273297 trial_f 273302 accepted 0  lowest_f 273297
 Fit Status: False
 Force threshold: 0.4587
 Lowest RMSE: 0.6538
 Current RMSE: 0.6541
 Accepted count: 351
 Basinhop count: 1


adaptive stepsize: acceptance rate 0.543478 target 0.500000 new stepsize 1.41158e-05 old stepsize 1.27042e-05
basinhopping step 644: f 273297 trial_f 273309 accepted 0  lowest_f 273297
 Fit Status: False
 Force threshold: 0.4587
 Lowest RMSE: 0.6538
 Current RMSE: 0.6541
 Accepted count: 351
 Basinhop count: 2


adaptive stepsize: acceptance rate 0.542636 target 0.500000 new stepsize 1.56842e-05 old stepsize 1.41158e-05
basinhopping step 645: f 273286 trial_f 273286 accepted 1  lowest_f 273286
found new global minimum on step 645 with function value 273286
 Fit Status: False
 Force threshold: 0.4587
 Lowest RMSE: 0.6538
 Current RMSE: 0.6541
 Accepted count: 352
 Basinhop count: 0


adaptive stepsize: acceptance rate 0.543344 target 0.500000 new stepsize 1.74269e-05 old stepsize 1.56842e-05
basinhopping step 646: f 273278 trial_f 273278 accepted 1  lowest_f 273278
found new global minimum on step 646 with function value 273278
 Fit Status: False
 Force threshold: 0.4587
 Lowest RMSE: 0.6538
 Current RMSE: 0.6541
 Accepted count: 353
 Basinhop count: 0


adaptive stepsize: acceptance rate 0.544049 target 0.500000 new stepsize 1.93633e-05 old stepsize 1.74269e-05
basinhopping step 647: f 273276 trial_f 273276 accepted 1  lowest_f 273276
found new global minimum on step 647 with function value 273276
 Fit Status: False
 Force threshold: 0.4587
 Lowest RMSE: 0.6538
 Current RMSE: 0.6541
 Accepted count: 354
 Basinhop count: 0


adaptive stepsize: acceptance rate 0.544753 target 0.500000 new stepsize 2.15147e-05 old stepsize 1.93633e-05
basinhopping step 648: f 273276 trial_f 273276 accepted 1  lowest_f 273276
found new global minimum on step 648 with function value 273276
 Fit Status: False
 Force threshold: 0.4587
 Lowest RMSE: 0.6538
 Current RMSE: 0.6541
 Accepted count: 355
 Basinhop count: 0


adaptive stepsize: acceptance rate 0.545455 target 0.500000 new stepsize 2.39053e-05 old stepsize 2.15147e-05
basinhopping step 649: f 273257 trial_f 273257 accepted 1  lowest_f 273257
found new global minimum on step 649 with function value 273257
 Fit Status: False
 Force threshold: 0.4587
 Lowest RMSE: 0.6538
 Current RMSE: 0.6541
 Accepted count: 356
 Basinhop count: 0


adaptive stepsize: acceptance rate 0.546154 target 0.500000 new stepsize 2.65614e-05 old stepsize 2.39053e-05
basinhopping step 650: f 273252 trial_f 273252 accepted 1  lowest_f 273252
found new global minimum on step 650 with function value 273252
 Fit Status: False
 Force threshold: 0.4587
 Lowest RMSE: 0.6538
 Current RMSE: 0.6541
 Accepted count: 357
 Basinhop count: 0


adaptive stepsize: acceptance rate 0.546851 target 0.500000 new stepsize 2.95127e-05 old stepsize 2.65614e-05
basinhopping step 651: f 273232 trial_f 273232 accepted 1  lowest_f 273232
found new global minimum on step 651 with function value 273232
 Fit Status: False
 Force threshold: 0.4587
 Lowest RMSE: 0.6538
 Current RMSE: 0.6541
 Accepted count: 358
 Basinhop count: 0


adaptive stepsize: acceptance rate 0.547546 target 0.500000 new stepsize 3.27919e-05 old stepsize 2.95127e-05
basinhopping step 652: f 273228 trial_f 273228 accepted 1  lowest_f 273228
found new global minimum on step 652 with function value 273228
 Fit Status: False
 Force threshold: 0.4587
 Lowest RMSE: 0.6538
 Current RMSE: 0.6541
 Accepted count: 359
 Basinhop count: 0


adaptive stepsize: acceptance rate 0.548239 target 0.500000 new stepsize 3.64354e-05 old stepsize 3.27919e-05
basinhopping step 653: f 273228 trial_f 273257 accepted 0  lowest_f 273228
 Fit Status: False
 Force threshold: 0.4587
 Lowest RMSE: 0.6538
 Current RMSE: 0.6541
 Accepted count: 359
 Basinhop count: 1


adaptive stepsize: acceptance rate 0.547401 target 0.500000 new stepsize 4.04838e-05 old stepsize 3.64354e-05
basinhopping step 654: f 273218 trial_f 273218 accepted 1  lowest_f 273218
found new global minimum on step 654 with function value 273218
 Fit Status: False
 Force threshold: 0.4587
 Lowest RMSE: 0.6538
 Current RMSE: 0.6541
 Accepted count: 360
 Basinhop count: 0


adaptive stepsize: acceptance rate 0.548092 target 0.500000 new stepsize 4.4982e-05 old stepsize 4.04838e-05
basinhopping step 655: f 273201 trial_f 273201 accepted 1  lowest_f 273201
found new global minimum on step 655 with function value 273201
 Fit Status: False
 Force threshold: 0.4587
 Lowest RMSE: 0.6538
 Current RMSE: 0.6541
 Accepted count: 361
 Basinhop count: 0


adaptive stepsize: acceptance rate 0.548780 target 0.500000 new stepsize 4.998e-05 old stepsize 4.4982e-05
basinhopping step 656: f 273201 trial_f 273206 accepted 0  lowest_f 273201
 Fit Status: False
 Force threshold: 0.4587
 Lowest RMSE: 0.6538
 Current RMSE: 0.6540
 Accepted count: 361
 Basinhop count: 1


adaptive stepsize: acceptance rate 0.547945 target 0.500000 new stepsize 5.55333e-05 old stepsize 4.998e-05
basinhopping step 657: f 273163 trial_f 273163 accepted 1  lowest_f 273163
found new global minimum on step 657 with function value 273163
 Fit Status: False
 Force threshold: 0.4587
 Lowest RMSE: 0.6538
 Current RMSE: 0.6540
 Accepted count: 362
 Basinhop count: 0


adaptive stepsize: acceptance rate 0.548632 target 0.500000 new stepsize 6.17037e-05 old stepsize 5.55333e-05
basinhopping step 658: f 273165 trial_f 273165 accepted 1  lowest_f 273163
 Fit Status: False
 Force threshold: 0.4587
 Lowest RMSE: 0.6538
 Current RMSE: 0.6540
 Accepted count: 363
 Basinhop count: 1


adaptive stepsize: acceptance rate 0.549317 target 0.500000 new stepsize 6.85596e-05 old stepsize 6.17037e-05
basinhopping step 659: f 273007 trial_f 273007 accepted 1  lowest_f 273007
found new global minimum on step 659 with function value 273007
 Fit Status: False
 Force threshold: 0.4587
 Lowest RMSE: 0.6537
 Current RMSE: 0.6537
 Accepted count: 364
 Basinhop count: 0


adaptive stepsize: acceptance rate 0.550000 target 0.500000 new stepsize 7.61773e-05 old stepsize 6.85596e-05
basinhopping step 660: f 272945 trial_f 272945 accepted 1  lowest_f 272945
found new global minimum on step 660 with function value 272945
 Fit Status: False
 Force threshold: 0.4587
 Lowest RMSE: 0.6536
 Current RMSE: 0.6536
 Accepted count: 365
 Basinhop count: 0


adaptive stepsize: acceptance rate 0.550681 target 0.500000 new stepsize 8.46415e-05 old stepsize 7.61773e-05
basinhopping step 661: f 272897 trial_f 272897 accepted 1  lowest_f 272897
found new global minimum on step 661 with function value 272897
 Fit Status: False
 Force threshold: 0.4587
 Lowest RMSE: 0.6536
 Current RMSE: 0.6536
 Accepted count: 366
 Basinhop count: 0


adaptive stepsize: acceptance rate 0.551360 target 0.500000 new stepsize 9.40461e-05 old stepsize 8.46415e-05
basinhopping step 662: f 272850 trial_f 272850 accepted 1  lowest_f 272850
found new global minimum on step 662 with function value 272850
 Fit Status: False
 Force threshold: 0.4587
 Lowest RMSE: 0.6535
 Current RMSE: 0.6535
 Accepted count: 367
 Basinhop count: 0


adaptive stepsize: acceptance rate 0.552036 target 0.500000 new stepsize 0.000104496 old stepsize 9.40461e-05
basinhopping step 663: f 272850 trial_f 272862 accepted 0  lowest_f 272850
 Fit Status: False
 Force threshold: 0.4587
 Lowest RMSE: 0.6535
 Current RMSE: 0.6536
 Accepted count: 367
 Basinhop count: 1


adaptive stepsize: acceptance rate 0.551205 target 0.500000 new stepsize 0.000116106 old stepsize 0.000104496
basinhopping step 664: f 272802 trial_f 272802 accepted 1  lowest_f 272802
found new global minimum on step 664 with function value 272802
 Fit Status: False
 Force threshold: 0.4587
 Lowest RMSE: 0.6533
 Current RMSE: 0.6533
 Accepted count: 368
 Basinhop count: 0


adaptive stepsize: acceptance rate 0.551880 target 0.500000 new stepsize 0.000129007 old stepsize 0.000116106
basinhopping step 665: f 272777 trial_f 272777 accepted 1  lowest_f 272777
found new global minimum on step 665 with function value 272777
 Fit Status: False
 Force threshold: 0.4587
 Lowest RMSE: 0.6533
 Current RMSE: 0.6533
 Accepted count: 369
 Basinhop count: 0


adaptive stepsize: acceptance rate 0.552553 target 0.500000 new stepsize 0.000143341 old stepsize 0.000129007
basinhopping step 666: f 272777 trial_f 272851 accepted 0  lowest_f 272777
 Fit Status: False
 Force threshold: 0.4587
 Lowest RMSE: 0.6533
 Current RMSE: 0.6534
 Accepted count: 369
 Basinhop count: 1


adaptive stepsize: acceptance rate 0.551724 target 0.500000 new stepsize 0.000159268 old stepsize 0.000143341
basinhopping step 667: f 272777 trial_f 272781 accepted 0  lowest_f 272777
 Fit Status: False
 Force threshold: 0.4587
 Lowest RMSE: 0.6533
 Current RMSE: 0.6533
 Accepted count: 369
 Basinhop count: 2


adaptive stepsize: acceptance rate 0.550898 target 0.500000 new stepsize 0.000176964 old stepsize 0.000159268
basinhopping step 668: f 272734 trial_f 272734 accepted 1  lowest_f 272734
found new global minimum on step 668 with function value 272734
 Fit Status: False
 Force threshold: 0.4587
 Lowest RMSE: 0.6533
 Current RMSE: 0.6533
 Accepted count: 370
 Basinhop count: 0


adaptive stepsize: acceptance rate 0.551570 target 0.500000 new stepsize 0.000196627 old stepsize 0.000176964
basinhopping step 669: f 272734 trial_f 272879 accepted 0  lowest_f 272734
 Fit Status: False
 Force threshold: 0.4587
 Lowest RMSE: 0.6533
 Current RMSE: 0.6535
 Accepted count: 370
 Basinhop count: 1


adaptive stepsize: acceptance rate 0.550746 target 0.500000 new stepsize 0.000218475 old stepsize 0.000196627
basinhopping step 670: f 272466 trial_f 272466 accepted 1  lowest_f 272466
found new global minimum on step 670 with function value 272466
 Fit Status: False
 Force threshold: 0.4587
 Lowest RMSE: 0.6524
 Current RMSE: 0.6524
 Accepted count: 371
 Basinhop count: 0


adaptive stepsize: acceptance rate 0.551416 target 0.500000 new stepsize 0.000242749 old stepsize 0.000218475
basinhopping step 671: f 272289 trial_f 272289 accepted 1  lowest_f 272289
found new global minimum on step 671 with function value 272289
 Fit Status: False
 Force threshold: 0.4587
 Lowest RMSE: 0.6524
 Current RMSE: 0.6530
 Accepted count: 372
 Basinhop count: 0


adaptive stepsize: acceptance rate 0.552083 target 0.500000 new stepsize 0.000269722 old stepsize 0.000242749
basinhopping step 672: f 272289 trial_f 272370 accepted 0  lowest_f 272289
 Fit Status: False
 Force threshold: 0.4587
 Lowest RMSE: 0.6524
 Current RMSE: 0.6530
 Accepted count: 372
 Basinhop count: 1


adaptive stepsize: acceptance rate 0.551263 target 0.500000 new stepsize 0.000299691 old stepsize 0.000269722
basinhopping step 673: f 272289 trial_f 272406 accepted 0  lowest_f 272289
 Fit Status: False
 Force threshold: 0.4587
 Lowest RMSE: 0.6524
 Current RMSE: 0.6529
 Accepted count: 372
 Basinhop count: 2


adaptive stepsize: acceptance rate 0.550445 target 0.500000 new stepsize 0.00033299 old stepsize 0.000299691
basinhopping step 674: f 272289 trial_f 272489 accepted 0  lowest_f 272289
 Fit Status: False
 Force threshold: 0.4587
 Lowest RMSE: 0.6524
 Current RMSE: 0.6532
 Accepted count: 372
 Basinhop count: 3


adaptive stepsize: acceptance rate 0.549630 target 0.500000 new stepsize 0.000369988 old stepsize 0.00033299
basinhopping step 675: f 272289 trial_f 272507 accepted 0  lowest_f 272289
 Fit Status: False
 Force threshold: 0.4587
 Lowest RMSE: 0.6524
 Current RMSE: 0.6535
 Accepted count: 372
 Basinhop count: 4


adaptive stepsize: acceptance rate 0.548817 target 0.500000 new stepsize 0.000411098 old stepsize 0.000369988
basinhopping step 676: f 272163 trial_f 272163 accepted 1  lowest_f 272163
found new global minimum on step 676 with function value 272163
 Fit Status: False
 Force threshold: 0.4587
 Lowest RMSE: 0.6524
 Current RMSE: 0.6527
 Accepted count: 373
 Basinhop count: 0


adaptive stepsize: acceptance rate 0.549483 target 0.500000 new stepsize 0.000456776 old stepsize 0.000411098
basinhopping step 677: f 272163 trial_f 272195 accepted 0  lowest_f 272163
 Fit Status: False
 Force threshold: 0.4587
 Lowest RMSE: 0.6524
 Current RMSE: 0.6529
 Accepted count: 373
 Basinhop count: 1


adaptive stepsize: acceptance rate 0.548673 target 0.500000 new stepsize 0.000507529 old stepsize 0.000456776
basinhopping step 678: f 272145 trial_f 272145 accepted 1  lowest_f 272145
found new global minimum on step 678 with function value 272145
 Fit Status: False
 Force threshold: 0.4587
 Lowest RMSE: 0.6524
 Current RMSE: 0.6524
 Accepted count: 374
 Basinhop count: 0


adaptive stepsize: acceptance rate 0.549337 target 0.500000 new stepsize 0.000563921 old stepsize 0.000507529
basinhopping step 679: f 271990 trial_f 271990 accepted 1  lowest_f 271990
found new global minimum on step 679 with function value 271990
 Fit Status: False
 Force threshold: 0.4587
 Lowest RMSE: 0.6518
 Current RMSE: 0.6518
 Accepted count: 375
 Basinhop count: 0


adaptive stepsize: acceptance rate 0.550000 target 0.500000 new stepsize 0.000626579 old stepsize 0.000563921
basinhopping step 680: f 271544 trial_f 271544 accepted 1  lowest_f 271544
found new global minimum on step 680 with function value 271544
 Fit Status: False
 Force threshold: 0.4587
 Lowest RMSE: 0.6511
 Current RMSE: 0.6511
 Accepted count: 376
 Basinhop count: 0


adaptive stepsize: acceptance rate 0.550661 target 0.500000 new stepsize 0.000696199 old stepsize 0.000626579
basinhopping step 681: f 271544 trial_f 271767 accepted 0  lowest_f 271544
 Fit Status: False
 Force threshold: 0.4587
 Lowest RMSE: 0.6511
 Current RMSE: 0.6516
 Accepted count: 376
 Basinhop count: 1


adaptive stepsize: acceptance rate 0.549853 target 0.500000 new stepsize 0.000773554 old stepsize 0.000696199
basinhopping step 682: f 271411 trial_f 271411 accepted 1  lowest_f 271411
found new global minimum on step 682 with function value 271411
 Fit Status: False
 Force threshold: 0.4587
 Lowest RMSE: 0.6511
 Current RMSE: 0.6512
 Accepted count: 377
 Basinhop count: 0


adaptive stepsize: acceptance rate 0.550512 target 0.500000 new stepsize 0.000859504 old stepsize 0.000773554
basinhopping step 683: f 271411 trial_f 271940 accepted 0  lowest_f 271411
 Fit Status: False
 Force threshold: 0.4587
 Lowest RMSE: 0.6511
 Current RMSE: 0.6521
 Accepted count: 377
 Basinhop count: 1


adaptive stepsize: acceptance rate 0.549708 target 0.500000 new stepsize 0.000955005 old stepsize 0.000859504
basinhopping step 684: f 271411 trial_f 271565 accepted 0  lowest_f 271411
 Fit Status: False
 Force threshold: 0.4587
 Lowest RMSE: 0.6507
 Current RMSE: 0.6507
 Accepted count: 377
 Basinhop count: 2


adaptive stepsize: acceptance rate 0.548905 target 0.500000 new stepsize 0.00106112 old stepsize 0.000955005
basinhopping step 685: f 271411 trial_f 271869 accepted 0  lowest_f 271411
 Fit Status: False
 Force threshold: 0.4587
 Lowest RMSE: 0.6507
 Current RMSE: 0.6508
 Accepted count: 377
 Basinhop count: 3


adaptive stepsize: acceptance rate 0.548105 target 0.500000 new stepsize 0.00117902 old stepsize 0.00106112
basinhopping step 686: f 271411 trial_f 271464 accepted 0  lowest_f 271411
 Fit Status: False
 Force threshold: 0.4587
 Lowest RMSE: 0.6507
 Current RMSE: 0.6511
 Accepted count: 377
 Basinhop count: 4


adaptive stepsize: acceptance rate 0.547307 target 0.500000 new stepsize 0.00131002 old stepsize 0.00117902
basinhopping step 687: f 270627 trial_f 270627 accepted 1  lowest_f 270627
found new global minimum on step 687 with function value 270627
 Fit Status: False
 Force threshold: 0.4587
 Lowest RMSE: 0.6499
 Current RMSE: 0.6499
 Accepted count: 378
 Basinhop count: 0


adaptive stepsize: acceptance rate 0.547965 target 0.500000 new stepsize 0.00145558 old stepsize 0.00131002
basinhopping step 688: f 270627 trial_f 271237 accepted 0  lowest_f 270627
 Fit Status: False
 Force threshold: 0.4587
 Lowest RMSE: 0.6499
 Current RMSE: 0.6512
 Accepted count: 378
 Basinhop count: 1


adaptive stepsize: acceptance rate 0.547170 target 0.500000 new stepsize 0.00161731 old stepsize 0.00145558
basinhopping step 689: f 270066 trial_f 270066 accepted 1  lowest_f 270066
found new global minimum on step 689 with function value 270066
 Fit Status: False
 Force threshold: 0.4587
 Lowest RMSE: 0.6499
 Current RMSE: 0.6501
 Accepted count: 379
 Basinhop count: 0


adaptive stepsize: acceptance rate 0.547826 target 0.500000 new stepsize 0.00179701 old stepsize 0.00161731
basinhopping step 690: f 270066 trial_f 271233 accepted 0  lowest_f 270066
 Fit Status: False
 Force threshold: 0.4587
 Lowest RMSE: 0.6499
 Current RMSE: 0.6519
 Accepted count: 379
 Basinhop count: 1


adaptive stepsize: acceptance rate 0.547033 target 0.500000 new stepsize 0.00199668 old stepsize 0.00179701
basinhopping step 691: f 269658 trial_f 269658 accepted 1  lowest_f 269658
found new global minimum on step 691 with function value 269658
 Fit Status: False
 Force threshold: 0.4587
 Lowest RMSE: 0.6485
 Current RMSE: 0.6485
 Accepted count: 380
 Basinhop count: 0


adaptive stepsize: acceptance rate 0.547688 target 0.500000 new stepsize 0.00221853 old stepsize 0.00199668
basinhopping step 692: f 269658 trial_f 269766 accepted 0  lowest_f 269658
 Fit Status: False
 Force threshold: 0.4587
 Lowest RMSE: 0.6485
 Current RMSE: 0.6494
 Accepted count: 380
 Basinhop count: 1


adaptive stepsize: acceptance rate 0.546898 target 0.500000 new stepsize 0.00246503 old stepsize 0.00221853
basinhopping step 693: f 269000 trial_f 269000 accepted 1  lowest_f 269000
found new global minimum on step 693 with function value 269000
 Fit Status: False
 Force threshold: 0.4587
 Lowest RMSE: 0.6484
 Current RMSE: 0.6484
 Accepted count: 381
 Basinhop count: 0


adaptive stepsize: acceptance rate 0.547550 target 0.500000 new stepsize 0.00273893 old stepsize 0.00246503
basinhopping step 694: f 269000 trial_f 269333 accepted 0  lowest_f 269000
 Fit Status: False
 Force threshold: 0.4587
 Lowest RMSE: 0.6484
 Current RMSE: 0.6499
 Accepted count: 381
 Basinhop count: 1


adaptive stepsize: acceptance rate 0.546763 target 0.500000 new stepsize 0.00304325 old stepsize 0.00273893
basinhopping step 695: f 269000 trial_f 269468 accepted 0  lowest_f 269000
 Fit Status: False
 Force threshold: 0.4587
 Lowest RMSE: 0.6484
 Current RMSE: 0.6487
 Accepted count: 381
 Basinhop count: 2


adaptive stepsize: acceptance rate 0.545977 target 0.500000 new stepsize 0.00338139 old stepsize 0.00304325
basinhopping step 696: f 269000 trial_f 269239 accepted 0  lowest_f 269000
 Fit Status: False
 Force threshold: 0.4587
 Lowest RMSE: 0.6473
 Current RMSE: 0.6473
 Accepted count: 381
 Basinhop count: 3


adaptive stepsize: acceptance rate 0.545194 target 0.500000 new stepsize 0.0037571 old stepsize 0.00338139
basinhopping step 697: f 269000 trial_f 271188 accepted 0  lowest_f 269000
 Fit Status: False
 Force threshold: 0.4587
 Lowest RMSE: 0.6473
 Current RMSE: 0.6475
 Accepted count: 381
 Basinhop count: 4


adaptive stepsize: acceptance rate 0.544413 target 0.500000 new stepsize 0.00417456 old stepsize 0.0037571
basinhopping step 698: f 269000 trial_f 273826 accepted 0  lowest_f 269000
 Fit Status: False
 Force threshold: 0.4587
 Lowest RMSE: 0.6473
 Current RMSE: 0.6534
 Accepted count: 381
 Basinhop count: 5


adaptive stepsize: acceptance rate 0.543634 target 0.500000 new stepsize 0.0046384 old stepsize 0.00417456
basinhopping step 699: f 267745 trial_f 267745 accepted 1  lowest_f 267745
found new global minimum on step 699 with function value 267745
 Fit Status: False
 Force threshold: 0.4587
 Lowest RMSE: 0.6473
 Current RMSE: 0.6482
 Accepted count: 382
 Basinhop count: 0


adaptive stepsize: acceptance rate 0.544286 target 0.500000 new stepsize 0.00515378 old stepsize 0.0046384
basinhopping step 700: f 265554 trial_f 265554 accepted 1  lowest_f 265554
found new global minimum on step 700 with function value 265554
 Fit Status: False
 Force threshold: 0.4587
 Lowest RMSE: 0.6445
 Current RMSE: 0.6445
 Accepted count: 383
 Basinhop count: 0


adaptive stepsize: acceptance rate 0.544936 target 0.500000 new stepsize 0.00572642 old stepsize 0.00515378
basinhopping step 701: f 265554 trial_f 268588 accepted 0  lowest_f 265554
 Fit Status: False
 Force threshold: 0.4587
 Lowest RMSE: 0.6445
 Current RMSE: 0.6480
 Accepted count: 383
 Basinhop count: 1


adaptive stepsize: acceptance rate 0.544160 target 0.500000 new stepsize 0.00636269 old stepsize 0.00572642
basinhopping step 702: f 263771 trial_f 263771 accepted 1  lowest_f 263771
found new global minimum on step 702 with function value 263771
 Fit Status: False
 Force threshold: 0.4587
 Lowest RMSE: 0.6413
 Current RMSE: 0.6413
 Accepted count: 384
 Basinhop count: 0


adaptive stepsize: acceptance rate 0.544808 target 0.500000 new stepsize 0.00706965 old stepsize 0.00636269
basinhopping step 703: f 260232 trial_f 260232 accepted 1  lowest_f 260232
found new global minimum on step 703 with function value 260232
 Fit Status: False
 Force threshold: 0.4587
 Lowest RMSE: 0.6387
 Current RMSE: 0.6387
 Accepted count: 385
 Basinhop count: 0


adaptive stepsize: acceptance rate 0.545455 target 0.500000 new stepsize 0.00785517 old stepsize 0.00706965
basinhopping step 704: f 256892 trial_f 256892 accepted 1  lowest_f 256892
found new global minimum on step 704 with function value 256892
 Fit Status: False
 Force threshold: 0.4587
 Lowest RMSE: 0.6295
 Current RMSE: 0.6295
 Accepted count: 386
 Basinhop count: 0


adaptive stepsize: acceptance rate 0.546099 target 0.500000 new stepsize 0.00872796 old stepsize 0.00785517
basinhopping step 705: f 256892 trial_f 261746 accepted 0  lowest_f 256892
 Fit Status: False
 Force threshold: 0.4587
 Lowest RMSE: 0.6295
 Current RMSE: 0.6474
 Accepted count: 386
 Basinhop count: 1


adaptive stepsize: acceptance rate 0.545326 target 0.500000 new stepsize 0.00969774 old stepsize 0.00872796
basinhopping step 706: f 256892 trial_f 265508 accepted 0  lowest_f 256892
 Fit Status: False
 Force threshold: 0.4587
 Lowest RMSE: 0.6295
 Current RMSE: 0.6413
 Accepted count: 386
 Basinhop count: 2


adaptive stepsize: acceptance rate 0.544554 target 0.500000 new stepsize 0.0107753 old stepsize 0.00969774
basinhopping step 707: f 253185 trial_f 253185 accepted 1  lowest_f 253185
found new global minimum on step 707 with function value 253185
 Fit Status: False
 Force threshold: 0.4587
 Lowest RMSE: 0.6255
 Current RMSE: 0.6255
 Accepted count: 387
 Basinhop count: 0


adaptive stepsize: acceptance rate 0.545198 target 0.500000 new stepsize 0.0119725 old stepsize 0.0107753
basinhopping step 708: f 251288 trial_f 251288 accepted 1  lowest_f 251288
found new global minimum on step 708 with function value 251288
 Fit Status: False
 Force threshold: 0.4587
 Lowest RMSE: 0.6255
 Current RMSE: 0.6316
 Accepted count: 388
 Basinhop count: 0


adaptive stepsize: acceptance rate 0.545839 target 0.500000 new stepsize 0.0133028 old stepsize 0.0119725
basinhopping step 709: f 251288 trial_f 258235 accepted 0  lowest_f 251288
 Fit Status: False
 Force threshold: 0.4587
 Lowest RMSE: 0.6255
 Current RMSE: 0.6455
 Accepted count: 388
 Basinhop count: 1


adaptive stepsize: acceptance rate 0.545070 target 0.500000 new stepsize 0.0147809 old stepsize 0.0133028
basinhopping step 710: f 251288 trial_f 268955 accepted 0  lowest_f 251288
 Fit Status: False
 Force threshold: 0.4587
 Lowest RMSE: 0.6255
 Current RMSE: 0.6462
 Accepted count: 388
 Basinhop count: 2


adaptive stepsize: acceptance rate 0.544304 target 0.500000 new stepsize 0.0164232 old stepsize 0.0147809
basinhopping step 711: f 248760 trial_f 248760 accepted 1  lowest_f 248760
found new global minimum on step 711 with function value 248760
 Fit Status: False
 Force threshold: 0.4587
 Lowest RMSE: 0.6255
 Current RMSE: 0.6286
 Accepted count: 389
 Basinhop count: 0


adaptive stepsize: acceptance rate 0.544944 target 0.500000 new stepsize 0.018248 old stepsize 0.0164232
basinhopping step 712: f 248760 trial_f 253822 accepted 0  lowest_f 248760
 Fit Status: False
 Force threshold: 0.4587
 Lowest RMSE: 0.6255
 Current RMSE: 0.6404
 Accepted count: 389
 Basinhop count: 1


adaptive stepsize: acceptance rate 0.544180 target 0.500000 new stepsize 0.0202756 old stepsize 0.018248
basinhopping step 713: f 248760 trial_f 262503 accepted 0  lowest_f 248760
 Fit Status: False
 Force threshold: 0.4587
 Lowest RMSE: 0.6255
 Current RMSE: 0.6319
 Accepted count: 389
 Basinhop count: 2


adaptive stepsize: acceptance rate 0.543417 target 0.500000 new stepsize 0.0225284 old stepsize 0.0202756
basinhopping step 714: f 246848 trial_f 246848 accepted 1  lowest_f 246848
found new global minimum on step 714 with function value 246848
 Fit Status: False
 Force threshold: 0.4587
 Lowest RMSE: 0.6157
 Current RMSE: 0.6157
 Accepted count: 390
 Basinhop count: 0


adaptive stepsize: acceptance rate 0.544056 target 0.500000 new stepsize 0.0250316 old stepsize 0.0225284
basinhopping step 715: f 246848 trial_f 272493 accepted 0  lowest_f 246848
 Fit Status: False
 Force threshold: 0.4587
 Lowest RMSE: 0.6157
 Current RMSE: 0.6348
 Accepted count: 390
 Basinhop count: 1


adaptive stepsize: acceptance rate 0.543296 target 0.500000 new stepsize 0.0278128 old stepsize 0.0250316
basinhopping step 716: f 246848 trial_f 302454 accepted 0  lowest_f 246848
 Fit Status: False
 Force threshold: 0.4587
 Lowest RMSE: 0.6157
 Current RMSE: 0.6526
 Accepted count: 390
 Basinhop count: 2


adaptive stepsize: acceptance rate 0.542538 target 0.500000 new stepsize 0.0309032 old stepsize 0.0278128
basinhopping step 717: f 244511 trial_f 244511 accepted 1  lowest_f 244511
found new global minimum on step 717 with function value 244511
 Fit Status: False
 Force threshold: 0.4587
 Lowest RMSE: 0.6157
 Current RMSE: 0.6179
 Accepted count: 391
 Basinhop count: 0


adaptive stepsize: acceptance rate 0.543175 target 0.500000 new stepsize 0.0343368 old stepsize 0.0309032
basinhopping step 718: f 223972 trial_f 223972 accepted 1  lowest_f 223972
found new global minimum on step 718 with function value 223972
 Fit Status: False
 Force threshold: 0.4587
 Lowest RMSE: 0.5984
 Current RMSE: 0.5984
 Accepted count: 392
 Basinhop count: 0


adaptive stepsize: acceptance rate 0.543811 target 0.500000 new stepsize 0.038152 old stepsize 0.0343368
basinhopping step 719: f 223972 trial_f 246037 accepted 0  lowest_f 223972
 Fit Status: False
 Force threshold: 0.4587
 Lowest RMSE: 0.5984
 Current RMSE: 0.6172
 Accepted count: 392
 Basinhop count: 1


adaptive stepsize: acceptance rate 0.543056 target 0.500000 new stepsize 0.0423912 old stepsize 0.038152
basinhopping step 720: f 222608 trial_f 222608 accepted 1  lowest_f 222608
found new global minimum on step 720 with function value 222608
 Fit Status: False
 Force threshold: 0.4587
 Lowest RMSE: 0.5659
 Current RMSE: 0.5659
 Accepted count: 393
 Basinhop count: 0


adaptive stepsize: acceptance rate 0.543689 target 0.500000 new stepsize 0.0471013 old stepsize 0.0423912
basinhopping step 721: f 205659 trial_f 205659 accepted 1  lowest_f 205659
found new global minimum on step 721 with function value 205659
 Fit Status: False
 Force threshold: 0.4587
 Lowest RMSE: 0.5408
 Current RMSE: 0.5408
 Accepted count: 394
 Basinhop count: 0


adaptive stepsize: acceptance rate 0.544321 target 0.500000 new stepsize 0.0523348 old stepsize 0.0471013
basinhopping step 722: f 205659 trial_f 289445 accepted 0  lowest_f 205659
 Fit Status: False
 Force threshold: 0.4587
 Lowest RMSE: 0.5408
 Current RMSE: 0.5857
 Accepted count: 394
 Basinhop count: 1


adaptive stepsize: acceptance rate 0.543568 target 0.500000 new stepsize 0.0581497 old stepsize 0.0523348
basinhopping step 723: f 205659 trial_f 338854 accepted 0  lowest_f 205659
 Fit Status: False
 Force threshold: 0.4587
 Lowest RMSE: 0.5408
 Current RMSE: 0.6611
 Accepted count: 394
 Basinhop count: 2


adaptive stepsize: acceptance rate 0.542818 target 0.500000 new stepsize 0.0646108 old stepsize 0.0581497
basinhopping step 724: f 190532 trial_f 190532 accepted 1  lowest_f 190532
found new global minimum on step 724 with function value 190532
 Fit Status: False
 Force threshold: 0.4587
 Lowest RMSE: 0.5185
 Current RMSE: 0.5185
 Accepted count: 395
 Basinhop count: 0


adaptive stepsize: acceptance rate 0.543448 target 0.500000 new stepsize 0.0717898 old stepsize 0.0646108
basinhopping step 725: f 190532 trial_f 195121 accepted 0  lowest_f 190532
 Fit Status: False
 Force threshold: 0.4587
 Lowest RMSE: 0.5143
 Current RMSE: 0.5143
 Accepted count: 395
 Basinhop count: 1


adaptive stepsize: acceptance rate 0.542700 target 0.500000 new stepsize 0.0797664 old stepsize 0.0717898
basinhopping step 726: f 157627 trial_f 157627 accepted 1  lowest_f 157627
found new global minimum on step 726 with function value 157627
 Fit Status: False
 Force threshold: 0.4587
 Lowest RMSE: 0.5042
 Current RMSE: 0.5042
 Accepted count: 396
 Basinhop count: 0


adaptive stepsize: acceptance rate 0.543329 target 0.500000 new stepsize 0.0886294 old stepsize 0.0797664
basinhopping step 727: f 157627 trial_f 286536 accepted 0  lowest_f 157627
 Fit Status: False
 Force threshold: 0.4587
 Lowest RMSE: 0.5042
 Current RMSE: 0.5998
 Accepted count: 396
 Basinhop count: 1


adaptive stepsize: acceptance rate 0.542582 target 0.500000 new stepsize 0.0984771 old stepsize 0.0886294
basinhopping step 728: f 157627 trial_f 159913 accepted 0  lowest_f 157627
 Fit Status: False
 Force threshold: 0.4587
 Lowest RMSE: 0.5042
 Current RMSE: 0.5642
 Accepted count: 396
 Basinhop count: 2


adaptive stepsize: acceptance rate 0.541838 target 0.500000 new stepsize 0.109419 old stepsize 0.0984771
basinhopping step 729: f 157627 trial_f 211740 accepted 0  lowest_f 157627
 Fit Status: False
 Force threshold: 0.4587
 Lowest RMSE: 0.5042
 Current RMSE: 0.5596
 Accepted count: 396
 Basinhop count: 3


adaptive stepsize: acceptance rate 0.541096 target 0.500000 new stepsize 0.121577 old stepsize 0.109419
basinhopping step 730: f 157627 trial_f 272230 accepted 0  lowest_f 157627
 Fit Status: False
 Force threshold: 0.4587
 Lowest RMSE: 0.5042
 Current RMSE: 0.5448
 Accepted count: 396
 Basinhop count: 4


adaptive stepsize: acceptance rate 0.540356 target 0.500000 new stepsize 0.135085 old stepsize 0.121577
basinhopping step 731: f 157627 trial_f 377168 accepted 0  lowest_f 157627
 Fit Status: False
 Force threshold: 0.4587
 Lowest RMSE: 0.5042
 Current RMSE: 0.7318
 Accepted count: 396
 Basinhop count: 5


adaptive stepsize: acceptance rate 0.539617 target 0.500000 new stepsize 0.150095 old stepsize 0.135085
basinhopping step 732: f 147756 trial_f 147756 accepted 1  lowest_f 147756
found new global minimum on step 732 with function value 147756
 Fit Status: False
 Force threshold: 0.4587
 Lowest RMSE: 0.4882
 Current RMSE: 0.4882
 Accepted count: 397
 Basinhop count: 0


adaptive stepsize: acceptance rate 0.540246 target 0.500000 new stepsize 0.166772 old stepsize 0.150095
basinhopping step 733: f 147756 trial_f 437423 accepted 0  lowest_f 147756
 Fit Status: False
 Force threshold: 0.4587
 Lowest RMSE: 0.4882
 Current RMSE: 0.7817
 Accepted count: 397
 Basinhop count: 1


adaptive stepsize: acceptance rate 0.539510 target 0.500000 new stepsize 0.185302 old stepsize 0.166772
basinhopping step 734: f 147756 trial_f 426769 accepted 0  lowest_f 147756
 Fit Status: False
 Force threshold: 0.4587
 Lowest RMSE: 0.4882
 Current RMSE: 0.6970
 Accepted count: 397
 Basinhop count: 2


adaptive stepsize: acceptance rate 0.538776 target 0.500000 new stepsize 0.205891 old stepsize 0.185302
basinhopping step 735: f 139120 trial_f 139120 accepted 1  lowest_f 139120
found new global minimum on step 735 with function value 139120
 Fit Status: False
 Force threshold: 0.4587
 Lowest RMSE: 0.4882
 Current RMSE: 0.5301
 Accepted count: 398
 Basinhop count: 0


adaptive stepsize: acceptance rate 0.539402 target 0.500000 new stepsize 0.228768 old stepsize 0.205891
basinhopping step 736: f 139120 trial_f 926297 accepted 0  lowest_f 139120
 Fit Status: False
 Force threshold: 0.4587
 Lowest RMSE: 0.4882
 Current RMSE: 1.1898
 Accepted count: 398
 Basinhop count: 1


adaptive stepsize: acceptance rate 0.538670 target 0.500000 new stepsize 0.254187 old stepsize 0.228768
basinhopping step 737: f 139120 trial_f 2.02718e+06 accepted 0  lowest_f 139120
 Fit Status: False
 Force threshold: 0.4587
 Lowest RMSE: 0.4882
 Current RMSE: 1.2653
 Accepted count: 398
 Basinhop count: 2


adaptive stepsize: acceptance rate 0.537940 target 0.500000 new stepsize 0.28243 old stepsize 0.254187
basinhopping step 738: f 139120 trial_f 500253 accepted 0  lowest_f 139120
 Fit Status: False
 Force threshold: 0.4587
 Lowest RMSE: 0.4882
 Current RMSE: 0.7094
 Accepted count: 398
 Basinhop count: 3


adaptive stepsize: acceptance rate 0.537212 target 0.500000 new stepsize 0.313811 old stepsize 0.28243
basinhopping step 739: f 139120 trial_f 2.81341e+06 accepted 0  lowest_f 139120
 Fit Status: False
 Force threshold: 0.4587
 Lowest RMSE: 0.4882
 Current RMSE: 1.9762
 Accepted count: 398
 Basinhop count: 4


adaptive stepsize: acceptance rate 0.536486 target 0.500000 new stepsize 0.348678 old stepsize 0.313811
basinhopping step 740: f 139120 trial_f 6.10728e+06 accepted 0  lowest_f 139120
 Fit Status: False
 Force threshold: 0.4587
 Lowest RMSE: 0.4882
 Current RMSE: 2.4179
 Accepted count: 398
 Basinhop count: 5


adaptive stepsize: acceptance rate 0.535762 target 0.500000 new stepsize 0.38742 old stepsize 0.348678
basinhopping step 741: f 139120 trial_f 1.65769e+06 accepted 0  lowest_f 139120
 Fit Status: False
 Force threshold: 0.4587
 Lowest RMSE: 0.4882
 Current RMSE: 1.5695
 Accepted count: 398
 Basinhop count: 6


adaptive stepsize: acceptance rate 0.535040 target 0.500000 new stepsize 0.430467 old stepsize 0.38742
basinhopping step 742: f 139120 trial_f 9.35942e+06 accepted 0  lowest_f 139120
 Fit Status: False
 Force threshold: 0.4587
 Lowest RMSE: 0.4882
 Current RMSE: 2.9052
 Accepted count: 398
 Basinhop count: 7


adaptive stepsize: acceptance rate 0.534320 target 0.500000 new stepsize 0.478297 old stepsize 0.430467
basinhopping step 743: f 139120 trial_f 5.02185e+06 accepted 0  lowest_f 139120
 Fit Status: False
 Force threshold: 0.4587
 Lowest RMSE: 0.4882
 Current RMSE: 2.1485
 Accepted count: 398
 Basinhop count: 8


adaptive stepsize: acceptance rate 0.533602 target 0.500000 new stepsize 0.531441 old stepsize 0.478297
basinhopping step 744: f 139120 trial_f 2.01829e+06 accepted 0  lowest_f 139120
 Fit Status: False
 Force threshold: 0.4587
 Lowest RMSE: 0.4882
 Current RMSE: 1.8178
 Accepted count: 398
 Basinhop count: 9


adaptive stepsize: acceptance rate 0.532886 target 0.500000 new stepsize 0.59049 old stepsize 0.531441
warning: basinhopping: local minimization failure
basinhopping step 745: f 139120 trial_f 2.43831e+07 accepted 0  lowest_f 139120
 Fit Status: False
 Force threshold: 0.4587
 Lowest RMSE: 0.4882
 Current RMSE: 4.3515
 Accepted count: 398
 Basinhop count: 10


adaptive stepsize: acceptance rate 0.532172 target 0.500000 new stepsize 0.6561 old stepsize 0.59049
basinhopping step 746: f 139120 trial_f 7.26098e+06 accepted 0  lowest_f 139120
 Fit Status: False
 Force threshold: 0.4587
 Lowest RMSE: 0.4882
 Current RMSE: 2.6663
 Accepted count: 398
 Basinhop count: 11


adaptive stepsize: acceptance rate 0.531459 target 0.500000 new stepsize 0.729 old stepsize 0.6561
basinhopping step 747: f 139120 trial_f 6.5369e+06 accepted 0  lowest_f 139120
 Fit Status: False
 Force threshold: 0.4587
 Lowest RMSE: 0.4882
 Current RMSE: 2.4841
 Accepted count: 398
 Basinhop count: 12


adaptive stepsize: acceptance rate 0.530749 target 0.500000 new stepsize 0.81 old stepsize 0.729
warning: basinhopping: local minimization failure
basinhopping step 748: f 139120 trial_f 3.83773e+07 accepted 0  lowest_f 139120
 Fit Status: False
 Force threshold: 0.4587
 Lowest RMSE: 0.4882
 Current RMSE: 6.2427
 Accepted count: 398
 Basinhop count: 13


adaptive stepsize: acceptance rate 0.530040 target 0.500000 new stepsize 0.9 old stepsize 0.81
basinhopping step 749: f 139120 trial_f 9.01358e+06 accepted 0  lowest_f 139120
 Fit Status: False
 Force threshold: 0.4587
 Lowest RMSE: 0.4882
 Current RMSE: 2.5029
 Accepted count: 398
 Basinhop count: 14


adaptive stepsize: acceptance rate 0.529333 target 0.500000 new stepsize 1 old stepsize 0.9
warning: basinhopping: local minimization failure
basinhopping step 750: f 139120 trial_f 7.75138e+07 accepted 0  lowest_f 139120
 Fit Status: False
 Force threshold: 0.4587
 Lowest RMSE: 0.4882
 Current RMSE: 7.7818
 Accepted count: 398
 Basinhop count: 15


adaptive stepsize: acceptance rate 0.528628 target 0.500000 new stepsize 1.11111 old stepsize 1
warning: basinhopping: local minimization failure
basinhopping step 751: f 139120 trial_f 3.99634e+07 accepted 0  lowest_f 139120
 Fit Status: False
 Force threshold: 0.4587
 Lowest RMSE: 0.4882
 Current RMSE: 7.5284
 Accepted count: 398
 Basinhop count: 16


adaptive stepsize: acceptance rate 0.527926 target 0.500000 new stepsize 1.23457 old stepsize 1.11111
basinhopping step 752: f 139120 trial_f 1.65469e+07 accepted 0  lowest_f 139120
 Fit Status: False
 Force threshold: 0.4587
 Lowest RMSE: 0.4882
 Current RMSE: 4.5209
 Accepted count: 398
 Basinhop count: 17


adaptive stepsize: acceptance rate 0.527224 target 0.500000 new stepsize 1.37174 old stepsize 1.23457
warning: basinhopping: local minimization failure
basinhopping step 753: f 139120 trial_f 6.11246e+07 accepted 0  lowest_f 139120
 Fit Status: False
 Force threshold: 0.4587
 Lowest RMSE: 0.4882
 Current RMSE: 7.2415
 Accepted count: 398
 Basinhop count: 18


adaptive stepsize: acceptance rate 0.526525 target 0.500000 new stepsize 1.52416 old stepsize 1.37174
basinhopping step 754: f 139120 trial_f 9.34917e+06 accepted 0  lowest_f 139120
 Fit Status: False
 Force threshold: 0.4587
 Lowest RMSE: 0.4882
 Current RMSE: 2.9885
 Accepted count: 398
 Basinhop count: 19


adaptive stepsize: acceptance rate 0.525828 target 0.500000 new stepsize 1.69351 old stepsize 1.52416
basinhopping step 755: f 139120 trial_f 6.83428e+06 accepted 0  lowest_f 139120
 Fit Status: False
 Force threshold: 0.4587
 Lowest RMSE: 0.4882
 Current RMSE: 3.3063
 Accepted count: 398
 Basinhop count: 20


adaptive stepsize: acceptance rate 0.525132 target 0.500000 new stepsize 1.88168 old stepsize 1.69351
warning: basinhopping: local minimization failure
basinhopping step 756: f 139120 trial_f 7.58139e+07 accepted 0  lowest_f 139120
 Fit Status: False
 Force threshold: 0.4587
 Lowest RMSE: 0.4882
 Current RMSE: 8.1722
 Accepted count: 398
 Basinhop count: 21


adaptive stepsize: acceptance rate 0.524439 target 0.500000 new stepsize 2.09075 old stepsize 1.88168
basinhopping step 757: f 139120 trial_f 3.55624e+06 accepted 0  lowest_f 139120
 Fit Status: False
 Force threshold: 0.4587
 Lowest RMSE: 0.4882
 Current RMSE: 2.4294
 Accepted count: 398
 Basinhop count: 22


adaptive stepsize: acceptance rate 0.523747 target 0.500000 new stepsize 2.32306 old stepsize 2.09075
warning: basinhopping: local minimization failure
basinhopping step 758: f 139120 trial_f 1.33159e+08 accepted 0  lowest_f 139120
 Fit Status: False
 Force threshold: 0.4587
 Lowest RMSE: 0.4882
 Current RMSE: 10.3258
 Accepted count: 398
 Basinhop count: 23


adaptive stepsize: acceptance rate 0.523057 target 0.500000 new stepsize 2.58117 old stepsize 2.32306
warning: basinhopping: local minimization failure
basinhopping step 759: f 139120 trial_f 1.22837e+08 accepted 0  lowest_f 139120
 Fit Status: False
 Force threshold: 0.4587
 Lowest RMSE: 0.4882
 Current RMSE: 11.0390
 Accepted count: 398
 Basinhop count: 24


adaptive stepsize: acceptance rate 0.522368 target 0.500000 new stepsize 2.86797 old stepsize 2.58117
warning: basinhopping: local minimization failure
basinhopping step 760: f 139120 trial_f 1.63776e+08 accepted 0  lowest_f 139120
 Fit Status: False
 Force threshold: 0.4587
 Lowest RMSE: 0.4882
 Current RMSE: 12.5668
 Accepted count: 398
 Basinhop count: 25


adaptive stepsize: acceptance rate 0.521682 target 0.500000 new stepsize 3.18664 old stepsize 2.86797
warning: basinhopping: local minimization failure
basinhopping step 761: f 139120 trial_f 1.88591e+08 accepted 0  lowest_f 139120
 Fit Status: False
 Force threshold: 0.4587
 Lowest RMSE: 0.4882
 Current RMSE: 15.1252
 Accepted count: 398
 Basinhop count: 26


adaptive stepsize: acceptance rate 0.520997 target 0.500000 new stepsize 3.54071 old stepsize 3.18664
warning: basinhopping: local minimization failure
basinhopping step 762: f 139120 trial_f 6.91745e+08 accepted 0  lowest_f 139120
 Fit Status: False
 Force threshold: 0.4587
 Lowest RMSE: 0.4882
 Current RMSE: 24.6477
 Accepted count: 398
 Basinhop count: 27


adaptive stepsize: acceptance rate 0.520315 target 0.500000 new stepsize 3.93412 old stepsize 3.54071
warning: basinhopping: local minimization failure
basinhopping step 763: f 139120 trial_f 2.23228e+09 accepted 0  lowest_f 139120
 Fit Status: False
 Force threshold: 0.4587
 Lowest RMSE: 0.4882
 Current RMSE: 52.6347
 Accepted count: 398
 Basinhop count: 28


adaptive stepsize: acceptance rate 0.519634 target 0.500000 new stepsize 4.37124 old stepsize 3.93412
warning: basinhopping: local minimization failure
basinhopping step 764: f 139120 trial_f 6.41646e+08 accepted 0  lowest_f 139120
 Fit Status: False
 Force threshold: 0.4587
 Lowest RMSE: 0.4882
 Current RMSE: 23.5029
 Accepted count: 398
 Basinhop count: 29


adaptive stepsize: acceptance rate 0.518954 target 0.500000 new stepsize 4.85694 old stepsize 4.37124
warning: basinhopping: local minimization failure
basinhopping step 765: f 139120 trial_f 9.58731e+07 accepted 0  lowest_f 139120
 Fit Status: False
 Force threshold: 0.4587
 Lowest RMSE: 0.4882
 Current RMSE: 10.1197
 Accepted count: 398
 Basinhop count: 30


adaptive stepsize: acceptance rate 0.518277 target 0.500000 new stepsize 5.3966 old stepsize 4.85694
warning: basinhopping: local minimization failure
basinhopping step 766: f 139120 trial_f 2.15197e+08 accepted 0  lowest_f 139120
 Fit Status: False
 Force threshold: 0.4587
 Lowest RMSE: 0.4882
 Current RMSE: 16.9971
 Accepted count: 398
 Basinhop count: 31


adaptive stepsize: acceptance rate 0.517601 target 0.500000 new stepsize 5.99622 old stepsize 5.3966
warning: basinhopping: local minimization failure
basinhopping step 767: f 139120 trial_f 8.55815e+08 accepted 0  lowest_f 139120
 Fit Status: False
 Force threshold: 0.4587
 Lowest RMSE: 0.4882
 Current RMSE: 28.1760
 Accepted count: 398
 Basinhop count: 32


adaptive stepsize: acceptance rate 0.516927 target 0.500000 new stepsize 6.66246 old stepsize 5.99622
warning: basinhopping: local minimization failure
basinhopping step 768: f 139120 trial_f 7.19238e+08 accepted 0  lowest_f 139120
 Fit Status: False
 Force threshold: 0.4587
 Lowest RMSE: 0.4882
 Current RMSE: 30.0261
 Accepted count: 398
 Basinhop count: 33


adaptive stepsize: acceptance rate 0.516255 target 0.500000 new stepsize 7.40274 old stepsize 6.66246
warning: basinhopping: local minimization failure
basinhopping step 769: f 139120 trial_f 2.53857e+09 accepted 0  lowest_f 139120
 Fit Status: False
 Force threshold: 0.4587
 Lowest RMSE: 0.4882
 Current RMSE: 53.8338
 Accepted count: 398
 Basinhop count: 34


adaptive stepsize: acceptance rate 0.515584 target 0.500000 new stepsize 8.22526 old stepsize 7.40274
warning: basinhopping: local minimization failure
basinhopping step 770: f 139120 trial_f 1.38534e+09 accepted 0  lowest_f 139120
 Fit Status: False
 Force threshold: 0.4587
 Lowest RMSE: 0.4882
 Current RMSE: 31.3942
 Accepted count: 398
 Basinhop count: 35


adaptive stepsize: acceptance rate 0.514916 target 0.500000 new stepsize 9.13918 old stepsize 8.22526
warning: basinhopping: local minimization failure
basinhopping step 771: f 139120 trial_f 4.01482e+09 accepted 0  lowest_f 139120
 Fit Status: False
 Force threshold: 0.4587
 Lowest RMSE: 0.4882
 Current RMSE: 58.0564
 Accepted count: 398
 Basinhop count: 36


adaptive stepsize: acceptance rate 0.514249 target 0.500000 new stepsize 10.1546 old stepsize 9.13918
warning: basinhopping: local minimization failure
basinhopping step 772: f 139120 trial_f 4.48256e+08 accepted 0  lowest_f 139120
 Fit Status: False
 Force threshold: 0.4587
 Lowest RMSE: 0.4882
 Current RMSE: 20.6619
 Accepted count: 398
 Basinhop count: 37


adaptive stepsize: acceptance rate 0.513583 target 0.500000 new stepsize 11.2829 old stepsize 10.1546
warning: basinhopping: local minimization failure
basinhopping step 773: f 139120 trial_f 1.83581e+09 accepted 0  lowest_f 139120
 Fit Status: False
 Force threshold: 0.4587
 Lowest RMSE: 0.4882
 Current RMSE: 37.6399
 Accepted count: 398
 Basinhop count: 38


adaptive stepsize: acceptance rate 0.512920 target 0.500000 new stepsize 12.5366 old stepsize 11.2829
warning: basinhopping: local minimization failure
basinhopping step 774: f 139120 trial_f 1.56355e+09 accepted 0  lowest_f 139120
 Fit Status: False
 Force threshold: 0.4587
 Lowest RMSE: 0.4882
 Current RMSE: 50.1631
 Accepted count: 398
 Basinhop count: 39


adaptive stepsize: acceptance rate 0.512258 target 0.500000 new stepsize 13.9296 old stepsize 12.5366
warning: basinhopping: local minimization failure
basinhopping step 775: f 139120 trial_f 1.27528e+09 accepted 0  lowest_f 139120
 Fit Status: False
 Force threshold: 0.4587
 Lowest RMSE: 0.4882
 Current RMSE: 32.7228
 Accepted count: 398
 Basinhop count: 40


adaptive stepsize: acceptance rate 0.511598 target 0.500000 new stepsize 15.4773 old stepsize 13.9296
warning: basinhopping: local minimization failure
basinhopping step 776: f 139120 trial_f 2.2698e+09 accepted 0  lowest_f 139120
 Fit Status: False
 Force threshold: 0.4587
 Lowest RMSE: 0.4882
 Current RMSE: 41.9832
 Accepted count: 398
 Basinhop count: 41


adaptive stepsize: acceptance rate 0.510940 target 0.500000 new stepsize 17.197 old stepsize 15.4773
warning: basinhopping: local minimization failure
basinhopping step 777: f 139120 trial_f 7.18288e+09 accepted 0  lowest_f 139120
 Fit Status: False
 Force threshold: 0.4587
 Lowest RMSE: 0.4882
 Current RMSE: 82.4732
 Accepted count: 398
 Basinhop count: 42


adaptive stepsize: acceptance rate 0.510283 target 0.500000 new stepsize 19.1078 old stepsize 17.197
warning: basinhopping: local minimization failure
basinhopping step 778: f 139120 trial_f 1.93829e+10 accepted 0  lowest_f 139120
 Fit Status: False
 Force threshold: 0.4587
 Lowest RMSE: 0.4882
 Current RMSE: 114.7788
 Accepted count: 398
 Basinhop count: 43


adaptive stepsize: acceptance rate 0.509628 target 0.500000 new stepsize 21.2308 old stepsize 19.1078
warning: basinhopping: local minimization failure
basinhopping step 779: f 139120 trial_f 1.73224e+10 accepted 0  lowest_f 139120
 Fit Status: False
 Force threshold: 0.4587
 Lowest RMSE: 0.4882
 Current RMSE: 119.0007
 Accepted count: 398
 Basinhop count: 44


adaptive stepsize: acceptance rate 0.508974 target 0.500000 new stepsize 23.5898 old stepsize 21.2308
warning: basinhopping: local minimization failure
basinhopping step 780: f 139120 trial_f 2.43181e+10 accepted 0  lowest_f 139120
 Fit Status: False
 Force threshold: 0.4587
 Lowest RMSE: 0.4882
 Current RMSE: 128.1877
 Accepted count: 398
 Basinhop count: 45


adaptive stepsize: acceptance rate 0.508323 target 0.500000 new stepsize 26.2109 old stepsize 23.5898
warning: basinhopping: local minimization failure
basinhopping step 781: f 139120 trial_f 2.4508e+10 accepted 0  lowest_f 139120
 Fit Status: False
 Force threshold: 0.4587
 Lowest RMSE: 0.4882
 Current RMSE: 129.5558
 Accepted count: 398
 Basinhop count: 46


adaptive stepsize: acceptance rate 0.507673 target 0.500000 new stepsize 29.1232 old stepsize 26.2109
warning: basinhopping: local minimization failure
basinhopping step 782: f 139120 trial_f 8.51548e+09 accepted 0  lowest_f 139120
 Fit Status: False
 Force threshold: 0.4587
 Lowest RMSE: 0.4882
 Current RMSE: 90.2629
 Accepted count: 398
 Basinhop count: 47


adaptive stepsize: acceptance rate 0.507024 target 0.500000 new stepsize 32.3592 old stepsize 29.1232
warning: basinhopping: local minimization failure
basinhopping step 783: f 139120 trial_f 3.38767e+10 accepted 0  lowest_f 139120
 Fit Status: False
 Force threshold: 0.4587
 Lowest RMSE: 0.4882
 Current RMSE: 190.6840
 Accepted count: 398
 Basinhop count: 48


adaptive stepsize: acceptance rate 0.506378 target 0.500000 new stepsize 35.9546 old stepsize 32.3592
warning: basinhopping: local minimization failure
basinhopping step 784: f 139120 trial_f 2.35623e+10 accepted 0  lowest_f 139120
 Fit Status: False
 Force threshold: 0.4587
 Lowest RMSE: 0.4882
 Current RMSE: 170.6076
 Accepted count: 398
 Basinhop count: 49


adaptive stepsize: acceptance rate 0.505732 target 0.500000 new stepsize 39.9496 old stepsize 35.9546
warning: basinhopping: local minimization failure
basinhopping step 785: f 139120 trial_f 3.28802e+10 accepted 0  lowest_f 139120
 Fit Status: False
 Force threshold: 0.4587
 Lowest RMSE: 0.4882
 Current RMSE: 218.7451
 Accepted count: 398
 Basinhop count: 50


adaptive stepsize: acceptance rate 0.505089 target 0.500000 new stepsize 44.3884 old stepsize 39.9496
warning: basinhopping: local minimization failure
basinhopping step 786: f 139120 trial_f 7.55572e+10 accepted 0  lowest_f 139120
 Fit Status: False
 Force threshold: 0.4587
 Lowest RMSE: 0.4882
 Current RMSE: 259.1688
 Accepted count: 398
 Basinhop count: 51


adaptive stepsize: acceptance rate 0.504447 target 0.500000 new stepsize 49.3205 old stepsize 44.3884
warning: basinhopping: local minimization failure
basinhopping step 787: f 139120 trial_f 7.11048e+10 accepted 0  lowest_f 139120
 Fit Status: False
 Force threshold: 0.4587
 Lowest RMSE: 0.4882
 Current RMSE: 234.4543
 Accepted count: 398
 Basinhop count: 52


adaptive stepsize: acceptance rate 0.503807 target 0.500000 new stepsize 54.8005 old stepsize 49.3205
warning: basinhopping: local minimization failure
basinhopping step 788: f 139120 trial_f 4.0673e+10 accepted 0  lowest_f 139120
 Fit Status: False
 Force threshold: 0.4587
 Lowest RMSE: 0.4882
 Current RMSE: 206.1858
 Accepted count: 398
 Basinhop count: 53


adaptive stepsize: acceptance rate 0.503169 target 0.500000 new stepsize 60.8895 old stepsize 54.8005
warning: basinhopping: local minimization failure
basinhopping step 789: f 139120 trial_f 6.99199e+09 accepted 0  lowest_f 139120
 Fit Status: False
 Force threshold: 0.4587
 Lowest RMSE: 0.4882
 Current RMSE: 108.5090
 Accepted count: 398
 Basinhop count: 54


adaptive stepsize: acceptance rate 0.502532 target 0.500000 new stepsize 67.655 old stepsize 60.8895
warning: basinhopping: local minimization failure
basinhopping step 790: f 139120 trial_f 2.62785e+11 accepted 0  lowest_f 139120
 Fit Status: False
 Force threshold: 0.4587
 Lowest RMSE: 0.4882
 Current RMSE: 415.7784
 Accepted count: 398
 Basinhop count: 55


adaptive stepsize: acceptance rate 0.501896 target 0.500000 new stepsize 75.1722 old stepsize 67.655
warning: basinhopping: local minimization failure
basinhopping step 791: f 139120 trial_f 7.2784e+10 accepted 0  lowest_f 139120
 Fit Status: False
 Force threshold: 0.4587
 Lowest RMSE: 0.4882
 Current RMSE: 251.9644
 Accepted count: 398
 Basinhop count: 56


adaptive stepsize: acceptance rate 0.501263 target 0.500000 new stepsize 83.5246 old stepsize 75.1722
warning: basinhopping: local minimization failure
basinhopping step 792: f 139120 trial_f 1.49241e+11 accepted 0  lowest_f 139120
 Fit Status: False
 Force threshold: 0.4587
 Lowest RMSE: 0.4882
 Current RMSE: 350.5376
 Accepted count: 398
 Basinhop count: 57


adaptive stepsize: acceptance rate 0.500631 target 0.500000 new stepsize 92.8052 old stepsize 83.5246
warning: basinhopping: local minimization failure
basinhopping step 793: f 139120 trial_f 2.04247e+11 accepted 0  lowest_f 139120
 Fit Status: False
 Force threshold: 0.4587
 Lowest RMSE: 0.4882
 Current RMSE: 448.5961
 Accepted count: 398
 Basinhop count: 58


adaptive stepsize: acceptance rate 0.500000 target 0.500000 new stepsize 83.5246 old stepsize 92.8052
warning: basinhopping: local minimization failure
basinhopping step 794: f 139120 trial_f 9.80312e+10 accepted 0  lowest_f 139120
 Fit Status: False
 Force threshold: 0.4587
 Lowest RMSE: 0.4882
 Current RMSE: 368.6489
 Accepted count: 398
 Basinhop count: 59


adaptive stepsize: acceptance rate 0.499371 target 0.500000 new stepsize 75.1722 old stepsize 83.5246
warning: basinhopping: local minimization failure
basinhopping step 795: f 139120 trial_f 2.41664e+11 accepted 0  lowest_f 139120
 Fit Status: False
 Force threshold: 0.4587
 Lowest RMSE: 0.4882
 Current RMSE: 397.8782
 Accepted count: 398
 Basinhop count: 60


adaptive stepsize: acceptance rate 0.498744 target 0.500000 new stepsize 67.655 old stepsize 75.1722
warning: basinhopping: local minimization failure
basinhopping step 796: f 139120 trial_f 9.26257e+10 accepted 0  lowest_f 139120
 Fit Status: False
 Force threshold: 0.4587
 Lowest RMSE: 0.4882
 Current RMSE: 270.6359
 Accepted count: 398
 Basinhop count: 61


adaptive stepsize: acceptance rate 0.498118 target 0.500000 new stepsize 60.8895 old stepsize 67.655
warning: basinhopping: local minimization failure
basinhopping step 797: f 139120 trial_f 5.51058e+10 accepted 0  lowest_f 139120
 Fit Status: False
 Force threshold: 0.4587
 Lowest RMSE: 0.4882
 Current RMSE: 238.0050
 Accepted count: 398
 Basinhop count: 62


adaptive stepsize: acceptance rate 0.497494 target 0.500000 new stepsize 54.8005 old stepsize 60.8895
warning: basinhopping: local minimization failure
basinhopping step 798: f 139120 trial_f 5.7454e+10 accepted 0  lowest_f 139120
 Fit Status: False
 Force threshold: 0.4587
 Lowest RMSE: 0.4882
 Current RMSE: 194.6626
 Accepted count: 398
 Basinhop count: 63


adaptive stepsize: acceptance rate 0.496871 target 0.500000 new stepsize 49.3205 old stepsize 54.8005
warning: basinhopping: local minimization failure
basinhopping step 799: f 139120 trial_f 4.4129e+10 accepted 0  lowest_f 139120
 Fit Status: False
 Force threshold: 0.4587
 Lowest RMSE: 0.4882
 Current RMSE: 198.6107
 Accepted count: 398
 Basinhop count: 64


adaptive stepsize: acceptance rate 0.496250 target 0.500000 new stepsize 44.3884 old stepsize 49.3205
warning: basinhopping: local minimization failure
basinhopping step 800: f 139120 trial_f 5.14012e+10 accepted 0  lowest_f 139120
 Fit Status: False
 Force threshold: 0.4587
 Lowest RMSE: 0.4882
 Current RMSE: 208.8682
 Accepted count: 398
 Basinhop count: 65


adaptive stepsize: acceptance rate 0.495630 target 0.500000 new stepsize 39.9496 old stepsize 44.3884
warning: basinhopping: local minimization failure
basinhopping step 801: f 139120 trial_f 1.23457e+10 accepted 0  lowest_f 139120
 Fit Status: False
 Force threshold: 0.4587
 Lowest RMSE: 0.4882
 Current RMSE: 99.5929
 Accepted count: 398
 Basinhop count: 66


adaptive stepsize: acceptance rate 0.495012 target 0.500000 new stepsize 35.9546 old stepsize 39.9496
warning: basinhopping: local minimization failure
basinhopping step 802: f 139120 trial_f 1.59068e+10 accepted 0  lowest_f 139120
 Fit Status: False
 Force threshold: 0.4587
 Lowest RMSE: 0.4882
 Current RMSE: 123.6709
 Accepted count: 398
 Basinhop count: 67


adaptive stepsize: acceptance rate 0.494396 target 0.500000 new stepsize 32.3592 old stepsize 35.9546
warning: basinhopping: local minimization failure
basinhopping step 803: f 139120 trial_f 3.51545e+10 accepted 0  lowest_f 139120
 Fit Status: False
 Force threshold: 0.4587
 Lowest RMSE: 0.4882
 Current RMSE: 190.3227
 Accepted count: 398
 Basinhop count: 68


adaptive stepsize: acceptance rate 0.493781 target 0.500000 new stepsize 29.1232 old stepsize 32.3592
warning: basinhopping: local minimization failure
basinhopping step 804: f 139120 trial_f 3.49984e+10 accepted 0  lowest_f 139120
 Fit Status: False
 Force threshold: 0.4587
 Lowest RMSE: 0.4882
 Current RMSE: 153.0393
 Accepted count: 398
 Basinhop count: 69


adaptive stepsize: acceptance rate 0.493168 target 0.500000 new stepsize 26.2109 old stepsize 29.1232
warning: basinhopping: local minimization failure
basinhopping step 805: f 139120 trial_f 1.39979e+10 accepted 0  lowest_f 139120
 Fit Status: False
 Force threshold: 0.4587
 Lowest RMSE: 0.4882
 Current RMSE: 128.1055
 Accepted count: 398
 Basinhop count: 70


adaptive stepsize: acceptance rate 0.492556 target 0.500000 new stepsize 23.5898 old stepsize 26.2109
warning: basinhopping: local minimization failure
basinhopping step 806: f 139120 trial_f 1.96648e+10 accepted 0  lowest_f 139120
 Fit Status: False
 Force threshold: 0.4587
 Lowest RMSE: 0.4882
 Current RMSE: 129.7164
 Accepted count: 398
 Basinhop count: 71


adaptive stepsize: acceptance rate 0.491945 target 0.500000 new stepsize 21.2308 old stepsize 23.5898
warning: basinhopping: local minimization failure
basinhopping step 807: f 139120 trial_f 1.13247e+09 accepted 0  lowest_f 139120
 Fit Status: False
 Force threshold: 0.4587
 Lowest RMSE: 0.4882
 Current RMSE: 38.7313
 Accepted count: 398
 Basinhop count: 72


adaptive stepsize: acceptance rate 0.491337 target 0.500000 new stepsize 19.1078 old stepsize 21.2308
warning: basinhopping: local minimization failure
basinhopping step 808: f 139120 trial_f 1.25681e+10 accepted 0  lowest_f 139120
 Fit Status: False
 Force threshold: 0.4587
 Lowest RMSE: 0.4882
 Current RMSE: 98.6401
 Accepted count: 398
 Basinhop count: 73


adaptive stepsize: acceptance rate 0.490729 target 0.500000 new stepsize 17.197 old stepsize 19.1078
warning: basinhopping: local minimization failure
basinhopping step 809: f 139120 trial_f 1.69834e+10 accepted 0  lowest_f 139120
 Fit Status: False
 Force threshold: 0.4587
 Lowest RMSE: 0.4882
 Current RMSE: 105.6834
 Accepted count: 398
 Basinhop count: 74


adaptive stepsize: acceptance rate 0.490123 target 0.500000 new stepsize 15.4773 old stepsize 17.197
warning: basinhopping: local minimization failure
basinhopping step 810: f 139120 trial_f 2.01921e+09 accepted 0  lowest_f 139120
 Fit Status: False
 Force threshold: 0.4587
 Lowest RMSE: 0.4882
 Current RMSE: 50.0892
 Accepted count: 398
 Basinhop count: 75


adaptive stepsize: acceptance rate 0.489519 target 0.500000 new stepsize 13.9296 old stepsize 15.4773
warning: basinhopping: local minimization failure
basinhopping step 811: f 139120 trial_f 3.86918e+09 accepted 0  lowest_f 139120
 Fit Status: False
 Force threshold: 0.4587
 Lowest RMSE: 0.4882
 Current RMSE: 54.1259
 Accepted count: 398
 Basinhop count: 76


adaptive stepsize: acceptance rate 0.488916 target 0.500000 new stepsize 12.5366 old stepsize 13.9296
warning: basinhopping: local minimization failure
basinhopping step 812: f 139120 trial_f 2.65158e+09 accepted 0  lowest_f 139120
 Fit Status: False
 Force threshold: 0.4587
 Lowest RMSE: 0.4882
 Current RMSE: 46.6874
 Accepted count: 398
 Basinhop count: 77


adaptive stepsize: acceptance rate 0.488315 target 0.500000 new stepsize 11.2829 old stepsize 12.5366
warning: basinhopping: local minimization failure
basinhopping step 813: f 139120 trial_f 1.2509e+09 accepted 0  lowest_f 139120
 Fit Status: False
 Force threshold: 0.4587
 Lowest RMSE: 0.4882
 Current RMSE: 41.0650
 Accepted count: 398
 Basinhop count: 78


adaptive stepsize: acceptance rate 0.487715 target 0.500000 new stepsize 10.1546 old stepsize 11.2829
warning: basinhopping: local minimization failure
basinhopping step 814: f 139120 trial_f 2.53007e+09 accepted 0  lowest_f 139120
 Fit Status: False
 Force threshold: 0.4587
 Lowest RMSE: 0.4882
 Current RMSE: 39.8661
 Accepted count: 398
 Basinhop count: 79


adaptive stepsize: acceptance rate 0.487117 target 0.500000 new stepsize 9.13918 old stepsize 10.1546
warning: basinhopping: local minimization failure
basinhopping step 815: f 139120 trial_f 2.89387e+09 accepted 0  lowest_f 139120
 Fit Status: False
 Force threshold: 0.4587
 Lowest RMSE: 0.4882
 Current RMSE: 51.3036
 Accepted count: 398
 Basinhop count: 80


adaptive stepsize: acceptance rate 0.486520 target 0.500000 new stepsize 8.22526 old stepsize 9.13918
warning: basinhopping: local minimization failure
basinhopping step 816: f 139120 trial_f 2.96874e+08 accepted 0  lowest_f 139120
 Fit Status: False
 Force threshold: 0.4587
 Lowest RMSE: 0.4882
 Current RMSE: 18.6350
 Accepted count: 398
 Basinhop count: 81


adaptive stepsize: acceptance rate 0.485924 target 0.500000 new stepsize 7.40274 old stepsize 8.22526
warning: basinhopping: local minimization failure
basinhopping step 817: f 139120 trial_f 1.85007e+09 accepted 0  lowest_f 139120
 Fit Status: False
 Force threshold: 0.4587
 Lowest RMSE: 0.4882
 Current RMSE: 40.4670
 Accepted count: 398
 Basinhop count: 82


adaptive stepsize: acceptance rate 0.485330 target 0.500000 new stepsize 6.66246 old stepsize 7.40274
warning: basinhopping: local minimization failure
basinhopping step 818: f 139120 trial_f 1.14726e+09 accepted 0  lowest_f 139120
 Fit Status: False
 Force threshold: 0.4587
 Lowest RMSE: 0.4882
 Current RMSE: 29.8055
 Accepted count: 398
 Basinhop count: 83


adaptive stepsize: acceptance rate 0.484737 target 0.500000 new stepsize 5.99622 old stepsize 6.66246
warning: basinhopping: local minimization failure
basinhopping step 819: f 139120 trial_f 9.93262e+09 accepted 0  lowest_f 139120
 Fit Status: False
 Force threshold: 0.4587
 Lowest RMSE: 0.4882
 Current RMSE: 117.4996
 Accepted count: 398
 Basinhop count: 84


adaptive stepsize: acceptance rate 0.484146 target 0.500000 new stepsize 5.3966 old stepsize 5.99622
warning: basinhopping: local minimization failure
basinhopping step 820: f 139120 trial_f 6.58751e+08 accepted 0  lowest_f 139120
 Fit Status: False
 Force threshold: 0.4587
 Lowest RMSE: 0.4882
 Current RMSE: 23.3230
 Accepted count: 398
 Basinhop count: 85


adaptive stepsize: acceptance rate 0.483557 target 0.500000 new stepsize 4.85694 old stepsize 5.3966
warning: basinhopping: local minimization failure
basinhopping step 821: f 139120 trial_f 6.49823e+08 accepted 0  lowest_f 139120
 Fit Status: False
 Force threshold: 0.4587
 Lowest RMSE: 0.4882
 Current RMSE: 22.2205
 Accepted count: 398
 Basinhop count: 86


adaptive stepsize: acceptance rate 0.482968 target 0.500000 new stepsize 4.37124 old stepsize 4.85694
warning: basinhopping: local minimization failure
basinhopping step 822: f 139120 trial_f 3.37335e+08 accepted 0  lowest_f 139120
 Fit Status: False
 Force threshold: 0.4587
 Lowest RMSE: 0.4882
 Current RMSE: 22.1810
 Accepted count: 398
 Basinhop count: 87


adaptive stepsize: acceptance rate 0.482382 target 0.500000 new stepsize 3.93412 old stepsize 4.37124
warning: basinhopping: local minimization failure
basinhopping step 823: f 139120 trial_f 4.97211e+08 accepted 0  lowest_f 139120
 Fit Status: False
 Force threshold: 0.4587
 Lowest RMSE: 0.4882
 Current RMSE: 17.4255
 Accepted count: 398
 Basinhop count: 88


adaptive stepsize: acceptance rate 0.481796 target 0.500000 new stepsize 3.54071 old stepsize 3.93412
warning: basinhopping: local minimization failure
basinhopping step 824: f 139120 trial_f 2.0412e+08 accepted 0  lowest_f 139120
 Fit Status: False
 Force threshold: 0.4587
 Lowest RMSE: 0.4882
 Current RMSE: 15.5377
 Accepted count: 398
 Basinhop count: 89


adaptive stepsize: acceptance rate 0.481212 target 0.500000 new stepsize 3.18664 old stepsize 3.54071
warning: basinhopping: local minimization failure
basinhopping step 825: f 139120 trial_f 6.10398e+08 accepted 0  lowest_f 139120
 Fit Status: False
 Force threshold: 0.4587
 Lowest RMSE: 0.4882
 Current RMSE: 23.0612
 Accepted count: 398
 Basinhop count: 90


adaptive stepsize: acceptance rate 0.480630 target 0.500000 new stepsize 2.86797 old stepsize 3.18664
warning: basinhopping: local minimization failure
basinhopping step 826: f 139120 trial_f 2.82247e+08 accepted 0  lowest_f 139120
 Fit Status: False
 Force threshold: 0.4587
 Lowest RMSE: 0.4882
 Current RMSE: 13.6243
 Accepted count: 398
 Basinhop count: 91


adaptive stepsize: acceptance rate 0.480048 target 0.500000 new stepsize 2.58117 old stepsize 2.86797
warning: basinhopping: local minimization failure
basinhopping step 827: f 139120 trial_f 1.06903e+08 accepted 0  lowest_f 139120
 Fit Status: False
 Force threshold: 0.4587
 Lowest RMSE: 0.4882
 Current RMSE: 8.8251
 Accepted count: 398
 Basinhop count: 92


adaptive stepsize: acceptance rate 0.479469 target 0.500000 new stepsize 2.32306 old stepsize 2.58117
warning: basinhopping: local minimization failure
basinhopping step 828: f 139120 trial_f 4.64185e+08 accepted 0  lowest_f 139120
 Fit Status: False
 Force threshold: 0.4587
 Lowest RMSE: 0.4882
 Current RMSE: 19.9427
 Accepted count: 398
 Basinhop count: 93


adaptive stepsize: acceptance rate 0.478890 target 0.500000 new stepsize 2.09075 old stepsize 2.32306
warning: basinhopping: local minimization failure
basinhopping step 829: f 139120 trial_f 1.62358e+08 accepted 0  lowest_f 139120
 Fit Status: False
 Force threshold: 0.4587
 Lowest RMSE: 0.4882
 Current RMSE: 11.2423
 Accepted count: 398
 Basinhop count: 94


adaptive stepsize: acceptance rate 0.478313 target 0.500000 new stepsize 1.88168 old stepsize 2.09075
warning: basinhopping: local minimization failure
basinhopping step 830: f 139120 trial_f 1.51198e+08 accepted 0  lowest_f 139120
 Fit Status: False
 Force threshold: 0.4587
 Lowest RMSE: 0.4882
 Current RMSE: 11.6286
 Accepted count: 398
 Basinhop count: 95


adaptive stepsize: acceptance rate 0.477738 target 0.500000 new stepsize 1.69351 old stepsize 1.88168
warning: basinhopping: local minimization failure
basinhopping step 831: f 139120 trial_f 1.0396e+08 accepted 0  lowest_f 139120
 Fit Status: False
 Force threshold: 0.4587
 Lowest RMSE: 0.4882
 Current RMSE: 9.5491
 Accepted count: 398
 Basinhop count: 96


adaptive stepsize: acceptance rate 0.477163 target 0.500000 new stepsize 1.52416 old stepsize 1.69351
warning: basinhopping: local minimization failure
basinhopping step 832: f 139120 trial_f 6.29013e+07 accepted 0  lowest_f 139120
 Fit Status: False
 Force threshold: 0.4587
 Lowest RMSE: 0.4882
 Current RMSE: 8.2092
 Accepted count: 398
 Basinhop count: 97


adaptive stepsize: acceptance rate 0.476591 target 0.500000 new stepsize 1.37174 old stepsize 1.52416
warning: basinhopping: local minimization failure
basinhopping step 833: f 139120 trial_f 7.4765e+07 accepted 0  lowest_f 139120
 Fit Status: False
 Force threshold: 0.4587
 Lowest RMSE: 0.4882
 Current RMSE: 8.6068
 Accepted count: 398
 Basinhop count: 98


adaptive stepsize: acceptance rate 0.476019 target 0.500000 new stepsize 1.23457 old stepsize 1.37174
basinhopping step 834: f 139120 trial_f 3.01928e+07 accepted 0  lowest_f 139120
 Fit Status: False
 Force threshold: 0.4587
 Lowest RMSE: 0.4882
 Current RMSE: 6.3522
 Accepted count: 398
 Basinhop count: 99


adaptive stepsize: acceptance rate 0.475449 target 0.500000 new stepsize 1.11111 old stepsize 1.23457
warning: basinhopping: local minimization failure
basinhopping step 835: f 139120 trial_f 4.76451e+07 accepted 0  lowest_f 139120
 Fit Status: False
 Force threshold: 0.4587
 Lowest RMSE: 0.4882
 Current RMSE: 6.0303
 Accepted count: 398
 Basinhop count: 100


adaptive stepsize: acceptance rate 0.474880 target 0.500000 new stepsize 1 old stepsize 1.11111
basinhopping step 836: f 139120 trial_f 1.51963e+07 accepted 0  lowest_f 139120
 Fit Status: False
 Force threshold: 0.4587
 Lowest RMSE: 0.4882
 Current RMSE: 3.7823
 Accepted count: 398
 Basinhop count: 101


adaptive stepsize: acceptance rate 0.474313 target 0.500000 new stepsize 0.9 old stepsize 1
basinhopping step 837: f 139120 trial_f 2.11606e+06 accepted 0  lowest_f 139120
 Fit Status: False
 Force threshold: 0.4587
 Lowest RMSE: 0.4882
 Current RMSE: 1.4517
 Accepted count: 398
 Basinhop count: 102


adaptive stepsize: acceptance rate 0.473747 target 0.500000 new stepsize 0.81 old stepsize 0.9
basinhopping step 838: f 139120 trial_f 7.34549e+06 accepted 0  lowest_f 139120
 Fit Status: False
 Force threshold: 0.4587
 Lowest RMSE: 0.4882
 Current RMSE: 2.9312
 Accepted count: 398
 Basinhop count: 103


adaptive stepsize: acceptance rate 0.473182 target 0.500000 new stepsize 0.729 old stepsize 0.81
warning: basinhopping: local minimization failure
basinhopping step 839: f 139120 trial_f 2.39103e+07 accepted 0  lowest_f 139120
 Fit Status: False
 Force threshold: 0.4587
 Lowest RMSE: 0.4882
 Current RMSE: 4.4080
 Accepted count: 398
 Basinhop count: 104


adaptive stepsize: acceptance rate 0.472619 target 0.500000 new stepsize 0.6561 old stepsize 0.729
warning: basinhopping: local minimization failure
basinhopping step 840: f 139120 trial_f 4.03314e+07 accepted 0  lowest_f 139120
 Fit Status: False
 Force threshold: 0.4587
 Lowest RMSE: 0.4882
 Current RMSE: 5.9750
 Accepted count: 398
 Basinhop count: 105


adaptive stepsize: acceptance rate 0.472057 target 0.500000 new stepsize 0.59049 old stepsize 0.6561
warning: basinhopping: local minimization failure
basinhopping step 841: f 139120 trial_f 2.19371e+07 accepted 0  lowest_f 139120
 Fit Status: False
 Force threshold: 0.4587
 Lowest RMSE: 0.4882
 Current RMSE: 4.4007
 Accepted count: 398
 Basinhop count: 106


adaptive stepsize: acceptance rate 0.471496 target 0.500000 new stepsize 0.531441 old stepsize 0.59049
basinhopping step 842: f 139120 trial_f 4.85936e+06 accepted 0  lowest_f 139120
 Fit Status: False
 Force threshold: 0.4587
 Lowest RMSE: 0.4882
 Current RMSE: 2.1964
 Accepted count: 398
 Basinhop count: 107


adaptive stepsize: acceptance rate 0.470937 target 0.500000 new stepsize 0.478297 old stepsize 0.531441
basinhopping step 843: f 139120 trial_f 5.87518e+06 accepted 0  lowest_f 139120
 Fit Status: False
 Force threshold: 0.4587
 Lowest RMSE: 0.4882
 Current RMSE: 2.5683
 Accepted count: 398
 Basinhop count: 108


adaptive stepsize: acceptance rate 0.470379 target 0.500000 new stepsize 0.430467 old stepsize 0.478297
basinhopping step 844: f 139120 trial_f 1.02203e+07 accepted 0  lowest_f 139120
 Fit Status: False
 Force threshold: 0.4587
 Lowest RMSE: 0.4882
 Current RMSE: 2.9614
 Accepted count: 398
 Basinhop count: 109


adaptive stepsize: acceptance rate 0.469822 target 0.500000 new stepsize 0.38742 old stepsize 0.430467
basinhopping step 845: f 139120 trial_f 3.07242e+06 accepted 0  lowest_f 139120
 Fit Status: False
 Force threshold: 0.4587
 Lowest RMSE: 0.4882
 Current RMSE: 1.6279
 Accepted count: 398
 Basinhop count: 110


adaptive stepsize: acceptance rate 0.469267 target 0.500000 new stepsize 0.348678 old stepsize 0.38742
basinhopping step 846: f 139120 trial_f 5.68515e+06 accepted 0  lowest_f 139120
 Fit Status: False
 Force threshold: 0.4587
 Lowest RMSE: 0.4882
 Current RMSE: 2.3830
 Accepted count: 398
 Basinhop count: 111


adaptive stepsize: acceptance rate 0.468713 target 0.500000 new stepsize 0.313811 old stepsize 0.348678
basinhopping step 847: f 139120 trial_f 970583 accepted 0  lowest_f 139120
 Fit Status: False
 Force threshold: 0.4587
 Lowest RMSE: 0.4882
 Current RMSE: 1.0328
 Accepted count: 398
 Basinhop count: 112


adaptive stepsize: acceptance rate 0.468160 target 0.500000 new stepsize 0.28243 old stepsize 0.313811
basinhopping step 848: f 139120 trial_f 2.7116e+06 accepted 0  lowest_f 139120
 Fit Status: False
 Force threshold: 0.4587
 Lowest RMSE: 0.4882
 Current RMSE: 1.6083
 Accepted count: 398
 Basinhop count: 113


adaptive stepsize: acceptance rate 0.467609 target 0.500000 new stepsize 0.254187 old stepsize 0.28243
basinhopping step 849: f 139120 trial_f 3.35851e+06 accepted 0  lowest_f 139120
 Fit Status: False
 Force threshold: 0.4587
 Lowest RMSE: 0.4882
 Current RMSE: 2.1344
 Accepted count: 398
 Basinhop count: 114


adaptive stepsize: acceptance rate 0.467059 target 0.500000 new stepsize 0.228768 old stepsize 0.254187
basinhopping step 850: f 139120 trial_f 228511 accepted 0  lowest_f 139120
 Fit Status: False
 Force threshold: 0.4587
 Lowest RMSE: 0.4882
 Current RMSE: 0.7642
 Accepted count: 398
 Basinhop count: 115


adaptive stepsize: acceptance rate 0.466510 target 0.500000 new stepsize 0.205891 old stepsize 0.228768
basinhopping step 851: f 139120 trial_f 1.08019e+06 accepted 0  lowest_f 139120
 Fit Status: False
 Force threshold: 0.4587
 Lowest RMSE: 0.4882
 Current RMSE: 0.9076
 Accepted count: 398
 Basinhop count: 116


adaptive stepsize: acceptance rate 0.465962 target 0.500000 new stepsize 0.185302 old stepsize 0.205891
basinhopping step 852: f 139120 trial_f 202211 accepted 0  lowest_f 139120
 Fit Status: False
 Force threshold: 0.4587
 Lowest RMSE: 0.4882
 Current RMSE: 0.7308
 Accepted count: 398
 Basinhop count: 117


adaptive stepsize: acceptance rate 0.465416 target 0.500000 new stepsize 0.166772 old stepsize 0.185302
basinhopping step 853: f 139120 trial_f 822398 accepted 0  lowest_f 139120
 Fit Status: False
 Force threshold: 0.4587
 Lowest RMSE: 0.4882
 Current RMSE: 0.9283
 Accepted count: 398
 Basinhop count: 118


adaptive stepsize: acceptance rate 0.464871 target 0.500000 new stepsize 0.150095 old stepsize 0.166772
basinhopping step 854: f 139120 trial_f 762326 accepted 0  lowest_f 139120
 Fit Status: False
 Force threshold: 0.4587
 Lowest RMSE: 0.4882
 Current RMSE: 0.9965
 Accepted count: 398
 Basinhop count: 119


adaptive stepsize: acceptance rate 0.464327 target 0.500000 new stepsize 0.135085 old stepsize 0.150095
basinhopping step 855: f 139120 trial_f 155496 accepted 0  lowest_f 139120
 Fit Status: False
 Force threshold: 0.4587
 Lowest RMSE: 0.4882
 Current RMSE: 0.4984
 Accepted count: 398
 Basinhop count: 120


adaptive stepsize: acceptance rate 0.463785 target 0.500000 new stepsize 0.121577 old stepsize 0.135085
basinhopping step 856: f 139120 trial_f 623431 accepted 0  lowest_f 139120
 Fit Status: False
 Force threshold: 0.4587
 Lowest RMSE: 0.4882
 Current RMSE: 0.8929
 Accepted count: 398
 Basinhop count: 121


adaptive stepsize: acceptance rate 0.463244 target 0.500000 new stepsize 0.109419 old stepsize 0.121577
basinhopping step 857: f 139120 trial_f 249661 accepted 0  lowest_f 139120
 Fit Status: False
 Force threshold: 0.4587
 Lowest RMSE: 0.4882
 Current RMSE: 0.6340
 Accepted count: 398
 Basinhop count: 122


adaptive stepsize: acceptance rate 0.462704 target 0.500000 new stepsize 0.0984771 old stepsize 0.109419
basinhopping step 858: f 139120 trial_f 553799 accepted 0  lowest_f 139120
 Fit Status: False
 Force threshold: 0.4587
 Lowest RMSE: 0.4882
 Current RMSE: 0.8520
 Accepted count: 398
 Basinhop count: 123


adaptive stepsize: acceptance rate 0.462165 target 0.500000 new stepsize 0.0886294 old stepsize 0.0984771
basinhopping step 859: f 131871 trial_f 131871 accepted 1  lowest_f 131871
found new global minimum on step 859 with function value 131871
 Fit Status: False
 Force threshold: 0.4587
 Lowest RMSE: 0.4882
 Current RMSE: 0.5498
 Accepted count: 399
 Basinhop count: 0


adaptive stepsize: acceptance rate 0.462791 target 0.500000 new stepsize 0.0797664 old stepsize 0.0886294
basinhopping step 860: f 131871 trial_f 315175 accepted 0  lowest_f 131871
 Fit Status: False
 Force threshold: 0.4587
 Lowest RMSE: 0.4882
 Current RMSE: 0.6971
 Accepted count: 399
 Basinhop count: 1


adaptive stepsize: acceptance rate 0.462253 target 0.500000 new stepsize 0.0717898 old stepsize 0.0797664
basinhopping step 861: f 131871 trial_f 246499 accepted 0  lowest_f 131871
 Fit Status: False
 Force threshold: 0.4587
 Lowest RMSE: 0.4882
 Current RMSE: 0.6570
 Accepted count: 399
 Basinhop count: 2


adaptive stepsize: acceptance rate 0.461717 target 0.500000 new stepsize 0.0646108 old stepsize 0.0717898
basinhopping step 862: f 127690 trial_f 127690 accepted 1  lowest_f 127690
found new global minimum on step 862 with function value 127690
 Fit Status: False
 Force threshold: 0.4587
 Lowest RMSE: 0.4882
 Current RMSE: 0.5022
 Accepted count: 400
 Basinhop count: 0


adaptive stepsize: acceptance rate 0.462341 target 0.500000 new stepsize 0.0581497 old stepsize 0.0646108
basinhopping step 863: f 127690 trial_f 283375 accepted 0  lowest_f 127690
 Fit Status: False
 Force threshold: 0.4587
 Lowest RMSE: 0.4882
 Current RMSE: 0.6337
 Accepted count: 400
 Basinhop count: 1


adaptive stepsize: acceptance rate 0.461806 target 0.500000 new stepsize 0.0523348 old stepsize 0.0581497
basinhopping step 864: f 127690 trial_f 133723 accepted 0  lowest_f 127690
 Fit Status: False
 Force threshold: 0.4587
 Lowest RMSE: 0.4882
 Current RMSE: 0.5436
 Accepted count: 400
 Basinhop count: 2


adaptive stepsize: acceptance rate 0.461272 target 0.500000 new stepsize 0.0471013 old stepsize 0.0523348
basinhopping step 865: f 127690 trial_f 167389 accepted 0  lowest_f 127690
 Fit Status: False
 Force threshold: 0.4587
 Lowest RMSE: 0.4882
 Current RMSE: 0.5666
 Accepted count: 400
 Basinhop count: 3


adaptive stepsize: acceptance rate 0.460739 target 0.500000 new stepsize 0.0423912 old stepsize 0.0471013
basinhopping step 866: f 127690 trial_f 259572 accepted 0  lowest_f 127690
 Fit Status: False
 Force threshold: 0.4587
 Lowest RMSE: 0.4882
 Current RMSE: 0.5791
 Accepted count: 400
 Basinhop count: 4


adaptive stepsize: acceptance rate 0.460208 target 0.500000 new stepsize 0.038152 old stepsize 0.0423912
basinhopping step 867: f 127690 trial_f 162267 accepted 0  lowest_f 127690
 Fit Status: False
 Force threshold: 0.4587
 Lowest RMSE: 0.4882
 Current RMSE: 0.5330
 Accepted count: 400
 Basinhop count: 5


adaptive stepsize: acceptance rate 0.459677 target 0.500000 new stepsize 0.0343368 old stepsize 0.038152
basinhopping step 868: f 127690 trial_f 208661 accepted 0  lowest_f 127690
 Fit Status: False
 Force threshold: 0.4587
 Lowest RMSE: 0.4882
 Current RMSE: 0.5365
 Accepted count: 400
 Basinhop count: 6


adaptive stepsize: acceptance rate 0.459148 target 0.500000 new stepsize 0.0309032 old stepsize 0.0343368
basinhopping step 869: f 117122 trial_f 117122 accepted 1  lowest_f 117122
found new global minimum on step 869 with function value 117122
 Fit Status: False
 Force threshold: 0.4587
 Lowest RMSE: 0.4882
 Current RMSE: 0.4919
 Accepted count: 401
 Basinhop count: 0


adaptive stepsize: acceptance rate 0.459770 target 0.500000 new stepsize 0.0278128 old stepsize 0.0309032
basinhopping step 870: f 115988 trial_f 115988 accepted 1  lowest_f 115988
found new global minimum on step 870 with function value 115988
 Fit Status: False
 Force threshold: 0.4587
 Lowest RMSE: 0.4882
 Current RMSE: 0.4966
 Accepted count: 402
 Basinhop count: 0


adaptive stepsize: acceptance rate 0.460390 target 0.500000 new stepsize 0.0250316 old stepsize 0.0278128
basinhopping step 871: f 97098.8 trial_f 97098.8 accepted 1  lowest_f 97098.8
found new global minimum on step 871 with function value 97098.8
 Fit Status: False
 Force threshold: 0.4587
 Lowest RMSE: 0.4116
 Current RMSE: 0.4116
 Accepted count: 403
 Basinhop count: 0


adaptive stepsize: acceptance rate 0.461009 target 0.500000 new stepsize 0.0225284 old stepsize 0.0250316
basinhopping step 872: f 44420.1 trial_f 44420.1 accepted 1  lowest_f 44420.1
found new global minimum on step 872 with function value 44420.1
 Fit Status: False
 Force threshold: 0.4587
 Lowest RMSE: 0.2800
 Current RMSE: 0.2800
 Accepted count: 404
 Basinhop count: 0


adaptive stepsize: acceptance rate 0.461627 target 0.500000 new stepsize 0.0202756 old stepsize 0.0225284
warning: basinhopping: local minimization failure
basinhopping step 873: f 40541.5 trial_f 40541.5 accepted 1  lowest_f 40541.5
found new global minimum on step 873 with function value 40541.5
 Fit Status: False
 Force threshold: 0.4587
 Lowest RMSE: 0.1052
 Current RMSE: 0.1052
 Accepted count: 405
 Basinhop count: 0


adaptive stepsize: acceptance rate 0.462243 target 0.500000 new stepsize 0.018248 old stepsize 0.0202756
warning: basinhopping: local minimization failure
basinhopping step 874: f 39630.1 trial_f 39630.1 accepted 1  lowest_f 39630.1
found new global minimum on step 874 with function value 39630.1
 Fit Status: False
 Force threshold: 0.4587
 Lowest RMSE: 0.0887
 Current RMSE: 0.0887
 Accepted count: 406
 Basinhop count: 0


adaptive stepsize: acceptance rate 0.462857 target 0.500000 new stepsize 0.0164232 old stepsize 0.018248
basinhopping step 875: f 39627.6 trial_f 39627.6 accepted 1  lowest_f 39627.6
found new global minimum on step 875 with function value 39627.6
 Fit Status: False
 Force threshold: 0.4587
 Lowest RMSE: 0.0887
 Current RMSE: 0.0888
 Accepted count: 407
 Basinhop count: 0


adaptive stepsize: acceptance rate 0.463470 target 0.500000 new stepsize 0.0147809 old stepsize 0.0164232
warning: basinhopping: local minimization failure
basinhopping step 876: f 39606.6 trial_f 39606.6 accepted 1  lowest_f 39606.6
found new global minimum on step 876 with function value 39606.6
 Fit Status: False
 Force threshold: 0.4587
 Lowest RMSE: 0.0886
 Current RMSE: 0.0886
 Accepted count: 408
 Basinhop count: 0


adaptive stepsize: acceptance rate 0.464082 target 0.500000 new stepsize 0.0133028 old stepsize 0.0147809
basinhopping step 877: f 39605.7 trial_f 39605.7 accepted 1  lowest_f 39605.7
found new global minimum on step 877 with function value 39605.7
 Fit Status: False
 Force threshold: 0.4587
 Lowest RMSE: 0.0886
 Current RMSE: 0.0886
 Accepted count: 409
 Basinhop count: 0


adaptive stepsize: acceptance rate 0.464692 target 0.500000 new stepsize 0.0119725 old stepsize 0.0133028
warning: basinhopping: local minimization failure
basinhopping step 878: f 39515.5 trial_f 39515.5 accepted 1  lowest_f 39515.5
found new global minimum on step 878 with function value 39515.5
 Fit Status: False
 Force threshold: 0.4587
 Lowest RMSE: 0.0882
 Current RMSE: 0.0882
 Accepted count: 410
 Basinhop count: 0


adaptive stepsize: acceptance rate 0.465301 target 0.500000 new stepsize 0.0107753 old stepsize 0.0119725
basinhopping step 879: f 39480 trial_f 39480 accepted 1  lowest_f 39480
found new global minimum on step 879 with function value 39480
 Fit Status: False
 Force threshold: 0.4587
 Lowest RMSE: 0.0880
 Current RMSE: 0.0880
 Accepted count: 411
 Basinhop count: 0


adaptive stepsize: acceptance rate 0.465909 target 0.500000 new stepsize 0.00969774 old stepsize 0.0107753
basinhopping step 880: f 39480 trial_f 39480 accepted 1  lowest_f 39480
 Fit Status: False
 Force threshold: 0.4587
 Lowest RMSE: 0.0880
 Current RMSE: 0.0880
 Accepted count: 412
 Basinhop count: 1


adaptive stepsize: acceptance rate 0.466515 target 0.500000 new stepsize 0.00872796 old stepsize 0.00969774
warning: basinhopping: local minimization failure
basinhopping step 881: f 39480 trial_f 39553.1 accepted 0  lowest_f 39480
 Fit Status: False
 Force threshold: 0.4587
 Lowest RMSE: 0.0880
 Current RMSE: 0.0885
 Accepted count: 412
 Basinhop count: 2


adaptive stepsize: acceptance rate 0.465986 target 0.500000 new stepsize 0.00785517 old stepsize 0.00872796
basinhopping step 882: f 39477.4 trial_f 39477.4 accepted 1  lowest_f 39477.4
found new global minimum on step 882 with function value 39477.4
 Fit Status: False
 Force threshold: 0.4587
 Lowest RMSE: 0.0880
 Current RMSE: 0.0880
 Accepted count: 413
 Basinhop count: 0


adaptive stepsize: acceptance rate 0.466591 target 0.500000 new stepsize 0.00706965 old stepsize 0.00785517
basinhopping step 883: f 39477.4 trial_f 39477.4 accepted 1  lowest_f 39477.4
found new global minimum on step 883 with function value 39477.4
 Fit Status: False
 Force threshold: 0.4587
 Lowest RMSE: 0.0880
 Current RMSE: 0.0880
 Accepted count: 414
 Basinhop count: 0


adaptive stepsize: acceptance rate 0.467195 target 0.500000 new stepsize 0.00636269 old stepsize 0.00706965
basinhopping step 884: f 39477.4 trial_f 44521.7 accepted 0  lowest_f 39477.4
 Fit Status: False
 Force threshold: 0.4587
 Lowest RMSE: 0.0880
 Current RMSE: 0.1046
 Accepted count: 414
 Basinhop count: 1


adaptive stepsize: acceptance rate 0.466667 target 0.500000 new stepsize 0.00572642 old stepsize 0.00636269
basinhopping step 885: f 39477.4 trial_f 39477.4 accepted 1  lowest_f 39477.4
 Fit Status: False
 Force threshold: 0.4587
 Lowest RMSE: 0.0880
 Current RMSE: 0.0880
 Accepted count: 415
 Basinhop count: 2


adaptive stepsize: acceptance rate 0.467269 target 0.500000 new stepsize 0.00515378 old stepsize 0.00572642
basinhopping step 886: f 39477.4 trial_f 39506.3 accepted 0  lowest_f 39477.4
 Fit Status: False
 Force threshold: 0.4587
 Lowest RMSE: 0.0878
 Current RMSE: 0.0878
 Accepted count: 415
 Basinhop count: 3


adaptive stepsize: acceptance rate 0.466742 target 0.500000 new stepsize 0.0046384 old stepsize 0.00515378
basinhopping step 887: f 39477.4 trial_f 39477.4 accepted 1  lowest_f 39477.4
found new global minimum on step 887 with function value 39477.4
 Fit Status: False
 Force threshold: 0.4587
 Lowest RMSE: 0.0878
 Current RMSE: 0.0880
 Accepted count: 416
 Basinhop count: 0


adaptive stepsize: acceptance rate 0.467342 target 0.500000 new stepsize 0.00417456 old stepsize 0.0046384
basinhopping step 888: f 39477.4 trial_f 39491.1 accepted 0  lowest_f 39477.4
 Fit Status: False
 Force threshold: 0.4587
 Lowest RMSE: 0.0878
 Current RMSE: 0.0906
 Accepted count: 416
 Basinhop count: 1


adaptive stepsize: acceptance rate 0.466817 target 0.500000 new stepsize 0.0037571 old stepsize 0.00417456
basinhopping step 889: f 39477.4 trial_f 39477.6 accepted 0  lowest_f 39477.4
 Fit Status: False
 Force threshold: 0.4587
 Lowest RMSE: 0.0878
 Current RMSE: 0.0880
 Accepted count: 416
 Basinhop count: 2


adaptive stepsize: acceptance rate 0.466292 target 0.500000 new stepsize 0.00338139 old stepsize 0.0037571
basinhopping step 890: f 39477.4 trial_f 39477.4 accepted 1  lowest_f 39477.4
 Fit Status: False
 Force threshold: 0.4587
 Lowest RMSE: 0.0878
 Current RMSE: 0.0880
 Accepted count: 417
 Basinhop count: 3


adaptive stepsize: acceptance rate 0.466891 target 0.500000 new stepsize 0.00304325 old stepsize 0.00338139
basinhopping step 891: f 39477.4 trial_f 39477.4 accepted 1  lowest_f 39477.4
 Fit Status: False
 Force threshold: 0.4587
 Lowest RMSE: 0.0878
 Current RMSE: 0.0880
 Accepted count: 418
 Basinhop count: 4


adaptive stepsize: acceptance rate 0.467489 target 0.500000 new stepsize 0.00273893 old stepsize 0.00304325
basinhopping step 892: f 39477.4 trial_f 39477.4 accepted 1  lowest_f 39477.4
 Fit Status: True
 Force threshold: 0.4587
 Lowest RMSE: 0.0878
 Current RMSE: 0.0880
 Accepted count: 419
 Basinhop count: 5



 Maximum Likelihood Best-fit Parameters:
--------------------------------------------------------------------------------------

Parameter                     Best-fit Value                +/- 1-sigma                   Flag                          
--------------------------------------------------------------------------------------
AGN_FRAC_4000                 0.753876                      0.000000                      1.0                           
AGN_FRAC_7000                 0.404798                      0.000000                      1.0                           
APOLY_COEFF_1                 -0.166457                     0.000000                      1.0                           
APOLY_COEFF_2                 -0.011700                     0.000000                      1.0                           
APOLY_COEFF_3                 -0.034266                     0.000000                      1.0                           
BR_H_ALPHA_AMP                35.204892                     0.000000                      1.0                           
BR_H_ALPHA_DISP               2017.674067                   0.000000                      1.0                           
BR_H_ALPHA_DISP_CORR          2014.852707                   0.000000                      1.0                           
BR_H_ALPHA_DISP_RES           106.664004                    nan                           nan                           
BR_H_ALPHA_EW                 219.626045                    0.000000                      0.0                           
BR_H_ALPHA_FLUX               -13.371400                    0.000000                      0.0                           
BR_H_ALPHA_FWHM               4751.454966                   0.000000                      0.0                           
BR_H_ALPHA_FWHM_CORR          4744.811558                   0.000000                      0.0                           
BR_H_ALPHA_LUM                41.944650                     0.000000                      0.0                           
BR_H_ALPHA_NPIX               155.000000                    0.000000                      0.0                           
BR_H_ALPHA_SNR                36.042954                     0.000000                      0.0                           
BR_H_ALPHA_VOFF               -91.940293                    0.000000                      1.0                           
BR_H_ALPHA_W80                5289.997939                   0.000000                      0.0                           
BR_H_ALPHA_W80_CORR           5282.907173                   0.000000                      0.0                           
BR_H_BETA_AMP                 14.434593                     0.000000                      1.0                           
BR_H_BETA_DISP                2017.674067                   0.000000                      1.0                           
BR_H_BETA_DISP_CORR           2012.529226                   0.000000                      1.0                           
BR_H_BETA_DISP_RES            143.995684                    nan                           nan                           
BR_H_BETA_EW                  58.020371                     0.000000                      0.0                           
BR_H_BETA_FLUX                -13.888931                    0.000000                      0.0                           
BR_H_BETA_FWHM                4751.579056                   0.000000                      0.0                           
BR_H_BETA_FWHM_CORR           4739.464904                   0.000000                      0.0                           
BR_H_BETA_LUM                 41.427120                     0.000000                      0.0                           
BR_H_BETA_NPIX                138.000000                    0.000000                      0.0                           
BR_H_BETA_SNR                 14.777325                     0.000000                      0.0                           
BR_H_BETA_VOFF                -91.940293                    0.000000                      1.0                           
BR_H_BETA_W80                 5290.245290                   0.000000                      0.0                           
BR_H_BETA_W80_CORR            5277.315963                   0.000000                      0.0                           
BR_OPT_FEII_AMP               52.998856                     0.000000                      1.0                           
BR_OPT_FEII_DISP              2227.824438                   0.000000                      1.0                           
BR_OPT_FEII_TEMPLATE_EW       88.859801                     0.000000                      1.0                           
BR_OPT_FEII_TEMPLATE_FLUX     -13.705149                    0.000000                      1.0                           
BR_OPT_FEII_TEMPLATE_LUM      41.610902                     0.000000                      1.0                           
BR_OPT_FEII_VOFF              500.000000                    0.000000                      1.0                           
HOST_FRAC_4000                0.850279                      0.000000                      1.0                           
HOST_FRAC_7000                -0.599610                     0.000000                      1.0                           
HOST_TEMP_DISP                120.268803                    0.000000                      1.0                           
HOST_TEMP_VEL                 106.577703                    0.000000                      1.0                           
H_ALPHA_COMP_DISP             1877.093031                   0.000000                      0.0                           
H_ALPHA_COMP_DISP_CORR        1874.060041                   0.000000                      0.0                           
H_ALPHA_COMP_DISP_RES         106.664004                    nan                           nan                           
H_ALPHA_COMP_EW               256.193584                    0.000000                      1.0                           
H_ALPHA_COMP_FLUX             -13.308053                    0.000000                      1.0                           
H_ALPHA_COMP_FWHM             577.121016                    0.000000                      0.0                           
H_ALPHA_COMP_FWHM_CORR        519.597050                    0.000000                      0.0                           
H_ALPHA_COMP_LUM              42.007998                     0.000000                      1.0                           
H_ALPHA_COMP_NPIX             155.000000                    0.000000                      0.0                           
H_ALPHA_COMP_SNR              59.973158                     0.000000                      0.0                           
H_ALPHA_COMP_VOFF             -78.730925                    0.000000                      0.0                           
H_ALPHA_COMP_W80              4952.999932                   0.000000                      0.0                           
H_ALPHA_COMP_W80_CORR         4945.426001                   0.000000                      0.0                           
H_BETA_COMP_DISP              1905.733341                   0.000000                      0.0                           
H_BETA_COMP_DISP_CORR         1900.285454                   0.000000                      0.0                           
H_BETA_COMP_DISP_RES          143.995684                    nan                           nan                           
H_BETA_COMP_EW                65.536659                     0.000000                      1.0                           
H_BETA_COMP_FLUX              -13.838885                    0.000000                      1.0                           
H_BETA_COMP_FWHM              643.635053                    0.000000                      0.0                           
H_BETA_COMP_FWHM_CORR         547.074156                    0.000000                      0.0                           
H_BETA_COMP_LUM               41.477166                     0.000000                      1.0                           
H_BETA_COMP_NPIX              138.000000                    0.000000                      0.0                           
H_BETA_COMP_SNR               29.703645                     0.000000                      0.0                           
H_BETA_COMP_VOFF              -81.347930                    0.000000                      0.0                           
H_BETA_COMP_W80               5025.015388                   0.000000                      0.0                           
H_BETA_COMP_W80_CORR          5011.401819                   0.000000                      0.0                           
LOG_LIKE                      39477.424794                  0.000000                      0.0                           
L_CONT_AGN_5100               43.055998                     0.000000                      1.0                           
L_CONT_HOST_5100              43.087900                     0.000000                      1.0                           
L_CONT_TOT_5100               43.346974                     0.000000                      1.0                           
NA_H_ALPHA_AMP                66.375487                     0.000000                      1.0                           
NA_H_ALPHA_DISP               168.004568                    0.000000                      1.0                           
NA_H_ALPHA_DISP_CORR          129.801099                    0.000000                      1.0                           
NA_H_ALPHA_DISP_RES           106.664004                    nan                           nan                           
NA_H_ALPHA_EW                 36.567539                     0.000000                      0.0                           
NA_H_ALPHA_FLUX               -14.175394                    0.000000                      0.0                           
NA_H_ALPHA_FWHM               400.683065                    0.000000                      0.0                           
NA_H_ALPHA_FWHM_CORR          312.184795                    0.000000                      0.0                           
NA_H_ALPHA_LUM                41.140656                     0.000000                      0.0                           
NA_H_ALPHA_NPIX               12.000000                     0.000000                      0.0                           
NA_H_ALPHA_SNR                67.291563                     0.000000                      0.0                           
NA_H_ALPHA_VOFF               5.409083                      0.000000                      1.0                           
NA_H_ALPHA_W80                442.869717                    0.000000                      0.0                           
NA_H_ALPHA_W80_CORR           348.085605                    0.000000                      0.0                           
NA_H_BETA_AMP                 21.166555                     0.000000                      1.0                           
NA_H_BETA_DISP                168.004568                    0.000000                      1.0                           
NA_H_BETA_DISP_CORR           86.549279                     0.000000                      1.0                           
NA_H_BETA_DISP_RES            143.995684                    nan                           nan                           
NA_H_BETA_EW                  7.516288                      0.000000                      0.0                           
NA_H_BETA_FLUX                -14.802084                    0.000000                      0.0                           
NA_H_BETA_FWHM                396.289890                    0.000000                      0.0                           
NA_H_BETA_FWHM_CORR           205.109062                    0.000000                      0.0                           
NA_H_BETA_LUM                 40.513967                     0.000000                      0.0                           
NA_H_BETA_NPIX                11.000000                     0.000000                      0.0                           
NA_H_BETA_SNR                 21.658076                     0.000000                      0.0                           
NA_H_BETA_VOFF                5.409083                      0.000000                      1.0                           
NA_H_BETA_W80                 444.359729                    0.000000                      0.0                           
NA_H_BETA_W80_CORR            246.625455                    0.000000                      0.0                           
NA_NII_6549_AMP               7.660956                      0.000000                      1.0                           
NA_NII_6549_DISP              168.004568                    0.000000                      1.0                           
NA_NII_6549_DISP_CORR         129.603473                    0.000000                      1.0                           
NA_NII_6549_DISP_RES          106.904043                    nan                           nan                           
NA_NII_6549_EW                3.941955                      0.000000                      0.0                           
NA_NII_6549_FLUX              -15.114097                    0.000000                      0.0                           
NA_NII_6549_FWHM              402.449245                    0.000000                      0.0                           
NA_NII_6549_FWHM_CORR         313.996106                    0.000000                      0.0                           
NA_NII_6549_LUM               40.201953                     0.000000                      0.0                           
NA_NII_6549_NPIX              7.000000                      0.000000                      0.0                           
NA_NII_6549_SNR               7.726874                      0.000000                      0.0                           
NA_NII_6549_VOFF              5.409083                      0.000000                      1.0                           
NA_NII_6549_W80               442.212316                    0.000000                      0.0                           
NA_NII_6549_W80_CORR          346.762059                    0.000000                      0.0                           
NA_NII_6585_AMP               22.982869                     0.000000                      1.0                           
NA_NII_6585_DISP              168.004568                    0.000000                      1.0                           
NA_NII_6585_DISP_CORR         130.075498                    0.000000                      1.0                           
NA_NII_6585_DISP_RES          106.329204                    nan                           nan                           
NA_NII_6585_EW                11.912411                     0.000000                      0.0                           
NA_NII_6585_FLUX              -14.634633                    0.000000                      0.0                           
NA_NII_6585_FWHM              396.086203                    0.000000                      0.0                           
NA_NII_6585_FWHM_CORR         306.907360                    0.000000                      0.0                           
NA_NII_6585_LUM               40.681418                     0.000000                      0.0                           
NA_NII_6585_NPIX              11.000000                     0.000000                      0.0                           
NA_NII_6585_SNR               23.529970                     0.000000                      0.0                           
NA_NII_6585_VOFF              5.409083                      0.000000                      1.0                           
NA_NII_6585_W80               444.966366                    0.000000                      0.0                           
NA_NII_6585_W80_CORR          351.418505                    0.000000                      0.0                           
NA_OIII_a_AMP                 59.587251                     0.000000                      1.0                           
NA_OIII_a_DISP                168.004568                    0.000000                      1.0                           
NA_OIII_a_DISP_CORR           91.097461                     0.000000                      1.0                           
NA_OIII_a_DISP_RES            141.162273                    nan                           nan                           
NA_OIII_a_EW                  20.539130                     0.000000                      0.0                           
NA_OIII_a_FLUX                -14.343949                    0.000000                      0.0                           
NA_OIII_a_FWHM                401.681363                    0.000000                      0.0                           
NA_OIII_a_FWHM_CORR           225.504383                    0.000000                      0.0                           
NA_OIII_a_LUM                 40.972101                     0.000000                      0.0                           
NA_OIII_a_NPIX                14.000000                     0.000000                      0.0                           
NA_OIII_a_SNR                 60.239824                     0.000000                      0.0                           
NA_OIII_a_VOFF                5.409083                      0.000000                      1.0                           
NA_OIII_a_W80                 443.210102                    0.000000                      0.0                           
NA_OIII_a_W80_CORR            255.201584                    0.000000                      0.0                           
NA_OIII_b_AMP                 177.570009                    0.000000                      1.0                           
NA_OIII_b_DISP                168.004568                    0.000000                      1.0                           
NA_OIII_b_DISP_CORR           93.158190                     0.000000                      1.0                           
NA_OIII_b_DISP_RES            139.810895                    nan                           nan                           
NA_OIII_b_EW                  64.886964                     0.000000                      0.0                           
NA_OIII_b_FLUX                -13.865555                    0.000000                      0.0                           
NA_OIII_b_FWHM                397.137978                    0.000000                      0.0                           
NA_OIII_b_FWHM_CORR           222.099879                    0.000000                      0.0                           
NA_OIII_b_LUM                 41.450495                     0.000000                      0.0                           
NA_OIII_b_NPIX                15.000000                     0.000000                      0.0                           
NA_OIII_b_SNR                 181.398490                    0.000000                      0.0                           
NA_OIII_b_VOFF                5.409083                      0.000000                      1.0                           
NA_OIII_b_W80                 443.424789                    0.000000                      0.0                           
NA_OIII_b_W80_CORR            260.423181                    0.000000                      0.0                           
NA_OII_AMP                    59.296808                     0.000000                      1.0                           
NA_OII_DISP                   199.249171                    0.000000                      1.0                           
NA_OII_DISP_CORR              66.372320                     0.000000                      1.0                           
NA_OII_DISP_RES               187.869495                    nan                           nan                           
NA_OII_EW                     14.278786                     0.000000                      0.0                           
NA_OII_FLUX                   -14.395937                    0.000000                      0.0                           
NA_OII_FWHM                   471.295748                    0.000000                      0.0                           
NA_OII_FWHM_CORR              162.500058                    0.000000                      0.0                           
NA_OII_LUM                    40.920113                     0.000000                      0.0                           
NA_OII_NPIX                   17.000000                     0.000000                      0.0                           
NA_OII_SNR                    60.705878                     0.000000                      0.0                           
NA_OII_VOFF                   140.846940                    0.000000                      1.0                           
NA_OII_W80                    526.210231                    0.000000                      0.0                           
NA_OII_W80_CORR               210.526817                    0.000000                      0.0                           
NA_OPT_FEII_AMP               0.000000                      0.000000                      1.0                           
NA_OPT_FEII_DISP              67.165176                     0.000000                      1.0                           
NA_OPT_FEII_TEMPLATE_EW       0.000000                      0.000000                      1.0                           
NA_OPT_FEII_TEMPLATE_FLUX     -22.787168                    0.000000                      1.0                           
NA_OPT_FEII_TEMPLATE_LUM      32.528883                     0.000000                      1.0                           
NA_OPT_FEII_VOFF              -48.254006                    0.000000                      1.0                           
NA_SII_6716_AMP               18.022235                     0.000000                      1.0                           
NA_SII_6716_DISP              168.004568                    0.000000                      1.0                           
NA_SII_6716_DISP_CORR         131.768393                    0.000000                      1.0                           
NA_SII_6716_DISP_RES          104.223920                    nan                           nan                           
NA_SII_6716_EW                9.918151                      0.000000                      0.0                           
NA_SII_6716_FLUX              -14.731543                    0.000000                      0.0                           
NA_SII_6716_FWHM              397.087045                    0.000000                      0.0                           
NA_SII_6716_FWHM_CORR         312.160153                    0.000000                      0.0                           
NA_SII_6716_LUM               40.584507                     0.000000                      0.0                           
NA_SII_6716_NPIX              12.000000                     0.000000                      0.0                           
NA_SII_6716_SNR               18.412207                     0.000000                      0.0                           
NA_SII_6716_VOFF              5.409083                      0.000000                      1.0                           
NA_SII_6716_W80               444.919094                    0.000000                      0.0                           
NA_SII_6716_W80_CORR          355.490998                    0.000000                      0.0                           
NA_SII_6731_AMP               15.814522                     0.000000                      1.0                           
NA_SII_6731_DISP              168.004568                    0.000000                      1.0                           
NA_SII_6731_DISP_CORR         131.944162                    0.000000                      1.0                           
NA_SII_6731_DISP_RES          104.001313                    nan                           nan                           
NA_SII_6731_EW                8.627056                      0.000000                      0.0                           
NA_SII_6731_FLUX              -14.787367                    0.000000                      0.0                           
NA_SII_6731_FWHM              396.571856                    0.000000                      0.0                           
NA_SII_6731_FWHM_CORR         311.916823                    0.000000                      0.0                           
NA_SII_6731_LUM               40.528683                     0.000000                      0.0                           
NA_SII_6731_NPIX              12.000000                     0.000000                      0.0                           
NA_SII_6731_SNR               16.169042                     0.000000                      0.0                           
NA_SII_6731_VOFF              5.409083                      0.000000                      1.0                           
NA_SII_6731_W80               443.878306                    0.000000                      0.0                           
NA_SII_6731_W80_CORR          354.618440                    0.000000                      0.0                           
POWER_AMP                     13.651403                     0.000000                      1.0                           
POWER_SLOPE                   3.679803                      0.000000                      1.0                           
RCHI_SQUARED                  2.545562                      0.000000                      0.0                           
R_SQUARED                     0.994654                      0.000000                      0.0                           
NOISE_STD                     0.897673                                                                                  
RESID_STD                     1.995873                                                                                  
--------------------------------------------------------------------------------------
 - Done fitting 2-onur! 

End process memory: 0.25994035                    
