<IPython.core.display.HTML object>
/app/BADASS3/example_spectra/2-onur
/app/BADASS3/example_spectra/2-onur/my_sdss.fits
0.3479999899864197
Start process memory: 0.22047539                    
 Folder has not been created.  Creating MCMC_output folder...

 > Starting fit for 2-onur

 Input fitting region exceeds available wavelength range.  BADASS will adjust your fitting range automatically...
		- Input fitting range: (2900, 8000)
		- Available wavelength range: (2967, 7418)
		- New fitting region is (2967, 7419). 


 Input spectrum is not linearly binned. BADASS will linearly rebin and conserve flux...


-----------------------------------------------------------
 file:                        my_sdss.fits                  
 redshift:                    0.34800                       
 fitting region:              (2967,7419) [A]               
 velocity scale:              74.08 [km/s/pixel]            
 Galactic E(B-V):             0.190                         
 Flux Normalization:          1e-17                         
 Fit Normalization:           9.94065                       
-----------------------------------------------------------

 Initializing parameters...
----------------------------------------------------------------------------------------------------
	- Fitting additive legendre polynomial component.
	- Fitting Simple AGN power-law continuum.

 Warning! Peak finding algorithm used for initial guesses of amplitude and velocity failed! Defaulting to user-defined locations...

 Warning! Peak finding algorithm used for initial guesses of amplitude and velocity failed! Defaulting to user-defined locations...

----------------------------------------------------------------------------------------------------------------------------------------

----------------------------------------------------------------------------------------------------------------------------------------

 Line List:

----------------------------------------------------------------------------------------------------------------------------------------
BR_H_ALPHA                                                                                
                              amp                           free                          
                              center                        6551                          
                              center_pix                    3205.02770190565              
                              disp                          free                          
                              disp_res_ang                  35.913764891247396            
                              disp_res_kms                  1643.5163872357136            
                              line_profile                  gaussian                      
                              line_type                     br                            
                              ncomp                         1                             
                              voff                          free                          
BR_H_BETA                                                                                 
                              amp                           free                          
                              center                        4834                          
                              center_pix                    1975.0580474316384            
                              disp                          free                          
                              disp_res_ang                  35.913764891247396            
                              disp_res_kms                  2227.2808963138514            
                              line_profile                  gaussian                      
                              line_type                     br                            
                              ncomp                         1                             
                              voff                          free                          
BR_OIII_4960                                                                              
                              amp                           free                          
                              center                        4984                          
                              center_pix                    2098.7192872432884            
                              disp                          free                          
                              disp_res_ang                  35.913764891247396            
                              disp_res_kms                  2160.2479640411634            
                              line_profile                  gaussian                      
                              line_type                     br                            
                              ncomp                         1                             
                              voff                          free                          
BR_OIII_5007                                                                              
                              amp                           free                          
                              center                        5008.24                       
                              center_pix                    2118.3529882506477            
                              disp                          free                          
                              disp_res_ang                  35.913764891247396            
                              disp_res_kms                  2149.7923128246966            
                              line_profile                  gaussian                      
                              line_type                     br                            
                              ncomp                         1                             
                              voff                          free                          
NA_H_ALPHA                                                                                
                              amp                           free                          
                              center                        6551                          
                              center_pix                    3205.02770190565              
                              disp                          free                          
                              disp_res_ang                  35.913764891247396            
                              disp_res_kms                  1643.5163872357136            
                              label                         [H$\alpha$]                   
                              line_profile                  gaussian                      
                              line_type                     na                            
                              ncomp                         1                             
                              voff                          free                          
NA_H_ALPHA_2                                                                              
                              amp                           free                          
                              center                        6551                          
                              center_pix                    3205.02770190565              
                              disp                          free                          
                              disp_res_ang                  35.913764891247396            
                              disp_res_kms                  1643.5163872357136            
                              line_profile                  gaussian                      
                              line_type                     na                            
                              ncomp                         2                             
                              parent                        NA_H_ALPHA                    
                              voff                          free                          
NA_H_BETA                                                                                 
                              amp                           free                          
                              center                        4834                          
                              center_pix                    1975.0580474316384            
                              disp                          NA_OIII_5007_DISP             
                              disp_res_ang                  35.913764891247396            
                              disp_res_kms                  2227.2808963138514            
                              label                         H$\beta$                      
                              line_profile                  gaussian                      
                              line_type                     na                            
                              ncomp                         1                             
                              voff                          free                          
NA_H_BETA_2                                                                               
                              amp                           free                          
                              center                        4834                          
                              center_pix                    1975.0580474316384            
                              disp                          NA_OIII_5007_2_DISP           
                              disp_res_ang                  35.913764891247396            
                              disp_res_kms                  2227.2808963138514            
                              line_profile                  gaussian                      
                              line_type                     na                            
                              ncomp                         2                             
                              parent                        NA_H_BETA                     
                              voff                          NA_OIII_5007_2_VOFF           
NA_OIII_4960                                                                              
                              amp                           free                          
                              center                        4984                          
                              center_pix                    2098.7192872432884            
                              disp                          NA_OIII_5007_DISP             
                              disp_res_ang                  35.913764891247396            
                              disp_res_kms                  2160.2479640411634            
                              label                         [OIIIa]                       
                              line_profile                  gaussian                      
                              line_type                     na                            
                              ncomp                         1                             
                              voff                          NA_OIII_5007_VOFF             
NA_OIII_4960_2                                                                            
                              amp                           free                          
                              center                        4984                          
                              center_pix                    2098.7192872432884            
                              disp                          NA_OIII_5007_2_DISP           
                              disp_res_ang                  35.913764891247396            
                              disp_res_kms                  2160.2479640411634            
                              line_profile                  gaussian                      
                              line_type                     na                            
                              ncomp                         2                             
                              parent                        NA_OIII_4960                  
                              voff                          NA_OIII_5007_2_VOFF           
NA_OIII_5007                                                                              
                              amp                           free                          
                              center                        5008.24                       
                              center_pix                    2118.3529882506477            
                              disp                          free                          
                              disp_res_ang                  35.913764891247396            
                              disp_res_kms                  2149.7923128246966            
                              label                         [OIIIb]                       
                              line_profile                  gaussian                      
                              line_type                     na                            
                              ncomp                         1                             
                              voff                          free                          
NA_OIII_5007_2                                                                            
                              amp                           free                          
                              center                        5008.24                       
                              center_pix                    2118.3529882506477            
                              disp                          free                          
                              disp_res_ang                  35.913764891247396            
                              disp_res_kms                  2149.7923128246966            
                              line_profile                  gaussian                      
                              line_type                     na                            
                              ncomp                         2                             
                              parent                        NA_OIII_5007                  
                              voff                          free                          

----------------------------------------------------------------------------------------------------------------------------------------

 Number of Free Line Parameters: 29

----------------------------------------------------------------------------------------------------------------------------------------

 All Free Parameters:

----------------------------------------------------------------------------------------------------------------------------------------
APOLY_COEFF_1                                                                             
                              init                          0.0                           
                              plim                          (-100.0, 100.0)               
APOLY_COEFF_2                                                                             
                              init                          0.0                           
                              plim                          (-100.0, 100.0)               
APOLY_COEFF_3                                                                             
                              init                          0.0                           
                              plim                          (-100.0, 100.0)               
APOLY_COEFF_4                                                                             
                              init                          0.0                           
                              plim                          (-100.0, 100.0)               
APOLY_COEFF_5                                                                             
                              init                          0.0                           
                              plim                          (-100.0, 100.0)               
APOLY_COEFF_6                                                                             
                              init                          0.0                           
                              plim                          (-100.0, 100.0)               
APOLY_COEFF_7                                                                             
                              init                          0.0                           
                              plim                          (-100.0, 100.0)               
BR_H_ALPHA_AMP                                                                            
                              init                          0.9450049771587696            
                              plim                          (0, 1000)                     
BR_H_ALPHA_DISP                                                                           
                              init                          500.0                         
                              plim                          (0, 1000)                     
BR_H_ALPHA_VOFF                                                                           
                              init                          0.0                           
                              plim                          (-10000, 10000)               
                              prior                         {'type': 'gaussian'}          
BR_H_BETA_AMP                                                                             
                              init                          0.6617523719532763            
                              plim                          (0, 1000)                     
BR_H_BETA_DISP                                                                            
                              init                          500.0                         
                              plim                          (0, 1000)                     
BR_H_BETA_VOFF                                                                            
                              init                          0.0                           
                              plim                          (-10000, 10000)               
                              prior                         {'type': 'gaussian'}          
BR_OIII_4960_AMP                                                                          
                              init                          0.5077020481228954            
                              plim                          (0, 1000)                     
BR_OIII_4960_DISP                                                                         
                              init                          500.0                         
                              plim                          (0, 1000)                     
BR_OIII_4960_VOFF                                                                         
                              init                          0.0                           
                              plim                          (-10000, 10000)               
                              prior                         {'type': 'gaussian'}          
BR_OIII_5007_AMP                                                                          
                              init                          0.8777015498317587            
                              plim                          (0, 1000)                     
BR_OIII_5007_DISP                                                                         
                              init                          500.0                         
                              plim                          (0, 1000)                     
BR_OIII_5007_VOFF                                                                         
                              init                          0.0                           
                              plim                          (-10000, 10000)               
                              prior                         {'type': 'gaussian'}          
NA_H_ALPHA_2_AMP                                                                          
                              init                          0.4725024885793848            
                              plim                          (0, 1000)                     
NA_H_ALPHA_2_DISP                                                                         
                              init                          10.0                          
                              plim                          (0, 20)                       
NA_H_ALPHA_2_VOFF                                                                         
                              init                          0.0                           
                              plim                          (-1200, 1200)                 
                              prior                         {'type': 'gaussian'}          
NA_H_ALPHA_AMP                                                                            
                              init                          0.4725024885793848            
                              plim                          (0, 1000)                     
NA_H_ALPHA_DISP                                                                           
                              init                          10.0                          
                              plim                          (0, 20)                       
NA_H_ALPHA_VOFF                                                                           
                              init                          0.0                           
                              plim                          (-1200, 1200)                 
                              prior                         {'type': 'gaussian'}          
NA_H_BETA_2_AMP                                                                           
                              init                          0.33087618597663815           
                              plim                          (0, 1000)                     
NA_H_BETA_AMP                                                                             
                              init                          0.33087618597663815           
                              plim                          (0, 1000)                     
NA_H_BETA_VOFF                                                                            
                              init                          0.0                           
                              plim                          (-1200, 1200)                 
                              prior                         {'type': 'gaussian'}          
NA_OIII_4960_2_AMP                                                                        
                              init                          0.2538510240614477            
                              plim                          (0, 1000)                     
NA_OIII_4960_AMP                                                                          
                              init                          0.2538510240614477            
                              plim                          (0, 1000)                     
NA_OIII_5007_2_AMP                                                                        
                              init                          0.43885077491587937           
                              plim                          (0, 1000)                     
NA_OIII_5007_2_DISP                                                                       
                              init                          10.0                          
                              plim                          (0, 20)                       
NA_OIII_5007_2_VOFF                                                                       
                              init                          0.0                           
                              plim                          (-1200, 1200)                 
                              prior                         {'type': 'gaussian'}          
NA_OIII_5007_AMP                                                                          
                              init                          0.43885077491587937           
                              plim                          (0, 1000)                     
NA_OIII_5007_DISP                                                                         
                              init                          10.0                          
                              plim                          (0, 20)                       
NA_OIII_5007_VOFF                                                                         
                              init                          0.0                           
                              plim                          (-1200, 1200)                 
                              prior                         {'type': 'gaussian'}          
POWER_AMP                                                                                 
                              init                          0.2479274084849787            
                              plim                          (0, 1.4999998169955353)       
POWER_SLOPE                                                                               
                              init                          -1.0                          
                              plim                          (-6.0, 6.0)                   

----------------------------------------------------------------------------------------------------------------------------------------

 Total number of free parameters: 38

----------------------------------------------------------------------------------------------------------------------------------------

 Soft Constraints:


----------------------------------------------------------------------------------------------------------------------------------------

----------------------------------------------------------------------------------------------------------------------------------------

 Required Maximum Likelihood RMSE threshold: 0.2117 


 Performing max. likelihood fitting.

 Using Basin-hopping algorithm to estimate parameters. niter_success = 25
basinhopping step 0: f 198666
 Fit Status: False
 Force threshold: 0.2117
 Lowest RMSE: 0.4160
 Current RMSE: 0.4160
 Accepted count: 1
 Basinhop count: 0


adaptive stepsize: acceptance rate 0.000000 target 0.500000 new stepsize 0.9 old stepsize 1
basinhopping step 1: f 198666 trial_f 2.42827e+06 accepted 0  lowest_f 198666
 Fit Status: False
 Force threshold: 0.2117
 Lowest RMSE: 0.4160
 Current RMSE: 1.4347
 Accepted count: 1
 Basinhop count: 1


adaptive stepsize: acceptance rate 0.000000 target 0.500000 new stepsize 0.81 old stepsize 0.9
basinhopping step 2: f 198666 trial_f 1.33584e+06 accepted 0  lowest_f 198666
 Fit Status: False
 Force threshold: 0.2117
 Lowest RMSE: 0.4160
 Current RMSE: 1.2419
 Accepted count: 1
 Basinhop count: 2


adaptive stepsize: acceptance rate 0.000000 target 0.500000 new stepsize 0.729 old stepsize 0.81
basinhopping step 3: f 198666 trial_f 1.24081e+06 accepted 0  lowest_f 198666
 Fit Status: False
 Force threshold: 0.2117
 Lowest RMSE: 0.4160
 Current RMSE: 0.9213
 Accepted count: 1
 Basinhop count: 3


adaptive stepsize: acceptance rate 0.000000 target 0.500000 new stepsize 0.6561 old stepsize 0.729
basinhopping step 4: f 198666 trial_f 1.87423e+06 accepted 0  lowest_f 198666
 Fit Status: False
 Force threshold: 0.2117
 Lowest RMSE: 0.4160
 Current RMSE: 1.1803
 Accepted count: 1
 Basinhop count: 4


adaptive stepsize: acceptance rate 0.000000 target 0.500000 new stepsize 0.59049 old stepsize 0.6561
basinhopping step 5: f 198666 trial_f 1.01968e+06 accepted 0  lowest_f 198666
 Fit Status: False
 Force threshold: 0.2117
 Lowest RMSE: 0.4160
 Current RMSE: 0.9227
 Accepted count: 1
 Basinhop count: 5


adaptive stepsize: acceptance rate 0.000000 target 0.500000 new stepsize 0.531441 old stepsize 0.59049
basinhopping step 6: f 198666 trial_f 1.01084e+06 accepted 0  lowest_f 198666
 Fit Status: False
 Force threshold: 0.2117
 Lowest RMSE: 0.4160
 Current RMSE: 0.9696
 Accepted count: 1
 Basinhop count: 6


adaptive stepsize: acceptance rate 0.000000 target 0.500000 new stepsize 0.478297 old stepsize 0.531441
basinhopping step 7: f 198666 trial_f 685751 accepted 0  lowest_f 198666
 Fit Status: False
 Force threshold: 0.2117
 Lowest RMSE: 0.4160
 Current RMSE: 0.7681
 Accepted count: 1
 Basinhop count: 7


adaptive stepsize: acceptance rate 0.000000 target 0.500000 new stepsize 0.430467 old stepsize 0.478297
basinhopping step 8: f 198666 trial_f 277876 accepted 0  lowest_f 198666
 Fit Status: False
 Force threshold: 0.2117
 Lowest RMSE: 0.4160
 Current RMSE: 0.4446
 Accepted count: 1
 Basinhop count: 8


adaptive stepsize: acceptance rate 0.000000 target 0.500000 new stepsize 0.38742 old stepsize 0.430467
basinhopping step 9: f 198666 trial_f 650400 accepted 0  lowest_f 198666
 Fit Status: False
 Force threshold: 0.2117
 Lowest RMSE: 0.4160
 Current RMSE: 0.7660
 Accepted count: 1
 Basinhop count: 9


adaptive stepsize: acceptance rate 0.000000 target 0.500000 new stepsize 0.348678 old stepsize 0.38742
basinhopping step 10: f 198666 trial_f 1.23653e+06 accepted 0  lowest_f 198666
 Fit Status: False
 Force threshold: 0.2117
 Lowest RMSE: 0.4160
 Current RMSE: 1.0141
 Accepted count: 1
 Basinhop count: 10


adaptive stepsize: acceptance rate 0.000000 target 0.500000 new stepsize 0.313811 old stepsize 0.348678
basinhopping step 11: f 198666 trial_f 1.12935e+06 accepted 0  lowest_f 198666
 Fit Status: False
 Force threshold: 0.2117
 Lowest RMSE: 0.4160
 Current RMSE: 0.9988
 Accepted count: 1
 Basinhop count: 11


adaptive stepsize: acceptance rate 0.000000 target 0.500000 new stepsize 0.28243 old stepsize 0.313811
basinhopping step 12: f 27872.9 trial_f 27872.9 accepted 1  lowest_f 27872.9
found new global minimum on step 12 with function value 27872.9
 Fit Status: False
 Force threshold: 0.2117
 Lowest RMSE: 0.0775
 Current RMSE: 0.0775
 Accepted count: 2
 Basinhop count: 0


adaptive stepsize: acceptance rate 0.076923 target 0.500000 new stepsize 0.254187 old stepsize 0.28243
basinhopping step 13: f 27872.9 trial_f 154498 accepted 0  lowest_f 27872.9
 Fit Status: False
 Force threshold: 0.2117
 Lowest RMSE: 0.0775
 Current RMSE: 0.4242
 Accepted count: 2
 Basinhop count: 1


adaptive stepsize: acceptance rate 0.071429 target 0.500000 new stepsize 0.228768 old stepsize 0.254187
basinhopping step 14: f 27872.9 trial_f 63850 accepted 0  lowest_f 27872.9
 Fit Status: False
 Force threshold: 0.2117
 Lowest RMSE: 0.0775
 Current RMSE: 0.2293
 Accepted count: 2
 Basinhop count: 2


adaptive stepsize: acceptance rate 0.066667 target 0.500000 new stepsize 0.205891 old stepsize 0.228768
basinhopping step 15: f 27872.9 trial_f 215779 accepted 0  lowest_f 27872.9
 Fit Status: False
 Force threshold: 0.2117
 Lowest RMSE: 0.0775
 Current RMSE: 0.4322
 Accepted count: 2
 Basinhop count: 3


adaptive stepsize: acceptance rate 0.062500 target 0.500000 new stepsize 0.185302 old stepsize 0.205891
basinhopping step 16: f 27872.9 trial_f 217631 accepted 0  lowest_f 27872.9
 Fit Status: False
 Force threshold: 0.2117
 Lowest RMSE: 0.0775
 Current RMSE: 0.4350
 Accepted count: 2
 Basinhop count: 4


adaptive stepsize: acceptance rate 0.058824 target 0.500000 new stepsize 0.166772 old stepsize 0.185302
basinhopping step 17: f 27872.9 trial_f 59264.7 accepted 0  lowest_f 27872.9
 Fit Status: False
 Force threshold: 0.2117
 Lowest RMSE: 0.0775
 Current RMSE: 0.1917
 Accepted count: 2
 Basinhop count: 5


adaptive stepsize: acceptance rate 0.055556 target 0.500000 new stepsize 0.150095 old stepsize 0.166772
basinhopping step 18: f 27872.7 trial_f 27872.7 accepted 1  lowest_f 27872.7
found new global minimum on step 18 with function value 27872.7
 Fit Status: False
 Force threshold: 0.2117
 Lowest RMSE: 0.0775
 Current RMSE: 0.0775
 Accepted count: 3
 Basinhop count: 0


adaptive stepsize: acceptance rate 0.105263 target 0.500000 new stepsize 0.135085 old stepsize 0.150095
basinhopping step 19: f 27872.5 trial_f 27872.5 accepted 1  lowest_f 27872.5
found new global minimum on step 19 with function value 27872.5
 Fit Status: False
 Force threshold: 0.2117
 Lowest RMSE: 0.0775
 Current RMSE: 0.0775
 Accepted count: 4
 Basinhop count: 0


adaptive stepsize: acceptance rate 0.150000 target 0.500000 new stepsize 0.121577 old stepsize 0.135085
basinhopping step 20: f 27872.5 trial_f 33595.4 accepted 0  lowest_f 27872.5
 Fit Status: False
 Force threshold: 0.2117
 Lowest RMSE: 0.0775
 Current RMSE: 0.1002
 Accepted count: 4
 Basinhop count: 1


adaptive stepsize: acceptance rate 0.142857 target 0.500000 new stepsize 0.109419 old stepsize 0.121577
basinhopping step 21: f 27872.5 trial_f 45006.9 accepted 0  lowest_f 27872.5
 Fit Status: False
 Force threshold: 0.2117
 Lowest RMSE: 0.0775
 Current RMSE: 0.1396
 Accepted count: 4
 Basinhop count: 2


adaptive stepsize: acceptance rate 0.136364 target 0.500000 new stepsize 0.0984771 old stepsize 0.109419
basinhopping step 22: f 27872.5 trial_f 27872.8 accepted 0  lowest_f 27872.5
 Fit Status: False
 Force threshold: 0.2117
 Lowest RMSE: 0.0775
 Current RMSE: 0.0775
 Accepted count: 4
 Basinhop count: 3


adaptive stepsize: acceptance rate 0.130435 target 0.500000 new stepsize 0.0886294 old stepsize 0.0984771
basinhopping step 23: f 27867.4 trial_f 27867.4 accepted 1  lowest_f 27867.4
found new global minimum on step 23 with function value 27867.4
 Fit Status: False
 Force threshold: 0.2117
 Lowest RMSE: 0.0775
 Current RMSE: 0.0775
 Accepted count: 5
 Basinhop count: 0


adaptive stepsize: acceptance rate 0.166667 target 0.500000 new stepsize 0.0797664 old stepsize 0.0886294
basinhopping step 24: f 27867.4 trial_f 27867.6 accepted 0  lowest_f 27867.4
 Fit Status: False
 Force threshold: 0.2117
 Lowest RMSE: 0.0775
 Current RMSE: 0.0775
 Accepted count: 5
 Basinhop count: 1


adaptive stepsize: acceptance rate 0.160000 target 0.500000 new stepsize 0.0717898 old stepsize 0.0797664
basinhopping step 25: f 27867.4 trial_f 37552.7 accepted 0  lowest_f 27867.4
 Fit Status: False
 Force threshold: 0.2117
 Lowest RMSE: 0.0775
 Current RMSE: 0.1132
 Accepted count: 5
 Basinhop count: 2


adaptive stepsize: acceptance rate 0.153846 target 0.500000 new stepsize 0.0646108 old stepsize 0.0717898
basinhopping step 26: f 27867.4 trial_f 40874.7 accepted 0  lowest_f 27867.4
 Fit Status: False
 Force threshold: 0.2117
 Lowest RMSE: 0.0775
 Current RMSE: 0.1249
 Accepted count: 5
 Basinhop count: 3


adaptive stepsize: acceptance rate 0.148148 target 0.500000 new stepsize 0.0581497 old stepsize 0.0646108
basinhopping step 27: f 27867.4 trial_f 27867.4 accepted 1  lowest_f 27867.4
found new global minimum on step 27 with function value 27867.4
 Fit Status: False
 Force threshold: 0.2117
 Lowest RMSE: 0.0775
 Current RMSE: 0.0775
 Accepted count: 6
 Basinhop count: 0


adaptive stepsize: acceptance rate 0.178571 target 0.500000 new stepsize 0.0523348 old stepsize 0.0581497
basinhopping step 28: f 27867.4 trial_f 40119.4 accepted 0  lowest_f 27867.4
 Fit Status: False
 Force threshold: 0.2117
 Lowest RMSE: 0.0775
 Current RMSE: 0.1221
 Accepted count: 6
 Basinhop count: 1


adaptive stepsize: acceptance rate 0.172414 target 0.500000 new stepsize 0.0471013 old stepsize 0.0523348
basinhopping step 29: f 27867.4 trial_f 35104.2 accepted 0  lowest_f 27867.4
 Fit Status: False
 Force threshold: 0.2117
 Lowest RMSE: 0.0775
 Current RMSE: 0.1046
 Accepted count: 6
 Basinhop count: 2


adaptive stepsize: acceptance rate 0.166667 target 0.500000 new stepsize 0.0423912 old stepsize 0.0471013
basinhopping step 30: f 27867.4 trial_f 27867.4 accepted 1  lowest_f 27867.4
 Fit Status: False
 Force threshold: 0.2117
 Lowest RMSE: 0.0775
 Current RMSE: 0.0775
 Accepted count: 7
 Basinhop count: 3


adaptive stepsize: acceptance rate 0.193548 target 0.500000 new stepsize 0.038152 old stepsize 0.0423912
basinhopping step 31: f 27867.4 trial_f 31046.3 accepted 0  lowest_f 27867.4
 Fit Status: False
 Force threshold: 0.2117
 Lowest RMSE: 0.0775
 Current RMSE: 0.0882
 Accepted count: 7
 Basinhop count: 4


adaptive stepsize: acceptance rate 0.187500 target 0.500000 new stepsize 0.0343368 old stepsize 0.038152
basinhopping step 32: f 27867.4 trial_f 31876.9 accepted 0  lowest_f 27867.4
 Fit Status: False
 Force threshold: 0.2117
 Lowest RMSE: 0.0775
 Current RMSE: 0.0915
 Accepted count: 7
 Basinhop count: 5


adaptive stepsize: acceptance rate 0.181818 target 0.500000 new stepsize 0.0309032 old stepsize 0.0343368
basinhopping step 33: f 27867.4 trial_f 27867.4 accepted 1  lowest_f 27867.4
 Fit Status: False
 Force threshold: 0.2117
 Lowest RMSE: 0.0775
 Current RMSE: 0.0775
 Accepted count: 8
 Basinhop count: 6


adaptive stepsize: acceptance rate 0.205882 target 0.500000 new stepsize 0.0278128 old stepsize 0.0309032
basinhopping step 34: f 27867.5 trial_f 27867.5 accepted 1  lowest_f 27867.4
 Fit Status: False
 Force threshold: 0.2117
 Lowest RMSE: 0.0775
 Current RMSE: 0.0775
 Accepted count: 9
 Basinhop count: 7


adaptive stepsize: acceptance rate 0.228571 target 0.500000 new stepsize 0.0250316 old stepsize 0.0278128
basinhopping step 35: f 27867.4 trial_f 27867.4 accepted 1  lowest_f 27867.4
 Fit Status: False
 Force threshold: 0.2117
 Lowest RMSE: 0.0775
 Current RMSE: 0.0775
 Accepted count: 10
 Basinhop count: 8


adaptive stepsize: acceptance rate 0.250000 target 0.500000 new stepsize 0.0225284 old stepsize 0.0250316
basinhopping step 36: f 27867.4 trial_f 27867.4 accepted 1  lowest_f 27867.4
found new global minimum on step 36 with function value 27867.4
 Fit Status: False
 Force threshold: 0.2117
 Lowest RMSE: 0.0775
 Current RMSE: 0.0775
 Accepted count: 11
 Basinhop count: 0


adaptive stepsize: acceptance rate 0.270270 target 0.500000 new stepsize 0.0202756 old stepsize 0.0225284
basinhopping step 37: f 27867.4 trial_f 27867.4 accepted 1  lowest_f 27867.4
 Fit Status: False
 Force threshold: 0.2117
 Lowest RMSE: 0.0775
 Current RMSE: 0.0775
 Accepted count: 12
 Basinhop count: 1


adaptive stepsize: acceptance rate 0.289474 target 0.500000 new stepsize 0.018248 old stepsize 0.0202756
warning: basinhopping: local minimization failure
basinhopping step 38: f 27867.4 trial_f 27867.4 accepted 1  lowest_f 27867.4
found new global minimum on step 38 with function value 27867.4
 Fit Status: False
 Force threshold: 0.2117
 Lowest RMSE: 0.0775
 Current RMSE: 0.0775
 Accepted count: 13
 Basinhop count: 0


adaptive stepsize: acceptance rate 0.307692 target 0.500000 new stepsize 0.0164232 old stepsize 0.018248
basinhopping step 39: f 27867.5 trial_f 27867.5 accepted 1  lowest_f 27867.4
 Fit Status: False
 Force threshold: 0.2117
 Lowest RMSE: 0.0775
 Current RMSE: 0.0775
 Accepted count: 14
 Basinhop count: 1


adaptive stepsize: acceptance rate 0.325000 target 0.500000 new stepsize 0.0147809 old stepsize 0.0164232
basinhopping step 40: f 27867.4 trial_f 27867.4 accepted 1  lowest_f 27867.4
 Fit Status: False
 Force threshold: 0.2117
 Lowest RMSE: 0.0775
 Current RMSE: 0.0775
 Accepted count: 15
 Basinhop count: 2


adaptive stepsize: acceptance rate 0.341463 target 0.500000 new stepsize 0.0133028 old stepsize 0.0147809
basinhopping step 41: f 27867.4 trial_f 27867.4 accepted 1  lowest_f 27867.4
 Fit Status: False
 Force threshold: 0.2117
 Lowest RMSE: 0.0775
 Current RMSE: 0.0775
 Accepted count: 16
 Basinhop count: 3


adaptive stepsize: acceptance rate 0.357143 target 0.500000 new stepsize 0.0119725 old stepsize 0.0133028
basinhopping step 42: f 27867.4 trial_f 27867.4 accepted 1  lowest_f 27867.4
found new global minimum on step 42 with function value 27867.4
 Fit Status: False
 Force threshold: 0.2117
 Lowest RMSE: 0.0775
 Current RMSE: 0.0775
 Accepted count: 17
 Basinhop count: 0


adaptive stepsize: acceptance rate 0.372093 target 0.500000 new stepsize 0.0107753 old stepsize 0.0119725
basinhopping step 43: f 27867.4 trial_f 27867.4 accepted 1  lowest_f 27867.4
 Fit Status: False
 Force threshold: 0.2117
 Lowest RMSE: 0.0775
 Current RMSE: 0.0775
 Accepted count: 18
 Basinhop count: 1


adaptive stepsize: acceptance rate 0.386364 target 0.500000 new stepsize 0.00969774 old stepsize 0.0107753
basinhopping step 44: f 27867.5 trial_f 27867.5 accepted 1  lowest_f 27867.4
 Fit Status: False
 Force threshold: 0.2117
 Lowest RMSE: 0.0775
 Current RMSE: 0.0775
 Accepted count: 19
 Basinhop count: 2


adaptive stepsize: acceptance rate 0.400000 target 0.500000 new stepsize 0.00872796 old stepsize 0.00969774
basinhopping step 45: f 27867.5 trial_f 27867.5 accepted 1  lowest_f 27867.4
 Fit Status: False
 Force threshold: 0.2117
 Lowest RMSE: 0.0775
 Current RMSE: 0.0775
 Accepted count: 20
 Basinhop count: 3


adaptive stepsize: acceptance rate 0.413043 target 0.500000 new stepsize 0.00785517 old stepsize 0.00872796
basinhopping step 46: f 27867.4 trial_f 27867.4 accepted 1  lowest_f 27867.4
 Fit Status: False
 Force threshold: 0.2117
 Lowest RMSE: 0.0775
 Current RMSE: 0.0775
 Accepted count: 21
 Basinhop count: 4


adaptive stepsize: acceptance rate 0.425532 target 0.500000 new stepsize 0.00706965 old stepsize 0.00785517
basinhopping step 47: f 27867.4 trial_f 27867.4 accepted 1  lowest_f 27867.4
 Fit Status: False
 Force threshold: 0.2117
 Lowest RMSE: 0.0775
 Current RMSE: 0.0775
 Accepted count: 22
 Basinhop count: 5


adaptive stepsize: acceptance rate 0.437500 target 0.500000 new stepsize 0.00636269 old stepsize 0.00706965
basinhopping step 48: f 27867.4 trial_f 27867.4 accepted 1  lowest_f 27867.4
 Fit Status: False
 Force threshold: 0.2117
 Lowest RMSE: 0.0775
 Current RMSE: 0.0775
 Accepted count: 23
 Basinhop count: 6


adaptive stepsize: acceptance rate 0.448980 target 0.500000 new stepsize 0.00572642 old stepsize 0.00636269
basinhopping step 49: f 27867.4 trial_f 27867.4 accepted 1  lowest_f 27867.4
found new global minimum on step 49 with function value 27867.4
 Fit Status: False
 Force threshold: 0.2117
 Lowest RMSE: 0.0775
 Current RMSE: 0.0775
 Accepted count: 24
 Basinhop count: 0


adaptive stepsize: acceptance rate 0.460000 target 0.500000 new stepsize 0.00515378 old stepsize 0.00572642
basinhopping step 50: f 27867.4 trial_f 27867.4 accepted 1  lowest_f 27867.4
found new global minimum on step 50 with function value 27867.4
 Fit Status: False
 Force threshold: 0.2117
 Lowest RMSE: 0.0775
 Current RMSE: 0.0775
 Accepted count: 25
 Basinhop count: 0


adaptive stepsize: acceptance rate 0.470588 target 0.500000 new stepsize 0.0046384 old stepsize 0.00515378
basinhopping step 51: f 27867.4 trial_f 27867.4 accepted 1  lowest_f 27867.4
 Fit Status: False
 Force threshold: 0.2117
 Lowest RMSE: 0.0775
 Current RMSE: 0.0775
 Accepted count: 26
 Basinhop count: 1


adaptive stepsize: acceptance rate 0.480769 target 0.500000 new stepsize 0.00417456 old stepsize 0.0046384
basinhopping step 52: f 27867.4 trial_f 27867.4 accepted 1  lowest_f 27867.4
 Fit Status: False
 Force threshold: 0.2117
 Lowest RMSE: 0.0775
 Current RMSE: 0.0775
 Accepted count: 27
 Basinhop count: 2


adaptive stepsize: acceptance rate 0.490566 target 0.500000 new stepsize 0.0037571 old stepsize 0.00417456
basinhopping step 53: f 27867.4 trial_f 27867.4 accepted 1  lowest_f 27867.4
found new global minimum on step 53 with function value 27867.4
 Fit Status: False
 Force threshold: 0.2117
 Lowest RMSE: 0.0775
 Current RMSE: 0.0775
 Accepted count: 28
 Basinhop count: 0


adaptive stepsize: acceptance rate 0.500000 target 0.500000 new stepsize 0.00338139 old stepsize 0.0037571
basinhopping step 54: f 27867.4 trial_f 27867.4 accepted 1  lowest_f 27867.4
found new global minimum on step 54 with function value 27867.4
 Fit Status: False
 Force threshold: 0.2117
 Lowest RMSE: 0.0775
 Current RMSE: 0.0775
 Accepted count: 29
 Basinhop count: 0


adaptive stepsize: acceptance rate 0.509091 target 0.500000 new stepsize 0.0037571 old stepsize 0.00338139
basinhopping step 55: f 27867.4 trial_f 27867.4 accepted 1  lowest_f 27867.4
 Fit Status: False
 Force threshold: 0.2117
 Lowest RMSE: 0.0775
 Current RMSE: 0.0775
 Accepted count: 30
 Basinhop count: 1


adaptive stepsize: acceptance rate 0.517857 target 0.500000 new stepsize 0.00417456 old stepsize 0.0037571
basinhopping step 56: f 27867.4 trial_f 27867.4 accepted 1  lowest_f 27867.4
 Fit Status: False
 Force threshold: 0.2117
 Lowest RMSE: 0.0775
 Current RMSE: 0.0775
 Accepted count: 31
 Basinhop count: 2


adaptive stepsize: acceptance rate 0.526316 target 0.500000 new stepsize 0.0046384 old stepsize 0.00417456
basinhopping step 57: f 27867.4 trial_f 27867.4 accepted 1  lowest_f 27867.4
 Fit Status: False
 Force threshold: 0.2117
 Lowest RMSE: 0.0775
 Current RMSE: 0.0775
 Accepted count: 32
 Basinhop count: 3


adaptive stepsize: acceptance rate 0.534483 target 0.500000 new stepsize 0.00515378 old stepsize 0.0046384
basinhopping step 58: f 27867.4 trial_f 27867.4 accepted 1  lowest_f 27867.4
 Fit Status: False
 Force threshold: 0.2117
 Lowest RMSE: 0.0775
 Current RMSE: 0.0775
 Accepted count: 33
 Basinhop count: 4


adaptive stepsize: acceptance rate 0.542373 target 0.500000 new stepsize 0.00572642 old stepsize 0.00515378
basinhopping step 59: f 27867.4 trial_f 27867.4 accepted 1  lowest_f 27867.4
 Fit Status: False
 Force threshold: 0.2117
 Lowest RMSE: 0.0775
 Current RMSE: 0.0775
 Accepted count: 34
 Basinhop count: 5


adaptive stepsize: acceptance rate 0.550000 target 0.500000 new stepsize 0.00636269 old stepsize 0.00572642
basinhopping step 60: f 27867.4 trial_f 27867.4 accepted 1  lowest_f 27867.4
found new global minimum on step 60 with function value 27867.4
 Fit Status: False
 Force threshold: 0.2117
 Lowest RMSE: 0.0775
 Current RMSE: 0.0775
 Accepted count: 35
 Basinhop count: 0


adaptive stepsize: acceptance rate 0.557377 target 0.500000 new stepsize 0.00706965 old stepsize 0.00636269
basinhopping step 61: f 27867.4 trial_f 27867.4 accepted 1  lowest_f 27867.4
 Fit Status: False
 Force threshold: 0.2117
 Lowest RMSE: 0.0775
 Current RMSE: 0.0775
 Accepted count: 36
 Basinhop count: 1


adaptive stepsize: acceptance rate 0.564516 target 0.500000 new stepsize 0.00785517 old stepsize 0.00706965
basinhopping step 62: f 27867.4 trial_f 27867.4 accepted 1  lowest_f 27867.4
 Fit Status: False
 Force threshold: 0.2117
 Lowest RMSE: 0.0775
 Current RMSE: 0.0775
 Accepted count: 37
 Basinhop count: 2


adaptive stepsize: acceptance rate 0.571429 target 0.500000 new stepsize 0.00872796 old stepsize 0.00785517
basinhopping step 63: f 27867.4 trial_f 27867.4 accepted 1  lowest_f 27867.4
found new global minimum on step 63 with function value 27867.4
 Fit Status: False
 Force threshold: 0.2117
 Lowest RMSE: 0.0775
 Current RMSE: 0.0775
 Accepted count: 38
 Basinhop count: 0


adaptive stepsize: acceptance rate 0.578125 target 0.500000 new stepsize 0.00969774 old stepsize 0.00872796
basinhopping step 64: f 27867.4 trial_f 27867.5 accepted 0  lowest_f 27867.4
 Fit Status: False
 Force threshold: 0.2117
 Lowest RMSE: 0.0775
 Current RMSE: 0.0775
 Accepted count: 38
 Basinhop count: 1


adaptive stepsize: acceptance rate 0.569231 target 0.500000 new stepsize 0.0107753 old stepsize 0.00969774
basinhopping step 65: f 27867.4 trial_f 27867.4 accepted 1  lowest_f 27867.4
 Fit Status: False
 Force threshold: 0.2117
 Lowest RMSE: 0.0775
 Current RMSE: 0.0775
 Accepted count: 39
 Basinhop count: 2


adaptive stepsize: acceptance rate 0.575758 target 0.500000 new stepsize 0.0119725 old stepsize 0.0107753
basinhopping step 66: f 27867.4 trial_f 27867.4 accepted 1  lowest_f 27867.4
found new global minimum on step 66 with function value 27867.4
 Fit Status: False
 Force threshold: 0.2117
 Lowest RMSE: 0.0775
 Current RMSE: 0.0775
 Accepted count: 40
 Basinhop count: 0


adaptive stepsize: acceptance rate 0.582090 target 0.500000 new stepsize 0.0133028 old stepsize 0.0119725
basinhopping step 67: f 27867.4 trial_f 27867.4 accepted 1  lowest_f 27867.4
found new global minimum on step 67 with function value 27867.4
 Fit Status: False
 Force threshold: 0.2117
 Lowest RMSE: 0.0775
 Current RMSE: 0.0775
 Accepted count: 41
 Basinhop count: 0


adaptive stepsize: acceptance rate 0.588235 target 0.500000 new stepsize 0.0147809 old stepsize 0.0133028
basinhopping step 68: f 27867.4 trial_f 27867.4 accepted 1  lowest_f 27867.4
found new global minimum on step 68 with function value 27867.4
 Fit Status: False
 Force threshold: 0.2117
 Lowest RMSE: 0.0775
 Current RMSE: 0.0775
 Accepted count: 42
 Basinhop count: 0


adaptive stepsize: acceptance rate 0.594203 target 0.500000 new stepsize 0.0164232 old stepsize 0.0147809
basinhopping step 69: f 27867.5 trial_f 27867.5 accepted 1  lowest_f 27867.4
 Fit Status: False
 Force threshold: 0.2117
 Lowest RMSE: 0.0775
 Current RMSE: 0.0775
 Accepted count: 43
 Basinhop count: 1


adaptive stepsize: acceptance rate 0.600000 target 0.500000 new stepsize 0.018248 old stepsize 0.0164232
basinhopping step 70: f 27867.5 trial_f 29536.1 accepted 0  lowest_f 27867.4
 Fit Status: False
 Force threshold: 0.2117
 Lowest RMSE: 0.0775
 Current RMSE: 0.0819
 Accepted count: 43
 Basinhop count: 2


adaptive stepsize: acceptance rate 0.591549 target 0.500000 new stepsize 0.0202756 old stepsize 0.018248
basinhopping step 71: f 27867.4 trial_f 27867.4 accepted 1  lowest_f 27867.4
 Fit Status: False
 Force threshold: 0.2117
 Lowest RMSE: 0.0775
 Current RMSE: 0.0775
 Accepted count: 44
 Basinhop count: 3


adaptive stepsize: acceptance rate 0.597222 target 0.500000 new stepsize 0.0225284 old stepsize 0.0202756
basinhopping step 72: f 27867.4 trial_f 27867.4 accepted 1  lowest_f 27867.4
 Fit Status: False
 Force threshold: 0.2117
 Lowest RMSE: 0.0775
 Current RMSE: 0.0775
 Accepted count: 45
 Basinhop count: 4


adaptive stepsize: acceptance rate 0.602740 target 0.500000 new stepsize 0.0250316 old stepsize 0.0225284
basinhopping step 73: f 27867.4 trial_f 27867.4 accepted 1  lowest_f 27867.4
found new global minimum on step 73 with function value 27867.4
 Fit Status: False
 Force threshold: 0.2117
 Lowest RMSE: 0.0775
 Current RMSE: 0.0775
 Accepted count: 46
 Basinhop count: 0


adaptive stepsize: acceptance rate 0.608108 target 0.500000 new stepsize 0.0278128 old stepsize 0.0250316
basinhopping step 74: f 27867.5 trial_f 27867.5 accepted 1  lowest_f 27867.4
 Fit Status: False
 Force threshold: 0.2117
 Lowest RMSE: 0.0775
 Current RMSE: 0.0775
 Accepted count: 47
 Basinhop count: 1


adaptive stepsize: acceptance rate 0.613333 target 0.500000 new stepsize 0.0309032 old stepsize 0.0278128
basinhopping step 75: f 27867.4 trial_f 27867.4 accepted 1  lowest_f 27867.4
 Fit Status: False
 Force threshold: 0.2117
 Lowest RMSE: 0.0775
 Current RMSE: 0.0775
 Accepted count: 48
 Basinhop count: 2


adaptive stepsize: acceptance rate 0.618421 target 0.500000 new stepsize 0.0343368 old stepsize 0.0309032
basinhopping step 76: f 27867.4 trial_f 27867.4 accepted 1  lowest_f 27867.4
 Fit Status: False
 Force threshold: 0.2117
 Lowest RMSE: 0.0775
 Current RMSE: 0.0775
 Accepted count: 49
 Basinhop count: 3


adaptive stepsize: acceptance rate 0.623377 target 0.500000 new stepsize 0.038152 old stepsize 0.0343368
basinhopping step 77: f 27867.5 trial_f 27867.5 accepted 1  lowest_f 27867.4
 Fit Status: False
 Force threshold: 0.2117
 Lowest RMSE: 0.0775
 Current RMSE: 0.0775
 Accepted count: 50
 Basinhop count: 4


adaptive stepsize: acceptance rate 0.628205 target 0.500000 new stepsize 0.0423912 old stepsize 0.038152
basinhopping step 78: f 27867.5 trial_f 33569.5 accepted 0  lowest_f 27867.4
 Fit Status: False
 Force threshold: 0.2117
 Lowest RMSE: 0.0775
 Current RMSE: 0.1134
 Accepted count: 50
 Basinhop count: 5


adaptive stepsize: acceptance rate 0.620253 target 0.500000 new stepsize 0.0471013 old stepsize 0.0423912
basinhopping step 79: f 27867.5 trial_f 27867.5 accepted 1  lowest_f 27867.4
 Fit Status: False
 Force threshold: 0.2117
 Lowest RMSE: 0.0775
 Current RMSE: 0.0775
 Accepted count: 51
 Basinhop count: 6


adaptive stepsize: acceptance rate 0.625000 target 0.500000 new stepsize 0.0523348 old stepsize 0.0471013
basinhopping step 80: f 27867.5 trial_f 35860.6 accepted 0  lowest_f 27867.4
 Fit Status: False
 Force threshold: 0.2117
 Lowest RMSE: 0.0775
 Current RMSE: 0.1079
 Accepted count: 51
 Basinhop count: 7


adaptive stepsize: acceptance rate 0.617284 target 0.500000 new stepsize 0.0581497 old stepsize 0.0523348
basinhopping step 81: f 27867.4 trial_f 27867.4 accepted 1  lowest_f 27867.4
 Fit Status: False
 Force threshold: 0.2117
 Lowest RMSE: 0.0775
 Current RMSE: 0.0775
 Accepted count: 52
 Basinhop count: 8


adaptive stepsize: acceptance rate 0.621951 target 0.500000 new stepsize 0.0646108 old stepsize 0.0581497
basinhopping step 82: f 27867.4 trial_f 30382.1 accepted 0  lowest_f 27867.4
 Fit Status: False
 Force threshold: 0.2117
 Lowest RMSE: 0.0775
 Current RMSE: 0.0864
 Accepted count: 52
 Basinhop count: 9


adaptive stepsize: acceptance rate 0.614458 target 0.500000 new stepsize 0.0717898 old stepsize 0.0646108
basinhopping step 83: f 27867.4 trial_f 33880.8 accepted 0  lowest_f 27867.4
 Fit Status: False
 Force threshold: 0.2117
 Lowest RMSE: 0.0775
 Current RMSE: 0.0995
 Accepted count: 52
 Basinhop count: 10


adaptive stepsize: acceptance rate 0.607143 target 0.500000 new stepsize 0.0797664 old stepsize 0.0717898
basinhopping step 84: f 27867.4 trial_f 27867.4 accepted 1  lowest_f 27867.4
 Fit Status: False
 Force threshold: 0.2117
 Lowest RMSE: 0.0775
 Current RMSE: 0.0775
 Accepted count: 53
 Basinhop count: 11


adaptive stepsize: acceptance rate 0.611765 target 0.500000 new stepsize 0.0886294 old stepsize 0.0797664
basinhopping step 85: f 27867.4 trial_f 50453 accepted 0  lowest_f 27867.4
 Fit Status: False
 Force threshold: 0.2117
 Lowest RMSE: 0.0775
 Current RMSE: 0.1752
 Accepted count: 53
 Basinhop count: 12


adaptive stepsize: acceptance rate 0.604651 target 0.500000 new stepsize 0.0984771 old stepsize 0.0886294
basinhopping step 86: f 27867.5 trial_f 27867.5 accepted 1  lowest_f 27867.4
 Fit Status: False
 Force threshold: 0.2117
 Lowest RMSE: 0.0775
 Current RMSE: 0.0775
 Accepted count: 54
 Basinhop count: 13


adaptive stepsize: acceptance rate 0.609195 target 0.500000 new stepsize 0.109419 old stepsize 0.0984771
basinhopping step 87: f 27867.5 trial_f 44579.9 accepted 0  lowest_f 27867.4
 Fit Status: False
 Force threshold: 0.2117
 Lowest RMSE: 0.0775
 Current RMSE: 0.1571
 Accepted count: 54
 Basinhop count: 14


adaptive stepsize: acceptance rate 0.602273 target 0.500000 new stepsize 0.121577 old stepsize 0.109419
basinhopping step 88: f 27867.4 trial_f 27867.4 accepted 1  lowest_f 27867.4
 Fit Status: False
 Force threshold: 0.2117
 Lowest RMSE: 0.0775
 Current RMSE: 0.0775
 Accepted count: 55
 Basinhop count: 15


adaptive stepsize: acceptance rate 0.606742 target 0.500000 new stepsize 0.135085 old stepsize 0.121577
basinhopping step 89: f 27867.4 trial_f 46156.4 accepted 0  lowest_f 27867.4
 Fit Status: False
 Force threshold: 0.2117
 Lowest RMSE: 0.0775
 Current RMSE: 0.1562
 Accepted count: 55
 Basinhop count: 16


adaptive stepsize: acceptance rate 0.600000 target 0.500000 new stepsize 0.150095 old stepsize 0.135085
basinhopping step 90: f 27867.4 trial_f 98002.6 accepted 0  lowest_f 27867.4
 Fit Status: False
 Force threshold: 0.2117
 Lowest RMSE: 0.0775
 Current RMSE: 0.2546
 Accepted count: 55
 Basinhop count: 17


adaptive stepsize: acceptance rate 0.593407 target 0.500000 new stepsize 0.166772 old stepsize 0.150095
basinhopping step 91: f 27867.4 trial_f 82772.1 accepted 0  lowest_f 27867.4
 Fit Status: False
 Force threshold: 0.2117
 Lowest RMSE: 0.0775
 Current RMSE: 0.2491
 Accepted count: 55
 Basinhop count: 18


adaptive stepsize: acceptance rate 0.586957 target 0.500000 new stepsize 0.185302 old stepsize 0.166772
basinhopping step 92: f 27867.4 trial_f 45129.6 accepted 0  lowest_f 27867.4
 Fit Status: False
 Force threshold: 0.2117
 Lowest RMSE: 0.0775
 Current RMSE: 0.1975
 Accepted count: 55
 Basinhop count: 19


adaptive stepsize: acceptance rate 0.580645 target 0.500000 new stepsize 0.205891 old stepsize 0.185302
basinhopping step 93: f 27867.4 trial_f 27867.4 accepted 1  lowest_f 27867.4
 Fit Status: False
 Force threshold: 0.2117
 Lowest RMSE: 0.0775
 Current RMSE: 0.0775
 Accepted count: 56
 Basinhop count: 20


adaptive stepsize: acceptance rate 0.585106 target 0.500000 new stepsize 0.228768 old stepsize 0.205891
basinhopping step 94: f 27867.4 trial_f 207221 accepted 0  lowest_f 27867.4
 Fit Status: False
 Force threshold: 0.2117
 Lowest RMSE: 0.0775
 Current RMSE: 0.4177
 Accepted count: 56
 Basinhop count: 21


adaptive stepsize: acceptance rate 0.578947 target 0.500000 new stepsize 0.254187 old stepsize 0.228768
basinhopping step 95: f 27867.4 trial_f 27867.4 accepted 1  lowest_f 27867.4
 Fit Status: False
 Force threshold: 0.2117
 Lowest RMSE: 0.0775
 Current RMSE: 0.0775
 Accepted count: 57
 Basinhop count: 22


adaptive stepsize: acceptance rate 0.583333 target 0.500000 new stepsize 0.28243 old stepsize 0.254187
basinhopping step 96: f 27867.4 trial_f 484791 accepted 0  lowest_f 27867.4
 Fit Status: False
 Force threshold: 0.2117
 Lowest RMSE: 0.0775
 Current RMSE: 0.6462
 Accepted count: 57
 Basinhop count: 23


adaptive stepsize: acceptance rate 0.577320 target 0.500000 new stepsize 0.313811 old stepsize 0.28243
basinhopping step 97: f 27867.4 trial_f 294955 accepted 0  lowest_f 27867.4
 Fit Status: False
 Force threshold: 0.2117
 Lowest RMSE: 0.0775
 Current RMSE: 0.5397
 Accepted count: 57
 Basinhop count: 24


adaptive stepsize: acceptance rate 0.571429 target 0.500000 new stepsize 0.348678 old stepsize 0.313811
basinhopping step 98: f 27867.4 trial_f 148818 accepted 0  lowest_f 27867.4
 Fit Status: True
 Force threshold: 0.2117
 Lowest RMSE: 0.0775
 Current RMSE: 0.3800
 Accepted count: 57
 Basinhop count: 25



 Reweighting noise to achieve a reduced chi-squared ~ 1.
	Current reduced chi-squared = 3.11988
	New reduced chi-squared = 1.00000

 Performing Monte Carlo bootstrapping...
	   Completed 1 of 50 iterations.
	   Completed 2 of 50 iterations.
	   Completed 3 of 50 iterations.
	   Completed 4 of 50 iterations.
	   Completed 5 of 50 iterations.
	   Completed 6 of 50 iterations.
	   Completed 7 of 50 iterations.
	   Completed 8 of 50 iterations.
	   Completed 9 of 50 iterations.
	   Completed 10 of 50 iterations.
	   Completed 11 of 50 iterations.
	   Completed 12 of 50 iterations.
	   Completed 13 of 50 iterations.
	   Completed 14 of 50 iterations.
	   Completed 15 of 50 iterations.
	   Completed 16 of 50 iterations.
	   Completed 17 of 50 iterations.
	   Completed 18 of 50 iterations.
	   Completed 19 of 50 iterations.
	   Completed 20 of 50 iterations.
	   Completed 21 of 50 iterations.
	   Completed 22 of 50 iterations.
	   Completed 23 of 50 iterations.
	   Completed 24 of 50 iterations.
	   Completed 25 of 50 iterations.
	   Completed 26 of 50 iterations.
	   Completed 27 of 50 iterations.
	   Completed 28 of 50 iterations.
	   Completed 29 of 50 iterations.
	   Completed 30 of 50 iterations.
	   Completed 31 of 50 iterations.
	   Completed 32 of 50 iterations.
	   Completed 33 of 50 iterations.
	   Completed 34 of 50 iterations.
	   Completed 35 of 50 iterations.
	   Completed 36 of 50 iterations.
	   Completed 37 of 50 iterations.
	   Completed 38 of 50 iterations.
	   Completed 39 of 50 iterations.
	   Completed 40 of 50 iterations.
	   Completed 41 of 50 iterations.
	   Completed 42 of 50 iterations.
	   Completed 43 of 50 iterations.
	   Completed 44 of 50 iterations.
	   Completed 45 of 50 iterations.
	   Completed 46 of 50 iterations.
	   Completed 47 of 50 iterations.
	   Completed 48 of 50 iterations.
	   Completed 49 of 50 iterations.
	   Completed 50 of 50 iterations.

 Maximum Likelihood Best-fit Parameters:
--------------------------------------------------------------------------------------

Parameter                     Best-fit Value                +/- 1-sigma                   Flag                          
--------------------------------------------------------------------------------------
AGN_FRAC_4000                 1.000000                      0.000000                      1.0                           
AGN_FRAC_7000                 1.000000                      0.000000                      1.0                           
APOLY_COEFF_1                 0.028208                      0.042732                      0.0                           
APOLY_COEFF_2                 -0.011098                     0.010795                      0.0                           
APOLY_COEFF_3                 0.004021                      0.001665                      0.0                           
APOLY_COEFF_4                 0.012702                      0.001677                      0.0                           
APOLY_COEFF_5                 -0.023792                     0.001817                      0.0                           
APOLY_COEFF_6                 -0.023329                     0.001872                      0.0                           
APOLY_COEFF_7                 0.005562                      0.001890                      0.0                           
BR_H_ALPHA_AMP                5.822835                      0.215851                      0.0                           
BR_H_ALPHA_DISP               584.194231                    18.662533                     0.0                           
BR_H_ALPHA_DISP_CORR          0.000000                      18.662533                     0.0                           
BR_H_ALPHA_DISP_RES           1643.516387                   nan                           nan                           
BR_H_ALPHA_EW                 66.532494                     2.051154                      0.0                           
BR_H_ALPHA_FLUX               -14.599993                    0.013505                      0.0                           
BR_H_ALPHA_FWHM               1377.885806                   44.052171                     0.0                           
BR_H_ALPHA_FWHM_CORR          0.000000                      44.052171                     0.0                           
BR_H_ALPHA_LUM                42.009795                     0.013505                      0.0                           
BR_H_ALPHA_NPIX               38.000000                     1.187530                      0.0                           
BR_H_ALPHA_SNR                15.993848                     0.595780                      0.0                           
BR_H_ALPHA_VOFF               32.954277                     18.946820                     0.0                           
BR_H_ALPHA_W80                1533.235195                   48.856548                     0.0                           
BR_H_ALPHA_W80_CORR           0.000000                      48.856548                     0.0                           
BR_H_BETA_AMP                 2.112515                      0.158828                      0.0                           
BR_H_BETA_DISP                671.932593                    29.232726                     0.0                           
BR_H_BETA_DISP_CORR           0.000000                      29.232726                     0.0                           
BR_H_BETA_DISP_RES            2227.280896                   nan                           nan                           
BR_H_BETA_EW                  16.560898                     1.025466                      0.0                           
BR_H_BETA_FLUX                -15.111493                    0.027510                      0.0                           
BR_H_BETA_FWHM                1582.904150                   68.746612                     0.0                           
BR_H_BETA_FWHM_CORR           0.000000                      68.746612                     0.0                           
BR_H_BETA_LUM                 41.498296                     0.027510                      0.0                           
BR_H_BETA_NPIX                31.000000                     1.474113                      0.0                           
BR_H_BETA_SNR                 5.812363                      0.436674                      0.0                           
BR_H_BETA_VOFF                79.484667                     43.048628                     0.0                           
BR_H_BETA_W80                 1762.451555                   76.604607                     0.0                           
BR_H_BETA_W80_CORR            0.000000                      76.604607                     0.0                           
BR_OIII_4960_AMP              0.000000                      0.000000                      2.0                           
BR_OIII_4960_DISP             494.726348                    0.000000                      0.0                           
BR_OIII_4960_DISP_CORR        0.000000                      0.000000                      0.0                           
BR_OIII_4960_DISP_RES         2160.247964                   nan                           nan                           
BR_OIII_4960_EW               0.000000                      0.000000                      1.0                           
BR_OIII_4960_FLUX             0.000000                      0.000000                      0.0                           
BR_OIII_4960_FWHM             0.000000                      0.000000                      0.0                           
BR_OIII_4960_FWHM_CORR        0.000000                      0.000000                      0.0                           
BR_OIII_4960_LUM              0.000000                      0.000000                      1.0                           
BR_OIII_4960_NPIX             0.000000                      0.000000                      0.0                           
BR_OIII_4960_SNR              0.000000                      0.000000                      0.0                           
BR_OIII_4960_VOFF             19.282276                     0.043251                      0.0                           
BR_OIII_4960_W80              0.000000                      0.000000                      0.0                           
BR_OIII_4960_W80_CORR         0.000000                      0.000000                      0.0                           
BR_OIII_5007_AMP              4.368598                      0.153657                      0.0                           
BR_OIII_5007_DISP             795.775929                    21.513813                     0.0                           
BR_OIII_5007_DISP_CORR        0.000000                      21.513813                     0.0                           
BR_OIII_5007_DISP_RES         2149.792313                   nan                           nan                           
BR_OIII_5007_EW               43.759074                     1.574825                      0.0                           
BR_OIII_5007_FLUX             -14.707021                    0.015408                      0.0                           
BR_OIII_5007_FWHM             1874.593109                   50.542025                     0.0                           
BR_OIII_5007_FWHM_CORR        0.000000                      50.542025                     0.0                           
BR_OIII_5007_LUM              41.902768                     0.015408                      0.0                           
BR_OIII_5007_NPIX             47.000000                     1.441943                      0.0                           
BR_OIII_5007_SNR              12.018415                     0.421959                      0.0                           
BR_OIII_5007_VOFF             138.492892                    31.530393                     0.0                           
BR_OIII_5007_W80              2087.562049                   56.557120                     0.0                           
BR_OIII_5007_W80_CORR         0.000000                      56.557120                     0.0                           
HOST_FRAC_4000                -0.002693                     0.021420                      1.0                           
HOST_FRAC_7000                0.082886                      0.084687                      1.0                           
LOG_LIKE                      27867.422916                  872.237648                    0.0                           
L_CONT_AGN_3000               43.896423                     0.002109                      0.0                           
L_CONT_AGN_5100               43.960222                     0.001398                      0.0                           
L_CONT_HOST_3000              0.000000                      0.355910                      1.0                           
L_CONT_HOST_5100              42.129466                     0.329836                      0.0                           
L_CONT_TOT_3000               43.896423                     0.002109                      0.0                           
L_CONT_TOT_5100               43.960222                     0.001398                      0.0                           
NA_H_ALPHA_2_AMP              22.924842                     0.962192                      0.0                           
NA_H_ALPHA_2_DISP             0.455812                      0.000000                      0.0                           
NA_H_ALPHA_2_DISP_CORR        0.000000                      0.000000                      0.0                           
NA_H_ALPHA_2_DISP_RES         1643.516387                   nan                           nan                           
NA_H_ALPHA_2_EW               0.000010                      0.219181                      1.0                           
NA_H_ALPHA_2_FLUX             -21.403026                    0.000000                      1.0                           
NA_H_ALPHA_2_FWHM             74.083086                     36.690973                     0.0                           
NA_H_ALPHA_2_FWHM_CORR        0.000000                      36.690973                     0.0                           
NA_H_ALPHA_2_LUM              35.206763                     0.000000                      0.0                           
NA_H_ALPHA_2_NPIX             0.000000                      0.322190                      0.0                           
NA_H_ALPHA_2_SNR              0.000050                      1.046413                      0.0                           
NA_H_ALPHA_2_VOFF             1.874984                      0.909807                      0.0                           
NA_H_ALPHA_2_W80              59.999475                     29.715813                     0.0                           
NA_H_ALPHA_2_W80_CORR         0.000000                      29.715813                     0.0                           
NA_H_ALPHA_AMP                0.000000                      0.000000                      2.0                           
NA_H_ALPHA_COMB_DISP          1.357431                      0.672292                      0.0                           
NA_H_ALPHA_COMB_DISP_CORR     0.000000                      0.672292                      0.0                           
NA_H_ALPHA_COMB_DISP_RES      1643.516387                   nan                           nan                           
NA_H_ALPHA_COMB_EW            0.000010                      0.219181                      1.0                           
NA_H_ALPHA_COMB_FLUX          -21.403026                    0.000000                      1.0                           
NA_H_ALPHA_COMB_FWHM          74.083086                     36.690973                     0.0                           
NA_H_ALPHA_COMB_FWHM_CORR     0.000000                      36.690973                     0.0                           
NA_H_ALPHA_COMB_LUM           35.206763                     0.000000                      1.0                           
NA_H_ALPHA_COMB_NPIX          0.000000                      0.322190                      0.0                           
NA_H_ALPHA_COMB_SNR           0.000000                      0.479862                      0.0                           
NA_H_ALPHA_COMB_VOFF          -1.539182                     0.762307                      0.0                           
NA_H_ALPHA_COMB_W80           59.999475                     29.715813                     0.0                           
NA_H_ALPHA_COMB_W80_CORR      0.000000                      29.715813                     0.0                           
NA_H_ALPHA_DISP               7.302343                      0.000000                      1.0                           
NA_H_ALPHA_DISP_CORR          0.000000                      0.000000                      1.0                           
NA_H_ALPHA_DISP_RES           1643.516387                   nan                           nan                           
NA_H_ALPHA_EW                 0.000000                      0.000000                      1.0                           
NA_H_ALPHA_FLUX               0.000000                      0.000000                      0.0                           
NA_H_ALPHA_FWHM               0.000000                      0.000000                      0.0                           
NA_H_ALPHA_FWHM_CORR          0.000000                      0.000000                      0.0                           
NA_H_ALPHA_LUM                0.000000                      0.000000                      1.0                           
NA_H_ALPHA_NPIX               0.000000                      0.000000                      0.0                           
NA_H_ALPHA_SNR                0.000000                      0.000000                      0.0                           
NA_H_ALPHA_VOFF               6.089951                      0.221432                      0.0                           
NA_H_ALPHA_W80                0.000000                      0.000000                      0.0                           
NA_H_ALPHA_W80_CORR           0.000000                      0.000000                      0.0                           
NA_H_BETA_2_AMP               53.007612                     0.000000                      0.0                           
NA_H_BETA_2_DISP              0.485483                      0.000000                      0.0                           
NA_H_BETA_2_DISP_CORR         0.000000                      0.000000                      0.0                           
NA_H_BETA_2_DISP_RES          2227.280896                   nan                           nan                           
NA_H_BETA_2_EW                0.000000                      0.000000                      1.0                           
NA_H_BETA_2_FLUX              0.000000                      0.000000                      0.0                           
NA_H_BETA_2_FWHM              0.000000                      0.000000                      0.0                           
NA_H_BETA_2_FWHM_CORR         0.000000                      0.000000                      0.0                           
NA_H_BETA_2_LUM               0.000000                      0.000000                      1.0                           
NA_H_BETA_2_NPIX              0.000000                      0.000000                      0.0                           
NA_H_BETA_2_SNR               0.000000                      0.000000                      0.0                           
NA_H_BETA_2_VOFF              -10.238244                    0.287209                      0.0                           
NA_H_BETA_2_W80               0.000000                      0.000000                      0.0                           
NA_H_BETA_2_W80_CORR          0.000000                      0.000000                      0.0                           
NA_H_BETA_AMP                 2.451914                      0.000000                      0.0                           
NA_H_BETA_COMB_DISP           0.000000                      0.000000                      0.0                           
NA_H_BETA_COMB_DISP_CORR      0.000000                      0.000000                      0.0                           
NA_H_BETA_COMB_DISP_RES       2227.280896                   nan                           nan                           
NA_H_BETA_COMB_EW             0.000000                      0.000000                      1.0                           
NA_H_BETA_COMB_FLUX           0.000000                      0.000000                      1.0                           
NA_H_BETA_COMB_FWHM           0.000000                      0.000000                      0.0                           
NA_H_BETA_COMB_FWHM_CORR      0.000000                      0.000000                      0.0                           
NA_H_BETA_COMB_LUM            0.000000                      0.000000                      1.0                           
NA_H_BETA_COMB_NPIX           0.000000                      0.000000                      0.0                           
NA_H_BETA_COMB_SNR            0.000000                      0.000000                      0.0                           
NA_H_BETA_COMB_VOFF           0.000000                      0.000000                      0.0                           
NA_H_BETA_COMB_W80            0.000000                      0.000000                      0.0                           
NA_H_BETA_COMB_W80_CORR       0.000000                      0.000000                      0.0                           
NA_H_BETA_DISP                0.016764                      0.000000                      1.0                           
NA_H_BETA_DISP_CORR           0.000000                      0.000000                      1.0                           
NA_H_BETA_DISP_RES            2227.280896                   nan                           nan                           
NA_H_BETA_EW                  0.000000                      0.000000                      1.0                           
NA_H_BETA_FLUX                0.000000                      0.000000                      0.0                           
NA_H_BETA_FWHM                0.000000                      0.000000                      0.0                           
NA_H_BETA_FWHM_CORR           0.000000                      0.000000                      0.0                           
NA_H_BETA_LUM                 0.000000                      0.000000                      1.0                           
NA_H_BETA_NPIX                0.000000                      0.000000                      0.0                           
NA_H_BETA_SNR                 0.000000                      0.000000                      0.0                           
NA_H_BETA_VOFF                20.057095                     0.483482                      0.0                           
NA_H_BETA_W80                 0.000000                      0.000000                      0.0                           
NA_H_BETA_W80_CORR            0.000000                      0.000000                      0.0                           
NA_OIII_4960_2_AMP            10.160524                     0.000000                      1.0                           
NA_OIII_4960_2_DISP           0.485483                      0.000000                      0.0                           
NA_OIII_4960_2_DISP_CORR      0.000000                      0.000000                      0.0                           
NA_OIII_4960_2_DISP_RES       2160.247964                   nan                           nan                           
NA_OIII_4960_2_EW             0.000000                      0.000000                      1.0                           
NA_OIII_4960_2_FLUX           0.000000                      0.000000                      0.0                           
NA_OIII_4960_2_FWHM           0.000000                      0.000000                      0.0                           
NA_OIII_4960_2_FWHM_CORR      0.000000                      0.000000                      0.0                           
NA_OIII_4960_2_LUM            0.000000                      0.000000                      1.0                           
NA_OIII_4960_2_NPIX           0.000000                      0.000000                      0.0                           
NA_OIII_4960_2_SNR            0.000000                      0.000000                      0.0                           
NA_OIII_4960_2_VOFF           -10.238244                    0.287209                      0.0                           
NA_OIII_4960_2_W80            0.000000                      0.000000                      0.0                           
NA_OIII_4960_2_W80_CORR       0.000000                      0.000000                      0.0                           
NA_OIII_4960_AMP              0.744153                      0.000000                      1.0                           
NA_OIII_4960_COMB_DISP        0.000000                      0.000000                      0.0                           
NA_OIII_4960_COMB_DISP_CORR   0.000000                      0.000000                      0.0                           
NA_OIII_4960_COMB_DISP_RES    2160.247964                   nan                           nan                           
NA_OIII_4960_COMB_EW          0.000000                      0.000000                      1.0                           
NA_OIII_4960_COMB_FLUX        0.000000                      0.000000                      1.0                           
NA_OIII_4960_COMB_FWHM        0.000000                      0.000000                      0.0                           
NA_OIII_4960_COMB_FWHM_CORR   0.000000                      0.000000                      0.0                           
NA_OIII_4960_COMB_LUM         0.000000                      0.000000                      1.0                           
NA_OIII_4960_COMB_NPIX        0.000000                      0.000000                      0.0                           
NA_OIII_4960_COMB_SNR         0.000000                      0.000000                      0.0                           
NA_OIII_4960_COMB_VOFF        0.000000                      0.000000                      0.0                           
NA_OIII_4960_COMB_W80         0.000000                      0.000000                      0.0                           
NA_OIII_4960_COMB_W80_CORR    0.000000                      0.000000                      0.0                           
NA_OIII_4960_DISP             0.016764                      0.000000                      1.0                           
NA_OIII_4960_DISP_CORR        0.000000                      0.000000                      1.0                           
NA_OIII_4960_DISP_RES         2160.247964                   nan                           nan                           
NA_OIII_4960_EW               0.000000                      0.000000                      1.0                           
NA_OIII_4960_FLUX             0.000000                      0.000000                      0.0                           
NA_OIII_4960_FWHM             0.000000                      0.000000                      0.0                           
NA_OIII_4960_FWHM_CORR        0.000000                      0.000000                      0.0                           
NA_OIII_4960_LUM              0.000000                      0.000000                      1.0                           
NA_OIII_4960_NPIX             0.000000                      0.000000                      0.0                           
NA_OIII_4960_SNR              0.000000                      0.000000                      0.0                           
NA_OIII_4960_VOFF             -5.834686                     0.236216                      0.0                           
NA_OIII_4960_W80              0.000000                      0.000000                      0.0                           
NA_OIII_4960_W80_CORR         0.000000                      0.000000                      0.0                           
NA_OIII_5007_2_AMP            101.804909                    0.000000                      0.0                           
NA_OIII_5007_2_DISP           0.485483                      0.000000                      0.0                           
NA_OIII_5007_2_DISP_CORR      0.000000                      0.000000                      0.0                           
NA_OIII_5007_2_DISP_RES       2149.792313                   nan                           nan                           
NA_OIII_5007_2_EW             0.000000                      0.000000                      1.0                           
NA_OIII_5007_2_FLUX           0.000000                      0.000000                      0.0                           
NA_OIII_5007_2_FWHM           0.000000                      0.000000                      0.0                           
NA_OIII_5007_2_FWHM_CORR      0.000000                      0.000000                      0.0                           
NA_OIII_5007_2_LUM            0.000000                      0.000000                      1.0                           
NA_OIII_5007_2_NPIX           0.000000                      0.000000                      0.0                           
NA_OIII_5007_2_SNR            0.000000                      0.000000                      0.0                           
NA_OIII_5007_2_VOFF           -10.238244                    0.287209                      0.0                           
NA_OIII_5007_2_W80            0.000000                      0.000000                      0.0                           
NA_OIII_5007_2_W80_CORR       0.000000                      0.000000                      0.0                           
NA_OIII_5007_AMP              0.728711                      0.000000                      0.0                           
NA_OIII_5007_COMB_DISP        0.000000                      0.000000                      0.0                           
NA_OIII_5007_COMB_DISP_CORR   0.000000                      0.000000                      0.0                           
NA_OIII_5007_COMB_DISP_RES    2149.792313                   nan                           nan                           
NA_OIII_5007_COMB_EW          0.000000                      0.000000                      1.0                           
NA_OIII_5007_COMB_FLUX        0.000000                      0.000000                      1.0                           
NA_OIII_5007_COMB_FWHM        0.000000                      0.000000                      0.0                           
NA_OIII_5007_COMB_FWHM_CORR   0.000000                      0.000000                      0.0                           
NA_OIII_5007_COMB_LUM         0.000000                      0.000000                      1.0                           
NA_OIII_5007_COMB_NPIX        0.000000                      0.000000                      0.0                           
NA_OIII_5007_COMB_SNR         0.000000                      0.000000                      0.0                           
NA_OIII_5007_COMB_VOFF        0.000000                      0.000000                      0.0                           
NA_OIII_5007_COMB_W80         0.000000                      0.000000                      0.0                           
NA_OIII_5007_COMB_W80_CORR    0.000000                      0.000000                      0.0                           
NA_OIII_5007_DISP             0.016764                      0.000000                      1.0                           
NA_OIII_5007_DISP_CORR        0.000000                      0.000000                      1.0                           
NA_OIII_5007_DISP_RES         2149.792313                   nan                           nan                           
NA_OIII_5007_EW               0.000000                      0.000000                      1.0                           
NA_OIII_5007_FLUX             0.000000                      0.000000                      0.0                           
NA_OIII_5007_FWHM             0.000000                      0.000000                      0.0                           
NA_OIII_5007_FWHM_CORR        0.000000                      0.000000                      0.0                           
NA_OIII_5007_LUM              0.000000                      0.000000                      1.0                           
NA_OIII_5007_NPIX             0.000000                      0.000000                      0.0                           
NA_OIII_5007_SNR              0.000000                      0.000000                      0.0                           
NA_OIII_5007_VOFF             -5.834686                     0.236216                      0.0                           
NA_OIII_5007_W80              0.000000                      0.000000                      0.0                           
NA_OIII_5007_W80_CORR         0.000000                      0.000000                      0.0                           
POWER_AMP                     4.264470                      0.134454                      0.0                           
POWER_SLOPE                   -0.838775                     0.199522                      0.0                           
RCHI_SQUARED                  1.000000                      0.001545                      0.0                           
R_SQUARED                     0.994164                      0.000030                      0.0                           
NOISE_STD                     0.357093                                                                                  
RESID_STD                     0.377943                                                                                  
--------------------------------------------------------------------------------------

 Reweighting noise to achieve a reduced chi-squared ~ 1.
	Current reduced chi-squared = 3.11988
	New reduced chi-squared = 1.00000

 Initializing parameters for MCMC.
----------------------------------------------------------------------------------------------------
	- Fitting additive legendre polynomial component.
	- Fitting Simple AGN power-law continuum.

 Warning! Peak finding algorithm used for initial guesses of amplitude and velocity failed! Defaulting to user-defined locations...

 Warning! Peak finding algorithm used for initial guesses of amplitude and velocity failed! Defaulting to user-defined locations...

----------------------------------------------------------------------------------------------------------------------------------------

----------------------------------------------------------------------------------------------------------------------------------------

 Line List:

----------------------------------------------------------------------------------------------------------------------------------------
BR_H_ALPHA                                                                                
                              amp                           free                          
                              center                        6551                          
                              center_pix                    3205.02770190565              
                              disp                          free                          
                              disp_res_ang                  35.913764891247396            
                              disp_res_kms                  1643.5163872357136            
                              line_profile                  gaussian                      
                              line_type                     br                            
                              ncomp                         1                             
                              voff                          free                          
BR_H_BETA                                                                                 
                              amp                           free                          
                              center                        4834                          
                              center_pix                    1975.0580474316384            
                              disp                          free                          
                              disp_res_ang                  35.913764891247396            
                              disp_res_kms                  2227.2808963138514            
                              line_profile                  gaussian                      
                              line_type                     br                            
                              ncomp                         1                             
                              voff                          free                          
BR_OIII_4960                                                                              
                              amp                           free                          
                              center                        4984                          
                              center_pix                    2098.7192872432884            
                              disp                          free                          
                              disp_res_ang                  35.913764891247396            
                              disp_res_kms                  2160.2479640411634            
                              line_profile                  gaussian                      
                              line_type                     br                            
                              ncomp                         1                             
                              voff                          free                          
BR_OIII_5007                                                                              
                              amp                           free                          
                              center                        5008.24                       
                              center_pix                    2118.3529882506477            
                              disp                          free                          
                              disp_res_ang                  35.913764891247396            
                              disp_res_kms                  2149.7923128246966            
                              line_profile                  gaussian                      
                              line_type                     br                            
                              ncomp                         1                             
                              voff                          free                          
NA_H_ALPHA                                                                                
                              amp                           free                          
                              center                        6551                          
                              center_pix                    3205.02770190565              
                              disp                          free                          
                              disp_res_ang                  35.913764891247396            
                              disp_res_kms                  1643.5163872357136            
                              label                         [H$\alpha$]                   
                              line_profile                  gaussian                      
                              line_type                     na                            
                              ncomp                         1                             
                              voff                          free                          
NA_H_ALPHA_2                                                                              
                              amp                           free                          
                              center                        6551                          
                              center_pix                    3205.02770190565              
                              disp                          free                          
                              disp_res_ang                  35.913764891247396            
                              disp_res_kms                  1643.5163872357136            
                              line_profile                  gaussian                      
                              line_type                     na                            
                              ncomp                         2                             
                              parent                        NA_H_ALPHA                    
                              voff                          free                          
NA_H_BETA                                                                                 
                              amp                           free                          
                              center                        4834                          
                              center_pix                    1975.0580474316384            
                              disp                          NA_OIII_5007_DISP             
                              disp_res_ang                  35.913764891247396            
                              disp_res_kms                  2227.2808963138514            
                              label                         H$\beta$                      
                              line_profile                  gaussian                      
                              line_type                     na                            
                              ncomp                         1                             
                              voff                          free                          
NA_H_BETA_2                                                                               
                              amp                           free                          
                              center                        4834                          
                              center_pix                    1975.0580474316384            
                              disp                          NA_OIII_5007_2_DISP           
                              disp_res_ang                  35.913764891247396            
                              disp_res_kms                  2227.2808963138514            
                              line_profile                  gaussian                      
                              line_type                     na                            
                              ncomp                         2                             
                              parent                        NA_H_BETA                     
                              voff                          NA_OIII_5007_2_VOFF           
NA_OIII_4960                                                                              
                              amp                           free                          
                              center                        4984                          
                              center_pix                    2098.7192872432884            
                              disp                          NA_OIII_5007_DISP             
                              disp_res_ang                  35.913764891247396            
                              disp_res_kms                  2160.2479640411634            
                              label                         [OIIIa]                       
                              line_profile                  gaussian                      
                              line_type                     na                            
                              ncomp                         1                             
                              voff                          NA_OIII_5007_VOFF             
NA_OIII_4960_2                                                                            
                              amp                           free                          
                              center                        4984                          
                              center_pix                    2098.7192872432884            
                              disp                          NA_OIII_5007_2_DISP           
                              disp_res_ang                  35.913764891247396            
                              disp_res_kms                  2160.2479640411634            
                              line_profile                  gaussian                      
                              line_type                     na                            
                              ncomp                         2                             
                              parent                        NA_OIII_4960                  
                              voff                          NA_OIII_5007_2_VOFF           
NA_OIII_5007                                                                              
                              amp                           free                          
                              center                        5008.24                       
                              center_pix                    2118.3529882506477            
                              disp                          free                          
                              disp_res_ang                  35.913764891247396            
                              disp_res_kms                  2149.7923128246966            
                              label                         [OIIIb]                       
                              line_profile                  gaussian                      
                              line_type                     na                            
                              ncomp                         1                             
                              voff                          free                          
NA_OIII_5007_2                                                                            
                              amp                           free                          
                              center                        5008.24                       
                              center_pix                    2118.3529882506477            
                              disp                          free                          
                              disp_res_ang                  35.913764891247396            
                              disp_res_kms                  2149.7923128246966            
                              line_profile                  gaussian                      
                              line_type                     na                            
                              ncomp                         2                             
                              parent                        NA_OIII_5007                  
                              voff                          free                          

----------------------------------------------------------------------------------------------------------------------------------------

 Number of Free Line Parameters: 29

----------------------------------------------------------------------------------------------------------------------------------------

 All Free Parameters:

----------------------------------------------------------------------------------------------------------------------------------------
APOLY_COEFF_1                                                                             
                              init                          0.0                           
                              plim                          (-100.0, 100.0)               
APOLY_COEFF_2                                                                             
                              init                          0.0                           
                              plim                          (-100.0, 100.0)               
APOLY_COEFF_3                                                                             
                              init                          0.0                           
                              plim                          (-100.0, 100.0)               
APOLY_COEFF_4                                                                             
                              init                          0.0                           
                              plim                          (-100.0, 100.0)               
APOLY_COEFF_5                                                                             
                              init                          0.0                           
                              plim                          (-100.0, 100.0)               
APOLY_COEFF_6                                                                             
                              init                          0.0                           
                              plim                          (-100.0, 100.0)               
APOLY_COEFF_7                                                                             
                              init                          0.0                           
                              plim                          (-100.0, 100.0)               
BR_H_ALPHA_AMP                                                                            
                              init                          0.9450049771587696            
                              plim                          (0, 1000)                     
BR_H_ALPHA_DISP                                                                           
                              init                          500.0                         
                              plim                          (0, 1000)                     
BR_H_ALPHA_VOFF                                                                           
                              init                          0.0                           
                              plim                          (-10000, 10000)               
                              prior                         {'type': 'gaussian'}          
BR_H_BETA_AMP                                                                             
                              init                          0.6617523719532763            
                              plim                          (0, 1000)                     
BR_H_BETA_DISP                                                                            
                              init                          500.0                         
                              plim                          (0, 1000)                     
BR_H_BETA_VOFF                                                                            
                              init                          0.0                           
                              plim                          (-10000, 10000)               
                              prior                         {'type': 'gaussian'}          
BR_OIII_4960_AMP                                                                          
                              init                          0.5077020481228954            
                              plim                          (0, 1000)                     
BR_OIII_4960_DISP                                                                         
                              init                          500.0                         
                              plim                          (0, 1000)                     
BR_OIII_4960_VOFF                                                                         
                              init                          0.0                           
                              plim                          (-10000, 10000)               
                              prior                         {'type': 'gaussian'}          
BR_OIII_5007_AMP                                                                          
                              init                          0.8777015498317587            
                              plim                          (0, 1000)                     
BR_OIII_5007_DISP                                                                         
                              init                          500.0                         
                              plim                          (0, 1000)                     
BR_OIII_5007_VOFF                                                                         
                              init                          0.0                           
                              plim                          (-10000, 10000)               
                              prior                         {'type': 'gaussian'}          
NA_H_ALPHA_2_AMP                                                                          
                              init                          0.4725024885793848            
                              plim                          (0, 1000)                     
NA_H_ALPHA_2_DISP                                                                         
                              init                          10.0                          
                              plim                          (0, 20)                       
NA_H_ALPHA_2_VOFF                                                                         
                              init                          0.0                           
                              plim                          (-1200, 1200)                 
                              prior                         {'type': 'gaussian'}          
NA_H_ALPHA_AMP                                                                            
                              init                          0.4725024885793848            
                              plim                          (0, 1000)                     
NA_H_ALPHA_DISP                                                                           
                              init                          10.0                          
                              plim                          (0, 20)                       
NA_H_ALPHA_VOFF                                                                           
                              init                          0.0                           
                              plim                          (-1200, 1200)                 
                              prior                         {'type': 'gaussian'}          
NA_H_BETA_2_AMP                                                                           
                              init                          0.33087618597663815           
                              plim                          (0, 1000)                     
NA_H_BETA_AMP                                                                             
                              init                          0.33087618597663815           
                              plim                          (0, 1000)                     
NA_H_BETA_VOFF                                                                            
                              init                          0.0                           
                              plim                          (-1200, 1200)                 
                              prior                         {'type': 'gaussian'}          
NA_OIII_4960_2_AMP                                                                        
                              init                          0.2538510240614477            
                              plim                          (0, 1000)                     
NA_OIII_4960_AMP                                                                          
                              init                          0.2538510240614477            
                              plim                          (0, 1000)                     
NA_OIII_5007_2_AMP                                                                        
                              init                          0.43885077491587937           
                              plim                          (0, 1000)                     
NA_OIII_5007_2_DISP                                                                       
                              init                          10.0                          
                              plim                          (0, 20)                       
NA_OIII_5007_2_VOFF                                                                       
                              init                          0.0                           
                              plim                          (-1200, 1200)                 
                              prior                         {'type': 'gaussian'}          
NA_OIII_5007_AMP                                                                          
                              init                          0.43885077491587937           
                              plim                          (0, 1000)                     
NA_OIII_5007_DISP                                                                         
                              init                          10.0                          
                              plim                          (0, 20)                       
NA_OIII_5007_VOFF                                                                         
                              init                          0.0                           
                              plim                          (-1200, 1200)                 
                              prior                         {'type': 'gaussian'}          
POWER_AMP                                                                                 
                              init                          0.2479274084849787            
                              plim                          (0, 1.4999998169955353)       
POWER_SLOPE                                                                               
                              init                          -1.0                          
                              plim                          (-6.0, 6.0)                   

----------------------------------------------------------------------------------------------------------------------------------------

 Total number of free parameters: 38

----------------------------------------------------------------------------------------------------------------------------------------

 Soft Constraints:


----------------------------------------------------------------------------------------------------------------------------------------

----------------------------------------------------------------------------------------------------------------------------------------

 Performing MCMC iterations...
----------------------------------------------------------------------------------------------------
MCMC iteration: 100
MCMC iteration: 200
MCMC iteration: 300
MCMC iteration: 400
MCMC iteration: 500
MCMC iteration: 600
MCMC iteration: 700
MCMC iteration: 800
MCMC iteration: 900
MCMC iteration: 1000

Iteration = 1000             
------------------------------------------------
Parameter                     Current Value       
------------------------------------------------
APOLY_COEFF_1                 0.0312              
APOLY_COEFF_2                 -0.0115             
APOLY_COEFF_3                 0.0045              
APOLY_COEFF_4                 0.0125              
APOLY_COEFF_5                 -0.0240             
APOLY_COEFF_6                 -0.0231             
APOLY_COEFF_7                 0.0058              
BR_H_ALPHA_AMP                0.5838              
BR_H_ALPHA_DISP               584.1856            
BR_H_ALPHA_VOFF               32.9501             
BR_H_BETA_AMP                 0.2130              
BR_H_BETA_DISP                671.9265            
BR_H_BETA_VOFF                79.5404             
BR_OIII_4960_AMP              0.0098              
BR_OIII_4960_DISP             494.6918            
BR_OIII_4960_VOFF             19.1776             
BR_OIII_5007_AMP              0.4353              
BR_OIII_5007_DISP             795.7151            
BR_OIII_5007_VOFF             138.4336            
NA_H_ALPHA_2_AMP              2.2804              
NA_H_ALPHA_2_DISP             0.5257              
NA_H_ALPHA_2_VOFF             1.8226              
NA_H_ALPHA_AMP                0.0410              
NA_H_ALPHA_DISP               7.1873              
NA_H_ALPHA_VOFF               6.0997              
NA_H_BETA_2_AMP               5.3703              
NA_H_BETA_AMP                 0.4132              
NA_H_BETA_VOFF                19.9270             
NA_OIII_4960_2_AMP            1.0681              
NA_OIII_4960_AMP              0.2662              
NA_OIII_5007_2_AMP            10.1933             
NA_OIII_5007_2_DISP           0.5457              
NA_OIII_5007_2_VOFF           -10.3045            
NA_OIII_5007_AMP              0.2194              
NA_OIII_5007_DISP             0.1637              
NA_OIII_5007_VOFF             -5.8851             
POWER_AMP                     0.4279              
POWER_SLOPE                   -0.8536             
------------------------------------------------
MCMC iteration: 1100

Iteration = 1100             
------------------------------------------------
Parameter                     Current Value       
------------------------------------------------
APOLY_COEFF_1                 0.0308              
APOLY_COEFF_2                 -0.0112             
APOLY_COEFF_3                 0.0045              
APOLY_COEFF_4                 0.0126              
APOLY_COEFF_5                 -0.0240             
APOLY_COEFF_6                 -0.0232             
APOLY_COEFF_7                 0.0057              
BR_H_ALPHA_AMP                0.5837              
BR_H_ALPHA_DISP               584.1822            
BR_H_ALPHA_VOFF               32.9356             
BR_H_BETA_AMP                 0.2123              
BR_H_BETA_DISP                671.9684            
BR_H_BETA_VOFF                79.5693             
BR_OIII_4960_AMP              0.0099              
BR_OIII_4960_DISP             494.7278            
BR_OIII_4960_VOFF             19.1623             
BR_OIII_5007_AMP              0.4352              
BR_OIII_5007_DISP             795.7020            
BR_OIII_5007_VOFF             138.4206            
NA_H_ALPHA_2_AMP              2.2424              
NA_H_ALPHA_2_DISP             0.5661              
NA_H_ALPHA_2_VOFF             1.8086              
NA_H_ALPHA_AMP                0.0458              
NA_H_ALPHA_DISP               7.1208              
NA_H_ALPHA_VOFF               6.1236              
NA_H_BETA_2_AMP               5.3534              
NA_H_BETA_AMP                 0.4760              
NA_H_BETA_VOFF                19.8873             
NA_OIII_4960_2_AMP            1.0893              
NA_OIII_4960_AMP              0.3067              
NA_OIII_5007_2_AMP            10.1797             
NA_OIII_5007_2_DISP           0.5918              
NA_OIII_5007_2_VOFF           -10.3430            
NA_OIII_5007_AMP              0.2591              
NA_OIII_5007_DISP             0.1904              
NA_OIII_5007_VOFF             -5.8930             
POWER_AMP                     0.4282              
POWER_SLOPE                   -0.8503             
------------------------------------------------
MCMC iteration: 1200

Iteration = 1200             
------------------------------------------------
Parameter                     Current Value       
------------------------------------------------
APOLY_COEFF_1                 0.0292              
APOLY_COEFF_2                 -0.0107             
APOLY_COEFF_3                 0.0046              
APOLY_COEFF_4                 0.0126              
APOLY_COEFF_5                 -0.0239             
APOLY_COEFF_6                 -0.0233             
APOLY_COEFF_7                 0.0056              
BR_H_ALPHA_AMP                0.5821              
BR_H_ALPHA_DISP               584.1512            
BR_H_ALPHA_VOFF               32.9376             
BR_H_BETA_AMP                 0.2123              
BR_H_BETA_DISP                671.9731            
BR_H_BETA_VOFF                79.6355             
BR_OIII_4960_AMP              0.0101              
BR_OIII_4960_DISP             494.6965            
BR_OIII_4960_VOFF             19.1470             
BR_OIII_5007_AMP              0.4350              
BR_OIII_5007_DISP             795.6330            
BR_OIII_5007_VOFF             138.4078            
NA_H_ALPHA_2_AMP              2.1953              
NA_H_ALPHA_2_DISP             0.5897              
NA_H_ALPHA_2_VOFF             1.8222              
NA_H_ALPHA_AMP                0.0510              
NA_H_ALPHA_DISP               7.0476              
NA_H_ALPHA_VOFF               6.1586              
NA_H_BETA_2_AMP               5.3492              
NA_H_BETA_AMP                 0.5498              
NA_H_BETA_VOFF                19.8246             
NA_OIII_4960_2_AMP            1.1022              
NA_OIII_4960_AMP              0.3730              
NA_OIII_5007_2_AMP            10.1819             
NA_OIII_5007_2_DISP           0.6250              
NA_OIII_5007_2_VOFF           -10.3737            
NA_OIII_5007_AMP              0.3039              
NA_OIII_5007_DISP             0.2155              
NA_OIII_5007_VOFF             -5.8965             
POWER_AMP                     0.4288              
POWER_SLOPE                   -0.8409             
------------------------------------------------
MCMC iteration: 1300

Iteration = 1300             
------------------------------------------------
Parameter                     Current Value       
------------------------------------------------
APOLY_COEFF_1                 0.0291              
APOLY_COEFF_2                 -0.0110             
APOLY_COEFF_3                 0.0046              
APOLY_COEFF_4                 0.0126              
APOLY_COEFF_5                 -0.0238             
APOLY_COEFF_6                 -0.0234             
APOLY_COEFF_7                 0.0056              
BR_H_ALPHA_AMP                0.5822              
BR_H_ALPHA_DISP               584.1350            
BR_H_ALPHA_VOFF               32.8840             
BR_H_BETA_AMP                 0.2124              
BR_H_BETA_DISP                671.9584            
BR_H_BETA_VOFF                79.6761             
BR_OIII_4960_AMP              0.0098              
BR_OIII_4960_DISP             494.6180            
BR_OIII_4960_VOFF             19.1272             
BR_OIII_5007_AMP              0.4357              
BR_OIII_5007_DISP             795.5788            
BR_OIII_5007_VOFF             138.3698            
NA_H_ALPHA_2_AMP              2.1601              
NA_H_ALPHA_2_DISP             0.6119              
NA_H_ALPHA_2_VOFF             1.8570              
NA_H_ALPHA_AMP                0.0554              
NA_H_ALPHA_DISP               6.9917              
NA_H_ALPHA_VOFF               6.1813              
NA_H_BETA_2_AMP               5.3480              
NA_H_BETA_AMP                 0.6270              
NA_H_BETA_VOFF                19.7996             
NA_OIII_4960_2_AMP            1.1499              
NA_OIII_4960_AMP              0.4130              
NA_OIII_5007_2_AMP            10.1748             
NA_OIII_5007_2_DISP           0.6905              
NA_OIII_5007_2_VOFF           -10.4171            
NA_OIII_5007_AMP              0.3567              
NA_OIII_5007_DISP             0.2438              
NA_OIII_5007_VOFF             -5.9181             
POWER_AMP                     0.4287              
POWER_SLOPE                   -0.8432             
------------------------------------------------
MCMC iteration: 1400

Iteration = 1400             
------------------------------------------------
Parameter                     Current Value       
------------------------------------------------
APOLY_COEFF_1                 0.0297              
APOLY_COEFF_2                 -0.0114             
APOLY_COEFF_3                 0.0047              
APOLY_COEFF_4                 0.0125              
APOLY_COEFF_5                 -0.0238             
APOLY_COEFF_6                 -0.0234             
APOLY_COEFF_7                 0.0057              
BR_H_ALPHA_AMP                0.5824              
BR_H_ALPHA_DISP               584.0819            
BR_H_ALPHA_VOFF               32.8496             
BR_H_BETA_AMP                 0.2124              
BR_H_BETA_DISP                671.9849            
BR_H_BETA_VOFF                79.7669             
BR_OIII_4960_AMP              0.0098              
BR_OIII_4960_DISP             494.6317            
BR_OIII_4960_VOFF             19.1332             
BR_OIII_5007_AMP              0.4357              
BR_OIII_5007_DISP             795.6032            
BR_OIII_5007_VOFF             138.3768            
NA_H_ALPHA_2_AMP              2.1211              
NA_H_ALPHA_2_DISP             0.6514              
NA_H_ALPHA_2_VOFF             1.9216              
NA_H_ALPHA_AMP                0.0605              
NA_H_ALPHA_DISP               6.9133              
NA_H_ALPHA_VOFF               6.1941              
NA_H_BETA_2_AMP               5.3434              
NA_H_BETA_AMP                 0.7014              
NA_H_BETA_VOFF                19.7916             
NA_OIII_4960_2_AMP            1.2097              
NA_OIII_4960_AMP              0.4695              
NA_OIII_5007_2_AMP            10.1562             
NA_OIII_5007_2_DISP           0.7338              
NA_OIII_5007_2_VOFF           -10.4258            
NA_OIII_5007_AMP              0.4183              
NA_OIII_5007_DISP             0.2727              
NA_OIII_5007_VOFF             -5.9111             
POWER_AMP                     0.4286              
POWER_SLOPE                   -0.8445             
------------------------------------------------
MCMC iteration: 1500

Iteration = 1500             
------------------------------------------------
Parameter                     Current Value       
------------------------------------------------
APOLY_COEFF_1                 0.0302              
APOLY_COEFF_2                 -0.0114             
APOLY_COEFF_3                 0.0047              
APOLY_COEFF_4                 0.0125              
APOLY_COEFF_5                 -0.0238             
APOLY_COEFF_6                 -0.0234             
APOLY_COEFF_7                 0.0057              
BR_H_ALPHA_AMP                0.5829              
BR_H_ALPHA_DISP               584.0237            
BR_H_ALPHA_VOFF               32.8212             
BR_H_BETA_AMP                 0.2128              
BR_H_BETA_DISP                672.0612            
BR_H_BETA_VOFF                79.8306             
BR_OIII_4960_AMP              0.0099              
BR_OIII_4960_DISP             494.5679            
BR_OIII_4960_VOFF             19.1159             
BR_OIII_5007_AMP              0.4360              
BR_OIII_5007_DISP             795.5790            
BR_OIII_5007_VOFF             138.3654            
NA_H_ALPHA_2_AMP              2.0893              
NA_H_ALPHA_2_DISP             0.6711              
NA_H_ALPHA_2_VOFF             2.0215              
NA_H_ALPHA_AMP                0.0687              
NA_H_ALPHA_DISP               6.8522              
NA_H_ALPHA_VOFF               6.2831              
NA_H_BETA_2_AMP               5.3551              
NA_H_BETA_AMP                 0.7649              
NA_H_BETA_VOFF                19.7337             
NA_OIII_4960_2_AMP            1.2658              
NA_OIII_4960_AMP              0.5211              
NA_OIII_5007_2_AMP            10.1308             
NA_OIII_5007_2_DISP           0.7454              
NA_OIII_5007_2_VOFF           -10.4966            
NA_OIII_5007_AMP              0.4692              
NA_OIII_5007_DISP             0.3076              
NA_OIII_5007_VOFF             -5.8687             
POWER_AMP                     0.4283              
POWER_SLOPE                   -0.8481             
------------------------------------------------

 emcee Runtime = 5:28:11. 


 > Fitting MCMC chains...

 Generating model parameter distributions...

		  APOLY_COEFF_1
		  APOLY_COEFF_2
		  APOLY_COEFF_3
		  APOLY_COEFF_4
		  APOLY_COEFF_5
		  APOLY_COEFF_6
		  APOLY_COEFF_7
		  POWER_AMP
		  POWER_SLOPE
		  NA_H_BETA_VOFF
		  NA_H_BETA_AMP
		  NA_H_BETA_2_AMP
		  NA_OIII_4960_AMP
		  NA_OIII_4960_2_AMP
		  NA_OIII_5007_VOFF
		  NA_OIII_5007_AMP
		  NA_OIII_5007_DISP
		  NA_OIII_5007_2_VOFF
		  NA_OIII_5007_2_AMP
		  NA_OIII_5007_2_DISP
		  NA_H_ALPHA_VOFF
		  NA_H_ALPHA_AMP
		  NA_H_ALPHA_DISP
		  NA_H_ALPHA_2_VOFF
		  NA_H_ALPHA_2_AMP
		  NA_H_ALPHA_2_DISP
		  BR_H_BETA_VOFF
		  BR_H_BETA_AMP
		  BR_H_BETA_DISP
		  BR_OIII_4960_VOFF
		  BR_OIII_4960_AMP
		  BR_OIII_4960_DISP
		  BR_OIII_5007_VOFF
		  BR_OIII_5007_AMP
		  BR_OIII_5007_DISP
		  BR_H_ALPHA_VOFF
		  BR_H_ALPHA_AMP
		  BR_H_ALPHA_DISP

 Generating model flux distributions...

		  NA_H_BETA_FLUX
		  NA_H_BETA_2_FLUX
		  NA_OIII_4960_FLUX
		  NA_OIII_4960_2_FLUX
		  NA_OIII_5007_FLUX
		  NA_OIII_5007_2_FLUX
		  NA_H_ALPHA_FLUX
		  NA_H_ALPHA_2_FLUX
		  BR_H_BETA_FLUX
		  BR_OIII_4960_FLUX
		  BR_OIII_5007_FLUX
		  BR_H_ALPHA_FLUX
		  NA_H_BETA_COMB_FLUX
		  NA_OIII_4960_COMB_FLUX
		  NA_OIII_5007_COMB_FLUX
		  NA_H_ALPHA_COMB_FLUX

 Generating model luminosity distributions...

		  NA_H_BETA_LUM
		  NA_H_BETA_2_LUM
		  NA_OIII_4960_LUM
		  NA_OIII_4960_2_LUM
		  NA_OIII_5007_LUM
		  NA_OIII_5007_2_LUM
		  NA_H_ALPHA_LUM
		  NA_H_ALPHA_2_LUM
		  BR_H_BETA_LUM
		  BR_OIII_4960_LUM
		  BR_OIII_5007_LUM
		  BR_H_ALPHA_LUM
		  NA_H_BETA_COMB_LUM
		  NA_OIII_4960_COMB_LUM
		  NA_OIII_5007_COMB_LUM
		  NA_H_ALPHA_COMB_LUM
		  L_CONT_TOT_3000
		  L_CONT_AGN_3000
		  L_CONT_HOST_3000
		  L_CONT_TOT_5100
		  L_CONT_AGN_5100
		  L_CONT_HOST_5100
		  HOST_FRAC_4000
		  AGN_FRAC_4000
		  HOST_FRAC_7000
		  AGN_FRAC_7000

 Generating model equivalent width distributions...

		  NA_H_BETA_EW
		  NA_H_BETA_2_EW
		  NA_OIII_4960_EW
		  NA_OIII_4960_2_EW
		  NA_OIII_5007_EW
		  NA_OIII_5007_2_EW
		  NA_H_ALPHA_EW
		  NA_H_ALPHA_2_EW
		  BR_H_BETA_EW
		  BR_OIII_4960_EW
		  BR_OIII_5007_EW
		  BR_H_ALPHA_EW
		  NA_H_BETA_COMB_EW
		  NA_OIII_4960_COMB_EW
		  NA_OIII_5007_COMB_EW
		  NA_H_ALPHA_COMB_EW

 Generating model integrated velocity moment distributions...

		  NA_H_BETA_FWHM
		  NA_H_BETA_W80
		  NA_H_BETA_2_FWHM
		  NA_H_BETA_2_W80
		  NA_OIII_4960_FWHM
		  NA_OIII_4960_W80
		  NA_OIII_4960_2_FWHM
		  NA_OIII_4960_2_W80
		  NA_OIII_5007_FWHM
		  NA_OIII_5007_W80
		  NA_OIII_5007_2_FWHM
		  NA_OIII_5007_2_W80
		  NA_H_ALPHA_FWHM
		  NA_H_ALPHA_W80
		  NA_H_ALPHA_2_FWHM
		  NA_H_ALPHA_2_W80
		  BR_H_BETA_FWHM
		  BR_H_BETA_W80
		  BR_OIII_4960_FWHM
		  BR_OIII_4960_W80
		  BR_OIII_5007_FWHM
		  BR_OIII_5007_W80
		  BR_H_ALPHA_FWHM
		  BR_H_ALPHA_W80
		  NA_H_BETA_COMB_FWHM
		  NA_H_BETA_COMB_W80
		  NA_H_BETA_COMB_DISP
		  NA_H_BETA_COMB_VOFF
		  NA_OIII_4960_COMB_FWHM
		  NA_OIII_4960_COMB_W80
		  NA_OIII_4960_COMB_DISP
		  NA_OIII_4960_COMB_VOFF
		  NA_OIII_5007_COMB_FWHM
		  NA_OIII_5007_COMB_W80
		  NA_OIII_5007_COMB_DISP
		  NA_OIII_5007_COMB_VOFF
		  NA_H_ALPHA_COMB_FWHM
		  NA_H_ALPHA_COMB_W80
		  NA_H_ALPHA_COMB_DISP
		  NA_H_ALPHA_COMB_VOFF
		  NA_H_BETA_NPIX
		  NA_H_BETA_2_NPIX
		  NA_OIII_4960_NPIX
		  NA_OIII_4960_2_NPIX
		  NA_OIII_5007_NPIX
		  NA_OIII_5007_2_NPIX
		  NA_H_ALPHA_NPIX
		  NA_H_ALPHA_2_NPIX
		  BR_H_BETA_NPIX
		  BR_OIII_4960_NPIX
		  BR_OIII_5007_NPIX
		  BR_H_ALPHA_NPIX
		  NA_H_BETA_COMB_NPIX
		  NA_OIII_4960_COMB_NPIX
		  NA_OIII_5007_COMB_NPIX
		  NA_H_ALPHA_COMB_NPIX
		  NA_H_BETA_SNR
		  NA_H_BETA_2_SNR
		  NA_OIII_4960_SNR
		  NA_OIII_4960_2_SNR
		  NA_OIII_5007_SNR
		  NA_OIII_5007_2_SNR
		  NA_H_ALPHA_SNR
		  NA_H_ALPHA_2_SNR
		  BR_H_BETA_SNR
		  BR_OIII_4960_SNR
		  BR_OIII_5007_SNR
		  BR_H_ALPHA_SNR
		  NA_H_BETA_COMB_SNR
		  NA_OIII_4960_COMB_SNR
		  NA_OIII_5007_COMB_SNR
		  NA_H_ALPHA_COMB_SNR
		  R_SQUARED
		  RCHI_SQUARED

 > Saving Data...

 Cleaning up...
----------------------------------------------------------------------------------------------------

 Total Runtime = 6:05:09
 - Done fitting my_sdss! 

End process memory: 2.04446106                    
