wave,flux,model,conti,line
3269.7021971780923,45.28859334494064,43.6629640472579,43.6629640472579,2.7627969743167887e-32
3270.4543878716763,45.284098904695384,43.682820705229766,43.682820705229766,3.0309070251990074e-32
3271.208547430261,45.27961694900637,43.70197501927742,43.70197501927742,3.3255755210605163e-32
3271.961084657741,45.2751391548361,43.7203304319862,43.7203304319862,3.6478728803581684e-32
3272.7155916572774,45.27067384522206,43.737960477353724,43.737960477353724,4.0020546374189294e-32
3273.468475578302,52.64337026960994,43.754778506440815,43.754778506440815,4.389399733555645e-32
3274.2233301788547,47.92339235442024,43.770869263611964,43.770869263611964,4.8150141518297744e-32
3274.976560953144,45.91977921612398,43.786145376194845,43.786145376194845,5.280425574459487e-32
3275.7299650071836,56.937966061661434,43.80063982130311,43.80063982130311,5.790484896166576e-32
3276.485341102204,57.176770653359206,43.8143837720683,43.8143837720683,6.350838579431248e-32
3277.239092249134,46.83875907767834,43.82730676709979,43.82730676709979,6.963479799875545e-32
3277.994816345564,42.335304982822436,43.839464957120796,43.839464957120796,7.636451160854991e-32
3278.7489147452898,39.100718761095095,43.85079535213087,43.85079535213087,8.372131916910029e-32
3279.5049870034522,43.990494964142954,43.86134693075663,43.86134693075663,9.180163972841784e-32
3280.259432815953,51.2198770059697,43.87106558197355,43.87106558197355,1.0063386693196155e-31
3281.014052187722,39.35094672174955,43.879974727790035,43.879974727790035,1.1030940274869439e-31
3281.770646781576,33.718283242108214,43.888090403322956,43.888090403322956,1.2093461187915236e-31
3282.525613806132,42.45883550526696,43.89537050959043,43.89537050959043,1.3254648819797616e-31
3283.282556962756,48.33158740513909,43.90184465841999,43.90184465841999,1.452965910109665e-31
3284.037871800262,46.266333851182935,43.90747510367477,43.90747510367477,1.5922903892737353e-31
3284.79516368024,44.69790321267078,43.91228723253702,43.91228723253702,1.7452537920662602e-31
3285.550826490934,49.35110539806851,43.91626065250299,43.91626065250299,1.9123821336033987e-31
3286.3066631408637,45.013650124456035,43.91940638639303,43.91940638639303,2.095392641588183e-31
3287.064478199114,48.92387972212601,43.92172540913722,43.92172540913722,2.2962831404999134e-31
3287.8206630626305,44.845737004589644,43.92320333098181,43.92320333098181,2.5157380152574836e-31
3288.5788272459185,42.311209789285385,43.92384820010688,43.92384820010688,2.7566050818032733e-31
3289.3353604834433,46.80815110730442,43.92365515520909,43.92365515520909,3.0196997713195706e-31
3290.0938739526114,42.599931798336684,43.92261992612648,43.92261992612648,3.308430557098982e-31
3290.85075572464,46.031266303318716,43.920749844868865,43.920749844868865,3.623768749682863e-31
3291.607811616325,44.387903358273206,43.91804198905289,43.91804198905289,3.968931257990708e-31
3292.366849107705,43.450791759544245,43.914482687446764,43.914482687446764,4.3476596684188475e-31
3293.124253774681,42.357111341049404,43.91009082762545,43.91009082762545,4.761215957037376e-31
3293.8836409542737,40.30468358786721,43.904848155884935,43.904848155884935,5.214935739383715e-31
3294.641394557221,42.943818899879716,43.898781213740676,43.898781213740676,5.710321226836596e-31
3295.401131586127,46.30603057849726,43.89186055380295,43.89186055380295,6.25375319364115e-31
3296.1592342857994,43.614414353583925,43.8841182292885,43.8841182292885,6.847019338467355e-31
3296.917511386002,41.99690276298611,43.87553992254972,43.87553992254972,7.496128466118494e-31
3297.6777732824216,42.89255731197136,43.86610993994061,43.86610993994061,8.208067609128149e-31
3298.4363997205246,44.472007652121874,43.855873685735745,43.855873685735745,8.985156165363885e-31
3299.1970118692398,46.49294103143735,43.84477738329505,43.84477738329505,9.837361959539674e-31
3299.955987806183,46.58186436399342,43.83287693711492,43.83287693711492,1.076744332179917e-30
3300.716950368555,46.865983733312085,43.82012252965128,43.82012252965128,1.178731075507692e-30
3301.476275965352,43.09813217648548,43.80658214300658,43.80658214300658,1.2900243701744918e-30
3302.237589102816,44.944976742116076,43.79219301015437,43.79219301015437,1.4120470598220342e-30
3302.9972645205557,50.78052466440249,43.77702624229308,43.77702624229308,1.5451889395234344e-30
3303.7571147006274,43.938729832466386,43.76105238885716,43.76105238885716,1.690786066463539e-30
3304.5189537944652,44.433946401674575,43.74423297785785,43.74423297785785,1.8503914904955452e-30
3305.2791540371545,40.670193940812396,43.72665349211418,43.72665349211418,2.024510019067521e-30
3306.0413441099017,44.33120682688309,43.708237827900035,43.708237827900035,2.2153584700177125e-30
3306.801894576483,44.58264995101127,43.689080212187925,43.689080212187925,2.4235364519614718e-30
3307.564435789836,38.30749167299542,43.66909705862023,43.66909705862023,2.6516900141462746e-30
3308.3253366416557,43.45889007502319,43.6483895503682,43.6483895503682,2.900531176149557e-30
3309.0864125377166,42.16123281521255,43.6269066479085,43.6269066479085,3.172539017316336e-30
3309.8494805558657,42.06537639242629,43.60459993349387,43.60459993349387,3.470594506913373e-30
3310.610907079231,44.54777226240435,43.58158923796204,43.58158923796204,3.795618437845528e-30
3311.374326642454,45.33311743399986,43.55776841046246,43.55776841046246,4.151724893079617e-30
3312.136103954658,43.813018674199164,43.533249405122184,43.533249405122184,4.540006545503471e-30
3312.899875224912,43.90569153514503,43.507916386150946,43.507916386150946,4.9653700079083105e-30
3313.6620034875627,41.17532324767262,43.481908807328715,43.481908807328715,5.429111562779695e-30
3314.424307076819,44.927502524903275,43.45518031613366,43.45518031613366,5.9358178427161455e-30
3315.1886060016586,45.68868175714306,43.427670074352,43.427670074352,6.490817655751659e-30
3315.951260783817,42.9994084672835,43.39951755612992,43.39951755612992,7.095784968423236e-30
3316.715911820809,40.92900295312029,43.37059889316381,43.37059889316381,7.758332839214587e-30
3317.4789179576637,40.06578744275703,43.34106283228926,43.34106283228926,8.480445802673973e-30
3318.2439212690265,42.190796244381325,43.31077745091354,43.31077745091354,9.271195977336309e-30
3319.0072789224464,38.21567192339239,43.2798962215739,43.2798962215739,1.013293543795803e-29
3319.770812185292,40.05824260927125,43.24835769316796,43.24835769316796,1.107412545410348e-29
3320.536344002401,43.636133319917235,43.216094246605245,43.216094246605245,1.210459390124243e-29
3321.3002290246586,42.9025532799983,43.18326972441437,43.18326972441437,1.3227373773488307e-29
3322.0661135219134,43.15700518217955,43.14973792273125,43.14973792273125,1.4456512223928718e-29
3322.8303504656387,42.92726853982845,43.11566916212212,43.11566916212212,1.5795601486202124e-29
3323.596587805518,44.62510160373518,43.080911763960074,43.080911763960074,1.7261367042959346e-29
3324.361176832841,44.31073631617346,43.04564238612048,43.04564238612048,1.8858062305598093e-29
3325.1259417528645,39.92430828996272,43.00979029245639,43.00979029245639,2.0601251053483804e-29
3325.892708451025,38.529088384680115,42.9732794804159,42.9732794804159,2.2509006161231844e-29
3326.6578256978846,45.9233497992077,42.936295571966234,42.936295571966234,2.4586804432330832e-29
3327.4249456450993,38.038012526623795,42.898673524384876,42.898673524384876,2.6860489908809474e-29
3328.1904153811115,39.826924589796825,42.86060423393472,42.86060423393472,2.933654294185897e-29
3328.9578887401226,48.403885470306484,42.82191819285652,42.82191819285652,3.204570973963896e-29
3329.72371112768,48.443786112039334,42.78281217261215,42.78281217261215,3.4995655950934974e-29
3330.4897096916707,41.367069385395105,42.743207375646875,42.743207375646875,3.821492673437881e-29
3331.257713262871,44.171666682732855,42.703020352812295,42.703020352812295,4.173666058245712e-29
3332.024064722037,41.098376766066394,42.662455441039214,42.662455441039214,4.557071356374199e-29
3332.792422112119,41.511673838767365,42.62133224241651,42.62133224241651,4.9764496281851354e-29
3333.559126629039,40.33114668557051,42.579859846219755,42.579859846219755,5.432965939759452e-29
3334.327838001006,40.26982254533527,42.53785336485065,42.53785336485065,5.932255984678921e-29
3335.094895738334,43.36740324691983,42.495527120366354,42.495527120366354,6.475696577695597e-29
3335.862129936286,42.5895571321039,42.45279531840356,42.45279531840356,7.068507924567985e-29
3336.631372375729,36.78177902440689,42.409562705850604,42.409562705850604,7.716748678262798e-29
3337.3989600381124,38.93060835933102,42.36604860484129,42.36604860484129,8.422186466279218e-29
3338.168556867183,40.19360849102827,42.32206441701626,42.32206441701626,9.193493570788064e-29
3338.9364981568383,39.608257587309026,42.27783769812838,42.27783769812838,1.0032757412096099e-28
3339.7064495388026,40.868506955115436,42.23316737367307,42.23316737367307,1.095027819916455e-28
3340.474744618646,43.17008067407824,42.188274480967934,42.188274480967934,1.1948520303838514e-28
3341.2432164437632,44.72888988125055,42.14307871903496,42.14307871903496,1.30370024877307e-28
3342.0136997498703,49.4710736604668,42.09748635004848,42.09748635004848,1.4226769532208235e-28
3342.7825256095925,53.12936907479662,42.051719172575766,42.051719172575766,1.55209806364458e-28
3343.5533638769934,49.75673279172134,42.00557093824651,42.00557093824651,1.6935453165135803e-28
3344.322543934425,45.537485458077754,41.959275832093915,41.959275832093915,1.8473914167380978e-28
3345.09373732665,52.693841168956624,41.91262906690534,41.91262906690534,2.0155134646973043e-28
3345.8632717449696,53.07362553119925,41.86587278379623,41.86587278379623,2.198351031752422e-28
3346.632983193671,58.63882871121496,41.81891048173428,41.81891048173428,2.397634774296977e-28
3347.404709368086,57.50650442964843,41.77163910212635,41.77163910212635,2.615372285846865e-28
3348.1747754224866,51.63854243785249,41.72429758846499,41.72429758846499,2.8521262320544095e-28
3348.946857130785,47.33069637011499,41.67667489776696,41.67667489776696,3.1107732006073097e-28
3349.7172779542516,43.61712766380606,41.62901201200353,41.62901201200353,3.3919763294146615e-28
3350.489715360227,45.31327947413957,41.58109312181589,41.58109312181589,3.6991465398108405e-28
3351.2604911162016,43.03334981417265,41.533159980909744,41.533159980909744,4.0330651580029887e-28
3352.0314441881264,43.3701207186607,41.48511446726509,41.48511446726509,4.396869647806843e-28
3352.804415235724,41.689195905417364,41.436857786430075,41.436857786430075,4.794198589434019e-28
3353.5757234853636,39.431401363658324,41.38863704588595,41.38863704588595,5.226050597625547e-28
3354.349050640356,46.32526927965819,41.34023660232167,41.34023660232167,5.697641987415686e-28
3355.12071423134,38.598868731006405,41.29188933993362,41.29188933993362,6.210148503077555e-28
3355.8943976577866,37.41296073407148,41.24337901530998,41.24337901530998,6.769750288682072e-28
3356.6664167538215,38.74488393923343,41.19496090904163,41.19496090904163,7.377831234633685e-28
3357.438613451835,41.17543144716001,41.14653238776295,41.14653238776295,8.040062658627126e-28
3358.2128313807225,43.711723146412396,41.09797963593293,41.09797963593293,8.763020011387907e-28
3358.9853838293884,40.7989055540952,41.04953623810934,41.04953623810934,9.54846935405477e-28
3359.759958440108,36.554922153027746,41.00099997302626,41.00099997302626,1.040584244476112e-27
3360.532866803321,40.39583333295218,40.95261070604614,40.95261070604614,1.1337216481491876e-27
3361.307798260197,41.49444515116056,40.90413538785319,40.90413538785319,1.2353756705956637e-27
3362.081062701927,36.76987708079446,40.855842941338224,40.855842941338224,1.3457905551457332e-27
3362.8563511693574,32.88089827859892,40.80751785855953,40.80751785855953,1.4662877219382646e-27
3363.629971853649,36.45673111822521,40.759386235182696,40.759386235182696,1.5971542753579373e-27
3364.4037705083615,41.493804277273746,40.711359112625985,40.711359112625985,1.739599155624333e-27
3365.1795945870826,39.684596487178396,40.66332735471698,40.66332735471698,1.8950235714270467e-27
3365.953749730469,39.88238098860075,40.61551089932715,40.61551089932715,2.0637931878435152e-27
3366.729931230975,40.96273622407216,40.56770879418799,40.56770879418799,2.2479193205427754e-27
3367.504443027269,41.06501387028288,40.520165999217,40.520165999217,2.4478314858513214e-27
3368.2809821142246,43.38109464359286,40.472658471921875,40.472658471921875,2.665908131953325e-27
3369.0558507277356,38.30966814729936,40.42541983665175,40.42541983665175,2.902653625957025e-27
3369.8308975987534,37.640982830699386,40.37834692646928,40.37834692646928,3.1602387870220472e-27
3370.6079731609943,37.49994896041085,40.33133833056437,40.33133833056437,3.441179032240609e-27
3371.3833770957385,39.200782479333164,40.28462425708833,40.28462425708833,3.7461157380019444e-27
3372.1608106563226,42.18244407625889,40.23799630288314,40.23799630288314,4.0786616289965895e-27
3372.9365718192917,39.014816691148326,40.191692118078734,40.191692118078734,4.4395692901445905e-27
3373.714363543149,33.689075622792195,40.14548344207047,40.14548344207047,4.833107355976035e-27
3374.4904820989177,35.8322910689285,40.09959631992262,40.09959631992262,5.260158636879247e-27
3375.26677919974,38.05235728173989,40.05393994547987,40.05393994547987,5.724609819362575e-27
3376.0451082642726,40.19555192028247,40.00841662913417,40.00841662913417,6.2309634088995785e-27
3376.8217630048016,41.162955213960686,39.96324791021396,39.96324791021396,6.780340257468362e-27
3377.6004506451654,36.19750179252401,39.918222767079136,39.918222767079136,7.37921077747934e-27
3378.377463190165,39.10238336859334,39.873569566372744,39.873569566372744,8.028888776317714e-27
3379.1565095715555,41.47019598142993,39.82907501460684,39.82907501460684,8.73701308147329e-27
3379.9338800858663,40.944067650979385,39.78494587447351,39.78494587447351,9.50512320424042e-27
3380.7114294332423,41.82201493770208,39.741101519965625,39.741101519965625,1.0340157752250496e-26
3381.4910140220936,43.9400906490962,39.697446853085054,39.697446853085054,1.1250152642454455e-26
3382.268921586085,40.89631006185482,39.65418120509131,39.65418120509131,1.2237059380011575e-26
3383.048865329187,37.715748676482924,39.611103400157326,39.611103400157326,1.3312433005254022e-26
3383.8271312748248,38.32266873186064,39.568425650566006,39.568425650566006,1.4478558528232536e-26
3384.607434337639,38.98136224195241,39.52595163368592,39.52595163368592,1.574906629309228e-26
3385.386058830029,40.47444442205665,39.48389565986661,39.48389565986661,1.7126630983765365e-26
3386.1648624439604,41.04605399087791,39.44215883001486,39.44215883001486,1.8623603596609787e-26
3386.945704582419,37.3269671107123,39.4006381686091,39.4006381686091,2.025428470563798e-26
3387.724866990806,43.84352676812319,39.35953409538462,39.35953409538462,2.2022059289070553e-26
3388.506068862868,43.268042825349774,39.31865198200134,39.31865198200134,2.3947502985398643e-26
3389.285590231007,38.795912482092035,39.278187717357746,39.278187717357746,2.60345749522189e-26
3390.0671520024007,40.52246418686218,39.23795620625813,39.23795620625813,2.8307526168496257e-26
3390.8470324956647,43.41347542095241,39.19815163577409,39.19815163577409,3.077098591684726e-26
3391.627092399411,33.831468228951174,39.15867526546556,39.15867526546556,3.344687560306306e-26
3392.409194116033,36.61598411758201,39.11943477717126,39.11943477717126,3.6360570354487326e-26
3393.1896133930077,40.589194139947956,39.08062010018592,39.08062010018592,3.951791919534188e-26
3393.9720754235204,42.66236290255825,39.04204934397848,39.04204934397848,4.2955454463574135e-26
3394.7528542392856,39.09210025577295,39.00390563702003,39.00390563702003,4.668000979367421e-26
3395.5356767496846,35.58391914563458,38.96600408805552,38.96600408805552,5.073460752338721e-26
3396.31681526988,42.353357651140875,38.92852373471416,38.92852373471416,5.512722910503044e-26
3397.0981334899657,37.68665966045115,38.89138078535523,38.89138078535523,5.989666915426676e-26
3397.88149681658,40.9583042066081,38.85448309611391,38.85448309611391,6.508782284011806e-26
3398.6631749895987,39.523683041842105,38.817996090725224,38.817996090725224,7.07107577800761e-26
3399.4468992113266,37.35367573802159,38.78175601875252,38.78175601875252,7.683015007751295e-26
3400.2289375031096,40.15290051465877,38.745936235598386,38.745936235598386,8.345774894318204e-26
3401.013022786214,39.61412116722159,38.710357544060685,38.710357544060685,9.066965723233292e-26
3401.795421362667,38.31850305159629,38.67519263022947,38.67519263022947,9.847958218960717e-26
3402.5779999288848,37.14700223255864,38.64034993767042,38.64034993767042,1.0695597974051132e-25
3403.3626269005968,41.24777112751485,38.60573615209951,38.60573615209951,1.1617805030794863e-25
3404.1455660003885,42.436621318202924,38.571524943968555,38.571524943968555,1.261630545606806e-25
3404.9305544493745,36.717296291443745,38.53755332521302,38.53755332521302,1.3702516260431886e-25
3405.7138542488387,35.10827836060571,38.50397293637601,38.50397293637601,1.4878449521449577e-25
3406.499204341631,39.87046239891333,38.47061680594082,38.47061680594082,1.6157528253497716e-25
3407.2828650069414,38.11616584866625,38.43763748429505,38.43763748429505,1.7542097164285802e-25
3408.066705952358,39.04440092791083,38.404950227621875,38.404950227621875,1.9044200706605454e-25
3408.8525986075565,42.438444063413506,38.37247857470535,38.37247857470535,2.067777018503084e-25
3409.636800668125,41.178398610025624,38.34037027211196,38.34037027211196,2.244575304107282e-25
3410.423055383697,35.63094430745991,38.30846168028317,38.30846168028317,2.4368244971654095e-25
3411.207618725783,39.5479738267602,38.27690796714095,38.27690796714095,2.6448677824188653e-25
3411.99423566853,38.29186100858692,38.245553059866594,38.245553059866594,2.8710658623604292e-25
3412.7791604585755,37.624856945560175,38.21453487356922,38.21453487356922,3.115818189140949e-25
3413.564265819538,38.22435701301447,38.183781463968735,38.183781463968735,3.381237762455989e-25
3414.3514261999,37.19478895231441,38.15321694429027,38.15321694429027,3.6697679698702737e-25
3415.136893258529,36.689821944685264,38.12297470503831,38.12297470503831,3.981910062302631e-25
3415.924416283305,41.63686064567264,38.09289784731935,38.09289784731935,4.32119096128456e-25
3416.710245206237,39.378454360658,38.06312397373951,38.06312397373951,4.688193605938057e-25
3417.4981310424964,38.215422232267656,38.033508618115626,38.033508618115626,5.087057749914126e-25
3418.28432199644,41.15183563587244,38.004181026396196,38.004181026396196,5.518461100308589e-25
3419.0706938125795,42.99575049230612,37.97506137536779,37.97506137536779,5.986099793814425e-25
3419.8591239630746,40.73958726589536,37.94607684130621,37.94607684130621,6.494246793114369e-25
3420.645858060337,44.92162646043448,37.91736377168228,37.91736377168228,7.043750984704798e-25
3421.434651440229,42.14890223516932,37.888779237605135,37.888779237605135,7.640784433966184e-25
3422.221747985517,41.0834660444009,37.860447887991704,37.860447887991704,8.28633317347564e-25
3423.010904762145,43.00814765664927,37.83221805647336,37.83221805647336,8.987635722166334e-25
3423.798363922438,44.50821286520864,37.80421122879366,37.80421122879366,9.745837013298718e-25
3424.5878842632187,47.42622819443909,37.776285745758756,37.776285745758756,1.0569424280883189e-24
3425.375706205574,55.748337666967934,37.7485699630353,37.7485699630353,1.1459726495113334e-24
3426.1637093853315,57.22358773924726,37.72098788044539,37.72098788044539,1.2424296951726784e-24
3426.9537751695516,67.18300514704674,37.693461327547595,37.693461327547595,1.3471864834928106e-24
3427.7421413820007,71.0703006149097,37.666113263605865,37.666113263605865,1.4604090834669281e-24
3428.5325711491532,62.31306690385919,37.63880677134912,37.63880677134912,1.5833595168688781e-24
3429.3213005615426,60.66861364090232,37.61166441528273,37.61166441528273,1.716230373881227e-24
3430.1120944793142,46.97782871111895,37.58454344589327,37.58454344589327,1.860500162860937e-24
3430.90118725897,42.10971321314196,37.55756474107747,37.55756474107747,2.0163921493994605e-24
3431.6904615683825,46.762141356053014,37.530657764707485,37.530657764707485,2.185218823475958e-24
3432.4818018094497,47.0035385739293,37.50374268791758,37.50374268791758,2.368496610855375e-24
3433.2714397371624,41.46899330251245,37.47693704225247,37.47693704225247,2.566503973759444e-24
3434.0631445483036,42.84466655424695,37.45010837274155,37.45010837274155,2.781434857676683e-24
3434.8531462618353,35.82312324313194,37.42337841445417,37.42337841445417,3.0136117802901473e-24
3435.6452158110073,40.92797921950887,37.39660869654444,37.39660869654444,3.2656029083984914e-24
3436.435581477954,40.49350001639277,37.36991172157578,37.36991172157578,3.5377816453577624e-24
3437.226128967484,38.358973821397285,37.34320845774511,37.34320845774511,3.832421996003693e-24
3438.018745721227,41.816459310176704,37.31642655638182,37.31642655638182,4.15215062386619e-24
3438.80965741561,42.1238332462458,37.28969051573311,37.28969051573311,4.497432332633928e-24
3439.602639327516,42.164120909222,37.2628677151759,37.2628677151759,4.872070124790978e-24
3440.3939153945416,40.47779860616561,37.23607200204716,37.23607200204716,5.276601627950622e-24
3441.187262632838,40.58401721062842,37.20915547383461,37.20915547383461,5.7154748386567125e-24
3441.9789032403733,39.19331671470354,37.18223131732656,37.18223131732656,6.1893113780226606e-24
3442.77072596379,36.19782222946742,37.15522493742399,37.15522493742399,6.702039707934687e-24
3443.5646212893544,38.34409639188175,37.12806467500518,37.12806467500518,7.258196354409803e-24
3444.3568088051243,40.06538377543871,37.10087564393928,37.10087564393928,7.858553529313534e-24
3445.1510698778884,40.04657371070858,37.073520308323694,37.073520308323694,8.509684315610796e-24
3445.943622354071,40.154785682650534,37.046117654533006,37.046117654533006,9.212480691058432e-24
3446.7382493425357,39.666747733278505,37.01852594107266,37.01852594107266,9.974624179198592e-24
3447.531166947268,38.89069107152318,36.990869748294955,36.990869748294955,1.0797144686605976e-23
3448.324266961654,40.35697723242447,36.963076614074154,36.963076614074154,1.1686809107200874e-23
3449.119442921506,40.973373065985925,36.93506078692559,36.93506078692559,1.2651429723207662e-23
3449.9129083166927,39.214577913974836,36.90694597763266,36.90694597763266,1.369228325758549e-23
3450.708450613733,38.913350541092996,36.87859479943528,36.87859479943528,1.4820697711373581e-23
3451.502281558051,40.71217534191806,36.85012595123392,36.85012595123392,1.6038145729108433e-23
3452.2981903610503,41.89034291398616,36.82139026204497,36.82139026204497,1.7357854633087608e-23
3453.092387022908,40.10753579881294,36.792515457624,36.792515457624,1.8781522348801247e-23
3453.8867663886635,38.90644658149404,36.763420491023076,36.763420491023076,2.0320771167346283e-23
3454.6832250485986,43.72763679409559,36.734024594511695,36.734024594511695,2.198901538459115e-23
3455.4779703845516,40.676548579936934,36.70445998824069,36.70445998824069,2.3788355244947837e-23
3456.274795972614,38.879300994716466,36.6745775287847,36.6745775287847,2.5738256852758865e-23
3457.069907447366,43.41436182444522,36.64451320592938,36.64451320592938,2.784113917407991e-23
3457.8671001325993,40.230587746601714,36.61411575176879,36.61411575176879,3.0119713304535456e-23
3458.662577914831,39.65244043183111,36.583512278884704,36.583512278884704,3.25767640909005e-23
3459.4582386956813,33.963606852920975,36.55261859425085,36.55261859425085,3.523219503887463e-23
3460.255982124825,39.28980152682039,36.52135338741607,36.52135338741607,3.8108972560519846e-23
3461.05200946622,41.707360934741935,36.4898555543617,36.4898555543617,4.1210533531005743e-23
3461.850120415383,34.618908725235094,36.45796919442109,36.45796919442109,4.4570231829276464e-23
3462.646514486197,38.62038794443993,36.42584322536945,36.42584322536945,4.8192019787760396e-23
3463.444993124696,38.614291319477616,36.39331453853137,36.39331453853137,5.211477915175176e-23
3464.241754093881,37.47079752159789,36.36053006041365,36.36053006041365,5.634305295244422e-23
3465.038698356879,42.244392444305966,36.32740679843497,36.32740679843497,6.091082740019486e-23
3465.8377286276955,43.94070655387055,36.29385576644856,36.29385576644856,6.585730859303779e-23
3466.635040042538,38.894132647525794,36.260031203240345,36.260031203240345,7.118808987777793e-23
3467.4344384262213,38.88012497542809,36.225769075099684,36.225769075099684,7.696015554093813e-23
3468.232117162055,39.81996653045417,36.191228008955,36.191228008955,8.317992739570823e-23
3469.0318838281946,38.62864439763121,36.156226891146616,36.156226891146616,8.991377896434714e-23
3469.8299300542435,39.396748397063675,36.1209133979957,36.1209133979957,9.716907970448963e-23
3470.628159869778,40.02593673924912,36.08520937658278,36.08520937658278,1.0500369397333459e-22
3471.428479058074,37.828700618276116,36.04902402308718,36.04902402308718,1.1348435607960846e-22
3472.227076617706,35.65848523851833,36.01251709640102,36.01251709640102,1.2262011645854813e-22
3473.027764512673,36.44357239595161,35.97551532564829,35.97551532564829,1.3250804963747692e-22
3473.826729985822,39.05688964566639,35.938188972827305,35.938188972827305,1.4315852880554022e-22
3474.627786757322,39.25450768633892,35.900347165618044,35.900347165618044,1.546845297459226e-22
3475.4271203134867,36.98096179612776,35.86216444706064,35.86216444706064,1.670979356910262e-22
3476.226637755284,35.66779871747099,35.82354583881672,35.82354583881672,1.8049697901520108e-22
3477.028247940216,37.623808242836276,35.78439302480019,35.78439302480019,1.9499492052759545e-22
3477.8281337193202,38.037313391474534,35.74489421712721,35.74489421712721,2.1060631518393298e-22
3478.630113205684,36.010237610490556,35.70485414837416,35.70485414837416,2.2749605392185714e-22
3479.4303674917874,36.54074802018022,35.664451391212985,35.664451391212985,2.4568078865537045e-22
3480.2327164497206,39.94421283412294,35.62349252179281,35.62349252179281,2.6535226134836766e-22
3481.033339412594,41.66698587987207,35.58217531182764,35.58217531182764,2.8652951266472503e-22
3481.834146557729,38.87182690704935,35.54040423989098,35.54040423989098,3.093788199774764e-22
3482.6370498218052,39.53906401512586,35.498072933039886,35.498072933039886,3.3409184924405933e-22
3483.4382258984115,37.773889254877766,35.455379675441165,35.455379675441165,3.6069185581002804e-22
3484.2414990596412,38.267665938599976,35.41211945532003,35.41211945532003,3.8945811306470487e-22
3485.0430442376864,38.62909384165573,35.36849457894058,35.36849457894058,4.2041717507850615e-22
3485.8466874664805,37.70437524575118,35.324292684680515,35.324292684680515,4.538935235655619e-22
3486.6486019160093,40.45719492685612,35.27972057576862,35.27972057576862,4.89917461567896e-22
3487.452615382858,40.938312270554206,35.234563018891514,35.234563018891514,5.28865908148547e-22
3488.2548992739935,38.41215386944737,35.18903510702173,35.18903510702173,5.707734240006066e-22
3489.0573677294838,37.93896005744091,35.14303317522584,35.14303317522584,6.159657497134033e-22
3489.8619366524085,37.11251572671381,35.09645250420736,35.09645250420736,6.64818236557248e-22
3490.664774804736,35.26702365467554,35.04950787045085,35.04950787045085,7.173729275754154e-22
3491.469714392182,37.06551137248221,35.00196445513038,35.00196445513038,7.741773484061636e-22
3492.272922411666,35.75036741090253,34.95406795793277,34.95406795793277,8.352793748184265e-22
3493.078232834399,34.864679699313,34.90558584515616,34.90558584515616,9.01314487852726e-22
3493.881810891436,35.54275340220307,34.856729959875274,34.856729959875274,9.723371698148528e-22
3494.685573810549,37.28314631832109,34.80740372343186,34.80740372343186,1.0488951405686842e-21
3495.4914405853656,38.78721490791372,34.75749420531234,34.75749420531234,1.131619373236789e-21
3496.295573797675,38.84871799345501,34.70723058101237,34.70723058101237,1.2205759199607777e-21
3497.1018118349325,38.2097043055112,34.65637399202074,34.65637399202074,1.3166859931932821e-21
3497.9063155110316,36.297369919381026,34.60516996334973,34.60516996334973,1.420024632142899e-21
3498.712924981771,38.0436805151553,34.553378672276644,34.553378672276644,1.531660148987734e-21
3499.517799292332,39.5696553394248,34.50125491239747,34.50125491239747,1.6516777318927307e-21
3500.3228587631706,37.79862532230163,34.44867873099285,34.44867873099285,1.7809956706091025e-21
3501.1300254834464,37.24220945842058,34.39552183436676,34.39552183436676,1.920671557350476e-21
3501.9354558448013,37.696002270035024,34.34204086725665,34.34204086725665,2.0708082839312903e-21
3502.7429944264027,39.35780906616106,34.28798311599076,34.28798311599076,2.2329513046804067e-21
3503.5487958491435,38.12257458753447,34.23361056485867,34.23361056485867,2.407217207585508e-21
3504.356706463386,38.45407284777185,34.17868050192863,34.17868050192863,2.595396741889526e-21
3505.1628791184603,39.60569825328049,34.123457670720285,34.123457670720285,2.7976219096541408e-21
3505.9692372324944,34.08493593194908,34.067805897506126,34.067805897506126,3.0154278067541542e-21
3506.7777059951745,37.59745750613911,34.01160253933118,34.01160253933118,3.2505819351995397e-21
3507.5844355980093,40.66785516727737,33.95512018466337,33.95512018466337,3.5032430633995584e-21
3508.393276821865,37.88271297007532,33.898089630846606,33.898089630846606,3.7759963875861864e-21
3509.2003780846458,36.55272487113007,33.840798619118736,33.840798619118736,4.069021286842255e-21
3510.0095919412697,38.956259960878924,33.782975799309554,33.782975799309554,4.385310799758148e-21
3510.8170650352195,36.7009207151798,33.724890956044185,33.724890956044185,4.725067408837555e-21
3511.624723887293,36.7360356103552,33.66642758538545,33.66642758538545,5.090849851255925e-21
3512.434496792705,36.72292682630655,33.607459846777374,33.607459846777374,5.485603469119141e-21
3513.242527732829,36.37832394353928,33.54827319810962,33.54827319810962,5.909570650344022e-21
3514.052673700234,36.09204474599165,33.488589368988855,33.488589368988855,6.367063325359289e-21
3514.861076899829,37.61848982187939,33.42870220497458,33.42870220497458,6.858354439875006e-21
3515.671596101098,41.00132598740015,33.36833871855697,33.36833871855697,7.388432043067295e-21
3516.4803717316636,36.996937866592134,33.30779365265787,33.30779365265787,7.957603170975961e-21
3517.2893334200003,36.64839402557277,33.246929319614026,33.246929319614026,8.57012038057774e-21
3518.100412571859,40.10587119131469,33.185606466634624,33.185606466634624,9.230877464964541e-21
3518.9097469484623,41.21228169565234,33.12413013669028,33.12413013669028,9.940239964574926e-21
3519.721199764102,38.78934976703022,33.06221218837137,33.06221218837137,1.0705379062210015e-20
3520.530907000669,38.2884818553655,33.0001493557086,33.0001493557086,1.1526704795343902e-20
3521.342733652236,37.200681662858194,32.937662848296206,32.937662848296206,1.2412505931032567e-20
3522.1528139205425,40.513958042546165,32.87506594974493,32.87506594974493,1.3363241855814245e-20
3522.963080546751,39.062345396741875,32.81221977119962,32.81221977119962,1.4385959642835563e-20
3523.7754680521657,34.73069960329827,32.74897762221432,32.74897762221432,1.5488766836918232e-20
3524.586107967824,34.32602311667881,32.68564996905527,32.68564996905527,1.6672206836568852e-20
3525.398869739778,36.88234212489442,32.621949005201785,32.621949005201785,1.794817152359172e-20
3526.209883116861,33.77609714128153,32.5581910834165,32.5581910834165,1.9317267646915467e-20
3527.023019327778,37.713601332810185,32.494085204779715,32.494085204779715,2.079322897944736e-20
3527.8344063383397,37.07065917117052,32.429947468940625,32.429947468940625,2.2376731998013743e-20
3528.6459800074167,34.46570241261566,32.36562671376008,32.36562671376008,2.4079420683290226e-20
3529.459677976896,35.33681232403933,32.300982901881646,32.300982901881646,2.5914687696348118e-20
3530.2716255375776,35.51835441779758,32.23634444380102,32.23634444380102,2.7883326979402457e-20
3531.0856983773256,38.17120193407686,32.171401339563154,32.171401339563154,3.000500158971134e-20
3531.898020001864,34.81420671920694,32.10647583854196,32.10647583854196,3.228059303956897e-20
3532.7124678845835,35.54658616096776,32.04128270872622,32.04128270872622,3.4732791116849146e-20
3533.5251637453084,38.19736124091173,31.976138146559542,31.976138146559542,3.7362572736277336e-20
3534.3380465656487,37.536961508134254,31.910888617530023,31.910888617530023,4.0189121409541015e-20
3535.1530571131043,36.56793522214525,31.845379586679655,31.845379586679655,4.323449574093872e-20
3535.9663144281744,35.6157589255572,25.954505388556793,25.954505388556793,4.64998310473551e-20
3536.7817004506032,37.68199043641857,25.951904402972563,25.951904402972563,5.0017545767268655e-20
3537.595332432933,37.55164334626875,25.949309943668133,25.949309943668133,5.378889140727761e-20
3538.4110941033155,35.00927166812903,25.946709626804616,25.946709626804616,5.785124558176416e-20
3539.2251009255137,34.36292122263672,25.944115835057637,25.944115835057637,6.220598450347005e-20
3540.0392950089117,36.98269298792593,25.941522377012713,25.941522377012713,6.688462108685091e-20
3540.8556202516666,34.49551969442792,25.938923064442957,25.938923064442957,7.192338152352174e-20
3541.6701894338926,36.917436212476105,25.93633027524161,25.93633027524161,7.732384462378273e-20
3542.4868907572995,36.171554723145164,25.933731633541562,25.933731633541562,8.31393038153263e-20
3543.3018352111617,33.90747004580215,25.93113951404141,25.93113951404141,8.937148280670549e-20
3544.118912788482,34.87886215519803,25.928541544070686,25.928541544070686,9.608177662724853e-20
3544.9342326868673,36.34124897303469,25.925950095129256,25.925950095129256,1.0327206078060241e-19
3545.7516866914398,35.38543134754423,25.923352797747377,25.923352797747377,1.1101304674405531e-19
3546.567382207316,36.2835703232206,25.920762020222085,25.920762020222085,1.1930676744993975e-19
3547.3832653728737,34.82051974314402,25.918171578325715,25.918171578325715,1.2821262303080232e-19
3548.201284118975,33.961359632798356,25.915575291036607,25.915575291036607,1.3779887440358136e-19
3549.0175431615203,35.52114679687589,25.912985521841787,25.912985521841787,1.480677970075575e-19
3549.835938768469,34.58284500378568,25.91038990928933,25.91038990928933,1.5911994389437024e-19
3550.6525738611685,33.75667949481454,25.907800813653193,25.907800813653193,1.7095775268271753e-19
3551.4713465025857,35.001522920224716,25.90520587669651,25.90520587669651,1.836969389949168e-19
3552.288357818685,34.2031958909023,25.902617455476094,25.902617455476094,1.973400987550884e-19
3553.1055570871645,35.07367117071726,25.900029371382452,25.900029371382452,2.1198416085505276e-19
3553.9248953810957,37.20297049816827,25.89743544902641,25.89743544902641,2.277404832719351e-19
3554.7424711328904,33.892659200586536,25.894848040633303,25.894848040633303,2.4461188109260664e-19
3555.5621868955855,37.605185446449696,25.89225479601985,25.89225479601985,2.627625635724038e-19
3556.3801393041413,37.07038034941456,25.889668064184008,25.889668064184008,2.8219547023268783e-19
3557.2002327094992,36.039642901947,25.88707549817186,25.88707549817186,3.030994151586757e-19
3558.0185619483423,36.254264908214054,25.884489443749903,25.884489443749903,3.2547743497167577e-19
3558.837079442751,36.617061950937114,25.88190372795186,25.88190372795186,3.494872372304105e-19
3559.6577394130786,36.55642446129491,25.879312181046078,25.879312181046078,3.753099574452089e-19
3560.4766339981093,34.68640647852943,25.876727143946102,25.876727143946102,4.029487020471528e-19
3561.297672046096,35.33682897011432,25.87413627778738,25.87413627778738,4.326708580157165e-19
3562.1169438954735,35.3869711094801,25.87155192024178,25.87155192024178,4.644795069800271e-19
3562.9383601953004,33.32140544161803,25.86896173568841,25.86896173568841,4.986818459677808e-19
3563.75800948283,32.41613778433043,25.866378058553362,25.866378058553362,5.352808537106446e-19
3564.577847329602,35.671598184085724,25.863794721538618,25.863794721538618,5.74532380008683e-19
3565.399831108325,34.34872420143609,25.861205560595053,25.861205560595053,6.167302025282974e-19
3566.220046654004,34.38533516260054,25.85862290527438,25.85862290527438,6.61876948844486e-19
3567.042409120264,32.924962519836754,25.856034428080807,25.856034428080807,7.104067522041962e-19
3567.863002538856,33.586444247488096,25.85345245531006,25.85345245531006,7.623218326870231e-19
3568.685743867115,35.924614362299735,25.8508646627243,25.8508646627243,8.181205463832479e-19
3569.5067153327054,32.89755059585946,25.848283373359195,25.848283373359195,8.778045255606e-19
3570.3278756617033,35.38323406564655,25.845702425609975,25.845702425609975,9.417876277323304e-19
3571.1511853842603,34.96697815311745,25.843115661135066,25.843115661135066,1.0105449328706062e-18
3571.972724021432,34.93646589767469,25.84053539807431,25.84053539807431,1.0840767554012265e-18
3572.796413042388,35.041436046513816,25.837949320350678,25.837949320350678,1.1630859182525947e-18
3573.618330162021,35.4009413279091,25.83536974283375,25.83536974283375,1.2475714849662716e-18
3574.442398656118,38.01946879909338,25.83278435271875,25.83278435271875,1.3383395809147825e-18
3575.2646944325775,34.10828621363067,25.830205461600887,25.830205461600887,1.4353876418413026e-18
3576.0871793771003,34.48920042821271,25.827626913593654,25.827626913593654,1.5393831652903678e-18
3576.911817182374,35.35822749950421,25.82504255608801,25.82504255608801,1.6510921839413807e-18
3577.7346810453205,35.199823449971525,25.82246469576192,25.82246469576192,1.7705088010364027e-18
3578.55969876084,35.07688386318887,25.819881028007128,25.819881028007128,1.8987675277838112e-18
3579.382941716778,34.530697012384515,25.817303856217045,25.817303856217045,2.0358594993898186e-18
3580.2083395175678,33.50906080641358,25.814720879069952,25.814720879069952,2.1830849015519986e-18
3581.031961741146,35.850535167109236,25.812144396670604,25.812144396670604,2.340431158449875e-18
3581.8557734379337,37.227656627367196,25.809568258875746,25.809568258875746,2.5089717191556128e-18
3582.681741468257,36.07899838472417,25.806986318833854,25.806986318833854,2.6899381572398665e-18
3583.505932694703,34.680580352285574,25.80441087171102,25.80441087171102,2.883310600542815e-18
3584.332281248106,35.376392528828774,25.80182962441775,25.80182962441775,3.0909150944673755e-18
3585.1568521790596,35.820439063541016,25.799254868821293,25.799254868821293,3.312725471467784e-18
3585.9835814308494,36.285243253756335,25.796674315132943,25.796674315132943,3.550832702790254e-18
3586.80853224124,39.696082278916265,25.794100251917055,25.794100251917055,3.805202917275167e-18
3587.63367283048,41.333431829374376,25.79152653479858,25.79152653479858,4.077557373185793e-18
3588.460973231642,38.222958742715946,25.78894702270848,25.78894702270848,4.369870336965366e-18
3589.2864939627602,35.81565331698357,25.786373999251055,25.786373999251055,4.6820931383416405e-18
3590.114175500825,36.59228842984454,25.78379518290545,25.78379518290545,5.017156361323458e-18
3590.9400765489527,34.05466504459355,25.78122285396285,25.78122285396285,5.3749988104128275e-18
3591.7681393995094,33.99902345820545,25.778644734217487,25.778644734217487,5.758973462306784e-18
3592.5944209398585,35.70303429669002,25.776073100643348,25.776073100643348,6.169004002287833e-18
3593.4208925651906,35.59600835759056,25.773501814658587,25.773501814658587,6.6078423980268655e-18
3594.2495274864414,34.66913825649454,25.770924741001593,25.770924741001593,7.078644259825684e-18
3595.076379866859,35.66094053457823,25.768354151664923,25.768354151664923,7.581304667345276e-18
3595.905396539825,33.170822966567705,25.76577777674631,25.76577777674631,8.120513228229472e-18
3596.7326298507423,32.96981536887689,25.76320788491094,25.76320788491094,8.696141127247371e-18
3597.5620284512966,35.52631540315792,25.760632209585868,25.760632209585868,9.313549449677144e-18
3598.3896428682083,36.89054031682327,25.758063016104842,25.758063016104842,9.972580810851216e-18
3599.217447676729,35.24480114457401,25.755494171704136,25.755494171704136,1.0677622266874765e-17
3600.047419270786,34.63394221170359,25.752919546954498,25.752919546954498,1.1433702949573673e-17
3600.8756054485893,35.80678095901795,25.750351402186872,25.750351402186872,1.2240612008186228e-17
3601.705959410166,36.006292490719716,25.747777479167425,25.747777479167425,1.310583214532044e-17
3602.5345271329493,33.78463241622877,25.745210034885485,25.745210034885485,1.4029108276907287e-17
3603.3652636382026,31.79944856369741,25.742636814450783,25.742636814450783,1.5018987418808213e-17
3604.1942130817424,33.913144276611774,25.740070071506967,25.740070071506967,1.6075161976986853e-17
3605.0233532240127,34.78465785535378,25.73750367913335,25.73750367913335,1.7204605205617406e-17
3605.8546636470655,33.54671838954255,25.73493151375795,25.73493151375795,1.8415308720095185e-17
3606.6841857738063,30.62832852362499,25.732365824000258,25.732365824000258,1.9706867471204026e-17
3607.5158791811773,30.3338220035173,25.7297943633447,25.7297943633447,2.1091186201516023e-17
3608.345783468368,32.7762797780938,25.72722937705491,25.72722937705491,2.25677798351823e-17
3609.1778600364973,32.14497114210747,25.724658621973116,25.724658621973116,2.415023512976415e-17
3610.0081466602005,32.032510259526255,25.72209434000303,25.72209434000303,2.5837972541141502e-17
3610.8406065656104,33.55548462878017,25.719524291348733,25.719524291348733,2.7646494817905292e-17
3611.671275701967,33.857434025164366,25.716960714549955,25.716960714549955,2.957511105584541e-17
3612.502135932667,33.068584854785065,25.714397490235367,25.714397490235367,3.1636420608696444e-17
3613.3351709464946,33.74953416712834,25.711828502400653,25.711828502400653,3.3844857627955007e-17
3614.166413954109,36.26569243868949,25.70926598453393,25.70926598453393,3.619952623867198e-17
3614.999832746773,34.182375812618034,25.706697705259714,25.706697705259714,3.8721962020606616e-17
3615.8314587076466,33.37020757194773,25.704135894691984,25.704135894691984,4.1411102050235604e-17
3616.665261455953,33.30012759627176,25.701568324831335,25.701568324831335,4.429149845915473e-17
3617.497270546513,34.13524661282407,25.699007222413535,25.699007222413535,4.7361892260920467e-17
3618.3294710396704,34.50967093892234,25.696446473967217,25.696446473967217,5.064217702761497e-17
3619.163849824103,32.13823364325834,25.6938799694022,25.6938799694022,5.4155136954112095e-17
3619.9964337116335,33.72550347713184,25.691319930381344,25.691319930381344,5.789915404999726e-17
3620.8311968939765,32.04239594730643,25.68875413736119,25.68875413736119,6.190826416820711e-17
3621.66416435251,31.947588227244072,25.686194808616236,25.686194808616236,6.618055813322281e-17
3622.499312109855,33.045143019691075,25.68362972799332,25.68362972799332,7.075480712364079e-17
3623.3326633161014,32.8516136711861,25.68107111037452,25.68107111037452,7.562876146105845e-17
3624.166206233697,32.802538961378566,25.67851284821327,25.67851284821327,8.08337402476629e-17
3625.0019309563745,34.123007586193246,25.67594883735839,25.67594883735839,8.640560325537124e-17
3625.8358578867974,34.69442156363346,25.673391287597767,25.673391287597767,9.234148008483698e-17
3626.6719676274583,32.98333198176261,25.670827991269654,25.670827991269654,9.869500668151053e-17
3627.506278747622,34.36857048433388,25.66827115475937,25.66827115475937,1.0546281125627637e-16
3628.3427736836443,37.71252766097382,25.665708573809678,25.665708573809678,1.127059413261872e-16
3629.1774691705464,34.15877792057108,25.663152451399267,25.663152451399267,1.2042044066251806e-16
3630.012356678048,34.982188504132644,25.660596685931218,25.660596685931218,1.2865547219226983e-16
3630.8494295101054,35.54980717647687,25.65803517921819,25.65803517921819,1.37467310541093e-16
3631.684701649886,36.33656310292714,25.655480129123386,25.655480129123386,1.468509381893838e-16
3632.5221601210005,34.104093483494474,25.652919339916465,25.652919339916465,1.568906331665191e-16
3633.3578170702604,30.872247621861106,25.650365006043884,25.650365006043884,1.6758052378798174e-16
3634.1956613580955,34.32190529388004,25.64780493519398,25.64780493519398,1.7901645431395653e-16
3635.0317032941152,33.68823083448683,25.645251318392397,25.645251318392397,1.9119156021584346e-16
3635.867937560484,31.793655729603532,25.642698060016684,25.642698060016684,2.0418278959886153e-16
3636.70636067656,33.5877363990586,25.640139067868148,25.640139067868148,2.1807819640578597e-16
3637.542980195659,32.861821876669076,25.637586527835673,25.637586527835673,2.3286911937268907e-16
3638.381789572867,29.020174107926664,25.63502825616993,25.63502825616993,2.486876004197355e-16
3639.2187945221817,31.83527924009707,25.632476435328908,25.632476435328908,2.6552353686981765e-16
3640.0579903384723,31.762282039780416,25.629918884996098,25.629918884996098,2.8352696739426483e-16
3640.8953808955703,35.69362094128747,25.627367784194508,25.627367784194508,3.0268611810985875e-16
3641.7329640932653,36.03893128224149,25.624817043300954,25.624817043300954,3.231210742946292e-16
3642.5727396715065,34.09167967307633,25.62226057613015,25.62226057613015,3.4496921355448226e-16
3643.410708743383,34.05966719012577,25.61971055654709,25.61971055654709,3.68215746989897e-16
3644.250871205835,34.16382792356888,25.61715481283304,25.61715481283304,3.9306695037017806e-16
3645.0892263296664,33.217943843324186,25.614605515407895,25.614605515407895,4.1950562308909666e-16
3645.9297758545663,31.00557852095153,25.612050495999917,25.612050495999917,4.477659610013754e-16
3646.7685172082056,32.490945245301425,25.609501921579877,25.609501921579877,4.778279737316522e-16
3647.6074515131913,34.49579019314638,25.606953708548634,25.606953708548634,5.098785198882854e-16
3648.4485817352565,33.88161244907633,25.604399776759085,25.604399776759085,5.441313040690966e-16
3649.287902536879,33.5363707731816,25.601852288002775,25.601852288002775,5.805613170622924e-16
3650.1294202672384,32.251597575407345,25.59929908264109,25.59929908264109,6.194898682551231e-16
3650.9691277435563,32.37949977329413,25.596752319006313,25.596752319006313,6.608879446068006e-16
3651.8110331607354,34.5484084361658,25.594199840920975,25.594199840920975,7.051200431399833e-16
3652.6511274898894,34.04730747945132,25.591653803254097,25.591653803254097,7.521525291029402e-16
3653.49141508164,32.174526248238756,25.589108128455326,25.589108128455326,8.022753155884286e-16
3654.3339021327088,36.33354184031782,25.586556742440493,25.586556742440493,8.558198712126428e-16
3655.174576844554,35.646857955143105,25.58401179487819,25.58401179487819,9.127442682887768e-16
3656.0174520290075,35.133796793553756,25.58146113825938,25.58146113825938,9.735475490733431e-16
3656.8585140392943,33.57026010108643,25.578916918779292,25.578916918779292,1.0381811864647976e-15
3657.701777535946,33.556868333763084,25.57636699240415,25.57636699240415,1.1072108300066627e-15
3658.5432270231017,34.91394375822347,25.573823501851766,25.573823501851766,1.1805803496380074e-15
3659.3848700846065,33.27812356590437,25.571280375645316,25.571280375645316,1.2587382364183655e-15
3660.2287161533827,36.399139860304786,25.568731545788253,25.568731545788253,1.342197117292527e-15
3661.0707469594468,34.88133409733292,25.566189149776783,25.566189149776783,1.4308872528367087e-15
3661.9149817877064,34.27126585302415,25.563641052280886,25.563641052280886,1.5255814834703742e-15
3662.757400516964,36.381066384392625,25.56109938730926,25.56109938730926,1.6261992646004737e-15
3663.6020242838085,36.35734572754268,25.558552023021278,25.558552023021278,1.7336158610266562e-15
3664.4448311149754,31.716184896635358,25.55601108993411,25.556011089934106,1.8477383026697627e-15
3665.2878318327457,34.96198016910398,25.553470522669155,25.55347052266915,1.969258374075458e-15
3666.133039111463,34.15514699546555,25.55092425934219,25.550924259342185,2.098966554990384e-15
3666.976428199265,34.14388800649932,25.54838442522761,25.548384425227606,2.2367476839776823e-15
3667.822024864575,34.73072457241074,25.54583889722381,25.545838897223806,2.383795146698025e-15
3668.665802501329,33.07440473875079,25.54329979710358,25.543299797103575,2.5399762010820444e-15
3669.511788732622,31.59115414668304,25.540755005268785,25.54075500526878,2.70664127047503e-15
3670.355955097334,34.50384273191912,25.53821663998659,25.538216639986587,2.883637430674341e-15
3671.2003156614087,33.44723104165075,25.53567864200129,25.535678642001287,3.0720286259891927e-15
3672.046886345838,33.1441226622959,25.533134955565654,25.53313495556565,3.273030231150506e-15
3672.8916359064247,34.27191296918909,25.53059769368293,25.530597693682928,3.4864533546650606e-15
3673.738596605567,34.48678258582152,25.528054745529236,25.528054745529232,3.7141354238629565e-15
3674.583735341875,33.72569282623477,25.525518220592122,25.52551822059212,3.955859111434388e-15
3675.4310862354105,33.41946955009883,25.522976011565262,25.52297601156526,4.21370190643179e-15
3676.276614326734,33.335356933212665,25.5204402244165,25.520440224416497,4.487413891262421e-15
3677.1243555944243,34.99667891240483,25.51789875536111,25.517898755361106,4.779343423787474e-15
3677.9702732201386,35.10214012045595,25.515363706843182,25.51536370684318,5.089203251622018e-15
3678.816385448091,32.402841731938224,25.51282902751583,25.512829027515824,5.4188359478979005e-15
3679.6647123813923,31.47614641462951,25.51028866955871,25.510288669558705,5.77034553056177e-15
3680.511214412847,32.32457812964901,25.507754730124883,25.507754730124876,6.143378384112838e-15
3681.3599321699644,32.676463670221096,25.505215114249083,25.505215114249076,6.541121242209927e-15
3682.206824184504,33.31069369236685,25.502681915550564,25.502681915550557,6.9631681534876174e-15
3683.0559329454895,32.93480451167011,25.500143042599724,25.500143042599717,7.413118357127532e-15
3683.9032151227784,31.142009751507434,25.497610585478007,25.497610585478,7.890506039004114e-15
3684.750692216219,31.045015153344252,25.495078499017726,25.49507849901772,8.398146154831262e-15
3685.6003875875545,34.10642393399201,25.492540741591796,25.492540741591785,8.939252111082125e-15
3686.4482551132896,32.01979265823969,25.490009397969533,25.490009397969523,9.513251890557547e-15
3687.2983419388797,32.48605754153471,25.487472385575927,25.487472385575916,1.012501955343203e-14
3688.1466000767823,33.0908219302022,25.484941785632458,25.484941785632447,1.0773899482394634e-14
3688.99707853697,31.34784263018378,25.482405519113826,25.482405519113815,1.1465392089145205e-14
3689.8457274669945,32.709774547020295,25.479875663689636,25.479875663689626,1.2198746274070916e-14
3690.6945716275904,32.32100338504654,25.477346180395994,25.47734618039598,1.297824997932274e-14
3691.5456376443904,31.97306504500466,25.474811033823617,25.474811033823602,1.3808796613440286e-14
3692.3948728670885,34.105371069749374,25.47228229630894,25.472282296308926,1.4689465992295038e-14
3693.2463309695986,34.53707037834341,25.469747897716346,25.46974789771633,1.562769128431007e-14
3694.095957434561,32.28998134355743,25.467219906820386,25.467219906820368,1.6622419443159627e-14
3694.947807803416,33.179695324533334,25.46468625704918,25.464686257049163,1.7682031889181884e-14
3695.797825690888,33.542338391062806,25.462159013611387,25.46215901361137,1.8805324045528025e-14
3696.648039123858,32.944858740959496,25.459632143771433,25.45963214377141,1.9998808545898666e-14
3697.5004779971136,32.95269488075747,25.457099618362403,25.45709961836238,2.1269915354167828e-14
3698.351083123009,32.9430297534708,25.454573497238727,25.454573497238705,2.261717203200271e-14
3699.2039147144496,32.04614547569623,25.452041722753272,25.452041722753247,2.405188161001656e-14
3700.0549117137234,31.708402856581078,25.449516351184563,25.44951635118454,2.5572361532393282e-14
3700.9081362042734,33.91224330780335,25.446985328463228,25.4469853284632,2.7191346180430042e-14
3701.7595252574615,30.54031240215545,25.44446070728788,25.444460707287853,2.8906913686295874e-14
3702.6111101715824,32.66190875840835,25.441936461175814,25.441936461175782,3.072892672290269e-14
3703.464924115851,34.13711305398147,25.43940656722697,25.43940656722694,3.2668633700952734e-14
3704.316901354738,30.818124989815146,25.436883072764758,25.436883072764722,3.4723690444906766e-14
3705.171108650686,33.09416154899555,25.434353932679517,25.434353932679482,3.691123469470873e-14
3706.023478395083,32.8331531740306,25.43183119070476,25.43183119070472,3.922859155602403e-14
3706.8780792239277,30.83434242836677,25.429302805322575,25.429302805322532,4.16950529622283e-14
3707.730841654662,30.444890858078114,25.426780816672554,25.42678081667251,4.430756785029482e-14
3708.5838002622727,31.14829988709141,25.42425920454935,25.424259204549305,4.708102855206127e-14
3709.438991495685,30.78966644387333,25.421731952344246,25.421731952344196,5.003241455952389e-14
3710.292343060922,29.625462847956104,25.41921109480062,25.419211094800566,5.315801209917787e-14
3711.14792828053,31.157965014378078,25.41668459939528,25.41668459939522,5.648373011845918e-14
3712.0016729844283,29.80273730424074,25.414164497267716,25.414164497267656,6.000533669768947e-14
3712.8576523717416,31.394253967994135,25.411638759500462,25.4116387595004,6.375197328969995e-14
3713.7117903954204,34.150700412685865,25.409119413625127,25.40911941362506,6.771881938357677e-14
3714.566124912429,33.45516081562051,25.954401383845486,25.954401383845415,7.19282962766489e-14
3715.422695656693,31.21542934597676,25.986102739317698,25.98610273931762,7.640595962925779e-14
3716.277423765209,34.00263357571726,26.01906006914299,26.01906006914291,8.11459536665893e-14
3717.134389131208,33.03523444355778,26.053418403230893,26.053418403230808,8.61873339995721e-14
3717.9895110125585,34.036212870475545,26.089001860660126,26.089001860660034,9.152343669556153e-14
3718.8468711820956,33.359847471030555,26.125965760496577,26.12596576049648,9.719815362071363e-14
3719.7023870176913,30.622687584965323,26.164113984839247,26.164113984839144,1.0320390396811301e-13
3720.5580996635804,33.85202821231383,26.20350867532741,26.2035086753273,1.0957434575930363e-13
3721.416052143987,31.150819686691875,26.24421978584866,26.244219785848543,1.1634783012948853e-13
3722.272159016287,33.240126818997624,26.28601985142695,26.286019851426826,1.2351516614304574e-13
3723.130506754995,34.25657153033342,26.32907027834548,26.32907027834535,1.3113505600365172e-13
3723.987008035325,38.14100595405876,26.37312393482828,26.37312393482814,1.3919705378981902e-13
3724.845751214429,48.46651216590909,26.41834435225507,26.41834435225492,1.4776707600433445e-13
3725.702647084493,58.7970912691103,26.464465796611126,26.46446579661097,1.5683325466874996e-13
3726.5597400823253,69.88248664238927,26.511540711850333,26.511540711850166,1.6644596838342367e-13
3727.4190765277576,84.38870036278013,26.559626918239783,26.559626918239605,1.7666260207944897e-13
3728.2765643879275,93.2648786026175,26.608434327001635,26.608434327001447,1.87468794350117e-13
3729.136296729253,94.97830071574526,26.658131174955894,26.658131174955695,1.9895252085557978e-13
3729.9941796336734,89.86698190075641,26.708412987173826,26.708412987173617,2.110974796488379e-13
3730.854308053281,76.86794542446114,26.759449235874175,26.75944923587395,2.2400237623808257e-13
3731.712586183949,66.4318218828339,26.810924202014743,26.810924202014505,2.376487124510391e-13
3732.571061760373,50.08399046435694,26.862883848749377,26.862883848749124,2.521116736214046e-13
3733.4317844033076,39.60258543725877,26.91537673191177,26.915376731911504,2.6747687395749656e-13
3734.290655479023,35.01023297895927,26.968073719721968,26.968073719721684,2.837219702576248e-13
3735.151774656471,31.499423869733054,27.021145674258097,27.021145674257795,3.0097842677455636e-13
3736.0110414136834,29.930316984424735,27.074258729581413,27.074258729581093,3.192209122703942e-13
3736.8725573083284,27.84560208805476,27.127584681993795,27.127584681993458,3.3859680234571984e-13
3737.7322199293285,28.372758313635476,27.18078778778266,27.1807877877823,3.590773880210564e-13
3738.5920803145855,30.22345852638387,27.233913166672547,27.233913166672167,3.8077454854434337e-13
3739.4541913911,31.660439272278612,27.287005532885313,27.28700553288491,4.03815640667175e-13
3740.3144479136286,31.754558260988574,27.339731351986504,27.339731351986075,4.2816605061799426e-13
3741.1769561643073,30.51105484461448,27.392262446343477,27.39226244634302,4.5402165821098054e-13
3742.0376090066084,29.47306595073269,27.444270629741357,27.444270629740878,4.813432675900361e-13
3742.900514614429,30.04700597005149,27.49592759425826,27.495927594257747,5.103502837996029e-13
3743.7615639590863,30.10860893204267,27.546912961176947,27.546912961176407,5.409983373108556e-13
3744.6248671071116,30.016516602961815,27.59739775264562,27.597397752645048,5.735331254150832e-13
3745.486313136794,30.176435445317907,27.64707150138618,27.64707150138557,6.079044388600245e-13
3746.347957341003,29.3968893500944,27.695987583992437,27.695987583991794,6.44297983639588e-13
3747.2118569056297,29.47841142156142,27.74419534883037,27.744195348829688,6.829250678488674e-13
3748.0738980689152,29.221708137738805,27.79140365375426,27.791403653753534,7.237252926137861e-13
3748.938195631662,29.806018661771645,27.83777937189582,27.837779371895053,7.670243478356049e-13
3749.8006339369026,30.234846522431212,27.883046774020695,27.88304677401988,8.127539419564321e-13
3750.665329681127,29.73537063878689,27.927369957235083,27.927369957234223,8.612784906175068e-13
3751.528165311286,29.87792554417695,27.97048957008261,27.970489570081696,9.125208036165381e-13
3752.391199435648,31.094539307176323,28.012467661463713,28.012467661462747,9.66755377832189e-13
3753.2564925585543,31.43672850907115,28.053358516699458,28.053358516698434,1.0242944502926788e-12
3754.1199242823286,31.383061563327832,28.092929247251053,28.09292924724997,1.0850453258858594e-12
3754.985616045367,32.35504876990433,28.1313337083277,28.131333708326547,1.149490061708091e-12
3755.849445551726,33.74800480898932,28.168357131003216,28.168357131001997,1.2175239695682627e-12
3756.7155361385494,33.45214787604869,28.204147630032214,28.204147630030924,1.2896859766717886e-12
3757.5797636107527,34.29465566913382,28.238509192943887,28.238509192942523,1.365857888316108e-12
3758.4441898973514,36.54453500223872,28.271505873224868,28.271505873223422,1.4464442596904821e-12
3759.310878826489,36.26725716973783,28.3031916912708,28.30319169126927,1.5319051144817443e-12
3760.175703353868,35.13253585337384,28.333398465296025,28.3333984652944,1.6220987574902756e-12
3761.042791566185,35.00732407735609,28.3622554701231,28.362255470121383,1.7177366135316162e-12
3761.9080145178127,33.719964495681445,28.38961287204517,28.38961287204335,1.8186588346849993e-12
3762.7755021972584,32.21816393380516,28.415590780594293,28.415590780592368,1.925660114153415e-12
3763.64112375669,31.597367294170226,28.44005704394296,28.44005704394092,2.0385601831537207e-12
3764.506944451224,30.82144380101477,28.46306883304699,28.463068833044833,2.1579535348410365e-12
3765.375031438172,30.16715733927458,28.484670703162333,28.48467070316005,2.2845159460577947e-12
3766.2412510158897,30.36800679925307,28.504755610121897,28.504755610119478,2.4180316662953467e-12
3767.109737930101,30.90529632297933,28.523416046862426,28.523416046859868,2.5595475726817934e-12
3767.976356574767,30.2046130887444,28.540560557309313,28.540560557306605,2.7088205443549044e-12
3768.8452436004877,29.31162815403445,28.556269291625345,28.556269291622478,2.867019017542172e-12
3769.712261495953,29.087045552649784,28.570466516440874,28.57046651643784,3.03386911476391e-12
3770.5794788477456,28.66740632538051,28.58319116310335,28.58319116310014,3.2102418888705177e-12
3771.4489661477132,28.599228163771276,28.59446893770201,28.594468937698615,3.397127153737198e-12
3772.3165830261287,30.485540573185176,28.60424734302842,28.604247343024824,3.5941976648034145e-12
3773.186470898483,29.79205468562077,28.61257479795469,28.612574797950888,3.8029894475225975e-12
3774.0544874875836,31.12921516212407,28.619413987232253,28.61941398722823,4.023134145485172e-12
3774.9247761168685,29.67802699123183,28.624800188226914,28.624800188222657,4.256344715759616e-12
3775.7931926007996,29.416945789688842,28.628710602101155,28.628710602096653,4.502206653527334e-12
3776.6618088628015,32.0635447855716,28.63116295448791,28.63116295448315,4.76199249620505e-12
3777.5326987346366,30.531872842139364,28.632161394003326,28.632161393998288,5.037147785702341e-12
3778.4017151677385,29.424020371556367,28.631705113139507,28.63170511313418,5.327178051721519e-12
3779.273006258125,30.34038055706037,28.629796581445863,28.629796581440228,5.6343304694859225e-12
3780.1424230466864,29.489485222943472,28.626450376366808,28.62645037636085,5.958049048118735e-12
3781.0141155404654,30.239852829482178,28.621657103295234,28.621657103288932,6.300837726441588e-12
3781.8839328689287,32.95300699466339,28.615447368880144,28.615447368873483,6.662071529869112e-12
3782.753950297725,31.04666727628626,28.607820475684836,28.60782047567779,7.0436040961121844e-12
3783.62624500392,30.561502855608072,28.598763701355725,28.59876370134828,7.447540340099528e-12
3784.4966632493333,31.09520723093499,28.58833236981554,28.588332369807667,7.873135913259379e-12
3785.369359821286,31.41761049195384,28.57649056755225,28.576490567543924,8.32366883182605e-12
3786.240179067973,30.60655337678861,28.56331053244924,28.56331053244044,8.798303028549434e-12
3787.113277690822,29.223516317633766,28.548747481808288,28.548747481798987,9.300688030059649e-12
3787.9844981235233,28.674557895344833,28.532890986069965,28.532890986060135,9.829885032540964e-12
3788.855918979339,27.44172669379384,28.51573074689322,28.51573074688283,1.038858623547537e-11
3789.729620786035,27.2967913996813,28.497247073062873,28.49724707305189,1.0979847720215147e-11
3790.601443105026,28.158319414193215,28.47755636417964,28.477556364168038,1.1602553136851308e-11
3791.475547425731,28.714073596593725,28.456594956697494,28.456594956685233,1.2261470314873196e-11
3792.3477713928514,28.958134186467195,28.43449798588205,28.434497985869093,1.2955346667480997e-11
3793.2222784130013,29.76337765994481,28.411200062260487,28.4112000622468,1.3689485965566604e-11
3794.0949042132897,28.036445176209444,28.386853064933746,28.386853064919283,1.4462483179336206e-11
3794.9677307599973,28.091660206926125,28.361446518356058,28.36144651834078,1.5278236988292484e-11
3795.8428419369907,27.56948948080265,28.33496341477938,28.33496341476324,1.6141171458080037e-11
3796.7160705944743,28.52499707314655,28.307580488235377,28.307580488218328,1.7049618458331046e-11
3797.591584934773,30.555395826848898,28.27922103556778,28.279221035549767,1.8010492565650916e-11
3798.465215888285,28.52888809317369,28.25007747008401,28.250077470064987,1.9021924023995002e-11
3799.3411335776245,28.82880042613192,28.2200715826305,28.22007158261041,2.0091598263490025e-11
3800.215167012502,28.462603422593705,28.189409599741442,28.189409599720225,2.1217420152021924e-11
3801.0894015176236,27.86837391863071,28.158086889874355,28.15808688985195,2.240501900497352e-11
3801.965924338374,27.371625910524134,28.126095627300714,28.126095627277053,2.3660780460221146e-11
3802.840561602917,27.77385958563991,28.093660000467295,28.093660000442313,2.4982220917579365e-11
3803.7174882373156,29.847138628496964,28.060700106850284,28.060700106823905,2.6379339122847695e-11
3804.5925284468312,29.5910054727425,28.027449700546555,28.027449700518705,2.7849354155627432e-11
3805.469859080914,29.675890051355967,27.993828892357513,27.99382889232811,2.940337019880504e-11
3806.3453024210403,30.128099405087713,27.960078183942233,27.960078183911197,3.103827433104276e-11
3807.220947155756,29.685894342420397,27.92619976702264,27.92619976698988,3.2762170958728164e-11
3808.0988838973885,28.063988188027224,27.892196085878457,27.89219608584387,3.458425002587471e-11
3808.974932041219,26.904174994386608,27.85831389877608,27.858313898739578,3.650082710040548e-11
3809.8532732478907,27.93228028124759,27.82447677727286,27.824476777234334,3.852631869837909e-11
3810.729724986685,29.035380297423103,27.7909307315778,27.79093073153714,4.0656603527393617e-11
3811.608470844735,29.08160020537116,27.757600416936118,27.75760041689321,4.290767863471803e-11
3812.485326364431,28.689451970935355,27.724728542323174,27.724728542277898,4.527493540837042e-11
3813.364477060281,28.693486563359215,27.692241771700534,27.692241771652757,4.777612048277299e-11
3814.241736546899,29.08110914615918,27.660377048261918,27.66037704821151,5.0406081796998566e-11
3815.1191978459087,29.593527353102335,27.62913713363577,27.629137133582592,5.3177712031820367e-11
3815.9989559067044,29.372864902376023,27.598529012497913,27.59852901244181,5.6105623882482206e-11
3816.8768214517186,28.185510777676996,27.568775902847747,27.568775902788563,5.918373133142219e-11
3817.7569848166363,28.2410608106527,27.53981185363005,27.539811853567613,6.24350131940306e-11
3818.635254793892,28.85155144911414,27.511848514397325,27.511848514331472,6.585267069422458e-11
3819.515823649654,26.53970710188719,27.484823393030794,27.48482339296133,6.946217460710232e-11
3820.3944982454714,27.068005664363568,27.45893298127588,27.458932981202622,7.325593210721016e-11
3821.2733749792237,26.673672632586317,27.4341757191949,27.434175719117647,7.725238059816912e-11
3822.1545521796747,27.524588774296944,27.410556700587005,27.410556700505534,8.147240946538553e-11
3823.0338338115216,28.04167828603204,27.388244511179355,27.388244511093447,8.590706298929775e-11
3823.9154169698913,26.47735714728117,27.367184621272013,27.367184621181423,9.058925283181327e-11
3824.7951036863697,25.324791238536022,27.34752500550114,27.347525005405632,9.5508984465208e-11
3825.6770929896825,26.500411961131817,27.32921561279659,27.32921561269589,1.0070270831684071e-10
3826.557184977414,26.555036056186626,27.31238249558216,27.312382495476,1.0615927373787755e-10
3827.437479429151,25.749411803743786,27.297014825945737,27.297014825833834,1.1190497028756636e-10
3828.3200780584734,25.489502069727678,27.28311136224108,27.283111362123112,1.1796957257731682e-10
3829.200778061447,26.627215518069764,27.270763293964333,27.27076329383999,1.243399481210208e-10
3830.0837833035403,27.879672442025026,27.259932196080516,27.259932195949453,1.310630978137349e-10
3830.964889044587,25.327227807761574,27.250685454290092,27.250685454151967,1.3812438047203892e-10
3831.848301086777,26.587402268230566,27.242989939189215,27.24298993904364,1.455758073307944e-10
3832.7298127528206,26.94178472005001,27.23688893523972,27.236888935086316,1.5340105981061328e-10
3833.6115272094657,25.95968294216232,27.23236417178364,27.232364171622002,1.6163751398490297e-10
3834.4955495605705,26.28014485468634,27.229407494333593,27.229407494163265,1.7032748456800597e-10
3835.3776702226473,27.830252326161602,27.228025853281963,27.228025853102512,1.7945178118531748e-10
3836.26209984243,28.02780170177482,27.22820111951846,27.22820111932938,1.8907733006581179e-10
3837.1446268970776,27.700342195480065,27.22991653371352,27.229916533514338,1.9918275734445286e-10
3838.029463973168,27.48234103599157,27.233160455717666,27.233160455507825,2.0984206196912007e-10
3838.912397607611,26.74064395375933,27.237893585763842,27.23789358554281,2.210314448456171e-10
3839.7955343597764,25.522246979977467,27.244094504731393,27.24409450449859,2.3280388825945555e-10
3840.680982729272,25.339935005251277,27.25175279386959,27.25175279362437,2.452193521726562e-10
3841.56452634212,26.29640598918479,27.26079854450841,27.26079854425016,2.582498905598131e-10
3842.4503826372597,28.331482289957194,27.27123872749071,27.27123872721872,2.7199052456466686e-10
3843.3343332982327,27.97866873070484,27.28298502410948,27.28298502382307,2.8641015902705697e-10
3844.2205977069475,26.778601166237994,27.296051934413136,27.29605193411152,3.0161376934433487e-10
3845.1049556035705,26.986695830352573,27.310333473113765,27.3103334727962,3.1756676603614674e-10
3845.9895169455644,27.531623821736392,27.3258133469982,27.325813346663857,3.3434403398544053e-10
3846.876393633764,28.235353287693105,27.34248436505886,27.342484364706827,3.520302872861078e-10
3847.76136249275,27.773056412522013,27.360217003866786,27.360217003496203,3.7058496891144566e-10
3848.648647764619,27.15202048555921,27.379043830274856,27.379043829884715,3.9014259598537083e-10
3849.5340243283385,27.918237236240543,27.398821413613835,27.398821413203176,4.10658085327278e-10
3850.421718372112,28.845985417791894,27.419588610102025,27.419588609669745,4.3227992203241346e-10
3851.3075028283947,27.286499963823417,27.441189499879407,27.44118949942445,4.5495800558662383e-10
3852.1934910582277,27.857268905858064,27.463613867639932,27.463613867161133,4.787978679220819e-10
3853.081798369155,27.966677314439384,27.486857815008335,27.486857814504415,5.039188457669294e-10
3853.968194773345,26.588315721595226,27.510748654396732,27.510748653866468,5.302622807002236e-10
3854.8569113270296,26.958649274766575,27.53533642114329,27.53533642058527,5.580180478435506e-10
3855.743716093623,28.98670925493389,27.560438546970197,27.560438546383075,5.871210058287802e-10
3856.632842078602,27.75160170262905,27.58610719652848,27.5861071959107,6.177805713463418e-10
3857.5200553957316,27.367401968997342,27.612150822619423,27.6121508219695,6.499244235946037e-10
3858.4074728151177,26.860743303998106,27.638558969523295,27.638558968839593,6.837008484184368e-10
3859.2972130565145,26.86034171743916,27.665322472348354,27.665322471629075,7.192774621985443e-10
3860.1850393086847,27.09097932859868,27.692238716027205,27.692238715270637,7.565697135067134e-10
3861.0751894529885,27.02576416833631,27.719359014036865,27.71935901324102,7.958448361909672e-10
3861.963424726293,27.32463612160814,27.746475304910014,27.746475304073005,8.370090248695632e-10
3862.853984962346,29.23218268042149,27.773635837341473,27.773635836461118,8.803567708998443e-10
3863.7426294452202,29.33408578994511,27.800628262739863,27.80062826181408,9.257840307682305e-10
3864.631478359589,30.960719429633286,27.82743214244656,27.827432141473064,9.734985546390129e-10
3865.522653842917,32.59677682852089,27.85402349433325,27.854023493309516,1.0237350799775067e-09
3866.4119122495604,33.839608159617576,27.88018698854217,27.880186987465798,1.0763721433820275e-09
3867.303498297011,39.550741236726026,27.905956860529155,27.90595685939737,1.1317847588682255e-09
3868.19316638458,48.28567753033758,27.93111866784691,27.93111866665707,1.1898382986766055e-09
3869.0851631853006,54.78812131616338,27.95569914166473,27.955699140413785,1.2509456832393022e-09
3869.9752411425357,57.1119175452277,27.97948706506384,27.97948706374888,1.3149577345431648e-09
3870.865523861036,54.45297756550486,28.002447074523296,28.00244707314113,1.3821646601521015e-09
3871.758136901487,47.68465018550365,28.024535419233636,28.024535417780744,1.4528942319667555e-09
3872.6488297728138,39.582119088067884,28.04555156007883,28.045551558551857,1.5269725454366157e-09
3873.5418540396704,31.936171100565502,28.065500537865148,28.065500536260224,1.6049243305594323e-09
3874.4329572527795,28.868480507371263,28.08419339047951,28.08419338879295,1.6865570191969948e-09
3875.326392935492,29.368982205386377,28.101627007995372,28.101627006222923,1.7724478992665995e-09
3876.2179066794297,28.76081577514435,28.11762834987893,28.11762834801655,1.8623837941979065e-09
3877.1096255149328,26.90125152746782,28.132153153552203,28.132153151595436,1.956768908863978e-09
3878.0036784314348,28.25905313694932,28.145145718886692,28.145145716830633,2.0560595786090042e-09
3878.8958080813823,26.523248295248326,28.15646218785804,28.156462185698032,2.1600076478332194e-09
3879.7902728876397,26.78004937476146,28.166078254968465,28.16607825269912,2.269345192848409e-09
3880.6828135412943,27.236601273304245,28.173873955701527,28.17387395331773,2.3837976875190453e-09
3881.5776904270633,27.575962723211436,28.179816578508426,28.179816576004256,2.5041698625042676e-09
3882.470642273773,27.770128784084477,28.183814622613514,28.183814619983355,2.6301581013144323e-09
3883.3659314289002,26.92123305972484,28.185829865267614,28.185829862504967,2.7626467885451594e-09
3884.259294658102,28.33584980388071,28.185802105764736,28.185802102863438,2.901300225852986e-09
3885.1528634043425,27.74041554024086,28.18369513342989,28.183695130383153,3.0467346397247878e-09
3886.048771073737,27.762334259473963,28.179459739362812,28.179459736163167,3.1996453543360096e-09
3886.9427514866748,25.620221615805235,28.17308738971021,28.17308738635057,3.3596423033337402e-09
3887.8390719003087,22.720007183009105,28.164527886212696,28.16452788268485,3.527843997849657e-09
3888.7334641695984,27.134764748080556,28.153809959083453,28.153809955379636,3.703819446645908e-09
3889.6301975176216,30.42142405387165,28.14087860723968,28.140878603350885,3.888796847870447e-09
3890.5250018330057,31.92790424357736,28.125799742169335,28.125799738087036,4.082300120329903e-09
3891.4200119969464,32.066582694255885,28.10855725166891,28.10855724738373,4.285181812526626e-09
3892.3173648569655,30.849278119144746,28.08912365101965,28.089123646521248,4.498403492325869e-09
3893.2127873516647,29.93436406140484,28.067621495629584,28.06762149090817,4.72141275865216e-09
3894.110553621721,31.16532257952031,28.043986255568687,28.043986250612928,4.955759717677482e-09
3895.0063886371386,29.252746825302896,28.01837732515213,28.018377319951295,5.2008345878064635e-09
3895.90456850769,28.689682935225736,27.990727136157957,27.990727130699618,5.458338066205913e-09
3896.8008162338747,28.586905906765537,27.961229009480295,27.9612290037527,5.727597211581084e-09
3897.697270140671,28.20171989319113,27.92988865468618,27.929888648676393,6.009788065268783e-09
3898.596070522554,27.63643999438193,27.89670095206025,27.896700945754013,6.3062364782169576e-09
3899.4929374252397,27.089963918024754,27.86190668250783,27.861906675891667,6.616162733232453e-09
3900.3921518840325,27.464941726116194,27.825429689792674,27.825429682850967,6.941708801547425e-09
3901.2894319728757,26.846379822047652,27.787538465751037,27.787538458469022,7.282014782629972e-09
3902.189060699343,26.392358126902195,27.748152078645315,27.748152071005887,7.639428775975933e-09
3903.086754164698,26.977838037702554,27.70756231619691,27.707562308183906,8.013002706381208e-09
3903.9846541432544,27.666937684509097,27.665784755759752,27.6657847473554,8.404354097352919e-09
3904.8849043820014,27.125345150399884,27.62282729481497,27.622827285999666,8.815305716565443e-09
3905.7832180226533,27.63707670675001,27.579009162154804,27.579009152910043,9.244760602825124e-09
3906.683883006258,26.858737451962725,27.534238505430146,27.534238495734478,9.695669941827837e-09
3907.5826104995776,26.211660821449303,27.4888474202829,27.488847410116076,1.0166825098881814e-08
3908.4836904191134,26.058535658445408,27.44273975113839,27.44273974047693,1.0661458559785403e-08
3909.382831955764,26.223221520524593,27.396255784687874,27.396255773509633,1.117823900383394e-08
3910.2821803387424,26.986737445540033,27.349406855798772,27.349406844079386,1.171938464231737e-08
3911.1838827731212,27.148564344240985,27.302199939077724,27.30219992679033,1.2287394033492696e-08
3912.0836454854734,26.971924519565054,27.254978617529055,27.254978604648326,1.2880728945952488e-08
3912.985763333736,26.9467202812823,27.20763528420484,27.2076352707014,1.3503443623079768e-08
3913.8859405663443,27.63066172560366,27.16051084856633,27.160510834412484,1.4153844821332875e-08
3914.788474019872,28.076300041236095,27.11349389813213,27.11349388329576,1.4836369516177912e-08
3915.689065963704,26.997447114031846,27.06691822215354,27.066918206604385,1.554915432783454e-08
3916.589865087528,28.154969391603004,27.02077799494015,27.02077797864492,1.6295232304242167e-08
3917.493022060078,26.554915372143004,26.97506798555948,26.97506796848146,1.707801827375472e-08
3918.394236181633,26.47368044546943,26.930104506399115,26.93010448850375,1.7895362264708346e-08
3919.2978092381722,27.027241507491002,26.885767766608193,26.885767747855375,1.875281760242982e-08
3920.1994385486446,26.33272148251831,26.842359042803096,26.842359023155076,1.9648019861301797e-08
3921.1034278808634,26.315494875670883,26.7997571607989,26.79975714021186,2.0587041538836625e-08
3922.0054725715318,25.74908304376288,26.758246468858815,26.758246447291533,2.1567283055525264e-08
3922.907724776396,25.084016167712207,26.717800692705374,26.717800670112496,2.2592879448819982e-08
3923.812338633437,25.03740091548332,26.67839798946588,26.678397965797394,2.366848410587902e-08
3924.7150065054643,25.88090331154865,26.640291535500875,26.640291510709773,2.4791101807861074e-08
3925.6200371176797,26.65270273962722,26.60335934384577,26.603359317877455,2.596831703924515e-08
3926.523120848368,25.89346485588226,26.56783095082679,26.56783092362995,2.719683887653632e-08
3927.428568407758,25.016580837199058,26.53358516338241,26.533585134897454,2.848495393566e-08
3928.332068188692,23.96684397589843,26.500827307530727,26.50082727770168,2.982904735359825e-08
3929.235775818565,23.44584679806121,26.469510751590835,26.469510720356094,3.1234739995636574e-08
3930.1418489101993,22.694859125229417,26.439597448234753,26.4395974155264,3.2708354379891906e-08
3931.0459728777478,21.939992916926716,26.411255616571204,26.411255582325474,3.4245731275586594e-08
3931.952463396826,22.584283410639955,26.384370377537117,26.38437034167992,3.585719896948852e-08
3932.857003893858,21.343774207003325,26.35908494511372,26.35908490757553,3.75381918432903e-08
3933.7639120326885,19.866709712550914,26.335288651293403,26.33528861199342,3.929998488869503e-08
3934.668869251099,19.266339887678782,26.3131000402052,26.31309999906763,4.113756771823029e-08
3935.5740346537277,19.290435081215833,26.29246087669276,26.292460833634202,4.305855849388141e-08
3936.481569333851,19.803425496986506,26.273322013523334,26.27332196845181,4.5071522291737736e-08
3937.3871517457515,21.16063409004676,26.255764416647743,26.255764369477042,4.7170702197870374e-08
3938.2951045266714,22.000588791381464,26.239689186678522,26.2396891373084,4.937012180813812e-08
3939.2011041399605,22.02650256861034,26.225152601126123,26.225152549462656,5.166346755731754e-08
3940.109475214296,23.326005461984664,26.21206093756101,26.212060883494974,5.406603566164037e-08
3941.015892221177,23.971829475355666,26.20044841812055,26.200448361549647,5.6570903907436286e-08
3941.9225177480994,22.851461237145262,26.190250147962217,26.19025008877385,5.9188367150164325e-08
3942.8315163744023,22.924127596721632,26.181411232112673,26.181411170182677,6.192999429519853e-08
3943.738559583275,24.0548039168649,26.173934343546343,26.173934278758498,6.478784275337063e-08
3944.6479769848142,23.762663220164086,26.167740722763188,26.16774065498229,6.778089788972341e-08
3945.555438068063,24.11700613755545,26.162813828493153,26.162813757592694,7.090045715839336e-08
3946.465274437768,25.02029291192014,26.159080605998852,26.15908053183164,7.41672114958924e-08
3947.373153587908,25.477697921805774,26.156506814051497,26.15650673647987,7.757162819639424e-08
3948.2812415944536,25.765760330135894,26.155027908718363,26.155027827590786,8.112757842880242e-08
3949.1917065284315,25.672902281605843,26.154587317654133,26.15458723280349,8.485064238695559e-08
3950.1002128906907,25.58772223516144,26.15512848918241,26.15512840045251,8.872989728801743e-08
3951.0110972754323,26.121266392016654,26.156593532388353,26.156593439597383,9.27909706509057e-08
3951.9200221861424,26.582400122698346,26.15891346970043,26.158913372678523,9.702190560109268e-08
3952.831326214887,26.851762746545095,26.16203571173247,26.162035610281862,1.0145060856336239e-07
3953.740669866873,27.670997246045435,26.16588061319685,26.165880507132858,1.0606399410949888e-07
3954.652393732952,26.996467076367253,26.170400668509757,26.170400557617313,1.1089244294990821e-07
3955.5621563191266,27.628094068537624,26.17550801959723,26.175507903675594,1.1592163834387233e-07
3956.472128194989,27.584443898414975,26.18114582789613,26.181145706724287,1.2117184464566006e-07
3957.3844819293263,27.07580435049283,26.187261911114927,26.18726178444912,1.2666580836984428e-07
3958.2948730288,26.591911273791425,26.193759681392997,26.193759549005843,1.323871541261353e-07
3959.2076470840702,25.266450907241396,26.200602661650137,26.20060252327673,1.383734099416527e-07
3960.118457600292,25.49078173674195,26.207691588518664,26.207691443911994,1.4460667127859212e-07
3961.031652170137,26.220023393368596,26.21499380275366,26.2149936516259,1.51127759333803e-07
3961.9428822963314,25.65862827230842,26.22240853668392,26.222408378766815,1.579171027587303e-07
3962.854322049819,25.204435954894397,26.229887714725905,26.229887549724083,1.650018225104535e-07
3963.7681475039635,25.59702531031724,26.237384504799696,26.23738433238735,1.7241234615638373e-07
3964.6800071573143,25.093793656005005,26.24479923493586,26.244799054809544,1.8012631888512018e-07
3965.5942536104117,25.581380080593135,26.252104012578492,26.25210382438443,1.8819405996167062e-07
3966.506533357072,27.684553393359238,26.259202209467542,26.259202012876393,1.9659114945625573e-07
3967.421201003077,30.498027210181366,26.26606790137023,26.266067695997954,2.0537227642529314e-07
3968.3339010365844,32.1766340574834,26.272610445491285,26.27261023098051,2.1451077202491667e-07
3969.2468110355344,31.443682406895054,26.278790193540793,26.278789969497964,2.2404282712587984e-07
3970.16211058352,29.30505503517577,26.284565725550795,26.28456549154177,2.3400902414511482e-07
3971.075441159674,29.260980390141075,26.289856596453486,26.289856352074544,2.443789431476868e-07
3971.991162385728,28.640737232499305,26.294636952029244,26.294636696809388,2.552198569152838e-07
3972.9049137328448,27.230814681488486,26.298835405984953,26.298835139486386,2.6649856573509616e-07
3973.8210568312334,25.905194096466744,26.302424837663192,26.30242455937507,2.782881231923003e-07
3974.7352291431635,25.319888969453704,26.305342607581423,26.30534231702912,2.9055230524218886e-07
3975.6496117592324,25.358982276549913,26.307554087214893,26.30755378387563,3.033392639061636e-07
3976.5663877789225,25.33296446135239,26.30901981249534,26.309019495792374,3.167029659612078e-07
3977.48119165063,25.972057218152372,26.309693256788897,26.30969292618675,3.3060214887575675e-07
3978.3983900285984,25.46515718506589,26.309540628618787,26.3095402834923,3.4512648747442716e-07
3979.313615350015,24.56442142169226,26.30852828884743,26.308527928616442,3.6023098976710637e-07
3980.2312362808416,25.301470087485654,26.306619961315445,26.30661958530249,3.7601295479080114e-07
3981.14688324613,27.25714877211067,26.30379655765262,26.303796165229283,3.92423336805622e-07
3982.0627408548,25.765864368104534,26.300029378734582,26.30002896920857,4.0952601378877183e-07
3982.9809957278953,25.94089160426654,26.295283971574992,26.295283544182453,4.273925395119248e-07
3983.897275271731,26.90566273733816,26.289564264063735,26.289563818096614,4.4596712273774776e-07
3984.8159531844117,26.704224422457177,26.28282753032888,26.282827064959932,4.653689500105268e-07
3985.732654857799,25.899407504650984,26.275094312378,26.275093826840756,4.855372429345458e-07
3986.6517560049588,26.671887341044457,26.266319443229616,26.2663189366284,5.066012129427609e-07
3987.568880002372,26.881309529638887,26.25653987010394,26.256539341609272,5.284946659195682e-07
3988.486214982956,27.33037069443958,26.245735444631364,26.24573489332927,5.51302092502724e-07
3989.4059510949987,26.465230481656477,26.233880457192,26.233879882073914,5.751180849585744e-07
3990.323708691373,25.505130653376796,26.221039559009093,26.221038959141644,5.998674479823028e-07
3991.2438685254074,26.029573568735373,26.207164547217566,26.207163921509437,6.257081276810248e-07
3992.162048932271,26.882451866534556,26.19233897828717,26.19233832572889,6.525582816401767e-07
3993.082632683504,26.011029841204962,26.17651434807164,26.17651366748264,6.805889973277795e-07
3994.0012360956457,25.48431057509254,26.159792498052237,26.159791788341018,7.09711220789363e-07
3994.920050831296,26.51824823047548,26.14216726953064,26.14216652949426,7.400363780073269e-07
3995.8412705716755,27.417685600000482,26.123628456960216,26.123627685271067,7.716891485647675e-07
3996.7605086048384,27.07977235861677,26.10430438298984,26.104303578421334,8.045685067316939e-07
3997.682152750716,26.722066934078953,26.084147257128546,26.084146418245396,8.388831489693656e-07
3998.601814276405,25.85946524773067,26.06330177948299,26.06330090495977,8.745232190476537e-07
3999.523883023303,26.415227753168665,26.041721385075252,26.041720473360666,9.11714587589315e-07
4000.443968236621,26.715310708395467,26.019565156288706,26.01956420595088,9.503378270230094e-07
4001.3642651143336,26.046604584201763,25.996842442561746,25.99684145202229,9.905394531422517e-07
4002.2869708762937,25.93426854718291,25.973560351740275,25.973559319256957,1.0324833177392692e-06
4003.2076917343416,27.617860893942183,25.949895591965944,25.94989451593182,1.076034122749412e-06
4004.130822586409,26.855277149125754,25.9258034920155,25.925802370548688,1.121466812732584e-06
4005.0519676201193,26.15868260705838,25.901469048280134,25.901467879645736,1.1686343970221436e-06
4005.9755237581326,25.736665071826,25.876848816001363,25.876847598167167,1.2178341962327185e-06
4006.8970931629233,25.86752819030028,25.85213484239455,25.85213357348799,1.2689065580295675e-06
4007.8188745735447,26.321397990011523,25.82734427036797,25.8273429483244,1.3220435712461027e-06
4008.74306875419,26.131869941780455,25.802493811228484,25.802492433768553,1.3774599312771396e-06
4009.66527482907,26.423186657769637,25.777777736785996,25.77777630181098,1.4349750159160788e-06
4010.5898947855367,26.648120907488305,25.753153818194292,25.753152323244308,1.4949499841864221e-06
4011.512525720318,27.34958442648804,25.728813965775775,25.728812408586993,1.5571887822993307e-06
4012.4375716487607,27.402317111272968,25.704715121370157,25.704713499288523,1.6220816337495137e-06
4013.3606276391765,26.721896311810383,25.68104291523759,25.6810412258218,1.689415789892239e-06
4014.2838959774094,27.145014568750984,25.657807648959736,25.65780588951739,1.7594423463324974e-06
4015.209580977712,26.73999683759439,25.635020405511835,25.635018573070045,1.8324417879474469e-06
4016.133274665231,25.45869642721334,25.61285114479009,25.612849236616338,1.908173749203334e-06
4017.0593861281745,25.23737229500648,25.59125150977788,25.591249522666637,1.9871112446365894e-06
4017.983505360937,25.29093520278116,25.570377228548473,25.570375159554864,2.0689936093077106e-06
4018.9100434829925,25.054771094727474,25.55017749067777,25.550175336346275,2.1543314943524567e-06
4019.834588457048,25.771555244989145,25.530792213571456,25.53078997072916,2.2428422942603634e-06
4020.7593461214597,25.477036240325223,25.512211181418138,25.512208846564867,2.334853270601638e-06
4021.6865243462635,25.595589586350005,25.494427085370194,25.49442465464042,2.430729774835186e-06
4022.611708046093,26.71774727762102,25.477553186890923,25.47755065673797,2.5301529498406135e-06
4023.5393134214655,27.068492562056807,25.461532658783543,25.461530025043054,2.6337404884208744e-06
4024.4649233529867,25.99609623118636,25.446460440755523,25.446457699608604,2.741146918252392e-06
4025.392956075716,25.702759097846183,25.432277380026225,25.432274526987705,2.8530385197396712e-06
4026.318992435294,26.562025326919866,25.41905854801848,25.4190555789774,2.969041080568545e-06
4027.247452702258,26.487658986935916,25.406743083323974,25.406739993450856,3.0898731178428372e-06
4028.1739156863478,25.801953058666413,25.39538646865743,25.39538325352804,3.2151293931606742e-06
4029.1005918020296,26.127310997994645,25.384950588042532,25.38494724277454,3.345267991868414e-06
4030.0296934996645,26.70430349131334,25.375401448680176,25.375397967880254,3.4807999230676453e-06
4030.956796534594,25.2103952497381,25.366767781050097,25.366764159781333,3.6212687628421853e-06
4031.88632626894,26.07225826650904,25.35898797629054,25.358984208749245,3.7675412953304664e-06
4032.8138564197975,24.89425923595013,25.352075038965086,25.35207111984151,3.919123573529461e-06
4033.743814388052,24.694289937186344,25.34596826917002,25.345964192220467,4.0769495513819675e-06
4034.6717718516106,24.95279099710706,25.340666250357064,25.34066200987225,4.240484812083523e-06
4035.599942790564,24.478367456311275,25.336120276141315,25.336115865818936,4.41032237980795e-06
4036.530543224182,24.840814931459704,25.332286846079636,25.332282258956248,4.587123389468038e-06
4037.459141771047,25.046373149898844,25.329147562021788,25.329142791735052,4.770286737718545e-06
4038.390170931844,26.822240932563773,25.32664982870612,25.32664486776939,4.960936732678168e-06
4039.3191972836194,26.122610562571484,25.32476774084218,25.32476258241874,5.158423441409921e-06
4040.250655369109,25.347446546587097,25.323454348448642,25.323448984491364,5.36395727830247e-06
4041.180109722884,26.3288054933787,25.32267838243853,25.32267280560283,5.576835695644381e-06
4042.1097778964117,25.498411881362017,25.322398832244858,25.322393034420717,5.797824141690936e-06
4043.0418794836273,25.2835339416921,25.32257985010959,25.322573822334142,6.027775450289235e-06
4043.971975954842,24.75343552235825,25.323184890991392,25.323178625090915,6.2659004769535914e-06
4044.904506960817,24.962997121830654,25.32418258391099,25.324176070257717,6.513653272181696e-06
4045.8350319270353,25.39404307198163,25.325535889912338,25.32552911973098,6.770181357076836e-06
4046.7679925496022,25.256981371335772,25.327221195876437,25.327214158827612,7.037048823419138e-06
4047.698946208231,25.025340834158555,25.329202895904967,25.329195582569955,7.3133350124427825e-06
4048.6301140315254,24.855255401506955,25.33145991987111,25.331452319846097,7.6000250148675375e-06
4049.5637191938526,25.537600903389375,25.333976909997386,25.333969011781697,7.898215690323452e-06
4050.4953160057225,26.29729447343698,25.33672289610445,25.336714689230153,8.206874297783379e-06
4051.4293512795057,26.664563068052193,25.33969492875131,25.33968640087551,8.527875799918115e-06
4052.3613772775843,26.809583673299016,25.342866017389873,25.342857157284296,8.860105577596262e-06
4053.295842860975,26.950652916496892,25.346241246769335,25.346232041190547,9.205578789097232e-06
4054.2282982429897,26.49059701917031,25.349797613052,25.349788049959244,9.563092755892996e-06
4055.160968135139,25.85934456368705,25.353538804985,25.353528871073504,9.933911495426328e-06
4056.096079297998,26.077274977356865,25.357473056571358,25.35746273712982,1.0319441538831531e-05
4057.029178870725,26.385258575922194,25.361583773206576,25.36157305487096,1.071833561605783e-05
4057.9647208388537,26.025988420336038,25.36589567359192,25.365884540587597,1.1133004320536247e-05
4058.8982502901113,25.60295339377035,25.370395898568933,25.370384336574055,1.1561994878892285e-05
4059.8342232619807,25.221219359995416,25.375116129592303,25.375104121696356,1.200789594550028e-05
4060.768182789814,26.039105527422183,25.38004595873366,25.380033489592275,1.2469141385523684e-05
4061.702357173809,26.526165519888995,25.385210048890624,25.385197101542293,1.2947348332278323e-05
4062.638976766533,25.935606475459622,25.390636571160513,25.39062312684544,1.3444315071424466e-05
4063.573581524224,25.490450896001676,25.396315735859258,25.396301777569708,1.3958289551369324e-05
4064.5106326171503,26.531660805392566,25.40229178379996,25.402277291438086,1.4492361873319943e-05
4065.4456679468108,26.18596968547331,25.40855403364541,25.40853898900092,1.5044644487385614e-05
4066.3831507387313,27.775274502013417,25.415150548004462,25.415134929551513,1.5618452947708016e-05
4067.318616838724,27.668904002116392,25.422068148771977,25.422051937017727,1.6211754250956394e-05
4068.254298141464,27.988042551679317,25.42934004071503,25.429323214103846,1.6826611181997764e-05
4069.192428597304,30.191714461392397,25.437002248533908,25.43698478321783,1.746531607739343e-05
4070.128540967977,30.10665509899161,25.445034749116136,25.44501662351847,1.812559766742128e-05
4071.0671036200733,29.10974871816643,25.45349129524392,25.453472483838507,1.881140541437445e-05
4072.003647257271,29.337223575079296,25.462345851437682,25.462326331143082,1.9520294600397482e-05
4072.942642304737,28.789068325908264,25.47165345905716,25.471633202557896,2.0256499260728653e-05
4073.879617407144,27.762415409089503,25.481380298569775,25.481359281181113,2.1017388661497983e-05
4074.816808059443,27.142324146881947,25.4915563612399,25.491534555653622,2.1805586277117283e-05
4075.7564518155755,26.753992025135858,25.50221361506267,25.50219099105711,2.262400555885604e-05
4076.694074231164,28.35165317131714,25.513305258758336,25.513281789046914,2.346971142220511e-05
4077.63415088073,27.37782241193634,25.524886021992675,25.524861674255902,2.434773677399923e-05
4078.5722052585197,27.222298133375602,25.536899741296736,25.536874486371502,2.5254925234538432e-05
4079.512715000953,27.498793600352315,25.54940032319303,25.54937412652524,2.6196667789758e-05
4080.45120153995,26.899249836951185,25.562322351954492,25.56229518238354,2.7169570953777665e-05
4081.389903976542,27.164771378995738,25.575686174284957,25.57565799732353,2.817696142862066e-05
4082.331063474076,28.086464550772238,25.589514001588984,25.5894847790579,2.9222531081672782e-05
4083.270198370436,28.059042222998073,25.603726472483107,25.60369616998416,3.0302498945199425e-05
4084.2117914597043,27.460151818040003,25.618375552954816,25.61834412969518,3.1423259636228235e-05
4085.1513590150653,27.646200836599746,25.633373525887986,25.63334094513721,3.2580750777098913e-05
4086.0933858958238,28.12134223937915,25.648771592502495,25.64873781068634,3.3781816153267684e-05
4087.0333863095125,27.084639254789753,25.664473779058603,25.664438756966447,3.5022092155938775e-05
4087.973602969061,27.907662817107962,25.680491837418863,25.680455531634124,3.630578473896894e-05
4088.916280653042,29.311472097081495,25.696838660569203,25.696801023010934,3.7637558268480895e-05
4089.8569304699595,29.73642974530765,25.713408546719545,25.7133695341621,3.9012557444448523e-05
4090.8000424451025,28.88052810413979,25.73025139486042,25.730210955977427,4.043888299298253e-05
4091.741125618945,28.096391853739878,25.747256581668992,25.74721467034605,4.1911322941108756e-05
4092.6846720853277,29.032702360110306,25.764473841657228,25.764430403117544,4.343853968531389e-05
4093.6261888157424,29.57683550141371,25.78178916555694,25.781744150617122,4.5014939818354555e-05
4094.5701699735346,28.422615388967188,25.799252491616734,25.799205841832624,4.664978410863765e-05
4095.5121204602606,28.88869300391866,25.81674691632661,25.816698579255267,4.83370713446949e-05
4096.454287641459,28.674110532079684,25.834279194096762,25.83422911163377,5.008246299032561e-05
4097.3989209525935,27.266445604988352,25.851855840705007,25.85180394847321,5.189223179422335e-05
4098.341522189765,29.026091787582914,25.86935760821404,25.869303848502128,5.3759711914912775e-05
4099.286590693018,28.700742171292177,25.88683233536014,25.886776639524975,5.569583516537521e-05
4100.229626186134,30.558708395770395,25.904161234054442,25.904103540600133,5.769345431052358e-05
4101.175130081998,32.27703693949923,25.921391658222753,25.921331893976355,5.976424639769579e-05
4102.118600031117,32.97932860072934,25.93840663136311,25.938344730813107,6.190055000531507e-05
4103.062287024258,33.39228859041191,25.955211980582295,25.95514787110771,6.410947458713327e-05
4104.008444125457,33.19814125637322,25.971811198508952,25.97174479961747,6.639889148371409e-05
4104.952565874748,30.856017698753252,25.98808932414937,25.98802056384711,6.876030226223512e-05
4105.899158870075,29.686757857560114,26.004088463051026,26.004017255589194,7.120746183228112e-05
4106.843715575808,28.24663516501244,26.019697238640283,26.019623507374057,7.373126622581065e-05
4107.790744666078,28.01142612551087,26.034955062374543,26.034878715978962,7.634639558135732e-05
4108.735736528639,28.490402367814344,26.049754664098913,26.049675620999153,7.904309975977002e-05
4109.680945785335,26.29708015522158,26.064098384173146,26.064016553893055,8.183028009218551e-05
4110.628629134625,27.87301193127269,26.077983948540865,26.077899230756355,8.471778451003493e-05
4111.574273848778,26.280325880751775,26.09131047340325,26.091222778590982,8.769481226843373e-05
4112.522393795339,25.812635677286384,26.104107046476077,26.10401626785697,9.07786191076586e-05
4113.468474167563,26.718646165670066,26.116279262522205,26.116185304877085,9.395764512016968e-05
4114.417030912532,27.1736645445551,26.127852353601227,26.127755103310097,9.72502911291377e-05
4115.3635471435355,27.807653198613597,26.13873913389056,26.13863848970267,0.00010064418788924921
4116.310281119354,27.61720753549912,26.14893680680566,26.14883265635847,0.00010415044719285775
4117.259493178731,27.239911761466377,26.158436495466773,26.15832871411356,0.00010778135321324933
4118.206663314443,27.119860268693174,26.167162770032775,26.167051246810395,0.00011152322237977789
4119.1563126753645,27.67487370075696,26.17512784031187,26.17501244267384,0.00011539763803001349
4120.10391917191,28.1364402293882,26.18226550317756,26.18214611320957,0.0001193899679916148
4121.054006035843,26.88207108756933,26.188582734698812,26.188459211490503,0.00012352320831057845
4122.002049094251,25.575566438905526,26.194023641754967,26.193895860038488,0.00012778171648018458
4122.950310248719,26.56501329737921,26.19857962554765,26.198447446225128,0.00013217932252341518
4123.901053484147,26.816962046034973,26.20223508532063,26.20209835401675,0.00013673130387776
4124.84975150208,26.4871783315208,26.204952042331783,26.204810621952518,0.00014142037926666886
4125.800932744466,27.13064692528178,26.20672504577205,26.206578772307296,0.00014627346475526486
4126.750067827125,28.021586473528263,26.2075294621068,26.207378190009095,0.00015127209770272887
4127.701687278259,27.19938689192168,26.207354918257902,26.207198473326358,0.0001564449315437698
4128.651259627001,26.942791807586445,26.20619018196354,26.206028409716946,0.0001617722465936689
4129.601050423615,26.326653988187218,26.204026758999834,26.20385948779488,0.00016727120495318247
4130.553327305038,25.481420400323717,26.20084927471165,26.200676313961637,0.00017296075001516968
4131.50355566982,25.558181694345766,26.196668957791278,26.196490138665673,0.00017881912560571388
4132.456271264752,26.78891965196772,26.191465501658545,26.191280621860248,0.00018487979829780028
4133.406937399292,26.99353736717035,26.18526647337944,26.185075353833852,0.00019111954558728898
4134.360091909846,25.15529258002755,26.178048092119397,26.177850518155484,0.0001975739639124636
4135.311196015824,25.39346254011662,26.169853830251004,26.169649611979008,0.0002042182719964457
4136.262518922051,25.209658660920127,26.16067987614516,26.160468802441613,0.0002110737035475656
4137.216331923398,24.43184999977291,26.150516288910552,26.15029812523308,0.00021816367747487343
4138.168093103637,27.957688433948874,26.13943048468533,26.139205023795103,0.00022546089022803885
4139.122345526182,26.623280802095792,26.127391945055884,26.127158938226668,0.00023300682921546223
4140.074545182345,26.366506772454503,26.114483804656416,26.114243032279475,0.00024077237694021428
4141.029237228528,26.48368889805261,26.10067365677205,26.100424855148514,0.00024880162353589923
4141.981875562621,26.2464552796813,26.08605929328924,26.085802229764187,0.0002570635250498273
4142.934733049912,26.13505350362084,26.07064403734161,26.07037845306695,0.0002655842746572906
4143.890084649101,26.082693274763646,26.054427105586015,26.054152712848353,0.0002743927376612417
4144.843381117384,24.858651200803365,26.037527328560184,26.037243873803547,0.00028345475663761176
4145.7991728466,26.040949080226486,26.0199085848799,26.019615763270984,0.00029282160891623625
4146.752908498114,25.588498358407495,26.001702211155905,26.001399754255278,0.00030245690062699935
4147.709140560128,24.442961254823672,25.982871680077924,25.982559264998407,0.0003124150795162236
4148.663315597205,24.958964610166163,25.963559953539725,25.96323729616089,0.0003226573788349925
4149.617710140995,25.554217847740578,25.943778732218583,25.94344551620513,0.0003332160134508452
4150.57460281994,24.695022364485567,25.923537663673567,25.923193537218257,0.0003441264553089724
4151.529437052844,24.615293907597906,25.902994124392166,25.90263877828484,0.00035534610732630863
4152.4867705717925,24.431693942819948,25.88211321445195,25.881746276294088,0.0003669381578654973
4153.442044696375,24.483217706409278,25.86105908510764,25.860680227845883,0.0003788572617584913
4154.399819258421,24.681493267043606,25.83979794634757,25.839406775890637,0.0003911704569340556
4155.355533477341,24.07504554404352,25.818498998836283,25.81809516935098,0.0004038294853036672
4156.31146755706,25.732208085249454,25.79718091316622,25.796764039316415,0.0004168738498049099
4157.26990380168,25.30342600129609,25.775863114896946,25.77543276788627,0.00043034701067906183
4158.226278279776,24.42953619535035,25.754718125387363,25.75427392937391,0.0004441960134532975
4159.185156075521,24.28740784563172,25.733717026035595,25.733258527543835,0.0004584984917603989
4160.141971154886,24.884334013741864,25.713032078803504,25.71255888067777,0.0004731981257354273
4161.101290705176,25.731024133166333,25.692636917200662,25.692148539992466,0.000488377208197527
4162.058546588795,24.894804394905808,25.67270018514696,25.67219620929149,0.0005039758554729732
4163.016022687872,24.903799517674432,25.6532431787317,25.652723136368692,0.0005200423630058688
4163.976004988098,25.294961472167532,25.634290560780265,25.633753930961483,0.0005366298187838103
4164.933922195959,25.27962835634935,25.616000139864358,25.615446467264036,0.000553672600323844
4165.894346759575,24.59666694969258,25.59835014095829,25.59777887515466,0.0005712658036301621
4166.852705279441,23.92714724858411,25.581487621706334,25.58089828200755,0.0005893396987850827
4167.813572310199,25.234394728344,25.565392340117015,25.56478434511432,0.0006079950026958783
4168.772372345379,24.10178954426215,25.55019801863109,25.549570860991032,0.0006271576400576067
4169.733682047122,23.29148982550862,25.535885944922505,25.53523901066771,0.0006469342547970219
4170.692923801024,23.90581738425351,25.522572688993296,25.521905442817538,0.0006672461757600312
4171.652386227232,24.36596067347375,25.510266029597762,25.509577873933733,0.0006881556640299102
4172.614360053815,23.517680853888464,25.498978069017234,25.49826833793519,0.0007097310820418658
4173.574264503908,23.801841838394584,25.488794779097937,25.48806289272841,0.0007318863695257804
4174.5366815113775,22.704902950721934,25.47969410833918,25.478939363915988,0.0007547444231940461
4175.4970281889955,23.101506090974908,25.471739494341808,25.470961280439425,0.0007782139023817557
4176.459888581523,23.78281537468968,25.46490540208857,25.46410297726408,0.0008024248244876894
4177.420677690399,23.2656863285265,25.45922992538959,25.45840264512006,0.0008272802695310511
4178.381687827548,23.341619480318176,25.454693649062982,25.453840793224746,0.0008528558382372223
4179.345213416218,22.88371508818307,25.45127992383764,25.45040068937195,0.0008792344656886746
4180.306666290281,23.359703360027197,25.448987944115153,25.448081633842598,0.0009063102725555503
4181.270635774733,24.469359848986418,25.447781720866256,25.44684748809617,0.0009342327700833126
4182.23253158968,24.482880623390884,25.44763383020051,25.446670940516313,0.0009628896841946217
4183.196945174415,23.536033151556584,25.448502930292925,25.447510491239854,0.000992439053070002
4184.159284134308,23.61883697079725,25.45033623337034,25.44931347151786,0.00102276185247733
4185.121844479013,22.38597455785566,25.453078673250097,25.452024723643703,0.0010539496063932485
4186.086924332921,24.46803856678469,25.45667726460664,25.455591161980145,0.0010861026264934787
4187.04992812872,23.824698980104813,25.461045024329874,25.45992593326753,0.0011190910623419994
4188.015452594458,22.50867693806981,25.46612653471674,25.46497343845957,0.0011530962571713178
4188.97890004565,23.919691887751355,25.471815978236407,25.470627997593674,0.0011879806427334198
4189.944869328053,24.78911846484243,25.478052646256593,25.47682871051677,0.0012239357398233972
4190.9087606390285,23.843026308660455,25.484714626100587,25.483453810259167,0.001260815841419805
4191.872873691934,22.62129803912274,25.49172015632351,25.49042142490658,0.001298731416931488
4192.839510318267,24.43880597835619,25.49898738544909,25.497649582018884,0.0013378034302079205
4193.804067537599,25.67323312234612,25.506380101298394,25.505002228161427,0.0013778731369664132
4194.771149492967,24.09031207556177,25.51383020491312,25.51241104508489,0.0014191598282291855
4195.7361510833525,23.8206914375528,25.521198727853456,25.51973723237642,0.0014614954770332596
4196.70367857292,23.53761244792054,25.52841763190089,25.52691252041861,0.0015051114822819361
4197.66912473908,22.976396272166426,25.535351047000294,25.53380121696265,0.0015498300376430424
4198.634793004862,22.643231323671447,25.541917572654803,25.540321788574673,0.0015957840801304026
4199.602988914855,23.207119194460237,25.54803558196073,25.54639246292266,0.0016431190380688874
4200.5691020635495,24.040294781758348,25.55358477895759,25.55189313749839,0.0016916414592000192
4201.537744020938,23.666856735602778,25.558505802484294,25.556764186759693,0.0017416157246012707
4202.504302257503,23.81470301207787,25.562695283955474,25.560902446699874,0.0017928372555992532
4203.473390467781,23.977711782102574,25.56610012022546,25.564254535435325,0.0018455847901367175
4204.440393997267,23.274841669766833,25.56863875040966,25.566739108370303,0.0018996420393599725
4205.407619984644,23.110313945399984,25.570262496844897,25.56830732834739,0.0019551684975062356
4206.377377693579,23.7758136194002,25.57092333064909,25.568910992171432,0.0020123384776599964
4207.345049281509,23.298676768382283,25.570579241856265,25.568508324877065,0.002070916979198607
4208.3152537573615,23.721149989917308,25.5691991906679,25.567067968884857,0.002131221783042669
4209.283371151134,24.713507830753542,25.56677178187237,25.564578777274058,0.0021930045983122298
4210.254022599727,24.878018909045412,25.56327772847202,25.561021128298847,0.0022566001731727154
4211.222586004725,24.6726958164154,25.558736214182698,25.55641446793964,0.002321746243059244
4212.19137222646,24.648950190452982,25.553154307563087,25.55076567397302,0.0023886335900648085
4213.162694253679,24.29493811380189,25.54653947410335,25.54408200358557,0.0024574705177821668
4214.1319267947665,24.59589706872464,25.538958153958866,25.53643018149803,0.002527972460837601
4215.103696309584,25.22320856595582,25.530420124964596,25.527819604733015,0.002600520231580604
4216.073375375644,23.44305858050166,25.521021358770096,25.51834654532527,0.002674813444825455
4217.045592584215,22.60841605784572,25.51078246267614,25.508031209777677,0.002751252898463802
4218.0157183809615,24.355323831559986,25.499827047926637,25.49699752633607,0.002829521590565505
4218.986067353873,24.028829797614208,25.488214078458764,25.485304231416364,0.002909847042399164
4219.958956222781,23.041709228119316,25.476003972250982,25.47301149482808,0.002992477422904609
4220.929752235004,24.30346298495226,25.46335188712733,25.460274817882894,0.0030770692444370236
4221.903089313353,25.116349087606185,25.450300123190026,25.44713604571835,0.0031640774716781084
4222.874332570839,25.28567088156797,25.437018339394594,25.43376519954276,0.0032531398518343023
4223.848118065119,25.202623613480686,25.423554892831827,25.42021015802019,0.003344734811637112
4224.819808773912,23.661107597455725,25.410088149947192,25.406649669539625,0.003438480407568645
4225.791723018877,22.33194764074085,25.39670234207273,25.393167694914997,0.003534647157731111
4226.76618125695,22.853945663836388,25.383483227928398,25.37984969809851,0.0036335298298889925
4227.738543262347,23.010899424086233,25.37061094603641,25.366876230901788,0.0037347151346227314
4228.713450432869,22.35036860346827,25.35814061439361,25.354301869413877,0.003838744979730824
4229.68626040498,22.14094849563321,25.346245938793192,25.34230075489823,0.00394518389496411
4230.661616714773,23.303339750136733,25.3349821846999,25.330927583461104,0.0040546012387952185
4231.634874859978,24.690078480215792,25.324510051334887,25.320343513045383,0.004166538289504087
4232.608356901939,24.285549727511807,25.314903681805212,25.31062236608789,0.0042813157173229284
4233.58438704073,24.30029606918686,25.306239458571127,25.30184017599511,0.0043992825760184
4234.558317565407,24.428040129361307,25.298646424115958,25.294126480939582,0.004519943176377106
4235.53479736082,23.742968832700516,25.29216888778104,25.287524946758055,0.004643941022987045
4236.509176574828,23.58546367121687,25.286909718975163,25.28213896467441,0.004770754300755454
4237.4861062340215,25.088356631763872,25.28290666860661,25.2780056100836,0.004901058523011622
4238.460934344072,24.401069326371047,25.280232884266017,25.275198579750583,0.005034304515432729
4239.4359867120465,23.594941530159986,25.278921535819318,25.27375066456953,0.005170871249788295
4240.4135912871925,24.048139244593816,25.279008217556488,25.27369704674975,0.0053111708067373475
4241.389092861332,24.398799217895316,25.28051651515732,25.27506190458849,0.005454610568830876
4242.367147818442,23.16791768787664,25.28346640633582,25.277864453977305,0.005601952358514373
4243.343098805693,24.46162774715708,25.28784557304439,25.282093000149622,0.005752572894767045
4244.321604352258,25.639370844313138,25.29366654694132,25.28775927574465,0.005907271196669368
4245.298004959668,24.54162670276321,25.300882067854953,25.29481667595022,0.006065391904734101
4246.276961303274,24.24689546064326,25.309497091923216,25.30326931908158,0.006227772841635723
4247.25381173798,25.392035139186877,25.31943201944993,25.313038294350893,0.0063937250990376195
4248.230886895845,23.891843004305773,25.33065716811749,25.324093451757005,0.006563716360484791
4249.210519555549,24.33723162881347,25.343146601826717,25.336408347362198,0.006738254464520583
4250.188044851476,23.056582496116107,25.35677545897468,25.34985886165572,0.006916597318962184
4251.16812882748,23.922952437688537,25.371534667486443,25.364434980341954,0.007099687144490679
4252.146104468848,24.35194467833856,25.387273443490233,25.379986699118774,0.00728674437145921
4253.126639969077,23.161367457371057,25.40398000340273,25.396501247288125,0.007478756114604856
4254.105066163358,25.039336021700024,25.421482951273173,25.413808047624016,0.007674903649156444
4255.0837174433,24.60323174551377,25.43972579332314,25.431850057454465,0.007875735868675298
4256.064930350592,24.826436884193644,25.458656102154464,25.450574254015724,0.00808184813873949
4257.044032494715,24.63290129341056,25.47808336085371,25.4697910011104,0.008292359743306816
4258.025697446328,24.960704125001826,25.49799850803982,25.489490129669583,0.008508378370236545
4259.005250662344,25.73739333760648,25.518204694034505,25.50947571435885,0.008728979675657268
4259.987367866535,24.37264407257919,25.5386963328506,25.529741009742278,0.008955323108320706
4260.9673723622545,23.78496479912178,25.55927544212638,25.550089003335792,0.009186438790588176
4261.947602306718,25.035721742669466,25.579893199811913,25.57047023084204,0.009422968969872842
4262.9303980107,25.077553329100287,25.600505107045866,25.590839497556985,0.009665609488881708
4263.911079546636,24.62652584669229,25.620923645848183,25.611010327374736,0.009913318473447843
4264.894328024132,25.188576406954898,25.641162320022456,25.630994925878866,0.010167394143589881
4265.875461359587,25.59411016643594,25.66104693882675,25.650620194805455,0.01042674402129332
4266.859162819191,25.36458160002212,25.680600344633195,25.669907618836394,0.010692725796800848
4267.840748162308,25.59706276398595,25.699664902201835,25.688700707969353,0.010964194232483593
4268.822559317842,25.969233627683483,25.718230620147295,25.706988721628743,0.011241898518552815
4269.806940371727,25.518998914596526,25.73629051062926,25.72476386119073,0.011526649438531279
4270.7892038471955,24.60805078422118,25.753718253314204,25.741901034872228,0.011817218441975539
4271.774038404965,24.658070158783975,25.770565055399576,25.75844993302275,0.012115122376826012
4272.756754408751,23.88591075933391,25.786727782776623,25.77430870856547,0.012419074211152141
4273.742042679334,23.5143578811701,25.802270315805675,25.78953965692483,0.01273065888084589
4274.725211419917,23.575967085439405,25.817113545931885,25.804065017486895,0.01304852844499159
4275.708606337177,24.27808604364157,25.831298578599696,25.817925024422603,0.013373554177094325
4276.694575298296,25.234731811362394,25.84486849963057,25.831161821745756,0.013706677884815726
4277.678423265129,25.30474936425719,25.857777762720268,25.843731307147884,0.014046455572382717
4278.664846461679,25.314666263427966,25.870115565322866,25.855720911251517,0.014394654071347665
4279.649147686803,25.829148583668943,25.88185794955968,25.86710818751109,0.014749762048593068
4280.636025328054,25.809928609342368,25.893101795057365,25.8779881710432,0.015113624014166563
4281.620780020286,25.63281229077006,25.90384008862954,25.888355430052997,0.01548465857654165
4282.605761254041,25.415974275770964,25.91415150775749,25.89828763187009,0.015863875887401367
4283.593320683849,24.580659667837608,25.924114641856082,25.907862275273402,0.0162523665826816
4284.578755697992,25.766317973647805,25.933741139284816,25.917092700351034,0.016648438933782952
4285.566770095962,26.036523305040532,25.94313990421316,25.926085759619358,0.01705414459380374
4286.552659099548,27.188036349543044,25.95233098809094,25.934863273504124,0.01746771458681344
4287.541128675282,26.471799438996417,25.96142175154415,25.943530462674822,0.01789128886932826
4288.527471877464,24.29105541681224,25.970433390687038,25.95211037250488,0.018323018182159135
4289.514041986605,26.162958567569493,25.979453100221736,25.96068903012046,0.0187640701012772
4290.503194450693,24.415403677690282,25.988565836818704,25.969350133109206,0.019215703709497142
4291.490219072214,24.130302189947656,25.997789201539664,25.978113258063264,0.01967594347639952
4292.479827238373,24.367023941513256,26.00722577773106,25.987078613324147,0.020147164406909918
4293.4673065816705,24.757370238332218,26.016885123779513,25.996257821093863,0.02062730268564936
4294.457370659842,25.638496925376558,26.02686367863396,26.005744845296686,0.021118833337274004
4295.445304934405,26.201165471172885,26.03715885280098,26.01553925191067,0.02161960089031024
4296.433466481948,25.720006512287345,26.047833535190794,26.025702584460433,0.0221309507303624
4297.424214550042,26.05533545053004,26.058949202883994,26.036294870980754,0.022654331903240104
4298.412831343142,26.04822133423443,26.070481465719038,26.047294020745465,0.023187444973573036
4299.404035848402,25.728217188772422,26.082506737335713,26.058773706622983,0.02373303071272961
4300.39310809679,25.210170527725836,26.094982371155698,26.070693681989887,0.02428868916581198
4301.384769249494,23.923566261703513,26.107975032141628,26.083117758159492,0.024857273982134498
4302.374297162998,23.97063095795693,26.121422865096157,26.095986584134007,0.02543628096215186
4303.364052716099,24.817071386256657,26.135349683608144,26.109322428006386,0.026027255601757334
4304.356398962072,25.172415148906342,26.14977642322987,26.123144562837396,0.026631860392472964
4305.346610495086,25.18108151169406,26.16461387216922,26.13736644454779,0.02724742762142724
4306.339413914502,25.5848258181145,26.179906118307443,26.152029008015106,0.027877110292338733
4307.330081637501,26.055092001683423,26.19554704712457,26.167028920446363,0.028518126678206593
4308.323342440983,24.77966557501179,26.211572332968082,26.18239857626512,0.02917375670296482
4309.314466564131,25.039061361462817,26.22786147408475,26.19802037355485,0.02984110052990124
4310.305818694082,25.603631721325883,26.24440274519921,26.213880817157307,0.03052192804190283
4311.299765695957,25.76242487286129,26.261182411244697,26.22996427056749,0.031218140677206886
4312.291574541364,25.896342546094843,26.278062263845946,26.246135610252878,0.03192665359306799
4313.285979454151,26.31717196772536,26.29506036706427,26.26240928438695,0.0326510826773182
4314.278245225423,26.96942968907706,26.3120303195985,26.27864210533436,0.033388214264140945
4315.273108260082,28.514081409476834,26.328984473486766,26.294842667067417,0.034141806419349725
4316.265831167724,28.871466397071234,26.345771769196055,26.310863257021683,0.0349085121743727
4317.258782449967,29.33341162390832,26.36236116163047,26.326670809536864,0.03569035209360618
4318.2543327899275,30.747470724552272,26.37871863300125,26.342229138889707,0.03648949411154358
4319.247741524355,30.81438378446285,26.394693429273723,26.35739104652725,0.03730238274647117
4320.243750513885,30.47641852409481,26.410288780072584,26.37215562837027,0.03813315170231463
4321.237616911246,31.536804711865443,26.425357944722943,26.38637984421502,0.0389781005079208
4322.234084761645,31.9497355709168,26.439901527182915,26.400060005646182,0.039841521536734426
4323.228409032784,30.63587959938889,26.453780931807977,26.413061367353418,0.04071956445455975
4324.225335955449,28.99331150442379,26.46699546269957,26.42537877745504,0.041616685244528176
4325.220118311308,29.150109207720675,26.479418065370147,26.436889186648113,0.042528878722034424
4326.215129515541,29.264873490927584,26.491019793859365,26.44756126417437,0.04345852968499349
4327.212745169353,29.600572804338643,26.501767454086536,26.45735926158171,0.04440819250482458
4328.208214774776,29.73585337496138,26.511555673060403,26.46618205284155,0.04537362021885423
4329.206290029647,29.68007861997342,26.52038061969835,26.474020919696144,0.04635970000220747
4330.202218247445,29.851081667508424,26.52815413018934,26.480792113112194,0.04736201707714298
4331.200753315113,30.542426453678218,26.534870852471048,26.486485212163103,0.04838564030794383
4332.1971403565685,31.4197328665141,26.540460657509694,26.491034675795035,0.04942598171465905
4333.193756615554,31.785110050859434,26.54490788230984,26.49442213779847,0.05048574451137036
4334.1929815253625,32.391826191818616,26.548190791668542,26.49662297146363,0.0515678202049137
4335.190056924986,32.85095407046492,26.550270972570182,26.49760362179883,0.05266735077134969
4336.189742177236,32.66867122636996,26.551140776262958,26.497350893283762,0.05378988297919479
4337.187276929023,32.81607846261739,26.55078328144606,26.495852909806967,0.054930371639091376
4338.187422735796,34.82269205592923,26.549189351279182,26.493094786777956,0.056094564501224846
4339.18541705137,36.267461084156366,26.54636441476581,26.489087191339983,0.05727722342582895
4340.183640954226,39.106578179488906,26.542308810993447,26.4838274080445,0.05848140294894589
4341.184477715924,41.0070147835254,26.53701667678897,26.47730631092717,0.05971036586179993
4342.183161500058,40.11986221733741,26.530526338949663,26.469567765321223,0.060958573628441204
4343.184459346779,38.72010209510336,26.522824384584847,26.460592082984835,0.06223230160001338
4344.183603224059,35.67413671052054,26.513969644111604,26.450443840770426,0.06352580334117877
4345.185362368223,33.87092150741888,26.503946623722022,26.439101048074505,0.06484557564751632
4346.184966550613,32.23684915297293,26.49283412416302,26.426648466153182,0.06618565800983818
4347.184800690632,31.416697038589177,26.48064529915769,26.41309580807884,0.06754949107885107
4348.187251904304,32.109820874022724,26.46738704633562,26.398446301417835,0.06894074491778564
4349.187546667436,32.59837693247858,26.453166218087528,26.38281309186009,0.07035312622743915
4350.1904597099065,31.504779744358647,26.437962996266158,26.366169284316666,0.0717937119494914
4351.191215308363,32.250113993974544,26.421901189180108,26.34864521037359,0.07325597880651952
4352.194590392396,31.108170361827547,26.40495922644271,26.33021197969185,0.07474724675085942
4353.195807038483,29.857675593960835,26.38727605641817,26.311015300439166,0.07626075597900338
4354.197254013142,29.895670260108204,26.368873311040264,26.291072941229938,0.07780036981032577
4355.201322283062,28.3820593080319,26.34976873463632,26.270398531381147,0.07937020325517431
4356.203230623868,30.07031671730499,26.330120206213085,26.249157076844302,0.08096312936878237
4357.207761467563,31.02777190042184,26.30990290666015,26.227315803216833,0.08258710344331573
4358.210131387067,30.8427403731954,26.289283224515774,26.20504847931747,0.08423474519830497
4359.215125017646,31.49063890366108,26.268234585797156,26.182320310284325,0.08591427551283076
4360.217956728497,33.069429643090416,26.24693014660685,26.159312092732925,0.0876180538739246
4361.221019139465,33.27343353427808,26.22539429246262,26.136043888047283,0.08935040441533745
4362.226707074109,34.11061458336883,26.203650262502073,26.112534336242902,0.09111592625917136
4363.230231595454,35.29764827112445,26.18187770062745,26.08897112505654,0.09290657557091245
4364.236382850053,37.42582398851414,26.160049584677346,26.06531831853487,0.09473126614247344
4365.24036969467,38.22534329295718,26.138346689022185,26.04176501275768,0.096581676264505
4366.246984482675,36.51748513039229,26.11674243397277,26.018275425193217,0.09846700877955324
4367.251433863555,34.78697165977633,26.095415957695135,25.99503730080388,0.1003786568912547
4368.256114316695,33.3975841230157,26.074390831731904,25.9720693866643,0.10232144506760144
4369.263424528749,31.701702811400654,26.053692284758455,25.949391787809862,0.10430049694859286
4370.268567837697,30.91296808278685,26.033491100609425,25.927184336025604,0.1063067645838199
4371.2763421170885,30.297564771446222,26.01376144529276,25.905411241955868,0.1083502033368926
4372.281948495082,29.418208810628133,25.99466553520842,25.884244073416493,0.11042146179192748
4373.290187055607,29.411342304697886,25.976178102969012,25.86364729440802,0.11253080856099325
4374.296256715983,28.739454699423167,25.958450296054536,25.843781714775538,0.11466858127899818
4375.302557821363,28.699830798686893,25.94149723813972,25.824657092765683,0.1168401453740364
4376.311492927725,28.78762635966291,25.92533804633876,25.80628685598787,0.11905119035088926
4377.318257635547,28.243842785934138,25.910103119672023,25.788811546236627,0.12129157343539747
4378.327657557836,27.961983121294338,25.895769491160422,25.772197114180294,0.12357237698012878
4379.33488608168,29.288336133615303,25.8824506432783,25.756567515008836,0.12588312826946418
4380.344751034035,28.630385454619617,25.870124183340423,25.741888935690035,0.1282352476503858
4381.3524435875825,28.767349359574954,25.858884916340408,25.728266991575364,0.13061792476504427
4382.360367959479,28.033617424221806,25.848733315688655,25.71569620827606,0.13303710741259359
4383.370930581272,26.81562411775826,25.83967552298242,25.704176430087685,0.13549909289473672
4384.379319303448,25.84516626932077,25.831775848996983,25.693783298944098,0.13799255005288394
4385.390347490962,24.38849321672183,25.825013276628802,25.684483501330917,0.14052977529788643
4386.399200777345,24.220948391264415,25.819431983531487,25.676332903158396,0.14309908037309219
4387.4106947450655,23.999719973988707,25.815011269867107,25.669298145109437,0.14571312475766882
4388.420012809679,24.175232027084576,25.811772643468323,25.663412788223724,0.14835985524460005
4389.4295630665865,24.648683853253264,25.80969913641979,25.65865329259561,0.15104584382418126
4390.441755829158,25.286569769617017,25.808779200575035,25.65500116287397,0.15377803770106552
4391.4517711853905,25.920635411772313,25.80900180776188,25.65245798607807,0.15654382168381242
4392.464430264688,24.310475144038605,25.810347827904675,25.650991033754543,0.15935679415013032
4393.474910934516,25.331591160166344,25.81278592889825,25.650581973680783,0.16220395521746803
4394.488036545371,25.152100695149674,25.8162986074546,25.651199315975436,0.16509929147916166
4395.498982743165,24.969501575630034,25.820835656480227,25.652806246044953,0.1680294104352752
4396.510161507803,25.850701089252425,25.826366293177138,25.65536474311199,0.17100155006515042
4397.523987040737,24.782195778409122,25.83286536540088,25.658842016111972,0.1740233492889093
4398.535631654952,25.949907534628892,25.840256043984247,25.663175231931845,0.17708081205240234
4399.5499242568285,26.120313404223907,25.84852415329678,25.66833522678346,0.18018892651332166
4400.562034935238,25.82614812865336,25.85757822871391,25.67424494453173,0.18333328418218037
4401.576794821234,25.883366930646048,25.86740650884572,25.6808772224817,0.18652928636401783
4402.589371778554,25.948731905583262,25.877905238301572,25.688143134078828,0.18976210422274503
4403.6045991639485,25.25319438927727,25.889065421338113,25.69601786208706,0.19304755925105269
4404.617642614993,24.678540669493604,25.90077279749936,25.70440240312207,0.1963703943772896
4405.630919115351,24.553033425644916,25.91299094898174,25.713252184555177,0.19973876442656235
4406.646847874845,25.02140611818459,25.92568747148238,25.722526213717423,0.20316125776495633
4407.660591191207,24.543971718576362,25.938738269581634,25.73211630907188,0.2066219605097551
4408.676987988598,23.193180187421834,25.952142133966916,25.74200435916553,0.21013777480138615
4409.691198336025,23.81027307537318,25.965772468435116,25.75208012947762,0.2136923389574967
4410.708063386938,25.495939939227128,25.979631648048017,25.762328648567333,0.21730299948068432
4411.722740980592,24.5419721088191,25.993591632033652,25.77263869288691,0.22095293914674197
4412.737651999491,25.046086005105398,26.007623981361846,25.782972909835838,0.22465107152600944
4413.755219555892,25.282874340970924,26.021702205128744,25.793295436851032,0.22840676827771234
4414.770598143818,24.15069363180112,26.035700572211162,25.803498057442845,0.2322025147683164
4415.7886344931085,25.4264987566786,26.04962884776407,25.813572050345513,0.23605679741855623
4416.804480865469,24.68306007885133,26.06336600182464,25.823414374827465,0.23995162699717473
4417.822986223622,24.663769358706077,26.076924806655253,25.83301884919644,0.2439059574588128
4418.839300595924,24.948396433311704,26.09019053575339,25.84228921825921,0.24790131749417899
4419.855848770012,24.741256837749233,26.10314815361405,25.851200736177294,0.25194741743675564
4420.875057766866,24.580022955469534,26.115782033840116,25.859727584709375,0.2560544491307407
4421.892074264215,25.38424893761385,26.12798947492333,25.867786270286718,0.2602032046366107
4422.911752810171,25.224764973966675,26.139788850046514,25.875375015939824,0.2644138341066908
4423.929237846539,26.652846312023943,26.151087003189815,25.88242037391275,0.26866662927706564
4424.949386157917,25.30376724583323,26.161904308037073,25.888922078428298,0.2729822296087767
4425.9673399491585,23.954914982414152,26.172159050881653,25.894818631460346,0.2773404194213063
4426.985527919332,25.273650334671288,26.18185062861707,25.900098887255652,0.2817517413614197
4428.00638100445,25.346645454228565,26.190976499549297,25.904749258082617,0.28622724146667894
4429.025038053339,24.62216665580627,26.199472664291964,25.90872673404882,0.2907459302431455
4430.04636144499,25.042432191646757,26.207362192517486,25.91203249689945,0.29532969561803757
4431.065487788699,25.100514508779156,26.21459332802102,25.914636304450465,0.29995702357055554
4432.0872817035515,24.578096172290316,26.2211894860823,25.916539174788117,0.3046503112941816
4433.1068775582835,24.631026529215664,26.22711163348451,25.91772411981222,0.30938751367228773
4434.126707969701,25.273920833389752,26.23237197580802,25.918191937750954,0.3141800380570663
4435.149207795168,23.377269130652397,26.236979794104165,25.91793997901633,0.3190398150878334
4436.169508041973,24.804557699388624,26.24091627618314,25.916972284784638,0.3239439913984996
4437.192478932623,25.047552940463223,26.244206739552446,25.915290479725527,0.3289162598269176
4438.2132492312685,24.993232636276847,26.246845115581138,25.91291189529485,0.33393322028628786
4439.236691404124,25.572788625142834,26.248857283735642,25.909838191157487,0.3390190925781564
4440.257931971162,23.744812385504815,26.250250570085964,25.906100646093588,0.34414992399237476
4441.27940747325,25.19865560535675,26.25105084438753,25.901712829289284,0.34933801509824686
4442.303556695424,25.64335133699331,26.251282392814257,25.896686185613547,0.35459620720071083
4443.325502790792,24.84414622721556,26.25097253100693,25.89107282260338,0.35989970840354835
4444.350123838026,24.487033819099,26.25015187012742,25.884877795013985,0.3652740751134364
4445.372540743476,24.989481027127685,26.248859736789672,25.8781657877517,0.3706939490379721
4446.397633833141,25.01032399376504,26.247128303381164,25.870942874854695,0.37618542852646863
4447.420521765574,25.1311973864905,26.245006679159825,25.863284095355283,0.3817225838045437
4448.443645012032,25.288606833042994,26.242534848949514,25.855216216406298,0.3873186325432174
4449.469446291559,26.256796653764127,26.239752053854183,25.84676470618283,0.3929873476713517
4450.493040890411,26.314951797474578,26.236720535474365,25.838018601897364,0.39870193357700073
4451.519314756101,25.512831543815537,26.23347787865085,25.82898801985444,0.4044898587964113
4452.5433809245005,26.561983711732413,26.23009347250139,25.819769727806257,0.4103237446951334
4453.570127594075,25.43284299200627,26.226606974366753,25.81037536082269,0.4162316135440637
4454.594665549271,24.63993634085,26.223091206019195,25.800905706448287,0.4221854995709073
4455.619439198079,25.205276581681005,26.21959498346084,25.79139542741366,0.4281995560471776
4456.646895199896,25.443047035970494,26.2161686915333,25.781880188923434,0.4342885026098671
4457.672140961437,24.547151118898004,26.21288815863011,25.772464672538966,0.4404234860911435
4458.700070311748,24.31314475831391,26.20979752088941,25.76316359691444,0.44663392397497137
4459.725788403526,24.796634167696997,26.206970220585976,25.754079853549406,0.45289036703657165
4460.7541913204,25.325538231150862,26.20445059570305,25.745227801075654,0.45922279462739785
4461.780381960017,24.804206051054624,26.202306609563518,25.736705451086348,0.46560115847717026
4462.806808673441,24.44234326928995,26.200584859887936,25.728544300078767,0.4720405598091705
4463.835922066785,25.105391808749008,26.199336436113065,25.7207797626971,0.4785566734159643
4464.86282165451,25.262141654580322,26.198619808561048,25.713501260574812,0.485118547986237
4465.892409159907,24.350910540930272,26.198478058768536,25.706720485388633,0.49175757337990306
4466.919781839785,25.137552025615037,26.198955685698927,25.70051349236693,0.498442193331995
4467.949843675658,25.17997870922648,26.200096902618828,25.694892539041486,0.5052043635773407
4468.977689665641,24.68529065289897,26.201934283448626,25.689922362257203,0.5120119211914219
4470.005772110246,25.30486796754144,26.204504232056774,25.68562331125375,0.5188809208030227
4471.036545568659,26.67202259040369,26.20784653842935,25.68201854500011,0.525827993429244
4472.065101650357,26.55765365147761,26.211972275542376,25.679152211355877,0.5328200641865003
4473.096349985613,26.279037890700014,26.21692439025001,25.67703388651899,0.539890503731018
4474.1253799226115,26.809964452264243,26.222698227701937,25.675692599694262,0.5470056280076743
4475.157103353487,27.285469987933883,26.22933608396457,25.675136710987967,0.554199372976601
4476.1866073640895,27.247835293158005,26.236817511130642,25.675380065991558,0.5614374451390829
4477.216348210735,27.612725579810103,26.24516473559158,25.676427885231213,0.5687368503603676
4478.248784412072,27.387533315929204,26.25440453757621,25.678289368712342,0.5761151688638688
4479.2789996598385,26.897976412215034,26.264493390090365,25.680956196293113,0.5835371937972507
4480.311911504044,26.490517950314146,26.27547634154376,25.684438073076638,0.5910382684671239
4481.342601371486,25.916480135304823,26.287295016541467,25.688712438707448,0.5985825778340177
4482.375989077687,25.51885950371855,26.299997215799404,25.69379119087042,0.6062060249289826
4483.407153783463,26.075522977964965,26.31351136096829,25.69963917313579,0.6138721878324991
4484.441017570892,25.759468113792536,26.327888874446764,25.706271347717607,0.6216175267291559
4485.472657333759,26.390262802213787,26.343046497312432,25.71364148270932,0.6294050146031108
4486.504534423997,26.783942475547978,26.35900085836985,25.72174799461851,0.6372528637513404
4487.53911246056,27.434308786629803,26.375775052403256,25.730595202010996,0.6451798503922597
4488.571464936085,27.768753402139055,26.393270656290692,25.740122611653796,0.6531480446368984
4489.606519602259,25.810823335872673,26.411552493622974,25.750357208619427,0.6611952850035486
4490.63934768208,26.474433680362385,26.430514847783787,25.76123180466406,0.6692830431197274
4491.674879197448,26.780627825867104,26.450229467901597,25.77277976584107,0.6774497020605277
4492.708183100676,26.601944695487077,26.470583642714175,25.784927504210252,0.6856561385039225
4493.741724714109,26.00131893721209,26.491605044687546,25.79768356586929,0.693921478818259
4494.777971630769,25.56665038499307,26.51332842982093,25.811063031224958,0.702265398595974
4495.811989396333,26.105999860498404,26.535633340444768,25.824985450232926,0.7106478902118416
4496.848713711455,25.125818623511808,26.558610003834396,25.8395013274725,0.7191086763618936
4497.883207848514,26.39262238334254,26.582133941859123,25.85452677625041,0.7276071656087149
4498.920409782037,27.575390514383916,26.60630390503996,25.87012029828297,0.7361836067569902
4499.955380510055,27.123996818326304,26.630992326323156,25.886195496364603,0.7447968299585512
4500.990589331727,26.040139664830463,26.65624418054328,25.902777336611646,0.7534668439316341
4502.028507820557,26.15718862182871,26.68211038368124,25.91989619789078,0.7622141857904626
4503.0641935624435,26.61679507513077,26.70845704141511,25.93746021166874,0.7709968297463705
4504.10259021983,26.09794316020691,26.735400041625756,25.95554373111203,0.7798563105137248
4505.138753101646,26.986926794642958,26.762801769568895,25.974051729742946,0.7887500398259488
4506.17762814788,28.19811185643869,26.79078404828864,25.99306399436771,0.7977200539209299
4507.214268389445,27.927760871889863,26.819204931038477,26.012481721617448,0.8067232094210315
4508.2511471087355,27.22707555689556,26.84812196733301,26.032341611750923,0.8157803555820874
4509.290739866153,27.33673781812036,26.87759752738134,26.05268468456067,0.8249128428206697
4510.328096274978,27.13023077340722,26.907482459780056,26.073405749289215,0.8340767104908394
4511.368167972286,27.03793452990783,26.93790971806255,26.09459450666384,0.843315211398709
4512.406002290717,27.640730520208653,26.968723442003437,26.11613959126699,0.8525838507364489
4513.446553148563,28.151993905699896,27.00005756038289,26.138131208490684,0.861926351892205
4514.484865596772,27.316410879807453,27.031747976497403,26.16045028119079,0.8712976953066136
4515.523416907395,27.655245897593318,27.06385210025995,26.183132581731456,0.8807195185284954
4516.564686634166,27.403378298553097,27.096429352201007,26.206215425780634,0.8902139264203739
4517.603716404886,27.127544513056936,27.12930391461258,26.229568783071013,0.8997351315415695
4518.645465844126,26.522540837061573,27.162609372342036,26.253281383925,0.9093279884170349
4519.684974295369,25.992215614956084,27.19616139518842,26.27721518420612,0.9189462109822986
4520.727203668082,27.138220889398784,27.23009206758686,26.301456980684694,0.9286350869021649
4521.767191020376,27.642867460084517,27.264209298545033,26.325861455550648,0.9383478429943868
4522.807417620393,26.8685170210149,27.29856080496989,26.350453962766306,0.9481068422035838
4523.8503670216405,27.535868570856906,27.33319429001319,26.37525941580904,0.9579348742041489
4524.891072853559,27.97442190082495,27.367906968883936,26.40012251057445,0.9677844583094843
4525.934502741102,26.70959902391712,27.402823965110702,26.425122053571876,0.9777019115388247
4526.975688025704,26.151225165466258,27.437736090922385,26.450096793429633,0.9876392974927536
4528.019598620901,25.904035113496093,27.472764182002354,26.475120859678583,0.9976433223237722
4529.061263579069,26.131331025102895,27.507693972199927,26.50002836465417,1.007665607545758
4530.103168170894,25.476572230985088,27.542560013922497,26.52483084606257,1.0177291678599274
4531.147799956105,25.112148034432494,27.577395106396086,26.549537709054782,1.0278573973413039
4532.190184552879,25.868370897846265,27.611982777366865,26.573981495871145,1.0380012814957207
4533.235297599459,26.31568006325506,27.646437027229215,26.598228589576628,1.048208437652588
4534.2781624223235,27.053702524434925,27.680542375545006,26.622112929607006,1.058429445937999
4535.323756951988,25.57821940710585,27.7144100055783,26.645697743306474,1.0687122622718257
4536.367102222182,25.711935246680245,27.747827606270054,26.668820529127913,1.0790070771421405
4537.410687512585,26.943846752588456,27.78082673923658,26.691489266555852,1.089337472680727
4538.457004395616,27.025393793167954,27.813436407607693,26.713709051280894,1.099727356326798
4539.501070465268,26.661238014574455,27.84545491836565,26.735328553217812,1.1101263651478392
4540.547869385991,27.44819161316514,27.87699082493748,26.756407593082812,1.1205832318546651
4541.592416456386,28.11764056845493,27.90785223199195,26.77680498616078,1.1310472458311702
4542.639697636876,28.048617618540334,27.938147789496394,26.796580368071766,1.14156742142463
4543.684725929611,27.35150704814851,27.967698074044733,26.815605355890426,1.152092718154307
4544.729994629731,27.059595234978705,27.996544109265322,26.833896918485596,1.1626471907797251
4545.777999328818,27.971200885315852,28.02472387593236,26.851468717178385,1.1732551587539735
4546.823749583732,27.38781005692579,28.05207830531702,26.868213183661922,1.1838651216551
4547.872237098088,27.072945387114604,28.07871648702576,26.884189766562987,1.1945267204627723
4548.918469129649,26.40780984600463,28.104494565676358,26.899306393719918,1.2051881719564408
4549.967439681704,26.316125345760838,28.129522846911918,26.913623511301335,1.215899335610583
4551.014153711866,27.26463118281527,28.15367396593042,26.927065800700717,1.226608165229703
4552.061108537216,27.30339156841183,28.177005488474105,26.93966640518432,1.2373390832897857
4553.110803774978,25.830954682804535,28.19957141345198,26.951454703382357,1.2481167100696224
4554.15824093192,26.751663655397696,28.221269782649888,26.96238113922505,1.2588886434248348
4555.20841976378,27.793300120460003,28.242214004834693,26.972508800611305,1.269705204223389
4556.256339474523,27.530533503825044,28.262317661176898,26.981803881877266,1.280513779299632
4557.307002123273,26.947498485287724,28.281693688403763,26.990328849387318,1.291364839016447
4558.35540461013,27.400492285303017,28.300270404921083,26.998064824012523,1.30220558090856
4559.404048280601,27.309367509330514,28.31811811002652,27.005057429344067,1.3130606806824547
4560.45543678405,28.398482741761427,28.3353025712413,27.01134763218153,1.3239549390597698
4561.504563564164,27.49930962867677,28.351769742352545,27.016934430783316,1.334835311569228
4562.556436441798,26.999532034923394,28.36762771694941,27.02187516634965,1.3457525505997612
4563.60604655412,28.286693944457628,28.382831857558404,27.026178378650265,1.356653478908141
4564.658404029091,27.554568355340283,28.397486913258287,27.02989798930413,1.3675889239541605
4565.708497696295,27.734737147912483,28.411555782108607,27.03305018290883,1.3785055991997772
4566.7613399918555,27.66259722045743,28.425138143940504,27.035683758957013,1.3894543849834917
4567.811917436714,27.511943999588425,28.438201621779204,27.037819712359283,1.40038190941992
4568.862736565534,27.732945614092504,28.450811196288523,27.03949820489726,1.4113129913912639
4569.91630622161,28.0738593104918,28.463026912675275,27.040754439334926,1.4222724733403482
4570.967609462305,27.893376323254305,28.47482053279121,27.041613631517382,1.4332069012738267
4572.0216644974225,28.027056789919357,28.486276310310668,27.0421091221565,1.444167188154167
4573.073452073021,28.010677052136657,28.49736488911141,27.042265032663295,1.4550998564481155
4574.127992710794,26.758317923871914,28.5081618978753,27.04210610647339,1.4660557914019117
4575.18026484443,26.88439321502938,28.518635757037433,27.041654239627825,1.4769815174096073
4576.2327790518875,28.691166516658544,28.52882940728298,27.040927594299234,1.487901812983748
4577.288048223484,28.0330285693193,28.538780503196847,27.039939107257943,1.4988413959389046
4578.341047323738,27.863594414351386,28.548453063464255,27.038706221326905,1.5097468421373492
4579.396802657341,27.74467069315824,28.55790143359619,27.03723257083938,1.52066886275681
4580.450286873783,27.762729603754792,28.567085941833394,27.035531840908142,1.5315541009252507
4581.506528593367,27.655116890512208,28.57605265084104,27.03359949538203,1.5424531554590077
4582.560498149486,27.02930562078882,28.584757572790746,27.031444809274234,1.5533127635165118
4583.614710169917,26.31208659181823,28.593217787258734,27.02906026415828,1.564157523100456
4584.6716815985255,27.148089931103986,28.601444360900025,27.02643247753716,1.5750118833628652
4585.726379293934,27.41536555329981,28.60938747485193,27.02356470154167,1.58582277331026
4586.783837668779,27.441576879118998,28.61707216342161,27.0204317616193,1.5966404018023115
4587.839021262915,27.240981271783998,28.624446295521235,27.017034435371052,1.607411860150182
4588.896966808331,27.05029424058228,28.6315273061344,27.01334014921764,1.6181871569167596
4589.95263652505,27.661819016452,28.63826177024955,27.009348196721582,1.6289135735279685
4591.0085490972,27.770767577211927,28.644645159843154,27.00502977795429,1.6396153818888615
4592.0672255287345,27.88693013071736,28.650668505212685,27.00035189138214,1.6503166138305454
4593.123624559305,28.52369451777918,28.656279483998887,26.995314595515577,1.660964888483311
4594.18278872257,28.059572816638138,28.6614805923448,26.98987099097125,1.6716096013735506
4595.239674435674,26.694089043552257,28.666222408864027,26.9840237765776,1.6821986322864246
4596.299326555366,27.237531372743888,28.670502465295527,26.977721379225084,1.692781086070445
4597.356699175217,26.797136570730913,28.6742753480438,26.970970216305087,1.703305131738713
4598.414315042249,26.63252769674853,28.677527315560173,26.963732750144953,1.71379456541522
4599.474699227054,27.453233293125436,28.680240636194412,26.95596778642988,1.7242728497645317
4600.532802337215,27.507228998849655,28.682380525525208,26.94769188416742,1.7346886413577876
4601.593675040511,26.726846438358283,28.68393710043599,26.93884689649345,1.7450902039425389
4602.652265618272,27.382728842537404,28.68488526392669,26.929458708538437,1.755426555388256
4603.71362706512,26.01537446677537,28.68521440307031,26.91946882621521,1.765745576855103
4604.772705335059,27.542435447437473,28.68491039758651,26.908913721047,1.775996676539511
4605.832027244563,27.689805230016194,28.683965339908717,26.897762317431862,1.7862030224768557
4606.894121937418,27.285909028161544,28.682368309732794,26.88598095505652,1.796387354676275
4607.9539318760235,28.035044825151545,28.680123652605396,26.87362393147144,1.8064997211339562
4609.016515875401,27.695747878784918,28.67722124129648,26.860634310057744,1.8165869312387342
4610.076814067942,28.158065561549737,28.673679510362433,26.847080014243147,1.8265994961192866
4611.139887599263,28.066435161049643,28.66949025712215,26.83290650700075,1.836583750121399
4612.20067427068,28.840848022900445,28.664686629476808,26.818195932812987,1.8464906966638195
4613.261704974675,29.594954754032077,28.659276656177752,26.802933933844045,1.856342722333707
4614.325512934806,28.944521858650322,28.65326675513299,26.787105064147262,1.8661616909857264
4615.387032455144,27.81496290629025,28.64671154041109,26.770812141659928,1.8758993987511625
4616.451330511098,28.10154797546568,28.639610109104947,26.754009231661374,1.8856008774435726
4617.513339072975,29.23651274067629,28.632031074413703,26.736812586228716,1.895218488184986
4618.578127450539,28.56948578929644,28.6239769001653,26.719180204391094,1.9047966957742064
4619.640625279258,28.55650809308827,28.615527472898755,26.70123901763198,1.9142884552667747
4620.703367534205,30.281199598979132,28.60670863514563,26.682993416104658,1.9237152190409714
4621.768891525287,29.716387871028818,28.597545236536362,26.66444741355359,1.9330978229827729
4622.8321233850875,28.6463532020465,28.588130046120416,26.64573987947697,1.9423901666434462
4623.898138262566,28.593799462567635,28.578469383553355,26.6268341994953,1.951635184058054
4624.96185995278,28.489488914449684,28.568661456231375,26.60787401579531,1.9607874404360646
4626.028365942808,28.366707465379363,28.558712359115148,26.58882314674398,1.9698892123711689
4627.092577689101,28.60590948211734,28.54872218375762,26.569826424652526,1.9788957591050926
4628.157034255909,28.695823256134872,28.538719410229003,26.550891961877717,1.9878274483512868
4629.2242770460725,28.583291627734983,28.528731552244125,26.532027612614275,1.9967039396298498
4630.289224007515,28.818013769543317,28.518855989351174,26.51337440387264,2.005481585478535
4631.356958475927,28.402775348347518,28.5090933735271,26.494892464821106,2.0142009087059947
4632.42239605793,28.272886025259712,28.49953519575358,26.476716170013916,2.0228190257396634
4633.490622431105,28.675011500888107,28.490177144853003,26.458801430708306,2.0313757141446973
4634.556550859697,28.113811971208975,28.481100997008117,26.441272115321354,2.0398288816867627
4635.6227245037235,28.868305723583944,28.47231707595616,26.424119410958102,2.048197664998057
4636.6916888655705,28.773106820759498,28.46383383569318,26.407333431694987,2.056500403998194
4637.758353695288,28.196480541090413,28.455714939113466,26.39101869541979,2.0646962436936787
4638.82781052851,28.137164333649935,28.447938915548097,26.375115922790506,2.0728229927575907
4639.894966770209,28.522331620389995,28.44055288284717,26.359712228195892,2.08084065465128
4640.964916301687,28.30481527783536,28.433525466683367,26.34473925792126,2.0887862087621083
4642.032564181762,28.061507922854844,28.42688731014689,26.330266766829148,2.096620543317742
4643.100457672827,28.435557712266018,28.420611821836616,26.31625039808686,2.1043614237497525
4644.171146383427,28.00692336222812,28.414670222807395,26.302644487350427,2.112025735456968
4645.239531852519,27.356948233908383,28.409069658270354,26.289493913604,2.119575744666354
4646.3107138289,27.475855309026542,28.403755633762223,26.276709366808124,2.1270462669541015
4647.37959150267,27.78571783330551,28.398720088823236,26.26431955207793,2.134400536745307
4648.45126697208,27.85545240292561,28.393899689900564,26.252227179973072,2.141672509927492
4649.5206370772885,28.433749532371056,28.389273238006627,26.240446731938338,2.148826506068289
4650.592806267078,29.41602193252732,28.384770010478835,26.228874201224343,2.155895809254492
4651.662669030587,29.29694631589996,28.380358730520665,26.217512436192386,2.1628462943282805
4652.732777914619,27.694626349482977,28.3759729477012,26.206277668837842,2.169695278863359
4653.805687816991,27.01105944184872,28.371544779944536,26.195083987938933,2.1764607920056016
4654.876289699679,29.08099054287493,28.36703843697186,26.183922469635526,2.1831159673363354
4655.949693891135,28.759353001305275,28.36238002000042,26.172675717507467,2.1897043024929514
4657.020788999602,28.84004693054192,28.357550099728563,26.161332204850034,2.1962178948785285
4658.09468770786,29.31401686579443,28.352504871046804,26.149772255409925,2.202732615636879
4659.166276269336,29.120705997023606,28.34728466161375,26.13798581297172,2.2092988486420286
4660.238111348352,29.433196520390428,28.341956082117647,26.125881190941488,2.21607489117616
4661.312751964038,29.565826203572218,28.336685804516584,26.113364788142416,2.2233210163741677
4662.385080836966,29.381343996820195,28.331835157931284,26.10043449163653,2.2314006662947525
4663.460216539075,28.531532738336523,28.327953803098637,26.086969224442324,2.240984578656314
4664.533039433407,27.97378726921625,28.325967109935778,26.07297713826909,2.25298997166669
4665.608670450024,28.11112779161806,28.32723494794202,26.05833849370788,2.268896454234143
4666.681987593354,27.86736266957553,28.33371060590735,26.043074131134134,2.290636474773214
4667.755551651883,27.839209995261513,28.348071966335418,26.027105160837884,2.3209668054975334
4668.831925772701,27.805834614921764,28.37389679364776,26.010349722928357,2.3635470707194006
4669.905984421683,27.248469924766713,28.415415424293432,25.992850875884127,2.422564548409304
4670.982854427546,27.17084511560495,28.477944521018195,25.974492764590135,2.50345175642806
4672.057407894838,27.65350014047954,28.56676923070598,25.95533492072714,2.611434309978838
4673.134774014205,27.226363937190058,28.687920781793693,25.935262809366158,2.7526579724275355
4674.20982252777,27.898640644467495,28.845727652369128,25.914353339448937,2.931374312920193
4675.285118354833,28.10075936766339,29.04377929630161,25.89254532099554,3.1512339753060696
4676.363228777101,28.312913593314306,29.28351505867502,25.869773481313025,3.4137415773619972
4677.439019992442,28.74274021847282,29.56115449558705,25.84614048095371,3.715014014633339
4678.517627099671,28.82705258825877,29.871183771565335,25.821532094946658,4.049651676618677
4679.593913931514,28.44288614677703,30.200816303148308,25.796068530818847,4.404747772329463
4680.6730179525275,29.49125594916973,30.53601987853831,25.769634991644168,4.766384886894141
4681.7498006292035,28.83423328885431,30.85629304508921,25.742367735565033,5.113925309524178
4682.82683101832,29.231067393397666,31.141746327423295,25.714218062489493,5.427528264933801
4683.906680542872,30.779458238390365,31.372341403417018,25.685131590463225,5.687209812953791
4684.984207119379,32.264460829850016,31.528849516086986,25.65526599762163,5.873583518465354
4686.064554130095,33.88988138682385,31.59838429096225,25.624500784746715,5.973883506215536
4687.142577122584,34.736205292598704,31.57323654863781,25.593006980130532,5.980229568507278
4688.223421848655,34.662265508286175,31.453054523959988,25.560661733399968,5.89239279056002
4689.301941485825,32.73179106194391,31.245358801105784,25.527648690051688,5.717710111054096
4690.380709235023,31.1199786712682,30.963201554528908,25.493923185711022,5.469278368817886
4691.462300667206,31.006025884216687,30.623611986365113,25.45943570483219,5.164176281532919
4692.541565404194,30.043069173318145,30.24870586335703,25.424385684032863,4.824320179324166
4693.623655125039,28.796665178378362,29.85759568035681,25.388642860355315,4.468952820001492
4694.703417078777,28.74787345184552,29.47128297717256,25.35241639433009,4.118866582842472
4695.786005317845,29.318465529333483,29.103850617736846,25.315574501433915,3.788276116302931
4696.866264717404,29.251777191435167,28.768718552317313,25.278335623363727,3.4903829289535855
4697.946772629219,28.35643683711521,28.472140928081227,25.240657489851458,3.2314834382297684
4699.030108778911,27.965524573746848,28.216510965950842,25.20249515629576,3.014015809655082
4700.11111448021,28.500044606747906,28.00247953316795,25.164078280121114,2.838401253046835
4701.194949722352,27.652272492449587,27.825847771355825,25.12527320087707,2.700574570478754
4702.276453442464,27.39258748044574,27.682662837695368,25.086315992243797,2.596346845451572
4703.360788006989,27.66866471478852,27.566687003695613,25.047074079228842,2.5196129244667698
4704.442789975353,27.38833856980648,27.472897233245877,25.007788872994325,2.465108360251551
4705.525040856847,26.868456678993088,27.395872711147543,24.96842265131641,2.427450059831134
4706.610124538455,26.99168757208793,27.331087186861367,24.928938008092185,2.4021491787691818
4707.692874012417,27.69296798426285,27.2752978257572,24.889580594032385,2.3857172317248168
4708.778457591563,27.524632470243773,27.225502622236895,24.85022113342337,2.375281488813523
4709.861705887694,27.01459049050436,27.179942322773883,24.8111062287562,2.368836094017683
4710.94778959468,27.36082885013866,27.13699931008488,24.772109083408946,2.364890226675937
4712.031536942788,28.191212058358474,27.095946998026974,24.73347546274793,2.3624715352790444
4713.115533605549,27.683288291660578,27.056091346915206,24.695172308682046,2.360919038233159
4714.20236763802,28.03394826496208,27.016988722082946,24.657169453260003,2.3598192688229416
4715.28686369753,28.20290176451488,26.978632697844787,24.619707103639296,2.3589255942054894
4716.374198433925,27.992141647643738,26.94074880544565,24.58266421123352,2.3580845942121296
4717.459194120254,27.80137346682648,26.903488461605527,24.546272823498,2.357215638107527
4718.547029791248,27.508589815479468,26.866681057275258,24.510412903576253,2.356268153699007
4719.632525334576,27.322998563981745,26.83052859813531,24.475305984859087,2.3552226132762226
4720.718270594727,26.32107963382748,26.794979673619263,24.44091430342865,2.3540653701906153
4721.806857801557,26.850522613958905,26.759993043656625,24.407204417390567,2.352788626266058
4722.893103264035,28.016101591821556,26.725776954301327,24.374379350742238,2.351397603559089
4723.982191982475,27.673922793723595,26.692208477270412,24.34232156829017,2.3498869089802406
4725.068937877723,26.260758419609942,26.65948497591726,24.31121874412649,2.348266231790771
4726.158528338819,26.579770042851127,26.627484492067914,24.2809532981,2.3465311939679148
4727.245774897386,26.155232708018275,26.59639022477716,24.25169613344198,2.344694091335181
4728.33586733229,26.577289777678747,26.56608060610869,24.223329759820096,2.342750846288595
4729.4236147848305,27.066567859636965,26.536722460892108,24.196006410379724,2.340716050512385
4730.5116124722435,26.41089145063575,26.508261085493302,24.16966984928818,2.3385912362051204
4731.60245800208,25.878778856229022,26.480645593947308,24.144267730862104,2.336377863085205
4732.690956929511,26.317740015034133,26.454017050226533,24.119922872113037,2.334094178113495
4733.782305011367,25.047852569812907,26.428254253725857,24.0965162719564,2.3317379817694563
4734.871305409738,25.600310829366894,26.403481682934984,24.074151442932745,2.329330240002238
4735.963156275137,26.517790463413462,26.379579322627954,24.052708893127395,2.326870429500558
4737.052658375475,26.093005518215254,26.356655960562367,24.032273446794257,2.3243825137681107
4738.142411114341,26.79521186831107,26.334644767517666,24.012770404835674,2.321874362681992
4739.23501628949,27.16955296403444,26.313484635178757,23.994129376117474,2.3193552590612825
4740.325271076925,27.133938686609554,26.293261953013165,23.976407686922357,2.3168542660908074
4741.418379614761,27.83896238489615,26.273863672403934,23.959485161160558,2.314378511243378
4742.50913668206,27.669601056506284,26.25536468121222,23.943403768386762,2.311960912825459
4743.602748814481,26.395660292026832,26.23765848430477,23.92804502548313,2.3096134588216404
4744.694008393044,26.841487956762197,26.220811077534798,23.913437759064145,2.307373318470654
4745.785519014438,26.602194386611814,26.20476141501662,23.899497913685387,2.3052635013312326
4746.879886673389,25.699935507377294,26.189456777584706,23.88614550241062,2.3033112751740865
4747.97190015321,26.465076505462893,26.17495533294054,23.873394377055913,2.3015609558846277
4749.0667719868225,27.022401661189864,26.16117566635715,23.86113280569178,2.3000428606653665
4750.159288556735,25.65879265229887,26.148173799663876,23.84936722042325,2.298806579240627
4751.254664797282,24.920903359718867,26.135882904504605,23.837990079228046,2.29789282527656
4752.347684689061,26.33532659325306,26.124361595325258,23.82700476582833,2.297356829496927
4753.440956028629,25.935731321021994,26.113584529245227,23.816333019976074,2.2972515092691537
4754.537089014447,26.33463161962254,26.10353981829298,23.805900852777874,2.2976389655151057
4755.630864023604,26.33817307207505,26.09429349652907,23.7957100887852,2.2985834077438714
4756.727501997369,25.329866210646287,26.085827923483638,23.78566656078099,2.3001613627026507
4757.8217809081525,26.05937628523202,26.07821842697722,23.775775238070256,2.302443188906964
4758.918924102512,24.403385211552976,26.071472954991332,23.76594860421696,2.3055243507743737
4760.013707147072,26.20152960406313,26.065678112463548,23.75619685185407,2.3094812606094783
4761.108742045033,26.215098235933173,26.060881771673245,23.746463481244085,2.314418290429159
4762.206643205372,25.498072717584254,26.057152481881324,23.736695826138046,2.3204566557432793
4763.30218258539,26.346843596381518,26.054596131112547,23.726915073704625,2.3276810574079234
4764.4005895482715,26.011441831560774,26.053300597068876,23.71705267227455,2.336247924794323
4765.496633642764,25.89474244213716,26.05338391590187,23.707137497424046,2.3462464184778202
4766.595546641213,24.72922588705569,26.054971731535833,23.6971084048291,2.357863326706735
4767.6920956827,25.1048799419433,26.058194092891505,23.687003234193654,2.3711908586978527
4768.788896983853,25.1675524142521,26.063203506470742,23.67679245705278,2.3864110494179616
4769.888569170957,24.258866069314994,26.070182831117105,23.666449519263587,2.4037333118535185
4770.985875767949,25.894877691496394,26.07927589385101,23.656025434242512,2.4232504596084974
4772.086054573509,26.197459638729924,26.090717261667752,23.645476258769236,2.445241002898515
4773.18386669913,26.305665368393765,26.104656580412307,23.634862126847338,2.46979445356497
4774.284552356544,26.777760539451382,26.121377857857098,23.624145561187277,2.4972322966698224
4775.38287024369,26.88272236525302,26.14103051143565,23.61339372314732,2.5276367882883313
4776.481440797424,26.7308768692634,26.163891367807103,23.602600017636206,2.5612913501708974
4777.582886868142,27.336431946492553,26.19027904360926,23.59175980517784,2.598519238431419
4778.681963532808,26.33149591524773,26.220330522425616,23.58094823112583,2.6393822912997864
4779.783917039208,26.509848204887476,26.254462862631947,23.570139511785868,2.6843233508460767
4780.883500047974,26.844034806234504,26.29279529417704,23.55941257706684,2.7333827171102008
4781.985961223832,27.163799664368643,26.335800808840375,23.54874451166326,2.7870562971771164
4783.086050809968,27.334307491172925,26.383570067803387,23.53821488068545,2.845355187117935
4784.186393470268,26.68379344617563,26.436500038217744,23.52782731773989,2.908672720477851
4785.289616286054,27.630287188916554,26.49504086813797,23.517586900153688,2.9774539679842817
4786.3904658736965,26.436372429915085,26.559221172422703,23.50757185087226,3.0516493215504417
4787.49419694371,26.827268047208467,26.62965700483953,23.49776396196911,3.1318930428704204
4788.595553692236,27.56369456594939,26.706320676382347,23.488238579090755,3.2180820972915942
4789.699793250631,26.92068373925042,26.789883809033046,23.47897766371752,3.310906145315527
4790.801657393688,27.374428693399295,26.880248049104125,23.470050900412303,3.4101971486918217
4791.903775019143,27.492657440961924,26.977896253717407,23.46145964711946,3.5164366065979458
4793.00877744607,27.55150755830289,27.083371852602603,23.453206607838695,3.630165244763907
4794.111402816592,27.65784476604995,27.196444712485427,23.44535072422654,3.751093988258887
4795.216914317613,27.337784440084878,27.317914261578355,23.437872247978348,3.880042013600007
4796.320047667121,27.269677024294314,27.447445475520407,23.430822549075497,4.016622926444911
4797.426068476766,28.72732387227973,27.58588242468397,23.4241812964341,4.16170112824987
4798.529710039285,28.37807673459236,27.732770461811675,23.417991137013903,4.314779324797772
4799.633605493095,27.983296339549952,27.88861031314246,23.41224462686378,4.4763656862786805
4800.7403904018565,28.385521691628245,28.053962503775445,23.406936036692528,4.647026467082917
4801.84479441978,28.432886017231343,28.22816744770209,23.402094276088683,4.826073171613411
4802.952089223824,28.160922444168595,28.41215426742825,23.397697411041268,5.014456856386981
4804.057002040154,29.222679852365903,28.60511171772911,23.39376561447911,5.211346103249998
4805.16480697439,28.76955496451012,28.80799017157619,23.390276475830564,5.4177136957456264
4806.2702288235305,29.19427124464903,29.01981498910825,23.387240116621605,5.632574872486647
4807.3759049735145,29.573780946654438,29.241011107673305,23.384639699781694,5.8563714078916105
4808.484475239436,29.506222851338297,29.47205276481346,23.382460964931003,6.089591799882455
4809.590660773898,29.801212107620472,29.71171113456899,23.380702920636473,6.331008213932518
4810.699741757617,30.458124487689137,29.96095864748365,23.379344113819748,6.5816145336639025
4811.80643691123,28.441350546359903,30.218394715850465,23.378376369737147,6.840018346113316
4812.916028848031,30.303132883527837,30.48499083048408,23.377778588825773,7.107212241658308
4814.023233855578,30.380738965855247,30.759179301455156,23.377536123482667,7.381643177972488
4815.133336980858,30.398645981017584,31.041928580017775,23.377629283149034,7.664299296868741
4816.241052077226,32.34231036102403,31.33151210914835,23.378038054033635,7.9534740551147145
4817.349022001998,31.662624069620055,31.628174032573426,23.378742468684877,8.24943156388855
4818.459892046679,31.924321175937397,31.932183709641095,23.379725105319178,8.552458604321917
4819.568372412668,33.12466964291958,32.241584385358,23.380960620562913,8.86062376479509
4820.679754234653,32.97433893975336,32.557289456244135,23.38243307735791,9.17485637888623
4821.788745277022,32.55188652581206,32.87717403614929,23.3841133199979,9.493060716151389
4822.900639112085,33.293978952325126,33.202073235341615,23.385988187054032,9.816085048287583
4824.010141066101,33.75497535288821,33.52967062800414,23.38802701943459,10.141643608569552
4825.119898259584,32.74872844323852,33.85987945193109,23.390212032834704,10.46966741909639
4826.232560251168,33.170779270620876,34.19254651690532,23.392528245286734,10.800018271618583
4827.342828709264,32.97297188084542,34.52504737454477,23.394943586101277,11.130103788443488
4828.456003303699,33.44458223496918,34.85784164756578,23.397448031716483,11.460393615849293
4829.566783261947,34.65214885621561,35.188155832000156,23.400009741294596,11.78814609070556
4830.680470695391,33.49371728679853,35.51633294882568,23.402622115303277,12.113710833522404
4831.791762389438,35.14836210916337,35.8395689711666,23.405254874948767,12.434314096217836
4832.90330973468,35.24239162522031,36.15742989309514,23.40789679278036,12.74953310031478
4834.017766563759,35.69428678428676,36.469479752345755,23.41053761039813,13.058942141947625
4835.129825998337,36.486669084081086,36.77313261298572,23.413149406847495,13.359983206138224
4836.244796257149,36.603037632764426,37.068819644662405,23.41572930218961,13.653090342472792
4837.357368016979,36.64705817805543,37.354206340038004,23.41825069776162,13.935955642276387
4838.4728519420605,36.50941594554456,37.629807602282334,23.420713377305198,14.209094224977136
4839.5859362631745,36.69673006580297,37.893531068025084,23.423094293406866,14.470436774618214
4840.699276647873,37.42917401110435,38.14531147339244,23.42538912502567,14.71992234836677
4841.815531209704,37.67325540857155,38.38499355591743,23.427594400670493,14.957399155246936
4842.92938450979,37.45917856126016,38.61072995053652,23.429691775248607,15.181038175287913
4844.046153329568,38.468742201350096,38.82288487587451,23.431684750901248,15.39120012497326
4845.1605197813415,39.23083696771391,39.019730102021406,23.433560389809838,15.58616971221157
4846.277803095986,38.7311925425604,39.20147943130146,23.435324799742176,15.766154631559283
4847.392682935856,38.740759874156545,39.366548292914736,23.436967242538778,15.929581050375958
4848.507819252368,38.71482112781519,39.514690433299116,23.43849163918207,16.076198794117044
4849.625874446877,38.15575021497443,39.645533256211394,23.439902152355565,16.205631103855826
4850.74152450616,38.48702375319954,39.757840586297654,23.441194373648546,16.316646212649108
4851.860094788168,38.642910083891145,39.85159878835242,23.442378743906836,16.40922004444558
4852.976258826906,39.03879952367925,39.92588918708904,23.44345549423084,16.4824336928582
4854.095344433711,40.540379525062015,39.98067655382664,23.444437246941295,16.536239306885346
4855.212022688692,40.6440138263838,40.0153998247429,23.445328221460972,16.57007160328193
4856.328957834038,39.66666450290359,40.03000403386906,23.446141017827642,16.583863016041416
4857.44881656583,42.1654442721831,40.024333874899625,23.44688891076815,16.577444964131477
4858.566266282668,43.77851552227935,39.99838956576651,23.44758142214913,16.550808143617378
4859.686640932847,49.65753466938236,39.95210998613544,23.448236207382717,16.50387377875272
4860.804605458239,57.866933568205255,39.88586531802544,23.448865684499633,16.4369996335258
4861.925496264488,62.00682906240764,39.79957482245783,23.44948969037366,16.350085132084168
4863.043975835608,60.930119317357374,39.693966100774354,23.450122972063646,16.243843128710708
4864.162712711483,59.699895307300494,39.569252095136505,23.450785455450887,16.11846663968562
4865.284377889848,52.641768084892874,39.42553959684875,23.451498199040138,15.974041397808614
4866.403630167271,46.69626451431009,39.26405918527704,23.452277993883772,15.811781191393267
4867.525812096252,42.76248072054,39.084670010525016,23.453149853446295,15.631520157078725
4868.645580012669,40.73727762299154,38.888988319357146,23.454131929670027,15.43485638968712
4869.768278930332,39.8155345129901,38.677227893029865,23.45525219088356,15.22197570214631
4870.888562723298,38.18101895679774,38.4528731743818,23.45652891439767,14.99634425998413
4872.009104236077,36.998223775884526,38.22223516720728,23.457987566101643,14.76424760110564
4873.132578774998,36.32971324307187,38.003658867878805,23.459655162500972,14.54400370537783
4874.253636520722,35.53469670191157,37.84468044782709,23.461549509699747,14.38313093812734
4875.37762864383,35.44705095561039,37.84121166130847,23.463705394567977,14.377506266740495
4876.499202860325,36.02356695503272,38.153854269149974,23.466136901705624,14.687717367444346
4877.62371280607,35.489673230602875,38.9832964666829,23.46888056482629,15.51441590185661
4878.745803731276,35.26251672987405,40.46255263053975,23.471948308428406,16.990604322111338
4879.8681527920235,35.307939706982324,42.51040367034405,23.475371050186283,19.03503262015776
4880.9934396101835,35.61885925702268,44.714328511201785,23.479182968062283,21.2351455431395
4882.116305736612,35.603540706520114,46.374952581870275,23.48339041764874,22.891562164221536
4883.242110973875,35.54221240476614,46.82870760183636,23.488037792426766,23.340669809409597
4884.3654944041955,36.27102750572135,45.784716136721244,23.493126857298996,22.291589279422247
4885.491818299397,35.011606280145315,43.50174583320464,23.49870554849243,20.00304028471221
4886.615719271932,35.21816742460214,40.65037246821715,23.50477045666545,17.1456020115517
4887.7398787964075,34.57109079408872,37.92393923072801,23.511356671321177,14.412582559406836
4888.866980817198,34.54411791033909,35.756072299034265,23.518503457331484,12.237568841702782
4889.9916582414335,35.6111687703808,34.2577574856853,23.526197402752558,10.731560082932745
4891.119279517591,34.213420742460244,33.29390129349834,23.534495416272797,9.759405877225541
4892.244475080183,34.13128692773763,32.67241730335657,23.543377770633434,9.129039532723132
4893.372615850927,36.083692577869215,32.22779289243831,23.552906453813787,8.674886438624522
4894.498329790581,36.16348969981619,31.864242788068957,23.563054724588582,8.301188063480373
4895.624302699249,35.20939494308641,31.533711565444662,23.573861904300486,7.959849661144175
4896.753222850777,35.20556218432171,31.217154702009708,23.58537216958037,7.631782532429337
4897.879714494628,35.26479724214664,30.91033307493844,23.59754588342363,7.312787191514807
4899.009154739136,35.92704468924717,30.61054427393813,23.61045573631803,7.000088537620099
4900.136165357154,34.9846396386738,30.31932168281115,23.624053916851487,6.695267765959662
4901.266125934247,33.98689887334013,30.035718068540554,23.638418129375665,6.397299939164887
4902.393655765522,33.39487705507168,29.76161486246508,23.65349150654848,6.108123355916602
4903.524136914917,33.14548555968509,29.496303901470803,23.669355440849852,5.826948460620951
4904.652186198652,33.52198232211868,29.241760946623096,23.685942291618925,5.55581865500417
4905.780494988641,32.736489416607704,28.998244912192465,23.703295608793837,5.294949303398627
4906.91175713568,32.77999809509299,28.766412928155347,23.72146441575218,5.044948512403167
4908.040585736994,32.15369368539826,28.548978154450634,23.740365398746846,4.8086127557037885
4909.172369055968,31.450571801178402,28.347063071203063,23.760090303726567,4.586972767476497
4910.301717708085,30.927477217893397,28.16444783463739,23.780544560506414,4.383903274130975
4911.434022439097,29.189995284137925,28.00383773342672,23.801823018527983,4.2020147148987395
4912.563891381602,29.496158218252052,27.870311775128027,23.823819220443053,4.046492554684974
4913.694020248971,29.8344210272104,27.76838768346228,23.84657516936174,3.9218125141005404
4914.827107237457,29.350690249740072,27.703215051997766,23.87013736730504,3.8330776846927246
4915.957756754661,28.86216124115606,27.68020551825874,23.89437994906507,3.7858255691936735
4917.091365755786,28.49133662877273,27.703502759569933,23.919401815160587,3.7841009444093467
4918.222536162685,27.399643335478913,27.775519772763516,23.945063644335775,3.830456128427741
4919.356667416939,27.9238178328784,27.89648526303987,23.971463541340228,3.9250217216996424
4920.488358953509,27.288158329043544,28.062222412775895,23.99844791473301,4.063774498042884
4921.62031083423,26.53421805866174,28.265287441964055,24.02604714887667,4.2392402930873825
4922.755225607818,26.300367755030607,28.494311162100217,24.054292765024798,4.440018397075422
4923.887698978235,26.07157577743476,28.732351449268656,24.083009674971542,4.6493417742971115
4925.023136606521,25.65928579227023,28.961734115588897,24.112289763624005,4.84944435196489
4926.156131706882,26.69676490010568,29.161285544979307,24.14194394120937,5.019341603769938
4927.2920924307455,26.78755259305979,29.312462944942954,24.1720595983564,5.140403346586552
4928.425609501412,26.98185598405144,29.39788019693621,24.202434310970194,5.195445885966017
4929.559387336191,26.92299130139486,29.406027568611655,24.233075719752563,5.172951848859092
4930.696132843285,26.68259284801752,29.33081995380774,24.263989670095672,5.066830283712067
4931.830433008976,27.567693785463916,29.173639424026376,24.294955992475842,4.878683431550536
4932.967702214188,26.440673359538668,28.941452528097653,24.32604486153042,4.615407666567232
4934.102524951425,26.364463466750408,28.648715297451446,24.357026974594913,4.291688322856533
4935.240318096021,26.21554143767958,28.311422110321587,24.38796506097077,3.9234570493508163
4936.375663645556,26.44960189800736,27.950452967439215,24.41862311041497,3.5318298570242463
4937.511270379843,26.86395807722909,27.584125391240963,24.44898280232741,3.1351425889135536
4938.649849573605,25.748211205585676,27.22870289716702,24.47901978198736,2.7496831151796606
4939.785979481378,27.02470090029681,26.899648124028257,24.508493716127152,2.391154407901104
4940.925083218033,25.484585235329746,26.60509801130499,24.53744615627817,2.0676518550268215
4942.061736540316,25.934797060063605,26.351899555644483,24.565638303154916,1.786261252489566
4943.201365061524,27.355006885413562,26.14043894937574,24.59310313517003,1.5473358142057105
4944.338542039452,27.070113473608217,25.970210131800147,24.61960930233707,1.3506008294630756
4945.475980623449,27.007214198527777,25.837091853941786,24.645124099944848,1.1919677539969395
4946.616396461803,27.235983287770523,25.73681082259439,24.669606167825844,1.0672046547685468
4947.754359063216,27.744277429636785,25.668551189004848,24.692841442333233,0.9757097466716146
4948.895300290605,27.290085112222755,25.642167255109822,24.714847053922778,0.9273202011870436
4950.03378715085,27.220679302583562,25.700974921437783,24.73542895211443,0.9655459693233539
4951.175254009321,28.139713263881617,25.966197660815553,24.75460103240578,1.2115966284097732
4952.314265369923,28.22899240629045,26.700796712457986,24.772193083709546,1.9286036287484394
4953.453538758591,29.652566819546227,28.362648784997216,24.788179220791534,3.574469564205681
4954.595794204231,32.607372055247204,31.554439116840456,24.80252570390652,6.751913412933935
4955.735592455609,36.94918443898633,36.71743749360962,24.815105714922282,11.902331778687342
4956.878374137791,50.33417680982393,43.72610992647941,24.825928173648926,18.900181752830484
4959.1620056548445,89.07221505072084,57.74238963561887,24.84203065628988,32.90035897932899
4960.302854357166,93.3898573335855,60.62244498310369,24.84726343473808,35.77518154836561
4961.443965510232,87.14691337217937,58.999788493230476,24.850605279694122,34.149183213536354
4963.729700393068,52.03067818773207,45.91957103580157,24.851616014992945,21.06795502080862
4964.874325498883,39.77240037119191,38.52178004622311,24.849305268554176,13.672474777668933
4966.016488312878,31.81862692283653,32.744619292279616,24.845164746639576,7.899454545640041
4967.161640746938,29.340045084788812,28.976086603491083,24.839215910381718,4.136870693109366
4968.3043297548,28.04086887063602,26.90091462228193,24.831539417207132,2.0693752050747984
4969.447281636767,27.106951237544312,25.91402911785963,24.822184927969296,1.0918441898903342
4970.593225204189,27.268135181599064,25.50130756336635,24.811196143809823,0.6901114195565257
4971.736703643547,27.671067991864106,25.343161550076175,24.798707175446708,0.5444543746294688
4972.883175146627,26.356504562149443,25.279171733799625,24.784749054989117,0.4944226788105087
4974.027180385959,26.473832340903645,25.24490642088852,24.76948770150669,0.47541871938182856
4975.174180067918,26.1979819093325,25.218114502522702,24.752957936094322,0.4651565664283807
4976.318712349922,26.761018749537815,25.192677505347586,24.735352526190766,0.45732497915681863
4977.463507930072,26.54705218247318,25.16718238791485,24.716754121378315,0.4504282665365337
4978.611300021574,25.24543523757609,25.14158934683625,24.69724134034986,0.4443480064863898
4979.756623008505,25.759925880854556,25.11651096439991,24.67703794507072,0.43947301932919347
4980.904943887278,24.690966964467975,25.092680355598585,24.656182745060544,0.43649761053804037
4982.050794523967,24.39601516185451,25.07154106337447,24.634912550452732,0.43662851292174126
4983.199644433625,24.327926472898298,25.055028873219825,24.613265837418197,0.44176303580162934
4984.346022963159,24.568874246750056,25.046246414466335,24.591486332943077,0.45476008152325637
4985.492665215566,24.95534408885749,25.049512084621117,24.569663311362657,0.47984877325846176
4986.642308813004,24.779440852999528,25.07100177152874,24.547885148901482,0.5231166226272548
4987.789479322955,26.53113229251187,25.118828696973328,24.52639427983986,0.5924344171334682
4988.939652560653,25.929572273278495,25.203837336905615,24.505224737492235,0.6986125994133816
4990.087351571513,25.676420845705252,25.33860641155246,24.484609956020368,0.8539964555320922
4991.2380546934755,25.874257366111923,25.53888052547026,24.46458061281902,1.0742999126512416
4992.386282448726,25.86642954935144,25.819996056412457,24.44535612938963,1.3746399270228262
4993.537515699072,26.931020951814507,26.199438605808584,24.42696297496487,1.7724756308437155
4994.686272442305,27.24823271819821,26.6892499439941,24.409600405277807,2.2796495387162916
4995.835293455517,27.364224649435076,27.29924675426953,24.39332897234742,2.90591778192211
4996.987322040184,27.936718540989776,28.03278405386406,24.37821212916912,3.6545719246949373
4998.1368724068325,28.69399218788681,28.8776174737513,24.36441186708904,4.513205606662263
4999.289431730522,29.6302215446417,29.816788893552744,24.351944735689514,5.464844157863229
5000.439511694479,31.90910042112535,30.811991132089304,24.340943002698413,6.471048129390892
5001.592602001702,36.82616162182876,31.821999439852927,24.331417746565847,7.490581693287079
5002.743211806954,47.098571016003916,32.78696934897967,24.323468880637236,8.463500468342435
5014.274889122184,40.9195230134178,31.612039020676725,24.334507716381903,7.277531304294823
5015.431169836885,34.980407374109525,30.59133968736935,24.3444831521074,6.246856535261948
5016.58496318648,30.799269148378812,29.59343936916644,24.355880254383717,5.237559114782724
5017.741776599159,27.98347736561539,28.65776006053703,24.368681668291554,4.289078392245474
5018.8961015008035,26.873579508568927,27.8205405612182,24.38274746945836,3.43779309175984
5020.050691953375,26.221161568745515,27.098312919991,24.398020027072857,2.700292892918143
5021.208304555452,25.036404231743745,26.49674718556773,24.414444222467292,2.082302963100438
5022.363426927298,25.446467804379385,26.01584394432353,24.431838934771243,1.5840050095522897
5023.521572840952,24.476037005813737,25.64326739351016,24.450178259345854,1.1930891341643053
5024.677227377128,24.54026796689277,25.366417421154072,24.469259043377125,0.8971583777769458
5025.835906848055,25.292787078622954,25.167666960700295,24.489049952594517,0.6786170081057793
5026.992093793726,24.81603100657026,25.031783529974938,24.5093310250876,0.5224525048873356
5028.148546718685,23.55207996783963,24.943464547556083,24.530018851083092,0.41344569647299223
5029.308026668186,24.379423186615785,24.89001864239361,24.551029578520783,0.33898906387282546
5030.46501237046,24.495960276808322,24.86149365168835,24.572125487943726,0.28936816374462393
5031.6250264918235,24.628758501499306,24.849858677695934,24.593267289411003,0.2565913882849311
5032.782545216862,24.766881389425293,24.84935096744862,24.61421330101527,0.23513766643335024
5033.943093756182,25.023418212498086,24.855810393809733,24.634920485832147,0.22088990797758767
5035.101145749548,26.11748773299564,24.866349756278154,24.655148107308825,0.2112016489693284
5036.259464151252,25.31467666722483,24.879066173079302,24.67480563968621,0.2042605333930946
5037.4208144604,24.95631164196584,24.892734521681223,24.69379789004015,0.19893663164107664
5038.579666498843,24.44829216033679,24.906468189114864,24.711896788834814,0.19457140028005196
5039.741551841526,24.43059738263048,24.919793521872027,24.729054564273763,0.19073895759826484
5040.900937762555,24.62233519731547,24.9322865780951,24.745059869804944,0.18722670829015398
5042.063358385265,23.214797196545874,24.943753351435475,24.759863827097977,0.18388952433749994
5043.223278434838,23.73541567617724,24.9539523089305,24.77327784424575,0.18067446468474965
5044.383465322493,23.93868922082504,24.962763652869675,24.785226180259585,0.17753747261009212
5045.546689008367,23.880704699383163,24.970078359769893,24.795625440517853,0.17445291925204034
5046.707410393572,24.12676281825452,24.975756103311156,24.804329820095344,0.17142628321581183
5047.871169976046,24.217502653743058,24.979730715698903,24.81129220104319,0.16843851465571325
5049.032426105043,23.589365095040876,24.98190045535304,24.816398946414726,0.1655015089383113
5050.196721831006,24.957445655824017,24.98220427031724,24.819604291969693,0.16259997834754822
5051.358512950151,24.782616091802428,24.98057967726155,24.82083271202898,0.1597469652325684
5052.520571337815,23.583393315640937,24.97697894082314,24.820043984855058,0.15693495596808346
5053.685671422365,23.95360618476866,24.971347416566896,24.817190493318844,0.15415692324805197
5054.848265169778,25.187783637633856,24.963683597221657,24.81225792363269,0.15142567358896747
5056.013902015384,23.555288498792496,24.953933624064017,24.80520586129227,0.14872776277174946
5057.177031369185,23.775187310828983,24.942138612359063,24.79606297371929,0.14607563863977086
5058.343205223133,25.098797882296598,24.928247124164205,24.78479088016883,0.1434562439953727
5059.506870430076,25.45286822021012,24.91234098311636,24.77145932634646,0.14088165676989775
5060.670803336671,24.77111989626769,24.89441657417845,24.756071374001856,0.13834520017659366
5061.837782846718,24.359350100946358,24.874461222862756,24.738620660592737,0.1358405622700191
5063.002251976652,24.819986530137957,24.852618534759127,24.719239258279334,0.13337927647979214
5064.169769113606,24.318492309902016,24.82884361993855,24.697894419525117,0.1309492004134311
5065.334774713915,24.957195964699284,24.803317611311773,24.67475609748837,0.12856151382340214
5066.502829725461,23.9489515260517,24.77599543274857,24.649791005599887,0.12620442714868185
5067.668372043298,23.070488211004545,24.747091262048706,24.623202487812748,0.12388877423595888
5068.834182492615,23.915261951046663,24.716632609769587,24.595024098462847,0.12160851130673775
5070.003044459865,23.61281733393173,24.684638998332638,24.565281064682537,0.11935793365010057
5071.169391997502,22.995216740693426,24.65136637626566,24.534219005306156,0.11714737095950441
5072.338792458906,22.966997482079478,24.61676569765686,24.50179981345552,0.11496588420134113
5073.505677332301,23.875629727272894,24.58111750773919,24.46829403130569,0.11282347643350175
5074.675616535944,23.887681485560165,24.544369113424807,24.43365957697056,0.11070953645424808
5075.843038992646,22.941006716753808,24.506813401734163,24.398179653431416,0.10863374830274886
5077.010730013351,23.668073979835867,24.46848645848824,24.36189579965066,0.10659065883757912
5078.181477474401,23.128248010434163,24.429418525206327,24.324843396466918,0.1045751287394074
5079.349706449805,22.68063713491631,24.389919908022275,24.287323530177687,0.10259637784458826
5080.520993273655,22.918030971759325,24.349926714540434,24.249282131031723,0.10064458350870982
5081.689760451595,23.303000586358962,24.309752668301552,24.21102400299738,0.0987286653041715
5082.861586886729,23.085956576181957,24.269327795439025,24.172488691572365,0.09683910386666182
5084.030892515154,22.3631194969048,24.228963485225346,24.13397895934265,0.0949845258826972
5085.203258810171,22.553284257503947,24.188583501846487,24.095427793486202,0.09315570836028686
5086.373103137144,22.691746309207705,24.148492428737413,24.05713143633739,0.09136099240002377
5087.543216585267,22.611150175661578,24.108702297788458,24.01910667477907,0.08959562300938588
5088.716392814457,22.71828431424842,24.06922407736444,23.981368949880526,0.08785512748391187
5089.887045333292,23.313876715600603,24.030345108837935,23.944197676624484,0.0861474322134529
5091.060762044215,23.87094177640597,23.991974126681487,23.907510101553296,0.08446402512819266
5092.23195388211,23.00513988214232,23.9543828300477,23.871570265137457,0.08281256491024279
5093.406211323765,23.344332790540307,23.91747530684939,23.836290494693614,0.08118481215577596
5094.577942729184,23.341126340346822,23.88150429350111,23.801916128664885,0.0795881648362235
5095.749943689873,22.79849134579183,23.846452114171296,23.76843374987729,0.07801836429400535
5096.925012372209,22.545192184303122,23.81230528335845,23.735833872782678,0.07647141057577246
5098.097553273184,22.529259809785575,23.779285927172573,23.70433160352465,0.07495432364792377
5099.273163309104,22.281258261660017,23.747288668287503,23.673829151494157,0.07345951679334699
5100.446244399117,22.4132075365269,23.71651379448191,23.644520028141454,0.07199376634045472
5101.622396038024,22.702212528852897,23.686857395646726,23.616307660270465,0.07054973537626041
5102.796017565939,22.672776026005867,23.658497303582113,23.58936334033353,0.06913396324858348
5103.969909083945,22.56990536337389,23.631391259746138,23.563648611684442,0.06774264806169432
5105.146873272144,23.066568060346185,23.605504127437676,23.539131903415438,0.06637222402223675
5106.321305601416,22.878309275332526,23.580979632264707,23.515950744866135,0.06502888739857178
5107.49881201646,22.957781798817336,23.557715730393486,23.494009832381515,0.06370589801197285
5108.6737854061475,22.694372227536178,23.535833734181246,23.473424502843848,0.062409231337397716
5109.851834297839,22.616799437358736,23.515235368982587,23.45410299386827,0.061132375114320056
5111.0273489972105,23.304092985029683,23.49602066925516,23.436139578940285,0.05988109031487477
5112.203134122195,23.08820171554521,23.478137587481257,23.41948559382948,0.05865199365177691
5113.381996873904,19.035698115000518,23.461543684500587,23.404101768069317,0.05744191643126893
5114.558323682538,21.133084835950854,23.446310432403205,23.390054122854604,0.05625630954860149
5115.737729535758,23.679482783476942,23.432354766218143,23.377265562119092,0.05508920409905215
5116.914598277595,24.221345816304623,23.419729897369525,23.365784045649608,0.05394585171991682
5118.094547482533,23.967307985238563,23.408359621277548,23.35553913066093,0.05282049061661845
5119.271958407241,23.255211785843812,23.39827982917002,23.346561650096362,0.051718179073656896
5120.449640193786,23.71002000803219,23.389441748843804,23.33880583295274,0.050635915891063955
5121.6304045715815,23.594660627644657,23.381807044579773,23.33223615045106,0.04957089412871319
5122.808628915566,23.693521666965243,23.375389026094123,23.32686113311764,0.04852789297648326
5123.9899372709515,23.218326164442146,23.370132097437956,23.322630454026328,0.0475016434116293
5125.168704422334,22.022788413129888,23.366035331077736,23.31953858554008,0.04649674553765551
5126.350557005918,22.353468934933744,23.363052312044516,23.31754419425811,0.04550811778640623
5127.529867214767,23.756591564314252,23.36116971754605,23.31662953086189,0.04454018668416311
5128.70944872238,22.753243152470873,23.36035120475929,23.316760906364966,0.0435902983943258
5129.892117793781,22.422346231692245,23.36057031593274,23.317914341695293,0.04265597423744863
5131.072242734035,22.73321584350765,23.361797687516894,23.320056296965973,0.041741390550920306
5132.255456660515,22.53230396074798,23.36401042473662,23.323168513832915,0.04084191090370408
5133.436125283771,22.930145152827777,23.36716864718286,23.327207095856885,0.03996155132597506
5134.619884316346,23.621687611137986,23.37125760657647,23.332161762188328,0.039095844388142224
5135.801096873076,23.817337253443842,23.37622801384413,23.337979362921647,0.03824865092248375
5136.982581166202,24.12378525159204,23.382059026216837,23.344641394566928,0.03741763164990946
5138.167158003672,24.244440164583356,23.388738261114348,23.3521376565055,0.0366006046088474
5139.349186606051,23.82119081980227,23.39620525628984,23.360404049038067,0.03580120725177125
5140.5343091775085,23.46160646955082,23.404468583086263,23.36945321038968,0.035015372696584654
5141.716882339905,23.452405351604288,23.413462682274506,23.379216086804714,0.03424659546979236
5142.902550896769,23.715213583426703,23.423204493928097,23.38971353346071,0.033490960467386484
5144.0856688700605,23.079360568970174,23.4336213582682,23.400869534266683,0.03275182400152035
5145.269059018087,23.282540479446197,23.444710642584493,23.412683512041248,0.03202713054324657
5146.455546699047,24.444863068890413,23.45647751971705,23.42516255440153,0.03131496531552172
5147.639482034355,23.424999669905105,23.46884169525873,23.438223209284374,0.030618485974357422
5148.826516329626,23.568790546362607,23.48183896518065,23.451904828718696,0.029934136461953413
5150.010997103382,24.518228563616052,23.495386311214606,23.46612136370877,0.029264947505836324
5151.198578264791,24.12536038643725,23.509528404382294,23.480920905541915,0.02860749884037889
5152.3836047282775,23.105101643171114,23.524178671986906,23.496213973401037,0.027964698585869616
5153.568903805544,22.962396923106212,23.539351423804778,23.51201667760599,0.027334746198789155
5154.75730541238,23.53963910754965,23.555066149778852,23.528350183190167,0.02671596658868408
5155.94315055637,24.508340795076496,23.571230140628703,23.545119048732808,0.026111091895896527
5157.132099659264,24.829757776152633,23.58790393327431,23.56238691078922,0.025517022485088747
5158.3184911215485,24.524774632602885,23.604992155876722,23.580055777663972,0.02493637821274896
5159.50798797273,24.561246182889366,23.622560989001183,23.598194808523306,0.02436618047787689
5160.694926005,25.345569701632826,23.640512426841138,23.6167034860457,0.023808940795435368
5161.882137090804,25.83442747019774,23.658873899305327,23.635610812407958,0.02326308689736955
5163.072455710874,25.064251034429958,23.677676933017437,23.654949775103542,0.022727157913895527
5164.260213744263,23.444631634587495,23.696818152418334,23.674614642349574,0.02220351006875974
5165.451080743558,23.182934528270156,23.716374769373875,23.694685319355564,0.021689450018310394
5166.639385976509,22.59937515837089,23.7362390957852,23.71505186074631,0.02118723503888984
5167.830801607666,21.080789110634218,23.75649041660693,23.73579613733953,0.020694279267398204
5169.019654292275,21.60731070460622,23.777016131894587,23.75680338728356,0.020212744611025978
5170.208780470882,21.389426067642603,23.797847250352415,23.7781059879462,0.019741262406214485
5171.401019196526,21.718119464245433,23.819016773311926,23.799738210770773,0.019278562541153826
5172.590693204999,22.048689705802534,23.84040516123687,23.821578490825885,0.018826670410983615
5173.7834811944595,22.04790942103773,23.862094637687306,23.843711384683,0.01838325300430724
5174.973703285184,21.99467735400333,23.88396120559514,23.86601095674251,0.01795024885262815
5176.167040791505,22.36933264439199,23.906087083751615,23.88856166371231,0.017525420039306943
5177.3578112169835,23.524016766178647,23.928342813629182,23.91123219216524,0.017110621463942353
5178.551698493327,24.629149684261392,23.95080830955844,23.9341046025848,0.01670370697364101
5179.743017506176,24.846763822506546,23.973348505004587,23.957042054032275,0.016306450972312585
5180.934610580397,24.447295476597223,23.995986711297004,23.980068997755264,0.015917713541738467
5182.129322658776,23.654555286190774,24.018745349399477,24.00320891090142,0.01553643849805586
5183.321464699361,22.140646785524154,24.041482289412713,24.02631800419116,0.015164285221553239
5184.516727181028,21.17793144271286,24.064269748840655,24.049470425903515,0.014799322937140136
5185.709418440887,21.826537431365296,24.086961120102487,24.072517982141314,0.014443137961173873
5186.9052315794115,21.754305950497837,24.109624738991606,24.09553085866179,0.014093880329815952
5188.098472311569,21.765013538230278,24.132110806567333,24.11835774045683,0.013753066110503077
5189.291987547188,22.610407344565488,24.154429902128282,24.14101019211934,0.01341971000894452
5190.488626818236,22.61937125594352,24.176589406446286,24.16349650625225,0.013092900194035433
5191.6826919057585,23.707893471953188,24.19843700180567,24.185662949320974,0.012774052484693509
5192.879882467952,22.852616058597164,24.220028942275565,24.207567436024675,0.012461506250888816
5194.074497660694,22.624038399216715,24.241213638710356,24.229057024992755,0.012156613717598947
5195.272239768011,22.902271300269717,24.262042639572925,24.25018485440701,0.011857785165916611
5196.467405319407,23.323392028212425,24.282367293473108,24.270800981731355,0.011566311741751528
5197.662845817067,25.28064584768265,24.302188552539352,24.29090720811345,0.011281344425902355
5198.861415389543,25.057498970265215,24.32150260915733,24.31050051073714,0.011002098420191836
5200.057406626074,25.54300879699929,24.34016942213454,24.329439644312135,0.010729777822406498
5201.2565283789845,25.71281540789494,24.358231824047696,24.347768865288277,0.010462958759417603
5202.45307060811,25.27019835487181,24.37555763225336,24.365354842071554,0.01020279018180755
5203.652744795844,24.668584235894745,24.39218464090077,24.38223673068133,0.009947910219437394
5204.849838271408,23.893961217347282,24.40799247384972,24.398293058937597,0.00969941491212328
5206.047207136752,23.379624550262406,24.42298315336093,24.41352657844366,0.009456574917274358
5207.247710124431,23.227660450988537,24.437153573438184,24.427934856603667,0.009218716834519173
5208.445630617045,22.796042292010046,24.450403993754723,24.441417132359618,0.008986861395105418
5209.646686675881,22.471296095937422,24.46276842108868,24.454008629601528,0.008759791487150862
5210.845159049898,22.484024101020854,24.4741621149514,24.46562363475691,0.008538480194490926
5212.04676843469,22.403561136074586,24.48461817450957,24.47629641008117,0.008321764428402259
5213.245792944362,23.502624479066867,24.494070482046453,24.48595991044121,0.00811057160524301
5214.445093288045,23.056524234853672,24.50253379731114,24.494629520199407,0.007904277111735934
5215.647532809723,24.596966579042263,24.51001888330813,24.502316578414494,0.00770230489363616
5216.847385670507,25.43203981888837,24.51648885451415,24.50898333706183,0.007505517452318461
5218.050379155502,23.688987692291906,24.521978037128978,24.51466515952069,0.007312877608288266
5219.250784787929,23.944432116693974,24.526468569861574,24.519343363016688,0.00712520684488488
5220.454332491453,24.25085306497033,24.529994983951987,24.523053469063353,0.00694151488863463
5221.655291150186,23.930663731924145,24.532558934271652,24.52579635032168,0.006762583949969592
5222.856526087881,24.52614169151082,24.534193654742737,24.52760577399876,0.006587880743976239
5224.060905267384,23.939613077986568,24.534927983865852,24.528511069877126,0.0064169139887245395
5225.262693613445,22.14873677796561,24.53479133426202,24.528540924120918,0.006250410141104402
5226.467627649866,23.510000771043455,24.53382035851906,24.527732870457676,0.006087488061382026
5227.669969659248,24.065896445081307,24.532060781975016,24.526131942952233,0.0059288390227842085
5228.875458808207,22.56201928535097,24.529549903290267,24.523776280819284,0.005773622470984055
5230.078354735984,22.341269442731004,24.526348614909118,24.52072611888206,0.005622496027057507
5231.281527388387,22.94862229605826,24.52250346159061,24.51702845581882,0.005475005771790086
5232.487849354582,23.14533520640362,24.518057695721502,24.51272696172946,0.0053307339920413655
5233.691576308056,24.018575815425038,24.513089328041353,24.507899037445554,0.005190290595797792
5234.89845402621,23.93647529285238,24.507633444350557,24.50258051505499,0.005052929295564775
5236.102735536121,23.936504423483598,24.501775930603028,24.49685670067474,0.004919229928287705
5237.310169262267,23.774581809851497,24.495549954863918,24.49076147366173,0.004788481202185317
5238.515005584098,24.27526661469142,24.48904692211395,24.48438568789245,0.004661234221501172
5239.720119076942,24.959819802268388,24.482314385918816,24.47777728211955,0.0045371037992649405
5240.928386963743,23.762973253310637,24.47539751477049,24.470981778920258,0.0044157358502286284
5242.134055651803,24.003871088937448,24.46839057857064,24.46409293777847,0.004297640792171123
5243.342880187046,24.822346111266715,24.461320310662924,24.457138122183533,0.004182188479391517
5244.549104326097,24.695996159872042,24.454279141656023,24.450209277936178,0.004069863719844588
5245.758485766231,23.695691898991075,24.447290967661882,24.44333090122128,0.003960066440601459
5246.9652656121725,23.33742883094135,24.440444244844226,24.436590987839807,0.0038532570044180346
5248.172323076231,24.2581232382189,24.43377498799895,24.43002587845496,0.003749109543991407
5249.382540022606,22.64827092287237,24.4273179182841,24.423670593466504,0.0036473248175946694
5250.5901535774665,23.06561299179407,24.421150186892294,24.417601858275873,0.003548328616420021
5251.800928070215,23.261776581665004,24.41528569674976,24.411834106268508,0.0034515904812531606
5253.009097972067,23.565573692372258,24.40979197781114,24.40643446334109,0.003357514470050569
5254.220430268051,24.2850836374123,24.404679310026914,24.401413714148696,0.003265595878219298
5255.429156773204,23.268591068610935,24.400005541475295,24.396829323435547,0.0031762180397491924
5256.638161344302,23.68133674007811,24.395788256305096,24.392699150195856,0.0030891061092404703
5257.850330494283,24.009443362537812,24.39204605192032,24.38904204396288,0.0030040079574388924
5259.059892053213,24.185483928514373,24.388820415329647,24.385899137683385,0.002921277646263863
5260.272619648948,24.230197366676524,24.386115929473377,24.383275459484036,0.002840469989341748
5261.482738452315,24.10092394836306,24.383961936828364,24.381200016158292,0.002761920670071835
5262.696024751078,23.935347521272323,24.3823611652236,24.379675958739426,0.0026852064841747293
5263.906701055605,23.44416138296924,24.381330285106447,24.37871963949884,0.002610645607607529
5265.117655874623,22.334130357322923,24.380870950753707,24.378332943822315,0.0025380069313901974
5266.331780377315,22.927573334242993,24.380987594812627,24.378520516150843,0.0024670786617830075
5267.5432930826455,23.30616125984625,24.381680647860527,24.37928249358375,0.0023981542767751427
5268.757976931921,22.503393890022267,24.382951859620768,24.38062099833309,0.002330861287678959
5269.970047780579,23.499663558479373,24.384790585959674,24.382525108274386,0.0022654776852870993
5271.185291234128,23.160087790356787,24.38719753255562,24.384995882875486,0.002201649680133251
5272.397920483252,22.1498624687863,24.390150558522155,24.388010917997565,0.00213964052458781
5273.613723798884,23.053996112215717,24.393650635750838,24.391571521478035,0.002079114272801854
5274.826911705729,24.07781711552809,24.397666289620595,24.395645969465303,0.0020203201552935783
5276.040378704857,23.571046089522724,24.402188817484472,24.400225743431953,0.001963074052519083
5277.25702196331,23.829838455755635,24.407212324402032,24.405305116954715,0.0019072074473182798
5278.4710480061085,24.94003386139241,24.412692345338783,24.410839395517836,0.0018529498209462708
5279.688251771533,24.93631970591196,24.418632461656355,24.416832455348583,0.0018000063077703921
5280.9028371155555,24.821894586482816,24.424979687811202,24.42323109378632,0.0017485940248803914
5282.120601646178,24.462676449880977,24.431737901851513,24.43003946863111,0.0016984332204005145
5283.335746549092,24.27258659661925,24.438847144175973,24.437197414915907,0.0016497292600677488
5284.551170994494,25.34585892718565,24.446293821146547,24.44469149275443,0.001602328392116743
5285.769776822851,23.471429734549815,24.454066199533116,24.452510109503166,0.0015560900299519073
5286.985761213719,24.450764102471684,24.46209519424019,24.460583991231807,0.0015112030083852224
5288.204928453204,24.544776972453636,24.47038514987694,24.468917727563053,0.0014674223138854707
5289.421473047504,24.387382091216754,24.478861721461676,24.477436795016857,0.0014249264448212948
5290.641201956758,25.29014243346012,24.487529637490592,24.486146154343835,0.0013834831467575276
5291.858307012576,24.70936295808292,24.49631119265551,24.49496793155187,0.0013432611036436576
5293.075692061812,25.059490256984986,24.505189692387866,24.503885560077517,0.0013041323103483696
5294.296263625901,25.139449678163032,24.51414855594866,24.512882576115135,0.0012659798335221688
5295.5142095238525,24.591641915807262,24.523106801918722,24.521877843350843,0.0012289585678802182
5296.735343404681,24.320200613347087,24.53206820002982,24.53087533449244,0.001192865537379359
5297.95385040973,24.500019838344656,24.540950392918052,24.539792545892773,0.0011578470252797987
5299.17554686636,24.22660389523969,24.549756049518233,24.548632338726943,0.0011237107912916335
5300.394615237009,24.926702436090864,24.558404048476014,24.557313453525836,0.001090594950179014
5301.613964052734,23.563245322634092,24.566877190269075,24.565818797015783,0.0010583932532907954
5302.836504523486,23.949910756122563,24.575157478730972,24.5741304699985,0.0010270087324704487
5304.056415092632,25.63222967814568,24.58316914575586,24.582172577716054,0.0009965680398057088
5305.279518787199,25.822952082256737,24.590915885923064,24.589948982392663,0.0009669035303999527
5306.499991368567,24.90628394436556,24.598326608124577,24.59738847341792,0.0009381347066575317
5307.723658546425,26.271060259264686,24.605403621627953,24.60449351870066,0.0009101029272931748
5308.944693398933,26.35673552643982,24.612085226348245,24.6112023054288,0.0008829209194458409
5310.166009148904,25.911557058628773,24.618361704321853,24.617505203563233,0.0008565007586181843
5311.390521702366,25.770978874642882,24.62421983661838,24.62338907434464,0.0008307622737415486
5312.612400111923,25.86874543453337,24.629607812620794,24.62880200392484,0.0008058086959550994
5313.8374767977375,25.778132525366576,24.634530456435186,24.63374895445747,0.0007815019777167687
5315.0599181261,24.982493837153815,24.638946770162946,24.638188830728502,0.000757939434443006
5316.285559204162,25.600677043016503,24.642862538292743,24.642127547747897,0.0007349905448440752
5317.508563710665,24.701048243629206,24.64624598553039,24.6455332385065,0.0007127470238900518
5318.731849567746,24.00348198693473,24.649096330085133,24.648405193755355,0.0006911363297772651
5319.958337385091,24.77575790890967,24.65141003351382,24.6507399411367,0.0006700923771218871
5321.182186809387,24.024533029509374,24.653169678086254,24.65251997904524,0.000649699041012327
5322.409239669087,24.56832700703501,24.654379403564025,24.653749560576955,0.0006298429870686056
5323.633652920233,24.860684102710593,24.65503098744963,24.654420384237287,0.0006106032123446072
5324.861271082603,24.789388963560896,24.655126424503838,24.654534551850553,0.0005918726532854391
5326.086248420353,24.294682180399036,24.65466535747812,24.654091631784738,0.0005737256933809546
5327.311507562529,23.52348409177921,24.65365004792127,24.653093945259222,0.0005561026620486158
5328.5399738300575,23.079192027460977,24.65207865257389,24.651539703326343,0.0005389492475492589
5329.765797448539,22.654446616690848,24.64996246536837,24.64944013198556,0.0005223333828098461
5330.994829669895,22.40434974387688,24.64729572791259,24.646789565611243,0.0005061623013464802
5332.221218024738,22.513508461333462,24.644095553603673,24.643605053676282,0.0004904999273924771
5333.450816460654,23.7468411258933,24.64035047032275,24.639875211620417,0.000475258702332784
5334.67776981203,25.252790721958945,24.636081722716565,24.63562122395384,0.00046049876272423544
5335.905005422413,24.530234545197118,24.631284082312245,24.630837911139523,0.0004461711727217761
5337.135453331568,23.687273146568714,24.625946718048535,24.625514486618652,0.00043223142988408394
5338.363254328814,24.20651832501403,24.620096622606837,24.61967788822551,0.0004187343813257523
5339.594269104737,24.38582984472464,24.613706164981078,24.613300560657997,0.00040560432307952375
5340.82263574932,24.02989306565371,24.60680431656111,24.60641142374197,0.00039289281914092256
5342.054217653167,23.876445384947036,24.599355651327883,24.598975122851222,0.00038052847666269265
5343.283150205681,23.926552151403484,24.591392466375257,24.59102390661472,0.00036855976053678315
5344.512365472515,23.955815951222576,24.58289375620971,24.582536809550938,0.0003569466587740408
5345.7447982198855,23.599402678255274,24.573832602739785,24.573486949924487,0.0003456528152981643
5346.974579785609,23.94623197355145,24.56424641509769,24.563911692725345,0.00033472237234428526
5348.207580314163,23.91523073965607,24.554082613681672,24.553758519946825,0.0003240937348453481
5349.437928439673,23.47956966521622,24.543381970777293,24.543068162412045,0.0003138083652476936
5350.671497010984,24.67829513988761,24.532085058350496,24.531781250124716,0.0003038082257811528
5351.902411957291,23.979969406022065,24.520236945187694,24.519942812935952,0.0002941322517435004
5353.133610073964,24.255228901931332,24.50780259707274,24.507517849247108,0.0002847478256325655
5354.368030861299,24.399716832778722,24.494741749114183,24.494466123779187,0.0002756253349964363
5355.5997961903595,24.37011803070061,24.48110906785057,24.4808422676561,0.0002668001944699425
5356.834785674766,24.48392516459603,24.466833095949504,24.466574873511444,0.00025822243805989235
5358.06711847753,24.27740771608603,24.45197703217534,24.4517271068749,0.0002499253004401547
5359.302676921007,25.291769587289654,24.43646657489483,24.436224713153344,0.00024186174148608906
5360.535577458909,24.735882236289285,24.420373629672614,24.420139566730555,0.00023406294205871852
5361.768761623959,24.292405829645194,24.40366166036153,24.403435157969387,0.00022650239214170635
5363.00517365817,23.97038750911031,24.386290234153595,24.38607107810975,0.00021915604384324858
5364.238925950581,23.622719667786896,24.368346178346105,24.368134126125902,0.00021205222020332818
5365.475907599231,24.18658048870384,24.349750585052682,24.349545434543046,0.00020515050963600896
5366.710228280737,22.79785255266438,24.33060109858371,24.33040262111593,0.00019847746778066405
5367.947779806244,23.559724677775307,24.310818091350487,24.31062609626861,0.00019199508187727333
5369.182669138705,23.194593023035964,24.29051031875472,24.290324590510682,0.00018572824403733886
5370.420790803614,22.59988078289848,24.269597897901836,24.269418256695193,0.0001796412066413469
5371.656249049004,23.243301519193892,24.248200028096594,24.248026270800125,0.00017375729646986675
5372.8919915099395,22.81357893200402,24.22628939251668,24.226121336220714,0.00016805629596546847
5374.130968536394,22.570999842803985,24.20383576622826,24.20367324634402,0.0001625198842394121
5375.367280303296,23.13327720583823,24.180972123900027,24.18081495468673,0.00015716921329728446
5376.6068281258795,24.12476945077538,24.157617550393336,24.157465576736527,0.000151973656810675
5377.843709461027,24.664564208786487,24.133913177715723,24.133766224691833,0.00014695302389003306
5379.083828342705,24.443964180841366,24.109777531804667,24.109635453266947,0.00014207853771995978
5380.3212795084955,24.301758843025937,24.08535824589741,24.085220877152416,0.00013736874499544743
5381.559015348302,24.80496968974444,24.060631954685082,24.06049914735928,0.00013280732580172832
5382.799990971312,23.42344118113488,24.03557358689192,24.03544520738903,0.0001283795028909318
5384.038297035432,23.40986422622734,24.010338182133488,24.01021408006237,0.00012410207111989555
5385.279844375324,24.049040213402236,23.984841664887327,23.984721714458612,0.0001199504287156309
5386.51872092646,23.189266279041593,23.959241936031546,23.95912599574145,0.00011594029009601952
5387.760840246622,22.070972557925874,23.93345303636443,23.933340987805586,0.00011204855884233392
5389.000287547599,23.035610522397633,23.907633238411183,23.907524948476528,0.00010828993465401905
5390.2400199817985,23.052468834836077,23.88175622009354,23.881651568810383,0.00010465128315505931
5391.482997425304,22.975786609670195,23.855794542911802,23.855693422191084,0.00010112072071691743
5392.723301003648,22.957860867673503,23.82990557172593,23.829807860185333,9.771154059729544e-05
5393.966851086273,22.650992556132,23.803999330390077,23.80390492635086,9.44040392180822e-05
5395.207726071887,22.572593704483552,23.77823210936831,23.778140898724853,9.121064345889653e-05
5396.4518490574455,22.81680618979124,23.752512920420045,23.752424807548945,8.811287109952498e-05
5397.693295713578,22.650135283270405,23.726995647883673,23.726910525547556,8.512233611646734e-05
5398.9350279628825,21.333963426560558,23.701649641633924,23.701567413134534,8.222849938917917e-05
5400.180010456023,20.688545161267257,23.67644482371885,23.676365401886198,7.942183265015898e-05
5401.422314770787,21.76388576665022,23.651530343065854,23.651453630241363,7.671282449213499e-05
5402.667870826773,22.377888726932955,23.626815866800932,23.626741781059767,7.408574116508748e-05
5403.910747470544,21.561088715898794,23.60244658595463,23.602375035575786,7.15503788461384e-05
5405.1568773536155,21.422014920939432,23.578333016590722,23.578263924599124,6.909199159646482e-05
5406.4003265900665,21.989063465215512,23.55461610303888,23.55454938331235,6.671972653320028e-05
5407.644061880382,22.337740474834735,23.531263578112736,23.531199152960557,6.442515218014256e-05
5408.89105265751,22.1666167432561,23.508246235354974,23.508184034703525,6.22006514486406e-05
5410.135360936084,22.25326164429896,23.485698214243374,23.485638159769415,6.005447395812595e-05
5411.382926201271,22.79955045231259,23.46353492794743,23.463476953854197,5.797409322928652e-05
5412.627807732079,23.247163408589813,23.441884355566824,23.441828388359486,5.5967207336533584e-05
5413.8759477499925,23.24920255277516,23.420665236087217,23.42061121400101,5.402208620788979e-05
5415.121402797131,23.3301420116178,23.399998207799474,23.399946061888077,5.214591139861383e-05
5416.367144359568,23.605395265248944,23.379851310809958,23.379800978852295,5.033195766396805e-05
5417.616146660249,23.195000851873036,23.360198135866067,23.36014956171227,4.857415379658244e-05
5418.862462135232,22.47890751372313,23.341149263883658,23.34110238491569,4.6878967969236226e-05
5420.112039850681,22.425798211491724,23.322629022023932,23.32258378556719,4.523645674398124e-05
5421.358929502612,23.533611147646642,23.30473981963964,23.304696166989224,4.365265041651728e-05
5422.609082897923,23.587263528074345,23.287408282888343,23.28736616464272,4.211824562298379e-05
5423.856546991326,22.582874736544568,23.27072691125516,23.270686272392183,4.0638862978033204e-05
5425.104298062203,23.899916350672246,23.254661669213228,23.254622460059082,3.920915414572274e-05
5426.355315131232,23.557204878174844,23.23918157032908,23.23914374603468,3.782429439767051e-05
5427.603641040437,23.14094272336763,23.224362491107293,23.2243260017681,3.648933918999855e-05
5428.855234452436,22.708766920877224,23.210132228836827,23.210097032417963,3.519641886291983e-05
5430.104135464796,22.578977474239313,23.196553841071015,23.196519890828625,3.395024238862472e-05
5431.356305485286,22.873190607275436,23.18355457473807,23.183521831285148,3.274345292422222e-05
5432.605781865749,22.822561570216408,23.171184724776857,23.171153144341282,3.1580435575874474e-05
5433.8555456866125,22.33750118750686,23.159397623959542,23.159367167009886,3.0456949656654805e-05
5435.108580774015,21.971755708752543,23.148148613679044,23.14811924450669,2.9369172352933543e-05
5436.358920360478,22.46276498250893,23.13746885388702,23.1374405328445,2.832104252004341e-05
5437.61253272055,23.077968540949772,23.12728143517309,23.127254128822884,2.7306350206081385e-05
5438.863448337868,23.209509986979583,23.117605311737307,23.1175789829763,2.6328761006757318e-05
5440.117638236561,23.206293132989234,23.108360695605153,23.108335313130606,2.5382474546235866e-05
5441.36913015011,22.017544899510426,23.09955486727144,23.0995303963702,2.4470901239896918e-05
5442.620909967731,23.19031290100611,23.091125298517852,23.091101707829207,2.3590688644095374e-05
5443.875966328776,23.969051661592975,23.083009925042603,23.082987186225843,2.2738816761688588e-05
5445.128322840764,23.617467831129947,23.075201767744822,23.075179849400012,2.191834481116088e-05
5446.383957405681,23.363979320538306,23.067615528468817,23.06759440408181,2.1124387007008898e-05
5447.63689087772,23.1881717996115,23.060237896454893,23.060217536667125,2.0359787769167647e-05
5448.893103912886,21.28498651244354,23.05298277728123,23.052963157293817,1.9619987411476703e-05
5450.146614610781,22.86977191962592,23.045832702988154,23.045813795358196,1.8907629956091517e-05
5451.400413677166,23.7722867322633,23.03871752041211,23.038699300339086,1.8220073022966006e-05
5452.657494572377,23.321544313889376,23.0315671491714,23.03154959423351,1.7554937889830403e-05
5453.911871263397,22.983628991746286,23.024363304091633,23.024346389498533,1.69145931007799e-05
5455.16953129518,22.431688841276127,23.017020129224488,23.01700383401845,1.6295206039005446e-05
5456.424485876947,22.977636404752616,23.00952259758464,23.00950689860768,1.5698976960834586e-05
5457.68272531211,23.21046297477233,23.001786914039663,23.001771791707586,1.5122332077547001e-05
5458.938258050858,22.60266275817992,22.99380440914956,22.993789841834772,1.4567314788315018e-05
5460.197077156333,22.201925149053185,22.98549411252026,22.985480081926802,1.4030593457506125e-05
5461.453188318419,22.669122212547222,22.97685663523186,22.976843121166542,1.3514065320705264e-05
5462.709588447227,23.063303348890262,22.96783739068475,22.96782437489166,1.3015793089741781e-05
5463.969277213161,23.01504429675686,22.95838245748995,22.95836992345567,1.2534034280117094e-05
5465.226256164912,23.06713610765496,22.948511113664704,22.9484990431792,1.2070485505132006e-05
5466.486525268864,22.764063101209445,22.93815537330318,22.93814375094921,1.1622353971355843e-05
5467.744083310223,22.57485757068116,22.927349440463324,22.927338249249406,1.1191213919803368e-05
5469.004933019553,22.90748568325796,22.916032289019594,22.916021514555606,1.0774463989116855e-05
5470.263070417305,23.166146961650384,22.904253595765812,22.904243222201316,1.0373564498027043e-05
5471.5214972479125,23.360481564032625,22.891988533204536,22.891978546205717,9.986998819747569e-06
5472.783218020554,23.058723597510724,22.879211027767322,22.879201414363596,9.613403726332072e-06
5474.042224607806,23.37174263375823,22.865992165612262,22.86598291152891,9.254083351079236e-06
5475.304526654609,23.07124976893499,22.852289137868294,22.852280231006635,8.906861660138727e-06
5476.564113265598,22.444425169397054,22.83819194162212,22.83818336867449,8.572947632083176e-06
5477.826996854356,23.87346989904393,22.82366194829329,22.82365369797719,8.250316099151271e-06
5479.0871637563005,21.841140200643622,22.808802448052717,22.808794507965178,7.940087539109027e-06
5480.347620557984,22.360383298329566,22.793617929547207,22.793610288469043,7.641078163647125e-06
5481.611376615167,22.796830899812335,22.778113955800006,22.778106603575402,7.352224604276528e-06
5482.872414108702,22.04648410086736,22.76241100913874,22.762403934612593,7.074526147502776e-06
5484.136752377701,21.87556636446664,22.746484352734534,22.74647754644222,6.806292312678546e-06
5485.398370830611,23.20231264030906,22.73046333116459,22.73045678271595,6.548448638794843e-06
5486.663291579652,22.668922459647433,22.714328444843417,22.714322145420244,6.299423173823926e-06
5487.925491259585,22.540341934205117,22.698215657885083,22.698209597812152,6.060072930700124e-06
5489.187981306896,22.759248224020784,22.68214753561621,22.682141706139557,5.829476652309661e-06
5490.453775931742,22.337116247022895,22.666147533741658,22.666141926934337,5.606807319853003e-06
5491.7168476076195,21.719218105194273,22.65035320661435,22.650347813786134,5.39282821756891e-06
5492.983225383449,22.55339661851008,22.63475019543371,22.63474500920377,5.186229942570054e-06
5494.246878955849,22.89020705742621,22.619473312667353,22.619468324948542,4.987718810524784e-06
5495.51384015132,22.732891245045494,22.604509626496203,22.604504830417948,4.796078253611442e-06
5496.778075888322,23.356405356421305,22.58998873209018,22.589984120128477,4.6119617021568996e-06
5498.042602461092,23.144731786185503,22.575930538121867,22.575926103467534,4.434654331104681e-06
5499.310438942021,22.30670178727064,22.562356873992798,22.562352610477962,4.263514836714023e-06
5500.575548081585,23.975296020470754,22.549382616764817,22.54937851764042,4.09912439808151e-06
5501.843968654179,22.846157381503986,22.53699321797831,22.53698927750654,3.9404717718226155e-06
5503.109660628923,22.270438312921442,22.525291909106024,22.525288121011748,3.788094274390779e-06
5504.378665562273,22.33043284791745,22.514263423987906,22.514259782934758,3.641053149439324e-06
5505.64494064071,22.295713297022875,22.503996845989317,22.503993346144284,3.4998450328663447e-06
5506.911507024065,22.29805831283602,22.49449737298065,22.494494009063732,3.363916916719599e-06
5508.181388654798,22.78647287965453,22.485772241562984,22.485769008790008,3.23277297480958e-06
5509.448538544684,22.23742914623131,22.477885418400458,22.47788231154613,3.1068543306242273e-06
5510.719005209282,22.391777795746407,22.470817002660212,22.470814017277906,2.9853823057419673e-06
5511.986738874523,22.658957703011083,22.464613776495998,22.464610907731636,2.8687643626771127e-06
5513.257790842511,22.92148919383692,22.459255267177774,22.459252510899525,2.7562782478461755e-06
5514.526108552051,23.28813980291841,22.454771718608516,22.45476907030828,2.648300234090123e-06
5515.794718036413,23.226724109270776,22.451149210546742,22.451146666142975,2.5444037652008863e-06
5517.066648115983,22.758686418990123,22.448377797582097,22.448375353375475,2.4442066216061758e-06
5518.335842048134,23.4487015999207,22.446461695386432,22.44645934734387,2.3480425645242105e-06
5519.60835810529,23.973910234728464,22.44537811589354,22.44537586057978,2.2553137589296805e-06
5520.878136754483,23.286695755913684,22.4451140502865,22.44511188395828,2.1663282187525794e-06
5522.151239059183,22.532649366803867,22.44564447661428,22.445642396082384,2.0805318958674668e-06
5523.421602694798,23.549518553051712,22.44693957587964,22.44693757767067,1.9982089696026385e-06
5524.6922585758975,23.0076659240209,22.448969400428286,22.448967481396892,1.919031393772701e-06
5525.966240408666,22.738869266723558,22.451707608364853,22.451705765659458,1.842705393537321e-06
5527.237481680328,22.952517477604147,22.455103841459614,22.455102071976913,1.7694826994366084e-06
5528.512050435922,23.10805632148049,22.459133354435505,22.459131655529834,1.6989056693106013e-06
5529.783877367835,22.997605452453403,22.463732310408307,22.463730679201902,1.63120640418625e-06
5531.059033316652,22.96060538928623,22.46887585343639,22.468874287475252,1.5659611372702872e-06
5532.3314461786285,22.97120893905003,22.474491054628793,22.47448955124498,1.5033838153377024e-06
5533.604151757513,22.813703777566392,22.480538483649283,22.480537040426384,1.4432228977910995e-06
5534.8801886531655,23.21694037869986,22.486980584789237,22.486979199535984,1.385253253820651e-06
5536.153480566907,23.53708809655859,22.493731093177058,22.493729763512913,1.3296641435141151e-06
5537.430105332152,23.257600497603793,22.500764432610328,22.500763156504057,1.2761062715157606e-06
5538.7039838508745,23.40432732553632,22.507988049709443,22.507986824955463,1.2247539816130894e-06
5539.981196756545,24.227554802273062,22.51537583094585,22.515374655661745,1.1752841055793966e-06
5541.255662150496,23.846012198360427,22.52283076607398,22.522829638216777,1.127857204884115e-06
5542.530420733537,23.72419414087972,22.53030762730494,22.53030654502397,1.0822809720934538e-06
5543.8085160071005,23.326007542744037,22.537760737390606,22.537759699007218,1.038383389028004e-06
5545.083861870817,22.44177844347485,22.54509132405514,22.54509032774884,9.963062973773851e-07
5546.362545962267,22.894331122503107,22.55227116953423,22.55227021375035,9.557838803860825e-07
5547.638479377218,22.77860344770659,22.559203413283782,22.5592024963371,9.16946682140141e-07
5548.9177525578225,22.808322933828325,22.565858186430432,22.56585730688146,8.795489753898016e-07
5550.194273794693,23.4635894332331,22.572141257368607,22.57214041365773,8.437108752889952e-07
5551.471088693595,23.353542231524333,22.578007434989452,22.578006625703658,8.092857934915446e-07
5552.751245665444,22.45553226292907,22.583409486638764,22.583408710496084,7.761426811417264e-07
5554.028648792365,23.045635621055794,22.58826413963465,22.588263395247143,7.44387504833822e-07
5555.309395531924,23.002936357966522,22.592539061898943,22.592538348080375,7.138185695069669e-07
5556.587387157861,22.97046610795394,22.59616041336233,22.59615972882902,6.845333130137684e-07
5557.868723936835,23.494003892985347,22.599093842490912,22.599093186145474,6.563454402144654e-07
5559.147304332908,23.417409059713126,22.601276888212407,22.601276258867884,6.29344523379641e-07
5560.429231423129,22.747275534589676,22.60267468842451,22.602674085065978,6.033585327432456e-07
5561.708400860583,23.277840044023037,22.603239253486535,22.603238675016748,5.784697885361596e-07
5562.987864569286,22.441383099194017,22.60293757576458,22.60293702118924,5.545753409834169e-07
5564.270677284216,22.339113776020785,22.60173217042655,22.601731638843333,5.31583219130479e-07
5565.550730441243,22.99871033568036,22.599599575231167,22.59959906566525,5.095659193551116e-07
5566.834134147382,23.081453812899216,22.596505306871634,22.596504818489016,4.88382618572865e-07
5568.1147770242915,22.50292155764464,22.592444465093973,22.59244399699407,4.6809990033796236e-07
5569.39877199391,22.756333080139484,22.58738316880561,22.587382720217775,4.4858783405364593e-07
5570.680004862385,22.380479272352094,22.58133573433201,22.581335304424453,4.299075567868737e-07
5571.961532476798,22.369326402113874,22.57428589756825,22.574285485587126,4.119811224638395e-07
5573.2464144997275,23.305661877596776,22.56621310804225,22.56621271330331,3.947389351228701e-07
5574.528532513306,23.37122660543378,22.557161150143326,22.557160771908563,3.782347624345247e-07
5575.814006480774,22.505505860785664,22.54709730216209,22.547096939799623,3.623624664070306e-07
5577.096715165513,23.407171723598935,22.536085582109628,22.536085234938245,3.471713844253286e-07
5578.3827813502285,22.725531599143896,22.524094330504013,22.524093997940344,3.325636702564027e-07
5579.666080978251,23.09083803767055,22.5112059818077,22.511205663223116,3.1858458424281014e-07
5580.9496758276655,23.656802506313397,22.497423504657355,22.49742319948207,3.0517528538982905e-07
5582.236630496601,23.037156526611625,22.482745684074718,22.482745391791454,2.922832641733553e-07
5583.5208166975535,22.191186349930152,22.467281288893407,22.467281008945136,2.7994827090164157e-07
5584.808364265894,23.282093116181045,22.450999241278044,22.4509989731875,2.68090544111976e-07
5586.093142090821,22.66958206036861,22.43402285657334,22.434022599826815,2.5674652554079487e-07
5587.381282831716,22.228294612584705,22.416320190839,22.416319944996253,2.458427465198607e-07
5588.666652553178,22.161633324558238,22.398027201219488,22.39802696580688,2.3541260687902225e-07
5589.9523179722555,22.075901876880042,22.379156002365885,22.379155776954068,2.254118189196978e-07
5591.241348630586,21.672613256762247,22.35971485653962,22.35971464073874,2.1580088118052655e-07
5592.527606355112,21.256234579430156,22.33985276195325,22.339852555344162,2.066090872143879e-07
5593.817230869254,22.189091025241737,22.319532622360608,22.319532424583937,1.9777667282212852e-07
5595.104081172106,21.273563143486854,22.298909876566018,22.29890968723555,1.8933046880535815e-07
5596.39429981565,21.82949210967468,22.277944636293952,22.27794445507848,1.8121547219631753e-07
5597.681742969825,22.479925005056433,22.256794616361937,22.256794442905687,1.734562516670766e-07
5598.969482298607,21.78024053532045,22.2354673562451,22.235467190225528,1.6601957158179528e-07
5600.2605922951125,22.42360925263154,22.21396780918408,22.213967650308277,1.5887580344409138e-07
5601.5489248847925,21.75244159009981,22.192453553470656,22.192453401424192,1.5204646583474692e-07
5602.8406296950625,22.181127959122026,22.170875346638393,22.170875201151485,1.4548690938185693e-07
5604.129555818955,22.0849094842049,22.149386766374615,22.14938662715779,1.3921682553030578e-07
5605.42185571702,22.5133752927336,22.127933836612936,22.127933703417778,1.331951564045272e-07
5606.711375648566,23.31513557502115,22.106664881529966,22.106664754090048,1.2743991673573474e-07
5608.001192232478,21.646801436742635,22.085572158307805,22.085572036381567,1.2192623839841822e-07
5609.294384921349,22.929652012856423,22.064646710597195,22.064646593965232,1.166319635358637e-07
5610.58479572315,23.439411009321137,22.04402555345565,22.044025441882802,1.115728487593767e-07
5611.878584185279,23.35504870131024,22.023645405474955,22.02364529875932,1.0671563452071701e-07
5613.169589478724,22.863854239969672,22.003636073322657,22.00363597124793,1.0207472632269764e-07
5614.463973988585,22.398534021429896,21.983931888608684,21.983931790989118,9.761956554786053e-08
5615.755574047557,22.810395370163636,21.96465322309401,21.964653129730692,9.336331899044667e-08
5617.047471237425,21.62013858613955,21.945775524536973,21.94577543524954,8.928743422577541e-08
5618.342749978254,22.12404440648857,21.927275344225084,21.927275258849694,8.537538905346902e-08
5619.635242344546,22.292775264788474,21.90925892760291,21.909258845964224,8.163868398228834e-08
5620.931117819676,22.227757776666525,21.891656615840507,21.891656537787892,7.805261630522823e-08
5622.2242056365885,22.615661261981817,21.874566422660795,21.874566348033103,7.462769071933088e-08
5623.520678120936,22.28129155380998,21.85791909862211,21.85791902728088,7.134122956286937e-08
5624.814361662792,22.262489812117337,21.8418041203029,21.841804052100073,6.820282542408174e-08
5626.108342814847,22.937198927101576,21.82618990791561,21.826189842716932,6.519867836090994e-08
5627.405710972649,23.263470319794468,21.811048462233774,21.81104839991727,6.231650464181565e-08
5628.700288261207,22.540764328357795,21.796458335091536,21.796458275526867,5.956467133997433e-08
5629.998254115905,21.813255944288702,21.782355376389177,21.78235531946429,5.692488480351291e-08
5631.293427815606,22.843650066459762,21.7688113267529,21.76881127234812,5.4404780578343647e-08
5632.591991642557,23.100675867985164,21.75576534482139,21.75576529283381,5.19875787157792e-08
5633.887762028168,22.363847762685285,21.743282989831645,21.7432829401514,4.968024535540316e-08
5635.183830504054,22.312563286423824,21.731335839724082,21.731335792251535,4.747254584290683e-08
5636.483291449273,22.74373408213717,21.719900729595604,21.71990068424023,4.535537443644497e-08
5637.77995702329,22.634571203161844,21.7090351619182,21.7090351185834,4.3334798910298446e-08
5639.08001662955,22.098195132800242,21.698689809335857,21.698689767938546,4.139731147217689e-08
5640.377279576783,22.074193573434968,21.688916641218626,21.688916601670183,3.954844428694798e-08
5641.677938119888,21.972939660835664,21.67967174688216,21.679671709106344,3.777581762367681e-08
5642.975798715545,21.78266253923039,21.671001768065306,21.671001731980834,3.608447398456555e-08
5644.2739578823275,21.729617740539542,21.66288648718831,21.662886452721466,3.446684523617288e-08
5645.575514990844,21.93236485306602,21.655310872609295,21.655310839693094,3.291620125215182e-08
5646.874272218938,22.34269892442012,21.648313232838085,21.648313201401155,3.143692816193296e-08
5648.176428954196,22.882924399621402,21.641862091286235,21.641862061267155,3.00190811472049e-08
5649.47578451913,22.501577387089814,21.63598976990987,21.635989741243215,2.8666655471006663e-08
5650.77854115738,22.24155113054883,21.630669465990675,21.63066943862013,2.737054444610377e-08
5652.078495334807,22.177690544638153,21.62592719825332,21.62592717211893,2.613438633740496e-08
5653.378748564984,22.14684328693636,21.621749541039165,21.621749516086563,2.4952601270421906e-08
5654.682405218121,22.465220278568836,21.61812712527301,21.618127101452778,2.3820229558490907e-08
5655.983257474344,21.79613961768803,21.615074947597087,21.615074924856657,2.2740431486950383e-08
5657.2875147214845,21.62390267984495,21.61257541190814,21.61257539020223,2.170590679695499e-08
5658.588966279726,21.8417311363055,21.610636376039167,21.610636355319635,2.0719531479088478e-08
5659.893824397561,21.789418764913876,21.609242975716825,21.6092429559422,1.9774626114576843e-08
5661.195875533918,21.463561443336175,21.60839450619976,21.608394487325956,1.887380727932438e-08
5662.501334799271,21.633413830938025,21.60807785013122,21.608077832120255,1.8010965056025886e-08
5663.8039857899685,22.107156963418905,21.608283813414072,21.608283796225592,1.718847937276805e-08
5665.106936453816,22.517439015788682,21.608998557586474,21.60899854118388,1.6402595705084742e-08
5666.413297601177,21.98499974216043,21.610211601383664,21.610211585733687,1.5649978820789323e-08
5667.716848533778,21.861546207812694,21.61190129043004,21.61190127549735,1.4932692282822038e-08
5669.0238115211005,22.74326174975954,21.61405732589792,21.61405731165207,1.4245851296050432e-08
5670.3279629989975,22.745617169369552,21.61664947265146,21.616649459060127,1.3591331543452981e-08
5671.635528103549,22.77505367221659,21.619668282838198,21.61966826987353,1.2964668451303476e-08
5672.940280403413,22.46367219359547,21.623075289826225,21.62307527745866,1.2367566474290678e-08
5674.245332859829,22.790459614612814,21.626851400851265,21.62685138905399,1.1797276033518325e-08
5675.553801301219,23.287018273616468,21.63097953444637,21.630979523195016,1.1251355725996422e-08
5676.859454994685,23.2049718507875,21.635411003966755,21.635410993235475,1.0731281367850865e-08
5678.1685262468645,23.078467923199245,21.640136234635868,21.640136224402376,1.0233491041713058e-08
5679.474781454366,23.377083943068214,21.645100710634342,21.645100700875016,9.759324944640565e-09
5680.784455795052,23.235606871033273,21.650294729219425,21.650294719913894,9.305530297495848e-09
5682.091312793708,22.77816856899767,21.655659178884036,21.65565917001071,8.873323815714218e-09
5683.398470433101,22.584924284526778,21.66117098664884,21.661170978188142,8.460697800465006e-09
5684.709049567798,22.73130570640342,21.666807955993598,21.666807947927726,8.065870378312257e-09
5686.0168094140945,22.61719478163957,21.672506882201997,21.672506874512102,7.689893576294177e-09
5687.327992331979,22.439522900314728,21.678257908002585,21.678257900672406,7.330177682289778e-09
5688.636354662617,22.270764992142972,21.683996249411745,21.68399624242407,6.987677154170936e-09
5689.948141641849,22.56339258653702,21.689711923012354,21.689711916352323,6.660029015334513e-09
5691.257106734393,23.09620639685238,21.69534086308908,21.69534085674098,6.3480989713421376e-09
5692.566372952636,23.218309518367164,21.700860134976814,21.70086012892639,6.0504253418687454e-09
5693.8790661854055,22.748141130488765,21.706246612393453,21.706246606627744,5.765711430057301e-09
5695.188935581975,22.78145824956607,21.711440170703682,21.711440165208977,5.494704711906483e-09
5696.502233571895,23.05683010648147,21.716431143921117,21.71643113868559,5.235527818352296e-09
5697.812706424675,22.98959869038686,21.721163430593524,21.721163425604665,4.988858264898964e-09
5699.126609450355,22.698438031350634,21.725631060037628,21.725631055284644,4.7529844807069515e-09
5700.437686037357,22.648314618819203,21.729781361498336,21.729781356969816,4.528520403641271e-09
5701.749064235804,22.715302586067196,21.733593945383728,21.733593941069323,4.314405002889248e-09
5703.063874976902,21.713375332875444,21.737050660342565,21.737050656232867,4.1096974195116045e-09
5704.375857326663,22.077345923884767,21.740111827201762,21.740111823286835,3.91492699820509e-09
5705.691273800448,22.329411195065404,21.742771119191072,21.742771115462336,3.728736742612048e-09
5707.003860579855,21.615242559335346,21.744998083925758,21.744998080374152,3.551606001130757e-09
5708.319883065385,21.031402286920756,21.74678792150466,21.74678791812236,3.3822986518947872e-09
5709.6330745529,21.838815992424202,21.74811893119444,21.74811892797319,3.221248651968826e-09
5710.946568138391,21.65618982303272,21.74898506572259,21.748985062654903,3.0676880642493077e-09
5712.2634998035755,22.089437216600118,21.749378142817474,21.74937813989654,2.920936220852677e-09
5713.5775985149385,22.41808691725612,21.749290185045204,21.749290182263838,2.7813667552761183e-09
5714.895136889917,22.417206756041423,21.74871735907702,21.74871735642902,2.648001667445809e-09
5716.209841005933,22.607773103199523,21.747661693361056,21.747661690839877,2.521178981524039e-09
5717.527986370217,23.49556654327432,21.74612053550923,21.746120533109224,2.4000085561616885e-09
5718.843296169796,25.14235857976621,21.744106928740305,21.74410692645551,2.2847961171002918e-09
5720.158908554666,25.01791044243828,21.74162569210419,21.7416256899292,2.174987490959989e-09
5721.477964565204,25.919257949067514,21.73867906589384,21.73867906382375,2.0700916896981123e-09
5722.794183052077,26.46063616496133,21.73529303152626,21.73529302955589,1.9703715667153785e-09
5724.113846751093,25.399502984575864,21.73146571244037,21.731465710565246,1.8751243238845773e-09
5725.430671619199,25.595487629140734,21.72723248280043,21.727232481015843,1.7845875375264495e-09
5726.7509432866555,25.42176086758673,21.722592447477982,21.72259244577986,1.6981220790465522e-09
5728.068374815353,24.60268242503935,21.717588437338524,21.717588435722583,1.6159426200265428e-09
5729.386109417443,23.49923908356732,21.712231667586636,21.712231666048986,1.5376504218395556e-09
5730.70729320012,23.082895779144565,21.706530941981427,21.706530940518533,1.4628923568585735e-09
5732.025634881916,23.206755061569996,21.700537212086008,21.700537210694154,1.391852729693264e-09
5733.347427333336,22.578860951714436,21.694247157405638,21.69424715608161,1.324027976995465e-09
5734.666376374519,23.026469746472912,21.687717298971773,21.687717297712187,1.2595845211197471e-09
5735.988777775095,22.76775644909617,21.680944000203645,21.68094399900558,1.198064800627376e-09
5737.308334455477,22.912277672093527,21.673986425821173,21.673986424681555,1.139619049597615e-09
5738.628194698139,23.307099682323386,21.666855698998084,21.666855697914123,1.0839612101752503e-09
5739.951509685269,23.292969245422686,21.659561481433432,21.659561480402594,1.0308380508071038e-09
5741.2719779869185,23.147549134376277,21.65216505817009,21.652165057189713,9.803783690020364e-10
5742.595902624636,22.5125492312626,21.644657443340243,21.644657442408022,9.322224073642836e-10
5743.9169792654075,23.03147605352388,21.637100370883495,21.637100369997007,8.864863554269905e-10
5745.241513834579,22.665210384926358,21.62948294684575,21.62948294600291,8.428435931914653e-10
5746.563199094731,22.267604318655685,21.621865491515415,21.621865490714015,8.013989076426863e-10
5747.885188406842,22.836028244877188,21.614252684441222,21.614252683679275,7.619476813430088e-10
5749.210638036276,22.78123560831318,21.606649003625673,21.606649002901364,7.243088513829813e-10
5750.533236388235,23.155441454677316,21.599112143405343,21.59911214271677,6.885721236305991e-10
5751.859296651685,23.0460788228022,21.591625298011056,21.591625297356575,6.544812281007687e-10
5753.182504324079,23.1001452743451,21.584241200950043,21.584241200327927,6.22117011533991e-10
5754.509175502864,22.914268958813295,21.576940282515697,21.57694028192445,5.912470030282036e-10
5755.832992776404,22.58359676004693,21.56977190815115,21.569771907589207,5.619440450074696e-10
5757.157114592369,23.250317839798985,21.56273220917325,21.56273220863919,5.34062204015493e-10
5758.4847023075035,22.651985078352826,21.555817078260176,21.555817077752703,5.07472397684881e-10
5759.809434145761,23.01763068065725,21.549068661616204,21.549068661133965,4.822368946499439e-10
5761.137633479926,22.826517093784105,21.542462210982805,21.542462210524633,4.581736751965617e-10
5762.462975621514,22.69391446047416,21.536035177164912,21.536035176729573,4.3533880422293523e-10
5763.791786856483,22.84408910668742,21.5297613755674,21.529761375153832,4.1356730329448493e-10
5765.117739582566,21.5802525097223,21.523674023074296,21.523674022681387,3.9290963764780247e-10
5766.447163000242,22.343599893228546,21.517746273887152,21.517746273513936,3.732163102864392e-10
5767.773726592117,22.53043127731246,21.512007109060885,21.512007108706353,3.5453273345728923e-10
5769.100595358204,22.979373838828906,21.506441683977197,21.506441683640432,3.3676481679108594e-10
5770.430937213624,23.495497878215023,21.501035473224626,21.501035472904796,3.198293770647264e-10
5771.758417267523,23.25278145889638,21.495811110748154,21.49581111044439,3.0376516188701293e-10
5773.089372010805,22.782995930742572,21.490739623715314,21.490739623426858,2.8845543150462987e-10
5774.417463634136,23.49926405267979,21.485840296046405,21.48584029577247,2.7393502954076243e-10
5775.749031547637,24.27003142410945,21.481084024157294,21.481084023897196,2.600982591437159e-10
5777.077735022148,22.952228252051327,21.476487369407362,21.476487369160385,2.469764445444901e-10
5778.406744163148,21.746170181350184,21.472032729956474,21.47203272972197,2.345029295482443e-10
5779.739231995928,22.34323367957893,21.467703481087618,21.467703480864998,2.226188079158371e-10
5781.0688534108085,22.57752302343772,21.463513275180055,21.463513274968705,2.1135076764118032e-10
5782.401955120103,23.63839818966096,21.45943448122944,21.459434481028822,2.006164435467976e-10
5783.732189090939,23.429614794193984,21.455478710368084,21.455478710177644,1.9043981120573638e-10
5785.065904959558,22.808125261687906,21.45161940841662,21.45161940823587,1.8074635883040892e-10
5786.396751768554,22.083145000256767,21.447868146108863,21.447868145937306,1.7155761919804053e-10
5787.727904737109,21.58970331879357,21.444209207598565,21.444209207435737,1.6282650973739746e-10
5789.062542008932,22.403400917602884,21.440627983483495,21.440627983328984,1.5451143811881393e-10
5790.394308239028,23.34273268658262,21.43713543611995,21.437135435973317,1.4663072306995976e-10
5791.729560377609,23.209832504682367,21.433709159682696,21.433709159543568,1.3912642144999614e-10
5793.061940151777,23.262935564635654,21.4303603284029,21.430360328270886,1.3201497396272048e-10
5794.397807440384,23.74029089538772,21.4270686908259,21.427068690700658,1.2524400591283152e-10
5795.730801041283,23.890996135241043,21.423846284949395,21.423846284830567,1.1882826834233084e-10
5797.064101295606,23.462769614040216,21.420682090182417,21.420682090069683,1.1273460202584234e-10
5798.400891473734,23.603530904850913,21.417566033446533,21.4175660333396,1.0693372556696184e-10
5799.734805978854,23.474979510039816,21.414510878350267,21.41451087824883,1.014381696150053e-10
5801.072212015583,23.628988995777153,21.411500949773355,21.411500949677148,9.620729038027734e-11
5802.406741054482,24.208386846930807,21.408550341355305,21.408550341264053,9.125232272857699e-11
5803.74476323354,24.157726598481194,21.40564520335632,21.40564520326978,8.653655940767571e-11
5805.079907089334,22.82381834887758,21.402799793251216,21.402799793169144,8.207007062796517e-11
5806.415358093218,23.740230553365908,21.40000787672412,21.400007876646292,7.782957154292678e-11
5807.754304650511,23.222702001403153,21.397264249762085,21.39726424968829,7.379450811752673e-11
5809.0903708960395,23.38075648336121,21.39458414028396,21.394584140213986,6.997342197845186e-11
5810.429934305376,23.854601573051358,21.391957084435386,21.39195708436905,6.633788682385055e-11
5811.76661607599,23.322520190035224,21.389397951391942,21.389397951329045,6.289555335171788e-11
5813.106796621554,22.948641022892616,21.386897017808014,21.386897017748392,5.962076985267602e-11
5814.444094200827,23.682191932180334,21.384468773118517,21.384468773061997,5.652038705859293e-11
5815.781699423651,23.802932156305932,21.382109858628066,21.382109858574488,5.357810197367056e-11
5817.122805838567,23.794249147443225,21.37981771718692,21.37981771713614,5.077952895242293e-11
5818.461027295482,23.566809663439702,21.377606230260977,21.377606230212844,4.813047009739568e-11
5819.802751557488,23.198640100016068,21.375467927637562,21.375467927591952,4.561110188890369e-11
5821.1415895323935,23.54350931998306,21.37341592282118,21.373415922777955,4.322661601696478e-11
5822.483931926131,23.437837955235295,21.3714430214878,21.37144302144684,4.0959138757674506e-11
5823.8233867030585,23.484856874782512,21.369560653363372,21.36956065332456,3.88133142644916e-11
5825.163149619795,23.752280230893803,21.36776509465921,21.36776509462243,3.6777761372499186e-11
5826.5064193764065,24.4956939396086,21.36605317313213,21.36605317309729,3.4842441121198555e-11
5827.846799521285,24.60425755988456,21.36443398879036,21.364433988757348,3.3011280829937004e-11
5829.190688121636,22.81558062252066,21.36290002499186,21.362900024960588,3.1270496487286174e-11
5830.531685779011,24.472031544021096,21.361458097559854,21.36145809753023,2.96235986736729e-11
5831.876193508204,23.344064372581215,21.360100174299834,21.360100174271775,2.805816948507693e-11
5833.217808962565,23.641078207733134,21.35883153032271,21.358831530296133,2.657734606960335e-11
5834.559733053798,24.773502365749554,21.357647553755044,21.35764755372987,2.5173206487934587e-11
5835.905169641795,24.317239692759586,21.356544050227846,21.356544050204008,2.3838765594853118e-11
5837.247711956821,23.89214055289608,21.35552359632296,21.355523596300383,2.2576672258420606e-11
5838.593768386816,23.442078542837066,21.354577747246513,21.354577747225136,2.13773698403376e-11
5839.93692921045,24.103331386957397,21.3537070564997,21.353707056479458,2.0243223707774282e-11
5841.283605768004,24.336430536454944,21.352903367007837,21.35290336698867,1.9165631527275194e-11
5842.627385385193,24.43648593165551,21.35216627539149,21.352166275373342,1.814670488620263e-11
5843.971474137115,24.458714684035158,21.351488294596162,21.35148829457898,1.7180945819065158e-11
5845.31908105182,23.256776516892163,21.35086291088526,21.350862910868997,1.62635082569342e-11
5846.663789024794,24.225781995287438,21.35028877743133,21.350288777415933,1.539617238023692e-11
5848.012016781365,23.745686304441392,21.349757803354656,21.349757803340083,1.4572331718037898e-11
5849.357344260665,23.897161425262652,21.349266788838243,21.349266788824448,1.3793574282026563e-11
5850.7061931451235,24.25209319755652,21.348807559420557,21.348807559407504,1.3053958256961084e-11
5852.052140416155,23.892639935145557,21.348376032837102,21.348376032824746,1.2354899809593887e-11
5853.398397320588,24.270880373933554,21.347964833302186,21.347964833290494,1.1692594433227048e-11
5854.748178062957,24.127114466588527,21.347567211169746,21.347567211158683,1.1063689917587664e-11
5856.0950551873075,23.459022166409795,21.34717955323595,21.34717955322548,1.046937830770609e-11
5857.445457773026,23.24918590670018,21.346794669400452,21.346794669390547,9.90510585715616e-12
5858.792955403028,23.64576199708131,21.346409134910388,21.346409134901016,9.37193482268075e-12
5860.143980118577,24.032356684751107,21.346015711796205,21.34601571178734,8.865773003587772e-12
5861.4920985400995,24.02902330823588,21.34561109801489,21.3456110980065,8.387566715827515e-12
5862.840527094492,24.5191274516651,21.345190042452536,21.345190042444603,7.934691013308206e-12
5864.192485171134,24.07070091847311,21.344746986909424,21.34474698690192,7.50483383082457e-12
5865.541534945923,23.6736566572331,21.34427960539557,21.344279605388472,7.098790469377558e-12
5866.894115869009,23.942648905911483,21.343782321386094,21.34378232137938,6.713431228941414e-12
5868.243787150391,24.711934776667704,21.34325437388664,21.343254373880292,6.349464074349637e-12
5869.596991206866,25.522013934927713,21.342690211892013,21.34269021188601,6.0040788595449245e-12
5870.9472842811665,25.62825958926237,21.342090226896286,21.34209022689061,5.677905614164313e-12
5872.30111175811,25.136203693541464,21.341449576059194,21.341449576053826,5.368421720510487e-12
5873.65202691179,26.187655100565284,21.340769576670947,21.34076957666587,5.076187683598224e-12
5875.003252841725,27.51844429186906,21.34004760032949,21.34004760032469,4.7995816634538404e-12
5876.35801561606,27.496873059451218,21.339280983353355,21.339280983348818,4.537175781204501e-12
5877.709864055141,27.133537100050606,21.338472853955356,21.338472853951068,4.289440140418594e-12
5879.065250968044,26.115440265772804,21.337619011117113,21.33761901111306,4.054450626999056e-12
5880.41772220306,25.78419793893829,21.336723489379352,21.33672348937552,3.832625156142752e-12
5881.773733542072,25.46100607011715,21.335782507759568,21.335782507755944,3.6222379373121615e-12
5883.126827859944,25.431195030583012,21.33480172589966,21.334801725896234,3.423660382768072e-12
5884.480233455386,25.198043862101148,21.333780384146632,21.333780384143395,3.235781021985164e-12
5885.837181600519,23.454640087170677,21.33271713987325,21.33271713987019,3.0576216648472185e-12
5887.1912107092785,24.233087541445343,21.331618850212227,21.33161885020934,2.8894933471702845e-12
5888.548783999779,23.069166928802815,21.330482475075513,21.330482475072785,2.730082533236678e-12
5889.903436909106,22.371954401201723,21.329315606341183,21.329315606338604,2.5796654612600662e-12
5891.261635632977,22.29435872267118,21.328114948540993,21.328114948538555,2.437065015738646e-12
5892.6169126302575,21.914158208554,21.32688861807396,21.326888618071656,2.3025264736402664e-12
5893.972501407231,22.204494886878592,21.3256363948039,21.325636394801727,2.1752904996239313e-12
5895.331638448389,22.431291416235926,21.324358005555965,21.32435800555391,2.05468910311585e-12
5896.6878517444675,22.15532862365865,21.323062600450534,21.323062600448594,1.9409274495050754e-12
5898.047614939417,22.009600560225067,21.321747568320248,21.321747568318415,1.8331116900263786e-12
5899.404453042318,22.47113795822509,21.320422230600673,21.320422230598943,1.7314239357476911e-12
5900.764842679527,23.137750838489755,21.319082711239563,21.31908271123793,1.635063997954287e-12
5902.122305877099,23.18709812777513,21.317739058904905,21.31773905890336,1.5441935348711266e-12
5903.480081357296,23.460649320239327,21.316391636797675,21.31639163679622,1.4582957487976004e-12
5904.841410825392,23.00566631426364,21.31503988037532,21.31503988037394,1.3769163609142343e-12
5906.19981183211,23.444729430278016,21.313693215374336,21.313693215373036,1.300190668275275e-12
5907.561768464046,23.634725649367965,21.312348446459065,21.312348446457836,1.2275129881749533e-12
5908.920795285463,22.920201203785158,21.311015253141612,21.311015253140454,1.1590035852620926e-12
5910.283379370174,23.5813916251243,21.309690271957713,21.30969027195662,1.094121194252108e-12
5911.6430322946035,24.167880704220465,21.308382721504774,21.30838272150374,1.0329728718423659e-12
5913.002998005401,23.872949709200725,21.307092517494738,21.307092517493764,9.752093026368188e-13
5914.366523437044,23.387733269538217,21.305819437615018,21.305819437614097,9.20524140492464e-13
5915.7271156834,23.32003992486284,21.30457207156495,21.30457207156408,8.690077447958762e-13
5917.091269290562,23.386104034949312,21.30334691065234,21.30334691065152,8.202533678672571e-13
5918.452488361121,23.032060746907632,21.302152072419055,21.30215207241828,7.743421546957166e-13
5919.817270433204,23.639111890125836,21.30098389235152,21.30098389235079,7.309124497671441e-13
5921.179116616743,23.069341712590134,21.29984947077141,21.29984947077072,6.900376519256338e-13
5922.541276091208,23.015830823799778,21.298747546320318,21.298747546319667,6.514865443744727e-13
5923.907001028709,23.385621298774826,21.297677082143803,21.29767708214319,6.150582713674533e-13
5925.269788049398,23.04725237108846,21.296643547947326,21.296643547946747,5.808173637256111e-13
5926.636142175731,22.400670961305767,21.295642715136655,21.295642715136108,5.484989503261595e-13
5927.999557031754,22.88543795694375,21.294680841984903,21.294680841984384,5.181635695125842e-13
5929.366540636785,22.768832201691907,21.29375439032602,21.293754390325528,4.895805189257136e-13
5930.730583617387,23.631113451096784,21.292868502526197,21.292868502525735,4.628080485653334e-13
5932.094940394283,23.854743064688705,21.292021270282802,21.292021270282365,4.3770613064344896e-13
5933.462868385673,22.547073190776132,21.29120974367403,21.291209743673615,4.141587923926686e-13
5934.827853721089,22.714395374980654,21.29043648863947,21.29043648863908,3.9222461787434295e-13
5936.196411916256,23.335196176134335,21.28969737395659,21.289697373956216,3.7175396225368483e-13
5937.562026099768,22.838537640680784,21.288995878377193,21.28899587837684,3.528087364070162e-13
5938.931214789048,22.939616769492773,21.28832850504825,21.288328505047915,3.3527271807538226e-13
5940.297458110367,23.044919839831554,21.287697556442346,21.287697556442026,3.1921432901656094e-13
5941.664015734168,22.683716658788057,21.28709995703881,21.287099957038503,3.0458658019468764e-13
5943.0341503331965,23.368783793930106,21.286532582068055,21.286532582067764,2.913688628884298e-13
5944.401337529447,22.983570730483848,21.28599622924529,21.285996229245008,2.7964729000660184e-13
5945.772103348836,23.429105008147644,21.285486678453108,21.285486678452838,2.694048206322551e-13
5947.139920407579,23.023265377038797,21.2850049455733,21.28500494557304,2.6074650349589945e-13
5948.511317738131,22.27524902859136,21.28454736194412,21.28454736194387,2.537072196625823e-13
5949.879764949545,22.462918958702517,21.284114963720114,21.284114963719865,2.4841872845366983e-13
5951.248526970441,22.851660990045048,21.283705614179336,21.28370561417909,2.4498556135911353e-13
5952.620871736592,22.50495654031124,21.283316877185822,21.283316877185577,2.435588301752671e-13
5953.9902643455025,22.755130401222004,21.282949203281547,21.2829492032813,2.443304710204668e-13
5955.363241350236,22.30293561280587,21.28259990040419,21.28259990040394,2.4752761923740557e-13
5956.733264837673,22.10367169146946,21.282270137785225,21.282270137784973,2.5340088165439657e-13
5958.106874372263,22.544680317497413,21.28195841712597,21.281958417125708,2.6229457313512813e-13
5959.47752902887,21.84479817562101,21.281666939150075,21.2816669391498,2.7453841361362083e-13
5960.84849900278,22.849224420819496,21.28139545132987,21.28139545132958,2.905863572071385e-13
5962.223057501278,22.108992193185717,21.28114380758224,21.281143807581927,3.110039659134814e-13
5963.594659080406,22.363032105011147,21.28091379192112,21.28091379192078,3.3629277296712197e-13
5964.969850837352,22.655164478674465,21.28070564545239,21.280705645452024,3.67273914630069e-13
5966.342084312677,21.995834256214607,21.280522409590937,21.28052240959053,4.046125330014054e-13
5967.717909619815,22.98669811182117,21.280365983442845,21.280365983442394,4.4943431037676727e-13
5969.090775282451,23.161317519146113,21.280240194969956,21.280240194969455,5.02621945299736e-13
5970.463956771028,23.18243514602068,21.280147881168368,21.280147881167803,5.65541161550135e-13
5971.840732572851,22.560974744145824,21.2800922933041,21.28009229330346,6.398520327343757e-13
5973.214546685489,22.008171078535952,21.28007807439782,21.280078074397093,7.269032489801746e-13
5974.591956767271,22.50977557901865,21.280110232789287,21.28011023278846,8.290850443791471e-13
5975.96640379542,23.353983352511364,21.280192766462477,21.28019276646153,9.481850600953526e-13
5977.344448449374,22.300307613718022,21.280330552670698,21.28033055266961,1.0874059201137563e-12
5978.719528684617,21.94699051069745,21.28052800743913,21.28052800743788,1.2491144573850728e-12
5980.098208203089,21.974731194655647,21.280791142958595,21.280791142957156,1.437587666787702e-12
5981.473921937145,21.42639491941918,21.2811236642017,21.281123664200045,1.6559551833800272e-12
5982.849952152337,21.083573166675023,21.28153094385301,21.281530943851102,1.909262897654732e-12
5984.229584137339,22.5570670780437,21.282018971473413,21.28201897147121,2.203594592841801e-12
5985.606248288998,22.47013711296677,21.282589815269038,21.282589815266494,2.543695392248637e-12
5986.986515869801,21.960590353958082,21.28325004511704,21.2832500451141,2.9382820925267546e-12
5988.363814249983,22.049578190054717,21.283999987380533,21.28399998737714,3.3936060597499345e-12
5989.744717719406,22.03926594660311,21.284846151674206,21.284846151670283,3.921214902903077e-12
5991.122650620298,21.801314466248186,21.285786545196874,21.285786545192344,4.529331419092372e-12
5992.500900512845,22.5269397630849,21.286824304400373,21.28682430439514,5.231426363290845e-12
5993.882757985223,22.32074275151831,21.28796268532458,21.287962685318536,6.0436951685446896e-12
5995.261642836841,22.522936382051626,21.289195643674013,21.289195643667036,6.978503230699988e-12
5996.644136930301,22.576800999935358,21.290527459291226,21.29052745928317,8.058990075800911e-12
5998.023657033516,21.942957999032956,21.2919490851438,21.291949085134497,9.301354994393943e-12
5999.40678804135,21.478875832320004,21.29346296092242,21.293462960911683,1.0736066079459563e-11
6000.786943688823,22.291728642823955,21.295056642643114,21.29505664263073,1.2384310317917448e-11
6002.167416839289,21.608919131601397,21.296727519268437,21.296727519254155,1.428128690273247e-11
6003.551503388982,22.72692986944242,21.298472225680236,21.298472225663765,1.646921989557153e-11
6004.932612522774,22.32956517125899,21.300273488380107,21.300273488361128,1.897969650037248e-11
6006.3173367204845,21.81342032427915,21.30212957813663,21.302129578114755,2.1872892933262364e-11
6007.699082130599,22.785401288577535,21.30402017494319,21.304020174918,2.5189950802602856e-11
6009.084444270092,22.435199082338045,21.305941860201166,21.305941860172158,2.900966040547483e-11
6010.466826249662,22.798345692635735,21.307872125921374,21.30787212588799,3.338551820637703e-11
6011.84952624439,22.253967021726343,21.30980097129679,21.309800971258383,3.840769224054763e-11
6013.235845467128,22.10456225648102,21.311717548318,21.311717548273815,4.418412085374205e-11
6014.619182471088,22.128595027236884,21.313596569451217,21.313596569400424,5.079386410962319e-11
6016.006140370434,21.95636849319067,21.315429617282824,21.315429617224435,5.839039199434323e-11
6017.390114677097,22.438272363931674,21.3171902361667,21.317190236099623,6.707607538143538e-11
6018.777711547289,22.02726412654079,21.318869379693425,21.318869379616373,7.705075112234864e-11
6020.162323450259,22.730956138828788,21.320441668896024,21.320441668807575,8.844675041519403e-11
6021.547253881376,22.501646052149113,21.321893754747077,21.321893754645586,1.0149059547338947e-10
6022.935809378688,22.354463537913944,21.3232109404785,21.323210940362046,1.1645290158118887e-10
6024.321377846599,23.13676663930642,21.324369615316446,21.324369615182917,1.3352750996640602e-10
6025.71057305077,22.607423535624893,21.325358590560057,21.32535859040696,1.5309835327191786e-10
6027.096779849417,22.303476610242797,21.32615777400128,21.326157773825866,1.754149430256091e-10
6028.486615055161,21.703262842323625,21.326756443088794,21.32675644288782,2.0097446787388398e-10
6029.873460478623,21.554987929417734,21.32713811593788,21.327138115707783,2.3009755105217672e-10
6031.260624944051,22.001570909805427,21.32729202089152,21.327292020628178,2.633423238527494e-10
6032.651420323277,22.482860956531454,21.32720648452396,21.327206484222586,3.0137422396342075e-10
6034.039223854718,22.54408730107616,21.32687216461029,21.32687216426563,3.446587254844346e-10
6035.430659972716,22.604701902365264,21.326279477620087,21.32627947722595,3.9413801930140866e-10
6036.819102864586,23.072752077202157,21.325425021375793,21.325425020925387,4.5040768706923627e-10
6038.211180016543,22.684072468640807,21.32430040940836,21.324300408893677,5.146811723267262e-10
6039.600262563395,22.245587803732064,21.322908650289726,21.322908649702008,5.877192212835385e-10
6040.989664666861,22.396032948663787,21.32124664795189,21.321246647281022,6.708705661527539e-10
6042.382703541159,21.87860427315093,21.31931045318883,21.31931045242309,7.657400576628008e-10
6043.772745741516,21.846843562084473,21.317112377656933,21.317112376783513,8.734222039462068e-10
6045.166426388163,22.175378820974974,21.314646836861552,21.314646835865368,9.961851606765407e-10
6046.5571089803025,22.686995935559597,21.311932323091998,21.311932321956576,1.1354209295524665e-09
6047.951431694963,22.733338608310646,21.308964385372985,21.30896438407895,1.2940346442013594e-09
6049.342754973913,22.58840123343873,21.30576728847449,21.305767287000698,1.4737935835136252e-09
6050.734398324956,23.29440496938992,21.302346324849896,21.302346323172003,1.6778941870572193e-09
6052.129684313311,22.435307281825434,21.298705983911752,21.29870598200162,1.910132410599893e-09
6053.521968793786,21.861575338443913,21.294878088295345,21.294878086122317,2.173027787824832e-09
6054.917897589737,21.934037783601756,21.29085987304056,21.290859870568625,2.471936423933282e-09
6056.310823495011,21.714349128261915,21.286686906249034,21.28668690343899,2.810043147199982e-09
6057.707395394696,21.560722502249178,21.282356706443306,21.282356703249135,3.1941705954460586e-09
6059.100963020274,22.83793422046267,21.27790817263424,21.277908169005904,3.6283374826602057e-09
6060.4948512342535,21.84514774319564,21.27334995098614,21.27334994686617,4.119973033488896e-09
6061.892387961494,22.206115798430005,21.268690055109577,21.268690050431694,4.677882700767635e-09
6063.286918339113,22.516325809524233,21.26397016568699,21.263970160379248,5.307743094772944e-09
6064.685098910862,22.373858296027837,21.259187296500183,21.259187290478224,6.0219609676157285e-09
6066.080271747965,22.364351306453504,21.254383507532385,21.254383500704716,6.827667569094198e-09
6067.479096460838,22.269918123078245,21.2495547308844,21.24955472314382,7.740579854704556e-09
6068.874912053407,22.210273155656868,21.2447425440172,21.24474253524756,8.769640483538272e-09
6070.271048751516,22.449312873163763,21.23995384050816,21.23995383057638,9.931782700473046e-09
6071.670839848312,22.84128840457163,21.23519466772587,21.235194656478832,1.1247037840835907e-08
6073.067619745938,22.950368053172042,21.23050400981184,21.230503997083918,1.272791998543538e-08
6074.468055725828,22.690820371286808,21.225874726302997,21.225874711900378,1.4402618783054352e-08
6075.865479119289,22.798716067804097,21.221343179504622,21.221343163217867,1.6286756585475315e-08
6077.266560279372,23.920031051529122,21.21690132528558,21.216901306869733,1.8415847759864613e-08
6078.664627465128,22.96465246626633,21.212582953452774,21.212582932643414,2.0809359608324144e-08
6080.063016274405,22.55586439912622,21.208388594738015,21.208388571232874,2.350513979548591e-08
6081.465065377284,23.28106105953214,21.204318665886323,21.204318639338446,2.6547875032896987e-08
6082.864098423621,23.98213547652915,21.20040138828158,21.20040135831703,2.9964549074068924e-08
6084.266793449858,24.496921587638557,21.19662639997377,21.196626366155783,3.381798700926835e-08
6085.6664710300565,25.38101751830789,21.193019147703932,21.19301910956227,3.814166025751104e-08
6087.0698122772255,26.069474210468233,21.189567531499762,21.18956748848548,4.3014282190153425e-08
6088.470134688222,26.68772400063085,21.18629280327466,21.186292754797368,4.847729502681077e-08
6089.87412245404,26.719524246125392,21.183184255250282,21.18318420062112,5.4629162833822374e-08
6091.275089992907,25.995232716046647,21.180259854681555,21.180259793160452,6.152110145211957e-08
6092.676379822514,25.349808208475224,21.1775142021077,21.17751413285116,6.925653874819222e-08
6094.08133753917,24.467524619219606,21.174943004549938,21.174942926592642,7.795729547378877e-08
6095.483272942338,23.642054083878975,21.17255947825914,21.17255939056566,8.769347958556319e-08
6096.888877922348,22.458449487569737,21.17035276447489,21.170352665838685,9.863620706309936e-08
6098.291459196492,21.828940708440882,21.168333492557064,21.16833338168535,1.1087171377019653e-07
6099.697711738049,22.33486694614089,21.166491781211764,21.166491656598893,1.246128707695127e-07
6101.10093918072,22.786978504182116,21.164835905043212,21.16483576507766,1.3996555038460503e-07
6102.504489434022,22.74298708952233,21.163360543932374,21.163360386781594,1.571507777594854e-07
6103.911713491047,22.236320101485607,21.16206158362063,21.162061407192233,1.7642839763903965e-07
6105.315910359284,22.481982876076135,21.16094416581385,21.16094396787195,1.979418962255982e-07
6106.723782723765,22.445124304546315,21.160003269876654,21.160003047820528,2.2205612717296354e-07
6108.128626504835,21.440679332513472,21.159242906107263,21.15924265716086,2.489464031190212e-07
6109.537147475447,21.30526559329087,21.158658450615196,21.158658171551096,2.7906409978679123e-07
6110.942638467379,22.147839970675932,21.15825274088899,21.158252428265993,3.126229975846102e-07
6112.348452790668,21.911311729732006,21.15802489077367,21.158024540687464,3.5008620600286137e-07
6113.757946843901,22.135811100741762,21.157976213375257,21.15797582137809,3.919971666754201e-07
6115.164408825181,22.730269488235766,21.158108497265438,21.158108058622783,4.386426556552853e-07
6116.574552231657,22.499315601651574,21.15842424374647,21.158423752960804,4.90785666679912e-07
6117.981662169305,21.626536921210914,21.158924217131055,21.158923668356884,5.487741718500588e-07
6119.39245522818,21.90126166196137,21.159613877187596,21.15961326364072,6.135468789630314e-07
6120.80021342071,21.57177341527813,21.16049361802205,21.160492932496883,6.855251644421846e-07
6122.208295466163,21.60998448040027,21.161569060487924,21.161568294827543,7.65660381390529e-07
6123.62006317734,21.842910926869877,21.16284789651456,21.162847041447694,8.550668663630699e-07
6125.028793925523,21.77641401883386,21.164328776211626,21.1643278219077,9.543039244007943e-07
6126.441212037415,21.967814750500455,21.166024102886855,21.166023037950406,1.064936449959175e-06
6127.850591787186,21.897618252299594,21.167932157742694,21.16793097010443,1.1876382652286098e-06
6129.263660599433,21.665709297163293,21.170068473164378,21.170067148840396,1.3243239825544516e-06
6130.673689649786,21.958986088481655,21.172428235596893,21.172426759793204,1.4758036898627357e-06
6132.084043075471,22.08307425443809,21.17502194639788,21.175020302404505,1.6439933755171133e-06
6133.498088112235,21.549014069258423,21.177862740056405,21.177860908923194,1.8311332112883887e-06
6134.909091287072,21.473547007566257,21.18094336307085,21.180941324784158,2.0382866918394373e-06
6136.323787773715,22.12593373599907,21.184284252194242,21.18428198359269,2.268601552305444e-06
6137.735440997047,21.164932938910965,21.187874439457097,21.187871916107568,2.5233495300462433e-06
6139.1507892336895,21.265508523954736,21.191734969829586,21.191732163469155,2.8063604296352204e-06
6140.563092804992,21.743259198987634,21.195850786094432,21.195847666942758,3.119151674441306e-06
6141.9757212748755,21.220584929095935,21.2002336130135,21.20023014750744,3.46550605976915e-06
6143.3920473107855,21.184698072193214,21.204897070452162,21.204893220613652,3.8498385113786335e-06
6144.8053265779345,21.198399872663117,21.209819352863533,21.209815078745223,4.274118311128459e-06
6146.2223051145775,21.931289100470284,21.215022220128084,21.21501747557326,4.744554823858747e-06
6147.636235478815,21.80739860665426,21.220478283287537,21.220473019802963,5.263484573368817e-06
6149.053866816798,21.495001717459218,21.226209831069447,21.226203992649044,5.838420404026427e-06
6150.468448578085,21.824787512732772,21.232184224828607,21.23217775270047,6.472128136536987e-06
6151.883355762047,21.687815284739944,21.23840717464887,21.238400002720002,7.171928867338953e-06
6153.301966476587,21.69072210558375,21.24488482642716,21.244876880075196,7.946351965420967e-06
6154.717525507617,21.817831534149494,21.251574776918282,21.251565977974927,8.798943354727424e-06
6156.136789775441,21.432976361315355,21.258495510015408,21.258485768300286,9.74171512087041e-06
6157.553000953847,21.334585573613026,21.26559876623927,21.2655879873997,1.0778839567677787e-05
6158.972919076046,21.59428307017311,21.272900662359103,21.27288873758966,1.1924769443376752e-05
6160.389782702269,20.771994015913496,21.280346714648026,21.280333530246168,1.318440185821145e-05
6161.806972276108,20.93609102309017,21.287932609506214,21.287918037880885,1.4571625326944368e-05
6163.227871354698,21.148397144175306,21.295653261032676,21.29563715844052,1.610259215742447e-05
6164.645713827102,20.9336024348803,21.303446722652364,21.303428939153335,1.7783499029846687e-05
6166.067267513225,20.480242421215397,21.311323274467156,21.31130363733365,1.9637133503925314e-05
6167.485763184983,20.203921738025997,21.31921611542823,21.319194444706625,2.1670721605381847e-05
6168.907971780214,20.380759234842348,21.327132665996345,21.327108754468323,2.3911528022107045e-05
6170.327120952256,20.868680661689496,21.33500432517717,21.334977957221,2.6367956170679113e-05
6171.746596597701,20.578716439292634,21.34281713236584,21.342788066535793,2.9065830048864088e-05
6173.1697877317065,20.750127315664713,21.350555146129235,21.350523110998473,3.2035130760325725e-05
6174.589917328908,20.994855829296853,21.358146416851874,21.358111130511354,3.5286340519143706e-05
6176.0137641263955,21.017740020878932,21.365593429044775,21.365554567194728,3.886185004790529e-05
6177.434547976628,21.81407160196284,21.3728272694089,21.372784495646812,4.277376209010259e-05
6178.859050739659,21.347280286546493,21.37984840841366,21.379801335901092,4.707251256890656e-05
6180.280489144339,21.718508566248147,21.386589769705264,21.38653799767266,5.1772032603281496e-05
6181.702254549055,21.715141897582953,21.393035802376623,21.392978882994726,5.691938189722892e-05
6183.127741435796,21.36372452786975,21.399169985626788,21.39910741652504,6.256910174597166e-05
6184.550161847161,21.514496352023006,21.404934411336356,21.404865673044206,6.873829215040343e-05
6185.976305455035,21.88409747789513,21.410329615129594,21.41025411085105,7.550427854426987e-05
6187.399381174809,21.526252642479335,21.415304974743876,21.415222088160608,8.28865832681694e-05
6188.826181806367,21.651116931681827,21.41986184937265,21.419770872680555,9.097669209563086e-05
6190.24991313645,20.870979900796442,21.42395889888174,21.423859102068043,9.979681369520164e-05
6191.673971994054,20.532121994657476,21.427591189569586,21.427481758578555,0.00010943099102977411
6193.101758336815,21.653495239644943,21.430752790316536,21.430632813854515,0.00011997646202203526
6194.52647325766,22.08663027220621,21.4334191994726,21.433287739491384,0.0001314599812150054
6195.954917380911,21.943883936953853,21.435597733276865,21.435453713423573,0.00014401985328955756
6197.380288667245,21.553704100884715,21.437276792104132,21.437119105886065,0.00015768621806816783
6198.809390874027,21.335380423693437,21.438467165427866,21.438294543638072,0.00017262178979477312
6200.235418828236,21.364775311353018,21.439168982405086,21.43898012203069,0.00018886037439860522
6201.665179421727,21.29839076432313,21.4393957176874,21.43918912459143,0.00020659309596962033
6203.091864346338,21.018759592971605,21.43916145500361,21.43893559730782,0.00022585769578690662
6204.518877477943,21.87156506419274,21.438486602701,21.438239776587054,0.0002468261139470298
6205.949625827538,21.85428643836099,21.43739083182416,21.437121134971868,0.00026969685229120803
6207.377296383415,21.5582651254299,21.435905954632016,21.435611440629216,0.0002945140028009401
6208.808703878096,21.845428645710967,21.434056430601263,21.43373486928328,0.00032156131798147654
6210.2370321611215,22.21842140936076,21.431886062477503,21.43153517511362,0.00035088736388275366
6211.669099104557,21.58310523082241,21.429422734874205,21.429039911311982,0.0003828235622222196
6213.098085417746,21.991281554706916,21.42671982791041,21.426302404841337,0.0004174230690724188
6214.527400467357,22.01008329639956,21.423816235479475,21.42336125647403,0.00045497900544377883
6215.960456760249,21.497361298587975,21.420751598972547,21.42025576976863,0.0004958292039160627
6217.390430294627,21.07995056460698,21.4175899073179,21.417049873606942,0.0005400337109581941
6218.824146795872,21.036512631940358,21.414367530587658,21.413779452907704,0.0005880776799538823
6220.254779118379,20.9582219797793,21.4111529586446,21.410512933078103,0.0006400255664986672
6221.689156132138,20.910102338523874,21.407985043065143,21.407288602229766,0.0006964408353749284
6223.120447546277,20.862563229133457,21.404933495240662,21.40417610324313,0.0007573919975329404
6224.552068227127,21.19878481314709,21.402045693226615,21.40122232459028,0.0008233686363377856
6225.987436186262,21.719761183390577,21.399370295902585,21.39847536183792,0.0008949340646627378
6227.41971641408,21.712237157498524,21.396974248177504,21.396002086482305,0.0009721616951973047
6228.855745646553,20.971195514468718,21.39489943920349,21.393843574421744,0.0010558647817432451
6230.288685725193,21.19876192479399,21.393207216166225,21.392061097387987,0.0011461187782357443
6231.725376535654,21.038703671559915,21.391939043010016,21.390695180131747,0.001243862878270039
6233.158976769108,21.30708209622333,21.391148534983486,21.389799361835852,0.0013491731476326168
6234.5929068004125,21.385087684350314,21.390876622033375,21.38941377136573,0.001462850667643258
6236.030590154745,20.771215811908068,21.39116499753753,21.389579181931552,0.0015858156059789558
6237.465180796936,20.672822943446363,21.392049510663185,21.39033136946815,0.0017181411950344505
6238.903526491309,20.67711138851371,21.39356813721695,21.39170697330191,0.0018611639150395056
6240.338778048728,20.74851888866954,21.395742404925652,21.393727453202786,0.0020149517228654525
6241.777786388282,21.010661277492662,21.398606795327595,21.396425755994922,0.0021810393326718615
6243.213699165412,20.942256313111788,21.402167195591808,21.399807709741697,0.002359485850112276
6244.649942272391,20.62400832856042,21.406443619579765,21.403892044334142,0.0025515752456217776
6246.089944756892,20.99757122027836,21.411456878958816,21.408698099097585,0.002758779861230815
6247.526849540389,20.765730930201357,21.417185863540908,21.414204726724442,0.00298113681646593
6248.967515433352,20.81606658018882,21.42365571559706,21.420434916360556,0.0032207992365038763
6250.405082198201,20.734511216571835,21.430827696334493,21.427349914188024,0.003477782146467714
6251.846411805258,20.69985616921781,21.4387223770712,21.43496783305686,0.0037545440143416913
6253.284640856435,20.975594239782826,21.447282706939095,21.44323163666445,0.0040510702746452965
6254.723200770314,20.992843734983353,21.456502293312035,21.452132916721588,0.004369376590448158
6256.165526125977,20.41192068720943,21.46637588992192,21.46166411953696,0.004711770384961109
6257.604748783727,20.58425125922429,21.476820505327197,21.47174233016767,0.005078175159524553
6259.047738617997,20.380320194614683,21.48784524790293,21.48237325661789,0.00547199128503914
6260.487624324943,20.57901606864232,21.49935263402929,21.493459547558114,0.005893086471176553
6261.931278943946,21.282077610840364,21.51134766260286,21.505002341363504,0.006345321239353891
6263.371828005555,20.63436218719949,21.523720054688972,21.516891561377165,0.0068284933118070105
6264.812708463582,21.7181985331016,21.536441638988144,21.529095937317077,0.007345701671068496
6266.257360437435,22.00219305685789,21.54948369883669,21.541583211145166,0.00790048769152111
6267.698904708405,21.304173194620148,21.562721022652664,21.55422851089157,0.008492511761095207
6269.144222232738,20.828815392865977,21.576151017322527,21.56702397948446,0.009127037838064588
6270.586430622471,21.177906473600387,21.589643402208893,21.579839793583712,0.009803608625179382
6272.032414003901,21.610956195027374,21.603195402516516,21.59266723615334,0.010528166363177258
6273.475286818356,21.81143736059687,21.61667461025196,21.605374499207915,0.011300111044041923
6274.918491563806,21.209230225198556,21.630045392565666,21.617921284270157,0.012124108295508643
6276.365473908922,21.244497015808182,21.643271502701264,21.630266022419185,0.013005480282077146
6277.809343538112,21.659140339823352,21.656223788405065,21.642280431349217,0.013943357055848243
6279.256992507309,21.595373388084457,21.668899947571987,21.653954221558212,0.014945726013776127
6280.701527326553,21.335407473565283,21.6811782049465,21.66516671200239,0.016011492944111257
6282.149843226944,21.015449104809477,21.693058620311493,21.67590899737774,0.017149622933753217
6283.595043542696,21.362091131762103,21.704429798644203,21.686071042821823,0.018358755822381632
6285.04057632488,21.84304617622911,21.715269814769353,21.695624045510886,0.01964576925846857
6286.489892800386,21.80508272147233,21.72555632516171,21.704537830891844,0.021018494269863096
6287.936091538839,21.709975372060285,21.73519855665266,21.712723476355063,0.022475080297595405
6289.386075713757,22.44189288524035,21.744205696084887,21.720178289720153,0.024027406364733283
6290.832940715283,21.64567574592195,21.752504770528663,21.726831546952177,0.025673223576484848
6292.283592897224,21.699105485096766,21.760110579994848,21.732684791400374,0.02742578859447279
6293.731124468769,22.51136111766073,21.76696774499287,21.737685356948774,0.02928238804409505
6295.178989043052,22.990672362223222,21.773083382316646,21.74183043481683,0.031252947499815546
6296.630643414138,22.932800201787472,21.778463225537124,21.74511447877469,0.03334874676243385
6298.079175018943,23.778859851121982,21.783080831613113,21.747514598814455,0.03556623279865709
6299.53149816651,26.74814301053891,21.786963989375007,21.749041269154645,0.03792272022036138
6300.9806971091375,29.094827592704064,21.790106107550336,21.749692121333226,0.04041398621711076
6302.43368934129,29.976755372106936,21.79254102767451,21.74948178532959,0.04305924234491887
6303.883555929184,28.851145701036447,21.794281880099774,21.748428384538705,0.04585349556106904
6305.337217554168,26.05465504221513,21.795367117271542,21.746549090245548,0.048818027025993666
6306.787752094913,23.63209973103949,21.79582713757446,21.743880176444595,0.051946961129864494
6308.238620329222,23.13585318594176,21.795705230940477,21.740449517186924,0.05525571375355415
6309.6932862224385,22.825428856632133,21.795043268097544,21.736281509854177,0.05876175824336855
6311.144822871054,23.08328696190665,21.79389286416333,21.731435207397347,0.06245765676598142
6312.600158928159,23.354480654001463,21.792300348383776,21.72592965492518,0.06637069345859525
6314.052364299022,22.69453036524851,21.790328061488275,21.71983585284363,0.07049220864464546
6315.508370828757,21.578783493605105,21.788025318789465,21.713173067609276,0.074852251180188
6316.961245229945,21.779607984471113,21.785463725856918,21.706022948166623,0.07944077769029392
6318.414453862981,21.747913857704592,21.782699946649675,21.698420974332905,0.08427897231677044
6319.871466280935,21.667848317798533,21.779788950426155,21.690398156613263,0.08939079381289208
6321.3253444064985,21.59336961680845,21.77680737618179,21.68204359172492,0.09476378445686938
6322.783028069384,21.393227615016713,21.773804771279263,21.67336885669564,0.10043591458362285
6324.23757599591,21.40820284022277,21.77085827734972,21.66446541353314,0.10639286381657959
6325.6959312129675,22.02764490550601,21.76801588430933,21.65533967670233,0.1126762076070039
6327.151149249035,21.799050600050577,21.765351475231594,21.646081936416437,0.11926953881515656
6328.606702056098,21.72003168210904,21.762916153148602,21.636714808552163,0.12620134459644028
6330.066064783976,21.92021529908823,21.760761196138734,21.627257429512966,0.13350376662576716
6331.522288163527,22.110122045525145,21.75895069371077,21.617793888861662,0.1411568048491072
6332.982323219121,22.39745202655604,21.7575268249402,21.6083145897302,0.14921223521000232
6334.439217480093,21.560863993886528,21.756543821023072,21.598896499949255,0.15764732107381868
6335.899925173146,20.679891283035776,21.75604079393987,21.589522369830004,0.16651842410986553
6337.357490624613,21.26452016325266,21.75606036661143,21.580260593653968,0.17579977295746274
6338.815391387097,21.97129378017178,21.756637516781762,21.571108667294375,0.18552884948738552
6340.277108216187,21.73213337862126,21.75780869154918,21.56206085793823,0.19574783361094802
6341.735680632863,21.959046430503466,21.759598335161062,21.55317254041173,0.20642579474933156
6343.198070874202,21.718974656347655,21.762042049230523,21.544410146194778,0.21763190303574495
6344.657315254497,21.260493893866286,21.76515120142153,21.535819854934175,0.22933134648735481
6346.120379218328,21.873314982825264,21.76895988015203,21.527360899397653,0.24159898075437397
6347.580295871817,22.44564241363014,21.77346527644779,21.519069544595958,0.25439573185183273
6349.040548377215,22.073107417042365,21.77868925509268,21.51091940879624,0.2677698462964374
6350.504623104922,22.143965596723778,21.784658290626464,21.5028828303234,0.2817754603030633
6351.965548347956,22.176785414310988,21.79135226516866,21.494985921976667,0.2963663431919899
6353.4302975741975,21.971610055596443,21.798809963845972,21.48717694386347,0.31163301998250276
6354.891895864798,22.53803437206068,21.80700097918949,21.479477038495705,0.3275239406937818
6356.357319900313,23.0279241972745,21.81596699881497,21.471830504320838,0.3441364944941346
6357.819591548554,22.63414048597167,21.825666349772018,21.464253002533646,0.3614133472383705
6359.282199590466,22.42812450047052,21.83611979874647,21.45670455217899,0.379415246567479
6360.748636020323,22.52602006744212,21.847355442005693,21.449145308797775,0.3982101332079194
6362.211917885066,22.761976099558524,21.859320150445928,21.44158907135037,0.4177310790955551
6363.679029901492,23.787030993178977,21.872071553429553,21.433977423069337,0.4380941303602174
6365.142985899496,25.13006337263232,21.88555014787122,21.42632483331677,0.4592253145544525
6366.6107738137325,25.31595841499848,21.89982186707662,21.41857312795671,0.48124873911991317
6368.075404255571,23.9020158368794,21.914821078416754,21.410738231283116,0.5040828471336376
6369.540371633718,24.36093772034781,21.930585421892303,21.402782967243827,0.5278024546484755
6371.009173575392,24.408046112548053,21.947161336597762,21.39467041014551,0.5524909264522547
6372.4748158633165,24.676851092882885,21.96447758942205,21.386423305909602,0.5780542835124468
6373.944294481348,25.360655207085642,21.982627859625524,21.377989625795887,0.6046382338296361
6375.410611989979,25.520759237025917,22.00153848624108,21.369398693568687,0.6321397926723927
6376.880767596114,24.6671339466119,22.02131363405639,21.36059976227453,0.6607138717818625
6378.347760636527,24.874350530271162,22.041873620641173,21.35162572893339,0.690247891707785
6379.81509115676,24.479709546106736,22.06328110132199,21.34244909410122,0.7208320072207703
6381.286262426062,24.022135994711903,22.085610529767028,21.333044276868968,0.7525662528980591
6382.754268944771,23.694582854245372,22.108779644108555,21.323457095381272,0.7853225487272816
6384.22611798198,23.20850498020252,22.1329255969961,21.31364546615579,0.8192801308403083
6385.694800810596,22.80861632089989,22.157961378413432,21.30366153778735,0.8542998406260818
6387.1673279279585,23.356565574893015,22.18403555228224,21.293464403335467,0.8905711489467718
6388.636687378057,23.116323178468633,22.211054585787593,21.283111348785177,0.9279432370024174
6390.106384852366,23.38699459996087,22.23911320252213,21.272590652035703,0.9665225504864279
6391.579929271265,23.452070349345263,22.268317578236932,21.26189092275471,1.0064266554822219
6393.050303834504,22.834201338147867,22.29856520420235,21.251078998304816,1.047486205897534
6394.524527114619,23.262223944930156,22.330038622619522,21.240121166557486,1.0899174560620346
6395.995579078722,23.254785230172388,22.362626933199348,21.22908887630712,1.1335380568922284
6397.470481532802,22.77308943536866,22.39652568456574,21.21795021574104,1.178575468824701
6398.942211209848,22.97198922381483,22.431614667621247,21.206780786233374,1.2248338813878739
6400.414279456371,23.277889982247984,22.468014902347473,21.1955778679867,1.272437034360774
6401.890200853,22.81484195294331,22.505860041836165,21.184339071262734,1.3215209705734299
6403.362947280667,22.261126914728155,22.545010350250262,21.17314135213864,1.3718689981116212
6404.839548633583,22.518385761303307,22.585693236914075,21.16195521052466,1.4237380263894137
6406.312973554831,23.01882087501849,22.627756100187423,21.150858981723573,1.4768971184638495
6407.79025517729,22.8507392136429,22.671441089854557,21.13982538699396,1.5316157028605977
6409.2643589047,22.539376461856136,22.71658079029673,21.128932292111386,1.5876484981853458
6410.738801747736,22.667907049073506,22.76331684209689,21.118177773553796,1.6451390685430958
6412.217103956403,22.803485168286556,22.811806178362044,21.10756142294784,1.7042447554142066
6413.692226074558,23.340385590010104,22.861857195095446,21.097158222858504,1.7646989722369422
6415.171209336349,22.537064738192953,22.913747370977728,21.08694200220547,1.8268053687722579
6416.647011042565,22.573621599613716,22.96726737224483,21.076983757153364,1.8902836150914646
6418.126675671245,22.981437952126726,23.022710205828297,21.067257404384826,1.9554528014434707
6419.603157278607,22.67733705055105,23.079849151663133,21.057829594793002,2.0220195568701316
6421.083503588079,22.862451808152404,23.138994740838477,21.04867484179925,2.0903198990392258
6422.560665409817,23.360063331398695,23.19990350198175,21.03985503857546,2.1600484634062904
6424.038167050692,23.21072931197205,23.262752130533016,21.031364195719245,2.2313879348137693
6425.519536063623,23.199482807562052,23.32773690762053,21.023197879034832,2.304539028585696
6426.997718388802,23.369301903013938,23.394589527718026,21.015408267883956,2.3791812598340716
6428.479769867735,23.226137335127646,23.46367327197751,21.007970495167562,2.455702776809947
6429.958633190811,22.88606218475559,23.534705752479876,21.00093013626894,2.5337756162109355
6431.4413674501575,23.22011561750276,23.608075950699337,20.994261435155238,2.6138145155440986
6432.920912084866,23.563913246392758,23.683490016213195,20.988003272749577,2.6954867434636194
6434.400797086872,23.524345526159554,23.76118131350466,20.982144766038985,2.779036547465676
6435.884555699403,23.440882106197705,23.841411160725837,20.97667635046099,2.8647348102648453
6437.365122483729,23.799883843824773,23.92387249205327,20.97162449830082,2.95224799375245
6438.849564663147,24.382215565694086,24.00904368424743,20.966963688182428,3.0420799960650005
6440.330813543889,24.017400186379408,24.09661489058091,20.962713074281837,3.1339018162990717
6441.815939605117,24.075284831371395,24.18711313819607,20.95884774885491,3.2282653893411606
6443.297870896516,23.939361306102455,24.28023093978822,20.95538000947609,3.324850930312129
6444.78014310426,24.326438729946744,24.376319982185866,20.9522922314015,3.4240277507843637
6446.266295171057,24.988351174788253,24.475778408694953,20.949568257877264,3.52621015081769
6447.749250260906,23.96197083744733,24.57831075429016,20.947208986063465,3.631101768226696
6449.236086997255,24.49185285780641,24.684607754398648,20.94518901570845,3.7394187386901994
6450.7197252838105,24.10346663631663,24.794389052354514,20.943502119257317,3.8508869330971964
6452.207247005139,24.00041910913797,24.908432995501457,20.94212273908017,3.9663102564212886
6453.6915688031495,24.349984603009375,25.02648018645175,20.941038347163634,4.0854418392881175
6455.17623206744,24.721279467010962,25.149113884684308,20.940225473314705,4.208888411369602
6456.66478144939,25.453567355359386,25.276997113427495,20.939662246326087,4.337334867101408
6458.150128697342,25.573369157007846,25.409910716815066,20.93932787453317,4.470582842281896
6459.639363853286,25.685844604904673,25.548921004146095,20.939196033628654,4.60972497051744
6461.12539540001,26.537977990848393,25.69384013123303,20.939242039703224,4.7545980915298065
6462.615316645887,26.712085531367624,25.845881452463388,20.939440039953148,4.90644141251024
6464.102032806641,25.890585084910303,26.004888310902317,20.939761877837952,5.065126433064364
6465.589090984492,26.414722128641074,26.171829560199207,20.940179234956418,5.2316503252427875
6467.080041548711,26.74118287043689,26.347802106735067,20.940664823188474,5.407137283546594
6468.567784813561,26.576037160536316,26.532689435385123,20.941187572593723,5.591501862791402
6470.059422257998,27.099331496721106,26.728151464034468,20.941720600619348,5.786430863415121
6471.547850925465,27.449587802704286,26.934086880795746,20.942232298072547,5.991854582723201
6473.040175566565,26.97958587557571,27.15236530719683,20.942696251168933,6.2096690560279
6474.529289952414,27.371827744183296,27.382884716746847,20.9430818842198,6.439802832527047
6476.01874690707,28.837256632222992,27.627137761793364,20.943362435650144,6.683775326143221
6477.512102526909,28.651827679956344,27.8867982990647,20.943510799688106,6.943287499376593
6479.002245673677,28.184322664075125,28.161716422264707,20.943500255742798,7.218216166521909
6480.496289281743,28.571799593718993,28.454337460154864,20.943305601155622,7.511031858999243
6481.987118936753,29.48414391363349,28.764435423241284,20.942903750312034,7.82153167292925
6483.48185085,29.982075873823195,29.09469435983072,20.942270462765507,8.15242389706521
6484.973367329525,30.242624400966747,29.44476680596908,20.9413879328784,8.503378873090684
6486.465226930457,30.332862773446436,29.816655348778934,20.940235744038254,8.87641960474068
6487.960991485517,30.257277108470024,30.212579670361123,20.938793400693232,9.273786269667891
6489.453538385458,31.07073541995146,30.631902492332408,20.9370523781919,9.694850114140507
6490.949992038541,32.402132192992106,31.077863030351235,20.93499038950509,10.142872640846146
6492.443226554132,31.907718796901804,31.549546766615794,20.93260709175208,10.616939674863715
6493.940369622703,31.60278351081763,32.05037795166239,20.929882954198522,11.120494997463869
6495.434292070727,31.810147828392363,32.5790854580647,20.926824263048132,11.652261195016566
6496.928558193647,32.50463872273383,33.137870218786354,20.92342103563364,12.214449183152713
6498.4267355697875,33.472354130317974,33.72913407197721,20.919662343391007,12.809471728586198
6499.921690100402,34.166110516600845,34.35091658958682,20.9155668758057,13.435349713781122
6501.42055768615,34.32539056582948,35.00692241819321,20.91111807634808,14.095804341845128
6502.916200941609,35.677087227311176,35.69462388666895,20.906342615859092,14.788281270809861
6504.415759054941,37.02250207624639,36.417745843774085,20.90122654031866,15.516519303455429
6505.9120913525385,37.556112817401534,37.17310968549344,20.895803466292556,16.277306219200888
6507.408767879414,38.27881464731945,37.96246854944337,20.890071871628585,17.072396677814787
6508.909361968761,39.3567728479934,38.7876919896181,20.88403046157952,17.90366152803858
6510.406728013803,39.318761535771046,39.64448941697382,20.8777233642979,18.76676605267592
6511.908013426135,40.52978013681695,40.536346729441426,20.8711371958683,19.665209533573126
6513.406069307004,41.575911042124524,41.458159811236634,20.86432075370984,20.593839057526793
6514.908046360814,41.96773051657942,42.41320163038453,20.857260843635018,21.55594078674951
6516.406792395318,42.65218798922525,43.39552423513487,20.85001220528561,22.545512029849267
6517.905883214377,44.1561858329992,44.40568231773297,20.84257991151225,23.563102406220718
6519.408897915336,45.28518922260673,45.444204139896144,20.834967966621186,24.60923617327496
6520.908679364825,45.23172619128195,46.5038721700173,20.82723564095034,25.676636529066965
6522.412386503944,47.24052042041649,47.587168353822015,20.81936903814288,26.767799315679135
6523.912858902035,47.611902676311736,48.68607311184479,20.811428435278877,27.87464467656591
6525.41725879832,48.017713176789364,49.80267364833607,20.803398733599728,28.999274914736336
6526.918422463334,50.56185350039596,50.928227091521485,20.795341158493585,30.1328859330279
6528.419931469077,51.830584043405906,52.06169125024952,20.787259152161113,31.274432098088404
6529.92537068634,51.91914532383112,53.20184841630339,20.779154791619135,32.42269362468426
6531.42757143657,53.78792941628854,54.33909759002369,20.7710878609333,33.56800972909039
6532.933704208968,54.34764536453486,55.474476856002454,20.763040545790496,34.71143631021196
6534.436597022371,54.548571812610135,56.59805152896267,20.755070551379912,35.842980977582755
6535.943423669423,56.222297198423576,57.71071907330148,20.747159152030264,36.96355992127122
6537.447008864833,57.75472237674876,58.803930665332,20.739362351027204,38.06456831430479
6538.954529706208,59.66820534205272,59.885480804533685,20.731658404472334,39.15382240006135
6540.458807602604,59.10833957913157,60.97270148486045,20.72409827237635,40.2486032124841
6541.963431556153,57.55868987471831,62.13946430340761,20.716676902136435,41.42278740127117
6543.471993874626,59.638192468859415,63.53875232772873,20.709389377700457,42.82936295002827
6544.977311007717,65.96649334125665,65.36130377426763,20.702280714533657,44.65902305973397
6546.486568320133,70.04466935094297,67.70154329208015,20.695325507776474,47.00621778430368
6547.992578952115,69.89779270833561,70.2897130995448,20.68856511027582,49.60114798926897
6549.502531578659,70.83892849569158,72.48726847211711,20.681974310701357,51.80529416141575
6551.0092360290255,74.0806683681426,73.59222997147717,20.67558979778185,52.91664017369532
6552.51628709477,74.514390174847,73.39687825905256,20.669399332641838,52.72747892641071
6554.027282878421,71.0220186744232,72.33195442494997,20.663391162356778,51.66856326259319
6555.535028241877,70.48569046152716,71.12564405710404,20.657595050660298,50.46804900644375
6557.046720140569,69.9559291252117,70.28297767086995,20.651985154997675,49.63099251587228
6558.555160121599,75.14828935625246,69.91224234662849,20.646589028826053,49.26565331780244
6560.0675484560325,87.21720142379263,69.85746190707073,20.641379078350354,49.21608282872038
6563.0861654677665,132.9549141947964,69.99135140785577,20.63156866713517,49.3597827407206
6564.599598642025,137.23437038165142,69.99788933100503,20.626938803742497,49.37095052726253
6566.109776152829,124.06006738186625,69.92642482123634,20.62250624943323,49.303918571803116
6567.623906565034,109.02366785024789,69.77203857650234,20.61824569515393,49.15379288134841
6570.649607785269,77.61278237258693,69.21632294249915,20.61026536838726,48.60605757411189
6572.161177092726,67.72609998942312,68.82052804637844,20.606536125454326,48.213991920924116
6573.673094134715,66.30909869502604,68.36021330700554,20.6029715537086,47.75724175329694
6575.188968631342,59.76305051578379,67.8801549613925,20.599558297827244,47.28059666356526
6576.701582212795,60.22841234951102,67.5168480903349,20.596306655412704,46.9205414349222
6578.218155072084,61.304298113849654,67.56182136625753,20.593197086080735,46.968624280176805
6579.731465513899,60.574500894470475,68.43694002752467,20.59024106709793,47.84669896042674
6581.248737057585,63.801438244743395,70.39876453628975,20.587421167874254,49.8113433684155
6582.762744680801,74.28968480865933,73.00427674214629,20.584747052749524,52.41952968939676
6584.277100599482,77.824803429638,74.95748519720314,20.582208603108576,54.375276594094565
6585.795420356579,83.88900183788293,74.7906826023528,20.579798110115945,54.21088449223685
6587.310473938314,78.28456802065239,72.04650258764266,20.577524899363347,51.468977688279324
6588.829493184604,66.33619018205992,67.67708173960261,20.57537560522863,47.10170613437398
6590.345244750805,58.918570162813246,63.25355676959731,20.573357483992247,42.68019928560506
6591.864963808542,52.001942900793665,59.772405160204144,20.571459062728273,39.20094609747587
6593.381413680771,48.76183434369091,57.37884018574139,20.569688543512783,36.809151642228606
6594.898212410301,48.05050178298598,55.70114116244969,20.568041088665513,35.13310007378417
6596.418981372323,47.210083072311136,54.35460073798374,20.566512504153586,33.78808823383015
6597.9364788903085,47.535934151610725,53.12648491751173,20.565109128597204,32.561375788914525
6599.457948469871,49.22988035700906,51.92563686113174,20.56382399377688,31.361812867354864
6600.976145098244,48.849072261155015,50.73558452317353,20.562662986808576,30.17292153636495
6602.498315618121,49.803474970271964,49.548825016965694,20.561620147530505,28.987204869435185
6604.01721167896,49.10681176314529,48.373957805065615,20.560699634959,27.813258170106618
6605.536457159843,46.92469860129381,47.21176806311075,20.559897886816312,26.651870176294445
6607.059679277608,45.948518664581115,46.063030290646935,20.559212550394996,25.503817740251943
6608.579624674164,46.96723764591139,44.936446327048856,20.558646554135994,24.377799772912862
6610.103548539636,47.00248154816791,43.829591335562476,20.558195498805908,23.271395836756568
6611.624194174316,45.670279521249995,42.75038286368654,20.557858012388976,22.192524851297566
6613.14882011079,45.13802127368717,41.69602714068635,20.55763014577859,21.138396994907758
6614.670166306193,44.21267428845204,40.67359645902511,20.557510120701775,20.11608633832334
6616.191862485287,43.67929659234665,39.68229811104642,20.557492764046327,19.124805347000095
6617.717541715987,43.56949908176262,38.72134669756067,20.55757436038879,18.163772337171878
6619.239938939791,41.457923662649144,37.79650205779922,20.557750794313165,17.23875126348606
6620.766321050189,40.138351845124134,36.9042642670541,20.558018997515283,16.346245269538823
6622.289419641671,38.68064673587628,36.04953192032792,20.5583719941535,15.491159926174419
6623.816504955584,38.091941648048085,35.22862833294659,20.5588042675392,14.669824065407388
6625.340305237865,37.32256006236071,34.44563193745238,20.559305526895457,13.886326410556928
6626.864456068399,35.81152509038794,33.69849907785104,20.559868068097096,13.13863100975394
6628.392596375606,35.33872246114356,32.98532984203574,20.560484877418936,12.424844964616799
6629.917449381705,34.21396173989717,32.309095606189295,20.561145320944725,11.74795028524457
6631.446293702429,32.688157537896245,31.665977165111254,20.561843102834583,11.104134062276671
6632.971849207585,30.910084150296143,31.05830071760611,20.56256381763387,10.495736899972238
6634.501397866162,30.000322052763295,30.482299541492814,20.563299944731483,9.918999596761333
6636.027656194016,29.880615966045983,29.93974272330766,20.564036344273305,9.375706379034355
6637.554265635593,28.76593444320145,29.428154990349753,20.56476259599015,8.863392394359602
6639.084870989277,28.682302481730403,28.945282043172284,20.565469673021603,8.379812370150681
6640.612183739099,27.266195913863616,28.49222244749636,20.56614466836802,7.926077779128343
6642.143494241945,26.551760940933832,28.06556379684531,20.566781843344486,7.498781953500826
6643.671510624027,26.640447066921414,27.66605817004441,20.567367247259835,7.098690922784574
6645.203526600894,26.125652632774518,27.290495025161512,20.567891829992462,6.722603195169049
6646.732246939399,25.2497569747934,26.939356089472813,20.568341251449525,6.371014838023289
6648.261318958011,26.449262734229595,26.610418284732024,20.56870582111472,6.041712463617305
6649.794393334542,25.30211096137248,26.30168467750655,20.568976055422375,5.732708622084177
6651.3241697959065,25.234567431371943,26.013359815132297,20.569141928601375,5.444217886530922
6652.857950459078,25.587495432389805,25.74282692514754,20.56919569349256,5.17363123165498
6654.388431687733,24.64020059729035,25.490173448275204,20.569129270254145,4.921044178021059
6655.922918962928,24.58092184351858,25.253030913497454,20.568936159904872,4.684094753592581
6657.454105283558,25.045842556258776,25.03141458792742,20.56861128868468,4.46280329924274
6658.989299496315,24.83732965951026,24.823197571386437,20.56814736943129,4.2550502019551475
6660.521191233758,24.552810784392022,24.62835742589325,20.567542043681467,4.060815382211782
6662.053435380883,23.950551630009386,24.445423417744056,20.566790684509243,3.8786327332348143
6663.589690188999,23.269625206019217,24.27309295530704,20.565888164682246,3.707204790624794
6665.122640240276,23.787064285328942,24.11133523934419,20.564837272482904,3.5464979668612857
6666.659602800256,23.50777227775518,23.958579673589295,20.563633299177916,3.39494637441138
6668.193259080895,23.60053669211345,23.81481237345357,20.56228393249325,3.2525284409603183
6669.730929718796,23.45907626615349,23.678655410955788,20.560784556595237,3.1178708543605502
6671.265292554156,23.372693540791605,23.550118582091994,20.55914455556275,2.9909740265292437
6672.800008367671,23.471966570468002,23.428280766986166,20.55736366863882,2.870917098347345
6674.3387413117825,22.87555851144168,23.312333136998344,20.555441698228798,2.7568914387695456
6675.8741641681445,22.897676983574573,23.202332300250237,20.553392991870993,2.6489393083792456
6677.413606005795,23.161442364708478,23.097298759001323,20.55121321133667,2.546085547664654
6678.949736230739,23.269879058662696,22.997320030258564,20.548918609133974,2.4484014211245895
6680.489887288515,23.093170568927466,22.901543347072415,20.546504978257673,2.355038368814742
6682.026725207925,22.883658907680005,22.810086721031134,20.543991854778838,2.266094866252296
6683.563916674878,23.018265312265953,22.722411941222518,20.54138158214134,2.1810303590811766
6685.105131752473,22.93101491024561,22.638047004944166,20.53867551877805,2.0993714861661155
6686.643031402807,22.356891784102007,22.557145974598868,20.53589475688497,2.0212512177138975
6688.184956517458,22.48465457111081,22.479100598574735,20.533035141589856,1.9460654569848803
6689.723564677432,22.645272548616166,22.40408437012158,20.53011940391065,1.8739649662109292
6691.266200156251,22.29810200878285,22.331559643788594,20.527140798579985,1.8044188452086092
6692.805517152275,22.53284495818491,22.26171281137024,20.524121567968457,1.737591243401783
6694.34518826615,22.10837420765199,22.194227756821338,20.521063814211942,1.6731639426093945
6695.888889481163,22.323707833624557,22.12882587757905,20.517968664455353,1.610857213123698
6697.429269920791,22.557439533971433,22.065706111990487,20.514858671666147,1.5508474403243413
6698.97368231822,22.093369851814714,22.00446668378876,20.51172613787371,1.4927405459150522
6700.514772410386,21.610490104927866,21.94531743580848,20.508592840913447,1.4367245948950333
6702.059896317875,22.36183982989053,21.887978859877062,20.505450570805266,1.3825282890717965
6703.601696389516,21.995245401312108,21.833315460768723,20.502320812765753,1.33099464800297
6705.143851150238,21.543500056920493,21.785294342752287,20.49920181937902,1.2860925233732663
6706.690042513062,22.056041028666645,21.764455197251873,20.49609123379838,1.2683639634534924
6708.232907743749,23.039744991271395,21.849657635347683,20.49300823457358,1.356649400774103
6709.779811436199,23.456525255162433,22.269551048963194,20.489942588145666,1.7796084608175293
6711.323387464169,23.34524208238622,23.495909316150478,20.486913244317886,3.0089960718325917
6712.871003814417,24.915283228652928,26.166020784089888,20.483909611664686,5.682111172425202
6714.41529096713,31.434751787666983,30.529474710854906,20.48094916303622,10.048525547818683
6715.959933381073,36.3231546895288,35.723031440557264,20.478027137505663,15.245004303051605
6717.50861890857,40.543421595265045,39.6566660029294,20.475138264279813,19.18152773864959
6719.053972938541,43.507567359790535,40.23462428330612,20.472298237288513,19.76232604601761
6720.603371944726,37.434359263461374,37.119995099498745,20.469495403201897,16.650499696296848
6722.149437918566,31.958607928882433,32.07286584819497,20.46674351531076,11.606122332884214
6723.699550732138,27.7012036298604,27.535001411980332,20.464029684558277,7.070971727422053
6725.246328977839,24.929983793621773,25.23025527416981,20.46136721506523,4.7688880591045795
6726.793463057843,24.719483771672234,25.778692500478584,20.458749917337247,5.319942583141337
6728.344646773356,28.120930249023335,29.04480044739014,20.45617181073868,8.58862863665146
6729.892493617296,34.25439505602947,33.979583293796,20.45364487490846,13.525938418887542
6731.444391962412,38.218676539926726,38.485309273772806,20.45115588947153,18.034153384301277
6732.992951898659,39.69909521848808,40.15227635249159,20.448715694236757,19.703560658254833
6734.545565202607,37.276417142509445,37.98671395644867,20.44631221890171,17.540401737546954
6736.094838559683,32.03574167883222,33.18873737428488,20.44395638050208,12.744780993782797
6737.644468325059,27.074170954385185,28.061349464470364,20.441641323596237,7.619708140874128
6739.198154258421,24.60554346917695,24.274541895141407,20.439359817469015,3.8351820776723926
6740.748497937497,22.742032020970214,22.186138865835023,20.437121752451464,1.7490171133835581
6742.30289965323,22.023506275113505,21.28295046114586,20.434915555992724,0.8480349051531366
6743.853957574903,21.17700342403259,20.967075912694323,20.432749986765067,0.5343259259292552
6745.40907540277,20.943970858834977,20.866979469824603,20.43061334419069,0.4363661256339127
6746.960847896093,21.619838956789863,20.829058982354155,20.428514876623346,0.4005441057308085
6748.512977372638,21.114441231970545,20.805507185123936,20.42644878963386,0.37905839549007686
6750.069169560181,20.42883309939157,20.78507468654415,20.424409017072854,0.360665669471294
6751.622014102039,20.979385383360068,20.765780121851886,20.422403464577393,0.34337665727449407
6753.1789232265855,20.46519436943129,20.74720964870859,20.420420559623636,0.32678908908495585
6754.732483163189,20.089623544918595,20.72939474487866,20.4184686087201,0.3109261361585585
6756.29010955503,21.024460873653087,20.712225230944128,20.416537916151547,0.29568731479258004
6757.84438521596,21.050659714916037,20.695760538983166,20.414636822100046,0.2811237168831183
6759.399018435962,21.38464032108516,20.679936917946275,20.41275949800849,0.2671774199377859
6760.957720920531,21.155606975402065,20.664696955681393,20.4109001751127,0.25379678056869037
6762.513070359321,21.47330772023838,20.650092166085823,20.409066792995553,0.24102537309027156
6764.072490937386,21.420129752947677,20.636032177474664,20.407249760957068,0.2287824165175971
6765.628556924925,20.72757812634166,20.6225636182118,20.40545677039907,0.21710684781272946
6767.188695927311,21.39788851601179,20.609602188247397,20.403678274355084,0.20592391389231338
6768.745478793713,21.10309277035128,20.597190154416587,20.401921842853177,0.19526831156340915
6770.302619795967,20.473509083885006,20.585277189329997,20.400182493130576,0.1850946961994218
6771.863836626928,20.432969649024702,20.57381820076875,20.398455456051472,0.17536274471727747
6773.421695003304,20.423102688078874,20.562849681395853,20.396748188752326,0.1661014926435261
6774.983631086118,20.330958340013698,20.552301291088707,20.395051495570286,0.15724979551842053
6776.54220716711,21.267121112468658,20.542205278524815,20.39337193371261,0.14883334481220376
6778.104862833137,21.342234445067447,20.532496054979422,20.39170017301942,0.1407958819600009
6779.6641569493895,20.494393665709822,20.523204364031304,20.390044290662146,0.1331600733691585
6781.227532530142,20.45820926021679,20.514271312152765,20.388397070504922,0.12587424164784147
6782.787545012456,21.231315405181476,20.505725149033218,20.38676682424151,0.11895832479170775
6784.34791637359,21.627071676369724,20.497528662027825,20.38514842320008,0.11238023882774643
6785.912372018921,21.18664150144741,20.489648265702787,20.383536717216707,0.10611154848607908
6787.473462242401,21.07567668485524,20.482107068056983,20.381938458962136,0.100168609094848
6789.038638631706,20.886573111536222,20.47485580234376,20.38034587214707,0.09450993019669013
6790.600448048713,20.67994122126072,20.467916027734333,20.3787662415452,0.08914978618913176
6792.166345514038,20.490271681392304,20.461241687018255,20.37719140088941,0.08405028612884471
6793.728874455902,20.61445556227989,20.45485270203998,20.375628855080837,0.07922384695914146
6795.291762855498,21.318750994786004,20.44872141093658,20.37407485332667,0.07464655760991246
6796.858742127654,20.94303243635784,20.442822719062317,20.372525442598892,0.07029727646342407
6798.422350549195,20.917172758872653,20.437174085614306,20.37098807268488,0.06618601292942418
6799.99005172796,20.383722236189218,20.431737978565817,20.369455194415117,0.062282784150700765
6801.554380503158,20.042205119571808,20.426529309118912,20.367933089300937,0.0585962198179745
6803.122803921114,20.655232203708692,20.421512565779995,20.366413468972,0.055099096807997634
6804.687853381837,20.904729817823295,20.416701366484247,20.364902539933954,0.05179882655029185
6806.253262880132,20.07415101822244,20.412073621493732,20.36339564833564,0.04867797315809329
6807.822769849986,20.223412211071036,20.407610853190995,20.361889699170458,0.04572115402053729
6809.388900531694,20.430959635470572,20.40332733755085,20.360393114502692,0.0429342230481569
6810.959130572665,20.60232681589582,20.399195153127035,20.358899204390777,0.0402959487362584
6812.525982770036,20.93900824773084,20.395225304124544,20.357413998958975,0.03781130516557004
6814.096936215242,20.753215162573955,20.39138967767391,20.355928551331473,0.03546112634243592
6815.664510260677,20.536015095443986,20.38769904972481,20.35444943116117,0.03324961856363849
6817.2324449244625,20.712103518886124,20.384137454598406,20.352973114683905,0.03116433991450106
6818.804483669446,21.099001997424352,20.380690609244816,20.35149627306759,0.02919433617722766
6820.373140679988,21.199577582468127,20.37736877027871,20.350025923547225,0.027342846731484797
6821.945903662476,20.66042161758446,20.37415027610157,20.348555137837444,0.025595138264124642
6823.515283352559,19.894508657771553,20.37104498690238,20.34709107425487,0.02395391264751113
6825.088770906207,20.352733486850074,20.368032055512725,20.345626109091096,0.022405946421628135
6826.658873608769,20.83943350794539,20.365119510470127,20.34416603187273,0.020953478597394045
6828.229337511393,20.984027557520793,20.362293826564038,20.342706006950554,0.0195878196134834
6829.803912115521,20.78301995982997,20.359544318323792,20.341242984535604,0.018301333788187095
6831.375099530121,20.455198401404346,20.35688076860737,20.33978508139925,0.017095687208119718
6832.95039954002,20.408474949688074,20.354287010248264,20.338326150222798,0.01596086002546719
6834.522310799917,20.598240204487638,20.351770451648616,20.33687224588406,0.014898205764555162
6836.098336549786,20.79769763644572,20.349313581916565,20.33541479894047,0.013898782976096539
6837.670971988456,20.973665375844238,20.34692333971592,20.33395965945412,0.012963680261800756
6839.2439692098405,20.90757629664529,20.344590426626407,20.33250346977544,0.012086956850968262
6840.821083763709,20.582287022376367,20.34230659802092,20.331043195843485,0.01126340217743552
6842.394805664169,20.354321106251522,20.340078813854745,20.329585030102066,0.010493783752679954
6843.972646793965,20.009764000190444,20.3378933717238,20.328121948818314,0.00977142290548728
6845.547093707358,20.07444856681275,20.335758468564165,20.326661552516754,0.00909691604741277
6847.125661747815,20.533784521396345,20.33366153899646,20.325197201609036,0.008464337387421191
6848.700834008154,20.488944156912456,20.331609205140207,20.323735063893718,0.007874141246488954
6850.276368634803,20.095164607128368,20.329592186065565,20.322269834793858,0.0073223512717078875
6851.856027235613,20.825303071044686,20.327602004334146,20.32079651821045,0.006805486123696459
6853.432287710316,20.70715963461635,20.32564554984073,20.31932171718055,0.006323832660179334
6855.012674059094,20.5679089751103,20.323711856944367,20.317838829335543,0.005873027608824874
6856.589660716251,19.90227405175085,20.321806571038792,20.316353299581017,0.005453271457775362
6858.170775148271,19.680250784394733,20.319917043346,20.31485632846677,0.005060714879229236
6859.748488322433,20.24933639209678,20.31804993382303,20.313354445094358,0.004695488728673169
6861.326564447439,20.116779535493038,20.316198890191462,20.31184390323785,0.004354986953610689
6862.908771198997,20.93062902973657,20.314357266685537,20.310320334763844,0.004036931921694585
6864.487574342924,20.091916541747423,20.3125303046708,20.30878892881242,0.0037413758583811256
6866.070510016382,19.972774340820138,20.310705339061805,20.30723981445773,0.0034655246040731147
6867.6500405141705,20.39607570458554,20.30888779360789,20.30567840166047,0.003209391947421627
6869.233705445343,20.317653964583997,20.30706754768512,20.304097020814513,0.0029705268706049968
6870.813963632082,20.728834905002827,20.30525103262698,20.302502118865878,0.002748913761103514
6872.39458535514,20.77906859778102,20.3034308770694,20.30088799705269,0.002542880016709055
6873.979344367875,20.58844815087923,20.3015994446178,20.299248478284618,0.0023509663331817733
6875.560694282612,20.273471120061913,20.299761970331105,20.297588843762632,0.0021731265684729398
6877.146183393072,20.41968608118873,20.2979063987298,20.29589879200313,0.0020076067266729314
6878.728261834964,20.986998881905155,20.296039618534127,20.294185271082387,0.0018543474517418131
6880.314481379505,20.778918783106178,20.294150768858447,20.292438949977736,0.0017118188807100708
6881.897288684187,20.013097376705677,20.29224644674436,20.290666493846167,0.0015799528981932924
6883.4804601116075,20.593227655158557,20.29031916580823,20.288861467697167,0.0014576981110631484
6885.067775502576,20.677827169737956,20.28836123394562,20.28701709518254,0.0013441387630776114
6886.651676296323,20.123408834854786,20.286379295642213,20.285140095613254,0.0012392000289593635
6888.2397229627395,20.220844554005,20.284361710841324,20.283219908289468,0.001141802551856969
6889.824353458832,21.06001688981553,20.282316085358694,20.281264215098066,0.0010518702606279223
6891.413131737594,20.57406594209442,20.280230537218756,20.279262070165988,0.0009684670527668558
6892.998492272205,20.877218017396103,20.278112218132968,20.27722070062605,0.0008915175069179226
6894.584217516924,20.52767749263717,20.275953241704226,20.275132867445894,0.0008203742583315376
6896.174093409825,20.737925742702604,20.273745678179175,20.272991203770996,0.0007544744081782165
6897.760549197412,21.762747591273296,20.27149865590308,20.270804909858747,0.0006937460443345111
6899.351157545383,20.47823864993939,20.269200219523437,20.268562681505443,0.0006375380179923511
6900.9383442124,20.029094254763777,20.266858844498792,20.2662730625928,0.000585781905993294
6902.529685352883,20.286111733251687,20.264461375317968,20.263923459146707,0.0005379161712597081
6904.117603236044,20.236240092604362,20.262018071530008,20.2615241950735,0.0004938764565080932
6905.709677506637,20.327221296180145,20.259517095708887,20.259063916422754,0.00045317928613199126
6907.298326942813,20.880794842757954,20.25696996409508,20.256554199377256,0.00041576471782374716
6908.887341845705,20.886502365717547,20.254369708981105,20.25398841290474,0.00038129607636488413
6910.480516007487,20.819370826072827,20.251707623062487,20.251358141814315,0.00034948124817112765
6912.070262968791,20.99872188021152,20.248995058615446,20.248674791431924,0.0003202671835232855
6913.664171105153,20.43111985394228,20.246219124631924,20.245925800994403,0.00029332363752212587
6915.25465046213,20.123177870564405,20.24339326766728,20.24312466551855,0.0002686021487292276
6916.849292911214,20.703551597863907,20.24050420240566,20.24025838242297,0.00024581998269094607
6918.4405050012765,20.586394441378275,20.237565864405788,20.237340931257293,0.00022493314849431566
6920.032083147588,20.557317909902736,20.234571926079084,20.234366182228175,0.00020574385091063946
6921.627827262099,20.424251267252657,20.23151560133095,20.23132752056714,0.00018808076380855243
6923.220138647708,20.607718063430756,20.22841192380048,20.228240017561085,0.0001719062393955777
6924.8166179207765,20.45815724123247,20.225246531171994,20.22508950131504,0.0001570298569547426
6926.409662883487,19.822570563975663,20.222035622455397,20.221892204557342,0.0001434178980552642
6928.006877653798,19.990273527145405,20.21876637542717,20.21863546717389,0.00013090825328011333
6929.600656531567,20.193994435058357,20.215457166022922,20.215337695158993,0.00011947086393051914
6931.194802056073,20.258175457912447,20.21210251014747,20.211993518277513,0.00010899186995603275
6932.793120268909,20.646986154314277,20.208695029886247,20.208595657071136,9.937281511227649e-05
6934.388000215502,20.756854410716986,20.205253495073045,20.205162906472474,9.058860056994555e-05
6935.987054772781,20.34874675189178,20.201765761074565,20.20168322950213,8.253157243510814e-05
6937.58266947981,20.60762651001835,20.19825357334626,20.198178393759314,7.517958694628714e-05
6939.182460720766,21.340511576306767,20.194704314677306,20.19463587316711,6.844151019705914e-05
6940.778810526733,21.540740969992157,20.1911382276692,20.191075929790664,6.229787853672859e-05
6942.375527570875,20.921369650527595,20.187551157629866,20.187494473164506,5.6684465359564585e-05
6943.976424034321,20.478274022848723,20.18393981562025,20.183888269792543,5.15458277053447e-05
6945.573876685249,20.434161924145318,20.18032763514697,20.180280769116237,4.686603073165459e-05
6947.175510680937,19.774642352582532,20.17670367773861,20.176661092340105,4.258539850555093e-05
6948.7736992775435,20.62476988649087,20.17309170236332,20.17305301231885,3.8690044471020254e-05
6950.376071145254,20.447522480078078,20.169481293219363,20.169446163486178,3.512973318336692e-05
6951.974996026589,20.188363900195558,20.165896550015376,20.165864657613895,3.18924014789544e-05
6953.574288738491,20.519231690342963,20.162336424692832,20.162307482147824,2.89425450075117e-05
6955.177767611529,20.79189856007372,20.158801032794916,20.158774783227305,2.6249567612414697e-05
6956.777797116826,20.325325724391522,20.15531488009771,20.15529107634078,2.3803756927917428e-05
6958.38201471182,20.599551082892503,20.151868831694678,20.15184725901856,2.1572676116794394e-05
6959.982781349952,20.518996564533836,20.14848738815425,20.148467840203597,1.9547950654874887e-05
6961.5877380072325,20.294361944164848,20.14516359312605,20.145145890698316,1.7702427733049457e-05
6963.189242117795,20.49100410869153,20.141922549982723,20.141906521076095,1.6028906628367568e-05
6964.791114652274,21.062010257294673,20.13876444540238,20.138749937250566,1.450815181281321e-05
6966.397180100593,21.127581227409795,20.135691542504116,20.135678418888496,1.3123615620897568e-05
6967.999790616989,20.26569324152638,20.132728521027037,20.132716651441562,1.1869585473794123e-05
6969.606595978899,20.049163178914455,20.129869757826537,20.12985902905389,1.0728772647442338e-05
6971.2099448172,20.54524534402174,20.12713714522636,20.12712744892844,9.69629791903436e-06
6972.817490433578,20.976638780987972,20.124526098800843,20.124517341031144,8.757769700224471e-06
6974.42157793393,21.15649754041363,20.122057727648496,20.122049818617327,7.909031168442808e-06
6976.026034452503,21.458607155269537,20.11973376583835,20.119726625970447,7.139867905017269e-06
6977.634690648514,20.284264018928642,20.117556718035324,20.117550276527165,6.4415081571401474e-06
6979.239886339444,21.028462173926986,20.115544769187824,20.11553895848976,5.81069806253427e-06
6980.849283642602,20.58526250827947,20.11369542197691,20.11369018357552,5.2384013890597924e-06
6982.455218846426,20.06392200514574,20.11202345523543,20.112018733372466,4.7218629631950345e-06
6984.065357598159,21.146316384802503,20.110526985213763,20.11052273161107,4.253602694752761e-06
6985.67203265557,21.148216118109872,20.109218812069635,20.109214980776454,3.83129318005871e-06
6987.279077326466,20.472169074848924,20.10809980508671,20.10809635546896,3.4496177516562562e-06
6988.89032844931,21.237455726090616,20.107170752653822,20.1071676486351,3.104018720932428e-06
6990.498113484925,20.788968850876813,20.10643846603137,20.106435673334634,2.7926967362320654e-06
6992.110106910398,20.07006232605488,20.105902792979904,20.105900281959656,2.5110202496713992e-06
6993.718632651816,20.579704799994715,20.105569017646935,20.105566760168976,2.257477958465928e-06
6995.331368721894,20.463692061164124,20.105436888596078,20.105434860338832,2.0282572445719213e-06
6996.94063551036,20.332177665006157,20.10550597913517,20.105504157043605,1.8220915646614205e-06
6998.550272508534,21.31355950015086,20.10577518296749,20.105773546699318,1.6362681716448267e-06
7000.164122744093,20.857161577801662,20.10624540994397,20.106243941478244,1.4684657249865265e-06
7001.77450130127,20.88346445703326,20.106912150600373,20.106910832883955,1.3177164191021177e-06
7003.389095036868,22.129456461617224,20.107774870910326,20.107773689218128,1.1816921993784183e-06
7005.0002154946815,20.73425112165023,20.108824588315112,20.108823528728728,1.0595863865224615e-06
7006.615553072848,21.406036769715687,20.110060672556287,20.11005972306308,9.494932044539461e-07
7008.2274157730935,20.983650940074313,20.11147249456574,20.11147164382404,8.507416987982681e-07
7009.839649280235,21.136715761056394,20.113058578535785,20.11305781656082,7.619749652556877e-07
7011.456102821143,21.431062062692376,20.114815771738538,20.114815089704564,6.820339731980484e-07
7013.069079083497,21.01519109064725,20.11672717277225,20.11672656236055,6.10411699329955e-07
7014.686277323786,21.384933708156726,20.118793454391017,20.118792908430503,5.459605138229423e-07
7016.29999668354,21.716452775987822,20.120996237873126,20.12099574961224,4.882608834970975e-07
7017.91793996629,20.748783145109883,20.123337626523682,20.12333719014513,4.363785524304103e-07
7019.532402765788,20.052423728851636,20.12579826275491,20.12579787278782,3.899670868310301e-07
7021.147236970331,20.439546929402127,20.12837396597665,20.128373617615566,3.483610849380993e-07
7022.766298015986,20.966507563601795,20.131060857155227,20.13106054616201,3.10993214589243e-07
7024.381876173881,20.48955173864931,20.13383558430577,20.133835306701304,2.776044680424785e-07
7026.001683120193,21.146405857455534,20.136701003614746,20.136700755974736,2.4764000864790523e-07
7027.618005574179,20.368967571476674,20.139633633499507,20.139633412612483,2.2088702547629046e-07
7029.238558764782,20.474984342280322,20.14263858333572,20.14263838643938,1.9689634088269468e-07
7030.855625857758,21.117156622952052,20.145692465011777,20.145692289518333,1.7549344514034676e-07
7032.476925636449,21.199617116896206,20.14880022485366,20.148800068538385,1.5631527458138716e-07
7034.094737711466,21.66026394988467,20.15193671763083,20.15193657841182,1.392190065496652e-07
7035.7129219620265,20.824712135382814,20.15509928750079,20.155099163554716,1.239460715099197e-07
7037.335341822471,21.43774546179782,20.15828635327141,20.15828624299488,1.1027653170738967e-07
7038.954271569748,20.975706600788957,20.161475125864175,20.161475027759163,9.810501142879429e-08
7040.577438878253,20.58339606712207,20.164673648465385,20.16467356124568,8.721970326578282e-08
7042.197114465696,21.570793377613544,20.16785963259887,20.16785955506409,7.753477962924467e-08
7043.82102956661,21.380075135021233,20.171041415457598,20.171041346577613,6.887998575843141e-08
7045.44145133783,21.23259507219575,20.17419754267385,20.1741974814883,6.118554866011517e-08
7047.062245884948,21.34613378813208,20.17733004155088,20.17732998722062,5.433026111584485e-08
7048.687282874423,21.616393219268506,20.18044111431253,20.180441066101313,4.821121743045561e-08
7050.30882412082,21.508686871854138,20.18351079724734,20.18351075446989,4.277744977069308e-08
7051.9346097640655,21.21709965714649,20.186548510354715,20.186548472423716,3.79309985495719e-08
7053.556898053746,21.648033246291334,20.189535664310345,20.18953563067972,3.3630623998041254e-08
7055.183432695667,21.092593258556125,20.19248361878397,20.19248358898595,2.9798018880480894e-08
7056.8064683727935,20.718951297982017,20.195376737670067,20.19537671127019,2.639987671189096e-08
7058.4298774271465,20.937855507038307,20.19821905286375,20.198219029483262,2.3380485752801413e-08
7060.057535767347,21.195130999688445,20.201013056477183,20.20101303578455,2.0692635592331005e-08
7061.68169272548,21.161949129970367,20.203741379550017,20.203741361237785,1.8312232717559633e-08
7063.310100927107,21.38196238377236,20.206414861680738,20.2064148454859,1.6194839877639932e-08
7064.935006133581,21.770134287046744,20.209019887781245,20.209019873460157,1.4321087744026891e-08
7066.564164542094,21.16720928966481,20.211567425049687,20.211567412394036,1.2655649685980439e-08
7068.189818341627,21.034793924698423,20.21404293114481,20.214042919961827,1.1182982625643573e-08
7069.815846120679,21.63469557871167,20.216449334118774,20.2164493242408,9.877976277890312e-09
7071.4461300401135,21.770157175399845,20.21878872102099,20.218788712301595,8.71939259517206e-09
7073.072906929393,20.945277575721093,20.221045318062984,20.22104531036689,7.696094986603195e-09
7074.703941919856,21.819154897110597,20.223223986644335,20.223223979856023,6.788311337212617e-09
7076.331468264478,20.60396437352222,20.225309122882013,20.225309116894866,5.987145290013472e-09
7077.963254671987,20.50321816620988,20.22730557907787,20.227305573800905,5.2769649581031385e-09
7079.591530817224,21.107662117933955,20.22919855801909,20.229198553368413,4.650676307206294e-09
7081.220181545249,20.594078685742037,20.23098721085469,20.230987206757508,4.097180899478769e-09
7082.853095279243,20.266781478678354,20.23266929501035,20.23266929140324,3.607109835940672e-09
7084.482496325886,20.28208962538406,20.23423021894155,20.234230215766125,3.175427862034029e-09
7086.116162342464,20.44350037221045,20.235670147457146,20.23567014466364,2.793505675578271e-09
7087.746314053396,20.46195046556909,20.236974301875964,20.23697429941862,2.457345943555285e-09
7089.380732699134,20.284249453613032,20.238140218298245,20.23814021613808,2.160163816106202e-09
7091.011635420186,20.10288838592021,20.23915328051707,20.23915327861828,1.8987915380721824e-09
7092.642913328267,20.097605337872665,20.240008088785384,20.240008087116966,1.6684185564771727e-09
7094.278461118982,20.011776094503944,20.240700072051617,20.240700070586623,1.464991863086204e-09
7095.910490556022,20.62293673748343,20.241218768713495,20.24121876742721,1.286283783667331e-09
7097.5467918428285,20.020844043850616,20.24155781004423,20.24155780891563,1.1286000759667113e-09
7099.1795731550565,19.66171746066118,20.241705323422526,20.24170532243234,9.901831124575623e-10
7100.81662828509,20.359710273027076,20.241653027574603,20.24165302670646,8.681442148994401e-10
7102.450161818894,19.41364724747632,20.241394174367382,20.241394173606285,7.610990390996444e-10
7104.084071144941,19.517801738641314,20.240923690727993,20.24092369006099,6.670027048915369e-10
7105.722257241379,20.148446612387716,20.240234867487406,20.24023486690327,5.841357275451765e-10
7107.356919308678,20.461819377728602,20.23932628466602,20.239326284154487,5.115334631767516e-10
7108.995860116674,20.255938641586685,20.238190076676233,20.238190076228587,4.4764455247614373e-10
7110.631275272012,20.02641215593224,20.23682991868644,20.236829918294728,3.917125097345811e-10
7112.270971139262,20.232386526245932,20.23523948689864,20.235239486556107,3.425309156440964e-10
7113.907139729587,19.69926060202465,20.233425938399193,20.233425938099685,2.9950754764898026e-10
7115.5436847183455,19.794372112955443,20.231386409396375,20.231386409134586,2.6178990182012083e-10
7117.184513376364,20.183253555175956,20.2291187951148,20.229118794886137,2.2866254807054076e-10
7118.8218123206225,19.877977024554642,20.226641526903887,20.22664152670417,1.9971653187192413e-10
7120.463396907626,19.355775087040573,20.22395149845042,20.223951498276104,1.7431278591139141e-10
7122.101450154732,20.175629652834004,20.22106845116746,20.22106845101533,1.5213252698619628e-10
7123.7437910189765,19.65707736725983,20.217989320386785,20.2179893202541,1.3268150435985892e-10
7125.382598916438,20.118144513641596,20.214741242506875,20.214741242391163,1.1571164833021796e-10
7127.021783819502,20.161349401258462,20.211327663104687,20.21132766300381,1.0087438427957567e-10
7128.665259301822,19.805564517621747,20.2077544214977,20.207754421409824,8.787776825632421e-11
7130.305199376595,19.943912127559997,20.20405647220597,20.20405647212942,7.655202682678383e-11
7131.94943200729,20.369901832435062,20.200234045312886,20.200234045246248,6.6638911662664e-11
7133.590127601677,21.301347523391883,20.196324457205325,20.19632445714732,5.800686952672861e-11
7135.235117729566,23.640004535896765,20.19232936419584,20.192329364145383,5.0457265435076714e-11
7136.876569191635,24.02756261515617,20.188287343092846,20.18828734304896,4.388833454994854e-11
7138.518398267456,23.211212048146535,20.184209841183574,20.184209841145414,3.8160285480443196e-11
7140.164524843676,22.759697668045305,20.180109641946345,20.180109641913187,3.315627331171435e-11
7141.807110309374,21.263920904553288,20.17602768628994,20.176027686261133,2.8807268681166143e-11
7143.453995255328,20.582815535257055,20.171965997145648,20.171965997120637,2.5010896487692124e-11
7145.0973374593705,20.90900785909378,20.167966014845415,20.1679660148237,2.1713982785379712e-11
7146.744981124438,20.355646549971993,20.164030643521855,20.16403064350302,1.8838214794503928e-11
7148.389080415455,19.455364392141636,20.16019935725904,20.160199357242696,1.6342700917044354e-11
7150.033557929355,19.3100691266576,20.156481336275327,20.156481336261155,1.4172453629951902e-11
7151.68233987596,19.242775287781797,20.152886229677293,20.15288622966501,1.2281604683339628e-11
7153.32757499987,19.329255808834205,20.149448702485905,20.14944870247526,1.064265990739459e-11
7154.977116539536,19.551582867058755,20.146169102005235,20.14616910199602,9.215806203469757e-12
7156.623109622488,19.533191034962556,20.14307816247464,20.14307816246666,7.979988426535058e-12
7158.2734111051595,19.573759600454082,20.14017460772868,20.140174607721775,6.904917443887713e-12
7159.920162496344,19.73591942065468,20.137483537427567,20.13748353742159,5.97449602470511e-12
7161.571224272126,19.38799356516904,20.135000249363184,20.13500024935802,5.165716704615118e-12
7163.218734320897,19.424891671126947,20.132741965807078,20.132741965802612,4.466293193074965e-12
7164.866623377188,19.94960092368524,20.130706264282278,20.130706264278416,3.860121696753175e-12
7166.518825795924,19.364004490360003,20.128891694469836,20.128891694466503,3.333804433098925e-12
7168.167474033923,18.94980644885061,20.12730809377817,20.12730809377529,2.879172896092e-12
7169.820437621531,20.195663204075345,20.125946307258896,20.125946307256413,2.4847342590716143e-12
7171.469845390991,21.282916156867604,20.124808395706438,20.124808395704292,2.1442796876889123e-12
7173.123570498139,19.839601579442046,20.123881472604218,20.12388147260237,1.8491268893563654e-12
7174.773738148978,19.41477501905638,20.123159719661178,20.123159719659583,1.5945643699534815e-12
7176.424285418715,19.965383483527948,20.12262924442679,20.122629244425415,1.3745309423246139e-12
7178.079153008791,20.01221097321286,20.122277268257385,20.1222772682562,1.1839943160751824e-12
7179.730460684873,19.49088503539474,20.122091301139392,20.122091301138372,1.0198491556059731e-12
7181.386090671664,19.83676550441692,20.12205398168534,20.122053981684463,8.778172624152303e-13
7183.03815910441,19.29112381256823,20.12214639132828,20.122146391327522,7.555518934476495e-13
7184.69455183915,19.254541982034997,20.122348717154605,20.122348717153955,6.498386744860667e-13
7186.34738137904,19.38426692513235,20.12263867080678,20.12263867080622,5.58907057529711e-13
7188.000591150192,19.22700313173596,20.122993778763988,20.122993778763508,4.805192121320597e-13
7189.658128210803,19.216179021478638,20.123392401589637,20.123392401589225,4.128210430086919e-13
7191.312099614914,19.9898761021052,20.123809962085435,20.12380996208508,3.546556210512191e-13
7192.9704003020615,19.76621943864143,20.12422482481378,20.124224824813474,3.0446052900860656e-13
7194.625133690014,18.71080418501242,20.124611120145325,20.12461112014506,2.61366472466295e-13
7196.284198355503,18.493179642970404,20.124946807102642,20.12494680710242,2.2420593580201084e-13
7197.939694078343,18.607192772043735,20.125207395208033,20.12520739520784,1.9232681656677217e-13
7199.595570645798,18.780888322207147,20.12537236791126,20.125372367911098,1.6491862430079667e-13
7201.255781483072,20.16061697395924,20.125421386161477,20.125421386161335,1.4131125309231394e-13
7202.9124209120755,19.41277124778037,20.125333056596155,20.125333056596034,1.210822453426555e-13
7204.573396607694,19.405488589975565,20.125086486610243,20.12508648661014,1.0367178823376579e-13
7206.230799249699,19.795859855906997,20.12466382408118,20.12466382408109,8.876426598675667e-14
7207.892540156033,19.561177248526747,20.12404475828558,20.124044758285507,7.59436330946331e-14
7209.550706362649,19.035723084112988,20.123216371364535,20.12321637136447,6.497447875287504e-14
7211.209254028221,19.39587964319196,20.12216493076292,20.122164930762864,5.55688439675692e-14
7212.872142955232,18.938029350800548,20.12087549998604,20.120875499985996,4.74891482046559e-14
7214.531454712927,18.967193274169745,20.11934346231096,20.119343462310923,4.058418189568415e-14
7216.195109732079,19.634584358439838,20.11755236341873,20.117552363418696,3.465715377747727e-14
7217.855185933915,19.618924563400128,20.11550741155624,20.115507411556212,2.959573754532319e-14
7219.519607398144,19.05906088123834,20.113198354553862,20.113198354553838,2.525447499660008e-14
7221.1804483963,19.94254714941144,20.110635031992103,20.110635031992082,2.1550059651786556e-14
7222.841671468744,19.370361210243914,20.107811927274962,20.107811927274945,1.838212572297265e-14
7224.507242805524,19.298714422760213,20.104722867886665,20.10472286788665,1.566804187903552e-14
7226.169231202651,19.68338440801017,20.101387622043834,20.10138762204382,1.3354752298378238e-14
7227.835569867356,19.7628631737731,20.09779765973015,20.09779765973014,1.1374384589926021e-14
7229.498323941749,19.52333239705422,20.093979530836318,20.093979530836307,9.687749043223297e-15
7231.165430287887,19.662322961638665,20.089927080818736,20.08992708081873,8.244950090336837e-15
7232.828950392294,19.418661877564773,20.08567335922066,20.085673359220653,7.0170869937221435e-15
7234.492853187315,20.114869398388805,20.081224060498162,20.081224060498155,5.969841678919851e-15
7236.161111260866,20.005679469541633,20.076583896363214,20.07658389636321,5.075020244964493e-15
7237.825780615116,19.917147319747645,20.071791739959615,20.07179173995961,4.314372013985353e-15
7239.49480725437,20.44539178248033,20.066842631443322,20.06684263144332,3.66492958740745e-15
7241.1602435210025,19.653009482686002,20.06178035071317,20.061780350713168,3.1132880475770982e-15
7242.830039080039,19.94088462267257,20.056602591846627,20.056602591846623,2.6426547539038608e-15
7244.496242612369,20.461265895735437,20.051357139714757,20.051357139714753,2.2431997932005518e-15
7246.162829452633,20.156973564297463,20.046056486955983,20.04605648695598,1.903411140534034e-15
7247.833778596935,19.425701086522963,20.040712632088294,20.040712632088294,1.6138514096742954e-15
7249.501133232966,19.29693745425584,20.035374722543384,20.035374722543384,1.368365306665626e-15
7251.172852182748,19.832718427436816,20.030042921825327,20.030042921825327,1.159327328097331e-15
7252.84097496827,19.316452896413352,20.024769717785375,20.024769717785375,9.82241863772897e-16
7254.513464078178,19.059435417925442,20.01955799733355,20.01955799733355,8.315637297877738e-16
7256.1823553670765,19.872652361319638,20.014459596546867,20.014459596546867,7.040147582214219e-16
7257.851630582222,19.985406630972424,20.009488507770996,20.009488507770996,5.958063280632565e-16
7259.5252751382495,19.12418864960705,20.004660793689013,20.004660793689013,5.038392818952375e-16
7261.195319387694,20.02424816618452,20.000026874586695,20.000026874586695,4.260781177899876e-16
7262.869734990975,19.77490868978225,19.995592401813497,19.995592401813497,3.6003873160319074e-16
7264.540548629015,19.91093001074171,19.991407500220593,19.991407500220593,3.0424278464106053e-16
7266.215735634771,19.94297786660161,19.987480198271612,19.987480198271612,2.5689364418977004e-16
7267.887319015861,19.688962923888656,19.983855890046573,19.983855890046573,2.169193437704404e-16
7269.559286942512,19.47447616698082,19.98055271495911,19.98055271495911,1.8309662022143791e-16
7271.235631258237,19.58690791893082,19.97759047639654,19.97759047639654,1.5442699273815883e-16
7272.908369459719,20.571535738697094,19.975007500110863,19.975007500110863,1.302504157146877e-16
7274.585486066477,20.42956344593142,19.972815964887932,19.972815964887932,1.0977288650944653e-16
7276.258994897656,19.802405924893833,19.971051996998238,19.971051996998238,9.251770395594355e-17
7277.936884151239,19.634374201743185,19.96973419546818,19.96973419546818,7.791371134440456e-17
7279.611163967143,19.7252992248159,19.96889169335109,19.96889169335109,6.561717245660976e-17
7281.2898262235085,19.26575519429503,19.968541147437328,19.968541147437328,5.521786842673707e-17
7282.96487737933,19.65758299178742,19.96870440807294,19.96870440807294,4.6468335431027655e-17
7284.640313878468,19.566069113812205,19.96940127981002,19.96940127981002,3.909054425364597e-17
7286.320135845697,19.42399070231852,19.970655933675925,19.970655933675925,3.2858191545915e-17
7287.996344217636,19.6838796287409,19.972479440433716,19.972479440433716,2.762053691238475e-17
7289.676940078049,19.83150118320373,19.974895881823524,19.974895881823524,2.3199420464436523e-17
7291.35392067839,19.18687984875021,19.97790778041623,19.97790778041623,1.9486751801851033e-17
7293.035290788518,19.625772342496024,19.98154212959534,19.98154212959534,1.63552637819246e-17
7294.713043973027,19.712346497720205,19.9857924430574,19.9857924430574,1.3727571948362038e-17
7296.391183122451,19.90226572871336,19.990675147529053,19.990675147529053,1.151773355695289e-17
7298.073714814175,19.70938765789208,19.996208820030326,19.996208820030326,9.655948510318696e-18
7299.752627081509,19.115432814166297,20.00236958073696,20.00236958073696,8.095470571276066e-18
7301.435933914785,19.72674535258,20.00918728422336,20.00918728422336,6.781770543756293e-18
7303.115619656205,20.491499329422254,20.016626570316717,20.016626570316717,5.68151433580437e-18
7304.799701988141,19.646892050129964,20.024717994049354,20.024717994049354,4.755959851938965e-18
7306.480161559986,19.652335316649218,20.03341578005334,20.03341578005334,3.981374706420206e-18
7308.161007719348,19.958558592785156,20.042725459547935,20.042725459547935,3.3316935626771173e-18
7309.846253506627,19.492976198564406,20.052655883755,20.052655883755,2.785793604565657e-18
7311.527874031018,19.759288429170624,20.0631430939046,20.0631430939046,2.3294575021980956e-18
7313.213896210233,19.727026255095325,20.074215864277633,20.074215864277633,1.9463088559423804e-18
7314.896291456401,20.861862013224826,20.085796118738337,20.085796118738337,1.6262655848297677e-18
7316.583090385235,20.716069446250685,20.097909457889592,20.097909457889592,1.3577553358516588e-18
7318.266260710095,20.126043076220753,20.110465793053358,20.110465793053358,1.133639811131766e-18
7319.9498182460775,20.77408725984253,20.123458611293547,20.123458611293547,9.461626132193567e-19
7321.637782507028,21.396236393069785,20.136882706067585,20.136882706067585,7.890520351650166e-19
7323.322115657168,21.31722163664699,20.150632671272316,20.150632671272316,6.58067126966816e-19
7325.010857562453,21.183408001382077,20.164729310933428,20.164729310933428,5.483819320768834e-19
7326.695966684078,20.011276712254475,20.17905831057858,20.17905831057858,4.570056272658228e-19
7328.3854865919575,20.335136504834285,20.19363727886855,20.19363727886855,3.805463564387957e-19
7330.071372042555,22.09806612571913,20.208343031626534,20.208343031626534,3.1689824682868803e-19
7331.757645328886,20.36654348680736,20.223154439683235,20.223154439683235,2.6379662104041467e-19
7333.448332448681,20.940481425366787,20.238050236935806,20.238050236935806,2.194143679447791e-19
7335.135382600316,20.93701904177044,20.25290167153684,20.25290167153684,1.8251069253914182e-19
7336.826848618866,20.95619532015019,20.267720535485854,20.267720535485854,1.5169009645054366e-19
7338.514675993705,20.84516808077683,20.282376278338845,20.282376278338845,1.2608236177791607e-19
7340.206921269849,20.203946707138474,20.296877906061503,20.296877906061503,1.0471196982763587e-19
7341.89552622596,19.966074295639714,20.311096967481063,20.311096967481063,8.696956454654227e-20
7343.584519643421,19.97788260508037,20.325009083797585,20.325009083797585,7.220634881212061e-20
7345.277934014313,19.958325547735402,20.338586268396366,20.338586268396366,5.990005118250344e-20
7346.967705550241,20.475881149570004,20.351704102182968,20.351704102182968,4.969459333137441e-20
7348.66190007633,20.507281889264963,20.364367251669357,20.364367251669357,4.119400611464343e-20
7350.3524500892045,19.623872609188652,20.376461739582304,20.376461739582304,3.4149931326194285e-20
7352.047425129909,19.575243181886893,20.387994286118293,20.387994286118293,2.828705940529205e-20
7353.738753978371,19.899475430394432,20.398861546893478,20.398861546893478,2.343243743524838e-20
7355.430471914815,20.066115125524675,20.409046175929568,20.409046175929568,1.9403686674614546e-20
7357.1266179361355,20.098183788978304,20.418527829411296,20.418527829411296,1.605432443995324e-20
7358.81911524623,19.511049674476567,20.42722317173566,20.42722317173566,1.3284116645695769e-20
7360.51604268122,18.78740942208151,20.43514083421035,20.43514083421035,1.0982811816093704e-20
7362.209319724022,19.49017341568924,20.44221499624105,20.44221499624105,9.08088227360072e-21
7363.907028932676,19.498906362776893,20.44845600891928,20.44845600891928,7.502085112487192e-21
7365.60108606741,20.12923079957989,20.453816985485435,20.453816985485435,6.198267970220966e-21
7367.29553291776,20.0761048512735,20.45830023444581,20.45830023444581,5.11912616005056e-21
7368.994414995944,19.37287476756626,20.461903202194513,20.461903202194513,4.22434703428661e-21
7370.689642477154,19.308976727986874,20.46460498927531,20.46460498927531,3.486253243919633e-21
7372.389307229507,20.269313762835058,20.466419767978003,20.466419767978003,2.8747214331764582e-21
7374.085315701214,20.33806829479056,20.467345192191708,20.467345192191708,2.370658339307306e-21
7375.785763488312,20.874492222617732,20.46739779242147,20.46739779242147,1.9533446752025835e-21
7377.4825533103185,20.75614487177086,20.466594079991353,20.466594079991353,1.6096295701753473e-21
7379.179733476594,20.46680071566709,20.4649568027588,20.4649568027588,1.3258980258365216e-21
7380.881356025178,20.758693802002544,20.46250641051278,20.46250641051278,1.0912640633862906e-21
7382.579318081552,20.670725537998578,20.459285780198524,20.459285780198524,8.982306988401421e-22
7384.281724566838,20.307252248479358,20.45531389090732,20.45531389090732,7.387214389746956e-22
7385.980468873527,20.71453384583356,20.45064680682026,20.45064680682026,6.075927757850153e-22
7387.683659656673,20.68266701603909,20.445303397567514,20.445303397567514,4.993194580901328e-22
7389.383186574058,19.923035868772676,20.439356135280168,20.439356135280168,4.1037816659563163e-22
7391.083104465377,19.40366168324624,20.43284166179592,20.43284166179592,3.371530762950846e-22
7392.787471905021,19.82759767862035,20.42579226879164,20.42579226879164,2.767596865259208e-22
7394.4881729477065,19.645260734781687,20.418293017529024,20.418293017529024,2.2720588068945957e-22
7396.193325588622,19.753624602157856,20.410360658674847,20.410360658674847,1.8636671531571773e-22
7397.894810143473,19.871807573014284,20.402086185231056,20.402086185231056,1.5288291220333336e-22
7399.600748347401,20.034304476233277,20.393484888770853,20.393484888770853,1.2530858027727774e-22
7401.303016775378,20.2360153705921,20.38465248610121,20.38465248610121,1.0271769460131759e-22
7403.00567680797,19.96982174327013,20.375622695672906,20.375622695672906,8.416796769281944e-23
7404.712793566465,19.749517183155948,20.366424460486954,20.366424460486954,6.890940784920341e-23
7406.416238013726,19.794112018033843,20.357152459010198,20.357152459010198,5.64227115310324e-23
7408.124141240101,20.068882535490502,20.347814331271657,20.347814331271657,4.615924642956627e-23
7409.828370463412,20.09639849743644,20.3385053189102,20.3385053189102,3.776661001292948e-23
7411.537060519994,19.680009416307485,20.32922800825051,20.32922800825051,3.087349812783956e-23
7413.242074880901,19.482890757884434,20.32006753370637,20.32006753370637,2.5241141511963884e-23
7414.951552130182,19.992248167790194,20.311021355081618,20.311021355081618,2.0618634864844736e-23
7416.657351990397,19.64891038672158,20.30217216540808,20.30217216540808,1.684445319295766e-23
7418.363544267627,19.423942844852945,20.293533987399762,20.293533987399762,1.375596462922296e-23
7420.074202516437,19.500579293312626,20.285122179587333,20.285122179587333,1.122410655356608e-23
7421.781180835641,19.4067328840805,20.27700887760902,20.27700887760902,9.159247023123624e-24
7423.492627183895,19.29317336055044,20.26917972420997,20.26917972420997,7.467815542072337e-24
7425.200391907201,19.63217900060488,20.26169463334884,20.26169463334884,6.089413017981349e-24
7426.912626717976,20.313769186834975,20.25453899899032,20.25453899899032,4.961149578126828e-24
7428.621178207681,20.135885068054108,20.247763618647028,20.247763618647028,4.042388301410091e-24
7430.330122747411,19.934126316229708,20.24136475298551,20.24136475298551,3.2925384780150723e-24
7432.043540462788,20.270233458477833,20.235339463960457,20.235339463960457,2.6794617589078903e-24
7433.753272312457,19.723634617317657,20.229723866378443,20.229723866378443,2.18079203293737e-24
7435.467479398564,19.58889920565059,20.224495821049157,20.224495821049157,1.773389104016014e-24
7437.177998920885,20.322096385844933,20.2196821289809,20.2196821289809,1.4422633995245585e-24
7438.892995741384,20.394706564918238,20.21525851533776,20.21525851533776,1.171945581744507e-24
7440.604303299238,20.032373531535313,20.211242195118814,20.211242195118814,9.524054038626267e-25
7442.316004541148,19.963413004401904,20.2076160009987,20.2076160009987,7.737013935754518e-25
7444.032186174394,19.764415420265212,20.204365434678277,20.204365434678277,6.2798035357937015e-25
7445.744675996254,20.055646825120107,20.201496079578373,20.201496079578373,5.097666777917561e-25
7447.4616482735655,20.54382002385137,20.19898016530118,20.19898016530118,4.1344448280484213e-25
7449.174927038675,20.15364851081972,20.19681435370405,20.19681435370405,3.353640032774968e-25
7450.892690324301,19.610738856027524,20.194971913362934,20.194971913362934,2.7179113201600086e-25
7452.606758396125,19.840121769285247,20.19344389463547,20.19344389463547,2.2029689952588692e-25
7454.321220787056,20.13955968910648,20.19220593196807,20.19220593196807,1.784919403538432e-25
7456.040170796653,20.073250049414014,20.19123501912057,20.19123501912057,1.444931511281826e-25
7457.755423039595,20.21997063506842,20.190513850754336,20.190513850754336,1.1698531430031014e-25
7459.475164968648,20.09305887864309,20.190015710225573,20.190015710225573,9.463092331151561e-26
7461.191207427484,19.90574683914406,20.189718385799736,20.189718385799736,7.655807756933039e-26
7462.911741640828,20.21561976721989,20.189594086003105,20.189594086003105,6.188221216167336e-26
7464.628574679613,20.68590467762317,20.18961643004656,20.18961643004656,5.0026213292426816e-26
7466.345802673582,19.946294597041856,20.18975766593863,20.18975766593863,4.042653823303956e-26
7468.0675255252045,20.21621278364114,20.189991047372978,20.189991047372978,3.2640077343197845e-26
7469.785544645296,20.459076936875253,20.190287438984967,20.190287438984967,2.635687765458346e-26
7471.50806069382,20.24705796058356,20.1906192609789,20.1906192609789,2.1264328150289823e-26
7473.226871304506,20.01363421262386,20.190954765380976,20.190954765380976,1.7158064860026832e-26
7474.950180915357,19.869574918207263,20.191265786364585,20.191265786364585,1.383244939016156e-26
7476.669783381277,19.762669663151428,20.19152221702957,20.19152221702957,1.1152945692885478e-26
7478.389781439483,20.14432878958894,20.191694510527263,20.191694510527263,8.989120629438048e-27
7480.114281606008,20.157497915659405,20.19175226508386,20.19175226508386,7.238653820563723e-27
7481.835072066506,20.1174786706423,20.191666073070706,20.191666073070706,5.829875584809782e-27
7483.56036670944,20.3593794322868,20.19140638726404,20.19140638726404,4.691081361292379e-27
7485.281949937286,20.18424815815615,20.1909455823427,20.1909455823427,3.7752724816434774e-27
7487.008039422645,20.412010159862465,20.190253020160156,20.190253020160156,3.0355337152646884e-27
7488.730415783068,19.832092118865607,20.18930431537828,20.18930431537828,2.441092610581835e-27
7490.453188373909,20.029770501559938,20.188071529289022,20.188071529289022,1.962323363652023e-27
7492.18047033543,20.38791080480667,20.186525822539092,20.186525822539092,1.5760396795989573e-27
7493.9040366067875,19.96961158657348,20.184649500064907,20.184649500064907,1.2659813972694832e-27
7495.6321143262885,19.996078845795523,20.182408500972883,20.182408500972883,1.0160076466458291e-27
7497.3564746438105,20.225597008412482,20.179790244519523,20.179790244519523,8.1551323053653e-28
7499.085348487898,20.246048792287755,20.176763045078598,20.176763045078598,6.539939690337895e-28
7500.8105032174,20.311245225715766,20.173325939206325,20.173325939206325,5.2454365269344185e-28
7502.53605481648,20.21296055674145,20.1694573661328,20.1694573661328,4.205587298023423e-28
7504.266123060316,19.895630187073493,20.165133141553977,20.165133141553977,3.3688307984683136e-28
7505.9924696202,20.02619991847621,20.16036242214399,20.16036242214399,2.6989700982884623e-28
7507.723334905655,20.53390936695871,20.155112512320898,20.155112512320898,2.1603479207374777e-28
7509.450476792581,20.70214708528727,20.149400277440638,20.149400277440638,1.729483533956052e-28
7511.182139486853,20.687142729449988,20.143192715195177,20.143192715195177,1.383296051909781e-28
7512.910077067228,20.515307378165858,20.13651769816886,20.13651769816886,1.1065772255854102e-28
7514.638412157371,20.284322280191077,20.129361605141355,20.129361605141355,8.848821642802649e-29
7516.37127117808,20.40312947885934,20.121707694205128,20.121707694205128,7.069585671300064e-29
7518.100402511382,20.55108395482182,20.113597875771386,20.113597875771386,5.648999464636894e-29
7519.8340598594195,20.435266807372276,20.105002133998614,20.105002133998614,4.5097569183326526e-29
7521.563987802705,20.237272149253272,20.095973526137172,20.095973526137172,3.600846127596076e-29
7523.2984438458625,20.39922389351659,20.086483863683334,20.086483863683334,2.872494745674598e-29
7525.029168766131,20.750743220439062,20.076595268150538,20.076595268150538,2.2918412449522557e-29
7526.760291837395,20.474320580040402,20.066304213724603,20.066304213724603,1.8278768908456943e-29
7528.495946136784,20.306157769049264,20.055604511169836,20.055604511169836,1.456503176756413e-29
7530.227866735626,19.56044274046815,20.04456843910062,20.04456843910062,1.1607740902576091e-29
7531.96432065013,19.81354839133519,20.03316776061946,20.03316776061946,9.242411042932006e-30
7533.69703914397,20.367134422469235,20.02148393089857,20.02148393089857,7.360298144497472e-30
7535.434293041968,20.227717302213364,20.009491054582877,20.009491054582877,5.856067311777931e-30
7537.167809798396,20.265855540757457,19.99727821408075,19.99727821408075,4.6600443032144996e-30
7538.901725348076,19.493997851416452,19.98484970259371,19.98484970259371,3.706902425402351e-30
7540.640179435219,20.27603045409046,19.97220779850332,19.97220779850332,2.9459924002382164e-30
7542.37489379897,20.347646030183572,19.63786646053041,19.63786646053041,2.3416748370562473e-30
7544.114148791086,20.065355648353602,19.636062735632258,19.636062735632258,1.859602564835383e-30
7545.849662336924,20.465831081799365,19.63426218716845,19.63426218716845,1.477028793355894e-30
7547.58971860299,20.266708652100306,19.63245621814811,19.63245621814811,1.1720755017788534e-30
7549.3260316990945,20.360170120848466,19.630653425941304,19.630653425941304,9.302469863316631e-31
7551.066889608256,20.496570140013777,19.62884520284147,19.62884520284147,7.3762899270805155e-31
7552.804002622982,20.45135523884278,19.627040156946688,19.627040156946688,5.849981863346478e-31
7554.541515258273,20.175219743237562,19.62523398182047,19.62523398182047,4.637759078569019e-31
7556.283575846424,19.803431739264628,19.623422360236756,19.623422360236756,3.6733110504016717e-31
7558.021888952964,19.725205590644123,19.621613916468366,19.621613916468366,2.909947997543952e-31
7559.764752107604,20.403137801896833,19.619800015818015,19.619800015818015,2.3030736617349132e-31
7561.503866054167,20.547904554500178,19.617989293405508,19.617989293405508,1.8230946198961673e-31
7563.247532145035,20.36656637516046,19.616173103651253,19.616173103651253,1.4417995639978452e-31
7564.987447300569,20.395515980314258,19.614360092569818,19.614360092569818,1.140460186509168e-31
7566.727762721298,20.604686397024583,19.612545934757378,19.612545934757378,9.01763163868946e-32
7568.4726334312,20.385967375552468,19.610726293853375,19.610726293853375,7.123574746015984e-32
7570.213750614417,19.938341934719006,19.608909832297826,19.608909832297826,5.628390299516751e-32
7571.959425185429,20.49534873426194,19.607087877102312,19.607087877102312,4.44286155521851e-32
7573.701344500509,20.26436155552779,19.60526910172153,19.60526910172153,3.5077033590255874e-32
7575.447823302967,19.9173803647974,19.60344482211676,19.60344482211676,2.7667792681257587e-32
7577.190545119448,20.34933352603491,19.601623722805584,19.601623722805584,2.1827723771181808e-32
7578.9336678467935,20.194414748451667,19.599801459123558,19.599801459123558,1.721390924481937e-32
7580.681353211458,20.595772423871495,19.597973675280997,19.597973675280997,1.3562538294454837e-32
7582.425278994618,20.413699736473177,19.596149072473665,19.596149072473665,1.0687740371183502e-32
7584.173769517103,20.098658202115303,19.594318938832515,19.594318938832515,8.414347494242069e-33
7585.918498726044,20.01787063870688,19.59249198673704,19.59249198673704,6.625813682412247e-33
7587.667794777283,20.023122475363834,19.5906594930986,19.5906594930986,5.212509352832538e-33
7589.413327782145,19.86915044329521,19.588830181528984,19.588830181528984,4.1014694516792996e-33
7591.159262344578,19.784072354060072,19.586999687807506,19.586999687807506,3.226036216307798e-33
7592.909766904332,20.294176756580672,19.585163636418375,19.585163636418375,2.5350508828476312e-33
7594.656505817991,19.76310246110097,19.58333076790635,19.58333076790635,1.9924631418937337e-33
7596.407816834368,20.009091914913032,19.581492330927567,19.581492330927567,1.564518915018389e-33
7598.155360469817,21.38692083335775,19.57965707738094,19.57965707738094,1.2287351767801324e-33
7599.907478314348,19.998336469715014,19.57781624453234,19.57781624453234,9.640995789923972e-34
7601.65582704232,19.52924383443235,19.57597859568375,19.57597859568375,7.566119996101617e-34
7603.404577975621,19.687893413571032,19.574139746760228,19.574139746760228,5.935559730701127e-34
7605.157906278115,19.49176935812818,19.57229530222052,19.57229530222052,4.651950615521121e-34
7606.907462860143,19.80843180403747,19.570454042556367,19.570454042556367,3.6466779302325898e-34
7608.661598920153,20.765533258060945,19.56860717635019,19.56860717635019,2.855905970074881e-34
7610.411961522068,20.33804332567809,19.56676349561962,19.56676349561962,2.237072583838181e-34
7612.166905711731,19.909652424486808,19.5649141973848,19.5649141973848,1.7506513003558109e-34
7613.918074704867,20.17981405993271,19.563068085238598,19.563068085238598,1.3702811385604197e-34
7615.669646552126,20.136958739890478,19.561220754951442,19.561220754951442,1.0721531660960437e-34
7617.425803152345,19.834668098969132,19.559367790654868,19.559367790654868,8.380814382746669e-35
7619.1781819479265,19.755274644340492,19.55751801339036,19.55751801339036,6.552503063668861e-35
7620.935147608658,19.53227966235727,19.55566259106292,19.55566259106292,5.118111017869777e-35
7622.688333724319,18.959715024983893,19.553810356413045,19.553810356413045,3.998568779166245e-35
7624.446108818297,19.27985858132388,19.55195246561005,19.55195246561005,3.120901915153103e-35
7626.20010262597,19.883559701951867,19.550097763143185,19.550097763143185,2.4364014340881245e-35
7627.954499937615,19.96983630858574,19.548241824325494,19.548241824325494,1.9013177235989427e-35
7629.713489397891,19.75001240388667,19.546380212657166,19.546380212657166,1.4823134865452283e-35
7631.468694959544,19.988088729803962,19.544521790336972,19.544521790336972,1.1558986810562153e-35
7633.228494785432,19.289182464073406,19.542657683983986,19.542657683983986,9.004885836663954e-36
7634.984508969455,19.69024675242167,19.540796767670503,19.540796767670503,7.016681725376212e-36
7636.745119534288,19.72369495933947,19.538930156105145,19.538930156105145,5.462145947750866e-36
7638.501942713213,19.421133819699662,19.537066735283847,19.537066735283847,4.25295438363608e-36
7640.259170047002,19.83937893818916,19.5352020597571,19.5352020597571,3.310207911444104e-36
7642.02099693703,20.571144555935007,19.53333167208715,19.53333167208715,2.5739292748490766e-36
7643.77903382462,19.875885861384972,19.531464476242483,19.531464476242483,2.0018660538952454e-36
7645.54167238746,19.59512899921276,19.529591556942876,19.529591556942876,1.5554262785281734e-36
7647.300519201809,19.954965121348323,19.527721830206215,19.527721830206215,1.208820164273907e-36
7649.063969811399,19.700092905773776,19.525846368665682,19.525846368665682,9.385322322417085e-37
7650.823626925642,18.641117472857903,19.523974100439087,19.523974100439087,7.288452272766608e-37
7652.583688846692,18.448099991158642,19.522100559006727,19.522100559006727,5.657942890952254e-37
7654.3483577435345,18.278482729365923,19.520221265683947,19.520221265683947,4.387891400776613e-37
7656.1092305242755,20.065401425059807,19.51834516682617,19.51834516682617,3.403713316310417e-37
7657.874712403243,19.42936738453784,19.516463304635675,19.516463304635675,2.6376876397676784e-37
7659.636396417241,18.246923851958627,19.5145846376946,19.5145846376946,2.0445339460924504e-37
7661.402691652871,19.097142939279365,19.512700195941054,19.512700195941054,1.583207344392714e-37
7663.1651872738585,18.759920510007422,19.51081895023478,19.51081895023478,1.2262601506742212e-37
7664.928088354648,18.46079470409211,19.508936412675837,19.508936412675837,9.494335151110166e-38
7666.6956038427525,18.45889497078474,19.50704808302122,19.50704808302122,7.343749304573294e-38
7668.459317091235,18.91758588996277,19.505162950635427,19.505162950635427,5.681639101338884e-38
7670.227646872885,19.160341843709492,19.503272014580162,19.503272014580162,4.391369771305154e-38
7671.992172663225,18.87467230865809,19.50138427662532,19.50138427662532,3.3949209560912203e-38
7673.761317113568,18.863236455145174,19.49949072338945,19.49949072338945,2.621978408021272e-38
7675.526655820102,18.798909779134988,19.49760036909916,19.49760036909916,2.0255017748192962e-38
7677.2924006404855,19.112095276132322,19.495708704161807,19.495708704161807,1.5641315223704854e-38
7679.062767311694,19.917779870596977,19.493811206462084,19.493811206462084,1.206653360739996e-38
7680.82932560988,19.70212372692163,19.491916909000675,19.491916909000675,9.311014980521109e-39
7682.600507888174,19.071033570669442,19.490016767070625,19.490016767070625,7.177601841357107e-39
7684.36788003893,20.877151433096177,19.4881198262581,19.4881198262581,5.5343640035292396e-39
7686.139878300061,19.36915645056706,19.486217029232613,19.486217029232613,4.263076613146929e-39
7687.9080646783295,19.584968651195368,19.484317434217566,19.484317434217566,3.2846216585740156e-39
7689.680879298219,19.739313139191722,19.48241197120712,19.48241197120712,2.5282141027829478e-39
7691.449880279113,19.471573507655762,19.48050971111375,19.48050971111375,1.9464798951573205e-39
7693.219288216359,19.545552826396378,19.4786061159899,19.4786061159899,1.49803899496163e-39
7694.993327592664,19.258064707653148,19.476696635132427,19.476696635132427,1.1517585108717206e-39
7696.763550695308,19.481288573167376,19.474790358577227,19.474790358577227,8.85744540965647e-40
7698.538407370714,19.47245574962983,19.472878184410355,19.472878184410355,6.804870671004365e-40
7700.309446014301,19.19082288776167,19.470969215486853,19.470969215486853,5.2292666513433116e-40
7702.0851203653365,19.060721327217834,19.469054337035228,19.469054337035228,4.014442659259317e-40
7703.856974925588,18.93260064959691,19.467142664781925,19.467142664781925,3.082620266725261e-40
7705.629237098651,18.32246165946947,19.465229638363063,19.465229638363063,2.3662025775514857e-40
7707.406138181762,19.13171475625848,19.46331068447636,19.46331068447636,1.8144550278802633e-40
7709.179216835168,18.83991322333543,19.46139493824589,19.46139493824589,1.3917202944719628e-40
7710.956936535764,18.313689177953737,19.459473252534796,19.459473252534796,1.0663980084621819e-40
7712.730832045667,18.79851027333541,19.457554775469664,19.457554775469664,8.173328140954284e-41
7714.509370740886,19.37824312674809,19.455630346872454,19.455630346872454,6.258055061424564e-41
7716.284083483609,18.15474205022474,19.453709127924927,19.453709127924927,4.792839081628572e-41
7718.059204496665,18.946204654376288,19.451786535526182,19.451786535526182,3.6693018448870664e-41
7719.838971902803,19.232845904054788,19.449857973452687,19.449857973452687,2.8062974286982966e-41
7721.614910713269,19.33219176030923,19.447932622560145,19.447932622560145,2.1468324331545363e-41
7723.395498057408,19.27300455994987,19.446001289844343,19.446001289844343,1.6406709426127007e-41
7725.172255042041,19.108674507723435,19.444073169348332,19.444073169348332,1.2541797777673292e-41
7726.953662701926,19.79704380799012,19.442139054841597,19.442139054841597,9.577589354480009e-42
7728.73123823766,20.38590079125254,19.440208153607585,19.440208153607585,7.315910401124927e-42
7730.50922270231,18.180587162394318,19.438275859485184,19.438275859485184,5.586215260760358e-42
7732.29186105515,17.944445942693733,19.436337553004932,19.436337553004932,4.2611213237065036e-42
7734.0706646364,19.335069450521814,19.434402461402723,19.434402461402723,3.251225156958733e-42
7735.854124249882,19.763104541860343,19.43246134515745,19.43246134515745,2.4781429754403593e-42
7737.633747325099,19.989058363671692,19.43052344487859,19.43052344487859,1.8893976213515224e-42
7739.418028577581,19.511472068629246,19.428579507632215,19.428579507632215,1.4390495779089126e-42
7741.198471524305,19.006619502765602,19.426638787454866,19.426638787454866,1.0963434330155592e-42
7742.979324059588,19.591421086010428,19.42469665479946,19.42469665479946,8.349387282899442e-43
7744.7648379902585,19.703263983057923,19.422748466623457,19.422748466623457,6.3520924838835256e-43
7746.5465109634615,18.906543299971304,19.420803497196523,19.420803497196523,4.833911079169397e-43
7748.3328474795535,19.882560937452926,19.418852459826052,19.418852459826052,3.674801994470257e-43
7750.11534126865,20.109055756701196,19.41690464234303,19.41690464234303,2.794406906874417e-43
7751.902500749128,19.90035143009038,19.414950744454003,19.414950744454003,2.1227459060000853e-43
7753.685815732269,19.95851281607895,19.413000067605182,19.413000067605182,1.6129747641646866e-43
7755.4695409646765,20.219204915619233,19.41104795853522,19.41104795853522,1.2251640837895411e-43
7757.257935111779,20.024237762387656,19.40908975029871,19.40908975029871,9.296349375996248e-44
7759.042482105557,19.370873077049623,19.40713476485785,19.40713476485785,7.055909132381494e-44
7760.831700164996,20.53206789491378,19.405173667688786,19.405173667688786,5.349882444179294e-44
7762.617069298726,19.87785842127039,19.40321579450422,19.40321579450422,4.0575010360084525e-44
7764.407111650075,19.668244802813664,19.40125179698996,19.40125179698996,3.074135307645868e-44
7766.193303302522,19.548220359912307,19.399291024663547,19.399291024663547,2.329760283136998e-44
7767.979905866009,18.757567171156783,19.397328800218517,19.397328800218517,1.7649671191465283e-44
7769.771184875627,19.275312122094306,19.395360432474263,19.395360432474263,1.33570568058278e-44
7771.558610526069,19.2605012768787,19.393395291749417,19.393395291749417,1.0111370236503654e-44
7773.350714777076,19.499620063241764,19.391423995023946,19.391423995023946,7.646404106085415e-45
7775.138963893667,19.460324922486393,19.389455926557655,19.389455926557655,5.784027434661172e-45
7776.931893766255,19.085836092847558,19.38748168934921,19.38748168934921,4.370696573578256e-45
7778.720966728367,19.05245447022969,19.38551068165436,19.38551068165436,3.3036772558843207e-45
7780.510451264361,19.656193044526393,19.383538201788067,19.383538201788067,2.4962132996633463e-45
7782.304619790073,19.32597028978455,19.38155953399957,19.38155953399957,1.8841341464827365e-45
7784.094928740746,19.338862674858433,19.379584097633042,19.379584097633042,1.4225572645553123e-45
7785.889923839046,19.112736150019145,19.377602460502146,19.377602460502146,1.0729338946946683e-45
7787.681057584204,19.101872505333745,19.375624056084376,19.375624056084376,8.094774605804103e-46
7789.476879635894,19.63006494908211,19.373639438019666,19.373639438019666,6.100719363084096e-46
7791.268838555519,19.48659450956802,19.371658053974006,19.371658053974006,4.599246654560414e-46
7793.061209712938,18.916836816588557,19.369675177547755,19.369675177547755,3.4660073393884556e-46
7794.858272415828,18.876909124983854,19.367686068082456,19.367686068082456,2.6092493227339968e-46
7796.6514693177905,19.163234099237684,19.365700194622097,19.365700194622097,1.9648627274776203e-46
7798.449359926613,19.589134331459718,19.363708075138746,19.363708075138746,1.4780577244758683e-46
7800.2433829535385,19.76155645688698,19.36171919300335,19.36171919300335,1.1121974332402243e-46
7802.042101849715,19.13188954004579,19.359724051820294,19.359724051820294,8.360151530308829e-47
7803.836951382198,19.035954048403372,19.357732149343125,19.357732149343125,6.286059685933977e-47
7805.632213817456,19.63072871132204,19.3557387341189,19.3557387341189,4.724762414181671e-47
7807.432175366126,19.855155255753743,19.353739040241315,19.353739040241315,3.547497106590109e-47
7809.228264877939,19.49232492088072,19.351742587133714,19.351742587133714,2.664387469084517e-47
7811.029055668042,19.15309455881402,19.349739842245974,19.349739842245974,1.99899881769658e-47
7812.82597263744,19.29431569744611,19.347740339523575,19.347740339523575,1.5002434103883177e-47
7814.627593051007,19.281689649571945,19.34573453185325,19.34573453185325,1.124734358842542e-47
7816.425337859201,19.28550992378041,19.343731967758664,19.343731967758664,8.434765461391742e-48
7818.223496236226,19.458171336535543,19.34172787039227,19.34172787039227,6.323145612743599e-48
7820.026361306813,19.701840743646926,19.339717448257094,19.339717448257094,4.7351226420332976e-48
7821.825348094549,19.679295715842617,19.337710271840688,19.337710271840688,3.5470332702734864e-48
7823.629043744219,19.276662534927254,19.335696757384845,19.335696757384845,2.6542167807376173e-48
7825.428859324316,19.570253520910914,19.33368649009594,19.33368649009594,1.9867548358493725e-48
7827.233385935717,19.70123316191007,19.331669871455645,19.331669871455645,1.4855541502422862e-48
7829.034030689999,19.39810605572086,19.32965650144563,19.32965650144563,1.1111437128421495e-48
7830.839388645954,19.302746934424704,19.32763676673088,19.32763676673088,8.302091606475766e-49
7832.64086295642,19.377737502220498,19.325620282124973,19.325620282124973,6.205019140077194e-49
7834.442751693685,18.615661462691037,19.323602237623113,19.323602237623113,4.635919148822493e-49
7836.249356888758,18.726353699805376,19.321577808316732,19.321577808316732,3.459895289147652e-49
7838.052075755309,19.0794752114449,19.319556631364748,19.319556631364748,2.5830305412760044e-49
7839.859513252539,18.92115231152775,19.317529056151074,19.317529056151074,1.9263257192744507e-49
7841.663062630817,19.313648032778815,19.315504734808563,19.315504734808563,1.4370443350432147e-49
7843.471332813645,20.220301475808697,19.313474001705515,19.313474001705515,1.070886462725607e-49
7845.275713086266,19.429837636156094,19.31144652400576,19.31144652400576,7.982845619620499e-50
7847.080508454198,19.471057479331307,19.30941746551978,19.30941746551978,5.948523146736533e-50
7848.890027888067,19.177458170310164,19.3073819749547,19.3073819749547,4.427843186492405e-50
7850.695654724371,18.877360649767752,19.305349742119056,19.305349742119056,3.2969891290891096e-50
7852.5060078029865,18.880361104783333,19.30331106360088,19.30331106360088,2.452300410418802e-50
7854.312466490715,19.179921789407558,19.301275644382812,19.301275644382812,1.8246216020999056e-50
7856.123653598135,19.551200007334163,19.299233765836785,19.299233765836785,1.3561322612482873e-50
7857.930944520527,19.041255823285272,19.29719514817704,19.29719514817704,1.0082658250029067e-50
7859.73865120782,19.238012429577456,19.295154928679246,19.295154928679246,7.493507908821665e-51
7861.5510895814505,19.428724429891645,19.293108229314605,19.293108229314605,5.56319418881888e-51
7863.359629078357,19.51021945148682,19.29106479324368,19.29106479324368,4.131504219693021e-51
7865.172902441489,19.347156581718426,19.289014863555145,19.289014863555145,3.0649283762014165e-51
7866.982275131684,18.472582205939034,19.2869681987854,19.2869681987854,2.2744592960310414e-51
7868.796383868994,19.677735146313015,19.284915026604978,19.284915026604978,1.686022546984512e-51
7870.606590136329,19.937085156057833,19.282865120984052,19.282865120984052,1.2502448526472812e-51
7872.417212839238,19.72531379013151,19.28081359231069,19.28081359231069,9.267527762269141e-52
7874.232574861179,19.315258540533367,19.278755535465834,19.278755535465834,6.86212964889543e-52
7876.044031717111,18.949105232941974,19.276700747669935,19.276700747669935,5.08278333888936e-52
7877.860230075474,19.4380691202349,19.274639417803378,19.274639417803378,3.760708751447257e-52
7879.6725214687185,19.092155359062758,19.27258135866574,19.27258135866574,2.783468029070773e-52
7881.489556548805,19.54291234275229,19.270516743515678,19.270516743515678,2.0579149403059602e-52
7883.302682863835,19.5881792629076,19.268455400790256,19.268455400790256,1.522011082723451e-52
7885.116226286191,19.43042024878048,19.266392413634442,19.266392413634442,1.1252404426696388e-52
7886.934516672585,20.03942522504974,19.264322849481847,19.264322849481847,8.3099101877850275e-53
7888.748895593537,20.84478105953349,19.262256560326122,19.262256560326122,6.139001029012968e-53
7890.56802366545,20.287609880000105,19.26018368012497,19.26018368012497,4.530245972866316e-53
7892.383238469912,20.998599115408528,19.258114076656028,19.258114076656028,3.3442367664903145e-53
7894.203204613265,20.642468825715927,19.25603786805012,19.25603786805012,2.466006254037859e-53
7896.019255686325,20.256789672170157,19.253964937927666,19.253964937927666,1.8190442589503845e-53
7897.835724539547,20.76732895339967,19.251890341832272,19.251890341832272,1.3413109858532557e-53
7899.656948014147,19.528550941561207,19.24980911939039,19.24980911939039,9.879533824853596e-54
7901.474253713708,19.41810007253412,19.247731178087697,19.247731178087697,7.279415787358133e-54
7903.2963162251,19.28487113065296,19.245646596239325,19.245646596239325,5.357677606096392e-54
7905.114459156536,19.43426549210142,19.243565297321354,19.243565297321354,3.944668468091746e-54
7906.937361091262,19.882500595431114,19.241477343615287,19.241477343615287,2.9011062772307063e-54
7908.756341640284,19.778454303753506,19.239392674646883,19.239392674646883,2.134378456286728e-54
7910.575740643391,18.711172479421407,19.23730631799738,19.23730631799738,1.5696988565400834e-54
7912.399901937566,19.254708442784818,19.23521328512348,19.23521328512348,1.1531326963632523e-54
7914.220139136932,18.93320406981502,19.233123539727227,19.233123539727227,8.47418728202614e-55
7916.045140821351,19.105245416277057,19.23102710375575,19.23102710375575,6.220625868507906e-55
7917.866216603132,19.021600970249782,19.2289339571095,19.2289339571095,4.568006481532981e-55
7919.692059064961,17.877433006333263,19.226834105493662,19.226834105493662,3.3507020810362075e-55
7921.51397381549,17.806345943120846,19.224737545066827,19.224737545066827,2.4586816665191252e-55
7923.3363076951155,19.048064067953078,19.22263927508409,19.22263927508409,1.803457506157223e-55
7925.163411547867,19.28902848787982,19.22053427846704,19.22053427846704,1.3213711852080673e-55
7926.986584975847,18.889874336635785,19.21843257586398,19.21843257586398,9.685059674712299e-56
7928.814530574479,18.81904944910434,19.21632413212304,19.21632413212304,7.090784700329127e-56
7930.638543937591,18.992803260530195,19.214218984300555,19.214218984300555,5.193326485712733e-56
7932.467331669894,18.567190173101608,19.212107080792777,19.212107080792777,3.7993622529909117e-56
7934.292185355098,18.913676143101274,19.20999847512424,19.20999847512424,2.7805831634136054e-56
7936.117458845495,18.314504835627876,19.20788813785732,19.20788813785732,2.0342212992383542e-56
7937.947510003474,18.437579671769754,19.205771023010314,19.205771023010314,1.4865279842547716e-56
7939.773624396502,18.578126644365057,19.203657208913306,19.203657208913306,1.0866989712197796e-56
7941.604518658183,18.38654280587366,19.201536602578805,19.201536602578805,7.935188131348394e-57
7943.431474341247,19.790759914684262,19.199419298956137,19.199419298956137,5.796518848227288e-57
7945.263212095045,18.887506432469536,19.197295188394424,19.197295188394424,4.2294929352122726e-57
7947.091009455727,18.10968320600671,19.19517438252285,19.19517438252285,3.087252753734793e-57
7948.9192272987875,18.368999923601564,19.193051822841703,19.193051822841703,2.252647268546064e-57
7950.752230516298,18.525009019096164,19.19092243409498,19.19092243409498,1.641814393981924e-57
7952.581290618453,18.105351064992536,19.18879635303568,19.18879635303568,1.1970682807181272e-57
7954.415138299676,18.451541567161257,19.186663428098473,19.186663428098473,8.718120530773784e-58
7956.245041048954,18.463397734067488,19.184533812868406,19.184533812868406,6.3517236056018494e-58
7958.079733582934,18.491837553174946,19.182397338903606,19.182397338903606,4.622411629430712e-58
7959.910479367539,18.78294411246748,19.180264176682293,19.180264176682293,3.3652024619250714e-58
7961.7416463128075,18.983645838530496,19.178129238270447,19.178129238270447,2.4490119389356292e-58
7963.577606351822,18.956760346674518,19.175987418763953,19.175987418763953,1.7802366702090874e-58
7965.409616914834,19.261312773034092,19.173848914085514,19.173848914085514,1.2945871900254153e-58
7967.246422779768,19.67139299174471,19.171703513344035,19.171703513344035,9.403536740268103e-59
7969.079277349177,19.132411810648364,19.169561429508732,19.169561429508732,6.833113695952406e-59
7970.9169294297035,18.55975145834384,19.167412434597196,19.167412434597196,4.959657057461062e-59
7972.750628394345,18.573696707660364,19.165266758686723,19.165266758686723,3.6012471505166746e-59
7974.589127080312,18.853573408617876,19.16311415664194,19.16311415664194,2.611914815294952e-59
7976.4236708291955,18.68103684142511,19.16096487570994,19.16096487570994,1.8951087983995835e-59
7978.25863661246,18.28569047983331,19.15881378955963,19.15881378955963,1.3745052756198837e-59
7980.098405432956,18.667524390058134,19.15665575461254,19.15665575461254,9.957774991764058e-60
7981.934216584085,18.918809376473973,19.15450104397617,19.15450104397617,7.216862512107674e-60
7983.774832985207,18.80772595659755,19.152339369372317,19.152339369372317,5.224411912762397e-60
7985.611489893664,18.819174294666713,19.150181021233156,19.150181021233156,3.7835318549184116e-60
7987.4529542658875,19.091755853263184,19.148015693910608,19.148015693910608,2.736903324269928e-60
7989.290457321312,18.97869155046385,19.145853695223675,19.145853695223675,1.9805841661644577e-60
7991.128383091897,18.836215713929963,19.143689868545483,19.143689868545483,1.4327297350315357e-60
7992.971119647509,18.62095491453545,19.14151903978418,19.14151903978418,1.0352283549583083e-60
7994.809892149627,18.837905290540675,19.139351542945512,19.139351542945512,7.483090462930767e-61
7996.653477653095,19.313806170491148,19.137177028694417,19.137177028694417,5.4028880387221145e-61
7998.493097276833,18.87385873174333,19.135005848579482,19.135005848579482,3.902515824710238e-61
8000.33753211927,19.007443483477232,19.13282763567728,19.13282763567728,2.8155467146256066e-61
8002.177999254895,18.67285945709,19.130652759141896,19.130652759141896,2.0321479118884717e-61
8004.018889787569,18.52391453966607,19.128476031669045,19.128476031669045,1.466172355271041e-61
8005.864598865553,18.6476510572885,19.12629224827027,19.12629224827027,1.0566056679217441e-61
8007.7063374956215,18.69342776349015,19.12411180461516,19.12411180461516,7.617571378369637e-62
8009.552896890903,18.78061366196994,19.12192428954505,19.12192428954505,5.485516861347219e-62
8011.395484009085,19.008017773064125,19.119740116492252,19.119740116492252,3.951800834620268e-62
8013.242894113404,18.783397718010747,19.117548856489506,19.117548856489506,2.843604540189263e-62
8015.086330110598,19.028644340726718,19.115360940794993,19.115360940794993,2.0470130457527677e-62
8016.93019018782,19.374674624423733,19.113171151042486,19.113171151042486,1.473021836018126e-62
8018.778876583161,19.353923211198776,19.110974250960737,19.110974250960737,1.0587496262076608e-62
8020.623586125846,19.665464908291597,19.10878069865469,19.10878069865469,7.612999642477592e-63
8022.473124210132,19.49079556274171,19.106580020369414,19.106580020369414,5.467806096708595e-63
8024.31868360963,19.389036025614814,19.104382692194115,19.104382692194115,3.928707186860704e-63
8026.169073775235,19.333438135173537,19.10217822234341,19.10217822234341,2.8195527943428644e-63
8028.015483423073,19.10855590443919,19.09997710495439,19.09997710495439,2.0243746114469314e-63
8029.8623178350235,18.902046778966678,19.09777409021147,19.09777409021147,1.4529103417476328e-63
8031.713986350436,18.95744907802691,19.09556391017147,19.09556391017147,1.0415489432101555e-63
8033.561671598126,17.938074657494216,19.093357086152047,19.093357086152047,7.469678405061804e-64
8035.414193176346,18.725153101647265,19.091143081023514,19.091143081023514,5.350771176980233e-64
8037.262729651753,20.30676951230487,19.088932434310998,19.088932434310998,3.834538493332684e-64
8039.116104685787,20.146757035777004,19.086714590630805,19.086714590630805,2.744741470229205e-64
8040.965492781071,18.571848993337312,19.084500107779647,19.084500107779647,1.9654997202167908e-64
8042.815306325657,19.14330874748373,19.082283704102196,19.082283704102196,1.4069617740458783e-64
8044.669961771608,19.48053117675568,19.080060079591295,19.080060079591295,1.0059639705308365e-64
8046.520627524416,21.25345884642684,19.07783981956055,19.07783981956055,7.195605701520859e-65
8048.376137409251,19.732486167689558,19.075612322721113,19.075612322721113,5.140942263074682e-65
8050.227655762895,17.656412664994836,19.073388192818957,19.073388192818957,3.674549957274068e-65
8052.084020480256,18.584237834642977,19.071156810086,19.071156810086,2.623347653174774e-65
8053.936391827526,18.865240226421182,19.0689287967652,19.0689287967652,1.8736786206558552e-65
8055.7891893103915,19.029464159919602,19.06669883896815,19.06669883896815,1.3377475111840254e-65
8057.646836505105,19.69277071354088,19.064461604228683,19.064461604228683,9.539899904117773e-66
8059.500487570892,19.492828464648937,19.062227742645515,19.062227742645515,6.806189499079572e-66
8061.358990582786,18.90503266866665,19.05998658798031,19.05998658798031,4.850156742593934e-66
8063.213495624741,18.970695192194174,19.057748808990766,19.057748808990766,3.4578078823918e-66
8065.072854848092,19.161274023908508,19.055503720732375,19.055503720732375,2.4622901384721385e-66
8066.928214259641,18.991827384384354,19.0532620106869,19.0532620106869,1.7541824789958145e-66
8068.784000494183,18.991873161090556,19.051018332336557,19.051018332336557,1.2492767612478364e-66
8070.644644263653,18.972673994357706,19.048767320358152,19.048767320358152,8.886712065224507e-67
8072.501285458035,18.945915428823472,19.046519690430642,19.046519690430642,6.324550209148963e-67
8074.3627864252085,19.06200307499148,19.04426471056991,19.04426471056991,4.49596692766021e-67
8076.220282973307,19.19248541450054,19.042013115342208,19.042013115342208,3.1976581768761745e-67
8078.082641533094,19.042223376393622,19.039754153828586,19.039754153828586,2.2717259989698e-67
8079.940993828972,18.562281661741167,19.037498579548178,19.037498579548178,1.6147642839678635e-67
8081.799773636354,18.466860117663828,19.03524101295451,19.03524101295451,1.1474853755129624e-67
8083.663418814364,18.883821407620303,19.032976055466367,19.032976055466367,8.1456651562974e-68
8085.523054960722,19.196815474755343,19.030714489144064,19.030714489144064,5.785881427106586e-68
8087.387558719182,18.919300435685955,19.02844551545538,19.02844551545538,4.105666768032151e-68
8089.248051599031,19.3389875204208,19.026179935578,19.026179935578,2.9154057395026282e-68
8091.113414333488,20.501690888830243,19.023906931814484,19.023906931814484,2.068383199705318e-68
8092.974764341526,19.938959920252728,19.021637324525916,19.021637324525916,1.46865728133002e-68
8094.8365425506845,17.983391515874473,19.019365700734845,19.019365700734845,1.0429184465457428e-68
8096.703193978814,16.963322121711258,19.01708662819795,19.01708662819795,7.401377624247037e-69
8098.565829908312,18.073781783788377,19.014810956164094,19.014810956164094,5.258636423325491e-69
8100.4333413018685,19.46036653767385,19.012527818744623,19.012527818744623,3.7350213397825753e-69
8102.296835346857,18.6237202437419,19.010248084537512,19.010248084537512,2.6568328276553885e-69
8104.165207102026,18.689565874094228,19.00796086825678,19.00796086825678,1.890092175890062e-69
8106.029559657837,18.966829141279504,19.00567705791609,19.00567705791609,1.3473389174135985e-69
8107.894341105503,18.519442987773914,19.003391206701636,19.003391206701636,9.619242251716794e-70
8109.764003633138,19.655575058992667,19.00109784830097,19.00109784830097,6.875508368677198e-70
8111.6296441847335,18.49255957667731,18.998807899964717,18.998807899964717,4.930276943102113e-70
8113.500168065009,18.421410090683707,18.996510427633343,18.996510427633343,3.543194284961073e-70
8115.366668116323,18.650609897116624,18.99421636814013,18.99421636814013,2.5576408813944485e-70
8117.238053746063,18.52967824312873,18.991914767794345,18.991914767794345,1.8528868624230907e-70
8119.105413693063,18.42594822687579,18.989616583078977,18.989616583078977,1.3503426826315174e-70
8120.977661469277,18.70689443815093,18.98731084060495,18.98731084060495,9.893617924440922e-71
8122.845881708121,19.423108460344455,18.985008516572144,18.985008516572144,7.305187848183268e-71
8124.714531728577,19.200804290473002,18.982704120060703,18.982704120060703,5.436997536197721e-71
8126.588072955018,19.14159420176054,18.98039214035019,18.98039214035019,4.079856192451585e-71
8128.457583861653,19.45969861391518,18.9780835833303,18.9780835833303,3.0934709150384028e-71
8130.331988227651,19.27705995996746,18.975767426083248,18.975767426083248,2.368609126940161e-71
8132.202360417073,18.422465035685722,18.973454694384206,18.973454694384206,1.8346765254834782e-71
8134.077628320273,19.152882321357993,18.97113434538092,18.97113434538092,1.4362646261462636e-71
8135.948862189275,19.459078547622088,18.968817424801742,18.968817424801742,1.1377125111147528e-71
8137.820526533171,19.55693041864686,18.96649840695249,18.96649840695249,9.11152775542604e-72
8139.69708997307,19.55283964571993,18.96417174610155,18.96417174610155,7.370398064959276e-72
8141.569616591841,19.00165897242084,18.961848518022318,18.961848518022318,6.023927932547865e-72
8143.447044563627,18.42365523004696,18.959517629741455,18.959517629741455,4.965760656770301e-72
8145.320433854523,20.727834059744513,18.957190177155383,18.957190177155383,4.128747144063711e-72
8147.198726756486,20.15527774540863,18.954855047118397,18.954855047118397,3.4561177617059227e-72
8149.072979116941,17.666294191256274,18.95252335571815,18.95252335571815,2.91248949576581e-72
8150.9476626466885,17.324413982128306,18.95018954207069,18.95018954207069,2.4676235212659345e-72
8152.827253175182,19.454113855758578,18.94784802501603,18.94784802501603,2.099507116350119e-72
8154.702800370743,19.35846967042835,18.94550995104474,18.94550995104474,1.7939016762090125e-72
8156.5832568257,19.538467840731986,18.943164156293257,18.943164156293257,1.5371565347006897e-72
8158.459668084965,18.921693308964677,18.940821807614466,18.940821807614466,1.32115746786087e-72
8160.340990865322,19.678910775358645,18.93847172073278,18.93847172073278,1.1375956548295787e-72
8162.218266586365,20.09642762806766,18.93612508293215,18.93612508293215,9.816432924666783e-73
8164.09597417222,18.75138107354144,18.933776297720332,18.933776297720332,8.483028631845017e-73
8165.978596672311,18.695493957547342,18.931419748088672,18.931419748088672,7.336843905296974e-73
8167.857169317161,19.06319951163084,18.929066652084583,18.929066652084583,6.353733206119169e-73
8169.740659140544,19.591273352094962,18.92670577411335,18.92670577411335,5.5046453992829603e-73
8171.6200972429215,19.521480521212425,18.924348352825824,18.924348352825824,4.773531493412549e-73
8173.504454789174,19.13799240728622,18.921983131973835,18.921983131973835,4.140090499889214e-73
8175.384758747794,19.805926569752614,18.91962137088089,18.91962137088089,3.5932650371668724e-73
8177.265495267868,21.42436409827133,18.91725743702482,18.91725743702482,3.119567817178261e-73
8179.151154630436,18.22066883019261,18.914885677124797,18.914885677124797,2.7080074940758122e-73
8181.032757604933,17.028350013630078,18.912517381631087,18.912517381631087,2.3519299502973704e-73
8182.919285689878,18.439525181783324,18.910141242370617,18.910141242370617,2.042238693620788e-73
8184.801755517973,19.344035442659223,18.907768570639988,18.907768570639988,1.7740780648271136e-73
8186.68915272551,18.823448174418445,18.905388037369395,18.905388037369395,1.540702321111718e-73
8188.572489806563,19.548513746983872,18.90301097477154,18.90301097477154,1.3385240286752953e-73
8190.456260146836,19.058241062045457,18.900631713869466,18.900631713869466,1.1628965840974659e-73
8192.344961270654,18.872370988791772,18.89824456468358,18.89824456468358,1.009976405422703e-73
8194.22959946303,19.066073040324685,18.89586089091929,18.89586089091929,8.774510892051653e-74
8196.119170710557,19.213147355072465,18.893469310971618,18.893469310971618,7.620445500785805e-74
8198.004677154855,19.426341960409786,18.891081209637047,18.891081209637047,6.62021086041343e-74
8199.895118926963,19.866281076120117,18.888685184168764,18.888685184168764,5.7491402116448185e-74
8201.781494023186,18.448940617945258,18.886292640524612,18.886292640524612,4.9941684206144554e-74
8203.668303077522,18.08760634906128,18.88389787284484,18.88389787284484,4.338155133023053e-74
8205.560050869257,18.563819342917668,18.881495154021305,18.881495154021305,3.76687456322973e-74
8207.447729175628,18.554857512299012,18.879095921873205,18.879095921873205,3.2717666910111767e-74
8209.340348494674,18.388839964221233,18.87668872050375,18.87668872050375,2.8406358753141788e-74
8211.228896453547,19.828908557025215,18.87428500906978,18.87428500906978,2.467018397792169e-74
8213.122387701416,19.99729400926924,18.871873310285782,18.871873310285782,2.141706150583252e-74
8215.011805713439,17.84406594903101,18.869465104716987,18.869465104716987,1.85981624512309e-74
8216.901658383591,17.070973329002243,18.867054649189733,18.867054649189733,1.6149396186515885e-74
8218.796457757831,18.218459063738692,18.86463617903429,18.86463617903429,1.4017543988051401e-74
8220.687181082214,19.23638527574792,18.862221207048698,18.862221207048698,1.2170530279221248e-74
8222.58285338963,19.13142761146503,18.85979820217807,18.85979820217807,1.0562723773793572e-74
8224.474447769351,19.316038825298165,18.857378698806464,18.857378698806464,9.169888602434692e-75
8226.370993412098,19.864154540041117,18.854951144241532,18.854951144241532,7.957573479439023e-75
8228.263459248454,19.43119221050779,18.85252709452464,18.85252709452464,6.907467894492471e-75
8230.156360444087,18.828046652632338,18.850100768733814,18.850100768733814,5.995591552700985e-75
8232.05421632335,19.2507237885859,18.847666364201494,18.847666364201494,5.202034792348255e-75
8233.947989577666,19.816917140759756,18.845235469576075,18.845235469576075,4.514774676794811e-75
8235.846719798232,19.48597028175618,18.84279647777182,18.84279647777182,3.9167581036843686e-75
8237.74136551299,18.93400308141418,18.84036099927333,18.84036099927333,3.3989054717762773e-75
8239.640970477667,19.374141950024296,18.837917405106843,18.837917405106843,2.948350347559199e-75
8241.536489054808,19.14548106026894,18.835477327665018,18.835477327665018,2.558237338625951e-75
8243.432443693506,17.761948780383364,18.83303494783995,18.83303494783995,2.2196131411884246e-75
8245.333361008243,18.752652417518224,18.83058442452684,18.83058442452684,1.92504630047722e-75
8247.230189112342,21.36460885060319,18.828137423102337,18.828137423102337,1.670040323583894e-75
8249.131982178787,19.55722796723717,18.825682259570655,18.825682259570655,1.4482383208674973e-75
8251.029684150695,17.894576382805784,18.823230621396743,18.823230621396743,1.2562471954320041e-75
8252.932353372302,17.95965421294955,18.820770802444343,18.820770802444343,1.0892745148884625e-75
8254.83092961461,18.184559332036997,18.818314512339082,18.818314512339082,9.447604090642067e-76
8256.729942621889,18.39051497551634,18.815855893346267,18.815855893346267,8.193711899878565e-76
8258.63392631051,18.84075176936267,18.81338906548115,18.81338906548115,7.103406525453879e-76
8260.533814192178,19.05524684930799,18.810925771733068,18.810925771733068,6.159917977225567e-76
8262.438675045181,19.15527103311797,18.808454250310486,18.808454250310486,5.339616179584223e-76
8264.339438204299,18.67852536486214,18.805986266544995,18.805986266544995,4.6298566953478684e-76
8266.245176625795,17.811156658790765,18.80351003625028,18.80351003625028,4.012839460940493e-76
8268.146815465596,18.145848884665387,18.80103734717308,18.80103734717308,3.4790329269161073e-76
8270.053431859878,19.218632236779175,18.798556392659272,18.798556392659272,3.015031809094408e-76
8271.955946783793,18.142842187371684,18.79607898294382,18.79607898294382,2.6136527971182872e-76
8273.858899378767,17.039785867142996,18.793599209974097,18.793599209974097,2.2655755105691965e-76
8275.766832966983,17.644874854272643,18.791111143119075,18.791111143119075,1.9630692108883528e-76
8277.670662251314,18.901474570139158,18.78862662646989,18.78862662646989,1.7014355356587264e-76
8279.579474823631,18.55119745656225,18.786133796895967,18.786133796895967,1.4740821524718312e-76
8281.484181201211,19.021942214786918,18.783644521159964,18.783644521159964,1.2774703095694763e-76
8283.393873162575,19.005982790397525,18.78114691340676,18.78114691340676,1.1066393845461639e-76
8285.29945703748,19.618475119375603,18.778652863144153,18.778652863144153,9.589246636523116e-77
8287.20547928945,19.577068007856838,18.77615642267274,18.77615642267274,8.308784691599093e-77
8289.116490569517,18.330129257758248,18.77365162145725,18.77365162145725,7.196420289712117e-77
8291.023390925036,18.61571556243473,18.771150383247857,18.771150383247857,6.234746130796284e-77
8292.935282607094,18.736898988306734,18.768640765068945,18.768640765068945,5.3994174555263275e-77
8294.843061470703,18.64997526550792,18.766134713600458,18.766134713600458,4.677334179934537e-77
8296.755833960351,19.49137609460672,18.76362026288363,18.76362026288363,4.050192351675148e-77
8298.664491736778,19.77663572006168,18.76110938260233,18.76110938260233,3.508135678154755e-77
8300.573588597417,18.61581960040337,18.758596084958768,18.758596084958768,3.038447685427916e-77
8302.487682533965,18.35640924863674,18.75607435905983,18.75607435905983,2.630587299239469e-77
8304.397658914624,18.576880269500748,18.753556209220854,18.753556209220854,2.2781238944754965e-77
8306.31263467334,18.55067102444093,18.751029611713776,18.751029611713776,1.9720930940581866e-77
8308.223490979213,18.51794692178487,18.74850659404386,18.74850659404386,1.7076594704892022e-77
8310.139348966355,18.599666665392306,18.745975109239343,18.745975109239343,1.4780885792782381e-77
8312.05108560282,18.54173416293475,18.743447208070126,18.743447208070126,1.2797453451372277e-77
8313.963262031788,18.214672081680195,18.74091686218501,18.74091686218501,1.1079529169811174e-77
8315.880443597456,18.44791896509321,18.738378019876162,18.738378019876162,9.588357137259125e-78
8317.793500965197,18.29983132053087,18.735842766936894,18.735842766936894,8.300250259629814e-78
8319.711565775504,18.35398308320805,18.733298997972554,18.733298997972554,7.182294367779944e-78
8321.625504487867,18.55518627227991,18.730758822228466,18.730758822228466,6.216693046918703e-78
8323.544452949724,18.451058830986767,18.72821011080383,18.72821011080383,5.378740047453367e-78
8325.459273412744,18.321935227348153,18.725664996471224,18.725664996471224,4.655067871761897e-78
8327.374534377697,18.85920186272131,18.723117409867694,18.723117409867694,4.028525610139539e-78
8329.294808553148,18.179290849305062,18.720561258010434,18.720561258010434,3.484905182455386e-78
8331.210951877918,18.066653102177156,18.718008709090235,18.718008709090235,3.0155068276687876e-78
8333.132110722772,18.215186029245274,18.71544757512504,18.71544757512504,2.608280357556819e-78
8335.049136813865,17.89468042077442,18.71289004802166,18.71289004802166,2.25669496054255e-78
8336.971180735687,18.35659027470217,18.710323916027505,18.710323916027505,1.9517128927290482e-78
8338.88908999979,18.4707719452847,18.70776139484122,18.70776139484122,1.6884327122001804e-78
8340.8074404764,18.19553533772853,18.705196373626386,18.705196373626386,1.4605829743550559e-78
8342.730812250327,17.974525400186963,18.70262271766153,18.70262271766153,1.2629699342800578e-78
8344.650046510093,18.366030679976575,18.70005267846126,18.70005267846126,1.0924076345088005e-78
8346.574304380485,18.67179826980987,18.697473984528468,18.697473984528468,9.444970853974264e-79
8348.494422830565,17.504716983680055,18.694898911359715,18.694898911359715,8.16848611359039e-79
8350.419567205647,18.014257500410622,18.692315163421036,18.692315163421036,7.061656490910689e-79
8352.340570253384,18.62310433896755,18.689735040267337,18.689735040267337,6.10656211776958e-79
8354.262015225348,18.381569790972662,18.687152389123593,18.687152389123593,5.280336748258806e-79
8356.188489594499,18.096559856642447,18.684561033062657,18.684561033062657,4.5640494275051476e-79
8358.110819775251,18.282394556986787,18.681973307856012,18.681973307856012,3.946066668772273e-79
8360.038181670228,18.124741661587677,18.67937685755708,18.67937685755708,3.410375931193715e-79
8361.961397467585,18.724957510266222,18.676784042187222,18.676784042187222,2.948258588442034e-79
8363.889647297272,18.494224184175554,18.674182481494725,18.674182481494725,2.5477248659181136e-79
8365.813749119234,18.518319377712604,18.671584559827732,18.671584559827732,2.2022422077659688e-79
8367.73829357829,18.49461536693764,18.66898408200413,18.66898408200413,1.9034973985043104e-79
8369.667875547464,18.079855520397587,18.666374828420572,18.666374828420572,1.644610078343441e-79
8371.59330664324,18.621606192219133,18.66376922004539,18.66376922004539,1.42134462456949e-79
8373.523777569913,19.256348081170586,18.66115481554123,18.66115481554123,1.2278891685142943e-79
8375.450095710883,18.611352210029963,18.658544060396192,18.658544060396192,1.0610719914126458e-79
8377.381456004596,18.408095311457146,18.655924488697522,18.655924488697522,9.16544899846635e-80
8379.30866159942,18.671702554878724,18.653308570530527,18.653308570530527,7.919334112148096e-80
8381.236310545359,18.541646771041087,18.650690067834006,18.650690067834006,6.842238941244933e-80
8383.169005127433,18.33013966155511,18.648062717854494,18.648062717854494,5.909229222349731e-80
8385.097542140325,18.15514987906181,18.645439027704,18.645439027704,5.1049282871715614e-80
8387.031127113878,18.839257784133,18.642806469706244,18.642806469706244,4.4083022462346725e-80
8388.960552602859,18.231245330084562,18.640177575764824,18.640177575764824,3.807846303253095e-80
8390.895028378092,17.876253215768887,18.637539793355824,18.637539793355824,3.2878367508287965e-80
8392.825342752481,18.992260182333897,18.63490567925248,18.63490567925248,2.8396677631736017e-80
8394.756101193156,18.679016424074124,18.632268952039105,18.632268952039105,2.4524460722433103e-80
8396.691913409093,18.380069563464872,18.629623305334707,18.629623305334707,2.1171615960882147e-80
8398.623561349266,18.97886217273242,18.626981333348738,18.626981333348738,1.8282483117872736e-80
8400.560265392973,19.000281509716046,18.624330421110855,18.624330421110855,1.5781156969450501e-80
8402.492803242436,18.72017384446815,18.62168318789594,18.62168318789594,1.3626027200054576e-80
8404.43039952478,19.101448030421693,18.619026993611776,18.619026993611776,1.1760398211510428e-80
8406.363827693514,19.59026418379915,18.616374482677294,18.616374482677294,1.015317046352784e-80
8408.302316625544,19.311084537231526,18.6137129897997,18.6137129897997,8.762006495562608e-81
8410.236635523719,19.102573721242383,18.611055184620728,18.611055184620728,7.563668033201463e-81
8412.171399409415,19.194079276180105,18.608394729276874,18.608394729276874,6.528839581209256e-81
8414.111227554655,19.37704669010873,18.605725260585352,18.605725260585352,5.633283358162061e-81
8416.046882785156,19.352832893287427,18.60305948615504,18.60305948615504,4.861993498287467e-81
8417.987604608305,19.16692536636504,18.600384677361355,18.600384677361355,4.194585877851524e-81
8419.924151594252,19.624596713450387,18.597713567233626,18.597713567233626,3.619854424899018e-81
8421.865767507026,19.32268060921615,18.595033401669887,18.595033401669887,3.122589818301558e-81
8423.803206659251,19.222504529971957,18.59235693919927,18.59235693919927,2.694425579282871e-81
8425.74109151681,18.900311425649765,18.589677797503995,18.589677797503995,2.3248347884767803e-81
8427.68404880308,18.37080186121841,18.58698956866938,18.58698956866938,2.005116615600575e-81
8429.622826443272,19.246002545569016,18.584305049608105,18.584305049608105,1.7298752185188292e-81
8431.566678849042,18.730296738816833,18.581611422192033,18.581611422192033,1.4918028571010892e-81
8433.506349683175,18.683816735947175,18.57892150903272,18.57892150903272,1.286873371472927e-81
8435.451097620828,18.87599359085982,18.576222466245838,18.576222466245838,1.1096386850345162e-81
8437.391662060394,19.00223742352648,18.57352714222173,18.57352714222173,9.570953521920737e-82
8439.332672924258,18.974095153009333,18.57082910970142,18.57082910970142,8.2547414462058e-82
8441.278764399185,18.569042048943402,18.568121915549384,18.568121915549384,7.116606546445279e-82
8443.220669485832,18.39033603021028,18.565418446958923,18.565418446958923,6.137202621606719e-82
8445.167657524178,18.910093075461305,18.562705795320163,18.562705795320163,5.290406704106039e-82
8447.11045724558,18.687693190658706,18.5599968738057,18.5599968738057,4.5617954170205177e-82
8449.05834226039,18.216711225865538,18.557278747768656,18.557278747768656,3.9319095614426786e-82
8451.002037028704,18.36788255581837,18.554564356441432,18.554564356441432,3.3899984757259844e-82
8452.946178941444,18.509139067359797,18.55184722713341,18.55184722713341,2.922605083311278e-82
8454.895409660789,19.357635285919855,18.549120860995707,18.549120860995707,2.518613674570944e-82
8456.840447238787,18.761266761321625,18.546398236486198,18.546398236486198,2.171108000974087e-82
8458.7905759678,19.13002517964776,18.543666353527925,18.543666353527925,1.8707767624313584e-82
8460.736509623688,19.816500988885196,18.540938216840555,18.540938216840555,1.6124678935378686e-82
8462.68753677608,19.29736192916789,18.538200800027212,18.538200800027212,1.3892510452002283e-82
8464.63436692268,19.02945583688211,18.53546713415045,18.53546713415045,1.1972892409169085e-82
8466.581644934999,19.25367846689528,18.532730700593916,18.532730700593916,1.0317918117013757e-82
8468.534019962686,18.423825852315534,18.529984954299323,18.529984954299323,8.888028518478439e-83
8470.482195085062,17.985384883353618,18.527242965980218,18.527242965980218,7.65856980210191e-83
8472.435469570997,18.50564339161349,18.52449164310005,18.52449164310005,6.596448174053027e-83
8474.384542216729,18.870891568877713,18.521744082918698,18.521744082918698,5.683313704509311e-83
8476.338716575294,18.081686588645653,18.518987166294743,18.518987166294743,4.8945551421963205e-83
8478.288687157868,18.4229789832508,18.516234017116098,18.516234017116098,4.21651779999305e-83
8480.239106328612,18.416707574501178,18.513478070343087,18.513478070343087,3.632196201379937e-83
8482.19463073673,18.34428674453079,18.510712734208283,18.510712734208283,3.1275524603101622e-83
8484.145948464662,18.691619583595184,18.50795117267922,18.50795117267922,2.69382391031083e-83
8486.10237378195,19.25534931667164,18.505180199760034,18.505180199760034,2.3192823548022958e-83
8488.054590481033,19.229391843495932,18.502413006251217,18.502413006251217,1.9974111163960527e-83
8490.011917122538,18.369890488613123,18.499636379265013,18.499636379265013,1.7194953287223843e-83
8491.965033206929,18.603682530981814,18.49686353651714,18.49686353651714,1.4806897753512921e-83
8493.918598603108,18.530464770171648,18.49408786604332,18.49408786604332,1.2749753961020821e-83
8495.877277471933,18.00532271966381,18.491302728863708,18.491302728863708,1.0973850718476313e-83
8497.831742874763,17.728198863356514,18.48852138320537,18.48852138320537,9.448133323700197e-84
8499.791324106016,17.528167141811537,18.485730548606174,18.485730548606174,8.131157516685465e-84
8501.746689930133,17.595286196900023,18.482943510414813,18.482943510414813,6.999847487474244e-84
8503.707173939527,17.325804969769028,18.48014696098819,18.48014696098819,6.023432615907499e-84
8505.663440599752,17.745404662610216,18.47735421287951,18.47735421287951,5.18477003050902e-84
8507.620157296551,18.175609985974575,18.47455860669504,18.47455860669504,4.462616731771008e-84
8509.581995714549,18.24441445615503,18.47175345573554,18.47175345573554,3.8394478597220615e-84
8511.539613869802,19.175387814734222,18.468952113500443,18.468952113500443,3.304289603363263e-84
8513.502356105828,18.344401186296295,18.466141204047098,18.466141204047098,2.8425388296719294e-84
8515.460876134837,18.302336554815724,18.463334108287327,18.463334108287327,2.4460479940749322e-84
8517.424522605283,18.507441167711594,18.460517422806326,18.460517422806326,2.103983808978996e-84
8519.383944923542,18.18081188440658,18.457704556011812,18.457704556011812,1.810298535146174e-84
8521.343818004329,17.689201271191454,18.454888800572075,18.454888800572075,1.5575164994641627e-84
8523.308821068176,17.94726537164388,18.452063421557845,18.452063421557845,1.3394724377297637e-84
8525.269597061562,18.16809844463876,18.44924186876109,18.44924186876109,1.1522997722145872e-84
8527.235505401388,17.693676984602348,18.446410669737027,18.446410669737027,9.90867807708802e-85
8529.197184723345,17.834228118716396,18.443583301982898,18.443583301982898,8.523081704667407e-85
8531.163998756212,18.69665710203674,18.440746265288475,18.440746265288475,7.328178035556108e-85
8533.126581822904,18.816619122156908,18.437913064940375,18.437913064940375,6.30269343072171e-85
8535.08961637925,17.201265279028693,18.4350769451567,18.4350769451567,5.42039584732749e-85
8537.057789193841,16.82259308267084,18.432231122263815,18.432231122263815,4.6596582983157453e-85
8539.021728119278,16.110349149360616,18.42938914337377,18.42938914337377,4.006896544708815e-85
8540.990807670152,15.237106459579822,18.426537438510664,18.426537438510664,3.444136164215795e-85
8542.95565138132,13.822260831892947,18.423689582786828,18.423689582786828,2.961308209451191e-85
8544.925638086212,13.896961133756236,18.42083197816551,18.42083197816551,2.5451003546127037e-85
8546.891386999945,18.427452615902325,18.417978227844017,18.417978227844017,2.1880510352563092e-85
8548.857588131634,16.66635198250617,18.415121527074287,18.415121527074287,1.880981971332994e-85
8550.828935810105,15.144478334960468,18.41225504292036,18.41225504292036,1.6163285348456046e-85
8552.796042769722,16.037205255508184,18.409392420849297,18.409392420849297,1.389332080658368e-85
8554.768298647132,17.43060241558021,18.406519992317698,18.406519992317698,1.193713727943166e-85
8556.736311851993,17.59333860612708,18.403651431090033,18.403651431090033,1.0259491847322793e-85
8558.709476346752,17.55470098533351,18.40077304026451,18.40077304026451,8.813919757470611e-86
8560.678396214364,18.400007399775063,18.397898521988317,18.397898521988317,7.57432599688536e-86
8562.65246974507,18.573663415510396,18.39501415091583,18.39501415091583,6.506333972576365e-86
8564.622296693131,17.354962650860102,18.39213365766242,18.39213365766242,5.590626659926183e-86
8566.592576797295,16.49669934780411,18.389250173757127,18.389250173757127,4.803516422573462e-86
8568.56801412498,17.383061225430428,18.38635680215697,18.38635680215697,4.125488159423498e-86
8570.539201936252,18.513733384054945,18.383467316323173,18.383467316323173,3.544242035034064e-86
8572.51554934698,18.48325650152151,18.380567919442825,18.380567919442825,3.0436068612380235e-86
8574.48764528354,17.336771612043382,18.37767241365974,18.37767241365974,2.614482985915009e-86
8576.464903196582,17.74914586796251,18.374766973416918,18.374766973416918,2.2449161260066746e-86
8578.437907676807,18.44625643835434,18.371865429626816,18.371865429626816,1.9281757808906064e-86
8580.41136604412,17.854374030963868,18.36896086365911,18.36896086365911,1.6560283865843834e-86
8582.389989954087,18.08310358577853,18.366046328010274,18.366046328010274,1.4216928616984666e-86
8584.364357492734,18.423642745490724,18.363135696890332,18.363135696890332,1.2208889825489162e-86
8586.343892953797,17.23183059383547,18.36021507252176,18.36021507252176,1.0480048628508012e-86
8588.319170082632,17.664818932860953,18.357298358099207,18.357298358099207,8.998765363385432e-87
8590.299617514744,17.9331869537275,18.354371626798564,18.354371626798564,7.723589233956126e-87
8592.275804652818,16.253708268248264,18.35144881088582,18.35144881088582,6.631137558232444e-87
8594.252446410144,16.84848189078724,18.348522941043043,18.348522941043043,5.692873784005502e-87
8596.234262042673,20.05714913338727,18.34558701877576,18.34558701877576,4.885302965086675e-87
8598.211814437922,14.472433632353104,18.342655020102473,18.342655020102473,4.193573492526757e-87
8600.194543091971,13.17461823483012,18.339712945219894,18.339712945219894,3.5982664741198946e-87
8602.173006544672,16.68706594206242,18.336774799435332,18.336774799435332,3.0884126124630533e-87
8604.156648640872,18.003710131149887,18.333826553594296,18.333826553594296,2.649680432826252e-87
8606.136023570745,18.377574732976885,18.330882242380284,18.330882242380284,2.273970005910735e-87
8608.11585385322,18.003803765321663,18.327934845255726,18.327934845255726,1.9514193846295539e-87
8610.100866356886,17.723032337833846,18.324977312201007,18.324977312201007,1.6739115355622406e-87
8612.081608746234,17.75266443206192,18.322023722110394,18.322023722110394,1.4363081457685361e-87
8614.06753574422,17.944304451056382,18.31905997208604,18.31905997208604,1.2319090005202637e-87
8616.049190660646,18.0290246496794,18.31610017061743,18.31610017061743,1.0569221217264665e-87
8618.036032574257,18.12495181828433,18.313130185148687,18.313130185148687,9.064067059464382e-88
8620.018600438165,19.25635224268933,18.31016415385247,18.31016415385247,7.775650076504884e-88
8622.001624389204,17.518693444387168,18.307195004435762,18.307195004435762,6.669986510306722e-88
8623.989838920887,17.233543058799288,18.30421563481574,18.30421563481574,5.719114399567246e-88
8625.97377645012,18.202237463668325,18.301240227837386,18.301240227837386,4.9053078674264544e-88
8627.962906951294,17.837367984609955,18.298254576431862,18.298254576431862,4.2055152808338847e-88
8629.947758479608,17.29526982597315,18.295272893347935,18.295272893347935,3.6066661158522086e-88
8631.937805372261,18.112234216997763,18.29228094154974,18.29228094154974,3.0917758639551404e-88
8633.92357132073,16.586908589652584,18.289292963778458,18.289292963778458,2.651208999822682e-88
8635.909794092051,17.474591749480624,18.28630183544587,18.28630183544587,2.2732886186135164e-88
8637.901215816948,18.588349415163634,18.283300401864118,18.283300401864118,1.948409985515882e-88
8639.888353640154,17.129192976253254,18.280302950911484,18.280302950911484,1.670475834234259e-88
8641.880692812096,17.563257067874478,18.277295170264015,18.277295170264015,1.4315782240412072e-88
8643.868746108757,17.821991172844946,18.274291378014635,18.274291378014635,1.2272249406240436e-88
8645.86200315041,17.529575815906924,18.271277231561115,18.271277231561115,1.0515941860175507e-88
8647.850972342281,17.867002159597405,18.2682670793002,18.2682670793002,9.013770657710364e-89
8649.840399093902,17.32419134087542,18.265253743804962,18.265253743804962,7.725729192425034e-89
8651.835033185547,15.536723324707113,18.26223001723667,18.26223001723667,6.618920894678588e-89
8653.825376465127,16.582764757361648,18.25921029359737,18.25921029359737,5.672433407593968e-89
8655.82092948375,20.67184706730052,18.256180154216064,18.256180154216064,4.859216320191399e-89
8657.812189713537,16.988309961019244,18.25315402362243,18.25315402362243,4.163875034349615e-89
8659.808662082492,15.117829009293304,18.250117452553745,18.250117452553745,3.566511522050252e-89
8661.800839684924,16.217655990975405,18.247084896157197,18.247084896157197,3.0557957579126974e-89
8663.793475585193,15.913105645375198,18.24404912361967,18.24404912361967,2.6180604221284866e-89
8665.791327225457,15.641863055435126,18.24100287340192,18.24100287340192,2.2420707658167654e-89
8667.784881132144,15.143524306788038,18.237960646727906,18.237960646727906,1.9206750557691986e-89
8669.78365318171,14.698019159755463,18.234907917479887,18.234907917479887,1.6446468743327765e-89
8671.778125517734,16.55332305261618,18.231859217724736,18.231859217724736,1.4087258455382699e-89
8673.777818400638,18.039838356139853,18.228799990437295,18.228799990437295,1.206130688524291e-89
8675.773209589124,17.025142523056903,18.225744798617818,18.225744798617818,1.032993109714306e-89
8677.769059814727,16.9144325994879,18.22268635751569,18.22268635751569,8.84657433595269e-90
8679.77013419385,16.985620579529893,18.21961735133752,18.21961735133752,7.5729784767114515e-90
8681.766903906706,17.48285444495002,18.216552389635236,18.216552389635236,6.4847564141006134e-90
8683.768900179846,17.685098013708284,18.213476837736792,18.213476837736792,5.5505289994724245e-90
8685.766589803565,16.00793105189223,18.210405336354526,18.210405336354526,4.752373432208287e-90
8687.769508395437,15.579025162756183,18.207323219591036,18.207323219591036,4.06724548040516e-90
8689.768118353817,20.968546707787144,18.204245159410195,18.204245159410195,3.4819762693662357e-90
8691.76718808979,15.21116667285878,18.201163816568574,18.201163816568574,2.9807522341295506e-90
8693.771490406376,15.177604024175482,18.1980718204611,18.1980718204611,2.550582703720575e-90
8695.771481112832,17.483790786667782,18.194983890081584,18.194983890081584,2.183175856548788e-90
8697.776706810544,17.76283102235743,18.19188528108822,18.19188528108822,1.8678903106997204e-90
8699.777618911769,17.13075562654223,18.188790743955003,18.188790743955003,1.598637209630177e-90
8701.783768416008,17.703812363507268,18.185685502794527,18.185685502794527,1.3676081618977651e-90
8703.78560233649,16.29780372087669,18.182584339652788,18.182584339652788,1.1703330522922464e-90
8705.787896776232,17.527877916258717,18.17947986023426,18.17947986023426,1.0014560772342779e-90
8707.795432237273,17.63546566038883,18.176364638560663,18.176364638560663,8.565789138287109e-91
8709.798649133118,17.477658788796134,18.173253504189603,18.173253504189603,7.328904348157313e-91
8711.807109464793,18.53399373806792,18.170131601986036,18.170131601986036,6.26792287274507e-91
8713.811249241711,17.492496683883587,18.167013793309806,18.167013793309806,5.362219116037379e-91
8715.82063487011,17.386421651817503,18.16388519115779,18.16388519115779,4.5854109529417986e-91
8717.82569795327,17.437685320485233,18.160760688784517,18.160760688784517,3.9223687050415505e-91
8719.836009304676,17.813695185225583,18.157625367226203,18.157625367226203,3.353754280068372e-91
8721.84199611945,17.47308944121346,18.154494151724712,18.154494151724712,2.868472096191097e-91
8723.848444408855,16.683760655798725,18.15135957637238,18.15135957637238,2.453266161718413e-91
8725.86014459229,18.101125042706375,18.14821414316252,18.14821414316252,2.0972548121180524e-91
8727.867517251472,18.898736290804553,18.14507282547295,18.14507282547295,1.793471488962368e-91
8729.88014422423,16.318177476275483,18.141920624051128,18.141920624051128,1.5330281347358697e-91
8731.88844167904,15.975310987204809,18.138772544494586,18.138772544494586,1.3108187386986827e-91
8733.901995868091,17.428262601665498,18.135613555264634,18.135613555264634,1.1203337175323562e-91
8735.911218544588,17.6007731593661,18.13245869427181,18.13245869427181,9.578316003905701e-92
8737.920903440125,17.695570475631598,18.12930043926305,18.12930043926305,8.188522841316361e-92
8739.93584870153,17.783617808491726,18.126131235559882,18.126131235559882,6.99735707534708e-92
8741.946459457944,17.44587935089533,18.122966169698316,18.122966169698316,5.98135637334785e-92
8743.962333003677,17.043979637658882,18.119790129034605,18.119790129034605,5.110663276367617e-92
8745.973870047514,17.097313661902547,18.11661823265179,18.11661823265179,4.368095737159918e-92
8747.990672305235,17.516040476186845,18.113435335292223,18.113435335292223,3.731804247554219e-92
8750.003136063233,17.524340625324953,18.11025658867993,18.11025658867993,3.189208946558419e-92
8752.016062785875,17.30473415998034,18.107074413644007,18.107074413644007,2.725346600477999e-92
8754.034258359896,17.570726994022834,18.103881198259426,18.103881198259426,2.3279419944959453e-92
8756.048112436923,17.59873193442138,18.100692143368722,18.100692143368722,1.989116233262646e-92
8758.06723779269,18.275827680406227,18.097492021787055,18.097492021787055,1.698868216987512e-92
8760.082019651336,19.148144432266122,18.094296067233593,18.094296067233593,1.4514328122019399e-92
8762.102075217195,17.378893464406705,18.09108901957953,18.09108901957953,1.2394972966671545e-92
8764.117785284889,16.999603282515128,18.087886145515323,18.087886145515323,1.058844213791905e-92
8766.133959064035,17.60715692912186,18.084679808375725,18.084679808375725,9.04467989105971e-93
8768.155410193758,15.85592949894965,18.08146233841036,18.08146233841036,7.722635804690344e-93
8770.172512823206,15.579976069789554,18.078249051924697,18.078249051924697,6.5959282973426025e-93
8772.194895234505,18.808308569221936,18.075024606034773,18.075024606034773,5.631153895403748e-93
8774.21292714218,18.576305979913858,18.071804350254702,18.071804350254702,4.809024687303422e-93
8776.236241264098,17.022118139308535,18.068572908424095,18.068572908424095,4.105136423929771e-93
8778.255202878116,17.64021603403694,18.065345663361008,18.065345663361008,3.5053908030997613e-93
8780.2746289516,18.046509270689057,18.06211492032525,18.06211492032525,2.9930911365499626e-93
8782.299340888567,17.545680893452413,18.058872951158143,18.058872951158143,2.554548984878365e-93
8784.319697310686,17.235109870607005,18.055635188792774,18.055635188792774,2.1809563384322497e-93
8786.345342031482,17.565558387740797,18.052386173479796,18.052386173479796,1.8611885953013346e-93
8788.366629230846,18.537250126486356,18.049141371695256,18.049141371695256,1.588811437240152e-93
8790.393207165205,16.74643728962627,18.045885290078616,18.045885290078616,1.3557040270326136e-93
8792.415425570623,16.890791011494116,18.042633428744857,18.042633428744857,1.1571671581520848e-93
8794.43810918473,18.058654663148104,18.03937803429416,18.03937803429416,9.876474846985125e-94
8796.466087188955,17.813738881172412,18.03611131957249,18.03611131957249,8.425936791540078e-94
8798.489702652445,18.40167616879205,18.03284883531342,18.03284883531342,7.19073523166071e-94
8800.518614945175,17.76555473637643,18.02957500372775,18.02957500372775,6.133927663617317e-94
8802.543162687347,18.708043017324712,18.0263054094287,18.0263054094287,5.234111737018497e-94
8804.57300969901,17.948967432810836,18.023024440678718,18.023024440678718,4.464342018823931e-94
8806.598490149368,16.530593877607373,18.01974771606733,18.01974771606733,3.809000564369053e-94
8808.624436558843,16.624429883042637,18.016467422946278,18.016467422946278,3.249670024597177e-94
8810.655685898828,16.424438736305433,18.01317571457495,18.01317571457495,2.771261064330459e-94
8812.682565660853,16.81135594167802,18.00988826066859,18.00988826066859,2.364040464256883e-94
8814.714750796446,17.56513183206937,18.00658936421533,18.00658936421533,2.015775668831496e-94
8816.742564341017,17.388707365988523,18.003294729149157,18.003294729149157,1.7193682512284663e-94
8818.775685703338,17.450610997709077,17.999988624170292,17.999988624170292,1.465903268687061e-94
8820.804433460647,18.549992696885397,17.996686787528787,17.996686787528787,1.2502050704215829e-94
8822.83364792871,18.586811733987137,17.993381346734935,17.993381346734935,1.0661832320972396e-94
8824.868173881456,17.863192289185804,17.99006439486611,17.99006439486611,9.088494829474748e-95
8826.898323207663,17.480014208406146,17.98675172180885,17.98675172180885,7.74982320314703e-95
8828.93378646555,17.782702274367697,17.983427510137407,17.983427510137407,6.605428998761491e-95
8830.964871080589,18.094849472438,17.98010758429848,17.98010758429848,5.6318372725120035e-95
8833.001272075433,18.080196764934726,17.9767760922365,17.9767760922365,4.799637619464234e-95
8835.033292410191,18.30595499536503,17.97344889305637,17.97344889305637,4.0917280005709205e-95
8837.065780208557,17.769762031828236,17.970118053829736,17.970118053829736,3.488025995380771e-95
8839.103588059574,17.763070309685308,17.966775606852423,17.966775606852423,2.9720887248275184e-95
8841.137012224104,17.928661302091655,17.963437463380135,17.963437463380135,2.5332844974070545e-95
8843.17575889223,17.99789024718416,17.960087684373697,17.960087684373697,2.1583165448762796e-95
8845.21011985431,18.024203530212617,17.95674221599286,17.95674221599286,1.8394440122639827e-95
8847.249805772059,18.018735294580893,17.953385084224287,17.953385084224287,1.5669923105596356e-95
8849.28510396327,18.236006107529533,17.950032270230516,17.950032270230516,1.3353267142136081e-95
8851.320870372154,17.747705982476536,17.946675780043094,17.946675780043094,1.1378443545400034e-95
8853.361965415479,17.415606382780428,17.94330758457253,17.94330758457253,9.691407545989566e-96
8855.398669700982,17.788563773520877,17.93994371765004,17.93994371765004,8.2571736323728e-96
8857.440705075824,18.390065531491814,17.936568117415014,17.936568117415014,7.032091811631955e-96
8859.478347670027,18.26512425419253,17.93319685294905,17.93319685294905,5.9907104702710036e-96
8861.521323809597,17.65738229886256,17.92981382707061,17.92981382707061,5.1012964612702225e-96
8863.559905144777,17.25863701683528,17.92643514421106,17.92643514421106,4.3453383664711836e-96
8865.598955452915,17.455946064740942,17.92305274875627,17.92305274875627,3.701189201779918e-96
8867.643342991121,17.469171371314474,17.919658549623293,17.919658549623293,3.151136564960725e-96
8869.68333268877,16.967532538302123,17.916268704433783,17.916268704433783,2.683701135458047e-96
8871.728662075346,17.019200914667866,17.912867027289174,17.912867027289174,2.284594915608028e-96
8873.76959159528,17.006487474900045,17.909469711410196,17.909469711410196,1.94547372223879e-96
8875.815863264135,17.04494511000786,17.906060535228146,17.906060535228146,1.6559588571234736e-96
8877.857733039333,16.90740483470626,17.902655727662953,17.902655727662953,1.4099864658645505e-96
8879.904947424575,16.936297218977302,17.899239031375558,17.899239031375558,1.2000193100490617e-96
8881.94775788821,17.096120346402248,17.895826711085384,17.895826711085384,1.0216517295419203e-96
8883.991038297707,16.720901170223556,17.892410631019747,17.892410631019747,8.697454471600718e-97
8886.039667009596,17.415923698584777,17.88898261948642,17.88898261948642,7.400978810775784e-97
8888.08388875741,17.000303458044073,17.88555899507118,17.88555899507118,6.299813441230578e-97
8890.133461271575,17.244010318824166,17.88212341059061,17.88212341059061,5.360111239242007e-97
8892.178624791377,18.075508814067803,17.878692220681543,17.878692220681543,4.562066053713127e-97
8894.229141542628,18.00670226312798,17.875249042037815,17.875249042037815,3.8811175831804723e-97
8896.275247268295,17.130276011506798,17.871810265448403,17.871810265448403,3.302887680797358e-97
8898.321823697896,17.386595395225132,17.86836769209453,17.86836769209453,2.810641531774733e-97
8900.373757057247,17.387961413753377,17.864913086884535,17.864913086884535,2.3906962313535537e-97
8902.421276343639,17.17967323901712,17.86146289500371,17.86146289500371,2.03416084088098e-97
8904.474155027714,17.26546190757807,17.858000642417757,17.858000642417757,1.7300288456128142e-97
8906.52261760527,17.368595786270706,17.854542810717394,17.854542810717394,1.4718497398900796e-97
8908.576442049583,16.56746181255437,17.851072889390743,17.851072889390743,1.2516434977139656e-97
8910.625848352876,16.028535771581407,17.8476073965357,17.8476073965357,1.0647312896360069e-97
8912.675726119398,16.842528838221654,17.844138069667697,17.844138069667697,9.056784538198431e-98
8914.730969456945,17.253683769148328,17.840656609673424,17.840656609673424,7.700428882709286e-98
8916.78179160118,16.907001167387932,17.83717958958082,17.83717958958082,6.549349573542608e-98
8918.83798178836,16.767717215731924,17.833690407259894,17.833690407259894,5.5678582121833644e-98
8920.889748745385,17.273109738652806,17.83020567250086,17.83020567250086,4.735007410540313e-98
8922.946886218408,17.433159668849385,17.826708746338802,17.826708746338802,4.024943384700653e-98
8924.999598423497,15.935811932030903,17.82321627542869,17.82321627542869,3.422484658936929e-98
8927.052782852334,16.516053531110234,17.81971993299605,17.81971993299605,2.9100328648507445e-98
8929.111341507409,17.942864565570407,17.816211355279364,17.816211355279364,2.47320840012295e-98
8931.165471837337,17.675755404124402,17.812707244401082,17.812707244401082,2.1026468407083017e-98
8933.22497886941,17.392225930087932,17.809190868881945,17.809190868881945,1.7868095761919897e-98
8935.280055536206,17.160912072132252,17.805678967966045,17.805678967966045,1.518913813926105e-98
8937.340511382194,17.061020016542443,17.802154772979364,17.802154772979364,1.2906075028515914e-98
8939.396534821837,17.513707944929934,17.798635060390783,17.798635060390783,1.0969789259942871e-98
8941.453031246972,17.451351748045795,17.79511143850751,17.79511143850751,9.323458302013982e-99
8943.514910567523,16.678763712164937,17.79157547828882,17.79157547828882,7.920667686138792e-99
8945.572354419584,17.107250328287368,17.788044012212346,17.788044012212346,6.731157917789122e-99
8947.63518364696,17.061230173239096,17.784500178187177,17.784500178187177,5.717730174346247e-99
8949.69357536243,17.017743342727215,17.780960846174466,17.780960846174466,4.8584851755795495e-99
8951.757354934252,17.26406467765924,17.77740911652621,17.77740911652621,4.126519259023486e-99
8953.81669494981,17.41473246384385,17.77386189679092,17.77386189679092,3.505987311578122e-99
8955.87650871383,17.316252203488492,17.77031072972457,17.77031072972457,2.9785949793596987e-99
8957.941714056427,17.4991592753953,17.766747120371882,17.766747120371882,2.529403724997287e-99
8960.002476775675,17.507536412630202,17.763188032835068,17.763188032835068,2.148663989491395e-99
8962.068633557396,17.354603719868297,17.759616473140504,17.759616473140504,1.824417894413581e-99
8964.13034566905,17.0586978890824,17.75604944323829,17.75604944323829,1.5496153625580264e-99
8966.19745432822,17.09485316394421,17.752469911232797,17.752469911232797,1.3156150969136593e-99
8968.260116269665,17.63821642427968,17.74889491702663,17.74889491702663,1.1173202679015996e-99
8970.32325272378,17.839371755885963,17.745315937187293,17.745315937187293,9.488578494827453e-100
8972.391789453639,17.180522188841223,17.741724410205123,17.741724410205123,8.054336985678297e-100
8974.455876393742,18.480543191299375,17.738137433085264,17.738137433085264,6.839156037001058e-100
8976.52536609749,18.659051537892083,17.73453787869127,17.73453787869127,5.804706572736432e-100
8978.590403961467,17.129138876509558,17.7309428822431,17.7309428822431,4.928357749990935e-100
8980.660847078143,15.825148825547787,17.727335278314882,17.727335278314882,4.182434051698565e-100
8982.726836304084,15.83695713498844,17.72373224044675,17.72373224044675,3.550588113895674e-100
8984.793300808133,16.543649602292025,17.720125178375994,17.720125178375994,3.014020052963413e-100
8986.865174299119,17.149823705434585,17.71650546339429,17.71650546339429,2.5573885691626666e-100
8988.932590822385,16.81212686302564,17.712890326696957,17.712890326696957,2.1706599866483773e-100
8991.005418824509,16.919091419723603,17.70926250669573,17.70926250669573,1.8415838603760077e-100
8993.073787805584,17.980603298314918,17.705639273170267,17.705639273170267,1.562916656324245e-100
8995.147570758587,17.66065949487472,17.702003325872894,17.702003325872894,1.325820214496222e-100
8997.216892636274,17.34543485369204,17.69837197327363,17.69837197327363,1.1250665021932309e-100
8999.286690558738,18.23552129059567,17.69473655763337,17.69473655763337,9.5465488998168e-101
9001.361906193391,18.189472004916183,17.691088382396327,17.691088382396327,8.096902775342546e-101
9003.432657670777,17.335377503263604,17.687444814244245,17.687444814244245,6.869677828773219e-101
9005.508829356291,17.255763488141444,17.683788455839053,17.683788455839053,5.82583272114792e-101
9007.580534827903,17.838993057680117,17.68013671281891,17.68013671281891,4.942249823685645e-101
9009.657663004726,17.007947127600065,17.676472148813787,17.676472148813787,4.1907856884784826e-101
9011.730322910065,16.80504707925968,17.672812208524995,17.672812208524995,3.554768922417286e-101
9013.803459628092,16.64422102581705,17.66914816608629,17.66914816608629,3.0151015691526987e-101
9015.88202279763,16.939842832948557,17.66547125644114,17.66547125644114,2.5562092995596114e-101
9017.95611460876,17.69695209985514,17.66179898306295,17.66179898306295,2.167884902761993e-101
9020.035635371367,17.3464710718597,17.658113811556888,17.658113811556888,1.8377219472287707e-101
9022.110682715609,18.06479706481662,17.654433284727407,17.654433284727407,1.5583637987049804e-101
9024.191161512445,17.543752029513826,17.65073982877254,17.65073982877254,1.3208744791067805e-101
9026.267164830017,16.959950251147635,17.647051025935312,17.647051025935312,1.11995310064262e-101
9028.343645729423,16.80266877129657,17.64335808156712,17.64335808156712,9.495389260670514e-102
9030.425561833763,17.066795164181656,17.639652161452837,17.639652161452837,8.046910625068021e-102
9032.502999366936,17.96785656639713,17.63595090717188,17.63595090717188,6.821680154250718e-102
9034.585874609036,16.937713175730497,17.632236645956525,17.632236645956525,5.780386455790845e-102
9036.664269216697,16.980257422246495,17.628527059094477,17.628527059094477,4.899686445793656e-102
9038.748104038435,17.6514500538907,17.62480443403311,17.62480443403311,4.151288605826393e-102
9040.827456161505,17.888519292271553,17.621086491876753,17.621086491876753,3.5183867740241475e-102
9042.912251004958,17.574430745706422,17.61735548017942,17.61735548017942,2.980624972879427e-102
9044.992561084566,17.36375281883051,17.61362915997056,17.61362915997056,2.525906242779106e-102
9047.073349736773,17.022278357780237,17.609898647193504,17.609898647193504,2.1404336313790676e-102
9049.159584869489,15.354739069582138,17.606155017737557,17.606155017737557,1.812964201897812e-102
9051.241332140042,18.17161284721942,17.602416092699826,17.602416092699826,1.5361124429914407e-102
9053.328528400296,19.77538310291925,17.5986640194491,17.5986640194491,1.3009469490790404e-102
9055.41123473083,16.29919991041584,17.59491665927975,17.59491665927975,1.102154818568981e-102
9057.499392561409,17.331206621100822,17.59115611928606,17.59115611928606,9.333151183966415e-103
9059.583058393762,18.001589837349,17.587400301068918,17.587400301068918,7.906068193517798e-103
9061.667203570702,19.25825821827482,17.583640250274385,17.583640250274385,6.696802031185153e-103
9063.75680401388,19.90772356054822,17.579866972112264,17.579866972112264,5.669919122409363e-103
9065.841909355515,21.660588548346823,17.576098428824388,17.576098428824388,4.80211998501398e-103
9067.932472476625,25.379359153087762,17.57231662636387,17.57231662636387,4.065289962669093e-103
9070.018538425302,27.386297344861763,17.568539567553064,17.568539567553064,3.442682002733938e-103
9072.110064667853,27.330626627842435,17.564749217686785,17.564749217686785,2.9141006455346635e-103
9074.197091666123,24.98456211197038,17.560963620277953,17.560963620277953,2.4675113954414353e-103
9076.28459878221,21.98363476401187,17.557173750005035,17.557173750005035,2.0892405014366588e-103
9078.37756996444,20.070226706045332,17.553370540725382,17.553370540725382,1.7681527487239096e-103
9080.466038794068,19.241766119485987,17.549572097170103,17.549572097170103,1.496918956847157e-103
9082.559974207128,18.006494187190697,17.54576028253026,17.54576028253026,1.2667145227234912e-103
9084.649405193355,18.11022420344364,17.541953242503435,17.541953242503435,1.072275778582859e-103
9086.744305281467,17.616258170618494,17.53813279923596,17.53813279923596,9.072690055461551e-104
9088.834698867558,18.56535702409417,17.53431713950264,17.53431713950264,7.679148378609179e-104
9090.925573345949,19.375931403084905,17.5304971663394,17.5304971663394,6.49927170631384e-104
9093.021920704576,17.846005216766457,17.5266637415735,17.5266637415735,5.4981676503983194e-104
9095.113758447846,16.255307331826263,17.522835113779234,17.522835113779234,4.652847845536677e-104
9097.211071592708,17.118837036854814,17.518993002029895,17.518993002029895,3.935693349729563e-104
9099.303873044633,17.43257393508594,17.515155696254865,17.515155696254865,3.3302080315093176e-104
9101.402152420666,17.60509489658341,17.511304874093582,17.511304874093582,2.8165851379126755e-104
9103.49591802523,17.953867621133785,17.50745886694203,17.50745886694203,2.3829900703372413e-104
9105.59016529782,17.93039249388983,17.503608505513927,17.503608505513927,2.016026476955113e-104
9107.689894278963,17.383521073251814,17.49974457892411,17.49974457892411,1.704792229595825e-104
9109.785106370276,17.53310686456257,17.495885480953312,17.495885480953312,1.4420977340264232e-104
9111.885802695564,16.3030815670258,17.492012785192003,17.492012785192003,1.2193237621833214e-104
9113.981980050097,17.84432812471198,17.488144927167305,17.488144927167305,1.031315424267827e-104
9116.083644165186,17.03538818220858,17.48426343864398,17.48426343864398,8.718965783225728e-105
9118.180787227631,14.832365469419813,17.480386797007853,17.480386797007853,7.373720766461082e-105
9120.278412735084,23.211359782062004,17.476505759966066,17.476505759966066,6.235668955505808e-105
9122.381528793645,17.972257372470608,17.47261104323401,17.47261104323401,5.270844664189339e-105
9124.480120676173,16.4009927396927,17.468721187171568,17.468721187171568,4.456827440316821e-105
9126.584205639303,15.98869755262973,17.46481761851181,17.46481761851181,3.766796022211754e-105
9128.683764342117,16.69895227997955,17.460918919755038,17.460918919755038,3.18468838171845e-105
9130.788818656192,19.027031752212793,17.457006475414087,17.457006475414087,2.691301444744493e-105
9132.889344624706,17.77027597939332,17.453098910242744,17.453098910242744,2.27513108035138e-105
9134.990353816456,20.132420603698392,17.44918690825251,17.44918690825251,1.9232031055097578e-105
9137.096862416138,18.411486949234813,17.445261111067488,17.445261111067488,1.6249659267286895e-105
9139.198839541827,16.839204825123602,17.441340207008935,17.441340207008935,1.3734480134954126e-105
9141.30631860902,17.800372082961534,17.437405474568497,17.437405474568497,1.1603271388930307e-105
9143.409264114574,19.05081067032518,17.433475644604563,17.433475644604563,9.806130198482216e-106
9145.517714096377,18.172751022596344,17.429531952991262,17.429531952991262,8.283521370051096e-106
9147.621628427929,17.54063505197337,17.425593173238003,17.425593173238003,6.999732452864264e-106
9149.726026762208,18.76338289360376,17.421649914966792,17.421649914966792,5.914561248564376e-106
9151.835933375525,18.386517836761186,17.417692745013884,17.417692745013884,4.995323073432547e-106
9153.941301205119,17.713460844718952,17.413740501053653,17.413740501053653,4.220402901710099e-106
9156.052179851411,18.70613288022048,17.409774311942712,17.409774311942712,3.564052381110088e-106
9158.158517622966,18.646005176624616,17.40581305829201,17.40581305829201,3.010812067922889e-106
9160.27036875005,18.14741361571373,17.401837825940667,17.401837825940667,2.542277364509245e-106
9162.377676910419,18.46180387238792,17.39786753855089,17.39786753855089,2.147394017896434e-106
9164.48546985426,18.125784122033455,17.39389273065659,17.39389273065659,1.8137406919149546e-106
9166.598779962555,17.892160621173957,17.389903893604817,17.389903893604817,1.5312220889154167e-106
9168.712577395492,18.70710667560695,17.385910502336312,17.385910502336312,1.2926343799628455e-106
9170.816793087046,18.573253505913954,17.381931599460763,17.381931599460763,1.0920391976599913e-106
9172.931563184493,16.358767889740424,17.377929103300126,17.377929103300126,9.217749937716597e-107
9175.046820943255,17.950274149696952,17.37392203472215,17.37392203472215,7.780117313650396e-107
9177.162566475787,12.338154007343293,17.369910387638367,17.369910387638367,6.566317787483387e-107
9179.268721436289,12.43651358365503,17.365913291740505,17.365913291740505,5.546041832635595e-107
9181.385440529746,23.13071579105031,17.361892491230833,17.361892491230833,4.6802394247200766e-107
9183.502647733954,17.863096574254655,17.35786709394325,17.35786709394325,3.949367323265533e-107
9185.610257740445,16.852240782594208,17.35385629515915,17.35385629515915,3.3351305751249827e-107
9187.728439178169,17.07297710027825,17.34982170793485,17.34982170793485,2.8139830533352145e-107
9189.847109063856,17.57992395045062,17.34578250560675,17.34578250560675,2.3741307975533473e-107
9191.966267510135,18.972110108567676,17.341738682044532,17.341738682044532,2.0029141477048586e-107
9194.075819913818,19.624594632691014,17.337709520424383,17.337709520424383,1.691010742962785e-107
9196.195953491482,17.0141488309107,17.333656458057774,17.333656458057774,1.426439107539638e-107
9198.316575967267,17.88343807788317,17.329598756059248,17.329598756059248,1.2031911690565136e-107
9200.427585764075,17.613263957881035,17.325555763806115,17.325555763806115,1.0156468775672339e-107
9202.549184044916,17.618351414547536,17.321488786241307,17.321488786241307,8.565906197878021e-108
9204.671271561634,17.27311285979187,17.31741715059271,17.31741715059271,7.224011342454403e-108
9206.793848427047,16.897929056522518,17.31334085068785,17.31334085068785,6.0919741581728545e-108
9208.906803754331,19.290220763000434,17.309279324617194,17.309279324617194,5.141204435327332e-108
9211.030357324113,16.139886569037234,17.305193699942507,17.305193699942507,4.335045745044571e-108
9213.154400580657,16.870320500784487,17.301103392487356,17.301103392487356,3.6550811545004526e-108
9215.268815651993,17.69644023304943,17.297027907158924,17.297027907158924,3.0840961897733863e-108
9217.393836287665,17.110018778632877,17.29292823791949,17.29292823791949,2.600042411401584e-108
9219.519346948404,17.05691988019834,17.28882386732098,17.28882386732098,2.1918330833092966e-108
9221.645347747206,17.56052086929924,17.28471478914853,17.28471478914853,1.8476046723086777e-108
9223.761711487357,17.143719797814473,17.280620597846465,17.280620597846465,1.558614318469471e-108
9225.888690566053,17.49848719011789,17.27650210834832,17.27650210834832,1.3136794720720644e-108
9228.016160121426,17.602400313195634,17.27237889262488,17.27237889262488,1.107170979473262e-108
9230.133985960345,17.079949724936515,17.26827061255703,17.26827061255703,9.338311853353031e-109
9232.262434471459,17.29010538120986,17.264137948239387,17.264137948239387,7.869421930587031e-109
9234.3913737981,19.141735693397894,17.26000053899034,17.26000053899034,6.631195283477044e-109
9236.520804053447,18.073736007082175,17.255858378552404,17.255858378552404,5.587471648769045e-109
9238.64058170458,16.16136624804267,17.25173121917323,17.25173121917323,4.711592599690271e-109
9240.770991817886,15.61076506622891,17.247579560259826,17.247579560259826,3.9695422037296666e-109
9242.90189319906,18.771481209082708,17.243423131378226,17.243423131378226,3.3441645952657812e-109
9245.023135307476,21.46714451097614,17.239281752836796,17.239281752836796,2.8194481527637485e-109
9247.155017223546,15.601695036122864,17.23511578795568,17.23511578795568,2.374983034471716e-109
9249.287390746877,17.187741383485164,17.230945034272054,17.230945034272054,2.000467217733924e-109
9251.42025599083,16.98731223689998,17.226769485485523,17.226769485485523,1.6849107237804746e-109
9253.543453059936,16.349840391651412,17.222609053106506,17.222609053106506,1.4202084148913765e-109
9255.677299742461,16.708110742358944,17.218423918097315,17.218423918097315,1.1960427835223696e-109
9257.811638485318,16.978230762617386,17.21423396907725,17.21423396907725,1.0072003704066884e-109
9259.936302374026,16.113203951220104,17.210059186245807,17.210059186245807,8.488190805998167e-110
9262.071623233483,14.091678595863074,17.205859613221982,17.205859613221982,7.147159484221162e-110
9264.207436493214,17.589797153674567,17.201655207223954,17.201655207223954,6.017641916656787e-110
9266.343742266765,17.940879521128753,17.197445961908212,17.197445961908212,5.0663330681792257e-110
9268.470364269713,15.991303703744165,17.19325194951734,17.19325194951734,4.2686614633620626e-110
9270.607653064995,16.71578354254615,17.189033029630796,17.189033029630796,3.5934225400840744e-110
9272.745434714354,17.252423869348096,17.184809251389133,17.184809251389133,3.024818985115874e-110
9274.873525903035,16.91475511719068,17.18060075635669,17.18060075635669,2.548129146769526e-110
9277.012291253246,16.348647076151114,17.176367265504545,17.176367265504545,2.1446761194890488e-110
9279.151549798024,14.064206329863966,17.172128897204182,17.172128897204182,1.804997167933113e-110
9281.291301651096,13.243564196647926,17.167885645068715,17.167885645068715,1.519028289309007e-110
9283.421354112656,15.915141668421484,17.16365774355236,17.16365774355236,1.2793419078106304e-110
9285.562090573172,17.29468097107065,17.159404727893445,17.159404727893445,1.0765275323974144e-110
9287.70332068279,16.57537390006945,17.155146809231802,17.155146809231802,9.05812239810444e-111
9289.834844700028,16.33300808870513,17.150904291980467,17.150904291980467,7.627514094886882e-111
9291.97706009731,17.17733446548209,17.146636571495605,17.146636571495605,6.417195054049003e-111
9294.11976948473,17.09927685837079,17.142363928784416,17.142363928784416,5.398610433277216e-111
9296.262972976205,16.365318120246005,17.138086357416327,17.138086357416327,4.541436724267443e-111
9298.396461430055,18.337187193550793,17.13382425554685,17.13382425554685,3.8232863011716684e-111
9300.540651117244,17.075381417733528,17.129536831094615,17.129536831094615,3.2158610568852036e-111
9302.685335249842,17.250524136040728,17.125244458686925,17.125244458686925,2.704781956797704e-111
9304.82029763314,17.008851217547548,17.12096760707942,17.12096760707942,2.276668943967693e-111
9306.96596864277,17.393359943946113,17.11666534302619,17.11666534302619,1.9146264109418766e-111
9309.112134439398,19.024861520186963,17.11235811166257,17.11235811166257,1.6100625029330011e-111
9311.258795137117,18.050092338329023,17.108045906514107,17.108045906514107,1.3538668497646972e-111
9313.395725125863,17.281950885227843,17.10374929093736,17.10374929093736,1.1393110151702308e-111
9315.543373610133,17.63422552780264,17.099427142532427,17.099427142532427,9.57909968679346e-112
9317.691517337402,16.755597832765037,17.09510000091234,17.09510000091234,8.0534435290104215e-112
9319.829923633197,15.745726240287924,17.090788500679537,17.090788500679537,6.7759786533027505e-112
9321.979055829432,15.267992211330013,17.086451376978392,17.086451376978392,5.696106909908965e-112
9324.128683610805,14.328548081344138,17.08210924057511,17.08210924057511,4.788050949528347e-112
9326.278807091598,22.41106227361354,17.07776208495107,17.07776208495107,4.024518448125086e-112
9328.419184166789,18.41192182794373,17.07343064017386,17.07343064017386,3.3853459267649303e-112
9330.570297027534,13.853580421972367,17.06907345050574,17.06907345050574,2.845164560103055e-112
9332.721905930153,15.219669696035739,17.064711222054047,17.064711222054047,2.391036776658405e-112
9334.863761693825,17.66007272073159,17.0603647567824,17.0603647567824,2.0109415896817313e-112
9337.016360659914,16.59288140943221,17.055992455197305,17.055992455197305,1.6897696276944703e-112
9339.16945601057,15.754439420161534,17.051615095208817,17.051615095208817,1.4198094800798384e-112
9341.323047860256,14.717643841780047,17.04723267025386,17.04723267025386,1.1929086063333183e-112
9343.466877582396,14.986497719960141,17.04286607863137,17.04286607863137,1.0030419367579852e-112
9345.621460408007,15.577848493330864,17.038473528225847,17.038473528225847,8.426463990112689e-113
9347.776540075658,15.728815908865158,17.034075893157766,17.034075893157766,7.078580504417023e-113
9349.921850871555,17.057675195850667,17.029694144276647,17.029694144276647,5.950893313689403e-113
9352.077922199749,16.59547819712947,17.0252863444024,17.0252863444024,4.99841313090324e-113
9354.23449071323,17.493239514979678,17.020873440112112,17.020873440112112,4.198137525845347e-113
9356.391556526649,16.65268763570498,17.01645542479804,17.01645542479804,3.525783998491931e-113
9358.538844465207,13.81540577013925,17.012053366521144,17.012053366521144,2.963400912825699e-113
9360.696902853093,14.269243318080216,17.007625133727515,17.007625133727515,2.488505639161155e-113
9362.855458884476,20.40011237776878,17.00319177007992,17.00319177007992,2.0895914204399474e-113
9365.004230285915,13.563239582129029,16.99877441684896,16.99877441684896,1.7559823804830646e-113
9367.163779577491,14.738471202722112,16.99433079609834,16.99433079609834,1.4743210930778336e-113
9369.323826856364,18.135963196885204,16.989882024605876,16.989882024605876,1.2377659530308084e-113
9371.484372237368,16.927879506934634,16.98542809571886,16.98542809571886,1.0391051905909088e-113
9373.635123970804,14.46783203300015,16.980990248801362,16.980990248801362,8.730055623412737e-114
9375.796663527402,17.559857107059315,16.976526009779597,16.976526009779597,7.328028850752632e-114
9377.958701530246,16.724434299638578,16.972056593398243,16.972056593398243,6.150803580367014e-114
9380.110939119539,16.553363627423952,16.967603312894507,16.967603312894507,5.16670213268475e-114
9382.273971984807,15.392569355739056,16.963123546485498,16.963123546485498,4.33617988554699e-114
9384.437503640676,15.608381556367364,16.9586385826938,16.9586385826938,3.6389466184778024e-114
9386.601534202167,17.37526982195897,16.954148414821496,16.954148414821496,3.053645424186964e-114
9388.755755317934,14.716858355116814,16.949674455087326,16.949674455087326,2.5644774970759575e-114
9390.920781658722,16.388213756004635,16.945173883795217,16.945173883795217,2.1517459440249298e-114
9393.086307249805,16.35061339375841,16.94066808832178,16.94066808832178,1.8053342512773578e-114
9395.242016618267,16.19773896225894,16.936178555426963,16.936178555426963,1.5158700645101954e-114
9397.408538676587,16.382760085688517,16.931662316369803,16.931662316369803,1.2716798306608981e-114
9399.575560330108,15.94854409863308,16.92714083297222,16.92714083297222,1.0667634279317701e-114
9401.743081694038,15.832991207623877,16.92261409849084,16.92261409849084,8.948144352799896e-115
9403.900777788604,16.697256461090717,16.91810369956118,16.91810369956118,7.511662305074159e-115
9406.069296538126,15.93970399243773,16.913566467741337,16.913566467741337,6.300138497391364e-115
9408.23831534328,16.970839905325196,16.909023964600514,16.909023964600514,5.283706268065916e-115
9410.397502091246,17.504429838886608,16.904497851988,16.904497851988,4.434715969464656e-115
9412.567518971044,15.56927784547429,16.89994481107219,16.89994481107219,3.7188062933058766e-115
9414.73803625194,15.87799283095916,16.895386478539514,16.895386478539514,3.1182851967817145e-115
9416.909054049329,15.853889314384618,16.890822847600802,16.890822847600802,2.6145842283997233e-115
9419.07023072819,17.381734741330263,16.886275680881106,16.886275680881106,2.193958961444333e-115
9421.242247520055,16.827470382640687,16.881701458047992,16.881701458047992,1.839350445050563e-115
9423.414765174197,15.920423676089342,16.87712191643441,16.87712191643441,1.5419666900077668e-115
9425.577434911032,16.028362028173778,16.872558894556306,16.872558894556306,1.29367422144171e-115
9427.750952249811,12.088756269678585,16.867968720337586,16.867968720337586,1.0843877740087587e-115
9429.924970796887,7.456558829959448,16.86337320690491,16.86337320690491,9.089057041926177e-116
9432.099490667839,14.710059473866183,16.8587723474231,16.8587723474231,7.617765050544099e-116
9434.264153545533,12.858987845569745,16.854188082090097,16.854188082090097,6.389637572427002e-116
9436.439674022444,10.414460755796995,16.849576535516878,16.849576535516878,5.354687716010116e-116
9438.61569616957,17.21656718345628,16.84495962238203,16.84495962238203,4.4871087893084786e-116
9440.781854513696,13.063276800791472,16.840359359456087,16.840359359456087,3.7630442034847145e-116
9442.958877958054,15.03315146623743,16.835731718243288,16.835731718243288,3.1529780614126166e-116
9445.136403419208,16.78370368999316,16.831098689896926,16.831098689896926,2.6416611319297863e-116
9447.314431012926,16.68163411971972,16.82646026753556,16.82646026753556,2.2131344162128704e-116
9449.48258571305,15.656175558780944,16.821838570524125,16.821838570524125,1.8555780728216277e-116
9451.661615526806,16.058808739696307,16.81718936522955,16.81718936522955,1.554386785297226e-116
9453.841147820023,19.41298556599577,16.81253474526858,16.81253474526858,1.302007504161401e-116
9456.021182708575,18.131327265002597,16.807874703733184,16.807874703733184,1.0905420283716754e-116
9458.19133560456,17.175254746488974,16.803231463106915,16.803231463106915,9.14139692348558e-117
9460.372373636808,18.345360416367157,16.7985605835712,16.7985605835712,7.65580150379858e-117
9462.553914611606,18.096004293889905,16.79388426172993,16.79388426172993,6.411258548519667e-117
9464.725566766825,15.622456853144683,16.789224797719953,16.789224797719953,5.37325584506008e-117
9466.908111578345,16.863586123074413,16.78453759645506,16.78453759645506,4.499241699691605e-117
9469.091159679878,19.081876407761115,16.779844932093532,16.779844932093532,3.76717379810861e-117
9471.274711187483,17.50376191512794,16.775146797680627,16.775146797680627,3.154035068395182e-117
9473.44836476186,15.344763909148925,16.77046559739391,16.77046559739391,2.6427705925274817e-117
9475.632921031332,12.38695821843237,16.76575652811787,16.76575652811787,2.212378882619852e-117
9477.817981054654,11.911673243256248,16.76104196791916,16.76104196791916,1.8519705302777124e-117
9479.99313630672,17.26283286811054,16.756344399322288,16.756344399322288,1.5514975315562907e-117
9482.179201786055,13.921282089685235,16.75161886255713,16.75161886255713,1.298598312182971e-117
9484.365771367264,10.579655363542829,16.746887813937704,16.746887813937704,1.0868587535020946e-117
9486.552845166587,25.575591408018003,16.742151246462278,16.742151246462278,9.09590486249617e-118
9488.730005066303,7.22424464693529,16.737431747624434,16.737431747624434,7.61836271270222e-118
9490.918085248279,4.338003293612289,16.73268414776846,16.73268414776846,6.375050441224255e-118
9493.10666999671,1.4516975667961916,16.727931008044216,16.727931008044216,5.3343331225767e-118
9495.285333996477,1.45171356263387,16.72319499499054,16.72319499499054,4.467041007907071e-118
9497.474925822826,1.45172981856647,16.718430780900782,16.718430780900782,3.737365956061525e-118
9499.665022564212,1.45174607449907,16.71366100586982,16.71366100586982,3.1266973061365236e-118
9501.855624337071,1.45176233043167,16.708885662848637,16.708885662848637,2.615655729884399e-118
9504.03629621819,1.45177858636427,16.704127524279794,16.704127524279794,2.189873898213463e-118
9506.227905997099,1.4517949723443309,16.699341050702223,16.699341050702223,1.8317366186141663e-118
9508.420021156382,1.45181109822947,16.694548987980355,16.694548987980355,1.5320801166187107e-118
9510.602199563818,1.45182735416207,16.689774188305048,16.689774188305048,1.2824607166179538e-118
9512.795323425538,1.4518436100946701,16.684970952758512,16.684970952758512,1.072535553858831e-118
9514.988953016775,1.4518598660272701,16.680162106852592,16.680162106852592,8.969202982395399e-119
9517.18308845415,1.4518759919124093,16.675347643490724,16.675347643490724,7.500160133315063e-119
9519.367277981857,1.4518922478450094,16.67055052170839,16.67055052170839,6.276706909711399e-119
9521.5624230513,1.4519083737301486,16.665724828951987,16.665724828951987,5.248046941961873e-119
9523.758074316347,1.4519246296627486,16.660893497442906,16.660893497442906,4.387711867140309e-119
9525.943772800552,1.451940625500427,16.656079566672744,16.656079566672744,3.671330513723947e-119
9528.140434395174,1.451956881433027,16.651236963215908,16.651236963215908,3.0691142194396515e-119
9530.337602535108,1.4519730073181663,16.646388699648305,16.646388699648305,2.565530293351363e-119
9532.535277337163,1.4519892632507663,16.64153476882555,16.64153476882555,2.144449242007825e-119
