<IPython.core.display.HTML object>
/app/BADASS3/example_spectra/2-onur
/app/BADASS3/example_spectra/2-onur/my_sdss.fits
0.3479999899864197
Start process memory: 0.22104064                    
 Folder has not been created.  Creating MCMC_output folder...

 > Starting fit for 2-onur

 Input fitting region exceeds available wavelength range.  BADASS will adjust your fitting range automatically...
		- Input fitting range: (2900, 8000)
		- Available wavelength range: (2967, 7418)
		- New fitting region is (2967, 7419). 


 Input spectrum is not linearly binned. BADASS will linearly rebin and conserve flux...


-----------------------------------------------------------
 file:                        my_sdss.fits                  
 redshift:                    0.34800                       
 fitting region:              (2967,7419) [A]               
 velocity scale:              74.08 [km/s/pixel]            
 Galactic E(B-V):             0.000                         
 Flux Normalization:          1e-17                         
 Fit Normalization:           6.39406                       
-----------------------------------------------------------

 Initializing parameters...
----------------------------------------------------------------------------------------------------
	- Fitting additive legendre polynomial component.
	- Fitting Simple AGN power-law continuum.
	- Fitting broad and narrow optical FeII using Veron-Cetty et al. (2004) optical FeII templates
	 		* varying optical FeII amplitudes
	 		* varying optical FeII dispersion.
	 		* varying optical FeII voff

 Warning! Peak finding algorithm used for initial guesses of amplitude and velocity failed! Defaulting to user-defined locations...

 Warning! Peak finding algorithm used for initial guesses of amplitude and velocity failed! Defaulting to user-defined locations...

----------------------------------------------------------------------------------------------------------------------------------------

----------------------------------------------------------------------------------------------------------------------------------------

 Line List:

----------------------------------------------------------------------------------------------------------------------------------------
BR_H_ALPHA                                                                                
                              amp                           free                          
                              center                        6551                          
                              center_pix                    3205.02770190565              
                              disp                          free                          
                              disp_res_ang                  1.8901981521709155            
                              disp_res_kms                  86.50086248609018             
                              line_profile                  gaussian                      
                              line_type                     br                            
                              ncomp                         1                             
                              voff                          free                          
BR_H_BETA                                                                                 
                              amp                           free                          
                              center                        4834                          
                              center_pix                    1975.0580474316384            
                              disp                          free                          
                              disp_res_ang                  1.8901981521709155            
                              disp_res_kms                  117.22531033230798            
                              line_profile                  gaussian                      
                              line_type                     br                            
                              ncomp                         1                             
                              voff                          free                          
BR_OII                                                                                    
                              amp                           free                          
                              center                        3784                          
                              center_pix                    984.0496014413933             
                              disp                          free                          
                              disp_res_ang                  1.8901981521709155            
                              disp_res_kms                  149.75347519724545            
                              line_profile                  gaussian                      
                              line_type                     br                            
                              ncomp                         1                             
                              voff                          free                          
BR_OIII_a                                                                                 
                              amp                           free                          
                              center                        4931                          
                              center_pix                    2055.456053350012             
                              disp                          free                          
                              disp_res_ang                  1.8901981521709155            
                              disp_res_kms                  114.91931659833234            
                              line_profile                  gaussian                      
                              line_type                     br                            
                              ncomp                         1                             
                              voff                          free                          
BR_OIII_b                                                                                 
                              amp                           free                          
                              center                        5007                          
                              center_pix                    2117.3509323990406            
                              disp                          free                          
                              disp_res_ang                  1.8901981521709155            
                              disp_res_kms                  113.17498505020507            
                              line_profile                  gaussian                      
                              line_type                     br                            
                              ncomp                         1                             
                              voff                          free                          
NA_H_ALPHA                                                                                
                              amp                           free                          
                              center                        6551                          
                              center_pix                    3205.02770190565              
                              disp                          free                          
                              disp_res_ang                  1.8901981521709155            
                              disp_res_kms                  86.50086248609018             
                              label                         [H$\alpha$]                   
                              line_profile                  gaussian                      
                              line_type                     na                            
                              ncomp                         1                             
                              voff                          free                          
NA_H_BETA                                                                                 
                              amp                           free                          
                              center                        4834                          
                              center_pix                    1975.0580474316384            
                              disp                          free                          
                              disp_res_ang                  1.8901981521709155            
                              disp_res_kms                  117.22531033230798            
                              label                         H$\beta$                      
                              line_profile                  gaussian                      
                              line_type                     na                            
                              ncomp                         1                             
                              voff                          free                          
NA_OII                                                                                    
                              amp                           free                          
                              center                        3784                          
                              center_pix                    984.0496014413933             
                              disp                          free                          
                              disp_res_ang                  1.8901981521709155            
                              disp_res_kms                  149.75347519724545            
                              label                         [OII]                         
                              line_profile                  gaussian                      
                              line_type                     na                            
                              ncomp                         1                             
                              voff                          free                          
NA_OIII_a                                                                                 
                              amp                           free                          
                              center                        4931                          
                              center_pix                    2055.456053350012             
                              disp                          free                          
                              disp_res_ang                  1.8901981521709155            
                              disp_res_kms                  114.91931659833234            
                              label                         [OIIIa]                       
                              line_profile                  gaussian                      
                              line_type                     na                            
                              ncomp                         1                             
                              voff                          free                          
NA_OIII_b                                                                                 
                              amp                           free                          
                              center                        5007                          
                              center_pix                    2117.3509323990406            
                              disp                          free                          
                              disp_res_ang                  1.8901981521709155            
                              disp_res_kms                  113.17498505020507            
                              label                         [OIIIb]                       
                              line_profile                  gaussian                      
                              line_type                     na                            
                              ncomp                         1                             
                              voff                          free                          

----------------------------------------------------------------------------------------------------------------------------------------

 Number of Free Line Parameters: 30

----------------------------------------------------------------------------------------------------------------------------------------

 All Free Parameters:

----------------------------------------------------------------------------------------------------------------------------------------
APOLY_COEFF_1                                                                             
                              init                          0.0                           
                              plim                          (-100.0, 100.0)               
APOLY_COEFF_2                                                                             
                              init                          0.0                           
                              plim                          (-100.0, 100.0)               
APOLY_COEFF_3                                                                             
                              init                          0.0                           
                              plim                          (-100.0, 100.0)               
APOLY_COEFF_4                                                                             
                              init                          0.0                           
                              plim                          (-100.0, 100.0)               
APOLY_COEFF_5                                                                             
                              init                          0.0                           
                              plim                          (-100.0, 100.0)               
APOLY_COEFF_6                                                                             
                              init                          0.0                           
                              plim                          (-100.0, 100.0)               
APOLY_COEFF_7                                                                             
                              init                          0.0                           
                              plim                          (-100.0, 100.0)               
BR_H_ALPHA_AMP                                                                            
                              init                          0.9446666214292693            
                              plim                          (0, 1000)                     
BR_H_ALPHA_DISP                                                                           
                              init                          500.0                         
                              plim                          (500, 4000)                   
BR_H_ALPHA_VOFF                                                                           
                              init                          0.0                           
                              plim                          (-1000, 1000)                 
                              prior                         {'type': 'gaussian'}          
BR_H_BETA_AMP                                                                             
                              init                          0.5394121181515557            
                              plim                          (0, 1000)                     
BR_H_BETA_DISP                                                                            
                              init                          500.0                         
                              plim                          (500, 4000)                   
BR_H_BETA_VOFF                                                                            
                              init                          0.0                           
                              plim                          (-1000, 1000)                 
                              prior                         {'type': 'gaussian'}          
BR_OIII_a_AMP                                                                             
                              init                          0.5284858076131044            
                              plim                          (0, 1000)                     
BR_OIII_a_DISP                                                                            
                              init                          500.0                         
                              plim                          (500, 4000)                   
BR_OIII_a_VOFF                                                                            
                              init                          0.0                           
                              plim                          (-1000, 1000)                 
                              prior                         {'type': 'gaussian'}          
BR_OIII_b_AMP                                                                             
                              init                          0.7325885675393806            
                              plim                          (0, 1000)                     
BR_OIII_b_DISP                                                                            
                              init                          500.0                         
                              plim                          (500, 4000)                   
BR_OIII_b_VOFF                                                                            
                              init                          0.0                           
                              plim                          (-1000, 1000)                 
                              prior                         {'type': 'gaussian'}          
BR_OII_AMP                                                                                
                              init                          0.5781848041993861            
                              plim                          (0, 1000)                     
BR_OII_DISP                                                                               
                              init                          500.0                         
                              plim                          (500, 4000)                   
BR_OII_VOFF                                                                               
                              init                          0.0                           
                              plim                          (-1000, 1000)                 
                              prior                         {'type': 'gaussian'}          
BR_OPT_FEII_AMP                                                                           
                              init                          0.03809078645859439           
                              plim                          (0, 1.4999988997861693)       
BR_OPT_FEII_DISP                                                                          
                              init                          500.0                         
                              plim                          (500.0, 5000.0)               
BR_OPT_FEII_VOFF                                                                          
                              init                          0.0                           
                              plim                          (-500.0, 500.0)               
NA_H_ALPHA_AMP                                                                            
                              init                          0.9446666214292693            
                              plim                          (0, 1000)                     
NA_H_ALPHA_DISP                                                                           
                              init                          50.0                          
                              plim                          (0, 500)                      
NA_H_ALPHA_VOFF                                                                           
                              init                          0.0                           
                              plim                          (-500, 500)                   
                              prior                         {'type': 'gaussian'}          
NA_H_BETA_AMP                                                                             
                              init                          0.5394121181515557            
                              plim                          (0, 1000)                     
NA_H_BETA_DISP                                                                            
                              init                          50.0                          
                              plim                          (0, 500)                      
NA_H_BETA_VOFF                                                                            
                              init                          0.0                           
                              plim                          (-500, 500)                   
                              prior                         {'type': 'gaussian'}          
NA_OIII_a_AMP                                                                             
                              init                          0.5284858076131044            
                              plim                          (0, 1000)                     
NA_OIII_a_DISP                                                                            
                              init                          50.0                          
                              plim                          (0, 500)                      
NA_OIII_a_VOFF                                                                            
                              init                          0.0                           
                              plim                          (-500, 500)                   
                              prior                         {'type': 'gaussian'}          
NA_OIII_b_AMP                                                                             
                              init                          0.7325885675393806            
                              plim                          (0, 1000)                     
NA_OIII_b_DISP                                                                            
                              init                          50.0                          
                              plim                          (0, 500)                      
NA_OIII_b_VOFF                                                                            
                              init                          0.0                           
                              plim                          (-500, 500)                   
                              prior                         {'type': 'gaussian'}          
NA_OII_AMP                                                                                
                              init                          0.5781848041993861            
                              plim                          (0, 1000)                     
NA_OII_DISP                                                                               
                              init                          50.0                          
                              plim                          (0, 500)                      
NA_OII_VOFF                                                                               
                              init                          0.0                           
                              plim                          (-500, 500)                   
                              prior                         {'type': 'gaussian'}          
NA_OPT_FEII_AMP                                                                           
                              init                          0.03809078645859439           
                              plim                          (0, 1.4999988997861693)       
NA_OPT_FEII_DISP                                                                          
                              init                          10.0                          
                              plim                          (0.1, 500.0)                  
NA_OPT_FEII_VOFF                                                                          
                              init                          0.0                           
                              plim                          (-500.0, 500.0)               
POWER_AMP                                                                                 
                              init                          0.19045393229297194           
                              plim                          (0, 1.4999988997861693)       
POWER_SLOPE                                                                               
                              init                          -1.0                          
                              plim                          (-6.0, 6.0)                   

----------------------------------------------------------------------------------------------------------------------------------------

 Total number of free parameters: 45

----------------------------------------------------------------------------------------------------------------------------------------

 Soft Constraints:

                 NA_OIII_b_AMP > NA_OIII_a_AMP

----------------------------------------------------------------------------------------------------------------------------------------

----------------------------------------------------------------------------------------------------------------------------------------

 Required Maximum Likelihood RMSE threshold: 0.1462 


 Performing max. likelihood fitting.

 Using Basin-hopping algorithm to estimate parameters. niter_success = 50
basinhopping step 0: f 2.90078
 Fit Status: False
 Force threshold: 0.1462
 Lowest RMSE: 0.0734
 Current RMSE: 0.0734
 Accepted count: 1
 Basinhop count: 0


adaptive stepsize: acceptance rate 0.000000 target 0.500000 new stepsize 0.9 old stepsize 1
basinhopping step 1: f 3.15422 trial_f 3.15422 accepted 1  lowest_f 2.90078
 Fit Status: False
 Force threshold: 0.1462
 Lowest RMSE: 0.0734
 Current RMSE: 0.0766
 Accepted count: 2
 Basinhop count: 1


adaptive stepsize: acceptance rate 0.500000 target 0.500000 new stepsize 0.81 old stepsize 0.9
basinhopping step 2: f 3.15422 trial_f 4.51451 accepted 0  lowest_f 2.90078
 Fit Status: False
 Force threshold: 0.1462
 Lowest RMSE: 0.0734
 Current RMSE: 0.0916
 Accepted count: 2
 Basinhop count: 2


adaptive stepsize: acceptance rate 0.333333 target 0.500000 new stepsize 0.729 old stepsize 0.81
basinhopping step 3: f 2.88339 trial_f 2.88339 accepted 1  lowest_f 2.88339
found new global minimum on step 3 with function value 2.88339
 Fit Status: False
 Force threshold: 0.1462
 Lowest RMSE: 0.0732
 Current RMSE: 0.0732
 Accepted count: 3
 Basinhop count: 0


adaptive stepsize: acceptance rate 0.500000 target 0.500000 new stepsize 0.6561 old stepsize 0.729
basinhopping step 4: f 2.88339 trial_f 3.5223 accepted 0  lowest_f 2.88339
 Fit Status: False
 Force threshold: 0.1462
 Lowest RMSE: 0.0732
 Current RMSE: 0.0809
 Accepted count: 3
 Basinhop count: 1


adaptive stepsize: acceptance rate 0.400000 target 0.500000 new stepsize 0.59049 old stepsize 0.6561
basinhopping step 5: f 2.88344 trial_f 2.88344 accepted 1  lowest_f 2.88339
 Fit Status: False
 Force threshold: 0.1462
 Lowest RMSE: 0.0732
 Current RMSE: 0.0732
 Accepted count: 4
 Basinhop count: 2


adaptive stepsize: acceptance rate 0.500000 target 0.500000 new stepsize 0.531441 old stepsize 0.59049
basinhopping step 6: f 3.29141 trial_f 3.29141 accepted 1  lowest_f 2.88339
 Fit Status: False
 Force threshold: 0.1462
 Lowest RMSE: 0.0732
 Current RMSE: 0.0782
 Accepted count: 5
 Basinhop count: 3


adaptive stepsize: acceptance rate 0.571429 target 0.500000 new stepsize 0.59049 old stepsize 0.531441
basinhopping step 7: f 3.05322 trial_f 3.05322 accepted 1  lowest_f 2.88339
 Fit Status: False
 Force threshold: 0.1462
 Lowest RMSE: 0.0732
 Current RMSE: 0.0753
 Accepted count: 6
 Basinhop count: 4


adaptive stepsize: acceptance rate 0.625000 target 0.500000 new stepsize 0.6561 old stepsize 0.59049
basinhopping step 8: f 3.05322 trial_f 6.57504 accepted 0  lowest_f 2.88339
 Fit Status: False
 Force threshold: 0.1462
 Lowest RMSE: 0.0732
 Current RMSE: 0.1105
 Accepted count: 6
 Basinhop count: 5


adaptive stepsize: acceptance rate 0.555556 target 0.500000 new stepsize 0.729 old stepsize 0.6561
basinhopping step 9: f 3.20675 trial_f 3.20675 accepted 1  lowest_f 2.88339
 Fit Status: False
 Force threshold: 0.1462
 Lowest RMSE: 0.0732
 Current RMSE: 0.0772
 Accepted count: 7
 Basinhop count: 6


adaptive stepsize: acceptance rate 0.600000 target 0.500000 new stepsize 0.81 old stepsize 0.729
warning: basinhopping: local minimization failure
basinhopping step 10: f 2.47952 trial_f 2.47952 accepted 1  lowest_f 2.47952
found new global minimum on step 10 with function value 2.47952
 Fit Status: False
 Force threshold: 0.1462
 Lowest RMSE: 0.0679
 Current RMSE: 0.0679
 Accepted count: 8
 Basinhop count: 0


adaptive stepsize: acceptance rate 0.636364 target 0.500000 new stepsize 0.9 old stepsize 0.81
basinhopping step 11: f 2.47952 trial_f 4.75654 accepted 0  lowest_f 2.47952
 Fit Status: False
 Force threshold: 0.1462
 Lowest RMSE: 0.0679
 Current RMSE: 0.0940
 Accepted count: 8
 Basinhop count: 1


adaptive stepsize: acceptance rate 0.583333 target 0.500000 new stepsize 1 old stepsize 0.9
basinhopping step 12: f 2.42338 trial_f 2.42338 accepted 1  lowest_f 2.42338
found new global minimum on step 12 with function value 2.42338
 Fit Status: False
 Force threshold: 0.1462
 Lowest RMSE: 0.0671
 Current RMSE: 0.0671
 Accepted count: 9
 Basinhop count: 0


adaptive stepsize: acceptance rate 0.615385 target 0.500000 new stepsize 1.11111 old stepsize 1
basinhopping step 13: f 2.42338 trial_f 6.6118 accepted 0  lowest_f 2.42338
 Fit Status: False
 Force threshold: 0.1462
 Lowest RMSE: 0.0671
 Current RMSE: 0.1108
 Accepted count: 9
 Basinhop count: 1


adaptive stepsize: acceptance rate 0.571429 target 0.500000 new stepsize 1.23457 old stepsize 1.11111
basinhopping step 14: f 2.4154 trial_f 2.4154 accepted 1  lowest_f 2.4154
found new global minimum on step 14 with function value 2.4154
 Fit Status: False
 Force threshold: 0.1462
 Lowest RMSE: 0.0670
 Current RMSE: 0.0670
 Accepted count: 10
 Basinhop count: 0


adaptive stepsize: acceptance rate 0.600000 target 0.500000 new stepsize 1.37174 old stepsize 1.23457
basinhopping step 15: f 2.41603 trial_f 2.41603 accepted 1  lowest_f 2.4154
 Fit Status: False
 Force threshold: 0.1462
 Lowest RMSE: 0.0670
 Current RMSE: 0.0670
 Accepted count: 11
 Basinhop count: 1


adaptive stepsize: acceptance rate 0.625000 target 0.500000 new stepsize 1.52416 old stepsize 1.37174
basinhopping step 16: f 2.41603 trial_f 9.44916 accepted 0  lowest_f 2.4154
 Fit Status: False
 Force threshold: 0.1462
 Lowest RMSE: 0.0670
 Current RMSE: 0.1325
 Accepted count: 11
 Basinhop count: 2


adaptive stepsize: acceptance rate 0.588235 target 0.500000 new stepsize 1.69351 old stepsize 1.52416
basinhopping step 17: f 2.81512 trial_f 2.81512 accepted 1  lowest_f 2.4154
 Fit Status: False
 Force threshold: 0.1462
 Lowest RMSE: 0.0670
 Current RMSE: 0.0723
 Accepted count: 12
 Basinhop count: 3


adaptive stepsize: acceptance rate 0.611111 target 0.500000 new stepsize 1.88168 old stepsize 1.69351
basinhopping step 18: f 2.41662 trial_f 2.41662 accepted 1  lowest_f 2.4154
 Fit Status: False
 Force threshold: 0.1462
 Lowest RMSE: 0.0670
 Current RMSE: 0.0670
 Accepted count: 13
 Basinhop count: 4


adaptive stepsize: acceptance rate 0.631579 target 0.500000 new stepsize 2.09075 old stepsize 1.88168
basinhopping step 19: f 3.10653 trial_f 3.10653 accepted 1  lowest_f 2.4154
 Fit Status: False
 Force threshold: 0.1462
 Lowest RMSE: 0.0670
 Current RMSE: 0.0760
 Accepted count: 14
 Basinhop count: 5


adaptive stepsize: acceptance rate 0.650000 target 0.500000 new stepsize 2.32306 old stepsize 2.09075
basinhopping step 20: f 2.41819 trial_f 2.41819 accepted 1  lowest_f 2.4154
 Fit Status: False
 Force threshold: 0.1462
 Lowest RMSE: 0.0670
 Current RMSE: 0.0670
 Accepted count: 15
 Basinhop count: 6


adaptive stepsize: acceptance rate 0.666667 target 0.500000 new stepsize 2.58117 old stepsize 2.32306
basinhopping step 21: f 2.41819 trial_f 7.00723 accepted 0  lowest_f 2.4154
 Fit Status: False
 Force threshold: 0.1462
 Lowest RMSE: 0.0670
 Current RMSE: 0.1141
 Accepted count: 15
 Basinhop count: 7


adaptive stepsize: acceptance rate 0.636364 target 0.500000 new stepsize 2.86797 old stepsize 2.58117
basinhopping step 22: f 2.67513 trial_f 2.67513 accepted 1  lowest_f 2.4154
 Fit Status: False
 Force threshold: 0.1462
 Lowest RMSE: 0.0670
 Current RMSE: 0.0705
 Accepted count: 16
 Basinhop count: 8


adaptive stepsize: acceptance rate 0.652174 target 0.500000 new stepsize 3.18664 old stepsize 2.86797
basinhopping step 23: f 2.67513 trial_f 7.27569 accepted 0  lowest_f 2.4154
 Fit Status: False
 Force threshold: 0.1462
 Lowest RMSE: 0.0670
 Current RMSE: 0.1163
 Accepted count: 16
 Basinhop count: 9


adaptive stepsize: acceptance rate 0.625000 target 0.500000 new stepsize 3.54071 old stepsize 3.18664
basinhopping step 24: f 2.67513 trial_f 5.42252 accepted 0  lowest_f 2.4154
 Fit Status: False
 Force threshold: 0.1462
 Lowest RMSE: 0.0670
 Current RMSE: 0.1004
 Accepted count: 16
 Basinhop count: 10


adaptive stepsize: acceptance rate 0.600000 target 0.500000 new stepsize 3.93412 old stepsize 3.54071
basinhopping step 25: f 2.67513 trial_f 3.31595 accepted 0  lowest_f 2.4154
 Fit Status: False
 Force threshold: 0.1462
 Lowest RMSE: 0.0670
 Current RMSE: 0.0785
 Accepted count: 16
 Basinhop count: 11


adaptive stepsize: acceptance rate 0.576923 target 0.500000 new stepsize 4.37124 old stepsize 3.93412
basinhopping step 26: f 2.67513 trial_f 7.04727 accepted 0  lowest_f 2.4154
 Fit Status: False
 Force threshold: 0.1462
 Lowest RMSE: 0.0670
 Current RMSE: 0.1144
 Accepted count: 16
 Basinhop count: 12


adaptive stepsize: acceptance rate 0.555556 target 0.500000 new stepsize 4.85694 old stepsize 4.37124
basinhopping step 27: f 2.67513 trial_f 10.1144 accepted 0  lowest_f 2.4154
 Fit Status: False
 Force threshold: 0.1462
 Lowest RMSE: 0.0670
 Current RMSE: 0.1371
 Accepted count: 16
 Basinhop count: 13


adaptive stepsize: acceptance rate 0.535714 target 0.500000 new stepsize 5.3966 old stepsize 4.85694
basinhopping step 28: f 2.67513 trial_f 3.05636 accepted 0  lowest_f 2.4154
 Fit Status: False
 Force threshold: 0.1462
 Lowest RMSE: 0.0670
 Current RMSE: 0.0754
 Accepted count: 16
 Basinhop count: 14


adaptive stepsize: acceptance rate 0.517241 target 0.500000 new stepsize 5.99622 old stepsize 5.3966
basinhopping step 29: f 2.67513 trial_f 3.09539 accepted 0  lowest_f 2.4154
 Fit Status: False
 Force threshold: 0.1462
 Lowest RMSE: 0.0670
 Current RMSE: 0.0758
 Accepted count: 16
 Basinhop count: 15


adaptive stepsize: acceptance rate 0.500000 target 0.500000 new stepsize 5.3966 old stepsize 5.99622
basinhopping step 30: f 2.67513 trial_f 3.3156 accepted 0  lowest_f 2.4154
 Fit Status: False
 Force threshold: 0.1462
 Lowest RMSE: 0.0670
 Current RMSE: 0.0785
 Accepted count: 16
 Basinhop count: 16


adaptive stepsize: acceptance rate 0.483871 target 0.500000 new stepsize 4.85694 old stepsize 5.3966
basinhopping step 31: f 2.42517 trial_f 2.42517 accepted 1  lowest_f 2.4154
 Fit Status: False
 Force threshold: 0.1462
 Lowest RMSE: 0.0670
 Current RMSE: 0.0671
 Accepted count: 17
 Basinhop count: 17


adaptive stepsize: acceptance rate 0.500000 target 0.500000 new stepsize 4.37124 old stepsize 4.85694
basinhopping step 32: f 3.09411 trial_f 3.09411 accepted 1  lowest_f 2.4154
 Fit Status: False
 Force threshold: 0.1462
 Lowest RMSE: 0.0670
 Current RMSE: 0.0758
 Accepted count: 18
 Basinhop count: 18


adaptive stepsize: acceptance rate 0.515152 target 0.500000 new stepsize 4.85694 old stepsize 4.37124
basinhopping step 33: f 3.09411 trial_f 7.27821 accepted 0  lowest_f 2.4154
 Fit Status: False
 Force threshold: 0.1462
 Lowest RMSE: 0.0670
 Current RMSE: 0.1163
 Accepted count: 18
 Basinhop count: 19


adaptive stepsize: acceptance rate 0.500000 target 0.500000 new stepsize 4.37124 old stepsize 4.85694
basinhopping step 34: f 2.42086 trial_f 2.42086 accepted 1  lowest_f 2.4154
 Fit Status: False
 Force threshold: 0.1462
 Lowest RMSE: 0.0670
 Current RMSE: 0.0671
 Accepted count: 19
 Basinhop count: 20


adaptive stepsize: acceptance rate 0.514286 target 0.500000 new stepsize 4.85694 old stepsize 4.37124
basinhopping step 35: f 2.42086 trial_f 3.06136 accepted 0  lowest_f 2.4154
 Fit Status: False
 Force threshold: 0.1462
 Lowest RMSE: 0.0670
 Current RMSE: 0.0754
 Accepted count: 19
 Basinhop count: 21


adaptive stepsize: acceptance rate 0.500000 target 0.500000 new stepsize 4.37124 old stepsize 4.85694
basinhopping step 36: f 2.42086 trial_f 3.09546 accepted 0  lowest_f 2.4154
 Fit Status: False
 Force threshold: 0.1462
 Lowest RMSE: 0.0670
 Current RMSE: 0.0758
 Accepted count: 19
 Basinhop count: 22


adaptive stepsize: acceptance rate 0.486486 target 0.500000 new stepsize 3.93412 old stepsize 4.37124
basinhopping step 37: f 2.42086 trial_f 4.77705 accepted 0  lowest_f 2.4154
 Fit Status: False
 Force threshold: 0.1462
 Lowest RMSE: 0.0670
 Current RMSE: 0.0942
 Accepted count: 19
 Basinhop count: 23


adaptive stepsize: acceptance rate 0.473684 target 0.500000 new stepsize 3.54071 old stepsize 3.93412
basinhopping step 38: f 2.42086 trial_f 3.05567 accepted 0  lowest_f 2.4154
 Fit Status: False
 Force threshold: 0.1462
 Lowest RMSE: 0.0670
 Current RMSE: 0.0754
 Accepted count: 19
 Basinhop count: 24


adaptive stepsize: acceptance rate 0.461538 target 0.500000 new stepsize 3.18664 old stepsize 3.54071
basinhopping step 39: f 2.42086 trial_f 2.80502 accepted 0  lowest_f 2.4154
 Fit Status: False
 Force threshold: 0.1462
 Lowest RMSE: 0.0670
 Current RMSE: 0.0722
 Accepted count: 19
 Basinhop count: 25


adaptive stepsize: acceptance rate 0.450000 target 0.500000 new stepsize 2.86797 old stepsize 3.18664
basinhopping step 40: f 2.42086 trial_f 9.59092 accepted 0  lowest_f 2.4154
 Fit Status: False
 Force threshold: 0.1462
 Lowest RMSE: 0.0670
 Current RMSE: 0.1335
 Accepted count: 19
 Basinhop count: 26


adaptive stepsize: acceptance rate 0.439024 target 0.500000 new stepsize 2.58117 old stepsize 2.86797
basinhopping step 41: f 2.4217 trial_f 2.4217 accepted 1  lowest_f 2.4154
 Fit Status: False
 Force threshold: 0.1462
 Lowest RMSE: 0.0670
 Current RMSE: 0.0671
 Accepted count: 20
 Basinhop count: 27


adaptive stepsize: acceptance rate 0.452381 target 0.500000 new stepsize 2.32306 old stepsize 2.58117
basinhopping step 42: f 2.85324 trial_f 2.85324 accepted 1  lowest_f 2.4154
 Fit Status: False
 Force threshold: 0.1462
 Lowest RMSE: 0.0670
 Current RMSE: 0.0728
 Accepted count: 21
 Basinhop count: 28


adaptive stepsize: acceptance rate 0.465116 target 0.500000 new stepsize 2.09075 old stepsize 2.32306
basinhopping step 43: f 2.85324 trial_f 4.54257 accepted 0  lowest_f 2.4154
 Fit Status: False
 Force threshold: 0.1462
 Lowest RMSE: 0.0670
 Current RMSE: 0.0919
 Accepted count: 21
 Basinhop count: 29


adaptive stepsize: acceptance rate 0.454545 target 0.500000 new stepsize 1.88168 old stepsize 2.09075
basinhopping step 44: f 3.09562 trial_f 3.09562 accepted 1  lowest_f 2.4154
 Fit Status: False
 Force threshold: 0.1462
 Lowest RMSE: 0.0670
 Current RMSE: 0.0758
 Accepted count: 22
 Basinhop count: 30


adaptive stepsize: acceptance rate 0.466667 target 0.500000 new stepsize 1.69351 old stepsize 1.88168
basinhopping step 45: f 3.09562 trial_f 3.70085 accepted 0  lowest_f 2.4154
 Fit Status: False
 Force threshold: 0.1462
 Lowest RMSE: 0.0670
 Current RMSE: 0.0829
 Accepted count: 22
 Basinhop count: 31


adaptive stepsize: acceptance rate 0.456522 target 0.500000 new stepsize 1.52416 old stepsize 1.69351
basinhopping step 46: f 3.09562 trial_f 4.70929 accepted 0  lowest_f 2.4154
 Fit Status: False
 Force threshold: 0.1462
 Lowest RMSE: 0.0670
 Current RMSE: 0.0935
 Accepted count: 22
 Basinhop count: 32


adaptive stepsize: acceptance rate 0.446809 target 0.500000 new stepsize 1.37174 old stepsize 1.52416
basinhopping step 47: f 3.14029 trial_f 3.14029 accepted 1  lowest_f 2.4154
 Fit Status: False
 Force threshold: 0.1462
 Lowest RMSE: 0.0670
 Current RMSE: 0.0764
 Accepted count: 23
 Basinhop count: 33


adaptive stepsize: acceptance rate 0.458333 target 0.500000 new stepsize 1.23457 old stepsize 1.37174
basinhopping step 48: f 2.48261 trial_f 2.48261 accepted 1  lowest_f 2.4154
 Fit Status: False
 Force threshold: 0.1462
 Lowest RMSE: 0.0670
 Current RMSE: 0.0679
 Accepted count: 24
 Basinhop count: 34


adaptive stepsize: acceptance rate 0.469388 target 0.500000 new stepsize 1.11111 old stepsize 1.23457
basinhopping step 49: f 2.48261 trial_f 3.1308 accepted 0  lowest_f 2.4154
 Fit Status: False
 Force threshold: 0.1462
 Lowest RMSE: 0.0670
 Current RMSE: 0.0763
 Accepted count: 24
 Basinhop count: 35


adaptive stepsize: acceptance rate 0.460000 target 0.500000 new stepsize 1 old stepsize 1.11111
basinhopping step 50: f 3.09766 trial_f 3.09766 accepted 1  lowest_f 2.4154
 Fit Status: False
 Force threshold: 0.1462
 Lowest RMSE: 0.0670
 Current RMSE: 0.0759
 Accepted count: 25
 Basinhop count: 36


adaptive stepsize: acceptance rate 0.470588 target 0.500000 new stepsize 0.9 old stepsize 1
basinhopping step 51: f 3.09766 trial_f 5.42364 accepted 0  lowest_f 2.4154
 Fit Status: False
 Force threshold: 0.1462
 Lowest RMSE: 0.0670
 Current RMSE: 0.1004
 Accepted count: 25
 Basinhop count: 37


adaptive stepsize: acceptance rate 0.461538 target 0.500000 new stepsize 0.81 old stepsize 0.9
basinhopping step 52: f 4.80125 trial_f 4.80125 accepted 1  lowest_f 2.4154
 Fit Status: False
 Force threshold: 0.1462
 Lowest RMSE: 0.0670
 Current RMSE: 0.0945
 Accepted count: 26
 Basinhop count: 38


adaptive stepsize: acceptance rate 0.471698 target 0.500000 new stepsize 0.729 old stepsize 0.81
basinhopping step 53: f 2.47966 trial_f 2.47966 accepted 1  lowest_f 2.4154
 Fit Status: False
 Force threshold: 0.1462
 Lowest RMSE: 0.0670
 Current RMSE: 0.0679
 Accepted count: 27
 Basinhop count: 39


adaptive stepsize: acceptance rate 0.481481 target 0.500000 new stepsize 0.6561 old stepsize 0.729
basinhopping step 54: f 2.47966 trial_f 5.23448 accepted 0  lowest_f 2.4154
 Fit Status: False
 Force threshold: 0.1462
 Lowest RMSE: 0.0670
 Current RMSE: 0.0986
 Accepted count: 27
 Basinhop count: 40


adaptive stepsize: acceptance rate 0.472727 target 0.500000 new stepsize 0.59049 old stepsize 0.6561
basinhopping step 55: f 2.46465 trial_f 2.46465 accepted 1  lowest_f 2.4154
 Fit Status: False
 Force threshold: 0.1462
 Lowest RMSE: 0.0670
 Current RMSE: 0.0677
 Accepted count: 28
 Basinhop count: 41


adaptive stepsize: acceptance rate 0.482143 target 0.500000 new stepsize 0.531441 old stepsize 0.59049
basinhopping step 56: f 2.46072 trial_f 2.46072 accepted 1  lowest_f 2.4154
 Fit Status: False
 Force threshold: 0.1462
 Lowest RMSE: 0.0670
 Current RMSE: 0.0676
 Accepted count: 29
 Basinhop count: 42


adaptive stepsize: acceptance rate 0.491228 target 0.500000 new stepsize 0.478297 old stepsize 0.531441
basinhopping step 57: f 2.46072 trial_f 4.5451 accepted 0  lowest_f 2.4154
 Fit Status: False
 Force threshold: 0.1462
 Lowest RMSE: 0.0670
 Current RMSE: 0.0919
 Accepted count: 29
 Basinhop count: 43


adaptive stepsize: acceptance rate 0.482759 target 0.500000 new stepsize 0.430467 old stepsize 0.478297
basinhopping step 58: f 2.75014 trial_f 2.75014 accepted 1  lowest_f 2.4154
 Fit Status: False
 Force threshold: 0.1462
 Lowest RMSE: 0.0670
 Current RMSE: 0.0715
 Accepted count: 30
 Basinhop count: 44


adaptive stepsize: acceptance rate 0.491525 target 0.500000 new stepsize 0.38742 old stepsize 0.430467
basinhopping step 59: f 3.06851 trial_f 3.06851 accepted 1  lowest_f 2.4154
 Fit Status: False
 Force threshold: 0.1462
 Lowest RMSE: 0.0670
 Current RMSE: 0.0755
 Accepted count: 31
 Basinhop count: 45


adaptive stepsize: acceptance rate 0.500000 target 0.500000 new stepsize 0.348678 old stepsize 0.38742
basinhopping step 60: f 2.67514 trial_f 2.67514 accepted 1  lowest_f 2.4154
 Fit Status: False
 Force threshold: 0.1462
 Lowest RMSE: 0.0670
 Current RMSE: 0.0705
 Accepted count: 32
 Basinhop count: 46


adaptive stepsize: acceptance rate 0.508197 target 0.500000 new stepsize 0.38742 old stepsize 0.348678
basinhopping step 61: f 2.6766 trial_f 2.6766 accepted 1  lowest_f 2.4154
 Fit Status: False
 Force threshold: 0.1462
 Lowest RMSE: 0.0670
 Current RMSE: 0.0705
 Accepted count: 33
 Basinhop count: 47


adaptive stepsize: acceptance rate 0.516129 target 0.500000 new stepsize 0.430467 old stepsize 0.38742
basinhopping step 62: f 3.08679 trial_f 3.08679 accepted 1  lowest_f 2.4154
 Fit Status: False
 Force threshold: 0.1462
 Lowest RMSE: 0.0670
 Current RMSE: 0.0757
 Accepted count: 34
 Basinhop count: 48


adaptive stepsize: acceptance rate 0.523810 target 0.500000 new stepsize 0.478297 old stepsize 0.430467
basinhopping step 63: f 2.45324 trial_f 2.45324 accepted 1  lowest_f 2.4154
 Fit Status: False
 Force threshold: 0.1462
 Lowest RMSE: 0.0670
 Current RMSE: 0.0675
 Accepted count: 35
 Basinhop count: 49


adaptive stepsize: acceptance rate 0.531250 target 0.500000 new stepsize 0.531441 old stepsize 0.478297
basinhopping step 64: f 3.51408 trial_f 3.51408 accepted 1  lowest_f 2.4154
 Fit Status: True
 Force threshold: 0.1462
 Lowest RMSE: 0.0670
 Current RMSE: 0.0808
 Accepted count: 36
 Basinhop count: 50



 Performing Monte Carlo bootstrapping...
	   Completed 1 of 100 iterations.
	   Completed 2 of 100 iterations.
	   Completed 3 of 100 iterations.
	   Completed 4 of 100 iterations.
	   Completed 5 of 100 iterations.
	   Completed 6 of 100 iterations.
	   Completed 7 of 100 iterations.
	   Completed 8 of 100 iterations.
	   Completed 9 of 100 iterations.
	   Completed 10 of 100 iterations.
	   Completed 11 of 100 iterations.
	   Completed 12 of 100 iterations.
	   Completed 13 of 100 iterations.
	   Completed 14 of 100 iterations.
	   Completed 15 of 100 iterations.
	   Completed 16 of 100 iterations.
	   Completed 17 of 100 iterations.
	   Completed 18 of 100 iterations.
	   Completed 19 of 100 iterations.
	   Completed 20 of 100 iterations.
	   Completed 21 of 100 iterations.
	   Completed 22 of 100 iterations.
	   Completed 23 of 100 iterations.
	   Completed 24 of 100 iterations.
	   Completed 25 of 100 iterations.
	   Completed 26 of 100 iterations.
	   Completed 27 of 100 iterations.
	   Completed 28 of 100 iterations.
	   Completed 29 of 100 iterations.
	   Completed 30 of 100 iterations.
	   Completed 31 of 100 iterations.
	   Completed 32 of 100 iterations.
	   Completed 33 of 100 iterations.
	   Completed 34 of 100 iterations.
	   Completed 35 of 100 iterations.
	   Completed 36 of 100 iterations.
	   Completed 37 of 100 iterations.
	   Completed 38 of 100 iterations.
	   Completed 39 of 100 iterations.
	   Completed 40 of 100 iterations.
	   Completed 41 of 100 iterations.
	   Completed 42 of 100 iterations.
	   Completed 43 of 100 iterations.
	   Completed 44 of 100 iterations.
	   Completed 45 of 100 iterations.
	   Completed 46 of 100 iterations.
	   Completed 47 of 100 iterations.
	   Completed 48 of 100 iterations.
	   Completed 49 of 100 iterations.
	   Completed 50 of 100 iterations.
	   Completed 51 of 100 iterations.
	   Completed 52 of 100 iterations.
	   Completed 53 of 100 iterations.
	   Completed 54 of 100 iterations.
	   Completed 55 of 100 iterations.
	   Completed 56 of 100 iterations.
	   Completed 57 of 100 iterations.
	   Completed 58 of 100 iterations.
	   Completed 59 of 100 iterations.
	   Completed 60 of 100 iterations.
	   Completed 61 of 100 iterations.
	   Completed 62 of 100 iterations.
	   Completed 63 of 100 iterations.
	   Completed 64 of 100 iterations.
	   Completed 65 of 100 iterations.
	   Completed 66 of 100 iterations.
	   Completed 67 of 100 iterations.
	   Completed 68 of 100 iterations.
	   Completed 69 of 100 iterations.
	   Completed 70 of 100 iterations.
	   Completed 71 of 100 iterations.
	   Completed 72 of 100 iterations.
	   Completed 73 of 100 iterations.
	   Completed 74 of 100 iterations.
	   Completed 75 of 100 iterations.
	   Completed 76 of 100 iterations.
	   Completed 77 of 100 iterations.
	   Completed 78 of 100 iterations.
	   Completed 79 of 100 iterations.
	   Completed 80 of 100 iterations.
	   Completed 81 of 100 iterations.
	   Completed 82 of 100 iterations.
	   Completed 83 of 100 iterations.
	   Completed 84 of 100 iterations.
	   Completed 85 of 100 iterations.
	   Completed 86 of 100 iterations.
	   Completed 87 of 100 iterations.
	   Completed 88 of 100 iterations.
	   Completed 89 of 100 iterations.
	   Completed 90 of 100 iterations.
	   Completed 91 of 100 iterations.
	   Completed 92 of 100 iterations.
	   Completed 93 of 100 iterations.
	   Completed 94 of 100 iterations.
	   Completed 95 of 100 iterations.
	   Completed 96 of 100 iterations.
	   Completed 97 of 100 iterations.
	   Completed 98 of 100 iterations.
	   Completed 99 of 100 iterations.
	   Completed 100 of 100 iterations.

 Maximum Likelihood Best-fit Parameters:
--------------------------------------------------------------------------------------

Parameter                     Best-fit Value                +/- 1-sigma                   Flag                          
--------------------------------------------------------------------------------------
AGN_FRAC_4000                 1.000000                      0.000000                      1.0                           
AGN_FRAC_7000                 1.000000                      0.000000                      1.0                           
APOLY_COEFF_1                 0.503815                      0.025136                      0.0                           
APOLY_COEFF_2                 -0.248452                     0.022188                      0.0                           
APOLY_COEFF_3                 0.069670                      0.009050                      0.0                           
APOLY_COEFF_4                 -0.013733                     0.002608                      0.0                           
APOLY_COEFF_5                 -0.013977                     0.001989                      0.0                           
APOLY_COEFF_6                 -0.013709                     0.001877                      0.0                           
APOLY_COEFF_7                 0.001027                      0.001994                      0.0                           
BR_H_ALPHA_AMP                3.780675                      0.132618                      0.0                           
BR_H_ALPHA_DISP               579.144962                    10.490823                     0.0                           
BR_H_ALPHA_DISP_CORR          572.648660                    10.490823                     0.0                           
BR_H_ALPHA_DISP_RES           86.500862                     nan                           nan                           
BR_H_ALPHA_EW                 65.932236                     2.230863                      0.0                           
BR_H_ALPHA_FLUX               -14.791273                    0.014460                      0.0                           
BR_H_ALPHA_FWHM               1364.356415                   24.719923                     0.0                           
BR_H_ALPHA_FWHM_CORR          1349.065566                   24.719923                     0.0                           
BR_H_ALPHA_LUM                41.818515                     0.014460                      0.0                           
BR_H_ALPHA_NPIX               38.000000                     0.948533                      0.0                           
BR_H_ALPHA_SNR                18.375351                     0.644381                      0.0                           
BR_H_ALPHA_VOFF               70.992906                     10.871622                     0.0                           
BR_H_ALPHA_W80                1519.653197                   27.441460                     0.0                           
BR_H_ALPHA_W80_CORR           1503.343159                   27.441460                     0.0                           
BR_H_BETA_AMP                 1.156056                      0.070652                      0.0                           
BR_H_BETA_DISP                618.824448                    2.448000                      0.0                           
BR_H_BETA_DISP_CORR           607.619884                    2.448000                      0.0                           
BR_H_BETA_DISP_RES            117.225310                    nan                           nan                           
BR_H_BETA_EW                  15.973175                     0.985890                      0.0                           
BR_H_BETA_FLUX                -15.409126                    0.026627                      0.0                           
BR_H_BETA_FWHM                1458.874055                   5.751277                      0.0                           
BR_H_BETA_FWHM_CORR           1432.520238                   5.751277                      0.0                           
BR_H_BETA_LUM                 41.200663                     0.026627                      0.0                           
BR_H_BETA_NPIX                30.000000                     0.837673                      0.0                           
BR_H_BETA_SNR                 5.613407                      0.343072                      0.0                           
BR_H_BETA_VOFF                42.586011                     1.572614                      0.0                           
BR_H_BETA_W80                 1624.623219                   6.352000                      0.0                           
BR_H_BETA_W80_CORR            1596.511615                   6.352000                      0.0                           
BR_OIII_a_AMP                 0.948304                      0.136444                      0.0                           
BR_OIII_a_DISP                500.000000                    0.000034                      1.0                           
BR_OIII_a_DISP_CORR           486.614376                    0.000034                      1.0                           
BR_OIII_a_DISP_RES            114.919317                    nan                           nan                           
BR_OIII_a_EW                  10.851318                     1.563060                      0.0                           
BR_OIII_a_FLUX                -15.579184                    0.078076                      0.0                           
BR_OIII_a_FWHM                1180.641613                   0.212496                      0.0                           
BR_OIII_a_FWHM_CORR           1149.210059                   0.212496                      0.0                           
BR_OIII_a_LUM                 41.030605                     0.078076                      0.0                           
BR_OIII_a_NPIX                23.000000                     2.254253                      0.0                           
BR_OIII_a_SNR                 4.596553                      0.661297                      0.0                           
BR_OIII_a_VOFF                3.107572                      1.960913                      0.0                           
BR_OIII_a_W80                 1311.736591                   0.177229                      0.0                           
BR_OIII_a_W80_CORR            1278.135021                   0.177229                      0.0                           
BR_OIII_b_AMP                 2.276618                      0.095286                      0.0                           
BR_OIII_b_DISP                829.421729                    1.369513                      0.0                           
BR_OIII_b_DISP_CORR           821.664060                    1.369513                      0.0                           
BR_OIII_b_DISP_RES            113.174985                    nan                           nan                           
BR_OIII_b_EW                  44.095817                     1.870651                      0.0                           
BR_OIII_b_FLUX                -14.972123                    0.017983                      0.0                           
BR_OIII_b_FWHM                1953.527514                   3.241006                      0.0                           
BR_OIII_b_FWHM_CORR           1935.263580                   3.241006                      0.0                           
BR_OIII_b_LUM                 41.637665                     0.017983                      0.0                           
BR_OIII_b_NPIX                48.000000                     0.932587                      0.0                           
BR_OIII_b_SNR                 11.064642                     0.463107                      0.0                           
BR_OIII_b_VOFF                188.331811                    1.431906                      0.0                           
BR_OIII_b_W80                 2176.825268                   3.541815                      0.0                           
BR_OIII_b_W80_CORR            2157.351679                   3.541815                      0.0                           
BR_OII_AMP                    1.482938                      0.090994                      0.0                           
BR_OII_DISP                   519.850874                    8.503895                      0.0                           
BR_OII_DISP_CORR              497.814050                    8.503895                      0.0                           
BR_OII_DISP_RES               149.753475                    nan                           nan                           
BR_OII_EW                     13.741374                     0.896621                      0.0                           
BR_OII_FLUX                   -15.483093                    0.028087                      0.0                           
BR_OII_FWHM                   1224.905329                   19.997343                     0.0                           
BR_OII_FWHM_CORR              1173.046658                   19.997343                     0.0                           
BR_OII_LUM                    41.126696                     0.028087                      0.0                           
BR_OII_NPIX                   26.000000                     0.855734                      0.0                           
BR_OII_SNR                    7.207586                      0.442243                      0.0                           
BR_OII_VOFF                   -3.414508                     2.571029                      0.0                           
BR_OII_W80                    1364.210545                   22.369760                     0.0                           
BR_OII_W80_CORR               1308.928513                   22.369760                     0.0                           
BR_OPT_FEII_AMP               1.003573                      0.292987                      0.0                           
BR_OPT_FEII_DISP              505.104940                    0.729996                      0.0                           
BR_OPT_FEII_TEMPLATE_EW       19.002093                     5.567969                      0.0                           
BR_OPT_FEII_TEMPLATE_FLUX     -15.336669                    0.196496                      0.0                           
BR_OPT_FEII_TEMPLATE_LUM      41.273120                     0.196496                      0.0                           
BR_OPT_FEII_VOFF              26.500110                     0.890989                      0.0                           
HOST_FRAC_4000                -0.171741                     0.006489                      1.0                           
HOST_FRAC_7000                0.820540                      0.027923                      0.0                           
H_ALPHA_COMP_DISP             579.143212                    10.490792                     0.0                           
H_ALPHA_COMP_DISP_CORR        572.646890                    10.490792                     0.0                           
H_ALPHA_COMP_DISP_RES         86.500862                     nan                           nan                           
H_ALPHA_COMP_EW               65.932236                     2.230863                      0.0                           
H_ALPHA_COMP_FLUX             -14.791273                    0.014460                      0.0                           
H_ALPHA_COMP_FWHM             1364.356415                   24.719923                     0.0                           
H_ALPHA_COMP_FWHM_CORR        1349.065566                   24.719923                     0.0                           
H_ALPHA_COMP_LUM              41.818515                     0.014460                      0.0                           
H_ALPHA_COMP_NPIX             38.000000                     0.948533                      0.0                           
H_ALPHA_COMP_SNR              11.948166                     0.471734                      0.0                           
H_ALPHA_COMP_VOFF             70.992914                     10.871626                     0.0                           
H_ALPHA_COMP_W80              1519.653197                   27.441460                     0.0                           
H_ALPHA_COMP_W80_CORR         1503.343159                   27.441460                     0.0                           
H_BETA_COMP_DISP              618.817407                    2.448109                      0.0                           
H_BETA_COMP_DISP_CORR         607.612714                    2.448109                      0.0                           
H_BETA_COMP_DISP_RES          117.225310                    nan                           nan                           
H_BETA_COMP_EW                15.973175                     0.985890                      0.0                           
H_BETA_COMP_FLUX              -15.409126                    0.026627                      0.0                           
H_BETA_COMP_FWHM              1458.874055                   5.751277                      0.0                           
H_BETA_COMP_FWHM_CORR         1432.520238                   5.751277                      0.0                           
H_BETA_COMP_LUM               41.200663                     0.026627                      0.0                           
H_BETA_COMP_NPIX              30.000000                     0.837673                      0.0                           
H_BETA_COMP_SNR               4.109795                      0.262314                      0.0                           
H_BETA_COMP_VOFF              42.585788                     1.572641                      0.0                           
H_BETA_COMP_W80               1624.623219                   6.352000                      0.0                           
H_BETA_COMP_W80_CORR          1596.511615                   6.352000                      0.0                           
LOG_LIKE                      2.415402                      0.414862                      0.0                           
L_CONT_AGN_3000               43.470956                     0.003554                      0.0                           
L_CONT_AGN_5100               43.698734                     0.001832                      0.0                           
L_CONT_HOST_3000              0.000000                      0.000000                      1.0                           
L_CONT_HOST_5100              43.377002                     0.035313                      0.0                           
L_CONT_TOT_3000               43.470956                     0.003554                      0.0                           
L_CONT_TOT_5100               43.698734                     0.001832                      0.0                           
NA_H_ALPHA_AMP                0.000000                      0.000000                      2.0                           
NA_H_ALPHA_DISP               50.092608                     0.000000                      0.0                           
NA_H_ALPHA_DISP_CORR          0.000000                      0.000000                      0.0                           
NA_H_ALPHA_DISP_RES           86.500862                     nan                           nan                           
NA_H_ALPHA_EW                 0.000000                      0.000000                      1.0                           
NA_H_ALPHA_FLUX               0.000000                      0.000000                      0.0                           
NA_H_ALPHA_FWHM               0.000000                      0.000000                      0.0                           
NA_H_ALPHA_FWHM_CORR          0.000000                      0.000000                      0.0                           
NA_H_ALPHA_LUM                0.000000                      0.000000                      1.0                           
NA_H_ALPHA_NPIX               0.000000                      0.000000                      0.0                           
NA_H_ALPHA_SNR                0.000000                      0.000000                      0.0                           
NA_H_ALPHA_VOFF               -0.502939                     0.000000                      1.0                           
NA_H_ALPHA_W80                0.000000                      0.000000                      0.0                           
NA_H_ALPHA_W80_CORR           0.000000                      0.000000                      0.0                           
NA_H_BETA_AMP                 0.000000                      0.000000                      2.0                           
NA_H_BETA_DISP                50.439064                     0.000000                      0.0                           
NA_H_BETA_DISP_CORR           0.000000                      0.000000                      0.0                           
NA_H_BETA_DISP_RES            117.225310                    nan                           nan                           
NA_H_BETA_EW                  0.000000                      0.000000                      1.0                           
NA_H_BETA_FLUX                0.000000                      0.000000                      0.0                           
NA_H_BETA_FWHM                0.000000                      0.000000                      0.0                           
NA_H_BETA_FWHM_CORR           0.000000                      0.000000                      0.0                           
NA_H_BETA_LUM                 0.000000                      0.000000                      1.0                           
NA_H_BETA_NPIX                0.000000                      0.000000                      0.0                           
NA_H_BETA_SNR                 0.000000                      0.000000                      0.0                           
NA_H_BETA_VOFF                1.030754                      0.000000                      1.0                           
NA_H_BETA_W80                 0.000000                      0.000000                      0.0                           
NA_H_BETA_W80_CORR            0.000000                      0.000000                      0.0                           
NA_OIII_a_AMP                 0.015628                      0.159984                      1.0                           
NA_OIII_a_DISP                282.784734                    0.129217                      0.0                           
NA_OIII_a_DISP_CORR           258.381029                    0.129217                      0.0                           
NA_OIII_a_DISP_RES            114.919317                    nan                           nan                           
NA_OIII_a_EW                  0.101135                      1.034420                      1.0                           
NA_OIII_a_FLUX                -17.609768                    0.000000                      0.0                           
NA_OIII_a_FWHM                669.440734                    329.223052                    0.0                           
NA_OIII_a_FWHM_CORR           612.307144                    329.223052                    0.0                           
NA_OIII_a_LUM                 39.000020                     0.000000                      0.0                           
NA_OIII_a_NPIX                0.000000                      2.178848                      0.0                           
NA_OIII_a_SNR                 0.075466                      0.772564                      0.0                           
NA_OIII_a_VOFF                8.072363                      0.447663                      0.0                           
NA_OIII_a_W80                 742.984570                    363.936143                    0.0                           
NA_OIII_a_W80_CORR            681.910785                    363.936143                    0.0                           
NA_OIII_b_AMP                 23.307004                     0.000080                      0.0                           
NA_OIII_b_DISP                0.000000                      0.000000                      2.0                           
NA_OIII_b_DISP_CORR           0.000000                      0.000000                      2.0                           
NA_OIII_b_DISP_RES            113.174985                    nan                           nan                           
NA_OIII_b_EW                  0.000000                      0.000000                      1.0                           
NA_OIII_b_FLUX                0.000000                      0.000000                      0.0                           
NA_OIII_b_FWHM                0.000000                      0.000000                      0.0                           
NA_OIII_b_FWHM_CORR           0.000000                      0.000000                      0.0                           
NA_OIII_b_LUM                 0.000000                      0.000000                      1.0                           
NA_OIII_b_NPIX                0.000000                      0.000000                      0.0                           
NA_OIII_b_SNR                 0.000000                      0.000000                      0.0                           
NA_OIII_b_VOFF                10.671410                     0.000000                      0.0                           
NA_OIII_b_W80                 0.000000                      0.000000                      0.0                           
NA_OIII_b_W80_CORR            0.000000                      0.000000                      0.0                           
NA_OII_AMP                    0.000002                      0.000000                      0.0                           
NA_OII_DISP                   498.780850                    0.000000                      1.0                           
NA_OII_DISP_CORR              475.769096                    0.000000                      1.0                           
NA_OII_DISP_RES               149.753475                    nan                           nan                           
NA_OII_EW                     0.000000                      0.000000                      1.0                           
NA_OII_FLUX                   0.000000                      0.000000                      0.0                           
NA_OII_FWHM                   0.000000                      0.000000                      0.0                           
NA_OII_FWHM_CORR              0.000000                      0.000000                      0.0                           
NA_OII_LUM                    0.000000                      0.000000                      1.0                           
NA_OII_NPIX                   0.000000                      0.000000                      0.0                           
NA_OII_SNR                    0.000000                      0.000000                      0.0                           
NA_OII_VOFF                   -3.111353                     0.000000                      0.0                           
NA_OII_W80                    0.000000                      0.000000                      0.0                           
NA_OII_W80_CORR               0.000000                      0.000000                      0.0                           
NA_OPT_FEII_AMP               0.035238                      0.113945                      1.0                           
NA_OPT_FEII_DISP              11.989432                     0.005332                      0.0                           
NA_OPT_FEII_TEMPLATE_EW       0.945889                      3.065157                      1.0                           
NA_OPT_FEII_TEMPLATE_FLUX     -16.638486                    0.000000                      1.0                           
NA_OPT_FEII_TEMPLATE_LUM      39.971303                     0.000000                      1.0                           
NA_OPT_FEII_VOFF              2.365678                      0.117761                      0.0                           
OIII_a_COMP_DISP              498.420588                    18.764412                     0.0                           
OIII_a_COMP_DISP_CORR         484.991375                    18.764412                     0.0                           
OIII_a_COMP_DISP_RES          114.919317                    nan                           nan                           
OIII_a_COMP_EW                10.952453                     0.979492                      0.0                           
OIII_a_COMP_FLUX              -15.575155                    0.039824                      0.0                           
OIII_a_COMP_FWHM              1170.111214                   89.043946                     0.0                           
OIII_a_COMP_FWHM_CORR         1138.388947                   89.043946                     0.0                           
OIII_a_COMP_LUM               41.034634                     0.039824                      0.0                           
OIII_a_COMP_NPIX              23.000000                     1.694082                      0.0                           
OIII_a_COMP_SNR               3.507644                      0.363837                      0.0                           
OIII_a_COMP_VOFF              3.153360                      1.943408                      0.0                           
OIII_a_COMP_W80               1306.918948                   57.591883                     0.0                           
OIII_a_COMP_W80_CORR          1273.190238                   57.591883                     0.0                           
OIII_b_COMP_DISP              829.416833                    1.369403                      0.0                           
OIII_b_COMP_DISP_CORR         821.659118                    1.369403                      0.0                           
OIII_b_COMP_DISP_RES          113.174985                    nan                           nan                           
OIII_b_COMP_EW                44.095817                     1.870651                      0.0                           
OIII_b_COMP_FLUX              -14.972123                    0.017983                      0.0                           
OIII_b_COMP_FWHM              1953.527514                   3.241006                      0.0                           
OIII_b_COMP_FWHM_CORR         1935.263580                   3.241006                      0.0                           
OIII_b_COMP_LUM               41.637665                     0.017983                      0.0                           
OIII_b_COMP_NPIX              48.000000                     0.932587                      0.0                           
OIII_b_COMP_SNR               6.933676                      0.322521                      0.0                           
OIII_b_COMP_VOFF              188.331911                    1.431895                      0.0                           
OIII_b_COMP_W80               2176.825268                   3.541815                      0.0                           
OIII_b_COMP_W80_CORR          2157.351679                   3.541815                      0.0                           
OII_COMP_DISP                 519.845229                    8.503996                      0.0                           
OII_COMP_DISP_CORR            497.808154                    8.503996                      0.0                           
OII_COMP_DISP_RES             149.753475                    nan                           nan                           
OII_COMP_EW                   13.741374                     0.896621                      0.0                           
OII_COMP_FLUX                 -15.483093                    0.028087                      0.0                           
OII_COMP_FWHM                 1224.905329                   19.997343                     0.0                           
OII_COMP_FWHM_CORR            1173.046658                   19.997343                     0.0                           
OII_COMP_LUM                  41.126696                     0.028087                      0.0                           
OII_COMP_NPIX                 26.000000                     0.855734                      0.0                           
OII_COMP_SNR                  4.888089                      0.305219                      0.0                           
OII_COMP_VOFF                 -3.414514                     2.571085                      0.0                           
OII_COMP_W80                  1364.210545                   22.369760                     0.0                           
OII_COMP_W80_CORR             1308.928513                   22.369760                     0.0                           
POWER_AMP                     1.185571                      0.075369                      0.0                           
POWER_SLOPE                   -3.358364                     0.197366                      0.0                           
RCHI_SQUARED                  0.760458                      0.005083                      0.0                           
R_SQUARED                     0.995725                      0.000022                      0.0                           
NOISE_STD                     0.202168                                                                                  
RESID_STD                     0.163171                                                                                  
--------------------------------------------------------------------------------------

 Initializing parameters for MCMC.
----------------------------------------------------------------------------------------------------
	- Fitting additive legendre polynomial component.
	- Fitting Simple AGN power-law continuum.
	- Fitting broad and narrow optical FeII using Veron-Cetty et al. (2004) optical FeII templates
	 		* varying optical FeII amplitudes
	 		* varying optical FeII dispersion.
	 		* varying optical FeII voff

 Warning! Peak finding algorithm used for initial guesses of amplitude and velocity failed! Defaulting to user-defined locations...

 Warning! Peak finding algorithm used for initial guesses of amplitude and velocity failed! Defaulting to user-defined locations...

----------------------------------------------------------------------------------------------------------------------------------------

----------------------------------------------------------------------------------------------------------------------------------------

 Line List:

----------------------------------------------------------------------------------------------------------------------------------------
BR_H_ALPHA                                                                                
                              amp                           free                          
                              center                        6551                          
                              center_pix                    3205.02770190565              
                              disp                          free                          
                              disp_res_ang                  1.8901981521709155            
                              disp_res_kms                  86.50086248609018             
                              line_profile                  gaussian                      
                              line_type                     br                            
                              ncomp                         1                             
                              voff                          free                          
BR_H_BETA                                                                                 
                              amp                           free                          
                              center                        4834                          
                              center_pix                    1975.0580474316384            
                              disp                          free                          
                              disp_res_ang                  1.8901981521709155            
                              disp_res_kms                  117.22531033230798            
                              line_profile                  gaussian                      
                              line_type                     br                            
                              ncomp                         1                             
                              voff                          free                          
BR_OII                                                                                    
                              amp                           free                          
                              center                        3784                          
                              center_pix                    984.0496014413933             
                              disp                          free                          
                              disp_res_ang                  1.8901981521709155            
                              disp_res_kms                  149.75347519724545            
                              line_profile                  gaussian                      
                              line_type                     br                            
                              ncomp                         1                             
                              voff                          free                          
BR_OIII_a                                                                                 
                              amp                           free                          
                              center                        4931                          
                              center_pix                    2055.456053350012             
                              disp                          free                          
                              disp_res_ang                  1.8901981521709155            
                              disp_res_kms                  114.91931659833234            
                              line_profile                  gaussian                      
                              line_type                     br                            
                              ncomp                         1                             
                              voff                          free                          
BR_OIII_b                                                                                 
                              amp                           free                          
                              center                        5007                          
                              center_pix                    2117.3509323990406            
                              disp                          free                          
                              disp_res_ang                  1.8901981521709155            
                              disp_res_kms                  113.17498505020507            
                              line_profile                  gaussian                      
                              line_type                     br                            
                              ncomp                         1                             
                              voff                          free                          
NA_H_ALPHA                                                                                
                              amp                           free                          
                              center                        6551                          
                              center_pix                    3205.02770190565              
                              disp                          free                          
                              disp_res_ang                  1.8901981521709155            
                              disp_res_kms                  86.50086248609018             
                              label                         [H$\alpha$]                   
                              line_profile                  gaussian                      
                              line_type                     na                            
                              ncomp                         1                             
                              voff                          free                          
NA_H_BETA                                                                                 
                              amp                           free                          
                              center                        4834                          
                              center_pix                    1975.0580474316384            
                              disp                          free                          
                              disp_res_ang                  1.8901981521709155            
                              disp_res_kms                  117.22531033230798            
                              label                         H$\beta$                      
                              line_profile                  gaussian                      
                              line_type                     na                            
                              ncomp                         1                             
                              voff                          free                          
NA_OII                                                                                    
                              amp                           free                          
                              center                        3784                          
                              center_pix                    984.0496014413933             
                              disp                          free                          
                              disp_res_ang                  1.8901981521709155            
                              disp_res_kms                  149.75347519724545            
                              label                         [OII]                         
                              line_profile                  gaussian                      
                              line_type                     na                            
                              ncomp                         1                             
                              voff                          free                          
NA_OIII_a                                                                                 
                              amp                           free                          
                              center                        4931                          
                              center_pix                    2055.456053350012             
                              disp                          free                          
                              disp_res_ang                  1.8901981521709155            
                              disp_res_kms                  114.91931659833234            
                              label                         [OIIIa]                       
                              line_profile                  gaussian                      
                              line_type                     na                            
                              ncomp                         1                             
                              voff                          free                          
NA_OIII_b                                                                                 
                              amp                           free                          
                              center                        5007                          
                              center_pix                    2117.3509323990406            
                              disp                          free                          
                              disp_res_ang                  1.8901981521709155            
                              disp_res_kms                  113.17498505020507            
                              label                         [OIIIb]                       
                              line_profile                  gaussian                      
                              line_type                     na                            
                              ncomp                         1                             
                              voff                          free                          

----------------------------------------------------------------------------------------------------------------------------------------

 Number of Free Line Parameters: 30

----------------------------------------------------------------------------------------------------------------------------------------

 All Free Parameters:

----------------------------------------------------------------------------------------------------------------------------------------
APOLY_COEFF_1                                                                             
                              init                          0.0                           
                              plim                          (-100.0, 100.0)               
APOLY_COEFF_2                                                                             
                              init                          0.0                           
                              plim                          (-100.0, 100.0)               
APOLY_COEFF_3                                                                             
                              init                          0.0                           
                              plim                          (-100.0, 100.0)               
APOLY_COEFF_4                                                                             
                              init                          0.0                           
                              plim                          (-100.0, 100.0)               
APOLY_COEFF_5                                                                             
                              init                          0.0                           
                              plim                          (-100.0, 100.0)               
APOLY_COEFF_6                                                                             
                              init                          0.0                           
                              plim                          (-100.0, 100.0)               
APOLY_COEFF_7                                                                             
                              init                          0.0                           
                              plim                          (-100.0, 100.0)               
BR_H_ALPHA_AMP                                                                            
                              init                          0.9446666214292693            
                              plim                          (0, 1000)                     
BR_H_ALPHA_DISP                                                                           
                              init                          500.0                         
                              plim                          (500, 4000)                   
BR_H_ALPHA_VOFF                                                                           
                              init                          0.0                           
                              plim                          (-1000, 1000)                 
                              prior                         {'type': 'gaussian'}          
BR_H_BETA_AMP                                                                             
                              init                          0.5394121181515557            
                              plim                          (0, 1000)                     
BR_H_BETA_DISP                                                                            
                              init                          500.0                         
                              plim                          (500, 4000)                   
BR_H_BETA_VOFF                                                                            
                              init                          0.0                           
                              plim                          (-1000, 1000)                 
                              prior                         {'type': 'gaussian'}          
BR_OIII_a_AMP                                                                             
                              init                          0.5284858076131044            
                              plim                          (0, 1000)                     
BR_OIII_a_DISP                                                                            
                              init                          500.0                         
                              plim                          (500, 4000)                   
BR_OIII_a_VOFF                                                                            
                              init                          0.0                           
                              plim                          (-1000, 1000)                 
                              prior                         {'type': 'gaussian'}          
BR_OIII_b_AMP                                                                             
                              init                          0.7325885675393806            
                              plim                          (0, 1000)                     
BR_OIII_b_DISP                                                                            
                              init                          500.0                         
                              plim                          (500, 4000)                   
BR_OIII_b_VOFF                                                                            
                              init                          0.0                           
                              plim                          (-1000, 1000)                 
                              prior                         {'type': 'gaussian'}          
BR_OII_AMP                                                                                
                              init                          0.5781848041993861            
                              plim                          (0, 1000)                     
BR_OII_DISP                                                                               
                              init                          500.0                         
                              plim                          (500, 4000)                   
BR_OII_VOFF                                                                               
                              init                          0.0                           
                              plim                          (-1000, 1000)                 
                              prior                         {'type': 'gaussian'}          
BR_OPT_FEII_AMP                                                                           
                              init                          0.03809078645859439           
                              plim                          (0, 1.4999988997861693)       
BR_OPT_FEII_DISP                                                                          
                              init                          500.0                         
                              plim                          (500.0, 5000.0)               
BR_OPT_FEII_VOFF                                                                          
                              init                          0.0                           
                              plim                          (-500.0, 500.0)               
NA_H_ALPHA_AMP                                                                            
                              init                          0.9446666214292693            
                              plim                          (0, 1000)                     
NA_H_ALPHA_DISP                                                                           
                              init                          50.0                          
                              plim                          (0, 500)                      
NA_H_ALPHA_VOFF                                                                           
                              init                          0.0                           
                              plim                          (-500, 500)                   
                              prior                         {'type': 'gaussian'}          
NA_H_BETA_AMP                                                                             
                              init                          0.5394121181515557            
                              plim                          (0, 1000)                     
NA_H_BETA_DISP                                                                            
                              init                          50.0                          
                              plim                          (0, 500)                      
NA_H_BETA_VOFF                                                                            
                              init                          0.0                           
                              plim                          (-500, 500)                   
                              prior                         {'type': 'gaussian'}          
NA_OIII_a_AMP                                                                             
                              init                          0.5284858076131044            
                              plim                          (0, 1000)                     
NA_OIII_a_DISP                                                                            
                              init                          50.0                          
                              plim                          (0, 500)                      
NA_OIII_a_VOFF                                                                            
                              init                          0.0                           
                              plim                          (-500, 500)                   
                              prior                         {'type': 'gaussian'}          
NA_OIII_b_AMP                                                                             
                              init                          0.7325885675393806            
                              plim                          (0, 1000)                     
NA_OIII_b_DISP                                                                            
                              init                          50.0                          
                              plim                          (0, 500)                      
NA_OIII_b_VOFF                                                                            
                              init                          0.0                           
                              plim                          (-500, 500)                   
                              prior                         {'type': 'gaussian'}          
NA_OII_AMP                                                                                
                              init                          0.5781848041993861            
                              plim                          (0, 1000)                     
NA_OII_DISP                                                                               
                              init                          50.0                          
                              plim                          (0, 500)                      
NA_OII_VOFF                                                                               
                              init                          0.0                           
                              plim                          (-500, 500)                   
                              prior                         {'type': 'gaussian'}          
NA_OPT_FEII_AMP                                                                           
                              init                          0.03809078645859439           
                              plim                          (0, 1.4999988997861693)       
NA_OPT_FEII_DISP                                                                          
                              init                          10.0                          
                              plim                          (0.1, 500.0)                  
NA_OPT_FEII_VOFF                                                                          
                              init                          0.0                           
                              plim                          (-500.0, 500.0)               
POWER_AMP                                                                                 
                              init                          0.19045393229297194           
                              plim                          (0, 1.4999988997861693)       
POWER_SLOPE                                                                               
                              init                          -1.0                          
                              plim                          (-6.0, 6.0)                   

----------------------------------------------------------------------------------------------------------------------------------------

 Total number of free parameters: 45

----------------------------------------------------------------------------------------------------------------------------------------

 Soft Constraints:

                 NA_OIII_b_AMP > NA_OIII_a_AMP

----------------------------------------------------------------------------------------------------------------------------------------

----------------------------------------------------------------------------------------------------------------------------------------

 Performing MCMC iterations...
----------------------------------------------------------------------------------------------------
MCMC iteration: 100
MCMC iteration: 200
MCMC iteration: 300
MCMC iteration: 400
MCMC iteration: 500
MCMC iteration: 600
MCMC iteration: 700
MCMC iteration: 800
MCMC iteration: 900
MCMC iteration: 1000

Iteration = 1000             
------------------------------------------------
Parameter                     Current Value       
------------------------------------------------
APOLY_COEFF_1                 0.4806              
APOLY_COEFF_2                 -0.2236             
APOLY_COEFF_3                 0.0641              
APOLY_COEFF_4                 -0.0182             
APOLY_COEFF_5                 -0.0173             
APOLY_COEFF_6                 -0.0097             
APOLY_COEFF_7                 0.0090              
BR_H_ALPHA_AMP                0.5735              
BR_H_ALPHA_DISP               579.1398            
BR_H_ALPHA_VOFF               71.0188             
BR_H_BETA_AMP                 0.2186              
BR_H_BETA_DISP                618.8019            
BR_H_BETA_VOFF                42.5974             
BR_OIII_a_AMP                 0.1464              
BR_OIII_a_DISP                500.1287            
BR_OIII_a_VOFF                3.1532              
BR_OIII_b_AMP                 0.3988              
BR_OIII_b_DISP                829.3293            
BR_OIII_b_VOFF                188.3728            
BR_OII_AMP                    0.2299              
BR_OII_DISP                   519.8391            
BR_OII_VOFF                   -3.4256             
BR_OPT_FEII_AMP               0.2542              
BR_OPT_FEII_DISP              505.0879            
BR_OPT_FEII_VOFF              26.4872             
NA_H_ALPHA_AMP                0.1157              
NA_H_ALPHA_DISP               50.0615             
NA_H_ALPHA_VOFF               -0.4722             
NA_H_BETA_AMP                 0.1056              
NA_H_BETA_DISP                50.4417             
NA_H_BETA_VOFF                1.0590              
NA_OIII_a_AMP                 0.2144              
NA_OIII_a_DISP                282.7894            
NA_OIII_a_VOFF                8.0389              
NA_OIII_b_AMP                 3.6487              
NA_OIII_b_DISP                0.1673              
NA_OIII_b_VOFF                10.7407             
NA_OII_AMP                    0.1045              
NA_OII_DISP                   498.7940            
NA_OII_VOFF                   -3.1198             
NA_OPT_FEII_AMP               0.1920              
NA_OPT_FEII_DISP              11.9554             
NA_OPT_FEII_VOFF              2.3415              
POWER_AMP                     0.1875              
POWER_SLOPE                   -3.2791             
------------------------------------------------
MCMC iteration: 1100

Iteration = 1100             
------------------------------------------------
Parameter                     Current Value       
------------------------------------------------
APOLY_COEFF_1                 0.4760              
APOLY_COEFF_2                 -0.2162             
APOLY_COEFF_3                 0.0630              
APOLY_COEFF_4                 -0.0183             
APOLY_COEFF_5                 -0.0153             
APOLY_COEFF_6                 -0.0084             
APOLY_COEFF_7                 0.0117              
BR_H_ALPHA_AMP                0.5747              
BR_H_ALPHA_DISP               579.1484            
BR_H_ALPHA_VOFF               71.0072             
BR_H_BETA_AMP                 0.2284              
BR_H_BETA_DISP                618.8004            
BR_H_BETA_VOFF                42.5895             
BR_OIII_a_AMP                 0.1518              
BR_OIII_a_DISP                500.1547            
BR_OIII_a_VOFF                3.1577              
BR_OIII_b_AMP                 0.4034              
BR_OIII_b_DISP                829.3187            
BR_OIII_b_VOFF                188.3932            
BR_OII_AMP                    0.2252              
BR_OII_DISP                   519.8391            
BR_OII_VOFF                   -3.4266             
BR_OPT_FEII_AMP               0.2928              
BR_OPT_FEII_DISP              505.0646            
BR_OPT_FEII_VOFF              26.4982             
NA_H_ALPHA_AMP                0.1377              
NA_H_ALPHA_DISP               50.0493             
NA_H_ALPHA_VOFF               -0.4598             
NA_H_BETA_AMP                 0.1224              
NA_H_BETA_DISP                50.4468             
NA_H_BETA_VOFF                1.0718              
NA_OIII_a_AMP                 0.2303              
NA_OIII_a_DISP                282.7993            
NA_OIII_a_VOFF                8.0306              
NA_OIII_b_AMP                 3.6375              
NA_OIII_b_DISP                0.1966              
NA_OIII_b_VOFF                10.7578             
NA_OII_AMP                    0.1203              
NA_OII_DISP                   498.7922            
NA_OII_VOFF                   -3.1249             
NA_OPT_FEII_AMP               0.2153              
NA_OPT_FEII_DISP              11.9447             
NA_OPT_FEII_VOFF              2.3479              
POWER_AMP                     0.1890              
POWER_SLOPE                   -3.2387             
------------------------------------------------
MCMC iteration: 1200

Iteration = 1200             
------------------------------------------------
Parameter                     Current Value       
------------------------------------------------
APOLY_COEFF_1                 0.4718              
APOLY_COEFF_2                 -0.2117             
APOLY_COEFF_3                 0.0608              
APOLY_COEFF_4                 -0.0203             
APOLY_COEFF_5                 -0.0131             
APOLY_COEFF_6                 -0.0062             
APOLY_COEFF_7                 0.0118              
BR_H_ALPHA_AMP                0.5738              
BR_H_ALPHA_DISP               579.1575            
BR_H_ALPHA_VOFF               71.0001             
BR_H_BETA_AMP                 0.2355              
BR_H_BETA_DISP                618.7876            
BR_H_BETA_VOFF                42.5874             
BR_OIII_a_AMP                 0.1537              
BR_OIII_a_DISP                500.1692            
BR_OIII_a_VOFF                3.1692              
BR_OIII_b_AMP                 0.4045              
BR_OIII_b_DISP                829.3014            
BR_OIII_b_VOFF                188.4133            
BR_OII_AMP                    0.2127              
BR_OII_DISP                   519.8444            
BR_OII_VOFF                   -3.4314             
BR_OPT_FEII_AMP               0.3198              
BR_OPT_FEII_DISP              505.0367            
BR_OPT_FEII_VOFF              26.4986             
NA_H_ALPHA_AMP                0.1453              
NA_H_ALPHA_DISP               50.0486             
NA_H_ALPHA_VOFF               -0.4350             
NA_H_BETA_AMP                 0.1357              
NA_H_BETA_DISP                50.4688             
NA_H_BETA_VOFF                1.0917              
NA_OIII_a_AMP                 0.2394              
NA_OIII_a_DISP                282.8004            
NA_OIII_a_VOFF                8.0190              
NA_OIII_b_AMP                 3.6419              
NA_OIII_b_DISP                0.2242              
NA_OIII_b_VOFF                10.7938             
NA_OII_AMP                    0.1325              
NA_OII_DISP                   498.7891            
NA_OII_VOFF                   -3.1242             
NA_OPT_FEII_AMP               0.2411              
NA_OPT_FEII_DISP              11.9416             
NA_OPT_FEII_VOFF              2.3486              
POWER_AMP                     0.1903              
POWER_SLOPE                   -3.2070             
------------------------------------------------
MCMC iteration: 1300

Iteration = 1300             
------------------------------------------------
Parameter                     Current Value       
------------------------------------------------
APOLY_COEFF_1                 0.4680              
APOLY_COEFF_2                 -0.2057             
APOLY_COEFF_3                 0.0592              
APOLY_COEFF_4                 -0.0201             
APOLY_COEFF_5                 -0.0127             
APOLY_COEFF_6                 -0.0028             
APOLY_COEFF_7                 0.0104              
BR_H_ALPHA_AMP                0.5728              
BR_H_ALPHA_DISP               579.1740            
BR_H_ALPHA_VOFF               71.0000             
BR_H_BETA_AMP                 0.2319              
BR_H_BETA_DISP                618.7490            
BR_H_BETA_VOFF                42.5819             
BR_OIII_a_AMP                 0.1564              
BR_OIII_a_DISP                500.1875            
BR_OIII_a_VOFF                3.1921              
BR_OIII_b_AMP                 0.3991              
BR_OIII_b_DISP                829.2749            
BR_OIII_b_VOFF                188.4363            
BR_OII_AMP                    0.2064              
BR_OII_DISP                   519.8404            
BR_OII_VOFF                   -3.4217             
BR_OPT_FEII_AMP               0.3567              
BR_OPT_FEII_DISP              505.0295            
BR_OPT_FEII_VOFF              26.4975             
NA_H_ALPHA_AMP                0.1652              
NA_H_ALPHA_DISP               50.0355             
NA_H_ALPHA_VOFF               -0.4268             
NA_H_BETA_AMP                 0.1460              
NA_H_BETA_DISP                50.4683             
NA_H_BETA_VOFF                1.1003              
NA_OIII_a_AMP                 0.2481              
NA_OIII_a_DISP                282.7989            
NA_OIII_a_VOFF                8.0200              
NA_OIII_b_AMP                 3.6443              
NA_OIII_b_DISP                0.2498              
NA_OIII_b_VOFF                10.7985             
NA_OII_AMP                    0.1458              
NA_OII_DISP                   498.7753            
NA_OII_VOFF                   -3.1098             
NA_OPT_FEII_AMP               0.2594              
NA_OPT_FEII_DISP              11.9532             
NA_OPT_FEII_VOFF              2.3499              
POWER_AMP                     0.1919              
POWER_SLOPE                   -3.1714             
------------------------------------------------
MCMC iteration: 1400

Iteration = 1400             
------------------------------------------------
Parameter                     Current Value       
------------------------------------------------
APOLY_COEFF_1                 0.4636              
APOLY_COEFF_2                 -0.1988             
APOLY_COEFF_3                 0.0559              
APOLY_COEFF_4                 -0.0201             
APOLY_COEFF_5                 -0.0112             
APOLY_COEFF_6                 -0.0018             
APOLY_COEFF_7                 0.0091              
BR_H_ALPHA_AMP                0.5722              
BR_H_ALPHA_DISP               579.1943            
BR_H_ALPHA_VOFF               71.0084             
BR_H_BETA_AMP                 0.2324              
BR_H_BETA_DISP                618.7440            
BR_H_BETA_VOFF                42.5965             
BR_OIII_a_AMP                 0.1602              
BR_OIII_a_DISP                500.2075            
BR_OIII_a_VOFF                3.2034              
BR_OIII_b_AMP                 0.3878              
BR_OIII_b_DISP                829.2476            
BR_OIII_b_VOFF                188.4590            
BR_OII_AMP                    0.2041              
BR_OII_DISP                   519.8490            
BR_OII_VOFF                   -3.4030             
BR_OPT_FEII_AMP               0.3907              
BR_OPT_FEII_DISP              505.0075            
BR_OPT_FEII_VOFF              26.5146             
NA_H_ALPHA_AMP                0.1787              
NA_H_ALPHA_DISP               50.0205             
NA_H_ALPHA_VOFF               -0.4285             
NA_H_BETA_AMP                 0.1613              
NA_H_BETA_DISP                50.4831             
NA_H_BETA_VOFF                1.1100              
NA_OIII_a_AMP                 0.2475              
NA_OIII_a_DISP                282.7931            
NA_OIII_a_VOFF                8.0033              
NA_OIII_b_AMP                 3.6411              
NA_OIII_b_DISP                0.2694              
NA_OIII_b_VOFF                10.8275             
NA_OII_AMP                    0.1523              
NA_OII_DISP                   498.7665            
NA_OII_VOFF                   -3.0922             
NA_OPT_FEII_AMP               0.2767              
NA_OPT_FEII_DISP              11.9505             
NA_OPT_FEII_VOFF              2.3335              
POWER_AMP                     0.1930              
POWER_SLOPE                   -3.1352             
------------------------------------------------
MCMC iteration: 1500

Iteration = 1500             
------------------------------------------------
Parameter                     Current Value       
------------------------------------------------
APOLY_COEFF_1                 0.4606              
APOLY_COEFF_2                 -0.1940             
APOLY_COEFF_3                 0.0545              
APOLY_COEFF_4                 -0.0196             
APOLY_COEFF_5                 -0.0117             
APOLY_COEFF_6                 -0.0016             
APOLY_COEFF_7                 0.0062              
BR_H_ALPHA_AMP                0.5631              
BR_H_ALPHA_DISP               579.2028            
BR_H_ALPHA_VOFF               71.0337             
BR_H_BETA_AMP                 0.2393              
BR_H_BETA_DISP                618.7428            
BR_H_BETA_VOFF                42.6086             
BR_OIII_a_AMP                 0.1578              
BR_OIII_a_DISP                500.2247            
BR_OIII_a_VOFF                3.2306              
BR_OIII_b_AMP                 0.3872              
BR_OIII_b_DISP                829.2293            
BR_OIII_b_VOFF                188.4707            
BR_OII_AMP                    0.2024              
BR_OII_DISP                   519.8375            
BR_OII_VOFF                   -3.4069             
BR_OPT_FEII_AMP               0.4036              
BR_OPT_FEII_DISP              505.0005            
BR_OPT_FEII_VOFF              26.5123             
NA_H_ALPHA_AMP                0.1923              
NA_H_ALPHA_DISP               50.0075             
NA_H_ALPHA_VOFF               -0.4044             
NA_H_BETA_AMP                 0.1737              
NA_H_BETA_DISP                50.5161             
NA_H_BETA_VOFF                1.1282              
NA_OIII_a_AMP                 0.2519              
NA_OIII_a_DISP                282.7917            
NA_OIII_a_VOFF                8.0030              
NA_OIII_b_AMP                 3.6358              
NA_OIII_b_DISP                0.2927              
NA_OIII_b_VOFF                10.8541             
NA_OII_AMP                    0.1560              
NA_OII_DISP                   498.7485            
NA_OII_VOFF                   -3.1076             
NA_OPT_FEII_AMP               0.2911              
NA_OPT_FEII_DISP              11.9427             
NA_OPT_FEII_VOFF              2.3259              
POWER_AMP                     0.1956              
POWER_SLOPE                   -3.0954             
------------------------------------------------
MCMC iteration: 1600

Iteration = 1600             
------------------------------------------------
Parameter                     Current Value       
------------------------------------------------
APOLY_COEFF_1                 0.4550              
APOLY_COEFF_2                 -0.1880             
APOLY_COEFF_3                 0.0534              
APOLY_COEFF_4                 -0.0203             
APOLY_COEFF_5                 -0.0093             
APOLY_COEFF_6                 -0.0024             
APOLY_COEFF_7                 0.0050              
BR_H_ALPHA_AMP                0.5627              
BR_H_ALPHA_DISP               579.2146            
BR_H_ALPHA_VOFF               71.0190             
BR_H_BETA_AMP                 0.2466              
BR_H_BETA_DISP                618.7339            
BR_H_BETA_VOFF                42.6166             
BR_OIII_a_AMP                 0.1616              
BR_OIII_a_DISP                500.2367            
BR_OIII_a_VOFF                3.2426              
BR_OIII_b_AMP                 0.3830              
BR_OIII_b_DISP                829.2279            
BR_OIII_b_VOFF                188.4835            
BR_OII_AMP                    0.1904              
BR_OII_DISP                   519.8226            
BR_OII_VOFF                   -3.3977             
BR_OPT_FEII_AMP               0.4162              
BR_OPT_FEII_DISP              505.0078            
BR_OPT_FEII_VOFF              26.4682             
NA_H_ALPHA_AMP                0.2035              
NA_H_ALPHA_DISP               50.0092             
NA_H_ALPHA_VOFF               -0.3668             
NA_H_BETA_AMP                 0.1830              
NA_H_BETA_DISP                50.5367             
NA_H_BETA_VOFF                1.1009              
NA_OIII_a_AMP                 0.2482              
NA_OIII_a_DISP                282.7781            
NA_OIII_a_VOFF                7.9741              
NA_OIII_b_AMP                 3.6301              
NA_OIII_b_DISP                0.3106              
NA_OIII_b_VOFF                10.8596             
NA_OII_AMP                    0.1666              
NA_OII_DISP                   498.7442            
NA_OII_VOFF                   -3.1234             
NA_OPT_FEII_AMP               0.2917              
NA_OPT_FEII_DISP              11.9479             
NA_OPT_FEII_VOFF              2.2890              
POWER_AMP                     0.1988              
POWER_SLOPE                   -3.0419             
------------------------------------------------
MCMC iteration: 1700

Iteration = 1700             
------------------------------------------------
Parameter                     Current Value       
------------------------------------------------
APOLY_COEFF_1                 0.4501              
APOLY_COEFF_2                 -0.1817             
APOLY_COEFF_3                 0.0513              
APOLY_COEFF_4                 -0.0203             
APOLY_COEFF_5                 -0.0101             
APOLY_COEFF_6                 -0.0035             
APOLY_COEFF_7                 0.0068              
BR_H_ALPHA_AMP                0.5620              
BR_H_ALPHA_DISP               579.2315            
BR_H_ALPHA_VOFF               71.0500             
BR_H_BETA_AMP                 0.2520              
BR_H_BETA_DISP                618.7271            
BR_H_BETA_VOFF                42.6227             
BR_OIII_a_AMP                 0.1607              
BR_OIII_a_DISP                500.2459            
BR_OIII_a_VOFF                3.2556              
BR_OIII_b_AMP                 0.3793              
BR_OIII_b_DISP                829.1988            
BR_OIII_b_VOFF                188.4992            
BR_OII_AMP                    0.1938              
BR_OII_DISP                   519.8397            
BR_OII_VOFF                   -3.3510             
BR_OPT_FEII_AMP               0.4337              
BR_OPT_FEII_DISP              504.9992            
BR_OPT_FEII_VOFF              26.4532             
NA_H_ALPHA_AMP                0.2064              
NA_H_ALPHA_DISP               49.9957             
NA_H_ALPHA_VOFF               -0.3461             
NA_H_BETA_AMP                 0.1908              
NA_H_BETA_DISP                50.5802             
NA_H_BETA_VOFF                1.0944              
NA_OIII_a_AMP                 0.2338              
NA_OIII_a_DISP                282.8106            
NA_OIII_a_VOFF                7.9681              
NA_OIII_b_AMP                 3.6469              
NA_OIII_b_DISP                0.3296              
NA_OIII_b_VOFF                10.8617             
NA_OII_AMP                    0.1678              
NA_OII_DISP                   498.7159            
NA_OII_VOFF                   -3.1225             
NA_OPT_FEII_AMP               0.3047              
NA_OPT_FEII_DISP              11.9435             
NA_OPT_FEII_VOFF              2.2461              
POWER_AMP                     0.2003              
POWER_SLOPE                   -2.9946             
------------------------------------------------
MCMC iteration: 1800

Iteration = 1800             
------------------------------------------------
Parameter                     Current Value       
------------------------------------------------
APOLY_COEFF_1                 0.4431              
APOLY_COEFF_2                 -0.1739             
APOLY_COEFF_3                 0.0484              
APOLY_COEFF_4                 -0.0191             
APOLY_COEFF_5                 -0.0101             
APOLY_COEFF_6                 -0.0008             
APOLY_COEFF_7                 0.0072              
BR_H_ALPHA_AMP                0.5636              
BR_H_ALPHA_DISP               579.2450            
BR_H_ALPHA_VOFF               71.0775             
BR_H_BETA_AMP                 0.2621              
BR_H_BETA_DISP                618.7134            
BR_H_BETA_VOFF                42.6309             
BR_OIII_a_AMP                 0.1660              
BR_OIII_a_DISP                500.2573            
BR_OIII_a_VOFF                3.2786              
BR_OIII_b_AMP                 0.3759              
BR_OIII_b_DISP                829.2009            
BR_OIII_b_VOFF                188.5306            
BR_OII_AMP                    0.1964              
BR_OII_DISP                   519.8332            
BR_OII_VOFF                   -3.3209             
BR_OPT_FEII_AMP               0.4574              
BR_OPT_FEII_DISP              505.0099            
BR_OPT_FEII_VOFF              26.4574             
NA_H_ALPHA_AMP                0.2143              
NA_H_ALPHA_DISP               49.9817             
NA_H_ALPHA_VOFF               -0.3050             
NA_H_BETA_AMP                 0.2008              
NA_H_BETA_DISP                50.6146             
NA_H_BETA_VOFF                1.1060              
NA_OIII_a_AMP                 0.2331              
NA_OIII_a_DISP                282.8182            
NA_OIII_a_VOFF                7.9729              
NA_OIII_b_AMP                 3.6464              
NA_OIII_b_DISP                0.3459              
NA_OIII_b_VOFF                10.8717             
NA_OII_AMP                    0.1748              
NA_OII_DISP                   498.6975            
NA_OII_VOFF                   -3.1180             
NA_OPT_FEII_AMP               0.3164              
NA_OPT_FEII_DISP              11.9391             
NA_OPT_FEII_VOFF              2.2656              
POWER_AMP                     0.2047              
POWER_SLOPE                   -2.9180             
------------------------------------------------
MCMC iteration: 1900

Iteration = 1900             
------------------------------------------------
Parameter                     Current Value       
------------------------------------------------
APOLY_COEFF_1                 0.4375              
APOLY_COEFF_2                 -0.1704             
APOLY_COEFF_3                 0.0481              
APOLY_COEFF_4                 -0.0201             
APOLY_COEFF_5                 -0.0112             
APOLY_COEFF_6                 -0.0014             
APOLY_COEFF_7                 0.0090              
BR_H_ALPHA_AMP                0.5625              
BR_H_ALPHA_DISP               579.2420            
BR_H_ALPHA_VOFF               71.1217             
BR_H_BETA_AMP                 0.2589              
BR_H_BETA_DISP                618.7265            
BR_H_BETA_VOFF                42.6507             
BR_OIII_a_AMP                 0.1697              
BR_OIII_a_DISP                500.2788            
BR_OIII_a_VOFF                3.3108              
BR_OIII_b_AMP                 0.3814              
BR_OIII_b_DISP                829.1961            
BR_OIII_b_VOFF                188.5584            
BR_OII_AMP                    0.1870              
BR_OII_DISP                   519.8419            
BR_OII_VOFF                   -3.3437             
BR_OPT_FEII_AMP               0.4522              
BR_OPT_FEII_DISP              505.0087            
BR_OPT_FEII_VOFF              26.4176             
NA_H_ALPHA_AMP                0.2299              
NA_H_ALPHA_DISP               50.0007             
NA_H_ALPHA_VOFF               -0.2583             
NA_H_BETA_AMP                 0.2100              
NA_H_BETA_DISP                50.6201             
NA_H_BETA_VOFF                1.0832              
NA_OIII_a_AMP                 0.2298              
NA_OIII_a_DISP                282.8132            
NA_OIII_a_VOFF                7.9805              
NA_OIII_b_AMP                 3.6469              
NA_OIII_b_DISP                0.3826              
NA_OIII_b_VOFF                10.8713             
NA_OII_AMP                    0.1708              
NA_OII_DISP                   498.6486            
NA_OII_VOFF                   -3.1593             
NA_OPT_FEII_AMP               0.3214              
NA_OPT_FEII_DISP              11.8991             
NA_OPT_FEII_VOFF              2.2947              
POWER_AMP                     0.2080              
POWER_SLOPE                   -2.8747             
------------------------------------------------
MCMC iteration: 2000

Iteration = 2000             
------------------------------------------------
Parameter                     Current Value       
------------------------------------------------
APOLY_COEFF_1                 0.4360              
APOLY_COEFF_2                 -0.1665             
APOLY_COEFF_3                 0.0468              
APOLY_COEFF_4                 -0.0214             
APOLY_COEFF_5                 -0.0113             
APOLY_COEFF_6                 -0.0015             
APOLY_COEFF_7                 0.0089              
BR_H_ALPHA_AMP                0.5578              
BR_H_ALPHA_DISP               579.2286            
BR_H_ALPHA_VOFF               71.0981             
BR_H_BETA_AMP                 0.2563              
BR_H_BETA_DISP                618.7125            
BR_H_BETA_VOFF                42.6169             
BR_OIII_a_AMP                 0.1669              
BR_OIII_a_DISP                500.2984            
BR_OIII_a_VOFF                3.3322              
BR_OIII_b_AMP                 0.3832              
BR_OIII_b_DISP                829.2079            
BR_OIII_b_VOFF                188.5968            
BR_OII_AMP                    0.1895              
BR_OII_DISP                   519.8555            
BR_OII_VOFF                   -3.3228             
BR_OPT_FEII_AMP               0.4752              
BR_OPT_FEII_DISP              505.0368            
BR_OPT_FEII_VOFF              26.3978             
NA_H_ALPHA_AMP                0.2412              
NA_H_ALPHA_DISP               50.0280             
NA_H_ALPHA_VOFF               -0.2468             
NA_H_BETA_AMP                 0.2158              
NA_H_BETA_DISP                50.6217             
NA_H_BETA_VOFF                1.0826              
NA_OIII_a_AMP                 0.2356              
NA_OIII_a_DISP                282.8373            
NA_OIII_a_VOFF                7.9943              
NA_OIII_b_AMP                 3.6774              
NA_OIII_b_DISP                0.4027              
NA_OIII_b_VOFF                10.9028             
NA_OII_AMP                    0.1708              
NA_OII_DISP                   498.6119            
NA_OII_VOFF                   -3.1397             
NA_OPT_FEII_AMP               0.3237              
NA_OPT_FEII_DISP              11.9099             
NA_OPT_FEII_VOFF              2.2538              
POWER_AMP                     0.2104              
POWER_SLOPE                   -2.8532             
------------------------------------------------
MCMC iteration: 2100

Iteration = 2100             
------------------------------------------------
Parameter                     Current Value       
------------------------------------------------
APOLY_COEFF_1                 0.4327              
APOLY_COEFF_2                 -0.1629             
APOLY_COEFF_3                 0.0458              
APOLY_COEFF_4                 -0.0222             
APOLY_COEFF_5                 -0.0120             
APOLY_COEFF_6                 -0.0028             
APOLY_COEFF_7                 0.0085              
BR_H_ALPHA_AMP                0.5589              
BR_H_ALPHA_DISP               579.2344            
BR_H_ALPHA_VOFF               71.1059             
BR_H_BETA_AMP                 0.2610              
BR_H_BETA_DISP                618.7173            
BR_H_BETA_VOFF                42.6058             
BR_OIII_a_AMP                 0.1697              
BR_OIII_a_DISP                500.3198            
BR_OIII_a_VOFF                3.3412              
BR_OIII_b_AMP                 0.3804              
BR_OIII_b_DISP                829.1514            
BR_OIII_b_VOFF                188.5931            
BR_OII_AMP                    0.1909              
BR_OII_DISP                   519.8418            
BR_OII_VOFF                   -3.2737             
BR_OPT_FEII_AMP               0.4860              
BR_OPT_FEII_DISP              505.0182            
BR_OPT_FEII_VOFF              26.4305             
NA_H_ALPHA_AMP                0.2492              
NA_H_ALPHA_DISP               50.0363             
NA_H_ALPHA_VOFF               -0.2645             
NA_H_BETA_AMP                 0.2187              
NA_H_BETA_DISP                50.6178             
NA_H_BETA_VOFF                1.0637              
NA_OIII_a_AMP                 0.2313              
NA_OIII_a_DISP                282.8452            
NA_OIII_a_VOFF                7.9278              
NA_OIII_b_AMP                 3.6691              
NA_OIII_b_DISP                0.4123              
NA_OIII_b_VOFF                10.9156             
NA_OII_AMP                    0.1677              
NA_OII_DISP                   498.5737            
NA_OII_VOFF                   -3.1568             
NA_OPT_FEII_AMP               0.3345              
NA_OPT_FEII_DISP              11.8945             
NA_OPT_FEII_VOFF              2.2632              
POWER_AMP                     0.2107              
POWER_SLOPE                   -2.8301             
------------------------------------------------
MCMC iteration: 2200

Iteration = 2200             
------------------------------------------------
Parameter                     Current Value       
------------------------------------------------
APOLY_COEFF_1                 0.4268              
APOLY_COEFF_2                 -0.1568             
APOLY_COEFF_3                 0.0444              
APOLY_COEFF_4                 -0.0227             
APOLY_COEFF_5                 -0.0094             
APOLY_COEFF_6                 -0.0029             
APOLY_COEFF_7                 0.0089              
BR_H_ALPHA_AMP                0.5573              
BR_H_ALPHA_DISP               579.2566            
BR_H_ALPHA_VOFF               71.1359             
BR_H_BETA_AMP                 0.2639              
BR_H_BETA_DISP                618.7285            
BR_H_BETA_VOFF                42.5874             
BR_OIII_a_AMP                 0.1674              
BR_OIII_a_DISP                500.3385            
BR_OIII_a_VOFF                3.3725              
BR_OIII_b_AMP                 0.3732              
BR_OIII_b_DISP                829.1199            
BR_OIII_b_VOFF                188.6199            
BR_OII_AMP                    0.1831              
BR_OII_DISP                   519.8518            
BR_OII_VOFF                   -3.2505             
BR_OPT_FEII_AMP               0.5105              
BR_OPT_FEII_DISP              505.0273            
BR_OPT_FEII_VOFF              26.4406             
NA_H_ALPHA_AMP                0.2627              
NA_H_ALPHA_DISP               50.0534             
NA_H_ALPHA_VOFF               -0.2672             
NA_H_BETA_AMP                 0.2309              
NA_H_BETA_DISP                50.6013             
NA_H_BETA_VOFF                1.0295              
NA_OIII_a_AMP                 0.2267              
NA_OIII_a_DISP                282.8984            
NA_OIII_a_VOFF                7.9042              
NA_OIII_b_AMP                 3.7323              
NA_OIII_b_DISP                0.4320              
NA_OIII_b_VOFF                10.8866             
NA_OII_AMP                    0.1693              
NA_OII_DISP                   498.5234            
NA_OII_VOFF                   -3.1383             
NA_OPT_FEII_AMP               0.3459              
NA_OPT_FEII_DISP              11.8836             
NA_OPT_FEII_VOFF              2.2936              
POWER_AMP                     0.2119              
POWER_SLOPE                   -2.7841             
------------------------------------------------
MCMC iteration: 2300

Iteration = 2300             
------------------------------------------------
Parameter                     Current Value       
------------------------------------------------
APOLY_COEFF_1                 0.4198              
APOLY_COEFF_2                 -0.1544             
APOLY_COEFF_3                 0.0428              
APOLY_COEFF_4                 -0.0232             
APOLY_COEFF_5                 -0.0081             
APOLY_COEFF_6                 -0.0029             
APOLY_COEFF_7                 0.0066              
BR_H_ALPHA_AMP                0.5530              
BR_H_ALPHA_DISP               579.2650            
BR_H_ALPHA_VOFF               71.1818             
BR_H_BETA_AMP                 0.2691              
BR_H_BETA_DISP                618.7301            
BR_H_BETA_VOFF                42.5977             
BR_OIII_a_AMP                 0.1670              
BR_OIII_a_DISP                500.3460            
BR_OIII_a_VOFF                3.4201              
BR_OIII_b_AMP                 0.3740              
BR_OIII_b_DISP                829.0927            
BR_OIII_b_VOFF                188.6476            
BR_OII_AMP                    0.1785              
BR_OII_DISP                   519.8552            
BR_OII_VOFF                   -3.2316             
BR_OPT_FEII_AMP               0.5344              
BR_OPT_FEII_DISP              505.0262            
BR_OPT_FEII_VOFF              26.4354             
NA_H_ALPHA_AMP                0.2752              
NA_H_ALPHA_DISP               50.0574             
NA_H_ALPHA_VOFF               -0.2576             
NA_H_BETA_AMP                 0.2434              
NA_H_BETA_DISP                50.6143             
NA_H_BETA_VOFF                1.0237              
NA_OIII_a_AMP                 0.2264              
NA_OIII_a_DISP                282.9326            
NA_OIII_a_VOFF                7.8883              
NA_OIII_b_AMP                 3.7183              
NA_OIII_b_DISP                0.4521              
NA_OIII_b_VOFF                10.8782             
NA_OII_AMP                    0.1698              
NA_OII_DISP                   498.4745            
NA_OII_VOFF                   -3.1194             
NA_OPT_FEII_AMP               0.3432              
NA_OPT_FEII_DISP              11.9080             
NA_OPT_FEII_VOFF              2.2600              
POWER_AMP                     0.2138              
POWER_SLOPE                   -2.7405             
------------------------------------------------
MCMC iteration: 2400

Iteration = 2400             
------------------------------------------------
Parameter                     Current Value       
------------------------------------------------
APOLY_COEFF_1                 0.4195              
APOLY_COEFF_2                 -0.1534             
APOLY_COEFF_3                 0.0422              
APOLY_COEFF_4                 -0.0230             
APOLY_COEFF_5                 -0.0094             
APOLY_COEFF_6                 -0.0029             
APOLY_COEFF_7                 0.0057              
BR_H_ALPHA_AMP                0.5419              
BR_H_ALPHA_DISP               579.2881            
BR_H_ALPHA_VOFF               71.2098             
BR_H_BETA_AMP                 0.2704              
BR_H_BETA_DISP                618.6451            
BR_H_BETA_VOFF                42.5830             
BR_OIII_a_AMP                 0.1676              
BR_OIII_a_DISP                500.3570            
BR_OIII_a_VOFF                3.4064              
BR_OIII_b_AMP                 0.3827              
BR_OIII_b_DISP                829.0729            
BR_OIII_b_VOFF                188.6348            
BR_OII_AMP                    0.1744              
BR_OII_DISP                   519.8415            
BR_OII_VOFF                   -3.2084             
BR_OPT_FEII_AMP               0.5330              
BR_OPT_FEII_DISP              504.9961            
BR_OPT_FEII_VOFF              26.3914             
NA_H_ALPHA_AMP                0.2867              
NA_H_ALPHA_DISP               50.0080             
NA_H_ALPHA_VOFF               -0.2122             
NA_H_BETA_AMP                 0.2538              
NA_H_BETA_DISP                50.6493             
NA_H_BETA_VOFF                0.9463              
NA_OIII_a_AMP                 0.2223              
NA_OIII_a_DISP                282.9119            
NA_OIII_a_VOFF                7.9216              
NA_OIII_b_AMP                 3.7406              
NA_OIII_b_DISP                0.4958              
NA_OIII_b_VOFF                10.8797             
NA_OII_AMP                    0.1684              
NA_OII_DISP                   498.4448            
NA_OII_VOFF                   -3.1317             
NA_OPT_FEII_AMP               0.3493              
NA_OPT_FEII_DISP              11.9569             
NA_OPT_FEII_VOFF              2.2494              
POWER_AMP                     0.2141              
POWER_SLOPE                   -2.7601             
------------------------------------------------
MCMC iteration: 2500

Iteration = 2500             
------------------------------------------------
Parameter                     Current Value       
------------------------------------------------
APOLY_COEFF_1                 0.4152              
APOLY_COEFF_2                 -0.1465             
APOLY_COEFF_3                 0.0412              
APOLY_COEFF_4                 -0.0225             
APOLY_COEFF_5                 -0.0085             
APOLY_COEFF_6                 -0.0043             
APOLY_COEFF_7                 0.0070              
BR_H_ALPHA_AMP                0.5417              
BR_H_ALPHA_DISP               579.3164            
BR_H_ALPHA_VOFF               71.2017             
BR_H_BETA_AMP                 0.2670              
BR_H_BETA_DISP                618.6281            
BR_H_BETA_VOFF                42.5358             
BR_OIII_a_AMP                 0.1628              
BR_OIII_a_DISP                500.3831            
BR_OIII_a_VOFF                3.4693              
BR_OIII_b_AMP                 0.3873              
BR_OIII_b_DISP                829.0488            
BR_OIII_b_VOFF                188.7096            
BR_OII_AMP                    0.1744              
BR_OII_DISP                   519.8656            
BR_OII_VOFF                   -3.1962             
BR_OPT_FEII_AMP               0.5284              
BR_OPT_FEII_DISP              505.0592            
BR_OPT_FEII_VOFF              26.3232             
NA_H_ALPHA_AMP                0.3004              
NA_H_ALPHA_DISP               50.0138             
NA_H_ALPHA_VOFF               -0.2200             
NA_H_BETA_AMP                 0.2588              
NA_H_BETA_DISP                50.5988             
NA_H_BETA_VOFF                0.9267              
NA_OIII_a_AMP                 0.2231              
NA_OIII_a_DISP                282.8795            
NA_OIII_a_VOFF                7.9347              
NA_OIII_b_AMP                 3.7146              
NA_OIII_b_DISP                0.5155              
NA_OIII_b_VOFF                10.8327             
NA_OII_AMP                    0.1778              
NA_OII_DISP                   498.3870            
NA_OII_VOFF                   -3.1141             
NA_OPT_FEII_AMP               0.3444              
NA_OPT_FEII_DISP              11.9453             
NA_OPT_FEII_VOFF              2.2574              
POWER_AMP                     0.2168              
POWER_SLOPE                   -2.7078             
------------------------------------------------

 emcee Runtime = 7:58:55. 


 > Fitting MCMC chains...

 Generating model parameter distributions...

		  APOLY_COEFF_1
		  APOLY_COEFF_2
		  APOLY_COEFF_3
		  APOLY_COEFF_4
		  APOLY_COEFF_5
		  APOLY_COEFF_6
		  APOLY_COEFF_7
		  POWER_AMP
		  POWER_SLOPE
		  NA_OPT_FEII_AMP
		  BR_OPT_FEII_AMP
		  NA_OPT_FEII_DISP
		  BR_OPT_FEII_DISP
		  NA_OPT_FEII_VOFF
		  BR_OPT_FEII_VOFF
		  NA_OII_VOFF
		  NA_OII_AMP
		  NA_OII_DISP
		  NA_H_BETA_VOFF
		  NA_H_BETA_AMP
		  NA_H_BETA_DISP
		  NA_OIII_a_VOFF
		  NA_OIII_a_AMP
		  NA_OIII_a_DISP
		  NA_OIII_b_VOFF
		  NA_OIII_b_AMP
		  NA_OIII_b_DISP
		  NA_H_ALPHA_VOFF
		  NA_H_ALPHA_AMP
		  NA_H_ALPHA_DISP
		  BR_H_BETA_VOFF
		  BR_H_BETA_AMP
		  BR_H_BETA_DISP
		  BR_OII_VOFF
		  BR_OII_AMP
		  BR_OII_DISP
		  BR_OIII_a_VOFF
		  BR_OIII_a_AMP
		  BR_OIII_a_DISP
		  BR_OIII_b_VOFF
		  BR_OIII_b_AMP
		  BR_OIII_b_DISP
		  BR_H_ALPHA_VOFF
		  BR_H_ALPHA_AMP
		  BR_H_ALPHA_DISP

 Generating model flux distributions...

		  NA_OPT_FEII_TEMPLATE_FLUX
		  BR_OPT_FEII_TEMPLATE_FLUX
		  NA_OII_FLUX
		  NA_H_BETA_FLUX
		  NA_OIII_a_FLUX
		  NA_OIII_b_FLUX
		  NA_H_ALPHA_FLUX
		  BR_H_BETA_FLUX
		  BR_OII_FLUX
		  BR_OIII_a_FLUX
		  BR_OIII_b_FLUX
		  BR_H_ALPHA_FLUX
		  OII_COMP_FLUX
		  H_BETA_COMP_FLUX
		  OIII_a_COMP_FLUX
		  OIII_b_COMP_FLUX
		  H_ALPHA_COMP_FLUX

 Generating model luminosity distributions...

		  NA_OPT_FEII_TEMPLATE_LUM
		  BR_OPT_FEII_TEMPLATE_LUM
		  NA_OII_LUM
		  NA_H_BETA_LUM
		  NA_OIII_a_LUM
		  NA_OIII_b_LUM
		  NA_H_ALPHA_LUM
		  BR_H_BETA_LUM
		  BR_OII_LUM
		  BR_OIII_a_LUM
		  BR_OIII_b_LUM
		  BR_H_ALPHA_LUM
		  OII_COMP_LUM
		  H_BETA_COMP_LUM
		  OIII_a_COMP_LUM
		  OIII_b_COMP_LUM
		  H_ALPHA_COMP_LUM
		  L_CONT_TOT_3000
		  L_CONT_AGN_3000
		  L_CONT_HOST_3000
		  L_CONT_TOT_5100
		  L_CONT_AGN_5100
		  L_CONT_HOST_5100
		  HOST_FRAC_4000
		  AGN_FRAC_4000
		  HOST_FRAC_7000
		  AGN_FRAC_7000

 Generating model equivalent width distributions...

		  NA_OPT_FEII_TEMPLATE_EW
		  BR_OPT_FEII_TEMPLATE_EW
		  NA_OII_EW
		  NA_H_BETA_EW
		  NA_OIII_a_EW
		  NA_OIII_b_EW
		  NA_H_ALPHA_EW
		  BR_H_BETA_EW
		  BR_OII_EW
		  BR_OIII_a_EW
		  BR_OIII_b_EW
		  BR_H_ALPHA_EW
		  OII_COMP_EW
		  H_BETA_COMP_EW
		  OIII_a_COMP_EW
		  OIII_b_COMP_EW
		  H_ALPHA_COMP_EW

 Generating model integrated velocity moment distributions...

		  NA_OII_FWHM
		  NA_OII_W80
		  NA_H_BETA_FWHM
		  NA_H_BETA_W80
		  NA_OIII_a_FWHM
		  NA_OIII_a_W80
		  NA_OIII_b_FWHM
		  NA_OIII_b_W80
		  NA_H_ALPHA_FWHM
		  NA_H_ALPHA_W80
		  BR_H_BETA_FWHM
		  BR_H_BETA_W80
		  BR_OII_FWHM
		  BR_OII_W80
		  BR_OIII_a_FWHM
		  BR_OIII_a_W80
		  BR_OIII_b_FWHM
		  BR_OIII_b_W80
		  BR_H_ALPHA_FWHM
		  BR_H_ALPHA_W80
		  OII_COMP_FWHM
		  OII_COMP_W80
		  OII_COMP_DISP
		  OII_COMP_VOFF
		  H_BETA_COMP_FWHM
		  H_BETA_COMP_W80
		  H_BETA_COMP_DISP
		  H_BETA_COMP_VOFF
		  OIII_a_COMP_FWHM
		  OIII_a_COMP_W80
		  OIII_a_COMP_DISP
		  OIII_a_COMP_VOFF
		  OIII_b_COMP_FWHM
		  OIII_b_COMP_W80
		  OIII_b_COMP_DISP
		  OIII_b_COMP_VOFF
		  H_ALPHA_COMP_FWHM
		  H_ALPHA_COMP_W80
		  H_ALPHA_COMP_DISP
		  H_ALPHA_COMP_VOFF
		  NA_OII_NPIX
		  NA_H_BETA_NPIX
		  NA_OIII_a_NPIX
		  NA_OIII_b_NPIX
		  NA_H_ALPHA_NPIX
		  BR_H_BETA_NPIX
		  BR_OII_NPIX
		  BR_OIII_a_NPIX
		  BR_OIII_b_NPIX
		  BR_H_ALPHA_NPIX
		  OII_COMP_NPIX
		  H_BETA_COMP_NPIX
		  OIII_a_COMP_NPIX
		  OIII_b_COMP_NPIX
		  H_ALPHA_COMP_NPIX
		  NA_OII_SNR
		  NA_H_BETA_SNR
		  NA_OIII_a_SNR
		  NA_OIII_b_SNR
		  NA_H_ALPHA_SNR
		  BR_H_BETA_SNR
		  BR_OII_SNR
		  BR_OIII_a_SNR
		  BR_OIII_b_SNR
		  BR_H_ALPHA_SNR
		  OII_COMP_SNR
		  H_BETA_COMP_SNR
		  OIII_a_COMP_SNR
		  OIII_b_COMP_SNR
		  H_ALPHA_COMP_SNR
		  R_SQUARED
		  RCHI_SQUARED

 > Saving Data...

 Cleaning up...
----------------------------------------------------------------------------------------------------

 Total Runtime = 8:30:16
 - Done fitting my_sdss! 

End process memory: 2.17930547                    
