wave,flux,model,conti,line
3035.42984316011,93.45681168548765,95.71411009514377,95.71411009514377,1.9331345387678456e-19
3036.128139806521,93.44805248606464,95.65345900788859,95.65345900788859,2.026908946954453e-19
3036.828264249845,93.43931121744902,95.59361351758244,95.59361351758244,2.1254189162305596e-19
3037.5268826011898,93.43057891423712,95.5348433813987,95.5348433813987,2.2284086795926967e-19
3038.2273295915124,93.42187350723636,95.47685843416443,95.47685843416443,2.3365938616786253e-19
3038.926269796001,93.41317706563927,95.41993289150788,95.41993289150788,2.449693059877068e-19
3039.6270394819203,104.5492753544096,95.36378398282001,95.36378398282001,2.5684916028272554e-19
3040.3263016878295,110.37881394605336,95.3086632753179,95.3086632753179,2.6926799160362107e-19
3041.0257247580903,113.64161124842838,95.25441947965157,95.25441947965157,2.822801861711365e-19
3041.7269785736867,115.43405544642839,95.20091651153398,95.20091651153398,2.959470526245816e-19
3042.4267238678244,101.00833536738776,95.14839941994049,95.14839941994049,3.1023287940465034e-19
3043.1283007507213,101.99165188071221,95.09660546211514,95.09660546211514,3.2523669261170885e-19
3043.8283684171843,99.20065894848733,95.04577161090214,95.04577161090214,3.4091921604068954e-19
3044.5302685162187,89.13171266311792,94.99564641908117,94.99564641908117,3.573890825792501e-19
3045.931210014671,101.3921532655445,94.89808333998138,94.89808333998138,3.926363791930253e-19
3046.633595024333,97.83902929488306,94.85039357618216,94.85039357618216,4.1157357406189315e-19
3047.3344690791373,92.52923308701781,94.80360389607137,94.80360389607137,4.313648877986798e-19
3048.0371776772404,98.34856904924152,94.75747304290775,94.75747304290775,4.521471794103707e-19
3049.44140696001,87.707800349952,94.66760971235885,94.66760971235885,4.966705376387301e-19
3050.1429269482605,88.28602406211986,94.62384881860918,94.62384881860918,5.205015041049052e-19
3050.8446083202616,100.0769644031493,94.58081175209453,94.58081175209453,5.454622033131424e-19
3051.548126348722,94.7748605116658,94.53840962522686,94.53840962522686,5.716693796341668e-19
3052.2501309849986,85.21089955557102,94.49682193189139,94.49682193189139,5.990536860260607e-19
3052.95397312388,86.06373358332463,94.45583124257186,94.45583124257186,6.278040331113015e-19
3053.65630117336,81.21053642092022,94.41563120294109,94.41563120294109,6.578442089282493e-19
3054.3604675719816,97.4452597986101,94.37602141376448,94.37602141376448,6.893813034116673e-19
3055.063119183661,106.16293147165835,94.33717959578841,94.33717959578841,7.223315690583992e-19
3055.7659324394203,90.4567993312071,94.2989991894557,94.2989991894557,7.56837729489476e-19
3056.4705853143523,81.30619727848796,94.26137588193187,94.26137588193187,7.930605823686119e-19
3057.1737223558457,98.08176760028574,94.22447722249397,94.22447722249397,8.309036818581023e-19
3057.878699864023,98.24459726243617,94.18812127810011,94.18812127810011,8.706274625264508e-19
3058.5821608404176,77.94215367203492,94.15247191133578,94.15247191133578,9.121259706807123e-19
3059.287463131399,91.67095705921328,94.11735027913018,94.11735027913018,9.55684601552985e-19
3059.991248191932,100.9210481968836,94.08291499965867,94.08291499965867,1.001186968737441e-18
3060.6951951572933,96.0111448560241,94.04906166172091,94.04906166172091,1.0488294450392994e-18
3061.400984709321,94.59125800912318,94.01569973027581,94.01569973027581,1.0988332284876403e-18
3062.1052559827153,94.6763307249114,93.98298849045003,93.98298849045003,1.1510643606149046e-18
3062.8113706916556,99.48397467107385,93.95075817412102,93.95075817412102,1.205881433015198e-18
3063.515966422492,93.55284012460743,93.91915197737973,93.91915197737973,1.263137336338638e-18
3064.2224064381435,90.7755821908637,93.8880160598777,93.8880160598777,1.3232248906375312e-18
3064.927326775899,95.5426218236312,93.85748174682423,93.85748174682423,1.3859825619046127e-18
3065.634092248131,92.51783805890456,93.82739522998524,93.82739522998524,1.4518406220863184e-18
3067.0447446772796,94.81145728960315,93.76891937505604,93.76891937505604,1.5926212895951569e-18
3067.7519984214027,107.37560094264894,93.74035573697873,93.74035573697873,1.66817204858704e-18
3068.457730737156,92.67188162542085,93.71234213501933,93.71234213501933,1.747070010090525e-18
3069.1653103127437,83.58849320430296,93.68473936750438,93.68473936750438,1.829855181581776e-18
3069.87136775904,95.44596580625183,93.65766980339784,93.65766980339784,1.916303661390838e-18
3070.579273316203,87.09697842990067,93.63099108946993,93.63099108946993,2.0070067314423068e-18
3071.28565604283,91.3419715701366,93.60482205696955,93.60482205696955,2.101718653768595e-18
3071.9922012718744,95.44277412253167,93.57909296913705,93.57909296913705,2.2008447691958674e-18
3072.7005958885616,94.87553302990648,93.5537382505773,93.5537382505773,2.3048414575181543e-18
3073.4074666226584,94.32509310383068,93.52886746499395,93.52886746499395,2.4134262413621057e-18
3074.1161875964094,92.47830959395458,93.50435625153202,93.50435625153202,2.527340542017028e-18
3074.8233839855184,82.43652848182137,93.48032221485414,93.48032221485414,2.646274415870195e-18
3075.532431466686,92.88322308703698,93.45663822085326,93.45663822085326,2.771039394309296e-18
3076.2399536608364,98.92440796402298,93.43340378938865,93.43340378938865,2.901295433148471e-18
3076.9476386195374,89.48847297288296,93.41055435680147,93.41055435680147,3.037597957579249e-18
3077.6571759491317,87.86198736292761,93.38803474710383,93.38803474710383,3.1805722064846328e-18
3078.3651869379582,98.6709828974,93.3659477155191,93.3659477155191,3.329827515755607e-18
3079.0750511510637,82.91666171201655,93.34417828454566,93.34417828454566,3.486380577499441e-18
3079.783388320217,85.33741036729907,93.32282157130739,93.32282157130739,3.6498029020555844e-18
3080.493579567429,94.73101968753214,93.30176706634518,93.30176706634518,3.821206925734573e-18
3081.2022430671805,87.86910589347202,93.28110789902667,93.28110789902667,4.00012272105552e-18
3081.9110695940385,83.2142324264993,93.26079598834298,93.26079598834298,4.1873104198952245e-18
3082.6217514798527,94.8136717443191,93.24077826473166,93.24077826473166,4.383625528466033e-18
3083.3309045627557,92.40002368877356,93.22113424528999,93.22113424528999,4.588528466714156e-18
3084.0419138593784,99.38371456140375,93.20177546045021,93.20177546045021,4.803411663267144e-18
3084.7513936487708,95.17149893712542,93.18279135524001,93.18279135524001,5.027683514797424e-18
3085.462730507039,96.20964785952994,93.16407352832424,93.16407352832424,5.262867035912351e-18
3086.1725371534335,98.6519134837124,93.14571263854491,93.14571263854491,5.5083136533748105e-18
3086.8825070899143,89.78711057040698,93.12766447547438,93.12766447547438,5.765062354965495e-18
3087.5943353782354,83.53016428777666,93.1098773519544,93.1098773519544,6.034282257608998e-18
3088.3046323975295,96.23377376090902,93.092420036583,93.092420036583,6.315229073183928e-18
3089.0167886248055,98.74176475967715,93.07520424743468,93.07520424743468,6.609807453069135e-18
3089.7274128775994,90.38954983799103,93.058320141806,93.058320141806,6.917201653458393e-18
3090.439897194912,88.64156507698056,93.0416807586126,93.0416807586126,7.239494208019677e-18
3091.1508488319623,96.27869043348767,93.02535555852945,93.02535555852945,7.57579115241653e-18
3091.861964022503,92.35041811005544,93.00929701416848,93.00929701416848,7.927510858260122e-18
3092.5749405625947,97.52567050446999,92.99346142924824,92.99346142924824,8.296249022042838e-18
3093.286383363566,94.47225124029899,92.97792071320407,92.97792071320407,8.680980323837431e-18
3093.999688371612,87.09651222890786,92.96260021369699,92.96260021369699,9.084306822217618e-18
3094.7114589339444,85.61605511455355,92.94757226008497,92.94757226008497,9.505105179940474e-18
3095.4250925612696,93.75691064381613,92.93276106466095,92.93276106466095,9.946219458683642e-18
3096.1371910359626,101.75015080102129,92.91823002614845,92.91823002614845,1.0406419064849662e-17
3096.8494533279736,90.95714058136082,92.90394152733714,92.90394152733714,1.0887637870324812e-17
3097.5635799720844,94.35257206619667,92.8898552432815,92.8898552432815,1.1392051079996576e-17
3098.276170402996,98.02455935922298,92.87602620992504,92.87602620992504,1.1918248070355403e-17
3098.990626044913,96.73373846410699,92.86239366444461,92.86239366444461,1.2469779244254118e-17
3099.703544765898,94.10941238681971,92.84902363221592,92.84902363221592,1.304509970298985e-17
3100.41832955719,88.22177797914605,92.83584159871532,92.83584159871532,1.3648088671542868e-17
3101.1315767194924,104.67298896018066,92.82290224665587,92.82290224665587,1.427705437466377e-17
3101.8449879633667,93.87214297767912,92.8101700308288,92.8101700308288,1.493463025234269e-17
3102.560266566731,93.11353534289992,92.79761498764867,92.79761498764867,1.562377777604465e-17
3103.2740064788272,95.73936760801018,92.78529526375438,92.78529526375438,1.634255875503556e-17
3103.9896146107044,84.57250901911664,92.77315114737551,92.77315114737551,1.7095811537931965e-17
3104.70368334244,97.4998053147715,92.76123968211476,92.76123968211476,1.78814142310328e-17
3105.4196211546446,108.75765378590074,92.7494958520375,92.7494958520375,1.8704651406990896e-17
3106.134018857506,99.48687049647164,92.73796528529395,92.73796528529395,1.9563200304872696e-17
3106.8485809066206,89.80404621801199,92.72661065508215,92.72661065508215,2.0460642525483343e-17
3107.5650133274657,92.35156568173011,92.71540090752137,92.71540090752137,2.1401004983370104e-17
3108.2799045749775,100.08107055804773,92.7043929003343,92.7043929003343,2.238162808141787e-17
3108.9966670558997,99.81538978455546,92.69354148365315,92.69354148365315,2.340909712015553e-17
3109.7118876534705,99.9164298843482,92.68288384915147,92.68288384915147,2.44805015080636e-17
3110.4289803465276,99.20776851362804,92.67236056577082,92.67236056577082,2.5603031324627976e-17
3111.1445304458884,94.39803562840154,92.66202731303581,92.66202731303581,2.6773501635638992e-17
3111.860245156609,90.48703963791525,92.65185291387064,92.65185291387064,2.79967775093963e-17
3112.5778332561617,95.83751188240514,92.64180664334388,92.64180664334388,2.9278327779709465e-17
3113.2938776963106,109.78886348583502,92.63193152637946,92.63193152637946,3.061450768259044e-17
3114.01179638836,115.12699036941855,92.6221680105803,92.6221680105803,3.2014269070775777e-17
3114.7281707098427,99.40616393228936,92.6125566782608,92.6125566782608,3.347362469693395e-17
3115.446420146694,95.97897698751865,92.60305457189845,92.60305457189845,3.5002345051931143e-17
3116.163124501487,103.32950528368202,92.59369797501122,92.59369797501122,3.659606868703392e-17
3116.879993733175,100.35580638928536,92.58445874676846,92.58445874676846,3.8261395826481034e-17
3117.5987393756627,93.5356624111023,92.57531726061782,92.57531726061782,4.000574425887093e-17
3118.315938868666,95.53947496692956,92.56630812235666,92.56630812235666,4.1824125628301405e-17
3119.03501563693,101.20936661473934,92.55737710382567,92.55737710382567,4.3728693651530855e-17
3119.7525455433997,97.083030592583,92.54855879987629,92.54855879987629,4.571399326724771e-17
3120.4719535899903,94.24657409815325,92.53981051856383,92.53981051856383,4.7793284914878114e-17
3121.189814062148,102.0951395357173,92.53116984214685,92.53116984214685,4.996060379722984e-17
3121.909553539684,100.31717446470624,92.52258546715757,92.52258546715757,5.223041638287405e-17
3122.6277447298207,94.34748868229407,92.51409471468389,92.51409471468389,5.4596201200607874e-17
3123.3461011388968,99.05645939524278,92.50567513327428,92.50567513327428,5.706771009704397e-17
3124.066337851471,103.15131788497924,92.4973021342381,92.4973021342381,5.965589993045228e-17
3124.7850252070043,100.7161080335152,92.48900055731436,92.48900055731436,6.235331719020214e-17
3125.50559373229,97.3455286477588,92.48072587689782,92.48072587689782,6.517793643571162e-17
3126.2246121867474,98.75445977132814,92.47252617228646,92.47252617228646,6.812161070949554e-17
3126.945512677611,98.45652147529336,92.46435474047176,92.46435474047176,7.120394236447518e-17
3127.6648623835295,104.37907613041091,92.45624075196352,92.45624075196352,7.441602742650054e-17
3128.3843775749024,106.37897977022135,92.44815872466863,92.44815872466863,7.777105810680268e-17
3129.1057761028947,104.46543986433312,92.44008149899472,92.44008149899472,8.128385362880405e-17
3129.825622774575,103.65738802810256,92.43204337093026,92.43204337093026,8.494424314527903e-17
3130.5473536505274,99.88050551168897,92.42400544441021,92.42400544441021,8.877656087199426e-17
3131.267531955228,98.40770485210157,92.41599535824845,92.41599535824845,9.276969383494529e-17
3131.9895953322525,100.71242325259107,92.40796499154614,92.40796499154614,9.695017053050861e-17
3132.710105422757,102.63563682908058,92.39994813866403,92.39994813866403,1.0130584987769866e-16
3133.4307812656607,99.8409591159316,92.39192247853153,92.39192247853153,1.0585455592005841e-16
3134.1533434831986,94.95994230582028,92.38386304381226,92.38386304381226,1.1061630672600662e-16
3134.8743513411214,96.1836481887758,92.37579914268261,92.37579914268261,1.1557724148441598e-16
3135.5972464427305,92.19724418769886,92.36768447814103,92.36768447814103,1.2077026317168143e-16
3136.3185864686316,88.35375768713618,92.35955255280415,92.35955255280415,1.2618023267351483e-16
3137.041814607671,93.1081112736564,92.35136199722919,92.35136199722919,1.3184300714116408e-16
3137.76348695458,96.67493438118413,92.34314867863962,92.34314867863962,1.3774205302136662e-16
3138.4853253212646,93.61680828006627,92.33488488019614,92.33488488019614,1.439014224002607e-16
3139.209053105498,100.4261399813771,92.3265388523398,92.3265388523398,1.5034812226733407e-16
3139.9312240227755,98.72945526038563,92.31815148486197,92.31815148486197,1.5706328767378096e-16
3140.6552852280556,91.91953184243005,92.30968190457908,92.30968190457908,1.6409135224065083e-16
3141.3777888491327,84.76300591711095,92.3011622499616,92.3011622499616,1.7141171886312243e-16
3142.102183629067,87.56764419377987,92.29254603643798,92.29254603643798,1.7907279336447348e-16
3142.8250201072196,97.5991061262448,92.28387119350056,92.28387119350056,1.8705208982546664e-16
3143.5480228729543,92.37515365888669,92.27511380270207,92.27511380270207,1.953820240740517e-16
3144.272918104061,93.71498841607604,92.26623622365825,92.26623622365825,2.0409898656133965e-16
3144.996253956827,95.31164612789382,92.25727920047689,92.25727920047689,2.1317733490830272e-16
3145.7214831468236,95.2516855078926,92.24821556307344,92.24821556307344,2.2267699947379023e-16
3146.4451522400736,94.58416637478992,92.23907004832171,92.23907004832171,2.325699938187434e-16
3147.170715542814,94.89532864129444,92.22978376447625,92.22978376447625,2.4292158260289544e-16
3147.8947180300725,96.58597964559023,92.22040439112294,92.22040439112294,2.5370122428739097e-16
3148.618887073152,94.1487525782918,92.21091543426463,92.21091543426463,2.649525522983369e-16
3149.3449516343435,89.8217349595285,92.20128920865153,92.20128920865153,2.767245395475262e-16
3150.069454301758,96.60938831467264,92.19155646676647,92.19155646676647,2.889823766051179e-16
3150.795853360549,101.37881274482652,92.18166847583377,92.18166847583377,3.018067945324283e-16
3151.5206898059987,93.06700489765377,92.17167420585675,92.17167420585675,3.151598159427356e-16
3152.2474235164914,94.28576187776231,92.16152602769719,92.16152602769719,3.2912932631920406e-16
3152.972593893748,96.19383288738847,92.15126468578998,92.15126468578998,3.4367389639917647e-16
3153.6979310954966,87.32522864291072,92.14086145759586,92.14086145759586,3.5885218581092535e-16
3154.425166873022,87.52053996269639,92.1302924140056,92.1302924140056,3.747300181504918e-16
3155.150838237276,93.4411042981907,92.11960680803544,92.11960680803544,3.9126020106681933e-16
3155.8784090519794,90.15757898244203,92.10874890804027,92.10874890804027,4.0855135036268354e-16
3156.6044147326866,86.15498346226788,92.09776351675106,92.09776351675106,4.265519978730649e-16
3157.3323207389194,92.84711044089988,92.08659729064479,92.08659729064479,4.453803428618318e-16
3158.0586608900994,82.78195652129911,92.07530259861566,92.07530259861566,4.649802598933564e-16
3158.7851681348766,87.10614107249057,92.0638497327536,92.0638497327536,4.854305110288145e-16
3159.5135770180277,98.3249452104701,92.05220678414422,92.05220678414422,5.06819458045099e-16
3160.240418964348,94.62569412476682,92.04042826257273,92.04042826257273,5.29083203623586e-16
3160.969163425126,95.69366197990519,92.02846025167308,92.02846025167308,5.5236769769747985e-16
3161.696340227187,90.85896941075475,92.0163579245051,92.0163579245051,5.766032794346815e-16
3162.425420420193,91.61616051174803,92.0040609850642,92.0040609850642,6.019487197389993e-16
3163.1529322322613,92.12910711951567,91.99162597868091,91.99162597868091,6.283280824429053e-16
3163.8806114074664,93.07352274614972,91.97902002480542,91.97902002480542,6.558469891087452e-16
3164.6101952885824,95.0136450740331,91.9662112826334,91.9662112826334,6.846239086487486e-16
3165.338209705238,89.48859848853488,91.95326220613671,91.95326220613671,7.145724377958883e-16
3166.0681297053015,95.31856741955664,91.94010496555329,91.94010496555329,7.458884489636408e-16
3166.7964795178546,90.75601071456845,91.92679606700096,91.92679606700096,7.784777802558337e-16
3167.5267357917164,90.88652906175412,91.9132698475346,91.9132698475346,8.125534345833248e-16
3168.255421154682,92.79731658870391,91.89959413187302,91.89959413187302,8.480128055973091e-16
3168.984274150758,89.90708560283167,91.88573596669806,91.88573596669806,8.849973572587976e-16
3169.7150349252306,97.8316149060163,91.8716534941596,91.8716534941596,9.236657254583917e-16
3170.444223703536,89.37266685318265,91.85740811034813,91.85740811034813,9.639012253692862e-16
3171.1753211391506,91.9681960537588,91.8429316628144,91.8429316628144,1.0059664003852494e-15
3171.904845854381,95.76812862310646,91.82829814707154,91.82829814707154,1.0497341350135255e-15
3172.6362801062373,95.43644454751359,91.81344008852814,91.81344008852814,1.0954898322955904e-15
3173.3661409131582,92.38887969196412,91.79841991848036,91.79841991848036,1.1430950283184312e-15
3174.0961696235986,84.13124081399701,91.78318622455366,91.78318622455366,1.1927389560207991e-15
3174.8281091898766,94.15705454212572,91.7677065993345,91.7677065993345,1.2446337715193561e-15
3175.5584742241977,92.55231003616304,91.75206003002556,91.75206003002556,1.2986220999063407e-15
3176.2907509946867,89.62001337609138,91.73616806131982,91.73616806131982,1.3550554104184929e-15
3177.021452507833,90.17839664985276,91.72009738033611,91.72009738033611,1.4137623236241878e-15
3177.7540666378827,89.87871010009486,91.70376473987814,91.70376473987814,1.475124775037915e-15
3178.4851047848697,94.08473959581443,91.68724572633802,91.68724572633802,1.5389561542162432e-15
3179.2180564299024,104.60157055424021,91.67045607039668,91.67045607039668,1.6056714615806998e-15
3179.949431365817,95.79233521311892,91.65347135061457,91.65347135061457,1.6750675235546949e-15
3180.6809745535743,89.86098549696352,91.63624998458022,91.63624998458022,1.747418912680877e-15
3181.4144325613256,93.78533993897521,91.61874697124553,91.61874697124553,1.8230333736079233e-15
3182.146312770683,94.22618677012055,91.60103888894196,91.60103888894196,1.90168014873261e-15
3182.8801086821904,87.48252665097311,91.58303178544875,91.58303178544875,1.983869719355865e-15
3183.6123260684135,90.59632790911962,91.56480943973344,91.56480943973344,2.06935091277439e-15
3184.3464600393495,94.96832495828757,91.54627875530099,91.54627875530099,2.1586782059926976e-15
3185.079014757775,94.32620481389053,91.52751471082095,91.52751471082095,2.251578234007271e-15
3185.8117379994505,97.00612535957305,91.50846564749688,91.50846564749688,2.3484172389678135e-15
3186.5463791499205,106.34906221804671,91.48908096647419,91.48908096647419,2.449605617179981e-15
3187.2794399568465,104.02285374486839,91.46944981433211,91.46944981433211,2.5548330623249553e-15
3188.014419556146,92.39000933283137,91.44946822505551,91.44946822505551,2.6647810148995517e-15
3188.747818083838,93.84700398568101,91.42922265801813,91.42922265801813,2.7791118408338e-15
3189.4831362878904,93.61537381547294,91.40861137037278,91.40861137037278,2.898565446611901e-15
3190.2168726919367,91.3559934615364,91.3877213137547,91.3877213137547,3.0227745025962004e-15
3190.9507778910784,96.3862035547578,91.3664924090603,91.3664924090603,3.1522269158810295e-15
3191.6866040927966,99.70844148371896,91.34486473131871,91.34486473131871,3.287469291107094e-15
3192.420847401716,93.6332328996599,91.32293862888794,91.32293862888794,3.4280848907072897e-15
3193.1570125982166,92.83634299104621,91.30060133334908,91.30060133334908,3.57498223426858e-15
3193.8915941726796,94.62501275408499,91.27794330002466,91.27794330002466,3.727708051170234e-15
3194.6280985201374,91.10694351192309,91.25484576835736,91.25484576835736,3.88724845824851e-15
3195.363018515984,85.75660574848882,91.23140925387058,91.23140925387058,4.053110501311898e-15
3196.0981075792097,93.65253541384392,91.20756866278847,91.20756866278847,4.225943357932163e-15
3196.835120743786,99.15449608479322,91.18325438238824,91.18325438238824,4.4064741380659805e-15
3197.5705484621944,99.36952232733348,91.15856979925587,91.15856979925587,4.5941438925758725e-15
3198.307901168386,91.51265492593552,91.13338314215198,91.13338314215198,4.7901623804681614e-15
3199.0436676979957,85.69599065401691,91.107798959802,91.107798959802,4.993921877560671e-15
3199.78136010223,90.460797901261,91.0816821830733,91.0816821830733,5.206735001111847e-15
3200.517465599131,94.87625922760685,91.05514787992634,91.05514787992634,5.427941065520413e-15
3201.253740436134,95.5919136132195,91.02812486099278,91.02812486099278,5.658402746192559e-15
3201.9919424782597,90.73339100101236,91.00053353384222,91.00053353384222,5.899086057815414e-15
3202.7285565167317,92.28222724944999,90.97248916377355,90.97248916377355,6.1492422799672316e-15
3203.4670986481883,94.73049072871333,90.9438499842873,90.9438499842873,6.410480285044276e-15
3204.204052044399,91.59159530558725,90.91474348638678,90.91474348638678,6.681986318800105e-15
3204.942934421865,96.99903372523977,90.88501621008412,90.88501621008412,6.9655054237007326e-15
3205.6802273321555,97.69465043356433,90.85479048953785,90.85479048953783,7.260153256311307e-15
3206.4176898557107,93.94037866530311,90.82397743361587,90.82397743361585,7.567074772700002e-15
3207.1570826931675,88.35536249439997,90.79248598668947,90.79248598668946,7.887551784466206e-15
3207.894884965358,90.01462562031294,90.76045660540638,90.76045660540636,8.220582667045835e-15
3208.634618440745,95.43848865955908,90.72772710532968,90.72772710532966,8.568304410252862e-15
3209.372760618092,83.91268220239567,90.69444148825018,90.69444148825016,8.929628790940751e-15
3210.11283488834,90.15849345362028,90.660425919759,90.66042591975899,9.30687284092016e-15
3210.8513171274385,91.84043905091528,90.62582423094489,90.62582423094487,9.698854376231867e-15
3211.589969253406,88.39095514712199,90.59053700154632,90.59053700154631,1.0107091103052667e-14
3212.330554807068,87.30277927202508,90.55446725208125,90.55446725208124,1.0533281740041965e-14
3213.0695472297193,89.74111804938332,90.51777530754121,90.5177753075412,1.0976088064760474e-14
3213.810473970795,89.8842507195866,90.48026965788222,90.4802696578822,1.1438345000912443e-14
3214.5498068469055,92.5820482802635,90.44211375635537,90.44211375635535,1.1918599163294966e-14
3215.2910749325792,86.47922625278285,90.40311325865424,90.40311325865423,1.2419923222794856e-14
3216.0307484189952,88.95162459882897,90.36344365178127,90.36344365178125,1.2940738887640341e-14
3216.7705920663243,94.06360813927394,90.3229970182951,90.32299701829508,1.3483055454297476e-14
3217.512372260165,86.9585705274517,90.28166123489069,90.28166123489068,1.4049121332533123e-14
3218.252556753112,82.47926656129891,90.23962482735973,90.23962482735972,1.4637150899096723e-14
3218.9946786847363,94.43912407359676,90.19666914352379,90.19666914352378,1.5250900264152476e-14
3219.7352041803283,86.85726146554772,90.1529851403473,90.15298514034728,1.5888430856568756e-14
3220.4776680071745,82.27911392351075,90.10835762375757,90.10835762375756,1.6553812336118963e-14
3221.2185346625115,86.33821838325844,90.06297991077881,90.0629799107788,1.7244940305274215e-14
3221.9595717532484,86.75535172159529,90.01673452444189,90.01673452444187,1.796447155715923e-14
3222.7025485143445,87.89470212105927,89.96950799083874,89.96950799083872,1.8715378347570544e-14
3223.4439270005178,88.28634681665336,89.92151672857797,89.92151672857796,1.9495281154782912e-14
3224.187246050655,84.42016887930492,89.87251733322637,89.87251733322636,2.0309150400485306e-14
3224.928966089546,85.69595479240206,89.822728241071,89.82272824107099,2.1154403699004785e-14
3225.6726275864175,89.07400235944749,89.77191142516907,89.77191142516904,2.203642446856073e-14
3226.4146893353786,85.41725625272535,89.7203020978724,89.72030209787238,2.2952410460454524e-14
3227.1569217946694,80.26088499852051,89.66776131480559,89.66776131480556,2.3905870234065697e-14
3227.901097053206,87.88005265139986,89.61414937632317,89.61414937632314,2.4900728011465306e-14
3228.643671458639,86.3188620766522,89.55971540262065,89.55971540262063,2.5933816939149858e-14
3229.3881895583645,82.01320901492579,89.50419607961027,89.50419607961024,2.7011706120134348e-14
3230.131106067474,85.39481584724344,89.44785412979947,89.44785412979944,2.813095998324638e-14
3230.8759671663347,91.87714341369713,89.39041688561935,89.39041688561932,2.9298690926289084e-14
3231.619225936728,85.53851333788032,89.3321513721927,89.33215137219267,3.051117225224202e-14
3232.362655692825,82.1540017147612,89.27291791511323,89.2729179151132,3.1773031576540176e-14
3233.1080313821003,87.53289428900644,89.21256774691794,89.21256774691791,3.308944350885622e-14
3233.8518036359333,88.4740734049018,89.15138391188104,89.15138391188101,3.445619879797032e-14
3234.597522719436,86.02925264066243,89.08907223232106,89.08907223232102,3.588196859550565e-14
3235.3416376287937,87.04292601094323,89.02592577758482,89.02592577758477,3.7362188168104595e-14
3236.0877002647244,85.23926609290415,88.96163865769341,88.96163865769337,3.8906242462575965e-14
3236.832157987468,86.63454290662571,88.89652274641334,88.8965227464133,4.050918176447e-14
3237.578564334101,82.77047183914874,88.83027209793009,88.83027209793005,4.218116253877498e-14
3238.3233650281645,85.52983482709067,88.76320056639806,88.76320056639801,4.391681818768715e-14
3239.068337062649,89.55860932609312,88.69514402109236,88.69514402109232,4.572274265189073e-14
3239.815259067238,84.93220998129802,88.62594033868959,88.62594033868955,4.760630699359748e-14
3240.560574309986,84.34425880610661,88.55593602249516,88.55593602249512,4.95614540310929e-14
3241.307840421188,87.59033563056562,88.48479698349966,88.4847969834996,5.160055193288666e-14
3242.053499030315,87.65825752905984,88.41285376390786,88.4128537639078,5.371703509066478e-14
3242.8011094066605,89.72274793718498,88.339756664263,88.33975666426295,5.5924283661276805e-14
3243.5471115403548,88.0301335094771,88.26587294382445,88.26587294382439,5.821518168448752e-14
3244.29328529086,80.00668890717863,88.19103682936208,88.19103682936202,6.059840143322751e-14
3245.0414121569697,82.27531259233844,88.11505525263054,88.11505525263048,6.308363487454177e-14
3245.787929669368,80.6605895920484,88.03831493160911,88.03831493160904,6.566285479814154e-14
3246.536401197171,88.07326606671779,87.96046686463858,87.9604668646385,6.835234054126448e-14
3247.2832626298327,86.31318697610482,87.88187907481577,87.8818790748157,7.114339431888343e-14
3248.032078978114,81.52684482915335,87.80219712646768,87.8021971264676,7.40536211932963e-14
3248.779284489484,85.92360432336363,87.72181123899527,87.7218112389952,7.707359778049282e-14
3249.5266618945,80.91659669493936,87.6405263444371,87.64052634443702,8.021471550567185e-14
3250.2759955656966,79.53224870833822,87.558164127478,87.55816412747791,8.348970207890268e-14
3251.0237172871284,82.81473403725671,87.4751354822949,87.47513548229482,8.688793326595897e-14
3251.7733961759927,84.32006118149788,87.39105239355303,87.39105239355294,9.043080965660263e-14
3252.5214623724673,84.76733620710206,87.3063259279754,87.3063259279753,9.410682374090722e-14
3253.2714866380393,85.37140717816102,87.22056508063078,87.22056508063068,9.79391106308655e-14
3254.019897468256,81.41124491373832,87.13419316277263,87.13419316277253,1.0191520742167306e-13
3254.768480469401,87.90936055612235,87.04701916562242,87.04701916562232,1.0605005857818121e-13
3255.519022892384,78.2744832566948,86.95885273464825,86.95885273464813,1.1036035751068836e-13
3256.267950765362,81.21640876034917,86.87013959119898,86.87013959119886,1.148320609024246e-13
3257.0188389628834,88.59155605509558,86.78045143147322,86.78045143147311,1.1949326655895007e-13
3257.768111866578,82.30081916588858,86.69022584678298,86.69022584678285,1.2432876924509207e-13
3258.519345997936,91.5877670782038,86.59907044473799,86.59907044473786,1.2936893326064552e-13
3259.2689640913018,90.35366132694662,86.50743691961638,86.50743691961625,1.345972970531162e-13
3260.018754633325,85.39443930028767,86.41512295342112,86.41512295342098,1.4003344184596165e-13
3260.770507757934,86.66194118035833,86.32192545228203,86.32192545228189,1.456992349947641e-13
3261.5206437281045,86.51652233220945,86.22831428239081,86.22831428239066,1.5157613772959976e-13
3262.2727431850217,82.17164562925916,86.13385780647974,86.13385780647958,1.5770099488804703e-13
3263.023224742478,92.0062541925006,86.03901134397995,86.03901134397978,1.6405374124139189e-13
3263.7756706912587,87.72513047532016,85.94336049981334,85.94336049981317,1.7067417948675866e-13
3264.5264979952126,86.26969580271577,85.84738983647736,85.84738983647719,1.775405945394072e-13
3265.277498026001,86.5819249522616,85.7508793393285,85.75087933932832,1.8467861095769144e-13
3266.0304638052216,86.2475243593451,85.65361830887598,85.65361830887578,1.921168378174552e-13
3266.781809821369,88.08051907831783,85.5560945776807,85.5560945776805,1.998308334190347e-13
3267.5351224915667,91.71458271365793,85.45786554129508,85.45786554129486,2.078688523288088e-13
3268.2868146524675,84.225018936786,85.35942481573322,85.35942481573301,2.1620445010647403e-13
3269.0404743734553,82.40951572044821,85.26032555449584,85.26032555449561,2.2488973653234625e-13
3269.7925128385777,86.76369851244773,85.1610585743286,85.16105857432838,2.3389610333756044e-13
3270.544724309161,88.04605606646305,85.06141145118187,85.06141145118163,2.432570416694425e-13
3271.2989046991293,83.14858774054699,84.96116628596269,84.96116628596243,2.530099339727995e-13
3272.0514627131797,82.90101708254554,84.86081986019477,84.8608198601945,2.631225976390898e-13
3272.805990553696,86.62049411901478,84.75992416549596,84.75992416549569,2.736581513117288e-13
3273.558895270867,84.52085932835303,84.65898546984778,84.6589854698475,2.8458178819608754e-13
3274.313770722002,82.13114890070871,84.55753857201691,84.55753857201661,2.959616453594504e-13
3275.0670223020197,81.91513646376053,84.45609192183274,84.45609192183242,3.077600818113594e-13
3275.8204471665736,81.80426131609977,84.35442983297425,84.35442983297392,3.200208155930163e-13
3276.5758441265803,83.0128604938068,84.25233143809919,84.25233143809886,3.3279263187675925e-13
3277.329616093612,85.9647465609811,84.15030745257432,84.15030745257398,3.4603321018776995e-13
3278.08536106464,86.16445989398757,84.04789450442043,84.04789450442007,3.5982500881214887e-13
3278.8394802940597,81.51391671700596,83.945603120307,83.94560312030663,3.741222733201341e-13
3279.595573436438,78.8078799503211,83.84297513848881,83.84297513848843,3.890139862971605e-13
3280.3500400882285,84.09892053362853,83.74051996088959,83.74051996088919,4.0445068593382893e-13
3281.1046803040813,88.98381936354554,83.63800491257727,83.63800491257685,4.2048936875237966e-13
3281.861295796579,82.27820841773621,83.53522416095919,83.53522416095875,4.3719362114842346e-13
3282.6162836748213,84.48998247798158,83.43269597255035,83.4326959725499,4.5450786301799275e-13
3283.3732477397175,86.85389943915709,83.32993953333678,83.32993953333632,4.725396834678227e-13
3284.128583440517,83.16902886100196,83.22747120966316,83.22747120966267,4.912290146845738e-13
3284.8858962383993,79.61734832033757,83.12482681678244,83.12482681678193,5.106919170344678e-13
3285.641579921998,83.63373263141511,83.02251210898918,83.02251210898865,5.308634794826945e-13
3286.397437449636,89.42002211556996,82.92031409175044,82.92031409174989,5.51817917246956e-13
3287.155273440241,80.74865675267517,82.81801616980813,82.81801616980756,5.736380048614059e-13
3287.911479191084,76.7761311965387,82.71612064774051,82.71612064773991,5.962508422824764e-13
3288.6696643163705,83.82515296599138,82.61415793926751,82.61415793926689,6.197966332466236e-13
3289.426218450844,87.40174836356118,82.51263279681233,82.51263279681169,6.441966205776397e-13
3290.1847528716585,77.88503508500924,82.41108288180483,82.41108288180416,6.696019932512802e-13
3290.941655550263,79.94661173692919,82.31001806725862,82.31001806725793,6.959276753331623e-13
3291.7005394275257,81.4661131844332,82.20897781391425,82.20897781391352,7.233366851146591e-13
3292.457790810835,81.50885126391074,82.1084583929335,82.10845839293275,7.517371306242395e-13
3293.21521639883,80.98719924914236,82.00823659655316,82.00823659655238,7.812330279926782e-13
3293.9746245542033,80.95478034933309,81.90809273100709,81.90809273100628,8.119403508418069e-13
3294.7323990878076,83.85695325294479,81.80852294055354,81.8085229405527,8.437559708002798e-13
3295.4921571021578,77.30871203842753,81.70907750128451,81.70907750128363,8.768765920174296e-13
3296.2502807421306,76.9616612608786,81.61024567951294,81.61024567951203,9.111908530989804e-13
3297.0103887766377,78.16846735784395,81.51155993680653,81.51155993680558,9.469107729630137e-13
3297.7688616838122,79.11431744907135,81.41351028253581,81.41351028253483,9.839161125940598e-13
3298.527509076682,82.28725451007791,81.3158843510505,81.31588435104948,1.02234192487747e-12
3299.2881422350133,83.72076877061545,81.21846950352894,81.21846950352787,1.0623387486369368e-12
3300.0471391363776,83.83375078814767,81.12174147445448,81.12174147445337,1.1037717167868791e-12
3300.8081227180446,78.3924052116703,81.0252515756929,81.02525157569175,1.1468964312182378e-12
3301.5674692889215,75.15110246468596,80.92947686623668,80.92947686623549,1.1915673117041993e-12
3302.3288034553634,75.05303887892438,80.83398030086258,80.83398030086134,1.2380597620991637e-12
3303.088499856846,75.83510449250639,80.73923316137521,80.73923316137392,1.286216654586278e-12
3303.8483710254864,81.08023324342355,80.64501764620906,80.64501764620772,1.3362131204987723e-12
3304.6102311628315,79.16832504101023,80.55111551822124,80.55111551821985,1.3882443211901822e-12
3305.3704524037594,78.57661736166507,80.45798054868972,80.45798054868828,1.4421341103147704e-12
3306.1326635297087,76.13357174735995,80.36517992526554,80.36517992526404,1.4982142078948793e-12
3306.893235004202,74.73925423183518,80.27317045402162,80.27317045402006,1.5562945454936897e-12
3307.6557972804553,78.8344265107014,80.18152398328102,80.1815239832794,1.6167324144411329e-12
3308.4167191498664,80.60006415161354,80.09068269558406,80.09068269558239,1.6793227454460207e-12
3309.1778160683534,77.44877854056256,80.00043746897252,80.00043746897077,1.7442923581197923e-12
3309.9409051639545,75.9516457753108,79.91058658875474,79.91058658875292,1.8118939465534164e-12
3310.702352719431,77.31803605828419,79.82156853430298,79.82156853430111,1.8818977471509377e-12
3311.4657933698168,76.67420352177885,79.73296270716756,79.7329627071656,1.9547337280970375e-12
3312.227591723821,73.79586066122387,79.64519814378816,79.64519814378613,2.0301540572961992e-12
3312.991384090953,78.9381203699918,79.55786702832108,79.55786702831898,2.1086216824572926e-12
3313.7535334050976,83.03357057637301,79.47138584312958,79.4713858431274,2.1898693102357658e-12
3314.5158580506904,76.96238745857897,79.38554896499888,79.3855489649966,2.2741903365549007e-12
3315.280178086983,70.92857214344123,79.30016401486667,79.30016401486431,2.3619115390013543e-12
3316.042853935179,74.00954657590974,79.21564600780562,79.21564600780316,2.4527336023640497e-12
3316.80752609335,79.97851960872708,79.13159518933031,79.13159518932777,2.5472131454888576e-12
3317.5705533059477,73.32441490722204,79.0484101713241,79.04841017132145,2.6450274341016486e-12
3318.3355777482193,76.65159277362648,78.96569111595781,78.96569111595507,2.74677556683218e-12
3319.098956487092,77.66306961999875,78.88383427656656,78.8838342765637,2.8521095946172504e-12
3319.8625108402402,78.45008861912959,78.80265057215115,78.8026505721482,2.9614085567443674e-12
3320.6280638028575,82.27876427276614,78.72195525283398,78.72195525283091,3.07509450455427e-12
3321.391969925134,83.23921900663436,78.64213096612478,78.64213096612158,3.192778019715046e-12
3322.157875577638,72.99045810178912,78.56278663747955,78.56278663747624,3.3151787771560274e-12
3322.9221336311034,72.34925691127216,78.48429421903649,78.48429421903305,3.441877044288167e-12
3323.688392135978,76.32174660579382,78.40627711223219,78.40627711222862,3.5736471430708403e-12
3324.4530022827666,78.2433284788084,78.32910838923915,78.32910838923544,3.7100367144738055e-12
3325.2177883271142,78.054893623667,78.25260535993141,78.25260535992756,3.851534828473389e-12
3325.984576204892,77.99214476311249,78.17658858653587,78.17658858653188,3.998685905117519e-12
3326.7497145858074,77.36280928440351,78.10141602180042,78.10141602179627,4.1509839518996445e-12
3327.516855722397,80.03789747748726,78.0267243918119,78.02672439180759,4.309358302440973e-12
3328.282346602202,77.899334903924,77.95286791741525,77.95286791741077,4.47326377613945e-12
3329.0498411603494,77.65225734312651,77.879493859926,77.87949385992135,4.6436999163090755e-12
3329.8156847014397,76.1727415961616,77.80693877158558,77.80693877158076,4.820079381049171e-12
3330.5817044238306,72.39680492983922,77.73501985346655,77.73501985346155,5.003032422547953e-12
3331.349729208813,81.83806985348383,77.66356978598336,77.66356978597817,5.193260429371893e-12
3332.1161018361263,78.35655256224072,77.5929174376137,77.59291743760832,5.390106784817227e-12
3332.8844804497635,79.00159542824667,77.52271438276173,77.52271438275613,5.5947700596129745e-12
3333.6512061445833,75.8530084037119,77.45328891423299,77.45328891422717,5.806543043987925e-12
3334.4199387498834,74.42074033428982,77.384299468367,77.38429946836098,6.026714398032326e-12
3335.187017674867,81.31425717642173,77.31606541736414,77.31606541735789,6.254522500815351e-12
3335.9542730653493,77.2262123935036,77.24841555889867,77.24841555889218,6.490778526776801e-12
3336.7235367527946,76.82371059401875,77.18118358881611,77.18118358880938,6.736384958725541e-12
3337.491145617472,76.34241186134147,77.11468363146005,77.11468363145306,6.990490815484579e-12
3338.260763704333,77.31413610767106,77.04859161838557,77.04859161837832,7.254639972843201e-12
3339.02872620605,78.63092977733004,76.98320517267484,76.98320517266731,7.527916218080478e-12
3339.7986988555995,78.26220961901811,76.91819784125536,76.91819784124755,7.811978877468245e-12
3340.5670151572767,78.56834229404228,76.85387183219243,76.85387183218432,8.105841610274798e-12
3341.3355082091102,74.58105968340193,76.79006059903458,76.79006059902616,8.410547143526753e-12
3342.1060127974943,76.75361906782713,76.72660528142075,76.72660528141202,8.727255255121182e-12
3342.8748598937123,78.4094663749272,76.66380340646279,76.66380340645374,9.0548644863774e-12
3343.645719453195,77.17302961870587,76.60134334426367,76.60134334425427,9.395361012883943e-12
3344.4149207569053,77.963052028079,76.53951079793575,76.539510797926,9.747559380869158e-12
3345.186135451022,80.81829104327767,76.47800136825809,76.47800136824797,1.0113593528237396e-11
3345.9556911254085,75.93911214092658,76.41709557909608,76.4170955790856,1.049218773510199e-11
3346.7254238350665,75.57291126105667,76.35663593871358,76.3566359387027,1.0884680702001019e-11
3347.4971713260898,72.64578763892474,76.29647257594824,76.29647257593695,1.1292560988760715e-11
3348.267258651242,67.92792324549738,76.23688291682228,76.23688291681057,1.1714404769959487e-11
3349.0393616859687,68.33459844040847,76.1775631290653,76.17756312905315,1.2152764038412029e-11
3349.8098037899867,70.7227937148261,76.1187690402406,76.11876904022799,1.2606106954820904e-11
3350.582262532215,76.9537986018264,76.06021678292419,76.06021678291111,1.3077174388089605e-11
3351.3530595785455,72.4264848988156,76.0021776074771,76.00217760746352,1.356431846434043e-11
3352.12587419215,72.83660729145255,75.944354338009,75.94435433799494,1.407048260666402e-11
3352.8970263443143,77.26571396224244,75.8870152561584,75.88701525614381,1.4593894303686564e-11
3353.6683558990176,75.08054025479966,75.83001111589928,75.83001111588415,1.5136396050513712e-11
3354.44170441484,75.11402603765022,75.77318642467557,75.77318642465987,1.5700035856352386e-11
3355.2133893207038,72.08049203890427,75.71679762461608,75.71679762459979,1.6282836832987837e-11
3355.987094117821,76.73630687326636,75.66056235116515,75.66056235114827,1.688831499913446e-11
3356.7591345385545,83.14551260707503,75.6047348649539,75.60473486493639,1.7514344503207477e-11
3357.533195781105,80.21396904091489,75.54904137502393,75.54904137500577,1.816469985240865e-11
3358.305591880495,70.55687547109812,75.49373335195244,75.4937333519336,1.883709524756063e-11
3359.078165668592,73.68992096830455,75.43865575193807,75.43865575191853,1.9533889409199346e-11
3359.852761674599,73.49149865343209,75.38366666939322,75.38366666937296,2.025770340788688e-11
3360.6256913870743,76.31452945580861,75.32902080439698,75.32902080437597,2.1005989290916153e-11
3361.400644249094,72.6446669634612,75.27444926764656,75.27444926762477,2.178325180567722e-11
3362.1739300499216,68.42342766035046,75.22019701237342,75.22019701235084,2.258675201372824e-11
3362.949239932357,75.69132631323613,75.16599040324094,75.16599040321752,2.3421324109923518e-11
3363.7228819855864,81.0683182218952,75.1120755425633,75.11207554253902,2.428402416426515e-11
3364.496702014153,64.2016235368061,75.05830852671615,75.05830852669096,2.517786797921898e-11
3365.272547522674,70.71043490581417,75.00454592307035,75.00454592304425,2.6106205833182274e-11
3366.0467240497615,72.38741366945477,74.95102827346246,74.95102827343538,2.7065757974310562e-11
3366.8229269899402,70.43499080768356,74.89748550975429,74.89748550972622,2.8062288694609388e-11
3367.597460179786,80.16014075705016,74.84416005696146,74.84416005693237,2.9092273701313592e-11
3368.3740207162914,71.13452091472682,74.79078773969329,74.79078773966313,3.016189663576921e-11
3369.148910733211,76.47321710144583,74.73761673383893,74.73761673380767,3.126737082956484e-11
3369.9239790125603,77.15083127912408,74.6845026899374,74.68450268990499,3.2412547388934596e-11
3370.7010760391704,71.35749050495265,74.63129239653277,74.63129239649916,3.3601703305480424e-11
3371.4765013921087,70.39227065901343,74.57824275132288,74.57824275128804,3.4830622283984476e-11
3372.25395642695,76.06440365775029,74.52508878454529,74.52508878450918,3.610667110438944e-11
3373.0297390179812,71.33829557561315,74.4720477174897,74.47204771745227,3.7425320769068783e-11
3373.8075522259887,71.00312395797772,74.41886716027807,74.41886716023927,3.879447115993931e-11
3374.5836922196913,74.5114478063087,74.36579640392587,74.36579640388567,4.02092578971383e-11
3375.3600107633797,76.08272894293009,74.31268528139124,74.31268528134956,4.167459259494341e-11
3376.138361326905,74.67944602369698,74.2593919345251,74.2593919344819,4.3195928449779133e-11
3376.915037520179,71.09503279409353,74.2061583516089,74.20615835156414,4.476785216966376e-11
3377.6937466694394,64.61868963461512,74.1527192005026,74.1527192004562,4.639976673497342e-11
3378.470780677067,68.02758267311901,74.09932122302064,74.09932122297255,4.808585951630458e-11
3379.2498485772635,71.14790177976147,74.04569756482302,74.04569756477318,4.9836210338699605e-11
3380.0272405640903,76.00746437879877,73.99208588331166,73.99208588326002,5.164457843299889e-11
3380.8048113889217,77.86875391187493,73.93834530655619,73.93834530650267,5.351722012125806e-11
3381.5844175114457,73.78475252602925,73.88433341968123,73.88433341962576,5.546107955312723e-11
3382.362346562787,77.25697269362685,73.83029392744079,73.83029392738332,5.7469215564170875e-11
3383.142311849482,75.63748009856397,73.7759676750121,73.77596767495254,5.955361512356263e-11
3383.9205992923694,72.58567460706048,73.7216023177345,73.72160231767279,6.170682776228577e-11
3384.700923908702,71.59803676914864,73.66691340555607,73.66691340549214,6.39416986957183e-11
3385.4795699082447,73.03455892263032,73.6121536366839,73.61215363661765,6.625023162158021e-11
3386.258395034277,74.79329768538891,73.5571820722845,73.55718207221587,6.864038575006281e-11
3387.0392587411443,74.5647023043361,73.5018475111805,73.50184751110937,7.11209927366533e-11
3387.818442671542,74.9746633197063,73.44640992115691,73.44640992108323,7.368316377049233e-11
3388.599666121949,71.7541154823067,73.39059150556966,73.39059150549332,7.634216077220975e-11
3389.379209022015,71.73349057107572,73.33463146899881,73.33463146891972,7.908844623091676e-11
3390.160792381695,72.81104244277829,73.27826190740566,73.27826190732372,8.193836893996702e-11
3390.940694416805,70.5994252770978,73.22174921736499,73.2217492172801,8.488169642327674e-11
3391.720775867354,73.54557796860065,73.164944935255,73.16494493516707,8.792854160654238e-11
3392.502899187177,75.21882264159672,73.10769665532926,73.10769665523817,9.109012261326779e-11
3393.2833400208797,71.8003500692305,73.05026556331677,73.05026556322241,9.435507114533009e-11
3394.0658236645454,72.27512647070996,72.99237054425123,72.99237054415349,9.774279449065778e-11
3394.8466240469706,76.38110654374657,72.93427479892614,72.9342747988249,1.012410991896101e-10
3395.6294681804798,78.13769809231702,72.87568617740554,72.87568617730066,1.0487076717093407e-10
3396.410628277271,79.38466919789562,72.81686956947412,72.81686956936551,1.0861872129560385e-10
3397.1919680789156,74.60628832943713,72.75767782500844,72.75767782489595,1.1249779489980297e-10
3397.9753530435787,74.66303485220891,72.69795448455454,72.69795448443801,1.1652221956935048e-10
3398.7570528080996,76.33552643129349,72.63796358903292,72.63796358891224,1.2067747459893436e-10
3399.5407986778446,75.49411432786428,72.57741366012885,72.57741366000387,1.2498820768157902e-10
3400.3228585710763,74.53815574395578,72.51658861909118,72.51658861896175,1.2943884986785491e-10
3401.106965512172,77.71098073741598,72.45518705148503,72.45518705135098,1.340557852248261e-10
3401.8893857000257,73.93832092614902,72.39348449607691,72.39348449593808,1.3882232264263887e-10
3402.671985882616,71.40530748563096,72.3313219721844,72.33132197204064,1.4375472727517188e-10
3403.456634527281,72.38985674196527,72.2685424236653,72.26854242351642,1.4887103101395821e-10
3404.239595253404,73.29327806014305,72.20543647714409,72.20543647698993,1.5415271047023556e-10
3405.024605385328,72.6671880575765,72.14169451362594,72.1416945134663,1.596310295607413e-10
3405.8079268210863,75.59285031890398,72.07761032755062,72.07761032738533,1.6528613501116911e-10
3406.5932986068055,76.69153364714704,72.0128582939212,72.01285829375004,1.711514812247485e-10
3407.3769809183786,75.3162586490987,71.94773651350684,71.94773651332963,1.7720579180106583e-10
3408.1608435150365,76.78628899894022,71.88209249950759,71.88209249932412,1.834696556123841e-10
3408.946757878149,76.18097183676583,71.81574644787845,71.81574644768848,1.8996589100233547e-10
3409.7309815999342,72.7121988668941,71.74900259174964,71.74900259155298,1.9667089896888993e-10
3410.517258033421,82.78525578986375,71.6815475893374,71.68154758913377,2.0362428597723635e-10
3411.3018430467027,79.48034798627079,71.61368630483045,71.61368630461965,2.1080076804666086e-10
3412.08848171737,76.60874710930443,71.5450803079505,71.54508030773226,2.1824271146369675e-10
3412.8734281885954,78.9272453352936,71.4760545594585,71.47605455923258,2.2592302981083919e-10
3413.660429263325,77.89567701921102,71.40628369380805,71.40628369357417,2.3388703686313027e-10
3414.4457373590176,72.01571699711168,71.3360914409751,71.33609144073299,2.421057183276304e-10
3415.231226113806,79.2017928930534,71.26528962982098,71.26528962957038,2.506069009189048e-10
3416.0187708915296,82.63900315916999,71.19370199211365,71.19370199185423,2.594214124659777e-10
3416.804621520615,81.25430552182422,71.12166829397503,71.12166829370652,2.6851709421462195e-10
3417.5925291198446,80.23738667540103,71.04884077192071,71.04884077164276,2.7794753113318457e-10
3418.378741789942,79.7406226213269,70.9755611562005,70.97556115591281,2.8767828462535847e-10
3419.167012377829,77.66357168260642,70.90147187842888,70.90147187813112,2.977666471159965e-10
3419.9535872557303,77.75769049073631,70.82691525379906,70.82691525349088,3.081757424213028e-10
3420.740343084149,83.58142846618081,70.7517064135089,70.75170641318996,3.189406935832855e-10
3421.529158252079,83.5364669665836,70.6756586204026,70.6756586200725,3.3010039968724084e-10
3422.3162765385346,81.27249632594841,70.59913297105274,70.59913297071112,3.416140106032431e-10
3423.105455113238,79.19776742678835,70.52175825624947,70.52175825589592,3.5354921577363194e-10
3423.892936024715,78.78001547559563,70.4439018610859,70.44390186072005,3.658622851693864e-10
3424.682478173614,84.54187423464532,70.36519578856,70.36519578818138,3.786255656210411e-10
3425.470321877174,75.25987522517711,70.28600120621758,70.28600120582578,3.917922490948858e-10
3426.2583468231423,75.10220067015895,70.20612393841078,70.20612393800538,4.0540661255940884e-10
3427.048434430547,75.50356386337286,70.12537730414469,70.12537730372517,4.195176779475952e-10
3427.8368224192345,73.96857916366457,70.04414896181804,70.04414896138397,4.340736215953986e-10
3428.6272740196246,76.63351851975052,69.96204973262859,69.96204973217942,4.491598427766504e-10
3429.416025218285,76.54334448925226,69.87946575687677,69.87946575641205,4.6472088472584783e-10
3430.2068409793533,74.30253148639567,69.7960015827573,69.79600158227645,4.80847989920821e-10
3430.995955555317,74.00596489712827,69.71205312336188,69.7120531228644,4.974818200398743e-10
3431.7852516660514,74.65997764954439,69.62742074656968,69.62742074605501,5.146781217777774e-10
3432.576613765506,75.11875977080821,69.5419069990216,69.54190699848911,5.324985966729394e-10
3433.3662735045846,74.4181807115311,69.4559283794449,69.45592837889401,5.508775843724326e-10
3434.158000184183,71.05796533246149,69.36908215159708,69.36908215102716,5.699226923904003e-10
3434.948023719129,71.33430597096294,69.28178410492006,69.2817841043305,5.895636831163166e-10
3435.7401151468334,73.40087187004656,69.19361340390755,69.19361340329763,6.099154855926835e-10
3436.5305026452475,71.53561962853132,69.10498440970774,69.10498440907683,6.309029737712808e-10
3437.321071971267,71.49817561994355,69.0157046906823,69.01570469002971,6.525962472931028e-10
3438.113710618657,76.38159964095053,68.92556877378563,68.92556877311056,6.750728694075151e-10
3438.90464415959,70.87656383652929,68.83500100409357,68.83500100339532,6.982497558600903e-10
3439.6976479752293,72.17900837755309,68.7435781303907,68.74357812966844,7.222623276784984e-10
3440.4889458988696,79.08776192328732,68.65174621821139,68.65174621746436,7.470217414313936e-10
3441.2823150509907,77.68950859553458,68.55907527810994,68.55907527733727,7.726725802273132e-10
3442.0739775252096,69.69335019942237,68.466022417763,68.46602241696388,7.991198522421796e-10
3442.8658221203405,68.57835880183387,68.37237719727352,68.37237719644708,8.264515949996334e-10
3443.6597393748684,75.23876169944403,68.27791524912587,68.2779152482711,8.547651886295582e-10
3444.4519487724288,71.20954341295801,68.18310138188357,68.18310138099962,8.839556366789529e-10
3445.246231784259,73.65658759731703,68.08749474524758,68.08749474433338,9.141931489612552e-10
3446.0388061523136,71.3243947171634,67.99155477818101,67.99155477723565,9.45365492286533e-10
3446.8334550899513,69.64898489917175,67.89483996318027,67.89483996220262,9.776543270613185e-10
3447.626394596641,76.82886570115102,67.7978289198258,67.79782891881486,1.0109396972009047e-09
3448.4195165180226,69.91409636952852,67.70030602087853,67.70030601983319,1.045332029664155e-09
3449.2147144422124,72.50251152226214,67.60204567249973,67.60204567141878,1.0809534310072699e-09
3450.008201754487,73.9431532787478,67.50352962132295,67.50352962020528,1.117671384445522e-09
3450.803766025984,70.94941670706307,67.40430813642524,67.40430813526955,1.1556995572295004e-09
3451.597618897487,70.85303413449681,67.30486697589978,67.3048669747049,1.1948963511883543e-09
3452.393549685066,74.70758842593739,67.20474454788842,67.20474454665293,1.2354897259064762e-09
3453.187768284211,68.1064602949448,67.10443556311846,67.10443556184113,1.2773283954012558e-09
3453.9821695923,69.54628619969299,67.0037306869633,67.00373068564275,1.3205506964354744e-09
3454.7786502520034,66.75751220488594,66.9024047397636,66.90240473839829,1.365309548136645e-09
3455.573417540399,67.4832750831797,66.80094149237237,66.80094149096094,1.411437915500546e-09
3456.3702651383646,71.78814367208162,66.69887787891648,66.69887787745728,1.4592036821125322e-09
3457.1653985756734,72.85992630649788,66.5967238213532,66.59672381984477,1.508428431765391e-09
3457.962613280949,74.61505649426385,66.4940112584022,66.4940112568428,1.5593978644130884e-09
3458.7581130358553,70.72211234414426,66.3912519831914,66.39125198157947,1.6119214272225836e-09
3459.553795794435,70.1784547459738,66.28822055270497,66.2882205510388,1.666172203517973e-09
3460.3515612588344,71.78942572481192,66.18468491469645,66.1846849129741,1.72234145972485e-09
3461.147610588084,72.19663436124364,66.08116441795086,66.08116441617064,1.7802189224153014e-09
3461.9457435826544,71.50492656893591,65.97719020310588,65.97719020126574,1.840140027003707e-09
3462.742159651452,72.67397038548182,65.87327649976076,65.87327649785888,1.901880255440687e-09
3463.540660345515,75.10418202437849,65.76894706034601,65.7689470583802,1.9657972238755037e-09
3464.337443322818,69.88390537254078,65.66471872309488,65.66471872106322,2.031651229890331e-09
3465.134409598998,67.61756786532658,65.56036329562616,65.5603632935265,2.099658559226065e-09
3465.9334619406154,69.5215954778803,60.80232819412109,60.80232819195103,2.1700581413376195e-09
3466.730795378781,69.23307085573924,60.76227597888803,60.76227597664544,2.242585612683799e-09
3467.5302158434333,71.00073916059131,60.722169193429515,60.72216919111185,2.3176604677687277e-09
3468.3279166127354,71.20499347057603,60.68219878632851,60.682198783933515,2.3950005381303444e-09
3469.1277053700173,73.39932085520503,60.64217393185745,60.642173929382395,2.475052896932261e-09
3469.9257736396858,71.88823343908126,60.602285188511324,60.60228518595381,2.5575164033282925e-09
3470.7240255039114,69.34150741359133,60.56243717439431,60.562437171751654,2.6426609900261026e-09
3471.5243667986106,71.67187135138848,60.5225348966954,60.52253489396461,2.730784751947107e-09
3472.3229864170917,73.04713738403309,60.48276833029983,60.48276832747827,2.8215557495732544e-09
3473.123696428646,75.82391566867841,60.44294762261576,60.44294761970026,2.9154979428471578e-09
3473.9226839708067,66.81785385454475,60.403262360159,60.40326235714674,3.0122571665618855e-09
3474.7237628690837,67.90832935569286,60.36352307848288,60.36352307537049,3.1123916267036988e-09
3475.5231185044263,72.11538987283889,60.32391897641946,60.32391897320394,3.215523483983314e-09
3476.3245664593724,64.50313006351679,60.2842609769819,60.28426097365965,3.322247367738074e-09
3477.1242903574766,72.59027385916285,60.24473789200307,60.24473788857091,3.4321602245372747e-09
3477.924198231013,67.60188289153889,60.20525521370294,60.20525521015732,3.5456202995708394e-09
3478.726199869641,68.03076090873361,60.165718820305024,60.165718816642,3.6630230453843427e-09
3479.5264762603556,69.61523911961365,60.12631694465436,60.12631694087044,3.783924502335075e-09
3480.328847380758,70.61070375496286,60.08686147519307,60.086861471284045,3.909020759277695e-09
3481.1294924584263,74.14918273866677,60.0475402594729,60.04754025543507,4.03783835465157e-09
3481.9322332308234,73.35946963572157,60.00816557100665,60.00816556683553,4.17111853137885e-09
3482.7332471653,72.67262557492558,59.96892487273334,59.968924868424985,4.308356418676085e-09
3483.534445371979,72.30641124695013,59.92972433192608,59.92972432747608,4.449997838903484e-09
3484.337740721206,71.1307868240823,59.890470499480855,59.89047049488432,4.596534753116221e-09
3485.139308039519,71.50103110102464,59.85135026291979,59.851350258172374,4.74741135789965e-09
3485.9429734665337,72.82253609033233,59.81217685523029,59.81217685032679,4.903494593277819e-09
3486.74491006653,67.36757654832388,59.77313678101798,59.77313677595379,5.0641919400261695e-09
3487.5489457418253,69.81680380848587,59.73404365596539,59.73404365073496,5.230426243514158e-09
3488.351251793633,70.85539203567208,59.69508360243825,59.695083597036685,5.401565909804934e-09
3489.1537424148946,72.66605841670923,59.656163458598826,59.65616345302066,5.578165051474428e-09
3489.9583335616085,71.26025173633225,59.6171904438656,59.61719043810477,5.760834921096483e-09
3490.7611938899186,64.50549244739393,59.578350108737624,59.57835010278874,5.948880591963957e-09
3491.566155711393,68.03111055947825,59.53945702245207,59.53945701630869,6.143380433315681e-09
3492.369385917075,69.9052699295777,59.500696354954535,59.500696348610944,6.3435938852049764e-09
3493.1747185840795,73.29939694817399,59.46188305581549,59.46188304926482,6.550668444067651e-09
3493.9783188375363,71.87664565478828,59.423201915099874,59.42320190833606,6.7638150032445986e-09
3494.782103958176,70.82975994647002,59.38456043771946,59.38456043073574,6.983721404844589e-09
3495.5879929926314,74.5678312302303,59.34586650748866,59.34586650027751,7.211146163927342e-09
3496.392148416695,67.41603903806919,59.30730434613583,59.30730433869061,7.445221526112972e-09
3497.1984087238466,72.044200084693,59.26868985089999,59.268689843212705,7.687287167698132e-09
3498.0029346219326,65.56373283950876,59.230206865305284,59.23020685736886,7.936418692814416e-09
3498.8095663728254,65.94952760918318,59.19167166457591,59.191671656381864,8.194041143452271e-09
3499.6144629156115,72.05612407162506,59.15326771470088,59.153267706241714,8.459169888747476e-09
3500.4195446237895,69.49630407401912,59.114903183225465,59.11490317449281,8.732657702821412e-09
3501.2267336396117,72.10077626479433,59.07648661425769,59.076486605242245,9.015444657719212e-09
3502.0321862485507,64.53467035376264,59.03820090895967,59.038200899653226,9.306448585703085e-09
3502.839747135969,67.0247843375364,58.99986328437191,58.99986327476458,9.607331697489515e-09
3503.645570816544,68.5460295560617,58.96165626578833,58.96165625587139,9.916941613069182e-09
3504.453503746881,67.69242450358917,58.92339744590001,58.92339743566296,1.0237045825693212e-08
3505.259698670043,72.16358340047293,58.88526897479762,58.8852689642312,1.056641731687194e-08
3506.066079057287,71.05050163387433,58.84717967856767,58.84717966766156,1.0906112013067015e-08
3506.8745701514777,64.25696697389753,58.80903875753272,58.80903874627543,1.1257293534866795e-08
3507.6813220377844,68.70728578986133,58.77102780044627,58.77102778882765,1.1618614061192836e-08
3508.4901856034394,72.2450430585667,58.73296533599711,58.73296532400497,1.1992133396408845e-08
3509.297309159958,69.61849804386163,58.695032579392915,58.6950325670165,1.2376416800176636e-08
3510.1065453686742,68.78907268519045,58.65704843265176,58.65704841987811,1.2773653755234087e-08
3510.9140407666323,70.42867019806921,58.619193738096854,58.61919372491454,1.318231715752731e-08
3511.7217219278455,62.67769766257203,58.58137797628685,58.58137796268314,1.3603712840076674e-08
3512.5315172007913,65.82094578919852,58.543510999703635,58.543510985664355,1.403927931949921e-08
3513.339570460332,72.24365790369377,58.50577309280256,58.50577307831522,1.4487340071924476e-08
3514.1497388055764,71.09793310219317,58.467984087814386,58.46798407286394,1.4950444388513506e-08
3514.9581643348715,66.4313777141885,58.430323897957784,58.43032388253098,1.5426808286251348e-08
3515.768705924288,70.99643128410946,58.39261272648485,58.39261271056571,1.591914057683824e-08
3516.5775038948414,63.37659122595199,58.35503011603518,58.355030099609635,1.6425543130329572e-08
3517.3864879283046,64.65488745208746,58.31748619759417,58.31748618064654,1.694762880361471e-08
3518.1975894837783,67.55356384825292,58.279891471770895,58.27989145428372,1.7487173713326813e-08
3519.006946215802,67.51110817899217,58.24242492678652,58.242424908744425,1.8042095158136324e-08
3519.8184214453786,68.26140040183192,58.204907690353956,58.20490767173841,1.8615544268207973e-08
3520.6281510476656,66.13504422541753,58.1675183817537,58.1675183625484,1.920530566541459e-08
3521.4400001234944,65.78122008536695,58.13007849742535,58.130078477610624,1.9814726456080107e-08
3522.250102767825,67.22171839539328,58.09276628836227,58.09276626792082,2.044145038149839e-08
3523.0603917752046,69.30062517268142,58.05549253195458,58.05549251086711,2.1087467006683267e-08
3523.872801720374,67.9997540600084,58.01816837292936,58.018168351174396,2.1754966518111804e-08
3524.683464027515,64.03485357972586,57.980971511291386,57.980971488850024,2.2441364966786785e-08
3525.496248249561,67.41308045484546,57.94372436222228,57.94372433907172,2.3150552504517142e-08
3526.307284028443,63.84379634399977,57.90660425906876,57.90660423518898,2.3879781587188904e-08
3527.1204426997942,66.41411482934815,57.86943398345762,57.86943395882444,2.463318281788894e-08
3527.9318521224745,68.92287237013335,57.8323905027274,57.832390477319564,2.5407835007661054e-08
3528.743448208826,66.83959047583558,57.79538523667382,57.795385210467636,2.6206189332260423e-08
3529.557168654258,65.02179211614846,57.75832997015598,57.758329943125034,2.70309431808302e-08
3530.3691386425417,67.3010622182119,57.72140112293398,57.721401095055086,2.7878894854433263e-08
3531.1832339685966,65.69079054086303,57.68442238969063,57.68442236093579,2.8754840803115762e-08
3531.995578031069,68.16602643718284,57.64756982579747,57.64756979614209,2.9655377877020482e-08
3532.8100484104543,68.71198814410634,57.61066749011407,57.61066745952847,3.058559716352536e-08
3533.6227667194516,65.92074418057764,57.57389107426962,57.57389104272774,3.154188176775016e-08
3534.4356719932275,65.266440052541,57.53715263648924,57.53715260396199,3.252724778229115e-08
3535.2507050528916,66.88619712701325,57.50036459780124,57.50036456425622,3.354501307362808e-08
3536.063984831742,66.48457841979366,57.46370210564661,57.463702071055394,3.45912156225954e-08
3536.8793933767497,67.41689971682518,57.42699012628781,57.42699009061605,3.567176187647322e-08
3537.6930478332083,70.20661507902162,57.39040344503392,57.39040340825147,3.6782442078716784e-08
3538.5088320365467,66.55484028865573,57.35376739006872,57.353767352139194,3.792952324282113e-08
3539.322861343228,57.14767976071756,57.31725638521191,57.31725634610338,3.910853285580685e-08
3540.139021377962,64.66251252794137,57.28069611992649,57.28069607960037,4.0326119824449145e-08
3540.9534257075593,64.5690078499655,57.24426065718413,57.24426061560659,4.157753297998948e-08
3541.768017389802,66.95610486242884,57.20786287027269,57.20786282740599,4.286670285122207e-08
3542.584741272119,67.34772266181183,57.17141599239619,57.17141594819824,4.419795123516171e-08
3543.3997082363635,62.92052113930993,57.13509354666866,57.13509350110258,4.556607730607885e-08
3544.216808382987,60.51850569507594,57.09872212273485,57.098722075756065,4.6978785902711435e-08
3545.032150802126,66.40797801050981,57.062474884459355,57.062474836028805,4.843055362217438e-08
3545.849627386399,65.86392145187433,57.026178780527474,57.02617873059792,4.992955187042598e-08
3546.6653454334037,65.96386328971278,56.990006616191955,56.99000656472204,5.146991527828196e-08
3547.4812511352725,63.65667492050165,56.953871894167214,56.95387184111075,5.3056466349324175e-08
3548.299292476674,61.69620112620038,56.91768847485276,56.91768842015826,5.469450572508031e-08
3549.115574065913,64.40022515975272,56.881628626990256,56.88162857061264,5.6377616480654914e-08
3549.933992278572,63.43474083440413,56.845520193867046,56.845520135751784,5.811525922698318e-08
3550.7506499283527,66.29415772773088,56.80953508720213,56.80953502730151,5.990062154843426e-08
3551.5694451858944,65.06307780022526,56.77350150709765,56.773501445353915,6.174373333090619e-08
3552.3864790694674,64.89071791393286,56.73759100888421,56.73759094524684,6.36373630554631e-08
3553.203700910611,64.99343006151719,56.70171772080108,56.701717655213656,6.558742018061006e-08
3554.023061836291,61.96458048620883,56.66579612655477,56.66579605895437,6.76003976988116e-08
3554.84066017115,64.07431032144615,56.62999724829141,56.62999717862302,6.966838844430691e-08
3555.6603985760207,62.776617444387746,56.59415017516806,56.59415010336507,7.180299427041186e-08
3556.478373578044,66.00742170362965,56.55842557452272,56.5584255005269,7.399582377057997e-08
3557.2984896360094,65.16925059364098,56.52265289011385,56.52265281385468,7.625917248777647e-08
3558.1168414787285,62.78256150704636,56.48700243510176,56.48700235651762,7.858413605859197e-08
3558.935381582214,66.78511668290385,56.45138895937139,56.451388878393445,8.097794677981588e-08
3559.756064220798,65.50657839086826,56.41572756606967,56.41572748262112,8.344854818333195e-08
3560.5749814253213,58.4207850181059,56.38018803848026,56.380187952494055,8.59862093499973e-08
3561.396042152008,61.58899282865633,56.34460070390103,56.34460061529589,8.860514007965537e-08
3562.2153366312987,64.49875942920899,56.309134993009096,56.30913490171408,9.1295017335089e-08
3563.0367756202736,63.67452055658305,56.27362158550336,56.273621491432465,9.407089511227081e-08
3563.8564475481426,65.70017731854564,56.23822956008126,56.238229463159435,9.692182338121434e-08
3564.676308040461,66.64530569477449,56.202874284416396,56.202874184559754,9.985664226085428e-08
3565.498314524007,63.03531416839121,56.167471477251844,56.167471374366784,1.0288505762279093e-07
3566.318552725666,63.43437325285209,56.132189690697324,56.13218958470221,1.0599510961175752e-07
3567.1409379072093,63.4901201331104,56.09686048250707,56.09686037330289,1.0920418027016838e-07
3567.9615539922193,65.19784126606682,56.06165205437323,56.06165194187365,1.1249958667882704e-07
3568.7843180462255,69.65690135064621,56.02639631426346,56.02639619836372,1.1589973690039484e-07
3569.605312188677,62.94676735866603,55.99126111407547,55.99126099468429,1.193911826558184e-07
3570.426495199751,67.82497351471478,55.95616243543686,55.95616231245214,1.229847157272931e-07
3571.249827663756,64.63297600542433,55.921016608864484,55.921016482172305,1.2669218036184485e-07
3572.0713889934545,64.51521094501373,55.88599096293853,55.88599083243963,1.3049889619258348e-07
3572.895100766335,67.53191688099919,55.85091827822946,55.850918143803355,1.3442609887876346e-07
3573.717040588949,64.05124682040652,55.81596553507619,55.81596539661796,1.38458226260974e-07
3574.541131845453,65.69316189014388,55.78096586208741,55.780965719469656,1.4261775938059434e-07
3575.3634503353533,65.83518285028732,55.74608589198048,55.74608574509227,1.4688820306069076e-07
3576.1859579985417,65.5675834804015,55.711242216524106,55.71124206524139,1.5128271504115515e-07
3577.010618581947,62.93413062213916,55.67635177420878,55.67635161839305,1.558157308364037e-07
3577.833505174026,63.636561037282036,55.64158067768555,55.6415805172163,1.6046925400201229e-07
3578.658545678171,69.80202882317457,55.6067629227448,55.60676275747561,1.6526919544546092e-07
3579.481811373713,65.12443702320496,55.572064275960315,55.57206410576383,1.701964847898538e-07
3580.307231973627,64.07840302823901,55.53731907899781,55.53731890371927,1.7527854261654152e-07
3581.1308769472844,64.99612416533154,55.502692752969956,55.50269257247479,1.8049516266250738e-07
3581.9547113993854,63.56241714861426,55.468102495995666,55.4681023101333,1.858623671357906e-07
3582.780702244584,63.41058355411207,55.43346585076053,55.4334656593628,1.913977275362013e-07
3583.6049162368263,66.76650450480538,55.3989477215436,55.39894752446439,1.9707921078344834e-07
3584.431287615616,63.68293458796331,55.36438331180213,55.364383108863734,2.029383924529938e-07
3585.255881322854,67.75348786824651,55.329937181889484,55.32993697293755,2.0895193326996213e-07
3586.082633410546,61.43816784207132,55.29544487898799,55.29544466383476,2.1515323647588477e-07
3586.907607007714,60.670191360416936,55.26107062013783,55.26107039862025,2.2151758177529124e-07
3587.7327703889737,65.4920409887552,55.226732206038974,55.22673197797452,2.2806445487891432e-07
3588.5600936418136,62.919898043752205,55.19234777981534,55.192347545000125,2.3481521754577593e-07
3589.3856371754528,64.32731401409484,55.158081044887496,55.158080803144564,2.4174292948345997e-07
3590.213341575723,64.18736854490987,55.12376840487041,55.12376815598439,2.4888602079369e-07
3591.0392654368757,61.65237375017227,55.08957322139811,55.08957296518215,2.562159646148829e-07
3591.8673511601714,65.30544404137402,55.05533223967251,55.05533197589911,2.6377340080021583e-07
3592.693655524055,67.62893599722874,55.02120848015023,55.021208208622106,2.715281256722551e-07
3593.5201499781733,61.414969859976054,54.987120342364754,54.987120062860946,2.795038072989765e-07
3594.348807787964,66.99644917911627,54.95298656614337,54.952986278416994,2.877263824969775e-07
3595.1756830076847,62.74677609814461,54.918969661518574,54.91896936535562,2.96162953390932e-07
3596.0047225797357,65.79385233919199,54.88490722479669,54.884906919936455,3.0486023356899294e-07
3596.831978740478,65.48021562126394,54.850961426350636,54.850961112567234,3.137834006029426e-07
3597.6614002506662,64.35534434878889,54.816970201948116,54.81696987896628,3.2298183630649717e-07
3598.48903752793,69.88644706449209,54.78309538290787,54.78309505048918,3.3241868500364764e-07
3599.316865202062,61.6624822428534,54.7492559638713,54.74925562174864,3.4212265859290814e-07
3600.1468597215803,64.42899514025272,54.715371277655144,54.71537092552993,3.521252090308489e-07
3600.975068775529,65.01328394802925,54.68160264833153,54.68160228594531,3.6238621531904643e-07
3601.8054456731293,65.5899656107593,54.64778885747479,54.6477884845124,3.729623883114402e-07
3602.6340362825968,65.28460396045405,54.6140908916122,54.614090507800924,3.838112755931189e-07
3603.4647957344396,62.1841925327459,54.580347869665985,54.58034747467318,3.9499280562897726e-07
3604.2937680752075,66.20420783232534,54.546720441220515,54.54672003475845,4.0646206385474986e-07
3605.124910257537,57.40826370220162,54.51304806194408,54.51304764366171,4.1828237236791896e-07
3605.954264505469,62.103490451265486,54.47949104507942,54.4794906146732,4.3040621667545773e-07
3606.7838095452566,66.10546287588194,54.44596914499457,54.44596870212423,4.4287033613575407e-07
3607.615525925649,62.704396634815396,54.412402451527505,54.41240199581255,4.557149560575459e-07
3608.4454531364427,61.90056750373145,54.378950774732594,54.37895030584421,4.688883891328232e-07
3609.2775526881774,62.54794585740343,54.34545440931812,54.34545392685485,4.82463271092074e-07
3610.107862246044,63.53840779748339,54.31207283049474,54.31207233410981,4.963849370899713e-07
3610.9403451456474,63.931347993913334,54.27864666761905,54.27864615688894,5.107301083534445e-07
3611.7710372267334,64.3370100982054,54.24533506165552,54.24533453621454,5.254409770825503e-07
3612.6019204074405,66.41040763491476,54.21205835364387,54.212057813081884,5.405619837616066e-07
3613.434978431348,67.44297111080898,54.17873721800292,54.17873666186116,5.561417663892777e-07
3614.266244399543,60.30003225480982,54.14553029564492,54.14552972352744,5.721174752312066e-07
3615.0996862128873,63.76128773367214,54.11227904973805,54.11227846116101,5.885770364905265e-07
3615.9313351449196,64.29515511099311,54.079141788437646,54.07914118298364,6.054540044429208e-07
3616.7651609245117,63.059480414086984,54.045960307474566,54.045959684633345,6.22841217262415e-07
3617.597192996813,63.69748543818191,54.01289258284148,54.01289194217305,6.4066843491315e-07
3618.4294164769994,64.21152134250008,53.9798595385938,53.97985887960446,6.589893454995524e-07
3619.263818308629,62.222627218443456,53.946782430087794,53.94678175222511,6.778626848156763e-07
3620.0964251937776,65.90203338303839,53.91381873638149,53.91381803916936,6.972121289086117e-07
3620.9312114339364,66.6774287362614,53.88081108181928,53.880810364675305,7.171439786916141e-07
3621.7642019006826,64.86513961715305,53.84791661477748,53.84791587719991,7.375775731301203e-07
3622.599372726466,62.43002390242793,53.81497829008956,53.81497753146445,7.586251110353498e-07
3623.432746951525,61.335200180481316,53.78215292604062,53.78215214583926,7.802013568502026e-07
3624.2663128932295,64.8452453863243,53.74936202606705,53.749361223695956,8.023710888347267e-07
3625.1020607002815,60.78370233676793,53.716527422839775,53.716526597634626,8.252051473350276e-07
3625.9360106654203,64.0151745185861,53.68380544080892,53.68380459219795,8.486109653916481e-07
3626.7721435010903,65.6237517346341,53.65103985825372,53.65103898553682,8.727168960431919e-07
3627.606477666583,64.06521940208592,53.61838667100547,53.61838577358032,8.974251484386141e-07
3628.4429957082543,66.00201556519353,53.585689985770685,53.58568906289954,9.228711480459802e-07
3629.2777142511013,64.23137074631029,53.553105470349266,53.55310452139767,9.489515962443154e-07
3630.112624819852,62.91119711945328,53.52055520394492,53.52055422820037,9.757445536997807e-07
3630.949720773522,61.5815739570877,53.48796159294166,53.48796058960631,1.003335351840352e-06
3631.785015985176,63.059901788061275,53.45547981438617,53.45547878277431,1.0316118692135728e-06
3632.622497588555,65.41181407367135,53.42295479329266,53.42295373256377,1.0607288896532504e-06
3633.458177620317,64.46630915048672,53.39054138014009,53.39054028957209,1.0905680081169354e-06
3634.2960450510736,63.73994110744263,53.35808482632031,53.35808370502783,1.1212924781670186e-06
3635.13211008023,66.98313555460943,53.32573965632852,53.32573850355125,1.1527772722500358e-06
3635.968367445047,65.56885656772808,53.293428521543305,53.293427336426966,1.1851163382138143e-06
3636.806813720033,62.500711627966155,53.261074398480915,53.26107318006858,1.2184123328541795e-06
3637.6434563482226,61.907287073810835,53.2288313239474,53.22883007141777,1.2525296252055576e-06
3638.48228889501,63.02746944014644,53.19654536253412,53.19654407487948,1.2876546363964982e-06
3639.319316964061,62.87641583576687,53.16437022651862,53.164368902874436,1.3236441873559559e-06
3640.158535960605,63.40245193294863,53.132152304832054,53.13215094413722,1.3606948289763226e-06
3640.995949648091,63.73945697564238,53.1000449858041,53.10004358714867,1.3986554300084627e-06
3641.8335559814955,65.48774207767708,53.06797148941632,53.06797005177741,1.4376389161721232e-06
3642.673354756004,65.44031060935822,53.0358553587577,53.035853880989066,1.4777686310545941e-06
3643.511346974249,61.282353608322644,53.00384949751467,53.00384797863396,1.518880717183818e-06
3644.351532643654,61.25049504624514,52.97180110273987,52.97179954154045,1.5611994153188923e-06
3645.189910924517,59.23276370116071,52.93986275561848,52.939861151066665,1.6045518130777507e-06
3646.0304836670625,61.65694162336166,52.90788197551713,52.90788032634288,1.649174250444237e-06
3646.8692481884013,62.158318377643695,52.87601102169716,52.876009326812884,1.6948842790569762e-06
3647.708205666417,60.16935701305926,52.84417367919262,52.84417193737516,1.7418174647254664e-06
3648.5493591221675,60.01280761620649,52.81229405412623,52.812292264004405,1.7901218189464667e-06
3649.3887031074946,57.919645847022146,52.78052392414461,52.78052208454497,1.8395996398702126e-06
3650.230244082243,64.53821168822742,55.944034270007535,55.94403237948722,1.8905203188538653e-06
3651.069974752947,62.829490912757535,55.96066299480956,55.960661052134256,1.9426753061398194e-06
3651.9119034252244,61.75101112177117,55.97752502083619,55.977523024487766,1.9963484256573595e-06
3652.75202095945,63.56501711568968,55.99452705587257,55.99452500455286,2.0513197078102143e-06
3653.5923317616102,61.71219092371416,56.01169602174938,56.01169391399769,2.1077516919749465e-06
3654.434842083843,63.14466071471969,56.0290602745039,56.02905810868213,2.1658217661169393e-06
3655.2755400167907,62.480642571765095,56.04652378896296,56.046521563671256,2.2252917026051075e-06
3656.1184384831295,58.98569510576693,56.064156411394656,56.06415412490993,2.286484724421045e-06
3656.959523725217,60.75390581754334,56.081860693675345,56.08185834452572,2.349149625485566e-06
3657.802810514479,65.05072347391518,56.099707630253334,56.09970521662651,2.4136268219998265e-06
3658.6442832441394,63.45760709656219,56.11759879524008,56.11759631558863,2.479651450436102e-06
3659.4859495534947,61.90103818742614,56.135563214697896,56.135560667279755,2.547418144450077e-06
3660.3298189309726,63.313909605925296,56.15363065708625,56.153628039947016,2.6171392297111343e-06
3661.1718729955983,64.23837272660649,56.17170169217028,56.17169900364226,2.6885280177202157e-06
3662.0161311432985,64.29421822630559,56.18984895225053,56.1898461902787,2.761971828602635e-06
3662.858573141832,62.00600961674496,56.207972191789906,56.20796935462144,2.8371684673488194e-06
3663.7032202388605,58.73346243783715,56.2261438063952,56.22614089186949,2.9145257089894123e-06
3664.5460503500235,62.60707717756163,56.24426290801688,56.24425991429183,2.993725047030011e-06
3665.3890743531465,60.207132741584246,56.26235816265662,56.26235508765737,3.074999252028105e-06
3666.2343049781657,61.118318099373425,56.280458300247844,56.280455141645696,3.158602146591774e-06
3667.0777173620463,63.43209604031017,56.29846301698053,56.298459772791354,3.2441891706425034e-06
3667.923337384414,61.673765203420324,56.31644425638098,56.31644092415712,3.3322238638762652e-06
3668.767138327981,57.03488153396137,56.334302421504795,56.33429899916163,3.4223431641790625e-06
3669.6131479270907,58.53990385447645,56.35210874337666,56.35210522834175,3.5150349144766306e-06
3670.457337609352,61.508375918511156,56.3697645335498,56.3697609236332,3.609916597653693e-06
3671.303736964684,61.44477534460436,56.38734022560926,56.387336518107674,3.707501580860924e-06
3672.1483155647315,64.41681563931496,56.40473836519652,56.40473455780963,3.807386892184892e-06
3672.9930884589767,66.26386362860048,56.42198716012427,56.421983250259295,3.90986497206358e-06
3673.840072552854,61.24626337569481,56.43911339870137,56.439109383446834,4.015254536127068e-06
3674.6852346335704,63.25338416549045,56.4560217553223,56.45601763220233,4.12311996129584e-06
3675.532608932618,61.552866734413676,56.47277921986981,56.472774985825666,4.23404413963206e-06
3676.378160379105,60.31176348556215,56.48929252775337,56.4892881801851,4.347568275047334e-06
3677.225925063091,60.88469760954212,56.505627312468214,56.50562284816268,4.464305534350093e-06
3678.0718660547273,60.810432687924276,56.52169324241608,56.52168865864331,4.583772766990978e-06
3678.9180016539776,59.4989779161736,56.53751709642932,56.537512390110614,4.706318704642903e-06
3679.7663520197516,61.636648432067894,56.553123313750596,56.55311848142735,4.832323249702238e-06
3680.6128774332724,60.44073530060815,56.56842515712272,56.56842019585832,4.961264394426294e-06
3681.461618633657,58.44775743516237,56.58348332571898,56.583478231881266,5.093837715133057e-06
3682.308534041034,60.39209798549053,56.59821401935348,56.59820878985984,5.2294936398323725e-06
3683.157666256088,63.680531859769474,56.61267561942376,56.612670250460155,5.368963606737177e-06
3684.0049718369914,62.475178158204876,56.62678758816339,56.6267820764943,5.511669085465082e-06
3684.85247233943,59.66851370029787,56.64057336235313,56.64056770432772,5.6580254081172486e-06
3685.702191181037,60.31259278540517,56.65405351430384,56.654047705819,5.8084848360788274e-06
3686.5500821265555,59.78609048723059,56.667152945687114,56.66714698326446,5.962422658692681e-06
3687.40019243323,61.298244786395635,56.67992351862464,56.67991739795677,6.120667866769512e-06
3688.2484740017044,64.49295433030785,56.69229416830555,56.692287885742545,6.2825630063760475e-06
3689.098975953795,64.50396832876352,56.7043140022286,56.70430755324911,6.448979492184477e-06
3689.9476483251865,62.16751688184843,56.715916214356575,56.71590959513109,6.619225484218916e-06
3690.7965159325413,63.41036390172121,56.72712066697696,56.72711387318195,6.793795008170139e-06
3691.6476054574723,61.643193176774965,56.737943689768514,56.737936716542734,6.973225783296748e-06
3692.4968641377322,59.81138189109175,56.7483249038767,56.74831774710554,7.156771160436626e-06
3693.3483457592047,60.40587332828836,56.758305015737164,56.75829767031929,7.3454178794715595e-06
3694.197995692535,61.005923315784116,56.76782782197325,56.7678202835928,7.53838044851693e-06
3695.0498695911865,59.58006999271533,56.77693074416526,56.776923007469534,7.736695727433458e-06
3695.899910957839,61.52033576705805,56.78556286766854,56.78555492813109,7.93953744863377e-06
3696.7501478753907,63.23426544208247,56.793739185391104,56.79373103789861,8.147492497515307e-06
3697.6026102946985,61.47821630043638,56.80147053468167,56.801462173482285,8.36119938755638e-06
3698.453238915995,58.111339626411514,56.80871327749674,56.80870469772985,8.579766888875539e-06
3699.306094064335,57.7397236427018,56.815495385073426,56.81548658070541,8.804368016139661e-06
3700.1571145698344,59.955285586013936,56.821778176088664,56.82176914202314,9.034065523561457e-06
3701.0103626281375,55.47663161163001,56.827585557466904,56.827576287375344,9.270091559420235e-06
3701.86177519838,58.75212840835786,56.83288431831504,56.83287480685445,9.511460590791204e-06
3702.713383634966,60.99091074727455,56.8376837474976,56.837673988628666,9.758868934034335e-06
3703.567221163269,58.044067719686154,56.841988672226435,56.84197865915261,1.0013073827699724e-05
3704.4192219354572,55.51789488219754,56.84577403276157,56.84576375974872,1.027301284708917e-05
3705.2734528263054,52.690341033650164,56.84905372119422,56.84904318111554,1.054007867351007e-05
3706.1258461148454,58.410860316200804,56.85180836552135,56.85179755236691,1.0813154442438547e-05
3706.9804705494603,61.431851715158814,56.85404783702612,56.85403674332361,1.1093702510704644e-05
3707.833256535184,58.39660980700643,56.85575856450505,56.85574718395614,1.1380548909139697e-05
3708.686238703204,56.57672250825528,56.85694392396756,56.85693224944882,1.1674518742697296e-05
3709.5414535586942,61.49304507816993,56.857602632673526,56.85759065616462,1.1976508909915995e-05
3710.3948286951936,62.902021028757815,56.857729677343976,56.85771739208942,1.2285254553263337e-05
3711.250437547763,59.45921635072722,56.85732410376853,56.85731150136148,1.2602407053919308e-05
3712.104205833784,59.39658852312278,56.85638648872562,56.856373562088386,1.2926637235967264e-05
3712.960208864945,61.85653840611992,56.85491100844215,56.85489774876368,1.325967846811484e-05
3713.8143704816102,60.775678300448995,56.852903423236214,56.85288982310208,1.3600134133909836e-05
3714.6687285970334,57.25946937955655,56.85036041561324,56.85034646663253,1.3948980707792339e-05
3715.52532300148,63.60786726271357,56.84727413666357,56.84725982938441,1.4307279156196999e-05
3716.3800747192818,57.01475868533805,56.843659876299355,56.84364520277378,1.4673525575962058e-05
3717.237063756365,60.22962693948842,56.839501163833354,56.839486114157744,1.5049675611706941e-05
3718.0922092578776,62.449106764221085,56.83481871703033,56.834803282880856,1.543414947414749e-05
3718.9495931094034,59.7104897204602,56.8295912227484,56.829575393749245,1.582899915444861e-05
3719.805132576043,61.17654391375709,56.82384450021589,56.82382826765057,1.6232565324463257e-05
3720.6608688584133,60.496347699810826,56.81756786818706,56.81755122218493,1.6646002131994528e-05
3721.5188450371697,59.882571679237635,56.81074628561807,56.81072921505505,1.7070563028315557e-05
3722.3749755568388,62.36052409288107,56.8034145233379,56.803397018875685,1.7504462213940506e-05
3723.2333470048143,62.58039613612568,56.79554015756305,56.79552220755034,1.7950012708384915e-05
3724.0898719434085,63.04319924095268,56.78716334332381,56.787144937984515,1.8405339299702962e-05
3724.948638842703,68.16888191826393,56.778246949468894,56.77822807660082,1.887286807671048e-05
3725.8055583819305,67.70455469480652,56.768836450364695,56.76881709973455,1.9350630147716786e-05
3726.6626750543705,70.65685317055143,56.75891434204935,56.75889450206142,1.983998793143479e-05
3727.5220352363804,71.50743688197424,56.748458611777636,56.74843826935724,2.0342420401799018e-05
3728.379546782066,68.30260987997718,56.73752298179116,56.73750212598137,2.085580978375887e-05
3729.2393028709043,64.36383010339883,56.72605950245553,56.726038119567235,2.1382888293930775e-05
3730.097209471752,63.00851657670705,56.7141270610336,56.71410513960065,2.1921432951066314e-05
3730.957361649813,61.72967794364724,56.70167298496852,56.70165051066003,2.247430848916463e-05
3731.815663487825,60.22186289987701,56.68876085492828,56.68873781574654,2.3039181742716536e-05
3732.674162777048,58.55316368656106,56.675365788507406,56.67534217084846,2.3617658943317958e-05
3733.5349091948488,57.579727048123175,56.66145820413763,56.661433992654686,2.421148294330026e-05
3734.393803994287,57.681367829964366,56.64710883331662,56.647084015171075,2.481814554922487e-05
3735.2549469575547,58.13284314720591,56.632254023742625,56.63222858287259,2.5440870034569346e-05
3736.1142374494198,57.90712117804163,56.61696958921422,56.616943512189636,2.60770245851554e-05
3736.9757771408426,58.92172246760623,56.601187676223994,56.60116094623642,2.6729987577239693e-05
3737.83546350743,59.69374682903493,56.58498860952969,56.58496121253191,2.7396997777046234e-05
3738.6974001097797,60.11068741119203,56.568300518081884,56.568272436486126,2.80815957581568e-05
3739.5574825334684,60.51618813821734,56.551208647347785,56.551179866462974,2.878088481146293e-05
3740.417762817988,60.320240274768366,56.5336796894814,56.53365019263528,2.9496846126900783e-05
3741.280294892856,58.662093341617094,56.51567585940659,56.515645627778454,3.023162814114345e-05
3742.140971508096,60.115788725902064,56.497288343313244,56.497257361194166,3.0982119077856566e-05
3743.0039009510815,61.57472438865455,56.47843474452785,56.47840299222988,3.175229797016246e-05
3743.864974079629,58.923797958564705,56.45921012470901,56.45917758580777,3.253890123661164e-05
3744.7283010738006,56.51483880915862,56.439528068878005,56.43949472278058,3.33460974245961e-05
3745.5897708983302,59.02616045540441,56.41948775542814,56.41945358496404,3.417046410651538e-05
3746.4514389028614,57.584115613238396,56.399048495908865,56.39901348157862,3.501433024168035e-05
3747.315362330108,60.079182982561015,56.37816574868643,56.3781298684662,3.588022022704746e-05
3748.1774273046804,57.6936952600633,56.35694445008361,56.35690768562402,3.676445959033627e-05
3749.0417487410405,55.94600635737522,56.335288783250206,56.33525111152137,3.767172883551505e-05
3749.9042108685376,57.387809133641106,56.313307399907345,56.313268801731674,3.859817567136198e-05
3750.768930497374,57.75015937261828,56.29090104232125,56.290861493619516,3.95487017366335e-05
3751.6317899607643,58.067409148240756,56.26818199451505,56.2681414752463,4.051926874647104e-05
3752.4948479238406,61.23685866720479,56.2451028534914,56.245061340880405,4.151261099514108e-05
3753.3601649478596,63.5666577845683,56.22161267159068,56.221570139899825,4.253169084984604e-05
3754.2236205213303,60.70227405758715,56.19782841199456,56.197784839819505,4.3572175050570877e-05
3755.0893361964922,57.779565896781556,56.17364142426547,56.173596784703264,4.4639562207050924e-05
3755.953189563537,60.606048379585786,56.14917157668473,56.149125847373675,4.572931105418417e-05
3756.819304073499,59.359624163633384,56.12430671905536,56.12425987187748,4.684717788627517e-05
3757.68355541738,59.01882675517101,56.099169887098476,56.09912189869452,4.7988403955996896e-05
3758.5480055811468,58.90862849549024,56.07370695671615,56.0736578005208,4.915619535477717e-05
3759.4147184499525,59.547157995702094,56.047860770278994,56.04781041625502,5.035402397305482e-05
3760.2795668655003,59.97949665872824,56.02175918209659,56.02170760531027,5.157678631909604e-05
3761.1466790285135,59.140227286785326,55.995282165361914,55.99522933442806,5.283093385406295e-05
3762.011925879316,59.60537036198019,55.96856017766087,55.96850606654076,5.411112010460229e-05
3762.8794375204916,58.12602495768573,55.941469891833655,55.94141446773725,5.542409640320324e-05
3763.745082990108,56.935204175532306,55.91414431915619,55.91408755489387,5.676426232393653e-05
3764.6109276003267,56.552300748553826,55.886523149485775,55.8864650141134,5.813537237943952e-05
3765.4790385655597,57.226826344654576,55.85854307117427,55.85848352968384,5.9541490429633724e-05
3766.34528206998,57.91525728190692,55.83034081103526,55.830279834421574,6.097661369108313e-05
3767.2137929735227,55.317607763353756,55.80178514950635,55.80172270120443,6.244830192136133e-05
3768.0804355559144,57.33450980859516,55.7730153783517,55.77295142808281,6.395026888753844e-05
3768.9493465820183,57.31229353820596,55.743897409905664,55.74383191948282,6.549042284164699e-05
3769.8163884262376,56.5689360551346,55.71457309148419,55.71450602930277,6.706218141969219e-05
3770.683629732294,56.70320642377221,55.68497658722186,55.68490791728609,6.866993576875895e-05
3771.5531410492254,56.684845276977576,55.655039211461805,55.65496889302523,7.031843657951e-05
3772.42078189294,57.06559700706606,55.624906201813936,55.6248342011814,7.200063253519034e-05
3773.290693793323,55.95745966061259,55.59443617451174,55.59436244914099,7.372537075562399e-05
3774.1587343587635,57.23934653093323,55.56377653892366,55.56370105365394,7.548526972198803e-05
3775.0290470271466,54.727110413509195,55.53278317931659,55.53270588973558,7.728958100930218e-05
3775.8974874984633,52.658321094305904,55.50160583170223,55.50152670112397,7.913057825917501e-05
3776.7661277533693,57.251575341591376,55.470173095928565,55.4700920825379,8.10133906624296e-05
3777.637041680911,53.02483576330559,55.43841108696848,55.43832814340375,8.294356472890952e-05
3778.506082117971,53.06404147372206,55.406473077214265,55.40638816438598,8.491282828275775e-05
3779.377397275145,55.36567129263403,55.37420856649839,55.3741216349766,8.693152178452963e-05
3780.2468380787222,55.591617396891024,55.341772878970346,55.341683887981425,8.899098892250462e-05
3781.1185546503775,56.21131954931543,55.3090119966678,55.308920894628876,9.110203892473337e-05
3781.98839600492,59.18792323451357,55.276082536134766,55.27598928052029,9.325561447355853e-05
3782.858437465324,54.97287454266342,55.24290762161874,55.242812163919524,9.545769921481669e-05
3783.730756266029,53.77912655619924,55.209408671577826,55.20931095681731,9.771476051587321e-05
3784.6011985541213,56.73798770745862,55.17574659574833,55.175646578641675,0.00010001710665464548
3785.4739192316842,56.22407283609051,55.141761524819074,55.14165914801105,0.00010237680802499984
3786.3447625321255,53.13899224872358,55.10761591880535,55.10751113507871,0.00010478372664262025
3787.217885271691,53.30675288291361,55.073147467524656,55.07304021704918,0.0001072504754720607
3788.0891297692283,51.91816426035843,55.03852120506309,55.038411438612236,0.00010976645085242815
3788.9605746954167,55.18708493346623,55.0036562032842,55.003543864659875,0.00011233862432436545
3789.83430063549,53.21837641585887,54.96846917584363,54.968354201316274,0.00011497452735646316
3790.7061470359436,52.07325677910859,54.93312835824535,54.93301069542541,0.00011766281993757775
3791.5802755011423,53.95974806200883,54.897465527018255,54.8973451094445,0.00012041757375699032
3792.452523560819,53.13599780388501,54.8616507630435,54.86152753611241,0.0001232269310841618
3793.3270547365883,50.63867563552976,54.82551317033726,54.82538706474651,0.00012610559075024625
3794.199704640532,50.7989232614122,54.78922468857526,54.78909564742026,0.0001290411549958958
3795.07255529644,52.120253425347585,54.75269928099525,54.75256723925926,0.00013204173599386197
3795.9476906457407,51.940102603232674,54.71584872182279,54.71571360572961,0.00013511609317488609
3796.8209434235314,51.52073239667061,54.67884838118768,54.678710130212394,0.00013825097528399842
3797.696481947273,53.074499617147815,54.64152163381354,54.641380171047444,0.00014146276609383564
3798.5701370322045,53.029726391028476,54.60404627284364,54.60390153522908,0.00014473761456250305
3799.4460789161285,52.06413896353723,54.56624352320782,54.566095430579445,0.0001480926283733017
3800.3201364935435,52.35488700579794,54.528293573695215,54.52814206036412,0.00015151333109966603
3801.196481923478,53.40772574217851,54.49001555625635,54.489860538671905,0.00015501758444854828
3802.070942178805,52.33687999244978,54.45159200587142,54.451433415611426,0.0001585902599922054
3802.945603602565,50.01085082734562,54.412932222766116,54.412769981569724,0.00016224119639047358
3803.8225544594156,54.31083327122651,54.373943218960996,54.37377723795041,0.00016598101058955492
3804.6976188392787,51.136797948265674,54.33481079353579,54.33464099999143,0.00016979354435683834
3805.5749737069737,54.10755619024599,54.295348358625695,54.295174659942255,0.00017369868344369974
3806.4504412285814,55.06604301800025,54.255744195114936,54.255566515568546,0.00017767954639059862
3807.328200293248,52.89555015912982,54.21580983822906,54.215628081341265,0.00018175688779680435
3808.204071142328,55.28157580585003,54.17573631406639,54.1755504009939,0.00018591307249474104
3809.080143484345,54.211218670623396,54.13542956033034,54.135239400814854,0.00019015951548106966
3809.9585089525444,54.757489683974825,54.09479314444536,54.09459863591674,0.00019450852862149453
3810.8349849006745,56.08319496491987,54.05402113473721,54.053822193450316,0.0001989412868954475
3811.7137550314283,54.16943540664079,54.01291944793566,54.01271596706009,0.0002034808755661783
3812.5906347716123,52.58972679053358,53.97168436767659,53.97147626004219,0.00020810763439880136
3813.4698097513487,54.88211776092414,53.93011986218477,53.92990701653632,0.00021284564844933129
3814.3470934696134,50.413608140836175,53.8884248840789,53.88820720969149,0.00021767438741411249
3815.2245790058446,51.74275165410336,53.846501971451495,53.84627936437324,0.00022260707825471075
3816.1043613673037,53.61387623504754,53.80425149357166,53.80402383559163,0.0002276579800372877
3816.9822511607053,54.008860543522985,53.761875923784466,53.76164311859487,0.00023280518959622088
3817.862438837482,53.35277678285025,53.719174353403005,53.71893627793095,0.00023807547205738488
3818.7407330742953,52.74046660578336,53.67635157524787,53.67610812928682,0.00024344596105623845
3819.6213262531164,54.10829583605193,53.63320469014076,53.632955745570136,0.000248944570619187
3820.5000251196684,53.85237838719803,53.58994068658311,53.58968613915172,0.00025454743138702976
3821.37892612974,53.339467641045246,53.54645868834908,53.546198418498776,0.0002602698503039829
3822.2601276700534,52.43553081215424,53.50265593505139,53.502389806730974,0.00026612832041722056
3823.1394335894033,52.18733705859506,53.45874316230754,53.458471064916985,0.00027209739055621113
3824.0210410988484,52.749203391697115,53.41451296887679,53.4142347608244,0.00027820805239150585
3824.900752114019,50.04034252284413,53.37017813545961,53.369893701714105,0.0002844337455065696
3825.7827657796256,52.91591507365326,53.32552910739713,53.32523830061712,0.000290806780010891
3826.6628820772435,53.98031918081757,53.2807806586375,53.28048335919662,0.00029729944087356606
3827.543200844459,50.51700165910234,53.23582902458632,53.23552509516689,0.0003039294194311441
3828.4258238529073,48.66584303221657,53.19056867856635,53.19025796279812,0.0003107157682266828
3829.306548182561,52.652726682391915,53.1452178833381,53.14490025438589,0.00031762895221196843
3830.1895778150106,51.88424365542801,53.09956318506546,53.09923848025461,0.00032470481085085324
3831.0707078939463,52.09244274304439,53.053825242785635,53.053493330252195,0.00033191253344236804
3831.9541443377284,50.97248002909965,53.007789198881845,53.00744990941148,0.00033928947037152607
3832.8356803528736,51.34103881014482,52.96167790824487,52.96133110476123,0.00034680348364134384
3833.7174191642202,52.66866717018531,52.91538577838557,52.91503130339136,0.00035447499421230804
3834.601465933776,51.563147721614655,52.868805542999844,52.86844321701679,0.0003623259830547827
3835.4836109617754,51.155728398195784,52.822162840057494,52.821792517836485,0.0003703222210068484
3836.368065011259,52.34464403206119,52.77523868335873,52.77486017825847,0.0003785051002608192
3837.2506164430542,53.32973569531987,52.72826019230808,52.72787335338139,0.00038683892668584245
3838.135477960099,52.11527314358762,52.68100702641449,52.68061165959289,0.00039536682159882773
3839.0184359829213,51.19605030137393,52.63370827809223,52.63330422652503,0.0004040515672030477
3839.9015971290755,53.34833890801463,52.586255932566566,52.585843015861535,0.0004129167050280593
3840.787069956411,53.35458779439932,52.538540834445406,52.53811884688342,0.00042198756198514594
3841.670637974487,53.36101150615634,52.49079495650569,52.49036373198475,0.0004312245209372821
3842.556518738735,52.434445998305534,52.44279523327925,52.44235455795375,0.00044067532550302467
3843.440493816178,52.693954091344615,52.39477509021747,52.39432479153895,0.0004502986785238271
3844.3267827052737,53.92477850484455,52.34651014866441,52.34605000436467,0.0004601442997343103
3845.211165029615,52.9625262075328,52.29823503545643,52.297764866311084,0.00047016914534310717
3846.0957508049496,49.79280772645751,52.249839802108184,52.24935940178868,0.00048040031949991185
3846.9826519904423,51.12315260382161,52.20121343125626,52.200722564289414,0.0004908669668425963
3847.867645294023,53.84360125696759,52.1525924808424,52.152090957547884,0.0005015232945156001
3848.7549550744716,54.78604001208396,52.103750026277496,52.10323760197636,0.000512424301135364
3849.6403560940475,53.90124432011021,52.05492389522243,52.05440037295252,0.0005235222699114053
3850.5280746576914,53.29681921560479,52.005886346964495,52.00535147250976,0.0005348744547332182
3851.4138835810977,54.27914505181946,51.95687606733175,51.95632963619235,0.0005464311393980744
3852.2998962836828,55.60779546788269,51.90778156668693,51.90722334319717,0.0005582234897643811
3853.1882281314206,53.51413611879252,51.85849061747474,51.85792033247424,0.0005702850005062018
3854.0746490196375,52.167873167144315,51.809243243108234,51.808660680298146,0.0005825628100905282
3854.9633901214365,53.27809945266182,51.75980988359918,51.759214763406376,0.0005951201928072933
3855.850219383336,53.71761492135647,51.710431734575835,51.709823832488865,0.0006079020869669336
3856.739369927739,52.93637412491563,51.660879067912816,51.66025809357565,0.000620974337165042
3857.62660775146,54.516194808569196,51.61139383883414,51.61075955923798,0.0006342795961629696
3858.5140496830754,54.31606458429031,51.56186404957702,51.56121619592285,0.0006478536541655355
3859.403814500862,53.109038834934104,51.51217718217395,51.51151544721838,0.000661734955571361
3860.2916652765552,52.65414321617783,51.46257558208171,51.46189971952221,0.0006758625595011572
3861.181840008572,53.42078833538153,51.412828144067404,51.41213783490028,0.0006903091671273128
3862.0700998166967,55.15331674039886,51.36317751339964,51.36247250207455,0.0007050113250854026
3862.9606846517895,52.94541125185361,51.31339258220066,51.31267253754083,0.0007200446598328475
3863.849353680787,56.41578006358543,51.26371631853003,51.262980975420966,0.0007353431090612469
3864.7382271469264,58.70988790878613,51.214036104560044,51.213285156839405,0.0007509477206400949
3865.629427246289,57.89991299346014,51.16423927819131,51.16347237562805,0.0007669025632639602
3866.518710216013,59.625318385231196,51.11456879494676,51.113785657472185,0.0007831374745784975
3867.4103208908386,59.671642626192074,51.06479335038427,51.06399361450517,0.0007997358790973573
3868.3000135528055,60.160337816928696,51.01515568780209,51.01433906305272,0.0008166247493742552
3869.1920349922466,60.78133098748709,50.96542458716343,50.96459069632884,0.0008338908345896489
3870.0821375352007,56.38745387056901,50.915842526051314,50.9149910679179,0.0008514581334136223
3870.974569928496,52.87184563172503,50.86617847473665,50.865309057894,0.0008694168426490234
3871.8650825412697,57.473478048775924,50.816674541285046,50.81578685341053,0.0008876878745183086
3872.7558000152994,54.64739900913855,50.76721806602779,50.76631174593287,0.0009063200949199341
3873.648848949258,50.816903378549235,50.71769694110051,50.71677157517047,0.0009253659300428757
3874.539976776406,52.911835814965976,50.66835306338701,50.66740832194219,0.0009447414448198511
3875.433437137585,55.102599451620904,50.618956442347084,50.61799189632886,0.000964546018225466
3876.3249755069005,53.5339989707083,50.569746300151216,50.56876160782109,0.0009846923301312076
3877.2188474848435,52.266609158183996,50.52049401546745,50.519488731796635,0.001005283670814632
3878.110796585463,55.17069617548742,50.47144132404379,50.4704150948354,0.0010262292083855892
3879.0029508778016,51.81030597104552,50.42247595002012,50.42142836519762,0.0010475848225004723
3879.897440390951,55.50074854760539,50.37348646485316,50.372417054421184,0.0010694104319732907
3880.7900056983485,56.74117939117878,50.32471148748819,50.323619877795714,0.001091609692476261
3881.6849073023923,53.02504196759088,50.275923166961284,50.27480887065723,0.001114296304056076
3882.5778838142037,53.073670317304796,50.22735875350515,50.22622138343038,0.0011373700747760189
3883.473197698992,52.171826910179675,50.178791476986014,50.177630527850184,0.0011609491358302699
3884.3665856046596,54.05543581578769,50.13045777789546,50.129272848590176,0.0011849293052842806
3885.260179033041,55.05623038364149,50.08224683162169,50.08103745722081,0.0012093744008792185
3886.156111449183,53.187746114089414,50.034048697274656,50.032814344458295,0.0012343528163621124
3887.0501165556325,52.15787674200954,49.98609770804322,49.98483795393335,0.0012597541098686165
3887.946461727414,54.613487369611846,49.93817006754815,49.936884359350564,0.0012857081975832375
3888.8408787015924,52.90734414770811,49.89049933823982,49.88918723796931,0.001312100270513047
3889.7376368191694,53.88866137600559,49.84286312227022,49.841524057012315,0.001339065257898823
3890.632465850824,52.85714685234524,49.7954932126818,49.79412672885795,0.0013664838238540658
3891.527500736721,51.84690274898287,49.748280811080356,49.746886382322515,0.00139442875784072
3892.424878383405,53.25410803233837,49.7011185766909,49.69969559866466,0.0014229780262389668
3893.32032561145,54.27955297768818,49.65423572891424,49.65278372371971,0.0014520051945302597
3894.2181166795913,50.66957938211232,49.60741287745943,49.60593121894429,0.0014816585151420667
3895.1139764397494,54.531050482513876,49.560877327939565,49.55936552133572,0.0015118066038439246
3896.01218111981,54.12222359071279,49.51441116292965,49.51286855955316,0.0015426033764873415
3896.908453602135,53.19607049143258,49.468239395512946,49.4666654831928,0.0015739123201505092
3897.8049322707666,53.52062707107735,49.42225430021647,49.42064848386638,0.0016058163500944874
3898.7037574792985,51.905455800601885,49.3763495796056,49.37471117537554,0.0016384042300663089
3899.6006491552284,54.30005685596911,49.33074697877489,49.32907544736593,0.0016715314089616874
3900.499888452107,52.85041831686215,49.285232259837414,49.2835268929938,0.0017053668436171597
3901.3971933256066,53.50764964920956,49.24002584864551,49.23828608826456,0.001739760380953433
3902.296846901603,52.99609716171859,49.194916016344365,49.193141128977395,0.0017748873669686772
3903.194565163032,50.7225425045192,49.15012182763908,49.14831123579266,0.0018105918464249593
3904.092489943368,50.763191644932704,49.1055400390512,49.10369307090427,0.0018469681469270181
3904.992765048812,51.047681835405,49.06106951229743,49.05918539510352,0.0018841171939102486
3905.891103502668,51.8031112345696,49.01692638715478,49.01500451321167,0.0019218739431107919
3906.7917933644267,50.22931530220802,48.972904047505025,48.970943616808164,0.0019604306968637867
3907.690545682383,50.48086211675411,48.92921560356726,48.927215987487436,0.0019996160798183187
3908.5916504915335,51.701663208908144,48.88565567221968,48.88361604262764,0.0020396295920378253
3909.4908168642564,49.361764564267226,48.842434663298725,48.84035436999518,0.0020802933035460633
3910.3901900890214,48.55326445785124,48.799451302484435,48.79732958809818,0.002121714386256265
3911.2919174302097,49.64360099524186,48.75660650231865,48.75444249487393,0.0021640074447182543
3912.191704995793,49.48097305467485,48.71410710284244,48.711900118555945,0.0022069842864958717
3913.0938477623404,50.00727811396786,48.67175367935566,48.669502815855424,0.0022508635002344663
3913.9940498596284,50.74336017192991,48.62975153648764,48.62745608673893,0.002295449748710952
3914.8966082429206,49.315512046536014,48.587903154089865,48.58556218437215,0.0023409697177175955
3915.797225062888,49.14952656228024,48.54641045755919,48.54402323688316,0.0023872206760255157
3916.6980490685714,48.64820808312231,48.50517610339692,48.50274177916576,0.002434324231162916
3917.601230988109,48.40329566732038,48.46410565935954,48.461623249007715,0.0024824103518247763
3918.5024700029844,49.41095773441475,48.42339788237137,48.420866617635255,0.0025312647361114475
3919.406068018004,50.52907357519559,48.38286170736648,48.380280571838156,0.0025811355283204863
3920.307722233267,50.55494773029779,48.342693476087305,48.34006167571217,0.002631800375130793
3921.2117365354643,51.87553824842724,48.3027045107279,48.30002099421103,0.0026835165168661067
3922.113806142396,49.78371680709728,48.26308782995173,48.26035177668034,0.0027360532713893325
3923.016083269256,48.04181507250292,48.22375002095101,48.22096047250359,0.002789548447414128
3923.920722113526,48.54654937047371,48.18460025433051,48.181756105084574,0.0028441492459360196
3924.823414919031,49.291897173168316,48.14582712890461,48.14292751694656,0.00289961195805096
3925.7284705299876,48.61442195924753,48.10724763485019,48.104291416937734,0.002956217912458846
3926.631579205639,49.89787329251527,48.06904759727409,48.0660338829338,0.0030137143402935067
3927.5370517752867,47.54821580593785,48.0310470434517,48.027974650677855,0.0030723927738429448
3928.4405765126776,46.34252141903232,47.99342951934535,47.99029752826932,0.0031319910760266106
3929.344309104747,46.4639353987522,47.95610673563662,47.952914070424086,0.0031926652125311384
3930.250407223917,46.406529918807855,47.918992782583125,47.915738200898616,0.0032545816845117193
3931.1545561651637,45.62364397078653,47.882266239268596,47.87894877555853,0.003317463710069556
3932.061071723308,44.06492784746235,47.845753481822946,47.84237185199945,0.0033816298234966313
3932.965637205543,44.29096808845827,47.809629967652015,47.80618317458914,0.0034467930628744644
3933.8725703949754,45.91018723870803,47.77372491027416,47.770211626882,0.0035132833921579214
3934.777552610099,46.922757864332716,47.73821102059618,47.73463021726876,0.003580803327426406
3935.6827430151916,46.63878318457365,47.703004337502556,47.699354808348204,0.0036495291543515076
3936.590302763223,46.17626248996345,47.66802383415763,47.66430418519818,0.003719648959449089
3937.4959101891063,46.41078400286745,47.633437946368524,47.62964709754961,0.0037908488189158187
3938.403888049483,45.86601917733902,47.5990835060152,47.59522001709372,0.0038634889214761783
3939.309912688278,47.01576047970093,47.56512612969954,47.561188885778094,0.003937243921449665
3940.2183088536244,48.56906598188716,47.531405843586484,47.5273933567942,0.004012486792285146
3941.1247508975416,48.375337055855994,47.498085072305656,47.493996191918,0.004088880387653948
3942.0335655605704,47.43183590040019,47.465006393904325,47.46083958302613,0.004166810878192854
3942.940425201907,50.29159347906784,47.43232871460446,47.42808278567741,0.004245928927050518
3943.8474934651126,51.882002304500936,47.39997407953442,47.39564763904454,0.0043264404898741265
3944.7569359865647,52.040326851287944,47.36786737823754,47.36345881309045,0.0044085651470853636
3945.6644221356887,50.8585342306688,47.336162129167214,47.33167019463938,0.0044919345278354415
3946.5742836368786,48.504210251461195,47.304707524910484,47.30013055524138,0.004576969669101177
3947.4821878644416,47.10808172438732,47.2736538106589,47.268990521674176,0.004663288984722304
3948.3924685383945,49.91922888414848,47.24285313103134,47.23810180278515,0.004751328246189837
3949.3007910370043,47.467002696446066,47.212452309088285,47.20761161686714,0.004840692221147361
3950.209322494012,50.4647871479051,47.18237754757411,47.177445934567714,0.004931613006400572
3951.1202320391862,51.79161310431369,47.152557945053,47.147533607143316,0.0050243379096839335
3952.0291820562056,50.00595571692088,47.12313560134361,47.118017150940624,0.00511845040298906
3952.9405112569757,51.0990401505481,47.093970622861775,47.088756197704384,0.005214425157389004
3953.849880026836,47.048789026962375,47.0652026463825,47.059890815515466,0.005311830867037716
3954.761629076538,49.01767685264389,47.03669520421907,47.03128404558888,0.005411158630190257
3955.67141679216,50.60313229252813,47.008584840037294,47.00307287814954,0.005511961887752042
3956.58141380325,50.575420229665724,46.980803577413994,46.97518907555927,0.005614501854720696
3957.4937927386068,50.302347480815975,46.95328620096245,46.94756714425925,0.005719056703198378
3958.404208984889,49.81668259653276,46.92616327415559,46.920338118072486,0.005825156083108652
3959.317008252789,48.7466123542248,46.899304343502564,46.893371009073235,0.0059333344293287585
3960.227843927404,48.97012883407683,46.87283606977128,46.866792964880254,0.006043104891025012
3961.1410637214944,49.95108296352413,46.846630813105236,46.8404757929144,0.006155020190835823
3962.0523190176727,49.85295213723476,46.8208124175567,46.81454384110319,0.006268576453515063
3962.963783946934,49.1311564500819,46.79531744235684,46.7889333750752,0.006384067281638264
3963.8776346427503,48.97322638105806,46.77008573405448,46.763583928900495,0.006501805153988609
3964.789519483473,47.11760298312555,46.74523679597179,46.738615536315926,0.006621259655863177
3965.7037911898715,47.72401392455237,46.72065111328396,46.71390808156435,0.006743031719610968
3966.6160961355076,48.45529052612677,46.69644450662405,46.689577934090835,0.006866572533213278
3967.530789046448,48.81582975355485,46.67249972815211,46.66550722479362,0.006992503358490705
3968.44351429054,47.583059847450215,46.64892880687546,46.64180855046514,0.007120256410317098
3969.3564495058754,45.25313073173294,46.62567233493097,46.618422173667696,0.00725016126327427
3970.27177433625,48.81977901388837,46.60267373225519,46.59529116378144,0.007382568473750178
3971.1851301404067,50.00333781903805,46.580040082138986,46.57252320144394,0.00751688069504164
3972.1008766604964,47.61514254462043,46.55766058121348,46.55000680847188,0.007653772741602416
3973.0146532472386,47.26591765667224,46.535639012025776,46.527846385240466,0.007792626785307574
3973.9308216513164,49.723236193680975,46.51386766552904,46.50593352532228,0.007934140206762178
3974.845019214499,50.55790631352153,46.49244834918544,46.484370675121056,0.008077674064384104
3975.75942708763,50.21164897420079,46.471326957330156,46.463103359502185,0.00822359782797164
3976.6762284304928,50.32564856505388,46.45045174076594,46.442079436510554,0.008372304255389743
3977.591057570897,50.017677982269504,46.429918989823335,46.42139586829713,0.008523121526203298
3978.5082812837045,49.25416627166186,46.40962746543979,46.40095065901807,0.008676806421721564
3979.42353188546,49.08992455842736,46.38967086817827,46.38083820382441,0.008832664353863377
3980.3411781627965,49.79212635577568,46.36995108248368,46.36095960536754,0.008991477116138031
3981.2568504200704,48.957487614848105,46.35055908548368,46.34140655882344,0.009152526660242527
3982.1727333265435,47.91359186866657,46.33144442643446,46.32212819979658,0.009316226637879982
3983.091013563661,48.80843329549549,46.3125589874213,46.303075970910804,0.009483016510497051
3984.007318416955,49.14022495593287,46.29398890798011,46.28433676626409,0.009652141716019939
3984.926021705342,47.56179390985409,46.275641398331814,46.26581694849318,0.009824449838632784
3985.842748699848,46.71846321003131,46.25759956904508,46.24760040800005,0.009999161045030482
3986.761875234404,49.1725497190032,46.2397730626213,46.229595912019306,0.010177150601996428
3987.679024564602,46.981131607877565,46.22224280107873,46.21188518843129,0.01035761264743616
3988.5963848837973,46.42927514801585,46.20496181902137,46.19442080933064,0.010541009690732456
3989.5161464007765,46.522569139004595,46.187885158768104,46.17715732596466,0.010727832803448184
3990.4339293474354,46.33707045357767,46.17108919605624,46.1601719604225,0.010917235633741881
3991.3541145981094,47.53999004803546,46.15448865933691,46.14337849312791,0.011110166208997562
3992.272320366937,47.97422937664778,46.1381574519339,46.12685170176452,0.011305750169375801
3993.1929295465193,48.4026680890608,46.12201245935039,46.11050749321528,0.011504966135108178
3994.1115583323103,46.08574329142243,46.10612554411619,46.09441863320501,0.011706910911177273
3995.0303984474463,45.92089193073576,46.0904531840898,46.078541083133814,0.011912100955990991
3995.951643633742,46.894144778397624,46.07495403024952,46.062832945960366,0.012121084289155636
3996.8709070580835,44.40196426906908,46.05969722212602,46.04736430924143,0.012332912884586359
3997.7925766615995,46.18164621489029,46.04460516433592,46.03205651862362,0.012548645712299465
3998.7122635901646,46.27654053044097,46.02974431984879,46.0169770160969,0.01276730375188709
3999.6343578064307,46.07123278552052,46.01503795251143,46.002047972779195,0.012989979732229083
4000.554468434327,47.16516444979817,46.000550200256036,45.98733453751904,0.013215662736997952
4001.474790732465,48.208921232222224,45.98623991932777,45.97279499062003,0.013444928707741211
4002.3975219813883,47.08582062697957,45.97206772650073,45.958389338091656,0.013678388409072692
4003.318268271573,45.938410329581814,45.958095447282105,45.94418046592025,0.013914981361857676
4004.241424622345,46.52503014232253,45.94425069813578,45.930094809242206,0.01415588889357965
4005.1625950999087,45.58861613849814,45.93059365726919,45.91619364099122,0.014400016277971972
4006.086176748374,45.41741727198598,45.91705320648499,45.902404624445474,0.014648582039514564
4007.00777160874,46.469346019890175,45.903687577826354,45.88878712160244,0.014900456223913103
4007.9295784807923,45.807300265751394,45.89045796721626,45.875301686955694,0.015156280260560597
4008.853798189514,44.239529084681806,45.87732742756706,45.86191069362373,0.015416733943331077
4009.7760297375553,45.045110952190726,45.864353036803585,45.84867240419639,0.01568063260719303
4010.7006752338593,45.605578682314274,45.85146767252604,45.83551838020114,0.015949292324906397
4011.6233316535377,45.87137152335288,45.838727433469955,45.82250594282226,0.01622149064769214
4012.548403133583,45.92330810703516,45.826066054278165,45.80956746970593,0.016498584572229708
4013.4714846206366,45.81520775182213,45.813538119252115,45.79675880645136,0.01677931280075941
4014.396982280674,47.65287792882874,45.80107760873283,45.78401253435854,0.017065074374290674
4015.320489030931,45.70573120713988,45.788737308091356,45.77138274003554,0.017354568055814125
4016.2442082327016,45.273320820884074,45.77648063079222,45.75883210168555,0.01764852910667325
4017.1703452766806,45.17209693031532,45.76427173651237,45.74632400036816,0.017947736144208314
4018.0944900354502,44.57217245847147,45.75216217791309,45.73391135196548,0.018250825947607678
4019.0210537503262,45.62987940906567,45.74008823682108,45.721528929110285,0.01855930771079336
4019.9456242621472,46.958278793825066,45.72810196935436,45.709230193917946,0.018871775436419547
4020.8726148444875,44.38607309099609,45.71614105165254,45.69695126716676,0.01918978448578002
4021.797611305506,45.261051665909235,45.704257609713856,45.68474572481006,0.019511884903796416
4022.722820560745,46.77030565697464,45.69241782705768,45.67257893397282,0.0198388930848607
4023.6504515584174,46.9502951018228,45.680587922921305,45.66041624989754,0.020171673023769997
4024.5760870571207,47.09848874241943,45.66881861580606,45.64830990922332,0.020508706582740337
4025.5041454139546,43.37805689045525,45.657048287749305,45.636196617763446,0.02085166998585904
4026.4302073524937,43.811032097144675,45.64532777439071,45.62412877632406,0.02119899806664551
4027.3586932653725,44.13509557958549,45.63359606091338,45.61204364324627,0.021552417667116568
4028.2851818402073,44.43878069939729,45.62190400025449,45.59999368493968,0.021910315314802302
4029.2118835525216,45.19532180862171,45.61021858297121,45.58794498668199,0.022273596289220793
4030.1410109137883,44.50432228320693,45.59850655398999,45.57586333593941,0.02264321805058341
4031.0681395571423,42.30511323625876,45.58681830405431,45.56380081181369,0.023017492240619216
4031.997694966944,44.38857443863071,45.57509283736726,45.55169455925335,0.023398278113912287
4032.9252507380243,43.8109514085113,45.56338112522415,45.53959728953558,0.023783835688566405
4033.8552343935626,44.21800763308,45.55162268959686,45.52744660996468,0.024176079632184908
4034.783217489147,45.7034405464924,45.53986926776833,45.515296050807635,0.024573216960696552
4035.711414066023,44.16649690607386,45.52808863569532,45.503112385511024,0.024976250184298564
4036.642040204671,46.13052100024362,45.5162482189391,45.4908619800118,0.025386238927296256
4037.5706644012694,44.75537600054906,45.504399889618085,45.47859858153276,0.025801308085326238
4038.5017192789383,43.68951949798401,45.49248249866752,45.46625898149699,0.026223517170528392
4039.430771292264,44.895469398895216,45.480548565092626,45.45389763059349,0.0266509344991411
4040.362255106474,45.787544998680126,45.46853793860882,45.441452258456046,0.027085680152770943
4041.2917351336223,44.00720857838821,45.45650485987187,45.428979095488614,0.027525764383257587
4042.2214289864287,44.178322273565136,45.444417766396256,45.41644547049732,0.027972295898933613
4043.153556320139,43.44537810690099,45.43224420235572,45.40381775652991,0.0284264458258055
4044.0836784824637,44.008979245620594,45.420038900061435,45.39115276555894,0.028886134502490144
4045.016235246794,45.08725731502352,45.40774061929509,45.378386979084055,0.02935364021103474
4045.9467859159577,44.74728920640416,45.395405065658714,45.36557824428265,0.029826821376062455
4046.8797723087487,43.407145142786874,45.38297157990692,45.35266355752352,0.030308022383400343
4047.8107516821633,44.58974913244163,45.37049837428647,45.33970333613931,0.03079503814715903
4048.7419452261606,44.157769085563814,45.35795225156409,45.32666315837309,0.031289093191005105
4049.675576176514,44.716712697056956,45.345299999592825,45.313508519446195,0.03179148014662667
4050.6071987209352,44.461584203729394,45.33260117330704,45.300301277670144,0.032299895636895
4051.5412597946256,42.89379957455424,45.31979378597664,45.286976929408,0.03281685656864581
4052.4733115371114,42.94972576288672,45.30693713358896,45.2735971416693,0.033339991919658536
4053.4078029322955,45.01208688763114,45.29396822479441,45.260096334165624,0.03387189062878935
4054.340284070577,43.29344141025615,45.28094702423857,45.24653691192281,0.034410112315758364
4055.272979724919,43.09448117116119,45.26784111297868,45.232885105365206,0.03495600761347395
4056.2081167174033,44.622974918584646,45.254617875866174,45.21910687451002,0.03551100135615755
4057.1412420641914,45.61405995422235,45.24133989880196,45.205267352918796,0.03607254588316244
4058.0768098738445,45.10239091648316,45.22794386710136,45.191300449122465,0.03664341797889275
4059.010365111037,44.092908872436,45.21449384221559,45.177272846022674,0.03722099619291221
4059.9463639363375,44.725548102411494,45.20092607208427,45.16311793640509,0.037808135679186367
4060.8803492619854,45.97021958193893,45.18730585490385,45.14890371554061,0.03840213936323338
4061.8145494497303,45.99287067440799,45.173602120182956,45.13459762519933,0.03900449498362159
4062.751194913745,45.611616881711825,45.1597829420905,45.120166171098646,0.03961677099185373
4063.6858254870735,46.505557285468065,45.14591494319975,45.10567878979199,0.04023615340776348
4064.62290246321,45.98454629706481,45.131932283357564,45.091066581760735,0.04086570159683117
4065.5579636204,45.645555417449664,45.11790202910698,45.07639950789267,0.04150252121431538
4066.495472307455,47.8946972803513,45.10375802990725,45.06160827315063,0.042149756756611804
4067.430964246877,47.86983173316628,45.08956858434149,45.04676415278715,0.04280443155434519
4068.366671394991,45.29747810117613,45.07530126112418,45.03183307894929,0.043468182174890194
4069.304827763855,45.56460678736727,45.060923184224094,45.01678045138106,0.044142732843034646
4070.2409659918085,47.10770966013342,45.04650462335806,45.00167964365971,0.04482497969834564
4071.1795545688674,44.98202588899716,45.03197864137763,44.986460352486475,0.045518288891152704
4072.116124075258,46.640813848513574,45.01741620304444,44.97119673386846,0.04621946917598244
4073.055145059629,47.95320102224992,45.00274996672903,44.95581798769629,0.04693197903273535
4073.992146043148,46.74161636510803,44.98805235392674,44.94039981618593,0.047652537740812385
4074.929362582511,46.78925852041402,44.97329155987497,44.92490861670622,0.048382943168752246
4075.869032293469,46.44467771158674,44.958434864662294,44.90930977642915,0.04912508823314465
4076.8066806080474,47.49295305747978,44.943555487045266,44.893679932990636,0.04987555405463297
4077.7467832243956,47.225371618401375,44.928584917483875,44.87794687816587,0.05063803931800015
4078.6848635131078,48.874544182440616,44.9135976147854,44.862188584507074,0.05140903027833167
4079.625399234286,50.94533278667087,44.89852571828319,44.84633339268509,0.05219232559809644
4080.5639116961424,48.7092579996741,44.88344449815537,44.83046018371261,0.052984314442756746
4081.502640061558,48.85565407682719,44.86832203072732,44.814535061503626,0.053786969223692374
4082.4438255557843,50.98646157618277,44.85312642552693,44.79852406027784,0.05460236524909216
4083.3829863929127,48.48376016560252,44.83793421467661,44.78250747282133,0.05542674185527782
4084.32460549085,47.98215927622778,44.82267699951491,44.76641284191723,0.05626415759768165
4085.264198998931,50.04947378652105,44.807431626377,44.750320877383594,0.05711074899341016
4086.2062519003402,48.502264758856484,44.79213014547438,44.73415946279061,0.0579706826837751
4087.1462782787044,50.639953205558186,44.77685042490285,44.71801043489762,0.058839990005224566
4088.0887651834387,51.52405407874454,44.76152447384454,44.701801525756736,0.05972294808780167
4089.0292246315107,51.52207720722686,44.746229889799054,44.68561440911303,0.06061548068602372
4089.969900431043,49.840709878471046,44.73093444281609,44.66941463745782,0.06151980535827019
4090.913038456809,48.88043893537884,44.71560545471409,44.653167201373044,0.062438253341045295
4091.8541476252353,50.891329677433816,44.70031949507746,44.63695291258442,0.06336658249303613
4092.797720154243,48.83413262522539,44.685007282897054,44.62069792603584,0.06430935686121529
4093.7392628912175,50.85905870678574,44.66974590649347,44.6044836859484,0.06526222054506334
4094.6832701236413,51.81978240276521,44.65446695777221,44.588237100979434,0.06622985679277141
4095.625246628909,51.5065356798985,44.63924784724394,44.57204005384159,0.06720779340234279
4096.567439834632,50.9308177980671,44.624057137581396,44.55585868186176,0.0681984557196359
4097.512099238414,49.895430220004755,44.6088639663654,44.53965957466501,0.06920439170038972
4098.454726512101,50.52675601833699,44.593746224443464,44.52352527453663,0.07022094990683621
4099.399821120021,52.64211612710312,44.57863752121627,44.507384398340974,0.07125312287530079
4100.342882661647,52.053429788807655,44.56361554645329,44.49131941011947,0.07229613633382148
4101.288412674206,51.08119899716854,44.548614253135135,44.475259141925335,0.07335511120979644
4102.231908683835,51.95563516515733,44.53371049375636,44.459285346044744,0.07442514771161624
4103.175621743483,52.552502434336645,44.51887376419127,44.44336486934343,0.07550889484784636
4104.121804979418,50.16204339548267,44.504074112905926,44.42746497925264,0.07660913365328509
4105.065952807225,51.95898822614424,44.489387161533365,44.41166639052389,0.07772077100947337
4106.012571949326,50.58930315730806,44.47474795485917,44.39589869415768,0.07884926070148603
4106.957154745591,50.21517686056001,44.460231353888666,44.380241976689966,0.0799893771986972
4107.904209994683,51.47806604042273,44.44577330568967,44.36462659334157,0.08114671234810356
4108.849227959793,49.823169066115724,44.431447936730365,44.349132031353605,0.08231590537676026
4109.794463325044,51.59217321612033,44.41722600904855,44.333726163397294,0.08349984565125393
4110.742172851228,49.68250188193225,44.40307913859303,44.31837757412466,0.08470156446837135
4111.687843685963,52.569720492158474,44.38907986353133,44.303164370652745,0.08591549287858112
4112.635989821478,51.39050990780731,44.375166750533516,44.28801917017286,0.08714758036066066
4113.582096326319,46.997125888093194,44.36141173165571,44.273019616187966,0.08839211546774232
4114.530679272307,50.55996835637445,44.34775491308665,44.25809971719314,0.08965519589351562
4115.477221647966,50.54025791632171,44.334266668836506,44.24333570411807,0.09093096471843942
4116.423981774455,49.01538619199641,44.32091938901868,44.22869681983522,0.09222256918345367
4117.373220052951,51.680997953360475,44.30768661504195,44.214153306190234,0.09353330885172094
4118.320416351382,50.60763292518971,44.294636113026186,44.19977901001083,0.09485710301536061
4119.270091943503,46.14741630353194,44.28171002638462,44.18550959340721,0.09620043297741285
4120.2177246148185,47.024313474838664,44.26897398753977,44.17141692260058,0.09755706493919268
4121.167837722035,45.85340485432142,44.25637117074758,44.1574375316956,0.09893363905198055
4122.115906967273,47.02471691800554,44.24396543157014,44.143641666264216,0.10032376530592635
4123.064194314596,48.52597376896313,44.23173032354825,44.129999456398494,0.10173086714975244
4124.014963811438,47.913878761585245,44.219641176548535,44.11648264531696,0.10315853123157892
4124.963688034291,46.39725072596974,44.20775949295476,44.10315936557403,0.1046001273807243
4125.91489555019,47.00324477612412,44.19603245682332,44.08996975029314,0.10606270653017699
4126.864056849844,48.13238358076433,44.18451981906968,44.07698034475086,0.10753947431882034
4127.815702586594,46.85736869238611,44.173170579051394,44.064132927415194,0.10903765163619837
4128.765301164408,46.182403791503646,44.16204275753682,44.05149248087033,0.11055027666649021
4129.715118196127,45.855305519907574,44.151113075495246,44.03903200728827,0.11208106820697697
4130.667421381327,45.14532623484229,44.14036018784858,44.02672626823828,0.11363391961030285
4131.617675993302,44.98852132398384,44.12983938853509,44.0146377767621,0.11520161177299178
4132.570417904128,46.064315976559556,44.11950414290545,44.00271233818922,0.11679180471623031
4133.521110297953,46.29211791938417,44.109406932743376,43.99100982919769,0.11839710354568721
4134.474291136526,45.26949707620248,44.09950252938116,43.97947717956742,0.12002534981374606
4135.425421513884,45.90808036883658,44.08984096312279,43.96817199369326,0.12166896942953052
4136.376770697538,47.08868059076252,44.08040118587505,43.95706918940394,0.12333199647111119
4137.330610045091,45.49167322820011,44.07116411761536,43.946145466218454,0.12501865139690654
4138.282397514862,45.74657758643497,44.06217623490713,43.93545514994789,0.12672108495923398
4139.236676295751,45.23623991114647,44.05339699360554,43.92494938626272,0.12844760734281868
4140.188902253558,45.75757813678507,44.04487050894651,43.914680327529084,0.13019018141742275
4141.143620670228,45.26759192791445,44.03655864907429,43.90460133814684,0.131957310927445
4142.096285318083,44.211480819180345,44.028503829238225,43.8947630619219,0.13374076731632353
4143.049169125187,45.22137975449994,44.020688400961205,43.885143480316756,0.1355449206444498
4144.004547113082,44.67368772466074,44.013096421884256,43.87572208225178,0.1373743396324772
4144.957869913304,44.4730150934575,44.005765149893726,43.86654464792008,0.13922050197364716
4145.913688043384,43.964134296271595,43.99866010688832,43.8575676962287,0.14109241065962147
4146.86745003897,43.16784955240821,43.99181548504448,43.84883414211265,0.14298134293182657
4147.823708514009,43.3486369181864,43.98519918528306,43.84030267747616,0.14489650780689484
4148.777909907293,44.646316347139255,43.978843508131774,43.83201452973457,0.14682897839720135
4149.732330813355,43.501618084363265,43.972733266684216,43.8239497844975,0.1487834821867162
4150.689249923573,43.31553216499344,43.96685546790026,43.81609050986414,0.1507649580361229
4151.644110530892,42.77126491937083,43.96123855005187,43.80847438403728,0.15276416601458562
4152.601470493291,42.28067802845175,43.955855843665425,43.80106499759752,0.15479084606790494
4153.55677100444,42.59139650747272,43.95073269338023,43.79389714859579,0.15683554478444453
4154.51457202212,43.452111125085935,43.94584413287153,43.78693591185549,0.15890822101603921
4155.470312639762,44.272423150887626,43.94121281051205,43.780213606446296,0.1609992040657536
4156.426273124276,43.54032621487392,43.93682618499333,43.77371258400815,0.16311360098517516
4157.3847358428075,42.73621467357316,43.93267402749566,43.767417284162896,0.1652567433327611
4158.341136737863,43.08591921061975,43.928775348196154,43.76135672078861,0.1674186274075439
4159.300041019715,43.61371252692834,43.92511030428061,43.755500528600315,0.1696097756802903
4160.25688252821,42.92963877587823,43.921694896401156,43.74987493889764,0.1718199575035141
4161.216228576809,43.2829832668304,43.918511279408015,43.74445135188298,0.17405992752503727
4162.173510901734,43.907611908592514,43.91557319063565,43.73925396640918,0.1763192242264675
4163.133298920603,44.42436433023431,43.91286528186074,43.7342564435684,0.17860883829233948
4164.091022265041,44.028039693904475,43.91039913917547,43.72948106579918,0.1809180733762871
4165.048965932476,44.32089460603663,43.90816607990775,43.72491352175105,0.18325255815670416
4166.009417024924,45.65057604352632,43.906159183615024,43.72054102035128,0.18561816326374947
4166.967802016553,41.017717125359354,43.9043853145779,43.71638148181336,0.18800383276454513
4167.9286955883645,43.22898464029522,43.90283353156381,43.7124123672042,0.1904211643596036
4168.887522107503,44.26353843581268,43.90150887475908,43.70865001749935,0.19285885725972815
4169.848858362528,42.58800758487099,43.90040256045416,43.705073801525856,0.1953287589283036
4170.80812661259,41.888975057733546,43.899517331603995,43.701698011949325,0.19781931965467195
4171.767615541054,42.68910595978782,43.89884757213834,43.69851097145413,0.20033660068420958
4172.729615939262,38.97109924952673,43.89838920833326,43.69550228915598,0.20288691917727888
4173.689546903819,41.00365488964286,43.89814087227422,43.692682527765236,0.20545834450898198
4174.651990495155,42.60956041538577,43.898097617976354,43.69003425211061,0.20806336586575105
4175.6123636994525,42.52451011310683,43.89825586780505,43.68756607438881,0.21068979341623484
4176.5752506880945,42.37977263563977,43.89861246860479,43.68526208845749,0.21335038014729646
4177.536066335873,42.648125099437095,43.899161702663406,43.683129029804604,0.2160326728588039
4178.497103018027,43.06733392873242,43.89990014052887,43.68115695107492,0.21874318945394994
4179.460655221185,43.091800515452405,43.900826172210344,43.67933745419352,0.22148871801681994
4180.422134652484,43.24342790566931,43.90193132799663,43.67767492540033,0.2242564025962932
4181.386130763685,42.91424517771105,43.9032164987047,43.67615682536871,0.22705967333599664
4182.348053148102,42.99062593460406,43.90467104972384,43.6747856493201,0.22988540040374064
4183.3124933718545,44.21986347164762,43.90629736824584,43.673550076196136,0.23274729204969932
4184.274858913457,42.46955667107671,43.908083221336305,43.67245128102229,0.2356319403140122
4185.237445845989,42.60963213861544,43.91002801680465,43.67148167250727,0.23854634429738408
4186.202552357316,42.88790033891417,43.91213297712121,43.67063518931654,0.24149778780466855
4187.16558275319,42.09043216176127,43.91438313127657,43.66991069343064,0.24447243784593842
4188.13113388863,41.108886315669224,43.91678343721939,43.669298721345946,0.24748471587343787
4189.094607952152,41.475320296035534,43.91931619954444,43.66879569948065,0.2505205000637919
4190.060603916541,42.346878569433954,43.92198728771418,43.668392783212305,0.25359450450187876
4191.024521852108,40.53139328390358,43.92477798677935,43.66808567256519,0.25669231421415584
4191.988661535727,40.439515826700756,43.927688852848206,43.66786741844429,0.25982143440391453
4192.955324862482,40.7861945399958,43.93072205860415,43.66773238889609,0.2629896697080527
4193.919908724797,40.72942112101288,43.93385821312061,43.66767605564374,0.2661821574768681
4194.887017392887,41.75037439910483,43.937106811722686,43.66769245019697,0.269414361525721
4195.852045638531,41.37726119297582,43.940446765003635,43.66777564980974,0.2726711151938925
4196.819599853127,40.34817629372043,43.943888382741,43.66792019312029,0.2759681896207155
4197.7850726868255,39.486726513003134,43.947409852003965,43.6681197422401,0.27929010976386154
4198.75076762628,38.85344177396064,43.9510138620885,43.668368949982046,0.28264491210645637
4199.7189902797645,39.58644869845074,43.954703834141384,43.66866288669787,0.2860409474435142
4200.685130114421,41.88542475786505,43.958456758435645,43.66899448830728,0.28946227012837084
4201.653798827622,40.899284142372494,43.96228491706863,43.6693594791698,0.29292543789882874
4202.620383762442,40.95603066514428,43.96616416615959,43.66974998040662,0.29641418575296263
4203.58949874086,39.99694763804342,43.97010722307349,43.67016182952446,0.2999453935490294
4204.556528980901,40.1173933541628,43.974089464489616,43.670586991966076,0.3035024725235397
4205.5237816849785,41.101619855963634,43.978114083389194,43.67102006760342,0.30709401578577356
4206.493566180545,40.05385105538011,43.9821848138858,43.6714558681647,0.3107289457211037
4207.461264497484,40.36517021644954,43.986276586220974,43.67188640637538,0.3143901798455929
4208.431495772307,40.771388175771506,43.990403787671376,43.672308366006064,0.31809542166530913
4209.399639907403,40.838763184639504,43.994541563281636,43.672714309386016,0.32182725389562133
4210.3703181673145,40.87366550127598,43.998704269186405,43.673100552188025,0.32560371699837765
4211.338908325954,40.781877698110236,44.00286653925388,43.67345948478824,0.3294070544656414
4212.307721307488,40.31769840381401,44.007032593273436,43.67378615183816,0.333246441435275
4213.279070164546,40.41200548542179,44.011206578011695,43.67407518070965,0.33713139730204167
4214.248329477761,40.57319447869361,44.01536279000687,43.674319141369544,0.3410436486373278
4215.220125834779,41.43430805677184,44.0195149872333,43.6745128906246,0.3450020966087013
4216.1898316852985,41.52649930310446,44.02363714997574,43.674649032464195,0.3489881175115424
4217.162075748438,41.415695878673375,44.027743088574155,43.67472212430303,0.35302096427112384
4218.132228341983,42.62767949628028,44.031807715957534,43.674726057467815,0.35708165848971934
4219.102604117858,41.44886338969229,44.03583560125963,43.67465561859069,0.3611799826689359
4220.075519859886,41.65162495995958,44.039831208562,43.67450513007222,0.36532607848977755
4221.046342687421,40.7032511075883,44.04377063406369,43.67427020660095,0.36950042746274003
4222.019706651271,40.544464842510315,44.04766785401082,43.673944673913304,0.3737231800975156
4222.9909767364215,41.82049282150758,44.051499522109594,43.673525069908564,0.37797445220103165
4223.964789128589,41.83558159594867,44.055279251848084,43.67300449111663,0.38227476073145344
4224.936506677407,40.78677280853498,44.05898464377784,43.672380792373744,0.38660385140409537
4225.908447768571,39.61484661469683,44.06262046263023,43.671648323410366,0.3909721392198638
4226.882932923114,39.250443298270454,44.06619084296196,43.67080042982013,0.39539041314182344
4227.855321787078,40.619751820150896,44.06967451526198,43.66983665948742,0.3998378557745551
4228.830255886469,42.51144303720196,44.0730839221403,43.66874800398264,0.40433591815765696
4229.803092729522,42.83551996774833,44.07639876919701,43.66753536730004,0.4088634018969717
4230.778475980591,43.11141681876621,44.07963095921166,43.66618882023566,0.4134421389760053
4231.751761009115,41.71530622249975,44.08276146918091,43.664710923513205,0.41805054566770555
4232.725269940583,39.88476354144126,44.08579479350851,43.66309509924326,0.42269969426525666
4233.701327039263,41.453803327135574,44.08873484537382,43.66133379979368,0.4274010455801436
4234.675284465832,43.81715546787746,44.09156476303915,43.65943233299948,0.43213243003967283
4235.651791233555,41.40347603341894,44.094295159483295,43.6573785098752,0.43691664960809234
4236.626197361849,41.33460828483351,44.096909890463266,43.655178751822,0.4417311386412662
4237.603154005777,41.911406497811754,44.09941822155795,43.65281912729972,0.4465990942582245
4238.578009042512,42.24097922083132,44.10180509728585,43.65030754679556,0.4514975504902905
4239.5554157699025,42.46955667107671,44.104079198605966,43.64762909499907,0.45645010360689797
4240.530719921891,42.21437438532689,44.106227386490616,43.64479400340059,0.4614333830900277
4241.50624844132,41.57523075496102,44.1082533082422,43.641793966269034,0.4664593419731642
4242.484330414248,43.32882337599102,44.11015946417804,43.63861912413673,0.4715403400413065
4243.460308359202,43.33913359025559,44.11193486836144,43.63528247601623,0.4766523923452108
4244.438840934031,42.36748554985753,44.113586059215905,43.63176594917377,0.481820110042135
4245.415268511561,42.19865803262621,44.11510315142445,43.628084058210455,0.4870190932139926
4246.394251895885,42.581028018084055,44.116491559130964,43.624217193257614,0.4922743658733514
4247.371129313137,41.70849251568143,44.11774356722889,43.62018245820208,0.49756110902681167
4248.348231459756,40.084678596031154,44.11886173809969,43.615969750546135,0.5028919875535519
4249.327891178857,40.785154553165626,44.11984739133161,43.61156730456532,0.5082800867662901
4250.3054434759715,40.82398371662635,44.120694875280755,43.606994923580885,0.5136999516998668
4251.28555452384,40.554631610315546,44.12140729843307,43.602229643531935,0.519177654901137
4252.263557178835,40.94906902916478,44.12198046552286,43.59729315328001,0.5246873122428446
4253.244119763398,41.15969325848425,44.122416698332685,43.59216127600901,0.5302554223236767
4254.222572983752,40.478873948980265,44.12271381343314,43.58685814553656,0.5358556678965742
4255.201251295984,41.483214334000714,44.1228731693885,43.58137172115232,0.5415014482361741
4256.182491306323,41.037288601654616,44.122894936706,43.57568834052384,0.5472065961821543
4257.161620495189,40.36756397923966,44.12277951021524,43.56983537245958,0.5529441377556623
4258.143312562335,40.877153043318515,44.12252712013186,43.563785467798105,0.5587416523337576
4259.122892835554,41.74674341060297,44.12213990377848,43.55756818063583,0.5645717231426464
4260.10503716777,42.77222870026947,44.12161705045268,43.55115468225964,0.5704623681930329
4261.085068733158,41.188844268641844,44.12096224523558,43.54457652109663,0.57638572413895
4262.065325753517,41.81166638155673,44.12017639408385,43.53782044793827,0.5823559461455791
4263.048148604266,42.93086703618628,44.119259489706195,43.53087185429144,0.5883876354147537
4264.028857228571,42.69985547883409,44.11821801771024,43.52376576565263,0.5944522520576148
4265.012132865341,42.783982344531076,44.11704878258473,43.516469857149715,0.6005789254350192
4265.993293301644,43.149725988811845,44.115759098884574,43.50902043898064,0.6067386599039344
4266.977021933034,41.31027169646728,44.11434510110034,43.50138406578432,0.6129610353160202
4267.958634389485,40.95363690235416,44.11281603876281,43.49359944205156,0.6192165967112457
4268.940472664592,41.84508492387948,44.11117126681729,43.48565099141828,0.6255202753990032
4269.924880909033,41.64501745742655,44.10940888572475,43.47752142530038,0.6318874604243653
4270.907171516568,40.22485268301068,44.10753994901045,43.46925194741317,0.6382880015972785
4271.892033277421,41.454924002599114,44.10555848041215,43.46080586167345,0.6447526187386975
4272.874776425772,41.80609886585387,44.10347692457855,43.45222623084123,0.6512506937373235
4273.860091911972,41.55385274981854,44.10128846443566,43.4434750565115,0.6578134079241562
4274.8432878096255,41.877978990085296,44.099006709917475,43.434597037965005,0.6644096719524683
4275.826709890204,42.03068671144905,44.09662964591681,43.42557443382122,0.671055212095596
4276.8127060857405,41.22867307461604,44.094154578788356,43.41638835561582,0.6777662231725323
4277.7965812284065,43.09592908386009,44.09159704581212,43.40708614258806,0.6845109032240675
4278.783031671923,42.91032729629052,44.08894886327655,43.3976272633473,0.6913215999292449
4279.767360085399,42.4676604881924,44.086226896427604,43.38806086427245,0.6981660321551577
4280.754264986167,42.53052589899511,44.083422668798335,43.37834564964369,0.705077019154644
4281.739046879277,43.078415167715896,44.08055388372149,43.36853208613094,0.7120217975905521
4282.724055320167,43.79335680373373,44.07761816615103,43.358601260262716,0.7190169058883099
4283.711642028326,43.04950622345842,44.07461244885126,43.34853308803149,0.7260793608197772
4284.697104262138,43.037685338669014,44.0715554219352,43.338379751391486,0.7331756705437142
4285.685145951026,42.47939171894473,44.06843707720748,43.32809723270266,0.7403398445048134
4286.6710621868215,42.29283511588022,44.06527697290384,43.31773907142934,0.7475379014745
4287.659559066047,43.17902044542877,44.062064877846204,43.3072605463854,0.7548043314608031
4288.645929512985,44.079384560942,44.058821013183056,43.29671635204499,0.7621046611380687
4289.632526873148,44.17371405605906,44.055542710806144,43.28608645436817,0.7694562564379736
4290.621706659589,43.77351636532723,44.05222712998925,43.27535015967976,0.7768769703094872
4291.608758544689,44.77550333187423,44.0488952529076,43.26456366619548,0.784331586712118
4292.598394045789,44.55309856208203,44.04553613416784,43.253680327314214,0.7918558068536282
4293.585900665224,43.3339202079992,44.042170763552264,43.24275684729297,0.7994139162592898
4294.5759920909295,44.17626023071222,44.038788256273946,43.23174615177868,0.8070421044952649
4295.563953654196,43.33812049963655,44.035409973789854,43.22070581748993,0.8147041562999263
4296.552142496722,44.69514193573474,44.03203336367812,43.209615085250284,0.8224182784278348
4297.542917931243,43.54527511772091,44.02865624148347,43.1984530694152,0.8302031720682636
4298.5315620319,43.15111114368478,44.02530068342211,43.18727881651448,0.8380218669076313
4299.522793916193,44.938687127471155,44.021956627705876,43.17604484612484,0.8459117815810392
4300.51189348472,44.976978366709375,44.01864573400259,43.164810294412504,0.8538354395900881
4301.503582029072,44.425359490045935,44.015357976470824,43.15352722206463,0.8618307544061917
4302.4931372753,43.61466285972142,44.01211479797972,43.142255056592674,0.8698597413870458
4303.482920167412,44.25845505191007,44.00891413241549,43.13097267323265,0.87794145918284
4304.475293823956,44.4099614091769,44.00575461407447,43.11965914715623,0.8860954669182425
4305.465532708577,43.95051584803866,44.00265749417058,43.10837447954078,0.8942830146298024
4306.458363551194,45.16996316423275,43.999613918666086,43.097070659381416,0.9025432592846675
4307.4490586384,45.77977199366501,43.99664416428588,43.08580722587693,0.9108369384089532
4308.442346877715,45.36213211001865,43.993739708588606,43.07453599974288,0.9192037088457313
4309.433498377679,44.936898529431346,43.99091971075698,43.06331591667366,0.9276037940833204
4310.424877890741,45.3584607772001,43.98818276102656,43.05212564773663,0.9360571132899289
4311.418852347404,46.83344002988861,43.98552866487113,43.040944574223005,0.9445840906481312
4312.4106885885385,48.73053738537578,43.98297638578853,43.02983220947033,0.9531441763182013
4313.405120968762,49.74336352500615,43.980520066035496,43.018741784716404,0.9617782813190923
4314.397414148383,49.97497128170494,43.9781775727561,43.00773223422617,0.9704453385299316
4315.392304663133,48.762561807421896,43.97594387668655,42.99675711435977,0.9791867623267818
4316.385054991751,49.64167343344457,43.9738354522857,42.98587448503747,0.9879609672482257
4317.380403852088,51.140074803321056,43.97184760132802,42.97503772960941,0.9968098717186125
4318.373611540313,49.03550007521602,43.96999475574586,42.96430338472886,1.0056913710169986
4319.36704771466,51.448789514613225,43.96827676363829,42.953650264528186,1.014626499110108
4320.363084215934,51.837964241485686,43.96669464127625,42.943057842861236,1.0236367984150099
4321.356978065856,53.36889209601594,43.96526063690379,42.932581252681416,1.0326793842223794
4322.353473440674,52.799266206004354,43.96397279672531,42.922175359846946,1.0417974368783638
4323.347825177021,51.019248057544075,43.962842382168056,42.91189483141826,1.0509475507497963
4324.344779636786,53.016157252515946,43.961869341440504,42.90169592990707,1.060173411533433
4325.339589470507,51.32157491869407,43.96106381514805,42.89163272288073,1.0694310922673205
4326.334628158923,51.83250879332917,43.96042897822331,42.88168648136724,1.078742496856071
4327.3322713688585,53.776257627012576,43.95996948008222,42.87183944177173,1.0881300383104922
4328.327768471126,54.586223576934856,43.95969271796773,42.86214371040374,1.0975490075639864
4329.325871294815,54.64319423479936,43.95960197056769,42.85255761733009,1.1070443532375942
4330.321827022126,55.687502389551476,43.95970228363602,42.843131439034124,1.1165708446018978
4331.320389671314,54.55158125700592,43.95999896330186,42.83382502819758,1.126173935104275
4332.316804234956,53.73143509117284,43.96049549138453,42.82468761888765,1.135807872496875
4333.313448022459,55.49308312743478,43.96119732190218,42.81570189212504,1.1454954297771425
4334.3127005328415,56.652448790677575,43.96211189939327,42.806852011580204,1.1552598878130662
4335.309803473666,55.16951722489978,43.96323948469553,42.79818477167704,1.165054713018484
4336.309516339205,54.306709185520674,43.964590051221855,42.78966343315817,1.174926618063688
4337.307078644881,58.32514209134559,43.966161922547776,42.78133337362261,1.184828548925171
4338.307252077665,58.93514815965944,43.96796736971024,42.773159649071275,1.1948077206389651
4339.3052739598215,61.2330438879269,43.97000249382303,42.76518593435087,1.2048165594721667
4340.303525435602,61.886016653512854,43.972275879710836,42.75739717633433,1.2148787033765025
4341.304389842397,59.549565206597784,43.974798003981974,42.74977970904475,1.2250182949372201
4342.303101212158,58.893503859434304,43.97756072289788,42.742373739989034,1.2351869829088464
4343.304426716711,58.08629925385418,43.980580837784025,42.735147604909365,1.245433232874661
4344.303598192327,57.4699591278204,43.98384751043688,42.72813933397777,1.2557081764591098
4345.3053850070655,56.616206146186705,43.987379815169874,42.72131903806169,1.2660607771081867
4346.305016800506,57.0396511287342,43.991164222128575,42.714722571469665,1.2764416506589122
4347.304878557928,57.91207904629233,43.995212020325155,42.70833672791818,1.2868752924069724
4348.307357461289,56.93498452314146,43.999536956082245,42.70215025914385,1.297386696938396
4349.307679854549,57.55586114345164,44.0041215549008,42.69619584527041,1.307925709630387
4350.310620599465,57.235903815909246,44.0089907647176,42.69044823414535,1.3185425305722496
4351.3114038407775,55.09494747955586,44.014124348209755,42.68493785470056,1.3291864935091955
4352.31480664002,54.71433471322485,44.01954957540827,42.67964128565873,1.3399082897495354
4353.316050941696,55.509947051810116,44.02524306244085,42.6745863190464,1.3506567433944523
4354.317525578308,53.81650780696106,44.031219508218655,42.66976231238497,1.3614571958336836
4355.321621582584,55.23588810855245,44.03749627441613,42.665160794215154,1.3723354802009728
4356.323557598087,55.03335515607972,44.044045475795066,42.66080581521953,1.3832396605755362
4357.328116188916,55.131535292089495,44.05090028716986,42.65667864163142,1.3942216455384386
4358.330513795866,54.79938053280194,44.05803007389493,42.65280107856729,1.4052289953276418
4359.335535186362,53.73173991489893,44.065470997529076,42.6491568966608,1.416314100868277
4360.338394597415,53.23440655768935,44.073189823315296,42.64576580209693,1.4274240212183653
4361.341484714956,51.98444100727215,44.08120560679957,42.642620677980645,1.4385849288189232
4362.347200428696,53.00232811729586,44.08953992732174,42.63971644930628,1.449823478015458
4363.350752669379,52.06988130461241,44.09815445261978,42.637068470807264,1.4610859818125144
4364.356931715871,52.20550096650811,44.107091606147,42.63466558279342,1.4724260233535835
4365.360946292596,53.192802601780905,44.116310053356194,42.63252063137594,1.4837894219802539
4366.367588885298,50.196582613268966,44.125854889466,42.63062465747538,1.4952302319906179
4367.372066011062,48.78143846492976,44.135681480438365,42.628987698016324,1.5066937824220417
4368.37677421547,49.0845229026931,44.14581276000805,42.627605702217636,1.5182070577904103
4369.38411225143,49.0450751263765,44.156274454667646,42.62647694236394,1.5297975123037066
4370.38928332443,47.67567695045898,44.167016929855116,42.625607183279826,1.5414097465752934
4371.397085440546,46.983148823711936,44.1780913827333,42.62499240654226,1.5530989761910365
4372.402719595383,48.58338373160933,44.18944500775069,42.62463568700047,1.5648093207502203
4373.410986005457,46.99714381890061,44.20113180571354,42.62453535229613,1.5765964534174086
4374.417083455472,47.30537439839253,44.21309575770833,42.624691740851816,1.5884040168565134
4375.423412356884,46.31843137926808,44.22536393588228,42.62510415125759,1.600259784624687
4376.432375332036,46.87165954589716,44.23796643385897,42.62577444854198,1.6121919853169928
4377.439167848695,48.60594965274317,44.25084311112336,42.62669955654397,1.624143554579393
4378.448595652612,46.695592465171394,44.26405490934383,42.627883619454934,1.6361712898888898
4379.4558519981065,45.90597349896513,44.2775380456691,42.62932038460018,1.6482176610689203
4380.465744844934,45.672039220004024,44.29135565671882,42.63101574956685,1.6603399071519698
4381.47346523295,45.43814080265776,44.305440253984585,42.63296021702803,1.6724800369565587
4382.481417445717,44.961087188636384,44.31982234577659,42.6351557598898,1.684666585886794
4383.492007981254,44.959589966217095,44.33453506514578,42.637606537915715,1.6969285272300672
4384.500424557127,45.81029022788812,44.349506095550694,42.64029890748353,1.709207188067158
4385.5114806712445,44.89845039562823,44.36480472714255,42.643243838558725,1.7215608885838236
4386.520361824157,44.70365010385393,44.38035616097731,42.646425653143005,1.7339305078343026
4387.531883731347,44.179667084121384,44.39623252566487,42.64985773662606,1.7463747890388137
4388.541229675327,44.183643240666015,44.4123559570706,42.65352178827523,1.7588341687953735
4389.55321759018,44.86883766717967,44.4288011535383,42.65743334593622,1.7713678076020816
4390.563028539358,44.727888072779365,44.445487177510245,42.66157147212119,1.783915705389056
4391.573071794219,44.28341473583402,44.4624498429939,42.66594251268266,1.7965073303112373
4392.585758845169,43.959414011219174,44.479727747325754,42.670555184720186,1.8091725626055706
4393.596267426477,42.989720428829514,44.49723577876244,42.67538501997906,1.8218507587833748
4394.609421021872,43.14205608593938,44.515054547131896,42.68045245138286,1.834602095749037
4395.620395144005,44.22482133989832,44.53309564483782,42.68573013606914,1.8473655087686807
4396.63401549878,43.80675559957581,44.55144130042665,42.691239730185565,1.8602015702410881
4397.645455376212,43.89412794141521,44.57000012818625,42.69695132744523,1.8730488007410255
4398.657127934059,44.95318866796936,44.58881131511769,42.70287396305166,1.885937352066027
4399.671448552707,43.82265126035065,44.60791620684754,42.709018441769274,1.8988977650782681
4400.683587187622,42.69097972916285,44.62721898720403,42.71535103587793,1.9118679513260983
4401.698375103299,42.86319168629405,44.64680651014356,42.721897068169326,1.9249094419742359
4402.710980030004,42.58070974625241,44.66658003678067,42.72862028555507,1.937959751225605
4403.7262354579925,43.076958289613295,44.68662856019054,42.73554777879439,1.9510807813961524
4404.739306891306,40.750332925162525,44.70685131844387,42.74264166177417,1.964209656669692
4405.7526113803715,41.90685207272793,44.72729053781271,42.74991336667176,1.9773771711409478
4406.768568201832,42.14398251811105,44.74799049798541,42.75737601562839,1.9906144823570233
4407.782339519796,40.66833982554812,44.76884747395191,42.76498933003673,2.0038581439151826
4408.798764392082,42.52047119873624,44.7899558029162,42.77278485006581,2.017170952850389
4409.813002754011,39.594262047782536,44.811209126571654,42.78072003455539,2.030489092016269
4410.829895892754,41.96678579651803,44.83270229434449,42.78882659165051,2.0438757026939807
4411.844601513815,42.76475155357674,44.85432579526246,42.797059190170515,2.0572666050919457
4412.859540566571,41.273083201885186,44.876123716739464,42.80543052684423,2.0706931898952314
4413.877136230206,40.912306391258824,44.898141918400476,42.813954735364135,2.0841871830363394
4414.892542864903,42.25961829514091,44.92026873382174,42.82258485719455,2.0976838766271952
4415.910607334376,41.2964918709676,44.94260259908567,42.831355362858446,2.111247236227219
4416.926481766428,41.54404908086349,44.96502980184413,42.84021758933891,2.1248122125052205
4417.945015257721,41.4494013139148,44.987649883876145,42.84920679806531,2.1384430858108328
4418.961357702641,41.67716739512457,45.010347499508136,42.85827302527315,2.1520744742349867
4419.977933955805,41.793847641686455,45.033168724630066,42.86743040962668,2.1657383150033884
4420.997171105234,40.584446060347545,45.05616095124887,42.876694101438765,2.179466849810103
4422.014215694596,42.322537498365875,45.0792071656082,42.88601295044138,2.1931942151668227
4423.033922406095,41.56549432653379,45.10240975124415,42.895424312324025,2.206985438920128
4424.051435547418,42.11633769577645,45.125650496399864,42.904876148285496,2.220774348114365
4425.071612037317,42.683928439146264,45.14903233030395,42.914406076894394,2.234626253409556
4426.089593946461,41.98830276541799,45.17243572150575,42.92396103949861,2.2484746820071453
4427.107810041006,41.94439918345836,45.19590796702475,42.933555903697666,2.262352063327086
4428.128691324112,41.90441348291927,45.21949680463075,42.94320570668782,2.2762910979429285
4429.147376510329,41.93862098076835,45.24308121400493,42.95285633203334,2.2902248819715916
4430.168728112958,41.71716206106737,45.26676504166069,42.962545651120095,2.3042193905405948
4431.187882606957,40.73930099589944,45.290426630266275,42.97221918535453,2.318207444911742
4432.2097047457855,40.08396584643634,45.31416981416387,42.98191454558814,2.332255268575726
4433.229328763777,40.680012781176345,45.337872444036165,42.99157702572895,2.3462954183072107
4434.249187344934,38.959977666226564,45.361582098259674,43.001221341104696,2.3603607571549814
4435.271715413874,40.33253614695127,45.38534656153897,43.010862178014804,2.3744843835241594
4436.292043843396,40.8089980443279,45.40904346514019,43.02044498764052,2.388598477499669
4437.315042990531,40.40005908498046,45.43277640539271,43.03000656749217,2.402769837900538
4438.335841484877,40.89297249816184,45.45642268073628,43.039492273588316,2.4169304071479685
4439.3593119272355,41.80815194330307,45.48008531729039,43.04893812172815,2.431147195562242
4440.380580702963,40.920899730713245,45.50364200431083,43.0582900853196,2.4453519189912267
4441.402084420231,40.128232527246155,45.52713998682165,43.06756217538939,2.459577811432264
4442.426261931438,39.85124637967772,45.55062553974907,43.07676723571874,2.473858304030332
4443.448236254984,40.13450382714012,45.57397689733046,43.085852103197695,2.4881247941327658
4444.472885604284,40.46527343155475,45.59729540124336,43.0948506289215,2.502444772321855
4445.495330750918,40.628484123362796,45.620459852794625,43.10371041482209,2.5167494379725346
4446.520452155687,42.347407528252745,45.64357070434662,43.112464250369335,2.531106453977284
4447.543368342314,41.90353487335586,45.66650818418725,43.12106135065946,2.5454468335277944
4448.566519849465,42.0611914975666,45.689317897092685,43.12951378218391,2.5598041149087725
4449.592349463658,42.65263918020423,45.71204432284834,43.13783232982375,2.574211993024589
4450.615972336224,42.68519256106914,45.73456988590598,43.145968661490315,2.588601224415663
4451.642274549634,42.416185622801095,45.75699276554057,43.153952914073386,2.6030398514671838
4452.666369004772,41.46291666000508,45.77919690866858,43.16173843382569,2.6174584748428944
4453.6931440351245,41.12370164529722,45.801279098488735,43.169353830670325,2.631925267818408
4454.717710290092,41.13728871461717,45.82312460042766,43.17675391279105,2.646370687636613
4455.7425122451805,41.10724116408875,45.844775979543414,43.18394747314894,2.6608285063944743
4456.769996627371,40.94964281500211,45.86627370362249,43.19094109355361,2.675332610068875
4457.795270708234,40.337704702189114,45.88750484838426,43.19769158378681,2.689813264597446
4458.823228451993,38.68316634403044,45.90856023172576,43.2042213151776,2.704338916548163
4459.8489748761385,41.59855873541005,45.92932944105578,43.21048972068845,2.718839720367327
4460.877406199542,42.162536421085406,45.94990178020513,43.21651757022502,2.7333842099801067
4461.903625184579,41.139135587781084,45.97016988298928,43.22226744156262,2.747902441426662
4462.930080249946,41.372782973823526,45.99017393105486,43.22774558453382,2.7624283465210424
4463.959222069443,42.007869759011385,46.00995173104794,43.23295580491618,2.776995926131761
4464.986150022171,42.06770934606254,46.02940011913736,43.23786500549335,2.791535113644012
4466.0157659668175,41.82761583475383,46.04860281142264,43.24248820646209,2.8061146049605465
4467.043167024766,41.39131894599047,46.06745911267337,43.24679484416017,2.8206642685131973
4468.07325731299,41.98343455120437,46.08604944844102,43.2507966063894,2.8352528420516165
4469.101131694119,42.40315889121291,46.10427564127561,43.2544654985475,2.8498101427281073
4470.13169654445,41.10962596147516,46.12221500535106,43.257810068559046,2.8644049367920164
4471.16004446682,43.89681756252771,46.13977262290848,43.260805618959665,2.8789670039488127
4472.1886289592785,42.92181197844087,46.156982346657074,43.26345197960205,2.8935303670550216
4473.219905779659,43.40116970121529,46.17387496680391,43.26574590924635,2.9081290575575562
4474.248964140505,44.0621844339276,46.190361326299815,43.26766850102654,2.9226928252732707
4475.280716069628,43.40186900270453,46.20651153150124,43.26922108313158,2.937290448369659
4476.310248517173,43.566330368329886,46.22224019938715,43.27038852492508,2.9518516744620666
4477.342475773921,42.52772421033626,46.237613884267674,43.27116862187582,2.966445262391853
4478.372482526577,43.08231960103087,46.252550935310595,43.2715499633782,2.9810009719323953
4479.402726230932,43.090496049212845,46.26708012503534,43.2715273210773,2.9955528039580384
4480.435666606211,42.40423025695606,46.28122640656487,43.271091687651605,3.010134718913264
4481.466384943353,42.43287920450598,46.29491427021878,43.27023774820554,3.0246765220132454
4482.499801193772,43.505181832337314,46.30820106816873,43.268954205741025,3.0392468624277034
4483.530994382363,43.215334813149305,46.32101615047078,43.26724055644728,3.0537755940235067
4484.564886727159,42.421748655802105,46.33341330712165,43.265082009907005,3.068331297214651
4485.596554985963,42.35997702425181,46.345325262594066,43.26248137324289,3.082843889351175
4486.628460578694,42.09106870542457,46.35677461761359,43.259427352536605,3.0973472650769818
4487.663067192355,42.40602333769772,46.36778014351472,43.25590491547364,3.1118752280410797
4488.695448183503,44.688453744568335,46.37828201471682,43.25192419587539,3.12635781884143
4489.730531439939,43.66531739067341,46.388323083879094,43.24745970102424,3.140863382854854
4490.763388048521,43.735225126089006,46.39784866377972,43.242526602015204,3.155322061764517
4491.798948167323,43.55500706344628,46.40689775969883,43.237095678351494,3.1698020813473375
4492.832280612454,43.563613851006274,46.415421153491906,43.23118745387629,3.1842336996156173
4493.865850774357,44.26670322332172,46.423435113893845,43.22478449561255,3.1986506182812917
4494.902126314212,44.294056670035786,46.43095105398232,43.217864657831804,3.2130863961505165
4495.936172641398,43.0363853551313,46.437927416092414,43.210455921636424,3.227471494455988
4496.972925592902,44.508970845029694,46.44439191089273,43.20251813560067,3.241873775292063
4498.007448304741,43.974807609386346,46.45030843393448,43.19408457915782,3.2562238547766627
4499.044678887839,44.52621579906264,46.45570002551308,43.18511060216124,3.270589423351847
4500.0796782038005,46.35545401388157,46.460535906258535,43.17563463864356,3.284901267614974
4501.114915619995,44.27025800589207,46.464824610396384,43.16563180286127,3.2991928075351167
4502.152862778193,43.992294629319424,46.46856945396401,43.15507218682963,3.3134972671343785
4503.188577127773,45.224992812194394,46.47174752009374,43.144001802056636,3.327745718037106
4504.227002467735,45.572962543623426,46.47436905142303,43.13236369581666,3.3420053556063762
4505.263193970426,45.419618278596374,46.47641680675028,43.12020934545836,3.356207461291913
4506.302097712449,45.819538041813246,46.477895909639095,43.10747690387525,3.370419005763841
4507.338766588074,46.396479701250826,46.47879547537508,43.094223979202354,3.3845714961727227
4508.375673948011,45.794506634659626,46.47911655491297,43.08041857472048,3.3986979801924893
4509.415295421043,44.04562085057648,46.478854840471996,43.06602358486426,3.4128312556077365
4510.45268048371,44.47899950043279,46.47800862781719,43.05110542993725,3.4269031978799385
4511.492780909861,44.572284526017825,46.47657086953618,43.03559072051615,3.4409801490200382
4512.530643895334,44.14464373453484,46.47454515360695,43.01955090345406,3.454994250152888
4513.571223495258,46.12970963120802,46.47191870269261,43.00290713789386,3.4690115647987554
4514.609564623717,44.33860127836056,46.46870124490429,42.98573672907296,3.482964515831328
4515.648144621187,43.466913006608365,46.46488465353253,42.96799896680665,3.496885686725879
4516.6894431098945,44.485149767376704,46.460455376177805,42.949648019712505,3.510807356465303
4517.728501580677,44.62422559240196,46.45543258659352,42.93077018597389,3.524662400619628
4518.770279795103,44.263072234819845,46.44979052743984,42.91127440855816,3.5385161188816787
4519.8098169596315,45.87510561399739,46.44355444560922,42.89125273664499,3.552301708964236
4520.852075120788,43.86883205485219,46.4366931626525,42.870609024892694,3.5660841377598054
4521.892091199595,44.39754432504088,46.42923807756989,42.84944113622507,3.5797969413448234
4522.932346532734,44.51171874126629,46.42117239735905,42.82770025120766,3.5934721461513943
4523.975324742313,44.263686364973864,46.4124736005232,42.80533218141443,3.6071414191087685
4525.016059320591,44.80248023163256,46.40318253593018,42.782443701846965,3.620738834083212
4526.059518029737,45.029004604428735,46.3932546404561,42.75892618245082,3.634328458005276
4527.100732073941,43.341128392580686,46.38273706217554,42.73489231843653,3.6478447437390122
4528.144671504019,42.61344691789333,46.37157976384996,42.71022839300285,3.6613513708471057
4529.186365235041,43.92833095656244,46.35983617122161,42.685052983753124,3.674783187468482
4530.2282986063365,44.25271719353674,46.347480376154344,42.65930880652022,3.6881715696341213
4531.272959246349,43.11036786653233,46.33448062211235,42.63293314339572,3.701547478716635
4532.315372635855,43.51852683575715,46.32089888847104,42.606052502436626,3.7148463860344174
4533.36051455053,43.670714563705815,46.30667072417393,42.57853978943704,3.728130934736887
4534.40340817939,45.6738905758698,46.29186473959566,42.550527707502106,3.7413370320935564
4535.449031590449,44.85408957807948,46.27641172585535,42.521884846532195,3.7545268793231488
4536.492405679909,44.31548846760052,46.260387355757096,42.492750519857594,3.7676368358995016
4537.536019796207,44.855810935591485,46.24375719058479,42.46305965656173,3.780697534023052
4538.582365580587,43.14563328201899,46.2264801066049,42.4327409703987,3.7937391362062054
4539.626460489414,46.229140441035106,46.208640095973294,42.4019413856076,3.806698710365693
4540.6732883248,44.40246633167675,46.19015412139376,42.37051683619029,3.8196372852034712
4541.7178642476565,43.29643585509473,46.171112233292625,42.338619811939324,3.8324924213533005
4542.76517435613,43.477599767828686,46.151426424957066,42.306101773658305,3.845324651298757
4543.810231514619,43.64851622412402,46.13119366022292,42.273121615685135,3.858072044537784
4544.8555290871345,44.51049048095826,46.110370681836066,42.23960628544056,3.8707643963955087
4545.903562734189,43.98984707410705,46.088908857563375,42.20547787968245,3.8834309778809266
4546.949341874801,43.14834531664076,46.0669135365196,42.170902884881116,3.8960106516384863
4547.997858350461,42.85813968130441,46.04428222129566,42.13571957873519,3.9085626425604665
4549.044119281026,43.81599444809723,46.02112559564379,42.100099233346896,3.921026362296894
4550.093118807729,44.64355500279709,45.99733661837458,42.06387613259095,3.9334604857836313
4551.139861750209,43.41826224338519,45.97303239626598,42.02722740663392,3.945804989632056
4552.189344550497,43.489326515879156,45.94810080641229,41.989982822807015,3.9581179836052796
4553.236569726955,43.33800394938834,45.92266454847426,41.952324523311944,3.9703400251623124
4554.2840358161875,43.21358655942618,45.89666950336459,41.914169805068994,3.9824996982955994
4555.334243656071,43.741164706045765,45.87005577714921,41.87543078366341,3.994624993485802
4556.382192312434,44.499086487441275,45.842953826178544,41.8362964574642,4.006657368714344
4557.432883982572,44.881626815569575,45.81524017657714,41.796586721471975,4.018653455105169
4558.481315428385,46.371632084873234,45.787052414189894,41.75649708334868,4.030555330841219
4559.532491151676,44.336270273396394,45.758260094196956,41.71584108494628,4.042419009250679
4560.5814056093595,44.87981132131864,45.72900545454961,41.674818250245984,4.054187204303626
4561.630561368435,45.43626703328272,45.69922558697875,41.633338132601516,4.06588745437723
4562.682463300885,43.99781731800374,45.668851552895894,41.591304901211004,4.0775466516848935
4563.732102405521,44.486324235262494,45.63803453101108,41.54892603852996,4.089108492481117
4564.784488948692,45.5747735551725,45.606634635778875,41.50600725444081,4.100627381338061
4565.834611621566,44.88715398695576,45.574806503594715,41.462758814799066,4.112047688795646
4566.887482998719,43.681984076167176,45.542403454639256,41.418980304445554,4.123423150193703
4567.938089462611,44.8928111566957,45.509585590589616,41.37488676503035,4.134698825559271
4568.9889376171395,46.933274282882564,45.47628295117223,41.33038183201169,4.145901119160541
4570.0425363749,45.532524090197064,45.44242083126221,41.28536509348149,4.1570557377807225
4571.093868654675,45.71899103922448,45.408166909234986,41.2400581057603,4.168108803474686
4572.147952804884,44.92775830035072,45.373364722545986,41.19425240652453,4.1791123160214605
4573.199769432941,44.594083905134596,45.33818658583344,41.148173461440095,4.190013124393348
4574.2543391992185,44.203219199663124,45.302470902221515,41.10160839305625,4.200862509165263
4575.306640398699,43.6644477465137,45.266395510017674,41.05478744905804,4.211608060959635
4576.359183678686,43.995320453070974,45.22988327084724,41.00760830700975,4.22227496383749
4577.414481998911,42.932597359101976,45.19285193855679,40.95996428389266,4.232887654664134
4578.467510185088,42.49398739618187,45.15548518944265,40.91209032606992,4.24339486337273
4579.523294680748,44.804309173989054,45.11761232562603,40.86376631345061,4.253846012175416
4580.576807996512,45.438095975639214,45.07942127163403,40.81523066282375,4.264190608810278
4581.633078891589,43.58437324329287,45.0407376137233,40.766260305672525,4.274477308050778
4582.687077560438,44.014640898062396,45.001753505241425,40.71709709562147,4.284656409619957
4583.741318700296,43.3707366383274,44.96238517306061,40.66763337892725,4.294751794133364
4584.798319324551,43.561381465482896,44.92254540146794,40.617758854282116,4.304786547185824
4585.8530461528035,43.35490821808037,44.882432216381446,40.5677200341829,4.31471218219855
4586.910533736745,43.573027524900006,44.84186267361414,40.51728729615226,4.3245753774618745
4587.965746477146,44.61533639462516,44.80103856716807,40.46671009411246,4.334328473055614
4589.023721245117,44.913117796095044,44.759773806862725,40.41575647325933,4.3440173336034
4590.079420121527,44.28865053159967,44.71827387242108,40.364678733029976,4.353595139391101
4591.135361860076,43.95367167014399,44.67644954001685,40.31336515235071,4.363084387666135
4592.194067534354,44.020719441776635,44.634207970581045,40.26170123559444,4.37250673498661
4593.250495744761,43.833346986974675,44.59175777378898,40.20994112738539,4.381816646403584
4594.309689164241,43.3010933823212,44.548904047204616,40.15784614992486,4.391057897279756
4595.366604070625,43.14573638416164,44.505859098713515,40.10567327284882,4.4001858258646935
4596.42628546001,43.377285865736326,44.46242629730068,40.05318294740698,4.409243349893697
4597.48368728659,43.470328825421234,44.41882146511277,40.00063477146137,4.418186693651399
4598.541332367071,43.37567209306883,44.37495060002371,39.947913705168,4.427036894855714
4599.60174584179,43.31749110570371,44.33071750727839,39.89490339999571,4.435814107282682
4600.659878178857,42.98985490988514,44.28634145130146,39.84186554398352,4.444475907317935
4601.720780185562,42.31001282938536,44.24161808384665,39.78855506720657,4.453063016640077
4602.779400003696,43.36300397762898,44.19677053456088,39.73523660577078,4.461533928790103
4603.840790767451,43.18394245206463,44.15159534457937,39.681666878203636,4.469928466375735
4604.8998982912335,43.09370566374042,44.10631635832101,39.62811030617792,4.4782060521430855
4605.959249461309,43.38691022661721,44.060835380417686,39.57444918810967,4.486386192308016
4607.021373491327,43.02525928912928,44.01505251071354,39.52056504215641,4.494487468557123
4608.081212703985,41.964849269317035,43.969194773061425,39.46672405411363,4.502470718947796
4609.14382605404,43.1486053133483,43.92305272906799,39.41267925923685,4.510373469831137
4610.20415353412,42.819897751786584,43.87685599458435,39.35869847705028,4.518157517534074
4611.267256429642,43.45841828659474,43.83039438065395,39.304534930003626,4.525859450650322
4612.32807240209,44.09426713109781,43.7838994899819,39.25045745501307,4.533442034968831
4613.3891324138585,42.902424292921644,43.73727104753897,39.19634786970958,4.5409231778293915
4614.452969758475,41.47524857280587,43.69040685513996,39.14208703078273,4.548319824357226
4615.514518600088,43.78531931930923,43.64353946170466,39.08794324734058,4.5555962143640825
4616.578846054064,44.040954357946305,43.596454557075745,39.033668009913484,4.56278654716226
4617.640883950726,43.99446425701683,43.54938563361267,38.979529574751304,4.569856058861366
4618.7057017398565,43.326886848790025,43.502117216323356,38.92527924101106,4.576837975312295
4619.768228916872,42.63331873521281,43.4548834893112,38.87118495012096,4.583698539190235
4620.83100052687,43.950215507014434,43.40758133055817,38.81712733398764,4.5904539965705276
4621.896553949838,43.44316365218504,43.360106914355896,38.76298731760337,4.5971195967525285
4622.959815178211,44.71618822094001,43.312695431643014,38.70903232134714,4.603663110295876
4624.0258595011355,44.809831862673384,43.265130375535854,38.65501508707014,4.610115288465714
4625.089610573453,43.739443348533776,43.21764808159859,38.60120314876435,4.616444932834242
4626.156146022491,43.4205394559271,43.170031239510934,38.54734945081815,4.622681788692782
4627.220387164424,44.34296294726466,43.12251595984116,38.49372026193384,4.628795697907321
4628.284873133633,44.721863321487376,43.07499832429379,38.44019713604591,4.634801188247881
4629.35214540316,45.40523328834638,43.02737438762657,38.38666262815134,4.640711759475229
4630.417121780551,45.537912297825756,42.97987988956787,38.33338105954019,4.646498830027685
4631.484885741906,44.899952100749374,42.93229685943818,38.28010726590838,4.652189593529807
4632.550352753408,44.43675451815921,42.88486093098553,38.227104400362016,4.657756530623516
4633.6186086331145,45.06129350588424,42.83735467799752,38.17412887816607,4.663225799831443
4634.684566504764,45.1638846205185,42.79001318669031,38.12144223445213,4.66857095223818
4635.753314529448,43.48009215005959,42.74261949311155,38.068802389524166,4.673817103587382
4636.819763487384,43.5915679797688,42.695408029729236,38.016469146391564,4.678938883337669
4637.886457780501,43.767392994594445,42.64827437293633,37.9643258376531,4.6839485352832275
4638.9559441542415,43.05718957443645,42.6011151329043,37.91225789266401,4.688857240240292
4640.023129872913,43.93635947558324,42.55416371663504,37.86052245786888,4.693641258766158
4641.093108958519,43.91506215907413,42.507204824126006,37.808881755481046,4.69832306864496
4642.1607863291465,42.7160963076517,42.46047103126559,37.75759100400372,4.70288002726187
4643.2312583536095,42.479961022080204,42.41374836252531,37.70641481742746,4.707333545097854
4644.299427602695,42.72370793540006,42.367268399777835,37.655606316586365,4.711662083191472
4645.367842582712,43.11781811701395,42.32092859664066,37.60505253817634,4.715876058464325
4646.439054147264,43.924592383216066,42.27462763393481,37.55464283203098,4.719984801903837
4647.507961345556,41.93029212072333,42.228594683025904,37.50462624157491,4.723968441450989
4648.579666416767,43.3496544915073,42.18261800736781,37.45477231438511,4.7278456929827
4649.649066060099,42.873757414564295,42.13692401229978,37.40532620857152,4.731597803728255
4650.72126486533,42.1851157903248,42.09130193795419,37.35605953646555,4.735242401488643
4651.79115718057,42.92460021899416,42.04597637275498,37.307214514296234,4.738761858458746
4652.861295623131,42.39972962429448,42.00084575522306,37.25868102783016,4.742164727392906
4653.934235161404,43.59306968488995,41.95581014934588,37.21035169332621,4.745458456019672
4655.004866616238,42.70127201262,41.91109111054395,37.162463997326284,4.748627113217663
4656.078300457248,42.54224816434373,41.86648240829743,37.11479682321947,4.751685585077956
4657.149425151486,42.601392932607496,41.82220374099383,37.06758466282903,4.754619078164797
4658.223353522958,42.61178831820729,41.77805092626562,37.02060955266871,4.7574413735969125
4659.294971683835,44.05528555577405,41.734241248751076,36.97410242863273,4.760138820118339
4660.366836369061,43.552886745469266,41.690676571091636,36.92795849552583,4.762718075565807
4661.441506668453,43.599219951833845,41.64726068066926,36.88207600303021,4.765184677639052
4662.513865161232,43.473327752961666,41.6042064741666,36.83667977882556,4.767526695341043
4663.589030560721,43.12506216321026,41.561314500100295,36.79155936930236,4.769755130797933
4664.66188308855,42.6283519015584,41.51879542653415,36.746936221615606,4.77185920491854
4665.737543816229,41.32439220730788,41.4764532969204,36.702604494980974,4.77384880193942
4666.810890606708,39.543885444345506,41.43449555085982,36.658781252895636,4.775714297964186
4667.8844843192055,41.0023504234033,41.392826515806,36.61536608380032,4.777460432005681
4668.960888171611,41.569703583574835,41.351353866475975,36.57226305270203,4.779090813773948
4670.034976488224,42.08608394096274,41.31028074469931,36.52968315993673,4.780597584762583
4671.1118762393735,42.898475032588124,41.26941679434683,36.48742864589836,4.781988148448471
4672.186459387964,41.82698377379239,41.22896519852305,36.44570633317274,4.7832588653503105
4673.263855266319,43.47282120765215,41.18876255080154,36.40432269556919,4.784439855232351
4674.338933474856,42.86386857427402,41.14915875018236,36.363480473817894,4.785678276364466
4675.414259003724,42.73608915792125,41.11084843917669,36.32308653714438,4.787761902032313
4676.492399205541,43.25905460433291,41.077009284135926,36.283051408330415,4.793957875805508
4677.568220136369,43.122932879829534,41.05846120768014,36.24357038627629,4.814890821403851
4678.646857036865,42.56814025025335,41.082270764251966,36.20445963463283,4.87781112961913
4679.723173597887,42.731189564794654,41.19918259323406,36.165909730153075,5.0332728630809855
4680.802307425893,42.3155041391567,41.47253013608212,36.12774069707152,5.344789439010598
4681.879119845442,41.93361380279726,41.925738685225625,36.09013823972909,5.835600445496533
4682.956179984275,42.23241277758803,42.47801494911731,36.05301478387299,6.425000165244321
4684.036059336412,43.07861688929933,42.92928085249845,36.016287226686366,6.912993625812084
4685.11361567634,43.44738635733165,43.05659699880563,35.980134036051716,7.0764629627539115
4686.193992528383,42.23338104118852,42.77758066656168,35.94438618348762,6.833194483074058
4687.272045298006,41.39455993943102,42.21470824578874,35.90921749939335,6.305490746395394
4688.352919879153,42.08665772680007,41.595715301042496,35.87446385894264,5.721251442099855
4689.431469307176,41.52182384507058,41.10471266352631,35.84029438445175,5.264418279074552
4690.510266854078,40.03523887728165,40.79560605568602,35.80662896780988,4.9889770878761475
4691.591888161963,41.33808237877048,40.63008217571103,35.773392009508036,4.856690166202994
4692.671182710382,40.600767577798536,40.54603406962899,35.740744449881106,4.805289619747881
4693.753302320692,41.78444293319644,40.49689233996576,35.70853285969848,4.788359480267282
4694.8330940995975,41.92159119642441,40.45998877555995,35.67691310295169,4.78307567260826
4695.915712241899,40.75691353148443,40.426582645057714,35.64573684798924,4.78084579706847
4696.9960014803655,40.167505478190435,40.394355166483344,35.615155187243076,4.7791999792402695
4698.076539237953,40.63595230465182,40.36265492791716,35.58509552442289,4.777559403494273
4699.159905311539,39.631441576960924,40.33130324462891,35.555489886633694,4.775813357995221
4700.240940872358,38.2064713461574,40.30043535314035,35.52648118925195,4.7739541638884
4701.324806052181,39.37727238183016,40.26990393491075,35.49793284049069,4.771971094420058
4702.4063396455695,40.27357516946353,40.23985607867217,35.46998253695085,4.7698735417213145
4703.490704161568,39.3655725299908,40.210150153361695,35.44249851779873,4.767651635562964
4704.572736016971,39.22757255341054,40.18092930001499,35.415613177668874,4.765316122346117
4705.655016792381,37.75043712113018,40.152123834473585,35.38926180528624,4.76286202918735
4706.740130446153,39.55840043294927,40.12366794525868,35.36338468578707,4.760283259471612
4707.822909827803,39.9197868910278,40.09569848270967,35.338106195970774,4.7575922867389
4708.908523392921,39.1520166136587,40.068083139749035,35.31330667031828,4.754776469430748
4709.991801610518,39.318253129218306,40.040954278426675,35.28910485085802,4.751849427568659
4711.077915317292,39.75675102459206,40.01418293163627,35.26538552116065,4.748797410475616
4712.161692600651,39.95492230816069,39.98789675790705,35.24226157735931,4.74563518054774
4713.245719205549,40.47348125864971,39.962031909001574,35.21967606042158,4.742355848579999
4714.332583258532,39.9952486940407,39.93652854861709,35.19757713303726,4.738951415579832
4715.417109273974,39.79688017159049,39.91150799232845,35.17606964388554,4.735438348442914
4716.504474044712,40.34680458695306,39.886850679447875,35.155050536164424,4.7318001432834516
4717.589499700775,40.01576602042718,39.86267400286881,35.13461960509416,4.728054397774652
4718.677365419947,40.169392695671036,39.83886267771363,35.11467916264001,4.724183515073621
4719.762890946816,40.13473244493469,39.81553043734131,35.095324218795724,4.720206218545586
4720.851257845208,40.078259366976,39.79256640455228,35.0764625805754,4.716103823976882
4721.937283473172,40.13522105943679,39.77008020571781,35.05818403053736,4.7118961751804465
4723.023558939904,40.15642872190881,39.74801678507693,35.04044282600757,4.7075739590693555
4724.112677741135,39.65609195445694,39.7263250023253,35.023198224706476,4.7031267776188175
4725.199453654461,38.20026280408939,39.70510804927415,35.00653190448946,4.6985761447846945
4726.289074212206,38.585371720380124,39.68426438267848,34.990363695447876,4.693900687230599
4727.37635080268,39.334260857539505,39.6638927160552,34.974769689520755,4.689123026534444
4728.4664733480995,38.50253139011528,39.6438946986995,34.959673971231226,4.68422072746827
4729.554250846382,37.59361652081524,39.62436403397198,34.94514651901417,4.679217514957807
4730.64227858645,39.4358030199399,39.60525075655381,34.93114851229898,4.674102244254825
4731.733154247604,39.16439335347803,39.58650888684638,34.917646172223115,4.668862714623269
4732.821683241535,38.788343977634554,39.56822601770924,34.904701717353014,4.66352430035623
4733.913061468588,38.871646026190376,39.55031361245722,34.89225164883915,4.658061963618069
4735.00209194731,39.21146620564855,39.53285554536479,34.88035336631551,4.6525021790492795
4736.093972971797,39.54022755963252,39.51576687803636,34.868947980107976,4.646818897928381
4737.183505166344,39.42590073154407,39.49912726111632,34.858087560586874,4.641039700529447
4738.273288006341,38.25285834494424,39.482893582365065,34.84774184587675,4.635151736488321
4739.3659233614135,39.138339890301665,39.46702668539545,34.83788552750312,4.629141157892338
4740.456208263849,38.79455251970256,39.451601079709654,34.82856385055992,4.62303722914974
4741.549346995511,38.44996722817342,39.43654198562052,34.819730465779,4.616811519841522
4742.640134191683,38.900308421845864,39.42191961726114,34.811425164507035,4.610494452754107
4743.733776531841,38.321815747566745,39.40766233245338,34.803605588699114,4.604056743754264
4744.825066253157,39.90034541308631,39.3938359649074,34.796305940739394,4.597530024168008
4745.916607024241,34.98792279378478,39.38040388655481,34.789503688322,4.590900198232809
4747.011004911797,39.75494449574484,39.36733323075154,34.783180881971866,4.584152348779676
4748.1030485551955,43.84642302828326,39.35468463387563,34.77736455441076,4.577320079464869
4749.19795063134,38.97347956421129,39.34239699787697,34.77202450089227,4.570372496984694
4750.290497378728,37.634559278200186,39.33052800758194,34.76718331402042,4.563344693561518
4751.385903875739,37.92616351651503,39.31902028611052,34.762814788222016,4.556205497888506
4752.478953958895,37.12636657574891,39.30792824596435,34.75893653891159,4.548991707052753
4753.572255496787,37.7948696619086,39.297224068764834,34.75553431506113,4.54168975370371
4754.668418759972,38.44736726109801,39.28688420508238,34.75259834210731,4.534285862975069
4755.762223981364,37.763037996042215,39.276959171732955,34.750139160394795,4.526820011338159
4756.858892246445,37.718838555760215,39.267403371513524,34.74814115763969,4.519262213873836
4757.953201383383,38.06135732173459,39.25826482752419,34.74660964041926,4.511655187104931
4759.050374883014,37.071292100768716,39.24950354965819,34.74553287193947,4.503970677718729
4760.145188167653,37.40801921594752,39.24116627436284,34.74491141248778,4.496254861875057
4761.240253312651,38.067807929702724,39.23323844617366,34.74473753504811,4.488500911125549
4762.338184799197,37.48043278169959,39.22571173201549,34.74500791812104,4.480703813894448
4763.433754440186,36.82047148392301,39.21863356150926,34.745716700579464,4.472916860929795
4764.5321917432475,37.45976080209914,39.211984624090285,34.74686250471285,4.465122119377434
4765.6282661126515,38.24649739101318,39.20581423582221,34.74843482379845,4.457379412023763
4766.727209465257,37.71100279291915,39.20011467146659,34.750435979349156,4.449678692117432
4767.823788795604,37.218696785839,39.194939498205116,34.75285124754403,4.442088250661087
4768.920620392584,37.552790313678486,39.19030654297618,34.75567976591427,4.4346267770619106
4770.020322954815,37.60208434461774,39.18624523695714,34.75892460202414,4.4273206349330065
4771.117659861592,38.54241847121358,39.18282069336475,34.76256507461891,4.4202556187458315
4772.217869056273,38.367642408621805,39.18007087157086,34.766613177340574,4.41345769423029
4773.315711505642,38.272649473630345,39.178072736772776,34.77104428782843,4.4070284489443425
4774.416427566178,38.28521000422569,39.17689211310503,34.775874373093046,4.401017740011989
4775.514775791043,38.35941216801757,39.17662258465819,34.781075532426826,4.395547052231362
4776.6133766894745,38.80455791024105,39.17736214712414,34.78665375266262,4.390708394461523
4777.714853184317,37.71884752116392,39.17923376255142,34.79261788849199,4.386615874059427
4778.813960207662,38.8733942799135,39.182363369422674,34.79893332027987,4.383430049142801
4779.915944152203,37.85717473497954,39.18692112852942,34.80562372960684,4.381297398922577
4781.015557533632,37.51239892862159,39.19306245911606,34.81265082705346,4.3804116320625965
4782.118049161655,39.03891804587829,39.20101965237609,34.820042103515185,4.380977548860904
4783.2181691344485,37.99689158636994,39.21098484446287,34.82775663798673,4.383228206476143
4784.318542188395,38.93603107292165,39.223234266861105,34.835805812429136,4.38742845443197
4785.421795477384,38.555252446622035,39.238098965495006,34.84420420466567,4.393894760829335
4786.522675472675,38.71520869688396,39.255836734458825,34.852905844376615,4.402930890082211
4787.626437029931,38.82330008669328,39.27689993825488,34.861945408163585,4.4149545300912925
4788.727824200114,38.56161788325494,39.30159641432439,34.87127280205351,4.4303236122708824
4789.832094259796,39.43162514181182,39.3304985310654,34.88092556533853,4.4495729657268726
4790.933988838527,39.37006867995052,39.36396967719092,34.890850993622735,4.4731186835681855
4792.036136906656,40.47627846460671,39.402624176186194,34.90106512074803,4.501559055438162
4793.141169855941,40.01737082769097,39.44717924722337,34.9115867822058,4.535592465017565
4794.243825683164,39.70957058757705,39.49808292603209,34.92235899743828,4.57572392859381
4795.349367720605,40.8216706424696,39.55629820720634,34.93342615007377,4.622872057132565
4796.452531540845,40.794254437929574,39.62232492118623,34.94472852296374,4.677596398222481
4797.558582900979,40.10386455996695,39.69731811521649,34.956312730603834,4.741005384612657
4798.662254948267,40.7070165771458,39.7818186652425,34.968116045089566,4.81370262015293
4799.766180893859,40.86337321781883,39.876951073271535,34.980158002657106,4.89679307061443
4800.872996374215,40.69084298885599,39.984001530917155,34.992460467535125,4.991541063382027
4801.977430897968,40.928228948244794,40.10353693191748,35.00495711266922,5.0985798192482665
4803.084756287691,41.13485460751037,40.23726314156925,35.01769958582007,5.219563555749181
4804.189699623905,40.96214507047336,40.38572669776452,35.03061954709145,5.355107150673072
4805.29753515791,40.957563749178405,40.550869968976414,35.04377125246674,5.507098716509674
4806.402987540995,41.44994372083915,40.73317599822262,35.05708452940243,5.6760914688201884
4807.511333454305,42.197290808560695,40.93482024573082,35.070614989531535,5.864205256199287
4808.617295118779,42.49972973725704,41.15616629952105,35.08429006628158,6.071876233239467
4809.72351120828,42.05871256344125,41.399005271379814,35.09813418835004,6.300871083029774
4810.832622827015,42.35805394515637,41.66533357882291,35.11217313774925,6.553160441073658
4811.939348549744,42.32643744897899,41.955206110493634,35.12633191994755,6.8288741905460775
4813.048971135675,43.046740396414414,42.27130708017451,35.14067146686801,7.130635613306505
4814.15620672642,43.52320229379103,42.613382309857926,35.15511597085019,7.458266339007737
4815.2663405149515,42.84507708810139,42.984255289997215,35.16972473664242,7.814530553354791
4816.374086208608,42.49018606500954,43.38326779339493,35.18442035072904,8.198847442665889
4817.482086737706,44.27927720202263,43.812275231404975,35.199230456647314,8.613044774757663
4818.592987466822,45.00577076071863,44.273297961950156,35.214183605078745,9.059114356871412
4819.701498451237,44.577193084548135,44.764885069272104,35.229200880017046,9.53568418925506
4820.812910971792,44.603201720705954,45.2899670124187,35.24434592142872,10.045621090989986
4821.921932646694,45.577194214173744,45.84645026569072,35.25953853600109,10.58691172968963
4823.033857194469,46.32471164456576,46.43723820337166,35.27484280862923,11.162395394742434
4824.143389795131,47.05623031204027,47.05970408786925,35.29017706353565,11.769527024333598
4825.253177642309,47.961135404531774,47.71561806466772,35.30556841198715,12.410049652680566
4826.365870367824,48.07556533476287,48.40773324788083,35.321044838172455,13.086688409708373
4827.476169493737,48.09973158045864,49.134660037538666,35.33652420839391,13.798135829144753
4828.589374836262,48.910925790688964,49.90155546956975,35.352072468347856,14.549483001221894
4829.700185476456,50.035124657885895,50.70334974720471,35.36760777954024,15.335741967664472
4830.813903672156,50.624590986303986,51.536357873772964,35.38319645882647,16.153161414946496
4831.925226062285,51.18896763244437,52.38385536224295,35.39875641918148,16.985098943061466
4833.036804110669,52.52703620510317,53.236001204128186,35.41431679912578,17.821684405002408
4834.151291723257,54.11379162852513,54.09100331052716,35.42990660298395,18.66109670754321
4835.263381875122,54.64379491684782,54.94983484798477,35.44544350015244,19.504391347832325
4836.3783829316235,54.064087430366214,55.82434980090954,35.460993514324485,20.363356286585052
4837.490985422894,55.7690830805953,56.713824227696165,35.476474442666415,21.237349785029753
4838.606500159854,57.21372340713487,57.61963002568642,35.49195203554103,22.12767799014539
4839.719615226564,57.19671603630019,58.53079182426576,35.507344533528595,23.023447290737167
4840.832986363933,57.00969323224286,59.44217038079714,35.5226809184305,23.91948946236663
4841.949271758929,59.281297914135685,60.34947684739774,35.537989985352,24.811486862045744
4843.063155825853,63.484032623992455,61.2428041653392,35.55319151657728,25.689612648761923
4844.179955493,60.75030620795446,62.12125313307726,35.56835089415251,26.55290223892475
4845.294352725786,62.781109111645605,62.975632896846555,35.583388489571604,27.39224440727495
4846.411666902011,63.722427191298436,63.80503002449569,35.59836829457408,28.20666172992161
4847.5265775370735,62.92397730243948,64.60054982700947,35.613210913313125,28.987338913696345
4848.641744655863,63.319835737776486,65.35933310800934,35.627943942434996,29.731389165574335
4849.759830733274,65.67693450943182,66.07828454943878,35.64259390664165,30.435690642797127
4850.875511609025,70.22885824562195,66.74938095109852,35.65708300358443,31.09229794751408
4851.994112788163,66.80380506693383,67.37142450703612,35.67147247703288,31.699952030003242
4853.1103076575655,64.40087515152157,67.93732605407521,35.68568621161612,32.251639842459085
4854.229424175735,66.65659313804328,68.4459538497722,35.69978536059157,32.74616848918062
4855.346133275585,69.93238579309349,68.89141374384536,35.71369662030267,33.177717123542685
4856.463099272894,71.10740953391286,69.27190981357043,35.72744786506018,33.54446194851025
4857.582988937406,74.99009726219015,69.58544951873164,35.74106531880272,33.84438419992892
4858.700469520421,76.6271441177139,69.82833154198812,35.75447774909056,34.07385379289756
4859.820875117571,77.69813331390196,69.99998064477515,35.76774223864089,34.23223840613426
4860.938870523361,77.13655835642044,70.09835041849726,35.780788713117275,34.31756170537998
4862.059792290837,75.94507413439261,70.12319389826673,35.79367278288592,34.329521115380814
4863.178302756582,76.67533316264611,70.0742019917391,35.80632695606161,34.267875035677484
4864.297070534189,69.8702914070097,69.95185561855848,35.81877619929618,34.13307941926231
4865.41876669517,69.60140550169173,69.75645757592343,35.83104374023377,33.92541383568967
4866.538049888562,70.40047848610841,69.49030487049639,35.84306580273685,33.647239067759536
4867.660262814434,69.34945972668062,69.1539944473262,35.854894614030904,33.299099833295294
4868.780061661062,68.66539494103421,68.75146204817777,35.86646881113192,32.884993237045855
4869.902791589896,69.78039082132456,68.28357471930212,35.87783855057309,32.405736168729035
4871.023106327322,68.76209578543212,67.75575317537593,35.888944604859105,31.866808570516824
4872.143678791681,67.14193975049483,67.17052079939594,35.899809261235646,31.2707115381603
4873.267184363197,66.04864014717863,66.53018937676421,35.91045257915749,30.619736797606713
4874.388273074759,65.50661873518493,65.84200528566564,35.92081909418236,29.921186191483265
4875.5122962447585,65.05053968313918,65.10714119694426,35.93095364614608,29.176187550798176
4876.633901441359,64.05224198021813,64.33373770090707,35.940803052997936,28.392934647909126
4877.7584424483,61.97378347311542,63.522908777792786,35.95040948084957,27.572499296943214
4878.8805643678825,61.541198261487295,62.68340591723441,35.95972267020513,26.723683247029278
4880.002944430138,59.83086371334991,61.81827060579597,35.96876171631173,25.84950888948424
4881.128262330951,59.72365541580587,60.93030210089741,35.97754303492333,24.95275906597408
4882.2511594731695,60.21686468730963,60.02862888368969,35.986020273529405,24.042608610160286
4883.376995807406,55.083588313057426,59.113774579695516,35.99422923564568,23.119545344049836
4884.500410267805,54.50051880018521,58.194778919912295,36.00212622337756,22.192652696534733
4885.626765274308,53.847967408573545,57.27178616709334,36.00974455628372,21.262041610809618
4886.750697291216,54.10895031052263,56.353507616957714,36.0170445773578,20.33646303959991
4887.874887867209,52.796159693619416,55.441822761380834,36.024041881055545,19.417780880325292
4889.002021020792,50.189907870208124,54.538415394834544,36.030748881720314,18.507666513114227
4890.12672951085,51.1174326762557,53.65113523718867,36.03713034836894,17.61400488881973
4891.254381934143,50.580055343382924,52.77900966691196,36.04321345541505,16.73579621149691
4892.379608576868,50.34540383212516,51.92913793142931,36.04896619128624,15.88017174014307
4893.507780509099,50.25436912287091,51.100108922852336,36.054413922543056,15.045695000309282
4894.633525543205,49.52293562673162,50.298203237717246,36.05952942110704,14.238673816610207
4895.76221722371,48.72702294712212,49.521644187289205,36.06433564823787,13.457308539051333
4896.888480888019,49.362880757028904,48.7759199487905,36.06880825509333,12.707111693697176
4898.015003647805,49.76707253511279,48.06073913377289,36.07295762409787,11.987781509675022
4899.144475089693,48.16486972110141,47.375995611525084,36.07679089800806,11.299204713517023
4900.271516837979,47.88626083546177,46.72646329403862,36.080288285198435,10.64617500884019
4901.401508626824,48.561472284946205,46.11076456934838,36.08346511917994,10.027299450168444
4902.5290696027105,47.93685709128965,45.53397562838058,36.08630511317447,9.447670515206113
4903.659581978237,46.351805094572285,44.99617304585733,36.08882090630703,8.907352139550303
4904.787662420929,47.64305632906627,44.50365004055267,36.09099991251659,8.412650128036088
4905.916002377046,47.16961577273935,44.0598630347683,36.09284807929747,7.967014955470829
4907.047295771789,46.0987520922032,43.669775140310286,36.09436863022423,7.575406510086056
4908.1761555535895,46.0558436700552,43.341807448205195,36.095555026504826,7.246252421700371
4909.307970134664,46.62402613006975,43.081023299055005,36.09641296678315,6.9846103322718545
4910.437349981629,46.5338924438882,42.894218172624285,36.096938560949724,6.7972796116745595
4911.569685989145,47.511533856665274,42.78355256415751,36.09713608233053,6.68641648182698
4912.699586140871,47.87530511213021,42.74844742350526,36.09700510437605,6.65144231912921
4913.829746224642,45.56168854846021,42.78180529793159,36.09654620599796,6.68525909193363
4914.962864511238,44.19502033797187,42.87055839122935,36.095758001097934,6.774800390131421
4916.093545259224,45.13150606502592,42.99438481971047,36.09464528597753,6.899739533732939
4917.227185572877,44.454725669892525,43.12922110152513,36.0932038001931,7.036017301332031
4918.358387224947,45.03007597017188,43.25080465301504,36.09144179860415,7.1593628544108885
4919.492549806157,44.645720147792645,43.3515070718305,36.089352092491524,7.262154979338975
4920.624272602292,43.20472874056236,43.46962892783479,36.086945557855124,7.382683369979665
4921.7562557497695,42.50197108818412,43.73908273361414,36.08421858202593,7.654864151588207
4922.891201871955,43.3520885986141,44.41578292002063,36.081164911905184,8.334618008115449
4924.0237065235315,44.01034646968611,45.77893611014106,36.07780112514952,9.701134984991544
4925.159175514857,42.893853366976494,47.87472761239144,36.07411375366807,11.800613858723365
4926.292201910791,44.41833957894232,50.19099056150953,36.0701232293042,14.12086733220533
4927.428194012143,43.830531850210264,51.73772917299057,36.065813515410284,15.671915657580287
4928.561742392799,43.1547555802922,51.591304493209776,36.06120796199933,15.530096531210445
4929.695551544771,44.25258719518297,49.61902320485967,36.05629948860201,13.562723716257661
4930.832328451032,43.70636100885009,46.57863189621861,36.05107833597323,10.527553560245378
4931.966659948342,44.144401668634714,43.57835316610735,36.04557270512605,7.532780460981302
4933.103960567185,41.89313948775606,41.33220436000611,36.03975985545918,5.292444504546928
4934.238814650478,41.32240637038649,39.981242797778755,36.033671036539175,3.947571761239578
4935.376639223176,41.854444805350965,39.28118280731601,36.027280881906165,3.253901925409841
4936.512016133209,41.27826968793045,38.94247848411573,36.02062373324994,2.9218547508657884
4937.647654235207,40.698965644615726,38.76707683005358,36.013689109250116,2.753387720803465
4938.786264878784,41.0884317471087,38.660000359054045,36.006464285221604,2.65353607383244
4939.922426168717,41.079663582281974,38.584216090291754,35.99898876125599,2.5852273290357695
4941.061561369679,40.868434188212184,38.52516519127223,35.9912319568476,2.533933234424633
4942.19824608858,41.08537902714602,38.47684381362362,35.983235863647266,2.493607949976349
4943.337906088589,41.427619865605436,38.43542908116904,35.974967389869505,2.4604616912995323
4944.4751144776,41.159052232119116,38.39879167244971,35.96647116270793,2.4323205097417757
4945.612584479908,41.74412103001828,38.36528432361935,35.957733237411475,2.407551086207876
4946.753031818808,39.970571420333556,38.33382419430591,35.94873757295265,2.3850866213532615
4947.891025853006,40.757872829681226,38.303906983772976,35.93953281140686,2.3643741723661145
4949.031998595456,42.24369573815495,38.274965825912936,35.93008097191546,2.344884853997477
4950.170516902966,41.63679618222602,38.246860732939616,35.92043314060089,2.3264275923387228
4951.312015291017,41.46043772587973,38.219267985307134,35.91054938876957,2.3087185965375636
4952.451058113372,42.626791921313156,38.19218460129549,35.9004830988718,2.2917015024236815
4953.59036297103,44.699794980259355,38.165444540139625,35.89021776427002,2.2752267758696068
4954.732649968031,47.08610303719639,38.138907603903,35.879735250754166,2.2591723531488332
4955.872479702898,49.26302857322753,38.11263825253503,35.86909256010381,2.2435456924312183
4957.015292950977,51.02920413836216,38.08646025799729,35.85824566073185,2.2282145972654313
4958.1556478048615,52.377520167459586,38.0604563003185,35.84725251082265,2.2132037894958514
4959.298987546463,52.37344539147415,38.0344673473784,35.83606662679986,2.1984007205785385
4960.439867761288,48.21876972819582,38.00858860273465,35.82474715963369,2.1838414431009623
4961.581010434108,44.69364919601731,37.982735459216116,35.81327399840142,2.1694614608146985
4962.725140056766,41.241085676050204,37.95682883118897,35.801626165953266,2.1552026652357075
4963.866808453474,37.85077343673181,37.930979371544105,35.78986669023212,2.1411126813119865
4965.011465176106,38.14892690245557,37.90505497817306,35.7779472672087,2.127107710964361
4966.153659538904,37.09809193380381,37.87917439111917,35.76593253306787,2.1132418580513024
4967.298843604345,37.11177986391547,37.85321418443907,35.75377295757032,2.099441226868752
4968.441564175545,37.95950137020441,37.82730570709391,35.74153416536143,2.0857715417324845
4969.584547628109,38.50913889264831,37.801408920472234,35.72919501733227,2.0722139031399602
4970.730522848767,38.168668721421284,37.77551169879784,35.71673365778729,2.058778041010558
4971.874032873266,37.59553735855974,37.74984109432691,35.704217761255734,2.0456233330711786
4973.020536044164,38.360030780873444,37.72448245972308,35.691596466771614,2.0328859929514658
4974.16457288319,37.56044900979632,37.69995362878092,35.67893863934265,2.0210149894382683
4975.311604247555,37.28485025845175,37.67687268236596,35.66619241554435,2.0106802668216095
4976.45616814381,37.60725962390836,37.656649465499186,35.65342664319784,2.0032228223013435
4977.600995345485,37.33112070699037,37.64143451693978,35.64061889144698,2.000815625492803
4978.74881914128,36.35577667891354,37.63482050997162,35.6277462935408,2.0070742164308175
4979.894173764305,35.504271772259706,37.642441394363395,35.61487832552537,2.0275630688380257
4981.04252636198,37.35321370307859,37.67265824307883,35.6019620624693,2.0706961806095294
4982.1884086493355,37.363416332498645,37.73698747749814,35.58906765938495,2.147919818113189
4983.337290292507,36.954392201815985,37.85124941190908,35.576142200715466,2.275107211193613
4984.48370048729,37.72779499406483,38.03410812653512,35.5632556428768,2.470852483658324
4985.63311141969,37.22029935175186,38.30857683576959,35.550354660104354,2.758222175665238
4986.780049765106,38.55258972172067,38.696287439624285,35.53750858543016,3.1587788541941233
4987.927251962181,39.27207681741862,39.21829573214431,35.524694886325285,3.693600845819028
4989.077456969945,40.107361067413194,39.890175801813754,35.51189180193883,4.378283999874927
4990.2251876825285,40.32864067904001,40.710809546272685,35.499168907116704,5.211640639155977
4991.3759225891945,40.21469936331101,41.66969510754654,35.48647395963812,6.183221147908422
4992.5241820607735,41.811626037240046,42.72820611301921,35.4738756992588,7.254330413760417
4993.675447110465,42.27691704159611,43.83716696490239,35.46132225084235,8.375844714060038
4994.824235584638,43.420817383442056,44.92200536056018,35.44888173410107,9.473123626459103
4995.973288336089,45.44453313550179,45.91604405285523,35.43653271452772,10.479511338327509
4997.125348742071,46.51827022792645,46.79109693474538,35.424254593668266,11.366842341077113
4998.27493086158,47.44446815422521,47.640230423113636,35.412114131196844,12.228116291916793
4999.427522021245,51.11761646703172,48.83623438509463,35.40006123412023,13.4361731509744
5000.577633752692,52.22483037690324,51.10828195113632,35.38816105636535,15.720120894770975
5001.730755910557,56.17218107942677,55.352284713787306,35.37636456813071,19.975920145656595
5002.881397497933,64.64334897751485,61.813739577531805,35.36473566485195,26.44900391267986
5004.032303788895,74.74340073105027,69.20322539179324,35.35325364573896,33.84997174605427
5005.1862225860405,82.89572749435763,74.62892625962228,35.34189884368071,39.287027415941566
5006.337659098984,85.54542566413944,75.13639389092921,35.330731690303665,39.805662200625555
5007.492109505973,76.02328831634395,69.95827010036147,35.31970582650377,34.6385642738577
5008.644076485171,63.86976463584091,61.1794574430663,35.3088814121888,25.870576030877494
5009.799058746916,53.237741687868834,52.092276356390144,35.29821436625505,16.79406199013509
5010.951556436757,44.88999601993129,45.145851090949506,35.28776292607483,9.858088164874676
5012.104319257177,39.1743808132091,40.9092543178262,35.277508725489554,5.6317455923366495
5013.2600994432605,36.602161662274575,38.741829089838085,35.26743487752793,3.474394212310149
5014.413393340965,36.091864331302766,37.75237533990143,35.25759592749002,2.4947794124114058
5015.569705994433,37.12942153706252,37.29942259653274,35.24795120788503,2.0514713886477107
5016.72353121409,38.268646420874575,37.06869529511342,35.23855237567399,1.8301429194394307
5017.8803765802495,38.33224251207952,36.93206411241935,35.2293601264124,1.702703986006944
5019.034733366637,37.46896827170759,36.843341338231646,35.22042385687658,1.6229174813550657
5020.189355711288,37.334184633707686,36.78245496075931,35.21172701338678,1.5707279473725304
5021.347000288921,38.844359820004115,36.73871793843338,35.203255275122736,1.5354626633106436
5022.502154567538,37.7383383088258,36.70570738170292,35.19505441266382,1.5106529690390993
5023.66033247148,39.16447852481327,36.67901762307476,35.18709037296537,1.491927250109393
5024.816018929126,39.33642600253506,36.65615021360059,35.17940596194846,1.4767442516521287
5025.974730405078,37.40001086908507,36.63543042510129,35.17196950105806,1.46346092404323
5027.130949286926,40.3088002406335,36.61606937787987,35.164821463669085,1.451247914210779
5028.28743415541,37.96937227968726,36.59753357567513,35.1579487321641,1.4395848435110254
5029.446946132047,39.98219506624139,36.579529294709104,35.1513400962031,1.4281891985060007
5030.60396379256,39.113752270631615,36.56201693425706,35.14503072760024,1.4169862066568157
5031.764009955816,37.781547071998034,36.544853629766045,35.13899388857183,1.4058597411942106
5032.921560653816,38.63583797785424,36.52809546195884,35.13326170598131,1.3948337559775288
5034.082141249789,36.43941044740657,36.51165276026252,35.12781012442007,1.3838426358424496
5035.240225230848,37.239908931012884,36.49560139834808,35.12266818984405,1.3729332085040276
5036.398575627605,36.71070804632208,36.47990213346423,35.117825107153266,1.3620770263109667
5037.55995801555,36.08175135591978,36.46452025576309,35.11327269667999,1.3512475590830966
5038.718842063787,35.47265751743325,36.44953100138368,35.10903486093529,1.3404961404483933
5039.880759500048,34.572040129265254,36.43486495988066,35.105093520095664,1.3297714397849962
5041.040177445616,34.701592454201354,36.42059405331199,35.10146945512179,1.3191245981901973
5042.202630176688,36.2692201888116,36.40665205270943,35.09814715883489,1.3085048938745452
5043.362582265554,35.999751532252596,36.39310677433917,35.09514377292014,1.2979630014190264
5044.522801199872,36.407502575608675,36.37992583501186,35.092452158366584,1.287473676645275
5045.686057016293,36.60586213265518,36.36708047299792,35.090068299043836,1.2770121739540827
5046.846810462925,35.722776591438794,36.354632965700226,35.08800456004644,1.2666284056537835
5048.010602190747,35.7801955194887,36.3425246110176,35.086251712513096,1.2562728985045089
5049.171890395942,34.93217815487739,36.3308131979925,35.08481814723923,1.2459950507532682
5050.336218282061,34.85239950997894,36.31944249916142,35.083696613816585,1.2357458853448353
5051.498041492181,36.09963061226509,36.30846611048947,35.08289182569794,1.2255742847915256
5052.660131978204,36.47294553997754,36.29785622374158,35.08240036854053,1.2154558552010468
5053.825264245128,35.57009800763709,36.28758817245875,35.08222146648935,1.205366705969399
5054.987890105687,35.94732857541914,36.27770990696199,35.08235496313629,1.1953549438256952
5056.153559148494,35.19887426033961,36.26817400685045,35.08280116811325,1.1853728387372005
5057.316720630236,35.86065105236714,36.25902484577074,35.083556867119825,1.1754679786509128
5058.482926696219,35.306026524110486,36.25021651120142,35.084623376407414,1.1655931347940067
5059.646624045904,35.37248033774745,36.24178897481457,35.085993599388146,1.1557953754264199
5060.810589102634,36.65170672451766,36.233718776897206,35.08766761099794,1.146051165899267
5061.977600846971,35.289904486892006,36.225985475373946,35.08964799667771,1.1363374786962337
5063.142102141851,34.88287515853443,36.218622993284434,35.0919223917473,1.1267006015371293
5064.309651527944,34.10380174844008,36.21159311603895,35.094498553186504,1.1170945628524425
5065.474689308019,34.219081150672544,36.204926308936834,35.09736117977445,1.10756512916238
5066.6427765835615,34.624344294499565,36.19858758881408,35.10052075560729,1.09806683320679
5067.808351095989,34.467664899293034,36.19260373032073,35.10395881032704,1.0886449199936854
5068.976976508786,34.390838113565536,36.18694231393249,35.10768788685454,1.0792544270779516
5070.143088000839,33.90035880749096,36.18162619804736,35.11168612024121,1.0699400778061543
5071.309467755309,34.369527348950875,36.17663732929449,35.115957876930366,1.0606794523641287
5072.478900517874,34.860448201158086,36.17196092691893,35.12051028687742,1.05145064004151
5073.6458176229435,34.436539258968686,36.167614937006164,35.1253173549313,1.042297582074867
5074.815789142627,34.19004444941223,36.16357397961611,35.13039740068308,1.0331765789330318
5075.983243845854,35.43162958871307,36.159852575822,35.1357215253068,1.0241310505152033
5077.153754370863,33.40230821798471,36.1564280774579,35.141310274814224,1.0151178026436765
5078.321746919918,34.11294646022256,36.15331178656848,35.14713205228777,1.0061797342807077
5079.4900081641235,34.51461671851349,36.15049017245987,35.15319487626287,0.9972952961969958
5080.6613273412395,33.60914456423743,36.147952135976226,35.15950868835067,0.988443447625553
5081.830126802847,33.21940277558043,36.145703855089856,35.16603754757688,0.979666307512981
5083.001985606152,34.145291395451245,36.14372861107359,35.17280666744456,0.9709219436290266
5084.171323533117,33.67700370490568,36.142029804995275,35.179777849358075,0.9622519556371997
5085.343722211217,32.768839688166196,36.14059328474184,35.18697836936913,0.953614915372713
5086.513598851611,32.63032644222364,36.13942003258138,35.19436812844969,0.945051904131689
5087.683744620588,33.22386082257439,36.13850038003784,35.20195813722928,0.9365422428085588
5088.856953255234,34.12154428237884,36.137826726477485,35.20976096813506,0.9280657583424282
5090.027638109813,34.94964276130119,36.1373956935307,35.21773293672238,0.9196627568083244
5091.20138724112,34.36376931841921,36.13719825934297,35.225905192745216,0.9112930665977605
5092.372611429656,33.72983010490601,36.13722793906999,35.23423146075618,0.9029964783138104
5093.546901306631,33.92649295930071,36.13747784671148,35.24274452529825,0.8947333214132276
5094.718665077596,34.08314321694519,36.137940140117536,35.25139726769663,0.8865428724209043
5095.890698411276,33.54592501998824,36.13860849722195,35.26020317835973,0.8784053188622177
5097.065799551338,33.21872364624952,36.139478274912335,35.26917692468126,0.870301350231076
5098.23837284022,33.4684235876317,36.14053811628177,35.27826864114451,0.8622694751372602
5099.4140153488215,32.95497715860734,36.14178582119526,35.28751455112466,0.8542712700706017
5100.587128841661,33.37708405465136,36.14320808106395,35.29686334745453,0.8463447336094198
5101.763312968209,33.73043975235817,36.14480418301387,35.306352244300015,0.8384519387138532
5102.93696691388,33.31037024430686,36.146559176638625,35.31592880087208,0.8306303757665483
5104.110890857096,33.87568153378382,36.148469086129666,35.325607993534234,0.8228610925954294
5105.287887555382,33.818401569491385,36.15053110250019,35.33540546911579,0.8151256333843974
5106.462352324804,33.454758071029296,36.15272788154165,35.345267151315525,0.807460730226123
5107.63989126491,34.00249716923796,36.15506248181565,35.355232792059596,0.7998296897560491
5108.814897109694,33.893069934276106,36.15751628728066,35.36524754630475,0.7922687409759032
5109.992978541432,33.07553045957121,36.16009315676649,35.37535147584329,0.7847416809232025
5111.168525710852,34.230231871534755,36.16277287656302,35.38548863881296,0.7772842377500625
5112.344343313353,33.652360051462445,36.16555356447078,35.39567525384525,0.7698783106255307
5113.523238627591,33.60316688131491,36.168433878978504,35.40592759092929,0.7625062880492192
5114.699597928704,33.944737555847134,36.171392025494406,35.41618887386096,0.7552031516334474
5115.879036359454,33.92903465125201,36.174435204602794,35.42650128940224,0.7479339152005536
5117.05593760874,33.25203012102591,36.177541177167086,35.43680811158319,0.7407330655838942
5118.2359194062155,32.66234862291882,36.18071644544456,35.447150345857324,0.7335660995872388
5119.413362853349,33.99613845665784,36.18393825054321,35.457471238669484,0.7264670118737194
5120.5910771698,32.86792981265236,36.18720640984789,35.46778786828337,0.7194185415645211
5121.77187416265,32.13660614270851,36.19052115265577,35.478117243860055,0.7124039087957115
5122.950131051529,32.46432078580952,36.193859489264774,35.48840311389338,0.7054563753713932
5124.131472036994,32.512644311797345,36.197229817102766,35.49868718234055,0.6985426347622204
5125.310271748263,32.38809692348142,36.20060819862822,35.508912735081545,0.6916954635466707
5126.49215697696,33.70121477761998,36.20400337650483,35.51912134697979,0.684882029525044
5127.671499760697,32.00622451792939,36.20739176368,35.52925713668999,0.6781346269900071
5128.851113850691,32.59541740153438,36.210773722825905,35.53933690142223,0.6714368214036714
5130.033815589756,34.101405744299036,36.214149581637145,35.54937693187618,0.664772649760959
5131.213973127403,34.05370755521986,36.217495916410066,35.55932222749658,0.658173688913487
5132.397219736599,34.829434628380085,36.22082176110365,35.569213480817396,0.6516082802862548
5133.577920972263,33.56277773760894,36.22410333978086,35.57899581360985,0.64510752617101
5134.7617127026115,33.267217514907806,36.22734858743993,35.58870835487834,0.6386402325615828
5135.942957886775,33.235921531913,36.230535766916695,35.5982987364919,0.6322370304247953
5137.124474814842,34.03871964157048,36.23366499190523,35.6077826959682,0.62588229593703
5138.309084372672,35.08165160685338,36.23673556226341,35.6171746959818,0.6195608662816108
5139.4911456250275,33.80203074232,36.23972665545771,35.62642398350914,0.6133026719485647
5140.67630093192,33.80873238159197,36.24264575513212,35.6355680882414,0.607077666890725
5141.858906759334,34.7428736555763,36.245471602944015,35.64455628425323,0.6009153186907857
5143.044608066715,34.59132022993999,36.248210501769435,35.65342446664967,0.5947860351197672
5144.227758720072,33.8911490965316,36.25084289597879,35.662124071632306,0.5887188243464849
5145.411181555683,33.940653814457995,36.253369279263985,35.67067042343942,0.5826988558245649
5146.597702009785,34.44311986529058,36.255788358437,35.67907660987281,0.5767117485641913
5147.781670047735,34.48090680057022,36.25808225029519,35.68729642171459,0.5707858285805973
5148.968737131249,34.223707298986035,36.26025622959531,35.69536360598315,0.5648926236121636
5150.153250622713,34.92467411197353,36.26229352838859,35.703233519106846,0.5590600092817437
5151.340864587469,35.49178520624495,36.26419756241351,35.710937606890965,0.5532599555225447
5152.525923783737,35.25720765956777,36.26595344953183,35.718433558249174,0.5475198912826522
5153.711255601315,35.54898896460586,36.267559734187735,35.72573397394134,0.5418257602463987
5154.899690034161,34.85521688809428,36.26901369872105,35.73284975532329,0.5361639433977524
5156.085567933546,35.02861227851498,36.2703028191236,35.7397416120928,0.5305612070307985
5157.274549877572,34.793920422940516,36.27142640999008,35.74643579897169,0.5249906110183866
5158.460974110342,35.47922243429867,36.27237255169033,35.75289406717161,0.519478484518722
5159.650503817787,37.04910272659064,36.2731409613191,35.75914264410015,0.5139983172189504
5160.837474635639,36.19605128779711,36.27372266386538,35.76514665881566,0.508576005049716
5162.027552358855,35.77680435553603,36.27411467255686,35.770929208705965,0.5031854638509008
5163.215070013601,34.02836908298924,36.27430946626363,35.77645730598137,0.4978521602822603
5164.402860855222,34.88870939499762,36.27430230494335,35.78173930167567,0.4925630032676752
5165.593760748626,35.638322488506454,36.274086555931426,35.78678123366199,0.4873053222694373
5166.782098804925,34.21966838461543,36.273658099911614,35.79155415210167,0.4821039478099482
5167.973547345346,34.84001604610683,36.273008276974814,35.79607443245343,0.4769338445213841
5169.162432868424,34.7092937359868,36.27213322903786,35.80031380529914,0.47181942373872165
5170.354430308622,34.14650172495186,36.27102644264023,35.804290379585325,0.4667360630549018
5171.543863550696,34.14742740288475,36.269690219345065,35.8079824606218,0.4617077587232647
5172.733570420325,34.89238296916711,36.268117153612806,35.81139500824139,0.45672214537141526
5173.926391356955,35.703808038542924,36.26629770480079,35.81453044031316,0.4517672644876307
5175.116646323975,35.81762607997093,36.264235913872156,35.81736941614935,0.44686649772280584
5176.310016792646,35.928122439325,36.26191769434829,35.81992145652274,0.4419962378255488
5177.500820109564,36.53315494993166,36.25935037624918,35.8221709144668,0.4371794617823785
5178.694740363444,36.47934683822527,36.25651817344577,35.82412521184459,0.4323929616011827
5179.886092282886,35.41025382492152,36.253431016492,35.82577170266417,0.4276593138278333
5181.077718271273,34.88936611081926,36.2500788274705,35.827111971648264,0.4229668558222362
5182.272463349968,36.262924234057444,36.246448859457715,35.828144541777846,0.41830431767986576
5183.464638319882,34.944451792554084,36.242554437977525,35.82886075447697,0.41369368350055735
5184.659933817069,34.95839523667144,36.23837320484061,35.829260479174806,0.4091127256658072
5185.852658021427,35.660068075200975,36.23392192086464,35.82933888235347,0.40458303851116845
5187.048504190682,35.275447773412345,36.229177268801344,35.8290944892336,0.40008277956774413
5188.241777882515,34.73702372965662,36.22415765393415,35.82852449621414,0.39563315772000696
5189.435326085392,36.326506877156824,36.21884687897928,35.82762368969488,0.39122318928439365
5190.631998409991,35.003896901842076,36.213228366261724,35.82638609742127,0.38684226884045253
5191.82609647996,34.9401416747213,36.207325718621796,35.824814683170175,0.3825110354516231
5193.02332011093,34.86248783050173,36.20110699441601,35.822898403073914,0.3782085913420907
5194.217968301315,34.9850112789305,36.19459875608948,35.8206435551008,0.3739552009886798
5195.415743492645,35.545028497517706,36.187767188049826,35.81803685070605,0.36973033734377614
5196.610942056884,34.92419894557699,36.18064224540696,35.815088350734314,0.3655538946726439
5197.806415574982,34.91316701631391,36.17320562727484,35.81179008343733,0.36141554383751195
5199.005018254326,34.760385330369566,36.16543613382687,35.8081308145886,0.35730531923827336
5200.201042526508,34.859336491098254,36.15736844114525,35.80412587287639,0.35324256826886163
5201.400197401539,34.959959699618544,36.14896152411488,35.79975385188486,0.3492076722300227
5202.596772681535,34.5679474224724,36.140252835970095,35.79503321667935,0.34521961929074607
5203.79648000665,33.97290685429866,36.13119828814024,35.78993914130259,0.34125914683765085
5204.99360654831,34.01967936544495,36.12183897141839,35.78449408319267,0.3373448882257219
5206.191008487358,33.97114739382091,36.11215208239997,35.77868493842254,0.33346714397743243
5207.39154463531,33.668851911583886,36.10211196795046,35.77249540468763,0.32961656326282196
5208.589498216864,33.73948808605079,36.09176479206185,35.765953536356704,0.3258112557051472
5209.790587451252,34.34803279356018,36.081059534313596,35.759026704062435,0.32203283025116314
5210.9890929294515,34.86375643512645,36.07004616026126,35.75174710750467,0.31829905275659576
5212.190735505081,35.823621693700865,36.058670973200854,35.74407909972446,0.3145918734763983
5213.389793134187,34.91696162343346,36.0469867881438,35.73605806922174,0.31092871892205864
5214.589126604925,34.644993860590745,36.03496538286817,35.72766488880106,0.30730049406711596
5215.791599340367,34.97344142544492,36.02257557044229,35.71887713288149,0.30369843756080456
5216.991485343467,34.9811292591248,36.00987545325586,35.70973597786908,0.3001394753867791
5218.194512057527,35.40497320213731,35.99680396286513,35.70019757053042,0.2966063923347099
5219.39495084754,35.08102851129564,35.98342316908948,35.69030738299692,0.29311578609255734
5220.598531795439,34.48665362434724,35.96966899581044,35.680018227885455,0.28965076792498423
5221.799523627033,34.30160769180759,35.95560560608979,35.66937799445218,0.2862276116376136
5223.0007917452185,33.8103573610141,35.941199738372326,35.65836193710839,0.2828378012639397
5224.205204192064,33.16217884506117,35.92641602017751,35.64694288064082,0.2794731395366892
5225.407025733903,34.08792177712173,35.911325112405976,35.635175689520345,0.2761494228856285
5226.611993052991,34.660407630916275,35.89585537091754,35.62300481087791,0.2728505600396299
5227.814368273445,33.416491486651275,35.88008109323168,35.61048905868759,0.2695920345440878
5229.019890720407,33.493073965127714,35.86392737077519,35.59756930398734,0.26635806678784546
5230.222819874554,33.98778270040168,35.847471435472315,35.58430760365749,0.2631638318148238
5231.426025760973,33.95451208724012,35.83067569960897,35.570674332331606,0.26000136727736245
5232.632381048174,35.29518735102713,35.81349940511661,35.556636390499946,0.25686301461665945
5233.836141250974,34.08030342532059,35.7960250500318,35.54226155553746,0.2537634944943447
5235.043052305484,34.42914728361117,35.77817030269646,35.527482514871224,0.2506877878252337
5236.247367080038,35.6226083771567,35.76002155316185,35.51237123549366,0.24765031766819012
5237.454834157899,35.31950152588408,35.74149368790589,35.49685732603666,0.24463636186922552
5238.6597037597,34.1982029667868,35.72267630306347,35.48101625284475,0.24166005021872045
5239.86485054017,35.512728389307576,35.70352707089128,35.4648131222725,0.2387139486187776
5241.073151801726,35.441626013847845,35.68400052995968,35.448209617978705,0.23579091198097932
5242.278853792745,34.64000237207615,35.66419102262479,35.43128638417325,0.23290463845154644
5243.48771171812,34.373725399237294,35.64400560874516,35.41396447898633,0.2300411297588278
5244.693969175476,34.873409933569384,35.623542460238426,35.39632865870253,0.2272138015358962
5245.903384021125,35.31234040967206,35.60270659061803,35.378297652756146,0.22440893786188074
5247.110197200718,34.82674052456574,35.58159983619923,35.35996016007367,0.22163967612556465
5248.317288006098,34.626583404075724,35.56017517472257,35.341276089428796,0.2188990852937789
5249.527538381067,34.99187205411829,35.53838251333741,35.32220200458387,0.21618050875353997
5250.735185292608,34.482634882134995,35.51632803005003,35.30283135540547,0.21349667464455777
5251.94599322935,34.485864668820916,35.49390926125414,35.283074706527074,0.21083455472706153
5253.154196503252,35.299894187974,35.471235577262405,35.26302896779312,0.20820660946928513
5254.365562258636,34.41852776291867,35.44820155422245,35.24260147561624,0.20560007860620907
5255.574322151213,35.42321555733282,35.424920362147994,35.22189320302505,0.20302715912294658
5256.786245982227,35.238799444403675,35.401284470318785,35.20080911565291,0.2004753546658741
5257.995562749913,35.57964840393738,35.37740982774237,35.17945322484236,0.19795660290000594
5259.205157719333,35.45563669849301,35.35324341855128,35.1577788354747,0.19546458307657602
5260.417918813009,34.431316911308585,35.328730325047964,35.135737094575745,0.1929932304722175
5261.628071042258,35.18823680883969,35.30399142538579,35.113437323717,0.19055410166878822
5262.841390854395,34.592205563556185,35.278911275697844,35.090775933387604,0.188135342310242
5264.052100600202,33.27685980659609,35.25361261000569,35.06786435006035,0.18574825994534214
5265.265979388202,33.338582128426005,35.22797909954496,35.044597849455506,0.18338125008945313
5266.477246907414,33.23149262248109,35.20213764096545,35.02109226564126,0.1810453753241902
5267.688793077128,32.362440179419146,35.17603213714192,34.997297375521946,0.17873476161996818
5268.903510478382,33.778292594651305,35.14960351576443,34.97315973875757,0.1764437770068581
5270.115614806841,35.02434026364796,35.12298144465715,34.94879832034189,0.17418312431525865
5271.330891827825,34.22950119113253,35.09604309617348,34.92410128982851,0.17194180634496864
5272.543554572174,34.17128434215258,35.06892177797725,34.89919148698772,0.16973029098953668
5273.759391470706,34.829163424917915,35.041493081026985,34.8739552638354,0.1675378171915859
5274.972612888207,35.301815025718504,35.01389282831627,34.84851820645035,0.16537462186592167
5276.1861134057,35.860095197337216,34.98606156899439,34.82282631520697,0.16323525378741682
5277.402790270253,33.446639897971416,34.95793756406923,34.79682307390189,0.1611144901673403
5278.616849846859,34.887474410636806,34.92966007094267,34.77063784200776,0.15902222893490742
5279.834087233868,35.55136255523764,34.90109923049966,34.74415094806935,0.15694828243031128
5281.048706127145,34.1545167958671,34.8723960649942,34.717493737642,0.1549023273521976
5282.26650429484,33.69740896374581,34.84341861558963,34.69054421678573,0.152874398803896
5283.481682762466,35.67573511818126,34.814310025066106,34.66343606897209,0.1508739560940189
5284.697140780302,36.09106865172365,34.78500643235346,34.63611048491349,0.14889594743997825
5285.91578026897,36.82497435793551,34.755442039332735,34.608506503083774,0.14693553624895767
5287.1317982477385,36.05244793389915,34.725763033310926,34.58076117031708,0.14500186299384277
5288.350999163041,35.575692419551075,34.69583358268825,34.552748079485525,0.143085503202727
5289.567577360715,36.54268293272268,34.66580227277659,34.52460688337355,0.14119538940303747
5290.787339961302,35.82453168217725,34.63553166907966,34.4962093621922,0.1393223068874636
5292.004478635976,35.31704724661893,34.60517145661595,34.46769647266275,0.13747498395319968
5293.221897311802,36.0841944284303,34.57465500116503,34.43900625565314,0.13564874551188463
5294.4425025904975,35.82250550093918,34.54391470356729,34.41007558474287,0.1338391188244215
5295.660482130531,34.728405735342,34.51310296645126,34.38104843360636,0.13205453284490007
5296.8816497415,34.5206100908925,34.48207876292755,34.35179248162109,0.13028628130645928
5298.1001904041295,35.29134567553812,34.45099541940381,34.32245282134801,0.12854259805580098
5299.321920606439,34.866105370898026,34.419710266769755,34.292895292768875,0.12681497400087785
5300.541022650174,34.86994704638704,34.388378492293704,34.26326704082915,0.12511145146455693
5301.760405146732,35.11283552230182,34.35693185176726,34.2335041417967,0.12342770997055692
5302.982979386477,35.471731839500364,34.32530082935547,34.203541210373736,0.12175961898173421
5304.202923651974,35.439541557485654,34.29364179552213,34.1735268552426,0.12011494027953115
5305.42606113109,34.60531298377774,34.26180951039986,34.143323868121186,0.11848564227867042
5306.646567424332,36.29008716594271,34.22996155863478,34.11308225461123,0.11687930402354754
5307.870268402305,34.41121871754547,34.19795207313323,34.082663994188096,0.11528807894513582
5309.091336982217,34.13678546868298,34.16593949704793,34.052220130250504,0.11371936679742321
5310.312686467351,35.13119218639461,34.13385364947541,34.0216844691312,0.11216918034420796
5311.537232844279,34.81981475020107,34.101623805689265,33.99099009536103,0.11063371032823834
5312.759145004542,35.22769579191092,34.06940932402237,33.96028922997635,0.10912009404601677
5313.984255529404,36.07996948193275,34.03706217971641,33.9294412471132,0.10762093260320388
5315.2067306240215,34.8394422602695,34.00474262986217,33.898599437416465,0.10614319244570328
5316.432405556722,34.012332217105985,33.97230269570072,33.86762304771474,0.10467964798598135
5317.655443845035,34.52305540475394,33.93990290238492,33.836665804259574,0.10323709812534632
5318.878763491698,35.12767550679001,33.907471547986134,33.80565967974449,0.10181186824164562
5320.105285187068,34.66513239867055,33.87493644839571,33.77453599819897,0.10040045019673544
5321.329168416513,34.18324194934855,33.842457946308514,33.74344854852781,0.09900939778070617
5322.556255169847,36.13641118097846,33.80988695331549,33.712255048925684,0.09763190438980562
5323.7807022417155,35.43628935729047,33.77738451706949,33.68111015271535,0.09627436435414623
5325.008354313335,33.57063591395928,33.74480105408692,33.64987092095643,0.09493013313048801
5326.233365487389,33.7574838926443,33.71229716235801,33.6186917136062,0.09360544875181312
5327.4586584736535,33.83040624505682,33.67980052643545,33.587503597076875,0.09229692935857306
5328.687158673856,33.25848969439776,33.647238597461396,33.55623724890465,0.09100134855674558
5329.913016152019,34.13834320757729,33.614771629235,33.52504691337205,0.08972471586295185
5331.142082321681,34.32108951406576,33.582250134856956,33.49378935665956,0.08846077819739355
5332.368504551803,33.69836153788981,33.54983467964878,33.46261928314483,0.08721539650394992
5333.5981369516685,33.73846154732618,33.51737609779211,33.431393628802184,0.08598246898992898
5334.82512419393,34.35148447398788,33.48503417427541,33.40026646323096,0.0847677110444493
5336.052393702994,33.21362905559227,33.452736224303116,33.36916820978786,0.08356801451525839
5337.282875599561,33.71447909240644,33.42040998548629,33.338029569305554,0.08238041618072976
5338.510710511106,33.981641398861484,33.38821412129786,33.30700370254878,0.08121041874906973
5339.741759290098,32.9759315484246,33.355999377629594,33.27594709206818,0.08005228556141125
5340.970159864605,31.854377475321627,33.323923569470864,33.24501218833794,0.07891138113292383
5342.201775787187,32.249110752493245,33.29183810882812,33.21405599903068,0.07778210979744005
5343.430742285256,33.50717878651182,33.25990009291147,33.18323039216169,0.07666970074978466
5344.659991505453,33.214682490528,33.22803727799952,33.15246597669895,0.0755713013005735
5345.892458295062,33.475999353765225,33.196178141499864,33.12169394785623,0.07448419364363665
5347.122273829793,33.871669515624355,33.16447858035021,33.091065170984024,0.07341340936619005
5348.355308416267,33.220527933745814,33.13279128481146,33.060437592003375,0.07235369280808923
5349.585690526431,32.69121946421052,33.101270839471454,33.02996089223649,0.07130994723496654
5350.819293171355,32.56775913109423,33.069770918771844,32.99949387060488,0.07027704816696513
5352.0502421179735,33.107776775359106,33.03844538144844,32.96918560817244,0.06925977327600451
5353.284413083051,32.61369337699378,33.00714732455802,32.938894198010985,0.06825312654703111
5354.515929127265,32.62405290097874,32.976028796242666,32.908767033497824,0.06726176274483893
5355.747728480128,33.77279231947625,32.945018509410396,32.87873537725538,0.06628313215501104
5356.982752077394,33.043680862897425,32.914046000142676,32.84873119239787,0.06531480774480518
5358.215118919635,32.93835530013212,32.88326177297814,32.818900508042205,0.06436126493593074
5359.450711491686,33.44814160309256,32.85252179248509,32.789103975303895,0.06341781718119706
5360.683646084747,33.68197053856009,32.821975189054484,32.75948636552385,0.06248882353063632
5361.919807893712,31.964418840437503,32.79147889446963,32.72990917776129,0.061569716708332244
5363.153310499154,30.184969995112713,32.76118085452648,32.70051611259042,0.06066474193606033
5364.38709687025,32.45541589857624,32.731010920609556,32.67123935426611,0.05977156634344352
5365.624112686786,29.957952525112574,32.700899907939274,32.642011937133034,0.05888797080624219
5366.858467462678,31.124221549210777,32.67099323093486,32.6129751963859,0.058018034548961844
5368.096053171815,31.718419369435935,32.641149983178174,32.58399250579524,0.057157477382939324
5369.3309766143675,31.62784413712174,32.61151405466059,32.55520378377611,0.05631027088447746
5370.569132478653,32.33451518821866,32.58194576170491,32.52647351628494,0.05547224541997167
5371.80462484985,31.35367088496679,32.55258757569951,32.49794030837966,0.05464726731984728
5373.040401444444,31.997992035974224,32.52337064702611,32.469537442014484,0.053833205011625064
5374.2794126939025,32.50156307281387,32.49422760551262,32.44119957330014,0.053028032212480286
5375.515758610187,31.735157778159362,32.465298415011745,32.41306295315042,0.052235461861318964
5376.755340671541,32.54546441342257,32.43644592911825,32.38499433890102,0.05145159021722426
5377.992256171803,34.310259306386115,32.40780881178216,32.35712878097814,0.05068003080402663
5379.232409308025,31.315980327777027,32.379251034760195,32.32933405256941,0.04991698219078984
5380.469894654671,31.73239195111535,32.350908947971654,32.30174298722133,0.04916596075032572
5381.707664683196,32.62273722798455,32.32271527881806,32.27429025734351,0.04842502147455227
5382.948674584414,32.246201478989896,32.29460380795125,32.24691149129154,0.0476923166597037
5384.187014853004,31.78260045323285,32.266708518309365,32.21973729714206,0.046971221167306405
5385.428596486896,31.936744880540857,32.23889639728342,32.19263821785107,0.04625817943234867
5386.667507258261,31.287929820924635,32.21130015013281,32.165743675478396,0.04555647465441386
5387.909660888223,31.4000399529462,32.18378845968225,32.138925813885926,0.04486264579632447
5389.149142425193,32.04780606032856,32.15649277714726,32.112312890622476,0.04417988652478268
5390.388909103261,31.378029886842285,32.129347581684314,32.08584115722053,0.043506424463782445
5391.631920880269,31.328549823776086,32.10228839680889,32.0594478197912,0.042840577017683096
5392.872258718258,32.233649913798246,32.07544382045717,32.03325841294329,0.04218540751387995
5394.115843150203,30.238605522797716,32.0486854571066,32.00714777520749,0.04153768189910468
5395.356752411246,30.419354785610153,32.022140439779015,31.981240060654862,0.04090037912415366
5396.600909761948,31.25686021437346,31.995681581866783,31.955411229532604,0.040270352334180116
5397.8423907093,31.118369381940173,31.969434310249888,31.92978381214872,0.03965049810116824
5399.084157257712,30.99870813864527,31.94333488716487,31.904295683629748,0.03903920353512288
5400.32917413974,31.408702774279362,31.91732095958568,31.878886021133393,0.038434938452286
5401.571512769412,30.681767669450725,31.891515702471757,31.853675222902964,0.03784047956879443
5402.817103230127,30.80988552979349,31.865794974353168,31.828542085104132,0.0372528892490359
5404.060014204617,30.793422807234098,31.84027988278797,31.80360501612428,0.03667486666369089
5405.306178508266,30.81269618385605,31.81484703403552,31.778743479548357,0.03610355448716251
5406.549662091254,30.837086564644526,31.789616110516775,31.754074534301374,0.03554157621540128
5407.793431736004,30.693456314535442,31.764525378057865,31.72953791199121,0.03498746606665701
5409.040456957491,30.687140187622933,31.73951470714094,31.70507487281279,0.03443983432815187
5410.284799606327,31.167952547149014,31.714702115602396,31.68080092114571,0.033901194456685116
5411.532399331742,31.682409825441486,31.689967653424073,31.656598771756663,0.03336888166740896
5412.777315248647,31.668396899445383,31.665427305791816,31.63258196752824,0.032845338263577294
5414.025489742665,31.466883761644485,31.640962583591392,31.608634610281527,0.03232797330986364
5415.270979191742,32.00798173705622,31.61668868958057,31.584869529876485,0.03181915970408579
5416.516755164031,33.384070345491075,31.592545665614338,31.561228098471634,0.03131756714270406
5417.7657919646335,33.008029935051304,31.568474011615585,31.53765207643897,0.03082193517661339
5419.0121418653225,32.030155421777806,31.54458629952576,31.514251763687934,0.03033453583782894
5420.261754096587,31.893811803532657,31.520767368981325,31.490914413876062,0.029852955105262296
5421.508678190084,31.758221279199006,31.497128840537354,31.467749440711287,0.029379399826066174
5422.75886611711,31.384236187559367,31.47355602545208,31.44464450167025,0.0289115237818286
5424.0063646679455,32.522282120783785,31.45015988025015,31.42170840998513,0.028451470265021265
5425.254150204183,32.52097317184238,31.426881429742267,31.39888339619703,0.02799803354523623
5426.505201828784,31.668497760237106,31.40366287241898,31.37611280047949,0.02755007193949098
5427.753562219227,31.195868572945784,31.38061450740807,31.353504870978846,0.027109636429224985
5429.005190202719,31.155046848510892,31.357624797215962,31.330950254117006,0.026674543098955474
5430.254125712202,30.887386962150032,31.33480055869789,31.308553775390457,0.026246783307431493
5431.506330320111,30.24199220404853,31.312030541433508,31.286206306139995,0.025824235293512625
5432.755841213592,30.106419610522295,31.289421712340737,31.264012880030258,0.025408832310477525
5434.005639555411,31.237017534616033,31.26691888614997,31.241919403153652,0.024999482996317882
5435.258709254127,31.411307224056632,31.24446754924417,31.219872394623117,0.024595154621053314
5436.50908337745,30.823445702902323,31.222173290256006,31.19797559416712,0.02419769608888775
5437.762730364783,31.079880903820367,31.199928333228602,31.17612319892194,0.02380513430666399
5439.013680534871,32.07794550624499,31.177837337063906,31.154418073334938,0.023419263728968492
5440.267905076777,31.814945388461528,31.15579348507695,31.132755316925643,0.02303816815130486
5441.519431559016,31.360085631320093,31.13390013974006,31.111236550752135,0.022663588987924532
5442.771245953277,31.184742506943767,31.112102638606576,31.089808098891773,0.022294539714803645
5444.026336981468,30.997869873398546,31.09034701035127,31.068416922951663,0.021930087399606092
5445.278728086028,30.981902489394034,31.068734521234713,31.047162624731552,0.02157189650316004
5446.534397334061,31.68808268463792,31.047159931775912,31.0259417449859,0.02121818679001349
5447.78736541461,30.870594761004355,31.025724205509192,31.004853632436024,0.02087057307316838
5449.04361314887,31.078013858498114,31.0043235941279,30.98379626702151,0.020527327106388597
5450.297158471219,30.27888932301011,30.983058632294757,30.962868616933438,0.02019001536132018
5451.553984958215,29.754036659117848,30.961826425450365,30.941969465204554,0.019856960245811277
5452.808107788299,30.74714339329177,30.94072664775535,30.921196966587136,0.01952968116821456
5454.062519127691,30.42477661350276,30.91970727800564,30.900499964570848,0.01920731343479015
5455.320213898539,29.923579167294893,30.898717220430008,30.87982818044331,0.01888903998669796
5456.575203144642,30.35352182617999,30.877855551904858,30.85927923990571,0.01857631199914622
5457.833477334873,30.192669035547226,30.857021639854267,30.83875406702446,0.018267572829805234
5459.089044753927,29.73077367784569,30.83631334572267,30.818349116059217,0.01796422966345275
5460.347898630482,30.248554879563017,30.81563020162498,30.79796542956634,0.01766477205864181
5461.604044488849,31.286472942822034,30.795069181587092,30.777698617195455,0.01737056439163733
5462.860479321921,30.552636718488912,30.77457976208127,30.757498934674153,0.01708082740711672
5464.1202028829575,31.17617382234954,30.75411280972973,30.73731798449203,0.016794825237698454
5465.377216554961,30.73259702577502,30.733765712753996,30.71725185252476,0.016513860229235164
5466.637520470045,30.41371106397577,30.71344152353552,30.697204991361687,0.01623653217383014
5467.895113247652,31.26969867248377,30.693237097365163,30.677272993917285,0.01596410344787948
5469.155997784152,30.195450552047735,30.673055800238654,30.657360584319807,0.01569521591884513
5470.414169934154,30.291864503526966,30.65299313392527,30.63756204084063,0.015431093084639478
5471.672631525008,30.43192204025829,30.633000075432573,30.61782904181463,0.015171033617943863
5472.934387148879,29.874188758265777,30.613028100394427,30.598113724743257,0.014914375651169846
5474.19342851239,30.142778805261376,30.593171207510686,30.57850892113339,0.014662286377293141
5475.45576542648,31.19654321957484,30.57333382681262,30.558920318833913,0.014413507978706658
5476.71538682975,30.082204055106132,30.553609995082144,30.539440823694108,0.014169171388036044
5477.978305301857,30.106217888938858,30.533905542022655,30.519977484974504,0.013928057048151976
5479.238507012112,30.035131202935617,30.514314370872288,30.50062311023583,0.01369126063646085
5480.498998630112,30.19318230490953,30.494789508241343,30.48133135644479,0.013458151796550818
5481.762789594744,30.664307545728775,30.475284360481304,30.462056224476257,0.013228136005046756
5483.023861920636,30.88926073152507,30.45589148082821,30.442889222918694,0.013002257909517596
5484.288235113167,30.57375920962571,30.436517996672055,30.42373860756767,0.012779389104384581
5485.549888414481,30.725348496876848,30.41725614059529,30.40469559920333,0.012560541391960646
5486.814844103141,30.410057661964633,30.398014091622365,30.385669470516408,0.012344621105955036
5488.077078647533,30.09716058984253,30.37888373308805,30.36675112496027,0.01213260812777697
5489.339603567324,29.93889880088148,30.359819725199426,30.34789578856024,0.011923936639184908
5490.605433155929,29.997467541956983,30.34077738728261,30.329059313969836,0.011718073312774968
5491.868539720352,30.524785691869027,30.321847860111166,30.310331908259826,0.011515951851340318
5493.134952476047,30.23540263232292,30.302941187309447,30.291624626019562,0.011316561289885094
5494.398640953065,30.783067765950992,30.28414779414289,30.273026988518325,0.01112080562456565
5495.665637144518,31.042522066567816,30.26537841023739,30.254450704851912,0.01092770538547735
5496.929907802218,30.935168081213504,30.246722909782267,30.235984774071596,0.010738135710670034
5498.194469303721,30.92394115441977,30.228137070545703,30.217585481162715,0.010551589382989482
5499.462340804807,30.740038310852928,30.209577398546255,30.199209809944612,0.01036758860164257
5500.727484889196,31.418094034663827,30.19113302866717,30.180946061887795,0.010186966779376173
5501.995940498081,30.153579875378966,30.17271687335316,30.162708053984204,0.01000881936895503
5503.261667433749,30.11553070204087,30.154417879918483,30.144583926962675,0.009833952955809262
5504.5307074195325,30.0986645363146,30.13615016336818,30.12648867186404,0.00966149150413953
5505.797017475,29.28968029809838,30.11800226870907,30.1085100531595,0.009492215549570193
5507.06361884343,31.246747238990483,30.099932066407753,30.090606395401508,0.009325671006244584
5508.333535550812,29.54427534990529,30.081897775458494,30.072736345076994,0.00916143038150033
5509.600720441893,30.200567556214253,30.063985983625315,30.054985747058975,0.009000236566339744
5510.871222199299,30.675489645503976,30.0461119420142,30.03727066071417,0.00884128130002756
5512.138990881858,30.200890310747752,30.028361679889382,30.01967639660642,0.008685283282961418
5513.410077958823,30.003696256183336,30.010651563371336,30.00212010334469,0.008531460026645874
5514.678430701813,29.89556900475918,29.993066959655994,29.984686452903944,0.008380506752049483
5515.947075227686,30.832113006937337,29.975566386564203,29.967334369089947,0.008232017474257053
5517.219040440489,32.141198670758094,29.958108846019098,29.950023235805368,0.008085610213728577
5518.488269430293,32.105363952135946,29.94077802751601,29.932836081236623,0.00794194627938954
5519.760820636868,31.407413997496292,29.923492353406537,29.915692049004953,0.007800304401584465
5521.030634359865,31.06372972903984,29.90633612874061,29.898674804631725,0.007661324108885137
5522.303771830177,30.452289196132657,29.88922842712359,29.881704119730053,0.007524307393537919
5523.574170555754,31.16656290957423,29.87225127109829,29.864861398445164,0.0073898726531242236
5524.84486153489,31.004629787794613,29.85536481174496,29.848107154359383,0.0072576573855760275
5526.118878557563,30.659385539092913,29.83852997979063,29.831402659064366,0.007127320726260641
5527.39015494343,30.675673436279993,29.82182780610055,29.814828355531677,0.006999450568872835
5528.664758905143,30.526971009022933,29.80517961450347,29.798306210382272,0.006873404121199021
5529.936620967438,29.80597324280012,29.78866607939786,29.78191632970189,0.006749749695970409
5531.211812138591,30.312942167645218,29.772209765436955,29.7655818999707,0.006627865466254709
5532.4842601471355,30.763473876146467,29.755889475048413,29.749381174292722,0.006508300755690047
5533.757000880672,30.590150208955436,29.739666722950126,29.733275990637317,0.006390732312810524
5535.033073022996,30.548039707737477,29.723504328703708,29.717229472343135,0.006274856360572114
5536.306400107585,31.04308464565051,29.707479528248726,29.7013183334235,0.006161194825225167
5537.583060135739,30.958744851615453,29.69151647296271,29.685467297354833,0.006049175607877808
5538.856973841513,30.132659105825613,29.675692481033686,29.669753177976393,0.005939303057291609
5540.134222026337,30.930541932900013,29.6599327507416,29.65410172679924,0.005831023942360551
5541.408722623551,30.66612303997971,29.644313187966123,29.63858836239322,0.005724825572899963
5542.683516417952,30.415479489857237,29.628797484797772,29.623177064721702,0.005620420076069382
5543.961646995042,31.480672552547876,29.613350030620694,29.60783249353967,0.005517537081023273
5545.237028086341,31.019711838182932,29.598045554568813,29.59262891524198,0.005416639326830793
5546.515747497582,31.057478601304215,29.582812645409643,29.577495427106662,0.005317218302980342
5547.791716156345,30.817766119653104,29.56772516252178,29.56250544152887,0.005219720992908424
5549.071024673012,30.681489741935764,29.55271200501254,29.547588349171008,0.0051236558415317796
5550.347581169931,30.695740251130136,29.537845089006495,29.53281563444066,0.005029454565837795
5551.627479063426,30.792994709207026,29.523053707961935,29.51811706591013,0.004936642051807829
5552.9046236693175,31.24077852147167,29.508408529191673,29.503562893965917,0.0048456352257572844
5554.1820620806475,31.161965898822785,29.493874581427686,29.48911839487661,0.004756186551078285
5555.462844196972,30.853569459362266,29.47941834528067,29.47475028156556,0.004668063715111392
5556.740871123572,30.28487148863448,29.465109517263755,29.460527854933822,0.004581662329932974
5558.02224329561,29.976208328413637,29.45087990163647,29.446383355422263,0.004496546214206223
5559.300859008609,30.370706263737905,29.436797268359637,29.432384171037796,0.004413097321840103
5560.5828215082,30.792828849238422,29.422794501082738,29.4184636068641,0.004330894218635719
5561.862026278851,30.135505621503004,29.408938449471627,29.40468814384007,0.004250305631559633
5563.14152532888,30.289472982087773,29.39519580161132,29.39102468983659,0.004171111774727408
5564.424373477641,30.522555547696587,29.381534228433402,29.37744112193455,0.004093106498851798
5565.704461992275,30.212608093394525,29.36801844734425,29.364001807864184,0.004016639480067441
5566.98790114857,29.968282911535482,29.354583649138874,29.350642324958297,0.003941324180575832
5568.268579399377,30.51439478897109,29.34129382419226,29.3374263261171,0.0038674980751611
5569.552609835483,29.804442400116926,29.3280857375223,29.324290949687636,0.003794787834665883
5570.833878094152,30.118162048029266,29.31502229345794,29.31129877433524,0.0037235191227018827
5572.1154411069,30.14140261579215,29.302071442934672,29.29841794588677,0.0036534970479030725
5573.40035862082,30.4271389973799,29.289202365117003,29.28561782620101,0.0035845389159937296
5574.68251204904,31.27388327466463,29.276476016891507,29.272959063503727,0.003516953387779685
5575.968021523849,30.420529253495943,29.263831043387988,29.260380645020383,0.0034503983676050878
5577.250765639546,30.377688071875756,29.251327125420474,29.247941953788157,0.003385171632316479
5578.536867347962,30.149377342390693,29.238904147003336,29.23558320410345,0.0033209428998861594
5579.820202423264,30.39217168156654,29.226620904403283,29.223362904987624,0.0032579994156577683
5581.103832728115,30.635190155835094,29.214447269793066,29.211251101204578,0.003196168588488933
5582.39082294529,30.64721052085702,29.20235412807977,29.199218839358707,0.0031352887210612758
5583.675044618014,31.326342093112917,29.190398693311053,29.187323061405102,0.003075631905949403
5584.962627750972,29.618645615016707,29.178523278011088,29.17550638223503,0.003016895776055776
5586.247441064012,29.83826662695748,29.166783567764245,29.163824225034922,0.0029593427293217373
5587.535617385909,30.09000395633237,29.15512280198312,29.152220121033668,0.0029026809494489643
5588.821022611833,29.556459333544893,29.143596168582114,29.14074900512452,0.0028471634575963035
5590.106723543539,29.153735640318246,29.1321758549498,29.129383217339473,0.002792637610328064
5591.395789807452,29.18740745529576,29.12083502504433,29.118096064564277,0.0027389604800517257
5592.682083060969,29.81788378162662,29.109627654275787,29.106941282672217,0.0026863716035711643
5593.9717431970985,29.18950760111443,29.098499979277346,29.095865375199512,0.0026346040778332637
5595.258629045307,29.539346619216648,29.087503436145006,29.084919547328063,0.0025838888169447813
5596.54888332725,30.163464232967385,29.076583712214482,29.074049743887137,0.002533968327345496
5597.836362043159,29.63788761272568,29.06579163934633,29.063306574159718,0.002485065186611983
5599.124136941854,29.658440800726993,29.055100373598957,29.05266332902973,0.0024370445692262614
5600.415282601381,30.025968560345717,29.044484002086826,29.042094221784318,0.0023897803025065053
5601.703650777361,29.89616968680764,29.033991747753348,29.03164826477153,0.0023434829818165803
5602.995391267082,30.279407075074264,29.023572132572134,29.021274215255932,0.0022979173162015754
5604.28435299367,30.49088301774603,29.013273449253543,29.011020163010677,0.0022532862428663192
5605.576688587621,29.835162355923472,29.003045366001142,29.0008360031506,0.0022093628505444533
5606.866244138266,29.894286952028896,28.992935548948566,28.99076920627306,0.002166342675506203
5608.15609634947,30.816900958195248,28.982918604608383,28.980794497823254,0.0021241067851295982
5609.449324758888,30.600890762598002,28.97297012106256,28.97088757712063,0.002082543941929272
5610.739771204395,30.31506024427131,28.963136977385762,28.961095138335573,0.002041839050188075
5612.033595403528,30.18025195141121,28.953371933790145,28.951370148832762,0.00200178495738268
5613.324636357101,29.920123004165333,28.94372050288629,28.94175794311017,0.001962559776121688
5614.619056620429,30.055933180889838,28.934135291368964,28.932211327563092,0.0019239638058716683
5615.910692355957,29.614893593564773,28.924660466101564,28.922774297503167,0.0018861685983974027
5617.202625230589,29.526875742658376,28.91527164631129,28.91342257693445,0.0018490693768378334
5618.4979397495845,29.279430600308846,28.905945491216087,28.904132923018057,0.0018125681980291379
5619.790467817079,29.58406605291373,28.896725464981053,28.894948637787607,0.001776827193447034
5621.086379086862,30.489730963369514,28.88756635769741,28.88582469347591,0.0017416642214978743
5622.379502621424,30.029709375043016,28.878510550157532,28.876803314758412,0.0017072353991203972
5623.676010916913,30.296654270458138,28.869513739249832,28.867840374047503,0.0016733652023292222
5624.9697301928745,30.481946751599768,28.860617506293963,28.85897730235363,0.0016402039403343885
5626.263747087255,29.79679939345559,28.851799016838413,28.85019135741146,0.001607659426952198
5627.561151080939,29.52187753009099,28.843036335506635,28.841460689970553,0.0015756455360829327
5628.8557641282905,30.17007621820227,28.834370205300978,28.832825901058705,0.001544304242271527
5630.15376583538,29.81268833017765,28.825758329402174,28.82424485379866,0.0015134756035134348
5631.448975310348,30.48495240319298,28.817240610562024,28.815757314286333,0.001483296275691377
5632.747575006208,30.103938435046018,28.808775117139177,28.807321504954025,0.001453612185151779
5634.043381183567,29.39237451487529,28.800400805511405,28.798976250657297,0.0014245548541064153
5635.339485459434,29.4645594628328,28.792096197986528,28.790700154707306,0.0013960432792214505
5636.638982298343,29.999838891237832,28.783840749702325,28.782472747878714,0.0013680018236093597
5637.9356836888355,29.464983078158017,28.77567311346614,28.77433255882022,0.0013405546459203574
5639.235779205321,28.65685951869779,28.767553935387713,28.766240373907106,0.0013135614806071261
5640.5330779855285,29.41132513696374,28.75952165056432,28.75823450877455,0.0012871417897689689
5641.833772455403,29.961527479841266,28.75153772492033,28.750276564415874,0.0012611605044559563
5643.131668900544,29.601768242535798,28.7436397593459,28.742404026790474,0.0012357325554261235
5644.429863925057,29.371913222261984,28.735807927746816,28.73459714088899,0.0012107868578265862
5645.731456985162,29.91072053702624,28.728022673750388,28.726836416678086,0.001186257072301229
5647.030250087508,28.926534379542094,28.720320067074358,28.719157815441037,0.0011622516333222152
5648.332442790918,29.310695204390672,28.71266239830303,28.71152375061213,0.0011386476909022675
5649.631834246631,29.3544172369252,28.7050851878905,28.703969638352255,0.001115549538243289
5650.934626869602,29.3318289022821,28.6975512372982,28.696458398377565,0.0010928389206335538
5652.234616954342,30.024038757197506,28.69009541749685,28.689024801359537,0.0010706161373124465
5653.538009773257,29.56698247614753,28.682681334349798,28.681632566980777,0.0010487673690190973
5654.838598762813,28.785179100623992,28.675343877834106,28.674316488770557,0.0010273890635483177
5656.139486951156,29.40722346476719,28.668065075287423,28.667058654047676,0.0010064212397483034
5657.443780224468,29.548112542692454,28.660827223732973,28.659841415773382,0.0009858079595911433
5658.745267731383,29.15669646489292,28.653664208902672,28.652698568749756,0.0009656401529175547
5660.050161891989,29.405865206105375,28.64654127010865,28.645595455688248,0.0009458144204014144
5661.352248993581,30.011637362517973,28.639491757094387,28.638565338917793,0.0009264181765938992
5662.657744318307,30.271952341890795,28.63248169144123,28.63157433950392,0.0009073519373119615
5663.9604312908095,30.143816550740613,28.62554424889085,28.624655549162217,0.0008886997286341515
5665.263417944739,29.31194587820798,28.618661784235034,28.617791375165737,0.0008704090692974793
5666.569815176386,28.9288855566646,28.611817156229304,28.61096472518744,0.0008524310418651788
5667.87340211565,29.71603231279829,28.605042363823248,28.604207519003026,0.0008348448202207407
5669.180401203883,30.08095562263975,28.598304837760523,28.5974872776491,0.0008175601114204562
5670.484588705031,29.865319732647322,28.59163654185977,28.590835888860006,0.0008006529997644913
5671.792189927123,30.240243950325407,28.585005475867355,28.584221439224,0.0007840366433547868
5673.096978266834,30.41662033747912,28.578442941405562,28.577675157255985,0.0007677841495780018
5674.4020667713885,30.01413646880167,28.571932791605683,28.571180941947084,0.0007518496585973086
5675.710571355272,29.85919187921269,28.56545945441353,28.564723263966002,0.000736190447528811
5677.016261113481,30.74790993530883,28.559053731410184,28.558332856047123,0.0007208753630604105
5678.325368524806,30.473454272937065,28.55268510092616,28.551979275266746,0.0007058256594139423
5679.631659813667,30.84330631346717,28.54638381581306,28.545692708341356,0.00069110747170205
5680.941370330156,29.917760620288195,28.540119172061083,28.53944252696921,0.0006766450918709812
5682.248263426795,28.690100994297296,28.533920175994393,28.53325767395099,0.0006625020434011164
5683.555457172475,29.254177299413442,28.527771643284346,28.52712300498016,0.0006486383041862756
5684.866072507968,30.25518479560532,28.521659269788262,28.521024253178787,0.0006350166094763535
5686.173868477186,29.7045610787535,28.51561240660304,28.514990709856292,0.0006216967467475126
5687.485087612543,30.37068609157956,28.509601675498306,28.5089930653688,0.0006086101295064532
5688.793486082744,29.887462038455936,28.503655231517897,28.503059417349114,0.0005958141687843631
5690.105309296135,29.278825435558534,28.497744632460115,28.497161389511838,0.000583242948276118
5691.41431054489,30.370228855990433,28.49189870336453,28.491327751773447,0.0005709515910843404
5692.723612927663,30.84957537201021,28.486104043950707,28.485545138735954,0.0005589052147540006
5694.036342419625,30.694776470231492,28.480347422821882,28.479800351464732,0.0005470713571488997
5695.346247997384,29.95231552753097,28.474656118759746,28.474120616889667,0.0005355018700806282
5696.6595822632,29.859826181525055,28.469002649715627,28.468478512622767,0.0005241370928605174
5697.970091313839,29.882952440390657,28.4634136793071,28.46290065250959,0.000513026797508644
5699.284030632129,29.559772050215116,28.45786235384618,28.45736024017898,0.0005021136672029554
5700.595143433666,29.905428707487403,28.452375105428423,28.451883659955975,0.0004914454724475874
5701.906557854979,28.156054308902156,28.446938935885353,28.446457944035778,0.0004809918495732051
5703.221404913759,30.196609330477035,28.441541413049674,28.441070688493234,0.00047072455643814627
5704.533423503075,30.790618877224322,28.436208536376117,28.43574784787291,0.0004606885032066888
5705.848876311271,29.650882965400882,28.430914940647494,28.43046410878708,0.00045083186041205823
5707.161499346929,29.749107928429197,28.42568615399571,28.425244956275094,0.00044119772061664887
5708.47755818361,29.708714302021377,28.420497595404697,28.420065859095764,0.0004317363089316852
5709.790785944079,29.641090503200473,28.415373896660935,28.414951407691504,0.00042248896942906523
5711.104315810869,29.743110073348333,28.410302661171936,28.409889231866064,0.0004134293058737484
5712.421283852318,30.037899271330563,28.405272239776576,28.4048677069975,0.0004045327790749307
5713.735418861694,30.330503152158883,28.400307147380673,28.39991130914506,0.0003958382356130056
5715.052993629696,30.22564154903549,28.3953842159592,28.39499691525181,0.0003873007073930892
5716.367734060448,29.672933375821486,28.390527172803534,28.390148215348766,0.00037895745476577053
5717.685915834521,30.28000103306994,28.38571246151724,28.385341696209096,0.0003707653081436508
5719.001261965566,31.241372479467348,28.38096261100604,28.380599851003467,0.00036276000257452176
5720.31691069026,31.154789093154278,28.37626598689198,28.375911068271602,0.0003549186203774247
5721.636003135742,30.612803542775424,28.371611730400634,28.37126451053348,0.00034721986715601725
5722.952257979178,30.42066373455157,28.367022172877558,28.366682475577207,0.0003396973003506588
5724.271958129924,29.604901651131858,28.362475432197783,28.362143120242578,0.0003323119552054679
5725.5888193713445,28.905506025144238,28.35799327478216,28.357668178775366,0.00032509600679420374
5726.909127507324,30.576728999604086,28.35355457365885,28.353236561596308,0.0003180120625446895
5728.226595426094,30.199534293436873,28.34918091321252,28.348869822243728,0.00031109096879430094
5729.544366426627,28.902395030057452,28.344861831684955,28.344557518831373,0.00030431285358305124
5730.865586703021,29.79873143795473,28.3405873583858,28.340289699123858,0.0002976592619428662
5732.18396480003,30.54089428098195,28.33637835904614,28.33608719990196,0.0002911591441795466
5733.505793761979,30.378160996921366,28.332214705560837,28.331929926779925,0.00028477878091233574
5734.824779235151,30.332650366347025,28.328115683782986,28.327837137863554,0.0002785459194321007
5736.147217163077,29.895835725519504,28.324061076683797,28.323788648470988,0.00027242821280904584
5737.4668102922315,29.9174961408788,28.320069817577625,28.31980336532517,0.0002664522524535949
5738.786706992051,30.508222108517916,28.316132274742216,28.315871673912724,0.000260600829491018
5740.110058531766,29.700667852193167,28.312240072647995,28.311985214677737,0.0002548579702579149
5741.43056330737,30.820422120501693,28.30841191673473,28.30816266811712,0.0002492486176109094
5742.754524514513,29.564734401167673,28.304628736434278,28.304384992805296,0.00024374362898319258
5744.075637646041,29.580435064411862,28.300907782177678,28.300669415275916,0.00023836690176324348
5745.400208801484,30.680073208149853,28.297230935862093,28.29699784537226,0.00023309048983254918
5746.721930569206,30.46333009079945,28.293615904033864,28.29338796674739,0.00022793728647450994
5748.043956397282,30.170712761865563,28.29005419301451,28.289831300606366,0.0002228924081446492
5749.369442638264,29.25405626646338,28.286537686207254,28.286319744160686,0.0002179420465689171
5750.692077523015,31.21632090015538,28.283083031262528,28.282869923598874,0.00021310766365571714
5752.0181744148795,31.17523917901295,28.279673626157674,28.279465262052845,0.00020836410482844245
5753.341418636894,29.768791472270806,28.276325598526267,28.276121866601557,0.0002037319247101808
5754.668126460968,30.048953614102917,28.273022851673584,28.27282366466327,0.00019918701031249712
5755.991980300968,29.9546106708803,28.26978099913243,28.26958625008721,0.00019474904521683774
5757.319299338708,30.38190405296959,28.266584532572505,28.266394137655183,0.00019039491732046772
5758.643763077544,29.687401296055782,28.26344883168865,28.263262688214596,0.0001861434740541839
5759.968531507522,29.92625982300368,28.260366152880692,28.26018417049135,0.0001819823893420884
5761.296767529188,29.885583786379048,28.25732909403473,28.257151193799764,0.00017790023496785538
5762.622146279355,29.11907090688004,28.254352008995472,28.254178094328303,0.0001739146671705433
5763.950994218725,31.32646088471205,28.251420568141224,28.25125056323415,0.00017000490707183327
5765.276983570253,30.192413521541543,28.24854858738211,28.24838239952576,0.00016618785635166708
5766.60644370924,29.79516096592789,28.24572225350493,28.245559809898992,0.0001624436059388871
5767.933043943434,30.328237146371606,28.2429545971749,28.242795808841432,0.00015878833346762687
5769.259949360268,30.635378429312965,28.24023809069546,28.24008287928583,0.00015521140963113716
5770.59032796237,30.013477511629105,28.23756613080138,28.237414427817104,0.00015170298427707278
5771.9178446839005,28.968301954068213,28.234951352804288,28.234803074600222,0.00014827820406484166
5773.248836190794,30.203335624609196,28.232381243613027,28.232236324426815,0.00014491918621284516
5774.576964498648,30.397530751633184,28.22986779339238,28.229726152967743,0.0001416404246361428
5775.908569192697,30.348077584778114,28.227398489862537,28.22726006507112,0.0001384247914173555
5777.237309368633,29.77978529856813,28.224984297791103,28.22484901163673,0.00013528615437186667
5778.566355219502,28.739368129025422,28.222618661505233,28.222486446146103,0.00013221535913199902
5779.8988798582395,29.813309184384455,28.220295656646865,28.220166452720317,0.00012920392654933597
5781.228537999901,30.586667149614755,28.218026013937003,28.21789974910363,0.00012626483337156426
5782.561676532108,29.619244055714233,28.21579844726821,28.215675064559193,0.00012338270901595728
5783.891947246645,29.75355925137038,28.21362325675058,28.213502686784235,0.00012056996634634987
5785.225699955143,30.24425596848488,28.211490369361663,28.211372557472664,0.00011781188899882878
5786.556583524767,29.692984501215136,28.209410092419596,28.20929497207041,0.00011512034918537617
5787.887773262408,30.398046262346416,28.20737692095299,28.207264433480084,0.00011248747290597936
5789.222447399558,30.108759580890165,28.205384758717297,28.205274852746786,0.00010990597051096906
5790.55425041568,30.369724552031844,28.203442276041788,28.203334889096652,0.00010738694513390661
5791.889539436574,29.94992400609178,28.201540267954062,28.201435350751645,0.00010491720241686028
5793.221956013714,29.555092109479375,28.199688240939405,28.199585733580356,0.0001025073590482292
5794.557860201626,30.198229827197313,28.197877372462564,28.197777227675672,0.00010014478689209339
5795.890890622451,30.3672792381704,28.196115645714723,28.196017806078306,9.783963641786708e-05
5797.224227705173,31.050826271752644,28.194397876643748,28.19430229150017,9.558514358114053e-05
5798.561054808098,30.639332172348333,28.19271936548852,28.19262599043916,9.337504935931876e-05
5799.895006158581,30.32671751044305,28.191087526282953,28.1909963074416,9.121884135108547e-05
5801.232449137118,30.675991708111642,28.18949407250875,28.18940496730093,8.910520782153846e-05
5802.567015038357,30.98314195645671,28.18794587795366,28.18785883473635,8.704321730899488e-05
5803.90507417624,30.750321628906363,28.18643440790496,28.186349385857486,8.502204747504987e-05
5805.240254911357,31.100510297753207,28.18496586820147,28.18488281783609,8.305036538062555e-05
5806.575742803047,31.009946272193645,28.18353598071266,28.183454858344756,8.112236790250441e-05
5807.914726344699,30.987275007566243,28.18214138578666,28.182062153098876,7.92326877866782e-05
5809.250829495028,31.468804599388992,28.180788450376532,28.180711060954977,7.738942155383217e-05
5810.590429905763,31.725342902449686,28.179470305168753,28.179394722284858,7.55828838931997e-05
5811.92714859818,30.6531769970249,28.1781929381449,28.178119117334084,7.382081081409586e-05
5813.267366162188,30.578403288746618,28.176950264760453,28.176878170821027,7.209393942759832e-05
5814.604700680273,31.688268716764867,28.17574822863979,28.175677818979295,7.040966049441049e-05
5815.942342850406,32.70041572706433,28.174583115363255,28.17451435236159,6.876300166380856e-05
5817.283486309341,32.059420740832685,28.173451557831807,28.173384408465548,6.714936626026302e-05
5818.621744730588,30.4865684172114,28.172358435987793,28.17229286033314,6.557565465190649e-05
5819.963506053679,31.231573293214158,28.171298261820315,28.171234228235598,6.403358471651993e-05
5821.302381009947,31.689553010846087,28.17027603849689,28.170213508749782,6.252974710753556e-05
5822.644760481842,31.892027688194705,28.169286867247614,28.169225811023793,6.105622382250723e-05
5823.984252257167,31.2675985266651,28.16833453062427,28.16827491131524,5.9619309029234995e-05
5825.324052180815,31.23698615570305,28.167416855051602,28.167358640303945,5.8214747658475545e-05
5826.667359041201,32.30489349436639,28.166533529236787,28.16647669062879,5.6838607996242545e-05
5828.007776210037,31.68219913845434,28.165685866333618,28.16563036957033,5.5496763287470425e-05
5829.351701931258,31.792968942621517,28.1648661501643,28.164811968023933,5.41821403673092e-05
5830.692736629648,32.19070563003542,28.164077185920675,28.164024285573902,5.290034677190235e-05
5832.037281496811,32.51642098810948,28.16331528656617,28.163263641943395,5.164462277705958e-05
5833.378934009252,32.41058663868373,28.162584260935812,28.162533840614152,5.0420321659572555e-05
5834.72089516709,31.947315091512966,28.16188158069648,28.161832356889672,4.922380680938502e-05
5836.066368918714,31.851212687812595,28.161205186612246,28.161157134892683,4.8051719561834824e-05
5837.408948317422,31.62330988419626,28.160558109407898,28.1605112003555,4.690905239653062e-05
5838.755041928167,32.56872515334379,28.159937281429464,28.15989149165711,4.578977235513779e-05
5840.098239852567,32.85331620460781,28.15934547465055,28.159300776006276,4.4698644275262485e-05
5841.444953607999,32.1490299508973,28.158779356462873,28.158735726558223,4.362990465008897e-05
5842.788770343045,31.877875798441124,28.158240676204823,28.158198088104253,4.258810056998892e-05
5844.1328962213665,32.66465273167186,28.157726988765813,28.157685418637854,4.15701279589218e-05
5845.4805403596465,32.65467647869542,28.157236203651216,28.157195630529884,4.0573121330737164e-05
5846.825285476122,31.96418349859016,28.156770332655544,28.1567307313366,3.960131894082365e-05
5848.173550473418,32.62047570489913,28.15632683162683,28.156288182045195,3.8649581635587284e-05
5849.518915113332,33.425353788216945,28.155907333418956,28.155869611466045,3.7721952909442814e-05
5850.867801255672,32.94115698879097,28.155509656024076,28.155472842499144,3.681352493293777e-05
5852.213785704437,33.13637865453956,28.155135839033164,28.155099910878185,3.592815497814761e-05
5853.5632932779845,32.21075675542906,28.154784440480583,28.154749379323967,3.506115661633304e-05
5854.909897821147,32.79716588118263,28.154456555446515,28.154422339237435,3.421620908147193e-05
5856.256812148915,33.4480295355462,28.154150617061724,28.15411722627692,3.3390784802938006e-05
5857.607252035431,33.33611664240621,28.15386577180654,28.153833189254655,3.258255188501221e-05
5858.954786885991,33.125097935323566,28.153602779695,28.153570984757796,3.179493720538463e-05
5860.305848919522,33.44949313770159,28.153359464221932,28.15332844045502,3.102376691013663e-05
5861.65400457875,34.555364478367785,28.153135990725893,28.15310571841706,3.0272308833800375e-05
5863.005689045918,35.10882126279143,28.15293142212331,28.15290188554444,2.9536578866638247e-05
5864.354465799819,35.718251303917015,28.15274742659934,28.15271860690649,2.881969284929447e-05
5865.703552838039,35.064245275553674,28.152583578770415,28.152555459270793,2.811949962268379e-05
5867.0561711220935,33.488647297046725,28.152439454942588,28.15241202092711,2.743401547923554e-05
5868.405879684073,35.184543062511864,28.152315499832365,28.152288733691442,2.6766140924166245e-05
5869.759121118729,34.71990653262652,28.152210624532785,28.152184512201945,2.6112330841438982e-05
5871.109451490803,35.62851881955141,28.152124969012583,28.15209949366249,2.5475350091495913e-05
5872.463316363146,37.31242784025853,28.15205799475163,28.152033142935675,2.485181595407445e-05
5873.814268831782,37.5610519331957,28.152010030082636,28.151985785718928,2.424436370773381e-05
5875.165532085258,36.53375339062919,28.151980637769324,28.151956986604443,2.3651164881092047e-05
5876.520332280828,36.91843196754193,28.151969381734464,28.151946311200355,2.30705341090877e-05
5877.872218060645,35.233720543202914,28.15197706083323,28.151954555910052,2.250492317611689e-05
5879.227642412023,37.03680443405376,28.152004419857366,28.151982468532534,2.1951324833171216e-05
5880.580151004977,36.25939634769822,28.15205125906013,28.152029846984796,2.1412075334066792e-05
5881.936199799711,34.928374582354145,28.152117385418656,28.152096501112425,2.088430623280689e-05
5883.289331492733,36.61189584935088,28.15220199204772,28.15218162180426,2.037024345963606e-05
5884.642774471922,34.571109968630516,28.15230498794,28.152285119605196,1.9868334804633257e-05
5885.999760098655,33.61322158157378,28.15242809958816,28.152408722437965,1.937715019433319e-05
5887.353826608384,33.656221899109795,28.152572106580433,28.152553207821022,1.8898759411441776e-05
5888.711437397752,33.04068193535699,28.152736851219363,28.152718420604643,1.8430614720560636e-05
5890.066127725279,32.68325370301568,28.15292108623454,28.152903111546898,1.7974687639802166e-05
5891.424363965294,33.117369757327,28.1531256620022,28.153108133453287,1.7528548912858857e-05
5892.779678398013,31.867249553695842,28.153349433414558,28.1533323393383,1.709407625868302e-05
5894.135304619036,31.988531293711024,28.153592937106787,28.15357626715312,1.6669953666095105e-05
5895.494479202255,32.140559885743876,28.15385720128083,28.153840946311604,1.625496922355774e-05
5896.850729959636,32.595914981440195,28.15414156870803,28.154125717840078,1.5850867954973196e-05
5898.210530713942,32.85210811645811,28.15444711614065,28.154431660646473,1.5455494174474318e-05
5899.567406295403,32.15331317251895,28.154771514175806,28.154756443666365,1.5070509441042941e-05
5900.927833509271,31.7155526816002,28.155117197271288,28.155102503412223,1.4693859064833114e-05
5902.28533420267,33.715868729981224,28.15548336932901,28.155469042204043,1.432712496386113e-05
5903.643147187319,33.095003316425675,28.155870945747246,28.155856976554443,1.3969192803472755e-05
5905.004514258036,33.02533092285743,28.156280970122808,28.15626735108595,1.36190368567938e-05
5906.362952786483,33.62679520278818,28.156712169396943,28.156698891270512,1.3278126430694367e-05
5907.724947038363,33.15805700070627,28.157168198106216,28.157155253466332,1.2944639883451166e-05
5909.084011398797,33.27350002155641,28.15764769823935,28.157635078263628,1.2619975724398353e-05
5910.446633120784,31.642713259171988,28.158153298522194,28.158140996123905,1.2302398290019743e-05
5911.806323601524,32.18713739935951,28.15868274956088,28.15867075632232,1.1993238562094485e-05
5913.166326877272,32.12944502649649,28.159237029233644,28.159225337679466,1.169155417718283e-05
5914.529889972192,31.00404031250079,28.159817518827108,28.159806122349014,1.1396478092666595e-05
5915.890519800804,30.92712163138529,28.160422299564253,28.1604111903184,1.1109245853757584e-05
5917.254711088595,31.82903003768729,28.16105536769866,28.161044539378597,1.0828320061390999e-05
5918.615967758725,31.452476357885217,28.161714707235273,28.161704152358983,1.0554876290160427e-05
5919.980787528795,31.69619637499395,28.162403871682653,28.162393584232415,1.0287450237612497e-05
5921.342671329227,32.10099331782815,28.163120061434377,28.163110034274077,1.0027160300001921e-05
5922.7048684292395,31.705536084307088,28.16386555931164,28.163855786101077,9.773210561802304e-06
5924.070631090773,31.118192315216934,28.16464305005317,28.16463352518412,9.524869048871685e-06
5925.433455754342,31.98973938186072,28.16544975429241,28.165440471119023,9.283173386897946e-06
5926.799847622086,31.138628952970038,28.166290406321167,28.166281359493443,9.04682772377316e-06
5928.1633001383325,30.805541791696815,28.16716119669985,28.167152379880896,8.81681895547749e-06
5929.530321502163,30.9520028680268,28.168066628702057,28.168058036788764,8.59191329367675e-06
5930.8944021603365,30.96656492500003,28.169003233737364,28.168994860688077,8.373049285771488e-06
5932.258796623473,30.945225022823312,28.16997415610523,28.169965996549664,8.15955556740145e-06
5933.626762399747,31.303666345783654,28.17098288760353,28.170974936788543,7.95081498439371e-06
5934.991785438767,30.759345307738784,28.17202560213479,28.17201785443697,7.747697820355527e-06
5936.360381436225,30.28210790294139,28.173108180093568,28.173100630980347,7.549113221910813e-06
5937.726033340711,31.09163454808197,28.174226298234608,28.174218942345988,7.355888619662884e-06
5939.095259849697,31.617758057949885,28.17538608664604,28.17537891966025,7.166985789797413e-06
5940.4615409093685,30.64344729265045,28.17658309040691,28.176576107215574,6.983191337892084e-06
5941.828136280201,30.752484532550994,28.177820996881103,28.177814192941405,6.803939697056247e-06
5943.1983087250655,31.59995276618517,28.17910329999378,28.17909667128258,6.628711202376316e-06
5944.565533685737,30.335981013824664,28.180424933888983,28.180418475654136,6.458234847739747e-06
5945.936337368397,30.05846590743744,28.18179339582096,28.181787104227414,6.291593545488834e-06
5947.304192208961,31.095254329829203,28.1832021968128,28.18319606733266,6.129480142487384e-06
5948.675627420227,31.13378091091477,28.18465853155909,28.18465256053696,5.97102212880767e-06
5950.044112430867,29.904951299739935,28.186156646800384,28.186150829922454,5.816877929758504e-06
5951.412912259686,29.07713074833254,28.187701609608983,28.187695943037234,5.6665717482313566e-06
5952.785294932722,30.129507766422137,28.189298677835538,28.18929315816893,5.519666609571695e-06
5954.154725366972,30.1358530308967,28.19094116657403,28.19093578980164,5.3767723909022814e-06
5955.527740296055,29.9532613776222,28.19263743303914,28.19263219592,5.237119136146746e-06
5956.897801626257,30.839491534189282,28.194380110220415,28.194375008934134,5.101286279956906e-06
5958.271449102666,29.676669707816927,28.19617858125799,28.1961736127164,4.968541590354217e-06
5959.642141619475,30.685403140654444,28.198024951999514,28.198020112563988,4.839435527049297e-06
5961.016421934625,29.41217012626325,28.19992829251104,28.19992357923922,4.713271821689688e-06
5962.387745928825,29.36517796272611,28.201879559021418,28.201874968448056,4.590573360353967e-06
5963.759385394309,30.517956295594217,28.203884613819433,28.20388014285943,4.470960002696065e-06
5965.134615136781,30.317090908211245,28.205950368457188,28.205946014374316,4.354082871462855e-06
5966.5068865159155,30.07725739361007,28.208068547366285,28.208064306940287,4.24042599751871e-06
5967.882749826077,29.791863938714158,28.2102499372286,28.210245807852765,4.129375833660434e-06
5969.255653409986,29.51150455800047,28.212484453234946,28.212480431842877,4.02139207051221e-06
5970.632150579722,30.21062898052591,28.21478340105364,28.214779485162047,3.9158915935968825e-06
5972.0056866596615,31.39089748251465,28.217136556997662,28.217132743686715,3.8133109473012964e-06
5973.379538719771,31.487786600390425,28.219549981308457,28.219546267976867,3.713331592255837e-06
5974.7569868483515,30.23509332589498,28.22203004953095,28.22202643386954,3.615661409459242e-06
5976.131471841454,30.428035537750734,28.224565723521405,28.224562202817044,3.520704361145583e-06
5977.509554559733,30.346331572405916,28.22717027502131,28.227166847073928,3.4279473853297623e-06
5978.884672777421,30.538670860862283,28.22983250175041,28.229829163976348,3.337774059210515e-06
5980.263390377756,30.322138430499027,28.232566022721286,28.232562773024156,3.2496971302850308e-06
5981.639142111754,29.42498617086429,28.235358373775455,28.235355209694642,3.164080813973749e-06
5983.01521033563,30.179832818787848,28.238216388160538,28.238213307501518,3.0806590188595692e-06
5984.394880428804,30.230207180873947,28.24114746693311,28.241144467745073,2.9991880367264436e-06
5985.771582606659,30.289932459027828,28.244137956674468,28.24413503666959,2.9200048781141027e-06
5987.151888313189,30.122839747414076,28.247202340818095,28.24719949813623,2.8426818665834015e-06
5988.529224737084,29.779155478957623,28.250326571492373,28.250323803953343,2.7675390311657927e-06
5989.9101663498,29.575327025649045,28.253526661133733,28.25352396696299,2.6941707427114725e-06
5991.2881373119335,29.36863636720659,28.2567879479892,28.25678532510826,2.622880938468442e-06
5992.666425274476,29.347735769811578,28.260117844820723,28.260115291372077,2.5534486443793363e-06
5994.048320916498,29.871573101733876,28.263523730116972,28.263521244444973,2.4856719990688497e-06
5995.427243855651,29.370283760137998,28.266990357336596,28.266987937504183,2.419832412673473e-06
5996.809776136341,28.886683160058624,28.27053579847477,28.270533442899243,2.3555755296253403e-06
5998.189334344637,29.73105832941343,28.27414321748959,28.274140924320825,2.2931687656476156e-06
5999.572503557293,29.686592168371106,28.27783019181096,28.277827959534008,2.2322769529294997e-06
6000.952697327403,28.91503400793525,28.281579785167274,28.281577612012963,2.1731543114354425e-06
6002.333208609275,29.12852044238861,28.28540082769731,28.285398712077637,2.1156196726230524e-06
6003.717333390184,29.317827183040635,28.28930223400832,28.2893001744998,2.059508519327428e-06
6005.098480672949,29.060506648506394,28.293264597296737,28.29326259223999,2.005056747057502e-06
6006.48324311949,28.825532382715128,28.29730636441449,28.297304412439885,1.9519746042681286e-06
6007.865026696154,28.624019244914226,28.301408330816795,28.30140643033007,1.9004867245789828e-06
6009.250427102095,28.474987339070882,28.305590595247182,28.3055887449264,1.8503207812658533e-06
6010.632847265799,28.865643598906132,28.30983382745605,28.30983202576514,1.8016909087154952e-06
6012.015585453443,28.8422416538765,28.314147838369074,28.314146083916025,1.7544530498627415e-06
6013.401942969068,28.914392981570106,28.31854226509361,28.31854055661528,1.7084783305287078e-06
6014.78531818354,29.226346444951904,28.322995645408035,28.322993981441456,1.663966579768297e-06
6016.172314393414,27.821866644323734,28.327528809182763,28.327527188494503,1.620688257840386e-06
6017.556326928193,27.978301732279224,28.332119842035066,28.33211826320044,1.5788346292243021e-06
6018.943962126564,29.147228998576935,28.336792072280566,28.336790534087186,1.5381933795634958e-06
6020.32861227526,29.10548832026194,28.341524623407146,28.34152312445913,1.498948014960447e-06
6021.7135809609035,28.48784596933953,28.34632788258292,28.34632642159008,1.4609928395502206e-06
6023.102174812872,28.832251952794508,28.351211286646727,28.351209862409426,1.4242373014522804e-06
6024.487781552933,28.961024287607984,28.356149029447455,28.356147640592596,1.388854858497249e-06
6025.877015129431,28.48540289682902,28.361163627171283,28.361162272492994,1.3546782885159332e-06
6027.263260217859,29.302516514857757,28.366230581916327,28.366229260040853,1.3218754729317453e-06
6028.653133813608,29.820261854960254,28.371373824624314,28.371372534325573,1.2902987399784816e-06
6030.040017544491,29.688629556363825,28.376569274484915,28.376568014373547,1.2601113670349624e-06
6031.427220326155,29.63531678321232,28.381828372063033,28.38182714080918,1.231253853318978e-06
6032.818054121908,29.242082969810923,28.387162236022426,28.387161032338298,1.2036841283639557e-06
6034.205895987235,29.351133657817034,28.39254485835039,28.392543680789824,1.1775605658861044e-06
6035.597370539458,29.859693941820357,28.398000894896835,28.397999742105632,1.1527912017737599e-06
6036.985851782875,29.498876786877307,28.4035026942972,28.40350156476458,1.1295326213948065e-06
6038.377967386765,29.365173480024257,28.409075724494283,28.40907461677517,1.107719111569558e-06
6039.767088302832,30.284730283526077,28.414692723611275,28.41469163610447,1.087506801684819e-06
6041.1565287843405,29.73323916386548,28.420365825914867,28.420364757013065,1.0689018009573954e-06
6042.549606137135,29.44988533831321,28.426107572830908,28.426106520896923,1.0519339839663284e-06
6043.939686733215,29.334879380893852,28.431889672809003,28.43188863604737,1.036761634679849e-06
6045.333405876086,28.95379817221908,28.43773912271614,28.4377380993161,1.0234000400336646e-06
6046.724126881637,29.09500103927414,28.443626221887325,28.443625209876235,1.0120110888064698e-06
6048.118488110256,30.039788730162087,28.449576841579518,28.449575838928688,1.002650831110466e-06
6049.509849820315,29.99270467123694,28.455561032103933,28.455560036617175,9.954867583745117e-07
6050.901531611307,29.886764978317615,28.461591495747676,28.461590505116927,9.906307493526579e-07
6052.296856140231,29.303883738923275,28.467681341983628,28.467680353751597,9.882320319671807e-07
6053.689179078365,29.67970225562127,28.473799833207927,28.47379884473709,9.884708389296803e-07
6055.085146432637,29.96941479375366,28.479974496506735,28.479973504970893,9.915358430557376e-07
6056.478110813288,29.1703933604083,28.486174241293362,28.486173243674223,9.976191396513468e-07
6057.8747212890585,29.877851125680625,28.49242664034712,28.492425633368413,1.0069787057862126e-06
6059.268327407739,30.301621104112545,28.498700190980646,28.49869917115901,1.0198216334424961e-06
6060.6622541236775,29.396812389710906,28.505008213793666,28.50500717735078,1.0364428867536434e-06
6062.059829453653,29.542847609364745,28.51136382170704,28.511362764505634,1.0572014067125483e-06
6063.454398350968,30.197275011702377,28.517734937781174,28.51773385544755,1.0823336261156433e-06
6064.852617543237,29.618685959333394,28.524150403246246,28.5241492909173,1.112328945575395e-06
6066.247828917781,29.462040184390762,28.53057699578742,28.53057584833872,1.1474486982525224e-06
6067.646692268969,30.663224973231,28.537042648234547,28.537041459929373,1.1883051736457616e-06
6069.042546416731,31.452402393304627,28.543514355296477,28.5435131201069,1.2351895744856016e-06
6070.442054223602,31.01552275330022,28.550021265189898,28.550019976330503,1.2888593929284302e-06
6071.838551440709,30.306478111571522,28.556530683732166,28.556529334090804,1.3496413621189125e-06
6073.235369920166,30.37565740793582,28.563056041851446,28.56305462356061,1.4182908349810459e-06
6074.635844582876,30.54306390867936,28.569610371660712,28.569608875962814,1.4956978984990698e-06
6076.033306575944,30.4923040342338,28.576159643736105,28.57615806148121,1.5822548958766533e-06
6077.434426436667,31.098425841391023,28.582732401633535,28.582730722424785,1.679208749486642e-06
6078.832532239812,29.930229255495536,28.589294817640894,28.589293030635798,1.78700509691554e-06
6080.234297595791,28.87639087660148,28.595875785045983,28.595873877894288,1.9071516958405482e-06
6081.633047505618,29.91490738055802,28.602441545878847,28.602439505722554,2.040156293578695e-06
6083.032119196023,29.094104498903306,28.60900542039093,28.60900323292578,2.187465150301415e-06
6084.434852967479,29.76039537169797,28.615580678278178,28.615578327511052,2.3507671262277307e-06
6085.834569209548,29.397334624476912,28.622133323117623,28.622130792435488,2.5306821356961707e-06
6087.237949219787,29.181808560679915,28.628691716984708,28.628688987389083,2.729595623387206e-06
6088.638310310465,29.463402925754426,28.635221645423893,28.635218697207012,2.948216882071357e-06
6090.04233685721,29.33504524086246,28.641751606479836,28.641748417082226,3.1893976100672886e-06
6091.44334309358,28.879734972184682,28.648248221450256,28.64824476750046,3.453949793737342e-06
6092.844671629592,28.309914084642433,28.654724999175038,28.654721254626963,3.7445480732563483e-06
6094.249668153966,28.70606165424903,28.661194592052475,28.661190527750932,4.064301542885836e-06
6095.651642281371,29.137427570972818,28.667623064285447,28.667618650080897,4.414204548803889e-06
6097.057286086979,28.96335529257215,28.674037751479148,28.674032952809416,4.798669731438284e-06
6098.4599061031995,28.62599611643191,28.68040499620065,28.680399777366187,5.218834463821384e-06
6099.866197488242,28.922569429752087,28.686752314543913,28.6867466346078,5.679936113080338e-06
6101.269463690839,29.295301606223493,28.6930468470161,28.69304066374177,6.183274328327011e-06
6102.673052712982,28.371873989670604,28.69930098516656,28.699294251484766,6.733681792306929e-06
6104.080315640327,28.212567731177533,28.70552650413889,28.705519167377894,7.3367609961846635e-06
6105.484551295267,28.556704752521256,28.71169050569784,28.711682511602657,7.994095185796802e-06
6106.892462547975,28.13757661185932,28.717819916519538,28.717811202854982,8.713664555776842e-06
6108.297345133617,28.464255750832024,28.723883188432687,28.723873691161433,9.49727125482151e-06
6109.705905010372,29.217152423449026,28.72990582408456,28.729895469749227,1.0354335332746762e-05
6111.111434824753,29.2298720899602,28.735855960562738,28.73584467365874,1.1286903998174367e-05
6112.517287979422,29.053484496051855,28.741745147633203,28.741732844084396,1.2303548808916107e-05
6113.926820965677,29.09877323288441,28.74758427232868,28.747570858140932,1.3414187748257717e-05
6115.333321796228,28.729555494666673,28.753342529535338,28.753327908246597,1.4621288741414909e-05
6116.743504153661,27.45483198190897,28.75904439168362,28.759028452658143,1.593902547662742e-05
6118.150652958478,28.70838593516041,28.76465984334609,28.764642473161466,1.7370184624153576e-05
6119.561484986255,28.87073370686153,28.770212737168773,28.770193805750708,1.893141806573486e-05
6120.969282063858,28.823205860452816,28.775673578220026,28.77565295235648,2.062586354457081e-05
6122.37740300333,28.427562594804815,28.781052797622714,28.78103032914793,2.24684747810859e-05
6123.789209710331,27.6733569732464,28.786360054151558,28.786335577624016,2.4476527543444354e-05
6125.197979370452,29.378962270927644,28.7915671141379,28.79154046038902,2.6653748881045172e-05
6126.610436496135,29.649058505746243,28.796695834932997,28.79666681002302,2.9024909976815886e-05
6128.01985517577,28.396443678533245,28.801718837978882,28.801687243805397,3.159417348566782e-05
6129.432963019781,28.47108962980869,28.806657213422213,28.806622822909066,3.4390513144955416e-05
6130.843031017934,28.80807898304596,28.81148461566031,28.811447197099554,3.741856075611537e-05
6132.253423400377,28.01812381420064,28.816210097835114,28.816169393836656,4.070399845880931e-05
6133.667507495869,29.2137321219343,28.820841704636372,28.820797428181372,4.427645500070519e-05
6135.078549645415,28.243242859965534,28.825354579711053,28.825306438386534,4.8141324519416905e-05
6136.4932852087795,28.248770031351714,28.829767497821205,28.82971515657882,5.234124238425111e-05
6137.904977424774,28.88281458835849,28.83405669254265,28.833999810397234,5.688214541395175e-05
6139.320364756142,28.818586436192106,28.838239948489555,28.838178134800746,6.181368881076617e-05
6140.732707338071,28.372992423783217,28.842294721832754,28.842227579459752,6.71423730017775e-05
6142.145374827554,29.313286206062376,28.846228493454593,28.846155581819083,7.291163550846815e-05
6143.561739985198,29.466942018868284,28.85004770833837,28.849968536815673,7.917152269427076e-05
6144.975058289925,28.84258009786649,28.85373177525432,28.85364584585386,8.59294004629166e-05
6146.392075966326,28.543330611539375,28.85729577799035,28.85720252042595,9.325756439903081e-05
6147.806045386125,28.61997360649085,28.86072032986475,28.860619165911196,0.00010116395355468971
6149.223715881898,28.645787245118015,28.864019458737896,28.863909726326504,0.00010973241139389096
6150.638336716739,28.902336754933348,28.86717501122053,28.867056039792903,0.00011897142762905621
6152.053282983244,28.554579951842385,28.87019261181616,28.8700636584512,0.0001289533649621106
6153.471932882626,28.628046952530184,28.873076717718835,28.87293695623069,0.0001397614881454234
6154.887531014205,28.201804764025695,28.875811380472566,28.87565997545152,0.00015140502104648142
6156.306834484923,27.62724117792175,28.878407500930102,28.878243496173937,0.00016400475616472443
6157.72308478189,27.895495022278286,28.88085067967952,28.880673109376424,0.00017757030309430743
6159.143042125043,28.162206817196992,28.883150502782257,28.88295826162155,0.00019224116070894247
6160.559944887851,27.653453777013937,28.88529391785794,28.885085890660726,0.00020802719721387238
6161.977173607277,28.139817962786395,28.88728448336564,28.88705943621189,0.00022504715375299404
6163.398111933919,28.24739608323341,28.88912452302468,28.88888108553882,0.000243437485860105
6164.815993569944,27.747243106557562,28.89080342693657,28.890540218832342,0.0002632081042301994
6166.237586522199,27.595474511232254,28.892327020800945,28.892042462916447,0.0002845578844989005
6167.656121375622,27.763371867828823,28.89368628835228,28.893378791906326,0.0003074964459572556
6169.078369255076,28.754941035266768,28.894886330168095,28.894554077667323,0.00033225250077342924
6170.4975576268325,28.150441966180754,28.895919993675616,28.89556115864345,0.00035883503216541454
6171.917072481011,27.687374381944355,28.896789464427847,28.896402028465513,0.0003874359623338551
6173.340302926378,28.649290476617043,28.89749565767747,28.89707738211476,0.00041827556271328066
6174.7604717503755,29.5704812249447,28.89803328486627,28.89758192385896,0.00045136100730616354
6176.184357877336,28.199727031716296,28.89840302825692,28.897916013301092,0.0004870149558258621
6177.605180972438,28.66915781123467,28.898601931717074,28.898076689082867,0.0005252426342082131
6179.02972308306,28.952464568417472,28.89863049509045,28.898064081534912,0.0005664135555376106
6180.451200750688,28.632222589307336,28.89848782176628,28.897877291527863,0.0006105302384175328
6181.876399147187,28.46369317174933,28.898171696954776,28.897513681609254,0.0006580153455221842
6183.298531688902,28.706727335474373,28.897682833801447,28.896973966044186,0.0007088677572608422
6184.72099139034,28.477134553259024,28.897020404860683,28.89625696938674,0.000763435473941111
6186.147174391129,28.28692230683245,28.896182114142448,28.895359996906304,0.0008221172361449427
6187.570289419077,27.784711770005543,28.895171053604653,28.894286149330537,0.0008849042741167334
6188.997129461699,27.733844310715483,28.89398142594831,28.893029041072403,0.0009523848759092655
6190.420900118065,28.43068255529531,28.892618886133143,28.891594342786732,0.0010245433464089173
6191.848397505218,28.825852895897697,28.89107741275692,28.88997536298637,0.0011020497705528695
6193.2728240920505,27.809068530530112,28.889364697346032,28.88817981761884,0.0011848797271921273
6194.697578366349,28.9785068248392,28.887476565973756,28.886202989427968,0.0012735765457869187
6196.12606194606,29.288476692650534,28.885407599468845,28.884038837509,0.0013687619598450424
6197.551472603976,28.506626248757527,28.883167948262816,28.881697553944843,0.0014703943179735278
6198.980614285395,27.95613253025948,28.880747415706136,28.8791680191662,0.001579396539933777
6200.406681629326,28.40691302871363,28.878158066680353,28.876462354569803,0.0016957121105493464
6201.83648171564,28.939159909314327,28.875388150683712,28.873567762820883,0.0018203878628277623
6203.26320604812,28.335023939078496,28.872451758996267,28.87049840984693,0.001953349149335235
6204.690258596657,28.34526018876247,28.869343476789123,28.867248045328925,0.0020954314601968177
6206.12104646636,28.76597744723171,28.866056196802177,28.863808607228627,0.002247589573550552
6207.54875645733,29.044052891350706,28.862606297306574,28.860196583046708,0.0024097142598641283
6208.980203490325,28.823111723713883,28.858977900541806,28.8563946682867,0.002583232255104218
6210.4085712266115,27.961146432283357,28.8551889292769,28.85242092392903,0.0027680053478691367
6211.840677726576,28.151011269316232,28.85122316494027,28.848257519910025,0.0029656450302424056
6213.269703511201,27.548312005024655,28.84710170541328,28.843925726955227,0.003175978458052768
6214.69905804133,27.53949901317938,28.84281707822439,28.83941680728588,0.003400270938508421
6216.132153918078,28.30937616041993,28.838359935186343,28.834719968724578,0.003639966461766824
6217.562166951162,28.48859458054918,28.833753099919594,28.829858272267817,0.0038948276517787503
6218.995923054501,27.819618569343874,28.828976901281674,28.82480987347277,0.004167027808904551
6220.426594893911,27.604921805389893,28.824056784877456,28.81960050831194,0.004456276565516622
6221.861011528007,28.659116559081355,28.818971534907202,28.81420651658386,0.004765018323345229
6223.292342477255,28.30089712986279,28.813745804249663,28.808652903912165,0.005092900337496538
6224.724002702307,27.38533889641488,28.808369703441166,28.802927893674312,0.005441809766855016
6226.159410309153,28.072144854245096,28.802833558344467,28.79701966109417,0.005813897250299528
6227.5917300993915,28.286162488868175,28.797167295135864,28.790958599300588,0.006208695835276969
6229.027798997841,28.29076846502332,28.791347031134855,28.784717563627183,0.006629467507673145
6230.460778657129,28.384492795390063,28.78540331705706,28.778327664053375,0.007075653003683847
6231.897509151839,28.518935748049046,28.77931095210031,28.771760046353258,0.007550905747051382
6233.331148984175,28.484279980014552,28.7731020846656,28.76504752555758,0.008054559108016808
6234.765118623472,28.2527999803186,28.76676546962369,28.75817608475379,0.008589384869899241
6236.202841689471,28.138170569854996,28.76028947767088,28.75113094044024,0.009158537230639465
6237.637471957901,28.054012325245026,28.75370913628618,28.74394798051997,0.009761155766209284
6239.075857382236,28.51929660554831,28.74699705550113,28.7365949908912,0.0104020646099315
6240.51114858415,29.273643432215124,28.7401887401301,28.729108491384974,0.011080248745128468
6241.950196671967,29.350586768190823,28.73325572749967,28.721454639120708,0.011801088378963355
6243.386149111857,28.445280473883376,28.72623630860676,28.713672918104248,0.012563390502513861
6244.822431890719,28.09388819958869,28.719118661793093,28.70574749774898,0.013371164044113799
6246.262474150945,28.780037441597273,28.711889611443276,28.69766064727483,0.014228964168443893
6247.699418624602,28.06520339042393,28.70458794935038,28.68945266885214,0.015135280498238318
6249.140124311615,28.32670404443718,28.69718377711109,28.681086634664155,0.016097142446935782
6250.57773078491,28.715029299308274,28.689717858487974,28.672605069136317,0.017112789351658695
6252.01910020435,27.88868355681089,28.682160568904603,28.663970541184852,0.018190027719752377
6253.4573689822655,29.290493908484905,28.674553348912763,28.65522653763217,0.019326811280593423
6254.895968632023,27.767361472479028,28.666883370376027,28.646354520884653,0.02052884949137247
6256.3383338275735,28.153192103768276,28.659137932223057,28.63733531267359,0.02180261954946895
6257.777596239509,28.400841209052178,28.651360362846273,28.62821479139414,0.023145571452133435
6259.22062593202,28.394827664514825,28.64352054222315,28.61895274524108,0.024567796982067767
6260.660551411465,29.248737540713424,28.635663024746265,28.60959667178465,0.02606635296161361
6262.104245907072,28.28894400536868,28.627756606617325,28.6001042073487,0.027652399268626403
6263.544834759504,28.321302388702918,28.619844136077333,28.590521588385478,0.02932254769185518
6264.9857550175075,27.64732816493023,28.611913545767905,28.58082874113049,0.03108480463741442
6266.430446895513,27.795763871426974,28.603953678977692,28.571005440883873,0.03294823809381986
6267.872030984796,28.54708711569316,28.59601091035072,28.561102227613645,0.03490868273707423
6269.317388431665,28.823806542501273,28.58805536071972,28.551074947986784,0.03698041273293825
6270.759636658055,29.576600112975626,28.580132739346155,28.54097407737487,0.03915866197128579
6272.205659980415,27.498558497145357,28.572213186182264,28.530754037936823,0.041459148245440745
6273.6485726498795,27.950708461015953,28.564342485971956,28.520466055431513,0.04387643054044203
6275.091817259506,28.68092938630369,28.55650988995457,28.510088326705198,0.046421563249371536
6276.538839573144,28.33318154861644,28.54870502793074,28.499597983372944,0.049107044557796214
6277.982749084879,28.360949645252024,28.540974065853273,28.489047799936888,0.051926265916387035
6279.430438041011,29.082135684952707,28.533289810733713,28.478390692669095,0.054899118064618814
6280.875012761174,28.73874279211677,28.525698681121202,28.46768058318593,0.05801809793527101
6282.323368666922,27.98452820515465,28.51817402359243,28.456869009055822,0.06130501453660572
6283.768608901973,28.0599944908694,28.510761293083863,28.446009925975716,0.06475136710814847
6285.2141816126405,28.26022333458909,28.503453373133958,28.435081190758396,0.06837218237556124
6286.663538121142,27.959252490749975,28.49624431009408,28.424059892134515,0.07218441795956448
6288.109776806473,28.91157336210384,28.489179276942345,28.413001414456716,0.07617786248562967
6289.5598010328295,28.71408120786612,28.482235134151868,28.401855312725658,0.08037982142620875
6291.006705999637,29.201850720669857,28.475455683408754,28.390676899325275,0.08477878408347983
6292.4573982514685,29.383090839335328,28.46881980089711,28.379415239681386,0.08940456121572385
6293.904969806707,29.073723894923376,28.462371093226594,28.368126890323833,0.09424420290276127
6295.356330391772,29.16803545923301,28.456091291258804,28.356761076140465,0.0993302151183398
6296.804568842541,29.547119624231755,28.45002298152067,28.345374924679902,0.10464805684076933
6298.253140458662,30.12872553494859,28.444163600585483,28.333944079750943,0.11021952083454063
6299.705503722274,29.839976777714842,28.4385127866738,28.322443650521627,0.11606913615217301
6301.154742694653,30.026311487037564,28.43311077841457,28.310931114765904,0.12217966364866749
6302.607775061332,30.039468216979518,28.427945985185012,28.29935474154827,0.1285912436367398
6304.057681697417,28.93694321324745,28.42305740989177,28.287772800392048,0.13528460949971965
6305.51138347542,29.15674801596424,28.418435625210666,28.276132282636784,0.14230334257388152
6306.961958082805,29.87055776976391,28.414117092911248,28.26449114316385,0.14962594974739937
6308.412866392973,29.28733808637958,28.410105526213634,28.252824513692197,0.15728101252143742
6309.8675724669465,28.802861118087723,28.406407876717722,28.241107246901453,0.16530062981626972
6311.319149209885,29.298233293236112,28.403056736407283,28.229397172004973,0.17365956440230998
6312.774525466258,29.644824593844987,28.400051031315616,28.217639975572844,0.18241105574277267
6314.226770949914,28.447349240789066,28.397421191784396,28.205894115653262,0.19152707613113476
6315.682817697437,28.961409799967445,28.395172059036682,28.194106879521037,0.20106517951564654
6317.135732229899,28.90680152598009,28.393332189044646,28.18233789510862,0.2109942939360251
6318.588981003439,28.79293193348076,28.39191113818391,28.170559820010688,0.22135131817322462
6320.046033666967,28.726655186567033,28.390923261230736,28.158745669217396,0.2321775920133401
6321.499951951528,28.45175125400985,28.390391613923804,28.146954647478474,0.24343696644532847
6322.957675878527,29.130185766127425,28.390332254984127,28.13513326268823,0.2551989922958984
6324.412263982552,29.593053870131314,28.39076383241416,28.123340065047287,0.26742376736687223
6325.870659482274,29.649168331941667,28.391706542860252,28.111520390116674,0.2801861527435769
6327.325917714349,29.610798645421003,28.39317465494992,28.09973247643855,0.29344217851136917
6328.781510726669,30.19904343758384,28.39518911430235,28.087950380988133,0.30723873331421936
6330.240913765039,31.087734597468856,28.397776509655493,28.07614829944227,0.3216282102132249
6331.697177368369,30.30186317001267,28.40094428830803,28.064384377099834,0.3365599112081942
6333.157252753027,29.999325621875528,28.404727351152758,28.052604029453157,0.3521233216995999
6334.614187256309,29.561952884667164,28.409127369595502,28.04086455915888,0.36826281043662346
6336.074935297005,29.4498763729095,28.414186338076505,28.029112063119005,0.38507427495750113
6337.532541009322,29.838277833712116,28.419901946668467,28.017405174186113,0.402496772482353
6338.990482041917,29.97105770398321,28.4263068684776,28.00571792127233,0.42058894720527096
6340.452239246526,29.347520600122582,28.433440491804777,27.994024355107683,0.43941613669709456
6341.910851951863,30.501370298733836,28.44129054325263,27.982381857664173,0.4589086855884575
6343.373282587322,29.728220779139747,28.449915982144983,27.970736006627767,0.4791799755172154
6344.8325672748415,29.776176723575535,28.459297971048187,27.95914395578137,0.5001540152668147
6346.295671651402,30.644377453285188,28.469504407426445,27.94755263012562,0.521951777300825
6347.755628630685,30.40827802932853,28.48050878956446,27.93601829542468,0.5444904941397796
6349.215921471153,30.95664470579678,28.492356664546026,27.92451431238989,0.5678423521561389
6350.680036639508,30.08031011357275,28.50510233186395,27.91301481506506,0.5920875167988869
6352.141002236196,29.862901314997007,28.518708485406055,27.9015762865399,0.6171321988661537
6353.605791921716,29.95813183318674,28.53326369739534,27.890145841627984,0.643117855767359
6355.067430584561,30.160971850736477,28.54872211698166,27.87877936658729,0.6699427503943747
6356.532895097995,30.42189647756146,28.565180527304378,27.86742338483141,0.6977571424729675
6357.995207137079,29.727149413396607,28.582583681843786,27.856132829496822,0.7264508523469646
6359.457855579126,30.01200942677187,28.600993662170534,27.844882338810056,0.7561113233604787
6360.924332514867,29.808635967701495,28.620482247859538,27.83364693317276,0.786835314686779
6362.387654798357,30.24281253848784,28.640980419621556,27.82248138656337,0.8184990330581849
6363.854807339327,30.75023197486928,28.662608968415537,27.811332732499764,0.8512762359157728
6365.3188037747,30.32179550380718,28.685288618821225,27.800255221121944,0.8850333976992804
6366.78663223215,30.904981566927603,28.709151841081724,27.789197577959186,0.9199542631225381
6368.251303129987,30.96110947684352,28.7341080466918,27.778213005445956,0.9558950412458461
6369.716310973439,29.564640264428736,28.760235910323008,27.767275945460504,0.9929599648625029
6371.185153486336,29.477003443179942,28.787625733427838,27.75636182694947,1.0312639064783704
6372.650836258207,30.16046306407603,28.81617088311196,27.745524213164693,1.0706466699472654
6374.120355466153,29.909911409341564,28.846030719603277,27.73471236419647,1.1113183554068078
6375.5867134773835,30.88625283858093,28.877085103671707,27.723977959698175,1.1531071439735325
6377.056909692132,29.88221055323379,28.90950400111741,27.71326979359443,1.1962342075229764
6378.523943253802,29.878014744298298,28.94315512337276,27.70263956565735,1.2405155577154123
6379.991314304615,30.431467046020092,28.978136803137165,27.6920633589613,1.2860734441758648
6381.4625262105865,30.48517653828569,29.01455925835485,27.68151727315714,1.3330419851977116
6382.930573278547,30.064703587067502,29.052270088479673,27.671052162224903,1.3812179262547704
6384.402462971146,29.89071423865113,29.09146961393766,27.660618317681763,1.430851296255897
6385.8711863676945,30.40286292548871,29.1319917020636,27.650266381882105,1.4817253201814957
6387.343754159177,30.644081594962817,29.17404993922364,27.63994794276664,1.5341019964570002
6388.813154195898,30.801753908630047,29.217462887249535,27.629712383659474,1.5877505035900625
6390.2828922661665,30.618193991755053,29.26234721967203,27.619535316471975,1.642811903200056
6391.7564773872855,29.93161441036847,29.308833291147298,27.609393129624813,1.699440161522484
6393.226892565186,29.931058555338552,29.35671742758945,27.59933498674766,1.7573824408417908
6394.7011565662715,30.007641033814995,29.40624511982827,27.58931360416086,1.8169315156674102
6396.172249163748,30.062796197428554,29.457196399328158,27.57937714441374,1.8778192549144157
6397.64719235756,30.307903610761144,29.50982922451725,27.569478204394176,1.9403510201230736
6399.118962686699,30.45270832875602,29.56390645725584,27.559663531737087,2.004242925518751
6400.5910715946675,30.28311651085858,29.619564241998997,27.549909153621556,2.0696550883774405
6402.067033759173,30.304998819959653,29.676954554947585,27.54019329014035,2.1367612648072343
6403.539820867018,29.39121125374413,29.73581748739131,27.530564342932706,2.2052531444586005
6405.016463006592,29.5948985019443,29.796446454654493,27.520978486464237,2.275467968190256
6406.489928626759,30.3408671588457,29.85856145168542,27.511480800575857,2.347080651109563
6407.967251054667,30.446844954730782,29.922465980389994,27.502024710501562,2.42044126988843
6409.441395499746,29.95941388591703,29.987862198707983,27.49265457446448,2.495207624243501
6410.919398529397,30.227174633069612,30.055069049778936,27.48332642760412,2.5717426221748174
6412.394222112124,30.443258793247452,30.123772232002057,27.47408557675163,2.649686655250426
6413.8693849760775,30.071934185158256,30.19413350174527,27.46490980942437,2.7292236923209
6415.348409090321,29.878554909871728,30.266329212216085,27.45577753096714,2.810551681248946
6416.824251561106,30.017776422707247,30.340016859904164,27.44673237001913,2.8932844898850347
6418.303957061059,30.023523246484274,30.415548238802135,27.437731363716082,2.9778168750860528
6419.7804794517715,29.803178278194054,30.492562516498378,27.428817678472633,3.063744838025746
6421.260866651346,28.98417071863193,30.571424755768128,27.419949023603923,3.1514757321642057
6422.738069275224,29.758037470522684,30.651755248439226,27.411167592210838,3.240587656228389
6424.215611727624,30.42858018602601,30.73373405321783,27.402451922205984,3.331282131011847
6425.697021658905,30.006172948957758,30.817555633871827,27.393781169869264,3.4237744640025634
6427.1752448144125,29.66439158743839,30.902812924871448,27.385196809268166,3.517616115603281
6428.6573372305475,30.54267167226712,30.989903858516595,27.376658225213504,3.613245633303092
6430.136241402763,30.487610645392493,31.078403698699432,27.36820660057401,3.7101970981254246
6431.6190166181705,30.762906814361916,31.168724107177766,27.359802488652985,3.8089216185247805
6433.098602120836,31.375261818447342,31.260422381192978,27.351485892209855,3.9089364889831226
6434.578528000202,31.394281922414535,31.35369712959292,27.343235537570294,4.010461592022626
6436.0623275970875,30.710102827870855,31.448761659670602,27.335030984926785,4.113730674743815
6437.5429352776055,31.04345222720255,31.54514901172885,27.32691123775041,4.218237773978441
6439.027418460262,32.028543890461236,31.643306183404718,27.318838610999766,4.32446757240495
6440.508708256036,31.401449762679334,31.742752764321533,27.31085211415021,4.431900650171322
6441.993875339392,30.90603500186333,31.843950872012062,27.302913544376743,4.541037327635319
6443.475847564671,31.45430081753986,31.94640725286478,27.29505997821455,4.651347274650232
6444.958160715714,32.040230294195034,32.0503529294672,27.28727225041569,4.763080679051513
6446.44435383298,32.02681356754554,32.15603698853251,27.279531943523292,4.876505045009219
6447.927349884989,32.26658656567167,32.26295637611726,27.27187540838178,4.9910809677354795
6449.41422769072,32.13325980577438,32.37162841430827,27.264265855227656,5.107362559080611
6450.8979069583065,31.650721606034438,32.481551312585694,27.256739749869666,5.224811562716029
6452.385469767937,31.121684339961323,32.593276576478424,27.249262014549373,5.344014561929049
6453.869832565859,31.232149320402417,32.70631029662699,27.241867541739282,5.464442754887709
6455.3545368394925,32.646233309753114,32.82096938950774,27.23453656081137,5.58643282869637
6456.84312733813,32.58145378525868,32.93760639775239,27.227250588162075,5.710355809590318
6458.328515614318,33.080190228148616,33.05576369123129,27.220044620727627,5.835719070503664
6459.8177919058935,33.07682147770522,33.17613232116694,27.212885416485292,5.963246904681644
6461.303864499757,33.23396483255365,33.29829689415025,27.20580603153596,6.092490862614287
6462.793826900213,34.23874228100488,33.42303875201787,27.198772063797662,6.224266688220207
6464.280584127016,33.1865826739552,33.55000892517545,27.191817641510482,6.358191283664968
6465.767683380364,34.51324725309704,33.6797997619234,27.18492637962403,6.494873382299368
6467.258675127595,34.628372002115526,33.813092848605365,27.178082154317114,6.635010694288252
6468.746459486865,35.46802688641791,33.949685825141316,27.171317186305757,6.778368638835557
6470.238138133287,35.99628192101748,34.090746516862346,27.164598083938156,6.926148432924189
6471.726607914106,34.54064328547873,34.23621208220221,27.157956310601346,7.0782557716008645
6473.218973776174,35.62755055595091,34.38749625758992,27.151361068499536,7.236135189090386
6474.708129294315,35.403350464066115,34.54471498257275,27.144843222387134,7.399871760185614
6476.197627390726,35.66616679107356,34.70919144067318,27.138385905134896,7.570805535538282
6477.69102426001,35.975728733016155,34.882472083382126,27.131973542293085,7.750498541089039
6479.181208567488,35.66117306120802,35.06502853781201,27.12563602555725,7.939392512254765
6480.675293444001,35.503581436174166,35.25922730407294,27.11934220111317,8.139885102959768
6482.166164278684,36.66349847174502,35.46585368431333,27.113121114798922,8.352732569514412
6483.660937479392,35.913349695364616,35.68786143409652,27.10694225319464,8.580919180901883
6485.15249515756,37.08453176069498,35.92644482731077,27.100834602777937,8.825610224532833
6486.644395966613,37.78903766679634,36.18469976139049,27.0947839408448,9.089915820545691
6488.1402018376575,37.427294833920406,36.466310266918754,27.088775969989012,9.377534296929738
6489.632789964706,37.68238970698406,36.77340070766523,27.082838243222334,9.6905624644429
6491.129284952805,37.85764990137608,37.1114851037318,27.076940702696593,10.034544401035209
6492.622560714496,39.243297871514926,37.48367159107613,27.071110068425554,10.412561522650579
6494.119745137127,38.30770868483171,37.89728248675452,27.06531795986025,10.831964526894271
6495.613708850254,38.67565781842473,38.35682171603824,27.059592389896718,11.297229326141519
6497.108016247768,40.65810581721507,38.87075668042379,27.05391985005558,11.816836830368208
6498.6062350065395,41.220586280471146,39.44925701998756,27.04828660354319,12.400970416444375
6500.1012308307645,41.322231545014176,40.09952821568805,27.042718388355585,13.056809827332472
6501.600139818207,42.40210993897904,40.83587196146724,27.037187557416182,13.798684404051057
6503.095824386299,41.90052698041171,41.666990130052845,27.031719943809044,14.6352701862438
6504.595423920402,43.04167494331921,42.60982652546778,27.02628877928514,15.583537746182643
6506.091797549665,44.99362263869387,43.6730452513855,27.020919275122193,16.652125976263314
6507.588515417716,44.93788024113741,44.87138880519073,27.015598097485967,17.855790707704767
6509.089150956447,46.09130184172159,46.21948344165145,27.01031210189955,19.2091713397519
6510.58655836171,47.02173143857067,47.71970331567109,27.005085339928065,20.714617975743025
6512.087885242524,48.973916717143595,49.3844240521904,26.99989098901943,22.384533063170966
6513.585982502668,50.01226287842969,51.206230676874874,26.994753300214363,24.21147737666051
6515.088001044062,50.52467604467665,53.188714909135285,26.989648189967912,26.19906671916737
6516.586788476906,52.4539098897563,55.31116151580115,26.984599133231296,28.326562382569858
6518.085920703827,54.68398233897034,57.56056884814036,26.979593480683086,30.58097536745728
6519.588976921033,56.76974765009533,59.91929861159233,26.974619408469813,32.94467920312252
6521.08879979746,58.66317367276395,62.347971404423696,26.969699169827827,35.37827223459587
6522.592548471953,61.16085893996939,64.8268906054651,26.964807813888417,37.86208279157668
6524.093062316068,63.73277326717783,67.31222412593016,26.959967756047465,40.352256369882696
6525.597503766862,66.01025477120147,69.78540383647717,26.955155573063166,42.83024826341401
6527.098708896994,69.44690021688444,72.2086274903655,26.95039395185438,45.25823353851113
6528.603843443252,69.88088403149108,74.57412255065944,26.945659695460915,47.62846285519852
6530.105740177875,73.61611328227582,76.86008762209906,26.940974252185743,49.91911336991331
6531.60798242187,77.37107538662258,79.07176746057223,26.936325019627827,52.13544244094441
6533.114156796642,79.35635645298477,81.22428831499903,26.931699942632847,54.29258837236618
6534.6170911229265,81.4668483475373,83.3276427682609,26.927120291371455,56.40052247688944
6536.12395939152,83.62309966261707,85.42105703130102,26.92256366893264,58.49849336236837
6537.627586118934,86.01688934894867,87.53037746617882,26.918051269154716,60.6123261970241
6539.135148601024,89.32521297135453,89.70551480569748,26.91356014354169,62.79195466215579
6540.639468048561,94.80677734886741,91.97639098004105,26.90911029450133,65.06728068553971
6542.144133562809,99.06018003778172,94.38519673306038,26.90469154715578,67.4805051859046
6543.652737550764,100.0738265118514,96.96851104318446,26.900294355171845,70.06821668801261
6545.158096263701,104.97196724304558,99.73365626952854,26.895939646833863,72.83771662269467
6546.667395264798,108.78707824087145,102.69939399269437,26.891603417687573,75.80779057500679
6548.17344749578,111.61420175004082,105.84019703047429,26.887304053955525,78.95289297651875
6549.683441830212,113.66754816135656,109.14056503333924,26.883020730635387,82.25754430270386
6551.190187898743,114.2376761139758,112.53447689374032,26.878774399199244,85.65570249454107
6552.697280592228,113.99769915291529,115.96002197902078,26.874554477707004,89.08546750131377
6554.20831811258,117.0731195177865,119.3381794945303,26.870349307280087,92.4678301872502
6555.716105122953,124.2501224251754,122.55213913565663,26.86617799735534,95.6859611383013
6557.227838777574,131.79057383349573,125.5078595902816,26.86202017720024,98.64583941308136
6558.7363204247085,141.16959644189538,128.08052415123103,26.857895385274812,101.22262876595622
6560.248750534308,151.66188909037146,130.1770289171946,26.853783534218337,103.32324538297628
6561.757927138223,157.38452420819726,131.695558279736,26.849703823196705,104.84585445653929
6563.2674509262315,152.77098125231987,132.57014574005564,26.84564617496854,105.72449956508709
6564.780925904517,146.1199785804979,132.75438102650176,26.841600217809482,105.91278080869228
6566.2911451294185,130.3979328484644,132.23046447055447,26.837584389806622,105.39288008074786
6567.80531736491,121.88775647884144,131.00930573999588,26.833579245026453,104.17572649496944
6569.316232347092,118.62199162783897,129.1389480822156,26.82960337769683,102.30934470451876
6570.831102161013,112.55210849358264,126.67797068805112,26.825637116666766,99.85233357138435
6572.342713221013,112.08836402136626,123.7247541920504,26.821698633731017,96.90305555831938
6573.85467202515,111.62459265293876,120.37301724408601,26.817777913901672,93.55523933018434
6575.370588393237,111.65067301232627,116.71777190729074,26.813865412531225,89.90390649475951
6576.883243756079,115.51695853451918,112.87868563514321,26.80998006234047,86.06870557280274
6578.399858506118,114.58215382066044,108.9320572658647,26.806102880824376,82.12595438504033
6579.913210748568,113.02287287690262,104.97854890447027,26.802251128622053,78.17629777584823
6581.430524202304,115.88754349680244,101.0661317570729,26.798405970554917,74.26772578651799
6582.9445736454145,111.58087734445701,97.26378305525313,26.794585107890022,70.4691979473631
6584.45897139361,109.14921779286146,93.59659567802942,26.790778268084754,66.80581740994467
6585.977333089711,102.00463378528184,90.07683193650165,26.78697550633504,63.28985643016661
6587.4924285202305,90.92261481168009,86.73013566878618,26.783194117405685,59.94694155138048
6589.011489724844,84.15188813873728,83.54065782634885,26.77941536503119,56.76124246131766
6590.527283159111,79.67607171462703,80.5177961731433,26.77565747767747,53.74213869546582
6592.047044194503,75.94611412122278,77.63793921751798,26.771902412835487,50.86603680468249
6593.563535954086,72.49273026681637,74.90436523027972,26.76816646792602,48.1361987623537
6595.080376580605,69.01943425077377,72.29988015784572,26.76443953568813,45.53544062215759
6596.601187549282,66.3850669213332,69.80976406235968,26.760712234318397,43.049051828041286
6598.11872698356,64.34528068312632,67.43866980666408,26.757002457347937,40.68166734931614
6599.64023858913,60.19796561629249,65.16991794172614,26.753292234026887,38.41662570769925
6601.158477153105,58.524097847738695,63.010676467549544,26.74959877655178,36.26107769099776
6602.680689718351,56.85016283865707,60.94838889765758,26.745904530442157,34.20248436721542
6604.199627734112,55.176178519855064,58.99163335695778,26.742227126307057,32.24940623065072
6605.718915179568,53.381134354779654,57.13473916675849,26.738557671226232,30.396181495532264
6607.24217937175,52.63397554053598,55.373231160525506,26.73488732585488,28.638343834670625
6608.762166752212,51.91206778583677,53.71504176573864,26.73123310716478,26.98380865857386
6610.286132711485,49.84582464128665,52.151520592666415,26.727576854966465,25.42394373769995
6611.806820349413,50.17610114849732,50.68895439718659,26.723935852861036,23.965018544325556
6613.3314883990815,50.34682933131479,49.318687661041054,26.72029228578363,22.59839537525743
6614.852876617083,47.92783341245723,48.04503546730864,26.71666242169562,21.328373045613017
6616.3746148284445,45.50874783956261,46.861888423546475,26.7130365568186,20.148851866727878
6617.900336201431,46.94574964214269,45.763513274726,26.709406025035722,19.05410724969028
6619.422775476865,46.138419520910645,44.751488501593535,26.705789423078812,18.045699078514723
6620.949199748965,44.78278772238724,43.816962102781005,26.702169004780473,17.114793098000533
6622.472340411452,43.978308599534444,42.96009799427971,26.698561028585615,16.261536965694095
6623.99946790649,43.22587364520843,42.17230765911389,26.694948082062428,15.477359577051462
6625.523310279158,42.27739669069451,41.45273420780789,26.69134640423127,14.761387803576627
6627.047503209761,42.222896001551646,40.794767742453004,26.687746937953804,14.1070208044992
6628.575685727235,40.668102242349846,40.19240005548281,26.684143086210938,13.508256969271871
6630.100580852799,40.51476694272652,39.64391678362615,26.680551806699857,12.963364976926293
6631.629467403235,40.34264015693055,39.1422167425523,26.676954334161227,12.465262408391073
6633.15506504726,39.51477477850461,38.68537727904392,26.673367671023897,12.012009608020026
6634.684655955005,39.051384439734704,38.2670812872275,26.669774492545415,11.597306794682083
6636.210956441141,38.67068201936661,37.88541103241231,26.666191672253632,11.219219360158673
6637.737608050699,38.60494767937723,37.535656235455086,26.66261160035227,10.873044635102817
6639.268255682739,38.64972987090027,37.2136558649665,26.6590258286619,10.554630036304594
6640.79561061997,38.02394917476164,36.917761034919934,26.655450432521196,10.262310602398738
6642.326963420648,37.53169471875282,36.643622198994926,26.651868322133318,9.99175387686161
6643.855022009574,37.949419773734405,36.38986797496489,26.648296385937243,9.741571589027648
6645.387080303763,37.2364841467963,36.15284750809593,26.64471687000396,9.508130638091972
6646.915842868556,36.25108765981154,35.93149519478352,26.64114681856773,9.290348376215789
6648.448606981274,35.97992454195165,35.722781056251804,26.637570224317457,9.085210831934344
6649.978073846256,35.70571766953279,35.525946356236766,26.63400605870232,8.891940297534447
6651.5078925630805,35.571917984589874,35.3389271247035,26.63044519508924,8.70848192961426
6653.041715592315,35.86280499060806,35.159938487965846,26.62687786508805,8.533060622877798
6654.572239095898,35.04275072016299,34.98863438541201,26.62332109070966,8.365313294702357
6656.106768756676,34.63637810762706,34.82315170792013,26.619758147515263,8.203393560404868
6657.63799737171,34.31935470844821,34.66337735947676,26.616205713564913,8.047171645911847
6659.173233989575,34.80247790078011,34.50777122641844,26.612645160110965,7.89512606630748
6660.705168040907,34.62166812149264,34.356414515369295,26.60909292762605,7.74732158774324
6662.237454511654,32.93935718399653,34.20837549933994,26.605541162158612,7.602834337181326
6663.773751754176,33.79081726363182,34.06284431989313,26.601982367644645,7.460861952248486
6665.306744148574,33.76164608131589,33.920125258888156,26.598434412969993,7.32169084591816
6666.843749162508,33.190738138574005,33.779215708701,26.594880974111387,7.184334734589617
6668.377447805775,32.70160588440661,33.640525075307394,26.591338759405936,7.049186315901455
6669.915160917191,32.69682284152822,33.50318026552087,26.587790473689648,6.915389791831224
6671.449566134696,33.00736649517689,33.36766903949877,26.584252825991975,6.7834162135068
6672.984324340105,32.653040292518654,33.23353461117552,26.580717991329422,6.6528166198461
6674.523099787074,32.21815769619028,33.10036492644084,26.577178230616397,6.5231866958244415
6676.058565054861,32.211397781794204,32.96872333306312,26.57365071553926,6.395072617523859
6677.598049414949,32.15420971288979,32.837931505755925,26.570118309325835,6.2678131964300885
6679.134222070857,32.01350442574054,32.70857934352733,26.56659687297447,6.141982470552866
6680.674415670659,32.104225345865,32.58002989145659,26.563068072147647,6.016961819308943
6682.21129604058,32.09295359205271,32.45288810804066,26.559548481328143,5.893339626712516
6683.748529967812,32.18011076420311,32.32684850850109,26.556030132211564,5.770818376289526
6685.289787616825,32.168487118295275,32.20162242238978,26.552505035826517,5.649117386563268
6686.827729746997,31.835942363946405,32.07781890479985,26.548990350830525,5.528828553969321
6688.369697452678,30.86125281034029,31.954862947106307,26.545469538053865,5.409393409052442
6689.908348112061,30.08380437966807,31.833357967057818,26.541959318091518,5.291398648966299
6691.451026201534,31.648814216395497,31.712744021658263,26.53844333172181,5.174300689936456
6692.9903857165455,31.206331199073393,31.593616915886102,26.534939047477476,5.058677868408624
6694.530099359191,29.89612261843817,31.47571016305134,26.5314386585377,4.944271504513639
6696.073843214293,29.77889772360101,31.358769027580326,26.527933840560827,4.830835187019498
6697.614266202284,30.087988981848923,31.243373059291542,26.524441254255738,4.718931805035804
6699.158721259449,29.67810641376119,31.128996328646604,26.52094597549285,4.608050353153755
6700.699853919579,30.77102274606887,31.016207129485544,26.51746502535083,4.498742104134712
6702.245020506456,30.24875435979553,30.904489020828965,26.513980341067807,4.390508679761157
6703.786863165673,30.144103443659276,30.79439716443138,26.510508501769436,4.283888662661943
6705.329060523767,29.518340678328062,30.685687468009764,26.5070418339563,4.178645634053464
6706.875294595463,28.92652093143653,30.578128800637394,26.50357284641488,4.074555954222516
6708.41820244315,29.79436528634878,30.472255794909138,26.500118402541435,3.9721373923677037
6709.965148864149,30.38686864527307,30.367584824865606,26.49666206009634,3.8709227647692654
6711.508767528749,31.851643027190594,30.26463523932445,26.493220082929007,3.771415156395443
6713.056426627231,32.650135501717166,30.162935781642492,26.48977555580545,3.6731602258370404
6714.600756436219,33.12183004567189,30.062991011351,26.486345198147642,3.576645813203357
6716.145441516249,33.661717691583,29.96457835898641,26.48292297905971,3.481655379926704
6717.694169821512,33.57468603508451,29.867487508108244,26.47950150589421,3.3879860022140362
6719.239566537227,31.89390145756974,29.772197220042575,26.476096423950626,3.2961007960919475
6720.789008340885,30.2223153842597,29.678266861653373,26.472690099730507,3.205576761922868
6722.335117020134,29.72009364067816,29.58615817268548,26.46929952682467,3.1168586458608076
6723.885272650897,29.10743381286665,29.495445043736098,26.465910537746893,3.0295345059892047
6725.432093621682,29.10328058959877,29.406568779086413,26.462539554574015,2.9440292245123967
6726.979270436597,31.15912386584725,29.319318640048284,26.459179245983016,2.860139394065267
6728.530496998881,32.79841655499993,29.2334967910199,26.45582244966784,2.7776743413520597
6730.078386597423,32.28972178994099,29.149510809280816,26.452482959812585,2.6970278494682325
6731.630327809048,31.47514313981077,29.066958183251494,26.449144642267292,2.6178135409842014
6733.178930519593,31.262867034858036,28.98623093987853,26.4458260426178,2.5404048972607334
6734.7315867098,29.825320584002668,28.906938346395663,26.442511708266075,2.4644266381295874
6736.28090286088,26.99267886885082,28.82945033844245,26.439217297207428,2.390233041235022
6737.830575430105,28.349476169856302,28.753567518248122,26.4359352093773,2.317632308870825
6739.384304279353,28.943626921712,28.679104563326995,26.43265792680932,2.246446636517676
6740.934690781995,28.42571348028997,28.606405234719332,26.429401451294723,2.1770037834246097
6742.489135433389,27.86753416946297,28.53511106445356,26.426150880208393,2.108960184245165
6744.040236198358,27.79106375853289,28.46554918030179,26.422922097465104,2.0426270828366837
6745.595396981665,27.964221565755313,28.39737458351699,26.4197001813763,1.97767440214069
6747.147212338021,28.056735566621427,28.33089889887938,26.41650145478916,1.9143974440902203
6748.699384687461,28.33144450164795,28.26594460100261,26.41331939785979,1.8526252031428168
6750.255619860119,28.030688827497844,28.20234750010874,26.410147010310187,1.792200489798553
6751.808507294624,28.204922483165266,28.140393459121388,26.4069980897617,1.7333953693596869
6753.365459424088,28.703513238244938,28.079770749925682,26.40385787947803,1.6759128704476536
6754.9190622730985,28.439327445821053,28.020753098125528,26.400743159718893,1.620009938406635
6756.476731689671,28.058026584755428,27.96304334211561,26.397640992060552,1.5654023500550602
6758.031050282778,27.979169135088,27.90689852171903,26.394566243870194,1.5123322778488344
6759.589437316911,27.94872262409456,27.852031018983624,26.39150305506443,1.4605279639191937
6761.144471983857,27.257801545962227,27.79868420592898,26.388466987485437,1.4102172184435424
6762.699864384484,27.006974205063727,27.746707038773973,26.385451296780204,1.3612557419937708
6764.259328036838,27.856540343165648,27.69596007342071,26.382448390226266,1.313511683194446
6765.8154370060065,26.912577469418867,27.64666512468144,26.3794729226721,1.2671922020093405
6767.375619102526,27.361105410191303,27.598567434137156,26.376511864071418,1.2220555700657376
6768.932444970359,27.66126936769666,27.551876981760977,26.37358116676978,1.178295814991195
6770.49334584203,27.697848214826596,27.506351078631475,26.37066830258226,1.1356827760492136
6772.050888938803,27.419943113378057,27.46218570017483,26.367787817539686,1.0943978826351475
6773.608790346317,26.768602051267013,27.41924885611886,26.364932347454754,1.0543165086641044
6775.170769572905,27.058072523499277,27.377419838764467,26.362094522972093,1.0153253157923734
6776.729388704858,28.38233885714914,27.336875881983573,26.359288020156463,0.9775878618271108
6778.292087534535,27.411735286283093,27.2974030984316,26.356501413478284,0.940901684953318
6779.851424721585,25.88881129591343,27.259167493249016,26.353748387237008,0.9054191060120075
6781.414843485871,26.463220228803408,27.221963866213986,26.35101564209723,0.870948224116754
6782.974899058823,28.22089434987163,27.185948248928504,26.34831758215487,0.8376306667736328
6784.5353135205105,26.595928375844835,27.151007738197787,26.34564717814431,0.8053605600534747
6786.099812379209,26.50052975633557,27.11703856470259,26.34299653395074,0.7740420307518493
6787.660945723099,27.474298114710653,27.084180496734785,26.340378816829578,0.7438016799052056
6789.22616534568,27.726521817236716,27.052256198941503,26.337783598606265,0.7144726003352391
6790.788017902962,27.06529863888818,27.02139800067172,26.33522596882421,0.6861720318475089
6792.35395862148,26.72460433256845,26.991437387398335,26.332694902846004,0.6587424845523318
6793.916530723493,27.22002133473538,26.962494774191025,26.330202420303245,0.6322923538877822
6795.479462293167,26.948589254764244,26.934474904647537,26.327741726699287,0.60673317794825
6797.0464848484,26.642192100330675,26.90729281419507,26.325307657953676,0.5819851562413956
6798.610136459905,26.704187866973683,26.88105813579759,26.322913770588166,0.5581443652094245
6800.177880941687,26.68573034208919,26.855626816853498,26.320551464651718,0.5350753522017797
6801.74225292675,26.373911359763017,26.831098063687776,26.318231477300195,0.5128665863875804
6803.310719667671,26.90422395451364,26.80733226435285,26.3159414382079,0.49139082614495005
6804.875812358165,27.68553647418415,26.784421577383757,26.313692174355264,0.47072940302849103
6806.441265096175,27.814990179679455,26.762287013334994,26.311477402872406,0.450809610462588
6808.010815418924,26.771316327239706,26.740857311425007,26.309291226844863,0.43156608458014395
6809.576989360269,26.07592151265692,26.720214819233615,26.307144519589514,0.4130702996441022
6811.147262774108,26.736705386223747,26.70024200749503,26.305027981737908,0.3952140257571224
6812.714158251045,25.935960354015464,26.681014995717234,26.302952293866134,0.3780627018511011
6814.285155089102,26.53722515371371,26.662421811179474,26.300906704083744,0.3615151070957296
6815.852772434042,26.22659184602796,26.6445330151154,26.29890195933906,0.3456310557763411
6817.420750407292,26.784735295240125,26.627287274388873,26.296935515900813,0.33035175848806037
6818.992832575104,28.15520035419894,26.610628409233303,26.29500388385636,0.3156245253769426
6820.561532915063,27.132711750721942,26.594617744392824,26.293116277090917,0.3015014673019074
6822.134339340386,23.520664905538528,26.579160381648798,26.291262952323844,0.2878974293249519
6823.703762379848,27.310235709550312,26.564311865516817,26.28945202045599,0.27485984506082795
6825.277293396344,27.789797395259086,26.549983891838217,26.28767446900408,0.2623094228341347
6826.847439468256,27.032698189653818,26.53622826837949,26.28593900228544,0.25028926609404956
6828.41794675021,27.124990296778154,26.522995310872847,26.284242707803013,0.23875260306983437
6829.99256484721,26.190784023616946,26.510240767273782,26.282583136126373,0.22765763114740703
6831.563795661124,25.8655505559922,26.4980106278106,26.280969056115747,0.2170415716948538
6833.139139183934,26.92413835750074,26.4862310775233,26.279392634258166,0.20683844326513492
6834.711093863139,27.59174714464052,26.47494192414347,26.277859998840956,0.19708192530251176
6836.287163145964,27.46997679012324,26.46407202605586,26.276361179391273,0.1877108466645882
6837.859842023944,27.532456688566498,26.453658758280483,26.2749031290901,0.17875562919038424
6839.432882694633,27.804054628506236,26.443662977304662,26.27348332070511,0.1701796565995524
6841.010040811534,26.172279430362977,26.434049471719195,26.27209918619261,0.16195028552658644
6842.583806181314,27.01600012524708,26.424851323958332,26.27075777534461,0.15409354861372154
6844.161690894212,26.935020116251707,26.416011851261395,26.26945275806973,0.14655909319166435
6845.736181296952,26.630263630696763,26.407559997617895,26.26818966693677,0.13937033068112312
6847.3147929405895,26.607170992095064,26.39944310598262,26.266962324709443,0.13248078127317717
6848.890008710311,26.171387372694,26.391688392590684,26.265776931216163,0.12591146137451972
6850.465586856351,26.292908937258375,26.384264827997328,26.264630667623052,0.1196341603742754
6852.045289090464,26.573844345160325,26.37714478178141,26.263520995071982,0.11362378670942704
6853.621593104609,26.343164507745342,26.370351257660673,26.262453101586587,0.1078981560740847
6855.202023106794,25.85166314564802,26.363840705590977,26.261421285318796,0.10241942027217926
6856.77905332345,25.68598920917111,26.35763304606137,26.2604295466925,0.09720349936887063
6858.360211428987,26.171165478952222,26.35168789273168,26.259472286026543,0.09221560670513607
6859.937968182717,26.875933623112047,26.346024627251918,26.25855468549748,0.08746994175444
6861.516087897315,26.762691608872302,26.34062033355882,26.257675220356525,0.08294511320229744
6863.098338352562,27.332196465933833,26.33545425004066,26.25683211470302,0.0786221353376393
6864.677185106164,27.07556850883606,26.33054209393095,26.25602916679061,0.07451292714033837
6866.260164503446,26.482137230627956,26.325850897296135,26.25526143193521,0.07058946536092386
6867.839738630999,26.918864458769324,26.321392563052083,26.254530233341434,0.06686232971064877
6869.423447306138,26.047445149128382,26.317137137283094,26.253831263064622,0.06330587421847231
6871.003749142743,26.914753821169057,26.31309781218759,26.253168341015932,0.059929471171658255
6872.584414525709,26.8421093962715,26.309258157275725,26.252541002305527,0.056717154970199225
6874.16921731263,26.72105851540181,26.30560234387842,26.25194756044985,0.053654783428570794
6875.750610907388,26.841197166444175,26.302139379411887,26.251389237471034,0.05075014194085239
6877.336143812202,26.493021230729852,26.29884426496531,26.250861473810975,0.04798279115433547
6878.918265954239,26.9500259607085,26.29572629148363,26.250366698918324,0.04535959256530369
6880.504529313312,26.59366012870663,26.292765478322266,26.249903557623924,0.04286192069834345
6882.08738033827,26.668969519856493,26.289969255974338,26.249473446101945,0.04049580987239228
6883.67437448812,26.43247337678574,26.287317501280533,26.24907319304024,0.03824430824029265
6885.257954731795,26.175235772235794,26.284816459815357,26.248703748771533,0.036112711043822986
6886.8418992760235,26.576746894610892,26.282453608293245,26.24836329963701,0.03409030865623623
6888.429989807439,25.862697316262032,26.280218134713635,26.24805049786892,0.032167636844716394
6890.014664074169,26.220365373152532,26.27811549687518,26.247766466497783,0.030349030377396436
6891.603486238138,26.207349848318987,26.276131094778577,26.247509931473235,0.028621163305342867
6893.188890563552,26.391920614462098,26.274269282567406,26.247281464891227,0.026987817676179117
6894.77844469714,26.449379886828698,26.272514914437163,26.24707799782135,0.025436916615814688
6896.3645794175745,25.80390892279567,26.270870788172402,26.246899036238588,0.023971751933815035
6897.9510790262175,26.500505101475373,26.26932786578358,26.24674325342146,0.022584612362119227
6899.541731309946,26.53677688352829,26.267878944301067,26.246610249348358,0.021268694952708077
6901.128961818206,26.39150148183873,26.26652735173155,26.246500691439085,0.02002666029246702
6902.720346914689,26.531130920542978,26.26526288000554,26.246413764742776,0.018849115262762936
6904.3083086592915,26.843846443239983,26.264087099365778,26.246348738678748,0.01773836068703016
6905.900426906133,26.927005045336475,26.262990214018956,26.2463042939776,0.01668592004135477
6907.489120223959,26.65868844315398,26.26197351365954,26.246279736121846,0.015693777537693587
6909.078179018595,26.466147433114177,26.26103025804446,26.246273791296012,0.01475646674844689
6910.671397187007,26.131567532123515,26.260154893351284,26.24628572043153,0.013869172919754848
6912.261188060275,25.91527716766038,26.259348466926678,26.246314990311777,0.01303347661490181
6913.855140223543,25.829399806889345,26.25860398536226,26.246361130698347,0.012242854663913331
6915.4456635127135,25.65364651529336,26.25792189291325,26.246423232963473,0.0114986599497755
6917.040350008986,25.663199152944575,26.257295837012386,26.24650080622683,0.010795030785555196
6918.631606051482,26.180543291231118,26.256725592933154,26.246592471558525,0.010133121374628748
6920.223228160339,26.87196419062019,26.25620633119101,26.24669721483484,0.009509116356171878
6921.819016352468,26.447952146288145,26.25573373816859,26.24681407778786,0.008919660380731352
6923.411371720877,25.84350462827345,26.25530733030837,26.246941673226665,0.008365657081704479
6925.007895091869,26.53763980363522,26.25492241563424,26.247079772510286,0.007842643123953554
6926.60098405764,26.425619325650732,26.254578085725367,26.247226703306392,0.007351382418974932
6928.198242946192,26.503701267897384,26.25427068892932,26.247382807734873,0.006887881194447868
6929.792065847296,26.560102622626406,26.25399975623533,26.24754697365114,0.006452782584189284
6931.386255405262,26.387937733864675,26.253762075883227,26.247718611389487,0.006043464493738352
6932.984617766819,26.404763555274258,26.25355543441116,26.247897810038626,0.005657624372536909
6934.579541767159,26.69378127461926,26.25337919540213,26.248083440523637,0.005295754878490828
6936.178640493497,26.209281892818126,26.25323013347499,26.248275286486717,0.004954846988271255
6937.774299274569,27.374342828766633,26.253106166736497,26.248470856191688,0.004635310544809163
6939.374134704932,26.709950380207207,26.253004222984448,26.248669758535257,0.004334464449191204
6940.970528605248,26.16686656787408,26.252923922283873,26.248871274547774,0.004052647736097804
6942.567289753882,26.30506602468685,26.252863985761582,26.249075899819086,0.0037880859424953297
6944.168230437263,25.816341696388182,26.25282284088792,26.249283617816808,0.003539223071111386
6945.765727213003,26.449211785509164,26.252798853516502,26.249492542327197,0.0033063111893068074
6947.3674054489975,25.524791250495586,26.252790210347452,26.24970285884919,0.0030873514982617707
6948.965638190744,25.103027281143397,26.252795719564496,26.249913170618516,0.0028825489459789015
6950.568054319144,25.712898868401624,26.2528152877323,26.250125157667018,0.002690130065283196
6952.167023365956,26.231917295830698,26.252848083145818,26.250337823097873,0.002510260047946048
6953.766360253496,25.807129744077887,26.252892246677284,26.25055049032241,0.002341756354872585
6955.3698834178,25.782642985199544,26.25294669784574,26.250763114375367,0.0021835834703726963
6956.969957119087,27.11122840208589,26.25300936024078,26.250973501625992,0.0020358586147904848
6958.574219025752,27.422074638109706,26.25307759025133,26.251180316745213,0.0018972735061166264
6960.175029880234,26.499169256322833,26.253150665158664,26.251382745272764,0.0017679198858982742
6961.7800308696005,25.976183637752825,26.253229198307107,26.25158255646639,0.0016466418407190008
6963.381579216883,26.485990112871605,26.253311815600206,26.251778305616032,0.0015335099841749871
6964.983495998259,25.682748215730555,26.253397324698742,26.251969576481088,0.0014277482176534024
6966.589605809292,26.493832599765454,26.253485074281137,26.252156396431097,0.0013286778500393277
6968.192260592969,26.399388795751126,26.253575341167643,26.25233899656691,0.001236344600735227
6969.799110338031,26.475610416728305,26.253668757899177,26.2525188532166,0.00114990468257843
6971.402503464008,26.65683036323543,26.25376408000353,26.252694689048134,0.0010693909553985798
6973.010093483984,25.721729791054315,26.2538595730324,26.25286551199889,0.0009940610335090379
6974.614225292415,25.657949909073356,26.253953716640755,26.253029779262707,0.0009239373780461749
6976.218726129258,26.143975650855822,26.25404693976617,26.253188421418184,0.0008585183479850588
6977.827426759544,26.248220882474275,26.25413972305971,26.253342357217292,0.0007973658424162578
6979.432666789165,25.961437790003572,26.254230836502188,26.253490345996777,0.0007404905054101672
6981.042108547068,25.867960008238814,26.254319271938765,26.25363191585953,0.0006873560792359681
6982.648088110007,26.34487689985363,26.25440567867587,26.2537677113041,0.0006379673717682488
6984.2582713369675,26.823714629212958,26.254491400986865,26.253899546439207,0.0005918545476562155
6985.86499077393,26.895892853117687,26.25457570899263,26.25402669109643,0.0005490178961980801
6987.472079834588,26.365468190820707,26.254658591705443,26.25414945363652,0.0005091380689228405
6989.083375463384,26.928423820473316,26.254740167566617,26.25426823103657,0.000471936530047498
6990.691204909211,27.8174354935409,26.254820069087422,26.25438266031631,0.0004374087711115139
6992.30324286114,27.117277808238075,26.254898599483543,26.254493380531578,0.0004052189519639823
6993.91181303323,26.769953585876042,26.254975351483807,26.254599991074436,0.0003753604093719723
6995.524593650278,26.460553021200184,26.255050889275005,26.25470334914188,0.00034754013312494273
6997.1339048898835,26.44504063143387,26.25512541422452,26.25480366426502,0.00032174995950194537
6998.743586349425,26.548362426470366,26.255199940966392,26.254902151318564,0.00029778964782787253
7000.357481162729,26.85446372258156,26.25527559611769,26.25500011134529,0.0002754847724014873
7001.967904201755,27.156564207287914,26.25535207122035,26.255097245350214,0.0002548258701372939
7003.582542535634,26.23361175713157,26.25542929270111,26.25519368702169,0.00023560567941867
7005.193707495791,26.21198720338711,26.255507090208777,26.255289275855123,0.0002178143536550004
7006.809089692786,26.32871900102032,26.255586586151463,26.255385314331978,0.00020127181948352313
7008.420996915877,26.571311618612725,26.255668359165913,26.25548239103086,0.0001859681350544693
7010.037123318682,26.783321002805142,26.255753054788414,26.255581307752625,0.00017174703579000186
7011.649773146667,26.59411736429576,26.255840556499862,26.25568195779512,0.00015859870474176305
7013.2627939626245,26.579535135164182,26.25593176495376,26.255785349276895,0.00014641567686549502
7014.880036873135,27.127159924475567,26.256028521097388,26.25589341660295,0.000135104494437172
7016.493800807019,26.885080576245457,26.25613163328403,26.256006977463223,0.00012465582080943823
7018.111788780574,26.169867736765443,26.256241960862816,26.256127000263987,0.00011496059883000347
7019.726296174736,26.0588939696639,26.256358992644042,26.2562529826998,0.0001060099442447033
7021.345029554582,26.798409777246235,26.25648373721318,26.25638602759903,9.770961414924296e-05
7022.960280751536,26.902876902606465,26.256616929108915,26.25652687786637,9.005124254445878e-05
7024.575903534905,26.42274143106036,26.256759846492844,26.25667687676252,8.296973032668244e-05
7026.195755223496,27.43433706903176,26.256913738200783,26.25683732966569,7.640853509337985e-05
7027.812122323515,27.697292359796677,26.25707889985157,26.257008539716423,7.036013514764967e-05
7029.432720277013,27.312196891611507,26.257256879369493,26.257192119927577,6.475944191661003e-05
7031.04983203659,28.122474389312657,26.2574475777785,26.25738797826542,5.9599513080895787e-05
7032.671176598796,27.623518294031868,26.257653094756904,26.257598270420758,5.4824336145977084e-05
7034.289033360992,27.220386674936496,26.257873582493698,26.257823154949524,5.042754417357198e-05
7035.9072623090115,28.28749385131886,26.258110509423748,26.25806413913366,4.6370290088185174e-05
7037.529726983909,28.206274017774295,26.258365388722126,26.258322769846735,4.261887539067236e-05
7039.148701449237,27.424524434673003,26.25863806545418,26.25859889768809,3.9167766090973935e-05
7040.771913592844,28.147400452972704,26.258931144108292,26.258895165429365,3.597867892855398e-05
7042.39163391894,27.567206593339936,26.25924475836863,26.2592117117634,3.304660523104853e-05
7044.015593875611,28.375150844725997,26.25958158751926,26.259551248782046,3.033873721562142e-05
7045.636060406094,28.012997844630405,26.259940660587247,26.25991281002529,2.7850561956388865e-05
7047.256899722772,27.615133400213665,26.26032297442267,26.26029741517994,2.55592427304682e-05
7048.881981598991,27.75365561155994,26.260730406666614,26.260706961672234,2.344499437794343e-05
7050.503567635574,27.581770891664096,26.261162926341814,26.26114142235548,2.150398633523273e-05
7052.129398186244,27.888629764388643,26.261624125543033,26.261604411515286,1.971402774634616e-05
7053.751731286747,27.598193269906805,26.262112814705638,26.2620947430048,1.807170083876377e-05
7055.3783108567795,26.761618001778235,26.262631758990395,26.262615200922685,1.655806770987745e-05
7057.00139136537,27.479509255616108,26.263178760648724,26.26316359055926,1.5170089464391304e-05
7058.624845261501,28.828845099385347,26.26375596423857,26.263742069698125,1.3894540445032874e-05
7060.252548560854,28.41515671742343,26.26436727912063,26.264354559143936,1.271997669498715e-05
7061.876750381425,28.07586325543312,26.26501161306429,26.264999969198698,1.1643865590145518e-05
7063.505203562915,26.210250156418628,26.26569300465992,26.26568235112952,1.0653530398582052e-05
7065.130153652495,27.33303697253149,26.26640824167922,26.266398494942386,9.746736832873305e-06
7066.7593570615945,28.15678050660253,26.267161163225513,26.267152250514123,8.912711388616714e-06
7068.385055764911,27.71820864664818,26.267949065596785,26.26794091610818,8.14948860275984e-06
7070.011128458075,28.543745261460888,26.26877471917448,26.26876726965213,7.449522350025552e-06
7071.641457409185,28.599938170553685,26.269641500444823,26.269634694153503,6.806291319278145e-06
7073.26827923327,27.74800516587277,26.270546742691923,26.270540524509954,6.21818196785001e-06
7074.899359276154,28.080242855144633,26.271496158439476,26.271490480382177,5.678057297317607e-06
7076.526930576282,28.029790045776085,26.272485989121183,26.272480804613924,5.184507257645422e-06
7078.158762056968,27.667444289500764,26.273521145055025,26.273516413563485,4.7314915406651756e-06
7079.787083178422,28.14680649497703,26.27459751686047,26.27459319907951,4.3177809582536645e-06
7081.415778893011,26.96837365939757,26.275718475282723,26.27571453614919,3.9391335302627915e-06
7083.048737731322,26.94763219791838,26.276887620034998,26.276884028146995,3.591888004741699e-06
7084.678183785253,26.987837550848326,26.27809962372025,26.27809634867198,3.2750482734136266e-06
7086.311894926928,26.943725523252485,26.279360448557505,26.279357463903263,2.9846542406829966e-06
7087.942091665885,26.927123836935607,26.28066457198576,26.28066185214318,2.7198425817940713e-06
7089.576555457506,26.612655577813626,26.28201909126949,26.282016613993875,2.477275615496138e-06
7091.207503227327,25.989304506079947,26.283418563195443,26.283416306988705,2.256206738782829e-06
7092.838826194539,26.695583320764626,26.28486699559842,26.284864941311913,2.0542865074661716e-06
7094.474419162329,26.14931903146598,26.286368163616554,26.28636629412686,1.8694896944919569e-06
7096.106493679259,25.671324050055237,26.287914737944703,26.287913036726504,1.7012181983552554e-06
7097.742840163954,26.68273141454876,26.28951423765003,26.289512690343642,1.5473063900715295e-06
7099.375666576839,28.016328492108045,26.29115950356908,26.291158096329355,1.4072397243442155e-06
7101.012766925583,27.08085585567304,26.29285894221065,26.292857663010142,1.2792005071645057e-06
7102.646345580824,25.323538109402225,26.294604610533575,26.294603447786617,1.1627469597613122e-06
7104.280300038687,26.231226959745158,26.296400391722905,26.296399335125937,1.0565969672430676e-06
7105.918531385075,27.854056926338448,26.298250602626965,26.29824964298021,9.596467555387424e-07
7107.553238604982,27.47335226461942,26.300146778539624,26.300145906993514,8.715461106947176e-07
7109.192224683775,25.463716679083603,26.302098424994988,26.302097633867188,7.911278008785971e-07
7110.827685012523,25.3624053758287,26.30409646358688,26.3040957454943,7.180925792375784e-07
7112.467426171425,25.88164569699956,26.306149533752755,26.306148882287957,6.514647977556197e-07
7114.103639955972,26.304384654005023,26.308247067742908,26.308246476753673,5.909892327576594e-07
7115.740230149349,26.20379506574864,26.31039377911664,26.31039324314015,5.3597649110264e-07
7117.38110413031,25.558220999572967,26.31259475022391,26.31259426439007,4.858338365175603e-07
7119.018448300015,25.029623038281557,26.314838754557226,26.314838314196322,4.4036090321523806e-07
7120.66007823084,25.531244099814646,26.317135153408067,26.31713475447043,3.989376349615882e-07
7122.298176724226,25.29430641061126,26.319473639541016,26.319473278147107,3.6139390739666767e-07
7123.940562953183,25.735740475699487,26.321865969864955,26.321865642651375,3.2721357972768726e-07
7125.579416117769,25.57837074440741,26.32429892687363,26.324298630621175,2.9625245620661377e-07
7127.218646298372,24.80846221825388,26.32677662303597,26.326776354890686,2.6814528068009573e-07
7128.862167176744,24.94915853999942,26.329304205299948,26.329303962721532,2.425784144031824e-07
7130.502152549914,25.373569544796485,26.33186925024836,26.331869030808672,2.1943968631136924e-07
7132.146430597576,26.145945798320728,26.334483420481277,26.334483222076827,1.9840444897584037e-07
7133.78717151123,26.534575876917902,26.337133329275385,26.337133149897355,1.7937802991387928e-07
7135.4322070770095,26.727273781522598,26.339830234430604,26.3398300723393,1.6209130549185767e-07
7137.073703879225,26.676800799995704,26.342560067805163,26.34255992134066,1.4646450434777834e-07
7138.7194973121095,26.134721112877912,26.345334921332945,26.34533478905815,1.322747940334739e-07
7140.361750351123,25.67769621074092,26.348140799063923,26.348140679608854,1.1945506880147058e-07
7142.004381188291,24.83509843267129,26.350982919531184,26.350982811683796,1.0784738745648523e-07
7143.651311624471,25.77157519432163,26.35386612536963,26.353866028053275,9.731635623335632e-08
7145.294699220887,25.31167688029612,26.356774624405666,26.356774536595317,8.781035004695799e-08
7146.942388397139,24.327224002051654,26.359720432902584,26.359720353711523,7.91910600438358e-08
7148.586533101442,26.404532696128772,26.36268799802126,26.36268792660603,7.141523144889853e-08
7150.234981367317,27.587533404897616,26.365690391278612,26.365690326909792,6.43688178927414e-08
7151.879883528305,28.210794822594213,26.368711741404862,26.36871168338923,5.8015634697956496e-08
7153.525164096873,26.06907866827655,26.371756527325484,26.371756475050717,5.2274768663448835e-08
7155.174751200148,24.628185880487052,26.374830597493872,26.374830550416924,4.707694887660168e-08
7156.820789748694,24.86586769819823,26.377918133723277,26.37791809132871,4.239456683648622e-08
7158.471136815965,24.411158111568913,26.38103185674741,26.381031818589847,3.815756283462389e-08
7160.11793369369,24.074906162786647,26.38415457533338,26.38415454099045,3.434293003764485e-08
7161.769041075074,23.514862047988316,26.387298711612857,26.38729868071972,3.0893136864793204e-08
7163.416596631339,24.12222556355914,26.39044698530968,26.39044695752064,2.778904027586254e-08
7165.064531205596,25.021271764727263,26.393605134285483,26.39360510929569,2.4989792234858298e-08
7166.716779261439,25.278209028252974,26.396779103897458,26.39677908143699,2.2460468530178695e-08
7168.365473038373,25.11556315687855,26.39995099582565,26.399950975639072,2.0186579263068547e-08
7170.018482284114,25.003083201954013,26.403132994103874,26.403132975970728,1.8133145025835025e-08
7171.667935613488,24.003481032793417,26.406307322664198,26.406307306376043,1.6288154402073255e-08
7173.3217063998045,22.761452106009017,26.40948748906922,26.40948747444622,1.4623001301957829e-08
7174.971919631547,24.608482164487103,26.412656060881332,26.41265604775359,1.312774354057885e-08
7176.622512492674,27.913127730021618,26.415817386345413,26.415817374563353,1.1782059363042048e-08
7178.277425793476,27.645714392262732,26.418976766898552,26.418976756329954,1.0568597308479257e-08
7179.928779081952,25.17226261128087,26.42211686986213,26.42211686038224,9.4798899513838e-09
7181.584454800525,24.099854639955968,26.425249657676503,26.42524964917778,8.498723053875478e-09
7183.236568866679,25.085645604703902,26.42835688615546,26.428356878536523,7.618938101190148e-09
7184.8930073542715,25.067463765983437,26.43145042320352,26.431450416377004,6.8265152408378695e-09
7186.545882548593,24.152943278014764,26.434513489629868,26.434513483513484,6.116382750960144e-09
7188.199137984679,24.85419474257,26.437551604914766,26.43755159943619,5.478577417473622e-09
7189.856720829749,25.222101290495402,26.440569457659784,26.44056945275518,4.904603736977128e-09
7191.510737919832,24.424534493901717,26.44354881200634,26.44354880761566,4.39068110572558e-09
7193.169084412534,23.57337027258879,26.446500511156398,26.446500507227938,3.928459269742888e-09
7194.823863507506,23.8837189287068,26.449407724665836,26.449407721151,3.5148358568769875e-09
7196.482973999651,25.08490147619611,26.452281872419707,26.452281869276668,3.1430380956382693e-09
7198.138515450567,25.571503245166838,26.45510640623617,26.455106403425646,2.8105237600618273e-09
7199.794437756617,24.566645108082245,26.457885060955405,26.457885058442926,2.5124789669746814e-09
7201.454694452206,24.78825868099719,26.46062145089491,26.460621448650105,2.244804551601053e-09
7203.111379640878,24.88881464898967,26.463299762146463,26.463299760140842,2.0056194403877805e-09
7204.7724012159415,25.10667171775083,26.46592993509622,26.46592993330529,1.7909310563692368e-09
7206.429849638694,25.63518450770701,26.468496428869408,26.468496427270203,1.5992033341359816e-09
7208.091636445607,25.777510291576537,26.471008420786422,26.47100841935921,1.4272112523854467e-09
7209.749848454064,25.39377756475503,26.473450946357104,26.473450945083403,1.273702211165317e-09
7211.4084419320125,25.769791078983673,26.475827387046902,26.475827385910517,1.1363839778054968e-09
7213.071376791314,25.33099732528754,26.478140913578255,26.478140912564946,1.0133073181268238e-09
7214.730734382493,24.90731251819085,26.480378499534297,26.480378498630746,9.035521027384578e-10
7216.394435355094,25.027437721127654,26.48254723002215,26.482547229216912,8.052366172745814e-10
7218.054557411528,24.995054682933215,26.48463245871148,26.484632457993868,7.176131034035418e-10
7219.719024850379,24.853080791159243,26.486639985709395,26.486639985070227,6.391678361696152e-10
7221.379911724259,25.352326020709626,26.488558025991725,26.48855802542243,5.692939646426093e-10
7223.041180682979,24.84936463132215,26.490390022399133,26.490390021892217,5.069157723889459e-10
7224.706798026144,24.67938057701247,26.49213789013574,26.49213788968462,4.5111976916156477e-10
7226.368832330686,25.499845014677195,26.49379034054163,26.493790340140166,4.0146335219254624e-10
7228.035217022971,25.877940743917094,26.495352050238164,26.49535204988109,3.570723314657082e-10
7229.69801702593,25.00363233293115,26.496813119530888,26.4968131192133,3.175887201838741e-10
7231.365169420852,25.613385128590238,26.49817767337235,26.498177673090037,2.823121693956789e-10
7233.0287354749835,25.420523605367862,26.499436042529858,26.499436042278905,2.5095352013808277e-10
7234.6926842303,25.319745743633604,26.500588812411156,26.50058881218814,2.23015239961293e-10
7236.360988384448,25.639427385011974,26.50163575737543,26.501635757177354,1.9807541517556198e-10
7238.025703720168,25.183664363446923,26.50256946225637,26.502569462080448,1.7592463054174963e-10
7239.694776461249,24.663184575213393,26.503392199040835,26.503392198884672,1.5616255936435467e-10
7241.360258730534,25.52531572661252,26.50409806277706,26.50409806263844,1.3862061251124125e-10
7243.030100412637,25.642143902335594,26.504688461892474,26.504688461769494,1.229793862982793e-10
7244.696349968814,25.769407807975142,26.50515793545603,26.505157935346926,1.0910333840036421e-10
7246.362982843512,25.898733756467607,26.505505172543078,26.505505172446313,9.676567158576948e-11
7248.033978142744,25.15267544552913,26.505727769246707,26.505727769160934,8.57743283111181e-11
7249.7013788344175,25.378139659336796,26.505821916658892,26.50582191658286,7.603182658113868e-11
7251.3731439603935,25.79965259738515,26.50578597941872,26.505785979351366,6.73574554151211e-11
7253.041312822774,25.88052278018509,26.505619294826563,26.50561929476689,5.967309908271958e-11
7254.713848130151,25.561997675885095,26.505320147301,26.505320147248163,5.2835166336290585e-11
7256.382785517136,25.12937660264214,26.504888248534364,26.504888248487582,4.678114234485853e-11
7258.052106840974,24.971222398525583,26.50431978513036,26.50431978508895,4.140913167021203e-11
7259.725797626384,25.14964065637386,26.50360999590421,26.503609995867578,3.66329684729823e-11
7261.3958880057635,25.147078792264214,26.50276011714254,26.50276011711013,3.240800042935621e-11
7263.070349859725,24.66375836105073,26.501764998373563,26.50176499834491,2.865381562181904e-11
7264.741209648952,24.985188256152213,26.500628250760744,26.50062825073541,2.533479581342026e-11
7266.416442926695,25.43296310301315,26.49934319235088,26.499343192328496,2.238730788743513e-11
7268.088072480234,24.858845545743694,26.497914954596435,26.497914954576654,1.978297677589011e-11
7269.764077537155,26.12307505346081,26.49633532193429,26.496335321916817,1.7471506025347317e-11
7271.436477209637,26.0161760623447,26.494609803967865,26.494609803952436,1.5430320049346645e-11
7273.1092616154665,25.802568594941278,26.492732249410796,26.49273224939717,1.3623763105528313e-11
7274.78642454751,25.60574884598168,26.490696342024304,26.49069634201228,1.20217387894757e-11
7276.459979604323,25.151341841727515,26.48851225430227,26.488512254291663,1.060826253663812e-11
7278.137915204536,24.90587805359752,26.486169479025563,26.48616947901621,9.355536570182324e-12
7279.812241267368,25.527947072600913,26.483677888859063,26.483677888850814,8.2508842662295e-12
7281.490949891717,25.10237953072547,26.481023036432976,26.481023036425704,7.272423716073285e-12
7283.166047315773,25.550181273797534,26.478216779214737,26.478216779208328,6.410114568461185e-12
7284.84153009379,25.435045318024407,26.475252583389114,26.475252583383465,5.648458815981491e-12
7286.521398461034,24.88819155343194,26.47212147883262,26.472121478827646,4.974393628314264e-12
7288.197653133174,25.433962745526628,26.468837451780452,26.46883745177607,4.3808576937205394e-12
7289.878295414978,24.805566392856097,26.4653843400662,26.465384340062347,3.8558804945559466e-12
7291.55532233685,24.93536526639417,26.461778466498686,26.461778466495293,3.393887056677919e-12
7293.2367388897555,25.449067209424214,26.458002798872567,26.458002798869583,2.9854928989726854e-12
7294.914538417136,25.48369383989666,26.45407528063475,26.454075280632125,2.626302127633255e-12
7296.592723920093,25.365796539781375,26.449985960205304,26.449985960202994,2.3096750658998524e-12
7298.275302086678,25.864810910186264,26.445724412489447,26.44572441248742,2.0300234080317475e-12
7299.9542607288995,25.95014586403295,26.441311661181757,26.441311661179974,1.7842761439418182e-12
7301.63761405845,25.071155270960332,26.43672621357921,26.436726213577643,1.5673517254667144e-12
7303.317346196122,25.51937166395391,26.431989663563098,26.43198966356172,1.3768363149589651e-12
7305.001475045752,25.463907193912405,26.42707971533658,26.42707971533537,1.2087624139013382e-12
7306.6819810352235,24.933170983836565,26.42202028624465,26.422020286243587,1.0612351251437934e-12
7308.36287362289,25.66677634902419,26.4168004843773,26.41680048437637,9.314506330071804e-13
7310.048165960001,25.242280172891896,26.411407750668392,26.411407750667575,8.170525318520909e-13
7311.7298329340865,26.04818927763617,26.405867333629548,26.40586733362883,7.167257852096595e-13
7313.415901684578,25.539734337126422,26.40015260795996,26.40015260795933,6.28343902023972e-13
7315.098343401841,25.160222074100606,26.394291629918566,26.394291629918015,5.508778070222212e-13
7316.785188923406,25.65271859600955,26.388257769194624,26.38825776919414,4.826739825099265e-13
7318.46840574077,25.661410554904762,26.382081176521574,26.38208117652115,4.229281419735098e-13
7320.15200977995,25.403798644749997,26.375748774330305,26.375748774329935,3.7047323410859764e-13
7321.840020665822,25.053437391881772,26.369245148033635,26.36924514803331,3.2432987367668073e-13
7323.524400340585,25.221839052436934,26.362601275481886,26.3626012754816,2.839435632213833e-13
7325.21318889227,25.081353417678542,26.355786071946063,26.355786071945815,2.484370605254925e-13
7326.898344559953,24.80063766216745,26.348833296165907,26.34883329616569,2.1737834609142687e-13
7328.5879111357235,25.136539960205084,26.341711489181307,26.341711489181115,1.9008807472301147e-13
7330.273843153822,24.842727991227065,26.33445625301848,26.334456253018313,1.6623007202742967e-13
7331.960163018365,25.689041929133793,26.32705226790925,26.327052267909103,1.4532551535390174e-13
7333.650896838293,25.403442269952592,26.319482465553214,26.319482465553087,1.2697317135776087e-13
7335.337993589598,24.826399749723294,26.311783532906883,26.311783532906773,1.1094278625176759e-13
7337.029506329796,24.790688305402142,26.303919767623892,26.303919767623796,9.687760682773436e-14
7338.717380325776,24.86575563065188,26.295930508058305,26.29593050805822,8.459901895550814e-14
7340.40967234509,25.3613541822439,26.287780873825174,26.2877808738251,7.383187506355793e-14
7342.098323943818,25.780421806430812,26.279511900050775,26.27951190005071,6.443779135671254e-14
7343.787364014628,25.283148965696256,26.271104846064112,26.271104846064055,5.6223121294999343e-14
7345.480825160984,25.552413659320905,26.262540725774667,26.262540725774617,4.902583817859796e-14
7347.170643371754,25.79345974477363,26.253861964873007,26.253861964872964,4.275177559994331e-14
7348.864884694858,24.43322645279693,26.24502826699436,26.245028266994325,3.725790837684607e-14
7350.555481404076,25.449466169889238,26.236083834639167,26.236083834639135,3.247150541855524e-14
7352.2505032633535,25.30802571963591,26.226988412313908,26.22698841231388,2.828270707736195e-14
7353.941878829674,24.977085772550826,26.21778733336553,26.217787333365504,2.4635407620941493e-14
7355.6336434947225,24.694018839917224,26.208461568760267,26.208461568760246,2.1452409952546588e-14
7357.329836366961,24.466174311424997,26.198990836717023,26.198990836717005,1.8669218754052664e-14
7359.022380427188,24.53299346526308,26.18942174872671,26.18942174872669,1.6247902483351235e-14
7360.71935473468,24.69311333414268,26.17971039891797,26.179710398917955,1.413193398188023e-14
7362.412678549152,25.583931536057495,26.169905321304142,26.16990532130413,1.2292142430172484e-14
7364.110434651902,25.07261887311572,26.159962741425826,26.159962741425815,1.0685285227797732e-14
7365.804538579854,24.24520848892797,26.149932913620354,26.149932913620344,9.288956483818009e-15
7367.499032234188,24.712628776664758,26.139794814176334,26.139794814176327,8.072820498521352e-15
7369.197961238864,25.9644277521403,26.129525773542284,26.129525773542277,7.011571035499844e-15
7370.893235545621,25.661184178461127,26.119177353925124,26.119177353925117,6.090157603365286e-15
7372.592947246085,26.335689602403534,26.10870352432121,26.108703524321207,5.286555730509206e-15
7374.289002564911,25.908178809274318,26.09815594430293,26.098155944302928,4.5892406791868945e-15
7375.989497321749,26.33430220617967,26.087485508457494,26.08748550845749,3.981432519762018e-15
7377.686334012457,26.713572403305367,26.076744651687267,26.076744651687264,3.4543171293693134e-15
7379.3835610582155,24.708955202495275,26.06591246850988,26.065912468509875,2.9961435208553954e-15
7381.08523060899,25.37503987100465,26.054967071946773,26.05496707194677,2.597123778025342e-15
7382.783239566444,25.435993409466562,26.043962766447795,26.04396276644779,2.2513752319330354e-15
7384.485693075573,25.35764026375773,26.0328484876183,26.032848487618296,1.9504380625071528e-15
7386.184484304949,24.925438323138142,26.02167905824077,26.02167905824077,1.6898269380871995e-15
7387.887722133604,24.29053757007722,26.01040451113642,26.01040451113642,1.4631227199383512e-15
7389.587295995292,24.491604679043633,25.999081830664522,25.999081830664522,1.2669096710075838e-15
7391.2872608417165,25.64681711901855,25.98768721924073,25.98768721924073,1.0967006757816814e-15
7392.99167535937,25.155447996625924,25.97619567666876,25.97619567666876,9.487639064979585e-16
7394.692423378792,25.205710291165673,25.96466436490634,25.96466436490634,8.208342114176611e-16
7396.397623119406,25.533225454034184,25.953040729188686,25.953040729188686,7.097080697676793e-16
7398.099154672633,25.477628744287987,25.941382579328643,25.941382579328643,6.136657360890908e-16
7399.80513999796,25.52765121427854,25.929637490639834,25.929637490639834,5.302863197728561e-16
7401.507455445969,26.02708695865772,25.917865006041524,25.917865006041524,4.582657455978296e-16
7403.214226717925,25.336892078225763,25.90601134805707,25.90601134805707,3.957766804152936e-16
7404.9173264218525,25.58944525933811,25.894135417682016,25.894135417682016,3.418314511284538e-16
7406.62081792163,25.605370057675007,25.8822119161421,25.8822119161421,2.9515585724575433e-16
7408.328768323679,25.005488171498772,25.870215116230323,25.870215116230323,2.546922634990794e-16
7410.033044621182,24.965699709841264,25.11838295699356,25.11838295699356,2.1979104456521993e-16
7411.741781875172,24.575359480486725,25.114449652408993,25.114449652408993,1.895521046088164e-16
7413.446843331958,25.0082136542261,25.110521518480507,25.110521518480507,1.634849241279105e-16
7415.15636780039,24.987104611194866,25.106579799817553,25.106579799817553,1.4091285240869224e-16
7416.862214778182,24.79952371075669,25.102643261179036,25.102643261179036,1.2146595615353429e-16
7418.568454183826,24.67564872771888,25.09870251720996,25.09870251720996,1.0467335006161314e-16
7420.279159684411,24.430016838269356,25.09474814238606,25.09474814238606,9.014478392123082e-17
7421.986185153743,24.870186781434715,25.090798961736866,25.090798961736866,7.76384822844791e-17
7423.697678775539,25.059818517971166,25.08683611941543,25.08683611941543,6.682451586748764e-17
7425.405490670694,25.315702346561153,25.0828784807748,25.0828784807748,5.752109626262924e-17
7427.117772776793,25.895093802562034,25.078907149597857,25.078907149597857,4.948120420357343e-17
7428.826371460078,25.738835781329787,25.07494103166289,25.07494103166289,4.2568319916035545e-17
7430.535363204246,24.391963182229407,25.07097067116071,25.07097067116071,3.661089713967785e-17
7432.248828247619,25.015045291851834,25.06698657175714,25.06698657175714,3.146698583970056e-17
7433.958607323473,25.283278964050027,25.063007700034703,25.063007700034703,2.7047925213956553e-17
7435.672861759381,25.08397579826323,25.059015058430294,25.059015058430294,2.3234488211293753e-17
7437.383428529644,25.225835381139916,25.055027654205674,25.055027654205674,1.9960292627275766e-17
7439.0984727217565,25.575696812751406,25.051026449071887,25.051026449071887,1.7136434753471156e-17
7440.80982754932,25.313153930557068,25.0470304910715,25.0470304910715,1.4713272674165988e-17
7442.521576071813,24.889182230541707,25.043030253318516,25.043030253318516,1.2629197868798819e-17
7444.237805109401,25.08541026285656,25.039016168046782,25.039016168046782,1.0833310343996283e-17
7445.950342233626,25.014662020843307,25.035007344635964,25.035007344635964,9.293574001429986e-18
7447.667361937117,25.10291297224612,25.030984642562778,25.030984642562778,7.967511838037244e-18
7449.3806880263855,25.104493124649707,25.02696721224135,25.02696721224135,6.831238557469221e-18
7451.09849876004,24.727730999211417,25.022935872067393,25.022935872067393,5.8532088346348225e-18
7452.812614177824,25.9935877277016,25.018909813590888,25.018909813590888,5.015635786325773e-18
7454.527123925607,25.040737897528945,25.014879438227354,25.014879438227354,4.2967072714431295e-18
7456.246121416014,25.486582941241664,25.010835106157355,25.010835106157355,3.6784306662654e-18
7457.961421037626,26.434138700524556,25.0067960708002,25.0067960708002,3.1493994542528917e-18
7459.681210469361,26.14645010227932,25.002743047430084,25.002743047430084,2.694693888746764e-18
7461.397300328695,25.327785469409037,24.99869533085549,24.99869533085549,2.305845212961908e-18
7463.117882066606,25.86865258567528,24.994633594914923,24.994633594914923,1.9718182407922065e-18
7464.834762527724,26.334060140279547,24.990577175907333,24.990577175907333,1.6863328841137978e-18
7466.552037954937,26.138293826255676,24.986516402928793,24.986516402928793,1.441776097029625e-18
7468.273808363961,24.297739030605925,24.98244156348626,24.98244156348626,1.2318778359108904e-18
7469.991874939148,22.992985898127216,24.978372056279404,24.978372056279404,1.0526360041468575e-18
7471.714438566982,25.095978232477737,24.974288451139284,24.974288451139284,8.988840448520732e-19
7473.433296654626,26.54844983915652,24.97021018850903,24.97021018850903,7.676630324564232e-19
7475.156653866708,26.191756769919298,24.966117796429774,24.966117796429774,6.5516706453870035e-19
7476.876303831457,25.643683710422497,24.962030757189236,24.962030757189236,5.5921109248705045e-19
7478.596349399423,25.61584164920632,24.957939326944068,24.957939326944068,4.771755696572372e-19
7480.320897200064,25.398251301205477,24.95383371990796,24.95383371990796,4.0690646991834267e-19
7482.041735192206,24.69676673615382,24.949733481300086,24.949733481300086,3.4702004353667712e-19
7483.7670774912,25.62506256692032,24.945619034269416,24.945619034269416,2.9575237603875344e-19
7485.488708272591,25.683171831055777,24.941509966132337,24.941509966132337,2.5208467034101065e-19
7487.214845435965,25.656161311033543,24.937386657894123,24.937386657894123,2.1472280910307968e-19
7488.937269371841,25.385554048203577,24.933268739069426,24.933268739069426,1.8291758945941323e-19
7490.6600895490765,24.998923254633354,24.929146392256204,24.929146392256204,1.5578040994532962e-19
7492.387419221552,25.039471534255142,24.92500975775624,24.92500975775624,1.3258174320495696e-19
7494.111033101229,24.834293787688466,24.92087852854559,24.92087852854559,1.1285009570228773e-19
7495.839158553665,25.59344831209387,24.916732979853826,24.916732979853826,9.599172742086611e-20
7497.563566501438,25.57513199231778,24.912592847107582,24.912592847107582,8.1660943562546e-20
7499.292488100451,25.579820898457232,24.90843836303945,24.90843836303945,6.942389934464786e-20
7501.017690482148,26.069349871738726,24.904289305627483,24.904289305627483,5.902743636628133e-20
7502.743289744387,25.90193216424055,24.900135783292587,24.900135783292587,5.0174382145452285e-20
7504.47340577614,24.852816311749848,24.895967861806707,24.895967861806707,4.262115184460513e-20
7506.199800021141,25.492231145577907,24.891805383138582,24.891805383138582,3.6209419290292805e-20
7507.930713116528,26.060743084178743,24.887628473362764,24.887628473362764,3.074213869750388e-20
7509.657902710538,24.412489474019598,24.88345701725137,24.88345701725137,2.61037096980312e-20
7511.389613236769,22.28760138246244,24.879271098029204,24.879271098029204,2.215073166378262e-20
7513.117598546207,23.44250675736035,24.875090643372523,24.875090643372523,1.879890051817885e-20
7514.845981376394,26.43192648715953,24.870905686907655,24.870905686907655,1.5950235116674057e-20
7516.578888262107,27.65326102083421,24.866706219259598,24.866706219259598,1.3524551152191987e-20
7518.308067357445,25.528919818903265,24.862512232623928,24.862512232623928,1.1469452961836443e-20
7520.041772592537,23.804337002922438,24.858303702686147,24.858303702686147,9.720463120901952e-21
7521.771748319866,24.659912202859857,24.854100664797578,24.854100664797578,8.2394845117339e-21
7523.506252272138,26.12626673718097,24.84988305144166,24.84988305144166,6.979781818275292e-21
7525.237024998462,26.016716227918124,24.84567094122606,24.84567094122606,5.913687438020765e-21
7526.968195886779,26.2411875232651,24.841454292365807,24.841454292365807,5.0093498596415454e-21
7528.703898128383,25.80869868972684,24.8372230197227,24.8372230197227,4.2407446187125454e-21
7530.435866566307,24.954129856355678,24.83299726695161,24.83299726695161,3.5907832398634564e-21
7532.172368445112,24.855759205517106,24.828756858116694,24.828756858116694,3.0386613776195384e-21
7533.905134800075,25.783160737263703,24.824521980380446,24.824521980380446,2.572005660735574e-21
7535.642436684471,25.796474361770553,24.82027241425306,24.82027241425306,2.1757963755795712e-21
7537.376001324071,26.16267075893859,24.816028390505206,24.816028390505206,1.84108495091994e-21
7539.114103582623,25.698903873212945,24.811769645992662,24.811769645992662,1.5570400942107977e-21
7540.8484668746305,25.171751583269497,24.80751645519463,24.80751645519463,1.3171978356410367e-21
7542.583229154635,25.263438525643526,24.803258678460114,24.803258678460114,1.1142011136263016e-21
7544.322532188422,25.516298771832883,24.798986132333173,24.798986132333173,9.42051078567972e-22
7546.058093672587,25.53552956278722,24.794719157017898,24.794719157017898,7.967874626066153e-22
7547.798198002459,24.818380196106204,24.790437379821018,24.790437379821018,6.736492561523748e-22
7549.534559058975,25.26601159650781,24.786161184906067,24.786161184906067,5.69784365066578e-22
7551.275465054086,25.95660767875572,24.78187015557407,24.78187015557407,4.817726664567154e-22
7553.012626051318,25.59880289945866,24.77758472004831,24.77758472004831,4.0756263638327853e-22
7554.750186680156,24.604689798718486,24.773294661859868,24.773294661859868,3.448374480814168e-22
7556.4922953874775,24.59210685461386,24.768989720383992,24.768989720383992,2.9171092543309977e-22
7558.2306565096715,24.81992224554404,24.76469039009522,24.76469039009522,2.4693414180198854e-22
7559.9735678056495,25.87296270350805,24.76037614386809,24.76037614386809,2.0901780278737214e-22
7561.712729789989,24.963117673573265,24.756067520487388,24.756067520487388,1.770663019086432e-22
7563.456444044374,23.526532762265617,24.751743948471162,24.751743948471162,1.500136489466534e-22
7565.196407259815,25.541233800896634,24.747426011014674,24.747426011014674,1.2721840559102088e-22
7566.9367707515075,26.356518476568883,24.74310341421699,24.74310341421699,1.0796048194429157e-22
7568.6816896582,25.70332381724114,24.738765819670967,24.738765819670967,9.165449616633009e-23
7570.422854934528,25.897308257277988,24.734433877348764,24.734433877348764,7.79125093955367e-23
7572.168577724533,25.51757410051039,24.73008690446565,24.73008690446565,6.627424353369103e-23
7573.9105451548785,24.94878199304367,24.725745595654445,24.725745595654445,5.646274598648642e-23
7575.657072198546,26.07372723009931,24.7213892234236,24.7213892234236,4.814956710601769e-23
7577.399842152462,25.55559413628643,24.717038527166633,24.717038527166633,4.1137252656883736e-23
7579.143013028315,24.69155111254651,24.712683134937308,24.712683134937308,3.5204591493590854e-23
7580.890746667517,25.21515310262146,24.70831262993334,24.70831262993334,3.0171978767823174e-23
7582.634720621365,25.138848551659976,24.703947818850043,24.703947818850043,2.5920833709516188e-23
7584.383259440626,24.733137137647535,24.69956786201801,24.69956786201801,2.231022299746858e-23
7586.128036842449,25.645331103353897,24.695193611143214,24.695193611143214,1.925590460006191e-23
7587.877381212715,24.109286244657113,24.69080418149946,24.69080418149946,1.6657483972844342e-23
7589.622962432661,25.306835562293628,24.686420469903283,24.686420469903283,1.445520671766832e-23
7591.36894522127,22.66583159275797,24.682032025750654,24.682032025750654,1.2581680679612505e-23
7593.119498133433,22.218780702246477,24.67762835323208,24.67762835323208,1.0982228860984151e-23
7594.866285295486,25.397029764950222,24.673230416990112,24.673230416990112,9.62125898798204e-24
7596.617644686547,25.486591906645376,24.66881721924674,24.66881721924674,8.455744813218897e-24
7598.365236592617,24.857583665171745,24.664409770004657,24.664409770004657,7.460550976200715e-24
7600.1174028341175,23.48191643071118,24.659987026079648,24.659987026079648,6.604987762851322e-24
7601.865799854951,24.64305051983544,24.655570042934325,24.655570042934325,5.8713412406482034e-24
7603.6145990922205,25.381840129717407,24.65114829069522,24.65114829069522,5.239091664895523e-24
7605.367975825121,24.48676336104114,24.64671119393435,24.64671119393435,4.6915828382107704e-24
7607.117580733371,24.5249582221895,24.642279876464,24.642279876464,4.2183793732169644e-24
7608.871765246099,24.75617374247605,24.63783318117523,24.63783318117523,3.8061933958014e-24
7610.622176196501,24.260525881163634,24.63339227758946,24.63339227758946,3.4477182926932404e-24
7612.377168861204,24.4565073648765,24.62893596284255,24.62893596284255,3.1334005770917112e-24
7614.128386225099,24.905138407791586,24.62448545226478,24.62448545226478,2.8581416895578638e-24
7615.880006454251,24.75269964853908,24.620030136102336,24.620030136102336,2.6155870389742255e-24
7617.636211562997,24.14629767251597,24.615559358698313,24.615559358698313,2.4005623572198057e-24
7619.388638762756,24.07183775336748,24.611094404255592,24.611094404255592,2.2101185545976718e-24
7621.145652954365,24.36415025857528,24.606613955113506,24.606613955113506,2.0399762419456524e-24
7622.898887496504,22.48793781102663,24.60213934153275,24.60213934153275,1.8881022368022386e-24
7624.656711143717,22.70485351239842,24.59764919974888,24.59764919974888,1.7513551048407092e-24
7626.41075340018,25.714496951612634,24.59316490617989,24.59316490617989,1.6283430477331593e-24
7628.165199171757,26.482013956326966,24.588675770581467,24.588675770581467,1.5169914823358914e-24
7629.92423721881,24.717136133379114,24.58417105645807,24.58417105645807,1.4155973261869235e-24
7631.679491262724,24.641380713394767,24.579672209622565,24.579672209622565,1.3233863461454778e-24
7633.439339697773,24.79776425027893,24.57515775064337,24.57515775064337,1.238842228029757e-24
7635.195402386392,24.777367956842514,24.570649171739323,24.570649171739323,1.1614502547533993e-24
7636.9560615827795,24.60238568996545,24.56612494702689,24.56612494702689,1.0900523681549025e-24
7638.712933288646,24.225117019217638,24.56160661523027,24.56160661523027,1.0243131829548325e-24
7640.47020916054,24.578293408850275,24.557083405005315,24.557083405005315,9.634750442108912e-25
7642.232084715721,24.45740614659826,24.552544498408906,24.552544498408906,9.069065053069677e-25
7643.990170163776,24.06767556469589,24.548011504081746,24.548011504081746,8.544413734369898e-25
7645.752857414189,24.85414991555146,24.543462779603598,24.543462779603598,8.054493331376107e-25
7647.511752811378,25.617498007541432,24.538919980368853,24.538919980368853,7.598333113885172e-25
7649.275252130971,23.92478271904182,24.53436141715765,24.53436141715765,7.170853729846199e-25
7651.034957850434,22.484640783812896,24.529808792217352,24.529808792217352,6.7715482005325235e-25
7652.795068387886,21.98000958798474,24.525251252495337,24.525251252495337,6.397125261569349e-25
7654.559786028383,24.705810587144583,24.52067789799278,24.52067789799278,6.044787837985781e-25
7656.320707447924,26.9910964750963,24.516110501394532,24.516110501394532,5.714445260050046e-25
7658.086238093003,26.583222157439227,24.511527256075514,24.511527256075514,5.40293606237361e-25
7659.847970768207,24.545663822053857,24.506949981821567,24.506949981821567,5.110326916713023e-25
7661.614314792416,20.657791849082233,24.502356824860723,24.502356824860723,4.833941333425592e-25
7663.3768590970285,23.0208369247471,24.49776965217897,24.49776965217897,4.573942119656955e-25
7665.139808872644,23.774636861787712,24.49317752840739,24.49317752840739,4.328607002054065e-25
7666.90737318303,23.526458797685024,24.488569470884045,24.488569470884045,4.0964472946567853e-25
7668.67113514877,23.973012108290707,24.483967417552705,24.483967417552705,3.8776969555393034e-25
7670.439513775198,23.649869821080927,24.479349396368807,24.479349396368807,3.670509924824137e-25
7672.20408830524,23.664153950539202,24.47473739272398,24.47473739272398,3.475137356480591e-25
7673.973281622863,21.864739151155987,24.470109387079972,24.470109387079972,3.289965874584163e-25
7675.738669091554,22.686104611893402,24.465487412375293,24.465487412375293,3.115249296811548e-25
7677.508677475699,23.86115749027482,24.460849401478953,24.460849401478953,2.9495692858583493e-25
7679.27487825756,23.116544850684306,24.456217434975343,24.456217434975343,2.793173174099211e-25
7681.04148535159,22.040662785422427,24.451580470764338,24.451580470764338,2.645151802166934e-25
7682.812716553452,22.235310665333685,24.446927419007476,24.446927419007476,2.50470961112966e-25
7684.580137522533,23.577640046104875,24.44228043191501,24.44228043191501,2.372074715270447e-25
7686.35218472977,23.99276737536198,24.437617322969665,24.437617322969665,2.2461999391174638e-25
7688.120419948854,24.24086923353315,24.432960292274903,24.432960292274903,2.127297511398533e-25
7689.893283537399,25.172038476188163,24.428287105374444,24.428287105374444,2.0144350829380991e-25
7691.66233338161,25.829337049063383,24.423620010363837,24.423620010363837,1.9078081748458568e-25
7693.431790193412,24.843312983819036,24.418947881440126,24.418947881440126,1.8068195058248463e-25
7695.205878572205,24.325758158545344,24.414259544716177,24.414259544716177,1.7109443427078226e-25
7696.976150571922,24.991712828700944,24.409577320432227,24.409577320432227,1.6203533759473991e-25
7698.75105627239,24.72224865484378,24.4048788538808,24.4048788538808,1.534343633608698e-25
7700.5221438355775,23.37055266854833,24.4001865135412,24.4001865135412,1.4530700772874107e-25
7702.297867234261,23.33754877614709,24.395477896421085,24.395477896421085,1.3759035071997796e-25
7704.069770736649,24.512292348100576,24.390775419337647,24.390775419337647,1.3029841144981058e-25
7705.842081863109,24.510024100962372,24.386067872179744,24.386067872179744,1.23390871467402e-25
7707.619032027752,24.15952164298574,24.381343996406624,24.381343996406624,1.16832252745352e-25
7709.392159657108,23.682918540500708,24.376626281498424,24.376626281498424,1.1063456163892036e-25
7711.169928461849,23.37703689678037,24.371892203347645,24.371892203347645,1.0474996415613643e-25
7712.943872970263,23.72486990580285,24.367164300018974,24.367164300018974,9.918926219402983e-26
7714.72246079225,24.050444058768505,24.362419998774627,24.362419998774627,9.390955858272911e-26
7716.497222556059,24.945668756605954,24.357681886362485,24.357681886362485,8.892055808732831e-26
7718.272392601479,24.849617903976906,24.352938667758615,24.352938667758615,8.419475640891997e-26
7720.052209168324,24.641945533828395,24.34817899916442,24.34817899916442,7.970793781132475e-26
7721.828197033741,25.035298138828924,24.343425540508346,24.343425540508346,7.546835107080038e-26
7723.608833561235,24.848763949273692,24.338655597074606,24.338655597074606,7.144329357236064e-26
7725.38563962342,23.159204482879403,24.33389187772124,24.33389187772124,6.764015927904445e-26
7727.167096489318,24.78079498241002,24.329111638757183,24.329111638757183,6.402960462024857e-26
7728.944721125214,25.25149212520219,24.324337638068588,24.324337638068588,6.061825331468913e-26
7730.722754701323,24.760817821596962,24.319558495114805,24.319558495114805,5.738727797122989e-26
7732.505442294169,25.0002097900655,24.31476278023596,24.31476278023596,5.432010021609325e-26
7734.284295009502,25.5390372769881,24.3099733250157,24.3099733250157,5.1422331588750607e-26
7736.067803885678,24.94180466760767,24.305167262923202,24.305167262923202,4.8671589905578437e-26
7737.847476117615,24.9528814238893,24.30036747481632,24.30036747481632,4.6072896809927117e-26
7739.631806655483,25.128728852224214,24.295551044844377,24.295551044844377,4.3606169216762355e-26
7741.412298781573,25.019877644450617,24.29074090323786,24.29074090323786,4.127589952072545e-26
7743.193200507537,25.076191586493483,24.285925583336255,24.285925583336255,3.906919252894415e-26
7744.978763757643,25.440420077547543,24.28109356901568,24.28109356901568,3.697469394123639e-26
7746.760485944187,24.320600810062132,24.27626786472046,24.27626786472046,3.499620345979563e-26
7748.546871802437,24.719617308855394,24.271425430899367,24.271425430899367,3.311840765120794e-26
7750.329414827549,25.161587056815197,24.266589321615193,24.266589321615193,3.134470377257018e-26
7752.116623672916,24.829320229981278,24.26173644765265,24.26173644765265,2.9661354440906367e-26
7753.899987914754,24.67116826721565,24.256889912791234,24.256889912791234,2.8071396526848e-26
7755.683762417191,25.340224967054326,24.252038163648173,24.252038163648173,2.6566002784319263e-26
7757.472205963288,24.519505015383913,24.247169597033512,24.247169597033512,2.5137401621217478e-26
7759.2568022497935,24.76634947568499,24.24230739145629,24.24230739145629,2.3788159095555682e-26
7761.046069730983,24.780355677628307,24.237428333141025,24.237428333141025,2.2507807523215508e-26
7762.8314881801525,24.51389267266251,24.232555650558986,24.232555650558986,2.129863983673633e-26
7764.621579976021,24.55885865496157,24.227666079926873,24.227666079926873,2.0151268547195313e-26
7766.407820966623,24.83077262538203,24.22278289977635,24.22278289977635,1.9067742242458352e-26
7768.194472879617,24.650541114633743,24.217894469400683,24.217894469400683,1.8042024294604383e-26
7769.985801367914,25.150207718158413,24.212989097942557,24.212989097942557,1.7068800714031457e-26
7771.773276390599,24.483141337942985,24.208090139178324,24.208090139178324,1.614980119616295e-26
7773.565430143081,24.627724162196074,24.20317420390576,24.20317420390576,1.5277878407193595e-26
7775.353728654661,25.50534753120317,24.198264696206827,24.198264696206827,1.4454577211615842e-26
7777.146708051526,24.682807602579974,24.193338176528158,24.193338176528158,1.3673489990612117e-26
7778.935830431382,24.834347580110716,24.18841809935536,24.18841809935536,1.2935996356362017e-26
7780.7253643964905,25.42297564328209,24.18349273605671,24.18349273605671,1.2237972825873591e-26
7782.519582480694,25.330934567461586,24.178550307507024,24.178550307507024,1.1575790054801299e-26
7784.309940883252,24.84867877793846,24.173614343951073,24.173614343951073,1.0950612134462537e-26
7786.104985562878,24.859396918071756,24.168661279558883,24.168661279558883,1.0357564698739767e-26
7787.896168782702,25.33128197685528,24.163714695223867,24.163714695223867,9.797687003419291e-27
7789.692040438561,24.63497044974332,24.15875097442194,24.15875097442194,9.266610678190169e-27
7791.484048855646,25.165818727365522,24.153793748793042,24.153793748793042,8.76526342059065e-27
7793.276469521911,25.56554797575359,24.14883120118019,24.14883120118019,8.290831982296308e-27
7795.073581863237,25.189603943403686,24.14385146359041,24.14385146359041,7.840840603756048e-27
7796.866828296855,24.34362172543416,24.138878243936674,24.138878243936674,7.416071571935986e-27
7798.664768566983,24.009344406818656,24.133887798561663,24.133887798561663,7.013204719750871e-27
7800.458841148382,25.34919261211357,24.128903886369525,24.128903886369525,6.632938155594758e-27
7802.257609728743,24.889603604515997,24.12390271266633,24.12390271266633,6.272297419842014e-27
7804.05250883853,24.794386534431823,24.118908087445188,24.118908087445188,5.931905427900354e-27
7805.852106110721,24.88769845622798,24.113896164877744,24.113896164877744,5.609097700812066e-27
7807.647832129676,24.77713933904795,24.10889080614392,24.10889080614392,5.304429995450861e-27
7809.443971253044,24.93918004567206,24.103880079383316,24.103880079383316,5.0161847536025274e-27
7811.24481178456,24.47323008414344,24.098852001459758,24.098852001459758,4.742850748081532e-27
7813.0417783883695,24.74368493511037,24.093830510486,24.093830510486,4.484896256796783e-27
7814.843448566266,24.903990836116918,24.08879163240052,24.08879163240052,4.240298451411258e-27
7816.641243031737,24.52891644792672,24.083759356747102,24.083759356747102,4.009475002268986e-27
7818.44374323823,24.458907851719406,24.078709657987773,24.078709657987773,3.7906145304218746e-27
7820.2423659467595,25.250232485981172,24.073666577195056,24.073666577195056,3.584089524744271e-27
7822.041402426081,24.80668258561778,24.068618092613924,24.068618092613924,3.38873149254717e-27
7823.845147897403,25.14154937952711,24.063552130871972,24.063552130871972,3.2035124635676056e-27
7825.645013191976,24.99751344490022,24.058492810487074,24.058492810487074,3.0287461043286572e-27
7827.44958964798,25.048986068940593,24.053415976833733,24.053415976833733,2.8630584644730276e-27
7829.250284139643,24.945868236838464,24.048345800202505,24.048345800202505,2.706729198676247e-27
7831.055691963165,23.69679250273933,24.043258074149833,24.043258074149833,2.5585284142497424e-27
7832.857216033925,24.395607618836838,24.03817702083656,24.03817702083656,2.418705413132264e-27
7834.659154542931,24.758571987968025,24.03309052801509,24.03309052801509,2.286466233072888e-27
7836.4658096400235,24.432074398420415,24.02798643147922,24.02798643147922,2.1611124955376526e-27
7838.268578301244,24.472512851846776,24.022889031347052,24.022889031347052,2.04285400576427e-27
7840.076065723483,24.991522313872142,24.017773991234122,24.017773991234122,1.9307587041640522e-27
7841.879664919373,24.847735169198163,24.01266566337252,24.01266566337252,1.825013570198384e-27
7843.68798505021,23.867715683087454,24.007539659218494,24.007539659218494,1.7247845661551485e-27
7845.492415163394,23.40769185341003,24.00242038321553,24.00242038321553,1.6302383096835678e-27
7847.297260383355,25.233299079727093,23.99729563202621,23.99729563202621,1.5408359944298681e-27
7849.10682979974,25.90030494346749,23.992153150013678,23.992153150013678,1.4561037490334485e-27
7850.9125065110375,24.88235955831968,23.987017420089963,23.987017420089963,1.3761817085627916e-27
7852.722909595196,25.54891715187466,23.98186392291812,23.98186392291812,1.3004383680209457e-27
7854.529418180899,25.974455556188047,23.976717193864996,23.976717193864996,1.2289985656367986e-27
7856.340655316898,25.54409824738144,23.971552661093558,23.971552661093558,1.161297410458484e-27
7858.14799616025,25.2522295296572,23.966394912522773,23.966394912522773,1.0974461006798448e-27
7859.955752779987,25.21915167267537,23.961231653128873,23.961231653128873,1.0370794416006568e-27
7861.768241216762,25.201727410568253,23.956050535248245,23.956050535248245,9.798762970669803e-28
7863.576830669118,25.193212518396283,23.950876225779098,23.950876225779098,9.259301339940312e-28
7865.390154118455,25.190720136165368,23.945684021239856,23.945684021239856,8.748136155328334e-28
7867.199576787114,24.558632278517933,23.940498641324048,23.940498641324048,8.266099719502692e-28
7869.0137356337045,23.97545518080122,23.935295329709543,23.935295329709543,7.809370795407214e-28
7870.823991902529,24.308089589187176,23.93009885898239,23.93009885898239,7.378690443906682e-28
7872.634664618428,24.675357352098363,23.92489684183655,23.92489684183655,6.971586513376741e-28
7874.450076784269,24.03523201002642,23.919676837986184,23.919676837986184,6.585885416593976e-28
7876.26158367623,25.188530336309615,23.914463699506666,23.914463699506666,6.222209665249447e-28
7878.077832201596,25.250934028821348,23.909232537580955,23.909232537580955,5.877671078852895e-28
7879.890173653924,24.8588791660076,23.90400825741983,23.90400825741983,5.552823763476228e-28
7881.707258924124,24.607980101879438,23.89876591702563,23.89876591702563,5.245086030982136e-28
7883.5204353213,24.60340326328634,23.893530474841626,23.893530474841626,4.954951040776061e-28
7885.334028837323,24.600684504611795,23.8882894506844,23.8882894506844,4.6807473766169555e-28
7887.152369448504,24.065279560554846,23.883030311051073,23.883030311051073,4.421005692485139e-28
7888.9667984862,24.58852293448146,23.877778094383743,23.877778094383743,4.1761400008897695e-28
7890.78597680604,24.46896479332921,23.872507725340494,23.872507725340494,3.9442007321805806e-28
7892.601241750334,24.16636448736611,23.86724429583848,23.86724429583848,3.7255562529491165e-28
7894.421258164763,24.345499977511057,23.861962677015587,23.861962677015587,3.5184644995271423e-28
7896.237359400756,24.43411178641313,23.856688014360987,23.856688014360987,3.3232531865473985e-28
7898.053878428451,24.12572655370724,23.85140773421942,23.85140773421942,3.1387936802802586e-28
7899.875152208854,24.45810544808751,23.8461092092769,23.8461092092769,2.9640939383252243e-28
7901.692508106004,24.0742897912817,23.84081766553044,23.84081766553044,2.7994289105361693e-28
7903.5146209463755,23.995098380326144,23.83550783992519,23.83550783992519,2.643484239026179e-28
7905.332814098527,24.45660822566822,23.830205012272504,23.830205012272504,2.496504458750563e-28
7907.155766385419,24.259945371273517,23.824883865658087,23.824883865658087,2.357315524767932e-28
7908.974797178294,24.458623200151663,23.819569733804492,23.819569733804492,2.226134895906745e-28
7910.794246436812,24.08540016782723,23.8142499489908,23.8142499489908,2.102201404489609e-28
7912.61845811794,23.174266361109375,23.808911789498506,23.808911789498506,1.9848460976180073e-28
7914.438745595867,23.54332272206037,23.803580670066363,23.803580670066363,1.8742513082537065e-28
7916.263797690452,24.02055564415591,23.7982311387399,23.7982311387399,1.7695320247560853e-28
7918.084923773958,22.599743119322113,23.79288866441113,23.79288866441113,1.6708503432530694e-28
7919.910816669178,24.43630606897074,23.787527740927242,23.787527740927242,1.5774160112195925e-28
7921.732781744607,22.916248766436812,23.78217389143028,23.78217389143028,1.48937311688833e-28
7923.555165960708,22.273288115442114,23.77681435354048,23.77681435354048,1.406208956418188e-28
7925.382320281693,20.260023782755354,23.771436310542146,23.771436310542146,1.3274730036502573e-28
7927.205544069339,20.146577805581245,23.766065367101216,23.766065367101216,1.2532859971586165e-28
7929.033540159454,27.239469536729647,23.760675881178294,23.760675881178294,1.1830527617686462e-28
7930.857603905434,25.782497297389284,23.75529351193109,23.75529351193109,1.116880590818907e-28
7932.6864421524815,22.21279405392025,23.749892562783387,23.749892562783387,1.0542382237841143e-28
7934.511346243764,21.046014001810676,23.744498747481355,23.744498747481355,9.952209946345355e-29
7936.336670151835,22.162265038620177,23.739099208394045,23.739099208394045,9.394839886413607e-29
7938.166771859458,23.962789306712295,23.733681033216417,23.733681033216417,8.867241632167062e-29
7939.992936693388,24.93976503826403,23.728270017725762,23.728270017725762,8.370213533852723e-29
7941.823881527999,23.709288034157797,23.722840328613756,23.722840328613756,7.899757974983093e-29
7943.650887675204,22.569072473235963,23.717417816487597,23.717417816487597,7.45658410645199e-29
7945.482676025233,22.50009265710418,23.711976593164014,23.711976593164014,7.037124874152316e-29
7947.3105238733015,23.371054731155997,23.706542564176683,23.706542564176683,6.642010120411099e-29
7949.143156127354,24.44982365641195,23.701089786370883,23.701089786370883,6.268057302722355e-29
7950.9718460640615,24.660651848665797,23.695644220303258,23.695644220303258,5.915825757305754e-29
7952.800956688485,23.44462483398644,23.690192885002894,23.690192885002894,5.583247408695004e-29
7954.634855024219,23.523612282007633,23.684722744390605,23.684722744390605,5.268505572168128e-29
7956.46480831904,23.238368997623837,23.67925984170553,23.67925984170553,4.97206827113756e-29
7958.299551530868,22.889442209348942,23.673778095975052,23.673778095975052,4.6915434440075637e-29
7960.130347884303,23.476833046808565,23.668303605702427,23.668303605702427,4.4273465976398147e-29
7961.96593636146,24.260339849036686,23.66281023460597,23.66281023460597,4.177344280854295e-29
7963.797576161907,22.854400928954988,23.657324136549448,23.657324136549448,3.9419053323771595e-29
7965.629637328685,23.185999833212634,23.65183223395903,23.65183223395903,3.7196424378983143e-29
7967.466493929841,23.562970404287142,23.64632139381547,23.64632139381547,3.509337093107303e-29
7969.299399126329,23.760883932499155,23.64081785317085,23.64081785317085,3.3112977280034926e-29
7971.137101966449,23.82335262418778,23.635295337082354,23.635295337082354,3.1239222207311824e-29
7972.970851581493,23.4200304902636,23.629780138203408,23.629780138203408,2.947484276986868e-29
7974.809401050441,23.94111096054559,23.62424592594494,23.62424592594494,2.7805554905441964e-29
7976.643995473063,23.769049173926508,23.618719048658015,23.618719048658015,2.6233787227944974e-29
7978.47901194172,16.737465114686504,23.61318633157576,23.61318633157576,2.4750244888530692e-29
7980.318831580282,17.50138587183834,23.607634544148933,23.607634544148933,2.3346765187935133e-29
7982.154693440158,28.534022281139215,23.60209011842236,23.60209011842236,2.202537769003731e-29
7983.995360682754,31.42617634610687,23.59652658430336,23.59652658430336,2.077536524592737e-29
7985.832068323318,24.015983288264664,23.590970429774966,23.590970429774966,1.959852815878737e-29
7987.673583560441,24.230128679890587,23.585395128761423,23.585395128761423,1.8485314714840962e-29
7989.5111373713435,24.12472691119376,23.579827225280173,23.579827225280173,1.7437321659739774e-29
7991.349113909086,23.55532963897673,23.57425344678163,23.57425344678163,1.6448329302614728e-29
7993.191901364737,24.213681646787677,23.56866046459743,23.56866046459743,1.5512876296677765e-29
7995.0307246573975,23.886330102536846,23.56307490694352,23.56307490694352,1.463229617183088e-29
7996.874361084356,23.646380037687464,23.5574701073991,23.5574701073991,1.379942875472326e-29
7998.714031522037,23.885447010271577,23.551872750454866,23.551872750454866,1.301545643451764e-29
8000.558517311421,23.138572847595643,23.546256113370422,23.546256113370422,1.2273999934831454e-29
8002.3990352844,23.242098605566497,23.540646937007317,23.540646937007317,1.1576107506021489e-29
8004.239976666121,24.393330406294922,23.535031850444323,23.535031850444323,1.0917622394467913e-29
8006.085736726252,24.29787351166155,23.529397426305383,23.529397426305383,1.0294895170892924e-29
8007.927526228793,24.269587662961815,23.523770490154707,23.523770490154707,9.708800725110514e-30
8009.774136629709,24.18552579644171,23.5181241780664,23.5181241780664,9.154561252658022e-30
8011.616774643802,23.70329914448064,23.512485372215526,23.512485372215526,8.632952151818153e-30
8013.464235777253,24.297068866678732,23.506827152020527,23.506827152020527,8.139718201757745e-30
8015.307722693805,24.86428978714557,23.50117645636335,23.50117645636335,7.675546538790643e-30
8017.1516337021,22.66890000217714,23.495519815362886,23.495519815362886,7.237662573036506e-30
8019.0003711618265,21.503482691431234,23.489843702347525,23.489843702347525,6.823630685211025e-30
8020.845131659048,24.236247567921513,23.48417514140553,23.48417514140553,6.434024002537664e-30
8022.694720831246,24.980696588894347,23.478487069930225,23.478487069930225,6.065658373108578e-30
8024.540331208755,23.28681355656173,23.472806568956525,23.472806568956525,5.719041529777419e-30
8026.390772485806,22.571470718727937,23.46710651888637,23.46710651888637,5.391338601117638e-30
8028.237233135141,24.20027612689282,23.46141405779718,23.46141405779718,5.082999331563008e-30
8030.084118560322,23.604572118844658,23.455715616260395,23.455715616260395,4.792174016587439e-30
8031.935838222494,24.77994326905773,23.449997567721567,23.449997567721567,4.5172391530910196e-30
8033.783574506913,19.915001427795435,23.444287135967507,23.444287135967507,4.258569620961524e-30
8035.6361472554545,21.122542687864865,23.438557058536475,23.438557058536475,4.0140459867943346e-30
8037.484734791105,27.867673133220453,23.43283461649727,23.43283461649727,3.784000212333219e-30
8039.3381610190345,24.177351589610655,23.427092490061423,23.427092490061423,3.5665460216597166e-30
8041.187600198086,23.604964355256897,23.42135801767556,23.42135801767556,3.3619773352985495e-30
8043.037464838192,23.490850455506518,23.415617529776668,23.415617529776668,3.1690625665873425e-30
8044.892171513405,23.87605126718526,23.40985729934096,23.40985729934096,2.9867208886929858e-30
8046.742888385273,24.06986312320072,23.404104751026953,23.404104751026953,2.81519713621683e-30
8048.598449522971,23.675983800732325,23.39833242134477,23.39833242134477,2.6530823241563366e-30
8050.450019019224,23.38791193147856,23.392567792569963,23.392567792569963,2.500593162652819e-30
8052.30643501306,23.550707973365093,23.386783343550963,23.386783343550963,2.3564761132038782e-30
8054.158857526502,24.360723233007775,23.38100661427601,23.38100661427601,2.2209229681713645e-30
8056.011706187309,24.10028049663211,23.37522383446141,23.37522383446141,2.0931147223330405e-30
8057.869404693923,23.513393963131083,23.369421176028048,23.369421176028048,1.9723327240784813e-30
8059.723106961228,23.307416054283436,23.36362626567808,23.36362626567808,1.8587366307738906e-30
8061.581661308663,23.274829053154637,23.357811437721715,23.357811437721715,1.7513909213400117e-30
8063.436217575726,24.050300612309172,23.352004376812797,23.352004376812797,1.650436851071457e-30
8065.295628158267,20.817322242668016,23.34617735926526,23.34617735926526,1.5550424057456817e-30
8067.1510388185225,22.404530418977235,23.340358127780156,23.340358127780156,1.4653325438630813e-30
8069.006876313561,25.63916290560258,23.33453281076742,23.33453281076742,1.3807633048092673e-30
8070.867571477705,25.188034997754727,23.32868747850736,23.32868747850736,1.30085744512093e-30
8072.724263956198,22.815704005198967,23.322849960916315,23.322849960916315,1.2257189176417497e-30
8074.5858163417215,23.285860982417717,23.316992388934196,23.316992388934196,1.1547273371995213e-30
8076.443364197559,23.551947440427767,23.311142650763337,23.311142650763337,1.087974634421406e-30
8078.3057741993825,23.749648040301707,23.30527281901309,23.30527281901309,1.024909259865272e-30
8080.1641778266385,22.97016894568955,23.299410840267182,23.299410840267182,9.656125020091163e-31
8082.023008977205,22.29878348223764,23.293542741044185,23.293542741044185,9.097235269462483e-31
8083.886705632792,23.93558378915941,23.28765448939916,23.28765448939916,8.569258002970903e-31
8085.74639314599,23.848240584882063,23.281774119631976,23.281774119631976,8.072869008698865e-31
8087.6109484057415,19.74473048056709,23.27587355814308,23.27587355814308,7.603959345921415e-31
8089.471492676094,22.185958359270334,23.269980897852207,23.269980897852207,7.163126381517707e-31
8091.336906935571,24.569475934303146,23.26406800649538,23.26406800649538,6.746718384397001e-31
8093.198308357786,23.138254575763995,23.258163035707565,23.258163035707565,6.355263333089607e-31
8095.064582012728,24.033140829611455,23.252237794465017,23.252237794465017,5.985516160670986e-31
8096.926840981698,22.809542531500426,23.246320493213247,23.246320493213247,5.637943457539604e-31
8098.789528360894,24.31421744262181,23.240397026604057,23.240397026604057,5.310420451955801e-31
8100.65709133882,21.723231460374848,23.234453230397037,23.234453230397037,5.001083554290189e-31
8102.52063685721,21.068012861159957,23.22851740339703,23.22851740339703,4.710320327857637e-31
8104.389060220514,24.836420829718264,23.222561207299194,23.222561207299194,4.435716013738477e-31
8106.25346427344,25.536390241543216,23.216612999957018,23.216612999957018,4.177613003243633e-31
8108.122748418503,24.065133872744585,23.21064438397251,23.21064438397251,3.9338662112762604e-31
8109.988011401492,23.452045946906,23.204683776343053,23.204683776343053,3.7047780830992047e-31
8111.853703485781,23.19944793877511,23.198716968494278,23.198716968494278,3.488943167220772e-31
8113.724279033636,23.304977464474774,23.192729692626656,23.192729692626656,3.2851289397617227e-31
8115.590830641383,23.357144907302544,23.186750454596496,23.186750454596496,3.0935864504359146e-31
8117.462267962505,23.025846344069123,23.180750708891868,23.180750708891868,2.912720887477257e-31
8119.329679489693,24.61938633674734,23.174759020750784,23.174759020750784,2.7427539394197586e-31
8121.201978981103,24.379200930050615,23.168746785235147,23.168746785235147,2.582269401481915e-31
8123.0702508238965,24.38770685681888,23.162742627059835,23.162742627059835,2.431463009471066e-31
8124.938952460172,24.234580002831766,23.156732233841463,23.156732233841463,2.289406270478852e-31
8126.81254543754,23.61880469723161,23.150701233638838,23.150701233638838,2.1552850432751603e-31
8128.682107983773,23.24877110727641,23.14467834052482,23.14467834052482,2.0292616908305873e-31
8130.556564124538,21.42250716513772,23.138634800615428,23.138634800615428,1.9102842373207968e-31
8132.42698797735,23.291885733709705,23.132599387697987,23.132599387697987,1.7984959913735794e-31
8134.302307679169,23.61223529766434,23.126543288129678,23.126543288129678,1.692963122034466e-31
8136.173593235364,23.39742422481308,23.120495335507247,23.120495335507247,1.593812103156222e-31
8138.04530927834,24.135947113934723,23.11444111305606,23.11444111305606,1.5004303016033454e-31
8139.921924552645,23.393620652289826,23.108366144111322,23.108366144111322,1.4122806070306127e-31
8141.794502894314,20.70285869217301,23.102299352126295,23.102299352126295,1.3294678574415493e-31
8143.671982724385,21.008406374605215,23.09621177368133,23.09621177368133,1.251299005704972e-31
8145.545423762011,24.220759833015396,23.090132392276416,23.090132392276416,1.1778665438413852e-31
8147.423768546148,25.56996791978179,23.08403218440078,23.08403218440078,1.1085554774454322e-31
8149.29807267717,24.509862723695623,23.07794019369613,23.07794019369613,1.0434473956574067e-31
8151.172807989396,24.882032321084324,23.071841898414917,23.071841898414917,9.82138577278037e-32
8153.052450435908,23.941344061042003,23.065722716587562,23.065722716587562,9.242751173387674e-32
8154.928049437804,23.512822418644678,23.05961178221025,23.05961178221025,8.699246006380745e-32
8156.8085578347,23.88253773676823,23.053479921165213,23.053479921165213,8.186310107578013e-32
8158.685020924166,23.92198551308482,23.0473563278274,23.0473563278274,7.70453945867204e-32
8160.566395670388,23.882970317497158,23.041211767655977,23.041211767655977,7.249888908440528e-32
8162.443723245509,24.592561848852057,23.035075495499438,23.035075495499438,6.822883940134003e-32
8164.321482697373,23.422238220926772,23.028932884056385,23.028932884056385,6.420867368579981e-32
8166.204157199231,24.547882759471666,23.022769245471768,23.022769245471768,6.041510195419178e-32
8168.082781733985,24.926623997778563,23.016613925446052,23.016613925446052,5.685247402812272e-32
8169.966323583094,24.470271500919694,23.010437538002197,23.010437538002197,5.349082182914026e-32
8171.845813599278,24.14013171611558,23.00426948955101,23.00426948955101,5.0333979354987e-32
8173.730223195224,23.886688718685182,22.99808033336082,22.99808033336082,4.735537247470631e-32
8175.61057909157,24.207491035527084,22.991899536647537,22.991899536647537,4.455838007581413e-32
8177.491367561316,22.85582642814461,22.98571236597551,22.98571236597551,4.1925535038912993e-32
8179.377079009537,23.54731008535964,22.979504027024273,22.979504027024273,3.944152962312198e-32
8181.258733957642,24.37698871668559,22.973304078358538,22.973304078358538,3.7109158812041404e-32
8183.1453141522325,23.808752464248784,22.967082920982143,22.967082920982143,3.4908752892305885e-32
8185.0278359778795,23.784532426130767,22.960870174501455,22.960870174501455,3.284277423881648e-32
8186.915285319071,23.735408737861974,22.954636178834438,22.954636178834438,3.089378696227274e-32
8188.7986744216305,23.700694694703373,22.94841061472369,22.94841061472369,2.9063960114702653e-32
8190.682496795377,24.155857034219963,22.94217864201963,22.94217864201963,2.734182589956453e-32
8192.571250088866,23.90112974270835,22.93592535935699,22.93592535935699,2.571733555788762e-32
8194.455940338687,23.18966220062748,22.929680539323538,22.929680539323538,2.4192282027938137e-32
8196.345563779922,23.645635909179678,22.92341436874535,22.92341436874535,2.2753771005961928e-32
8198.231122305648,23.392901178642234,22.91715668158276,22.91715668158276,2.1403381311879956e-32
8200.121616295506,23.345471951674316,22.910877603245115,22.910877603245115,2.0129687060241293e-32
8202.00804349715,22.825527846312358,22.904607029159777,22.904607029159777,1.8934078332127935e-32
8203.894904668894,23.326106679664353,22.89833001188409,22.89833001188409,1.780903547273322e-32
8205.786704714455,24.509192559768422,22.89203154242932,22.89203154242932,1.674797018503443e-32
8207.674435162247,23.989333625741693,22.885741608563748,22.885741608563748,1.575203068085291e-32
8209.567106759194,23.6964675068549,22.879430181778396,22.879430181778396,1.4812774704449778e-32
8211.455706883507,23.296417745284263,22.873127311544653,22.873127311544653,1.3931212856037506e-32
8213.34925043336,23.693421510945,22.86680290760629,22.86680290760629,1.3099866947710869e-32
8215.238720634856,23.78867668399494,22.860487081232215,22.860487081232215,1.231962633688062e-32
8217.128625506488,23.52907893691878,22.854164777108274,22.854164777108274,1.1585566376903326e-32
8219.023477218847,24.20063698439208,22.847820878044086,22.847820878044086,1.0893372936649691e-32
8220.914252768758,23.94496160143831,22.841485588144806,22.841485588144806,1.024378009238307e-32
8222.8099774384,23.78597361477688,22.835128662410202,22.835128662410202,9.631267325723889e-33
8224.701624067711,23.961655183143193,22.828780366978705,22.828780366978705,9.056480419133734e-33
8226.598222096813,24.073704798689736,22.822410394772714,22.822410394772714,8.51453100749129e-33
8228.490740206827,23.85183347041817,22.81604907405824,22.81604907405824,8.005987119345811e-33
8230.383693688147,23.58739888804138,22.809681241071804,22.809681241071804,7.527627600565171e-33
8232.281601989953,23.882936697233248,22.803291669843908,22.803291669843908,7.076630997283448e-33
8234.175427554044,24.086484981675937,22.796910781971565,22.796910781971565,6.653465814482284e-33
8236.074210221304,23.916689200844132,22.790508114808468,22.790508114808468,6.254526581388056e-33
8237.968908269935,24.2485794807223,22.784114152314725,22.784114152314725,5.880225247865907e-33
8239.86856570547,24.52277066368467,22.777698369436862,22.777698369436862,5.527370337331138e-33
8241.764136640593,23.687907787664386,22.77129131259232,22.77129131259232,5.19632401991409e-33
8243.664669247408,24.893281661387334,22.7648623942263,22.7648623942263,4.884261563201681e-33
8245.561113471163,24.196526346791817,22.75844222330764,22.75844222330764,4.591501327379473e-33
8247.45799396942,23.571487537810043,22.752015495784676,22.752015495784676,4.316180500211539e-33
8249.359839567158,24.117695793335518,22.745566844976196,22.745566844976196,4.05666769195328e-33
8251.257593957362,24.844034698817552,22.739126973817342,22.739126973817342,3.813225230427086e-33
8253.160315734465,24.135357638640897,22.732665138125626,22.732665138125626,3.583772075456331e-33
8255.058944419216,22.54604707516208,22.726212103622863,22.726212103622863,3.368538739353524e-33
8256.962542779342,23.478917503170752,22.719737063295856,22.719737063295856,3.1656839752316856e-33
8258.862046161426,24.74352131649269,22.713270845747196,22.713270845747196,2.9754103091617136e-33
8260.761986521768,24.468375318035385,22.706798037157384,22.706798037157384,2.796502759929063e-33
8262.666899990805,23.90046406148301,22.70030316074851,22.70030316074851,2.6278974251449997e-33
8264.567715652773,24.3846541368562,22.693817139582972,22.693817139582972,2.4697610587482242e-33
8266.473506714543,21.6744506987979,22.687309009197143,22.687309009197143,2.3207383775455562e-33
8268.375198081381,25.409341505592664,22.68080975576914,22.68080975576914,2.1809758366075944e-33
8270.281867140191,23.730742245231795,22.674288351675667,22.674288351675667,2.049274744150907e-33
8272.184434615341,20.098113074485017,22.66777584630449,22.66777584630449,1.9257637084281895e-33
8274.087439773639,21.060042617263267,22.66125671549255,22.66125671549255,1.8096512687492868e-33
8275.995426062767,24.060509965782018,22.654715371789795,22.654715371789795,1.700244469660767e-33
8277.899307934638,24.439199653017596,22.648182959536793,22.648182959536793,1.5976491216815207e-33
8279.808173232146,23.172740001128034,22.641628292838043,22.641628292838043,1.5009836880328394e-33
8281.712932221493,23.460619114202075,22.63508257947846,22.63508257947846,1.4103410509043087e-33
8283.622676932338,23.609716019222304,22.628514570074326,22.628514570074326,1.3249418041436514e-33
8285.528313443248,22.867869206675806,22.621955535948754,22.621955535948754,1.2448674690736918e-33
8287.434388343336,23.18777722449781,22.61538984201998,22.61538984201998,1.1696031153850626e-33
8289.345452409325,22.714708732424786,22.608801789591006,22.608801789591006,1.098697959240865e-33
8291.252405437213,23.747886338473023,22.602222745430197,22.602222745430197,1.0322190185697046e-33
8293.164349929511,23.31575836243403,22.59562130106073,22.59562130106073,9.695936138853967e-34
8295.072181489757,22.360097878198818,22.589028887023627,22.589028887023627,9.108805437120521e-34
8296.985006813977,22.477793456730666,22.58241403102557,22.58241403102557,8.555736560705044e-34
8298.893717311317,23.03185988860648,22.575808227473996,22.575808227473996,8.037245303246836e-34
8300.802866905,23.355123208766315,22.569195729793897,22.569195729793897,7.549985657399254e-34
8302.71701371262,22.64215620291523,22.562560727467147,22.562560727467147,7.091028815499486e-34
8304.627042850612,23.083769576077632,22.55593481083837,22.55593481083837,6.6607984694002175e-34
8306.54207150476,23.149152023971457,22.549286347701088,22.549286347701088,6.255578893507775e-34
8308.452980592272,22.37518216993806,22.542646992500575,22.542646992500575,5.875741617617292e-34
8310.368891499213,22.802031764543788,22.535985048885962,22.535985048885962,5.5180037325443534e-34
8312.280680941636,22.728773209492203,22.529332235496746,22.529332235496746,5.182690977603909e-34
8314.192910188709,22.624339704395883,22.522672693690755,22.522672693690755,4.8676318286090304e-34
8316.110144710734,23.36319879615658,22.515990500555187,22.515990500555187,4.570925763674636e-34
8318.023254920916,23.614490096696983,22.50931747115807,22.50931747115807,4.292840140544749e-34
8319.941372711977,23.142672278441268,22.502621748416345,22.502621748416345,4.03096707020986e-34
8321.855364291125,23.338924965616314,22.495935211826286,22.495935211826286,3.7855408678287455e-34
8323.774365758143,22.829349349643024,22.489225939832828,22.489225939832828,3.5544348755349707e-34
8325.689239112304,22.287099319854775,22.48252587645402,22.48252587645402,3.3378544173754947e-34
8327.604552980563,21.35028187286352,22.475819050407225,22.475819050407225,3.1343919498967147e-34
8329.524880197796,23.10727462324991,22.469089425812026,22.469089425812026,2.9428157462260607e-34
8331.441076450248,22.31434518172435,22.46236904360583,22.46236904360583,2.763294191804691e-34
8333.362288361317,13.982634138319128,22.455625820683178,22.455625820683178,2.594268846466443e-34
8335.279367404473,22.783567515606507,22.44889186273693,22.44889186273693,2.4358872033750883e-34
8337.201464416961,25.175629120373348,22.442135021862462,22.442135021862462,2.2867733297320064e-34
8339.119426657522,23.34320146318518,22.435387468601554,22.435387468601554,2.1470563979429054e-34
8341.03783012278,21.721162693469154,22.428633118458464,22.428633118458464,2.015825198339517e-34
8342.96125502405,22.386205133797432,22.421855822012834,22.421855822012834,1.8922824424451823e-34
8344.880542296873,24.58286128203966,22.415087847216178,22.415087847216178,1.776533975118009e-34
8346.804853319085,22.005200131054185,22.40829688379604,22.40829688379604,1.6675723900950862e-34
8348.725024806643,22.681875182694004,22.4015152647863,22.4015152647863,1.565490347350982e-34
8350.650222358032,22.310389197338054,22.39471061478853,22.39471061478853,1.4693987324352173e-34
8352.571278467685,22.519424308850233,22.387915332012277,22.387915332012277,1.3793786496057673e-34
8354.49277651377,23.653702531166232,22.381113218176637,22.381113218176637,1.2948409375617994e-34
8356.419304095964,22.075506826934802,22.37428800974958,22.37428800974958,1.2152701587018275e-34
8358.341687375287,22.254642317079742,22.367472202840236,22.367472202840236,1.1407327135551836e-34
8360.269102507826,22.648909393258524,22.360633258865853,22.360633258865853,1.0705782028969291e-34
8362.192371428217,23.400667459604566,22.353803739344436,22.353803739344436,1.0048647224142434e-34
8364.120674519989,23.18855721462043,22.346951040240793,22.346951040240793,9.430184477592785e-35
8366.044829489461,22.251773387893085,22.34010778857501,22.34010778857501,8.850902000015255e-35
8367.969427108254,22.829649690667253,22.33325767170961,22.33325767170961,8.306995187038839e-35
8369.899062376307,23.660666408496667,22.326384311429823,22.326384311429823,7.795135939488981e-35
8371.82454665631,22.81519073583667,22.31952043314457,22.31952043314457,7.315739968350599e-35
8373.755070906418,23.455594005423567,22.312633268818793,22.312633268818793,6.86461339121436e-35
8375.681442256116,23.899078906610075,22.305755609596485,22.305755609596485,6.442119711288035e-35
8377.61285589783,23.15142027110966,22.298854621663985,22.298854621663985,6.044560126074679e-35
8379.540114725896,23.288763531868284,22.291963161993472,22.291963161993472,5.67225243337237e-35
8381.467816917324,22.67240995772895,22.28506480302002,22.28506480302002,5.322742804705166e-35
8383.400564884254,22.625050212639763,22.278143051275695,22.278143051275695,4.993885011467252e-35
8385.329155167166,23.554818610965356,22.27123086261024,22.27123086261024,4.6859387761821174e-35
8387.26279355017,23.764490266140825,22.26429523839542,22.26429523839542,4.3962031686717603e-35
8389.192272333712,23.18097696578505,22.257369200541888,22.257369200541888,4.124905157001166e-35
8391.126801543001,23.668051659801396,22.25041968431701,22.25041968431701,3.8696634955718583e-35
8393.057169236503,23.767713328773965,22.243479777785392,22.243479777785392,3.6306764940716994e-35
8394.992589682483,23.499916720006553,22.236516350016952,22.236516350016952,3.405844966127773e-35
8396.923846695467,22.819245339663755,22.22956255532323,22.22956255532323,3.1953421511174814e-35
8398.855547991589,24.190517284956314,22.22260181753207,22.22260181753207,2.997774389752715e-35
8400.792305530902,23.231934079112197,22.21561749415,22.21561749415,2.8119229227974445e-35
8402.724896760894,16.723445464637624,22.208642838993708,22.208642838993708,2.637929163803774e-35
8404.662546563488,26.918431878040394,22.201644555272374,22.201644555272374,2.474261996667896e-35
8406.596028137345,26.551489111013638,22.19465596328203,22.19465596328203,2.321044902353906e-35
8408.534570614283,25.32302035733807,22.187643699709113,22.187643699709113,2.176928604608329e-35
8410.468942942185,24.87402397422187,22.18064115142187,22.18064115142187,2.0420209063278257e-35
8412.403760269897,23.625096169283925,22.173631626018317,22.173631626018317,1.915425502758048e-35
8414.34364199704,24.435691938816717,22.166598364450117,22.166598364450117,1.796358671309744e-35
8416.279350694178,24.25310476824407,22.15957485357828,22.15957485357828,1.6849083269131712e-35
8418.220126123912,26.383204000706687,22.152527563415763,22.152527563415763,1.5800911991950825e-35
8420.15672660113,25.618244377400146,22.145490047627877,22.145490047627877,1.4819840055723926e-35
8422.098396145184,23.991357565628846,22.138428709379873,22.138428709379873,1.38972055906528e-35
8424.035888813323,25.11722848061737,22.13137716923422,22.13137716923422,1.303367793325557e-35
8425.973827199103,27.160475364655667,22.124318617990298,22.124318617990298,1.2223499844799795e-35
8427.91683815371,25.15597919679564,22.117236179476517,22.117236179476517,1.1461637867802293e-35
8429.855669346785,26.520858809244174,22.110163574735118,22.110163574735118,1.0748637323898336e-35
8431.799575445615,26.120927839272667,22.103067039446067,22.103067039446067,1.0078191563667303e-35
8433.739299857303,26.31504451901421,22.095980361780565,22.095980361780565,9.450776139402607e-36
8435.684101512752,26.3902575320742,22.088869710246254,22.088869710246254,8.860837339366993e-36
8437.624719554558,20.498026113649104,22.081768940236067,22.081768940236067,8.308789793384996e-36
8439.565784032993,18.51756171042922,22.074661125182566,22.074661125182566,7.790940051336625e-36
8441.511929262824,27.86116873283007,22.06752927122315,22.06752927122315,7.304059395701395e-36
8443.453887988744,28.89649355306645,22.06040733471695,22.06040733471695,6.848485293799935e-36
8445.400929806761,25.647377456750323,22.053261315875428,22.053261315875428,6.420177708683502e-36
8447.343783192144,26.319417394672943,22.046125238511056,22.046125238511056,6.019430731880557e-36
8449.291722011403,26.891945834135104,22.038965035338645,22.038965035338645,5.6426879197193495e-36
8451.235470468422,26.63121620484077,22.031814797716628,22.031814797716628,5.29020551240573e-36
8453.179666082218,27.0360490092898,22.024657481143194,22.024657481143194,4.959616992459776e-36
8455.128950643182,26.276708452757447,22.017475973497532,22.017475973497532,4.6488538704219453e-36
8457.074041946977,26.52387118489017,22.010304467590164,22.010304467590164,4.358124483597857e-36
8459.02422454241,27.12477960979101,22.003108727029748,22.003108727029748,4.0848439964964195e-36
8460.970211948847,25.174167759568892,21.995923012404084,21.995923012404084,3.8291938407886846e-36
8462.921292992482,27.633434030533266,21.98871301950132,21.98871301950132,3.588899393306919e-36
8464.868176914391,23.17276689733916,21.98151307677908,21.98151307677908,3.364118622414337e-36
8466.815508714391,24.498463212880495,21.974306021234298,21.974306021234298,3.153337106896905e-36
8468.76793767055,27.928321847956283,21.967074621921338,21.967074621921338,2.9552313094083372e-36
8470.716166605385,27.674854195665688,21.95985330923539,21.95985330923539,2.769929528737487e-36
8472.669495044636,26.68007317234924,21.95260760904922,21.95260760904922,2.5957800259234682e-36
8474.618621527621,22.644982546434278,21.945372019858887,21.945372019858887,2.4328944494560042e-36
8476.572849864358,26.90611789604702,21.938111999393115,21.938111999393115,2.2798198050119407e-36
8478.522874308987,22.48492543538063,21.930862114341295,21.930862114341295,2.1366532309358876e-36
8480.473347354178,21.831439400432373,21.92360508263279,21.92360508263279,2.0024267990088856e-36
8482.428925777762,28.434517506731538,21.916323553931186,21.916323553931186,1.8762946877212605e-36
8484.380297404958,24.015360192706936,21.909052197348338,21.909052197348338,1.7583357028484693e-36
8486.336776762593,24.156616852184246,21.901756299889296,21.901756299889296,1.6474956738974825e-36
8488.289047385775,23.84243548598093,21.894470599090063,21.894470599090063,1.5438431276428613e-36
8490.246428092523,23.07938549366426,21.88716031348843,21.88716031348843,1.4464510649662205e-36
8492.199598125855,22.88465692511963,21.879860249136875,21.879860249136875,1.3553790611775376e-36
8494.153217483385,22.658267033379076,21.872553004331486,21.872553004331486,1.2700092433962286e-36
8496.111950454806,21.687360880137874,21.86522110877975,21.86522110877975,1.189801751934973e-36
8498.066469843849,22.912160542345816,21.857899471440952,21.857899471440952,1.1148048625120467e-36
8500.02610520262,22.824369067883058,21.85055313932186,21.85055313932186,1.0443466184879989e-36
8501.98152503782,22.282495585050558,21.843217090128796,21.843217090128796,9.784689657243182e-37
8503.942063199673,22.51549073797321,21.83585630207842,21.83585630207842,9.165812195854479e-37
8505.898383895863,23.10674342308019,21.828505821716348,21.828505821716348,8.587198176139978e-37
8507.855154641056,22.836900460916354,21.821148127140358,21.821148127140358,8.044908338123064e-37
8509.817047248924,22.67100911339952,21.813765627537073,21.813765627537073,7.535501221801704e-37
8511.779392264893,22.151351900956232,21.806375869556707,21.806375869556707,7.058171717733567e-37
8513.732842065949,22.31996873120039,21.79901408948051,21.79901408948051,6.61297282208799e-37
8515.696090055553,22.215949876025576,21.79160983482428,21.79160983482428,6.193767911688588e-37
8517.659790765809,23.47489651960757,21.784198307272465,21.784198307272465,5.800990426939272e-37
8519.62394430111,25.560193388388797,21.776779501979437,21.776779501979437,5.432983685234387e-37
8521.579194423568,14.280570193002974,21.769388793688037,21.769388793688037,5.089783435369336e-37
8523.544251764697,22.37547130420765,21.76195545309208,21.76195545309208,4.766654459361644e-37
8525.50976224371,27.553375216768927,21.75451482024551,21.75451482024551,4.463926839026452e-37
8527.466363158914,24.424099671821864,21.747102373937697,21.747102373937697,4.181626826590668e-37
8529.43277806815,21.543481840075884,21.739647176845395,21.739647176845395,3.915856653340686e-37
8531.399646428323,21.278504850774738,21.732184672999953,21.732184672999953,3.6668853256835e-37
8533.366968343995,16.54775268951667,21.724714857561036,21.724714857561036,3.433656944526734e-37
8535.325372484705,20.983989097605615,21.7172733484237,21.7172733484237,3.216188488594172e-37
8537.293599664135,22.51294232196912,21.709788930154552,21.709788930154552,3.0114744431245298e-37
8539.262280712406,20.426195299138072,21.70229718579855,21.70229718579855,2.8197194607975754e-37
8541.222037824833,19.368905239816314,21.694833837779782,21.694833837779782,2.640935497413314e-37
8543.191624762267,19.673625863756428,21.68732746168263,21.68732746168263,2.472649893797682e-37
8545.161665882097,21.39624525632513,21.679813745012105,21.679813745012105,2.315029308768892e-37
8547.13216128906,19.110455064414825,21.672292682933183,21.672292682933183,2.1674016022923535e-37
8549.09372453578,20.6481383506393,21.664800137619,21.664800137619,2.029773918607764e-37
8551.065126666783,22.285151585899143,21.65726440525703,21.65726440525703,1.9002409753630563e-37
8553.036983398764,21.20534715651488,21.64972131300931,21.64972131300931,1.7789294325980137e-37
8554.999901799682,22.16972201315457,21.642206828060033,21.642206828060033,1.665843890158375e-37
8556.972665882116,21.746776851863814,21.634649036650302,21.634649036650302,1.5594176906018183e-37
8558.945884879593,23.16899694507981,21.627083870884295,21.627083870884295,1.459753899973196e-37
8560.91955889701,22.518738455466547,21.6195113259324,21.6195113259324,1.3664252000637996e-37
8562.884286345701,20.646493199058824,21.611967509370416,21.611967509370416,1.2794338238909233e-37
8564.8588685498,21.328870247457132,21.604380226757243,21.604380226757243,1.1975734545194215e-37
8566.833906088192,24.235082065439432,21.596785550496826,21.596785550496826,1.1209223406140405e-37
8568.799990877082,20.82139029460066,21.589219693657583,21.589219693657583,1.0494815111217046e-37
8570.775937229579,19.94072317103459,21.58161025088892,21.58161025088892,9.822595739746463e-38
8572.752339230941,21.903185043608175,21.573993400018537,21.573993400018537,9.193201520050661e-38
8574.72919698624,22.468648744948187,21.566369136222168,21.566369136222168,8.603919154872443e-38
8576.697093741079,21.874311960965542,21.55877381360179,21.55877381360179,8.054748288844827e-38
8578.674861148056,23.175992201323226,21.551134744840642,21.551134744840642,7.538060668468497e-38
8580.653084623827,19.2556408120673,21.543488248708208,21.543488248708208,7.05433881601659e-38
8582.622340908396,21.73820144321681,21.53587078528004,21.53587078528004,6.603577346557646e-38
8584.601474664281,23.92664304031129,21.52820945536793,21.52820945536793,6.179510432379674e-38
8586.58106480404,22.93246942309608,21.520540683646132,21.520540683646132,5.782530093325659e-38
8588.561111432913,21.656878507529598,21.512864465295745,21.512864465295745,5.410915658735677e-38
8590.532182606317,22.44391095476601,21.505217402067053,21.505217402067053,5.064657765933593e-38
8592.51314035423,21.18419552781603,21.497526311523227,21.497526311523227,4.738938596453456e-38
8594.494554906621,20.757381794825136,21.48982775992161,21.48982775992161,4.4340551444618063e-38
8596.466987802814,23.42977588409454,21.482158455466482,21.482158455466482,4.149996510234961e-38
8598.449314103696,24.365459207516693,21.474445002888626,21.474445002888626,3.8828074515312755e-38
8600.432097524646,21.638564429104438,21.466724074830662,21.466724074830662,3.6327290629043665e-38
8602.415338171071,20.38828508955746,21.458995666479083,21.458995666479083,3.398671529847904e-38
8604.389588883703,21.486573940037346,21.45129662835338,21.45129662835338,3.1806231849982704e-38
8606.373742118896,22.061830103577762,21.443553280654665,21.443553280654665,2.9755449816104026e-38
8608.358352895444,21.53081596598696,21.435802438249222,21.435802438249222,2.783619374204289e-38
8610.333967527462,21.32094707192991,21.428081058590504,21.428081058590504,2.604834764568773e-38
8612.319491523242,22.361848373272867,21.420315248087306,21.420315248087306,2.4366975379274886e-38
8614.305473376467,22.10102684859052,21.41254192847123,21.41254192847123,2.279355685710926e-38
8616.291913192725,15.79164752304756,21.404761094934106,21.404761094934106,2.1321198227881624e-38
8618.269348573504,22.06112631938666,21.39700984788437,21.39700984788437,1.9949789706428128e-38
8620.256702450626,25.06409053283818,21.38921400792154,21.38921400792154,1.8660184943683228e-38
8622.244514607162,22.441842187860317,21.38141063964075,21.38141063964075,1.7453502662311768e-38
8624.223316107471,20.920009735392142,21.373636950863666,21.373636950863666,1.6329640085239976e-38
8626.212042956357,22.455431498531198,21.36581854743877,21.36581854743877,1.52728954903695e-38
8628.20122840126,23.33798583957787,21.357992601305895,21.357992601305895,1.4284175528407053e-38
8630.190872547935,21.211392079965208,21.350159107662275,21.350159107662275,1.3359124821880692e-38
8632.171497734058,22.35624051325331,21.342355417923656,21.342355417923656,1.2497651474287696e-38
8634.162057416072,23.247040784360706,21.334506850851053,21.334506850851053,1.1687708005478006e-38
8636.153076116752,21.160553758237203,21.32665072188695,21.32665072188695,1.0929979012453258e-38
8638.135069626092,20.6689717075065,21.31882449033919,21.31882449033919,1.0224381161768936e-38
8640.127004494614,21.23462816502624,21.310953259259975,21.310953259259975,9.561039686145739e-39
8642.119398698916,20.499819194390767,21.30307445191547,21.30307445191547,8.940508931407151e-39
8644.112252344921,22.15046432598911,21.29518806350832,21.29518806350832,8.360040723139347e-39
8646.096072481869,22.987949582594073,21.287331697578733,21.287331697578733,7.81956297747738e-39
8648.089843140064,21.147652542300932,21.27943016881473,21.27943016881473,7.311504434937635e-39
8650.084073557371,20.509143214247416,21.271521044623544,21.271521044623544,6.836283190154231e-39
8652.069264224783,20.65930476095801,21.263642036915762,21.263642036915762,6.393835162077645e-39
8654.064412287802,22.52292081629648,21.255717743713994,21.255717743713994,5.97795783145227e-39
8656.060020427558,16.82117396843559,21.247785840727463,21.247785840727463,5.5889894504202363e-39
8658.056088750143,17.428211367446526,21.239846323164258,21.239846323164258,5.225198140415691e-39
8660.0431089917,25.093692054532113,21.23193704780494,21.23193704780494,4.886529665751816e-39
8662.04009580571,19.714402761172778,21.223982323032626,21.223982323032626,4.568231749754625e-39
8664.037543120472,19.28562784612069,21.216019969335363,21.216019969335363,4.270559205692516e-39
8666.025936103297,22.526583183711324,21.208087952341838,21.208087952341838,3.9934644733420266e-39
8668.024302544027,19.740893287779926,21.200110362814172,21.200110362814172,3.733056464707724e-39
8670.023129803643,20.028606540885363,21.192125130020255,21.192125130020255,3.4895411476314484e-39
8672.022417988412,24.54623312518933,21.184132249173615,21.184132249173615,3.261828474931693e-39
8674.012643496671,20.549882008698006,21.176169831409812,21.176169831409812,3.049878813432749e-39
8676.012851654486,22.829616070403347,21.16816167657759,21.16816167657759,2.8507129814538448e-39
8678.013521055882,22.0023379259203,21.160145859360664,21.160145859360664,2.6644859521003874e-39
8680.005121519784,22.28583295658098,21.15216060021992,21.15216060021992,2.4911633171857606e-39
8682.006711529795,22.60451047274401,21.144129480428674,21.144129480428674,2.3283070656416356e-39
8684.008763102041,20.42251275956488,21.136090683927744,21.136090683927744,2.176042348829457e-39
8686.01127634296,19.502456134806323,21.12804420593607,21.12804420593607,2.0336839500945965e-39
8688.004712288344,25.547283207048824,21.12002841305763,21.12002841305763,1.9012035293421905e-39
8690.00814698632,16.909863103944648,21.111966594379922,21.111966594379922,1.7767357639589077e-39
8692.01204367191,14.482458757084162,21.10389707989586,21.10389707989586,1.6603747030351103e-39
8694.00685679088,20.208815638124378,21.09585834601136,21.09585834601136,1.5520959319301656e-39
8696.01167557012,23.217230817030558,21.087773462285153,21.087773462285153,1.4503737757737151e-39
8698.016956656144,20.94121291516231,21.079680868443937,21.079680868443937,1.3552841142034091e-39
8700.022700155556,23.691484983744004,21.07158055971217,21.07158055971217,1.2663967522486682e-39
8702.01935171683,20.620556286130668,21.063511159274256,21.063511159274256,1.1836917645198912e-39
8704.026018159704,20.237507171341917,21.055395443232193,21.055395443232193,1.1060026835605198e-39
8706.033147335425,21.162736834040178,21.04727199800034,21.04727199800034,1.0333864591186718e-39
8708.031178291807,20.36602399214971,21.039179557041187,21.039179557041187,9.658260312178984e-40
8710.039231048611,21.09534389436476,21.031040675975607,21.031040675975607,9.023678354729724e-40
8712.047746857945,21.48046401741013,21.02289405142803,21.02289405142803,8.430577750236188e-40
8714.05672582659,21.021238108662743,21.014739678628334,21.014739678628334,7.876261022569975e-40
8716.05659819087,21.46927519358215,21.006616438452244,21.006616438452244,7.360589972034369e-40
8718.066501591777,22.31408294366588,20.998446591794394,20.998446591794394,6.8762792051368524e-40
8720.07686847197,22.686183059175846,20.990268982601634,20.990268982601634,6.423672786793577e-40
8722.078122456462,22.43766430973224,20.982122602503342,20.982122602503342,6.00265298911924e-40
8724.089414407565,20.300323272424237,20.97392949096184,20.97392949096184,5.607267307091156e-40
8726.10117015815,21.394797343626237,20.965728602609666,20.965728602609666,5.237792790792679e-40
8728.113389815167,21.90338228248976,20.957519932682228,20.957519932682228,4.89254014796695e-40
8730.116488177939,21.20939503628918,20.94934262085606,20.94934262085606,4.571414596913103e-40
8732.129633758424,21.558960609578293,20.94111841059927,20.94111841059927,4.269871543284338e-40
8734.143243565833,23.317107655692126,20.932886404500863,20.932886404500863,3.988118368609677e-40
8736.147725777511,21.926927673978724,20.92468585346614,20.92468585346614,3.726074674427801e-40
8738.162262148066,20.252257501793025,20.916438278580724,20.916438278580724,3.480029287331508e-40
8740.177263066258,18.375963244935534,20.90818289359446,20.90818289359446,3.2501490247205134e-40
8742.192728639211,19.234197807747933,20.899919693748274,20.899919693748274,3.0353772955388744e-40
8744.199058204338,21.764626970647072,20.89168807862782,20.89168807862782,2.8356497104091817e-40
8746.215451194368,20.29089839177587,20.883409272057968,20.883409272057968,2.6481348840508192e-40
8748.232309160168,19.256050979286957,20.875122636378386,20.875122636378386,2.472957510987368e-40
8750.240024806491,23.900479750939496,20.866867682877935,20.866867682877935,2.310063171911692e-40
8752.257810830077,25.940835292281864,20.858565412050027,20.858565412050027,2.1571409492095712e-40
8754.276062150662,18.16765769315012,20.85025529786972,20.85025529786972,2.0142910403131983e-40
8756.294778875546,11.284461151361924,20.84193733558345,20.84193733558345,1.8808534146168094e-40
8758.304344855289,22.04954525914644,20.833651185793016,20.833651185793016,1.7567846860526027e-40
8760.323990493267,24.43579952366122,20.825317550465893,20.825317550465893,1.640323022355354e-40
8762.344101857067,22.90865955219772,20.816976052799628,20.816976052799628,1.5315432120766792e-40
8764.355056153898,20.27814286364986,20.808666465573094,20.808666465573094,1.4304087033902492e-40
8766.376097072536,20.223976135795144,20.800309266474432,20.800309266474432,1.3354822889576706e-40
8768.397604038748,20.539598690644567,20.791944190810536,20.791944190810536,1.2468239983330854e-40
8770.41957716,17.10301152008569,20.78357123383343,20.78357123383343,1.1640220410734105e-40
8772.432384775026,23.348065194696943,20.77523031826671,20.77523031826671,1.0870473917140533e-40
8774.455288307807,18.070727110282192,20.766841622008954,20.766841622008954,1.0148051062737326e-40
8776.478658317672,21.22463398124239,20.758445030221424,20.758445030221424,9.47339924344363e-41
8778.502494912194,25.030799747518273,20.75004053815935,20.75004053815935,8.843375542583178e-41
8780.517157553453,20.344744606448018,20.74166821885172,20.74166821885172,8.25774994780515e-41
8782.541925416981,19.705739939839617,20.733247949686067,20.733247949686067,7.708183946960439e-41
8784.567160187504,23.60772794094999,20.72481976603884,20.72481976603884,7.195010686035691e-41
8786.5832146669,23.543118759126003,20.71642385385984,20.71642385385984,6.718037210577226e-41
8788.609381349797,22.947197340037917,20.707979864769822,20.707979864769822,6.27046708811376e-41
8790.636015262258,22.238679415777085,20.699527946998366,20.699527946998366,5.852567232994861e-41
8792.663116512025,18.793804850165333,20.69106809580626,20.69106809580626,5.462380654550494e-41
8794.681029010002,15.053753332860966,20.682640648079378,20.682640648079378,5.099754952734573e-41
8796.709063031003,23.125660424904737,20.674164953666097,20.674164953666097,4.759517990092374e-41
8798.73756471217,19.504742312751947,20.665681311641883,20.665681311641883,4.441868201904551e-41
8800.756871293463,25.947850720683622,20.657230172285885,20.657230172285885,4.14667804338195e-41
8802.786306390275,15.295635442209488,20.648730658734678,20.648730658734678,3.8697341223656583e-41
8812.93082754741,12.849395902833294,20.606154251993164,20.606154251993164,2.738822445354658e-41
8814.95339147657,26.202539909229476,20.597647655167712,20.597647655167712,2.5563611848073513e-41
8816.986100259583,26.202846974306485,20.589092385800164,20.589092385800164,2.385208491004522e-41
8819.01927778075,26.203158522085346,20.58052912156527,20.58052912156527,2.2254585500516267e-41
8821.052924148164,26.203467828513283,20.571957857735057,20.571957857735057,2.0763554589192706e-41
8823.077352095088,26.203777134941223,20.56341946221482,20.56341946221482,1.9378333492959868e-41
8825.111934245475,26.204088682720084,20.554832223162787,20.554832223162787,1.8079096975039468e-41
8827.146985566013,26.20439798914802,20.54623697035884,20.54623697035884,1.6866542851470259e-41
8829.172812097479,26.204709536926888,20.53767468604482,20.53767468604482,1.5740122125275157e-41
8831.20879984748,26.205018843354825,20.529063429780486,20.529063429780486,1.4683701653302915e-41
8833.24525709176,26.205325908431835,20.520444145614864,20.520444145614864,1.3697838361367935e-41
8835.282183938582,26.20563521485977,20.511816828825644,20.511816828825644,1.2777843169664965e-41
8837.309877494661,26.205946762638632,20.503222614478126,20.503222614478126,1.1923286028892286e-41
8839.347741633972,26.206256069066573,20.49457925658466,20.49457925658466,1.1121915552771628e-41
8841.386075700251,26.20656313414358,20.485927851927944,20.485927851927944,1.0374143596731403e-41
8843.41517009693,26.206874681922447,20.47730965038062,20.47730965038062,9.679612373427205e-42
8845.45444210323,26.207181746999456,20.46864217641492,20.46864217641492,9.028357389234347e-42
8847.494184361149,26.20749105342739,20.45996664155356,20.45996664155356,8.420706874825514e-42
8849.534396979128,26.207800359855327,20.451283041079897,20.451283041079897,7.853755707570756e-42
